:1000000000100020E9030000BD2C0000C12C0000FE
:10001000CDE50100C52C0000CD2C0000CDE5010090
:10002000CDE50100CDE50100CDE50100CDE5010004
:10003000D12C000000570200CDE50100CDE5010004
:10004000CDE50100992A0200CDE50100CDE50100D2
:10005000C5D60000A92A0200A52A0200D1DE0000B0
:100060009D2A0200CDE50100CDE50100CDE50100AE
:10007000F57B0000CDE50100CDE50100CDE50100F7
:10008000CDE50100CDE50100B17B0000CDE501002B
:10009000CDE50100CDE50100CDE50100CDE5010094
:1000A000CDE50100CDE50100CDE50100CDE5010084
:1000B00005DF0000A12A020035000100213D0000FB
:1000C00041DF0000CDE5010001FF0000CDE50100AA
:1000D000CDE50100CDE50100CDE50100CDE5010054
:1000E000CDE50100CDE50100CDE50100CDE5010044
:1000F000CDE50100CDE50100CDE5010000000000E7
:1001000070B58EB02C22002103A821F0B4FD642329
:100110004FF00232CDE9052308930B238DF83430DC
:10012000514B1B880121D8078DF8101000F19680E3
:1001300008460FF091FF4D4B4D494E484E4C0A2258
:100140001A704FF42873ADF812300FF09FFB206047
:1001500020B94A484FF417711EF006FE20680521A9
:1001600022F089FA20B145484FF41B711EF0FCFDC6
:10017000206808F0F3F9424B2068196822F024FB4C
:1001800010F03AFE0C256843099010F035FE6843E4
:1001900007900DEB050120680AF082FB20B137487B
:1001A00040F281211EF0E0FD36492068002222F055
:1001B00091FB20B1314840F283211EF0D5FD324E33
:1001C000324D96F9000040F203532B807F284FF008
:1001D0000503AB7001D110F09DF83378EB7010F08F
:1001E0000BFE00EB80008000A88010F005FE0023CD
:1001F000C000E880AB604FF0FF3019A3D3E90023C3
:100200004FF0FF3110F0E4F82149206822F00EFF92
:10021000206802A922F03DFB20B118484FF42F714D
:100220001EF0A2FD042220680DEB020122F0BAFAB2
:10023000042804D0114840F2BF211EF095FD01A909
:10024000012023F036F802F07DFD012011F064F862
:100250001EF081FB11F08AF80FF082FF0EB070BD26
:100260000A0020FF42030000B63D0020E1400020CC
:1002700081000100901100203838002036840200EF
:10028000D0100020EF400020161400202C38002051
:10029000210201000348044B834202D0034B03B107
:1002A0001847704760140020601400200000000010
:1002B0000548064B1B1AD90F01EBA301491002D0C8
:1002C000034B03B1184770476014002060140020EE
:1002D0000000000010B5064C237843B9FFF7DAFFA1
:1002E000044B13B10448AFF300800123237010BD09
:1002F000283E002000000000B886020008B5054B2B
:100300001BB105490548AFF30080BDE80840FFF781
:10031000CFBF00BF0000000098160020B886020082
:10032000A3F5803A704700BF174B002B08BF134B53
:100330009D46FFF7F5FF00218B460F461348144AF0
:10034000121A21F098FC0E4B002B00D098470D4B51
:10035000002B00D098470020002104000D000D481C
:10036000002802D00C48AFF3008008F09FFA20006C
:10037000290021F04AFC08F073FA00BF00000800D1
:1003800000000000000000000010002060140020A9
:100390003841002000000000000000000F4BD3F89F
:1003A0002838A3F17E62A2F58432B2F5605F10B501
:1003B00011D219680A4A91420DD10A4C227812F0E2
:1003C000FD0F01D0002010BDDB6998470028FAD14D
:1003D00001232370F6E74FF48170F4E70000E10F8A
:1003E00007B0CD5E293E002008B500F083F8124B1F
:1003F00012498B4212D3124B124900208B4218D360
:10040000FFF792FF186850F82240586840F82240E1
:10041000013298688242F5D30C33EAE70022F8E70C
:100420001C6844F8220001325C68A242F8D3083309
:10043000E4E70022F8E700BFC0860200CC86020095
:10044000CC860200CC8602000048704700F04902CA
:10045000104AD2F8943003F00703023B032B13D861
:10046000DFE803F00C14020E0B4B1B68D2F80001FE
:10047000C0F304200130B3FBF0F07047074BF4E702
:10048000074B1B685B08F1E7054BEEE74FF40043B1
:10049000ECE700BF00400E40A0100020A410002098
:1004A0009810002008B5FFF7D3FF054BD3F80831AB
:1004B000C3F308230133B0FBF3F0024B186008BD0F
:1004C00000400E409C100020014B1868704700BF90
:1004D000A4100020054B1860054BD3F8943003F0AE
:1004E0000703022B01D1FFF7DDBF7047A4100020E6
:1004F00000400E40044B054A9A60D3F8882042F42D
:100500007002C3F88820704700ED00E00000000092
:10051000014B1868704700BFA0100020024B1968FB
:10052000024B186809F052BBA8100020C810002028
:1005300070B59400224605460E461EF0BFF9431CD6
:100540000AD058B922463146284621F06AFB0028D5
:10055000034808BF002070BD0248FCE70248FAE7E4
:1005600010E000F021E000F024E000F010B50446B7
:1005700001F000FA431C10D088B901F0D9FA20F03C
:10058000030023462044984201D1002010BD53F8B7
:10059000042B0132F7D00348F8E70348F6E7034895
:1005A000F4E700BF0EE000F021E000F024E000F0EE
:1005B00008B51EF048F8014B186008BDA01D0020CA
:1005C000014B18681EF043B8A01D00200C4B984248
:1005D00005D90C4B984210D80122012301E00022DA
:1005E000134609490B640949D1F8003123F080739F
:1005F00043EA0263C1F8003170470222EDE700BF11
:100600000048E8010090D0030000C84300400E40BD
:100610000F4B5B680F4B30B500221C46C9B21D79E9
:100620008D4202D11D6885420DD20132052A03F1A7
:100630000803F4D10321064A536823F0407343EAC8
:100640000163536030BD04EBC2046179F3E700BF7E
:1006500000000E407457020038B5074C41F6713364
:10066000256C2364FFF7F0FEADB20021FFF7D0FF49
:100670000DB10023236438BD00000E40044BDB6B3A
:100680005B0604D4034AD2F8C830002BFBD1704774
:1006900000300E400000C64308B5FFF7EFFF024BE5
:1006A0005868C0F3014008BD00300E40044BD3F839
:1006B0004421D20703D4D3F840211042FBD1704724
:1006C00000400E4038B5064C256C41F6713323646A
:1006D000ADB2FFF79DFF0DB10023236438BD00BF0D
:1006E00000000E4038B5C0F30323013B092B11D89D
:1006F000DFE803F0052710102B221D101511154DF2
:10070000C0F3043405F1424505F5801504EBC5003E
:100710008000016038BD104DC0F30434F2E70F4D86
:10072000C0F304344FF48030FFF7C0FFEAE7C0F3B2
:1007300004340B4D1020F7E7C0F30434094D0120B9
:10074000F2E7094DC0F30434DCE7084DC0F304348C
:10075000D8E700BF00400E4050410E40F0400E4030
:10076000E8400E40E0400E40C0400E40B0400E4019
:10077000C0F30313013B092B2AD8DFE803F0050B74
:100780000F1929291F23374B274BD3F80001C0F33A
:1007900004207047244BD3F81401F8E7224BD3F818
:1007A0000031C3F3006301330120984001387047E2
:1007B0001D4BD3F80C01C0F3082070471A4BD3F837
:1007C0000801F8E7194B984204D0194B984207D01A
:1007D00000207047144BD3F8203103F00F03E3E7F8
:1007E000114BD3F82031C3F30113DDE7114B9842CD
:1007F0000CD003F5B01303F580539842E8D10A4BAF
:10080000D3F82831C3F301230433CDE7064BD3F8E3
:100810002831E8E7084B9842DAD1034BD3F830018E
:1008200000F00300704700BF00400E408006160035
:1008300080162E0090171A00A009140000F00F0077
:100840000138072852D8DFE800F004152251313969
:1008500051412C4BD3F8943003F00703023B052B96
:1008600006D8DFE803F04B29410305450B2070470C
:1008700005207047234BD3F8803003F00703013B7A
:10088000042B17D8DFE803F01830163638001D4B5C
:10089000D3F8843003F00703013B042B0AD8DFE8C8
:1008A00003F00B2303292B0006207047154BD3F8C8
:1008B0008830E2E70120704703207047114B1B6F1F
:1008C00013F0010F0CBF0720092070470D4BD3F820
:1008D0005C3103F03003202B10D0302B10D0102BC4
:1008E0000CBF07200120704702207047002070478E
:1008F0000C2070470A2070470D2070470420704775
:100900000820704700400E4008B50146FFF796FFEB
:100910001A4B994212D01A4B994213D0194B994253
:1009200004D1194BD3F8800000F0070001380428E7
:1009300022D8DFE800F00B0F17130B00124BD3F88F
:100940008400F1E7104BD3F88800EDE7BDE80840DC
:100950001DF03DBEBDE80840FFF7DABDBDE8084028
:100960001DF038BEFFF774FD074BD3F80031C3F319
:1009700000630133D84008BD0020FCE703002000DD
:100980000500240002001E0000400E4000F4781311
:10099000B3F5B01F10B5044674D025D8B3F5402F79
:1009A0005ED010D8B3F5802F49D005D83BB1B3F550
:1009B000003F4FD0002010BDB3F5202FFAD1BDE885
:1009C0001040FFF745BDB3F5801F00F08480B3F5FC
:1009D000A01F4DD0B3F5602FECD14A48FFF72EFF92
:1009E000072878D00928E9E7B3F5381F53D013D882
:1009F000B3F5001F58D00AD8B3F5D01F56D0B3F5C1
:100A0000F01FD7D14048BDE81040FFF77DBFB3F5D8
:100A1000101FCFD13D48F6E7B3F5481F4DD0B3F5D1
:100A2000781F65D0B3F5401FC4D13948FFF76CFF7C
:100A3000384BD3F82831C3F30123043320E0FFF708
:100A400007FD344BD3F80C31C3F308230133B0FB5B
:100A5000F3F0B0E7FFF7FCFC2E4BD3F80831F3E7D7
:100A6000FFF7F6FC2B4BD3F81431C3F30423EDE767
:100A70002648FFF749FF274BD3F8303103F0030333
:100A8000D84098E72048FFF73FFF224BD3F82031AA
:100A900003F00F03F4E71C48FFF736FF1D4BD3F8B4
:100AA0002031C3F30113EBE71948ACE71848FFF70F
:100AB0002BFF184BD3F82831F3E71748FFF7BEFE9A
:100AC000072808D0082809D004287FF473AFBDE8B0
:100AD0001040FFF7F9BC114B18686CE7FFF7B8FC42
:100AE0000C4BD3F80031C3F3042303FB000062E78F
:100AF000FFF7AEFC014620461DF0A0FDB1FBF0F073
:100B000059E700BF06000E0002001E000500240089
:100B10000300200000400E40B8003200CC1000203E
:100B200010B5FFF799FD094B07225A67FFF790FCB4
:100B3000FFF74CFDFFF7B6FC0446FFF7ADFD01469D
:100B40002046BDE81040FFF7BDBD00BF00400E408D
:100B5000014B1880704700BFAC13002010B504286B
:100B600013D8DFE800F047032F132100294AC1F30F
:100B70000801D2F86838002BFBD1274A136A23F406
:100B8000FF7323F001030B43136210BD214A01F0F0
:100B90007F01D2F86038002BFBD11F4A136923F084
:100BA0007F030B431361F0E71A4A01F07F01D2F88B
:100BB0006438002BFBD1184A936923F07F030B4361
:100BC0009361E2E7144AD2F89030536A23F030037D
:100BD00043F010035362146B104BC1F3C310033086
:100BE0000F2803EA040328BF0F200B4343EA0073D6
:100BF0001363CAE74F29074A28BF4F21D2F8743838
:100C0000002BFBD1044A936B23F07F030B439363C8
:100C1000BBE700BF0020C84300400E4000F8FF0FB4
:100C2000104A536A13F0300F18D0202913D03029FE
:100C300014D000290C4B08BF4FF44003D2F8901099
:100C400033EA0101FAD15B0246BFD2F8A000C0F33B
:100C50008020012070474FF40003EFE74FF440037A
:100C6000ECE700BF00400E40FFF3E17F02280AD10D
:100C700029B1064B4FF48060C3F8A800596612B141
:100C80000220FFF7CDBF0120704700BF00400E409B
:100C9000F7B507460C461546072800F28680DFE8C0
:100CA00000F029303C413684840401A800F022FF82
:100CB0009DF80530012B03D89DF80430022B18D97C
:100CC000002C74D14FF400410E240F234748012219
:100CD0000166A240D0F890101142FBD1002D64D0E3
:100CE0000122424902FA03F3D1F890201A42FBD1C3
:100CF0005BE0FEE7002960D14FF40071082409236E
:100D0000E4E700295ED1802106240723DEE70029DD
:100D10005CD1202104240523D8E741B9082102240D
:100D20000323D3E7002955D102210123CEE72F4A1F
:100D3000536A13F0300F51D12D4BDB6B536ADB0735
:100D400041BF536A23F0300343F01003536204267B
:100D500002230321254A1666264A13449B0018687D
:100D60000028FCD00DB311448D002B68002BFCD063
:100D7000022F1AD1CCB11D4C616A11F0010131D0A2
:100D8000012220213846FFF771FFD4F89C70012220
:100D900000210220FFF77CFFC7F30A010220FFF7C2
:100DA000DDFE26662B68002BFCD003B0F0BD4FF4AF
:100DB00080460E230F210024CCE74FF480760823D1
:100DC0000921F8E7402606230721F4E7102604232B
:100DD0000521F0E7012600233146ECE70426022333
:100DE0000321E8E73846FFF71BFFCEE700400E403F
:100DF00000300E408004F21010B50246B8B901224E
:100E00001146FFF745FFFFF727FC0F4B04225A67F7
:100E1000FFF71EFBFFF7DAFBFFF744FB0446FFF783
:100E20003BFC01462046BDE81040FFF74BBC0128C3
:100E300007D10146FFF72CFFFFF70EFC024B032200
:100E4000E5E7FFF709FCE3E700400E4038B5FFF7A0
:100E50003BFB0021044600F087FA1248FFF7B6FB7F
:100E6000012211460220FFF713FFFFF7F5FB0CB13B
:100E7000FFF704FC0C4B02225A67FFF7E9FAFFF771
:100E8000A5FBFFF70FFB0546FFF706FC01462846CA
:100E9000FFF718FC2CB920460121BDE8384000F0CE
:100EA00063BA38BD0148E80100400E40012210B588
:100EB00011460320FFF7ECFEFFF7CEFB084B05229F
:100EC0005A67FFF7C5FAFFF781FBFFF7EBFA044615
:100ED000FFF7E2FB01462046BDE81040FFF7F2BBFA
:100EE00000400E4010B504461120FFF7A7FC00217A
:100EF00001220220FFF7CCFE184A217C536A23F01E
:100F00000103022908BF43F001035362144B217807
:100F1000C3F8A014637AA18843EAC123D362136B98
:100F2000A07A217A03F07F630343E08843EAC02379
:100F300043EAC11303310F2928BF0F2143EA01738C
:100F40001363A37B617B1B0143EA0133E17B0B430A
:100F5000217B43EA0143536310BD00BF00400E40B4
:100F60000000C843034B5868C0F30800003818BF9E
:100F70000120704700ED00E0034BD86B80F040008B
:100F8000C0F38010704700BF00300E4042EA0322D9
:100F9000B2F5007F10B5194C29D00AD8B2F5807F80
:100FA00022D040F201139A4215D062B9D4F81C3213
:100FB0000BE0B2F5407F1DD040F201339A4210D0D1
:100FC000D4F8283201E0D4F82432C3F30722DBB28C
:100FD00003600A6010BDD4F824321A0EC3F307432D
:100FE000F6E7D4F82832F8E7D4F81C32F5E7D4F85D
:100FF0002032EAE7D4F82032EFE700BF0081E00FAB
:1010000008B5FFF7B9FF20B1024AD2F8C830002B6B
:10101000FBD108BD0000C64308B5FFF7ADFF80B1A6
:10102000FFF7EEFF074B19685A68C1F30121C2F3BD
:10103000014291421A688CBF42F0100222F0100265
:101040001A6008BD00300E40064B1B68DB0608D551
:10105000054B1B69C3F30443082B02BF034B044A2F
:101060001A60704700300E4000400E40981000207B
:10107000C0EA210170B5FFF77FFF38B12D4B1A7818
:101080001023C2F1020293402B4A13612B492C4DCD
:10109000D1F8804145F60E03C1F880312B6823F06A
:1010A000AA03DB05DB0D0B66FFF7AAFF224B1B68CB
:1010B000D80604F0010415D5D1F84031DA01FBD48B
:1010C000204B1B680B61204B1B78052B0AD11F4B53
:1010D0001E68FFF795FF184B59683046C1F3014170
:1010E000FFF7F0FA184B1B78023B0A2B0AD8DFE80F
:1010F00003F00615170909090909091A1D0000203E
:10110000FFF77AFE2B68DB075EBF0C4B02221A66E4
:101110001CB10A4B0022C3F8802170BD0120EFE70B
:10112000FFF794FEEEE7FFF7C1FEEBE7FFF7F8FCF1
:10113000E8E700BF2A3E002000300E4000400E408D
:10114000A81D0020A41D00202B3E00209810002088
:1011500010B50B4C0B4BD4F890201A601120FFF700
:101160006DFB094B1870FFF74BFF084B084A5B6893
:10117000C3F301431370074B22691A6010BD00BF0F
:1011800000400E40A81D00202B3E002000300E40E5
:101190002A3E0020A41D0020064942780B6823F453
:1011A000407343EA0223022A0B6004BF024B5B6ACE
:1011B000704700BF00300E4000400E4010B504469E
:1011C00008B1FFF7C5FFFFF727FF144A136943F083
:1011D000040313611DF05CFB1DF05BFB104B114A17
:1011E000C3F8242403F559231B68DB060ED51DF034
:1011F0002AFA24F071FA1DF02AFA1DF04BFB02F0D6
:10120000EFF82CB1BDE81040FFF734BF30BFF4E772
:10121000FFF71AFFBDE81040FFF744B900ED00E00A
:1012200000A000400000FFFF10B5044608B1FFF722
:101230008FFFFFF7F1FE1A4BD3F8802145F60E0120
:10124000D207C3F8801148BF00224FF420711966FD
:1012500048BFC3F88021134A136943F004031361A4
:10126000114B124AC3F824241DF012FB104B1B68CB
:10127000DB060CD51DF0E7F924F02EFA1DF0E7F996
:1012800002F0AEF82CB1BDE81040FFF7F3BE30BF5E
:10129000F6E7FFF7D9FEBDE81040FFF703B900BF3E
:1012A00000400E4000ED00E000A000400000FFFF05
:1012B00000300E400E4A0379916921F03F010B4343
:1012C000017843EA8103417843EA4103817843EAA4
:1012D000C103C178012908BF43F00103936113687A
:1012E000417923F4403343EA01431360704700BF60
:1012F00000300E402DE9F04104460D46FFF73CFE5C
:1013000060B3DFF86080FFF77BFED8F80430C3F3EA
:1013100001439C4222D0124BD3F80031FFF798F8DA
:10132000022C07464FF0100609D12146FFF7CAF9F3
:10133000C8F8106095B1BDE8F041FFF761BEC4F197
:1013400002039E40C8F810600DB1FFF759FE2CB99A
:1013500021463846BDE8F041FFF7B4B9BDE8F08159
:1013600000400E4000300E4038B505460C46FFF7F1
:1013700003FEB8B145B90C4BD3F80051FFF768F83C
:10138000C5F3042505FB0005084B1B7821463BB13E
:10139000074B9D4204D80220BDE83840FFF7AABFA2
:1013A0000020F9E738BD00BF00400E402C3E002071
:1013B000002D3101034B02781A7001210020FFF744
:1013C000D3BF00BF2C3E0020174B4AF6E85210B5A1
:1013D000596B5A639A6FD407FCD41B6C13F0030348
:1013E00006D0124A01249842C2F8B44A05D110BD71
:1013F00018B90E4BC3F8B40AF9E70B4B9A6FD20732
:10140000FCD41A6C22F0030202431A649A6F12F0A1
:101410000102FBD10038054C18BF01200129C4F896
:10142000B40A08BF5A63E2E700300E400000C6432A
:101430002DE9F04F00238BB0CDE90433CDE906331D
:10144000CDE90833A0F5E163B3F5966F0546019148
:10145000934603D900200BB0BDE8F08F624BDFF854
:101460008C81D3F81842B0F5E16F15BF4FEA146ACA
:10147000C4F3072AC4F30744E4B20694CDF824A0C9
:10148000D8F84C60C6F301768CBF012200223346A7
:1014900007A904A815BF4FF4E1674FF496674FF40E
:1014A00096694FF416790392FFF770FDD8F8E03093
:1014B000039AC3F3012308A905A80293FFF766FD69
:1014C000A5EB070CAAEB04020CFB02F2B2FBF9F24B
:1014D00014445445079F0498089A0599BAD8A2EB7A
:1014E000010E0CFB0EFEBEFBF9FE11EB0E012CBF34
:1014F0004FF0010E4FF0000E8A42ABD3BEF1000F49
:10150000A8D13A1A0CFB02F2B2FBF9F280182CBFF8
:101510000122002287429DD3002A9BD1029BBBF16E
:10152000000F0FD0D8F85C20B5F5E16722F4FE4239
:1015300018BF012722F0020242EA470242EA0422CF
:10154000C8F85C20019A0AB9012084E7264A022ED5
:10155000D2F830223ED0032E3FD0012E14BFD2B29B
:10156000C2F30722120312F4702F7FF473AF1F4EE1
:10157000F46E24F470442243F2661B4A022BD2F824
:1015800030222CD0032B2DD0012B14BFD2B2C2F3AA
:101590000722120312F4702F7FF45CAF134CD4F8BF
:1015A000E03023F470431343C4F8E030636E8842A4
:1015B00038BF084623F4FF73E72823F0010328BF50
:1015C000E720B5F5E16F18BF43F0010343EA40039C
:1015D0006366B9E7C2F30742C4E7120EC2E7C2F37B
:1015E0000742D6E7120ED4E70081E00F00300E402C
:1015F0002F4B1A6FD96C11F0010F02F0060242D086
:10160000002A40D013284FD9143813288CBF102338
:1016100008232749013BCA6C180322F47F4240EAA1
:1016200003231343CB64234BCA6C1B88C2F30322EE
:101630002833013202EB820003EB5303B3FBF0F3D8
:10164000C86C013B072B28BF072320F0EE6040EA5F
:10165000036343F48013CB64174BB3F90030002BC2
:1016600010DB2833500800EB420203EB5303B3FBBB
:10167000F2F30A6D072B28BF072322F0700242EA1B
:1016800003130B657047D96C01F00101114304D1BC
:10169000092809D90A380928B8E7DB6C13F00103D7
:1016A000B7D01AB92728B1E70423B2E70023B0E77F
:1016B00000300E40E4390020E0390020064A074B94
:1016C000D3F88039136F23F0070303431367044BE8
:1016D0001888FFF78DBF00BF00300E400000C643E2
:1016E000E23900202DE9F041C288B0F808808588F1
:1016F000B0F90C6047784A2A04464FD9B2F5FA7F10
:101700004ED340F6C3139A428CBF4FF040524FF075
:1017100000522849CB6C23F0405323F00103002EE4
:10172000A8BF43F001031343CB64D1F8E03043F486
:101730004073C1F8E030204B1D80CB6E43F08073C6
:10174000CB661E4BD3F8800900B10420FFF7B6FF2B
:101750001B4BA3F800801B4B28461E80FFF748FF59
:10176000A37B03B3012B22D0012260881146FFF72F
:101770005FFE054678B10F4AD36B43F48063D363B1
:101780003846FFF721FEA37AA3F1200253425341CA
:101790000A4AC2F894372846BDE8F0810022B8E72B
:1017A0004FF08052B5E7034B074A9A65DCE7014BDF
:1017B000064AFAE700300E40E23900200000C64336
:1017C000E4390020E039002077402057372110B756
:1017D00000EB4000F8B50D461F46040116463AB12D
:1017E000154801238B402044C7B100F1C06003605D
:1017F000072D4FF00F0114D8AB00104806FA03F282
:10180000994020441DF04BF83EB90B4A0123AB40F0
:10181000224477B102F1C0621360F8BD00F180602C
:10182000E5E7A5F108039B00054806FA03F2994095
:10183000E7E702F18062EFE70CA0004004A000405F
:1018400008A00040054B5A685B68054B41F67132B1
:101850001A649A6822F001029A60704700300E40C4
:1018600000000E40034B9A6822F001029A600022A9
:101870001A64704700000E40094A0A4BD969C9072B
:1018800005D512B96FF002007047013AF6E7002A59
:10189000F8D001221861DA60D86940F380007047FF
:1018A0008096980000000E4070B509B9002070BD08
:1018B0000E4A0023082550F8234094610C4CD56053
:1018C0000133D669F60705D514B96FF00200EEE7CB
:1018D000013CF6E7002CF8D0D469A40702D4994261
:1018E000E9D1E3E76FF00100E1E700BF00000E403F
:1018F000809698002DE9F8431C4B0D4641F6713156
:101900001E6C19641A49804648684968996841F014
:101910000101B6B2996097084FF00009B94501D3AB
:10192000002005E008EB89042046FFF7A5FF48B139
:101930000E4B9A6822F001029A600EB100221A64DE
:10194000BDE8F883C4F30A01C1F500618908A7EB7B
:101950000903994228BF19462846FFF7A5FF00282A
:10196000E6D1894405EB8105D8E700BF00000E40B1
:1019700000300E40234B41F671311A6C10B51964DA
:1019800021494C684968996841F001019960012139
:101990001861D960D9694C0792B209D5996821F0CC
:1019A000010199600AB100221A644FF0FF3010BDA6
:1019B0000221D9601549D869C00700D569B9D8692D
:1019C00010F002000BD0996821F0010199600AB172
:1019D00000221A646FF00100E9E70139EBE741B931
:1019E000986820F00100986002B119646FF002005D
:1019F000DDE7996821F0010199600AB90020D6E776
:101A00001864FBE700000E4000300E4080969800FE
:101A1000014B01229A60704700500E40134B14494D
:101A2000F0B500225D68134E1046D6F8E8714C6898
:101A30000B687F070BD4B3F5006F06D012D8B3F54F
:101A4000007F02D0B3F5806F01D144F480742B4243
:101A500002D02C4208BF18430132092A01F10801C3
:101A6000E3D1F0BDB3F5803FEEE700BF00500E407C
:101A70009C5702000040E00F8B784A789B0143EAB4
:101A800082030A781343CA7843EA02130A7943EAC5
:101A9000C2234A7943EA02338A79043043EA424353
:101AA0000001014A1350704700200440014B1860A8
:101AB000704700BF00008442437882789B0043EA6D
:101AC000021302781343C27843EA4213027943EACD
:101AD0000223427943EA0233827943EAC233C2796C
:101AE00043EA0243027A43EA4243014A13607047E1
:101AF000002004400D4AD2F8E430D2F8E0109B00F8
:101B000003F03C03C1F381110B438370D2F8E03042
:101B100003F03F034370D2F8E830D2F8EC2003F032
:101B2000F003C2F3031213430370704700FF0FE08A
:101B3000044BD3F8E4301B0E0A3303F01F030120DB
:101B4000984070470081E00F70B5054616461C4668
:101B500019B91448FEF71AFF0146402C1BD003D8D0
:101B6000DCB1202C1BD070BD602CFCD1042303FB06
:101B700006F2530803EB4113B3FBF2F30A4A203B8E
:101B800002EAC3032A6822F060022A602A6814432A
:101B90002C606B61E7E70623E9E71023E7E70823FA
:101BA000E5E700BF40410500F8FF7F0040F6AA636B
:101BB000C36041F205020023036042600D4A836066
:101BC0004361C36482640C4A03669042436783673F
:101BD000C3670DD002F58062904205D002F58062A5
:101BE000904205D08365704703658365C365704780
:101BF0000365F7E7F9FF01000000014038B504462E
:101C000020F0F3FD0FCC044D0FC594E80F0085E8DC
:101C10000F00002038BD00BFAC1D002047F6FF7349
:101C20009A42F0B572D0062972D83A4B5B5C022B0F
:101C30006ED8394D05EBC304DF00A17815F83330B9
:101C4000012938BF0121012B13D1E0780025401A6A
:101C5000A84202D80844C0B2F0BD431BA0EB530316
:101C6000666836F913609642CCBF03F1FF301D461B
:101C7000EEE760680028EFD0B0F90040944204DB42
:101C8000B0F902409442B8BF14468388FF2B04BFCA
:101C9000B0F90620B0F908C03D440FBF0126002668
:101CA000C8224FF0280C131B93FBFCF333446E78CF
:101CB0001BB29E4201DD002B01DA731E1BB2013301
:101CC0009BB24FF47A7C071D5D1E2DB24FEAC50E04
:101CD00000EBC5059E42EA88AD6814FB025222EA79
:101CE000E27202F15C02B2FBFCF205DD37F8335020
:101CF000954203F10103E7D200EB0E03988890426E
:101D000028BF1046884238BF0846A4E7FF20A3E753
:101D10000020A1E7E4570200AC1D00200629F0B521
:101D200061D8324B595C02295DD8314B13F8310030
:101D3000012816D103EBC1039C78D8785B68012C8D
:101D4000214638BF0121904294BFC1EB0001C1EB95
:101D50000201CAB2001B8242C8BF002233F912003E
:101D6000F0BD002A3DD003EBC103596800293AD0E9
:101D70009878904202D3B1F90200F1E7DC78B1F92A
:101D800000009442ECD95C788B88A3F1FF06013CFB
:101D9000734201F10405E4B2734101F10C07DEB2B4
:101DA000B44216D805EBC3034FF47A75B3F9024079
:101DB0005B686A43D21A04EBD47302EB630292FBB2
:101DC000F4F29042CCDBB1F902009042C8DC10B2D0
:101DD000C6E737F833C0944503F10106E2D3334632
:101DE000DDE70448BCE70448BAE700BFE457020057
:101DF000AC1D00200CFEFFFF0080FFFF08B504486B
:101E0000FFF7FCFEBDE80840012020F013BD00BF35
:101E1000EC5702007FB51422002101A81FF02BFF10
:101E2000044B029301A94FF0FF3020F03FFD07B0B3
:101E30005DF804FB006A1800024B03480122C3F856
:101E4000002670470010C84300000F40094B98421D
:101E50000ED003F58063984209D10122064B03EBB3
:101E6000C2035A68054B13449B0000221A60704756
:101E70000022F3E700000F40A45802008005F21092
:101E800010B504462369DB07FCD404F180001CF084
:101E900032FC014B236510BD510545012DE9F0438E
:101EA000064689B0174698460C4600294DD1FFF7E3
:101EB000C3FF0146044630461CF05EFD4FF00109A9
:101EC00096F86C5006F15C01C5F10F06C5F10E03E2
:101ED000F6B22A460DF1010001358DF800301FF0F1
:101EE000DEFE324600210DEB05001FF0C4FEC6F1F8
:101EF000100001233246002168448DF80F301FF096
:101F0000BAFE1CF0A0FB04F1800605466946304687
:101F10001CF0F1FB0E4B23652369DB07FCD404A9FD
:101F200030461CF005FC28461CF091FB424604A9F3
:101F300038461FF0B4FEB9F1000F02D02046FFF77B
:101F400085FF002009B0BDE8F0834FF00009B7E736
:101F5000055101002DE9F04F89B00546DDF84890A4
:101F600016461F460C4639BBFFF766FF014604467E
:101F700028461CF001FD4FF0010B6B6C33446B6481
:101F80001CF061FB8246D6B950461CF060FBBBF1E9
:101F9000000F0ED01CF057FB05F14C01064604F172
:101FA00084001CF0C5FB30461CF051FB2046FFF7B7
:101FB0004DFF09B0BDE8F08F4FF0000BDDE72B7946
:101FC000102EB04628BF4FF01008012B0DD1102263
:101FD000002168461FF04FFE3946424668461FF012
:101FE0005EFE69462046FFF74BFF394604F18C0040
:101FF0001CF081FB124B2365012363652369DB071A
:10200000FCD404A904F180001CF092FB04A9424610
:1020100048461FF044FE297961B9102268461FF036
:102020002AFE4946424668461FF039FE6946204668
:10203000FFF726FFC1444744A6EB0806A3E700BF0D
:102040004805590370B5048804F4E043B3F5005F14
:1020500005461ED1C4F30223042B1AD181F0AA63D2
:1020600083F4807333F47E13204821F47E1618D055
:1020700081F0AA6383F4007333F47E1311D0864297
:1020800030D1B4F5105F0CBF6FF086006FF08500A3
:1020900070BDB4F5105F25D1144B21F47E11994227
:1020A000F1E786424FEA1143C1F305411AD1B4F575
:1020B000105F17D104390C2911D813F001000ED18B
:1020C000073A062A0BD86B88C02B0BD0B3F5807F5C
:1020D000DED0802B0CBF00206FF08600D8E76FF0B9
:1020E0008600D5E76FF08500D2E700BF000140050C
:1020F0002DE9F04FA7B0DDE93475DDF8D880DDF8C3
:10210000EC90089206461C468A4629B96FF0860272
:10211000104627B0BDE8F08F0028F7D0309B002B89
:10212000F4D0329B13B9339B002BEFD1002F7DD11C
:10213000002DEBD1389B002BE8D0B9F1000FE5D092
:102140003A9B002BE2D0399B002BDFD0338803F47D
:10215000E042B2F5005F74D1C3F30222042A70D1C9
:1021600084F0AA6383F4807333F47E1306D084F082
:10217000AA6383F4007333F47E136BD1C4F3054375
:10218000319AC9F80030214630460993FFF75AFFCB
:1021900002460028BCD17288089BB3EBD20F4FEAED
:1021A000D20BB3D3379B9D425FD83A9A099B934297
:1021B0005BD8474508D27B19984505D239462A464F
:1021C00040461FF03EFD4746702200210AA81FF03E
:1021D00052FD5A4651460DF12D00CDF850B01FF07A
:1021E0005EFD234B24F47E149C423BD13388B3F52F
:1021F000105F37D1D9F800300693399B0397CDE9AA
:102200000483339B0293329B0193319B00932A46B4
:10221000309B01210AA81CF0CAFC0246E0B9389B99
:102220001D6070210AA81CF0BAFC71E7002D81D056
:10223000B8F1000F3FF46AAF379B002B7FF47AAF01
:1022400064E742F20402934204D184F0052383F44C
:10225000801390E7002393E7389900230B60C9F8B7
:102260000030DEE76FF08502DBE76FF089024FE7B1
:10227000000140052DE9F04FABB0DDE938A4DDE900
:102280003B658946099298460746002800F0A280DF
:10229000002900F09F80349B002B00F09B80369B30
:1022A0001BB9379B002B40F09580BAF1000F02D18B
:1022B000002C40F08F801DB93D9B002B40F08A80A0
:1022C0003E9B002B00F086803A9B002B00F0828022
:1022D000359A41463846FFF7B5FE0246002866D1DA
:1022E0007A88099BB3EBD20F4FEAD20B72D33D9B96
:1022F0009C4272D8AA4509D20AEB0402954205D243
:102300005146224628461FF09CFCAA467022002116
:102310000EA81FF0B0FC5A4649460DF13D00CDF81D
:1023200060B01FF0BCFC2E4A28F47E1800219045B6
:10233000CDE90A11CDE90C1149D13A88B2F5105F07
:1023400045D1379B0293369B01930AAF359B00938F
:102350002246CDE90457349B0696CDF80CA00EA872
:102360001CF025FC0246C8B93A9B384603EB060C24
:1023700090469C451FD11EB1314638461CF00FFCDB
:10238000B8F1000F20D03E9A002313601CB1214603
:1023900028461CF004FC6FF0940204E01EB13146A4
:1023A00038461CF0FCFB70210EA81CF0F8FB104610
:1023B0002BB0BDE8F08F10F8011B13F801EB81EA98
:1023C0000E0148EA0108D4E73E9B1C60EBE76FF082
:1023D0008502E8E76FF08602E9E76FF08902E6E739
:1023E000000140052DE9F04F8FB09846DDF86CA054
:1023F000049093460023B8F1000F16D0D8F800409F
:102400001029CDE90633CDE908330CBF082310238A
:10241000029300255D450AD3B8F1000F01D0C8F83A
:10242000004000200FB0BDE8F08F4446E8E75CB103
:10243000199B1A9A1B5D525D013453400AF805300E
:1024400004F00F040135E5E7FFF7F6FC4FF44043D5
:102450004460036006461CF0F6F8029A04990746A9
:1024600030461CF09AF906F1840318461899019336
:102470001CF041F93846ABEB05071CF0E8F827F0F3
:102480000F0706F1A0032F440593AAF11009BD42DE
:1024900034D11A9B3B440AAD03F1100C18685968FB
:1024A0002A4603C2083363451546F7D10F2F0ED9CC
:1024B0000AEB070306AD103B0DF1280C2A4603CAB0
:1024C000624518605960154603F10803F6D106F11C
:1024D000800357440AEB0B0903934F4536D11CF098
:1024E000B2F81899054601981CF022F928461CF00C
:1024F000AEF83046FFF7AAFC5D468BE71CF0A3F868
:10250000224B039033653369DA07FCD41A9B059894
:1025100059191CF0F0F80F2D0ED90DF1180C09EB1C
:1025200005020DF1280E634603CB73451060516020
:102530009C4602F10802F6D106A906F180001CF0C3
:10254000F7F803981CF083F81035A0E774B91CF075
:102550007AF80E4B336505463369DB07FCD40398E4
:1025600019991CF0E5F828461CF071F804F13803BD
:102570000DEB0302199B12F8102C1B5D0134534024
:1025800007F8013B04F00F04A7E700BF480503016B
:102590002DE9F74FDDF848A0DDE90E74DDE910689C
:1025A00083461D46894621B96FF0860003B0BDE819
:1025B000F08F002AF8D00FB9002CF5D116B9B8F178
:1025C000000FF1D1BAF1000FEED02E4B9D4215D085
:1025D0000BD82D4B25F4807199420FD003F5806301
:1025E0009D420BD06FF08500E0E7284B9D4205D05F
:1025F00025F40071A3F580739942F2E7BBF800302F
:10260000B3F5105FEED1BBF80230B2EBD30FE9D3D4
:10261000802B02D0B3F5807FE4D124B3B7420AD235
:102620003B199E4207D24445BED839462246304621
:102630001FF007FB3746164BBBF802B09D424FEA2E
:10264000DB0BCFD14445AFD814F00F05ACD17319D3
:10265000009301227B19594648461CF0E1FA30B933
:102660001035AC42F3D8CAF8004000209EE742463D
:10267000002130461FF0FFFA0023CAF800306FF047
:10268000920093E70010C004004040040012C00410
:10269000004440042DE9F04F91B0DDE91A4ADDE92C
:1026A0001C56DDF8789007469B46884629B96FF09E
:1026B0008608404611B0BDE8F08F002AF7D014B963
:1026C000BAF1000FF3D10DB9002EF0D1B9F1000F1E
:1026D000EDD0574B9B4515D00BD8564B2BF4807142
:1026E00099420FD003F580639B450BD06FF08508AE
:1026F000DFE7514B9B4505D02BF40071A3F58073A8
:102700009942F2E73B88B3F5105FEFD17B88B2EBDB
:10271000D30FEBD3802B02D0B3F5807FE6D1BAF193
:10272000000F04D1C9F800A04FF00008C1E7AC4287
:102730000BD204EB0A039D4207D2B245B7D821461B
:10274000524628461FF07DFA2C46394B7F889B4520
:102750004FEAD70758D003F540739B4521D0374B3C
:102760009B45C3D1B245A2D81AF00F0B9FD140466A
:102770003B4608AA39461CF08DFA8046002898D1BD
:1027800005EB0B030093002204EB0B03394608A86A
:102790001CF046FA804670BB0BF1100BDA45EFD8FF
:1027A000C0E7AAF10D0AB2453FD801238DF81030D9
:1027B0000DF11102234604F10C0153F8040B42F809
:1027C000040B8B42F9D11B7813704FF48073ADF872
:1027D0001E300D3404ABCDE900334046CDE902454F
:1027E000002352463946FFF7FDFDC9F800A0804698
:1027F00000283FF45EAF3246002128461FF03BFA26
:102800000023C9F8003054E7AAF1100AB2453FF698
:102810004EAF04AA04F1100C20686168134603C38C
:10282000083464451A46F7D1D4E76FF0890840E7C9
:102830000010C004004040040012C00400444004E2
:102840007FB5094B6A4603F11006154618685968AA
:10285000144603C40833B3422246F7D12846FEF794
:1028600041FF002004B070BDB458020070B5184B91
:1028700086B001AA03F11006154618685968144677
:1028800003C40833B3422246F7D11B882380114B7F
:10289000D3F8B420120316D5A3F500434FF6FF7208
:1028A0001B88934208BF4FF4B4730B48ADF80A304D
:1028B000FDF710FE2846FEF715FB3220FEF748F91B
:1028C000002006B070BDD3F8B830C3F30803ECE7BE
:1028D000C45802000081E00F00F0490210B50C4816
:1028E0000C4C6FF00403A02113F0800F03F10102E0
:1028F00007D123442F2A83F800131346F4D1002074
:1029000010BD03F00F03043B034419761346EBE7B5
:1029100000ED00E000E100E007B500F087FF6A4647
:1029200001F070F818B1044852211CF01DFADDE9DD
:10293000000103B05DF804FBD658020008B500F0B2
:10294000A9FE18B102487A211CF00EFA002008BD39
:10295000D658020008B500F04DF80D4A536A43F40A
:10296000E0235362EFF308830A4A043B4FF0CD3172
:10297000934209D2084B01221A61FFF7DFFFBDE83D
:1029800008400648FFF73AB943F80419F0E700BFDA
:1029900000ED00E00000002000300E40EC57020087
:1029A00007B504220DEB020100201FF0FBFE0428F6
:1029B00004D0054840F267111CF0D6F9019800F0E8
:1029C000C1F903B05DF804FBD658020010B50A0A3D
:1029D00041400748C9B2082301F00104490804B185
:1029E0004140013B13F0FF03F6D181EA020010BD24
:1029F0002083B8ED10B5FFF711F80446FFF708F88B
:102A0000E30721D401221046114600FA01F32340C6
:102A100002F101021AD0214B33F811302049062B64
:102A200019D040F20722934212D14FF000524FF2D8
:102A30000F00548884420BD11088984208D14CF280
:102A40003C335380088010BD0021E4E7112ADBD11C
:102A5000134A138012E04FF000534FF20F025888D0
:102A6000904218D11B88B3F5406F28BF4FF4C06364
:102A70000B804FF000534CF23C325A80084B1A88BE
:102A800040F201739A4201BF064A074BD2E90001A6
:102A9000C3E90001D7E74FF4C063E9E73A59020000
:102AA000E639002090100020CC1D002010B504460F
:102AB0001BF0D0FD4FF000534FF20F021C805A80E4
:102AC000BFF35F8FBFF34F8F0549064BCA6802F40F
:102AD000E0621343CB60BFF34F8F00BFFDE700BF41
:102AE00000ED00E00400FA056B4A6C4B2DE9F04163
:102AF00055685D65516A996569496A4CD1F800026B
:102B0000D865D1F804121966916A5966D16A996636
:102B1000116BD966516B1967D26B586B5A67D3E941
:102B20000E1210F0040F18BF11465F4A1A650020FC
:102B30009142D8645DD301F12000A04259D8886940
:102B40001864C5F30805CE695E64062D55D1574D4E
:102B5000A84252D3564DA8424FD205884DF6426046
:102B600085424AD11868C3F890005868C3F89400A9
:102B700040F20170A242154605D22E68B6F1CD3F53
:102B800002F10402F6D00022C3E91E22C3E920228A
:102B9000C3E92222641BDFF814C1424DDFF810E1C3
:102BA0009C648D422CD8D3E91EC7D3E92065D3E9B4
:102BB00022414FF0000E013AD2B2FF2A3BD1BEF1C2
:102BC000000F05D0C3E91EC7C3E92065C3E9224150
:102BD000B3F85430C3F30803DA1E0F2A52D8DFE8E3
:102BE00002F03458414451515151514E51515151BB
:102BF00051380021C3E910112B494FF42060B9E787
:102C000055F8044D6445CCD37445CAD2E607C8D5FF
:102C1000284F002657F8048FA045C2D00136062E53
:102C2000F8D132B1013AD2B202F11E0643F8264081
:102C3000B7E70522F8E7E0464FF0010EBC463746FD
:102C40002E4625460C464146B5E740F60120BDE834
:102C5000F081194BDB6913F0020F40F2025318BFE9
:102C60001846F4E740F60320F1E740F2017240F61F
:102C70000423B0F5206F14BF10461846E7E740F66E
:102C80000520E4E7013B40F607223D2B98BF1046A4
:102C9000DDE740F60220DAE700ED00E0001000205A
:102CA00000E100E00010002000000020FC00000017
:102CB000C0560200741000200020054000F00CB83F
:102CC00000F00AB800F008B800F006B800F004B848
:102CD00000F002B800F000B872B61EF0080F09D07C
:102CE0001EF0040F0DD0DFF850E0AEE8FF1F6FF0CC
:102CF00002000CE0DFF840E0AEE8FF1F6FF00E00CE
:102D000005E0DFF834E0AEE8FF1F6FF0060069462B
:102D1000EFF309828EE8070086460848084C85458F
:102D200001D3A54501D384F30888FFF7DDFE84F3C2
:102D30000888FFF7BBFE00000010002040000020C4
:102D40000010002083B24BF6EF62002B08BF134641
:102D5000044A000C13804FF6CE2308BF1846024BDE
:102D600018807047B0130020AE1300200B4BB3F94E
:102D700000201888002AB8BF80F0620042001A8044
:102D8000074AB2F9001013880029BCBF83F48053AE
:102D900083F00B035900118058407047B013002096
:102DA000AE13002008B501F019F860B10A4B0344D6
:102DB000072B0DD8072B0BD8DFE803F00C060A0809
:102DC0000A0A0A04C12008BDC320FCE7C420FAE7B0
:102DD000C520F8E7C220F6E7FF1FFF0F054B1A7862
:102DE0002AB95B78002B0CBF03200220704701201A
:102DF000704700BF363E00200329F8B598BF134B3B
:102E0000054698BF5C5C0E4688BF0024032805D8A1
:102E1000DFE800F002080B0E44F002040C4B1F68C0
:102E20004FB9F8BD44F00804F8E744F02004F5E792
:102E300044F08004F2E77B681A68144203D05B68B0
:102E40003146284698473F68EAE700BF62590200CA
:102E5000001E002038B5104D2B78ABB10F4C2378F5
:102E60001BB11BF0B8FF0023237000201BF0B4FF40
:102E70000B4C50B100F0D2FA002320782B700121C6
:102E8000FFF7BAFF0123237038BD064B01221A70E9
:102E9000054B22781A70F7E7323E0020303E0020C2
:102EA000383E0020333E0020343E002010B51BF099
:102EB000CAFB064B1B7804461BB1BDE810401BF053
:102EC000C6BBFFF7C7FF2046F7E700BF2F3E002035
:102ED000094A137830B101331370084B1B78012B6A
:102EE00003D87047013B13707047054B1B780BB933
:102EF000FFF7B0BF704700BF363E0020383E0020CD
:102F0000333E002070B5144E1BF09DFB3378054610
:102F1000ABB900F0BFFB044620B128461BF097FB7D
:102F2000204670BDAFF300800C481BF047FB00F05B
:102F300015FF0B4B1C6000F093FC0A4B186000F06F
:102F4000EFF91BF04BFF084B186001232846337044
:102F500000241BF07CFBE3E7393E0020001E00202C
:102F6000D41D0020FC1D0020D81D00202DE9F843B1
:102F7000284A0138135C39B1274F397801330129C8
:102F8000135404D8BDE8F883013B1354FAE7FFF764
:102F900025FF0128044635D8DFF888801BF053FB55
:102FA00098F80030054613B31C4E33781BB9012244
:102FB00032701B4A1370DFF8709099F8003023B11B
:102FC0001BF009FF002389F8003028461BF03FFB67
:102FD00001201BF001FF1BF036FB337805461BB1C7
:102FE00000F01CFA00233370002388F800302846D4
:102FF0001BF02DFB38788442C4D02146FFF7FCFE3D
:103000003C70BFE70329F5D10228F3D100F052FA52
:10301000F0E700BF363E0020383E00202F3E002063
:10302000333E0020323E0020303E002038B51BF0F9
:103030000AFB094B1B78012B054604D81BF007FB44
:103040000024204638BD054B1C6800F025FA0444D6
:1030500028461BF0FCFAF4E7383E0020D41D00207F
:1030600038B5416004461BF0EEFA21460546044897
:103070001BF0A7FA2846BDE838401BF0E8BA00BFAD
:10308000001E0020054B1B68584300F57420044BBC
:1030900000F23F20B0FBF3F0704700BFFC1D0020A2
:1030A00040420F002DE9FF47EFF3108772B6AFF3F0
:1030B00000801EF00CFD002871D0714EDFF8E48115
:1030C000337823B10020FFF703FF00233370FFF7AD
:1030D00085FE0446002869D0841EE4B2012C6CD918
:1030E000FFF77CFE0128674CDFF8BC91054600F233
:1030F0008E802078A84205D099F80030002B00F08F
:10310000B2802570207800F0B1F999F8003013B141
:103110005D4B1B782370AFF3008007B962B6EFF305
:10312000108772B6594B1A7852B100221A70564B5A
:1031300020781B78984203D101212170FFF75CFEB3
:10314000534800F0E1FA1EF0D1FC05460028B7D143
:10315000DFF8588198F80030A3B189F80000DFF853
:10316000409199F800301BB11BF035FE89F80050F2
:1031700000201BF031FE002879D000F04FF9002329
:1031800088F80030337823B10020FFF7A1FE002338
:10319000337020780021FFF72FFE00232370AFF358
:1031A000008007B962B604B0BDE8F0873378002B21
:1031B00096D0FFF78DFE347092E703A9002000F04F
:1031C000F1FA044600288BD1D8F80030039A9A42CD
:1031D00005D80120FFF77CFE0123337080E72D4BDB
:1031E0001D6800F059F9039B05449D42F1D200F09F
:1031F00077F982000399264842F0020292B2CDE9A3
:1032000000422346244A491B1BF0ECFD68E7DFF827
:103210009CA09AF80030CBB91BF0DAFD20788542EB
:1032200003D099F80030D3B125709AF80030002B04
:103230007FF468AF194B1B7823B91BF0CBFD184BFB
:1032400001221A7001238AF800305BE7207885425A
:103250003FF458AF99F80030002B7FF452AF294665
:10326000FFF7CAFDE0E72946FFF7C6FD49E7012061
:1032700000F0FCF807B962B6EFF3108772B677E793
:10328000313E0020383E0020343E00202D3E0020FC
:10329000DC1D0020D41D0020AD2E0000353E002096
:1032A000303E0020D81D0020333E0020323E00205A
:1032B00010B51BF0C8F9054B00221C781A701BF0E2
:1032C000C6F900F06BFC2043C0B210BD2E3E0020BA
:1032D00073B5114E3378834204460ED000230F4D50
:1032E000ADF8043058B101A8FDF756FF1E20FFF7D6
:1032F000C9FE2B681B1A2B60347002B070BD02230C
:1033000001A88DF80530FDF747FF1E20FFF7BAFE34
:103310002B680344EFE700BFE6130020081E0020DF
:1033200073B5284C002501A8636A636A8DF80450C0
:10333000FEF740F82846FFF7CBFFD4F8903003F0B3
:103340000403AB42204B14BF01222A461A70D4F862
:1033500090301E4CC3F30033237005D04FF4167029
:10336000FFF790FE1A4B186023781A4DEBB111202D
:10337000FDF70CFB1349D1F80031C3F3042303FB21
:10338000000292B14C6C144EC4F30B440023013480
:103390001946501E04EB8404E4FB060105F0E8F82E
:1033A000FFF770FE2B6803442B606420FFF76AFE72
:1033B0002B6803442B60034BD3F89020074B1A6013
:1033C00002B070BD00400E403C3E00203A3E00205E
:1033D000101E0020081E002040420F00041E002086
:1033E00008B50B4B1B7893B1022000F089FC70B13B
:1033F00000F008FA58B1002201210220FDF748FC34
:103400001BF033FD034B1860034B01221A7008BDFB
:103410003C3E00200C1E00203B3E002038B50E4CE8
:103420000E4D23782BB92B781BB11BF01EFD0C4BD6
:1034300018601BF032FA2B786BB10A4AD2F8903040
:103440001B07FBD51BF011FD054B1B68C01A064B73
:1034500018600023237038BD3B3E00203C3E002016
:103460000C1E002000400E40101E002002280AD032
:1034700003280BD001280CD1064A136923F004035A
:10348000136130BF70470020FDF798BE0020FDF7A4
:10349000CBBE704700ED00E0044B1B680BB103EBA3
:1034A000D303034A10681844704700BF101E002061
:1034B000081E0020084B45F60E02D3F88011C3F811
:1034C0008021064A126802F4A0721A66CA0744BF35
:1034D0000022C3F88021704700400E40041E0020E7
:1034E000014B1878704700BF3C3E002038B500F013
:1034F000A5FB094C094B1A6823680025C31A2AB199
:1035000023B15169994203D3C91A5161206038BD72
:1035100055615B1A9268F2E7181E00201C1E0020FD
:10352000C38870B504460D463BB9FFF77FFD854261
:10353000064602D21BF040FC35460E4965610B6819
:103540008BB90C60A3600DE0AD1A9A6865611846EE
:103550006AB113465A69AA42F6D930B18460521B47
:10356000A3605A6170BD0020F4E70C60F7E79C602F
:10357000A260F7E71C1E002038B5134D2B685B696D
:1035800093B1124A146802201C4400F08BFB2046C1
:1035900000F05AFB0E492A6800230B70D088800780
:1035A00009D501230B7038BD022000F07BFB0220FF
:1035B00000F09EFBEEE79268002AF4D050690344C5
:1035C000012BEBD9EFE700BF1C1E0020181E0020C6
:1035D0003E3E002070B516469DF814200271049AF4
:1035E0000260C0E903360022BDF81830826004464C
:1035F0000D46C380EEB900F021FB2844A0619DB1C7
:103600002E461BF020F80546FFF770FF3146204696
:10361000FFF786FF104B1B68A34201D1FFF7ACFFF9
:1036200028461BF014F802E0E36865617BB90020CE
:1036300070BD00F003FB3044A061002DE0D1E368D1
:103640006561002BDDD0216820469847D9E72168C5
:1036500020469847EBE700BF1C1E00200C490B6872
:1036600000227BB183420AD183687AB19360836878
:103670001BB15A6941690A445A61002070471A46D1
:103680009B68EEE70028EFD0022070470B60EEE762
:103690001C1E002070B5154E1AF0E0FF3478054668
:1036A000FCB9134B1C60134B1C60134B1C8000F0C7
:1036B00081FA012000F0F6FA00F04AFB0F4B0246B7
:1036C000186020B928461AF0CFFF232070BD23468A
:1036D0000B4840F2E73104F04BFF0A4B186001231E
:1036E000337028461AF0C0FF0020EFE73F3E00206D
:1036F0001C1E0020181E0020E8390020201E00207B
:1037000018FCFFFF141E002070B5044640B31AF0E9
:103710009AFF144E0546FFF7E9FE3068A04209D033
:103720002046FFF79BFF0446B0B128461AF08FFFF2
:10373000204670BDFFF792FF04460028F5D133689C
:103740003BB9022000F0BCFA28461AF080FF0024A2
:10375000EEE7FFF711FFF7E73368002BF4D1F0E74E
:103760002224E5E71C1E002038B50C460546A8B10A
:10377000A1B100230B701AF071FF094B1B680121E6
:1037800033B91AF071FF002038BD9D4204D1217079
:103790002278002AF9D0F4E79B68F1E72220F3E7CA
:1037A0001C1E0020F8B506460F461AF057FF134BB3
:1037B0001B680446002523B920461AF055FF1B203C
:1037C00011E05A691544DA88B2420DD10C4E00F06E
:1037D00035FA3368C01AA8420AD3002320463B605A
:1037E0001AF042FF0020F8BDFF2EEFD09B68E2E701
:1037F00000F024FA33682B441B1AEFE71C1E00204C
:10380000181E002008B5074B187848B11BF02DFB97
:10381000054B1B689B69C01A02288CBF0020012041
:1038200008BD00BF3E3E00201C1E002070B51AF0EF
:1038300015FF064600F002FA084B1D8804460120D9
:10384000ADB200F05DFA18B100F0F8F901350446A8
:1038500030461AF009FF2046294670BDE83900209D
:10386000014B1868704700BF201E002038B5074B79
:103870001D680446002140F2E7304FF47A720023BD
:10388000E5FB040104F074FE38BD00BF201E0020DB
:10389000F8B50C4B1B68834205460E460FD30A4B06
:1038A00000241F6840F2E73021464FF47A7200236B
:1038B000E5FB070104F05CFE30602046F8BD2120E6
:1038C000FCE700BF141E0020201E00202DE9F0415F
:1038D00086B0984600230D4617468DF813300646ED
:1038E00080B30DF11301FFF73FFF9DF813305BBB71
:1038F00005A92846FFF7CCFF0446F8B9134B186812
:103900004FF47A720023A5FB000104F031FEC2F5EA
:103910007A7189B2B1F57A7FBDF83430F48308BF8B
:103920000021B183059A02939DF830301146CDE90C
:10393000008330463B46FFF74DFE0446204606B066
:10394000BDE8F0812224F9E70224F7E7201E0020D9
:10395000F0B50C4687B016461F46054630B305A99C
:103960002046FFF795FFF8B9114BE8831B685C43CD
:103970004FF47A73B4FBF3F203FB1244191B89B2C0
:10398000994208BF0021A9832846FFF7BDFEBDF874
:103990003430059A02939DF830301146CDE900731A
:1039A00028463346FFF716FE07B0F0BD2220FBE79E
:1039B000201E0020014B1868704700BF141E002015
:1039C0000F4B1A6810B59AB1531E4FF47A71134217
:1039D000A0FB01010ED1B2FA82F2C2F11F04531C06
:1039E000E040D24301FA03F3184321FA02F2024302
:1039F000104610BD002304F0BBFD0246F8E700BFEF
:103A0000201E002038B5154B8342154B8B411446C0
:103A100021D3144B1A68F2B14FF47A75A0FB050359
:103A200005FB0131531E134211D1B2FA82F2C2F1E9
:103A30001F05531C01FA03F3D243E84021FA02F2B6
:103A400018431043E940C4E90001002038BD0023B9
:103A500004F08EFDF7E72120F8E700BFEFA7C64B83
:103A600037894100201E0020C2072DE9F843044693
:103A70000BD5474A138801339BB21380FFF736FDFD
:103A8000444B1B680BB1FFF777FDA3077DD51AF0F8
:103A9000E5FD0546FFF72AFD4FF000083D4F46467D
:103AA0003C680CB163698BB13B4B0022012E1A704C
:103AB00003D118F0020F18BF1E70002C61D0FFF761
:103AC0005BFD2846BDE8F8431AF0CEBD23465A698F
:103AD0003AB91A792179914288BF1C469B68002B1C
:103AE000F5D128461AF0C0FD2569DDB100F0A6F831
:103AF000A269A0EB02084FEAE873A84573F100033E
:103B000011DB23691344A361E368B4F8068001362E
:103B100013B12168204698471AF0A0FD0546FFF72B
:103B2000E5FCBDE7A8461AF099FD81462046FFF75F
:103B300095FD48461AF098FD2369002BE4D0A38B2D
:103B4000B5EB080533B1E28B13449BB2B3F57A7F32
:103B50000FD2E3831AF082FD294680462046FFF704
:103B6000DFFCA36922691344A36140461AF07CFD7F
:103B7000CAE7A3F57A73E383A369013B013DA3611F
:103B8000E8E7022000F09CF89BE7BDE8F88300BF5F
:103B9000E83900201C1E00203D3E002010B51AF020
:103BA0005DFD034B1C781AF05FFD204610BD00BF81
:103BB0003D3E002010B51D4B86B01868596803AA19
:103BC00003C2197AD3F8090011700190B3F80D20DF
:103BD0001748DB7BADF8082001218DF80A3000245E
:103BE000FCF780FD03A88DF80C408DF81040FDF720
:103BF00063FF01A901208DF80440FDF73DFF0D4A48
:103C0000536A23F4FF6323F00703536240F2FF7308
:103C1000136201209460FDF749FF074B4FF000420B
:103C2000C3F880211A6006B010BD00BF66590200BB
:103C3000A00914000020044000E100E0014B986856
:103C4000704700BF0020044010B504461AF0FBFC8A
:103C5000124A9368516D9269520704D4CA1A032A12
:103C600001D899420DD1E21A022A98BFDC1C0B4BF5
:103C7000B4F1FF3F38BF013C5C655A6A42F0040270
:103C80005A621AF0E4FC064A137833B103490B6D0B
:103C900043F002030B650023137010BD00200440A5
:103CA000E71300208207054A00F00103516A48BF6C
:103CB00043F004030B435362704700BF00200440ED
:103CC000820700F0010309D5074A01211170074955
:103CD0000A6D22F0030243F004030A6503494A6AAD
:103CE00022EA03034B627047E713002000200440E0
:103CF000830742BF014B0422DA6170470020044071
:103D0000064B01289B6904D0022805D1C3F380002B
:103D1000704703F001007047002070470020044006
:103D200010B51AF09BFC094A93690446590703F041
:103D3000010003F0070348BF40F002001362FFF7E1
:103D400093FE2046BDE810401AF08EBC00200440CF
:103D50000148FCF71BBE00BFA00914000A4BD3F8B2
:103D6000883003F00703013B012B10B50BD81AF084
:103D70006AFC012104460220FFF7F8F82046BDE85E
:103D800010401AF064BC10BD00400E401F282DE901
:103D9000F341054604D82C46204602B0BDE8F08128
:103DA0000B4E0C4FDFF8308000240023CDF800804C
:103DB00038681A4619461EF0B4FA8442EBD2202C19
:103DC000E9D056F8043BAB42E6D00134EDE700BF42
:103DD0004C5C0200C8100020FFFF0F002DE9F04FDF
:103DE000644E654D3168286889B005F0EFFE0446E1
:103DF000002827D033689A69D3E9000112689047F8
:103E000033689B6904A89B68984733689B690220C4
:103E1000DB6898470024326805985368B3FBF0F3D9
:103E2000E7B2BB42916904F101044DD8CB68002090
:103E3000984733689B695B6898473168286805F044
:103E4000C5FE0446DFF84C914C4FDFF84C81DFF89B
:103E50004CA10026F4B94A4B28689B5D002B00F06A
:103E60008380D7F800B002AB03AA594606F0F0F8F9
:103E7000504507D070B9039B012B0BD028685946D9
:103E800006F02AF9D9F8003028681A68594606F071
:103E90000FF804460136202E09F1040907F1040742
:103EA00008F10108D6D1374AB4FA84F35B091370DC
:103EB0002B681B7C23B134484FF48B711AF054FFEC
:103EC000204609B0BDE8F08F12680B6907FB00209F
:103ED0009847A0E73B6803AA194402AB019106F09A
:103EE000B7F85045019903462ED028682BB30BF143
:103EF000010B009B28685FFA8BF19942EAD3234BB0
:103F00009B5D002BC6D0DDF800B028685FFA8BF30C
:103F10007E2BBFD8396802AB594403AA009106F042
:103F200097F85045B6D00099286806F0D5F80BF1FF
:103F3000010B04460028E8D0ACE7039B7BB998F856
:103F40000020029B9A42D2D098F80030D9F8002085
:103F5000286805F015FF0028C9D00446CFE7019175
:103F600006F0BAF80199EFE7094B9B5D0093A34671
:103F7000BFE700BFA8100020C81000204C5C020062
:103F80002A5C0200403E0020CC5C02000A5C020079
:103F9000CA5B020078590200EA5B02000BE000F005
:103FA000F8B50D4616461F46FFF7F0FE1F280446DB
:103FB0001CD8174B1B780BB3164B1868164B53F8CD
:103FC0002410164B1B5D3BB1324605F0BDFF044685
:103FD000A0B11AF06EFF12E07F2D08BF00253B460E
:103FE000324651FA85F105F015FFF0E7FF2808D9B0
:103FF00081B23B46EAB230461AF0D2FE0024204697
:10400000F8BD07484FF4A6711AF0AEFEF6E700BF00
:10401000403E0020C81000204C5C02002A5C0200D8
:10402000CC5C0200F8B50D4616461F46FFF7AEFE03
:104030001F2804461CD8164B1B7803B3154B186871
:10404000154B53F82410154B1B5D3BB1326805F03E
:104050002FFF044698B11AF02CFF11E07F2D08BF06
:1040600000253B46324651FA85F105F089FEF0E71E
:10407000FF2807D93A46314680B21AF09AFE00244A
:104080002046F8BD06484FF4C3711AF06DFEF6E7FE
:10409000403E0020C81000204C5C02002A5C020058
:1040A000CC5C020010B5FFF771FE0A4B1B7813B908
:1040B0000024204610BD084B53F82010074B002267
:1040C000186805F07FFF04460028F1D01AF0F1FED1
:1040D000EFE700BF403E00204C5C0200C81000200B
:1040E00073B516461D46002B73D04BF234639842CD
:1040F00010D1082D28BF082537492A4630461DF023
:10410000CEFD36492A4630461DF08BFD30B30020E7
:1041100002B070BDC9B27F2980B208BF00219842A9
:1041200018D17F2241F20201684608231AF038FEB6
:104130002A49082268461DF074FD30B908237F2201
:1041400041F2F01168461AF02BFE6B4603CB30604B
:104150007160DCE741F2F01398421ED1204B701ED3
:10416000D3F8F010D3F8F4202C1F2B46013B9C42CF
:1041700000F8011F4FEA11210CD1002CC7D00423F5
:10418000D9B20729F2544FEA1222C0D001339D421E
:10419000F6D1BCE7002BE9D1B9E700F47043B3F5E1
:1041A000805F0AD1C0F30B0404F17E642A4605FB4C
:1041B000014130461DF073FDA9E700F46043B3F5FB
:1041C000005FA4D1C0F30B0404F17E6404F58044C5
:1041D000ECE721209CE700BF0200E00F9E5D02009B
:1041E0000081E00F2DE9F8431646C20704460F464A
:1041F00004D52A4840F2D3111AF0B6FDF30704D5CE
:1042000026484FF4EA711AF0AFFD04F47043B3F599
:10421000805F24D1C4F30B04214A04F17E64731E31
:104220002344934215D82546DFF8709005EB060825
:10423000A84529D156B17208394620461AF051FED8
:1042400020B116484FF402711AF08EFD0020BDE82F
:10425000F883124840F2D9111AF086FDE3E704F41E
:104260006043B3F5005F06D1C4F30B0404F17E6430
:1042700004F58044D7E709484FF4F0711AF074FD53
:104280006FF00F050024CFE715F8013BFF2BCFD0CF
:104290004FF4F57148461AF067FDC9E7325D020038
:1042A000FF07E00F836970B513F00106044603F0C1
:1042B000020509D1EDB9C3695BB30EF0B5FEE36940
:1042C0002046BDE8704018471DB11B489B211AF0DD
:1042D0004BFDA069C0F381001BF0B2FFE3691BB97D
:1042E0001548A3211AF040FD20460EF09DFE4DB961
:1042F00016E0C3F307201BF0B5FFE369B3B1204616
:104300000EF092FEE369607E9847BDE870401BF0B6
:104310009DBF0948A3211AF027FD20460EF084FE18
:10432000E36920469847002EEFD170BD0248A321D3
:104330001AF01AFDE3E700BFAE5D020008B50FF00A
:104340000DF828B1BDE8084002483F211AF00CBD25
:1043500008BD00BFAE5D020010B5064C0460064CFF
:10436000C2610023C0E9014303610123C16083618D
:1043700010BD00BF241E0020A5420000826938B590
:1043800002F00203D20704460D4620D553B9FF2997
:1043900021D1A36913F00C0F17D01148FC211AF09A
:1043A000E3FC12E00E48ED211AF0DEFCFF2DF0D008
:1043B00028461BF086FBFF28054603D10848F52157
:1043C0001AF0D2FC2DB204EB4514204638BDFF296B
:1043D000FBD0002BECD10248F2211AF0C5FCE7E734
:1043E000AE5D020001481FF0BFBA00BF241E0020CE
:1043F00001481FF0C5BA00BF241E002008B50648BA
:104400001FF087FA1AF0D8FD1DF09DFB1DF0ADFBE3
:10441000BDE808401DF0ACBB241E0020022808B5F2
:1044200003D11AF083FC014B186008BD541E002014
:1044300008B506F0D1FB074B012018701AF0CAFD31
:1044400002201AF0C7FDBDE8084003490348FEF703
:1044500007BE00BF423E0020D4100020581E00209E
:1044600038B50E4B1C786CB9204638BD1BF03CFAB1
:1044700004280FD01BF038FA05461BF0E7FE052D87
:104480000AD0F1E700201BF0DBFE28B91BF02CFA64
:104490000228EBD11BF0DAFE0024E5E7E813002048
:1044A00008B5074B1B780BB1002008BDFFF7D8FFFC
:1044B0000028F9D100F0D6FE023818BF0120F4E739
:1044C000413E002070B50EF0B1FF0446FFF7E8FF53
:1044D00014F0070F204D0CD158B10EF0A7FF10BB00
:1044E0004FF0FF34FFF77EFF844228BF0446042CC0
:1044F0001DD82B7823B901201AF06CFD01232B70F5
:104500001AF076FD044628B32B781BB91348F9211D
:104510001AF02AFC0EF0F2FE0446FFF763FF844215
:1045200028BF044616E00EF0E9FE0446DAE720460E
:104530001AF060FD0028DCD02B785BB11AF083F80C
:10454000002106460120FEF711FD30461AF07FF8E3
:1045500000232B70204670BD423E0020215E0200E9
:104560001FB5FFF7AFFF0446FFF724FAA04228BFAC
:10457000204688B103A9FFF78BF9034638B9CDE986
:104580000000064A039906481AF02CFC18B10548A9
:1045900092211AF0E9FB012004B010BDD3EF010015
:1045A000341E0020215E02002DE9F34102AB03E935
:1045B0000600044690460EF01DFE054620460EF00D
:1045C00029FE384F9DF80060374BFDB1202C98F83C
:1045D000002033F8141037F8140008D9814253D35F
:1045E0004FF6FF7291421DD102B0BDE8F081012A61
:1045F00032D802EB42122D4822444FF6FF7530F8B4
:104600001210A94202D0013120F8121033F8141010
:1046100037F81400814237D34FF6FF7291424FF0C2
:10462000010502D0013123F8141004F0FD02092A1B
:104630002CD19A8AB98A32448A42B4BF9A8299822A
:1046400033F814308342CFD3002DCDD1204602B0B1
:10465000BDE8F0411AF041BF022AD7D1134A32F81F
:1046600014104FF6FF70814204F121001CBF01318C
:1046700022F8141032F810104FF6FF75A9421CBF33
:10468000013122F81010C1E70025CBE71D2CD7D14E
:104690005A8F91198142BDBF02F1FF32B6185E8771
:1046A0005887CDE76E3A0020C03A0020EA39002052
:1046B0000248522200211DF0DEBA00BFC03A00209D
:1046C00002485222FF211DF0D6BA00BF6E3A0020E8
:1046D000034B1B681878012808BF0220704700BFF1
:1046E000EC1F002001480DF0F7BF00BF123B002077
:1046F00070B5094E094D0A4C337821782A7803F0B9
:10470000A3FE002333702B702370BDE87040054872
:10471000FF211AF04ABC00BF5F3E0020543E00203B
:10472000553E0020601E002008B51048FF211AF0F9
:104730003CFC0F4B1B7813F020000CD000F068FB02
:104740001FF08CFC0120FFF7D3FFBDE808404FF4B9
:1047500080601BF031BDDB0603D5BDE8084000F0EA
:104760005FBB0121B4201AF04BFFECE7601E002074
:104770005F3E0020024A03480021FFF7EDBD00BF65
:1047800029470000601E002008B5054B1B7823B1A7
:104790009420FFF7ADFF002008BD7020FCE700BFAC
:1047A0005F3E002010B5184C2378DA0625D51E2868
:1047B0000ED065280CD0032820D143F020032370AD
:1047C000BDE81040114841F28832FF211AF0DCBBED
:1047D00023F020032370FEF7C9FA4FF4FA63B0FB0D
:1047E000F3F202FB1300C21892B20848FF211AF03C
:1047F000CBFB237823F01003237010BD1FF02EFC99
:10480000AE20FFF775FFF4E75F3E0020601E00203A
:1048100030B53B4C2378DD1F012B8FB0EDB255D066
:10482000042B53D0032B41F6041252D0991F4B4254
:104830004B415B0013433348ADF80C301AF055FE82
:1048400048B9314B2F4A03F1100153F8040B42F8D9
:10485000040B8B42F9D12378032B3CD0062B3AD0A2
:104860002A4B0DF10E0203F1100153F8040B42F82C
:10487000040B8B42F9D103A816F028FBB728044695
:104880000BD1012D1FD8BDF80C3003A823F4005321
:10489000ADF80C3016F01AFB0446A4B9302016F01F
:1048A000EFF9044678B91AF03BFE012D0BD8184AEF
:1048B0001068516801AB03C32246164901A81CF0D9
:1048C0004BFAA0B1182420460FB030BD43F60412B5
:1048D000ACE70223AEE70B4A0DF10E0302F1100123
:1048E00052F8040B43F8040B8A42F9D1C3E7054997
:1048F000224601A81CF030FA0028E3D1E3E700BF0C
:104900005F3E0020443E0020935E0200A45E020051
:10491000B55E0200BE5E02001FB50446252011F000
:10492000ADF81C2200210D481DF0A5F90C4B18789C
:10493000FFF7CEFE022814BF0123042303208DF8C5
:1049400000301FF057F804238DF808306846054BF7
:104950000194039300F0ECF904B010BD801E002018
:104960005F3E0020114B000008B50E490A78531C29
:10497000DBB2072B0B7001D0092B04D19420FFF779
:10498000B7FE942008BD02F0FB02032A07D1064BB4
:1049900018680028F2D0FFF7BFFF3D20F2E70020A3
:1049A000F0E700BF5F3E0020DC10002070B5154C22
:1049B000154E23683268134321D0144B1B68F3B1A2
:1049C000134D2B78DBB91AF08FFF90B94FF480604C
:1049D0001BF0B5FB246844B101232B7000F018FADA
:1049E0002046BDE87040FFF797BF042334682B7062
:1049F000F4E7BDE870400121B4201AF001BE702038
:104A000070BD00BFE0100020DC100020EC1F002073
:104A10005F3E002070B5214D287838B120492148EB
:104A200008221DF0FEF8003818BF01201E4C261D7C
:104A300007E01B491B4808221DF0F3F8003818BF97
:104A40000120227A2368D340DB0700D558B13046D5
:104A500010F0E0FFE8B92B78002BEAD1227A236826
:104A6000D340DA07F3D5114B1878FFF731FE012355
:104A700003220F4910F02AFB0E4A137801331370FA
:104A800058B1BDE87040FFF733BEBDE8704000F09C
:104A900013B8FFF769FF0028F7D070BD5E3E002015
:104AA000563E0020921E0020801E00205F3E002007
:104AB000841E0020543E002008B5FFF7A9FE88B9E7
:104AC0000F4B1B78032B12D89BB10E4B0E481B6863
:104AD00040F8043B10F07CFF68B1BDE808400120BD
:104AE000FFF706BEFFF740FF0028E6D008BD072B02
:104AF000EBD0064BEAE7BDE80840FFF78BBF00BFED
:104B00005F3E0020E0100020801E0020DC1000200E
:104B100010B5134C237813B3838913F4407F1ED050
:104B20000368E3B910F0A4FF0E4B187018B1BDE88C
:104B30001040FFF7C1BF2378062B06D8032B06D9F8
:104B4000BDE81040AB20FFF7D3BD082BF8D00423FD
:104B50002370054BBDE810401868FFF7DDBE10BD9F
:104B60005F3E0020553E0020DC10002030B5394D5E
:104B70002B7887B004462BBB01A81BF05FFE0223F5
:104B800001A88DF804301CF02FF8B0B9324901A803
:104B90001CF091F888B1902C0FD1FEF7E7F847F29E
:104BA0003153B0FBF3F202FB130000F51C50103040
:104BB00080B200F035F907B030BD912CFBD100F088
:104BC0005BF9F8E7902824D1032B11D0062B0FD0E6
:104BD000224B1B78DA070BD401A816F073F818B92A
:104BE000BDF804309B0703D42B7843F010032B70DF
:104BF000FEF7BCF84FF4FA63B0FBF3F202FB1300CC
:104C0000C218174892B2FF2107B0BDE830401AF031
:104C1000BBB90EF069FB0028CDD12B78013B072BE7
:104C200011D8104810F0F6FE40B1FFF79DFE0028A5
:104C3000C1D107B0BDE83040FFF73EBF07B0BDE8C7
:104C40003040FFF7E7BEAE2007B0BDE83040FFF7C9
:104C50004FBD00BF5F3E0020BE5E0200433E00200D
:104C6000601E0020841E00201FB50F4C2478C4B1A4
:104C700042EA03229DF818308DF8051042EA4322DB
:104C80000A4BADF80C201A78094B8DF8061003EB8F
:104C90000213079900908DF80400DB6802916846C2
:104CA000984704B010BD00BF603E0020623E002067
:104CB0009C1E002073B51A4D1A48FF211AF075F991
:104CC0002B7853B3184C194E2378180106EB0313B5
:104CD000305C1A7A59680EF0ADFE4D281DD0E0B157
:104CE000227801230021CDE900311201C0B2B25C6B
:104CF000FFF7BAFF23780B4801330A22DBB2B3FB7C
:104D0000F2F102FB113323702B78FF21013B2B7052
:104D100002B0BDE870401AF040B902B070BD00BFEB
:104D2000603E00203C1F0020623E00209C1E0020B0
:104D3000F8B5104F3E780A2E1AD00FC8DFF840C0E1
:104D40000D4D9CF8004005EB0415013485E80F007B
:104D5000E4B20A230948B4FBF3F2013603FB124420
:104D6000FF218CF800403E701AF017F90020F8BDC2
:104D70000120FCE7603E00209C1E00203C1F00201C
:104D8000613E0020024A03480021FFF7E5BA00BF58
:104D9000B54C00003C1F002037B5134D00232A7886
:104DA000CDE900330C461201104901238A5C01460B
:104DB0002046FFF759FFA4B90D490A788AB12B782C
:104DC00001330A20DBB2013AB3FBF0F400FB1433E9
:104DD00008480A70FF212B7003B0BDE830401AF07C
:104DE000DCB803B030BD00BF623E00209C1E002036
:104DF000603E00203C1F002008B5032015F07EF91E
:104E000010B9024B01221A7008BD00BF633E00209A
:104E1000024B002218781A70704700BF633E0020D2
:104E20000246FF2101481AF0AFB800BF5C1F002006
:104E30000D4B1B7810B583B90C48FF211AF0B5F85B
:104E4000FFF7DAFF044640B1094B1B78DB0604D5B7
:104E50001FF004F920461AF04AFB064BBDE810404B
:104E60001868FFF7DDBF00BF633E00205C1F002015
:104E70005F3E0020E41000200148FF211AF095B8A1
:104E80005C1F0020054B1A7808462AB1032984BF0D
:104E900000221A70FFF786BC704700BF633E0020F7
:104EA000024A03480021FFF757BA00BF314E000005
:104EB0005C1F0020014B1870704700BF643E00204B
:104EC000024B186800B14068704700BF7C1F00208B
:104ED0000B4B1B6870B5044600257BB11E88002172
:104EE00007E05A6802EB0110013145B9021B554237
:104EF00055418AB29642F4D89B68EEE7184670BDD9
:104F00007C1F00202DE9F04F93B01E469DF87430B1
:104F10000593022E4FF00003DDF87090DDF880A0BD
:104F2000ADF81E3007468846144640F2B48099F822
:104F300000305A072AD5042E40F2AD8099F804B00B
:104F4000594B002533F83520002A00F0AA8001359E
:104F50000A2DF7D1BAF1000F40F0A180FF25002300
:104F600020798DF81D3008AA0DF11D011BF007F9FD
:104F700078B1BDF82C309DF81D0023801BF060F93E
:104F80008DF81C00A0B113B0BDE8F08F99F802B005
:104F9000D6E720791AF095FD00287ED120791BF004
:104FA00061F98DF81C000028EDD1404B5B8823800F
:104FB00062884FF6FF73002F08BF4346CDE90023F8
:104FC00000212388059A584601F042FB18B1E38876
:104FD00043F02003E380059BCDF83C9007A90DA882
:104FE000CDE90DA4ADF84080ADF842608DF8447075
:104FF0008DF845301BF0D1F810B19DF81C00C2E7C8
:10500000484601F079FAA01D01F064FA22464146B3
:1050100038461BF099FAB04208D274238DF81C3040
:10502000BAF1000F32D11BF011F9E6E79DF87C30A0
:105030000393BDF8783002930DF11E03CDE9009380
:105040002246F3B2414638461AF061FB8DF81C0047
:10505000BAF1000F0FD070B9BDF81E203AB1092D7A
:1050600005D8134B03EBC50143F835A08A80112006
:105070001BF065F8D7E7BA2808D1E388DB06D2D55C
:10508000002301208DF81C30FFF714FF9DF81C3021
:10509000002BC8D1EBE7012075E7A32073E7B4200C
:1050A00071E7EDB25BE700BF841F0020D01F002036
:1050B000801F002010B500201BF0C2F80B4B1B68AE
:1050C00063B15878052807D860B904460EF08CFA09
:1050D00020460EF0BFF801E0FF2803D0BDE81040E5
:1050E0001BF0B4B805240220F0E700BFEC1F00203D
:1050F00013B5124C00201BF0A3F823689BB101A844
:105100001AF02EFC78B923681A789DF804309A4278
:1051100009D0D91E032906D9D11E012903D9012A94
:1051200007D1022B05D1032301A8ADF8043010F0FC
:1051300083F802B0BDE810401BF088B8EC1F0020D7
:105140000023044A194601330A2B918042F8081BB8
:10515000F9D17047801F002030B50D4685B0044658
:105160000FF096FD8DB10A4B1A889B788DF80E30A2
:105170000323ADF80C200093002203AB36214FF639
:10518000FC708DF80D401BF0D4FA05B030BD00BFA7
:10519000CE5E02002DE9F04F85B080468946BDF80D
:1051A00038A00F9EBDF840102C481F46154600231E
:1051B00030F833208A4246D1294A52F833B00023CE
:1051C00030F833408C424FEAC30242D124490020D8
:1051D0000A4441F83300908047B92B8833B9B5F9B8
:1051E0000230002B02DB08201AF0A9FF01201AF080
:1051F000E3FF9EB13478E30710D514F0040004D027
:105200005246012130461AF0FFFFCDE901700096A9
:1052100053462A46494640461AF096FCBBF1000F19
:1052200006D0CDE9006753462A4649464046D8474E
:10523000CDE9006753462A464946404603F080F8C8
:1052400005B0BDE8F08F01330A2BB1D14FF0000B50
:10525000B5E701330A2BB3D1BEE700BF841F00209E
:10526000801F0020014B1878704700BF653E00206A
:10527000F8B506460C461AF080FF0546B0B9304630
:105280001AF01FFC98B90B4B1F7B87B95A882280F4
:105290009A8862809B7923710121304600F018FAC8
:1052A00039466071304600F013FAA0710125284696
:1052B000F8BD00BFD01F002070B504460E4615464D
:1052C0001AF0FFFB10B14FF6FF7070BD084B1A7B50
:1052D000002AF8D146B901222946204600F01AFAE0
:1052E0000028F0D00088F0E7012EECD1F4E700BFF1
:1052F000D01F002013B5FF230DF1070104468DF8E0
:1053000007301AF038FF18B19DF8070002B010BD41
:10531000074B03EB04131B7B0BB1FF20F6E7204682
:1053200000F07EF80028F8D0204600F0CBF9EDE739
:10533000D01F002008B500F0A1FCFFF701FF00F02E
:1053400051F80221084601F04BFAFFF7B3FE094B72
:1053500041F249021A80084A52231380074A4FF447
:10536000004013801DF035FFBDE8084000201EF00E
:1053700072BB00BFE0130020DC130020DA13002012
:10538000014908221CF05DBCEF400020064A0123C1
:10539000D15C814202D1054AD05C704702335D2B5B
:1053A000F6D10020704700BFD05E0200D15E02003F
:1053B00070B50A4B1D780A4B04460022D0B28542D4
:1053C00001D8FF2070BD1E78A64204D10029F9D073
:1053D0005E7BF607F6D401321033EFE7663E00201D
:1053E000D01F0020084B01221A70084B4FF4827125
:1053F0001A709A71064A59809A600A214FF4807295
:1054000099809A81704700BF663E0020D01F00201F
:105410003C5F0200014B1878704700BF663E0020D9
:10542000034B03EB0013587B00F00100704700BFF3
:10543000D01F0020044A054B821A92105A43044898
:1054400092B201211AF0B5BA945F0200ABAAAAAADF
:105450002E5F0200044A054B821A92105A430448F8
:1054600092B201211AF0A5BA445F0200CDCCCCCC97
:10547000345F02002DE9F04F8DB0DFF81C820293FB
:105480009DF858300793804B06911B7808EB031367
:10549000054616460A934FF000090A9B984501D12C
:1054A000862068E02B780393039A98F80030D8F8A8
:1054B00008A0934240F0E08098F80D30DC0709D551
:1054C0009AF8043009934FF0000B099A5FFA8BF3B6
:1054D000934202D308F11008DFE7DAF800701423D2
:1054E00003FB0B77294638461AF08BFA002800F0A8
:1054F000BE803B890893002308999AB2914202D852
:105500000BF1010BE1E70C225A430B937B680492E9
:105510009C1821462A46384605931AF08AFA2279C1
:105520000B9B002800F09A80069B03B11C6090063C
:1055300024D4564B09EB03080BE01A79910642BFBD
:10554000DA7890441FFA88F80C339C42F5D8504B17
:105550009844079B63B3214638461AF049FADDE9BF
:105560000413B5F802905B5A0246494603981AF0B4
:10557000EBFD38B97E200DB0BDE8F08F454B4FF004
:105580000008E2E72379DA0639D44346B0461E46DE
:10559000029AA378002A43D1E278A3F141010129BC
:1055A00040D8013AD2B2414630461AF0F9FF00E045
:1055B0000EB90020DFE7214638461AF019FADDE976
:1055C0000413B5F802905B5A0246494603981AF054
:1055D000B9FD0028CED02379DB06D9D5214638463F
:1055E0001AF006FA95F80080E2786D880346CDE956
:1055F00000622946224640461AF0B9FDBBE7214623
:1056000038461AF0F5F995F800806D88169603462D
:105610002246294640460DB0BDE8F04F1AF0A9BD1C
:10562000029ABAE7433B012B06D8023A92B24146AE
:1056300030461AF0CDFFBCE7079BE2781BB9029B0E
:105640000BB193421ED341463046B8F1000F02D150
:105650001CF011FBADE71CF0F4FAAAE712F0300FD2
:1056600002BFE2784A441FFA82F9013344E77B899A
:105670004B441FFA83F943E7BAF806304B441FFA4C
:1056800083F927E7892076E7663E0020B33E0020B5
:10569000673E0020945F0200D01F002070B50C46CA
:1056A00015461E461AF00DFA40B9054833462A46FB
:1056B00021468068BDE870401AF0D0B9002070BD66
:1056C000D01F0020014B0001185C7047D01F002044
:1056D00070B50C461AF0F5F9C0B90D4B9A682AB1AD
:1056E000157903461426D9B2A94200D370BD1168BA
:1056F00006FB0311097B34B911F0800F1CBF013088
:10570000C0B20133EFE711F0400FF7E70020EDE7FB
:10571000D01F0020F8B50D4616461AF0D2F9034600
:1057200040B90E4A9268177904464FF0140CE1B262
:10573000B94201D30020F8BD10680CFB0400017BC6
:1057400046B911F0800F03D09D42F4D00133DBB293
:105750000134ECE711F0400FF5E700BFD01F002047
:105760002DE9F04F414BDFF8088193F800A08BB092
:1057700006460024544506D2FF2E28D030461AF0A3
:10578000A0F9044640B30BB0BDE8F08F1B681422AB
:1057900002FB05352B89B3F5967F01D919F00BFB78
:1057A00000274FF00C0B2A89BBB29A421CD809F192
:1057B0000109029B43445FFA89F59B681A79AA4262
:1057C000E4D8FF2EDFD10134E4B25445DBD208EB3C
:1057D00004131B7B002B45D12301029308EB041318
:1057E0004FF000090393E4E7BAB268680BFB02FECE
:1057F00000EB0E010B79DA062CD4039A059392F88C
:1058000000C08DF81CC013F0400FB5F800C030F890
:105810000E20ADF81EC0284614BF4FF0800C4FF08C
:10582000400C04918DF820C0ADF822201AF0E0F869
:10583000059B0499ADF824005B07C8780CD50228B5
:105840008A6800D91268012300930023194607A82B
:10585000FFF710FE0137A6E702288CBF8A6801F126
:105860000802F0E70134E4B284E700BF663E00209E
:10587000D01F002070B5084D084E00242B78E0B2F0
:10588000834200D870BD06EB0010437BDB0701D5D7
:105890001AF0DEF90134F1E7663E0020D01F002047
:1058A0002DE9F84F92464D7D9B46002833D0002DC0
:1058B00036D0012D18BF04251E4C0026B1464FF6E8
:1058C000FF772346228852451ED1E2782A421BD018
:1058D00094F80280D84517D3B9F1000F01D0B04534
:1058E00012D8D20610D5E21A1348C2F38F02022151
:1058F0001AF05FF80F4BB9F1000F13D0B04516D373
:10590000B8423CBF464607460C4A04349442D9D1BB
:105910003846BDE8F88F002D14BF04250825CBE7D5
:105920000225C9E7464607464FF00109ECE746461F
:105930000746E9E7FC5F0200F45F02001060020026
:105940002DE9F04F85B0CDE90123BDF838909DF8E1
:1059500040A09DF844B04D7D0F4648B36DB3012D76
:1059600018BF04251F4C00262388019A934217D1A3
:10597000E2782A4214D094F80280D04510D3D2069F
:10598000FB7B1CD563B1174A3B8A17480393A21AC5
:10599000C2F38F0202211AF00CF8039B834210D04D
:1059A000124B0434A342DFD1012005B0BDE8F08FD3
:1059B000002D14BF04250825D4E70225D2E7002BCB
:1059C000EED1B3450CD0B1450AD9029B0F9A03F82A
:1059D00006800F9B1B88013601331380B6B2DFE7C8
:1059E0000020E2E7FC5F0200F45F020010600200AA
:1059F0002DE9F04FB1F57C4F85B0CDE9023228BFDB
:105A00002B4B01904FF0000428BFB3F800A0009486
:105A10000E4638BF4FF0010AA1464FF6FF785445B5
:105A200003D3404605B0BDE8F08FB6F57C4F0CD3EC
:105A3000204B029A019803EB840331465B88FFF701
:105A40002DFE0546F0B1002718E0029A0198314674
:105A50001AF055F8F5E70C23BCB25C43D5F804B056
:105A6000039B3BF8040098420BEB040105D3009B19
:105A70005BB9284619F0BCFFA0B901372A89BCB22E
:105A8000A242E8D80134A4B2C9E74845F5D828466F
:105A900019F0AEFF0028F0D03BF80410494501D3BF
:105AA0008045EAD901233BF8049000938046E4E75F
:105AB000325F0200345F02002DE9F0438FB01646DA
:105AC000BDF85C70042F32D90DF113040394212525
:105AD000BDF8584000940DF114080295CDF80480EB
:105AE0001AF060FA044648B130461AF06FFB2046BF
:105AF00000F0B0F820460FB0BDE8F0839DF8139099
:105B00002A464146484619F02FFF0546304685B1E2
:105B1000043FAF420DD3114F1AF058FB3B88AA1C2B
:105B2000C3F152039A4208DB892000F093F88924DC
:105B3000E0E71AF04BFB8924D9E7204600F08AF809
:105B4000484600F087F83E8805482A4630444146DA
:105B50002E441CF0A4F83E80CCE700BF163B00208A
:105B6000B43E002010B5044C206004480180044974
:105B70000A60044A136010BDE81F0020143B002097
:105B8000E41F0020E01F002008B410B587B009AB67
:105B90000C4653F8041B0092CDE9011302460B4951
:105BA0000B4805930988006800231AF01BFA094B7B
:105BB0001B681880084B1B684FF48A525C80DA809F
:105BC00007B0BDE8104001B0704700BF143B002093
:105BD000E81F0020E41F0020E01F002007B5074B4E
:105BE0001B681B880192064A12680092054A1268D7
:105BF00019F0E3FC03B05DF804FB00BFE41F0020D4
:105C0000E81F0020E01F0020024B1B68187159712B
:105C1000704700BFE01F0020094B10B500241C7026
:105C200019F060FE074B52221880214606481CF0EE
:105C300022F8064B1C80064B1C605C609C6010BD0B
:105C4000083F0020183B0020B43E0020163B0020F7
:105C50001A3B002007490B88512B9FBF064AD0549E
:105C6000581C80B29DBF088000F1FF3080180020D2
:105C7000704700BF163B0020B43E0020024B034A91
:105C80001A600020704700BFEC1F0020385F020040
:105C90002DE9F04F427D036890F8149090F813B00E
:105CA000866884895F88002A8BB014BF80224022D6
:105CB000054658790492C84600F0D4FB78B9BBF188
:105CC000050F05D86FF02D0343FA0BF3DB0706D55C
:105CD000032F04D0012128461AF033FC76E0EB7B39
:105CE00073BB687D9B4AB0FA80F040091380C00006
:105CF000FFF7B0FFEB7B93B3288A1AF067FA82466E
:105D0000A87CFFF7A7FFBBF1160F00F27C81DFE84C
:105D10001BF0280080019E006100BA019E00740102
:105D2000C3017C01CC01D501DE012301FC017A0114
:105D30007A017A0112026202120279022301FC0145
:105D40002B8A002B00F05F81687D824BB0FA80F0D7
:105D500040090022C0001A8040F00400C8E79A46BB
:105D6000CEE70120FFF776FFDFF8E8A108F102098E
:105D7000A14529D84146224630461AF045FA2B68FB
:105D800080465879BAF80030C3F152039BB20193B0
:105D90002B8A00934246049B39461BF030FF10B11A
:105DA0001FFA89F8E2E72B685879BAF80030C3F196
:105DB00052039BB201932B8A00934246049B3946BF
:105DC000FFF77AFE8928EBD11AF0B8FB01200BB05F
:105DD000BDE8F08F0420FFF73DFFE31E4FF0000900
:105DE0000693069B984526D22246414630461AF035
:105DF0000BFA08F10201224689B2824630461AF0B7
:105E000009FA069B0890A3EB080208F1030131444C
:105E100092B2079119F0A8FDDDE90713059000285B
:105E200053D18020FFF716FF09F1010950465FFAB0
:105E300089F91AF0CBF9B9F1000FC5D1EB7B95F8D0
:105E40001480002B434B0CBF022204221A80042032
:105E5000FFF700FF002305939946E31E079308F11F
:105E6000030A544565D92246414630461AF0CCF91A
:105E700008F102010690224689B230461AF0CAF9AA
:105E8000079B0990A3EB080206EB0A0192B2089166
:105E900019F06AFD8246002841D02A68099B0899BA
:105EA0005079019102932B8A0093069A049B3946FC
:105EB0001AF029F848BB059B0133DBB205930AF1C0
:105EC000030AC2441FFA8AF8C9E72A685079CDE963
:105ED00001132B8A00935246049B39461AF04FF85F
:105EE000079058B1FFF7B6FE50461AF06FF9079BBE
:105EF00009F10109802B5FFA89F99CD0059B03F118
:105F0000030AC2441FFA8AF86BE7FFF7A3FE09F100
:105F1000010906985FFA89F91AF058F9CFE7872046
:105F2000FFF798FE09F1010906985FFA89F91AF05E
:105F30004DF9BBF1050F3FF449AFB9F1000F7FF404
:105F400043AF059B0BB98021C5E64846FFF782FEAB
:105F50003AE700BF163B0020BBF10C0F0CBF0D2031
:105F60001620FFF777FE2246494630461AF04CF9D4
:105F70002246804609F1020130461AF04BF9BBF186
:105F80000C0F044635D1192828BF1924EB7BE4B245
:105F9000B3B12E8A4FF6FF739E4211D12868049B3D
:105FA000407942463946FFF723FDB04208D0BAF1A6
:105FB000000F05D028828AF80000000A8AF8010044
:105FC0009B4B00201E88FFF745FE2B68ABF1150C9C
:105FD0005879DCF1000343EB0C03CDE901432B8A34
:105FE00000934246049B394619F055FE914B985553
:105FF000EAE6132828BF1324C8E728461AF0ABF8AE
:1060000000287FF4E3AE812165E628461AF0C9F83E
:10601000F6E70A2FA4EB090A29D1DFF81CB29BF896
:10602000003023B3EB7B13BBBAF1080F1FD122461C
:10603000494630461AF0E8F8C8B9224609F102018B
:1060400030461AF0E7F8804688B9224609F1030184
:1060500030461AF0DFF8E22809D1224609F104019E
:1060600030461AF0CEF81AF058FA8BF800801FFA72
:106070008AF206EB090138461BF0C3FD00287FF4C5
:10608000A5AE002127E6A4EB090292B206EB0901B6
:1060900038461AF097F8F1E7A4EB090292B206EB42
:1060A000090138461AF059F8E8E7A4EB090292B260
:1060B00006EB090138461AF076F8DFE7A4EB09028F
:1060C00092B206EB090138461BF09DFDD6E7224649
:1060D000494630461AF09EF82246804609F10101F1
:1060E00030461AF097F82B68044658792B8A0193AA
:1060F000049B009342463946234619F009FD224687
:10610000414638461AF02BF860E6224649463046AA
:106110001AF080F809F10102A31AABF116046142EA
:1061200061410091011E9BB2324418BF01213846E3
:106130001AF017F8A2E72246494630461AF06AF8E4
:106140002246804609F1010130461AF063F8BBF19E
:10615000110F04463AD11220FFF77CFD0026EB7B9D
:10616000B3B1B5F810904FF6FF73994510D143467F
:106170003A4629463046FFF793FB484508D0BAF126
:10618000000F05D0030A28828AF800008AF801303F
:10619000DFF89C90DFF89CB0B9F800A0CDF804902F
:1061A000CAF1510292B20AF1010300925B44CDE9B7
:1061B00002843A4629463046FFF7C2FBB9F8003060
:1061C0000BF80A000133A9F80030FDE51420FFF7B1
:1061D00041FD0126C3E72246494630461AF01AF827
:1061E00009F101039C4201D20020F0E5E41AA4B2B7
:1061F000021E0094298A334418BF0122384619F040
:10620000B4FF3BE72246494630461AF003F809F14D
:1062100001039C42E8D3E41AA4B2021E0094298A26
:10622000334418BF0122384619F09DFF26E700BF0E
:10623000163B0020B43E0020063F002009480378AA
:1062400073B9094A1946D3720133042B11731170C3
:1062500051601181917202F11002F4D10123037097
:10626000704700BF073F0020F01F002070B50646B2
:106270000D46FFF7E3FF0A48002300EB0514A17A5F
:10628000B14205D1217819B12B4400EB031070BD48
:106290000133042B04F11004F1D10020F7E700BF13
:1062A000F01F002030B5044685B080B3007B19F0A4
:1062B000C7FF184BE07A002503EB40102570FF2143
:1062C00018F073FE144B284602019A5C22B9013083
:1062D0000428F9D119F070FF616899B1B4F9083058
:1062E00022899B1303F002038DF80430C2F30E03DE
:1062F000ADF806304FF6FF73ADF808300023039376
:1063000001A8884705B0BDE8304019F09FBF05B02F
:1063100030BD00BF30200020F01F002010B5044623
:10632000FFF78CFF0E4B9C4212D003F120029442E7
:1063300010D003F1400294420ED060339C420DD144
:106340000323084800EB0310BDE81040FFF7AABF85
:106350000023F6E70123F4E70223F2E70020F3E746
:1063600030200020F01F002070B5074D074E00249C
:106370002846324600210134FDF7EEFF042C05F1DA
:106380002005F5D170BD00BF302000201D63000046
:1063900008B50268154B11881980518859805179C8
:1063A0001971117959714FF48A51D980D28812F03C
:1063B000200F0CBF0A464FF48B52DA8081690C4AD9
:1063C000137831B90B49C088088023F00203137099
:1063D00008BD43F002031370074B15220131184624
:1063E0001BF02FFC002200F8012CF1E71A3B0020E3
:1063F000083F0020183B0020273B002010B5174C19
:106400002368587919F05DFB00BB154B227F197B7F
:1064100091421BD15A88236819888A4205D04FF6C9
:10642000FF70814212D1120410D42279023A012A5B
:1064300006D9A37B63B9BDE810400848FFF728BC24
:106440001989587919F0C0FE0028F2D1002010BD3A
:10645000BDE81040014819F039BF00BFB42000204A
:10646000D01F002008B519F02CFB10B9024B18788A
:1064700008BD0020FCE700BF0D3F002008B500204C
:1064800019F0DEFEFF2019F03DFB19F0DFFEFEF7EC
:10649000C1FF0121024606481BF0EDFB054B064AF1
:1064A00006485221FFF75EFBBDE80840FFF7E2B95E
:1064B0000D3F00201A3B0020163B0020B43E002078
:1064C000034B18780130C0B2187000F07F0070479D
:1064D000E913002038B1074B1B78012B04D1038846
:1064E00043F0400303807047022BFCD1038823F064
:1064F0004003F7E70B3F002068B1074A1378012BF0
:1065000007D1064B1B781370037843F01003037018
:1065100001E0022BF8D070470A3F0020093F00201D
:1065200073B5244E3378D907024640D4224909680E
:1065300081B10868C1888D0641BF204CE18841F0D7
:106540002001E180C1884C0641BF1C48C18841F050
:106550004001C1801A4D1B492878097840074CBF7B
:10656000E9706970184913F00204098809D0144AC7
:10657000164819F008FE337823F00203337002B096
:1065800070BD134B18884FF6FB73984208D8CDE9BD
:1065900000520B46094A0146204619F00EF8EEE774
:1065A0000092074B0A46054918F0F5FFE7E700207F
:1065B000E5E700BF083F0020B02000201A3B002084
:1065C000B43E0020EA130020163B0020263B0020AA
:1065D000183B002070B50379012B04460D46164682
:1065E00031D883681B78DB0600D561B3A37B13B970
:1065F000E37C0B2B27D0154B00221A80637DB3FA66
:1066000083F35B09D800E37BABB9FFF723FBA07CE6
:10661000FFF720FB0B20FFF71DFBE07CFFF71AFBC9
:106620002846FFF717FB2046FFF7B2FE3046BDE8CD
:106630007040FFF775BF40F00400FFF70BFB208AA6
:1066400019F0C4FDE3E7002070BD00BF163B002039
:10665000F0B4054618460F4B0F4E1B78012B0C4625
:10666000BDF8101001D0377827B100233370002017
:10667000F0BC70470CB9002AF9D143B14FF657432B
:10668000994204D02B462246F0BC19F062BD01208D
:10669000EEE700BFEB1300200C3F00202DE9F04F88
:1066A000484E494C8446964698460F460FCE25469E
:1066B0000FC596E80F0085B085E80F00DDF83CA017
:1066C000BDF838300093CDE901A4434672463946FF
:1066D000604619F0E8FFDFF80081814670B90025B7
:1066E000FFF79AFA1622002138481BF0C4FA00235B
:1066F0002846C8F8003005B0BDE8F08F344BA27CC6
:106700001A702046C8F80040FFF742FE20461BF0F2
:1067100071FA054630BBBAF1000F25D12168E08837
:106720000B880190BA1E49880091032A8CBF002271
:106730000122E07C0121FFF78BFF38B923685B79E8
:10674000FF2B3AD0FFF75AFE0546C9E72368DB88DE
:1067500013F02006F2D11F4D01212046297019F0B7
:10676000F0FE2E704D46BBE7BAF814309B07E5D417
:10677000B5E75846FEF7A6FF82465846FEF750FE9C
:1067800088B12368228A5988504619F09DF950B182
:106790003846FFF7FDFD236889F804A083F805A0BB
:1067A000FFF72CFE00B9284601360546FEF732FEFB
:1067B0005FFA86FB5845DCD892E7034FDFF81C9060
:1067C0000026F3E754600200B4200020263B00209E
:1067D000EA1300200C3F0020B02000201A3B0020CC
:1067E000034B1870034B1970034B00221A7070474B
:1067F0000F3F0020103F00200E3F00202DE9F74FF3
:10680000DFF89080224F98F800303C7805460E461D
:10681000002B3AD04FF6FB73984236D8DFF878A0B9
:106820004FF0000B98F800309AF800005FFA8BF9EF
:106830004B450ED948446946C0B215F0D3FA082238
:10684000314668461BF0EDF90BF1010B0028E9D148
:106850004C463B78A34208D198F80020631CDBB279
:106860009A423B7004BF00233B709AF800301C44EE
:10687000E4B23146204615F0A9FB30B9294620463E
:1068800003B0BDE8F04F15F099BA03B0BDE8F08F42
:106890000E3F0020103F00200F3F0020034B1878D0
:1068A0000130C0B2187000F07F007047113F002027
:1068B00030B585B00024ADF80A20021D92B2012A3D
:1068C0001D46ADF80840ADF80610ADF8044003D9F8
:1068D0004FF6FF72904207D1064A2B46127801A963
:1068E0001EF01EF905B030BD014601AA204612F087
:1068F000C1FAF7E7EC130020004870477E3D002006
:10690000014B1878704700BF00140020014B188815
:10691000704700BFBA130020014B1878704700BFC2
:10692000F9130020014B1878704700BF153F002075
:10693000014B1878704700BFF413002008B5084BCE
:1069400000221A605A60FCF711FA064B1870FCF727
:106950000DFA054B1870054B1A78054B1A7008BDD7
:106960004A3900203A3F0020393F0020F21300202E
:10697000383F002000B5002193B008466A460BF06E
:10698000ADF90146C8B90E4B0E4A09930E4B0A9356
:106990000D920E4B0E4A0B930E920E4B0E4A0C9319
:1069A000CDE90F230D4B11936A460BF077FC0038AD
:1069B00018BF012013B05DF804FB0120FAE700BF07
:1069C000F53A0200F5650100813C020061F2010028
:1069D000493D0100FF3C0200017501008162010098
:1069E000074B1878112803D8064B0341DA0704D562
:1069F000A0F143035842584170470120704700BF3F
:106A00003C3F0020CBFFFDFF08B5064B1B78013B48
:106A1000022B05D80020FFF7E3FF0138C0B208BD04
:106A2000FF20FCE73D3F00202DE9F74F3A4B3B4F5D
:106A300093F800903A4E3B4B3B4D3C4C3C483D4913
:106A4000DFF8F8C0DFF800E1DFF814A1DFF814B1D7
:106A500001934FF00008019B203301935FFA88F304
:106A6000994507F1200706F1200605F1200504F1FC
:106A7000200400F1200001F120010FD82E4B2F4DF2
:106A80001C782F4E2F4B304F00221146D0B284423B
:106A900003F1200338D803B0BDE8F08F2B4B2C4A0C
:106AA00047F81C3C002346E907232A4A47F820CC34
:106AB00045E90723284A47F8103C44E90723274AB9
:106AC00046F820CC40E90723019A45F820CC47E955
:106AD000063E46E905E345E905E344E905E340E907
:106AE00005E341E908CA41E9063E44F820CC40F8F4
:106AF00020CC41F8103C08F1010842E908CB42E9FA
:106B0000063E42F8103CA6E743E9085643E906175B
:106B100043F8101C0132B9E703140020CC2B0020ED
:106B2000AC2B0020CC2A00208C2B00202C2B00200A
:106B30000C2B0020EC2A0020FE130020A03900209E
:106B400075A001004C2B0020546102004940020056
:106B50004D3F0200116A010025840100F307020085
:106B600075E0010035590100044B00F1100250F8A6
:106B7000041B43F8041B9042F9D170473E3F0020AC
:106B8000044B03F1100253F8041B40F8041B93421A
:106B9000F9D170473E3F0020F0B5071D05460022A1
:106BA00093B00C46384608211CF019FF6A7B064654
:106BB000D0070BD5687808A91AF05BFADDF83D30EC
:106BC0006B60DDF841307B6080B101E0910702D459
:106BD0002D2013B0F0BDD20002F080020121384612
:106BE0001AF04EFAFF286870F2D0E6B11923194660
:106BF0006A7801A818F0C7F89DF81C305B0604D528
:106C00000B484FF4C07118F0AFF8234603AD07AC42
:106C10002A4603CAA24218605960154603F10803C8
:106C2000F6D10020D5E708A91AF023FACCE700BF77
:106C3000836002002DE9F04307468BB01D4888466B
:106C40001646FFF79DFF0025002D01AB194A0CBF2A
:106C500036205C200024994612F8011B0134E4B26E
:106C60004140102C03F8011BF6D105A81DF070FC63
:106C70004A46214605A81DF06FFCBDB941463A467B
:106C800005A81DF0D0FC05AC32460DF1240C2346BE
:106C900003CB6345106051601C4602F10802F6D137
:106CA00015B10BB0BDE8F0830125CDE73246214692
:106CB000E6E700BF6E3F00202DE9F04F99B0DFF806
:106CC000E880DDF890909DF88CB09DF8886088F899
:106CD00000B0174682460C461D462022304B0F93CB
:106CE000002110A81AF0C7FF4F4504D02A463946A4
:106CF00048461AF0A6FF4FEA0B4303F47C1343F017
:106D0000A86343F480737819711B09EB050C6CB30D
:106D10000DAACDE90AB209EB060209920EAACDE945
:106D200007120D22CDE9051CCDE90350CDE900A2E3
:106D30001C49029710220FA8FBF7DAF907460FA8A3
:106D40001AF0CBF917F1950F24D02FBB0E9B761BB1
:106D5000F6B29E4220D10CB398F800000D9B9842E9
:106D600014BF2120002019B0BDE8F08F0EAACDE994
:106D70000912BA19CDE905120D22CDE90350CDE96A
:106D800000A2CDE907BC0749029710220FA8FBF724
:106D900071FAD3E72C20E6E72120E4E72046E2E77A
:106DA000002480006E3F002004140020F0B51B4B2F
:106DB00093B0002607460C461546314620220AA805
:106DC000CDE908631AF057FF08AB1022DFB1CDE917
:106DD0000523CDE90325CDE90164114B1149009646
:106DE00009A8FBF7D5FB044609A81AF076F914B9EF
:106DF000089B102B04D00C4840F23E2117F0B4FF42
:106E0000002013B0F0BDCDE90323CDE90125044BEB
:106E10000449009409A8FBF73DFCE4E70024800046
:106E2000004440046E3F00208360020030B50546F8
:106E300089B0694619F069FF6B8804ACABB1224692
:106E40002946684619F0DAFE0E4A08AD234603CB00
:106E5000AB42106051601C4602F10802F6D10948AD
:106E6000FFF782FE002009B030BD064D6B461A4682
:106E700003CAA24228606960134605F10805F6D1ED
:106E8000EDE700BF6E3F002050B10B4B0B4A03F102
:106E9000100153F8040B42F8040B8B42F9D17047F0
:106EA000064B054A03F1100153F8040B42F8040B9A
:106EB0008B42F9D1704700BF6E3F00204E3F00204B
:106EC00008B5102202481AF0BCFE002008BD00BF21
:106ED0005E3F002008B50846102202491AF0B1FEB4
:106EE000002008BD5E3F0020F0B587B0054603A82E
:106EF0000C4613F0E7FE0146002847D1BDF80C30E0
:106F0000980643D5102220461AF0B5FE01A812F0CB
:106F10004DFFB8B16E7B16F0020F05F1040706D0E5
:106F2000082201A938461AF07CFE00282CD101ABBA
:106F300003CB46F00206686079606E73238843F0E5
:106F400008032380238843F00203238012F024FBEC
:106F500060601CF094FD30B10D4B1B68A36023886A
:106F600043F0040323800B4B1A68D1035EBF2388D0
:106F700043F010032380130242BF238843F40063CD
:106F80002380002007B0F0BD2D20FBE72420F9E787
:106F9000FC2B0020002C0020064B1B6810B433B1E2
:106FA0005C6824B1DA6923465DF8044B18475DF844
:106FB000044B7047242C0020074B1B6813B54BB1C2
:106FC0001C683CB1DB69CDE9001343884268417815
:106FD0000078A04702B010BD242C0020044B1B6891
:106FE0001BB19A680AB1D86910470020704700BFEA
:106FF000242C0020024B1B68D3F86C329869704730
:10700000242C002013B5194C24681CB310B3009332
:1070100013460A46014604F51C701AF027FA0123AC
:1070200038B9A4F89C32002384F86632A4F864329C
:1070300010E0D4F8742284F8A032102A0CD901236D
:1070400084F89C3294F89C3283F0010284F89D22EB
:10705000002BE8D102B010BDD4F86C0204F51E710B
:107060001AF0EDF90028EAD0ECE700BF242C00204C
:107070002DE9F341DFF8E0800546D8F800000C4622
:1070800016461F461AF06DF9002850D0002C4ED13C
:1070900028461AF031F8002849D0A5F13603012B13
:1070A00025D8BEB3B7B33378042B33D1D8F800302A
:1070B000D3F86C120422C86800231AF071F948B39F
:1070C000362D0CBF4FF007084FF00808B8452ED1F9
:1070D0003146424668461AF0E2FD0323362D8DF80C
:1070E00000304146684633D11AF0D0F805E0152D3E
:1070F00006D1394630461AF008F802B0BDE8F081F2
:107100001C2D10D8172D12D93A46314628461AF0B0
:1071100051F8F2E7303D072D09D8DFE805F00A0FF6
:10712000080808081417A5F13003072BF2D900202E
:10713000E3E73946304619F0F8FFDEE739463046D6
:107140001AF01BF8D9E739463046CDE739463046C4
:107150001AF0BBF8D1E700BF242C002070B54FF423
:1071600029728AB00C46002106461AF084FD0FCC25
:1071700035460FC594E80F0085E80F0000F0CAF807
:10718000104BC6F86C021E600F4B00930F4B01931F
:107190000F4B02930F4B03930F4B04930F4B05932D
:1071A0000F4B06930F4B07930F4B694606F12000D8
:1071B000CDE908361AF0C2FBD6F86C321B69B3640D
:1071C0000AB070BD242C0020996F0000DD6F000014
:1071D000F56F0000B96F0000057000004B1302004E
:1071E00015130200331302003F130200034B186013
:1071F000012380F89E3220301AF0D3BA242C0020CC
:1072000038B50E4B044600F12005186028461AF0E8
:10721000A8FB94F89E3283B194F89F326BB194F836
:10722000A03253B994F8A1323BB9012384F8A132BA
:107230002846BDE838401AF0B4BA38BD242C0020E6
:10724000064B10B5044618601AF07FF828B104F117
:107250002000BDE810401AF0A1BA10BD242C002077
:10726000094B10B5044618601AF06FF850B120347D
:10727000204600211AF086FA20460321BDE810407E
:107280001AF080BA10BD00BF242C00202DE9F34174
:107290001D46154B11F0FB070646144618601FD11A
:1072A0001AF053F8E0B1012D1AD9AB1E032B17D9F0
:1072B000A58894F80280E1786DBAADB22A1D9A4291
:1072C0000ED106342B4622464046FFF7D1FE38B198
:1072D000009523463A46414606F120001AF066FA28
:1072E00002B0BDE8F08100BF242C002030B5084D6D
:1072F00014688C4208D2035D093BDBB2172B03D81C
:1073000045FA03F3DB0700D530BD01341460EFE725
:10731000ECFF7FFF00487047646102001FB5002347
:10732000CDE90033039355238DF8073004460C4B09
:10733000029308210DF107001AF06EF98DF80F0085
:1073400064B1236853B1102168469847236810211F
:1073500068469847236810216846984704B010BDD6
:10736000AA0355AA2DE9F743DDE90A5914460C9EF4
:10737000009680460F462A46194620464B461AF08C
:1073800046FAF0B9B8F1050F1CD1FB071AD5CCB1FC
:10739000C5B1B9F1000F15D00D2913D12378362BC3
:1073A00010D1637873B9A37863B9E378072B09D157
:1073B00063793BB9054B2B6004346C600EB101233B
:1073C0003360012003B0BDE8F08300BF3600090040
:1073D0002DE9F04FB1F806A0B1F803B091F805809F
:1073E0009AFA9AF5A9B0ABB2059383699BFA9BF61A
:1073F00004460F46B6B201F108091D4623B1436A9F
:10740000059A49464046A84720461AF092F9B8F135
:10741000080F29D9A8F12003DAB20B2A06D9E369AB
:10742000002B00F09680616A404669E00B2BF6D88D
:1074300001A252F823F000BF557600001F7400002F
:107440001F740000D97500005D75000069760000AA
:10745000837600001F7400001F7400001F7400007A
:107460001F74000083760000B8F1080FD7D801A37D
:1074700053F828F099740000B174000009750000F9
:107480001F7500001F74000081750000ED7400007E
:1074900091760000AD760000BBF1000F59D1CDF818
:1074A00000B05B465A46594620461AF0E9F850E0CB
:1074B0002469002C4DD00599012914D909EB010349
:1074C00013F8023C7D2B0ED14A1E19F80230012B15
:1074D00009D8114603F0010301224846A44629B009
:1074E000BDE8F04F604700221346F6E7BAF5807F0B
:1074F00002D13B7A102B2CD0E36953B3616A06208A
:1075000029B0BDE8F04F184720461AF07BF8012358
:1075100000938DF8200008AB02223146C4E7002317
:107520008DF8203001230093032208AB314620461A
:107530001AF0A6F8236A2BB1BAF1000F0CD0387AF2
:10754000616A984720461AF05DF8014620461AF015
:1075500019F929B0BDE8F08FFF20F1E765680DB19A
:10756000A8470546A3680BB1984703462B441BBAAE
:107570002ABA0993082308920093242208ABCCE787
:1075800000270797BAF1000F08D120238DF81B3090
:107590000123009305220DF11B03BEE707AB029305
:1075A0000DF1200810230193CDF80080059BA16AFE
:1075B0004A460520FFF7D6FE0028E6D0079B9F42EB
:1075C00001D31023E2E7E36813B100214046984756
:1075D000013708F10808F1E7059B042B07D82023A1
:1075E0008DF820300123009308AB232295E707F1A3
:1075F000090019F0F7FF3B7A4FF00008012B814694
:10760000CDF81C8007D920238DF81B30012300936F
:107610000DF11B03E9E7BAF5A06FF4D0059B591FE4
:1076200007AB009308AA102389B207F10D001AF0E6
:10763000EEF80028E7D008AF079B984501D3102348
:10764000E2E7E36813B149463846984708F1010874
:107650000837F1E7204619F0D5FF0146204629B04A
:10766000BDE8F04F1AF08EB8204619F0CBFFC31ECC
:1076700058425841012300938DF8200008AB252281
:107680004BE701238DF820300093424608AB44E7D6
:1076900008AA059948461AF0F0F80123C0F1030042
:1076A00000938DF81C0007AB072236E7059B0B3BC8
:1076B000032B0FD8059B07F10C00191F19F095FF3C
:1076C000C0F10300C0B2012300938DF8200008AB85
:1076D000082222E70320F6E7014B01221A707047C7
:1076E000B3400020034A136801331360024B187043
:1076F000704700BF942C00208F3F002010B5054C30
:10770000206830B11AF09DF9236898422CBF002000
:10771000012010BD802C002070B5FCF787F80646CC
:107720000D46FCF79DF8094B1C68094B1B68024687
:10773000E41A30460023294600F01AFF054B064A9A
:107740002044186013680133136070BDE02C0020E2
:10775000DC2C0020D82C0020D42C002008B51AF0F6
:107760007EF948B1054B1B7803F0FF0023B1044BB1
:107770001878B0FA80F0400908BD00BFB74000207B
:107780008E3F00201A4A1B491368013313601A4BBD
:107790001A6802F00F02072888541A6802F10102E1
:1077A0001A60164B187004D1154A13680133136020
:1077B0007047202818D006D8062811D0082809D0EC
:1077C000052809D07047252810D02C280AD0232856
:1077D00004D070470B4AE8E70B4AE6E70B4AE4E7B8
:1077E0000B4AE2E70B4AE0E70B4ADEE70B4ADCE72D
:1077F000F42C0020913F0020B82C0020903F002066
:10780000B42C0020B02C0020AC2C0020A82C002090
:10781000A42C0020A02C00209C2C0020982C0020C0
:10782000204A1368022803F101032DE9F0410446C0
:10783000136035D81C4A1368013313601AF001F93C
:107840000928054612D85CBB184B01221A70184B48
:107850001C70184B1C70184A136813B1EB1A022BDA
:107860001ED9164B156001221A7019E0012CDFF8A1
:107870003C800F4F0F4E0AD11AF0E3F8104B7830CE
:107880001860002388F800403B703370E3E7012361
:1078900088F80030022C4FF000033B703370DAD1CF
:1078A000BDE8F081902C0020882C00208E3F002025
:1078B000B74000208D3F0020842C00208C3F00200A
:1078C000802C002008B51AF0CAF828B9FFF716FF77
:1078D00010B1024B01221A7008BD00BF8B3F00207F
:1078E000F8B5104DD5F858310446D3B10E4E337863
:1078F000BBB10E4B14201F68FBF7B8FF0128A4EBA7
:10790000070438BF012084420BDB09490A680132B1
:107910000A60084900230A683370C5E9563301320A
:107920000A60F8BD1C310020A63F0020E42C002096
:10793000F82C0020F02C002070B5C4B01C46489BE9
:107940000D4611460BB12D4A13602D4A13680133C1
:1079500013602C4B18702C4B1D7000231A469EB2DE
:10796000B44237D9042B30D1284BB4F5807F1A604C
:1079700029D8274A13785E1C167021B300228DF88F
:1079800008208DF809308DF80A0063BA22460DF1FF
:107990000E008DF80B50ADF80C301AF080F906345B
:1079A00002ABA4B2009301221A4B01944FF46F4131
:1079B0000920FEF7E9F801210846FEF725F9002124
:1079C000084618F0B9FB44B070BDCE5C013346EAFE
:1079D0000222C4E70D4B1A600D4A13785E1C167024
:1079E000002CCAD18DF808408DF809308DF80A00B6
:1079F0008DF80B50ADF80C40D1E700BFBC2C002037
:107A0000C42C0020A23F0020A13F0020C02C002059
:107A1000A33F0020806102002DE9F04186B0FBF712
:107A200005FF0E460746FBF71BFF3D4B3D4D1A6811
:107A3000B2F5803F36BF1A68FF22C2F307228DF8E5
:107A40000C201A68B2F5803F36BF1B68FF23DBB2FB
:107A50008DF80D30344B1A68B2F5803F36BF1A6886
:107A6000FF22C2F307228DF80E201A68B2F5803F7C
:107A700036BF1B68FF23DBB28DF80F302B4B1A6823
:107A8000FF2A96BF1B68FF23DBB28DF81030284B0E
:107A90001A68FF2A96BF1B68FF23DBB28DF81130EE
:107AA000244B1A68B2F5803F36BF1A68FF22C2F332
:107AB00007228DF812201A68B2F5803F36BF1B6886
:107AC000FF23DBB28DF813301B4B1B788DF814307D
:107AD000804601230A22294603A88DF815301AF0A2
:107AE000A0F8D0B10024424623463846314600F083
:107AF0003FFD124B1A6882420FD83C30186003AB2E
:107B000003CB1B88286069602B8103AACDE9004460
:107B10000A232146CE20FFF70FFF06B0BDE8F08113
:107B2000A42C00207E3F0020A02C00209C2C0020B4
:107B3000982C0020942C00208F3F0020282C00201F
:107B400070B50D4E16F08AFD337804467BB916F0F9
:107B50007AFD012105460846FBF708FA284616F08B
:107B600076FD064A01233370136801331360204603
:107B7000BDE8704016F078BDA53F0020FC2C002029
:107B800070B50D46044617F070F9074B074E1860A4
:107B9000FFF7D6FF2544AC4200D170BD14F8011B9D
:107BA000304616F0D1FEF6E7E82C00200000014038
:107BB00008B50B4BD3F81C24C3F82424094A1368D6
:107BC00001331360084A01231370084A137017F039
:107BD0004CF9074B1860BDE80840FFF7B1BF00BF84
:107BE00000A00040002D0020A93F0020A83F002059
:107BF000E82C00202B4AF8B513682B4D2B4E01338F
:107C000013602B691B0606D417F02FF9284B186058
:107C10000423AB64F8BD284616F090FE044617F026
:107C200024F9244933880A6801320A60224A234928
:107C30001470234A10600F78224A9BB217B30027B2
:107C40000F7021490C7054B1117869B10021552C85
:107C5000117009D11D490A6801320A6004E01C4F05
:107C600039680131396012781A4A12889A1A92B228
:107C7000FF2A0DD9184A136801331360174B0122EC
:107C80001A70BEE711780029EED0002CDED1EBE7A8
:107C9000DAB2134901338C5412499BB241F82200E5
:107CA0003380AEE7102D002000000140AE3D0020E3
:107CB000E82C0020142D0020AA3F0020A93F00201E
:107CC0000C2D0020A83F00200A140020042D0020C5
:107CD000082D0020AC3D0020EC2C0020A73F002008
:107CE000AB3F0020182D002038B5084B1860FBF77B
:107CF0009DFD05460C46FBF7B3FD002302462146D9
:107D0000284600F035FC024B186038BDE02C0020FE
:107D1000DC2C002038B5431E033312D8094C0A4B23
:107D2000044420461D68FFF7DFFF084B084A1C602B
:107D300013680133136025B9BDE838400548FFF7E3
:107D40008FBA38BD80436D38E02C0020D02C002045
:107D5000CC2C00201C310020064A13681BB10649B8
:107D60000B6801330B6000231360044A1370FCF7A7
:107D70000BBD00BF802C0020782C00208B3F002002
:107D80002DE9F74F1546234A136810F0FB0F03F156
:107D9000010307468846136008D01F482B46424619
:107DA000394603B0BDE8F04FFFF770BA052DF4D99E
:107DB000DFF874B0194A8E1CA5F102097488337873
:107DC00064BAA4B204F1040ACA45E6D8CA2B15D194
:107DD000A4B1337912490B70CBB1022B41F270730D
:107DE00018BF4FF4FA63CBF800300023DBF8001023
:107DF0000C48CDE90033FBF7ABFD084AA9EB0404BE
:107E0000A4F10409B9F1030F5644D7D8C5E74FF4DC
:107E10007A73E8E7742C00201C310020D97600002A
:107E200009140020C0330020F010002030B5424B70
:107E3000424A1A608DB0FFF783FE4148414DFDF77D
:107E40009FFA41480121F8F74DFC40480121F8F71D
:107E500049FC0021084601230422F9F7B9FC00235C
:107E6000012211461846F9F7B3FC0FCD05AC0FC43B
:107E700095E8070084E80700354C05A9204616F070
:107E80001FFD0023A36703236367E36C43F0040330
:107E9000E364304B4FF480521A602F492F48FFF7AC
:107EA0005DF92E48FFF7A2F904238DF80C3010235A
:107EB0008DF814302A4B1B68CDF80D30294B0DF18D
:107EC000150203F1100153F8040B42F8040B8B4226
:107ED000F9D14224009403AB04220021012018F0C0
:107EE0003EF8214B052218700021009405AB0120BB
:107EF00018F035F81D4B18703023009307221C4BE7
:107F00000021012018F02BF81A4B1B4A187000248E
:107F10002346CDE9004441F270711848FBF7D6FCC6
:107F2000CDE90044164A174823464FF4FA61FBF79F
:107F3000CDFC0DB030BD00BF18310020C46102007F
:107F4000AB400020E861020000350A000032040066
:107F50000000014000E100E0A46102001C310020AB
:107F600082610200876102000814002007140020CB
:107F7000A161020006140020C5780000542C0020E6
:107F8000D9760000C03300202DE9F043934A944C89
:107F9000136885B00133136017F0A6FC914B18707D
:107FA000914819F0F2F9914BC0B21870904819F04D
:107FB000CEFB17F099FC431EDBB2012B00F20981C6
:107FC000022811D123681BB919F03BFD206028B1AC
:107FD00019F037FD2368C01A3B2807D9854B1A785A
:107FE0009AB100221A700EE000232360824D16F031
:107FF0003CFF2B68C31A002B044606DBC820FBF7A6
:1080000035FC204428600FF01DF87C4B7C4D1A781D
:108010005AB100221A707B4A1368013313601CF0B6
:108020001DF8794A012313702B70784E33785BB1B9
:10803000754C237843B119F012FD28B1744B1B78AD
:1080400013B10023337023702B7843B119F0F9FC7E
:108050000446FFF753FB002840F00A81287017F010
:1080600043FC03286B4D40F0278119F0EAFC2B6894
:108070000446002B40F019812860674B1A68A24221
:1080800009D8664A0A341C601368002101330120B4
:1080900013601BF097FF624A624B106819688842B0
:1080A00014D012681A60604B604A1B78002B00F0F5
:1080B00006815F4B1B78002B40F001811378013360
:1080C000DBB2022B137001D916F040FE594B1A781F
:1080D00022B1002244481A70FFF7C2F819F0BFFC21
:1080E00008B9554B187019F0BAFC002849D0FBF7B5
:1080F0009DFB05460C46FBF7B3FB002302462146D9
:10810000284600F035FA4C4B1D78044695B90122FB
:1081100035481A70FFF794F8484A13680133136022
:108120000321474A0823CC20CDE90055FFF704FC82
:10813000FFF772FCFFF770FC424B1A68A2421AD894
:108140000F341C6002230024019303AB22460093EA
:108150000A213D4BADF80C402046FDF715FD0121ED
:108160000846FDF751FD2146204617F0E5FF374A46
:10817000136801331360364B1B681D2B01D916F0B1
:10818000E5FD344F344E3B78344D8BB116F066FA32
:10819000338800249BB22B803C7016F065FA124B9A
:1081A0002F4AC3E956441368013313602D4B1C70EA
:1081B0002D4CDFF8B8800C4F2A88338892B29BB2DE
:1081C0009A427FD116F051FE05B0BDE8F043FFF7AB
:1081D00087BB084A00232360137016E7502C002049
:1081E000442C0020051400201C3100208A3F002070
:1081F0003C310020B3400020402C00208C3F002068
:108200008B3F00208C2C00208D3F00208E3F0020D3
:10821000B7400020382C0020342C00207C2C00207B
:10822000E0330020302C00200B140020893F002078
:10823000B6400020A43F0020883F0020482C0020AA
:10824000986102002C2C002080610200C82C0020C4
:10825000E4330020A73F0020AE3D0020AC3D0020CD
:10826000F02C0020A63F0020AB3F0020182D00205E
:10827000214E3368A3423FF6F2AE17F035FB0028DB
:108280007FF4EDAE053428703460FCF77DFAFCF71E
:108290008DFB1A4A1A4B1060196811B91168194AF6
:1082A00011601A6801321A60D9E6C31A3B2B7FF6B7
:1082B000E4AE16F04BFDE0E600232B60EBE6002376
:1082C000137003E72B88DAB20133A15C58F82290CF
:1082D0008DF80C109BB248462B80FFF701FB012262
:1082E00003A93846FEF78CFF074BC3F80090074BF5
:1082F00001221A7060E700BF3C2C0020EC10002027
:108300004C2C0020E8100020E42C0020A63F002088
:1083100010B50A4C23680A2803F1010323600AD12F
:10832000072A08D90B7833B94B7823B98B7813B95E
:108330004868FFF7EFFC002010BD00BFF0330020BD
:1083400010B50E489DF80C100368013303600C4B08
:1083500019700C4B49B90C4801240470196012B112
:108360000A4B52881A80002010BD18684FF6FE7123
:108370008842F4D819680131F0E700BFE8330020E3
:108380000C140020E4330020B7400020BE1300206E
:1083900010B5034610B90022104610BD016800292F
:1083A000F9D0154849880268144C01320260144A19
:1083B00001201070134AD87C1180134AB1F57C4F0C
:1083C00010709A7B227003D1002AE4D00122E3E7E7
:1083D000B1F56F4F0DD1002ADDD09A89197D9B68C8
:1083E0008A4286BF521A92B200221944FFF7C8FC93
:1083F000ECE71929D0D0CEE7EC3300200D14002093
:10840000B7400020C01300200E140020912808B5AA
:108410000CD10B4B00221A7017F066FA28B919F02C
:108420002CFB10B1074B01221A7008BD9028FCD11B
:10843000034B01221A70BDE80840FFF78DBC00BF56
:10844000B74000208B3F002030B40B4D2C68013426
:108450002C600A4C20700A4C21700A490A700A4AA2
:108460001370012318B1094A137030BC7047084AD1
:10847000137030BCFFF770BCE03300200B140020F9
:10848000B6400020B5400020B44000208B3F0020C3
:10849000B740002038B5F8F7D9FC0E480E4D012141
:1084A000F8F720F90122012411461046F8F7F0FBF5
:1084B000224621462046C5F88040F8F7E9FB2046D1
:1084C000C5F8844022462146F8F7E2FBC5F888400B
:1084D000002038BD30253E0000400E401A4B07B545
:1084E00001225A641A6842F480721A6001A8F9F7EE
:1084F00001FB9DF80530012B03D89DF80430022BB9
:108500000DD9124B4FF41872C3F88C22104AC3F8DD
:108510009022104AC3F8F0220F4AC3F8F822FAF763
:10852000DDF9FAF78DF9FAF7A1F9FFF7B3FF16F0C5
:10853000EAFBF7F733FFFAF70DFAF7F7EFFF03B0AF
:108540005DF804EBFAF7DEBC00000E4000400E4080
:108550009A6F0500180100040084320808B502F083
:10856000CDF9024B00221A7008BD00BFB8400020B0
:1085700053B94AB9002908BF00281CBF4FF0FF318A
:108580004FF0FF3000F06AB9ADF1080C6DE904CE90
:1085900000F006F8DDF804E0DDE9022304B07047DE
:1085A0002DE9F047089D0C46002B4ED194468C4592
:1085B0008646B2FA82F262D94AB1C2F120039140F2
:1085C00020FA03F30CFA02FC194300FA02FE4FEA08
:1085D0001C471FFA8CF6B1FBF7F44FEA1E4307FB6A
:1085E000141143EA014304FB06F199420AD91CEB3A
:1085F000030304F1FF3080F01381994240F21081AF
:10860000023C6344591A1FFA8EF3B1FBF7F007FBE3
:10861000101143EA014300FB06F69E420AD91CEB07
:10862000030300F1FF3180F0FD809E4240F2FA80AA
:10863000634402389B1B40EA044000211DB1D34033
:108640000022C5E90032BDE8F0878B4205D90DB1A3
:10865000C5E9000100210846F5E7B3FA83F10029D6
:1086600046D1A34202D39042C0F0F180861A64EB57
:1086700003030120002DE6D0C5E90063E3E7002AEB
:1086800040F09180A1EB0C044FEA1C481FFA8CF7D4
:108690000121B4FBF8F64FEA1E4308FB164443EAF7
:1086A000044307FB06F0984208D91CEB030306F1CC
:1086B000FF3402D2984200F2CE8026461C1A1FFADE
:1086C0008EF3B4FBF8F008FB104443EA044300FBCC
:1086D00007F79F4208D91CEB030300F1FF3402D2D5
:1086E0009F4200F2B1802046DB1B40EA0640A5E72E
:1086F000C1F120068B4022FA06F71F4320FA06FC40
:1087000004FA01F343EA0C03F44000FA01F8380CD0
:108710004FEA1349B4FBF0FE1FFA87FC00FB1E442E
:1087200049EA04440EFB0CF9A14502FA01F20AD908
:108730003C190EF1FF3A80F08580A14540F282801D
:10874000AEF1020E3C44A4EB09041FFA83F9B4FB1A
:10875000F0F300FB134449EA044403FB0CFCA4457A
:1087600007D93C1903F1FF3068D2A44566D9023B12
:108770003C4443EA0E40A0FB0293A4EB0C049C4251
:10878000CE469C4652D34FD055B1B8EB0E0364EBA6
:108790000C0404FA06F6CB40CC401E43C5E9006445
:1087A0000021BDE8F087C2F1200320FA03F10CFAA2
:1087B00002FC24FA03F394400C434FEA1C4800FAED
:1087C00002FE1FFA8CF7B3FBF8F008FB1031230C04
:1087D00043EA014300FB07F1994208D91CEB03036C
:1087E00000F1FF362CD299422AD9023863445B1A31
:1087F000A4B2B3FBF8F108FB113344EA034401FBD4
:1088000007F3A34208D91CEB040401F1FF3613D28D
:10881000A34211D902396444E41A41EA004138E71D
:108820000446EFE6084605E7C845ADD2B9EB020EAF
:1088300063EB070C0138A7E73146EDE7034698E7FD
:108840003046D4E7D6467EE7634402384CE7064616
:10885000234608460EE7023E63442FE7704700BFF9
:1088600008B5064B044613B10021AFF30080044B5A
:108870001B6803B19847204615F0A7FE00000000D2
:1088800030350020024B0146186800F033B800BFB5
:10889000F4100020014819F0F6B900BFB9400020DB
:1088A000014819F0F1B900BFB940002070B50D4D75
:1088B0000D4C641BA4100026A64209D10B4D0C4C94
:1088C0001CF0FEFE641BA4100026A64205D170BD5C
:1088D00055F8043B98470136EEE755F8043B9847B6
:1088E0000136F2E7581400205814002058140020D4
:1088F0005C14002038B50546002941D051F8043CED
:108900000C1F002BB8BFE418FFF7C4FF1D4A136803
:1089100033B9636014602846BDE83840FFF7C0BF34
:10892000A34208D9206821188B4201BF19685B68EF
:1089300009182160EDE71A465B680BB1A342FAD92A
:1089400011685018A0420BD120680144501883428E
:108950001160E0D118685B68536008441060DAE782
:1089600002D90C232B60D6E7206821188B4204BF64
:1089700019685B68636004BF091821605460CAE726
:1089800038BD00BFF43300202DE9F04F14469B465C
:10899000C36B87B005465B6960680E46012202A979
:1089A0009847EB6B01225B6903A93046984702A800
:1089B00019F03BFD074648B10023A37563754FF0DE
:1089C000FF33A360002007B0BDE8F08F03A819F0C3
:1089D00039FD0123A375237E04EBC303DE611F84ED
:1089E0006368B3420ED1206003A819F04DFD4FF02B
:1089F000FF332075A360237D043B022B25D8002381
:108A0000A375DFE723681A1A53425341A37503A8DD
:108A100019F03AFD237D834218BFA77503A819F00A
:108A200015FD074602A819F011FD87421CBF00235F
:108A3000A37503A819F012FD074602A819F00EFD50
:108A400087421CBF0023A375D5E703A819F0FEFCDD
:108A500080B1EB6B02225B6904A93046984704A8F9
:108A600019F003FD0346207D032839D8DFE800F024
:108A70003838040903A8F3E7237E04EBC303CC22B0
:108A80001A8401F037FC109B1870277E03A819F098
:108A9000D1FC04EBC70787F82200237E04EBC30355
:108AA00003A8B3F8209093F8227019F0CFFC804609
:108AB00003A819F0D3FC8246B8F1000F15D0EB6B78
:108AC00002225B6904A93046984704A819F092FC79
:108AD0006075637D6BB90023A3754FF0000838E023
:108AE000227E04EBC2021384CBE703A819F06DFCCD
:108AF000EEE794F81680B8F1000FEED0B9F1000F50
:108B000009D1DFB10123E375637E002B4FD1012F23
:108B100042D1677614E06B6C06EB0A02594286EA92
:108B2000020008421CBF0021A175591E0A409B1A71
:108B30009945D0D8A37D002BE3D1CEE7E37D43B99F
:108B40004FF000084B4652463146284619F0F0F9DE
:108B5000A060A27D12B123694B4423611949237E91
:108B6000097899422AD901332376BBF1000F27D027
:108B700032B3E37D23B3B8F1000F21D1032F1FD00F
:108B8000A1684B1C1CD0109B009322460123284651
:108B9000FFF7FAFEA07513E095F8343063B9EB6A7D
:108BA0000133CFD1032FCDD10123A376C8E7012F05
:108BB000CFD0032FC4D1F7E79846C3E70023A375AE
:108BC000A07D00E7705702002DE9F04F8BB00E46F4
:108BD000044698464FF0FF310023104617468DF8A3
:108BE000133001F071FBB6F5801F3BD3B21C53D19B
:108BF000E56A6B1C57D1616A204619F0DFF805461B
:108C0000B31C18BF0123DFF814910193636A626CEF
:108C10000293236802FB053AE36B05A95B69052211
:108C20005046984705A819F0B9FC19F0DCFC5046ED
:108C300019F0E4FC4FF0000B824601464B1C05D0B6
:108C4000636C81EA0A025B42134232D02946204615
:108C500019F0B4F8029BAB424DD0BBF1000F4DD1DF
:108C60000546D3E7314605AA04F1080019F092FB46
:108C70000146481C10D0384601F026FB0DF11303C5
:108C800001223946204619F0CEF928B19DF813305B
:108C900088F80030002003E0237C002BA8D11D4879
:108CA0000BB0BDE8F08F2368ED1A636CB5FBF3F5EC
:108CB000A6E7484601F008FB0DF11303019A494667
:108CC000204619F0B0F9034690B1B21C03D0D9F890
:108CD0000020B2420CD103930F4B9DF8132088F86B
:108CE000002049461A68384618F0D9FF039B9B4676
:108CF000D9F80810A2E7BBF1000FD0D0B6F5801F5D
:108D0000C8D298F800307A68314604F1080001F0C2
:108D10001FFABFE70BE000F06C5702001C1D00209B
:108D20002DE9F3410E461B4D816A044617469846CD
:108D3000E36A8B422AD04B1C18E0284601F0C4FAA3
:108D40000DF1070301222946204619F06CF930B1D4
:108D50009DF80720434629462046B847B0B1A96888
:108D60004A1C05D0012E0AD0E36A9942E5D10DE0F4
:108D70006968204619F0AFF8012E0146D8D16B681A
:108D800081EA0302636C5B421A42D1D002B0BDE8B3
:108D9000F08100BFF01C00202DE9F041036B076853
:108DA0009046826B9A4288BF8363426C436A02FB9F
:108DB0000377C36B90B05B690E46052201A9044698
:108DC0003846984701A819F0E9FB012801463070A0
:108DD00057D0656CE26B2368606AD2F814C005FB5B
:108DE0000030052206A9E04706A819F0D7FB0128A4
:108DF0004FF0000523D0D4E90A3201219342CDE996
:108E00000B458DF834800E958DF83C102AD119460B
:108E1000204619F060F8236B626CE06214339B1AF1
:108E200023630C9B53B99DF83C303BB1626A616C83
:108E30002368E06B01FB023119F068FB0C9DE36BCA
:108E400005225B6901A93846984701A819F0A6FBDD
:108E50003070236BA26B28469A4288BFA36310B080
:108E6000BDE8F081237C33B91C490BAA04F108004A
:108E700001F0BEF9D5E71A4A0BAB2046FFF750FFC9
:108E8000CFE7237C23BB1749224604F1080001F0F9
:108E9000AFF9616A204618F0B2FF616A421C2046B1
:108EA00018F07BFF054620B9236B626C1344143B1A
:108EB0002363A16A204619F00EF82368A062C01A45
:108EC000636CB0FBF3F06062204619F047F8B6E738
:108ED000054A00232046FFF723FFDAE799980000B0
:108EE00015980000AF2002004B20020073B50D461C
:108EF000D11E4A421C461B7E4A419A4226D129680D
:108F00002368994222D3636899421FD8114E0DF10C
:108F100007033246FFF758FEC0B972686B689A4281
:108F200014D19DF80730DA1E53425341227E9342FA
:108F30000CD1636901336361D4E90323934205D201
:108F4000A268296842F8231001332361012002B08E
:108F500070BD00BF481D00202DE9F04F8BB0DFF839
:108F600058B19A469DF850300293DBF810305345C3
:108F700080460D461646C0F09980DBF80430019318
:108F8000D146B9F1000F00F08D80D8F83C3001983F
:108F90005B69012207A9984707A819F053FADBF883
:108FA0000030984240F0858007A819F057FA04284D
:108FB000074614D107A819F058FA019B029A0446F3
:108FC0003B44002A3FD1864212D9361A14460199F1
:108FD000404618F080FFA9EB04090190D1E7D8F8CA
:108FE0003C3001985B69022208A9984708A8E2E78B
:108FF000841B544528BF5446032C03EB0607AAEBF9
:10900000040A4FEA94021CD9D8F83C3029465B691F
:109010003846984724F0030304F003061F441D4418
:10902000002ED4D0D8F83C3001225B6908A938461C
:1090300098473246284608A9354418F030FE0026E5
:10904000C5E72646ECE700F00302039203442A1822
:10905000074604920593049BDD1B059BD81B039BCD
:109060009F420FD1002FB2D0D8F83C30012208A97E
:109070005B6998473A4608A9284618F0D2FD78B9A6
:109080003D44A4E7D8F83C30012208A95B69984721
:10909000042208A9284618F0C4FD08B9043FDAE7FD
:1090A000DFF8189048460BB0BDE8F08FDFF810905D
:1090B000F8E7DFF81090F5E7741D002012E000F0EB
:1090C00011E000F022E000F02DE9F0410F4688B0F9
:1090D00016469846044660B390F83450FDB101211D
:1090E00018F031FE0E9BCDF80480CDE902379DF8D3
:1090F0003C308DF81C30237C04960021CDE905110D
:109100008BB90D4901AA04F1080001F071F8DDE9FD
:109110000553E06B002E08BF1D4618F0D6FF284609
:1091200008B0BDE8F081054A01AB2046FFF7F8FD25
:10913000EDE70546F3E700BF79200200ED8E000061
:109140007FB590F84260019204460DF10B030A4688
:109150003046124918F0C1FF012EE36B054619D1C4
:109160005B69324603A998479DF80B10039B019A4F
:1091700059B19BB243EA02430393E36B9B6901221B
:1091800003A92846984704B070BD1B0C1B0492B27B
:109190001343F1E79B69012201A9F3E7741D002045
:1091A0002DE9F04F99B00F4609920A69416C0E9370
:1091B0001439D31DB3FBF1F3013302EBC302036B8C
:1091C00093420446C0F00D820023DFF820940D93F3
:1091D000E36A07931946484601F076F8D7E9033663
:1091E00004930E9B022B4ED1CC2E40F08A81099B1A
:1091F000002B42D03946204618F0C6FF656C079A0E
:1092000014906B1E1340ED1AE36B78685B690122C2
:1092100016A9984716A819F019F900280CBF0423BD
:109220000823782E06933DD90123002505934FF09E
:10923000080A3B6805990E98C9F80030C9F8106013
:1092400019F026F94FEA9A031093DDF81CB089F85B
:10925000140000230B930F9308930C93616C4A1E28
:109260000BEA02028B1A002E38D05544AB4240D88C
:10927000236B5B1A13442363ABE0049B1B681493BA
:1092800008230693D0E7656C079A6B1E1340782E6F
:10929000A5EB030516D8FB7D7BB9099B002BB3D149
:1092A00004230693331DAB4210D9A6B1082DBBD8B9
:1092B000042500230593AA46BBE7099B002BA3D1F5
:1092C0000823EEE7099B002B9ED1D9E700250595E1
:1092D0004FF0040AADE704250596F9E75345C7D3D7
:1092E0000BEB0A030393B046089B002B18BF032324
:1092F00013E0A3EB0A039E42B0460BEB0A0228BF21
:1093000098469E420392EFD9D9F810200123964245
:1093100089F8173071D1C9F804B0089399F817305B
:10932000002B6CD099F818200899D31C09EBC303C3
:109330000132C3F804B0A3F80880997289F81820A4
:10934000B8F1000F14D00E9B022B5BD10B9B7BB9A5
:109350000F9B4344032B0BD9E36B03989B690122BA
:1093600014A998470546002840F03D8101230B933E
:10937000089B0193059B009399F814203968434694
:1093800016A800F057FFE36B109A9B6916A9584680
:109390009847051E0D9B18BF5B460D9352464346EA
:1093A0005946204618F0C4FD236BC9F8080008F19F
:1093B0000302A3EB0A0322F003029B1A2363002D8E
:1093C00040F011810F9BDDF80CB04344A6EB08067A
:1093D0000F935946204618F07EFD00258346002E47
:1093E0007FF43CAF814A39689368E36252680E9B10
:1093F00004F1080000F0ACFEDEE002238DE7C9F8BE
:1094000004B09DE7099B002B30D1049BB8F1030FFA
:1094100043440A9327D9E36BDDE903019B694FEAD3
:10942000980298470546002865D118F003025FD0DE
:10943000049B28F003052B440493039B1D444FF029
:10944000FF330499159315A818F029FCE36B2846FF
:109450009B69012215A998470A9B04930546002D94
:1094600086D0039B99E7039D4246E8E7039B0A9356
:1094700007F120031193FB7D78689BB13D7E0C9A28
:109480000023D9B28D4211D9119931F8331091428C
:1094900003F1010C26D907EBC3030699D8690A44E6
:1094A000104403E00C9B069A13441844E36B01221A
:1094B0005B6915A99847159B13930C9B0A98043375
:1094C0000C93E36B01229B6913A99847039B0A9AAB
:1094D00043449B1A042B054607D978B91346043335
:1094E0000A93C8E7521A6346CBE70A9B0393B6E791
:1094F0000A9B04933CE70A9B0493B2E70A9B0393FD
:10950000AFE73B4E04F1080303932368079A606CAE
:10951000A2EB030ABAFBF0FA00FB0A3019F06EF86E
:10952000E16A8046204618F0D6FCA26A82424AD000
:10953000626CD9F808302568E062511E0B40216B3F
:10954000891A0B4423630D9B5D1BB5FBF2F5AA45FD
:1095500036D1079BB3EB080A12D0E36B4FEA9A02AD
:109560009B6941469847E36A079A5344E362236B39
:109570009B1A434483462363039818F0DBFEDA46C4
:109580002368616CE06B01FB053118F0ACFF2046ED
:1095900018F0E4FB204618F0E1FC2063BAF1000F5C
:1095A00011D03A69616CD31D1439B3FBF1F3013367
:1095B00002EBC3029042A8D2304619B0BDE8F08F4A
:1095C0004FF0000ADCE73A69616CD31D1439B3FB34
:1095D000F1F3013302EBC302236B9342BFF4F8AD06
:1095E000EAE7044EE8E72E468CE700BF1C1D00208A
:1095F00023E000F006E000F02DE9F3471E46436942
:109600009DF82890B3420446884617463DD300256E
:109610008DF80750204618F06DFBD4F830A0824535
:109620000AD2236AB5EB430F06D200220DF10701DF
:109630002046FFF7B1FB30B39DF80730012B05D171
:1096400000220DF107012046FFF7A6FBB9F1030F39
:1096500006D03146204618F038FB256B854218D3DA
:109660000D4D4FF0FF31284600F02EFE4B460022F4
:1096700029462046C5E90376C5F8008002B0BDE85A
:10968000F047FFF78DBD0135C4E7044802B0BDE8DF
:10969000F0870348FAE700BF481D00200FE000F004
:1096A00006E000F02DE9F04790F8426086B0012E08
:1096B00005460391A1EB020715D1B7F5807F28BFBE
:1096C00003264FF06408DFF848A100244FF6FF7925
:1096D00095F84230012B14BF322364239C420AD3F5
:1096E0005FFA88F415E0B7F5803F34BF0126022603
:1096F0004FF03208E7E705AB22465146284618F0FE
:1097000021FD95F84230012B059B34D14B452DD1DD
:10971000E4B295F84230012B0CBF64223222121BB6
:10972000B24217D3012E39D10022012B05978DF8B3
:10973000132027D1082205A90DF1130018F0B5FE5A
:109740009DF81330059A42EA032221462846FFF786
:10975000F7FC40B102232E4900930968CC2303AAE9
:109760002846FFF749FF06B0BDE8F087DBB203B932
:1097700002340134ACE7591CCAD09BB2002BF8D19B
:109780000134F6E7102205A90DF1130018F08DFE43
:109790009DF81330059A42EA0342D6E7039A0592F0
:1097A000012B23D10823202205A90DF113008DF8E8
:1097B000133018F07AFE9DF8132012022146284635
:1097C000FFF7BEFC95F84230611C012BC9B21AD1DB
:1097D0000028BFD1BDF814202846FFF7B1FC0028AF
:1097E000B8D10234BDF81620E1B2AFE71023202231
:1097F00005A90DF113008DF8133018F056FE9DF8F1
:1098000013201204DAE70028A4D1059A9EE700BFCE
:10981000741D0020032A2DE9F34106460D46174624
:109820001C4606D1237A012B23D0012002B0BDE8CB
:10983000F081DFF8608009680DF107034246FFF709
:10984000C3F960600028EDD19DF80720237A032A30
:10985000E8D0D8F804106A689142E3D1012B296955
:10986000D4F80CC007D172690CEB0103934202D902
:109870002074207CDAE708316144E1603B46012234
:1098800029463046FFF78CFC60600028CAD00020D3
:10989000CCE700BF481D00202DE9F341089C032AB6
:1098A0002668174606D1237A012B24D0012002B066
:1098B000BDE8F081DFF890800DF1070342463046A5
:1098C000FFF782F960600028EDD12568D8F8040020
:1098D000A96AD5F844C0227A4840CCF10003184068
:1098E000E1D1012A09D1E268D8F810301344726935
:1098F000934202D92074207CD9E72868EB6A1B1AAE
:10990000081AB3FBFCF3B0FBFCF083420BD1706C84
:10991000F36A421E1340326B121A13443363284613
:1099200018F0D9FAE862D8F81020E36806492068F0
:1099300008321344E36001223B46FFF731FC6060CC
:109940000028B0D00020B2E7481D00202DE9F04FDC
:109950004FF0FF334FF6FF72002500F10806C0E913
:10996000092387B00446C3620562056330460F468B
:1099700018F0E0FC204618F0F1F928BB20463946E3
:1099800018F06CFA204618F0E9F928BB8A4D2046F9
:1099900018F017FBECE0E26B2368606CD2F814C09F
:1099A00001A9052200FB0530E04701A818F0F6FDEB
:1099B000012828D12946204618F021FA421C2946C0
:1099C000204618F0EAF90135E3699D42E3D32046C9
:1099D00018F0C4F90028D1D000254FF6FF73C4E970
:1099E00008534FF0FF39CA46A846E369984514D397
:1099F000A5EB0905012D37D8636A4FF6FF72934234
:109A000047D16E4DC3E718F0F3FD0028DBD029469F
:109A1000204618F0F4F90246D1E72368E26B606C47
:109A2000576901A9052200FB0830B84701A818F0C2
:109A3000B5FD834601A818F088FD0746584618F082
:109A4000D2FD70B15745236A38BFC4F82480B945A8
:109A500003F1010328BFB946BD42236238BF3D462A
:109A6000BA4608F10108C0E74FF6FF7363620025AC
:109A7000E3699D42C0D2676C2068E36B05225B6995
:109A800001A907FB0500984701A818F05EFD013504
:109A9000EEE7E26B676C2068556901A9052207FBB8
:109AA0000300A84701A818F050FD626A2368606CA3
:109AB000434D00FB023018F0A1FD4FF0FF33A062D0
:109AC000E3622A460DF103036FF001012046FFF720
:109AD0007BF8002850D1AD68E5622946204618F091
:109AE00019F9206320B9E16A204618F0F4F9E06220
:109AF0002946204618F0EFF90546A36A9D423DD15C
:109B00006569626CE91C143A2046B1FBF2F105EB81
:109B1000C1050335B5FBF2F518F053FA0235A8423A
:109B200080463DD2616A204618F048F90027064673
:109B300004F1400A474512D3626C236802FB0639E0
:109B4000E36B05225B6901A94846984701A818F014
:109B5000FCFC534602464946E06B18F051FD314685
:109B6000204618F02BF90137AF420646E2D3154DD7
:109B7000284607B0BDE8F08FA56AADE72946204624
:109B800018F0C8F8236B0344294607462363204690
:109B900018F0A1F90546002FAFD1C4E90B07ACE7D7
:109BA000304618F0C7FB0023074A19462046FFF746
:109BB000B7F80025EBE600BF03E000F016E000F088
:109BC000481D002013E000F015200200634A002326
:109BD0002DE9F041176813600E46044618B9604D30
:109BE0002846BDE8F08190F834500DB3096802684A
:109BF000914240F0AA8071684268914240F0A5808D
:109C0000B1688268914240F0A080F168C2689142D8
:109C100040F09B8031694269914240F09680B16981
:109C2000C26B914240F09180726982611D46D7E714
:109C300050222946D0F8388018F01DF83368236088
:109C400073686360336963617369A361D6E9021263
:109C500004F10800C4F8388018F07EFBB369E363B0
:109C600004F140009B68984794F8432020B1E561D7
:109C7000002AB4D03B4DB3E7656C002DF7D0666881
:109C8000B6FBF5F3E361002AA9D0B542F2D8226809
:109C9000B2FBF5F105FB1122002A58D105FB136335
:109CA000002B54D1204618F025F8A369043303444F
:109CB0009E424ED3636940F63472CC3B93424AD8FD
:109CC000B5F5007FD6D30321204618F03CF8E36BAE
:109CD000D4E900011B689847E36B0546DB68022066
:109CE00098471DB1002384F834301EE039462046E1
:109CF000FFF72CFE1C4B9842054604D139462046FE
:109D0000FFF724FE0546636C143B002DEAD1226A5E
:109D1000204602FB03F617F0EDFFA369043303446A
:109D20009E4206D284F83450104DE06B18F0CDF905
:109D300056E70F4A012384F834301368D4E9000150
:109D40000133136014F079FCEFE70A4D48E70A4D40
:109D500046E7064D44E7094D42E700BF383500208D
:109D600009E000F004E000F013E000F002E000F091
:109D70003435002008E000F001E000F005E000F0DC
:109D80002DE9FF410F4690461E46054698B390F8D0
:109D9000343093B3B1F5801F31D21A4C022117F041
:109DA000D2FF22460DF10F0339462846FEF70CFF7D
:109DB000024678B10123009342463346394628468D
:109DC000FFF71AFC0446E86B18F07FF9204604B050
:109DD000BDE8F0819DF80F30012BEBD12169B14234
:109DE000E8D10093414633462846FFF7B5F80446CC
:109DF0000028DFD1E7E7044CE8E7044CE6E7044C31
:109E0000E4E700BF741D002009E000F007E000F067
:109E10000AE000F02DE9FF410C4616461F460546B4
:109E200088B390F8343083B3B1F5801F2FD2DFF8B8
:109E30007C80012117F087FF21460DF10F03424678
:109E40002846FEF7C1FE044670B99DF80F30012B7D
:109E500011D1D8F81030BB4213D1009002463146E0
:109E60002846FFF779F80446E86B18F02EF92046EB
:109E700004B0BDE8F081074C074A022B08BF144626
:109E8000F2E7064CF0E7064CF1E7064CEFE7064C2C
:109E9000EDE700BF0BE000F00CE000F011E000F097
:109EA00009E000F007E000F00AE000F0741D002077
:109EB00070B586B00E4603920546A0B390F83430D4
:109EC0009BB3B1F5801F32D2022117F03CFF194A33
:109ED0000DF1170331462846FEF776FE044618B901
:109EE0009DF81730032B0ED10223009303AACC2335
:109EF00031462846FFF780FB0446E86B18F0E5F88A
:109F0000204606B070BD022B0BD10A49284618F036
:109F10003BF9039981420246EFD02846FFF7C2FB86
:109F2000EAE7054CE9E7054CEAE7054CE8E7054CAC
:109F3000E6E700BF741D00200DE000F009E000F02E
:109F400007E000F00AE000F073B50C46164605463F
:109F500030B390F834302BB3B1F5801F24D20121F7
:109F600017F0F1FE2146114A0DF107032846FEF7CE
:109F70002BFE044680B99DF80730032B0CD0022B32
:109F80000CD10A49284618F0FFF83060E86B18F049
:109F90009CF8204602B070BD054CF7E7054CF5E78C
:109FA000054CF6E7054CF4E7054CF2E7741D00207C
:109FB0000BE000F00DE000F009E000F007E000F039
:109FC0000AE000F0F7B50C461646054668B390F86F
:109FD000343063B3B1F5801F2BD2022117F0B3FEEA
:109FE000154A0DF1070321462846FEF7EDFDC0B9DD
:109FF0009DF80730032B14D0022B14D10E492846AC
:10A0000018F0C2F8471C024639462846FFF74AFBBB
:10A01000044606B13760E86B18F057F8204603B0E5
:10A02000F0BD064CF7E7064CF5E7064CF6E7064CA4
:10A03000F4E7064CF2E700BF741D00200BE000F0CF
:10A040000DE000F009E000F007E000F00AE000F0A9
:10A050002DE9F3411F4600230C4616463B6005469A
:10A0600050B390F834304BB3B1F5801F28D2DFF8ED
:10A070006480012117F067FE21460DF10703424677
:10A080002846FEF7A1FD0446A0B99DF80730032B32
:10A0900010D0022B0AD10123336004233B60E86B0C
:10A0A00018F013F8204602B0BDE8F081D8F810305F
:10A0B0003060F3E7034CF2E7034CF3E7034CF1E7BE
:10A0C000034CEFE70BE000F009E000F007E000F0E0
:10A0D0000AE000F0741D002030B50C4685B005463E
:10A0E00028B390F8343023B3B1F5801F23D2022176
:10A0F00017F029FE0DF10F03104A21462846FEF7FE
:10A1000063FD034688B99DF80F20032A0DD0032272
:10A110000092214602462846FFF76EFA0446E86B95
:10A1200017F0D3FF204605B030BD054CF7E7054CCE
:10A13000F8E7054CF6E7054CF4E700BF741D002076
:10A140000BE000F009E000F007E000F00AE000F0AA
:10A150002DE9F04346688EB3056898464FF0000C31
:10A16000A946AE4655F83C40C4F3130701340CF140
:10A17000010C01D0B94218D066450EF1080EF1D19C
:10A180002F46002403E0A64207F1080713D055F834
:10A190003430013304F10104F5D1C1F3130141EA74
:10A1A0000851C7E90012BDE8F08341EA0851CEE941
:10A1B0000012BDE8F083B8F1030F03D1012303724D
:10A1C000BDE8F083002303E09E4209F10809F5D0C1
:10A1D00055F83340C4F30754032C03F10103F3D1C2
:10A1E000C1F3130343EA0853C9E90032BDE8F08321
:10A1F0002DE9F043476883B0CFB1064688469146C3
:10A200000024336853F83450C5F30752C5F31301E3
:10A21000013503EBC403304604F1010405D05B684B
:10A22000CDF80090C04710B17768BC42E9D303B0C5
:10A23000BDE8F08373B5044622489DF81850012A02
:10A2400000EAC11123F07C4007D9961E012E28D9BF
:10A25000073303F07F03194308E09DF81C30DB0649
:10A260000A4303F0C053134343F060410023C4E9A1
:10A2700000108DF80730B5B1202221460DF10700FE
:10A2800018F013F91A220DF10700211D18F00DF92D
:10A2900063689DF8072043EA82636360082002B088
:10A2A00070BD1143E2E71B220DF10700214618F0B3
:10A2B000FCF823689DF8072043EAC263236004206A
:10A2C000EDE700BF80FFFF0738B5094B04461A6869
:10A2D0000D46002117F0CFFC00234FF0FF322383FF
:10A2E000C4E900252361A260E382A37638BD00BFE4
:10A2F0006C5702000138C0B205289ABF014B185CA8
:10A3000001207047046202002DE9F0410E465968B1
:10A3100088B007461546490A0024012922464FEA1B
:10A32000510104F10104F8D8DC7899781B882403E2
:10A33000C90201F4006104F480540C43C3F30A031E
:10A340005203234492B29C18284B03934FF0000809
:10A3500025F0784302A90DF107001B2202938DF826
:10A36000078018F0A2F89DF80720029B8DF807805F
:10A37000ED4343EAC26302A90DF1070025F07845D9
:10A380001B220493029518F090F89DF80720029B79
:10A390006FEA044443EAC26305936FEA14444FF042
:10A3A000FF3306930794BB6907A9012206F1100049
:10A3B0009847BB6905A90446012206F108009847A1
:10A3C000BB69404518BF044604A90122301D9847C7
:10A3D000BB69404518BF0446012203A9304698478F
:10A3E000404508BF204608B0BDE8F08101009AB2A0
:10A3F000431E033306D8044B984228BF18466428EE
:10A4000038BF6420704700BF40420F00F8B50546D2
:10A4100014F019F90F4B1E68074626B9384614F098
:10A4200016F9344611E0B4688CB194F810C01CF0F1
:10A43000010F0CD195E80F004CF0010C84E80F00DF
:10A4400084F810C0384614F002F92046F8BD36688A
:10A45000E3E700BF4811002038B505460C4641B17E
:10A460000B6833B11B68013303D0CB680BB18B6829
:10A470004BB918F054FABDE838404FF492724121BC
:10A48000002000F0BBB9084600F008FC0023044A95
:10A4900085F8DC30C5E92343C2E9003338BD00BF8D
:10A4A000B014002010B5044618B9054B054A1360D6
:10A4B00010BD03F08BFFD4F89830002BF6D1F4E7F1
:10A4C0003526020044110020014B1868704700BF78
:10A4D000B014002010B50C4603F0B6FF054B002168
:10A4E0005B68032098471CB105F0B4F80128FBD144
:10A4F00010BD00BF5011002008B502460868FFF7E4
:10A5000077FF08604868FFF773FF48608868FFF7C7
:10A510006FFF8860C868FFF76BFF0B69C860581C45
:10A5200003D00B48834228BF03460B614B69581C7C
:10A5300003D00748834228BF034688694B61FFF771
:10A5400057FFBDE808408861104604F0D9BD00BF40
:10A5500040420F002DE9F84FD0F8903006460F46E4
:10A5600013B1038B8B4244D0D6F88CB0BBF1000FF3
:10A5700042D0DBF80830002B3ED0DBF80C1000296D
:10A580003AD0D6F8A0A0BAF1000F38D04FF00009A9
:10A590004D46C84601E0DBF8083005EBC50203EB89
:10A5A00082040135E389BB4214D8238ABB4230467A
:10A5B00010D3B4F91220B6F924309342A04653DDEB
:10A5C00096F8D010F7F72AFB337D834281464BD9AA
:10A5D000DBF80C108D42DED3B8F1000F3ED0002323
:10A5E000424619463046D0473783C6F8908086F8F1
:10A5F000D9900020BDE8F88F0320BDE8F88FD14640
:10A600005446524647F6FF7504EBC40803EB88082E
:10A61000B8F80E30BB421BD8B8F81030BB4217D385
:10A62000B8F91220AA4207D14FF0FF093783C6F8C4
:10A63000908086F8D990DCE796F8D0103046F7F78E
:10A64000EDFA337D834281464246EFD9DBF80C10A8
:10A650000134A14204D9DBF80830D5E70120C9E76D
:10A66000002AFBD09046E1E7A046B8E72DE9F04785
:10A6700082B004468946164604F0BAFF3B4D08B145
:10A6800000236B602B68D4F88CA0D4F890700BB1C9
:10A6900053454BD04FF00008C5F8089004F0DAFF9E
:10A6A000012836D12B68DAF800103A6813B118681F
:10A6B000884246D0204618F05CFBC5E900A7D4F8D4
:10A6C000A0508DF80760002D42D000220DF1070345
:10A6D00011462046A847204604F0E4F90546B8F1A3
:10A6E000000F00D08EB1B5FA85F040F2DE3240099D
:10A6F000332100F083F83146204604F0B3FB1C4BB5
:10A7000005461B68394620469847284602B0BDE8F2
:10A71000F087012003F098FE164B00215B680320B0
:10A72000984704F097FF0128FBD1BBE76B68002B2B
:10A73000B0D0BB42AED1AB68994514D04FF0010800
:10A74000AAE7696811B109689142B6D05968B1E7C2
:10A75000217D94F8D930994228BF194632462046C7
:10A7600004F074F9B7E70025CFE700BFB01400206C
:10A770004411002050110020F8B505460E4613F094
:10A7800062FF314607462846FFF7E4FE044620B143
:10A79000384613F05CFF2046F8BD04F00BFF22465C
:10A7A00031462846FFF762FF04460028F0D195F9AC
:10A7B0001030002BECDA284618F0B6FB0028E7D062
:10A7C0002246A97D284618F001FB0446E0E700BFB9
:10A7D00013B50446694618F00AF8204618F02AFA1C
:10A7E000FF28024606D09DF800102046F7F796FA9B
:10A7F00002B010BD0048FBE70080FFFF08B550B96C
:10A800000548064B01601A60054B1A68054B1A6033
:10A81000186806F053FD08BD4C110020403500209B
:10A82000103600203C3500202DE9F0411B4A8AB04B
:10A8300001AC05460B4602F1200C27461068516812
:10A84000264603C6083262453446F7D1002B08BFBE
:10A850003B4610683060002703F10C061C46384662
:10A8600090B95FFA87F821884246284618F0F5FA31
:10A8700050B9E1884246284618F000FB20B942460C
:10A880003146284618F00CFB0137032F06F1080665
:10A8900004F10204E4D10AB0BDE8F08120620200B4
:10A8A000F0B589B005460E4618F009FB044600BB1A
:10A8B00006F10C070FCF01AC0FC497E8070084E83E
:10A8C000070001A92846FFF717FE311D284618F09A
:10A8D0005EFB044648B90849284604F0D3FB044609
:10A8E00018B9284604F03EFF044631682846FFF7B1
:10A8F0009BFF204609B0F0BD18620200014917F025
:10A90000DCBF00BF35F7000070B5164E0328337862
:10A9100004460D461ED023FA04F202F00102AA42B8
:10A920001DD053B10122A24023EA0203A5402B43CC
:10A93000DBB233704BB1012070BD2DB10A4B012049
:10A940001B6898473378EDE73570074B00201B688C
:10A950009847F0E79A07DED003F0FC03E9E7002010
:10A9600070BD00BFBA4000208035002038B50446D5
:10A970000D4604F0B1FF60B104F050FE48B9012D5E
:10A9800007D8012018F044FA0D4B1B6823B15B680F
:10A9900098470C4B1C7038BD14F067FA0A4B1A68C4
:10A9A000801A1860F9F70CF8084B1B684FF47A729C
:10A9B00002FB003017F07FFF012004F037FEE8E7CC
:10A9C0000036002010140020783500207C3500204F
:10A9D000F8B5124F05460C4613F035FE3B78064697
:10A9E00033B1012D04D01CB90D48F8F78DFE3C7031
:10A9F00021462846FFF788FF0A4B1B7804463BB9DF
:10AA00003B782BB918F0D7F910B1074B1B68984762
:10AA1000304613F01CFE2046F8BD00BFBB400020AE
:10AA200054350020BA40002050110020054A0B4642
:10AA3000117831B100211170034A18785268012150
:10AA400010477047BB40002050110020124B0239C4
:10AA5000012910B518701ED804F03EFFD8B104F0DB
:10AA6000DDFDC0B104F0ACFBA8B90C4B1C6834B1DF
:10AA700023689847BDE81040002018F0C9B917F0C6
:10AA800018FF074B186014F0F0F9064B18602046C9
:10AA900004F0CCFDEEE710BD1014002000360020BD
:10AAA0007C3500207835002038B5044680B113F09D
:10AAB000CAFD012104460846F8F758FA0121084664
:10AAC0000A4A14F084F92046BDE8384013F0BFBDAF
:10AAD00013F0B9FD214605460120F8F747FA012099
:10AAE000024A214614F073F92846EDE74462020059
:10AAF000F0B5324D85B013F0A6FD2B78044623B196
:10AB00002F48F8F701FE00284AD1F8F7A9FE02AA5B
:10AB100003A918F03AF90346002832D018F049F991
:10AB2000029B98421ED10020264B03991B68264E9B
:10AB30009942307021D9C91A00270123CDE9007745
:10AB40001F482B70214A334614F06BF900282FD18F
:10AB50001F4A1378D90717D4204613F078FD002038
:10AB600005B0F0BD18F023F9029B98421ED0154B9A
:10AB7000154A1B680393002010700121FFF7C4FEE3
:10AB8000EAE720462B70E8E731780029E4D103F0AA
:10AB9000FE031370002BDFD10E4B1B689847DBE7D9
:10ABA000204613F054FD032005B0F0BD0220BBE7A2
:10ABB000032320462F703370F3E700BFBB40002013
:10ABC00054350020743500200F1400202DAA0000F9
:10ABD000BA4000208035002038B5134D13F033FD06
:10ABE0002B780446C3B9114A11491370114B124A0C
:10ABF0001A601248124A5A60F8F732FA114912489C
:10AC0000F8F72EFA114B124A1A60124B1B68124BBE
:10AC100002221A6001232B70AFF30080204613F04C
:10AC200016FD002038BD00BFBC400020BB40002006
:10AC30004C62020050110020F1AA000044350020AF
:10AC4000D1A90000546202004C350020803500205C
:10AC5000A9AA000000300E4074350020431C08D023
:10AC6000044AD2F83C311B0C1B0480B20343C2F8E7
:10AC70003C3170470040084030B5074B85B00C466A
:10AC8000D3F8C05000950022694617F034FE0CB18D
:10AC900000B9256005B030BD0081E00F054BD3F849
:10ACA000B400431C14BFC0F380700120A6223121E0
:10ACB000FFF7A4BD0081E00F034B1A689B88026078
:10ACC00083800020704700BFC21300200F4B06286E
:10ACD000D3F8883104D183F40013C3F34050704794
:10ACE000022805D113F4400F0CBF0120002070474B
:10ACF00050B9074AD2F8D40010F0010005D083F40F
:10AD00008003C3F3805070470020704700400E401E
:10AD10000081E00F0C4A5288B2F5E16F94BFC8225F
:10AD20005A2210B594BF7824502490428CBF172229
:10AD300010220A70054A0346107818B19C422CBFB5
:10AD40000020012010BD00BFC213002014140020F9
:10AD500013B5234B1B780E2B04463ED00DF1070193
:10AD6000FFF7D8FF1E2C8CBF1E4C1F4C9DF80730E0
:10AD70004FF001028CBF01210021C4F8082170B1FD
:10AD8000194A4DF60174C2F804411B0202F1007227
:10AD900043F44043C2F80431144AA2F8D430134AB1
:10ADA000134C92F8D83023F00103034323F002033D
:10ADB00043EA4103DBB282F8D83024786CB923F03F
:10ADC000040343EA800323F00803B2F8D440A2F856
:10ADD000D64043EAC10382F8D83002B010BD00BFAC
:10ADE000C21300200040084600400844001F002114
:10ADF000BF400020084B094AD3F88831DB4303F4F5
:10AE0000FE1343F40053B3FA83F30E33A3EB43135F
:10AE1000013B1370704700BF00400E401314002028
:10AE200002280CD0062802D020B100207047054B24
:10AE300018787047034B18780430C0B27047072069
:10AE4000704700BF131400202DE9F7433A4E3B4FE3
:10AE500096F8009015463A4AD2F8C820B9F1020F88
:10AE60000446884607EA02071AD147EA006788F8CD
:10AE70000000002372882B60B2F5E16F94BFC822F6
:10AE80005A2227F47F57944227F008079ABF380ABE
:10AE900000F47F5043F6C870384303B0BDE8F08338
:10AEA000284A1278904228BF144604EB83030B70A3
:10AEB000F4B1013CE4B24FF030632B606A4601A963
:10AEC000204617F051FDDDE9002347EA03671E4BDA
:10AED00098F800101B7847EA823747F47F5747F00D
:10AEE00008073BB90029194B18BF4FF07F43C1E752
:10AEF000164BE2E7164B1748B9F1060F08BF034699
:10AF00002AB90029114B18BF4FF07F43B2E7B2FABC
:10AF100082F2C2F11F02D2B29B5CDBB239B15A1E7F
:10AF2000D2B2FD2A05D81B0643F00403A2E7074B63
:10AF3000A0E74FF07F439DE7C21300203F00C0E031
:10AF4000001F002113140020C04000200400000B4B
:10AF5000B883E00FB083E00F2DE9F3410446C82029
:10AF6000FFF7F6FE2B4B2C4E18780E2801D0FF2C45
:10AF700005D1FF243470204602B0BDE8F0810228DC
:10AF80002DD1072C204628BF072001284FF00003B1
:10AF900001AA0DF1030138BF0120FFF755FF054657
:10AFA0001E4B1F4FDDF80480C3F85881C7F8C85006
:10AFB0009DF8034034702046FFF7CAFE194A4FEA55
:10AFC000082303F4E063127843EA1863A7F8D0304B
:10AFD000002AD0D1C7F8CC50A7F8D230CBE7A0B91F
:10AFE000052C32BF002701270420201A3B4601AA66
:10AFF0000DF10301C0B2FFF727FF4FF480030546B0
:10B0000037B1094AC2F80831CAE700273846ECE7E9
:10B01000064AF7E7C213002015140020004008403C
:10B02000001F0021BF4000200040084600400844A7
:10B0300008B501F0C1FA094B094A002818BF1A46A1
:10B04000136823F47F115B0803F4FE130B431360B2
:10B05000044B4FF00072DA6108BD00BF00410840A8
:10B06000184108400040084008B501F0A5FA064B19
:10B070004FF4001228B1C3F800214FF000621A62A9
:10B0800008BDC3F81821F8E700400844014B1868D0
:10B09000704700BF84350020436C012B38BF01236B
:10B0A0002DE9F0479A46464B464F9B69464E474D21
:10B0B00003F4E073A3F5C072804645485142514104
:10B0C00002685245434A0FD114788C420CD198F84B
:10B0D000D0C03C78A44507D198F815C03478A44571
:10B0E00002D1A888BDE8F087B3F5C07FC0F800A002
:10B0F00011704AD1D8F8944024B12368082B58D94C
:10B1000094F838400F21204617F010FCBAFA8AF361
:10B11000002852D0B0FA80F29B1A002BC6BFD8404C
:10B12000C3F10F094FF00F09504501D909F1FF395B
:10B13000234B2004C3F8BC0003F1806340F6FF7288
:10B14000C3F8B82003F100734FEA0921C3F8B8101F
:10B1500017F01DFCA88000F02BFF09F01F094FF429
:10B16000FA7304FA09F45C4341F66A03B0FBF3F0A6
:10B170000A23B4FBF0F45C43174B1C6098F8D03002
:10B180003B7098F815303370ABE798F8D030062B49
:10B1900006D1124B1B78002B0CBF9624C824B1E7B4
:10B1A000022B08D00D4B1B78002B0CBFB424F024CD
:10B1B000A8E70024A6E73224A4E74FF00F09B7E779
:10B1C000006008401214002011140020C213002057
:10B1D00058110020C240002084350020C0400020CB
:10B1E00070B506460C46154617F09EFE58B3F27C25
:10B1F000D31E012B1ED9112A03D81D4BD340DB07C8
:10B2000018D41C4B1C4AC3F8502103F100730022D0
:10B21000C3F850210025174B40F2F712C3F8502114
:10B220002B01164A03F4F87305F007052B43C2F807
:10B2300050311AE00F4B104AC3F8502103F100734C
:10B240004FF44402E4E7FF2C0DD00A4B0A4AC3F83E
:10B25000502123042405094A03F4E02304F0F87480
:10B260002343C2F85031FF2DD5D1002070BD00BF5F
:10B2700084F60300004008440000F701004008463F
:10B28000F8B5134B134E1F68134D384601F080F983
:10B290003378C4B2A34201D12B78A3B1092C14D8BE
:10B2A0000E4B012C195D05D10D4B1B78022B01D1E2
:10B2B00041F0400101F00F0238460909FFF790FF05
:10B2C000002334702B700020F8BD0024FA21F1E730
:10B2D00010360020BE400020BD4000205C6202000D
:10B2E000C213002038B5044600F00AFE14220021E3
:10B2F0002E4816F0C0FC2E4B25781A782D49521B8B
:10B3000018BF01220A7022681A60C820A2889A8099
:10B31000FFF71EFD284BD3F8C820284BFF211970DA
:10B32000274B2849062D03EA0203274A1AD14FF476
:10B33000EE40C2F824014FF48A42C1F824210122D0
:10B3400043F08043C1F820211B4AC2F8C8301E4B8D
:10B350000322C3F85821FFF793FF1C4B01221A70F8
:10B36000002038BD022D4FF007000ED1C2F80C01AD
:10B370000620C1F80C011649C2F808114FF44041EB
:10B3800043F00303C2F80411DEE7C2F80C01052004
:10B39000C1F80C01C020C2F8080143F080438122AB
:10B3A00043F00403C1F80821CEE700BFC81F002105
:10B3B000C2130020BD400020001F002115140020F2
:10B3C0002800C0A00040084600400844C1400020BA
:10B3D000C1004000014B1870704700BFC040002002
:10B3E00073B5264B044618780E2841D0FF2C42D066
:10B3F00000283AD1052C32BF002301230420201A53
:10B4000001AA0DF10301C0B2FFF71EFD1C4EC6F8E4
:10B41000CC00019A96F8D850130203F4E06343EA93
:10B420001263A6F8D2309DF803400DF102012046C8
:10B43000FFF770FC05F0FB051E2C45EA800594BF64
:10B440000023012325F0080545EAC30586F8D850F6
:10B450009DF802200B4B43EA0223A6F8D6300123C5
:10B46000094A2046137002B070BD00231846C6E793
:10B470000023FF24F4E70023F2E700BFC2130020FB
:10B48000001F002100C0FFFFBF400020104A114BE9
:10B4900000201870D2F8C830C2F8CC30B2F8D030E2
:10B4A000A2F8D230B2F8D430A2F8D63092F8D83020
:10B4B00003F0FB03990001F004010B4303F0F703D1
:10B4C000990001F008010B4382F8D830704700BFA3
:10B4D000001F0021BF4000202DE9F0472D4C2E4BCE
:10B4E000236000F065FD4FF4FA7307464FF47A7657
:10B4F000B0FBF6F629482A4A7343190E1B021818A6
:10B5000041F100010023FDF733F8A0F580730546F3
:10B51000A36220B966222B21FFF770F901254FF4B1
:10B520007A726A434FF0000A534650083102FDF721
:10B530001FF81C4B19601C4BB7F57A7F4FEA056862
:10B540008946044618604FEA152505D276222B213C
:10B550005046FFF753F901264FF47A73A8FB030115
:10B5600003FB05117308C01841F1000100233246A6
:10B57000FCF7FEFF0D4B023419600D4B49F1000939
:10B58000A408186044EA8974024B013C1C63BDE8BE
:10B59000F08700BF005008400211010020A1070001
:10B5A00040420F0094350020903500208C3500205B
:10B5B00088350020044B4FF00052C3F880211A60F8
:10B5C000024B01225A60704700E100E00050084041
:10B5D000074B4FF00052C3F88021C3F88020BFF31F
:10B5E0004F8FBFF36F8F034B04225A60704700BF29
:10B5F00000E100E00050084010B50446A242A2EB72
:10B600000000A3EB010104D2034B1B6B0133184470
:10B61000013901F0030110BD0050084038B50201A6
:10B620000A4B01259D500A4A4FF4807383405366AC
:10B63000044613F008F8074A1378A54023EA0503E7
:10B640001370BDE8384013F002B800BF0051084441
:10B6500000500840C34000202DE9F047154604463D
:10B6600088461E4612F0EFFF022D00F0B880074614
:10B6700012F0F4FF6C4B6D4AD3F8189092F815A0B5
:10B68000DA6D5FFA8AFA520744BFD3F818900AF1CC
:10B69000010A12F0E9FF664B664A1B6811684FEA1F
:10B6A0008A7CA3FB093213F1004301FB09CCD8F8D3
:10B6B00000304CEB020C012D04BF01336344ACEBB2
:10B6C000030C08BFC8F80030BCF1804F0AF0030A31
:10B6D000C0F09880584AD2F800C0584AD2F800E02A
:10B6E000514A23F04041106B4FF000480022ECFB20
:10B6F00001820EFB012282424FEA937381BF013324
:10B700000130121A03F00303A3EB0A03914588BF2B
:10B710004549DFF848C184BF096B03F1FF3303F0EB
:10B7200003030CF80430A2EB0900A3B1F10742BFF8
:10B73000434B41F61F71D966B30742BF404B4149A5
:10B74000D966710742BF384B00211967330742BFE2
:10B75000354B00211965344B04F1100103EB041E35
:10B760000901CEF80C2111225A5037499A694FF03D
:10B77000010EA2EB090A0EFA04F8D3F85C900A78DD
:10B780005FFA88F848EA020282450A7026D34FF42D
:10B790008072A24019EA020F20D11CF80400002890
:10B7A0003FD10DB3F0071A6608D5254B274941F65E
:10B7B0001F7240F20110DA66C866DA66B10706D574
:10B7C0001F4B22491F4A2248DA66C866DA667207AA
:10B7D00042BF204B01229A60330719D4384612F039
:10B7E00036FF0120BDE8F0871B48240140F804E043
:10B7F0005A6612F028FF14490B7823EA08030B70ED
:10B8000012F025FF384612F022FF0020BDE8F08735
:10B81000212000F0B9FA044B4FF480325A603846C8
:10B82000DDE71A663846DAE700500840CC350020DC
:10B83000883500208C35002090350020943500207C
:10B840000050084400001F1FC3400020005008465D
:10B85000000001010040084000510844C44000209D
:10B86000024B1878003818BF01207047C3400020F1
:10B870001030034B0001185800F00100704700BF62
:10B88000005008401030044B01F46001000141F009
:10B8900003011950704700BF0050084038B512F03E
:10B8A000DDFE084B084A9D69547DDA6D520748BF9A
:10B8B0009D69E4B248BF013412F0D6FE284604F078
:10B8C000030138BD00500840CC35002038B50B4B83
:10B8D00003EB001210300001D2F80C411D58FFF7A5
:10B8E000DDFFAB0706D5844200D90139204601F0BF
:10B8F000030138BD844238BF0131F7E700500840EA
:10B9000070B5184CE66B26BB202000F03DFA164BB4
:10B9100010251D6002F0DCFA144B8022C3F8802150
:10B9200001F082FC38B132460020082102F088FC88
:10B930000F4B65669D660F4A536803F07063B3F161
:10B94000807FF9D9074B0C4ADA6641F201421A6747
:10B9500070BD01F069FC0028F4D0054A074B63660E
:10B960009366EFE7005008400040084600E100E021
:10B970000050084600400840011B0118100000025A
:10B9800008B5212000F000FA024B4FF480325A60D3
:10B9900008BD00BF0050084008B5222000F0F4F9AF
:10B9A000024B4FF480225A6008BD00BF005008408F
:10B9B000064B1B68434303EB8171054B1B68A3FBDC
:10B9C000003013F1004341EB000070478C3500203C
:10B9D000883500200D4A10B5146820F04043014618
:10B9E0004FF000420020E4FB0320094A126802FBEA
:10B9F0000300084B1B6B98424FEA917104D9013345
:10BA00000131C01A01F0030110BD00BF90350020C4
:10BA10009435002000500840F8B5064603F0FEFDBE
:10BA2000044608B1FFF7D4FD084D094F00232B61F0
:10BA300030466B61AB617B75FFF7CCFFC9B279759E
:10BA4000A8610CB1FFF7B6FD0020F8BD005008401A
:10BA5000CC3500202DE9F041224F0646386820F40D
:10BA6000700040F4A00038609DF81C401D1E9DF839
:10BA700018304FEA042444EA036444EA021408BF7D
:10BA8000002144EA05440C43FC64D7F82C80B8F547
:10BA9000803F40F2B5224FF018012CBF002001205A
:10BAA000FEF7ACFEC7F83880CDB10F4BB468D3F8C1
:10BAB0008030412C38BF41245B0606D500F02CFBBA
:10BAC00018B10A4BB3FBF0F31C442046FFF782FF8A
:10BAD00001308045034B3ABF0022DA63D863BDE8EA
:10BAE000F08100BF005008400070084000093D0090
:10BAF000F8B5184DAB691B04044626D500F0F2FBDF
:10BB0000AB6913F0787FA0FB04464FEA9367C3F359
:10BB10004450C3F3044505D140F25E422B21FEF7A9
:10BB20006DFE0120AD01B5FBF0F010EB871005D1E3
:10BB300040F263422B21FEF761FE01200246002302
:10BB400020463146FCF714FDF8BD00F0E5FAA0FBF5
:10BB50000401F9E70070084030B50C4C02460120A2
:10BB6000A0F12003C0F1200524FA05F504FA03F33F
:10BB70002B4304FA00F595428B4100D330BD0F28CA
:10BB800001D00130ECE7FF20F8E700BF40420F0092
:10BB900010B50C46FFF7ACFFC30943EA4163C01A76
:10BBA00061EBD111FFF7D8FFFF2814D00C4B0F2207
:10BBB000C3F8802003F1007340F01000C3F8800048
:10BBC00003F17A439B69DBB2802B06D02046BDE8A7
:10BBD000104000F073BB012010BD0220FCE700BF45
:10BBE000007008443B4B082270B501210546C3F89C
:10BBF000C8203948394CF4F775FD394B1D7023784E
:10BC0000013B012B0CD8237CE07B01229A400C21C4
:10BC1000302313FB001303F1884303F520431A601C
:10BC2000304B00225A677DB92F4A4FF6FF71D1671A
:10BC300002F10072F821D1675D672C4B4FF0804212
:10BC4000C3F89420002070BD636853B300F0B0F9CE
:10BC5000626800EB5203B3FBF2F3013B1B0243F0BB
:10BC6000F80326782049224A022E1CD0032E1D48B4
:10BC70004FF6FF7521D0012E27D143F00203CD6787
:10BC8000D36707234367237CE07B01229A400C2182
:10BC9000302313FB001303F18C4303F520431A6098
:10BCA00011E0F823DDE743F001034FF6FF70C867AA
:10BCB000D3670C4B05225A67E5E743F00503CD67D0
:10BCC000D367012343670B4BB8E7CD67D3670023E6
:10BCD000F8E700BF00400E4600350A009835002006
:10BCE000C94000200000084000000844004008440B
:10BCF0000000084600400846F8B5064604460FCE48
:10BD00001C4F3D460FC533682B601B4B1B48082258
:10BD1000C3F8C8200121F4F7E5FC194A0023536752
:10BD2000A37BE17A1B0443EA0123217A0B43936747
:10BD30003B78032B1BD8DFE803F01402080E617B6D
:10BD4000207B00230422F5F743FD217CE07B0023C8
:10BD50000422F5F73DFDA17A607A01230422F5F76C
:10BD600037FD084B1878BDE8F840FFF73BBF0120CE
:10BD7000F8BD00BF9835002000400E4600350A008F
:10BD800000000840C9400020044BD3F89430002B39
:10BD9000BCBF034BC3F88000704700BF00400840A1
:10BDA0000000084008B5074B1B681A68064B920054
:10BDB00019684FF0045015F072FFBDE8084000F01C
:10BDC0003DBF00BFAC350020B035002007B501A84D
:10BDD000F5F790FE134B144AC3F8442148F2E6727B
:10BDE000C3F838214FF40862C3F834210F4AC3F86E
:10BDF000A0200F4A4AF63F41916002F580424FF081
:10BE0000C07191620022C3F8FC200A4AC3F89C204A
:10BE1000094B7F225A6203F1007323225A6203B056
:10BE20005DF804FB00400840C0E653517A27000F3C
:10BE300000300840806D630300300844064B1B78D7
:10BE40003BB1064B064A1A60064B074A1A600020AF
:10BE500070470220704700BFCA400020B035002064
:10BE600094620200AC3500209062020038B51B4B92
:10BE70000022C3F88820C3F88C20C3F89020184A09
:10BE80004FF400715162174A0121D1605A6812F0D3
:10BE9000706FC2F30365F9D14FF00452DA671249AB
:10BEA000124C0122C3F880201966227012F05FFD47
:10BEB0000F4B2570186820B10E4B1868003818BF5A
:10BEC000012040F27E525421FEF798FC0A4B1B6879
:10BED00098470A4B0122DA6038BD00BF0040084095
:10BEE0000000084000400846A01F0021CA40002072
:10BEF000B0350020AC3500205C1100200040084423
:10BF0000034BFD22C3F8C8200122C3F8CC207047A0
:10BF100000400E4638B5FFF7F3FF1B4B1B481C4C87
:10BF20001C490222C3F8C8201B4B1A6842B102EA1E
:10BF30000005A54204BF5D68156008338B42F4D14B
:10BF4000164B0222C3F8C820154B164AD3F83C11F1
:10BF50001160154AC3F8942000F0CCFBFFF736FFC0
:10BF6000124B0322C3F8D820A3F500530122C3F8D3
:10BF700094204FF46072DA604FF04072C3F8F820FA
:10BF8000C3F8102138BD00BF00400E460000FFFF7F
:10BF900000000840B081E00F0080E00F00400E4438
:10BFA00000400840601100200048F0000060084692
:10BFB00008B5F4F74DFA044BD3F81031C3F3082356
:10BFC0000133B0FBF3F008BD00400E4070B50446ED
:10BFD00018B1284D2268531C00D170BDC2F3006314
:10BFE000110C35F8130011F0FE0F93B243EA004331
:10BFF000606818D00434CAB2022A216808D9D4E98A
:10C000000160033AC3E9001698600C340C33F3E77F
:10C0100004D16268C3E900120834DBE7012AD9D1F0
:10C0200004341960D6E7120F072AF5D8DFE802F0CA
:10C030000704090D1013181DC04303F18063186035
:10C04000EAE71A6842401A60E6E703F1C063F6E7E0
:10C0500016F0CBFCE0E70122824003F1C063F2E777
:10C060000122824003F18063EDE71A6830EA0202A0
:10C07000FBD1D1E76E620200024B0122C3F894208B
:10C08000704700BF00400846024B0122C3F89420CD
:10C09000704700BF00400844024B4022C3F8942080
:10C0A000704700BF00400844024B4022C3F8942070
:10C0B000704700BF0040084608B50C4B1B68D3F81A
:10C0C000943023B11A68022A01D9186A08BDFFF713
:10C0D0006FFF074B1B6D024698B20028F6D0C3F3E2
:10C0E0000743D2085343B3FBF0F0EFE710360020CC
:10C0F00000600840064B5B68C3F30363984206D1B7
:10C10000044A536B23F0F00343EA01115163704773
:10C1100000400840001F00211F4B1B68D3F89430DB
:10C1200070B52BB11A680A2A02D91C6C204670BD62
:10C130001A4DAA6D6B6DC2F34544C2F3CD010134B3
:10C14000C3F3441601FB0444C3F3822103F01F032D
:10C1500006FB01335C4302F00702114B9B5C5C431E
:10C16000640004D0FFF724FF7043B0FBF4F4D5F86B
:10C17000E430190505D513F0FF021CBFE401B4FB40
:10C18000F2F41A01D2D5C3F30A43002BCED0A40295
:10C19000B4FBF3F4CAE700BF10360020006008408B
:10C1A0006662020010B50446FFF786FF104AD2F817
:10C1B00030311B040F4B1B6C03F4C05348BF4008C5
:10C1C000B3F5805F0ABF136BC4F30113C3F341637C
:10C1D000022B05D0032B09D0012B00D1400810BD44
:10C1E000C4F3C4240134B0FBF4F0F8E78008F6E7A8
:10C1F00000600840000008402DE9F0470E4616F0A8
:10C20000DEFBDFF8B090DFF8B0A08046002512F02A
:10C210001AFAD9F80430C3F30363012B07460BD194
:10C22000711C1AD016F0CBFBA0EB0805384612F0B3
:10C230000EFAAE42EBD80DE0052BF1D00B2BEFD070
:10C24000023B012B0CD9013602D016F0B8FB384660
:10C2500012F0FDF91648BDE8F08712F0F8F9D6E7BC
:10C26000DAF808301A04C3F389140FD4013602D067
:10C2700016F0A5FB384612F0EAF924B2A4F1C80082
:10C280006FF4FF739842B8BF1846E4E7731C03D0FD
:10C2900016F095FBA0EB08056FEA84546FEA9454FE
:10C2A000384612F0D4F914F5007FC2D0E6E700BF9B
:10C2B00000FEFFFF004008400070084010F1800FB2
:10C2C00004D04D28DABF323040B27F20044BFF2229
:10C2D0009A6103F10073C0B298610020704700BFFB
:10C2E000007008440B4B0C499A6D70B502F00702C0
:10C2F0009E6D8C5C9D6DFFF75BFEC6F3CD0606FB65
:10C300000444C5F3454505FB04448001B0FBF4F04B
:10C3100070BD00BF0060084066620200084910B5A9
:10C32000D1F8703140B11C464A68D1F870319C4256
:10C33000F9D1C2F30362027003F00F0010BD00BF19
:10C3400000400840094BD3F8883001F0800103F425
:10C3500080030B4309D1064B4FF400129A61837F8F
:10C360001BB1044B0122C3F8F8207047004008407D
:10C3700000600844006008462DE9F0411F4CDFF8DA
:10C380009080069F0646A2FB03502C1960F1000E18
:10C390009C46A0454FF0000373EB0E0E07D24FF4FE
:10C3A000B4720E211846FEF729FA02201BE000297C
:10C3B000FBD0C6F3130601EB5C04B4FBFCF4A4FB56
:10C3C0000646E40C44EA46340D4E34600D4C2260BF
:10C3D0000D4A914209D10D4AA5FB025302FB0033DD
:10C3E0009B093B600020BDE8F081C4040A46E804D4
:10C3F00044EA5531FCF7BCF83860F3E700C9E87649
:10C40000B4350020B835002000F049020A3BB2DF05
:10C410000046C32338B5164D2B780C4623B9154B6F
:10C420001B6D03F03F032B70134BD3F894305B0567
:10C430001CD5124BB0FBF3F040F24D534343A3F530
:10C4400046430C3B584300F5C91000F5556028B928
:10C4500040F21B322B21FEF7D1F901202B78084A3C
:10C460005343B3FBF0F30020236038BD0220FCE708
:10C47000CE400020003008400040084000366E01E9
:10C480008096980070B5374C374B256B374C1B683E
:10C490002468ED024CBF1B191B1BB3F1804F04D85D
:10C4A000002B3AD1324E1C460AE0B3FA83F4314EE7
:10C4B000C4F10204E340304DAB4201D901345B08C2
:10C4C00003EB5605B5FBF6F52C4EB34234BF002600
:10C4D00001262403013D44EA86242C430C60D8B194
:10C4E000B3FBF0F1642400FB11336343984288BF2F
:10C4F00001F1FF314808013801390728204D214C4E
:10C500004FEA510311D9002129700621C4F8941073
:10C510001B0243EA0013136070BDB3FA83F4D4F135
:10C520000204134EC6D50024C5E71029EBD068B12C
:10C53000012129700621C4F89410134909780029B3
:10C54000E6D012490224C1F89440E1E7012914BF62
:10C550000121002129704FF00601C4F89410ECD19C
:10C56000D6E700BF00300840B8350020B4350020C1
:10C57000E0673500C0CF6A003FBE4025401B5F1317
:10C58000CB40002000400844CC400020004008463A
:10C59000084B5B6B03F00700C3F3C20213F0380FC4
:10C5A00018BF5043C3F3821213F4E07F18BF504307
:10C5B000704700BF00300840034BD3F8380180F0CB
:10C5C0001000C0F30010704700400840174B4FF4B4
:10C5D000002210B5C3F89420154C164BB0F1804FD3
:10C5E00088BF1C46144BDA6CD2071DD51B6F134A4B
:10C5F00004F5F42404F59074B4FBF2F4033CE4B2C3
:10C6000003F00703A34202D02046F5F757F80C4B7E
:10C610001B784BB10B4B4FF47022C3F8942003F1FD
:10C6200000732404C3F8944010BD00BF00400846C6
:10C63000E0673500C0CF6A0000300E4040420F0076
:10C64000CD400020004008447FB50446F3F73CFF8E
:10C650001C4B06462C3358680093A3792268314658
:10C66000FFF78AFE054648BBA379012B14BF164984
:10C6700016491022C1F83821206815495843FFF7A0
:10C68000C9FE03AA02A93046FFF7FCFE0F4A43F693
:10C69000FF53C2F8A4300C4B0299C3F8A4104FF416
:10C6A000EE611163039A1A632068FFF78FFF094B4D
:10C6B000A2881A6203F5405300229A63284604B008
:10C6C00070BD00BF003008400040084600400844EC
:10C6D000503008400000084008B5044B01221A7091
:10C6E000034B1868FFF772FF002008BDCD40002003
:10C6F000B8350020024B4FF48062C3F89420704795
:10C70000004008460D4BD3F80421D3F8B030D2B224
:10C71000FF2A03D043F30743591C01D19022192368
:10C72000074903EBD37302EB6302022381F8423023
:10C73000232381F8432081F8413070470081E00FC6
:10C74000001F0021044A5368C3F30363022B04BF94
:10C7500080239360002070470040084040B1036888
:10C76000012B05D90069034B002808BF1846704704
:10C77000004870477462020070B504461F480D46B9
:10C78000FFF728F91E4BD3F8306116F400464FEA44
:10C79000C01015D000F574431A4C1B4A2433B3FB68
:10C7A000F2F32B60194B00EB5400B0FBF4F068601F
:10C7B0005B68D9020AD5002406B10334AC6070BDB1
:10C7C000002CEFD1114B5B68D802F7D4104B0F4906
:10C7D0001B68D1F8A820C3F3810312F4806403F12D
:10C7E000010309D1D2B2FF2AE6D0D1F8AC2052051C
:10C7F00048BF04EBC304DFE7DC00F3E740420F006F
:10C800000060084020A1070048E80100000008403F
:10C8100000200840084B1A68C117A2FB000310F162
:10C82000807002FB013343F10003400E40EAC31065
:10C83000803820EAE0707047C0350020174B07228F
:10C8400070B5C3F88420FFF7B3FB154B154A164E9D
:10C85000C408010B0546E005C01841F100010023A2
:10C86000FBF786FE114B18604EF66020FFF7D2FFF3
:10C870004042C6F89C000E48FFF7ACF8024658B19B
:10C88000E301500818184FEA15714FF0000341F109
:10C890000001FBF76DFE706770BD00BF00400840EF
:10C8A000B2E60E0065CD1D00001F0021C03500203E
:10C8B00040420F002DE9F047064608469846FFF72C
:10C8C0004DFF15460746002E00F0B08018F0050F0A
:10C8D00063D03469002C00F0AB80FEF7D7FB4FF437
:10C8E0007A735C43201A7B68A0F6AC50C01AFFF73D
:10C8F00091FFB48B6862002C00F09D80FEF7C6FBB0
:10C900004FF47A735C43201A7B68A0F6AC50C01ACF
:10C91000FFF780FFA861614BF468D3F80090DFF85F
:10C920008CA1002C00F0B080FEF7B0FB4FF47A73BE
:10C930005C43241A7B68A4F6AC54E41A99F81130CD
:10C94000053B012B7AD8DAF80020A4F53E44EB3CF5
:10C95000E117A4FB023402FB014413F1807144F19E
:10C960000000490E41EAC0118039E9614C49A2FB3F
:10C9700001219B1A64EB010413F1807344F100045C
:10C980005B0E43EAC413803B2B62B469FEF77EFB67
:10C990000146204616F074F8286318F0020F29D0DB
:10C9A00073684FF47A7058435BB13B6803F51C53CE
:10C9B00010331844B37F002B46F2A81308BF00239E
:10C9C0001844FFF727FF7369E862002B5FD078688F
:10C9D0004FF47A7202FB0300B37FA0F50350002BE3
:10C9E000A0F1100046F2A81308BF0023C01AFFF7F9
:10C9F00011FFA86218F0040F18D0B068002849D0C1
:10CA00004FF47A735843A0F503501038FFF702FF34
:10CA1000286133684FF47A70584323B13B6803F5BB
:10CA20001C5310331844FFF7F5FE6861BDE8F0872A
:10CA30004CF250305BE74CF2503069E73B68E41A47
:10CA4000DAF80020E117A2FB044314F1807402FB22
:10CA5000013343F10003640E44EAC314803C114BDC
:10CA6000EC61114CD3F884302B622368002B8CD0FE
:10CA7000484616F0EFF9002887D02368D9F8480017
:10CA80002A463946984780E74CF25034D8E747F2B7
:10CA90003050ACE747F23050B8E700BF1036002006
:10CAA000101B0200001F0021BC350020C0350020F3
:10CAB000E0B5074608461E46154615F087FF7B7C05
:10CAC000053B012B06440DD80C4B4BF6EB61002DBA
:10CAD00018BF19464FF4FA720A44094892FBF0F065
:10CAE0003044E0BD074B084AD3F8F800FFF736FEA4
:10CAF00001680029A8BF4FF4FA72EDE7FBD90200E4
:10CB000018FCFFFF001F00210CFEFFFF2DE9F04F76
:10CB1000384C0A4685B00D460021814615F0ABF829
:10CB2000D4F8C83043F06C029A4204D0002528465D
:10CB300005B0BDE8F08F304BDB68D907F6D4FDF7C0
:10CB4000C3FC0028F2D0D4F81061C6F30826002EEA
:10CB5000ECD12A4C2A4BD3F81880D4F884300193B6
:10CB6000284B4FF060529A6103F100734FF000625E
:10CB70009A612423C4F88430234B04221A604FF4B2
:10CB8000804A4FF48053C4F868A0B3466362AB4553
:10CB900012D31E4B04221A60184A019BC2F884303B
:10CBA000184B4FF06051996108EA010318498B61F5
:10CBB0004FF480439366BAE7226E5204FCD5226894
:10CBC000D305F9D5C4F868A00136D4F888200392BB
:10CBD000012EDCD9A5EB0B07042FA8BF04273A468A
:10CBE00009EB0B0003A95F4415F059F81FFA87FB06
:10CBF000CDE700BF00400E40004008400000084064
:10CC000000600840006008440040084600400844B6
:10CC100000600846074BD3F8D8304FF604014FF6B2
:10CC200005029BB28B4208BF1346034A012093655D
:10CC3000704700BF0081E00F0050084070B5194CEC
:10CC40000FCC86B001AD0FC5CC22236816482B60EF
:10CC5000002115F010F884220021144815F00BF87B
:10CC6000134B144AC3F8F020FFF74CFD124B1B780E
:10CC70002BB101AD0FCD0B4E0FC62B6823600F4BB0
:10CC80000F4AC3F8DC2F0F4AC3F8E02F0E4AC3F84F
:10CC9000E42F02F1957202F24952C3F8E82F06B070
:10CCA00070BD00BFC81F0021341F0021B01E00212D
:10CCB000001F00213F003700C1400020001000216C
:10CCC0000200620609C8056E0704DC060A4B1978E3
:10CCD00001F0FF0229B10021197008499202C1F840
:10CCE000A020597801F0FF0229B100215970930268
:10CCF000024AC2F8A4307047CF4000200000084626
:10CD0000074BD3F8E00E074BD3F88C301A0103D44D
:10CD1000054B1B6E1B0401D500F58070704700BFEA
:10CD200000100021004008400000084008B511F044
:10CD30008AFC0F4B1A78B2B90E4A126812F4843F7B
:10CD400011D10D4A1021C2F894101B786BB9094B10
:10CD50001B68DB0509D4084B2022C3F89420BDE8EA
:10CD6000084011F074BC054AECE7044BF4E700BF3F
:10CD7000D340002008160020004008440040084628
:10CD800010B511F060FC0E2104460320FFF7B2F944
:10CD9000044B40F2012220465A62BDE8104011F0D7
:10CDA00056BC00BF00000840044B00221A70044B20
:10CDB000197811B11A70FFF7B9BF7047D24000203F
:10CDC000D340002008B511F03EFC234B4FF08052B9
:10CDD000C3F88020BFF34F8FBFF36F8F4FF4807283
:10CDE000C3F88020BFF34F8FBFF36F8F0222C3F8C9
:10CDF0008020BFF34F8FBFF36F8F1022C3F88020C6
:10CE0000BFF34F8FBFF36F8F2022C3F88020BFF393
:10CE10004F8FBFF36F8F4FF00052C3F88020BFF3E6
:10CE20004F8FBFF36F8F8022C3F88020BFF34F8FE7
:10CE3000BFF36F8F4022C3F88020BFF34F8FBFF343
:10CE40006F8F0122C3F88420BFF34F8FBFF36F8F22
:10CE5000BDE8084011F0FBBB00E100E008B511F0AF
:10CE6000F2FB0B4B4FF080521A604FF480721A6045
:10CE700010221A6020221A604FF000521A6080229D
:10CE80001A6040221A60BDE8084011F0E0BB00BF04
:10CE900000E100E070B5084C01232370074B1E68C9
:10CEA000074BD3E9005332401940284001F0C8F93C
:10CEB0000023237070BD00BFD1400020C835002082
:10CEC000081600202DE9F047DDF820A003EA01084C
:10CED000099B06460D4602EA000703EA0A09BAF171
:10CEE000000F40F04D81031F0B4300F01381052814
:10CEF00071F1000380F0E78050EA010300F06081E7
:10CF0000431E0B4300F02181FFF75CFFAD4AD2E9DD
:10CF1000004323EA050324EA06043C4343EA0807E6
:10CF2000A94BDFF8F8821E6826EA0A0646EA0906D7
:10CF30001E60C2E90047FFF7F9FEA44814F02A4F2B
:10CF4000C26E14BF48F202034FF40043B50748BF56
:10CF500043F400539E4D83EA020122EA0302EA668B
:10CF60009C4A81660B40D366C4F3804212032003BF
:10CF700048BF42F48072E10648BF42F40052A30663
:10CF800048BF42F40072650648BF42F48062200642
:10CF90009148924DD0F80C3248BF42F4006282EAC8
:10CFA000030123EA0203C5F80C328D4BC0F80812C6
:10CFB000C7F340250A40AD04E10448BF45F480357D
:10CFC000C3F80C22A20348BF45F48015A30748BF4D
:10CFD00045F4800514F4001F06D0D8F8000015F0C1
:10CFE000A6FF08B945F40025E00248BF45F4003526
:10CFF000F9067C497C4848BF45F40005620248BFF9
:10D0000045F400150A6A730748BF45F0040585EA30
:10D01000020323F001031A4002621D40CB61734BEF
:10D0200073481D62734B744A16F0010F18BF1A46FD
:10D03000836E7D0748BF42F40012704D82EA0301FF
:10D0400023EA0203AB666E4B41660A4000F50050CE
:10D050009A66C16B04F0010305F5005581EA0302ED
:10D0600021EA0301E96382631A40664BDA63D8F868
:10D070000020200248BF644B92F8E92058BF634B60
:10D08000610748BF43F4806322B114F4C06F18BF36
:10D0900043F480735E485F4CD0F8EC10320748BF11
:10D0A00043F0004383EA010222F4A0221140C4F8B5
:10D0B000EC101340C0F8E820574ABDE8F047C2F82A
:10D0C000EC30FFF7CBBEA0F580630B4306D020F415
:10D0D0008063A3F500730B437FF416AF11F0B3FA2E
:10D0E0003849D1E9003223EA060322EA050242EA7E
:10D0F00008023B43C1E90032484A126892F8E9202D
:10D100000AB313F4C06F1ED0434B4FF48072C3F8C0
:10D11000EC2014E011F097FA2A4AD2E9003123F00A
:10D1200004033B4341EA080157EA0807C2E900311A
:10D1300014BF394A374A4FF48063C2F8EC30BDE877
:10D14000F04711F084BA334BDFE711F07CFA1D4A47
:10D15000D2E9003123F001033B4341EA0801C2E96F
:10D1600000312F4A57EA08074FF0010315BF9363B8
:10D170002C4902F1C062CB6314BFD3639363DEE733
:10D1800050EA01037FF4C0AEBAF1010F7FF4BCAEE8
:10D1900011F059FA0C4A136823F0010343EA09031A
:10D1A0001360134A4FF48063B9F1000F04D0536643
:10D1B00002F1C0629366C2E710498B665366BEE710
:10D1C000BDE8F08708160020C835002000000840A0
:10D1D0000000084400000846006008400060084461
:10D1E00000600846004008400040084400400846EF
:10D1F00000500840041C500004185000005008441F
:10D2000000500846007008460D0A0A09090A0A0972
:10D210000010084000100844001008461036002096
:10D220000070084000700844024B5868C0F3C0000A
:10D23000704700BF08160020024B186800F001007C
:10D24000704700BF08160020024B5868C0F3C0307A
:10D25000704700BF0816002010B50446FEF75AFEBE
:10D26000FFF7B0FD04F14C0002F09AFCFEF7FEFD62
:10D27000FEF732F9FEF79EF9FFF7E0FA1049114A7E
:10D28000D1F8F810072304F1A400FFF713FB4FF4C3
:10D2900040010020FEF7F6FA4FF400110120FEF7DE
:10D2A000F1FAFFF7B7FC20B940F2E7221421FDF7AD
:10D2B000A5FAFFF711FABDE810400120FEF792BC75
:10D2C000001F0021681F0021084B8022C3F888201E
:10D2D00003F17E430822C3F88820054AD2F8B03E05
:10D2E00023F02003C2F8B03E704700BF004008465C
:10D2F0000010002108B511F0A6F9FFF7E5FF034B78
:10D3000001229A60BDE8084011F0A1B90040084030
:10D31000F8B5194C05462078B0FA80F040F2064284
:10D320003E214009FDF76AFA55B96078B0FA80F0FD
:10D33000BDE8F84040F206423E214009FDF75EBAE2
:10D340000E4F0F4DD7F8A0304FF44066C3F3812342
:10D350002370C5F8A0606078B0FA80F040F2064211
:10D360003E214009FDF74AFAD7F8A430C3F38123E0
:10D370006370C5F8A460F8BDCF40002000000840ED
:10D3800000000844F8B50B4C0B4DD4F888300B4F17
:10D390000423C5F88830D4F888305B0300D4F8BD86
:10D3A0000426C7F88860022015F01FFBC5F88860C6
:10D3B000F1E700BF00400840004008460040084434
:10D3C0001C4B70B5D3F888601B4D03F18063A82215
:10D3D000C3F8882010221A60184A194B93666B66AE
:10D3E000FFF774FC174B1B7813B90320FEF716F9EF
:10D3F00000242C67FFF7C6FF134A144BD2F8E01E37
:10D400000B40C2F8E03E124B0422C3F88820114BB7
:10D41000B206C3F8B84008D503F580735B6CB3F56A
:10D42000817F22BF034B80229A60BDE8704001F0EB
:10D43000E5BE00BF004008400050084000500844CE
:10D4400010000002D640002000100021DF0000FF85
:10D4500000400844001E002110B549B938B3164AEF
:10D4600053681B0E13F00E0F21D113689A061ED4B9
:10D47000FFF786FC104C0020FEF750FF032801D078
:10D48000092806D1D4F88C30DB03F4D4636F0C2B5D
:10D49000F1D9FFF777FF094B4FF400725A62084B3E
:10D4A0000122DA6003F17E430422C3F88820054B91
:10D4B0004FF4C0625A6210BD0040084000000840AE
:10D4C000004008460060084408B503210920FEF723
:10D4D00011FE024B20229A6008BD00BF00400840A8
:10D4E00038B5054611F0AFF8044602F015FB35B12A
:10D4F000FFF75AFC2046BDE8384011F0A8B8084BA9
:10D500001B78002BF6D0074B1D78002DF2D1FFF7CA
:10D510004BFC2A464FF480400021FFF7BBFCE9E7B3
:10D52000D2400020D14000202DE9F84F584B06464C
:10D53000D3F888300D461446002A40F0A58013F039
:10D54000A00F14BF4FF001094FF00009DFF85C8114
:10D55000504F01F053FEA023C8F888300320FEF797
:10D560005DF80420FEF75AF84FF0000AFFF71CFCA4
:10D57000494BFB66C7F870A0FFF704FF474BD3F891
:10D58000B02E42F02002C3F8B02EFF22C8F80020CF
:10D590003F4A4FF480719160D3F8E02E40494FF03C
:10D5A000040B1140C3F8E01EC8F888B0C3F8B8AE49
:10D5B000FB6813F0060F04D0FEF7EEF95846FEF7AD
:10D5C0002DF8B9F1000F08D0364B4FF40062C3F8C4
:10D5D0008820354B4FF400425A6666B1324B5B6C83
:10D5E000180701D4FFF7CCFBFFF76EFF0420FEF70E
:10D5F00015F8FFF76BFB264BDA68D1073FD55A6861
:10D6000012F0706FFBD1294B294AC3F88820294AB0
:10D61000536B23F0F003536315B12046FFF760FF0F
:10D62000254BD3F8B4305A1C01D05B0002D51F4BF8
:10D630000122DA601CB31C4BDA6E9A66144A136A34
:10D6400023F00103D3611D4BD3F80C22C3F8082249
:10D65000A3F54053DA6F9A67A3F50053D3F8EC2093
:10D66000C3F8E82003F5C043DA6B9A63A3F50053CF
:10D67000134A5A660D4B4FF60842C3F88820BDE89E
:10D68000F84F002002F05EB84FF000095EE700BFDF
:10D690000040084000500840000001010010002137
:10D6A000DF0000FF0040084600000840004008443A
:10D6B00010003000001F00210081E00F00600840D2
:10D6C0005000F0029A4B196EDA6E2DE9F04F01EA24
:10D6D0000209C3F8689003F5805385B0D3F8E06081
:10D6E000D3F8EC201640C3F8E86003F5A043D3F864
:10D6F0000012D3F80C2201EA020AC3F808A2A3F52B
:10D70000005359691A6A01EA02088A4A08EA0202C1
:10D71000DA61894BD3F80022910006D4D3F80031A6
:10D720009A00C3F3407740F1E18010F08CFF834B07
:10D73000DA68DF6D12F0060F9A6E07EA020727F427
:10D74000800222F4006214BF4FF0010B4FF0000B77
:10D750005A667B0704D57A4A537D0133DBB2537591
:10D7600010F075FFB9F1000F00F0DF8019F40044EC
:10D7700027D010F068FF0146FFF7C2FA6F4D04464C
:10D78000AA69AB699A42FCD0AA699342FCD0FFF720
:10D79000B7FAA04240F0AC80084610F058FF694B41
:10D7A0001C60694BD3F8885015F4E05240F0A28019
:10D7B00024F07F4424F0DF040CB9FFF701FE4FF0A2
:10D7C000807419F0020F4FF0000516D05E4B5F49D0
:10D7D000D3F8883003F46042C1F88820002A00F0B2
:10D7E0009E801D0400F19E8013F4005F0CBF4FF07B
:10D7F00000534FF000631C430025C9F340394FEA42
:10D800004909534B3340002B4AD016F4206F0AD0FD
:10D8100040F60F0206210020FCF7F0FF0020FFF782
:10D820005FFE26F48026F00506D5484BFF221A60DD
:10D8300044F4C064FFF7A4FA16F0090F0AD040F6CA
:10D84000240208210020FCF7D9FFFFF73DFE414BE1
:10D8500001229A6216F0106F0CD040F62D020921B9
:10D860000020FCF7CBFFFFF72FFE002211461046E9
:10D8700002F02AF916F4202F0AD040F635020721CB
:10D880000020FCF7BBFF0020FFF72AFE26F48026CD
:10D89000F10301D502F068FA002EB8BF49F008097B
:10D8A00072070DD52B4B5B6A13F4005F14BF2A4A35
:10D8B0002A4A4FF400531ABF536244F400045362DF
:10D8C000730548BF44F0040416F4802600F0AA80D3
:10D8D00002F014FA0138062842D8DFE810F02E01D1
:10D8E00031012E01340137013A013A01BB4639E7D3
:10D8F000044645E70192FFF763FD144B019AC3F814
:10D90000882015F4805307D115F4806F0CBF4FF0B9
:10D9100080544FF0806454E74FF0804451E74FF05B
:10D92000007368E74FF0004365E74C464D4668E7F3
:10D93000000008400000F7FF00E100E00050084050
:10D94000CC350020C4350020004008400040084489
:10D95000090B0B890010084000100844001008460D
:10D9600040F6660203210020FCF748FF844A136E4C
:10D97000D2F8800003F007030633012101FA03F314
:10D98000C0F30C001B1A9BB2072B13D97D4BD3F8A5
:10D99000883058020ED47C48136B126DC06C58B19D
:10D9A00003F0070306339940C2F30C03C91A89B286
:10D9B000072901D844F40074744B1B78002B31D034
:10D9C0006F4BD3F8E03013F4A02F2BD1704B714A7A
:10D9D0001B7893B9F90410D4137873B1E3086E4936
:10D9E00043EA457383F00103D1F8E01E03F001031D
:10D9F0005B0021FA03F39B0714D10420FDF70EFE10
:10DA0000664B6749D966FFF7CFF9624A13782BB99D
:10DA1000644B654A1B682340134201D144F480449F
:10DA200027F48057BAF1000F1DD01AF4805F18BF99
:10DA300044F480241AF4807F18BF44F400241AF4BC
:10DA4000005F18BF44F010041AF4007F18BF44F0C0
:10DA500020041AF4806F18BF44F040041AF4006FD9
:10DA600018BF44F08004B8F1000F48D018F4802F9C
:10DA700018BF45F4007518F4803F18BF44F4805473
:10DA800018F4801F18BF44F4003418F4800F18BF36
:10DA900044F0020418F4003F09D03A4BD3F8883020
:10DAA000580059D5414B1B68984704430D4318F45F
:10DAB000000F18BF45F0100518F4002F1AD0364B90
:10DAC000D3F8B03E13F0C00F14D02E4B5A68C2F3F7
:10DAD0000362032A01D0072A07D1D3F88C20D1068C
:10DAE00003D4D3F89020120739D54FF40022DA611D
:10DAF00028F4002818F4001F18BF44F48004002FF5
:10DB000000F01381380540F18680294ADFF88CA0A7
:10DB1000D378002B52D0013B4FF40061DBB2CAF83E
:10DB20006410D37033B9234B1B78DBB1224B40F622
:10DB30000142DA66002300226BE044F4803415E7EA
:10DB400044F4006412E744F480640FE744F4807402
:10DB50000CE744F0080409E744F48014A7E744F410
:10DB60000014C7E7DAF8703013F4A05F15BF4FF464
:10DB7000807340F60143CAF85030CAF87030D9E7D4
:10DB8000001008400040084000000840D34000203A
:10DB9000D2400020D4400020001000210050084056
:10DBA0000000010108160020088D010078110020F6
:10DBB000C4400020D6400020005008460320FDF756
:10DBC0002DFDDAF80C30AD48AD4913F0060F02BF59
:10DBD000AC4B41F61F72DA664FF40063CAF864304A
:10DBE000DAF80C3013F0060308BFCAF87030C38AA5
:10DBF00013F4006261D023F40063C3820B7803F056
:10DC0000FF0A002B5DD1FDF7C7FEFFF7D9FB534696
:10DC100020221C431543B9010BD52E20FEF7B4F882
:10DC2000984A4FF00073936602F17C4245F0080574
:10DC30005366FA0608D52B20FEF7A6F8914A102362
:10DC4000936602F17C42536617F4E00F05D1FB04A2
:10DC50005FD5BBF1000F00F0B780B80210D52920C6
:10DC6000FEF792F8FFF7E0FA40B18749874A884B00
:10DC700053668B6687494968490425D445F00405F5
:10DC800017F4800BDFF804A22AD00420FDF7C6FCAD
:10DC90002720FEF779F8FFF793FB4FF48003CAF8CB
:10DCA00064307D4BD3F8E02E520600F186807B4B2A
:10DCB00002221A6045F0020528E00B784FF4005369
:10DCC000A7E74FF4004336E76E4920208B66536682
:10DCD000FEF75AF82D2045F00C05FEF755F8CFE772
:10DCE000F80255D50420FDF799FC2820FEF74CF8E2
:10DCF000DAF87030002B48D1FFF762FB614A644BC1
:10DD0000936602F17C4245F0010553665F4B0022A9
:10DD10001A657A0509D5624A9378002B00F0A28033
:10DD2000013B9370002349EA03095B4BD3F8B03EF3
:10DD30001B0603D52046294601F00CFD4A46204625
:10DD40002946FFF7A7F80EB102F000F818F4002FEB
:10DD500000F08D804F4B4FF40022DA6118F0206FF5
:10DD600000F0898018F0007F01D0FDF761F918F00C
:10DD7000006F01D0FDF778F9002200204FF4006118
:10DD800005B0BDE8F04FFFF785B8CAF870B0B5E749
:10DD9000F904BBD50420FDF741FC424BCAF86C30B6
:10DDA000FDF7FAFDDAF85C3013F4A00FAED12A20AB
:10DDB000FDF7EAFFFFF704FB73E7D3F8B03E9806E0
:10DDC0003FF578AF384B73E7354A13794BB1013BD8
:10DDD000DBB2137113B92C4B344ADA6600231C43AF
:10DDE00097E70420FDF71AFC0320FDF717FC274BEB
:10DDF0002C4ADA6610F027FC82460DF10F00FEF780
:10DE00008DFA2B4B1B7883460BB1FEF7B9FFBBF1A4
:10DE1000030F0ED1DFF87CB00020FEF77FFA032855
:10DE200007D1DBF88C30D903F6D4DBF874300C2B37
:10DE3000F2D99DF80F30032B06D11E4B012250461C
:10DE40001A7010F004FCC9E71B4BD3F8E03013F450
:10DE5000A02FF2D1FEF7A8FF504610F0F8FB4FF4C8
:10DE60008043BCE70220FDF7D9FB01235BE7B8F153
:10DE7000000F7FF473AF05B0BDE8F08FCC35002004
:10DE8000D64000200050084400500846005008408A
:10DE9000100000020040084000100021004008442B
:10DEA000C440002000000101004008460000010DB0
:10DEB000D5400020D240002000100840034A012332
:10DEC000136202F17C42D361704700BF00400844F6
:10DED0000B4B10B55C691A6A1440A2B2DA61E20712
:10DEE00004D55868C0F30360FFF7E8FF630706D561
:10DEF000BDE81040042200200021FEF7CBBF10BD7A
:10DF0000004008400C4A08B5136BD16B0B4093637B
:10DF1000DB070FD5094B187840F6AC22122100F030
:10DF20000100FCF76BFCBDE8084000220120002145
:10DF3000FEF7B0BF08BD00BF007008400816002003
:10DF4000044BDA6FD207FCD41A6FD96F0A409A6774
:10DF5000704700BF0030084070B50D46144610F001
:10DF600072FB064BD3F8B06E74402C407440C3F87B
:10DF7000B04E10F06CFB05EA060070BD00100021E9
:10DF8000034BD3F8B03E99430CBF012000207047EB
:10DF9000001000212DE9F04117460A43012A9DF89F
:10DFA00018409DF81C60DDF820801D4629D8B44239
:10DFB00027D2082E25D8032B23D8B8F1000F20D064
:10DFC0000A46002101F082F8EB00FF219940DFF8BA
:10DFD00038C0C94308F1FF38FF00E2B2964202D8C8
:10DFE0000020BDE8F0813D190CEB850518F8010F04
:10DFF000D5F8E82098400A401043C5F8E8000134FD
:10E00000EBE70120EDE700BF001E002109490A4AA5
:10E01000D1F8EC0010B504230124C2F8EC308C6276
:10E020004FF400515162410744BF02F10072C2F83F
:10E03000EC3010BD00100840001008442DE9F743F3
:10E040008E780F2E80460C4603D9012003B0BDE820
:10E05000F08326B901232E4A00201370F6E70D78CD
:10E0600091F80190002D3BD1B9F1000FEDD194F959
:10E070000310E088FDF78CFD0128E6D055EA09037E
:10E08000A088244F32D1FDF7A5FC23498A6D4FF6B5
:10E09000040583B292B24FF60500AA4208BF0246B9
:10E0A0003A800825802201278F658A672A461A4907
:10E0B00003B1013B013ECB62F6B20023019300960F
:10E0C0000123294608F1A400FDF7C4FC1FB1134B3E
:10E0D0004FF48012DA64124BA2681A600223BAE786
:10E0E000082DB2D8B9F1080FAFD8C0E7FDF772FC20
:10E0F0003A884FF604039A421EBF07498A653B805F
:10E10000A9454A4683B238BF2A460027CFE700BF59
:10E11000D7400020C8130020005008400050084697
:10E12000E83500200C4BD0F8C42010B5C3F8B4205B
:10E13000027C0446120202F400624FF40061FFF711
:10E140000BFF237C13F0080F14BF044A044A4FF45A
:10E150000073C2F8883010BD001E00210040084640
:10E160000040084437B5204D0C4641B90A46072106
:10E17000FFF7F2FE1D4BEC625C6003B030BD07227E
:10E180001146FFF7E9FE1A4B07225A60237985F8FA
:10E190002C3063790193012101A814F0F0FF019B59
:10E1A000C2B2D34000F00F0040EA031085F82D0002
:10E1B000A27985F82E20E27985F82F20206828633F
:10E1C00083B1028801218B4205D82379013B134496
:10E1D000084A9361D1E730F81150AA4228BF2A4675
:10E1E0000131F0E71A46F0E7001F00212C1F002143
:10E1F0000000084400000840431C07D0044B6FF0A7
:10E20000FF029A6103F1007310409861704700BFEC
:10E210000070084400F01803182B0AD003070AD432
:10E2200010F0100040F2011318BF1846034B986419
:10E2300070470020FAE70120F8E700BF001F002127
:10E24000344B2DE9F7431E6801F4007900F0010317
:10E25000174653EA090205460C462ED04FF0000837
:10E2600003B30023002201200021CDE90088FEF73E
:10E2700029FE41463046FDF7BFFF4146708301202D
:10E28000FCF728F9716B06F1A400FEF75BF8224950
:10E290000868FFF7B1FF4FF0FF330B60337C43F0AA
:10E2A00004033374B9F1000F07D00121304614F094
:10E2B000C3FA24F4007405430C43D6E93E232A40F4
:10E2C000234052EA030103D01449304609688847C5
:10E2D000FB070FD51249134A086813680021116023
:10E2E000114A0121117003B19847104B00215B685E
:10E2F0000220984717F00E0F08D040F2F3123B218E
:10E30000002003B0BDE8F043FCF778BA03B0BDE8E5
:10E31000F08300BF1036002070110020741100201F
:10E32000F8350020FC350020DA4000205011002094
:10E33000044B1868830654BFC0F30F204FF6FF70DC
:10E34000704700BFC4350020F7B50446D4E93EC786
:10E350001046DDE908268CEA020587EA0601054039
:10E36000194085EA0C057940C4E93E5123F4004187
:10E3700006EA010320F00100002543F40073024087
:10E3800043F00203CDE90055FEF79CFD237C9A077C
:10E3900017D5D4F8FC309B0513D54FF488112046CF
:10E3A00014F04AFA237C65F341032374D4E93E2335
:10E3B00002400B4052EA030103D00349204609689A
:10E3C0008847002003B0F0BD7411002038B1036805
:10E3D000044A002B08BF1346034A13607047014BE1
:10E3E000FAE700BFAD2A020074110020024B586BFF
:10E3F00000F00F00704700BF001F00210F2938B543
:10E4000005460C460ED801F025F901280CD1074A23
:10E41000536B23F00F0323435363284614F05EFD30
:10E42000002038BD0120FCE70220FAE7001F002190
:10E43000014B986B704700BF001F0021014B00206B
:10E4400099637047001F002103282DE9F7434CD83A
:10E45000274B13F80080274B1E5C274B13F80090C6
:10E4600010F0F1F80746FEF7E7FE054640B100233D
:10E47000CDE900330022002301200021FEF722FD18
:10E48000FEF7E2FE48B10023CDE90033002200236D
:10E4900000204FF40041FEF715FD26B3174B5C6CCE
:10E4A00004F00804164B31465C644046FEF7D4FF86
:10E4B0004A4631464046FFF737F8124B5C6465B177
:10E4C000114B1868416BA430FDF73CFF0F490868F9
:10E4D000FFF792FE4FF0FF330B60384603B0BDE804
:10E4E000F04310F0B4B83446DCE703B0BDE8F08385
:10E4F00084620200806202007C6202000000084028
:10E50000000008440000084610360020701100206A
:10E51000104AD2F8883013F0A00F16D1D2F88C0030
:10E5200010F0040013D10C4BD3F8E03E23F07F43EE
:10E5300023F0FF035BB15368C3F30362092A07D0DA
:10E54000B2F10C0018BF0120704700207047012075
:10E55000704700BF004008400010002170B50D4614
:10E56000064620B9194B1B68A3B1032011E001F046
:10E5700071F8012828D1164B93F90040C4F11C040E
:10E58000641BC4F11C03002BB8BF5B42232B0CDDC2
:10E59000012070BD81EAE173A3EBE173DBB2232BB1
:10E5A000F6D80B4B19700020F3E7B57410F04BF858
:10E5B000084A5369E40223F4FF2304F4FF241C43B4
:10E5C000546110F044F8EEE70220E2E71036002034
:10E5D000D84000200070084018B9034B93F90000A0
:10E5E000704790F912007047D840002010B50446DB
:10E5F00014F030FC10B1012001F0A4F82046FFF720
:10E6000091FD10F020F8074AD2F8B03E23F0200325
:10E61000C2F8B03E10F01BF8034B02221A60002033
:10E6200010BD00BF001000210040084690F8C23025
:10E6300053B9074BDA69920208D49B6F13F4706FD9
:10E6400014BF012000207047002070470120704750
:10E6500000600840F8B5436B02EA010523EA0103B4
:10E660002B434363344A01F00B030C4623EA0501B4
:10E67000516402F100722B4061070646536411D5C4
:10E680000121FFF7D3FF68B1FEF77CFE15F0040F00
:10E6900014BF2A4A2A4A4FF40073D361294B04223B
:10E6A000C3F88820E20606D515F0100F264B14BFDC
:10E6B00000221B22DA6423061DD52F0616D51F4B18
:10E6C0004FF400129A6103F17E430122C3F8F8204F
:10E6D0000FF0B9FF0E2107460320FDF70BFD1A4B83
:10E6E00040F201225A6238460FF0B1FF294606F186
:10E6F000A400FDF727FEE00503D5E90516D5FDF7D3
:10E70000C3FCA20503D5AB0513D5FDF7CDFC14F072
:10E71000600F09D0D6F89410304614F0C8F90B4BAE
:10E7200058640B4B80229A600020F8BDFDF7A4FCD2
:10E73000E7E7FDF7B1FCEAE700000844006008469F
:10E74000006008440040084400000840001F002109
:10E7500000400840014B1868704700BFF4350020A6
:10E7600037B5012300240022CDE9003400231046F0
:10E770001946FEF7A7FB0220FCF750FF054D064B9C
:10E7800021461C6002206B6898472B6803B0BDE8E7
:10E790003040184750110020FC3500202DE9FF4182
:10E7A000022903900C461546984605D1FFF7D8FF7D
:10E7B000002004B0BDE8F081194E0FF044FF33682B
:10E7C00007463BB1AB4205D00FF041FF0023336059
:10E7D0000120EEE7134B3560C3F8008001230022CF
:10E7E000CDE90033002310461946FEF76BFB0E4BB4
:10E7F000002502201D70FCF711FF22462B4603A9BD
:10E800000220FCF729FF094B039A1A60084B1B688A
:10E810000446984738460FF01AFF002CC8D1D5E7B8
:10E82000FC350020F8350020DA400020F4350020C7
:10E8300050110020044BDB6D5B055ABF034B187869
:10E84000012000F00100704700500840DA4000202D
:10E85000014B9869FDF7A6BC00600840014B986920
:10E8600014F0D0B800600840437C5A1F012A01D937
:10E87000082B05D14B7C8BB1012B11D0022B11D071
:10E88000D0F800311B0607D5836B03F0FD030D2B79
:10E8900002D18B8A1A2B07D814F082B9034870472B
:10E8A00003487047034870470348704720A107009A
:10E8B00048E8010040420F0080841E0070B50E46FB
:10E8C0000FF0C1FE054600F0E9FE044620B12846DF
:10E8D0000FF0BDFE204670BDFEF754FD114B32789F
:10E8E000D3F8E03E022A23F0F00316D0101F424274
:10E8F0004241520043EA02137278022A0FD0111FDC
:10E900004A424A41520043EA8213064AC2F8E03EB4
:10E91000054B0422C3F88820D9E70122EAE7012247
:10E92000F1E700BF001000210040084470B50E461A
:10E930000FF089FE054600F0C9FE044620B12846C6
:10E940000FF085FE204670BDFEF71CFD104B32789F
:10E95000D3F8E03E022A23F00F0315D0101F4242E5
:10E960004241520013437278022A0FD0111F4A42CB
:10E970004A41520043EA8203054AC2F8E03E054B91
:10E980000422C3F88820DAE70122EBE70122F1E74D
:10E990000010002100400844F8B50E7890F8D070BF
:10E9A000044630460D46FCF791F9002844D094F80F
:10E9B000D030B34208D1AA88636C9A4204D16A88E5
:10E9C000B4F8D2309A4235D084F8D060AB88A4F83D
:10E9D000D4306B88A4F8D230AB886364FF236375AE
:10E9E000304613F0B3FF04F1D00520752846FCF73C
:10E9F00079FC10BB2846FCF75FF9F0B9D4F89030E9
:10EA000053B194F8D010B94206D0B3F91220204681
:10EA1000F3F704F984F8D9002046FCF73DFB0949D7
:10EA2000A4F8D400084AD1F8F810012304F1A40096
:10EA3000FDF740FF0020F8BD01200E2384F8D03000
:10EA4000F9E700BF001F0021681F002170B50546CF
:10EA500090F8D0000E280C461DD0FF291DD01AB109
:10EA60000F4B4FF0FF321A6013F070FF064695F817
:10EA7000D000FCF7D5F9844228BF0446E4B2B44282
:10EA800038BF3446E0B26875FCF766FAA0F1FF03C0
:10EA90005842584170BD0220FCE70120FAE700BF50
:10EAA00058110020C36B012B01D10020704770B5B5
:10EAB000364BD0F89060D3F8F830C0F8943086B078
:10EAC0003146058B044613F0C2FFB3898DF806006A
:10EAD000D6E90121EB1A9BB201FB03226846002113
:10EAE000ADF804300092FDF7AFFD38B9284B228B0A
:10EAF000DA63FCF7C5FB20B106B070BD022006B09A
:10EB000070BD227C60F34102227413F079FFD4F8C7
:10EB100090305969431EDBB209680291FD2B024611
:10EB20000BD9CD1C09D91B4B01311B680CD0D81C4B
:10EB300007D802A92046029301E002A9204613F05B
:10EB4000DAFE002006B070BDD91C04D802A9204608
:10EB5000029313F0D0FED4F8FC309B0504D4237C40
:10EB600043F002032374ECE74FF48031204613F0A6
:10EB700063FED4E93E2302400B4052EA0301E0D099
:10EB80000549204609688847DBE700BF001F0021D0
:10EB900000300840601100207411002038B505468F
:10EBA0000C4641B114F056F928B14FF40031284613
:10EBB000FFF7E6F904342046FCF70CFF024B404215
:10EBC000C3F8D00E002038BD0010002170B54C30C5
:10EBD000814214BF0C46002416460FF034FD0D4947
:10EBE0004A684FF49C53C2F30362D340DA070546E8
:10EBF00003D5D1F888309B030AD420460122314640
:10EC000000F062FF044628460FF021FD204670BD4B
:10EC10000324F8E7004008402DE9F74F0646154663
:10EC2000084619B9012003B0BDE8F08F002AF9D0D9
:10EC3000032904D8002101F0ABF80028F2D0827833
:10EC40000488037990F805B0C788B0F9000000285F
:10EC500002F00701C0F2D280A1F1070CDCF1000044
:10EC600040EB0C00052928738CBFC2F30010002074
:10EC7000C2F3801C6873900985F810C000F0020090
:10EC8000C2F3C00C40EA0C00C2F340126874AA74CC
:10EC9000AF820BB996F8CA30013BDBB2EB74736BF1
:10ECA000D80600F197800639012900F29380544B71
:10ECB000DB6C544B5A6B1B6B03F0070306334FF0AE
:10ECC000010909FA03F909F1FF39083C42F000583B
:10ECD00004EA0904002318F804A0AB60013404EA34
:10ECE0000904631D03EA09035A1C02EA090218F821
:10ECF000037018F80220BAF1800F47EA0227727CED
:10ED000018BFAAF1320A3BB214BF4FFA8AFA6FF069
:10ED10007F0AC7F30B079AB30020D6F89C300BB1DB
:10ED200051469847631C03EA0903E87385F80EA06F
:10ED300018F80310013303EA090318F8032001331C
:10ED400003EA090341EA022118F80320013303EA28
:10ED5000090341EA024118F803006A7C002341EAF2
:10ED600000613046FDF7A4FE2860737C042B03D1BC
:10ED7000042FDCBF033028600423AB71002052E76E
:10ED8000D90423D5D6F894309BB11A68022A10D939
:10ED900093F82400FB0008B1B3FBF0F39B45BBD80C
:10EDA000002BB9D0CBEB0B20B0FBF3F0C043C0B2CB
:10EDB000B3E729463046FFF757FD0190304613F080
:10EDC000DFFE019BB3FBF0F0C0B2E3E718F80400EC
:10EDD0004000ECE70023EB730B4BDA68C2F3072328
:10EDE000120448BF63F0FF035AB212F1800F1CBF38
:10EDF000323B5AB20023AA732B60BEE7022012E70F
:10EE000000000840001008400070084070B50A4B30
:10EE10000A4DD3F8EC604FF48064C5F8EC40002054
:10EE2000FEF75EFB4FF400536B65730544BF044B64
:10EE3000C3F8EC4070BD00BF00100840001008444B
:10EE40000010084611F5004F1FBF01F30E01044BDF
:10EE5000C1F30E01002014BF19640120704700BFE8
:10EE600000300840F8B504460E4611B9037C5A0636
:10EE70005FD4464BA18BD3F88420D4F8947012F45D
:10EE8000E05F04BF2022C3F810224FF6FF739942BF
:10EE900060D03F4B1B68002B5CD03E4D204698470E
:10EEA000D4F894102A688A4207D0204613F0FFFD58
:10EEB000394B5864394B8020986097424FD0384B7B
:10EEC0001B684BB11FB13A68002A58D0BF68394659
:10EED00020469847D4F89410084613F000FE002806
:10EEE00049D03049FDF748FC07272046FCF7D4F805
:10EEF000002E36D02C4B94F9122093F900302B4978
:10EF0000D4F89400C3F11C039B1A4A69DB0222F473
:10EF1000FF2203F4FF231343254A4B61254B28604E
:10EF200006211167204601221A7013F0D7FF002036
:10EF3000F8BD61F38613154A0374D2F88430D0F813
:10EF400094704FF6FF7113F4E05F818302D12023A8
:10EF5000C2F810320F4D2A68BA423946A5D10127AE
:10EF6000C3E70D4B0F4AD3F8F81004F1A4003B4659
:10EF7000FDF7A0FCBEE7204613F083FBB1E7174680
:10EF8000394620469847D4F89410A5E70060084019
:10EF9000F0350020E4350020001F0021004008402B
:10EFA000EC350020681F0021D84000200070084088
:10EFB00000000844D940002002484822002112F0F5
:10EFC0005ABE00BFE41E0021002373B5837464237E
:10EFD000C0E92C33C0E92E334FF0FF35C0F8AC3018
:10EFE000A0F8C0300E264FF6FF73C0E9075580F831
:10EFF000D06045648582837504461120F1F71EFCBC
:10F00000042834D11B4B5B6813F4403F2FD12046BA
:10F01000FEF722F92046FFF7CFFF94F912102046A1
:10F02000FFF79CFA144A6023536402F5805240F6BD
:10F03000FF7151625165114A5364114B4022C3F86C
:10F040008820626B29462046FFF704FB002240F22D
:10F05000022310461946CDE90066FDF733FFFBF7A2
:10F06000C9FE204602B0BDE8704000F06FBC02202F
:10F0700002B070BD00300E4000000840000008469D
:10F080000040084410B50C46FFF796FFBCB1A378CA
:10F09000082B16D8E278082A13D843EA021313F093
:10F0A000FF03094A14BF61681946C2F8E4102178C9
:10F0B00082F82811617882F8291182F82B3100201A
:10F0C00010BD0120FCE700BF001E0021012A10B581
:10F0D00012D8032B10D803EB8202084C0123934073
:10F0E00094F82A01DBB221B1034384F82A310020CD
:10F0F00010BD20EA0303F8E70120F9E7001E002114
:10F1000070B50C68B0F8D4208D680346013404BF94
:10F11000D3F8AC400C604C68013404BFD3F8B8405D
:10F120004C606E1C00F1A40038D1D3F8B440CE6816
:10F130008C60751C38D1D3F8B0500E69CD600136A3
:10F1400004BFD3F8A4600E614E69013604BFD3F842
:10F15000A8604E618E69013604BFD3F8BC608E6131
:10F160008E693EB34132B24238BF32460E688A6180
:10F17000C3F8B4404C68C3E92E420A69C3F8A4201E
:10F180004A690D49C3F8A820C3E92B650B4AD1F899
:10F19000F8100723FDF78EFB002070BD02F141043B
:10F1A000AC4238BF2C46C2E702F16405B54238BF15
:10F1B0003546C2E76422D9E7001F0021681F0021FD
:10F1C00070B50FF040FA0C4E054600F043FA0128E6
:10F1D00004D028460FF03BFA022070BD736813F08C
:10F1E000706FC3F30364F0D1F36BDB06EDD52846F3
:10F1F0000FF02DFA2046F0E70040084038B50FF038
:10F2000022FA0B4A13884FF6FF718B4203D10FF09D
:10F210001EFA032038BD074C074DE56504F1007464
:10F220001B04E36511800FF012FA0020F2E700BF23
:10F23000CA130020006008440000FFFF2DE9F341DD
:10F2400005460F461646FFF763F9A0B1DFF8548272
:10F25000D8F80C30DB0704D40324204602B0BDE804
:10F26000F0810FF0F0F904460320FCF701FB20B118
:10F2700020460FF0ECF90224EFE7D8F80C3013F039
:10F28000060FF5D120460FF0E2F97A4B4FF40061FA
:10F290002846D3F8E08ED3F8B84EFEF771FE40B1A1
:10F2A000754B4FF400720121C3F888200846FBF724
:10F2B00011F939462846FBF75FFA6E4BC3F8B84E92
:10F2C000C3F8E08E04460028C7D12B7CDF0601D4AA
:10F2D000002E58D0C6F34000FEF71AF816F4807FCF
:10F2E00014BF664A644A4FF002031BBFC2F888305D
:10F2F000634AC2F8883000211CBFD1609362FEF7D8
:10F3000041F816F0040F14BF5E4A5F4A4FF4806361
:10F31000D361594B042216F0400FC3F8882014BF64
:10F320005A4A5B4A40233046C2F88030FEF772FFEB
:10F33000284613F0AAFC40B116F0010F14BF4F4A43
:10F340004D4A4FF48073C2F88830B00642D56B8CBA
:10F350004FF6FF7293420FD04E4A4F49D26D100CB8
:10F36000C2F30112088001324749B3FBF2F3454A68
:10F370004A48C8651B04D3652B7C003E18BF012694
:10F3800066F304132B74284613F064FDC0B32846BB
:10F3900013F07BFCD0B14FF400312846FEF7F0FDAE
:10F3A000431C9BB20322364801A913F0A4FE9DF82A
:10F3B000042002F00703052B9DF8053013D1110737
:10F3C0000BD443F48073364AC2F8C030002013F0E7
:10F3D000A9FA42E7FFF712FFCEE713F0040F09D1B5
:10F3E0009DF80630EDE703F03002202A05D113F036
:10F3F000010FF4E74FF48073E5E79DF80630E2E78C
:10F40000284613F091FD0028E0D0284613F03DFC7B
:10F410000028DBD0EB7CA3F10C02012A16D82B8B41
:10F42000032B19D01E4B93F8C93003F00703072BA9
:10F4300016D01348062113F067FE421C3FF40CAFB0
:10F4400000F00F00164B83F8C800BFE70F2BE6D083
:10F45000102BE4D00E2B01D1092102E0112BE0E7A3
:10F460000821074813F050FE431C3FF4F5AEC0B22C
:10F47000E8E700BF001000210040084400400846B3
:10F48000001008400060084600600844007008460C
:10F490000070084400600840CA1300200000FFFF0D
:10F4A000001E0021005008402DE9F3410646884621
:10F4B00015461F460FF0C7F804460320FCF7D8F99D
:10F4C00038B120460FF0C3F80324204602B0BDE84F
:10F4D000F0810420FCF7CCF90028F2D120460FF08F
:10F4E000B6F82A4641463046FFF7A8FE04460028F3
:10F4F000EBD1DFF8BC80002F38D088F80000394607
:10F500003046FEF79BFD002845D198F80030012BCE
:10F5100029D0224B2022C3F88820214B5B6CB3F505
:10F52000817F2BD2012013F060FA0FF08CF81D4B75
:10F530001B68019306464BB10420FCF76FF80023CB
:10F54000012201A90420FCF787F800B3FCF7D8F9E1
:10F550002B0617D5144B00221A67FCF711FA304618
:10F560000FF075F8B1E7FDF7C5FEAEE798F800308B
:10F57000012BF8D0002BCCD10124A6E70B4B802225
:10F580009A60CFE7FCF7FCF9FDF79EFEE7E7FDF791
:10F5900017FF0124E3E7044697E700BF0040084651
:10F5A000001F0021E83500200050084000400840BE
:10F5B000D740002008B50B4BD3F8B4305A1C0FD0FD
:10F5C0005B000DD40320FEF73FFF074B4FF0806236
:10F5D000C3F89420054A4FF4007151620122DA60A9
:10F5E00008BD00BF0081E00F004008460000084051
:10F5F000054BD3F8880003F180634FF40022C3F871
:10F600008820C0F3C040704700400840014B024AC8
:10F610001A607047EC35002065E10000024BD868A5
:10F6200000F00100704700BF00500840084BDA6846
:10F63000D10707D508B9FBF7CBBFDB68DA0706D4DB
:10F64000FBF7B8BFDB68DB0701D40028F8D17047AF
:10F65000005008400F4B5B68C3F30363013B0B2B67
:10F660000FD8DFE803F006060C06060606080A08AF
:10F6700008080220704704207047052070470320C7
:10F680007047054BDB6813F0060F0CBF0120042008
:10F69000704700BF00400840005008400A4A5368C5
:10F6A000C3F303630B2B08D06FF49050184100F0A4
:10F6B000010080F0010040007047D2F8880010F48B
:10F6C0008030ECD1704700BF004008400C4A5368BE
:10F6D000C3F30363062B07D8042BD8B20CD8C31E80
:10F6E0005842584140007047072B07D1D2F84401D7
:10F6F00010F00050EBD17047022070470020704797
:10F70000004008400A4A5368C3F30363032B01D047
:10F71000072B0AD1D2F88C30DB0606D4D2F8900041
:10F7200080F00800C0F3C00070470020704700BFA1
:10F7300000400840024B0022196813F06ABB00BF6A
:10F7400034810200024B1B6803B11847704700BFA9
:10F7500008360020024B1B6803B11847704700BFF2
:10F760000436002010B5FF224FF6FF71044613F057
:10F7700074FB68B9FF224FF6FF71204613F07EFB41
:10F7800030B920460349BDE81040FF2213F088BB82
:10F7900010BD00BF8862020010B55B0743EA024358
:10F7A0009DF80820520543EAC16302F0BC621A4387
:10F7B000064942F4C8720446FEF7CEFB0022114609
:10F7C0002046FFF703FA002010BD00BF9007E12D8F
:10F7D00008B5FFF797FFA8B10B4B5A69110311D574
:10F7E000D3F8882092030DD4D3F8903013F0100F83
:10F7F0004FF0100304D1054AC2F89030002008BD34
:10F80000034AF9E70220FAE70040084000400846B2
:10F810000040084438B5044608B3134A53691B0333
:10F820001FD5D2F88C50114BC5F38115032DB3F8B9
:10F83000BC300ED1083B9BB208220D48214613F084
:10F840005AFC094B2572D3F890301B0A63720020D2
:10F8500038BD022D05D1023B9BB22A46EDE70120BF
:10F86000F6E70220F4E700BF00400840001E002138
:10F8700030100840034B1868034B002808BF184697
:10F88000704700BF0C3600200C810200F8B50D4611
:10F8900010B900242046F8BD0E4F3E68002EF8D166
:10F8A000FAF7B4FD04460028F3D03860FAF7FAFD01
:10F8B000204612F0D6FE38B130463E60FAF7F2FD2F
:10F8C000204612F0C3FEE4E7002DE3D02046A8470F
:10F8D000E0E700BF10360020024B1868003818BF60
:10F8E0000120704710360020024B00215B6808465B
:10F8F000184700BF5011002010B513F05EFA0446FF
:10F9000018B9034B01215B689847204610BD00BF22
:10F910005011002010B5FFF7C7FD044618B9034B7E
:10F9200001215B689847204610BD00BF50110020A0
:10F9300010B512F028FF044620B9034B01215B6883
:10F9400008469847204610BD5011002007B54FF4D7
:10F9500000730A49ADF806300DF1060213F060FBA2
:10F96000BDF80630B3F5007F05D1022808BF00209E
:10F9700003B05DF804FB0120FAE700BF1436002055
:10F980000D4BD3F8E020D20314D50C494FF480324C
:10F99000C3F8E820C1F8EC209A6BD1B2C2F3072279
:10F9A00099679A6704229A6700229A679A679A670A
:10F9B0009A679A67704700BF001008400010084619
:10F9C000F8B50C4C0D46174606460EF03CFE0123DA
:10F9D000A362042327606660A560C4F8E830064B84
:10F9E0004FF48072C3F880210EF031FE0DB1022376
:10F9F000A362F8BD0010084000E100E0054B18606C
:10FA0000054B01229A6540F6FF72196358635A65E7
:10FA1000704700BF18380020001008402DE9F04F53
:10FA2000042A83B0054639D90B7883614B7883610A
:10FA30008B788361CB7883610068D5F808B06E68F5
:10FA400000F007000123063003FA00F808F1FF393F
:10FA500009EA0B07A2F1040AA8EB0702924501F19B
:10FA6000040446F000560DD8F0192146524612F013
:10FA700016F90AEB0B0248EA09031A40AA6003B020
:10FA8000BDE8F08F2146F019019212F008F9019AB1
:10FA9000A118AAEB080230463A44E8E7013A032AE3
:10FAA000EDD8DFE802F00B08050211F8013B836195
:10FAB00011F8013BAB6111F8013BAB610B78AB6115
:10FAC00003B0BDE8F08F00BF38B50C46104B1546AB
:10FAD000014668B10122C3F8B8200E482246FFF75C
:10FAE0009DFF1DB10A4B0422C3F8B820002038BD89
:10FAF00064B1D3F89C20A24284BF0122C3F8B8208D
:10FB0000C3F898400222C3F8B820EAE70122FAE7D6
:10FB1000001008409010084010B50EF094FD184BEE
:10FB2000184901229A65C3F888201A66164A5A664F
:10FB30000722C3F884200A80144900220A804FF467
:10FB4000A021C3F8E81003F1C0630446C3F8EC1029
:10FB50000F4B1A600F4BD3F888305B020AD50E4B5F
:10FB600018680E4B4FF48002C3F88820416BA43014
:10FB7000FCF7E8FB2046BDE810400EF068BD00BF72
:10FB800000100840B23D002010160020B03D0020BB
:10FB9000143800200040084010360020004008447F
:10FBA0000D4B07221A800D4B00221A800C4B0121AD
:10FBB000C3F8B810C3F890204FF40052C3F8940073
:10FBC000C3F8B420074BF0221A6403F10073A0229B
:10FBD0001A64FFF7A1BF00BFB23D0020B03D002076
:10FBE00000100840000008442DE9F041044688B1A7
:10FBF000394E3A4F0EF027FD3388394A03F0780129
:10FC0000032C054603F07F0C114453D13C6824B902
:10FC10000EF01DFD0320BDE8F08124F001043868DA
:10FC200020F00100A0424AD100223A6022886FEA07
:10FC300042426FEA52428C42228036D1294CDFF890
:10FC4000B8C02788ACF180083A46083A92B201F170
:10FC50000800604528BF4046082A04D9B0F900E0F2
:10FC6000BEF1000F36DB22803B440C8888781E49A9
:10FC70009B1ADBB2C4F30C04CC6300F007003380A2
:10FC8000CB66C1F88420FFF77BFE04280DD1174B0B
:10FC9000D3F88830164B1868164B4FF48002C3F81F
:10FCA0008820416BA430FCF74DFB28460EF0CFFCBA
:10FCB0000020B0E7601E012898BF0C46AFE7094856
:10FCC00062440088A21A48BF803208389042ADDCF6
:10FCD00028469DE70146B8E7B03D002014380020D3
:10FCE00010160020B23D00200010084000400840DF
:10FCF0001036002000400844901600200E490F4B9B
:10FD00000A881B880E481344073B03F0780303441A
:10FD10000832987892B20A8000F007000949042856
:10FD2000C1F8842004D101F540514A681203FCD483
:10FD3000054A1360704700BFB23D0020B03D00206F
:10FD400010160020001008401438002010B5054C93
:10FD5000206828B1C30701D4FFF746FF00232360C2
:10FD600010BD00BF14380020084B4FF48032C3F898
:10FD7000EC2003F17C43C3F8E420D3F88030C3F3D4
:10FD80000C03782B01D8FFF7FBBD70470010084427
:10FD90002DE9F84304460E460EF055FC504B514DEC
:10FDA0001A882D888146504802F07801032C02F011
:10FDB0007F03014417D14D4C24688CB92A44073A7B
:10FDC00002F0780284180344E31A48BF8033AB4240
:10FDD00010DB48460EF03BFC00242046BDE8F883CB
:10FDE00024F00104EFE7012C02D0022CEBD1083DF6
:10FDF0000C46E8E7002E41D08C423D4942D1D1F873
:10FE00003C800A6B02F00702063201279740D1F8C6
:10FE10008020C2F30C029A4247DDB4F900302588F5
:10FE2000002BD6DBA378C5F30C0503F007037A1E7D
:10FE3000A5EB08053A43052B337005EA02052CD8DB
:10FE40002DB2E84340F236420421C00FFAF7D6FC47
:10FE50007580E378274A337412687B1E03EA08032F
:10FE6000D118B160A9B213FA85F5BD4289BFFF1A56
:10FE70000023B780F2609CBFB180F36048460EF06B
:10FE8000E6FBAAE7A4F10802824238BF04F1780237
:10FE9000B2F80080C8F30C08B3E7174BDB6C003BEB
:10FEA00018BF0123A5EBC305CAE78B6B7A1EA3EB32
:10FEB00008033A431A40114B15B25B686AB9C3F3A1
:10FEC0000363D91E4B424B41DB0033700B4B7280F6
:10FED000D3F89030C3F30723BCE70823F5E700BF4E
:10FEE000B03D0020B23D0020101600201438002044
:10FEF000001008401838002000000840004008406A
:10FF000010B50EF0A0FB084B1B6804463BB19847A8
:10FF100028B1002200204FF48061FCF7BBFF20468F
:10FF2000BDE810400EF093BB1C3800202DE9F74FC0
:10FF3000DFF8ECB08146DBF800A00F46FBF7AEFC23
:10FF40004FF0FF35CDE9000100202C46064606F1B2
:10FF500010031B015BF8033003F00308B8F1010F35
:10FF600015D13046FBF7B2FC02460B46DDE9000135
:10FF7000FBF742FBDBF85C3006F10802D340DB07FD
:10FF800037D5002F3ED000253E602C464046013636
:10FF9000052EDCD150B3224F396B0131A4FB014156
:10FFA00064190AF4403341F10001B3F5003F4FF00A
:10FFB00000022FD1FB6A0AF4405A013342F10006D5
:10FFC000BAF5805F21D1BD6A15F5807542F1000256
:10FFD0006E4303FB0266A5FB03323244594304FB24
:10FFE0000212A3FB04341444C9E9003403B0BDE891
:10FFF000F08FA84271EB0403C8D207B13E600546FA
:020000021000EC
:100000000C46C3E73D463C46C0E7320242EA136273
:100010001B02E3E7BB6A13F5807342F10002DDE7E0
:1000200000500840024B99685A690A401A617047AB
:100030000040044008B5FFF7F5FF054B5B7B01333B
:100040000122DBB202FA03F3024A136108BD00BFCA
:10005000CC3500200040044038B504460D460EF073
:10006000FDFA064A13889BB22DB123431380BDE8E5
:1000700038400EF0F9BA23EA0403F7E7B63D002052
:10008000034B002201214FF480701A70FFF7E4BF88
:10009000E140002008B5054B186812F058FF00F049
:1000A0000300C31E5842584108BD00BF3838002025
:1000B000F0B585B00023CDE901330393124B134D06
:1000C000134E1B788DF804300EF0C8FA2A78337876
:1000D000104F9A4204460CD031783868297001AA32
:1000E000FFF726FC50B10C484FF41E610EF03CFEA9
:1000F00004E0386812F02BFF0128EDD020460EF006
:10010000B3FA05B0F0BD00BF211400201E1400207A
:100110001F140020383800203684020038B5044609
:1001200011F00CFD0C4B05461978987881420FD0E0
:10013000631E082B0CD8DFE803F0050D0B0D0B0D2B
:100140000D0D0D0000220146044B186812F0FDFE53
:10015000284638BD0022F7E7211400203838002057
:10016000F8B52B4B1B7823B12A4840F6F6310EF038
:10017000FBFD0EF073FA284B1C8814F006040646AB
:1001800009D001214FF48070FFF766FF3046BDE8CB
:10019000F8400EF069BA21464FF48070FFF75CFF1B
:1001A000204602F013F802280AD180221B4B80213E
:1001B000186812F0E6FA0EF0CDFDFFF779FFE5E7DB
:1001C000204602F003F8054638B1012807D011484F
:1001D00040F638410EF0C8FDD8E70246E6E70F4F7B
:1001E0003868FFF781FB386812F0B1FE01280CD0A7
:1001F00038682A46294612F0ACFE21462C20FFF72B
:100200008DFF21460A20FFF789FF0EF0A4FDBDE710
:10021000E140002036840200B63D0020383800203E
:1002200038B54FF0FF300C4615F03FFA0A4B054643
:10023000186815F03AFA641B241A20B210F1630F03
:1002400006DB10F1240F05DA64308000C0B238BD3F
:100250000020FCE7FF20FAE73838002010B50E4CEC
:10026000236823B90D4840F6A7410EF07DFD2068B4
:10027000013013F00AF800F0070003280AD12468BF
:1002800009220121204601F0B5F8205C031F5842E5
:10029000584110BD0020FCE72838002036840200B9
:1002A00008B5134B1B78062B04D0124840F61401F6
:1002B0000EF05AFD104B1B881B0704D40D4840F666
:1002C00015010EF051FD0D4B2A201978FFF726FF7E
:1002D00000210820FFF7C0FE094B02221A70094BCB
:1002E0001868FFF701FBBDE808400FF0E3B800BF56
:1002F000E140002036840200B63D0020DE400020B0
:100300001C140020383800200148002102F0F0BD04
:10031000C01100207F2837B5044612D119494FF685
:10032000FF730246ADF80630098802230DF106007E
:100330000EF036FDBDF80640E20554BF64B26FF022
:100340004A040EF08BF9104B1C70104B1B88DB0716
:10035000054610D50E4B1B78002B0E4B0CBF2146CB
:100360006FF07F01186812F02DFA20B10A484FF49F
:1003700069610EF0F9FC284603B0BDE830400EF08C
:1003800073B900BFAC5D020016140020B63D00201A
:10039000E2400020383800203684020008B50A4BBD
:1003A0001B88DB0604D4094840F637010EF0DCFC5C
:1003B00000211020FFF750FE002001F069FEBDE88B
:1003C00008400FF077B800BFB63D00203684020029
:1003D000F7B5124CD4E9006586EA020C85EA0307FA
:1003E0000CEA000C0F405CEA070E15D086EA0C06FA
:1003F0007D40C4E90065CDE900230B46084902466B
:10040000086812F0BAF938B1064840F2FB1103B09F
:10041000BDE8F0400EF0A8BC03B0F0BD901600207F
:10042000383800203684020010B50EF094FA60B11E
:100430000EF093FA0B4A80B141F20D03BDE8104073
:10044000084841F20D01FFF7C3BF074B1A789B78AC
:100450009A4204D100220023F0E70D23EEE7034A7D
:10046000F9E700BF400D030021140020488D010072
:1004700038B5294B1B889B07044647D5274B0022DC
:100480001868012112F0EFFD012C254B2DD11978B0
:1004900059B30139C9B2197011B92020FFF7DCFD39
:1004A00000210220FFF7D8FD1E4B1F480422002127
:1004B0001A7002F01DFD1D4C2068013012F0E5FE9F
:1004C00000F44060B0F5006F23D1246801210422BC
:1004D000204600F08FFF204412F0D7FE0146BDE811
:1004E00038400022202010F040B9114D0021022098
:1004F0001970FFF7B1FD2B78FF2B04D00D4840F2A7
:1005000085610EF031FC2C700EF0D4FF012CD2D09E
:1005100038BD4FF6FF71E2E7B63D002038380020C5
:10052000E0400020E1400020A011002028380020F9
:100530001D1400203684020038B5124C238805466D
:10054000580709D5FFF7A6FD01460720FFF7E6FD8E
:1005500000210420FFF780FD238899070AD50A4B64
:1005600019788A1F514251412846FFF7D7FD0120D3
:10057000FFF77EFF23881B0703D5BDE83840FFF750
:100580008FBE38BDB63D0020E14000202DE9F04F80
:10059000570691B0804614461D4605D5FFF77AFDF3
:1005A00001460120FFF7BAFDEE0403D500212D20FE
:1005B000FFF7B4FDA00223D5404612F02DFD014601
:1005C000F0B94020FFF748FD0AA9404612F08AF929
:1005D000B0B99DF83030022B65D1BDF8280014F079
:1005E00033FDFF2808D1404612F07AF940B90121C5
:1005F0004020FFF731FD03E014F02CFD0028F2D17C
:10060000A10305D5FFF746FD01460320FFF786FD50
:10061000E20104F080734CD5A44B1B889F072FD5B3
:10062000A34E306812F004F950BBA24BA24F1870D1
:100630003B78FF2B04D0A14840F22A610EF094FBD6
:10064000002102204FF00009FFF706FD87F8009017
:100650009B4F3B78062B07D101210820FFF7FCFCBC
:1006600049462820FFF75AFD3B78052B06D100218B
:100670002B20FFF753FD3068FFF736F90EF01AFF15
:10068000260740F1B0808A4F05AA3868032112F08E
:10069000C9FC0646002849D1FFF7FCFC01460420AE
:1006A000FFF73CFD9FE0032BAAD10AA814F0BBFC86
:1006B000A4E705F0020213430BD0814B19788E1F7B
:1006C000714271412620FFF729FD0120FFF7D0FE7E
:1006D000D6E704F080531A4309D0794B1978881F64
:1006E000414241412620FFF719FD0220EEE704F0C8
:1006F00088410B4306D0724B19788A1F51425141F1
:100700002720F0E705F008030B4302D02320FFF772
:1007100005FD6B0703D500212420FFF7FFFCEF0741
:10072000AED500212520FFF7F9FCA9E79DF814308C
:10073000072BB1D101460AAA386812F07BFC0028C9
:10074000AAD1BDF81610386802310AAA89B212F08F
:1007500073FC824600289FD100903868042304AAC5
:10076000314612F08DFC042896D1DFF8609199F89B
:100770000030002B40F0AC800DF1110012F085FD2F
:1007800000F00700022840F0A380FFF783FC014639
:100790000920FFF7C3FC4A4B1B78062B23D1494B9A
:1007A0009DF813201B789A421DD19DF8353023B94E
:1007B000424840F2E7610EF0D7FA0DF1110012F055
:1007C00064FDC0F3001631462920FFF7A7FC002185
:1007D0000820FFF741FC3C4B1E70FFF73FFD10B9AE
:1007E0003868FFF781F8E20505D5FFF753FC0146AD
:1007F0000420FFF793FC14F4863F05D0FFF74AFC72
:1008000001460220FFF78AFCA30111D5FFF742FC45
:1008100001460820FFF782FC00210420FFF71CFCA2
:10082000274B1B78012B03D1214B1868FFF75CF88D
:1008300014F0084F09D0FFF72DFC01460720FFF701
:100840006DFC00210420FFF707FCA70009D5FFF786
:1008500021FC01460620FFF761FC00210420FFF780
:10086000FBFBA60705D5114B1B881C0701D5FFF71D
:1008700017FD680603D500210A20FFF74FFC290663
:1008800002D5012012F09AFCEA0540F1C1804046F1
:1008900012F059FB052800F2B1800138042800F25B
:1008A000B780DFE800F0B2C2B2B2B200B63D0020BD
:1008B00038380020E04000201D140020368402005B
:1008C000E1400020DC4000201C140020E440002017
:1008D000BDF816000830012180B202F09DF90290A7
:1008E00000283FF4D9AE02F0D1F80799BDF81820DE
:1008F000064611F0D4F9089941B1BDF81800BDF8C9
:100900001620121A92B2304411F0C9F999F8003049
:10091000039303BB06F1010B584612F0B6FC8006A8
:100920005BD5386812F078FB0746FFF7B3FB053755
:100930000146F8B2FFF7F2FB584612F0A6FC00F0B1
:10094000070003283E4F2ED001210420FFF784FB2F
:1009500011F0AFFF38603B4ABDF816301278F25400
:10096000F7189DF83630BB709DF83730FB700A9B46
:10097000FB711A0E3A711A0C7A711A0A99F8003042
:10098000BA7133B97378BAF1000F34D043F0200351
:100990007370002001F0AAFD7870029802F098F9B7
:1009A0000EF088FD1FE701210922304600F022FDEC
:1009B000305C04284FF00101C7D1FFF74DFB11F067
:1009C00078FF214B38601B885906C4D50399402015
:1009D000FFF742FB4FF0010ABDE7FFF75BFB014663
:1009E0000920FFF79BFB194B1B78012BB3D138680B
:1009F000FEF77AFFAFE723F02003C9E7342804D0DD
:100A00000FD8142801D0242811D12620FFF794FDF7
:100A1000AB0512D50121802011B0BDE8F04FFFF7E2
:100A20001BBB00F0EF004428EEE72720EEE7084864
:100A300040F6D3010EF098F9EAE711B0BDE8F08F67
:100A4000243800201E140020B63D0020E140002084
:100A500036840200F8B5164E33780D4602F00104D4
:100A600023B1144840F2A2310EF07EF9124B134F1D
:100A70001D60134DA4B1134B997801B101212020C1
:100A8000FFF7EAFA2B783B700F4B1C780F4B10489E
:100A90001C7004233370BDE8F840002102F028BA2E
:100AA00021462020FFF7D8FA2B783B70EEE700BFF5
:100AB000E14000203684020028380020DE4000207B
:100AC000201400202C380020DF400020E0400020CF
:100AD000C01100202DE9F843DFF8A481634C0DF02C
:100AE000BDFDB8F8003013F4807F054603D02378AD
:100AF00073BBFFF735FB00210846FFF70FFB5C4B8C
:100B00001A78FF2A13D01A7802F0FF0632BBFF22B0
:100B10001A702378052B0AD10023284623700DF084
:100B2000A3FD304612F03DFB0DF098FD05462378FD
:100B3000504E062B09D13378FF2B06D03378022B89
:100B400015D14D48002102F0D3F9FF2333702BE07B
:100B500000214FF48070FFF77FFACCE71A78012A62
:100B60004FF0FF021A7014BF33264C26D4E73378B7
:100B700013B13378012B22D1FFF770FB96F8009068
:100B800007463D4802F050FAFF235FFA89F93370B7
:100B900077B1B9F1010F44D1374884F8009064214E
:100BA00002F0A6F9FFF784FA28460DF05DFD06E095
:100BB000284627700DF058FD384612F0F2FAB8F8C2
:100BC00000301B0605D500218020FFF745FA0EF006
:100BD00077FC02F08FF8294E308000B32778012F80
:100BE00042D101F053FF054610B3013012F04DFB26
:100BF00000F44060B0F5006F1AD10422394628464F
:100C000000F0F8FB284412F040FB4FF6FF739842C7
:100C10000ED13188002001F08DF900233380BDE82A
:100C2000F8830023284623700DF01EFD3F20C4E703
:100C3000114802F0F9F900210846217001F02CF961
:100C4000012523780BB9FFF78BFA3188002001F0DA
:100C500071F900233380002DE1D020780028DED107
:100C6000BDE8F84312F05FBC0025EAE7E140002050
:100C70001D1400201C140020C0110020B43D0020D1
:100C8000B63D002008B513460A461946064B1868BB
:100C900011F01AFE30B1BDE80840044840F2CC41E2
:100CA0000EF062B808BD00BF38380020368402005C
:100CB00008B513460A461946064B186811F0FEFDA2
:100CC00030B1BDE80840044840F2D3410EF04CB8C2
:100CD00008BD00BF3838002036840200024B187867
:100CE000B0FA80F040097047E1400020024B1878CC
:100CF000431E584258417047E140002008B5064B5A
:100D00001B7823B1054840F2FC410EF02DF8FFF7A7
:100D100027FA002008BD00BFE14000203684020011
:100D200008B5064B01EB81011868490011F061FD1F
:100D3000002814BF2120002008BD00BF3838002043
:100D400008B5044B1868F9F743FD0A2390FBF3F04C
:100D500040B208BD38380020014B1878704700BFFA
:100D60001F14002008B5044B186811F08EFCB0FA6F
:100D700080F0400908BD00BF3838002038B5124D5A
:100D80002B78012B0C4604D9104840F21D510DF070
:100D9000EBFF21460020FFF7E5FF90B10C4B1C70E4
:100DA0002B785BB9FFF7DCF90A4B93F900100A4B7B
:100DB000C901186811F0E3FC002038BDFFF778F98D
:100DC000F2E72120F9E700BFE1400020368402006D
:100DD0001F140020E34000203838002008B5054BE0
:100DE0000121186812F0D0F80028B8BF033040F392
:100DF000870008BD3838002008B5074B186811F087
:100E00003EFC30B1054BB3FBF0F083B20BB118469A
:100E100008BD0120FCE700BF3838002040420F0029
:100E200008B5074B186811F02EFC30B1054BB3FB29
:100E3000F0F083B20BB1184608BD0120FCE700BFFB
:100E40003838002040420F002DE9F347534F01206E
:100E50000DF082FF3B88990704D4514840F6464183
:100E60000DF082FFDFF85C8198F80030053B012B24
:100E700004D94B4840F648410DF076FF494E33689F
:100E800023B9474840F64B410DF06EFF3C8814F003
:100E900020045CD001212220FFF740F94FF47A743E
:100EA000FFF7BEFF33681B780933434304EBC304E9
:100EB00098F80030062BA5B20BD1FFF79DFF044632
:100EC000FFF7AEFF602358430C2303FB04002844C4
:100ED00085B2D6F80090344B99F800801C78334ED8
:100EE00008F1FF381FFA88F8002C3FD13B885A05DB
:100EF00032D57378DFF8C8A026468AF80030CAF8E1
:100F000008500DF02EFD30B10DF029FD012814BF61
:100F1000102308231E43264D802349462868424655
:100F200012F07CF8234B1978234B19703B889B06F1
:100F30001FD5CDF800A0214B28683246FEF7EAFC09
:100F400010BB002002B0BDE8F0470DF005BF214600
:100F50002220FFF7E3F8A3E709F1010012F095F969
:100F600010F020047378C5D00124C3E773780024FF
:100F7000C0E7134B28683246FEF7BEFC014618B99D
:100F80002520FFF7CBF8DCE721462620FFF7C6F83F
:100F9000034840F6EE310DF0E7FED2E7B63D002003
:100FA0003684020028380020E4400020211400206C
:100FB000383800201F1400201E1400202C38002078
:100FC00084110020E140002008B5174B1B889B07C7
:100FD00004D4164840F6BE610DF0C6FE144B1B78D3
:100FE000053B012B04D9114840F6BF610DF0BCFE52
:100FF000104B1B6823B90D4840F6C1610DF0B4FEDB
:101000000D4B0E49002221201A70FFF787F818B9FE
:10101000BDE80840FFF718BF022803D1BDE808402B
:10102000FFF726BA08BD00BFB63D00203684020097
:10103000E140002028380020DB400020D9110100C9
:10104000F8B5594C23889A0704D558484FF438719D
:101050000DF08AFE564801F0E7FF0DF0FFFA2388F5
:101060005B0705460BD511F024FC524B1B68C01AD8
:10107000B0F5717F03D900210420FEF7EDFF28466B
:101080004D4D0DF0F1FA2B78042B32D10DF0E6FA2C
:1010900023885F07064608D54548002101F028FF50
:1010A0003046BDE8F8400DF0DFBA0DF0DDFA0DF086
:1010B000D5FA424B424F1B78064613B9238859058F
:1010C0000FD50523012102202B70FEF7C5FFFFF786
:1010D0007BFF30460DF0C8FA3B68DA78394B1A705E
:1010E000F8BD3868013012F0D0F88206E9D5062341
:1010F000E8E7062B4DD1344B1B78FF2BF0D1334E54
:101100000DF031FC3378002B3DD00DF0A7FA238889
:101110005B07054605D52648002101F0E9FE284673
:10112000BFE70DF0A1FA3378013B33700DF096FA6A
:10113000012104460220FEF78FFFFFF745FF2046FE
:101140001F4C0DF091FA2068013012F09EF800F467
:101150004060B0F5006F13D12468012104222046BD
:1011600000F048F9204412F090F80146184B1A7824
:101170003378D21AD2B2BDE8F84004200FF0F5BAA5
:101180004FF6FF71F2E72B704020BDE8F84012F0F7
:1011900008B8012BA4D100232B700E4B1868FEF762
:1011A000A3FB3F20F1E700BFB63D002036840200DC
:1011B000C011002024380020E1400020E44000203D
:1011C00028380020DC4000201C140020DE400020D5
:1011D000201400203838002008B50A4B1A7882B94C
:1011E000012210281A7004D0074840F6B5610DF0AE
:1011F000BBFD00212020FEF72FFFBDE80840FFF7D0
:1012000023BE08BDDB4000203684020038B5102024
:101210000C460121FEF720FF064B1D68FFF7ECFD91
:10122000054B00FB04F10122284611F096FE002038
:1012300038BD00BF383800209D03010008B5094BB8
:101240001B88DB0604D4084840F293510DF08CFD56
:1012500010200021FEF700FF044B1868BDE808408D
:1012600011F089BEB63D00203684020038380020D7
:1012700010B5064C206811F000FBC30704D52068A8
:10128000BDE8104011F0FBBA10BD00BF3838002097
:1012900008B5094B01221868114611F05AFE0021C9
:1012A0002C20FEF73BFF00210A20FEF737FFBDE8A8
:1012B00008400DF050BD00BF3838002001480DF047
:1012C00053BD00BF50840200014B4008185C7047BA
:1012D0001814002008B513460A461946064B18682C
:1012E00011F0F8FA30B1BDE80840044840F6EC418E
:1012F0000DF03ABD08BD00BF38380020368402002A
:1013000008B5044B186811F022FE013818BF0120FF
:1013100008BD00BF3838002070B505460DF09EF9B5
:101320000E4B0F4E1B883570DA07044608D50D4B5F
:101330000D4D1B78012B08D90121286811F06AFE98
:101340002046BDE870400DF08FB91BB10DF001FBD8
:10135000C305F1D4317881F00101EEE7B63D0020FC
:1013600017140020E2400020383800200C4B1B8866
:10137000DB0710B5044611D5FFF756F8094B84F08A
:1013800001021868D200082111F0FBF930B1BDE864
:101390001040054840F64D710DF0E6BC10BD00BF91
:1013A000B63D0020383800203684020008B5044BD2
:1013B0000146186811F099FA003818BF012008BDDD
:1013C0003838002010B50A4C23787BB1FFF760FF56
:1013D00000210420FEF740FE00210220FEF73CFE23
:1013E00000232370BDE81040FEF7BABE10BD00BF59
:1013F000E1400020032A134601D911F0EDBE014A55
:10140000D05C70475A84020018B1034B1960002069
:101410007047024BFAE700BF3C38002040380020FC
:101420002DE9F8431046DFF82481174611F02DFF0F
:10143000D8F8003005462BB9424B1B6813B9002081
:10144000BDE8F88315F4406905F040060FD136BBBE
:10145000B5F5804F52D24FF48074D8F80030002B8D
:1014600056D1384B1B68002BE9D0002262E0F81CF3
:1014700011F00BFF4FF6FF73984214BF01240224B2
:1014800086B1052605F44043B3F5004F44F0080447
:1014900024D0B5F5804F23D244F4807420E04C462C
:1014A0000326EFE7B5F5804F4FF00506F4D3B9F505
:1014B000406F14BF022008203044384411F0E5FE8C
:1014C000214BB3F85C3005F4404583420CBF44F037
:1014D000080444F00404B5F5004F01D144F0800441
:1014E000B9F5006F0ED1B81911F0CFFE164BB3F855
:1014F0005E308342B1D144F01004AEE74C4603267F
:101500000220D9E7B9F5406F08BF44F02004A4E7F2
:101510000022D1B233F8110033F911100029A0DBF9
:10152000A04202F10102F4D1012089E7A04202F1B8
:101530000102F9D0D1B233F8110033F911100029AA
:10154000F4DA7CE73C380020E03800204038002006
:101550002DE9F04F104685B01646984611F095FEDD
:101560005D4F00F00803B7F85C100293044600F0EA
:101570000709F01C0391B7F85EB011F086FE06F182
:10158000050A0546504611F080FE03464FF6FF70EF
:10159000854218D00399A1EB050CDCF1000545EB61
:1015A0000C056D004FF6FF718B420ED145F004051E
:1015B00000F0ECF9029B6BB1B9F1000F11D04220A1
:1015C00005B0BDE8F08F0125ECE79B4508BF45F06D
:1015D0000805EDE7B9F1030FF1D8DFE809F0021BC8
:1015E000795D00F0D3F908B9A807E8D524F008041C
:1015F000A4B2B4F5004F05D0B4F5624F02D0B4F5F3
:10160000404FDCD1002597F8A8202946002011F092
:1016100050FF3CE0D7F88030E3B90021324608465D
:10162000FFF7FEFED8B924F038039BB248F641021A
:101630009342C4D10A2D49D0062DC0D197F87730F6
:10164000023B012BBBD8FFF751FB0028B7D140F676
:10165000040505E04146304698470028DDD00825BE
:10166000E20648BF45F08005A30648BF45F4805513
:1016700005F00C03042BC6D1F01D11F006FE97F8FF
:10168000A830009332462B46414611F0E7FE08B3DE
:101690000E9B1880002093E7A90705D1B7F85C20BE
:1016A0004FF6FF739A428AD104F44063B3F5006F9A
:1016B0000AD0B3F5406F82D108490822504610F095
:1016C000B0FA00287FF47BAF0C25C9E70425C7E7F3
:1016D000432075E7192073E7E038002040390020E7
:1016E000074A084900231360074A1360074A13603A
:1016F000074A1160074A01211170074A13607047B9
:10170000503800200D3502004C38002048380020A9
:10171000E011002024140020583800200E2A70B553
:101720000C4606461546194603D9FFF7D9FF502047
:1017300070BD012807D10020FFF7F2FAF8B1FFF7DA
:10174000CFFF2120F4E7284B4FF4FE421A80274BAD
:101750007F221A70264B80221A70264B0021198096
:10176000254B1960254B1B684BB1342001F054FA0E
:10177000234B188018B9FFF7B3FF0120D8E724F0F6
:10178000FF6323F4FF231BB1FFF7AAFF4F20CFE72E
:101790007CB92046FFF7E0FA10F0800F43B24FF01B
:1017A00001041BBF00F01F039C409C4044F07844A0
:1017B0000325144B14491E70144B1D70144B24F058
:1017C00078441C60134B00201870134B1A6800F00B
:1017D000E3FA18B1FFF784FF0420A9E70F4B9DF847
:1017E00010201A70A4E700BFBA3D0020E640002098
:1017F000E5400020B83D0020543800204838002043
:10180000BC3D0020EB400020091C0100E940002005
:1018100058380020EA40002050380020E7400020DF
:101820007FB5244B24481A7824490078012303FA11
:1018300002F21A4400250A60ADF80E5020B3984217
:1018400036D11F4C1F4B20781B681F4E0DF10E0127
:101850009847BDF80E20307092B11C4B0093019553
:1018600002232946284600F0D1FA3278237822B1A3
:10187000012A06BF0133DBB21B23237004B070BD05
:10188000013818BF0120F0E778235A43013A0A6073
:101890000F49082200F086FC0B49094A09781378A1
:1018A00021B1012906BF0133DBB21B231370E5E729
:1018B0001846E3E7E9400020EB4000205C380020B8
:1018C000EA400020E011002024140020451C010003
:1018D000D518010010B5244B244C1878002834D1B9
:1018E000FFF77CFA224A136801331360214A92F908
:1018F00000108142B8BF10701F4A92F90010814257
:10190000C8BF1070012B1D490DD10002088023684B
:101910000BBB1B4812F023F8014620BBBDE810406A
:10192000174801F0E5BAB1F90020A2EB221303EB4E
:1019300000131BB20B801349A0EB2323A0EB222042
:101940000A8813FB00230B80E1E72368002BE0D01B
:101950004FF4707200E008220B49002000F022FCD6
:101960002368013B236010BDEB4000205C38002061
:1019700054380020E5400020E6400020BA3D002019
:10198000E4110020B83D0020D5180100054B1B686C
:101990002BB9054B1868003818BF0120704701208B
:1019A000704700BF4C3800204838002037B5054646
:1019B0001C46FFF7EBFF68B974B1084B1A60084B7F
:1019C0001C60012300930A4603232946FFF7A6FE65
:1019D00003B030BD4D20FBE72520F9E74438002057
:1019E0004C38002013B50446FFF7D0FF58B962B158
:1019F000074B1A60012300930A4603232146FFF791
:101A00008DFE02B010BD4D20FBE72520F9E700BF99
:101A1000483800202DE9F0410446DDE906869DF8AE
:101A200020701D46FFF7B2FF88B99EB1A2B10B4BE3
:101A30001A600B4BC3F800800A4B0A461E60214611
:101A400006972B460120BDE8F041FFF767BE4D2009
:101A5000BDE8F0812520FBE72120F9E7E011002017
:101A6000503800204C380020014800F035BE00BF3F
:101A7000BC3D00202DE9F0410020FFF7A3FC0F4BF7
:101A80000F4C1E680F4B20881D680F4B0F4FD3F86B
:101A9000008010B1397801F031F800203870FFF77C
:101AA0001FFE00F033FC0EB14046B0471DB1208848
:101AB000A84700232380BDE8F08100BF4C380020F8
:101AC000BC3D00204838002058380020EC40002061
:101AD0002DE9F0473D4801F0A7FA3D4B1C78002C5A
:101AE00042D13C4F2046FFF737F93B680546002BB3
:101AF0003AD0394EDFF804A1DFF80481DFF8049111
:101B0000012B1EBF348803F1FF33B4FBF3F4334BD6
:101B100034801C6834B19AF9013098F9002099F9A1
:101B20000010A0472E4B1B688BB12E4C2378312B15
:101B30000DD82D4B188800F0A9FF23785A1C22706D
:101B400098F80020C25423785A1C2270C5544FF4D0
:101B5000FE43AAF800307F2389F80030802388F8FC
:101B60000030002333803B60204C23781A2B23D88D
:101B70001F4A1278012A09D11E4A1568002125FA48
:101B800003F0C007DAB20FD501B122700020FFF7D1
:101B9000E3F82178884213D1174B00221A70FFF71F
:101BA0003FFE48B9BDE8F0870133D8B21A284FF09C
:101BB0000101E4D90A442270BDE8F047FFF75ABF9B
:101BC0000020FFF7DBF80028E6D0F5E7E41100205D
:101BD000EB40002054380020B83D0020443800205D
:101BE00048380020EC400020BC3D0020EA400020A6
:101BF0002414002058380020E8400020BA3D00207E
:101C0000E5400020E640002008B50B4B187880B96D
:101C10000221FFF773F8094B1B782BB100214FF617
:101C2000FF720846FFF744F8BDE808400448FFF794
:101C30004FBF00210846ECE7EB400020E7400020C2
:101C4000E411002038B5144B1D78012D0C4621D12C
:101C500081B90846FFF780F8104A1149136805FA60
:101C600000F023EA0003136020462A46BDE838400E
:101C700000F098BA0B4A13780133DBB2022B1370D1
:101C800004D9BDE838400848FFF722BFFFF7C8FD78
:101C90000028F6D138BD00BFEB40002058380020A6
:101CA000D5180100E8400020E411002038B50948AB
:101CB000094D00F011FD002495F84430E0B2834254
:101CC00000D838BD05EBC000043000F005FD01343C
:101CD000F2E700BF80390020E038002008B5034952
:101CE000104648220FF0DBFF002008BD38390020E5
:101CF00008B5054811F033FE014620B9BDE808409B
:101D0000014801F0F5B808BD0412002038B51C4B9D
:101D100000221A701C4615460132082A5D609D801B
:101D200043F8085FF8D14822002116480FF0A3FFBE
:101D30004FF6FE73A4F868307F226FF480330021E1
:101D40001148E3650FF097FF104B84F84450C4E945
:101D50002835C4E9125584F85050656584F8A850B8
:101D6000F1F704F80A4B18700A4BFF2201210020FA
:101D70001A70EEF7C5F90020FFF7BAFF002038BD52
:101D8000E038002038390020603800200000FFFFD4
:101D9000ED40002033410020094B10B5AC2404FB7A
:101DA0000030836C53B990F850403CB931B1C0E970
:101DB00012122046FFF79CFF204610BD2120FCE7B1
:101DC000E038002070B5AC230A4E03FB00F5731910
:101DD00093F850405CB920460BF016FC735D20462A
:101DE00043F002037355FFF783FF204670BD0120C7
:101DF000FCE700BFE0380020AC23034A5843135CE3
:101E000023F0030313547047E038002070B51646E2
:101E10001F4A12780446C2BB1E4DAC2101FB005183
:101E20008A6C92BB91F850203AB1022B2DD191F8D7
:101E30004410072907D91C2026E091F844100729EF
:101E4000F9D8012B08D0AC2000FB0450CA00011DBA
:101E50000C300FF0F6FE0021AC2303FB04F000EB86
:101E6000C10129449DF81430CB71049B8B602B1861
:101E7000002493F844208E80013220468C7183F830
:101E80004420FFF735FF204670BD0120FCE700BF6E
:101E9000E4400020E0380020F8B5234B1B780446CE
:101EA0000F46002B3ED1214DAC2303FB0053B3F86A
:101EB000A03023B91E4840F236310CF055FFAC2259
:101EC00002FB0452D2F8A46036B192F8A330B2F803
:101ED000A02039460020B047AC236343EA18002114
:101EE000A2F8A010C2F8A41092F8A820482101FB83
:101EF00002322A44D2F89820964213D0EB5C9B071A
:101F00000CD5AC2262432046AB5C23F0020343F0C5
:101F10000103AB54BDE8F840FFF7EABE0BF096FBB7
:101F20000028EED1F8BD00BFE4400020E0380020DA
:101F30009B8502002DE9F04F8BB00D4607900846B7
:101F400000F0A4FD044618B921200BB0BDE8F08FC5
:101F5000284600F0B7FDC0B208382218215C92F87C
:101F600002B092F803A05268069200222678B4F8D4
:101F70000130ADF82620434A059192F80090B9F15E
:101F8000000F09D0404B1B6823B14FFA8BF251462A
:101F9000204698470020D8E703F00703022B6ED0B5
:101FA0000134092249462046FFF724FA023EF6B2E0
:101FB000331ADAB21B0607460392C5D4DFF8CC8089
:101FC000D8F890302BBB00210DF12609039BCDF8EA
:101FD000009022460846FFF7BBFAC3B20546002B25
:101FE00048D1BDF8260011F09DF9C8B9BDF826000A
:101FF00011F081FA0490BDF8260011F093F9D8B9D8
:10200000012332462146484600F08CFEC8B1192013
:102010009BE74A460121284698470028D3D193E7F9
:10202000D8F89430BDF82600002BDFD0E11998478E
:102030000028DBD1022088E7039A0498E1190FF009
:102040002EFEBDF8260000F021FD059B8372069B45
:10205000079A80F808A01BBAC360AC2303FB028375
:1020600080F809B093F85020BDF8260022B1DB6C4F
:1020700003B19847E8B268E7D8F87830F8E701206C
:1020800063E700BFE440002020380020E038002053
:1020900070B50A4CAC2303FB004305465E6D26B9C0
:1020A000074840F2F7310CF05FFEAC2303FB054418
:1020B000002363653346BDE870401847E0380020D0
:1020C0009B8502002DE9F84308460F46164602F1AB
:1020D000010911F015FA8046384611F01CF9042860
:1020E00056D1384611F03BF92C4C4FF6FF7248F6AA
:1020F000410348F66105904208BF1D46B4F85C10E4
:10210000301D11F0C4F8384611F029F90146B01D10
:1021100011F0BDF8B4F85E1006F1080011F0B7F840
:1021200006F10A04384612F082FF10B145F010059E
:10213000ADB22946484611F0AAF8384611F0DBF94D
:102140004246014620460FF0AAFD3846012100F024
:1021500027FD4444074660B100F0B4FC054638460C
:1021600000F094FCEDB201462A4620460FF097FDA0
:102170002C440B4A1378F370A41B591C01341170C2
:10218000347030460922BDE8F8430121FFF732B927
:10219000484611F07AF84C460546C3E7E03800207F
:1021A000ED400020084B10B40C461146AC2202FB57
:1021B0000033586D20B95C655DF8044BFFF726B815
:1021C00002205DF8044B7047E038002010B50B4B3F
:1021D000AC2250431A18482492F8A81004FB0100BE
:1021E000034493F87700022806D092F850301BB9C8
:1021F000032818BF012010BD0020FCE7E0380020B4
:1022000070B508B1012070BD234C94F8A850002D82
:10221000F8D1B4F85C202946FEF74AFDB4F85E20F8
:1022200029462846FEF72EFD04F16002294628467D
:10223000FFF750F894F87730002BE3D0284694F855
:102240005860FEF789FD864215D1002094F95A5056
:10225000FEF776FD854216D10020FFF7B7FF044652
:102260000020FEF73BFD0028CDD021460020BDE830
:102270007040FEF743BD94F858102846FEF77EFDE7
:102280000028E2D0BFE794F95A100020FEF748FD7D
:102290000028E1D0B7E700BFE038002010B51446B1
:1022A000174A0346AC2000FB032292F8770002286D
:1022B0000CD1E07F022809D141B1124909780129E6
:1022C00013D992F85810227891420ED121781846ED
:1022D000FEF748FD90B10C48482221460FF0DFFC84
:1022E0000020FEF7FBFC08B9002010BD044B93F85A
:1022F000A8000028F8D1FFF783FFF5E72120F4E7D5
:10230000E0380020133F00203839002008B5094B81
:10231000AC2202FB003300205A6DD86483F85000D1
:1023200012B15865FEF78AFF0020FFF769FF002011
:1023300008BD00BFE03800207FB51C4C94F8A830E1
:1023400023B1002084F8A800FFF75AFFB4F8A0508A
:1023500094F85A308DF80F3025B9154840F2ED2128
:102360000CF002FD134A29460020FFF7ABFEE66F92
:10237000104C02469EB10DF10F0301930023009310
:1023800021462846B0470246247854B920462146C3
:10239000FFF782FD2046FFF7ABFC04B070BD0122C1
:1023A000F2E704490020FEF755FBF6E7E03800208D
:1023B0009B8502006038002038B5494B1C78002C02
:1023C00058D1484800F030FE2046FEF787FC002830
:1023D00050D0454C2378D90733D594F850201AB102
:1023E00023F00303237045E023F0010323700BF077
:1023F00015F923789A07054601D50BF005F929460A
:1024000000200BF07FF840B9237843F001032370DC
:102410002846BDE838400BF0F7B8002384F8A33015
:1024200094F8A83084F8A250482202FB0343A4F891
:10243000A000D3F89830C4F8A430BDE83840FFF7C6
:102440007BBF94F84400B0B1251D95E8030004F16A
:10245000A00383E80300FFF76FFF94F8442004F122
:102460000C01D20028460FF0ECFB94F84430013BFD
:1024700084F8443038BDA26C62B99B0711D523782B
:1024800023F0020343F001032370BDE8384000202D
:10249000FFF72EBC012384F85030A06490472378C6
:1024A0009EE70BF0D3F80028E9D194F8A83073B177
:1024B000F4F7AAFA94F85030002BDBD1FF2818BFAC
:1024C00084F8A800BDE838400020FFF799BED4F892
:1024D0008C30002BECD098470028CBD1E8E700BF28
:1024E000E440002004120020E0380020034BAC221E
:1024F00002FB003393F8A800704700BFE0380020CB
:1025000070B504460020FEF7E9FB0C4EAC235C439B
:10251000351995F850300BB1002070BD0028FBD064
:10252000074811F01CFA0028F6D1335D002BF3D1D7
:1025300095F84400B0FA80F04009EEE7E03800205A
:102540000412002028B1034B1B68C01A4010013050
:1025500080B270479C39002030B1044B00F100403C
:102560001B68013803EB4000704700BF9C39002016
:1025700010B5034610F0DFFF074A03EB4003146871
:102580004FF6FF729C42184604D90188914203F12C
:102590000203F7D010BD00BF943900202DE9F047A9
:1025A000204F3B880546A3B3B0F90230002B30DB47
:1025B000DFF87C801C49D8F800000FF066FB20B9DA
:1025C0001A4840F2CD110CF0CFFBDFF860A0DFF825
:1025D000649000263A88B3B29A4204D840F2CF11F0
:1025E00050460CF0C1FBD9F80030D8F80010B2B258
:1025F00003EBC20453F8320068B943F83210A388E1
:102600000133A380284610F096FFE38803EB4003D4
:10261000E380BDE8F0870FF038FB01360028D9D100
:10262000EDE700BFBE3D00205E840200688402002A
:10263000241200209039002038B5094C094D226839
:102640002B689A4204D908484FF483710CF08CFB34
:1026500028682368C01A20F0010080B238BD00BF8E
:1026600094390020983900206884020008B50B4B8B
:102670000B4A1A600B4B0C491B6823F001031344EF
:102680000B600A4B1A60FFF7D7FF642805D8BDE836
:1026900008400748F0210CF067BB08BD9C390020BA
:1026A000D420002074600200983900209439002062
:1026B00068840200064B1B68834206D8054B1B68E2
:1026C000834294BF0020012070470020704700BF64
:1026D0009C390020943900202DE9F0411D4B1B78D6
:1026E000012B044624D10088FFF736FF0546D8B1F8
:1026F000DFF8648004262C460BF0B0FF0746204626
:10270000FFF74CFF638843EA08036380A05BFFF791
:1027100023FF044638460BF0A7FF1CB1B4F9023082
:10272000002BE9DA062E01D1BDE8F0810626E2E7AA
:10273000022BF9D10BF092FF02462088FFF70CFF25
:1027400018B10388C3F30E032380BDE8F04110469F
:102750000BF08ABFEE4000200080FFFF2DE9F04F14
:10276000BA4BDFF8FC82BA4F97B0002406461C80B3
:102770000BF074FF01233B70B8F80030ADF8163051
:10278000B44BA8F800401B6801930BF06DFFB24BEF
:102790001A88B24BD200186821460FF06CFA0DF17E
:1027A0001600FFF799FF002E3CD1DFF8B892D9F858
:1027B00000404FF0000B0125019B9C4239D3BBF137
:1027C000000F39D1002DF2D0D9F80040DFF898A2DF
:1027D00025462246019B9A4273D302230DF116002F
:1027E0003B70FFF779FF002E40F08F80D9F8006032
:1027F0003246AA4280F0A2809088FFF7ADFE18B161
:102800000388C3F30E039380D088FFF7A5FE18B1A9
:102810000388C3F30E03D3801046FFF7A9FE0246D8
:10282000E7E79847E3B2013456F82330002BF8D19C
:10283000BBE7BBF1000F3ED00BF1FF335FFA83FB28
:1028400016AB03EB8B0252F8402CB2F90200518810
:102850000028B1DA4B04AFD4924641F48040931D76
:102860002AF8020F02933AF8020FFFF775FEF0B153
:10287000B0F902E0B0F802C0BEF1000F17DB6FEA5A
:102880004C4C6FEA5C4CA0F802C00390FFF786FE48
:10289000BBF10F0F9FBF16AB03EB8B00039A40F801
:1028A000402C9ABF0BF101035FFA83FB0025029BCA
:1028B0009A45D8D180E72046FFF75AFE22460446C3
:1028C000C3E7104610F037FE8346B2F902001188C4
:1028D00000280AEA010108DA2046FFF733FE084320
:1028E00081B204EB4B0402EB4B0511801046FFF75D
:1028F0003FFE02466EE798475FFA8AF30AF1010A43
:1029000056F82330002BF6D170E74FF0000AF3E7BA
:102910003046FFF72DFE82467EB1B6F9023071884F
:10292000002B0ADA3088C0F30E00FFF715FE86424E
:1029300003462DD1C1F30D0171805646AE42E7D357
:10294000DFF81CA10BF08AFE00210646504610F06D
:1029500081FEFFF701FE0546002800F08780304623
:102960000BF082FE284610F0E6FD06462046FFF7F3
:10297000E9FD760081463246294620460FF061F98E
:10298000002249460DF1160010F00AFE3444D9E742
:102990001BD9304610F0CFFDC1F30D01420071800C
:1029A00092B2314618460FF04CF9C6E75046FFF791
:1029B000DFFDD146854203D9B0F90230002B01DAA0
:1029C000824603E0FFF7D4FDF4E7B146554507D949
:1029D000BAF80000C0F30E00FFF7BEFD8245E5D354
:1029E000B9F1000F30D0B9F80000C0F30E00FFF7C6
:1029F000B3FD034638B93346CB46994513D8B145A4
:102A00009BD0D946ECE7484610F095FDB9F8022076
:102A1000C2F30D02A9F80220420092B249461846BC
:102A20000FF00FF9E7E718460193FFF7A1FD019BAF
:102A30009B46854203D9B0F90230002B01DA0346E8
:102A4000DBE7FFF795FDF4E7CB46DAE7C03D002072
:102A5000EE40002094390020BE3D00209039002037
:102A6000C23D00209C3900200080FFFFBDF81630D9
:102A7000A8F80030044B387030461C600BF0F4FDB1
:102A800017B0BDE8F08F00BF9439002010B50446A0
:102A900008B9002010BD10F05FFD20B9084840F2D1
:102AA000C4410CF061F92046FFF756FD0028F0D034
:102AB0000388DB0B14BFD0F80A000830EAE700BF38
:102AC0006884020010B508B9002010BDFFF744FD6E
:102AD000044610F038FD20B9074840F2DE410CF002
:102AE00043F9002CF0D02388DB0B0ABF60882089D3
:102AF000C0F30C00E9E700BF688402002DE9F04153
:102B00000546FFF729FD0F460446D8B110F01BFD1E
:102B100020B9214840F2F1410CF026F92846FFF790
:102B2000D1FF05462046FFF723FDBD42064609D0EA
:102B300004D8194840F2F9410CF016F92588ED0B3C
:102B400002D02781BDE8F0816780204610F0F3FCB9
:102B5000074604EB40080BF081FD104B1A68B242A7
:102B60000AD1C3F800800BF07FFD2A464046FF21C2
:102B7000BDE8F0410FF07FB8A6EB0806B5B20BF048
:102B800073FD072DF1D90023083D44F81730C8F82C
:102B90000430A8F80250D5E7688402009439002078
:102BA00038B5FFF7D9FC0D46044650B110F0CBFC08
:102BB00020B9044840F236510CF0D6F8023534F80A
:102BC000150038BD6884020070B5FFF7C5FC0C46DF
:102BD00016460546B0B110F0B6FC20B90D4840F2DB
:102BE00041510CF0C1F83046FFF7B6FC10F0ABFCD9
:102BF00020B9084840F242510CF0B6F8023425F8EA
:102C0000146070BDBDE87040024840F246510CF0BF
:102C1000ABB800BF688402002DE9F843C41CA408C7
:102C2000274B64000434B0F5005F1E6881460F46F0
:102C3000A4B204D3234840F272510CF095F80BF083
:102C40000DFD21490B6880467BB9204B1D68761B22
:102C5000C6F34F06B44223D9002540460BF004FDCD
:102C60002846BDE8F843FFF76DBC7FB1174A1568E9
:102C70005A1BC2F34F029442EED81448620005EB8F
:102C8000440404607FB913440B600CE0F61AC6F3E9
:102C90004F067EB90B4840F283510CF065F8DBE734
:102CA00005EB44041C600023A5F80290AB80EB8088
:102CB0002B80D2E7B442CFD8044A1568DDE700BFC5
:102CC00098390020688402008C3900209439002053
:102CD00038B505460BF0C2FC2946044600220448DC
:102CE00010F05EFC2046BDE838400BF0BDBC00BFD4
:102CF000C23D002038B50BF0B1FC00210546044868
:102D000010F0A8FC044628460BF0AEFC204638BD67
:102D1000C23D0020024B1888B0FA80F0400970478D
:102D2000C23D00202DE9F74F044600881F46FFF7FB
:102D300013FC88461546064610F005FC20B94048AD
:102D400040F2DA610CF010F83388DB0B009306D008
:102D500033892B443381002003B0BDE8F08F2088F5
:102D6000DFF8E0B0FFF7AEFE82463046FFF700FC2A
:102D700001900BF073FCDBF80020019B9A42814626
:102D80001DD1FFF759FC854204D948460BF06CFC75
:102D90001A20E1E705EB0A0373803FB12088FFF7B3
:102DA00075FE2A46414650440EF079FF3046FFF743
:102DB000DFFBCBF8000048460BF056FCCBE70BF0EE
:102DC00053FC2088FFF77EFE2844009980B2FFF76D
:102DD00023FF06460028DBD0FFF758FE81462088F7
:102DE000FFF754FE82462088FFF76CFE51460246EC
:102DF00048460EF054FF3046AFB1FFF747FE074696
:102E00002088FFF75FFE2A46414638440EF047FF10
:102E100001212088FFF7C4FE012102463046FFF75A
:102E2000D3FE268097E7FFF731FE80462088FFF724
:102E300049FE2A46394640440EF01DFFE8E700BF30
:102E4000688402009439002038B50C460546FFF727
:102E500039FE844203D304482D210BF085FF284618
:102E6000FFF714FE204438BD7C84020070B506468E
:102E70000D46FFF70BFE044648B13046FFF722FE31
:102E8000854203D3024835210BF06EFF605D70BDB3
:102E90007C84020070B50C4606461546FFF712FE0C
:102EA000844203D304483F210BF05EFF3046FFF716
:102EB000EDFD00B1055570BD7C8402000148332151
:102EC0000BF052BF93840200036910B55BB18268B6
:102ED000064B9A4201D1002010BD44690BF026FF39
:102EE000201AF9D5F7E74FF0FF30F5E7BD2E0100C6
:102EF00082684B4B9A422DE9F041056804460E4624
:102F000015D121B1474840F20F110BF02DFF0BF006
:102F1000A5FB23691BB92B682BB924612C60BDE884
:102F2000F0410BF0A1BB1A6922611C61F6E70BF0BE
:102F3000FDFE8046EEF716F820B13A484FF4937143
:102F40000BF012FF6FF000439E4221694BD22B7BA6
:102F500008EB0602002B4DD0AB6893424AD1531CBC
:102F6000002949D06169994242D01EB9521AB2F182
:102F7000004F3DD9636123696E689C4203D12948A3
:102F80009A210BF0F1FE2F460023B4420BD0002B08
:102F900041D172696169891AB1F1004F32D8326941
:102FA000944237462CD12269BD420CBF6A603A6117
:102FB0007BB92669B44203D11A48B5210BF0D4FE7F
:102FC0003B46012E05D062697169521AB2F1004F79
:102FD00023D99D420BBF6B681A69236122610CBF24
:102FE0006C601C6104E0434431B162699342C1D119
:102FF000BDE8F0811346B3E76A6822616C60B9E707
:103000001646C6E7A8EB0202B2F1004FC7D93B460D
:1030100037463669B9E71F46F9E733463669D0E7E0
:10302000BD2E01009384020082681C4B9A4270B549
:103030000568044619D10BF011FB236923B1A342A3
:1030400006D100222A601A61BDE870400BF00CBB6B
:103050001A4611461269A242FBD12A68A24208BF51
:1030600029600B6100232361EEE7036993B1984265
:103070006E6803D10A489A210BF076FE2B46B442C3
:1030800009D122699D4218BF1A614FF0000308BFA1
:103090006A60236170BD33463669F0E7BD2E0100DA
:1030A000938402002DE9F043174FDFF860808BB066
:1030B00006460025BC7814B90BB0BDE8F083B7F81C
:1030C00000908EB90096B8F8001023462A4603A84F
:1030D00010F084FB234603AA314648460BF05CFE01
:1030E0002544EDB20437E5E72346494603A800220C
:1030F0000BF049FE01230093B8F8001023462A463E
:1031000003A810F06BFBEBE7A2840200C43D002093
:103110000148FFF7E1BA00BFC43D0020F7B51546EE
:10312000174A04460846118811B1164A1278CAB1E6
:10313000D4B10022294603B0BDE8F0400BF023BE15
:103140003A44D2B20436B778002FF1D0B6F800C0B6
:10315000AC45F5D184F0010400943B4610F03EFBF1
:1031600003B0F0BD084EEEE70246214628460BF0BC
:1031700013FE284603B0BDE8F0400CF0CBB800BF0A
:10318000C43D002025140020A284020010B5074C85
:10319000238843B10020FFF785FF054B0020FF2265
:1031A00020801A7010BD7020FCE700BFC43D0020D5
:1031B00025140020142810B518D8082805D10DF0C2
:1031C00030FBC401E4B2204610BD0E2802D10DF040
:1031D0002BFBF6E7064B53F82040002CF3D00A28CF
:1031E0002478F0D105F008FC0443EBE7FF24EAE77C
:1031F000CC840200064A082312F8011B814205D044
:10320000013B13F0FF03F7D11846704701207047C8
:1032100029850200064A082312F8011B814205D0C5
:10322000013B13F0FF03F7D11846704701207047A8
:1032300021850200014BB3F868007047E038002098
:10324000004870474A390020014B1878704700BF8A
:10325000383F0020014B1870704700BF383F0020F6
:10326000184B022810B5187002D00438012819D85C
:10327000154B1B78042B03D014480021FFF738FEB0
:10328000134B1B689A0019D513F0805F0CBFBF2445
:10329000BC2420460DF002FF90B92046BDE8104046
:1032A0000BF05FBF0948FFF7BFFE0A48FFF7BCFEFF
:1032B000912410F0DEFC0DF0EBFEEAE79024E8E745
:1032C00010BD00BF3C3F00203D3F002028120020E1
:1032D000002C00206C2B0020024B187800F00F000F
:1032E000704700BF3C3F0020034B187800F00F00F0
:1032F000831E5842584170473C3F002008B510F0EB
:10330000A3FCA8B110F0B9FC90B10A4810F03DF947
:1033100070B1094810F039F950B10DF08AFA38B19E
:103320000DF0BEFE20B9BDE80840044810F01CBBFB
:10333000002008BDC63D00200A3E0020A039002024
:10334000054B1878012805D000F0FD00A0F13103ED
:1033500058425841704700BF3C3F002010B5FFF76E
:1033600085F90BF0FDFC1020FFF724FF04060DD5B6
:103370000020FFF71FFF000608D5284BD3F8EC20EC
:1033800012F0020F12D1B024204610BD1020FFF71A
:1033900011FF01060ED40020FFF70CFF020609D52D
:1033A0001E4BD3F8EC2012F0010FEBE7D3F8E83016
:1033B0009B07E8D51A480FF047F901200FF008FFE6
:1033C000EFF7F0FC04460028DED100F013F91548B1
:1033D00010F09FFA00F034F9EFF7E2FA0BF0BDFCC1
:1033E00008F08AFC08F0DCFCF3F71EFBF3F7A6FA02
:1033F000F3F7C0FA03F068FC0DF015FA0DF016FAB9
:103400000DF051FE084811F008FE06F079F80DF0B5
:1034100011FE0028B8D00DF00FFEB5E70081E00FD7
:10342000690345ECA0390020BDD6010010B510F0AD
:103430001DFC70B301F046FA80F00104E4B20020F4
:10344000FDF75EFF44EA800424B210F0FDFB10BBE0
:1034500002200443164810F082FA44EA401415484A
:1034600010F07DFA24B244EA0014134810F077FA01
:1034700024B244EA8014114810F071FA24B244EAEC
:1034800040240F4810F06BFA24B244EAC02080B206
:1034900010BD0124D3E70B4810F077F80028D7D0EF
:1034A000094810F072F880F00100C0B24000D0E787
:1034B000681200204C130020042C0020CC120020A5
:1034C0002C130020C63D00200A3E002008B500F065
:1034D000E1FFFDF7FFFA144810F057F808B904F0BF
:1034E000CFFD124810F051F808B905F0F3FF02F0D3
:1034F00099FE0F4810F044FA0E4B1B78043B022B48
:1035000009D80D4810F02BFA28B1FFF78FFF1028CB
:1035100001D107F0E1FA0DF08EF910F0ADFABDE837
:1035200008400648FFF71AB9C63D00200A3E0020B1
:10353000A03900203D3F00204C13002034850200BC
:1035400070B54FF6F773984286B004460D4643D8DF
:1035500010F095FAA04207D12049082228460EF023
:1035600070FB002006B070BD1D4EB6F86830A34257
:103570000AD10022082106F16A0010F030FA18B9C9
:10358000082206F16A01E9E784B1002300930122D1
:103590001946204608F012FBFF2811D12946204683
:1035A00008F0D2FC80F00100C0B2DBE70D4B1B68D5
:1035B0009B07EAD4284606F0F9FB0028E5D0D0E7BF
:1035C00002A911F0E3FB0028E8D1DDF80D302B60F3
:1035D000DDF811306B60C4E70120C3E7EF40002045
:1035E000E0380020002C0020014B1870704700BF0D
:1035F000F313002010B50649064C0988204608231D
:103600007F220BF0CDFB204610F073FA10BD00BFF7
:10361000A65D0200EF40002013B513460C461AB118
:10362000022A0CBF134601230021044A0092019193
:103630002246FEF7EBFB02B010BD00BFFF3C0200CC
:1036400000B5002093B0FEF761FB1D4B188811F008
:10365000E5FC1C490020FDF7D7FE34220021684616
:103660000EF009FB0B238DF800306FF480330193CB
:103670004FF6FE73ADF8103003238DF81D30124B5A
:103680000893124B0993124B0D93124B124A0E934F
:10369000124B0F93124B106851681093114B1193FA
:1036A00002AB03C300216A460846FEF7F7FD6A46EF
:1036B00001210020FEF7F2FD13B05DF804FB00BF0E
:1036C000B613002078600200A13B0100F53A020029
:1036D000F5650100493D0100EF4000200175010042
:1036E000FF3C02008162010070B504460FF0CDFD81
:1036F0000422002106462046FDF77CFE20440FF000
:10370000C4FD0322054600212046FDF773FE204438
:103710000FF0BBFD0540ADB24FF6FF739D4213D1D4
:10372000F30711D5062200212046FDF763FE204451
:103730000FF0ABFD074B1B88834214BF022006200D
:10374000054B1B78184070BD20460BF0A0FEC00052
:10375000C0B2F5E7CC130020F74000202DE9F84F68
:10376000DFF83C91804608460F460FF08EFDD9F8F1
:103770000030054643B9484B1B682BB9474B1B68C3
:1037800013B9FF20BDE8F88F15F4406A05F0400634
:1037900010D13EBBB5F5804F53D24FF48074002357
:1037A000002B58D13C4A12688025002A69D000219C
:1037B00008465FE0F81C0FF068FD4FF6FF73984273
:1037C00014BF0124022486B1052605F44043B3F555
:1037D000004F44F0080424D0B5F5804F23D244F4C0
:1037E000807420E054460326EFE7B5F5804F4FF094
:1037F0000506F4D3BAF5406F14BF02200820304408
:1038000038440FF042FD834610F056F905F4404568
:1038100058450CBF44F0080444F00404B5F5004FCB
:1038200001D144F08004BAF5006F0ED1B8190FF041
:103830002CFD054610F023F9A842B0D144F0100445
:10384000ADE7544603260220D9E7BAF5406F08BF1A
:1038500044F02004A3E7012B09BF104AD9F8002047
:103860001268402518BF10259FE7A74201F101010A
:103870000BD0C8B2CEB232F8167032F91660002EF4
:10388000F3DA0133032B8BD17BE7B8F1000F3FF460
:1038900079AF88F8005075E7B0390020B4390020BE
:1038A0003C380020034B1A78022A04BF09221A7000
:1038B000704700BFF9400020034B0C221A701A21F8
:1038C0000022032001F02ABDF940002070B5054612
:1038D00038B90C4BBDE87040187800221A2101F06D
:1038E0001DBD094B074E1C78E1B21A29F1D825FA03
:1038F00004F3DB0703D53078362201F00FFD0134E5
:10390000F2E700BFF94000202714002008B5064B5D
:103910000C221A70002210461A2101F0FFFC034B02
:1039200000221A6008BD00BFF9400020BC39002009
:1039300070B50E4B0C221E781A70054630B9304611
:103940000022BDE870401A2101F0E8BC084B1C7849
:10395000E1B21A29F3D825FA04F3DB0703D536229E
:10396000304601F0DBFC0134F2E700BFF9400020F3
:1039700027140020024B0C221A700DF08ABB00BFE6
:10398000F9400020F0B50C888BB005460E46E4B92E
:103990004FF6FF77ADF824700DF090FB10B90220C0
:1039A0000BB0F0BDCDE90340CDE90544134A0294C4
:1039B000B2F85C300193603200923B4609AA4CF6A3
:1039C0000101FF2011F054FB3080284610F070F9FF
:1039D0000B4C70B1237863B1013BDBB228462370F6
:1039E00010F066F938B12078B0FA80F04009C0B222
:1039F000D6E70523F2E70120F9E700BFE038002011
:103A000026140020034B1B68114603B118470BF026
:103A1000B7BB00BFBC390020024B0C221A7008F063
:103A2000D3BD00BFF94000200148FEF755BE00BFDE
:103A3000C83D00207FB506460C461546FDF7A6FF9B
:103A400000287CD1062E03D85223F340DB071AD47A
:103A5000B4F1006F05D3E30E1C3B032B18D94F20A4
:103A60002BE0394B00221A60384B1E700FF0DBFF41
:103A700003460A2E65D8DFE806F0361B4F5A1B2E88
:103A8000221F47523F0001F085FFB4F1006FE2D2E0
:103A90002D4B00221A602D4B042E1E70E6D12C48AF
:103AA00001F0CAF9022001F0FDF80FF0BCFF034657
:103AB00001220292274A05E0212004B070BD0122B4
:103AC0000292254A0192254A0092254A294620461B
:103AD000FDF7A0FFF1E7234A2946204604B0BDE8E0
:103AE0007040FDF77FBF204B204A2946204604B096
:103AF000BDE87040FDF75ABF002202921C4A0192B5
:103B0000164A00921B4AE1E7012202921A4A0192E8
:103B1000124A0092194AD9E70C4B02221A7000226D
:103B20001749104604B0BDE87040FEF735B90022D1
:103B30000292144A0192094A0092134AC6E74D20A4
:103B4000BBE70120B9E700BFBC390020F9400020E5
:103B5000F840002031390100933C0200A13B0100F4
:103B6000EB3C0200193A01000D390100053A010051
:103B70007539010085390100CD380100973C0200FC
:103B8000A5380100B93801008F3C020008B5FDF7E7
:103B900071FF024B0C221A70002008BDF940002072
:103BA000F0B585B0ADF8060018B9654890210BF066
:103BB000DBF8BDF806000FF0AEFB0446BDF80600CA
:103BC0000FF0A9FB082846D00C2CBDF8060042D106
:103BD0000FF091FC07460FF058FB0DF10F01064660
:103BE000BDF806000CF012FE002879D00922002151
:103BF0003846FDF7FFFB9DF80F301033C518BDF8B0
:103C00000600FEF75FFFEDB2854269D22946BDF896
:103C10000600FFF72BF906F44C4416F440660546FF
:103C200014D0F81C0FF031FB4FF6FF73984208BF19
:103C300044F04004B6F5006F08D1781D0FF025FB65
:103C40004FF6FF73984208BF44F010049DF80F3000
:103C50005BB3072D44D1BDF806000FF052FB0446BC
:103C6000BDF806000FF057FB082817D0A30615D59E
:103C700024F0200189B2BDF806000FF02DFBBDF83D
:103C800006000FF038FC00210922FDF7B3FB00F11C
:103C90001001C9B20DF106000FF087FDBDF8061046
:103CA000284800220FF07CFC1AE0082D16D8BDB180
:103CB000013D072D14D801A353F825F0193D01004B
:103CC000253D0100E13C0100E53C0100E13C010033
:103CD000313D0100573C0100373D01007C2D24D0CF
:103CE00005B0F0BD24F48844A4B2B4F5084FF7D170
:103CF000BDF806000FF00AFBBDF8061011F095F9AB
:103D00000028A8D0BDF806000FF058FB002201469D
:103D100002200CF02AFDE3E724F48064A4B2B4F599
:103D2000484F97E7B4F54C4F94E7B4F54C4F92D019
:103D30004CF6500301E04CF640439C428AE700BF3A
:103D400094850200C63D00202DE9F0410F469046C3
:103D50000646FEF79BFE04463046FEF7B3FEC5B2AC
:103D6000083D2C44084BE1781970084BA2781A7072
:103D7000314643463A4600200BF080F9003818BF20
:103D80000120BDE8F08100BF144100201341002054
:103D900070B50B4B1C780B4B0022D5B2AC4202D84D
:103DA0000C70002009E01E88864202F1010205D352
:103DB0000D701B881B1A5842584170BD1233ECE736
:103DC000363F00206C3D00202DE9F04FDFF84081A8
:103DD000DFF8409198F8002099F800309A4285B0B9
:103DE000064604D343484FF48A710AF0BDFF0DF133
:103DF0000F013046FFF7CCFF20B13E4840F21711CB
:103E00000AF0B2FF98F800709DF80F403D1B15F0C6
:103E1000FF0530D0384B394A1B78184699F80030E6
:103E200001214FF0FF3CA1400CFA03FC002301F1FB
:103E3000FF3E01934FF6FF79C1F1000A9DF804306F
:103E4000984243D812202E4B04FB0000A0F112012F
:103E500005EBC5025200194404F1010918440DF0A4
:103E6000F0FE4FEA89092748A9F104010144AA009C
:103E700048440DF0E6FE224904EBC40201EB420384
:103E800021F81260204A1278DA731A745A741202F6
:103E90005A801E4A12781A7110225A7100229A739F
:103EA000C3F80620C3F80A20164B013743F8242034
:103EB0004FF6FF710D2088F800700CF056FC0EB91B
:103EC00010F02CFF204605B0BDE8F08F13884B455D
:103ED0000AD053680AEA030B03EA0E030B4403EB10
:103EE0004B0343EA0C035360019B013308320193F7
:103EF000A4E700BFA7850200FF130020502A00207E
:103F00006C3D00204C2A002014410020FA40002083
:103F1000363F0020FD13002010B5074C2046FFF768
:103F200083F804F01FFA02F059FD20464FF47A514D
:103F3000BDE81040FEF7DCBF281200202DE9F0415B
:103F40000B4B0C4E93F8008007460025ECB2A045C1
:103F500003D8FF242046BDE8F0810822B11D384671
:103F60000DF05FFE01350028F4D01236EEE700BFF9
:103F7000363F00206C3D002007B50DF10701FFF72B
:103F800007FF30B19DF80730034803EBC30300EB94
:103F9000430003B05DF804FB6C3D00202DE9F843BD
:103FA000294E33785D1E2D1A83420446EDB204D8A3
:103FB000264840F23F110AF0D7FE254A92F800C089
:103FC000244A01231278A3405F1E4FF0FF30904037
:103FD0003B44214A00214FF6FF7E6FEA0308CBB233
:103FE0009C4523D8BDB127B204EBC4041B48640030
:103FF00005EBC50204F112010144520020440DF00A
:1040000020FEBF001648AA00391D014402F0FC0240
:1040100038440DF016FE3378013B3370BDE8F843A9
:1040200000224FF6FF710E200CF09FBB13887345E2
:1040300007D0536808EA03093B4003EB59030343E5
:10404000536008320131CAE7363F0020A7850200DD
:10405000FF130020FD130020502A00206C3D00209B
:104060004C2A002010B50A4C207858B9094B1B780F
:104070001A2B03D9084894210AF076FE074B032235
:104080001A7010BD0138C0B2FFF788FFECE700BF1F
:10409000363F0020FD130020A7850200323F00209C
:1040A0002DE9F04705460FF054FEFF28044624D1C1
:1040B000DFF888901F4B99F800201B789A422BD28A
:1040C0002846BDE8F047FFF77FBE38883B7950456A
:1040D00018D86F2B4FEA131214D85B0710D0123781
:1040E00008F1010899F800105FFA88F6B142ECD89F
:1040F000114A0023DEB28E4214D32046BDE8F08779
:10410000022AECD910F05FFF0028E8D1294630469A
:10411000BDE8F0470FF02ABE074F4FF000084FF6FA
:10412000F77ADFE710798F2803F10103EED8123216
:10413000E0E700BFFD1300206C3D0020363F00206B
:104140004FF6F773984210B514D8FFF7A9FFFF2870
:1041500010D0134C00B200EBC00004EB40040BF095
:10416000BAF9104938B962880B7802EB0313A3EB54
:104170001213638010BD227C637C0978E2739A423B
:104180002374617407D98B4203D213468B4228BF34
:104190000B461B02EDE78A42F8D31346F9E700BF4E
:1041A0006C3D0020144100202DE9F0410F4DDFF857
:1041B000408006460F46002498F80030A34201D8FC
:1041C000BDE8F0810822294630460DF02AFD40B9AD
:1041D00035F8063CBB4204D02046FFF7DFFE013C29
:1041E000E4B20134E4B21235E6E700BF723D0020CC
:1041F000363F0020F8B5054608460E46FFF79EFEFE
:10420000FF2830D01D4B294653F820703046FFF769
:10421000CBFF2846FFF744FFFF28044625D110F0C6
:10422000EDFEFF280AD1164C207838B1EEF79EFD3E
:104230002378B0FBF3F202FB1300C0B229460FF063
:1042400095FD044623B20F4D03EBC30305EB430575
:1042500008223146A81D0DF0F4FC2B7903F00F0362
:104260002B712046F8BD0027D3E7074B1B78002BA6
:10427000024B18BF002743F82070E3E74C2A0020C8
:10428000FD1300206C3D00202814002038B50B4B96
:104290001B78834204460D4604D8094840F25B214E
:1042A0000AF062FD074804EBC40400EB4400294611
:1042B0000822BDE8384006300DF0C3BCFD130020D5
:1042C000A78502006C3D002070B5044608460E46E6
:1042D0000FF03FFDFF28054610D02046FFF72EFEC9
:1042E000FF2807D0084B1B7823B9084B53F8202030
:1042F00043F8252021462846FFF7C8FF31462046CF
:10430000BDE87040FFF750BF281400204C2A002061
:104310002DE9F8430026134DDFF850908046012721
:10432000344699F80030A34210D83E430134E4B239
:104330001A2C4FEA470705F11205F2D10A4B1B78F8
:104340004FF0FF3098403043BDE8F8832B88434559
:10435000EBD028460FF053FD0328E6D82B796F2BBE
:10436000E3D8E3E76C3D0020FD130020363F00203A
:1043700010B5084C00EBC00004EB400423795B0748
:1043800007D120460FF03BFD237923F007031843A4
:10439000207110BD6C3D0020084B1878084B00229E
:1043A000D1B2884203F1120300D8704713F80D1CF4
:1043B00021F0100103F80D1C0132F1E7363F002017
:1043C0006C3D00202DE9F047DFF86090DFF8608059
:1043D00099F800400226122700250CE007FB05F3A0
:1043E000002138F803A050460FF01EFD10B15CB15B
:1043F000013CE4B2013599F80030EAB29342EDD8BD
:10440000A34204D14FF6FF7A5046BDE8F087EEF79D
:10441000ADFC99F800301B1B012E90FBF3F202FB60
:104420001300C4B2EED00126D6E700BF363F00200D
:104430006C3D0020F0B5134B1B780646FBB11248CB
:10444000DFF84CC090F800E01048077800251F44C2
:10445000E8B2864501D80020F0BD7C1B94FBF3F048
:1044600003FB10440CEBC4003CF83440B44204D1CC
:10447000002AF1D184788C42EED00135E8E7184665
:10448000EAE700BFFF130020EC2B0020343F0020A0
:10449000502A002070B50AF04DFC104E10493288A9
:1044A0000B7830809B1A03449BB21425B3FBF5F4C0
:1044B00005FB14330B700B490B78E2B293428ABFB1
:1044C0009B1A0023DBB20B700749032A9DBF0B68C0
:1044D000D200D34000230B6070BD00BFCA3D002056
:1044E000FC400020333F0020EC2B0020084B1868D4
:1044F000084B1B78C2B29A4208D2074B1B78C0F314
:104500000720984234BF00200120704701207047E7
:10451000EC2B0020FF130020FB400020F8B50546DF
:104520001746FFF7E3FF064610B9184B1A783AB959
:10453000212001224FF6FF710CF017F90020F8BD81
:104540001348DFF854C003780133B3FBF2F402FBE5
:10455000143303700F48DCF8002020F8335000EBD0
:10456000C30402F10132A1703846CCF80020FFF7F5
:10457000CFFEE67060600FF082FAA84201D1012000
:10458000DDE7E3780133E370F9E700BFFF130020B4
:10459000343F0020502A0020EC2B002010B50B4C9B
:1045A0000B4A2378063B13700AF0C4FB094B1880B2
:1045B000094B0A4800221A602278FF21D2000DF030
:1045C0005AFB074B04221A7010BD00BFFF130020D6
:1045D000FB400020CA3D0020EC2B0020502A002088
:1045E000333F00202DE9F84307460AF09FFB0546BC
:1045F0001B480FF0B4F91B4B60B31C683C1B2C44E8
:10460000A4B2194BDFF868901B78184D99F8006038
:1046100003EB830305EB430500225FFA82F846456E
:104620000AD9AB88A34205F10A0016D9B21A0A23A7
:104630005A4329460DF005FB013689F80060AC802D
:10464000B8F1000F03D106483946FEF751FC284661
:10465000BDE8F8831D603C46D3E701320546DCE740
:1046600048120020C0390020FE400020CC3C002031
:10467000FF4000202DE9F74F0AF058FBDFF8BC900F
:104680002B4EDFF8BC80317898F800E0294D1FFAF6
:1046900080FC0746B9F80000ACEB00039BB2002495
:1046A0000093A0EB0C0001EB810305EB4303724682
:1046B000A2460190A3465FFA84FCF4451AD3BAF1EE
:1046C000000F00D03170724504D2002088F800201D
:1046D000FDF70EFB98F800303BB333781648C9F865
:1046E00000700A2202FB0355A98803B0BDE8F04F11
:1046F000FEF7FEBBB3F804C00098844510D893F8C9
:1047000002C0A3F804B00CF1FF3C0131013A83F878
:1047100002C0C9B2D2B24FF0010A0A330134CAE76B
:1047200001988444A3F804C0F7E703B0BDE8F08F14
:10473000FE400020CC3C002048120020C039002060
:10474000FF4000201FB51B4A1B4C1378013BDBB216
:1047500013702068616801AA03C221891180174A79
:10476000127813440A225A4304F10A0120460DF03C
:1047700068FA9DF8063013F00F010BD11B09BDF844
:10478000040008BF9DF80C10002204B0BDE81040E2
:1047900002F07ABCBDF80800FFF724FF8288ADF86C
:1047A000082001AA034603CA1288186059601A81BA
:1047B00004B010BDFE400020CC3C0020FF40002093
:1047C000F8B5094D094F0A4E00243B783178E2B222
:1047D0000B449A4204F1010400DBF8BD2846FDF7C2
:1047E0007BFF0A35F1E700BFCC3C0020FF400020F2
:1047F000FE400020F8B51E46114B07460D461046F8
:1048000010491A78104B09781B780B44934206DB49
:104810001F204FF6FF710BF0A8FF0020F8BDFFF737
:10482000E1FE01350780857004460AF07AFA6623B6
:10483000E080237200206672FDF75AFA0120EDE74E
:10484000FC130020FF400020FE4000202DE9F0472F
:10485000DFF86880DFF8689098F8007099F80050E9
:104860001449844607EB050E00230A22DCB2744586
:104870001DDA02FB04F6013331F806A0E24501EB34
:104880000600F3D1631CAEEB03030A365A433144EE
:104890000DF0D7F9A5428BBF05F1FF3507F1FF37C2
:1048A00089F8005088F800700CB9034B1C70BDE803
:1048B000F08700BFCC3C0020FD400020FF400020DE
:1048C000FE400020044B054A1B781278D3420CBFEF
:1048D00001200020704700BFFE400020FF40002064
:1048E000024B1878003818BF01207047FE400020A6
:1048F00008B50A4B0A48002119700A4B19700A4B77
:1049000019700A4B1A7802EB820252000DF0B3F9CB
:10491000BDE808400648FEF787BB00BFFF40002007
:10492000CC3C0020FE400020FD400020FC13002075
:104930004812002010B50B4C23784BB10A4802F006
:104940008DFC58B1084B012118880FF085F908B982
:10495000002010BD054B01221A70FAE7FFF7F2FEA6
:10496000EAE700BFFE400020CC3C0020FD400020D4
:1049700010B50E4B1B78BBB10D4C238883424FF012
:10498000000311D10B4A2172137049B9A378103377
:10499000A3700FF029FC18B9A37823F00F03A370BC
:1049A000FFF7D0FE012010BD1846FCE7FE400020B6
:1049B000CC3C0020FD40002010B5044601460822F2
:1049C00009480DF03EF9237B022B0AD8002B14BFB7
:1049D0003122012205490B709423CB73044B1A70CA
:1049E00010BD00230122F5E7D63D0020D23D002076
:1049F0003C3F002070B5064692B00D460020C97AB3
:104A0000FCF7B0F958B395F90A000EF0F3FF04462D
:104A100038BB154BEA7A83F85820AA7A83F85A20D3
:104A200001466A46FDF75AF94FF6FE739E424FF073
:104A3000000118BF2B89ADF8066008BF4FF6FF7361
:104A40006A460846ADF80430FDF728FC28B9074B44
:104A50002A895A80204612B070BD0224FAE78A24BF
:104A6000F8E78B24F6E700BFE0380020D23D0020B5
:104A7000014BD873704700BFD23D0020014B18781E
:104A8000704700BFD23D002010B5054C2378112B94
:104A900003D00448DB210AF067F94123237010BDDD
:104AA0003C3F0020B2850200064B1B78042B0146D8
:104AB00004D1054A137C0533137470470348FEF78D
:104AC00017BA00BF3D3F0020D23D002068120020F1
:104AD00008B50648FDF700FE0548FDF7FDFD0BF0A3
:104AE0009FFEBDE8084000F06DBF00BFC63D00203E
:104AF0000A3E0020064B1878332806D000F0EF005D
:104B0000A0F143035842584170470120704700BF4D
:104B10003C3F002008B5084B00224FF6FE701A708B
:104B20000EF0B9FF4FF6FF700EF0D2FF034BD87BAB
:104B3000BDE808400AF015BB3C3F0020D23D0020F4
:104B40002DE9F0438BB007469DF8489015469846EE
:104B50000E4649B9104605AC10F076FA214610F021
:104B600056FA932818BF2646B9F1000F0AD1124B06
:104B70001B781BB9284610F074FAD0B9284608F003
:104B80001FFE02E0284610F06CFA80F00104E4B247
:104B90009DF8503002939DF84C300394CDE900937A
:104BA0002A464346314638460FF093F90BB0BDE82C
:104BB000F0834C46ECE700BF383F0020014B002259
:104BC0001A747047D23D002008B5002008F0BAFFE3
:104BD000024B00225A609A605A8008BDD23D0020E4
:104BE00010B5144B1B78033B012B16D8124BB3F8AE
:104BF00068204FF6FF739A420FD10320FEF730FB77
:104C000001F0DEFEFFF7E0FF0020FCF767F878B167
:104C1000BDE8104000200EF089BCFEF711FB0446F1
:104C2000FEF708FB0146204606F098FE0220E5E765
:104C300010BD00BF3D3F0020E038002008B5114AFC
:104C4000114BD8731378032B1BD0D3B1332B01D066
:104C5000432B10D10D4B1B78033B012B05D80323AD
:104C60001370BDE808400AF07CBA0AF07AFABDE891
:104C70000840FFF7B5BF21231370BDE8084001F0DD
:104C800005BD08BD3C3F0020D23D00203D3F002037
:104C900008B50348FEF7C8F9FFF796FF702008BD76
:104CA000AC2B002038B5114D2B78834218BF2870EB
:104CB00004460CF0FBF980B124B920460CF0F8F959
:104CC00002220DE001200CF0F3F92B781A1F012AC3
:104CD00005D9062BF4D1032202E0002CF5D10122E4
:104CE0000021BDE8384008460FF022B83D3F0020C3
:104CF00030B585B0044668460D460FF0D4F894B13F
:104D000000212846144A0FF0C0F9144B20681B7884
:104D10008DF80430124B61681B788DF8053002ABBA
:104D200003C305F019F80F4B93F8582093F85A3045
:104D30008DF803208DF802300EF0BEFEADF80000B5
:104D40000EF09DFE1023ADF80600072269460020F4
:104D5000FEF7E4F905B030BD00F8FF07F3130020BB
:104D60003D3F0020E038002010B50F4B1A780F4B64
:104D70000446002083F85820FBF7B0FF10B1002054
:104D80000EF0D4FB00210846FFF7B2FF0CF080F9CB
:104D90002046FDF7BBFA9B200AF0E3F9044A002302
:104DA0001380044A138010BD00410020E038002029
:104DB000AA3D0020A83D002010B501460446002071
:104DC000FBF7D0FF90B10C4B1B78023B032B0FD8A5
:104DD0000A4B1C70FCF7DAFD60B9094A0949FCF777
:104DE000DBFF002814BFA120002010BD8A20FCE7B3
:104DF0007020FAE73D20F8E73C3F0020004100200A
:104E0000A9750100694D0100F8B50646FCF7BEFD25
:104E1000044668B9FBF762FF50B1064D204695F88D
:104E2000587085F858600EF081FB10B185F8587005
:104E30003D20F8BDE03800201FB5044668460FF05D
:104E400032F89DF805305A1E052A09D8054A9DF802
:104E500004101278914203D12370002004B010BDD9
:104E60009320FBE7F31300202DE9F041274B1D7839
:104E7000022D80460E46174606D0032D43D118B9A1
:104E8000234B1B689B073ED43320FEF7E9F901F062
:104E900049FAB6F1006F36BF1E4B05221A7831462B
:104EA0000620FEF7C7FD10F0FF0425D11A4D0120A2
:104EB0002C7300F0E3FD0EF0FFFD68802846B8F18A
:104EC000000F0DD0022300F8043B0FF070F86C7354
:104ED000AF73394630460BF081FC2046BDE8F081C7
:104EE000012300F8043B0FF062F86C73AF7339468E
:104EF00030460BF072FCF0E72846FEF7B1F9B8F146
:104F0000000FF4D0E5E77024E7E700BF3C3F002046
:104F1000002C002029140020D23D0020034B1878DB
:104F200018B9034B034A1B78D05C70473B3F002005
:104F30003D3F00208E86020038B5437BDB070446E8
:104F400003D590F909000CF0A2F8104B002583F866
:104F500059502079FFF758FFFFF7E0FF6188248858
:104F600003462246284608F0F3FD044620B194206B
:104F7000FFF764FE204638BD054D06489423C8213E
:104F8000EB73FDF7B5FF03232B74F3E7E038002044
:104F9000D23D002068120020F0B5184D93B00646AF
:104FA000A5F868000C4605F16A0709BBC5F86A1048
:104FB000796000216A460846FCF790FED5F86A3011
:104FC000CDF8123000217B68CDF816306A460846CD
:104FD000ADF81060FDF762F9B5F868004FF6FF73A1
:104FE000984203D014B106490BF0FBFB13B0F0BD9F
:104FF000082238460CF025FEDBE700BFE038002031
:105000004A3900202DE9F041DFF8BC801F4698F8AE
:10501000003005460C4616461BB170252846BDE8F3
:10502000F081531E052BF8D8FCF7B0FC0028F4D112
:105030003B7B032B14D14FF6FE739C4212D1012E01
:1050400009D0022EE9D10EF01AFD4FF6FB739842FB
:1050500003D80EF014FD044604E00FF057F9FAE708
:10506000012EDAD0EDB939462046FFF7C3FC0546DC
:105070000028D3D198F80030332B03D0532B1CBF1A
:105080000F4B98733046FFF70DFE00214FF6FF706F
:10509000FFF782FF0B4B1B78002BBFD00FF0BAFF3E
:1050A000BCE7397BCB1E594206F1FF3259415042D1
:1050B000504105F029FE05460028D4D0AEE700BFD8
:1050C000D23D00202A1400203C3F0020F0B51E46AF
:1050D000184B074687B00C4601F1140051F8045BE9
:1050E00043F8045B8142F9D109881980D4F80E0095
:1050F000D4F8121023886D4603C5ADF80830237923
:105100008DF80B3000238DF80A208DF80C303A46CC
:105110006B464FF6FE710120FFF774FF40B96846F9
:10512000FFF74AFC2046FFF707FF08B9024B1E7045
:1051300007B0F0BDE43D00200A4100201FB5144B2C
:105140001B88DB07044607D44FF6FF700021FFF7EA
:1051500023FF002004B010BD0A231A4601A9012034
:10516000FDF7DCFFBDF80C204FF6FF739A42EBD041
:105170000822FF2101A80EF032FC0028E4D10CB96E
:105180000120E7E7BDF80C0001A9FFF705FFF7E7ED
:10519000FE3D002038B50C4615460EF07CFC02F0B2
:1051A000D1FF29462046FFF7F7FE00F061FC48B129
:1051B000054BDB790E2B28BF0E230133DBB2034AEC
:1051C000137038BD0123FAE7E43D002017410020A9
:1051D00030B5012087B0FFF7B1FF154A044651688A
:1051E00010686B4603C384B904F0C4FD02A80EF036
:1051F0005AFEBDF80E004FF6FF7522462946FFF70E
:10520000C9FF0BF0F2FA07B030BD0A4AD2F86A00C3
:10521000D2F86E10B2F868506B4603C304F0AAFDD2
:1052200002A80EF040FEBDF80E006A46E6E700BF99
:10523000B55E0200E038002037B5334B1B780446DA
:105240001BB17024204603B030BDFCF79FFB002843
:10525000F7D100F01DFC14B12C4B22881A800DF1FF
:105260000700FFF7E9FD00284AD10EF091FE044641
:105270000028E7D1264D9DF80700FFF713FD2B7896
:10528000033B012B27D82046FFF758FF18B3FFF741
:105290009FFF01F009F8FFF7A3FC01200FF0ADFF1D
:1052A00080BB1A4B1B889A0707D51A490522012093
:1052B00003B0BDE83040FFF7D7BD174D02230B22E6
:1052C00029460120FDF72AFF2B885B07BAD5204627
:1052D00000F0FEFFB6E72B78053B012BB2D8FFF7B5
:1052E00077FFFFF77DFC2B78052B0CBF04200520F2
:1052F000FDF7B6FF012003B0BDE830400FF07DBFE1
:1053000093249FE704469DE73C3F0020FE3D00209C
:105310003D3F002000F8FF07A63D00202DE9F743A0
:10532000694D6A4E0123074668486B7388461446E8
:1053300000F04EFB0BF0ADFE38B9012F01D9042F60
:1053400010D12146404609F042FF102000210FF005
:1053500086FE002800F0B080002003B0BDE8F043D6
:10536000FCF7C6BC002CF0D1594B1B78212B03D085
:10537000062B01D0532B02D101F088F9E5E7FDF7A8
:10538000DFFF0028E1D000F073FB38B92B7B002B46
:105390000CBFAB209420FFF751FCD6E74D4B019397
:1053A000304600F015FB20B14B4840F6690109F08A
:1053B000DBFC4549307B01AA0BF04BFE95F80080E1
:1053C000B8F1000F03D14148FFF7B6FDBDE7DDF8A6
:1053D00004900EF054FB737BDB07044603D596F96B
:1053E00009000BF054FE0EF04AFB3C4B3C4F18807A
:1053F0000EF062FB3B4B1880FDF71CFF3A4B188008
:10540000FDF71EFF0822014638480CF01AFC0EF08A
:1054100016FB374B18703079FFF7F6FC70880021C7
:10542000FFF7BAFDFDF78CFF60B1631E9BB24FF62C
:10543000F672934206D90EF069FFB7F868308342DE
:105440000446F8D020460EF026FB30880EF040FBD4
:10545000B7F868004146C847044608B918209AE7DB
:10546000B7F868100DF091FF002387F859302B78BA
:1054700003F0FB03022B02D020460EF01AFD00239E
:105480001A4619462046FFF7B5F998B19423EB73F5
:10549000184B1B78042B06D11748C821FDF728FDAF
:1054A00003232B7451E714484FF41671FDF720FDC8
:1054B0000023F6E794206EE7FFF712FA00287FF446
:1054C0004BAF03B0BDE8F083D23D0020E43D0020A7
:1054D0003C3F0020CB3F0200B2850200D03D0020BF
:1054E000E0380020CE3D0020CC3D002001410020CE
:1054F000094100203D3F0020681200207FB5194E71
:10550000194D00243278E3B29A4201D804B070BD3C
:10551000B5F868204FF6FF739A421AD0134B1B88D8
:10552000DB0714D5124AB5F8683010685168ADF839
:105530000C3001AB03C30A231A4601A90020FDF772
:10554000EDFD0C4902230B220020FDF7E7FD01349D
:10555000D8E70748002208210EF041FA0028F6D1CA
:10556000DCE700BFFE130020E0380020FE3D0020F5
:105570004A390020A63D002010B500F0D3FE01F00E
:10558000E5FBD8B10E480F4CFDF74EFD0E48017AF1
:105590000E30FFF7ADFB23781BB100F0FBF90023C1
:1055A00023700A4B00221A73FFF71AFB07F00AF95F
:1055B00000F01AFFBDE81040FFF7A0BF10BD00BF0C
:1055C000681200200A410020E43D0020D23D002066
:1055D00010B52548FDF728FD01F0B8FB30B1234B8D
:1055E0001B781BB9BDE81040FFF7C6BF01F0AEFB4A
:1055F00078B11F4C237C83B11B48C821FDF778FC90
:10560000237C013B23740021BDE810400846FCF7D1
:10561000D9BBFDF795FE0028EBD1FDF791FE154BA8
:105620001B7858B9112B03D003F0FD03412B19D17E
:105630000F4BBDE81040D87BFFF700BB332BF7D1F1
:105640000D4B18880EF027FA0C4B18880EF040FA14
:105650000B4B0C491888FFF79FFC0B4B1878FFF792
:10566000D3FBE5E710BD00BF68120020383F0020E3
:10567000D23D00203C3F0020D03D0020CE3D002008
:10568000CC3D002001410020094100202DE9F04FD0
:1056900085B00F4602AD04462946384691460FF0C4
:1056A000C8FE4FF0000B82463846CDF804B00DF02E
:1056B00022FF4678022C804606F0020609D85CB12B
:1056C000FDF73EFE044600283CD1734B01241B78B5
:1056D00059E0043C022C2ED9FDF732FE38460DF07D
:1056E00083FE0024DFF8B4A10546A04638460DF03D
:1056F00002FF50F8093001930DF105000DF0C5FDD2
:105700009DF807B00746B8F1000F09D0BAF1000FB5
:1057100006D06249082250460CF083FA002851D185
:10572000BBF1000F34D14FF6F7739F4230D994206C
:10573000FFF784FA46E00EF005FCFDF701FE044693
:10574000F8B15C464EB1564B1B78012B02D0043B9E
:10575000012B0BD805B0BDE8F08F4F4B1B782BB158
:105760004F4B1B7803F0FB03022BF3D0BAF1000F71
:10577000404608BF00250FF04FFE4FF0010882465B
:10578000B4E7454B1B78002BF0D0002EEED1E1E7BB
:10579000DFF8049199F8003003B11EB314B3414B04
:1057A0001B78022B1ED1BBF1000F14D138460EF02E
:1057B00072F958465946FFF79BFA07F003F899200B
:1057C00009F0CFFC0020FBF789FA0028C2D00020A6
:1057D0000DF0ACFEBEE7FDF7B3FD48B13248FDF772
:1057E00023FCA4E7FDF7ACFD10B1BBF1000FF5D130
:1057F000FDF7A6FD0028E5D02846FEF79FFBFF2811
:10580000DFF8A0A0294C03D09AF80030012B04D176
:10581000B4F868002946FEF7EDFCFEF7A9FD2A461C
:10582000B4F868103846FFF7B5FC214B214A93F9CC
:1058300006301B0213809AF80030012B18D0312B50
:1058400014BF432311238AF800301B4B16481968F4
:10585000134CFDF74DFB00F027FD99F800100023D5
:10586000237439B91048FDF743FBAD23E373A9E76F
:105870001123E8E7B8F1000F03D016B1FFF77CFE63
:10588000F3E70E4B1B78042BEFD107480521FDF7FA
:105890002FFB09232374E8E7383F0020EF40002066
:1058A000D23D00203C3F002068120020E03800205C
:1058B000E43D0020FC3D0020881200203D3F0020F8
:1058C00070B508468AB00D460DF015FE092200217C
:1058D0000646FBF78FFD044628460DF085FD0DF1C9
:1058E0000703052202A928460AF084FF02281AD0DD
:1058F0009DF807301C44E4B204F110020023D2B238
:1059000029460120365D09F0B9FB60B1022E0AD1AB
:10591000064B1B78012B06D1054B187818B9224687
:105920002946FFF7B3FE0AB070BD00BF3C3F002020
:10593000D23D002008B5FDF777FB024B00221A701C
:1059400008BD00BF303F002084B010B502AC84E831
:105950000F000F4CBDF8082063889A4204D0002045
:10596000BDE8104004B070470822211D0DF116005B
:105970000CF057F902460028F1D10821201D0EF045
:105980002EF80028EBD16088003818BF0120E7E727
:10599000D23D0020034A044800231380034A1370B9
:1059A000FDF742BB003E00208C1200200C4100207D
:1059B00008B50348FDF738FBBDE80840FFF7EABF2C
:1059C0008C1200200148FCF787BE00BF003E00207B
:1059D00037B5054698B10C4B1B7893B100210B48A5
:1059E0000DF0D8FD002401461623009422462846D7
:1059F0000DF0F4FE064B20461C7003B030BD0220B3
:105A0000FBE77020F9E700BF0C410020003E0020BA
:105A10000B410020F7B5054618B3134C1348237803
:105A2000124F0133002123700DF0B4FD0026014612
:105A3000237819B9013B237001200AE0F2B29342A6
:105A400009D1002400941623224628460DF0C6FEF4
:105A5000204603B0F0BD38460DF0F2FD0136014698
:105A6000E6E70220F5E700BF0B410020003E0020E2
:105A7000014B1878704700BF0C41002025289DBFBE
:105A8000024B187000200220704700BF2B1400202A
:105A900007B5012318460D220DF10701FDF73EFB66
:105AA0009DF80720024B1A7003B05DF804FB00BF9D
:105AB000CE13002084B010B502AC84E80F00254856
:105AC000089C08220DF116010CF0ABF838BB9DF8CC
:105AD00015309B0705D4204B1B7803F0FD03312BB9
:105AE00023D11E496378097803F00F028A4203D05C
:105AF000012928D1022A18D12278B2B91B09022B18
:105B000013D194F90230002B21DB154BB3F8682038
:105B1000BDF80A309A4208D1FEF7ECFF06E00D48C6
:105B2000002208210DF05BFF20B90020BDE81040E5
:105B300004B070470B4BBDF808205B889A42C6D072
:105B4000002BC4D0F1E70229EFD1012AD3E70120CD
:105B5000ECE700BFD63D00203C3F0020F3130020BF
:105B6000E0380020D23D002084B02DE9F04F89B00C
:105B700012AC84E80F00DFF84CC1504BBCF80200B7
:105B80009DF84D909DF95220BDF860E09DF865A00C
:105B90009DF966509DF868709DF96A10BDF848B08F
:105BA0009DF94E809DF850601B7810F001042DD0B7
:105BB0009DF86D00C0F34004C0F38000002B41D07D
:105BC0003F4B1B78012B00D1F4B1C0B19CF80030E1
:105BD0001E335BB2AB42ACBF002501259845D4BF54
:105BE00000230123AB4209D1914208DC0CD1B81B40
:105BF000C0B280288CBF0020012000E0284609B0F8
:105C0000BDE8F04F04B070470020F8E7840718D5CE
:105C1000C3B1490814BF01200020520814BF01235A
:105C200000238342EBD1BB1BDBB2802B0AD9BE42DF
:105C3000EAD1A84506DBE7D1D1452CBF00200120E1
:105C4000DDE70BB90120DAE7BE4216D018AD0FCD63
:105C500002AC0FC495E8030044F8040B2180DDE991
:105C6000160112AB0090ADF804100FCB0BF0EAF95F
:105C70000028E7D1BE42BAD1C1E7F34518D00DF1F3
:105C8000700B9BE8030018AC0090ADF8041094E88A
:105C90000F00FFF759FE0028D4D19BE803000090C5
:105CA000ADF8041094E80F00FFF74EFE0028C9D1AC
:105CB000A845C7DBCAD1D145C4D3C7E70C410020F2
:105CC0003C3F0020CE13002084B02DE9F04F8FB070
:105CD0006A4E18AC08AD84E80F0016220021284651
:105CE0000BF0C9FF33783BB90024654B32781B7841
:105CF0009A4239D2002726E06248DFF888910021D5
:105D00000DF048FC00270446B846002C45D13FB1B1
:105D10005C48224639460DF0BCFC3378013B3370B9
:105D20003378002BE0D05748DFF858B100210DF050
:105D300031FC4FF0000980464F46CA46B8F1000FCB
:105D40006CD1002FD1D01621002218A80DF00BFC29
:105D5000014648B1002F00F08B804A4822460DF0E2
:105D600046FC337801333370454B32781B789A42C6
:105D700007D94448002201880DF08BFC3378013BA1
:105D800033703378012B03D13F494048FDF7B0F819
:105D90000FB0BDE8F04F04B0704700222146CDF8A7
:105DA0000080162328460DF019FD1622294618A852
:105DB0000BF037FF0028EBD09DF864209DF82430CD
:105DC0009A4225D1BDF86020BDF820309A421FD1FB
:105DD00008220DF12E010DF16E000BF022FFB8B973
:105DE0000DF1600CBCE80F0002AF0FC79CE8030088
:105DF00047F8040B0EAB398013E903000090ADF8AF
:105E0000041095E80F00FFF7AFFE0028C0D027462A
:105E1000214648460DF014FC044676E7162300227E
:105E20004146CDF800A028460DF0D8FC0DF1600CDD
:105E3000BCE80F0002AF0FC79CE8030047F8040B53
:105E40000EAB398013E903000090ADF8041095E81B
:105E50000F00FFF789FE074620B1B9F1000F04BF1C
:105E600044468146414658460DF0EAFB804665E7C8
:105E700004483A460DF094FB73E700BF0C41002044
:105E80002B140020003E002020BF02008C120020B6
:105E90002DE9F04F9FB010AF00210446162238467E
:105EA0000E91CDE90C11CDF83B100BF0E4FE0DF195
:105EB0001F03052216A920460AF09CFC02288046F2
:105EC00000F0FD8020460DF016FB06460DF0DDF9D2
:105ED0008146F01C0DF0D9F9ADF84000701D0DF0B1
:105EE000D4F9B8F1010FADF84200204640F0EA8045
:105EF0000DF001FB05462046FCF7C8FD0D352D1AB7
:105F0000EAB23B462146082009F0B8F8002800F024
:105F1000D68020460DF0F4FAB8F1010F9DF84D300F
:105F2000834640F0E88043F0010300258DF84D30B2
:105F300016AE04953388022B58D1F1780231C9B2DC
:105F40002046FCF793FF1B2850D1F1780331C9B2EA
:105F50002046FCF78BFF192848D1F1780431C9B2EB
:105F60002046FCF783FF4A2840D14FF0050AF1781C
:105F700001315144C9B22046FCF778FFF178514411
:105F80008046C9B22046FCF771FF00EB082083B2BF
:105F900000F03F02932B059240F09C8096F803801E
:105FA000D0445FFA88F808F10203DBB204930023BF
:105FB000049A009321460F230CA80DF00FFC08F162
:105FC0001101C9B220460DF056FC08F11301054637
:105FD000C9B220460DF04FFCADF84200059B0233DC
:105FE00053445FFA83FA33795345C0D806360DF12E
:105FF0007603B3429ED19DF84D20C5F3C03363F3C1
:10600000410220468DF84D200DF00CFA8DF8440029
:1060100020460DF0FCF98DF8450020460DF0FCF906
:106020009DF832308DF84600C3F3C3028DF8472047
:10603000DDF83320CDF84E20BBF1190FDDF8372005
:10604000CDF852208CBF9DF83E2000228DF84820CC
:1060500003F003028DF84A209DF84D20DB0963F31D
:1060600082026A4B8DF84D201B78022B58D1BDF867
:1060700040600DF021FD864252D108A80DF097FF37
:10608000BBF1190F49D908220DF14E0108A80BF0F8
:10609000C8FD00283ED1B9F5004F02D0B9F5624FD6
:1060A0000DD125F4404540F6FF739D4207D10022F3
:1060B00008210DF14E000DF092FC002840D01FB0D9
:1060C000BDE8F08F0DF017FA05462046FCF7DEFC20
:1060D000073514E7412B81D1F17802315144C9B21F
:1060E0002046FCF7C3FE4A4B1B78C3F1B3031844A8
:1060F0008DF8490072E76FF30003F01D8DF84D3005
:106100000DF0C3F80CA9054620460DF072FF0023E0
:10611000049370E700F008FDBDE700F005FDCEE751
:10612000B9F5004F02D0B9F5624FC8D125F440450A
:1061300040F6FF739D42C2D1BBF1190FBFD9B6E73C
:10614000BBF11A0F06D004991F313A46C9B2204656
:106150000AF07EFF2F4C304D637BDBB12B78012B97
:106160001DD1012323730CAB029314AC94E80300FC
:106170000090ADF8041097E80F00FFF79BFC90B17A
:1061800094E803000090ADF8041097E80F00FFF7C3
:106190009BFD08E0FDF7D4F80028DFD0E1E703F02D
:1061A000FD03042BDDD02B78012B01D0042B86D1ED
:1061B0001A4BDDF84E001B788DF82230BDF84030C8
:1061C000ADF820309DF84D30DDF85210C3F3400398
:1061D0008DF823309DF8313003F00F038DF82C300B
:1061E0009DF848308DF82D3009AB03C30C4B1B686C
:1061F0001BB1394608A8984761E79DF946209DF8EC
:10620000451008A808F0CEFF59E700BF3C3F00202A
:1062100013410020D23D0020F9400020124100200F
:10622000B839002010B508F081FD114B1B78022B06
:106230001CD1104A1468A04218D00F4910600A6897
:10624000121B10440D4A086012786AB1013A93405B
:106250003C2253434FF47A725343984206D9BDE827
:1062600010400320FCF7FCBF0A23F3E710BD00BF7A
:106270003C3F0020F82B0020F42B0020EF130020DF
:10628000064B1B88DB0708D5054B002243F820206E
:10629000044A135C63F00F0313547047023E00205E
:1062A000C82A0020183F002008B508F03FFD034B26
:1062B0001860034B00221A6008BD00BFF82B0020B5
:1062C000F42B0020014B1868704700BFF42B00200E
:1062D00008B50C48FCF7A8FEFDF706F880B10A4B9C
:1062E0000322B3F8681001200AF0CEFE074B0548E0
:1062F0001B884FF47A715943BDE80840FCF7F8BD9C
:1063000008BD00BFAC120020E0380020B21300200E
:10631000034B1888C0F30E00003818BF01207047E7
:10632000A63D002008B5FFF7F3FF30B10449002077
:1063300002230B220880FCF7F1FE002008BD00BFFD
:10634000A63D0020024B1888C0F30E00704700BF26
:10635000A63D0020084A094900231370084A13701B
:10636000084B094A1B7843F00403138001200223E1
:106370000B22FCF7D3BE00BF0F410020A63D00203A
:106380000E410020F0130020023E002030B585B001
:106390000024114D019401210B2300918DF80C3044
:1063A0008DF80D000323B5F868008DF80E4003AAA0
:1063B0000EF0CFFF68B1B5F868100DF0F1FE40B1F6
:1063C000064B074805221A70064B64211C70FCF727
:1063D0008FFD05B030BD00BFE03800200E41002029
:1063E000CC1200200F410020064B1B78033B012BF1
:1063F00006D8054B1B781BB9044B1878FFF7C6BFAE
:10640000704700BF3D3F00200D410020EF130020EA
:1064100008B51548FCF708FE144B1978F9B9144A69
:1064200013787BB1013B1370124B1B78042B02D104
:106430000846FBF7C7FCBDE808400B484FF49671CF
:10644000FCF756BD0C4B1B8803F00303022B0AD14B
:10645000BDE80840094903220120FEF705BDBDE85B
:106460000840FFF7C1BF08BDCC1200200F4100203B
:106470000E4100203D3F0020A63D002000F8FF0710
:10648000084B1A785AB1013A022393404EF6602223
:10649000534303210448B3FBF1F1FCF729BD42F259
:1064A0001073F6E7EF130020CC12002070B50546FC
:1064B0001748FCF7B9FD174B012228461A700EF059
:1064C0006CFF411C0446C9B22846FCF7CFFCA11C56
:1064D0000646C9B22846FCF7C9FC0F4C02232080AF
:1064E0000B2221460020FCF719FE86B9238803F011
:1064F0000303022B03D1FFF7D7FEFFF7C1FF238869
:106500005B0704D5BDE870400448FFF7E1BE70BDED
:10651000CC1200200F410020A63D0020AC1200202C
:106520002DE9F0411A4C238886B005464BB3DFF8BD
:10653000688000214FF480700EF064FD98F8003000
:10654000DB071CD501212088FCF72AFB07462088A1
:106550000CF0D1FF02300CF098FE03A9064620880B
:106560000FF005F898F8003013F0020F18BF00255F
:1065700000953B4603AA3146062008F05AFD002349
:106580002380044806B0BDE8F041FCF74DBD00BFD4
:10659000063E0020EC1200201041002010B50446F9
:1065A000CA20FFF7BDFF01214FF480700EF02AFDD5
:1065B00058B1064B06481C80064B00221A70064B49
:1065C000BDE810401988FCF793BC10BD063E0020C2
:1065D000EC12002010410020B6130020044A13786A
:1065E00018B943F001031370704743F00303FAE74F
:1065F00010410020044B1B781BB9044A1380FEF79E
:1066000099B90020704700BFFD400020043E0020E3
:1066100030B501F0400387B0002B4FF0040205466F
:1066200014BF012400248DF80C208DF80D1004D027
:1066300004A90EF00DFD18B304ABCDE9004303AA85
:106640000223012128460EF084FE0446D0B10E4BF1
:10665000B3F868100CF099FE4FF6F7739D420AD913
:106660000023322202212046FEF7C4F880F0010008
:10667000C0B207B030BD294620460DF091FDF5E7C8
:106680000120F6E71820F4E7E038002010B5FFF706
:1066900049FE04F05BF90DF004FC00200EF0CAFC8A
:1066A000FBF774F908B1FDF771FA1F4C2378532BEF
:1066B00010D103230021012023700DF083FC002062
:1066C000FAF70CFB10B100200CF030FFBDE81040D1
:1066D0000AF0DEBC062B01D0212BF0D101200DF0F9
:1066E0003DFC4FF6FE700DF0D6F94FF6FF700DF041
:1066F000EFF90020FEF7CCFA0020FEF7D3FAFEF700
:1067000063FA00F009FB0AF0C6FC2378212B02D1C2
:10671000FEF700FAD3E70020FCF7A2FD00214FF4BA
:1067200000400EF06EFACAE73C3F002010B50A4C5C
:106730000A48FCF779FC2378062B02D101200DF0E2
:106740000DFC2378062B01D0532B03D1BDE810405C
:10675000FFF79CBF10BD00BF3C3F00200C13002082
:106760002DE9F047DFF8C08004460E461746FFF7D4
:10677000D9FD98F8005015B97020BDE8F087212D9B
:10678000FAD028480DF0EBF80028F5D114F02004D9
:10679000DFF898A0DFF8989005F00F0539463046ED
:1067A0001BD00AF01DF8012D8AF80070A9F80060CE
:1067B00029D1212388F80030FFF768FF0020DCE7AB
:1067C000212388F80030FFF761FF00214FF6FE70AB
:1067D000FEF7E2FBFEF792FEF0E70AF000F8012D6B
:1067E0008AF80070A9F80060EAD0062321464FF627
:1067F000FD7088F80030FFF70BFF0A4840F22621B1
:10680000FCF776FBE1E7532321464FF6FD7088F84D
:106810000030FFF7FDFE034840F22621FCF768FB3D
:10682000CCE700BF0C1300203C3F002011410020AA
:10683000D2130020F8B50D46511CC9B206462846B1
:10684000FCF714FB044628460CF055FE05460230C2
:106850000CF01BFD164B1B78022B074602D0043BA5
:10686000012B23D8134B1B68580201D5A1061DD557
:1068700062061BD5104BB3F86830B34216D16B7863
:106880001B070FD528460EF0C7FD0C4908220BF058
:10689000C8F958B9314604F020000122BDE8F8409B
:1068A000FFF75EBF0DF0EBF8B842F3D0F8BD00BFC4
:1068B0003C3F0020002C0020E0380020EF4000206A
:1068C00073B504460D460EF0BFFBFF28034625D0E6
:1068D000134A12784AB1134A32F81020520404D5F0
:1068E0000EF097FB002002B070BD18460EF0A4FB1E
:1068F000694606460EF0ACFB40B1FCF7A5FC28B19A
:10690000002302226946304604F0CEFF45F04001E4
:10691000204602B0BDE87040FFF77ABE0120E2E7F2
:10692000383F0020A03D002038B505460CF0E3FDBF
:10693000044628460EF031FD411CC9B22846FCF73A
:1069400095FA42060DD563781B070FD520460EF049
:1069500063FD014600200EF075FBBDE838400EF0E7
:1069600058BBBDE838400248FFF7E0BE38BD00BF65
:106970000C13002038B54FF6FF75A842044617D017
:106980000DF09AF8A04213D00A4B19884FF6FD7209
:1069900091420DD9084A1288AA4201D0A24207D1D9
:1069A0001C800648BDE838404FF47A71FCF7A0BA65
:1069B00038BD00BFBC130020D41300208C2B002056
:1069C00008B50448FCF730FB034B4FF6FF721A8002
:1069D00008BD00BF8C2B0020BC130020024A137896
:1069E0000BB1013B137070472E3F002008B50DF02E
:1069F0006FF8064B00214FF6FF7208461A80FEF72B
:106A000077F9BDE808409A2008F0ABBBBC13002022
:106A100008B5FCF709FB0A4B1B78023B032B08D88F
:106A2000084A10884FF6FE7398424FF6FF7301D163
:106A3000138008BD9842FCD0BDE80840FFF7D6BFE0
:106A40003C3F0020BC13002010B5084B1B78042BE2
:106A50000AD00DF014F80021044608460DF001FBA1
:106A6000231A5842584110BD0020FCE73D3F00204A
:106A7000F0B589B000260546CDE90566ADF81C6085
:106A80000EF08BFC0A23024604460096294605A810
:106A90000CF0A4FE9DF815309DF814701F2B27D81C
:106AA00003A80DF084FA08220DF1160103A80BF0DB
:106AB000B8F80646E0B9092F1CD1FFF7C5FFB8B1F9
:106AC000154B1B78A3B1154B1A884FF6FD739A42EC
:106AD0000ED9134C134A23780433DBB22370127897
:106AE000013AB3EB820F03DD58B208F09EFC26702A
:106AF00009B0F0BD04F10A01C9B22846FCF7B6F9A5
:106B00000DF0D2FA04F10B01C9B228460CF0B3FE25
:106B1000FFF730FFECE700BF02140020BC13002099
:106B20002E3F0020EE13002038B5134B1B78033B9B
:106B3000012B20D9114B1B784FF6FF71ABB1104DD3
:106B40002B888B4217D10CF0B7FF4EF6602104461C
:106B50000C48FCF7CDF94FF6FE732B80224600213E
:106B6000BDE8384009200DF0ADBA074A13888B42C2
:106B70001CBF0133138038BD3D3F002002140020AC
:106B8000BC1300208C2B0020A23D002008B5044837
:106B9000FCF74AFA0021BDE808400846FBF712B9A5
:106BA0002C13002010B5044661B1FF210CF044FC09
:106BB000002120460CF046FC0CF008FB0146204664
:106BC0000CF046FC21460348BDE8104000220CF0C2
:106BD000E7BC00BF0A3E00202DE9F0410D461746F4
:106BE00004460CF088FC0678284606F067FD294626
:106BF000804620460CF0C9FB0CF041FFA84206D1AC
:106C000020460121FFF7CEFF0120BDE8F081284694
:106C1000B8F1000F0BD006F0D3FD58B915493A462C
:106C200020460978BDE8F0410023FDF7E3BD0EF0F2
:106C300018FAF2E706F00306012E08D00CF01FFF49
:106C400000232246294602F097F90028D8D1204691
:106C50000CF057FB430505D520460021BDE8F04167
:106C60000CF0FABF20460EF0DAF9B0FA80F04009D5
:106C7000CBE700BFED13002010B586B004460EF040
:106C80008CFB104B0246186819790290D3F8050066
:106C90005B7A8DF81430013200238DF80C100490CB
:106CA000009321460523D2B204A80CF097FD0522DB
:106CB00004A902A80AF0B5FFB0FA80F0400906B0B6
:106CC00010BD00BFC085020008B511480CF026FEBB
:106CD000104B1B78012B06D8FF200EF073F9FDF73F
:106CE0005DFC0EF08EF9FDF7BDF901F0C5FCFFF774
:106CF00031FB0EF0CFFC07F065FAFDF7F9FD07F068
:106D000099F809F06FFDBDE8084002F033BC00BF00
:106D1000A0390020133F002008B5EFF775FEFF28CB
:106D200003D0094B1B78012B06D900200EF04AF93D
:106D3000FDF734FC0EF065F9FDF794F901F09CFCC9
:106D4000BDE8084002F016BC133F0020064B18783F
:106D5000112806D000F0FD00A0F14103584258412F
:106D600070470120704700BF3C3F00202DE9F843E9
:106D70000446FDF7BBFB18B100263046BDE8F8839A
:106D80001A4BB3F868104FF6FF784145F4D020460F
:106D90000CF0FBFA164A0123128802212046FDF767
:106DA00029FD06460028E7D020460CF0A4FB90F809
:106DB0000790054604300CF068FA07460CF05FFEB9
:106DC000494602463846FDF7A9FBA81C0CF05DFABF
:106DD000404502D12046FFF7E1FB2B789B07CCD141
:106DE00001212046FFF7DEFEC7E700BFE0380020A4
:106DF000083E0020F8B507460CF07DFB0546043040
:106E00000CF043FA0646A81C0CF03FFA0446304644
:106E10000EF01AF9304606F051FC2B789B0701D191
:106E20000CF02DFEAB790BB90320F8BD0CF027FE5A
:106E3000A0420CD10CF023FE0446094B21461A78DF
:106E40003846FFF7C9FE0028EED00020EDE7054BDD
:106E50001B78052B1CBF044BB3F86840EDE700BF5F
:106E6000083E00203D3F0020E03800202DE9F041A1
:106E7000064610460D460EF090FAA0F11004E7B257
:106E800056FA84F4EA1B214604F10E000AF0D9FEFA
:106E90002823F355DFF8408098F80030637301F041
:106EA000FDFB611C024601200CF0F5F9094908229E
:106EB000601D0AF0C6FE98F800000DF0FEFE05F118
:106EC0000E0130463B460022C9B201F093FC12206D
:106ED000BDE8F081EF400020373F00202DE9F04F62
:106EE00087B004460CF007FB064620460CF066FA15
:106EF0000746301D0CF0C9F98146B01C0CF0C5F9ED
:106F0000384696F807A00EF0AEF833789A0769D1A4
:106F10002146042001F076FD002863D020460EF0C3
:106F20003CFA01462046FBF7A1FF83075AD12046D1
:106F30000EF033FA01462046FBF798FF10F00303EA
:106F400003934FD12046FFF797FE00284AD02046F2
:106F50000EF0FCFA00F1010B05462046FBF7B2FDEE
:106F60005FFA8BFB0BF10A03834264DA334A106841
:106F7000516804AB03C3A91CC9B22046FBF776FFD6
:106F8000594680462046FBF771FF05F10B0100EBE7
:106F900008201FFA80F8C9B22046FBF767FF039B61
:106FA0000093EA1C0823D2B22146834604A80CF0C1
:106FB00015FC20460CF002FA5A4641460AF072F8D7
:106FC000012204A9404601F07DF9A0BB022007F090
:106FD0009DF8022007F09AF8013003D104A9404639
:106FE000EFF70CFC0CF04BFD48453A46514607D1F3
:106FF0000CF03BFFF8B907B0BDE8F04F0DF085B9D4
:1070000048460CF032FFB0B90D4B1B781BB939461E
:1070100048460DF09DF83A4651464846FDF77EFA3F
:1070200048B1317811F0030105D1204607B0BDE821
:10703000F04FFFF7B7BD07B0BDE8F08FB55E0200B7
:10704000333F002038B50F4D2B78023B012B15D86C
:107050000AF02AF8044698B9FFF7E4F82B78032BD6
:10706000214604D101200CF0ADFF012038BD20469F
:10707000FAF7A8FE003818BF0120F7E79320F5E7DC
:107080007020F3E73C3F00202DE9F74306460D460C
:1070900014460CF040F90C28304645D10CF02BFA80
:1070A00009220021FAF7A6F900F11001C9B2304611
:1070B000FBF7DCFE042813D07C282BD0012840F0FD
:1070C000A78045B9132130460CF0D5FB03B0BDE8CD
:1070D000F0430CF0FDBC03B0BDE8F043FDF76EBD1E
:1070E000594B1B78022B40F0938045B9FFF72AF9E2
:1070F000C3070AD5FFF7D8F8002C08BF312528466A
:1071000003B0BDE8F04308F09CB8FFF701F9002890
:10711000F0D0F1E701213046FBF742FD294603B0EC
:10712000BDE8F04308F038B90CF0E5F980460430CA
:107130000CF0ABF8074608F102000CF0A6F84FF689
:10714000F773984204460CD8404A138801339BB227
:1071500013800BB93E4A13801DB13D4A1388013399
:10716000138098F8009009F00309B9F1010F1DD1BF
:1071700030460EF012F901463046FBF777FE0B2839
:1071800009D00D2807D0042842D1304603B0BDE80D
:10719000F043FFF7C9BB2F4B1B78042B38D10021DC
:1071A000084603B0BDE8F043FAF70CBEB9F1000F92
:1071B0002ED12946304603F0A5FC4DB34FF6F773A8
:1071C0009C4225D898F8016016F00406204622D18A
:1071D0000DF008FF054620467DB10DF042FF034645
:1071E00000BB00900C22214638460DF024F90C22F9
:1071F000002300933946204608E00DF032FF034695
:10720000C8B9154A00901278214638460DF013F996
:1072100003B0BDE8F0830DF024FF034678B9009079
:107220000B22F1E7062200963346214638460DF040
:1072300002F90622DCE700952B460622E4E7CDF8AA
:1072400000904B46F9E700BF3C3F0020AA3D0020DC
:10725000A83D00203D3F00202D1400202DE9F04FD7
:1072600005888BB0044628460CF045F907460430E3
:107270000CF00BF88246B81C0CF007F805A9804604
:1072800028460EF0D6F828460EF087F80146064646
:107290002846FBF7EBFD3B78009003F00303012B3E
:1072A0000CBF83464FF0FF0B07F03BFDE3880293D2
:1072B000637A0190D90700F186800CF0E0FBA0EB27
:1072C0000A02D2F1000949EB0209FB790393504607
:1072D00000F05AFF002879D1404600F055FF002801
:1072E00040F08B80FDF7CAFB8046FCF729F810B907
:1072F000FFF72CFD30B1A8F104085FFA88F8B8F167
:10730000020F1BD90BF0FD03042B00F0B680FFF732
:107310001DFD20B1009B03F00303012B0ED0FBF7F2
:10732000E3FF28B9724B1B7803F00F03062B6BD1D8
:10733000704B2846B3F868100CF027F8BBF1010F2A
:1073400066D128460CF00BF84FF6FF73984240F0D8
:107350009480002307AA314628460DF04BFE0746CD
:10736000002845D042799DF82530934209D9711DF6
:10737000C9B22846FBF78EFDA37823F00F03023332
:10738000A370EBF7F3FC7E23B0FBF3F202FB1303D5
:1073900003F58073A3809DF8263013F0180F0AD0F0
:1073A000A3781B0707D1B9F1000F04D17A7905A999
:1073B000504607F067FF9DF82700003818BF0120EE
:1073C0000BB0BDE8F08F4FF001097EE728460CF0C6
:1073D00092F802300BF059FF4FF6F773984207D935
:1073E000039B2BB92846FFF747FC00287FF474AFB6
:1073F000A37823F00F03A37008E040460DF033FE9E
:1074000000287FF46FAFF3E72823A3800020D7E79D
:10741000BBF1020F54D1012307AA314628460DF0D3
:10742000E9FD80460CF02BFBBDF8223098421FD1BD
:10743000B8F1000FDCD0B8F80230012231462846FE
:107440000DF0D6FD2C4A13780133DBB2FB711370BB
:10745000B8F80230BDF81E209A421FBFA37823F06F
:107460000F030233A3704FF4C873A3800120A7E772
:1074700018460DF0F8FD0028DAD128460BF06FFF12
:107480000CF0F0FA012808BF1C4BA27801BF1B7852
:1074900003EB830303EB83039B0006BFFA339BB22A
:1074A000FA231209A4D1DDE90121521A92B29342C2
:1074B0009ED3EBF75BFC00F01F001030A080D5E7F7
:1074C000BBF1030FD9D1B9F1000FD6D0711CC9B2ED
:1074D0002846FBF7CBFC0C28CFD1FCF773FF4FF607
:1074E000FF7398420146C8D028460BF04EFFC4E710
:1074F0003C3F0020E03800203A3F0020FC130020F1
:107500002DE9F04105460C460BF005FF082802D195
:107510000120BDE8F081201D0BF0B7FE064628468D
:1075200094F807800BF04AFF074628460BF0E9FE67
:10753000010612D5184B1B78042B0ED1174B1B7864
:10754000022B0AD1164BB3F868204FF6FF739A420C
:1075500003D000210846FAF735FC124B1B78002BAC
:10756000D6D1A01C0BF091FE4FF6F773984202D8CB
:107570006378DA070DD523789B070AD13A4641464E
:1075800030460CF072FC80F00100C0B200F0010047
:10759000BFE70120FAE700BF3D3F00203C3F00204D
:1075A000E0380020164100202DE9F04F9BB0044642
:1075B0000BF0B1FE054620460BF0ADFE08284CD17D
:1075C0002046ADF85840FBF77DFABDF85820A0F1F1
:1075D0001005EDB210461023009500210CF038F98B
:1075E000294616A80CF0E1F82046FBF74FFA0546AD
:1075F0002046FBF767FAC1B22846FCF775F8ADF8EC
:107600005A408DF8590048B92046FBF73FFA014629
:107610000DF15900FCF7A2F88DF85800BDF858207C
:1076200048F201039A4202D1204609F0DDF89DF8A4
:107630005930402B05D1204609F0D6F81BB0BDE8E3
:10764000F08F802B03D016A807F0C0FEF6E716A82F
:1076500009F022FD0028F6D0F0E720460BF09BFE53
:10766000B0F5006F40F0FE8020460BF0A7FE064606
:10767000042D40F0FA8020460BF043FE80F40060B9
:10768000C0F3C02000223146400009F06EF8914B53
:107690001A78022A0DD0FFF759FB50B902F0FD030A
:1076A000312B06D0043A012A03D98B4B1B78002BCF
:1076B000C4D02146022001F0A5F905900028BDD0D4
:1076C0002046ADF842400BF016FF0446BDF84200DC
:1076D0000BF074FE0546201D0BF0D7FDA31C83465E
:1076E000184608930BF0D1FD11A90746BDF84200DA
:1076F0000DF09FFE2378069003F0030ABDF84200C8
:10770000637809930DF049FE63780D930646284689
:1077100005F0D4FFBAF1010F0CBF032302230F932E
:107720006E4B0E901D80237803F03C030CBF4FF08E
:107730000B084FF00A08082B80D1BDF84200FBF778
:10774000C1F9B0427FF67AAFBAF1010F03D02378C6
:107750009B077FF473AF624BB3F86830AB420DD137
:10776000604A614BB2F9001093F90030002900F033
:10777000A18001EB0313A3EB21131380A6F11003E7
:10778000DBB20B938DF84130BDF842100DF141038F
:107790001022404607F072FC00283FF44FAF099BCF
:1077A00013F002030A9300F00C81504B1B78002B5E
:1077B0003FF444AFBDF8428040460DF0EEFD4FF07F
:1077C000000907904046CDE91699CDF86090ADF8D4
:1077D00064900BF0F3FD079B039003F10E0189B257
:1077E00040460DF0ADFD00286ED00E23079ACDF86F
:1077F0000090414616A80BF0F1FF0DF15901012050
:107800000BF057FD9DF8653004939DF858300C90AF
:10781000282B59D1364908220DF15D000AF001FAF2
:10782000002851D004980DF048FA002866D1314B59
:10783000049A1B78D31A1C0646D404F083F8012856
:107840003AD12D4E07F072FA3468054624B104F09F
:107850007FF82C1B844237D3002108460CF0B2FB82
:10786000356031E04FF6FD7602E74FF6FF70301AD3
:1078700018BF012000223146400008F076FF0C2D91
:107880000DD12146012001F0BDF800283FF4D6AE0D
:10789000214600201BB0BDE8F04FFEF711B82DB90E
:1078A00020461BB0BDE8F04FFEF7F2BA042D7FF47E
:1078B000C5AEECE61B0260E704F044F8022803D1F1
:1078C00004F022F80028BCD003990022192008F007
:1078D0004CFFB3E63C3F002016410020263E00202E
:1078E000E0380020FC3D002013410020383F0020FC
:1078F000EF400020373F0020CC39002001230093C7
:10790000079A4B46102140460DF016F80028DBD0B0
:10791000BD4B049A1B78934240F0A88003990DF167
:107920005D0213A805F0B2FE012113A805F01EFFA9
:1079300048F20301814613A805F08CFFB9F1000F4E
:1079400003D0082113A809F070FB40460DF043FD59
:1079500003990DF15D0006F06DF9FE288146B3D064
:10796000FF280AD103980CF0F4F9FF28814600F0B3
:1079700085800DF15D01FCF789FCA34B049A1B780F
:10798000934200F0A1800C99484606F039F900288E
:107990003FF454AE48460C9906F044F92378980712
:1079A0000FD140460DF0F9FC01464046FBF75EFA68
:1079B00000F00300012804D103980DF15D01EEF7FA
:1079C0001DFFBDF842000BF09CFC010440F18380D8
:1079D00020460BF05AFC40F4007189B220460BF0AF
:1079E00056FCBDF8420000224FF400410BF07AFC37
:1079F000DDF81480BDF842100F980DF141031022FC
:107A000007F03CFB00283FF419AE032866D120465E
:107A10000BF03BFC40F4007189B220460BF037FCC0
:107A200028460DF020FB002840F0BC80DDF81480D3
:107A3000BAF1010F40F0BC80BDF84210032000F005
:107A4000E1FF002840F0B4803146BDF84200FBF76A
:107A50000DFA0F2801467FF6F1AD4FF6F7739F42FE
:107A60003FF6ECAD28460CF0E0FBE7E50499012079
:107A700003F0C6F900287FF451AF25E7237803F01F
:107A80000303012B08D140460DF087FC0146404618
:107A9000FBF7ECF9082894D05C4B1A785C4B1B7808
:107AA0009A4209D20DF15D010398FCF7A3FB0398FC
:107AB0000CF04FF9814660E708980BF0E6FB4FF6B3
:107AC000F7739842EED9FFE6484606F013F900280E
:107AD0003FF459AF5EE74FF000088BE728460DF002
:107AE000C2FA0028A4D00A9B002B5DD1B8F1000F88
:107AF00058D1BAF1010FBDF842009DD03146FBF7D5
:107B0000B5F98146DFF8148198F80030002B5AD07F
:107B10000BF0B5FF87427FF491ADBAF1010F40F051
:107B20008580B9F1070F7BD8B9F1050F7FF686ADD7
:107B3000384B1B78022B02D0043B012B03D898F85A
:107B40000030002B46D00D9B9A0640F1BA800E9B68
:107B5000002B40F0B28028460DF076FAFF2840F066
:107B6000AC805D457FF46AAD069B002B00F0A380DE
:107B700011AB46F204020126ADF85820019300969D
:107B8000022316AA314628460DF0E3FB04460028DE
:107B90003FF454AD29460BF0F8FB314620460CF07B
:107BA0005BF84BE5DDF8148028460DF035FA3FE729
:107BB000BDF842003146FBF759F90A9B814613B9DB
:107BC000B8F1000F9ED0134B1B78022B02D0043B60
:107BD000012BB8D8284600F0D7FA804600287FF459
:107BE0002DAD0BF04CFF854226D10B4BB3F868400E
:107BF0000BF045FFCDF80080014643460D2220469C
:107C00000CF019FC1AE500BF373F0020363F00207A
:107C1000FD1300203C3F0020E0380020383F0020CA
:107C2000A9F10E03DBB2012B82D907E509F00303AA
:107C3000012B7FF403AD7BE728460DF014FA58B909
:107C40000BF03AFF4FF6FF73984205D0F9F79EFE0E
:107C500010B92846FCF774FA28460DF004FA88B1EA
:107C60000BF02AFF4FF6FF7398420BD0F9F78EFE08
:107C700040B9BAF1010F02D1B9F1060F02D028467E
:107C80000DF0C9F9069BA3B919460122584600F028
:107C900019FB804600287FF4D1AC20460DF0BCFBD8
:107CA00042460146384600F00DFB00283FF44BAF3A
:107CB000C4E411A9E9E7069B5BE7637823F020039E
:107CC00063704FF6FC739F423FF4B8AC4FF6FD7300
:107CD0009F4204D1B04B1B78042B3FF4AFACA37987
:107CE0000BB1013BA37163785B0727D5002316AA6C
:107CF00013A9584616930DF06FF91698F0B10DF0D0
:107D000064F9804638460DF09FF9169A13790146BA
:107D100003F03000102806D003F00C0008281CBF28
:107D200023F00C031371137903F03303202B05D1D7
:107D3000FF2903D0012240460DF056F928460DF0E8
:107D400083F9FF281EBF954B002243F82020099B92
:107D500003F001084FF6F7739F4200F2F980B8F183
:107D6000000F40F0CF80294658460CF0F1F90BF097
:107D700086FE874200F0F88038460DF074F900283E
:107D800041D0BAF1010F27D1B9F1010F17D1BDF8D8
:107D90004200424631460DF02AF938460DF063F9AB
:107DA0007F4B1B78002B72D158460DF05CF90028F0
:107DB00066D138460DF057F9002861D13EE43846C7
:107DC0000DF051F950B3B9F1030F27D1BDF84200BE
:107DD00031460CF068FB31E438460DF044F9384682
:107DE0000DF03FF9002847D0BDF842200023394666
:107DF000584601F0C1F800283ED0BDF842000021ED
:107E0000FEF7D0FE1AE438460DF02DF918B1BAF19C
:107E1000010FD8D0E3E7BAF1010FE0D1604B1B7836
:107E2000002BC1D0B9F1050F31D10BF028FE8DF830
:107E300058000BF024FE000A8DF85900012302229D
:107E400016A90DF14200FAF76DFF00287FF4F6AB9A
:107E5000711CC9B2BDF84200FAF7F6FF037801338E
:107E600003706378590715D40BF009FE834522D0BF
:107E7000002239461C202AE5494B1B78002B93D061
:107E8000BAF1010FCED063785A0714D502E06378B7
:107E9000580718D5BDF8424020460DF040FA411C65
:107EA000C9B22046FAF7D0FF0378BAF1010F03F107
:107EB000FF33037004D0BDF84200FEF79BFF09E0DA
:107EC000B9F1050FD0D0BDF84200FEF793FFB9F12C
:107ED000030FCDD00228CBD116AA002158460DF0B1
:107EE0007EF830B10379458003F03C0343F0400352
:107EF000037100232B4A00931278394658460CF040
:107F00009AFAB5E7BAF1010F40F0918009F1FF3319
:107F10000C2B00F2808001A252F823F0737F010045
:107F2000737F0100CD7D0100897F0100A97F0100E1
:107F30003D760100CD7F0100DD7F0100E97F01007A
:107F4000E97F01003D760100FF7F01000B80010009
:107F5000BAF1010F72D0B8F1000F68D1BDF842003C
:107F6000FEF7BCFFFFF76ABBBAF1010F7FF445AF24
:107F7000CCE7A9F102035A42BDF842005A4131460A
:107F80000DF035F8FFF75ABBBDF84210324658469F
:107F9000FEF750FCFFF752BB3D3F0020C82A0020EF
:107FA000011400202D140020711CBDF84200C9B23C
:107FB000FAF75CFF0236F6B20246BDF84230009690
:107FC00011A9584606F05AFAFFF738BB0B9ABDF8CC
:107FD00042100120FDF75AFBFFF730BBBDF842000D
:107FE0000DF00BF8FFF72ABBBDF84200FEF740FD8D
:107FF000FFF724BBBDF84200FEF73AFDAEE7BDF83F
:108000004200FEF753FAFFF719BBBDF8420009F032
:108010003DF8FFF713BBBDF84210334622464846F1
:1080200009F00EF800287FF409AB49461AE5237AD7
:1080300003F00303012B7FF401AB8FE709F1FF335A
:108040000C2B3FF6FBAA01A252F823F0737F01002C
:10805000737F0100CD7D0100897F0100A97F0100B0
:108060003D760100CD7F0100DD7F0100F57F01003D
:10807000F57F01003D760100FF7F01000B800100CC
:1080800010B5124800210BF0E5FA0446E8B10BF0F8
:10809000BEF90F4B187020460BF0BEF90D4B18704F
:1080A00020460BF0BFF90C4B187020460BF0BFF9BF
:1080B0000A4B1860012006F04FFE2046FFF774FAC5
:1080C000BDE81040002006F047BE10BDC63D0020B0
:1080D000144100201341002012410020C439002027
:1080E00070B5144E336804460D46BBB10BF013F95E
:1080F0000C2813D120460BF0FEF90922002104467A
:10810000F9F778F9235C042B08D10B4C25B10B4B04
:1081100022781B789A4203D300232370002070BD7D
:1081200007483168FAF7E4FE237801332370012011
:10813000F5E700BFC8390020154100202C140020AD
:108140002C13002070B50D4D00242C70EEF7EAFBC7
:10815000E6B2B04208D80A4B00221A70094B1988BF
:1081600001B11A80012070BD30460CF075FFC307C5
:1081700042BF2B7801332B700134E7E7353F0020F5
:108180002F3F0020A43D002038B50B4B1B7805463F
:1081900073B101335C08094B1888FAF777FC0023A8
:1081A00030F81320AA4205D00133DAB2A242F7D345
:1081B000002038BD0120FCE72F3F0020A43D002017
:1081C00030B5054685B008460C460CF03FFFFF2849
:1081D0000CD00CF09BF801220021CDE901120346DE
:1081E000009221462A460720FCF7AAFC28460CF0FC
:1081F0002BFFFF2804460FD00CF02EFFC2070DD531
:1082000020460CF029FF830708D40B4A32F81430BB
:1082100043F4806322F8143005B030BD0CF076F8DA
:1082200001220021CDE901120346009207202A46CF
:10823000FCF786FCF0E700BFA03D0020431E9BB288
:108240004FF6FA72934270B504462AD8FFF79CFFA6
:1082500038BB194B1B78042B23D020460BF079FD3B
:10826000FF2801D0FBF79AFE20460CF0B0FE08B1C3
:108270000CF0A7FE2046114E114D03F0DBFD204609
:1082800007F039F8317869B12888FAF7FFFB05461D
:1082900001461E22023009F0D4FC2C8033781E2BBC
:1082A00007D970BD2020FAF7B7FC28800028EBD151
:1082B000F7E702333370F4E73D3F00202F3F002003
:1082C000A43D0020F7B504460D4617460BF0D7FB3A
:1082D0000646002D41D04FF6FB739C423DD8204608
:1082E000FFF752FF08B1A64237D02046FFF74CFFF8
:1082F00010B1012003B0F0BD204608F077FAC0B1FC
:10830000A642F6D004B369462046FBF719F90246A7
:10831000D0B9082168460BF062FBA8B9082269466B
:10832000284609F07EFC78B1294620460CF01EF85C
:10833000DFE7A642E6D10A490822284609F071FC87
:1083400010B10CF05DFED4E73FB121462846FBF7A3
:10835000BBFF2146284603F089FD0020CAE700BF85
:10836000EF400020044A13782BB1013BDBB21370BD
:108370000BB9024A138070472F3F0020A43D002014
:108380000148FAF7A9B900BFA43D00202DE9F04744
:1083900080468CB017460D4661B903AE1B48DFF826
:1083A0006CA000210BF0F6F84FF0000904461CB950
:1083B00020461DE00E46F1E700222146CDF8009050
:1083C000242330460BF00AFA08224146304609F0D1
:1083D00028FCA8B9337C9BB96FB945B92A460B482C
:1083E00021460BF056F90A4A1388013B13800120FD
:1083F0000CB0BDE8F0873B88B28953405B06ECD5F2
:10840000214650460BF01CF90446D0E70E3E0020F2
:108410000C3E0020024B1888003818BF012070471E
:108420000C3E00202DE9F0433048314D8DB0FAF775
:10843000FBFD06F07BFC2B68C41A4FF47A73B4FB87
:10844000F3F4A4B214B106F071FC2860294FDFF8F0
:10845000A8803B88ADF80A3000233B804FF6FF76BA
:1084600000210DF10A000BF0F5F8054658B9224B32
:108470001B882BB14FF47A711C487143FAF738FD11
:108480000DB0BDE8F0834FF000092423CDF8009033
:108490004A46294603A80BF0A1F9BDF81A30A342B9
:1084A00094BFDB1A1B1B9BB2ADF81A3063B9BDF841
:1084B00018301B0602D5089808F0D4FBB8F8003035
:1084C000013BA8F80030CBE79E4228BF1E4601239F
:1084D00000934A462946242303A80BF07FF94A4615
:1084E000294638460BF05CF8BAE700BF2C2B002079
:1084F000D03900200E3E00200C3E0020F0B52D4A61
:108500000446516810688DB001AB03C3A378012BFA
:108510004BD11422002107A809F0ADFBD4F821109B
:10852000D4F81D0003AB03C32388190644BF626857
:108530000892DA050BD5221D08AE04F11407106865
:108540005168354603C50832BA422E46F7D1ADF818
:10855000183013F0040318BFA3690593164B0822C3
:108560001B88ADF81A3001A903A809F05AFB18B10D
:1085700006A903A80CF019F90022242103A80AF087
:10858000F2FF044698B10020FFF74CFF0B48002291
:1085900021460BF005F80A4A1388002001331380A6
:1085A000FFF740FF00200DB0F0BD7020FBE7182062
:1085B000F9E700BFB55E0200B81300200E3E0020B0
:1085C0000C3E0020F7B5044600200E46FFF72AFFB8
:1085D000104B1B88A34202D8022003B0F0BD00213B
:1085E0000D480D4F0AF0D6FF002501460029F3D0B3
:1085F000A54208D1002400942423224630460BF0E3
:10860000EDF82046E9E738460BF01AF80135014647
:10861000ECE700BF0C3E00200E3E00200148FAF7B8
:108620005BB800BF0E3E0020014B1888704700BFAA
:108630000C3E002070B50C4611460E4A2378127885
:1086400013F0200542EA03020646227018BF611D9E
:10865000082209F0F6FAD4F80130B36023783373B6
:10866000002D0CBF05200D2003F01803082B08BFB8
:10867000013070BD383F002007B504231A460DEBCA
:1086800003010120FAF74AFD019B034A1B03136013
:1086900003B05DF804FB00BFF02B002010B5064CC2
:1086A0002368C3F30B0313B9042006F077FB20689B
:1086B000431C236010BD00BFF02B0020014B186845
:1086C000704700BFF02B002007B5064B0020186054
:1086D00004231A460DEB03010190FAF71FFD03B0C6
:1086E0005DF804FBF02B00207FB51123062201A9C1
:1086F0000120FAF713FD084B9DF814201A70074B60
:108700001B780BB1052B05D108F066F8012007B0E6
:108710005DF804FB0020FAE7373F0020383F0020D7
:108720002DE9F04F0646CBB0884600880121174658
:10873000FAF736FA2E4B3188ADF816003A4606A8FD
:108740000CF0CFF80DF1280BC4195A464146308879
:108750000CF054F8E4B208EB0003A34216BFA4EBFC
:1087600008040446E4B205464FF004092346CDE967
:1087700000095A4601210BEB050ACDF808B02D1B64
:1087800006A8EEF799FAEDB20BEB040300930195FE
:1087900023465A46308841460CF05EF83488394604
:1087A0002046FAF763FB394600F0F8022046FAF754
:1087B00071FB01213088FAF7F3F901234A4651464B
:1087C00080B10DF11600FAF7ADFABDF81620044697
:1087D00001213088FAF7F8F9B4FA84F040094BB077
:1087E000BDE8F08F3046FAF79DFA0446F4E700BF83
:1087F000EF4000202DE9F04FC9B00446884692466C
:10880000C118224A04A81F46FFF714FFC519EDB28C
:1088100008AB0293A5EB0A0BA8EB0A035FFA8BFBEC
:108820004FF00409A8EB0506DBB2F6B204EB0A022E
:108830000093CDF804905B46012104A8EEF73CFAC2
:1088400006F590730DEB03025A44A2F5807208A856
:10885000136844F80830E35D23F00703E3552C4424
:108860003246214609F01BFA08ABCDE9019308AA6C
:1088700000230096012104A8EEF71EFA324608A94B
:10888000204609F00CFA49B0BDE8F08FEF40002017
:10889000F8B506460CF05AFE811C054689B23046F2
:1088A0000CF04EFDF0B1EDB129463046FAF7DEFA94
:1088B0001228074616D80C4B691C1C5CC9B23046FE
:1088C000FAF7D4FA2C44052FE4B205D1052809D8CB
:1088D000064B1B5C1C44E4B221463046BDE8F84020
:1088E0000CF02EBD0020F8BD02860200FC850200BF
:1088F000F8B505460CF051FD044628460AF0FBFD8C
:10890000A11C074689B228460CF01AFD00283ED06B
:10891000002C3CD021462846FAF7A8FA611C0646EE
:10892000C9B22846FAF7A2FA0F2E30D8194B9B5D30
:10893000E118731E89B2092B0ED8DFE803F0090590
:108940000D0D120D0D181E1EC40644BF083189B24C
:10895000820601D5083189B22846BDE8F8400CF0FE
:10896000EFBC7B78DB0612D501EB4001F3E700F0AA
:108970001F0000EB40000144EDE71F2805D8092E39
:1089800006BF400080B20220F5E7C828E4D00020EE
:10899000F8BD00BF15860200F8B506460AF0ABFD2B
:1089A000092200210546F8F725FD00F110042846AC
:1089B0000AF06BFCE4B2074621463046FAF756FA55
:1089C00005463046FAF77EF8BA05A0EB0403DBB2A1
:1089D0000AD47C2D0AD0082D0AD8064A505D984248
:1089E0008CBF00200120F8BD1220F8E70320F6E735
:1089F000FF20F4E726860200014B1878704700BF7D
:108A00002E14002038B5114B1B78044608469BB93C
:108A1000012038BDA24205F101050FD103EBC103CE
:108A20005B6898470028F3D11E2022464FF6FF715D
:108A300007F09BFE0020ECE7054B0025E9B213F898
:108A40003120002AE6D11446EEE700BF2E140020A4
:108A5000CC85020013B50F49002303807F22022337
:108A6000098804460DF1060006F09AF99DF80630D3
:108A7000BDF806201BB1238843F001032380FF2AA1
:108A800088BF23884FF0000084BF43F00203238097
:108A900002B010BDA85D0200034B1B78002B14BF71
:108AA000442056200E307047383F00202DE9F04F0B
:108AB0008DB0CDE90423179C0394039CBDF858A006
:108AC000D58806460F4644B9EC0606D5CDF858A021
:108AD0000DB0BDE8F04F07F0AABEC5F380242B050A
:108AE0004FEA043448BF44F40064A80511D544F0AB
:108AF00080040A2E00F25E81DFE816F088004F0045
:108B00003B0059005C015C015900100088005900CD
:108B10003600E90548BF44F04004EAE7BB464FF0A1
:108B20000109022302934FF00008BAF1000F74D13B
:108B3000A24B18884FF6FF73984206D0A049FAF767
:108B4000FFFC10B124F48054A4B2059B00935A4654
:108B5000434644F40271504604F0B0FEADF82000E4
:108B600000286BD118204EE0BB464FF001090323CB
:108B7000D8E708A9F8B20CF009F9DDF82500DDF80E
:108B8000291006AB03C38F4B33F817B04FF0000921
:108B9000CDF808900DF11808C7E706A9F8B203F060
:108BA00021F90C23884A7B4332F803B0EEE74FF6F5
:108BB000F7739F4240F2FE8015F4026F40F0FA8096
:108BC000824B1B78022B03D0043B012B00F2F48074
:108BD000BAF1000F0BD1032E0CBF0C23082324F491
:108BE000C0740293A4B2BB464FF001099BE7504604
:108BF000F9F768FF0246FFF74FFF032E08BF013861
:108C00008242E8DD74200DB0BDE8F08F4FF000091E
:108C1000BB46CDF80890C84687E7049B1B8843B93C
:108C20001A465146062006F045FA002880D1192040
:108C3000E9E700231A4651460720F4E75F4A118806
:108C40004FF6FF7399421CD00AF055FC5B4A03466D
:108C50001188059304300AF01AFB5D49059B0978D9
:108C6000D9715749554A14F4805F1FBF086898604E
:108C70004868D8604FF6FF7313804FF0FF330B60E6
:108C80004B60049A029908A804F0C6FE00283FF43D
:108C900069AF504C2378002B3DD1BAF1000F14D0AE
:108CA0005046F9F70FFF8046BDF82000F9F70AFF9C
:108CB0002378002B14BF122200228044EB1003F013
:108CC000040390444344842B9CDC15F400540AD0E4
:108CD000BDF8208040460AF014FB40F4806189B260
:108CE00040460AF0F9FAA6F10803012B05D8BDF8B1
:108CF0002000012210210AF0F5FA039BBDF8208024
:108D00003BB3594640460AF040FB039ABDF8203079
:108D10001380002077E7AA06BFD56B0103F020037C
:108D20000A2E14BF43F0010363F07E03DBB2B9F1F6
:108D3000000F08D000210091424608A800F0FCFD79
:108D40000028AAD05FE71A46414608A80BF001FFA9
:108D5000F6E740460CF021FB039B02464146042007
:108D600006F0A8F900283FF462AF0A2E16D84FF497
:108D7000D963F340DB0711D5072E09D00A2E07D09F
:108D8000BDF820000BF0F4F90028C2D1A1203AE789
:108D900008A808F062F90028F2D0F7E714B125F02E
:108DA0004005ADB2BDF820002B46FAB2314601F0C5
:108DB000EFFD28E7012026E7912024E7D6130020C5
:108DC0002F140020603C0020A03B00203C3F0020EE
:108DD00021410020383F002070B4084EBDF81040FB
:108DE000308007481546057000201A469DF80C3063
:108DF000CDE9034070BC0620FFF758BED613002013
:108E00002141002030B402460C48BDF808500580CE
:108E10000B489DF80C4004700A4804780020CDE906
:108E200002304FF6FD700B464FF6FF71002C08BF65
:108E3000014630BC0320FFF739BE00BFD613002027
:108E400021410020123F002013B502460848047853
:108E50000020CDE900300B464FF6FD704FF6FF7154
:108E6000002C08BF01460320FFF720FE02B010BD12
:108E7000123F0020F7B51E46234B1B78022B0546F8
:108E80000C4617460AD1A6B13046F9F71BFE02463A
:108E9000FFF702FE82420CD9742008E0043B012B4C
:108EA000F1D9084608F0D6F80028ECD1912003B09B
:108EB000F0BD65B1022D1AD1EDF72EFDA04214D9F7
:108EC000124B33F814204FF6FD739A4202E04FF62E
:108ED000F7739C4209D80023CDE900633A46FF238B
:108EE00021462846FFF7E2FDE1E70120DFE7012DFB
:108EF000FBD1074B1B78A342F7D9E0B202F08AFFFF
:108F00004FF6FD739842E5E73C3F0020603C0020AF
:108F1000F713002030B5104B87B005460C46186893
:108F2000596803AA03C2986810609A88DB880B49C5
:108F3000ADF80E5023F04003ADF812300023CDE918
:108F4000004352BAADF810200988FF2303AA072076
:108F5000FFF7ACFD07B030BD1A3E0020263E0020D2
:108F6000034B1B7813B1034B18787047FF207047F1
:108F700031410020304100202DE9F04F074689B0F3
:108F8000104615461C468A460CF007FA014628464C
:108F9000F9F76CFF064628460AF0ADFA04300AF0ED
:108FA00074F980460AF06BFD804551D0B2074FD16D
:108FB000DFF8AC8005A92846B8F800B00CF0D7FA65
:108FC0009DF81930A8F800700BBBBDF81430F3B948
:108FD00028460AF090FA02300AF057F94FF6F77374
:108FE000984204F1010494BF4FF000094FF00109C9
:108FF000E4B20123CDF800902A4605A93846039330
:1090000003F01CFC039B40B901339C421ED200209C
:10901000A8F800B009B0BDE8F08F022CF8D1012B00
:10902000F6D10C4A0C4BA3F800A01378591C117010
:109030000A4A7F3B16F00C01137007D1BDF81A30B5
:109040005B0603D5BDF81600FFF764FF0223D1E7E6
:109050000020DFE73A3F0020D61300202141002006
:10906000263E00202DE9F04F8BB08846ADF81E005B
:109070000AF041FA00F1020A064650460AF005F9E4
:10908000BDF81E40BB4D074620460CF086F9014650
:109090002046F9F7EBFE814600F00304301D0AF08C
:1090A000F4F828800AF0EBFCB8422DD04FF6F773A5
:1090B0009F4229D87378DA0726D438460BF0D1FFBF
:1090C00030B1BDF81E20288801233946FFF754FF30
:1090D0000AF0D5FCA74B1B8883420FD1BDF81E4078
:1090E00020460CF05AF901462046F9F7BFFE10F071
:1090F0000C0103D1BDF81E0001F004FD9E4B0022BF
:109100001A600BB0BDE8F08F9C49BDF81E000CF052
:109110002EFA9B49BDF81E000CF08BF9964A984B2D
:10912000002808BF0023BDF81E0013600AF06FF985
:10913000944B1870BDF81E000AF06EF9924B18702F
:10914000BDF81E000AF073F9904B186000238DF8EB
:109150002230B8F1000F25D0884BDB889B0621D543
:109160008B4B1B689F071BD4012C14BF08231823AB
:109170000DF122020092002211460DF11E0000F0B6
:10918000DBFB78B1012CA3D1824B1B78112B9FD133
:109190000BF082FD00289BD1AF20FBF769FC97E71D
:1091A0000823E5E750460AF070F84FF6F773984247
:1091B00040F2F480012C00F0FC80022C00F0788159
:1091C000002C85D1DFF8B481BDF81E00B8F8063058
:1091D0000493ADF824000AF08EF9BDF8246004462B
:1091E00030460CF0DAF801463046F9F73FFE8DF8CC
:1091F0002300A01C66780AF048F807460AF03FFCF6
:109200004FF6F7739F422D88B8F8024006F001062A
:10921000824600F2FE80002E0CBF082006200022AD
:10922000294607F0A2FABDF8249048460CF0B5F89C
:10923000002302464946042005F020FF4FF6F7734D
:109240009F4281460BD8B8F90620B8F80630002AAC
:1092500005DB580603D500212046FFF75BFEB9F178
:10926000000F3FF435AFB8F80030002B5BD198F811
:109270000530002B57D14FF6F7739F4294BF002360
:1092800001230DF12601BDF8240003930BF0C8FD66
:10929000DFF8E0B000F1FF39BBF8003005935FFA6A
:1092A00089F9B8F80630BDF8260006934946F9F763
:1092B000DDFD0499069B019000930598039B2246CF
:1092C000C1F3401107F0D3FE00283FF401AF2B4B50
:1092D000BDF826104A46062005F0D0FE00283FF4CF
:1092E000F7AEB8F8022048F202039A4205D1BDF861
:1092F0002410BBF8000000F03FFFDFF8808009AACF
:1093000041460DF1230007F0B0FE034600287FF42C
:10931000DFAE2104BBF80000BDF824207BD5234636
:1093200041460BF092FDDFF8548036B99DF82330AA
:1093300003F00C030C2B40F09280B8F808000BF0FF
:109340004FFD00283FF4C4AEB8F80810002002F02A
:109350000DFC114B18704FF6F773AA4514BF022588
:1093600003259F42BDF8240002D8002E00F0928011
:10937000012393E0263E0020D83900201A3E002029
:10938000194100201441002013410020C43900205D
:10939000002C00203C3F002030410020022C00F037
:1093A0008780474BB3F90630002B25DA012C7FF478
:1093B00007AF0AF064FB2B8883423FF489AEBDF807
:1093C0001E100520FFF71EFB00283FF481AE3C4A2B
:1093D000D3885B0607D50023CDE900330A2029880E
:1093E000FF23FFF763FB9DF822302988BDF81E009C
:1093F000424601F0FBFF6BE6BDF81E00F9F762FB89
:10940000A0F11001C9B2304600F086F80028CDD096
:109410005EE6062003E7DFF8B890022189F8001025
:1094200003990091414603F009FA132C3FF47BAFF6
:10943000B8F806305B043FF576AF224B1B78D807AF
:1094400004D599F80020022A3FF46DAF99077FF503
:109450003FAE99F80030012B7FF43AAE63E798F8FD
:1094600004301948009398F8053000883246314698
:1094700002F0A4FB154B18709DF82330BDF82400B2
:1094800003F00C03082B4FF6F7730CD035469F42C0
:109490003FF66EAFA4F138025342534108492A46C1
:1094A00003F07EFF14E6AA4514BF04250525EEE768
:1094B000BDF81E200249484601F096FA08E600BFB2
:1094C0001A3E0020163F0020263E0020304100209A
:1094D0002241002010B5094800210AF0BBF80446DB
:1094E00050B101460420FFF78DFA28B12046012132
:1094F000BDE81040FFF7B6BD10BD00BF0A3E00201A
:10950000034B04481A78FF21920008F0B4BB00BF57
:10951000F8130020382A002070B5451804464FF093
:10952000FF31AC4212D1104B10481A780546002387
:10953000934211DB0E4C2078431CB3FBF2F602FB86
:10954000163345F82010237000200CE014F8010BAE
:10955000E9F73CFA0146E4E750F8044BA14201D098
:109560000133E5E7012070BDF8130020382A002000
:109570002341002007B5042301220DEB030110460F
:10958000F9F7CCFD019B034A1B03136003B05DF8A0
:1095900004FB00BFD4390020014B1868704700BF9E
:1095A000D4390020014B1868704700BFD43900201F
:1095B00010B5064C2368C3F30B0313B9012005F063
:1095C000EDFB2068431C236010BD00BFD439002090
:1095D0002DE9F04F93B0DDE91C7903930023069346
:1095E000834699F8003004930DA80E46154607F0FF
:1095F00025F999F8003013F003043ED0039B8DF851
:1096000024300DF1250A0022082138460AF0E7F936
:1096100000286FD0288809F06EFF99F800301C07E9
:109620004CBF0430023009F030FE07A9804604F038
:109630005BF89DF824300446980633D5288806F157
:109640000D010BF07DFEB0B100230093721D29883F
:109650000823D2B238460AF0C1F899F8003003F076
:109660001803182B48D1B8F1000F45D0A74BB3F819
:109670006830434540D0A62326E02888711D0BF0B2
:109680005FFE0028F7D0009405232988324609A8F8
:109690000AF0A4F89DF8243003F0180303930DF1A9
:1096A000240AB0E70CBB39464046F9F749FF0028C9
:1096B000D3D099F800309907DDD0402322462146C7
:1096C00040460BF06AFCBE2399F8002012F0030418
:1096D00040F0F7802888039309F070FE2246014687
:1096E0001A2007F042F8039BEBE007AB03CB38608E
:1096F0007960B2E74FF6FF7807F09CFC044620B192
:109700000421384604F00CF804461E9B002B5AD066
:1097100009231E998DF834300DA807F0DBFA209B41
:109720000BB1209B0693039B002B40F08E800DA86D
:10973000EDF77CFB99F800309A0700F09880FFF76E
:1097400037FF51460246012009F0A5FD99F8003087
:109750009B0710D5594628880BF0CFFE0BF1090363
:1097600050FA83F35FFA83FB288859460BF09AFE80
:1097700000EB0B06F6B299F8003013F0C20F0AF1B5
:1097800004030DD09DF82420614942F020028DF899
:1097900024200A68CAF804204A685A600AF10C03B7
:1097A00009A8012200921B1A29883246DBB20AF06E
:1097B00015F8324659462846FEF7B2FF002800F059
:1097C000A38000237DE01F9B5BB19E46BEE80F0097
:1097D0000DF1340CACE80F00DEF80030CCF80030AE
:1097E0009DE7049B288803F0200359460493F9F76A
:1097F0003DFB10F0030F0CBF012300230593049BD6
:10980000059A1F99003B18BF012342EA43030093C6
:109810000DAA06AB384600F0E5FA049A034682B179
:10982000002880D0059B00930DAA06AB1F993846EF
:1098300000F0D8FA99F8002022F02002034689F8B7
:109840000020002B3FF46FAF3EE7039B102B06D1A7
:10985000BDF8363043F00103ADF8363067E7039BBF
:10986000182B4FD1BDF8363043F00203F4E70DF169
:109870002501012009F01DFD99F8003013F0040FB7
:109880008246288821D1069B1BB3002C35D009F0D5
:1098900095FD00220146162006F067FF84B17FB1D6
:1098A0004FF6FF7398450BD000231A460DA9384692
:1098B00007F014FB9DF835203946404607F0D0FBF1
:1098C0000123184613B0BDE8F08F002CDFD1104FF4
:1098D00001E0002CDBD10023009332463B46594681
:1098E0000BF02AF800283FF4C6AE002C3FF469AF15
:1098F000069A0AF10103136063E71B685345C6D853
:109900000124E8E7A623DCE71823DAE7E0380020A3
:10991000EF40002007B5074A00230193136004239A
:109920000DEB03027F21012005F036FA03B05DF84C
:1099300004FB00BFD43900202DE9F04FB1B004463C
:1099400000888DF82F3016468A463A9F0BF025FD89
:109950000146814620880BF0A5FD00EB0908208810
:109960000BF0F4FD9DF82F500790002315F0010B2C
:109970005FFA88F8ADF8363008D101460DF13602AD
:1099800020880BF097FC08B1ADF836B016B9CDE9D8
:109990000E660EAEFEF73EFD18B145F020058DF8BF
:1099A0002F500023CDE9033302930DF12F03CDE9AE
:1099B00000632246534641464846FFF709FE0546E6
:1099C000002800F030819DF82F3013F0010B45D1B5
:1099D000B64A23F02003106851688DF82F3010AB81
:1099E00003C3184600F0E2F95D460890FEF71CFE3E
:1099F000ABB2984200F2B4800FB100233B70BDF8C7
:109A00003630CBB120880121F9F7CAF827880546FE
:109A1000002800F0368101213846F9F7C1F8BDF879
:109A2000367005463846F9F74DF8002300903A465F
:109A30001946284609F00CFF0023CDE903330293B1
:109A40000DF12F03CDE900632246534641464846B7
:109A5000FFF7BEFD0546002800F0E5809DF82F3099
:109A600003F01103102B40F0F180914B1B78432B36
:109A700040F0EC808F4B1B685B0640F1E78020884C
:109A800008F105010BF05CFC8346002800F0DE8045
:109A900041462088F9F7EAF9874B10F0200F08BFFC
:109AA0001E4612A800F082F90822314612A808F0DA
:109AB000B8F8002800F0F580314612A807F087FAC0
:109AC000012326AE00933246002314A912A800F009
:109AD00089F9002840F0BA8012AB0DF12F07CDE9CB
:109AE0000360029000930197534622464146484640
:109AF000FFF76EFD002800F0D680BDF89A3018AA56
:109B000043F0080314A91020ADF89A300AF0EDFDD7
:109B1000002840F09B8012ABCDE90360CDE90170D5
:109B200000932246534641464846FFF751FD0546FD
:109B3000002840F08B8018AB4FF49071002012AADF
:109B400000F0BEF84FF0005100200BF05AF8BBF1C6
:109B5000000F7AD04FF0805100200BF052F874E0E3
:109B600018AB14AA26A9E8B207F00DFA002875D19F
:109B7000082210A927A808F054F8089B8346002B58
:109B800068D09DF8A530099313F0020F62D0082227
:109B900012A927A808F045F800285BD1099B5907AE
:109BA00058D50FB101233B7014AB0FCB0DF1740CE2
:109BB0008CE80F00BDF83630CBB120880121F8F7D2
:109BC000EFFFB4F800B000284DD001215846F8F757
:109BD000E7FFBDF83620099283461046F8F772FF7A
:109BE0000023099A00901946584609F031FE334B7C
:109BF0000493002303931DAB02930DF12F03CDE9D2
:109C000000632246534641464846FFF7E1FC28BB25
:109C1000089B002B33D012AA1DAB4FF482714FF476
:109C2000005000F04DF8234B1B689A070DD4FEF747
:109C3000F1FB50B11D4A1068516818AB03C30022F4
:109C400026A918A80AF074FD30BB0025284631B0BB
:109C5000BDE8F08F27B9BBF1000FA5D00135C5E6EF
:109C600000233B70F7E7BDF836200A9010460992B2
:109C7000F8F728FFDDE9092307990090B4E7089A6F
:109C8000CAE7BDF836B05846F8F71CFF07990090B0
:109C90002B465A463846CDE626A918A80AF085FD77
:109CA000CDE783460CE714AB46E700BFB55E020084
:109CB0003C3F0020002C00204A390020FC2B0020D3
:109CC000F0B591B00746164609A80D461C460AF0A5
:109CD00092FF3EB13368CDF826307368CDF82A3054
:109CE00045F040051B4B1A6822EA070242EA0501CB
:109CF00019604B040DD5BDF824200B0A03F4E24390
:109D0000C9B222F4E3420B4322F07F021343ADF8C1
:109D100024301A23082209A90020F9F7FFF9B4B169
:109D200004A806F08BFD02236A468DF8103004F17A
:109D300010062346154618685968144603C40833AC
:109D4000B3422246F7D1294604A806F0C3FF11B05A
:109D5000F0BD00BF002C0020054B196847F2FF1032
:109D600041F48042014041F480411A600AF049BF49
:109D7000002C002000B589B0FEF7B6FC01A80AF05F
:109D80003AFF0948BDF804200168130221F0FF01E1
:109D900003F4E2030B43D2B2134343F48043036062
:109DA00009B05DF804FB00BF002C002010B50C4B7F
:109DB00004461868830788B006D54FF0FF33236048
:109DC0006360012008B010BD10F04000FAD001A877
:109DD0000AF011FFDDF806302360DDF80A30EFE706
:109DE000002C00202DE9F04F99B082469DF8889014
:109DF0000C461E469046CAB11546284606F01EFD82
:109E000019F0020714D004B911AC6B46224629465A
:109E1000504607F096F80EB100233360002814BFB7
:109E2000A6270027384619B0BDE8F08F0CADE4E74F
:109E30006B4604AA2946504607F050F86B78FF2B72
:109E400009F0010923D000287AD15CB104AB0DF1EF
:109E5000200C1A4603CA624520606160134604F173
:109E60000804F6D126B16A78364B03EB82033360DF
:109E7000B9F1000FD6D0BDF80030D906D2D46A7837
:109E80004FF6FF71182006F070FCBB27CAE7DFF819
:109E9000BCB0DBF8003026B19A0756BF2A4A3760BB
:109EA000326003F03003102B01D0202B1FD111A8FA
:109EB0000AF0A1FE08220DF14601504607F0B1FE5E
:109EC00028B1DBF8003003F04403402B0FD0B9F188
:109ED000000F0ED108A80AF098FE02232B70CCB90F
:109EE000B8F1000F9ED0281DFFF760FF9AE7A62764
:109EF00098E7DBF80030DB03ECD508A80AF085FE14
:109F000002232B70D4B9B8F1000FB8D0281DFFF789
:109F10004DFFB4E7002608AB0DF1300C1A4603CA1A
:109F2000624520606160134604F10804F6D1281DE3
:109F3000FFF73CFF002E3FF475AFA0E70126EAE7EC
:109F400003276FE7342A0020FC2B0020002C002080
:109F500049B9084B197849B14EF66023594328B1E5
:109F60000548F8F7C5BF41F28831F8E70248F9F72C
:109F70005BB800BF143F00204C2B002070B586B0AA
:109F80000546F9F761F910B9702006B070BD01A857
:109F9000FFF70CFF06460028F6D055B9304B1C6879
:109FA00014F0020433D14FF48163ADF80C30022178
:109FB00025E02C490822284607F033FE0028E3D08C
:109FC000274B1C6814F0020406D0274B1B78112B7A
:109FD000DAD1264BB3F868400822294601A807F0D9
:109FE00020FE0028DFD04FF40273ADF80C302B6850
:109FF000CDF80E306B68CDF8123000260A21002211
:10A0000003A809F0B0FA024648B91820BDE7164B7C
:10A010001B78112BB8D1154BB3F86840C3E7104B30
:10A02000196801F03003102B17D0202B14BF012327
:10A030000323490001F004010B432046002100F0F6
:10A04000D3FF0028E1D000210120FFF781FF16B1E6
:10A05000074B01221A70002097E70323E9E700BFAE
:10A06000002C0020EF4000203C3F0020E038002082
:10A070001841002030B51D4D85B00024CDE90044C5
:10A08000F8F7D2FF2B783BB319491A480A780078C1
:10A09000904221D90132012B0A700DD122464FF492
:10A0A000A071204602F04AFBB0B9134841F2883152
:10A0B000F8F71EFF05B030BD022B08D102A92046DB
:10A0C000F9F73EFA40B902A8FFF758FFECE7032B77
:10A0D00002D101F03DF9E7E7002108462970FFF7BA
:10A0E00037FF0421684605F045F9E3E724410020E5
:10A0F00025410020371400204C2B002070B5194A50
:10A10000194D51682E7886B00446106801AB03C320
:10A110001EB17024204606B070BDF9F7DDF80228A4
:10A12000F7D103A800F0CEFD082201A90DF10E0021
:10A1300007F077FDA0B10D4B32464FF4A0713046C9
:10A140001C7002F0FBFA04460028E3D1084A0948D3
:10A15000012341F288312B701370F8F7C9FED9E75B
:10A16000B724D7E72F8602002441002037140020AF
:10A17000254100204C2B0020F0B52F4E9BB0074608
:10A180000C464922002107A8069107F074FD337898
:10A19000012B37D1B7BB0DF10E0120460AF040FE6E
:10A1A0000546BDF80E00F8F78DFC441BE4B22A46C4
:10A1B000BDF80E100097234606A809F00FFB04A96E
:10A1C0003846F9F7BDF90246E4B19DF819301A4353
:10A1D00012F0FF0216D1BDF8233003F47E43B3F52D
:10A1E000285F1ED3B3F5385F0ED31449BDF80E00B7
:10A1F0000B6843F400030B60294606F014FF18B106
:10A20000042333701BB0F0BD0D4B012204A81A705B
:10A21000FFF7B4FE0B4841F28831F8F769FE0223DC
:10A22000EFE7114610463270FFF792FE1E2104A898
:10A2300005F0A0F8E6E700BF24410020002C002034
:10A24000254100204C2B0020014B1870704700BFA7
:10A2500025410020014B1878704700BF24410020A1
:10A26000014B1870704700BF244100202DE9F047D2
:10A270008CB00546B5294088ADF80A00884600F044
:10A28000878095F80890AE7909F035F905A904465C
:10A29000BDF80A00EF790BF06AF9BDF80A0009F081
:10A2A00030F8430542BFBDF81A3043F40053ADF80F
:10A2B0001A30EB79D80642BFBDF81A3043F4805308
:10A2C000ADF81A30BDF81A30990613D5022E65D1B3
:10A2D00008A9287A0AF05AFDDDF82500DDF82910D2
:10A2E00003AB03C303AA0021009104230DF10A006C
:10A2F000FFF722FBBDF80A000121F8F751FC022EFE
:10A30000824657D1444B33F81940B8F1000F6DD055
:10A31000BDF81A305A0669D54FF6FB72944265D8DB
:10A320003E4AB2F86820A24260D0DB0502D5204642
:10A330000AF05BFEBDF81A30D80457D5002E46D17E
:10A34000BDF80A0008F0DDFFC10611D4CDF8008089
:10A35000534605AA2146304604F06BFE0B2017F049
:10A3600003021CBF02F1FF32D2B2214606F0FDF912
:10A37000BDF8162048F234039A4209D1284E3078AD
:10A38000FF2805D003222146FCF7EAF9FF233370AA
:10A3900000232B806B800CB0BDE8F087012E01BF3D
:10A3A0002B7A204A03EB430302EB83020CBF0232F9
:10A3B000002298E7012E05D10C231A4A03FB09F36A
:10A3C000D45AA2E7A01C08F060FF04469DE720468F
:10A3D00001F030FDBDF80A0008F093FFC206C7D4B3
:10A3E000CDF80080534605AA4946B4E7BDF80A00F7
:10A3F00008F087FFC306BBD4CDF80080534605AAFA
:10A40000002E14BF49462146304604F012FEB8F132
:10A41000000FA3D10920A2E7603C0020E038002013
:10A420003B140020A03B002070B5114B114D0024BF
:10A430000A262A78A24205D8C2B9BDE870400E4863
:10A44000F8F7F2BD598869B9013AD2B2A2422A702E
:10A45000EFD0121B03F10A011846724307F0F1FB1B
:10A460000346E6E701340A33E4B2E2E770BD00BF19
:10A470003C3B0020284100204C13002070B51A4BB3
:10A480001A4A1D780023DCB2A54200D870BD1446DC
:10A4900001336688864202F10A02F4D1E379A58885
:10A4A000617203F040028DB9CAB123F00403E37175
:10A4B00009F021F8037803F07F0303702188002955
:10A4C000E4D1BDE870400A48F8F712BD002165806C
:10A4D000A180002AE9D1BDE87040FFF7A5BF204662
:10A4E000FFF7C4FEF7E700BF284100203C3B0020F7
:10A4F0004C1300202DE9F047044686B040880F46F3
:10A50000154608F0F8FFA3798046082B51D8DFE8FC
:10A5100003F0052E1850505050500500023008F03E
:10A52000B4FE002D4DD06946F9F70AF838B96846EF
:10A5300001F02AFD00F0010006B0BDE8F087002020
:10A54000F8E702A9207A0AF021FCDDF80D00DDF819
:10A550001110334A6B4603C3237A32F81390314A01
:10A56000D05C6E4675B131460AF01FFCE4E7237AF1
:10A570002D4903EB430301EB830231F82390907ADA
:10A58000961CEFE74FF6FB7AD14514D930460AF016
:10A5900056FD4FF6FF739842054614D001463046EB
:10A5A00001F064FC554507D9E379DA060DD4CB23D5
:10A5B00063720020C0E74D46294608F1020008F00A
:10A5C00066FE0120B8E74D46EEE74FF6FC784545BC
:10A5D00011D103F00C030C2B1BD1D7B130464FF631
:10A5E000FD7101F043FCC82161722046FFF73EFE79
:10A5F000FFF71AFFDDE74FF6FD739D4209D10023F7
:10A6000019461A46304602F0FDF84146304601F040
:10A610002DFCE37943F00C03E371CC23C8E700BFC2
:10A62000603C0020193F0020A03B002073B5044689
:10A6300040880E4608F05FFF023008F026FE06F064
:10A6400009FD18B1A11C201D06F009FDE6B1E57950
:10A650000135EDB2E57115F0400514D0ECF756F96F
:10A660000122054600212046FFF744FF18B1394B6F
:10A670001B882B449DB2384B1B78042B01BF354BF4
:10A680001B885B199DB22580002231462046FFF7CA
:10A6900031FF20B3608808F02EFFE2792F4922F0C5
:10A6A0000C03E3710B780133DBB20B70C3712C4BDD
:10A6B0001B780546A61C0BB3E37998061ED52949DD
:10A6C000097871B159060CD592070AD5002200927B
:10A6D000042311463046FFF72FF910B1607202B023
:10A6E00070BD00220092012311463046FFF724F985
:10A6F00020B1E37943F00303E371EFE7304606F05E
:10A70000ACFC10B10123E371E9E76088FCF772FB50
:10A710000328E4D8DFE800F0020D1B18E37943F0CA
:10A720000403E3711B06DAD50F4B1A780F4B1A702E
:10A73000D5E7CD236372E37943F00803E3712B7807
:10A7400003F07F032B70CAE7CE236372C7E7CF23E2
:10A75000FBE700BFB41300203D3F00203A3F00203C
:10A76000383F002038140020173F002027410020E8
:10A770002DE9F74F064604F0D4FA5D4B5D4AB3F875
:10A78000009018805B4BDFF880B11B78A0EB0904C8
:10A79000A4B2A34286BF1B1BDBB200231370A9EB3C
:10A7A000000305464FF000084FF6FF770093524B29
:10A7B00019785FFA88F291420ED80EB1FFF734FE95
:10A7C0004FF6FF739F4200F08D804C48394603B02E
:10A7D000BDE8F04FF8F78CBBBBF80220002A3CD054
:10A7E000474B9BF807201878BBF800A0042818D026
:10A7F0000020BAF1000F08BFA2462044504523D2E2
:10A80000BBF80010009B1944ABF80010002E4DD08F
:10A8100002F04802482A49D100215846FFF706FFB6
:10A8200044E00192F8F702FE30F01003019ADFD104
:10A83000FBF748FD334B019AB3F800C08445D7D9E4
:10A84000ACEB000080B2D4E702F00C00042807D182
:10A850000022ABF800200BF10A0B08F10108A6E773
:10A86000510602F0030C02F008000DD520B3BCF134
:10A87000030F24D1D6B19BF80910002908BFC921C4
:10A880005846FFF7F3FC11E040B3BCF1010F25D1AE
:10A890001206EFD44FF4C862ABF800209BF80720F3
:10A8A00022F0030242F002028BF80720BBF80020DE
:10A8B000974228BF1746CEE703208445DAD2130615
:10A8C0000ED50C4B1A780AEB0200844208DA4A448F
:10A8D000521B0AEB0201ABF80010E7E70120ECE79E
:10A8E00001219AE7054803B0BDE8F04FF8F79CBB9B
:10A8F000103E002027410020284100204C1300205A
:10A900003D3F0020B61300203C3B00202DE9F041E4
:10A910000B4EDFF8348000250A273378ECB2A342CF
:10A9200004D8BDE8F0410748F7F7D6BE07FB04841A
:10A93000A01CF7F7D1FE201DF7F7CEFE0135ECE79E
:10A9400028410020063E00203C3B002070B50D4D04
:10A950000D4E00242B78A34208D81B1BDBB22B70B2
:10A9600073B9BDE870400948F8F75EBB04EB84009A
:10A97000CA2106EB40000134FFF778FCE4B2E9E7B6
:10A9800070BD00BF284100203C3B00204C1300203C
:10A99000F8B5124F124D3E782D78DFF848C006EB1F
:10A9A0008604B5424FEA440E0CEB440414D003F481
:10A9B000835343EA13230025E37166236080A1716A
:10A9C000227228462CF80E500136A58063723E7024
:10A9D000FFF7CEFE2846F8BD7220FCE72841002094
:10A9E000F61300203C3B00202DE9F04F354B1C783E
:10A9F00085B00E4617465CB9B1F90680DFF8CC90F9
:10AA0000DFF8CCA0DFF8CCB099F80030A34202D830
:10AA100005B0BDE8F08F04EB84050AEB4505A88876
:10AA200000B9688801A90AF0A2FDB27A9DF80E303B
:10AA30009A4244D1B8F1000F0FDA317A9DF80C2018
:10AA40003389914209D8204800780844824236DA96
:10AA5000521A1B0A1341D90731D538460AF076FD40
:10AA6000BDF80A309A06044602D5F3889B06CFD576
:10AA7000EB7903F00C03042B08D16888F9F7E6FEA4
:10AA800000236A88194618460AF0D3FA002128469E
:10AA9000FFF7ECFBFFF7C8FC3846F8F713F88442E1
:10AAA00008D22B7A8BF80030012200233146384639
:10AAB00002F076FCB8F1000FAADA0024A4E7013412
:10AAC000E4B2A1E726410020F51300202841002030
:10AAD0003C3B00203041002008B504F022F9074B30
:10AAE0001B88C01A80B2B0F5807F05D9BDE8084048
:10AAF00003480021F8F7FCB908BD00BF103E002054
:10AB00004C1300202DE9F04186B004460D460AF0B2
:10AB100044FC01462046F8F7A9F910F003034DD193
:10AB200010F00C0F06D12946204606B0BDE8F041D2
:10AB3000FFF7A4BC204608F0E4FBC30634D420464B
:10AB40000AF02BFC01462046F8F790F9064620460D
:10AB500008F0D1FC0746023008F097FB03A98046B5
:10AB600020460AF004FD06F00C067B780C2E0CBF84
:10AB700003260626012113F0010F204618BF0326E5
:10AB8000F8F70EF8104A1288A24203460FD1B5FA20
:10AB900085F04009FBF722FD204608F0E0FB00228B
:10ABA0000146072005F0E1FD06B0BDE8F081009503
:10ABB00003AA4146304604F03CFAEDE7012BF3D1FD
:10ABC00010F00C0FF0D1AEE7063E002010B50A4B96
:10ABD0001C780A4B0022D1B28C4201D8002010BD53
:10ABE000197A814202D19979022902D00A330132BD
:10ABF000F1E70120F3E700BF284100203C3B0020A3
:10AC000010B5094B1C78094B01460022D0B2844292
:10AC100001D8002010BD187A884202D19879012805
:10AC2000F8D00A330132F1E7284100203C3B0020F4
:10AC300010B40B4B1C780B4B0022D1B28C4203D8C2
:10AC40005DF8044BFFF7F0BB197A814205D1997981
:10AC5000012902BF0021198059800A330132ECE733
:10AC6000284100203C3B0020044B1B6813F0300FB0
:10AC700003D02021302009F0C4BF7047002C0020F1
:10AC80000949002310B51A46044601EA00414FF075
:10AC90007F60FFF715F8E30703D50021302009F0A6
:10ACA000B0FF002010BD00BF00007207044B5B889E
:10ACB00023F4784323F08D0303800020704700BF06
:10ACC000002C002008B503460022C3F80220C3F878
:10ACD00006200B4A1268D1B212F0200F18BF41F0C3
:10ACE00010011980930700F1020001D4FFF75EF80C
:10ACF000044B1B78023B032B8CBF9320002008BD24
:10AD0000002C00203C3F002038B505460C46FDF7DE
:10AD1000EBFC98B10D4B187878B10D4B1B681A04F9
:10AD20000ED57CB113F0420F00D16DB103F4407326
:10AD3000B3F5407F0CBF0020B72038BD9520FCE75D
:10AD4000A820FAE72046F8E7B720F6E7383F0020CA
:10AD5000002C0020F0B58DB0044607A80D4616461D
:10AD600005F06CFD1022002103A806F084FF5CB101
:10AD7000234603F1100703AC18685968224603C242
:10AD80000833BB421446F7D1012786EA070303A91B
:10AD900007A88DF81C708DF81D3005F08CFF80EA37
:10ADA000070401A8E4B205F05FFFB6B101A88DF871
:10ADB000065005F0E8FF64B1002303A907A88DF849
:10ADC0001D3005F087FF0C4B1B78432B01D102F09F
:10ADD000DFFE0A4B1D700DB0F0BD01A88DF80750C5
:10ADE00005F0D1FF002CF6D003A907A88DF81D703F
:10ADF00005F070FFEFE700BF3C3F0020373F002029
:10AE0000F0B593B007460DA801250C4605F016FDD8
:10AE100005A90DA8ADF8345005F077FF01A805F09D
:10AE200023FF09A90DA88DF835509DF8066005F09F
:10AE30006CFF0DA89DF8075005F0D6FE70BB731B84
:10AE4000DBB2802B28D91FB1A64225D0A54223D141
:10AE500005A90DA805F03EFF03A805F005FF03A80E
:10AE60008DF80F6005F08FFF0122294609A8FFF732
:10AE700071FF0AF00DFC01214FF400700AF0C2F8D6
:10AE8000FDF71CFCB0F1004F01D9FDF71DFC044B90
:10AE9000187804F060FA012013B0F0BD0020FBE741
:10AEA000373F002070B50E46144605460320FFF7D5
:10AEB000D7F946F004022946204605F04DFF024B23
:10AEC00000221A6070BD00BFFC2B0020F0B587B0D7
:10AED000078805461022002102A806F0CCFE3B4B55
:10AEE0001B78002B6FD1B80557D407F08403842B4F
:10AEF0005CD0374C09F001FF17F4045F276005F1BF
:10AF000002061CD0BA040AD5304602F0A3FA002883
:10AF10004AD1236823F4005343F4807323603046FE
:10AF200009F0F8FE00283ED105F086FC18B9236828
:10AF300043F480332360236843F0200323602268B6
:10AF400042F4004112F0400218BF05F123023346DB
:10AF500047F2FF102160FEF7B3FE0DF10600FFF788
:10AF6000A5FE236813F4805FBDF8063022D043F0BD
:10AF70002003ADF80630BDF80600FFF781FE236818
:10AF80009B0506D595F82210012205F11200FFF766
:10AF9000E1FE104B0020186006E005F1120009F0F8
:10AFA000B9FE0028A1D0B22007B0F0BDB907A0D5E6
:10AFB000B720F9E723F02003ADF80630FDF784FB56
:10AFC000FEF7A8FCD7E77020EEE700BF3C3F00206B
:10AFD000002C0020FC2B0020024B1868C0F300500E
:10AFE000704700BF002C00202DE9F047064688B0CE
:10AFF00089461046002115469846F7F737FF102876
:10B0000007460AD8684B0341DB0706D4C8F340045F
:10B010009DB9002008B0BDE8F087644B1C78002C77
:10B02000F6D0FFF7D9FF00280CBF4FF4F0744FF4AF
:10B03000D074FC4004F00104EAE7002318F0010F8B
:10B040001A4629464FF005000CBF4FF0080A4FF48E
:10B05000027A04F02FF80028DBD0C8230093324690
:10B0600000235146284602F029FCADF80E000028C6
:10B07000CFD018F0080A4AD1A7F10F024FF6F773A4
:10B08000D2B29E428CBF09230123012A01D843F08A
:10B090004003474A8DF8103013788DF81130591C51
:10B0A0001170002C4FD09DF81030052F43F0200375
:10B0B0008DF8103033D03F4B1D78002D5AD04FF60D
:10B0C000F77300259E424FF00F0248D9012304A9CF
:10B0D0000DF10E00F7F726FE00289AD1002C4DD175
:10B0E000BAF10001BDF80E00CDF8009033463A46A3
:10B0F00018BF012105F0B8FFADF80E00002888D078
:10B1000018F0040F4DD0314609F04AF882E749465D
:10B110000DF10E0009F0AAFF0028ADD179E7012159
:10B12000BDF80E00F7F73CFD0121F7F79FFE012364
:10B13000834013F0620F1CD11E4B1B78E3B14FF616
:10B14000F7731825BEE71B4B1B7825460222002B00
:10B15000BCD04FF6F7739E42B8D8052FB6D0BAF1DF
:10B16000000FB3D19DF8103043F040038DF810303C
:10B17000ACE710250F22A9E71825FBE7BAF1000F6D
:10B180000AD0009002234A4629460DF10E00FEF730
:10B19000D3FB0028A4D03CE7CDF800A041235246C1
:10B1A000F2E708F0E5FF35E79FFEFEFF383F00209D
:10B1B000393F00202D3F00202DE9DF431E46144B70
:10B1C0000A9C1B689B0780460F4691461CD420466C
:10B1D00014B105F033FFC0B2CDE902400622CDE93B
:10B1E00000890C493B46002008F086FB024658B116
:10B1F000002E4FF000010CBF01230323084604B0CA
:10B20000BDE8D043FFF7F0BE002004B0BDE8D08316
:10B21000002C0020378602002DE9F04F8DB08146CA
:10B220009DF85C808A461F4693463AB903A8FEF70C
:10B23000BDFDA8BB00200DB0BDE8F08F1546002273
:10B240002321104608F08FF9ADF80A000028F1D04C
:10B25000F7F71CFC0446052318F0100F00F8023B1A
:10B2600067701FD01122002106F005FD04F11306BE
:10B27000032F4FF0080236D15946304606F0E1FC64
:10B28000C8F3801306F10905337205F0D3FE0028D8
:10B290003DD000232B706B700123AB70033536E07B
:10B2A00003ADCCE716991022012606F0CAFC06FA77
:10B2B00007F313F0620F02D104F11206D8E707A8D2
:10B2C00005F0BCFA05A88DF81C6005F0CDFC9DF8D2
:10B2D00016209DF8173018F0200F08BF134604F110
:10B2E0001306A374C4E75146304606F0AAFC06F1E3
:10B2F00008020123121B00932846BDF80A100823F8
:10B30000D2B208F06BFA042F06F11005BDD02D1B48
:10B31000E9B20DF10A0008F048FA00288AD118F0C5
:10B32000040F0BD0484609F08FFEFF281FBF074AC5
:10B3300032F8103023F4804322F81030BDF80A2090
:10B34000434651464846FFF74FFE74E7A03D0020B4
:10B3500070B590B003268DF80760F7F775FF10B948
:10B36000702010B070BD02AD2846FEF71FFD00280A
:10B37000F6D01C4B1C6814F00204F1D11A4A40F2BA
:10B380000F43ADF824301368CDF8263004A8536875
:10B39000CDF82A3005F052FA95E8030005AB83E8B2
:10B3A0000300062304A88DF81D308DF81060EBF71C
:10B3B0003DFD0DF12E0201210DF10700EBF73AFCE6
:10B3C00022461A2109A808F0CEF8024608B918202A
:10B3D000C7E7012329462046FFF706FE0028F6D0DE
:10B3E0002046BEE7002C0020EF4000202DE9F04F62
:10B3F00091B004461F220D4608A800219B460791E4
:10B4000006F039FC204609F0C8FF01462046F7F750
:10B410002DFD8DF81300204608F06DF89DF81330CF
:10B42000467899068146C6F34006204648BF46F056
:10B4300002060AF08BF880462046F7F743FBA0EBA4
:10B440000803DBB20022232B009228BF23234246AD
:10B45000214607A808F0C2F9002838D1A84B9DF86A
:10B460001C701B789DF81DA0A3B3FFF7B5FD002845
:10B470000CBF4FF4F0734FF4D073FB40DA0729D5BB
:10B48000B30727D4082F20D1BAF1040F1FD1FBF73F
:10B490005DFCE0B90DF1130342462146052003F09F
:10B4A000EDFDA0B1053F0D2F11D8DFE817F0240006
:10B4B0001000A401B201BB01100010001000100028
:10B4C00010001000C101EF01EF01052F07D011B0EE
:10B4D000BDE8F08F102F05D1BBF1000FF7D0FBF7BF
:10B4E00035FCD7E7FBF732FC0028D3D0052FD1D0AD
:10B4F000112FCFD0EBE7BAF1050FE8D8204607F0BF
:10B500005DFF029009F1020007F0BFFE824605A828
:10B51000FFF7CCFB9DF81D80012303FA08F313F01D
:10B52000620303933ED0BDF814309D0733D5B407B2
:10B53000CDD5FBF70BFC0DF11E0009F0EBFBB8F1CC
:10B54000030F9DF82EB004463FD10DF12F0508F0F2
:10B5500096FA824500F0DE800027039B002B4FD136
:10B56000284608F08AFA4FF6FF739842064604D13F
:10B57000284609F088FEB042A9D0002C0CBF042355
:10B58000152301930DF11E0300933A4643462946C5
:10B59000FFF742FE9BE7FBF7D9FB0028CBD1002E3B
:10B5A00095D0C8E7FBF7D2FB60B10DF11E0009F0A2
:10B5B000B1FBB8F1030F04464FF0000B7FD10DF142
:10B5C0002E05C4E7002E82D0EFE74E4B1B6898078C
:10B5D00028D5FF2208210DF1370008F000FA814636
:10B5E00000BB034601460DF137020220FEF768FB5F
:10B5F00008F045FA82450DF137070DF12F0520D0EF
:10B600004FF6F7739A45ABD900220821284608F077
:10B61000E6F90028A4D0002259460DF11E00FFF7DC
:10B6200099FB54E70DF137070DF12F05384609F066
:10B6300010FB002848D008F022FA82458DD14FF047
:10B64000000931490822284606F0EBFA002884D187
:10B65000B8F1010F6DD0B8F1040F7FF438AF09F0E5
:10B660001BFB10B1032E7FF432AF002C7FF42FAF01
:10B670003A4602210DF11E00FFF714FC234B1B7804
:10B6800063B1FFF765FEFEF7E5FD022806D1012054
:10B69000FEF7DAFD01210846FEF75AFC1C4B1B7829
:10B6A000022B21D10321384603F064FEFEF7D2FDC0
:10B6B000014600287FF40BAFFEF74AFC07E70DF1C7
:10B6C00036070DF12E05B1E7114B1B78432B7FF4A4
:10B6D000FEAEB8F1010F7FF4FAAE08F0D0F9824562
:10B6E0007FF43BAFC146ACE7412B7FF4F0AE054B96
:10B6F0001B6859057FF5EBAEF9F73EFFE7E600BFA3
:10B70000383F0020002C0020EF400020184100208E
:10B710003C3F0020032E7FF4DAAE9DF8361000394E
:10B720000DF11E0218BF01210DF12E0005F0A5FC40
:10B73000CDE6584D2B78022B21D02B78412B3FF4AE
:10B74000C6AE3CB9FBF702FB594602460DF11E009E
:10B75000FFF700FBFBF7FAFA00283FF4B8AE09F058
:10B760009BFA4D4C90B123681B0502D42B78432BD8
:10B770000CD1B0070AD4AC20F9F77AF9A7E609F0A2
:10B780008BFA0028D9D0B207D7D4A0E6206810F0F1
:10B79000020002D1029909F02FFC2B78112B15D150
:10B7A0002368590512D50020FEF7E8FB044600285F
:10B7B0007FF48DAE08F0C6FBAE20F9F759F92146AB
:10B7C0002046FEF7C5FBF9F75FF980E6B20701D521
:10B7D000FFF74AFAB9F1000F8ED005F02DF818B92D
:10B7E0004FF4803109F00DFA2C4B002238461A60D4
:10B7F00009F026FA80E72A4908220DF11D0006F01B
:10B8000010FA00287FF463AE02222946FAF7A8FF57
:10B810005DE6F3077FF55BAE324607A9284609F0DF
:10B8200024FC54E69DF81D100120FFF7E9FA4EE6CE
:10B83000184B1B78022B20D1002D7FF448AE05A8B1
:10B84000FEF7B4FA00283FF442AE164B1D709DF887
:10B850001D30002B14BF64246524FEF7FBFC032875
:10B8600006D128462946FEF773FB2846FEF7F8FC6A
:10B87000214605A803F07EFD29E6043B012BDBD918
:10B88000284605F0E7FB0028D6D120E6204605F043
:10B89000E3FB1CE63C3F0020002C0020FC2B00209A
:10B8A000EF400020184100202DE9F34105460E46E7
:10B8B0001746984609F0F0F9044640B1CDF80080EB
:10B8C00001233A4631462846FFF776FC044609F044
:10B8D000E3F930B1FFF780FB78B10A4B1B689B019D
:10B8E0000BD4CDF8008000233A4631462846FFF7B6
:10B8F00063FC002C0CBF0446012404F0010002B0DC
:10B90000BDE8F081002C002070B58AB005A804F0D5
:10B9100095FF02238DF81430094B01AA03F110069C
:10B92000154618685968144603C40833B3422246C2
:10B93000F7D1294605A805F0BEF90AB070BD00BFD1
:10B940003D860200014B1878704700BF3914002073
:10B95000014B1888704700BFD81300202DE9F04331
:10B960004FF6FF73994285B080460D4604D11E49BB
:10B97000082206F056F958B11C4E00274FF6FD7903
:10B98000EAF7CAFFFCB2A04207D84FF6FF7019E0F1
:10B9900005B0BDE8F04308F072B836F814304B45F6
:10B9A00017D86946204609F0BAF9082241460DF138
:10B9B000050006F036F94FF6FF7360B99D4204D1D9
:10B9C00036F8140005B0BDE8F08326F8145009F0ED
:10B9D00073F90137D4E79D42FBD036F81430AB42FF
:10B9E00008BF26F81490F4E7EF400020603C0020E8
:10B9F0002DE9FF47DFF84480DFF844A006460F46F4
:10BA000000254FF6FD79EAF787FFECB2A04202D895
:10BA100004B0BDE8F08738F814304B450CD86946BF
:10BA2000204609F07CF9082231460DF1050006F0A8
:10BA3000F8F808B90AF804700135E4E7603C002022
:10BA4000193F0020014B33F810007047603C002084
:10BA5000F0B50E4F85B006460025EAF75DFFECB263
:10BA6000A04201D805B0F0BD37F81430B3420BD175
:10BA70006946204609F08AF99DF80030022B1CBF68
:10BA80004FF6FD7327F814300135E6E7603C0020DF
:10BA900030B585B00446EAF73FFFA04219D92046E9
:10BAA000FFF794F80546B0B96946204609F037F922
:10BAB0009DF800302BB1694620468DF8005009F002
:10BAC0004AF9064B4FF6FF7223F81420002005B008
:10BAD00030BD6920FBE77520F9E700BF603C00201E
:10BAE0002DE9F0410B7805460E461BB9BDE8F04143
:10BAF000FFF7CEBFEAF710FFA8422ED92846FFF77E
:10BB000065F860BB37464FF6FF7117F8058B38466E
:10BB1000FFF724FF0446384600F036FAB8F1000F6C
:10BB200015D0B8F1030F15D04FF6FF724FF6FD7325
:10BB3000944208BF1C460B4B23F815400A4B314674
:10BB40005855284609F007F90020BDE8F0814FF666
:10BB5000FF74F0E74FF6FE74EDE76920F5E7752016
:10BB6000F3E700BF603C0020193F00202DE9FF41B2
:10BB7000114F0D460E0A04464FF6FE78EAF7CCFE4A
:10BB8000A04204D8FF24204604B0BDE8F08137F875
:10BB9000143043450CD16946204609F0C0F89DF8A1
:10BBA0000520EBB29A4203D19DF80630B342EAD0A9
:10BBB0000134E4B2E2E700BF603C00202DE9F04F21
:10BBC00087B0DFF86C909DF840A001900C461746B6
:10BBD000984600254FF6FD7BEAF79EFEEEB2B04296
:10BBE00001D8FF2616E039F816205A451ED802A9BA
:10BBF000304609F094F83FB99DF80920424515D127
:10BC00009DF80C20524511D144B939F81620019BFA
:10BC10009A420BD1304607B0BDE8F08F08220DF1F3
:10BC20000D01204605F0FDFF0028F3D00135D3E7D4
:10BC3000603C002010B5144609F071F82046034915
:10BC4000BDE81040082205F0FCBF00BFEF40002017
:10BC50002DE9FF47074615460846082224491E4697
:10BC600005F0DFFF044600283FD1DFF888904FF64B
:10BC7000FF7AEAF751FE5FFA84F840450BD885B3A6
:10BC8000384603F0B6FA01250C9B18703570012078
:10BC900004B0BDE8F08739F8183053451FD0694625
:10BCA000404609F03CF87A789DF801309A4216D166
:10BCB0007A88BDF802309A4211D13A799DF8043061
:10BCC0009A420CD108220DF10501781D05F0A9FF5B
:10BCD00028B9002DD7D1404603F09FFAD3E70134AD
:10BCE000C7E7FF2003F099FACEE70020D0E700BFB6
:10BCF000EF400020603C0020F0B5164E164F85B096
:10BD00000025EAF709FEECB2A04201D805B0F0BD6B
:10BD10006946204609F003F89DF80030032B06D948
:10BD20000023694620468DF8003009F014F89DF88C
:10BD3000002062B14FF6FD734FF6FE71032A08BF73
:10BD40000B4626F8143000233B550135D9E74FF652
:10BD5000FF73F6E7603C0020193F0020F8B50E4B5A
:10BD60000E4D1B7803EB43030E4605EB830504469B
:10BD70004FF6FF77A54202D800242046F8BD23885D
:10BD8000BB4206D008223146A01C05F04AFF00281D
:10BD9000F3D00C34EEE700BFF7130020A03B0020E7
:10BDA000044B05481A7802EB42029200FF2105F08D
:10BDB00062BF00BFF7130020A03B0020074A1278A3
:10BDC00082420AD900EB4003054A22F823104FF6BD
:10BDD000FF73994201D1FEF72BBF7047F713002084
:10BDE000A03B0020094A127803469A42084608D927
:10BDF0000C21022211FB032305490822194405F0F6
:10BE000020BF00230B604B60704700BFF71300207A
:10BE1000A03B0020054B1B78834281BF0C23584375
:10BE2000034B185A98BF4FF6FF707047F713002066
:10BE3000A03B002038B50446FFF70AFE094B1878EE
:10BE4000094B00224FF6FD75D1B2884200D838BDAB
:10BE500033F80C1CA14208BF23F80C5C01320C33F0
:10BE6000F2E700BFF7130020AC3B002070B5054699
:10BE70000E460846FFF7DEFF31462846FFF76EFD07
:10BE800006482946FFF76AFF00B970BD044624F84A
:10BE90000C6B08F011FF29462046F3E7A03B002079
:10BEA00010B5244986B00822044605F0BAFE20B930
:10BEB00006B0BDE8104007F0E2BD1F490822204649
:10BEC00005F0AFFE20B91D4BB3F8680006B010BDF9
:10BED00000230093012221464FF6FF70FFF76EFE0C
:10BEE000FF2806D0164B33F810004FF6FB7398422C
:10BEF000ECD903A8FEF7E6FE58B9BDF80C305B0696
:10BF000007D5082221460DF10E0005F08AFE002813
:10BF1000DCD00C482146FFF721FF40B100884FF6E6
:10BF2000FB724FF6FF73904288BF1846CEE74FF67C
:10BF3000FF70CBE7EF4000204A390020E0380020B6
:10BF4000603C0020A03B002070B50D4B1D780D4BD0
:10BF50000446002208464FF6FB76D1B28D4201D846
:10BF6000002009E01988B14207D8A14205D1082272
:10BF7000991C05F066FE012070BD0C330132ECE720
:10BF8000F7130020A03B002037B5014605460D48B9
:10BF9000FFF7E4FE044630B1807A294603B0BDE8DD
:10BFA000304008F002BF03460090012229464FF6B8
:10BFB000FF70FFF703FEFF2816BF034B2046185CF7
:10BFC000EBE700BFA03B0020193F00202DE9F8431C
:10BFD000164B1B78834207460E4623D9FEF710FE08
:10BFE000044608BB304607F048FD4FF00C084FF6FA
:10BFF000FF724FF6FD73904218BF03460C4D08FBCD
:10C0000007F23046AB5205EB0209FFF7BDFF89F896
:10C010000A00484608223146023005F012FE20464A
:10C02000BDE8F8836A20FBE77620F9E7F7130020E4
:10C03000A03B002038B504460D46FFF7D9FC054863
:10C040002146FFF78BFE00B938BD857221460C30C2
:10C05000F7E700BFA03B00202DE9F04192F80880EF
:10C060001F4608F1FF33DBB2EF2B88B005460E46C2
:10C0700014460BD982238DF80E309DF80E30214ADC
:10C080003146284600F0A6FA012037E00E220021B2
:10C0900004A805F0F0FDB4F80930ADF81230E37AE9
:10C0A0008DF8118003F07F02032A08D0012B24D1E0
:10C0B00003238DF81030A389ADF815300EE0032B63
:10C0C00014BF022301238DF81030E368CDF815303A
:10C0D0002369CDF81930237D8DF81430A7F12101A3
:10C0E0004A420DF10E034A41009321460DF10F0320
:10C0F00004A8FFF7ADFD0028BFD1002008B0BDE8BF
:10C10000F08100BF518602002DE9F04F95B01D78F7
:10C1100004920024CDE90201CDE9005441492346AF
:10C120002246012007F0E8FBADF81E00F8B1A34657
:10C13000264627460DF120090DF1380AEAF7ECFBF7
:10C140005FFA84F8404516D8BDF81E003A46022131
:10C15000F6F7A0FEBDF81E0032460421F6F79AFE5F
:10C16000DDE90310BDF81E30002200F033FA012093
:10C1700015B0BDE8F08F4A460AA94046FFF75AFDC0
:10C180009DF8282022B12DB1013DEDB20137FFB25B
:10C190000134D3E7BBF1000FF8D199E803009DF813
:10C1A00029308AE803008DF84030BDF82A308DF838
:10C1B0004130032A4FEA13238DF8423016BF032380
:10C1C00001238DF84330DDF8311018BF9DF82C3075
:10C1D000DDF82D0014BF8DF84C308DF8433011ABD5
:10C1E00003C302980CBF4FF00E084FF0150808F07B
:10C1F000A3FC0590BDF81E00F6F764FC059900EB62
:10C20000080399420BDB0123424651460DF11E0003
:10C21000F6F788FD0028AAD10136F6B2B6E74FF04E
:10C22000010BB3E74E860200074A00231370074A4A
:10C230001370074A118801B11380064B1A880AB19E
:10C2400000221A80704700BF2A41002029410020A7
:10C25000163E0020143E00202DE9F04F3C4C87B0E4
:10C260001D4623889DF840600746884610465BB906
:10C2700052B107F0DEFA208036484FF4FA6107B079
:10C28000BDE8F04FF6F734BEDFF8D890B9F80040BB
:10C29000002C4AD02046F6F715FCDFF8CCA0DFF8DA
:10C2A000CCB0C0F347062046F6F7F0FB0296BAF88A
:10C2B00000300193BBF800300093274904462B4619
:10C2C0000022012007F018FBADF81600F0B104EBD6
:10C2D00046060125B4420DD1C5B9BDF81630ABB143
:10C2E0002A464146384600F075F9ABF80050AAF8E6
:10C2F00000500BE0012321461A460DF11600F6F717
:10C3000011FD10F0FF0504F10204E3D0134A0023ED
:10C31000A9F800301378013BDBB21370002BABD1CE
:10C3200007B0BDE8F04FFFF77FBF0D4C237823B96E
:10C33000F5F72CFB08B90123237032462946052066
:10C34000F7F778FB0028EBD1207007B0BDE8F08F3D
:10C35000163E00206C130020538602002A41002064
:10C3600029410020143E0020A83D0020AA3D0020C5
:10C3700030B5154D2C8887B09CB923464FF4A07278
:10C3800048F2380103A808F0EDFD2146204607F0E9
:10C3900068FE0E4B0094224603A9FFF75DFF07B02D
:10C3A00030BD204607F0A7F8043006F06EFF03A961
:10C3B0000446288809F0DBF8002300932A8803A9A3
:10C3C000204600F03BFAEAE7163E002000F8FF079F
:10C3D00037B50F4C0F4D01A9002007F042FE23781E
:10C3E00001467BB10C4B019A187807F04EFE20787D
:10C3F000F8F7E2FC002323702B700848F6F714FED0
:10C4000003B030BD2B78002BF7D0FFF7B1FFF4E776
:10C410002C4100202A4100202B4100206C130020D9
:10C4200008B50548F6F758F90448F6F755F9BDE898
:10C4300008400348F6F750B9163E0020143E00208D
:10C44000123E00202DE9F04F89B0CDE905239DF87B
:10C450004870139E8946044630B316F801ABBAF112
:10C46000000F23D00AF1FF34A400E4B231460120CA
:10C4700006F01FFFC00E1BD1DFF844B1314601208A
:10C4800006F017FF34449BF800502279BDB1002F0D
:10C4900047D1CDE90277CDE90077424A059980235B
:10C4A000484600F097F83CE08246DFE75446DDE777
:10C4B0001B28ECD93146012006F0FBFEE7E7DFF848
:10C4C0000481FF2A00EA08080BD1E379A179607999
:10C4D00001EB0321424689B209B0BDE8F04F07F0F5
:10C4E000D4BD314909688B070AD5FE2A3AD1012308
:10C4F0000135EDB2202D4FEA43030AD1FF250AE0B2
:10C5000029462846079207F0ACFD4845BFD1079A57
:10C51000EBE79845ECD1254B1B78FF2B04D0AB42C1
:10C5200004D009B0BDE8F08FFF2DFAD00020F4F759
:10C5300013FCA842F5D029460020F4F713FC00288C
:10C54000EFD09BF800306479002BEAD1FFF76CFE46
:10C5500017484FF41051F6F7CBFC164B8BF80050F0
:10C560001C70DEE7052A92D8BAF1010F8FD8B8F116
:10C57000000F8CD0002FD4D17379002BD1D00E496D
:10C58000098821B90D49082B28BF08230B70129286
:10C59000DDE905124346484609B0BDE8F04FFFF714
:10C5A0005BBE00BF53860200002C00203A1400201E
:10C5B0006C1300202B410020163E00202A41002051
:10C5C0002C41002000F8FF07014B1880FFF7D0BE78
:10C5D000143E00200CB42DE9FF470CAA0E4652F879
:10C5E000041B0392074600297ED1BDF83400ADF844
:10C5F0000A00002800F0918033794FF6F778002B7D
:10C6000076D147458CBF4FF009084FF00808454BDD
:10C610001C78FF2C74D1B6F90230002BA9BF424B15
:10C62000347A1C780134A2BFE4B21C7044F0800458
:10C63000DFF8009122460021F6F72CFC99F8002043
:10C64000BDF80A30002A5ED00193DFF8ECA0FF238A
:10C650000093BAF80000334622463946FCF7BCFB8B
:10C66000002389F800304FF6FF730546AAF8003022
:10C67000742D33D10DF10A0332463946404604F099
:10C68000F1FC00284BD04FF6F7739F4226D8B6F93D
:10C6900002307088002B21DA2449254B48F204022D
:10C6A000904214BF8946994607F0E9F94FF0000817
:10C6B00003464946CDF800808A22012007F01CF984
:10C6C000814658B122464146F6F7E4FBCDE9009891
:10C6D000FF23324639464046FCF7E8F9284604B0C5
:10C6E000BDE8F04702B07047012007F0E2F87EE7AE
:10C6F0000023337147458CBF4FF00608984686E704
:10C70000FF221A7094E7CDE900323946FF23324602
:10C710004046FCF7CBF90546AAE71825DEE70546B3
:10C72000DCE700BF3C1400202E4100205D860200A3
:10C73000598602002D410020183E002070B588B0B7
:10C74000002416464FF40033ADF81A100DF10F0215
:10C7500004A905460593ADF81840ADF81C400494B3
:10C760008DF80F4004F05DFC9DF80F300193049BA1
:10C770000093044A334605A92846FFF72BFF08B06B
:10C7800070BD00BF6086020030B587B04FF48035C1
:10C79000CDE90012002403958DF81030BDF8285023
:10C7A000074A8DF81140034603A9BDF82C00ADF8E7
:10C7B0001250ADF81440FFF70DFF07B030BD00BFB9
:10C7C0006D86020010B54FF4981286B04FF080636A
:10C7D000CDE903230023ADF8143007F050F90446E7
:10C7E000F8F79CFB054B01900093054A234603A9EB
:10C7F0004FF6FD70FFF7EEFE06B010BDEF400020D3
:10C800006386020030B587B0CDE9001200248DF8B0
:10C810001030094A8DF8114003464FF4806503A992
:10C820004FF6FD700394ADF81250ADF81440FFF7C9
:10C83000D1FE07B030BD00BF678602002DE9F04F82
:10C8400099B00E4605460CA91046CDE90A329DF86E
:10C85000887008F0E5FABDF8309080464846F6F753
:10C8600031F9B6F90230B6F806A0B6F802B0002BDE
:10C87000044604DA904B00221A7000204BE0484630
:10C88000F6F720F94045F5D3A4EB0804E3B2002FF6
:10C8900018BF4FF4A07A152B099328BF1523002445
:10C8A000013308F1FF32DBB2D2B24946009412A83C
:10C8B00006F094FF81499DF8482008684968ADF862
:10C8C00040406FEA4B436FEA5343ADF83E300DAB47
:10C8D00003C3ADF83C40ADF842A0ADF84420BBF135
:10C8E000000F26D1764908220DF1490005F099F98B
:10C8F000044698B907F0C3F806460DF151080DF14A
:10C9000049030A9A98F80090012A2CD14FB384F079
:10C91000010404F0010019B0BDE8F08F0DF14900E9
:10C9200008F08DFB4FF6FF74011B4C4206464C414C
:10C93000E3E7BBF1010F5AD1BDF8496007F09FF85A
:10C9400086420AD00DA9304608F082FB80F001042F
:10C95000E4B20DF14B080DABD3E7594B0DF14B0889
:10C96000CFE70A9CD5E767B34CBBB9F1010F26D8D6
:10C9700032D107F084F807F082F898F80110504B94
:10C980000646224602910021CDE9006101204D4971
:10C9900006F0B2FFADF8320088B134BBB9F1010F37
:10C9A0000CBF0D210C210DF1320006F0FEFE0246F7
:10C9B00028B9BDF832300FA92846FFF70BFE012039
:10C9C000A9E7B9F1010F05D1002CD2D098F80110D8
:10C9D0008122D7E7002CF9D1B9F1010F94BF0022D1
:10C9E000012298F80110D201CCE70C21DBE70A9B69
:10C9F000002B7FF442AF7388342B4CD1099B092B59
:10CA00007FF43BAF002F7FF438AF9DF951603A4679
:10CA1000B41008210DF1490004F0200406F0DFFFF6
:10CA200030B9274908220DF1490005F0FAF808BB92
:10CA3000254B1B78012B3FF420AF244A244BB2F83E
:10CA400068201B68AA4208D0DA0006D5C823214A0C
:10CA50000FA92846FFF7BEFD0FE75B0201D5002EA8
:10CA600017DA00231B4A0FA92846FFF7B3FD1A4B1C
:10CA70001C7002E70DF1490008F0E1FA4FF6FF7370
:10CA80009842E3D02146F9F71BFF03460028DDD189
:10CA9000DDE78D23DBE7099B04930DF14903CDE925
:10CAA00005A2CDE90283CDE900790B9B0FAA31469F
:10CAB000284600F013F8E0E622410020B55E0200AF
:10CAC000EF4000206B8602003D3F0020E038002050
:10CAD000002C0020518602003B1400202DE9F04F6D
:10CAE000A1B09946BDF8AC302D9F0D939DF8B030A4
:10CAF0000E93BDF8BC300F9304469DF8C0304E88AD
:10CB00009DF8A8B0109338468846154606F0BDFB40
:10CB1000112E824671D806F0B2FF504576D0062E0F
:10CB200010D14FF6FD72924526D0BBF1000F10D107
:10CB30000022CDE900A28023BD4A29462046FFF706
:10CB400049FD06E0BBF1000F03D1032E07D8012EEB
:10CB500009D8B84B00221A7021B0BDE8F08F043E0E
:10CB6000022EF6D8E4E7B44ACDF800A08023294687
:10CB70002046FFF72FFDECE7B04B1B785E074CD447
:10CB800006F07DFF00260346A949009632460120A3
:10CB900006F0B2FE3B79ADF866000F930028DBD0BB
:10CBA000DDE90E320D9803EB42095FFA89F9F5F7DA
:10CBB00089FF09F105085FFA88F88045CCD2414623
:10CBC0000D98F6F753F9109008EB40080D98F5F71B
:10CBD00079FF8045C0DADDE90F321343DBB2002B69
:10CBE00040F03382BBF1000FB6D1D8464246BDF8C3
:10CBF00066000421F6F74EF974E1904A3A2E127855
:10CC000012D948F23B039E4207D013E08B4A1278B8
:10CC100050070BD5321F022A08D8B8F8063043F463
:10CC20008043A8F8063097E71B2E1DD8B21E91B29C
:10CC300013295FD9109B02930F9B0E9ACDE900B385
:10CC400049462346304604F0F3F90F2884D1794B46
:10CC500001221A70794B1B789B0740F12783BBF1A7
:10CC6000000F7FF479AFD8E7A6F11C011E29E1D8A7
:10CC700001A050F821F000BFC3D2010035CC010063
:10CC800035CC010059CB010035CC0100AFD00100FB
:10CC9000AFD0010035CC010035CC010035CC01000E
:10CCA00035CC010035CC010035CC010035CC01007C
:10CCB00035CC010035CC010035CC010035CC01006C
:10CCC00035CC010035CC010035CC0100E1D00100AC
:10CCD000E1D0010095D2010035CC010035CC010036
:10CCE000B7D2010035CC010019D301002FD30100C8
:10CCF0003DD30100132A9DD801A151F822F000BFB5
:10CD000051CD0100E1CD0100FFCD010017CF0100A1
:10CD100081CB010035CC010035CC010035CC0100C0
:10CD200035CC010035CC010035CC010035CC0100FB
:10CD300035CC010035CC010035CC010035CC0100EB
:10CD400035CC010059D0010035CC0100F5D20100ED
:10CD500000231A938DF866300DF166030E99009347
:10CD600022461AAB484604F05DF906F088FE0646F6
:10CD7000E9F7DEFD162894BF4FF002094FF02209B3
:10CD8000F8F7CCF82E4B0746B3F800A0FBF784FE6B
:10CD90002C4B80464FF6FF70B3F800B008F005F951
:10CDA000294B9DF866201988244B1B7813F0020349
:10CDB0001CBF264B1B780B921A9A0096CDE90932BC
:10CDC0004023CDE90701CDE90193CDE9058BCDE9FC
:10CDD000037A1F4A002329462046FFF7FBFBBBE6E8
:10CDE00006F04DFE1B4B1C4A1B88CDE92A0300238D
:10CDF0002946204621B0BDE8F04FFFF7EBBBBE78D7
:10CE0000731EDBB2EF2B1AA9304627D9F22E25D09C
:10CE100002F0A2FD822606F032FE0023CDE90003D7
:10CE2000034A334629462046FFF7D4FB94E600BF69
:10CE300059860200224100205D860200163F002034
:10CE4000E0130020DC130020DA1300202F41002023
:10CE500071860200DE1300207E86020002F07CFD57
:10CE6000002856D006F00BFE9DF86C200492BDF809
:10CE70006A200392BDF868209DF86E10CDE901622A
:10CE80009DF86D205200D2B24900C9B208320A445E
:10CE900003460092C7490022012006F02DFD9DF8AF
:10CEA0006D30ADF866008DF8633000283FF454AE65
:10CEB0004FF0000801231A460DF163010DF16600E1
:10CEC000F5F730FF074600287FF446AE9DF8633043
:10CED000FAB293420CD89DF86E308DF86330B8F1F9
:10CEE000000F02D0BDF8663036E04FF00108E1E7F0
:10CEF0004146304602F032FD0123ADF864000222C3
:10CF000019A90DF16600F5F70DFF01370028DDD0F6
:10CF100022E683267FE706F0B2FD064602F022FDF8
:10CF2000A549009033460022012006F0E5FC0028C8
:10CF30003FF412AE0027ADF868003E4602F012FD45
:10CF40005FFA87F840450DD8BDF8680032460421E5
:10CF5000F5F7A0FFBDF86830002229462046FFF70C
:10CF600039FBF9E5404602F0F5FCFF288DF8660034
:10CF70000BD0012301361A460DF166011AA8F6B24C
:10CF8000F5F7D0FE00287FF4E7AD0137D6E750462D
:10CF9000B7F8029002F0DEFCFF288DF8640000F084
:10CFA000E5811AA902F0D8FCBDF868304B4507D0DE
:10CFB0004FF6FF72914540F0D981190400F1D681F6
:10CFC0009DF86D3012930E9B0533DBB213930F9BCC
:10CFD000149300234FF0000911934B4612E017936E
:10CFE000139B0D9803EB4101C9B206F044FC179B5B
:10CFF00015904FF0000A12995FFA8AF28A4216D30E
:10D0000009F10109149A5FFA89F19142E7D39DF879
:10D010006E201292169A1392002B40F09981119B68
:10D02000002B40F0A381109B14930123D2E71199A8
:10D030009DF86400179302F091FC159A179B0AF172
:10D04000010A824208BF0123D5E709F106095FFA08
:10D0500089F3B04616938AE1BD1C29465046BC7A36
:10D0600003F0C6FB012229465046FBF72BF9504638
:10D0700007F0AFFF284607F0E2FF3A88824207D068
:10D080004FF6FF72904203D007F0DEFF07F0C1FFBA
:10D0900084F00804C4F3C00421462846FEF7CAFF02
:10D0A0002146284621B0BDE8F04F03F0E8BFBBF1B0
:10D0B000000F7FF451AD12073FF5AFAD33463A464E
:10D0C00029462046FEF7C8FF00287FF445AD84239B
:10D0D0003A4A2946204621B0BDE8F04FFFF77ABA18
:10D0E0000F9897F8008007F027FD0021074620469B
:10D0F00001F0FCF9312EA7EB0007FFB240F0D6801B
:10D100004FF0000ACDE9008A2D49534652460120CE
:10D1100006F0F2FBADF8660000283FF41DAD1622C4
:10D120005146DFF8A8B01AA804F0A5FD1AA806F029
:10D130003EFF9BF800904FF0FF33CDE91C33B9F16F
:10D14000000F02D14FF0010A56E01E4E33796F2BCB
:10D1500002D90026324625E01CA9504600F024FDE5
:10D160000028F6D0184BB6F80090B3F86830B9F143
:10D17000000F2DD1003B18BF01235B0143F00403D6
:10D180008DF87A3002238DF87B3073881B0A49466C
:10D190001EA88DF87D3006F07AF8B8F1000F66D041
:10D1A00000260122BDF866000221F5F773FE324623
:10D1B0001DE500BF828602005986020051860200EA
:10D1C0004E8602006C3D0020E0380020363F0020F3
:10D1D000B3EB090318BF01235B0143F005038DF88E
:10D1E0007A3002238DF87B300F238DF87C30CCE72A
:10D1F0000AF1010A5FFA8AFA0AF1FF36F6B23046FE
:10D2000007F02AFFC307F3D59BF8003019EB030F93
:10D2100004D009F101095FFA89F9E9E75A4B187856
:10D2200030441CA9C0B200F0BFFC002891D03046A9
:10D2300007F002FF8146304607F00EFFC0070FD40B
:10D2400016238DF87A30514B1B780133DBB20F2B4C
:10D2500028BF0F238DF87C304D4B33F8163095E7FF
:10D26000304607F0F9FE8107EAD41223E9E7BDF85A
:10D270006600F5F727FC1630B84291DC0123162230
:10D280001AA90DF16600F5F74DFD00287FF464AC96
:10D2900001265FE712073FF5C0AC0F983B462246D8
:10D2A0002946FEF731FF00287FF456ACBBF1000F92
:10D2B0007FF452AC0BE7BBF1000F7FF44DAC802341
:10D2C00006E706F0DCFB50457FF446ACDFF8CC8087
:10D2D00008224146B81C04F0A4FC00287FF43CACB2
:10D2E00006F0CDFB064606F0CAFB2A4ACDE92A081D
:10D2F00033467DE5384605F0C8FF07F056FE0028A6
:10D300003FF42AAC244A2A9000232946204621B023
:10D31000BDE8F04FFFF75EB9CDE92AB74B462A4684
:10D320002146002021B0BDE8F04FFFF78BB8CDE9D2
:10D330002AB74B462A4621460120F3E75B464A4678
:10D34000294620462A9721B0BDE8F04F03F09ABE47
:10D3500001231A4619A90DF16600F5F7E3FC002830
:10D360007FF4FAAB08F101085FFA88F8013602F0A1
:10D37000F9FA5FFA86FA50453FF609AEB8F1000FA8
:10D380003FF430AC32E400BFFD1300201741002011
:10D390009E3D00208A8602005D860200EF4000204C
:10D3A00073B506460C46154608F0D0F80DF1060296
:10D3B0000146304607F07EFF0C4E034680B901223D
:10D3C00032702288BDF8061022B10246072001F013
:10D3D00055FE28B1BDF806202146284601F015FE6D
:10D3E000034A00231360337002B070BD3141002046
:10D3F000D8390020024B1B7803700020704700BF13
:10D4000014410020024B93F9003003700020704754
:10D4100013410020044B1B7813B1044B188870474C
:10D420004FF6FF70704700BF31410020263E0020BC
:10D4300008B5064B1B783BB1054B196821B1082292
:10D4400004F0FFFB002008BD7020FCE73141002004
:10D45000D839002030B519498BB014237F220988B0
:10D4600005460DEB030001F08EFCBDF81430DA0721
:10D4700021D413F0060FC3F3410208BFC3F34122C6
:10D480000F4B9C5C0DF116012246684604F007FC28
:10D4900004F12802BDF826306A44023402F8283C20
:10D4A0001B0A02F8273C69462A46E0B207F01DF93C
:10D4B00000200BB030BDB720FBE700BFAA5D020023
:10D4C0009586020010B58AB00446ADF826200022E9
:10D4D000CDE9052204920CAA02924FF6FF72019246
:10D4E000074AAC2104FB0122012060320092039024
:10D4F0000DF126024CF6200107F0BAFD0AB010BD6E
:10D50000E038002010B5204AB2F86800B2F85E108A
:10D51000B2F85C308AB04FF6FF74A042ADF8260036
:10D52000ADF824104FF6FD7018D081424FF0000086
:10D53000CDE90500CDE90300CDE9010094BF09AABA
:10D540006032009294BF48F660014CF660010DF124
:10D550002602042007F08CFD0AB010BD814288BF6E
:10D5600060324FF0000098BF09AA0092CDE9050093
:10D57000CDE90300CDE90100044A8CBF4CF66041BF
:10D5800048F66041E5E700BFE03800204A39002056
:10D5900000B54FF6FF738BB00022CDE90522CDE92F
:10D5A0000322CDE90132074A00924CF640010DF109
:10D5B00026020620ADF8263007F05AFD0BB05DF8C4
:10D5C00004FB00BF4039002000B50E4B8BB0002299
:10D5D000B3F85E30ADF82430CDE90522CDE9032261
:10D5E000CDE9012209AA4FF6FF7300924FF40061C2
:10D5F0000DF126020720ADF8263007F039FD0BB0FB
:10D600005DF804FBE0380020034B1A781AB1FF2ABA
:10D6100004BF00221A7070473341002070B5084CD7
:10D62000084E2378F55C1DB107483E2101F09CFBB4
:10D630002378FF22F25400232370284670BD00BFD8
:10D6400032410020334100209A860200034B044AF5
:10D650001B78D05CFF3818BF012070473241002092
:10D660003341002010B508490822044604F0D9FAD5
:10D67000B0FA80F0228940094FF6FF7340009A42C9
:10D6800008BF40F0010010BDAE86020030B5044670
:10D6900085B00D4602B9084A1068516801AB03C352
:10D6A00001AB03CBADF80C501B88206020466160B5
:10D6B000238105B030BD00BFB55E02001FB5014635
:10D6C000002201A8FFF7E2FF064801A907F0C5FD07
:10D6D00020B1F5F7DBF94089C0F3400005B05DF8F3
:10D6E00004FB00BFE213002030B585B00D460022D8
:10D6F000014601A8FFF7CAFF084801A907F0ADFDE0
:10D7000050B1F5F7C3F9044601460822284604F053
:10D7100098FA6089C0F3400005B030BDE2130020E4
:10D72000F8B50546F8B11048002105F033FF04466E
:10D73000A8B10D4F2046F5F7A9F90646FFF792FF6D
:10D74000830705D408222946304604F06AFA38B126
:10D750002146384605F074FF04460028EAD100242B
:10D76000201E18BF0120F8BDE213002010B50C46A2
:10D770000146064807F071FD30B1F5F787F9438996
:10D780001C4214BF0120002010BD00BFE213002086
:10D790001FB51446024601A8FFF778FF074801A904
:10D7A00007F05BFD40B134B1F5F770F91422014682
:10D7B000204604F046FA012004B010BDE213002018
:10D7C0001FB50146002201A8FFF760FF094801A923
:10D7D00007F043FD58B1F5F759F94389024613F0B4
:10D7E000020004D0507B80F00800C0F3C00005B0F8
:10D7F0005DF804FBE2130020F7B59DF82440019486
:10D800009DF8204000940D4606461F4607F0FCFB9D
:10D810004FF6FF718842044610D0BB0711D428464A
:10D82000F6F7C2FC204607F00FFCFF281FBF084A8E
:10D8300032F8103023F4804322F81030204603B031
:10D84000F0BD02462946304607F02CFDEAE700BF4E
:10D85000A03D002073B50E460146144807F0FDFCBC
:10D860000546D8B1F5F712F943893340044612D082
:10D870009B0736B20BD5002E09DAA17B437B0289C8
:10D88000007B0191012100912146FFF7B5FF6389DB
:10D8900023EA06036381628912B1012002B070BDE0
:10D8A0002946024805F0F5FEF7E700BFE213002025
:10D8B0000148F4F711BF00BFE21300202DE9F04347
:10D8C0008FB007469DF858800C4615461E46F8F75F
:10D8D0001FFD20B1F5F708FD08B144F400544A4B90
:10D8E0001B7813B924F40074A4B2200509D546B9F5
:10D8F00004A92846F5F724FE002840D024F400644B
:10D90000A4B2ADF81840ADF81A5006F0B8F83F4B85
:10D91000ADF81C00B8F1000F02D01A78424501D2D0
:10D9200093F800803A4A8DF81E8013780133E105A0
:10D93000DBB213704CBF0DF1210108A922058DF84F
:10D940001F3004D533680B6073684B600831E30403
:10D9500005D5304A13680B6053684B6008310DF1F0
:10D960001808A1EB08005FFA80F900214846F5F796
:10D9700053F9064628B900200FB0BDE8F08304AE85
:10D98000BFE7F5F783F841464A4604F088F9304688
:10D99000F5F798F880463046F5F778F80023024608
:10D9A00000935FFA88F104234FF6FF7005F056FDEF
:10D9B000ADF80E000028DED040F201131C421AD14F
:10D9C0004FF6F7739D4216D8F5F77CF80DF10E016E
:10D9D0000446284600F08AFDBDF80E00F5F772F8FF
:10D9E000E4B2A04207D9BDF80E0005F084FD4378EB
:10D9F00043F004034370BDF80E003A460121F5F7E9
:10DA0000E3F8BDF80E00B7E7383F0020F11300201F
:10DA10003A3F0020EF400020F0B50829D58889B0B2
:10DA200028D00C2926D0AE0424D405F040030B43A3
:10DA3000424C267816B105F0200423432FB2002F64
:10DA4000B8BF43F08003032920D11223AC068DF820
:10DA50000430937A10D48DF805300DF1060401A935
:10DA6000621A0123D2B2F5F75DF9B0FA80F04009ED
:10DA700009B0F0BD0B46DBE732228DF804208DF8AB
:10DA80000530002EE9D00DF11304E8E70C298DF8DC
:10DA9000043009BF138953798DF805301B0A0BBF79
:10DAA0008DF806308DF805300DF107030DF10603F2
:10DAB00054881C70240A5C7014889C700239240AF3
:10DAC000DC70012914791C7111D8917A5971002FD9
:10DAD00031DA1289DA710221120A997103F109040B
:10DAE0001A72002EBBD0AB06B9D50534B7E7A9072B
:10DAF0001AD4002F0CDA117A51B1917A5971118927
:10DB0000127A03F1080492B102229A71D971E8E7FE
:10DB10000B4C2178917201F1010C84F800C09C1D1E
:10DB2000002F5971DDDAEAE7917A9C1DF8E70122AE
:10DB30009A71090AEAE79C1DD3E700BF383F00202D
:10DB4000393F0020014B1870704700BF313F002063
:10DB5000F7B50D4604460021284616461F46F7F73E
:10DB60001BFA0A4B002183F859402A460097334696
:10DB70002046FFF7A7FC014630B102222046F5F708
:10DB80004BFDC0B203B0F0BD0120FBE7E038002040
:10DB9000034B04481A780021920004F06CB800BFCF
:10DBA000FD1300204C2A002010B5134B1B78834234
:10DBB00086B00C4612D9114900EBC00001EB4001C0
:10DBC00008220631204604F03CF8002208212046B5
:10DBD00005F005FF80F00100C0B206E0C01A01A9FF
:10DBE000C0B207F014FA10B1002006B010BD01ABAE
:10DBF00003CB20606160E8E7FD1300206C3D00204E
:10DC000008B5074B53F820308B42024606D9152041
:10DC10004FF6FF7102F0A9FD002008BD0120FCE7CE
:10DC20004C2A0020024B013143F82010704700BFFE
:10DC30004C2A00202DE9F3472B4EDFF8B4A0814693
:10DC40000C4600279AF80030FDB2AB4210D8694666
:10DC5000204607F0FDF9C0B308226946484603F0A4
:10DC6000E0FF90B34946204606F080FBFE2537E0F2
:10DC700006F1060808224146484603F0D2FF90B953
:10DC80004FF6FF739C422BD03388A34228D0204606
:10DC900007F0DAF9FF2814D14946204602B0BDE862
:10DCA000F047F6F7A7BA14B912360137CAE7338836
:10DCB000A342F9D100220821404605F090FE002839
:10DCC000F2D12846F6F76AF9CCE74946002007F07A
:10DCD000B9F9FF28054603D0044B1B780344DDB295
:10DCE000284602B0BDE8F0876C3D0020FD130020FF
:10DCF000363F00200F4B1B7883420CD8C01A0E4AC7
:10DD0000C0B232F81030D90411D443F4805322F851
:10DD1000103001207047094B00EBC00003EB4003BB
:10DD20005A79D10603D442F010025A71F1E700206B
:10DD3000704700BFFD130020A03D00206C3D002077
:10DD40002DE9F843074600F0F1FF05461B4805F0B2
:10DD500006FE1B4B60B31C683C1B2C44A4B2194B41
:10DD6000DFF868901B78184D99F8006003EB830387
:10DD700005EB430500225FFA82F846450AD9AB88D5
:10DD8000A34205F10A0016D9B21A0A235A432946BA
:10DD900003F057FF013689F80060AC80B8F1000F3E
:10DDA00003D106483946F5F7A3F82846BDE8F883BD
:10DDB0001D603C46D3E701320546DCE78C130020AA
:10DDC000DC390020344100209A3C002035410020FD
:10DDD0001FB5154A154C1378013BDBB2137061680F
:10DDE000206801AA03C221891180114A1278D21831
:10DDF00005D00A235A43E118204603F022FF9DF87C
:10DE000006301B070DD0BDF80C00FFF799FF828884
:10DE1000ADF8082001AA034603CA128818605960A9
:10DE20001A8104B010BD00BF344100209A3C00208C
:10DE30003541002008B5094B094800211970094BEC
:10DE40001970094B1A7802EB8202520003F013FF9B
:10DE5000BDE808400548F5F7E7B800BF35410020A8
:10DE60009A3C002034410020FB1300208C1300203A
:10DE7000F8B5094D094F0A4E00243B783178E2B2DB
:10DE80000B449A4204F1010400DBF8BD2846F4F784
:10DE900023FC0A35F1E700BF9A3C00203541002001
:10DEA0003441002010B5064C207828B1054806F012
:10DEB0007AF910B1034B188810BDFFF789FFF3E71B
:10DEC000344100209A3C002008B50A4A03461078E5
:10DED00060B1094A1088984209D121B9937810336A
:10DEE00023F00F039370FFF773FF012008BD00209C
:10DEF000FCE700BF344100209A3C00202DE9F74F99
:10DF000000F014FFDFF8F8803A4CB8F800C0DFF8F2
:10DF1000F490394D99F800701FFA80FEAEEB0C03B7
:10DF20009BB2019323780093002603EB830305EB58
:10DF300043033A46B246ACEB0E0CB3465FFA86FE9C
:10DF4000BE4515D3BAF1000F01D0009B2370BA4231
:10DF50002AD3002F37D02378C8F800000A2202FB0A
:10DF600003532648998803B0BDE8F04FF4F7C0BFCB
:10DF7000B3F804E001998E4512D8009993F802E0B5
:10DF8000A3F804B001310EF1FF3EC9B2013A83F8A3
:10DF900002E00091D2B24FF0010A0A330136CDE718
:10DFA000E644A3F804E0F8E789F800204AB12378B2
:10DFB000C8F800000A2202FB035310489988F4F7BE
:10DFC00097FF237813B903B0BDE8F08FFFF76AFF1E
:10DFD00006460028F5D005F0C2F90146304606F0A5
:10DFE000DFF820B100212888FFF76EFFE9E76621FE
:10DFF000F9E700BF344100209A3C00208C13002038
:10E00000DC3900203541002038B50E4B05460E485E
:10E010001C88F4F759FF012D0CD10C4B1C88FA21F8
:10E02000614358B1884209D28408012C204638BF88
:10E03000012038BD022D08BF0224F0E70248F4F7A2
:10E0400057FFF2E7963C0020EC2A0020943C002089
:10E0500008B5064B064801221A700021F4F748FF64
:10E06000BDE808400020FFF7CFBF00BF243F0020DD
:10E07000EC2A00201E4B1A8802F108039BB2012BE8
:10E0800073B502D81B4B1B7823B902B0BDE87040B2
:10E09000F4F7CABF184B194D00241C70184B1C70A4
:10E0A0002B787BB1174E4FF6FC73009330882346D4
:10E0B0002246214606F05EFF4FF6FD732C7033803A
:10E0C00001200FE0104B1046197806F067F8002881
:10E0D000F6D10C4B1A884FF6FD739A42F0D001230B
:10E0E0002B70022002B0BDE87040FFF78DBF00BF6B
:10E0F000983C0020243F0020273F0020253F00209F
:10E10000263F0020923C0020283F0020012808B52F
:10E110000AD002280CD020B9084B18700848F4F730
:10E1200083FF4FF0FF3008BDBDE80840FFF790BF08
:10E13000BDE808400020FFF767BF00BF243F002074
:10E14000EC2A002002280CD859B1064A1378013372
:10E15000DBB21370044A12789A4202D80220FFF709
:10E16000D5BF7047263F0020293F002038B500F179
:10E170005703DBB2012B04460D4615D80D4A137820
:10E180000133DBB213700C4A12789A420CD80B4B55
:10E1900019884FF6FD72914201BF1D80084B002285
:10E1A0001A700020FFF730FF29462046BDE83840AE
:10E1B00001F07DB8273F00202A3F0020923C00203C
:10E1C000253F0020064A00231370064A1370064AB2
:10E1D0004FF6FD711180054A1370054A13707047A0
:10E1E000273F0020263F0020923C0020253F0020B2
:10E1F000243F002030B5094B1B78024633B1084B51
:10E20000084C19780023D8B2884201D3FF2004E0DB
:10E21000013334F823509542F5D130BDFA13002074
:10E220002C3F0020723C0020054B064800221A704B
:10E23000054BFF211970054B1A78920003F01BBDA6
:10E240002C3F0020763C00202B3F0020FA130020BA
:10E25000F7B58DF807100DF10701044600F074FFC3
:10E26000234B1D78002D41D02046FFF7C3FF214EE0
:10E27000214B3178FF2805D1204A107885422DD9CD
:10E28000451C1570884219D01C4A1B4D92F800C0DD
:10E290000022D7B2BC450CD92F46013297F803E0D3
:10E2A000864505F10405F4D102B203EB8202D2786F
:10E2B000FA7002B203EB8202D170307002B203EB4B
:10E2C000820123F82240FF228A709DF80720FF2A4E
:10E2D00002D003EB8203987003B0F0BD0A461046EB
:10E2E00003EB8202D278FF2AF9D1CBE7FF20F3E7D4
:10E2F000FA1300202B3F0020763C00202C3F00200A
:10E300002DE9F843FFF776FFFF2804466AD0364F21
:10E31000DFF8E080354E03B24FF6FF7227F8232076
:10E3200098F80050A54202D10020BDE8F88320B241
:10E330003378810007EB8000A34290F803E011D00E
:10E34000294A00235FFA83F94D45944607D99CF882
:10E350000390A14503F1010302F10402F2D18CF80C
:10E3600003E001E086F800E0013DEDB22A1BD2B2E5
:10E3700004319200394403F064FC88F8005033788B
:10E38000FF2B04D0A34224BF03F1FF333370164B9D
:10E3900000214FF6FF70CAB2AA420CD3144A0023E0
:10E3A0004FF6FF71DCB2AC42BAD2013332F823002F
:10E3B0008842F7D1B4E79A78A2420BD11880DA7874
:10E3C000FF2A04D0A24224BF02F1FF32DA700131E9
:10E3D0000433E0E7FF2AF2D0A24224BF02F1FF3269
:10E3E0009A70ECE70320A0E7763C00202B3F00204A
:10E3F000723C00202C3F0020F8B51C4B1B780546D2
:10E40000084673B3FFF7F6FEFF28044629D02846D6
:10E41000FFF7F0FEFF2806D0154B164E1A780023A2
:10E42000D9B2914218D3FF212846FFF711FFFF28E8
:10E43000014616D0104F054623B207EB830237F88A
:10E4400023009678FFF704FFA84208BFFF25FF2EA0
:10E45000214608D12846F8BD013316F82310814221
:10E46000DED1FF25F6E73446E6E700BFFA130020C9
:10E470002C3F0020743C0020763C00202DE9FF4119
:10E480004FF0000C9DF828508DF80FC00DF10F0CC7
:10E49000CDE9005C1F4606468846144600F024FE7F
:10E4A0009DF80F3093B941463046E8F7A7F90E4B77
:10E4B0001B785BB10B2C09D83046FF21FFF7C8FE53
:10E4C00005EB44040646E4B2A54202D104B0BDE81F
:10E4D000F0812946384605F0CEF93146FFF7B8FEFF
:10E4E00002350646EDB2EFE7FA1300202DE9F347B7
:10E4F00000230DF107028DF8073004460E4600F0A8
:10E500000EFE9DF80730054663B92046FFF772FE00
:10E5100004465EB13088F4F7D5FA5FFA80F8FF2C34
:10E5200046D10025284602B0BDE8F087B046F6E7A0
:10E5300001320C2AF5D02DB207EB8505AD78FF2D01
:10E54000F6D112F0FF0AECD04FEA4A050235EDB2DF
:10E55000002EE7D008EB0501C9B2304605F025F9D9
:10E560000028DED1308852464146F4F793FC0AF188
:10E57000FF3208F1010108F102093088D2B2C9B2B4
:10E580005FFA89F9F4F786FC24B207EB8404A478D7
:10E59000FF2CC7D023B2308837F82320494605F036
:10E5A0007AF90028BDD109F102095FFA89F9EBE790
:10E5B000014F25460022BEE7763C00200023036081
:10E5C000704703680B6001607047FEE7FEE74FF499
:10E5D000004070474FF47A707047704713B5044697
:10E5E00001A8E3F787FA9DF80630238040F2011373
:10E5F0006380E3F79DFA6060002002B010BDE3F78E
:10E6000031B908B5E3F71EF9002008BD10B504467E
:10E6100044EA010313F00303084609D1934201D1F0
:10E62000002010BD54F8231040F823100133F5E703
:10E630009200214603F033FBF2E7704708B5E2F79A
:10E6400097F8013008BDEFF3108072B6704700B93B
:10E6500062B67047602383F311887047EFF311802F
:10E66000602383F31188704780F31188704784B06A
:10E670000B6800934B6801938B680293CB680393FC
:10E68000009B0360019B0360029B0360039B03608C
:10E690000023009301930293039304B0704784B066
:10E6A000036800930368019303680293036803936C
:10E6B000009B0B60019B4B60029B8B60039BCB60BC
:10E6C0000023009301930293039304B0704730B585
:10E6D000D1E90223D1E900540560046002600360BF
:10E6E00030BD30B50568046802680368C1E90054AC
:10E6F000C1E9022330BD7FB58A0704460B4610D01E
:10E700006D4601F11006186859682A4603C208339D
:10E71000B3421546F7D169462046FFF7D8FF04B04B
:10E7200070BD0091009904B0BDE87040FFF7CFBF05
:10E7300030B58B0785B00C4610D06946FFF7D1FF86
:10E740000D46234604AC2A4603CAA242186059600B
:10E75000154603F10803F6D105B030BD00910099CC
:10E7600005B0BDE83040FFF7BCBF00F1424303F500
:10E770008013102A10B54FEA43130AD101221A6000
:10E7800000F58870FFF773FF1031BDE81040FFF708
:10E790006EBF00221A602430F7E7F0B50B469907E8
:10E7A00089B0044615462DD0082A19D16D4603F1CB
:10E7B0001006186859682A4603C20833B342154642
:10E7C000F7D1082269462046FFF7CFFF03226B46A8
:10E7D0000020013A186003F10403FAD209B0F0BD39
:10E7E0006E4603F1200718685968324603C20833A1
:10E7F000BB421646F7D12A4669462046FFF7B5FFC9
:10E800000722E4E70093009909B0BDE8F040FFF764
:10E81000ACBF10B52030FFF742FF102A04D1BDE88D
:10E8200010401031FFF73BBF10BD30B58B0789B0EA
:10E830000C46154625D06946FFF7EBFF082D6A46C2
:10E8400013D104AD134603CBAB42206061601A467E
:10E8500004F10804F6D103226B460020013A186047
:10E8600003F10403FAD209B030BD08AD134603CB5F
:10E87000AB42206061601A4604F10804F6D1072219
:10E88000EAE70091009909B0BDE83040FFF7C1BF49
:10E89000704770477047E2F75BBCE2F7EBBB70B5BF
:10E8A00005460E461446FFF7CEFE2B685C4034400A
:10E8B0005C402C60BDE87040FFF7C9BEE3F71AB8B2
:10E8C00038B5E3F773F98B7C04460D461BB103683A
:10E8D00043F080430360EB7C1BB12B7D43F080034E
:10E8E000A3652A8A6B7B1343EA89134363602B7BFE
:10E8F000D5E901122046E3F727F96B7D1BB12368A8
:10E9000043F480332360AB7D1BB1236843F40043A1
:10E910002360EB7D2A7E1B07120502F4E00203F060
:10E92000E04313432366636F23F030036367626F32
:10E930006B7E134363672B78E36038BD03691B0666
:10E94000FCD5C069C0B2704703695B06FCD5416362
:10E95000704700207047002070470020704701205A
:10E960007047012070470F207047ECF735B94FF022
:10E97000FF3003F070BE704770B504460D46FFF7D8
:10E9800062FEA36A102B064604F10501284614BF57
:10E9900010220822FFF701FF05F1840004F14C0169
:10E9A000FFF7A9FE3046BDE87040FFF750BE2DE9E5
:10E9B000F043074685B016461C460D4631B9E3F7CD
:10E9C0003BFA054601463846FFF7D6FF44B3FFF74A
:10E9D0003AFE97F842308046F3B10E2200210DF145
:10E9E000020003F048F90E2CBB8DA14628BF4FF062
:10E9F0000E095BBA31464A460DF10200ADF800300F
:10EA000003F04DF969462846E3F73AFA0023A4EBF0
:10EA100009044E4487F842302CB94046FFF717FEF0
:10EA200005B0BDE8F083102C27464FF0100228BF38
:10EA300010270021684603F01EF931463A46684621
:10EA400003F02DF969462846E3F71AFAE41B3E4421
:10EA5000E2E72DE9F04F8BB00546DDF85080169EB9
:10EA600017469A460C464FF0010900297BD1E3F77F
:10EA7000E3F9CDF8009004462B6E2F714FF000099A
:10EA80005FFA88F7EB62C5F8449085F86C704246EF
:10EA9000514605F15C00019303F001F9159A019BC1
:10EAA000C7F10F0B023AC7F10E07B3EB0903FFB230
:10EAB0004FEA520247EAC20218BF012342EA831317
:10EAC000514642460DF109008DF8083003F0E7F891
:10EAD00006AA4B465FFA8BFB9146D9B28B4547D8C5
:10EAE000002E59D166602660FFF7ADFDAB6A01903C
:10EAF000102B14BF10220822691D2046FFF74DFE7F
:10EB0000C4F8886002A9C4F888602046C4F8886008
:10EB1000C4F88860E3F7B4F90198FFF798FD42461E
:10EB200051460DF119008DF8187003F0B8F808F18E
:10EB300001005A463146484403F09DF801238DF800
:10EB40002730FFF780FD04F1840706464946384622
:10EB5000FFF7D1FD3046FFF77AFD009B6BB900202F
:10EB60000BB0BDE8F08F002380F84290009383E75C
:10EB700002F8016D0133360AAFE7FFF764FD05F1D6
:10EB80004C0106463846FFF7D3FD3046FFF75FFDE0
:10EB90002046E3F75BF9E2E76FF08600E0E7014427
:10EBA0000023884200D1704700F8013BF9E72DE9C6
:10EBB000FF47DDF83890DDF848800C4606461746DA
:10EBC0009A46E3F739F90C9BC6F860902246009309
:10EBD0000146CDE90187054653463046FFF739FF28
:10EBE0000446C8B90D9A4B4629463046FFF7DFFE6A
:10EBF0003FB1109B00933A460F9B29463046E3F7FE
:10EC0000A9F9119A434629463046E3F747F90446E5
:10EC100010B92846E3F71AF9204604B0BDE8F0879A
:10EC20002DE9F8431546894607469846E3F704F967
:10EC30000023436003600446FFF705FDB9F1100FA0
:10EC400014BF102208223946064604F180072046E8
:10EC5000FFF7A3FD41463846FFF74DFD3046FFF76D
:10EC6000F6FC012D0CBF05230623A360256915F0D2
:10EC70000205FBD1FFF7E7FC089906463846FFF787
:10EC800057FD3046FFF7E3FC2046E3F7DFF8284660
:10EC9000BDE8F8832DE9F04190461E46054678B35D
:10ECA0008B422DD1E3F7C8F800234360036004468C
:10ECB000FFF7C9FC102E074614BF10220822294670
:10ECC0002046FFF76AFD3846FFF7C1FC0523A36025
:10ECD000256915F00205FBD1FFF7B5FC102E14BF16
:10ECE00010220822414607462046FFF79EFD38467F
:10ECF000FFF7ADFC2046E3F7A9F82846BDE8F08110
:10ED00006FF08600FAE713B50223002468460094EA
:10ED10008DF804408DF80530E2F7CCFA204602B0B9
:10ED200010BD08B5E3F7F8FD80B208BD08B5E3F7FC
:10ED3000F3FD08BD08B5FFF7F9FFFA23B0FBF3F0C8
:10ED400080B208BD012070470420704740F2016086
:10ED5000E3F7ACBE704770477047032000F01EB861
:10ED60000120704742DE704738B504460D4604F076
:10ED700032FA00F020F8FFF76DFC29462046BDE886
:10ED80003840FFF7EFBF10B404460846114622464C
:10ED90005DF8044BE5F704B9E5F744B9E5F782B946
:10EDA00010B404460846114622465DF8044BE5F7C8
:10EDB00097B9E5F717BA704710B5FFF744FC04465A
:10EDC000E4F748F82046BDE81040FFF740BC704724
:10EDD000FFF761BD70477047012070474FF4167010
:10EDE000E4F750B92DE9FF410D4616461F4604468B
:10EDF000A8B14FF00008C0F81C80E4F785FCBDF80E
:10EE00002C3002939DF828304246CDE90073294604
:10EE100033462046E4F7DEFB04B0BDE8F081222053
:10EE2000FAE7F0B587B01F4600230D4616468DF869
:10EE300017300446A8B1C3610DF11701E4F794FC43
:10EE40009DF817207AB9BDF8343002939DF8303020
:10EE50002946CDE9007320463346E4F7BBFB07B0F3
:10EE6000F0BD2220FBE70320F9E738B5FFF7F6FBFA
:10EE70000546E4F7E3FE04462846FFF7F5FB204687
:10EE800038BD08B5E9F72AFB02F0FBFD02F0FAFDF8
:10EE900002F0FFFDBDE8084002F00ABE08B502F02E
:10EEA00008FE02F007FE02F006FEBDE8084002F090
:10EEB00009BE704707B503469B0753BF6FEA014180
:10EEC0004FF6FF7343EA01416FEA114104220191B9
:10EED00020F003000DEB0201FFF7F0FC03B05DF83A
:10EEE00004FB41EA000313F001032DE9F04104465D
:10EEF0000E4615463FD1002A3BD04FF6FF7234F83C
:10EF00001310914205D036F8131011B14B20BDE813
:10EF1000F0810133AB42F2D1E2F794FC012D01D034
:10EF2000A3070ED531882046FFF7C4FF10B1E2F7E2
:10EF300099FCEBE7013D012D04F1020406F1020604
:10EF40000ED925F001084FEA48073A4631462046D7
:10EF5000FFF7B4FC0028EAD13C443E44A5EB080589
:10EF60002DB131882046FFF7A5FF0028DFD1E2F759
:10EF700079FC0020CBE70120C9E708B5FFF71BFFAC
:10EF8000BDE80840F4F7A2BA10B51446E5F7F6F963
:10EF90002146BDE81040F3F7ABBF08B5E5F7EEF941
:10EFA000BDE808400021F3F7A3BF08B5E5F7E6F98F
:10EFB000BDE80840F4F738B87047704708B5FFF768
:10EFC000FAFEFFF7FAFF02F0DFFDBDE80840E5F7C3
:10EFD0000FBA704738B50546FFF735FB01210446E7
:10EFE0002846E3F7C3FF2046BDE83840FFF72FBBB4
:10EFF000012070470120704708B5E5F7B1FA0028F5
:10F000000CBF0420012008BD704770B504460D46B2
:10F01000164601F019F932462946204602F0B5FDA0
:10F02000324629462046FFF7EFFFBDE8704001F069
:10F030000DB92DE9F34104469DF820800D46164692
:10F040001F4601F001F9CDF800803B4632462946C3
:10F05000204600F01AFC02B0BDE8F04101F0F6B81D
:10F06000704708B501F0F0F802F092FDFFF7F8FFE5
:10F07000BDE8084001F0EAB8012070472DE9F041F1
:10F0800004460D4616461F4601F0DEF83B46324662
:10F0900029462046FFF7F0FF3B4680463246294688
:10F0A000204602F077FD01F0D1F84046BDE8F0813E
:10F0B000012070472DE9F04104460D4616461F46D3
:10F0C00001F0C2F83B46324629462046FFF7F0FFE2
:10F0D0003B46804632462946204602F05CFD01F060
:10F0E000B5F84046BDE8F0812DE9F743DDF82C90F6
:10F0F0009DF8288004460D4616461F4601F0A4F8E8
:10F10000CDE900893B4632462946204602F044FDBF
:10F1100003B0BDE8F04301F099B800207047F8B59E
:10F1200004460D46164601F08FF832462946204621
:10F13000FFF7F3FF324607462946204602F02DFD31
:10F1400001F084F83846F8BD38B504460D4601F0A4
:10F150007BF82946204602F021FDBDE8384001F049
:10F1600075B810B5044601F06FF8204602F017FD9F
:10F170002046E9F74BF9BDE8104001F067B8704749
:10F1800038B504460D4601F05FF82946204602F0E6
:10F190000FFD29462046FFF7F2FFBDE8384001F099
:10F1A00055B8704770B504460D46164601F04CF848
:10F1B00032462946204602F0FDFC324629462046CA
:10F1C000FFF7EFFFBDE8704001F040B8704738B579
:10F1D00004460D4601F038F82946204602F0ECFCC2
:10F1E00029462046FFF7F2FFBDE8384001F02EB86F
:10F1F000704738B5044601F027F8204600F0E3FADE
:10F200000546204602F0DAFC29462046FFF7F0FFCB
:10F2100001F01CF8284638BD704738B5044601F0A7
:10F2200013F8204600F0FDFA0546204602F0C7FC20
:10F2300029462046FFF7F0FF01F008F8284638BDC0
:10F24000704710B5044600F0FFFF204602F0B8FCFE
:10F250002046FFF7F5FFBDE8104000F0F7BF70470C
:10F2600038B504460D4600F0EFFF2946204602F06F
:10F27000A8FC29462046FFF7F2FFBDE8384000F021
:10F28000E5BF704770B504460D46164600F0DCFF3A
:10F2900032462946204602F095FC32462946204651
:10F2A000FFF7EFFFBDE8704000F0D0BF704738B502
:10F2B00004460D4600F0C8FF2946204602F083FCB4
:10F2C00029462046FFF7F2FFBDE8384000F0BEBFF8
:10F2D000704738B504460D4600F0B6FF2946204673
:10F2E00002F072FC29462046FFF7F2FFBDE83840E5
:10F2F00000F0ACBF704710B5044600F0A5FF2046F3
:10F3000002F063FC2046FFF7F5FFBDE8104000F077
:10F310009DBF704710B5044600F096FF204602F0EE
:10F3200055FC2046FFF7F5FFBDE8104000F08EBF0A
:10F33000704738B504460D4600F086FF2946204642
:10F3400002F045FC29462046FFF7F2FFBDE83840B1
:10F3500000F07CBF704710B5044600F075FF2046F2
:10F3600002F036FC2046FFF7F5FFBDE8104000F044
:10F370006DBF704738B504460D4600F065FF29465D
:10F38000204602F026FC29462046FFF7F2FFBDE8A2
:10F39000384000F05BBF704770B504460D4600F082
:10F3A00053FF2946204602F016FC2046F3F78AFB5D
:10F3B00006462046F3F76AFBF1B202462846FFF7FD
:10F3C000EAFFBDE8704000F041BF704730B5044629
:10F3D00085B000F039FF204602F0FEFB00230DF15E
:10F3E0000F008DF80E308DF80F30FEF70BF80DF191
:10F3F0000E00FDF7FFFF6088F3F764FB05466088A9
:10F40000F3F744FBEDB2019000959DF90F309DF8A4
:10F410000E2061782078FFF7D8FF00F017FF05B0C5
:10F4200030BDB5207047B520704738B5044600F0B0
:10F430000BFF2046FFF7F7FF0546204602F0CDFB05
:10F440002046FFF7EEFF00F001FF284638BD82B0EE
:10F4500002AB03E9060002B0704737B505466C46BB
:10F4600084E8060000F0F0FE94E80600284602F06A
:10F47000B5FB94E806002846FFF7E9FF03B0BDE8B6
:10F48000304000F0E3BE002070470020704738B5E0
:10F49000044600F0D9FE2046FFF7F7FF0546204658
:10F4A00002F0A5FB2046FFF7EEFF00F0CFFE284656
:10F4B00038BD704708B502F09BFBFFF7FAFF08BDA7
:10F4C00008B500F0C1FE02F094FB02F0D8FABDE8E6
:10F4D000084000F0BBBE00207047704708B5E5F754
:10F4E000E7F8BDE80840E5F7EBB800207047E5F71E
:10F4F000FFB813B500230C46CDE9003301461A4688
:10F50000E0B2E5F7B1FB02B010BD13B5002314461D
:10F51000019000930122E0B2E5F7A6FB02B010BD16
:10F520007047194491420ADC4218002003B9704721
:10F5300012F8011D013B01EB0020DBB2F6E70020D1
:10F540007047982808B513D88F281ED900F170028B
:10F55000D2B20123934013F4A97F10D1DB0714D555
:10F56000902813D1F3F712FEBDE8084000F01EBE4C
:10F57000BC280BD007D85530C0B2042805D8BDE848
:10F58000084000F0CCBFBF2800D008BD00F00DFE41
:10F5900000F00CFEE8E710B586B0089C0494002447
:10F5A000CDE902440124CDE9003413460A46014660
:10F5B0000620E5F7A7FC06B010BDF0B502288BB019
:10F5C00005460E4614461F460AD106A9F0B205F0BC
:10F5D000DDFB98B99DF8193023719DF81C306371DB
:10F5E000119B04930023CDE902330193109B0093F8
:10F5F00022463B4631462846E5F784FC0BB0F0BD79
:10F60000FE2828BFFE20E5F7A7BDB1F800C0F8B579
:10F6100005460C4616461F46BCF1000F1AD102F0F3
:10F62000EBFA70B93B4632462146284602F0E6FA2C
:10F63000628848F221039A4203D17178284600F08B
:10F64000A6FD6388B3F5004F02D9082000F0B4FD91
:10F650000120F8BD0020FCE72DE9F04788B099466D
:10F660000C469246BDF84080119F0646FDF7D2FE3B
:10F67000CDE9034705468DF80860ADF81480ADF874
:10F6800016008DF818A08DF8199000F02FF98DF85C
:10F690001A0000F02DF900238DF81B0002A88DF848
:10F6A0001C3000F078FDA8B943463A46214628466A
:10F6B00000F04FFE70B943463A4621462846FFF710
:10F6C000A4FF38B9CDE9005043463A4631462046BA
:10F6D000E6F7E4FF08B0BDE8F08770471FB50B46BA
:10F6E0006A460146184605F000F86A4608230020DD
:10F6F00032F8021B013B13F0FF0380EA0100F7D14F
:10F70000012838BF012080B205B05DF804FB2DE967
:10F71000F74F9846DDE90C3B07460E461446414636
:10F7200000221846BDF838909DF83CA0019303F0E4
:10F730001AFF0546002840D0019B41461846FFF7B6
:10F74000CDFFABF80000062F3BD8DFE807F004043C
:10F75000040D162A21002B4622463146384603B0B6
:10F76000BDE8F04FF9F786BB0C222B461146204628
:10F7700003B0BDE8F04FF9F767BBE27A2B461146BC
:10F780002046CDE90C9A03B0BDE8F04FF9F73ABB3B
:10F790002B460C222146304603B0BDE8F04F05F061
:10F7A000BFB90D95E37A0C9352462346314648463D
:10F7B00003B0BDE8F04FF9F70FBB182003B0BDE868
:10F7C000F08F0220FAE77FB5054604F058F948B1FA
:10F7D0006B88B3F5006F05D1681D04B0BDE87040BB
:10F7E00000F0D3BC284600F0E5FC0446B8B9E6B208
:10F7F0006946304605F0CAFA9DF800301843C0B299
:10F8000048B929463046FCF76BF910B1752806D087
:10F810008C2004B070BD01340A2CE8D1F8E78D20AB
:10F82000F7E710B5044600F0C3FC08B18D2010BD09
:10F830002046FCF72DF90028F9D07528F6D088204D
:10F84000F5E72DE9F04385B005460DF10E001446AD
:10F850000E46FDF7CFFD0DF10F00FDF7D3FD20465D
:10F860009DF80E809DF90F90F3F72CF9074620467E
:10F87000F3F70CF94B46CDE9007042463146284675
:10F88000FFF7EAFE05B0BDE8F0832DE9FF47054626
:10F8900018461E4690460F469DF830A0F3F7F6F83E
:10F8A00081463046F3F70EF9044651462846E4B245
:10F8B000FEF748FC21464846FFF710FF5346CDE9C6
:10F8C00001904246394628460094E5F763FC3346EA
:10F8D000424639462846CDF830A004B0BDE8F0478E
:10F8E00002F055B904F0CBB8F3F7F6BCF9F738BB22
:10F8F0001FB56846FDF79CFDC8B902A9FCF772FA6E
:10F90000082269460DEB020002F08BF910B90020C5
:10F9100004B010BD02A90120FCF764FA0822694670
:10F920000DEB020002F07DF990B90120F0E7FDF740
:10F9300071FD4FF6FF739842044609D00020FCF792
:10F9400069FA8442E3D00120FCF764FA8442ECD0E7
:10F95000FF20DDE7E5F7CEBCE5F78ABCE5F7ACBCF8
:10F96000F5F76ABAE5F756BD70B506460C4615467A
:10F9700000F032F860B10CB9002070BD002DFBD052
:10F98000204600F04DFC013080B2A842F4D8F4E7E4
:10F99000304600F027F840B1002CEDD0012DEBD916
:10F9A000204600F042FC0230EEE73046E5F7EEFC80
:10F9B000EBE770B50023051F9CB2A14201D80020DF
:10F9C00007E05C1C35F82460964203D100EB83000D
:10F9D000408870BD2346EFE7413801288CBF0020E6
:10F9E00001207047433801288CBF00200120704758
:10F9F0000388B3F57C4F01D3E5F72CBD0846E5F746
:10FA000019BD10B50C46018862888A420DD1037B6E
:10FA100021790B4009D0B2F57C4F08D3E5F71AFDE8
:10FA200023891B1A5842584110BD0020FCE70120D1
:10FA3000FAE738B50D881446D28895420AD1038872
:10FA4000B3F57C4F08D2FFF7D3FF23891B1A584226
:10FA5000584138BD0020FCE70120FAE72DE9F84FB6
:10FA600090F804A0074689461546984600264FF0B0
:10FA7000140BF3B29A4501D8002418E03A680BFB46
:10FA800006F3D418D35A994519D12DB1802D11D12F
:10FA900094F90C20002A12DAB3F57C4F07D32046E4
:10FAA000E5F7D8FC804502D0B8F1000F07D1204619
:10FAB000BDE8F88F402D02D1227B5206ECD40136EE
:10FAC000D7E70121E5F774BC08B513460022E5F736
:10FAD000E5FD003818BF012008BD08B513464022D7
:10FAE000E5F7DCFD003818BF012008BD08B5134656
:10FAF0008022E5F7D3FD003818BF012008BD0023A0
:10FB0000E5F7CCBD0021E5F72BBE7047002070471C
:10FB1000F8B516461F469DF81820BDF81C3005465E
:10FB2000E5F7BCFD78B10421FFF7F0FF044650B1C2
:10FB3000284600F097FB3A4631462846A047BDE8E4
:10FB4000F84000F083BBF8BD2DE9F74FDDF83090A9
:10FB50009DF834B01E460746BDF838308846144636
:10FB60002AB3B9F1000F22D00EB392F804A099F88D
:10FB70000020618812F0080F0CBF802240225046FE
:10FB8000E5F78CFD98B10821FFF7C0FF054670B17D
:10FB9000504600F067FBCDE9009B334622464146C4
:10FBA0003846A84703B0BDE8F04F00F04FBB03B0A4
:10FBB000BDE8F08FF8B5BDF8187016461A463B46FA
:10FBC0000446E5F76BFDE0B177B90221FFF79EFF30
:10FBD0000546B0B1204600F045FB31462046A84717
:10FBE000BDE8F84000F032BB1021FFF78FFF05465B
:10FBF00038B1204600F036FB3A4631462046A84749
:10FC0000EEE7F8BD73B5BDF8184016461A46234610
:10FC10000546E5F743FDB8B1C4B92021FFF776FFEB
:10FC2000044670B1284600F01DFB099B00939DF827
:10FC30001C209DF8203031462846A047044600F09D
:10FC400005FB204602B070BD8624FAE70024F8E7E1
:10FC50002DE9F04186680446007800F003FB00259A
:10FC600014273279EBB29A4203D8BDE8F04100F094
:10FC7000EDBA7B4332682078D15A02EB030800F0DA
:10FC800067FA01214046FFF741FF034608B120789B
:10FC900098470135E5E72DE9F04F89B01C46BDF8DE
:10FCA00048809DF84C3001939DF850300293924665
:10FCB0004346224607460D46E5F7F0FC8DF81470E2
:10FCC000ADF816508DF81840ADF81AA0ADF81C80AC
:10FCD000064618B9012009B0BDE8F08F05A9FFF765
:10FCE00090FE0028F6D000252F46A8462C4634E08A
:10FCF0000C2331881FFA85F903FB09F97368B1F504
:10FD00007C4F33F8092003EB090B1AD333F80900B1
:10FD100050452CD3019BA3422DD900F057FA9BF8F4
:10FD20000200E5F797FF029B43B19BF8043013F004
:10FD3000010F0CBF05200720E5F78CFF0134A4B2AA
:10FD400019E0ADF81A20594605AA30460393FFF78B
:10FD500070FE039B0028D9D101353289ABB29A429B
:10FD6000C6D804EB0800C31B58425841B3E708F15A
:10FD700001081FFA88F80137BFB2EDE72DE9F04F0F
:10FD80008FB098469DF8703005930023BDF860A0B1
:10FD90008DF82C00ADF82E10ADF8322000930546FA
:10FDA0000E46174608A91A460BA80893199C9DF8F9
:10FDB00068B09DF86C908DF83080ADF834A0E5F710
:10FDC00059FB089B002B00F09680B9F1000F07D17A
:10FDD0009A785A4540F091801A79D10740F18F8086
:10FDE0001A79520733D59A68516892680A92099134
:10FDF000987800F052FC089A92F80390B9F1020F3B
:10FE0000034615D807904A46214609A800F001FC90
:10FE1000079B06904A4621460AA800F0FAFB069B7B
:10FE2000012B01D0013012D187200FB0BDE8F08F37
:10FE300006904A460998214600F0EBFB0128F3D0D2
:10FE4000069B0A984A46214600F0E3FBEAE7059B39
:10FE50000BB10020E9E7089B4FF6FF729878214626
:10FE6000FFF782FD00284CD05FFA80F9CDE90294BB
:10FE7000CDE900AB43463A463146284600F089F9C1
:10FE80000028D2D1CDE90294CDE900AB43463A46F1
:10FE900031462846FFF7B6FE0028C6D1012300935D
:10FEA000059B224619460BA8E5F7E4FA0028BCD1C9
:10FEB000089B324629462046FFF727FE43463A462E
:10FEC00031462846CDE901B4CDF800A000F077F91D
:10FED00043463A4631462846CDE90294CDE900AB87
:10FEE00000F056F9CDF800A043463A463146284680
:10FEF000FFF760FEADE7862097E78D2095E7882025
:10FF000093E7012091E72DE9F04786B00446DDF83C
:10FF10003C909DF840A0BDF83880CDF80080CDE938
:10FF2000019A0D4616461F4600F00AF9A8B1431E75
:10FF3000DBB2012B0ED800230493831E5842584194
:10FF4000CDE902A0CDE900893B463246294620464C
:10FF5000FFF714FF06B0BDE8F0870120FAE730B5DF
:10FF600087B000240125CDE903549DF82850009462
:10FF7000CDE901354023FFF701FF07B030BD10B5D3
:10FF800086B04FF0010C0024CDE9034C9DF82840C9
:10FF90000294099C0194BDF820400094FFF7EEFE06
:10FFA00006B010BD30B587B000258DF81030BDF813
:10FFB00028308DF80C00ADF80E10ADF81220ADF819
:10FFC00014300B9ABDF83030009502A903A80D9C9F
:10FFD0000295E5F74FFA18B914B1029B9B7823708C
:10FFE00007B030BD2DE9F84F02290C9D0746884621
:10FFF00004D84FF0000A5046BDE8F88F1BBB0270D2
:020000022000DC
:100000000124E6F75DFA04F1020A385501349DF83F
:1000100028303B554FF000090B9A5FFA89F3D45C06
:10002000002CE8D0732C18D82E464C2C56F804BB64
:1000300045D0532C1DD0622C4DD1AC8805F108065B
:1000400000231A461EE00429D3D942F0040243706B
:100050001B0A027083700324D3E7A4F17503032BFA
:10006000C7D8763C2E1D022C52D8DFE804F0565A31
:1000700058006A6894B2D2B2B2F1FF0305F10806E3
:1000800018BF01230AEB040119448845B1DB50462F
:100090001946002947D153441FFA83FA5CB1BBF1DA
:1000A000000FA6D0224607EB0A00594601F0F7FDE3
:1000B00054441FFA84FA09F101093546ACE76A682D
:1000C0004FF6FF7394B205F1080622469C4214BF16
:1000D00002230023D6E76C2C05D1584600F0A5F882
:1000E000841CA4B2ACE7732C04D1584600F098F8F5
:1000F000441CF6E7A4F13003DAB2092A01D89CB215
:100100009EE7A4F14103062B3FF673AF373CE8E7C7
:10011000012300242A68A346B4E70223F9E7032356
:10012000F7E70423F5E700F1010C01393A54C9B2AD
:10013000120A1FFA8CF0ACE70022E5F74FBD7047BA
:10014000012070470120704701207047B52070479B
:100150007047002070470020704700207047002043
:100160007047002070470020704700207047012032
:100170007047012070470020704700207047002022
:10018000704700207047B520704784207047704743
:100190007047002070470020704700207047002003
:1001A000704700207047002070477047B5207047A7
:1001B000002070470020704770470020704770474C
:1001C00070477047002070470020704738B50546DB
:1001D000C0B2E5F73FFD0446280AE5F73BFD14B140
:1001E000002808BF0024204638BD10B4CC18944223
:1001F00003DC5DF8044BFFF794B900205DF8044B75
:1002000070470423FFF7F1BF08B50223FFF7EDFFA6
:1002100080B208BD08B50123FFF7E7FFC0B208BDF3
:100220000078FF2808BF0020704708B5022200218F
:10023000FFF7EAFF4FF6FF73984208BF002008BDA2
:10024000002818BF702070470020704700207047BA
:1002500008B5FFF736FCFF284FF0FF3018BF00202D
:10026000C0B208BD08B5FFF7F3FFFF280CBFA320FD
:10027000002008BD73B50646E4F722FE812504463A
:10028000019614B9284602B070BD2378B3B933681B
:1002900062685B889A4211D1A368F27B99B292B1ED
:1002A000328A91420AD1727DB2EB134F06D1E368D4
:1002B00001A90020984710F0FF05E3D02046E4F79D
:1002C00007FE0446DDE74FF6FF72EAE710B5036864
:1002D00004465879E6F7C6F840B923685B88032BD3
:1002E00004D00121204600F02CF91BE0637D012B96
:1002F0000AD0637D33B92368228A59885879FFF779
:10030000ECFB48B9C321EDE72368228A5988587964
:10031000FFF7ECFB0028ECD02046FFF7ABFF0146CF
:100320000028DFD1012010BD38B5044643680846D7
:100330000D469847B4F90830002B02DB2B78042BCC
:1003400006D1002363602046BDE83840E5F7AABF28
:1003500038BD2DE9F043884610789DB00021144641
:100360001D46E5F783FF0746002800F0D480067895
:10037000002E75D0B8F80010002940F0CC80038919
:10038000B8F8022043F40040824240F0C480617813
:10039000002965D1A2F50042062A00F2BC80DFE800
:1003A00002F08787BABA049E6300E388E17AADF869
:1003B0001C302389ADF81E3063798DF820308B1DF9
:1003C0000D3D14F813208DF80C1015F001058DF873
:1003D000142045D109A8049004F10C0C80465FFA62
:1003E00085FE8E450CF1020C09D21CF8019C1CF80C
:1003F00002EC0EEB092E28F802EB0135EFE75B006B
:10040000013300EB41000A4403F0FF030690D2B22F
:100410008A420FD01CA800EB4105E018013190F88A
:1004200001C0E05C023300EB0C2025F84C0CC9B293
:10043000DBB2EDE7B7F908203B89002AB4BF0322FD
:100440000122C3F30E038DF80020ADF8023062885C
:10045000ADF8042003AB029369463846FFF764FF0A
:1004600030461DB0BDE8F083042DF9D92279053D51
:10047000ADB29542F4D16188E8B205341AB295B1B3
:10048000002AB4BF03220122C3F30E038DF80C002F
:1004900004948DF82420ADF82630ADF8281003AB75
:1004A0000B9309A9D9E7002AB4BF05220622EBE77E
:1004B0000B2DD5D9D4F80200D4F8061003AA03C234
:1004C00013F4004F14BF032204228DF82420C3F339
:1004D0000E036289ADF82820ADF82630DFE7042D41
:1004E000BED921796288ADF828204A1DD2B2AA422D
:1004F000B6D113F4004FC3F30E0314BF032201223D
:10050000ADF82630053403AB8DF824200B9304940A
:100510008DF80C10C5E70026A2E7FFF751BE08B51D
:10052000F4F7E8FA20B9F2F7D7FE08B9FFF70EFEA4
:10053000FFF73BFEBDE80840FFF743BE0020E5F7AC
:10054000EFBF0022E6F746B8D28812F0200F10B5B0
:1005500003460CBF522449240846510544BF083CB9
:10056000E4B2110544BF083CE4B2120444BF023CAB
:10057000E4B2032B11D8DFE803F005020A0EC0B283
:10058000FBF748FCFFF7FDFD201AC0B210BDC0B25A
:10059000FBF758FAF6E7013CE4B24FF6FD70F1E7DD
:1005A000F8B5064617460D4681B10C78FF2C0BD0E6
:1005B0000846FFF735FEB84228BF3846C4B2224687
:1005C000691C701C01F03DFB3470F8BD0C46FBE764
:1005D00070B5044615460E4611B94170017070BDE4
:1005E0000B78FF2B05D14B78FF2B02D103704370A2
:1005F000F5E73046FFF719FEA84228BF284685B226
:100600002A46B11CA01C01F01CFB25702D0A657048
:10061000E5E7F0B523B9013A531C2FD1002020E0C3
:10062000042AFBD80023551E1C466E1C1AD1042A2E
:1006300010D0D2000121501E01FA00F020421EBF4E
:10064000914049420C4318421EBF4FF0FF3101FA5E
:1006500002F213439C4216DCB4BF4FF0FF3000207F
:1006600040B2F0BD40B1465DEF00BE4034434E5D48
:10067000BE403343013DD8E70646F5E78C5C20B128
:10068000835CA34202D90120EBE70346A34202F1B7
:10069000FF32C1D24FF0FF30E3E7283807288CBF84
:1006A00000200120704738B515461A462B78069C65
:1006B00013F0040F0CBF03230523934201D900203C
:1006C00038BDBDF8103021712060E380A560A281A3
:1006D0002B7803F00103A3732B7803F00403002BA2
:1006E00014BF01210021E1732978C1F3C0016175B4
:1006F0004FF0010121751AD02846FFF785FD237DB3
:10070000208202332375237D5A1CD2B22275E95C04
:10071000A1740233DBB22375AA5CE274A2899A4207
:10072000CDD3059BA361002323770120C8E7238253
:10073000E9E72DE9F0411C469DF818800E46174662
:100740000546E6F7ABF8002220704146204602F04D
:100750000AFF034630B13A4631462846BDE8F0412B
:10076000E6F7A6B81820BDE8F08130B589B0044698
:10077000ADF806108DF81020F2F73CFD0546204636
:10078000F2F748FD03469DB1BDF80600ABB903F092
:1007900069F9FF2808BF00208DF80F000DF10F0345
:1007A0000593DDE904122046FEF757FE09B030BD7F
:1007B0000028F6D00DF10603F2E703F053F9FF2805
:1007C000BDF80630ADF81A3008BF00208DF80F00D4
:1007D0008DF8180006ABE3E7704770477047704725
:1007E000704770470020704770477047002070477F
:1007F0007047704710B51C4602F07DFE02F045FDC3
:1008000000232370C0F34020400010BD002208B533
:100810000B461146FFF7EEFF023818BF012008BD56
:100820007047002070477047002070477047B52020
:100830007047012070477047012070471422002143
:1008400001F019BA704730B54078012887B00C46DE
:100850004FF0110301F1100516D1022201A9F2F7A0
:100860005DFC234601AC18685968224603C2083370
:10087000AB421446F7D11123022201A90020F2F75E
:100880004DFC002007B030BD062201A90120F2F77F
:1008900045FC234601AC18685968224603C2083358
:1008A000AB421446F7D111230622E6E730B5407873
:1008B00087B001280C464FF011030BBF022206221D
:1008C00001A901A918BF0120F2F728FC05AD01AA72
:1008D0002346144603CCAC4218605960224603F10B
:1008E0000803F6D1002007B030BD10B588B00C4623
:1008F0001A23082201A90120F2F710FC21460DF16C
:100900000E0304F1100251F8040B43F8040B91425A
:10091000F9D11A23082201A90020F2F7FFFB0020D9
:1009200008B010BDF0B58BB004460D4603F0A7F833
:10093000B0B101A8F9F73AFA90B1667B16F0020F50
:1009400004F1040705D0082201A9384601F069F92D
:10095000D0B901AB03CB46F00206606079606673E4
:100960001A23082203A90120F2F7D8FB0DF1160380
:1009700029460DF1260253F8040B41F8040B93426B
:10098000F9D100200BB0F0BD2D20FBE770B5054676
:100990008AB00C46252200210DF1030001F06BF90D
:1009A0006B68CDF81D30AB68CDF82130234603F1DC
:1009B000100601AC18685968224603C20833B342D6
:1009C0001446F7D16A7B012312F0040F8DF8023030
:1009D0000CBF4FF480734FF4A073110748BF43F46A
:1009E0008063ADF80030930748BFBDF8003068461B
:1009F00044BF43F00803ADF80030F7F77FFD00383F
:100A000018BF01200AB070BD30B5427B0D46D1073A
:100A10008BB0044607D5407801A9F7F7D3FDD8B1CC
:100A20002D200BB030BD9307FAD5C2F38003100719
:100A30004FEA8313ADF8023044BF43F48063ADF84E
:100A40000230BDF80220201D0AB10DF1020201A9F9
:100A500003F068FE0028E3D001AB03CB9DF814300F
:100A60002373BDF81030A160590648BF627B6060F7
:100A700044BF42F0040262735A0542BF627B42F0F7
:100A8000080262731B0742BF637B43F00203637378
:100A90002B4606AC0AAD224603CAAA42186059602A
:100AA000144603F10803F6D10020BAE7F0B5044676
:100AB00093B00D46252200210DF1230001F0DBF853
:100AC0006368CDF83D30A368CDF8413004F1040CE3
:100AD0002B4609AE05F1100718685968324603C263
:100AE0000833BB421646F7D105238DF82230637BCD
:100AF0005B0103F40073ADF820306378FF2B19D14C
:100B000000231A4601A9604600F0E8F99DF8053077
:100B1000FF2B0CD100231A46184601A900F0DEF97C
:100B20009DF80530FF2B02D11C2013B0F0BD9DF8BD
:100B300005306370617808AA002000F09CFA064630
:100B4000F0B919231946627801A8FEF71CF92B4663
:100B500003AD186859682A4603C20833BB421546DC
:100B6000F7D1637B6178DB0642BF9DF81C3063F0F0
:100B70007F038DF81C30192301AA1846FEF70CF9E3
:100B8000301E18BF0120D0E710B504468AB02422D9
:100B9000002101A801F06FF8637B590744BF402290
:100BA000ADF810201A0742BFBDF8102042F4806251
:100BB000ADF81020DB070FD5607801A9F7F702FD2B
:100BC00010B12D200AB010BD01AB03CB637B606078
:100BD00043F00203A160637304A9201D03F0A4FD88
:100BE0000028EED00020EDE71FB5694600F08DF833
:100BF000002818BF2D2005B05DF804FB73B50D4625
:100C000014460646E5F7B0FF6B881A071AD5224648
:100C10003146102003F069FD2046E5F7A5FF6B88FB
:100C2000D90717D50023224601210DF107008DF8C1
:100C30000730E5F7FFFF6B88002B0CBF2120002059
:100C400002B070BDDE06EAD522460821281DE5F770
:100C5000F1FFE1E79A0701D50223E4E75B07EAD554
:100C60000323E0E70F20704710B586B0044601A9C2
:100C7000022211230120F2F751FA9DF81430E3709B
:100C800001A804F047F880F00100062201A9607075
:100C900011230120F2F742FA9DF81430A37001A845
:100CA00004F038F880F001002070F7F707FD60606D
:100CB000002006B010BD1FB50C46694600F025F8AF
:100CC00010222146684600F0ACFFB0FA80F04009DF
:100CD00004B010BDB8B1B1B14388A3B90378013BEA
:100CE000082B10D8DFE803F00507090B0F0F0F0FD3
:100CF0000D00FFF7A8BDFFF7F8BDFFF747BEFFF7F0
:100D0000D5BEE6F7DDB82120704738B50D4609B3EA
:100D100000B30378013B082B1AD8DFE803F0050D78
:100D20001013191919191600FFF7C0FD04462846BB
:100D300003F0DAFE204638BDFFF7F4FDF6E7FFF7D3
:100D400063FEF3E7E5F728FFF0E7E6F7C3F8EDE722
:100D50002124ECE72124EDE770B5044686B001A814
:100D60000D461646FFF76AFD206861688DF8116030
:100D700003238DF8043002AB03C3294601A8FFF713
:100D8000A9FF06B070BD10B5044686B01123062237
:100D900001A90120F2F7C2F9A3789DF814209A4224
:100DA00007D08DF814300622112301A90020F2F794
:100DB000B5F91123022201A90120F2F7AFF9E37876
:100DC0009DF814209A4207D08DF814300222112386
:100DD00001A90020F2F7A2F906B010BD30B5437B9F
:100DE00013F001028BB004460D4607D0407801A9EC
:100DF000F7F7E8FB70B12D200BB030BD9B07FAD59B
:100E0000ADF8022001A90DF10202043003F08AFCC2
:100E10000028F0D000210E22A81C00F02CFFBDF805
:100E200010302B80039BAB60BDF81230AB819DF876
:100E30001430237301AB03CB6060A1600020DBE7BB
:100E400070B5437BDB078AB005460E4602D42D20E1
:100E50000AB070BD4078694600F00BF904460028DE
:100E6000F5D1DDF81D306B60DDF82130AB606B7BB8
:100E700043F002036B730E220146B01C00F0FBFE30
:100E8000BDF80030069AB26043F004033380059B3E
:100E900073602046DCE70B4610B5044610220021A3
:100EA000184600F0E8FE2278032A09D0042A0DD063
:100EB000022A11D101462046BDE81040E6F714B8D9
:100EC00001462046BDE81040FFF788BF0146204696
:100ED000BDE81040FFF7B4BF262010BDF8B50C46A2
:100EE000054608461F461646FFF7A8FC0423237054
:100EF00025B108222946E01800F0A3FE637B43F0E9
:100F0000020363734EB932460121284600F0B8F857
:100F1000FF28607007D12D20F8BD31462046FFF72D
:100F2000F4FE0028F7D1637B43F0010363730DB92E
:100F30000020F1E7002FFBD039462046FFF7ABFF3A
:100F4000F6E7F8B50C460746084616461D46FFF775
:100F500075FC2046032300F8043B3946082200F0C4
:100F600070FE637B43F00203637331462046FFF754
:100F7000CCFE08B12D20F8BD29462046FFF78BFF97
:100F80000028F8D0F6E7F8B50C460746084616469E
:100F90001D46FFF753FC03232370637B677043F008
:100FA0000103637331462046FFF7AFFE08B12D20E1
:100FB000F8BD29462046FFF76EFF0028F8D0F6E777
:100FC00018B18022012100F05BB8FF20704730B5D6
:100FD00089B00D46FFF7F4FFFF28044612D019230D
:100FE0000246194601A8FDF7CEFE2868696801ABE4
:100FF00003C31923184601AA2146FDF7CDFE0020A0
:1010000009B030BD2D20FBE707B5002300931A4639
:101010001946F8F7E7FEB0FA80F0400903B05DF832
:1010200004FB704770470020704770470F207047DF
:101030000F207047002070470F2070470020704736
:101040000020704784B08DE80F00002004B0704786
:101050007047704700207047704700207047704706
:101060000020704701207047704700207047012022
:101070007047B5207047B520704700207047704713
:10108000FF207047704770470020704770477047D7
:10109000704700207047704700207047002070475D
:1010A000002070477047704700207047002070474D
:1010B000704700207047002070477047002070473D
:1010C00038B50546FDF7BFFA04462846E7F7DAFBD0
:1010D0002046BDE83840FDF7BABA10B50446C069ED
:1010E000FFF7EEFF20462422BDE81040002100F06B
:1010F000C2BD006800BA704710B50446E6F70AF9A9
:101100002146BDE8104000F08CBC68B106290AD128
:10111000431E053013F8012F303A092A03D88342C1
:10112000F8D10120704700207047034618B31529F5
:1011300021D10278012A1ED14078E0B99A78012A9B
:101140001AD1DA7AFF2A17D11A7BFF2A14D1D3F8E1
:101150000320D3F8071012BA09BA91420CD903F14F
:101160000C02143312F8011F3039092903D89A42AE
:10117000F8D10120704700207047D0B10D2917D158
:101180000378012B14D1427892B98378012B0FD1C7
:10119000C37A6BB9027B012A0AD1831C0A3013F887
:1011A000012F303A092A03D88342F8D10120704731
:1011B0000020704708B5002966D01838042861D887
:1011C000DFE800F0035C2F5C5C001B2A52D1881D15
:1011D000FFF78FFF034601F10A00FFF78AFF834202
:1011E00048D20B7D012B45D88B7B002B42D1CA7B8B
:1011F000A2B90B7C002B3FD14A7C7AB98B7C002BA7
:101200003AD1CA7C52B901F114031A3113F8012FF3
:10121000303A092A2ED88B42F8D1012303F001007D
:1012200008BD1B2A26D1881DFFF763FF034601F185
:101230000A00FFF75EFF83421CD20B7D012B19D8F9
:101240008B7BBBB9CA7B002AE8D10B7CA3B94A7C53
:10125000002AE3D18B7C7BB9CA7C002ADED101F164
:1012600014031A3113F8012F303A092A02D88B429D
:10127000F8D1D2E70023D1E71346CFE7931F5842B6
:101280005841CDE70020CBE70846C9E70346D0B177
:10129000072918D10278013A022A14D842780AB1F3
:1012A000FE2A10D19A78012A0DD1D87858B91A7926
:1012B000012A09D15A79032A06D19879A0F1E703C6
:1012C000584258417047002070470346F0B1082942
:1012D0001CD10278013A022A18D84278B2B9817832
:1012E000012915D1C07898B91A79012A11D1DA7972
:1012F000012A0ED1B3F8050040BA80B2013840F29D
:10130000E63398428CBF00200120704700207047D0
:101310001046704710B44BB1012483F89F42DC683B
:1013200024B1A446DB695DF8044B60475DF8044BCB
:10133000704719B10B690BB1C9691847704719B1EA
:101340004B690BB1C9691847704708B538B1836953
:101350002BB1C0699847003818BF012008BD012093
:10136000FCE710B5044648B190F89C324BB9D0F870
:101370006C0200F05DF830B194F89D4204F0010079
:1013800010BD0024FAE70124F8E708B583692BB102
:10139000C0699847003818BF012008BD0120FCE74C
:1013A00010B568B152EA03010BD0D0E9024102EA5C
:1013B00004001940994208BF90420CBF0120002050
:1013C00010BD0020FCE710B5034628B1006920B12C
:1013D0005A6900239A4201D1002010BD30F8134011
:1013E0008C4201D00133F5E70120F6E730B51468EF
:1013F0008C4201D3002030BD651C1560045D222C99
:10140000F8D11D6014688C42F4D2055D222D08D1FC
:101410001B68E41A039B1C601368013313600120EE
:10142000E9E71F2DE6D95C2DE4D001341460E9E72B
:1014300018B1007D00F0010070470120FAE770B597
:101440000C46164678B1456875B169B1284600F07A
:1014500034FCB042024607D12946204600F0E1FBA9
:10146000B0FA80F0400970BD0020FCE72DE9F04F94
:101470008BB000240D4617460594064628B94FF058
:10148000000840460BB0BDE8F08F0029F7D083700C
:1014900001229DF850300280C37005AA39462846C3
:1014A000E5F724FF059BBB42E9D203F1010CEB5C9D
:1014B000CDF814C07B2BE2D1E5F718FF059BBB42AA
:1014C0004BD3A0460394A246A146A34607AB009384
:1014D00005AA06AB39462846FFF788FF0028CED07C
:1014E0002846E5F703FF059BBB42C8D203F1010C78
:1014F000EB5CCDF814C03A2BC1D1E5F7F7FE09AB90
:10150000009308ABFFF772FF0028B8D0079B012BB0
:101510000ED1069BEB5C702B5AD1B8F1000FAED107
:10152000DDF82490B9F1000FA9D0DDF820B0804695
:1015300005AA39462846E5F7D9FE059BBB429ED24F
:1015400015F803C00133BCF17D0F05930FD0BCF13A
:101550002C0F94D1E5F7CAFEB8E7EA5C7D2AB0D13A
:1015600001330593A0460394A246A146A34605AACB
:1015700039462846E5F7BAFE059BBB427FF47FAFAC
:10158000B8F1000F3FF47BAF4F46102F28BF102754
:101590003A463744C6F8049005EB0B0106F1080003
:1015A0004FF0000900F07BFB87F808906CB1039CBA
:1015B000102C28BF10242246344405EB0A0106F102
:1015C000190000F06CFB84F819900123737058E740
:1015D000762BADD1002C7FF452AFDDE908A3044691
:1015E0000393A5E7006800BA704750B1014410F8B2
:1015F000013B303B092B03D88842F8D101207047CA
:101600000020704708B543690BB9032008BD406A44
:1016100098470028F9D1F9E701440023884201D115
:10162000D8B2704710F8012B1344F7E7F0B5C5B0F6
:101630000E4619464AF65523BDF82851ADF8043038
:1016400003238DF80630330A8DF807306BBA01ACEE
:10165000074626716271E3801DB12A4603A800F097
:101660001EFB05F1080631462046FFF7D5FF3B6813
:10167000A0551BB105F109012046984745B0F0BDC2
:1016800010B4BDF8044048B1B4F5807F06D804B169
:1016900023B101945DF8044BFFF7C8BF5DF8044B1C
:1016A00070472DE9F0411446054670B36AB3082926
:1016B0002BD90378552B28D14378AA2B25D18778AD
:1016C000032F22D1B0F8068098FA98F81FFA88F311
:1016D000B3F5807F19D808F109031BB2994214D1E0
:1016E0004E1E3146FFF798FFAB5D83420DD1277048
:1016F000B5F803305BBA63806B7923710835A4F8C1
:101700000680A5600120BDE8F0810020FBE737B529
:101710000C4660B1B3F5807F09D803B13AB1818D31
:1017200000934D1C134685852246FFF7A9FF03B0A1
:1017300030BD90F846324BB1002380F8463200F5B8
:10174000A072B0F844320421FFF7E1BF704790F86F
:101750004622B2B190F847220132D2B2032A02D80F
:1017600080F847227047002280F8472290F84822EC
:10177000072A04D8013280F84822E5F7CFBDFFF7E9
:10178000D8BF704707B501238DF807100DF1070288
:101790000621FFF7BCFF03B05DF804FB0321FFF750
:1017A000F1BF00231A460121FFF7B1BF70B50E4605
:1017B000BDF810501946044640B3FC2D26D8ADB9EB
:1017C00080F8406180F8412180F8425180F843510F
:1017D0000123A4F846320023043584F84832A4F8E3
:1017E00044522046BDE87040E5F798BD73B1002330
:1017F00080F8406180F8412180F8423180F84351FF
:101800002A4600F5A27000F04AFAE1E770BD2DE922
:10181000F0439C46079B0BB100241C6000B102B949
:1018200031B900242546A14205D823BB012000E0A0
:101830000020BDE8F083261D8E42F9D86545F7D01B
:10184000071910F8049097F801807F887FBA1FFA73
:1018500087FE0EF1040E74448C4202F10802E7D8B0
:101860000644013502F8089C02F8078C22F8067C31
:1018700042F8046CD7E71D60D8E72DE9F04F0F461A
:1018800085B00546002857D0002A55D00E2953D9D7
:10189000031D082118460393FFF7A7FE0190C8B166
:1018A00095F80CB0BBF10A0F46D84FF000080D2692
:1018B0005FFA88F18B4512D8BE423DD12846FFF72A
:1018C00091FE0D35039B10600D3E536082F808B009
:1018D000D5601682019C204605B0BDE8F08FBE425F
:1018E0002AD215F8069009F1FF31072906F1010AFD
:1018F00022D809EB0A03BB4202931DD8AA444946E9
:101900005046FFF772FE044690B9B9F1060FE2D9CE
:1019100006215046FFF769FE0028DCD02E44F179FD
:101920000029D8D1B9F1080F02D1317A0029D2D1DA
:10193000029E08F10108BBE70024CCE738B5044655
:101940000D4668B161B14FF41372002100F093F9B4
:101950000FCD0FC40FCD0FC495E8030084E803003A
:1019600038BD2DE9FF470D46044648B101B93AB9E3
:10197000AE1800274FF001084FF05509B54202D1CB
:1019800004B0BDE8F087D4F8383115F8012B33B92D
:10199000552AF3D1C4F8388184F82E90EEE7012B54
:1019A0000BD1AA2A05D10223C4F8383184F82F209C
:1019B000E4E70023C4E94E33EAE7B3F5847F2BD88C
:1019C000591C23440829C4F8381183F82E2009D162
:1019D000A38E5BBA9AB2B2F5807F1DD809331BB2D1
:1019E000C4F83C31D4F83C31002BC7D09942C5D162
:1019F00004F12E0A01AA5046FFF753FE40B1BDF88C
:101A00000A30B3F5807F03D851462046E5F7E0FC65
:101A10000023C4E94E33B1E7C4E94E77AEE70120B5
:101A2000704708B50346FFF7FAFF30B93BB1D868F5
:101A3000FFF7C9FC00F0010008BD0020FAE71846D6
:101A4000F8E738B5E1F7F2FE05460C46E1F708FF86
:101A50000023024621462846E6F78AFD38BD08B530
:101A6000FDF742FF022806D00438C0B201288CBF1F
:101A70000020012008BD0120FCE7E5F73FBEEFF79D
:101A8000F7BB704708B5E1F705FEBDE80840FCF775
:101A900072BF08B5E0F7B2F9FCF767FFE0F7BAF9F3
:101AA000E2F74CFCE2F7AAFCBDE80840E2F7C0BC54
:101AB00070477047704708B5FDF75FFABDE808400A
:101AC000FDF77CBA7047012070470120704738B598
:101AD000FDF738F90546E2F743FD041E18BF2C4612
:101AE000FFF7F1FF002818BF204638BD38B5E1F7F1
:101AF000DFFB0446FDF728F9042817D002284FF031
:101B0000000508BF0124FDF777FA042810D0022849
:101B100008BF0124FFF7D9FF04280BD0022808BF13
:101B20000124002D18BF0024204638BD0125EAE716
:101B30000125EFE70024F7E7FF20704708B5FFF71E
:101B4000FBFF002008BD08B50020FDF7C6FD002002
:101B5000E4F70AFC0020E2F70DFE0020E3F712F99B
:101B6000BDE808400020E3F79BB90120FDF7B6BCB3
:101B700008B50220E3F7DEFB0220E4F77FFCBDE8B6
:101B800008400220E3F7B4BA7047FDF75ABE704729
:101B9000E2F7A8BD7047704770477047704710B5AF
:101BA0000446FDF7CEFC2046BDE81040E2F7DEBF5C
:101BB000FDF79FBCFDF7A9BCE3F7EEB8704770478F
:101BC000704770477047704770477047704770475D
:101BD0007047E3F757B970477047704782B06B465C
:101BE00083E8060093E8060002B0E2F7DDBC704728
:101BF00070477047E6F7CCBBFEF7D1BA70470020BC
:101C00007047E6F785BBFEF7D8BA08B5FDF739F996
:101C1000E6F70CF9FDF742F9E6F7B6F9E1F742FA13
:101C2000F8E710B501390244904201D1002005E0E7
:101C3000037811F8014FA34201D0181B10BD0130E9
:101C4000F2E7884210B501EB020402D98442234630
:101C500007D8431EA14208D011F8012B03F8012F29
:101C6000F8E7024401468A4200D110BD13F8014D45
:101C700002F8014DF7E702440346934200D1704752
:101C800003F8011BF9E77047704710F8012B11F8B2
:101C9000013B012A28BF9A42F7D0D01A70470A4464
:101CA000914200F1FF3300D1704710B511F8014B9C
:101CB00003F8014F9142F9D110BD034613F8012BEF
:101CC000002AFBD1181A013870474369406CDA1CAE
:101CD0001438B2FBF0F203EBC203CA1DB2FBF0F200
:101CE000013201EBC2010333B3FBF0F3023300FB1B
:101CF0000310704738B5446905462146FFF7E5FFF4
:101D00006A6CE31D143AB3FBF2F3013304EBC30432
:101D1000204438BD73B506460D460024F36B0122FE
:101D20005B6901A928199847019B013309D1736C9C
:101D3000043462196A405B421A42EFD0204602B076
:101D400070BD0024FAE770B505460C46DEF730FC9E
:101D5000EB6B2046DB68BDE87040184770B5002586
:101D600086B004460562E369AB4202D8206A06B039
:101D700070BD666C2068E36B05225B6901A906FBF8
:101D80000500984701A800F009FC00F02CFC10B1F8
:101D9000236A013323620135E5E738B50446456C13
:101DA000006804F1400305FB0101E06B00F028FC32
:101DB00005462046FFF7D2FF284638BDF0B5054658
:101DC00087B00026EC69013CB44203D80C4620469B
:101DD00007B0F0BD01B14C1E6F6C2868EB6B05229B
:101DE0005B6901A907FB0400984701A800F0D6FB36
:101DF00000F0F9FB0028EAD101362146E2E7F0B510
:101E00000446466CE36B00685B6987B00D460522AB
:101E100001A906FB0500984701A800F0BFFB00F0F0
:101E2000E2FB20B101A800F090FB07B0F0BD29460D
:101E30002046FFF7C3FF676CE36B064620685B69CB
:101E4000052201A907FB0600984701A800F07DFBC9
:101E5000431CEAD0B54238BF0130E6E72DE9F04334
:101E6000D0F824804FF6FF7987B004460E46C84567
:101E700014BF454600250027E369BB4202D807B0DE
:101E8000BDE8F083E26B2368606CD2F814C001A94E
:101E9000052200FB0530E04701A800F07FFB022887
:101EA00006D0C8450CD1721C29462046FFF775FFA5
:101EB000E36901350137B5FBF3F203FB1255DBE7AC
:101EC00029462046FFF79BFFB0F1FF3F14BF0246B3
:101ED00032460132E8E7F0B5036887B006460025D0
:101EE000CC1A436CB4FBF3F4F3693768706C5A1E78
:101EF000954208D3706C336800FB043007B0BDE82E
:101F0000F04000F07BBB0134B4FBF3F203FB12445E
:101F1000F36B05225B6901A900FB0470984701A8D7
:101F200000F03CFB00F05FFB0028E3D10135DBE76C
:101F300010B423F0030422449B070A44436C18BFE7
:101F400004325B4282EA0104234203D05DF8044B71
:101F5000FFF7C1BF10465DF8044B70472DE9F04113
:101F6000D0E90A369E4286B0044628D1C369456846
:101F7000142202FB1355284606B0BDE8F081206804
:101F8000676CE26B331AD2F81480B3FBF7F30522C7
:101F900001A907FB0300C04701A800F0FFFA0128D0
:101FA00004D0636C1D44013B3340ED1A314620469A
:101FB000FFF791FF0646A36AB342E0D1DBE70025B5
:101FC000F9E7F0B5002587B004462E46E369B34231
:101FD00002D8284607B0F0BD636C276803FB06777C
:101FE000E36B05225B6901A93846984701A800F018
:101FF000D5FA00F0F8FA58B1384600F0FFFA014679
:102000002046FFF787FE636C143B834208BF01350F
:102010000136DBE708B508301346D1E90012E8F7CE
:1020200097F8012008BD13B50C46002121760093D6
:10203000616813462246E6F7A7FC18B1E37D03B1B9
:10204000A07EA075A07D02B010BD73B500F108059B
:1020500016460C460DF107020968284600F09AF969
:10206000032E06D16368834203D12168284600F01D
:1020700077F9012002B070BDD01E009B4242424160
:10208000187E824211D11A688A420ED85A688A4252
:102090000BD35A6901325A61D3E9030282423FBF2E
:1020A000986840F8221001321A610120704710B57B
:1020B000032A029C07D1A26A5340626C5242134227
:1020C00001D100F04DF9012010BD08B5C368002012
:1020D0009847BDE80840DEF773BA70B500240128C0
:1020E0001C7014BF04200220CC7D4243101D02F05E
:1020F00002024CB91AB1012220F003001A7000F15B
:1021000008034868184470BD1AB1012220F003008A
:102110001A700C7E002301F12005DAB2944201D836
:102120000020F0E735F83320824203F1010606D99A
:1021300001EBC30300F10802D8691044E3E7801AF9
:102140003346EAE773B590F8426005461C463046D0
:102150000DF10303FFF7C1FFEB6B012E5B690DD19E
:10216000324601A998479DF8033013B1BDF80630F7
:102170000193BDF80430236002B070BD01222146F6
:1021800002B0BDE870401847F0B5054687B0486812
:10219000EB6B00245B6902940E46012202A9083011
:1021A0009847274695F84230012B40F08480632CF5
:1021B00002D9029807B0F0BD612C08D805AB2246C1
:1021C00031462846FFF7BEFF9DF814301BB305AB20
:1021D0002246314628468DF81070FFF7B3FF95F878
:1021E0004230012B059B55D14FF6FF72934200F010
:1021F0009680082205A904A800F057F9059B9DF8D0
:102200001010C3F30722914240F08980DBB2029A9A
:102210001A44029283E095F84230012B30D103AB8F
:10222000224631462846FFF78DFF04AB621C31463B
:102230002846FFF787FF05ABA21C31462846FFF76B
:1022400081FF102208230DEB02010DF107008DF82C
:10225000073000F02AF9102205A90DF1070000F05F
:1022600024F9039BDAB2002A52D19DF80720B2EB81
:10227000132F4DD1DDE9043203EB0243029347E013
:10228000302C2BD944E09DF80720B2EB134F3FD1FF
:10229000049BF3E7013342D0102205A90DEB0200A5
:1022A00000F003F9059B9DF81010C3F3074291421B
:1022B00035D19BB2ABE7312C3FF67BAF87D005AB76
:1022C000224631462846FFF73DFFBDF81430002B6B
:1022D0007FF47DAF95F84230012BA0D003AB2246AE
:1022E00031462846FFF72EFF04AB621C31462846D4
:1022F000FFF728FF102320220DEB03010DF107004B
:102300008DF8073000F0D1F8039B9AB2002ABAD0BA
:1023100095F84230012B14BF012302231C440134E1
:1023200040E713B500240194049C0094E6F7CCFE2A
:1023300002B010BD30B5446800234FF0FF329C421C
:1023400002D10023037230BD016801EBC30541F8DF
:1023500033206A600133F2E7C0E90012FFF7EABFF9
:10236000F0B5456800239D4211D0046854F833202D
:10237000B2F1FF3F4FEAC30704EBC30608D0C2F334
:102380001302914204D14FF0FF33E3517360F0BD6B
:102390000133E8E7F0B5456800239D4202D14FF0D4
:1023A000FF300FE0046854F83340671C4FEAC3065F
:1023B00009D0C4F31307B94205D1240D1470036882
:1023C00033445868F0BD0133E7E713B504460023F2
:1023D00001461B220DF107008DF8073000F065F86B
:1023E00022689DF80730B3EBD26F0CBF01200020AC
:1023F00002B010BD13B500230446014620220DF1A2
:1024000007008DF8073000F050F80DF107001A2290
:10241000211D00F04AF862689DF80730B3EB926F17
:102420000CBF0120002002B010BD0068431C5842C0
:1024300058417047006810F07E0F0CBFC0F3C160B8
:10244000002070470068C0F3D3107047006800F0A8
:102450007F0001288CBF002001207047036813F023
:102460007E0F14BF042008207047036813F07E0F0E
:1024700003D1406820F07C40704713F078001CBF07
:1024800003F07F03D81F7047006800F07F0070479B
:10249000032809D0022803D1C1F10201C8B2704754
:1024A00000290CBF0720002070471F2A0B689EBF21
:1024B0004FF0FF3191408B43590801F055315B1AC1
:1024C00003F033319B0803F033330B44017803EB03
:1024D00013130A4403F00F334FF001314B43A2EBC7
:1024E00013620270704737B501F10C044369054669
:1024F0006946012220469847BDF800300193012229
:10250000AB6901A92046984703B030BD37B501F14A
:102510000C04436901226946054620469847009B02
:102520004FF6FF7299B291420DD11B0C1B0443F47C
:10253000254343F0A50301930122AB6901A920467D
:10254000984703B030BD0020FBE737B504461B2297
:10255000011D00250DF107008DF80750FFF7A5FFBD
:1025600060689DF80720B2EBD06F03D120F078406F
:1025700003B030BD0DF107001B2204F108018DF8F6
:102580000750FFF792FFA0689DF80730B3EBD06FBC
:1025900001D1C043EAE74FF0FF30E9E703684BF2AF
:1025A0009A22B2EB134F10B5044613D19BB2012B04
:1025B00013D1FFF7CAFF01300CD0E0684FF6FF726D
:1025C000B2EB104F4FEA104309D180B2C01A18BFC6
:1025D000012010BD2368013303D00420F9E7022055
:1025E000F7E70320F5E701288CBF002001207047A2
:1025F000033801288CBF0020012070471430704739
:102600002DE9F04105469846036908460E461746EF
:102610009847044638B943463A4631462846E7F7D4
:1026200073FE044618B131462846FFF75CFF20468A
:10263000BDE8F0817047431E012B03D9031F5842A8
:10264000584170470120704700F06BB94FF4A472F5
:102650000021FFF710BB013001D1E9F7EFBB0120EA
:10266000704710B50021044600F09AF82046BDE8F6
:102670001040ECF7A9BCEBF7C1BEECF7E9B800F0ED
:102680007FBAECF7EBB800F08BBAD0F88C0070B5DD
:10269000C468002324259C4201D1012070BD8268BA
:1026A00005FB0322D6898E4202D8128A8A4201D2C1
:1026B0000133F0E70020F1E7F8B505460E46E7F7ED
:1026C000CBFED5F88C307BB15B696BB1E9F770FC60
:1026D000D5F88C305B691B1A584240F26B124FF0F0
:1026E00042015841E8F78AF8F76800224FF6FF7375
:1026F0004FF0240CD0B2B84208D31C4621462846DD
:10270000E8F73AF800F010F92046F8BDB1680CFB84
:102710000011CC899C4202D2002CEFD0234601321A
:10272000E8E7008B70470A7838B505461046FFF792
:1027300082FF60B14C782046FFF77DFF38B122431D
:10274000530704D42846BDE83840ECF7B7B8012059
:1027500038BD10B504460878FFF76DFF58B14A78C8
:102760001046FFF768FF30B1042A04D02046BDE8C8
:102770001040ECF7DBB8012010BDEBF7E5BDECF73E
:1027800061BBEBF767BF38B504460D46E7F7F4FFCA
:1027900028B929462046BDE83840EBF727BF38BDA9
:1027A000ECF734BF70B516460C46FBF74CFF3146CC
:1027B00005462046EAF7AAF904462846FBF747FFF4
:1027C000204670BD00F0D6B938B5044648880D469D
:1027D00000F0A8F8D4F8A0302BB929462046BDE86F
:1027E0003840ECF7D9B8022038BD00F09CB800F0B2
:1027F00018BA73B5044600200D4600F093F8D4F8DB
:10280000A06069462046FFF7F2FF5EB99DF8001010
:102810002A462046DFF702FA0146204600F0CDF9AD
:1028200002B070BD00231A4629462046B047F7E79C
:10283000EBF77EBDE8F7CEBD38B505460C46FBF795
:1028400002FF2B6B1C40EB6A2343EB62FBF7FFFE9E
:10285000211E18BF01210020490238BD38B50446A9
:102860000D46FBF7F0FE236B1D40E36A23EA0505E6
:10287000E562FBF7ECFE284638BDC06A704710B52C
:1028800001210446FFF7EAFF2046BDE81040E9F7C2
:1028900059BF38B504460D464FF48811FFF7DEFFE7
:1028A00029462046BDE83840E8F7E6B90846E9F78A
:1028B00023BA00F084B8E9F7AFB80847022A01D874
:1028C00000F0CBBA01207047022A01D800F0D6BA36
:1028D00001207047022A01D800F0E2BA01207047B7
:1028E000ECF776BF0846ECF795BF00F016BB00206A
:1028F00070470020704738B50D6804462846E8F751
:10290000ADF9D4F8903043B15B6933B1013504BF00
:102910006FF001020A600A681A60002038BDECF707
:1029200049BE7047704770477047704738B50D46CD
:102930000446E9F73DFBAC4042F2107364095C4386
:102940006423B0FBF3F0B4FBF0F038BD022807D0ED
:10295000062807D0003818BF01204042C0B2704797
:10296000012070470020704730B51F23B0FBF3F300
:102970005D1CEDB24FF0FF34C3EB4313AC40C01A03
:10298000E4430130E4B2C0B21460086030BD70B5F9
:1029900005460E46C0B201F00F01FFF7C7FFC6F3B0
:1029A00003110446C5F30720FFF7C0FFC6F3032158
:1029B0000444C5F30740FFF7B9FF204470BD08B5D4
:1029C000E8F76CFFBDE80840E8F7F2BF10B5044631
:1029D000E8F764FF844288BF01F1FF31204601F02F
:1029E0000301BDE81040E8F7E3BF38B50446FFF740
:1029F000E6FF0546FFF7E3FF431BA342FAD338BDCA
:102A00000020704700F03003202B10B513D110F4D4
:102A1000E02FC0F302440AD010F4C01FC0F3C42357
:102A2000B3FBF4F418BF6400052C0ED86408E9F772
:102A3000B9FB604310BDC0F382136FF012041C4158
:102A400004F00104C4F10204F1E70424EFE710B537
:102A5000044651B10B6843B15B6833B11A68032A6D
:102A600003D99C6A640E204610BDFBF7ECFD0146BD
:102A70002046E9F78DFD04460846FBF7E8FDF2E73E
:102A800038B14FF47A735843A0F6AC50401AE9F7C6
:102A9000C1BE4CF25030FAE7EAF714BEEAF712BEB4
:102AA000EAF710BEEAF70EBEEAF70CBE7047436BBA
:102AB00003F06003402B0DD0602B03D0203B584225
:102AC0005841704749B10B68012B06D9486940F05D
:102AD0000100704740F20110704700207047034624
:102AE00070B10268022A0BD9426A12F47F4FC2F316
:102AF000072006D01B6AD2B25A43B2FBF0F07047EF
:102B000000207047F0B5144687B01E460F4619B92D
:102B10000024204607B0F0BD002AF9D00028F7D0E5
:102B200001A9EDF735F90028F2D0BDF80630BDF85F
:102B30000850A2199A42C4BF9B1B9CB2B54212D93D
:102B40000399AD1BADB23144A5420391ADF80850D5
:102B50000DD22A463846FFF7A2F80499621B78196D
:102B6000FFF79DF8D5E70499761B3144049122467E
:102B70003846F5E70846E9F7A1BB0220E8F778BE3A
:102B8000D0F894304BB11A68022A06D993F8250080
:102B900028B11B6AB3FBF0F07047FFF76EBD7047BA
:102BA00008B50146D0F89400FFF799FF20B9BDE8B9
:102BB00008400846FFF765BD08BD10B590F8D03055
:102BC0000E2B04462BD00175D0F8900020B3D4F81A
:102BD000A0304BB994F8D9308B420BD32046002259
:102BE000BDE81040EBF732BFB4F92420B0F9123041
:102BF0009A42F3DD94F8D91000222046EBF726FF25
:102C000060B9C4F890002046FFF78BFD01462046CE
:102C1000BDE81040E7F7B0BDFF23637510BD02208B
:102C2000FCE70346D0F8D0000860B3F8D4308B80BE
:102C30000020704790F8D0300E2B14BF407DFF204D
:102C40007047F8B50C4640210546EBF799F94FF46B
:102C50000061074606462846EBF792F930B17CB191
:102C600095F8CA3073B16FB93046F8BD22024FF4FF
:102C700080712846EBF770F9061E18BF0126F3E7AE
:102C80002246F4E74FF48072F1E74FF48071EBF7DE
:102C900077B94A024FF40071EBF75EB98A024FF43C
:102CA0008061EBF759B94FF40071EBF769B970B572
:102CB00006468D880C46EBF7D7FD727C053AEB0093
:102CC000012A98BF033388B1B3F5803F0ED842097B
:102CD0004FF2244101FB032322680009B3FBF0F308
:102CE0001A4407232260A371002070BD0220FCE774
:102CF0003F2B084610B5114619D9B3FA83F3C3F137
:102D00001902D2B2062A01D8192B0ED0062A28BFE2
:102D10000622931DDBB201249C40A4B2A14228BF2D
:102D20002146ECF74DFE204610BD0022F1E70024BD
:102D3000F9E713883F2B10B5084616D9B3FA83F389
:102D4000C3F11901C9B2062901D8192B0BD00629E4
:102D500028BF06218C1DE4B20123A3401380ECF7A9
:102D60004DFE002010BD0021F4E70120FAE7EBF74B
:102D70004DB910B5084614460121E9F727F9204658
:102D80000121BDE81040E9F721B9F8B504460E4627
:102D90001746FBF758FC3A4605463146204600F0F8
:102DA000CEF904462846FBF752FC2046F8BD022027
:102DB000704703207047E8F753BD10B5ECF73EFAB3
:102DC000044608B9EAF796FA204610BD38B504461D
:102DD000817515464AB100F0A7F808B9002016E041
:102DE000237C43F080032374F8E70846E8F7F8FAF9
:102DF000FF28A07508D0204600F096F80028EDD0F6
:102E0000237C65F3C713EEE7E8F740FB012038BDEC
:102E1000704770B505460E461446FFF786FD3146ED
:102E20002846FFF749FCFFF780FD04F00903082B53
:102E300004D10B2C9CBF24F00804A4B221462846E0
:102E4000EBF7FCFA00224FF400312846EBF784F848
:102E5000002070BD8021EBF793B87FB5531C05AA05
:102E6000ADF81410029202210022CDE90021DBB25C
:102E70001146EBF78FF807B05DF804FB7FB5531CE4
:102E800005AAADF81410029204210222CDE9002116
:102E9000DBB200220121EBF77DF807B05DF804FBFF
:102EA0001FB5531C029100220821CDE90021012207
:102EB000DBB21146EBF76EF805B05DF804FB07B521
:102EC00091F82830009391F82B3091F8292091F84F
:102ED0002A10ECF761FC03B05DF804FB38B5054639
:102EE000EBF7A6FA04462846EBF780FA072811D13B
:102EF000D5F89030DB6924F47F4121F0080103B15B
:102F00005B7841EA032141F020012846BDE83840C2
:102F1000EBF794BA24F02001F7E7081E18BF012050
:102F200070470020002170474021EBF729B80020AE
:102F30007047022070470020704701207047002032
:102F40007047002070470120704700207047ECF761
:102F500081BB08461146E7F7BDBA70B505460C4679
:102F600011461A46ECF786FC06682B462046B44606
:102F7000BDE87040604710B5ECF77CFCBDE8104040
:102F800083681847E9F738B94942FFF7FBBF73B5C3
:102F90000D7806460C4635B304238DF804302379AA
:102FA0008DF8053001A93046FFF7D3FB0546B8B9C7
:102FB0002278A37952BB8DF80430E3798DF805307F
:102FC00001A93046FFF7AFFB054648B923783BB16E
:102FD00061883046EBF7E2FD01213046FFF731FE14
:102FE000284602B070BD2946FFF72BFE2946304621
:102FF000FFF74FFE29463046FFF750FE2378002B9F
:10300000CAD123798DF804306379C9E702228DF89B
:103010000420D3E7FFF73DBEFFF745BEFFF768BECC
:10302000FFF787BE08461146ECF7B2BEC0F89C1009
:1030300000207047EBF7F0BD70B5144686B005462A
:103040000E46122200210DF10600FEF714FE236841
:10305000009369462846ADF80460FFF728FE009B00
:10306000236006B070BD38B50446154609B1FFF7B8
:103070007EFE25B12046BDE83840EBF7C7BE38BD1F
:10308000084611461A46BDF80030FFF73BBD2DE952
:10309000F74F1C469DF830300193036803F0070397
:1030A000063301259D400646174605F1FF380B46BD
:1030B000A1B1416804EA080BA5EB0B0A41F00059E5
:1030C000524509EB0B0114D952461846FEF7E7FDAD
:1030D0007A1B5A4449465044FEF7E1FD019B2BB14F
:1030E0003C4448EA050804EA0804F46003B0BDE87B
:1030F000F08F1846F0E737B5002500951446FFF726
:10310000C6FF204603B030BD026802F00702063257
:1031100001239340026AC2F30C028A4210B584BFB5
:103120004468C26803F1FF3388BF89189BB285BF2A
:1031300044F0005019404FF0FF30405C10BDF7B52F
:1031400005460F4668461146ECF7F0FE064698B174
:1031500097B1DDE900311B0A43EA0163A5FB034394
:10316000090A05FB0135E8F723FF0023024629463B
:103170002046E5F7FDF93860304603B0F0BD002287
:103180008A4202D14FF0FF30704750F8223093FA54
:10319000A3F30BB90132F3E7B3FA83F000EB42106B
:1031A000704710B50446ECF7DBFF21460020EEF730
:1031B00073FEBDE81040002000F0B5B9704708B5B7
:1031C000EFF7A8FD80F00100C0B208BDFFF771BBAA
:1031D000704700207047704770B5144681F00105B4
:1031E00019B90D2A07D1FF2018E00D2A03D1007864
:1031F0000538C0B212E0084400F047F8C5F10401F8
:1032000010F440660246C9B209D1042C084605D024
:10321000052C16D112F0400F18BF084670BDC5F13D
:103220000603042CD8B2F9D0B6F5006F03D1C5F16E
:103230000805E8B2ECE7B6F5406FE9D1C5F10E0537
:10324000F7E712F4404107D1062CE7D0072CE5D070
:10325000082C13D10130CCE755065CBF831CD8B2D3
:10326000062CDBD0B1F5004F02D1831CD8B2EDE7BC
:10327000B1F5404FEAD100F10803F7E7130744BF67
:103280000530C0B20C2CC9D9ADE700887047017079
:10329000090A4170704710B50024E3B210B9C3F1B8
:1032A0000303DBB20134042CCA544FEA1222F4D1D6
:1032B00010BD10B50B784C788A78C97828B91046BB
:1032C0002246044608461946034642EA012043EADC
:1032D000042343EA004010BD10B50C46EFF7D6FBBF
:1032E000048010BD38B50C461546EFF7CFFB0388B8
:1032F0001DB11C43A1B2018038BD23EA040189B28B
:10330000F9E708B5EFF7C2FB008808BD08B5EFF78D
:10331000BDFBC07808BD08B5EFF7B8FB008800F02A
:103320000C0008BD08B5EFF7B1FB008800F00C00F9
:10333000031F5842584108BD38B50546EFF7A6FBB4
:1033400004462846FFF7EEFF30B904F11000FFF7FE
:103350009CFF00F4406038BD4FF40060FBE738B5D7
:103360000546EFF793FB04462846FFF7DBFF0146CF
:1033700048B9103420460422EEF73CF82044BDE85A
:103380003840FFF782BFA08838BD10B50C46EFF774
:103390007DFB848010BD38B50546EFF777FB04460A
:1033A0002846FFF7BFFF30B904F11000FFF76DFFAB
:1033B00000F4404038BD4FF40060FBE738B50546E7
:1033C000EFF764FB04462846FFF7ACFF014648B917
:1033D000103420460622EEF70DF82044BDE83840B0
:1033E000FFF753BFA08838BD38B50546EFF74EFB51
:1033F00004462846FFF796FF014608B1201D38BD58
:10340000103406222046EDF7F5FF2044F7E708B513
:10341000EFF73CFB007A08BD08B5EFF737FB90F9F2
:10342000090008BD08B5EFF731FB807A08BD08B583
:10343000EFF72CFBC06808BD10B50C46EFF726FB74
:10344000047210BD10B50C46EFF720FB447210BD9E
:1034500010B50C46EFF71AFBC46010BD2DE9F84318
:103460000F468046002107F1100016469946EFF7F7
:10347000D3FB0446D0B1EFF709FB05462046EFF732
:1034800021FB002102462846FEF7F5FB0023AB7026
:1034900049F004012046FFF71FFFA5F804802EB174
:1034A0003A46314605F11000FEF7F9FB2046BDE82B
:1034B000F883F8B505460F4610200021EFF7ACFB66
:1034C0000446B0B1EFF7E2FA06462046EFF7FAFA03
:1034D000002102463046FEF7CEFB0023B37039468A
:1034E0002046FFF7F9FE25B12A4601212046EFF7D5
:1034F0006BFB2046F8BD08B5EFF7C8FA103008BDE1
:1035000008B5EFF7DFFA1038C0B208BD10B50C46A9
:10351000098821B90846FAF757F8208008B1012038
:1035200010BD0220FCE70020EEF7E2BB08B5EEF785
:1035300067FE002008BD4088C0F30C0003308008FF
:1035400040000430704708B520B1EFF7B3F800F041
:10355000010008BD0120FAE708B5EEF7FDFFBDE860
:103560000840FFF7F0BF70B50E46054611463046DD
:10357000EFF752FB044635B128B1EFF787FA324630
:103580002946FEF75EFB204670BD0088B0FA80F049
:1035900040097047008810B1C9B2EFF701BB70470E
:1035A0002DE9F041B0F8008006460C46D5B2B8F1DE
:1035B000000F11D029464046EFF7F2FA224607469F
:1035C00029464046EFF700FB3A4629462046EFF7EA
:1035D000FBFA3480BDE8F0810F46F5E738B5058881
:1035E00000220446FFF7DCFF05B1258038BDF8B5A1
:1035F00007460D46008800211646EFF7D1FAB04283
:10360000044605D129463846BDE8F840FFF7E6BF35
:1036100000212046EFF7C4FAB04205D02046002131
:10362000EFF7BEFA0446F3E72A4620460021EFF7FB
:10363000CBFA324628460021BDE8F840EFF7C4BA7D
:10364000034608461B888B4202D00021EFF7A8BA38
:1036500000207047F8B5058807467DB1CCB22146F9
:103660002846EFF79DFA8542064609D100233B80A4
:10367000002221463046EFF7A7FA35462846F8BD26
:103680002146EFF78DFA214602462846EFF79CFACD
:10369000EEE72DE9F04707888246884614465FB377
:1036A0003846EFF70FFA3D460646E4B22146284673
:1036B000EFF776FA4045814616D12146EFF770FACA
:1036C000214602462846EFF77FFA474504D1454593
:1036D00008BF0025AAF80050002221464046EFF717
:1036E00073FA3046BDE8F0878742FAD0EFF7EAF97F
:1036F000304486B24D46D9E73E46F2E72DE9F04721
:1037000080460F4602F1FF3906460024BC4202D231
:1037100019F8015F25B9A6EB0800C0B2BDE8F08733
:103720009A46A5F13102012A5AF8041B10D83246F4
:10373000322D02F8011B06D10134E4B2A74232D384
:103740000912B21C71700134E4B253461646DDE72B
:10375000342D0CD10334BC42DDDA0B0A31707370A6
:103760000B0C090EB370321DF170E4B2EBE7A5F15A
:103770003302062A0DD8303DEDB22B19BB42CADA0E
:103780002A463046013CFEF75CFA55FA84F4721979
:10379000EBE7A5F14102062A01D8373DECE71D7998
:1037A00003F1080AE9E71646B5E770B50546008853
:1037B0000C46EFF787F9844228880AD9EFF782F997
:1037C0000023221AD2B228461946BDE87040EFF70E
:1037D000A9BA2146EFF792F9002070BD2DE9F84310
:1037E0000746084616469DF8209088461C46EFF787
:1037F0004DF98519CCB1C5B14046EFF763F92644C0
:10380000864214DC2246B9F1000F06D1294638461B
:10381000FEF717FA0020BDE8F883B9F1010F394629
:103820002846F5D0FEF73BFAF4E72120F3E71D2008
:10383000F1E738B50546EFF729F904462846EFF7D2
:1038400041F9002201462046BDE83840FFF78BBE13
:10385000F8B516460C461D46BDF81870EFF716F978
:1038600004443046EFF712F93A4641192046BDE8C4
:10387000F840FEF7E6B970B50C460131C9B206460C
:10388000EFF7F4FA214605463046EFF7EFFA00EB82
:10389000052080B270BD1FB50123ADF80C20009348
:1038A0000A460223014603A8FFF798FF05B05DF81A
:1038B00004FB73B504460D46402000211646EFF781
:1038C000ABF9ADF80600EFF7E1F8BDF8063013B933
:1038D000002002B070BD402133462A462044FFF745
:1038E0000DFF2118C9B20DF10600FFF75EFF002899
:1038F000EED1BDF80600ECE70EB403B503AA52F80A
:10390000041B0192FFF7D5FF02B05DF804EB03B092
:10391000704700220123C0E900237047F8B5044630
:1039200001270026FAF79AFE23683BB9FAF79CFEB6
:1039300063680022012B0ED16360F8BD1D691F6111
:103940002660FAF791FE012DF2D02B462D691E61FB
:10395000012DFAD1E6E719691A610B46EAE7006919
:10396000003818BF01207047036823B94068012858
:1039700003D0EFF7A9BA002070474FF0FF3070472F
:10398000F8B50546FBF7D2F901230646A8602B736C
:103990000027FAF763FE2B6802467BB11C69216998
:1039A000A1420CBF2F60196127611046FAF75CFE37
:1039B000012C08D0636820469847EAE76C68012C20
:1039C00004D1FAF751FE00232B73F8BD6169711A17
:1039D000B1F1004FF5D8216969602361E5E7014441
:1039E000884201D10120704710F8013B9342F7D083
:1039F0000020704730B5014693B005460020EDF732
:103A00008FF910F0FF040BD16A4621462046EEF7ED
:103A100065F96A46214620468DF80250EEF73EFCD5
:103A2000204613B030BD00B5002193B06A46084669
:103A3000EEF754F99DF9020013B05DF804FB00B5F0
:103A4000002193B06A460846EEF748F99DF8000059
:103A500013B05DF804FB08B5EDF7A8FC003818BFFB
:103A6000012008BD002070477047704770477047BD
:103A700070477047704770477047F8F711BA00B544
:103A8000002193B06A460846EEF728F9BDF8060013
:103A900013B05DF804FB10B5002192B004466A46ED
:103AA0000846EEF71BF900216A460846ADF80640C5
:103AB000EEF7F4FB12B010BD00B5002193B06A46DA
:103AC0000846EEF70BF9BDF8040013B05DF804FBEF
:103AD00010B5002192B004466A460846EEF7FEF89B
:103AE00000216A460846ADF80440EEF7D7FB12B055
:103AF00010BD70472DE9F04F85B00C4691468046C9
:103B0000FFF709FC671C05463846FFF7BEFB042D8E
:103B100040F08B804046FFF7EEFC037803F0030390
:103B2000012B4FF009024FF00101204614BF4FF066
:103B3000020B4FF0030BEDF75DFC09220021054657
:103B40002046EDF757FC21788DF80F00013900224F
:103B500089B22046FFF707FD04EB090A0646D0B1FB
:103B60002A4601460DF10F035846FBF7A3FA022837
:103B7000054626D13046EEF7A5FFC0B220700023DF
:103B8000013800930122C3B231463846FFF726FEC2
:103B90002378013323704046FFF7B3FB020424D49B
:103BA0009AF8013021789B071FD50139A1EB090153
:103BB0004246C9B25046F3F759F9237818442070A9
:103BC00013E020B92070284605B0BDE8F08F032827
:103BD00009D15046FFF759FB20F4007189B25046D5
:103BE000FFF755FBD7E70428D5D10125217800221E
:103BF0002046FFF7B8FC06460028E4D00023014623
:103C000001221846FBF756FA022819D13046EEF782
:103C100059FFC0B220700023013800930122C3B2C3
:103C200031463846FFF7DAFDCDE780F0800520F019
:103C3000800081B23846C5F3C015FFF728FBD5E7F1
:103C40000028C0D12070BEE708B50020FFF7B7FA02
:103C500080F00100C0B208BD0A4608B50146002048
:103C6000EFF7DAFCB0FA80F0400908BD0020EEF76B
:103C700047BC00210846EEF7BFB80020EDF72EB88C
:103C800008B5EFF731FD003818BF012008BD01204D
:103C90007047EFF74DBE10B50C46098821B90846AC
:103CA000F9F776FC208008B1012010BD0220FCE766
:103CB00010B50446FDF7FDF908B9FDF7FCF9030559
:103CC0000FD40C231B2B01D1002009E020FA03F1B3
:103CD000C90703F1010206D5DBB2E31A5842584185
:103CE00010BD0B23F9E71346ECE710B50C46098825
:103CF00019B90846F9F768FC2080012010BD402959
:103D000008B5104604D009D811B13F290CD0C9B26A
:103D100000F0ACFABDE80840FBF7CCBB412905D068
:103D20004C29F4D18D21F3E73121F1E74221EFE76E
:103D300070B592B004460D4616466A46EDF7CEFFC2
:103D40006A46294620468DF81F60EEF7A7FA12B0A2
:103D500070BD07B50DF10701F0F71AF820B19DF815
:103D6000070003B05DF804FBFF20FAE710B50C462E
:103D7000F0F714F92046BDE81040F0F725B8012906
:103D8000F8B505460C461DD003291ED0052920D0C4
:103D9000072922D00026002400270120EDF794FAFD
:103DA000304485421DDA0320EDF78EFA2044854227
:103DB00019DA0520EDF788FA38448542B4BF0720A8
:103DC0000520F8BD6FF00406E5E76FF00404052652
:103DD000E2E700266FF00407DFE700242646052708
:103DE000DBE70120EDE70320EBE738B14379490039
:103DF00023F00C0301F00C010B434371704710B525
:103E0000044678B141794088490801F00601013142
:103E1000000AFFF7B4FF024601462046FFF7E5FF20
:103E2000104610BD0722FBE738B50D46F0F7A4F8A1
:103E3000044608B9002038BDFFF7E1FF002DFAD194
:103E4000237913F00703F5D0984238BF1846C0B263
:103E5000F1E70022F0F7EEBA002108B50122F0F7F1
:103E6000E9FA401A18BF012008BD38B51546FFF71A
:103E7000F0FF04462846FFF76CFF84B1FF2804D00A
:103E8000626822FA00F3DB0701D5012038BD012367
:103E9000834013436360E3780133E370F5E7204622
:103EA000F4E7F0F725BD0146102307220120EFF7C4
:103EB00035B910B5EEF7EAFD00F110042046FFF722
:103EC000E4F920F4007189B22046BDE81040FFF704
:103ED000DEB92DE9FF418DF80D301B0A15468DF82E
:103EE0000E3001919DF82C308DF80C0001218DF8D9
:103EF0000F300091042303AA28469DF828809DF8DE
:103F000030709DF8346001F024FA044670B12946FF
:103F1000FFF73BFAB8F1000F02D12046FFF7C9FFC7
:103F20002FB146B93146204601F07BF800242046E7
:103F300004B0BDE8F08100231A4619462046F0F788
:103F400059FCF3E74FF47A70F0F7AEBD08B5EFF720
:103F50006BF8BDE808400020F0F79ABE1FB5044694
:103F60006846FFF7A0FF54B100238DF805301023F9
:103F7000072269460020EFF7D1F804B010BDFFF723
:103F80007EFDADF80600FFF797FDADF80000EEE707
:103F900000B58BB06846FFF786FF009BBDF80600B2
:103FA000069304A9F0F726FD0BB05DF804FB1FB5DE
:103FB00004466846FFF777FF02AB03CB20606160E1
:103FC00004B010BDFF22F0F74FBF1FB50623044613
:103FD0008DF80C30F0F7A2FF0023CDE900338DF807
:103FE0000D00022303AA0121204601F0B2F904B01A
:103FF00010BDF8B50E460746FFF77DFA0546FFF7F8
:1040000044F900F44040B0F5404F14BF00220622AE
:1040100002F10A030B32EB5C5C0004F00E045B0857
:10402000144403F0380338461C44FFF769FA84420D
:1040300008D2001BC2B20F2A28BF0F22291930460E
:10404000FDF72DFE2046F8BDEEF7EEBFD020F2F7CB
:1040500067BAFF224FF6FF71F2F782BB0020FFF72D
:10406000F8BF37B5082305460C46092269460120EA
:10407000EFF754F815B19DF806302B700CB1009B8A
:104080002360BDF8040003B030BD07B508238DF8E8
:104090000600ADF804100092694609220020EFF7EF
:1040A0003DF803B05DF804FB13B5044601A90020F8
:1040B000FFF7D7FF019A01462046FFF7E6FF2046AB
:1040C00002B010BDF0B50F46002187B00446084687
:1040D0001646FFF7C6FF012305460DF10A008DF8CD
:1040E00008408DF80930FFF762FF092C1DD13146D9
:1040F0000DF11200FFF7CBF805AB02AA9B1A0021C5
:10410000CDE900112846DBB2642101F022F9054611
:10411000E0B1092C15D1F2F797FC044688B1284686
:10412000F2F7A6FC204607B0F0BD31460DF11300B2
:104130008DF812704FF6FF75FFF7A9F80DF1150312
:10414000DBE7284600F014F80446EBE70446E9E70D
:1041500038B504460D4600F086FF40B1AC4206D0AB
:10416000204600F071FFBDE8384000F052BF38BD76
:1041700010B50446FFF7BFF90230FFF786F84FF697
:10418000F7739842204603D9BDE81040F2F7EEBD20
:10419000F2F730FEB0FA80F0400910BD0120704700
:1041A0000022F2F719BD70B504460088FFF7A3F9A5
:1041B00005460430FFF769F80646A81CFFF765F8C6
:1041C0000546FAF7AEFD3046F3F7DEFF30B9284674
:1041D000F3F7DAFF10B1284600F045FFA37823F08B
:1041E0000F03A370002070BD70B50546FFF783F97B
:1041F0000646284601F0D1F801462846EEF736FE7D
:1042000004462846FFF7ABF84FF6F773984208D8F4
:10421000337803F00303012B05D1A31E5842584104
:1042200070BD0120FCE70020FAE730B585B041F20F
:1042300003330D46ADF808300446FFF720FC8DF837
:104240000A00FFF71CFC0021000A8DF80B00CDE9E5
:104250000011052302AA20468DF80C5001F079F8D0
:1042600010B12146FFF79CFF05B030BD70B5044684
:104270000D4691B131294FF0000600D13546204658
:10428000FFF749F808280AD101212046EEF788FCFB
:104290002946BDE87040FBF74CB80126EFE7204601
:1042A000FFF739F8024630B9BDE870404FF6FF71AC
:1042B0000120FCF75ABA2046FFF73EF8B0F5006F30
:1042C0000ED12046FFF74BF84FF6FF739842014698
:1042D00017D0002D0CBF032005200022FCF745FA63
:1042E00029462046F0F744FB68B929462046F3F7F3
:1042F000F7FE40B9324629462046BDE87040F2F745
:10430000C3BE0120E9E770BD7047704737B54FF66F
:10431000F675DEF72BFD431E9BB2AB420446F8D880
:10432000EFF72AFE0028F4D169462046EFF708F996
:104330000028EED0204600F04DFE0028E9D12046AE
:10434000FFF78AFD0028E4D12046F3F71DFF00287F
:10435000DFD1204600F087FE0028DAD12046FCF7A6
:1043600045FA0028D5D1204603B030BD73B50446C8
:104370000E46F3F709FF054688B92046F3F75EFFBE
:10438000214600952B460D224FF6FD7000F053F8A4
:104390003146204602B0BDE87040F3F711BF02B0CD
:1043A00070BD37B5054614460C2914D8DFE801F076
:1043B0002913291313130713131313242400694615
:1043C000EFF7BEF818B901216846F7F733FE42202F
:1043D0002946F9F7CBFEBCB12046FFF78CF8023036
:1043E000FEF753FF4FF6F77398420DD9204603B0FE
:1043F000BDE83040F2F772BD0B2914BFAA20A920F6
:10440000E6E700F0EEFDE6E703B030BD1FB503467A
:10441000084603218DF80C108DF80D300021012382
:10442000CDE90031ADF80E20042303AA00F091FF7E
:1044300005B05DF804FB2DE9F34106469DF82080A8
:104440000F4614461D46FFF71AFBB04207D1002263
:104450002146384602B0BDE8F041FFF7A2BF3A4618
:1044600031462046FFF7D2FFADF8060060B10D2CB3
:1044700005D100224FF6FF712820FCF776F935B9F7
:10448000BDF80600FFF774FE02B0BDE8F08101231D
:10449000424629460DF10600EEF744FCBDF8063011
:1044A000002BEDD1F0E7F7B50C460546FFF723F8F2
:1044B000611CC9B206462846EEF7D8FCA11C074687
:1044C000C9B22846FFF7D7F9014604463846FAF73D
:1044D00000FF0D2F34D12046F3F756FE78B1301D82
:1044E000FEF7D3FE04462846F679FEF767FF31460D
:1044F0000246204603B0BDE8F040FFF7B6BCB01C52
:10450000FEF7C3FE4FF6F773984202D92846F2F73A
:10451000E5FC2046F3F792FEFFF7B1FAA04205D181
:10452000002003B0BDE8F040FFF7EEBEB068F168D0
:104530006B4603C369462046F3F742FE03B0F0BD65
:104540002A463946204603B0BDE8F040FFF729BFB0
:1045500014220021FDF78FBB2DE9F0470B078EB029
:1045600004460E4615465CD10120E2F78DFC09A8F1
:10457000FCF764F9092309A88DF82430FCF762F9E7
:1045800009A8E2F753FC01A909A8FCF7BEFB26F035
:104590000F072F4404F1100804F10F09BD4211D197
:1045A00023693344236101A909A8FCF793FB002088
:1045B000E2F76AFCB6F1005F2CBFB12000200EB01C
:1045C000BDE8F08705AA23469646186859689446C0
:1045D000ACE80300083343456246F6D12B46224639
:1045E00005F1100A53F8041B42F8041B5345F9D196
:1045F000714609A8FCF76EFB09A8E2F717FC2246F2
:1046000021460120E2F7D2FB013D631E13F8012F82
:1046100015F8011F4B4582EA01021A70F6D1554682
:10462000BCE77020CBE7F0B585B0174605460C46D1
:10463000102200216846FDF71EFBBFB3C4B30F2C48
:1046400004F00F0608D924F00F043A462146284604
:10465000FFF782FF40BB2744324639466846FDF7E4
:104660001EFB2F6906F1100337446B448022B7F517
:10467000005F03F8102C2F61C6F110061AD3062E26
:104680001FDDFB001A0E8DF80A201A0C5BBA8DF89C
:104690000B20ADF80C306A4610212846FFF75CFF6E
:1046A0002B69103B2B61002005B0F0BD3E46D8E7DA
:1046B0002646D6E7022E04DDFB005BBAADF80E30CD
:1046C000E9E76A4610212846FFF746FF2B69A3F168
:1046D00010042C61102200216846FDF7CCFAB7F5D2
:1046E000005F4FEAC403CDD2E7E770B586B00E464F
:1046F000054601A81446FFF72BFF3246294601A8BC
:10470000FFF791FF05AE054601AB22461C4603CCE0
:10471000B44210605160234602F10802F6D12846E7
:1047200006B070BDF3F732BE0A460021F3F72EBE85
:10473000F0B58BB00C4601A9F3F728FE054688B307
:1047400025220021E01CFDF796FABDF81070012328
:10475000A370FA054FF00E03238010D523464FF4C3
:10476000877223F8042B06AE0DF1280C324603CADB
:10477000624518605960164603F10803F6D13B06FE
:1047800005D5238843F080032380069B636001AB3B
:1047900003CB039BC4F81D00C4F82110A361F4F7F8
:1047A00001FF606128460BB0F0BD30B5054687B00B
:1047B00001A80C46FCF742F82868696802AB03C3FD
:1047C0009DF8113043F002028DF8112074B1228857
:1047D000510644BF43F006038DF81130530542BF24
:1047E0009DF8113043F008038DF8113001A8FCF753
:1047F000CBF9B0FA80F0400907B030BD2DE9F341A4
:104800000F4605461646EEF75DF9C41BE4B24FF0BD
:1048100000082946CDF8008023463A463046FEF788
:10482000DDFF01212846EEF7BBF988B101212846BA
:10483000EEF7B6F90746EEF745F9C5B22B46301943
:10484000CDF8008042463946FEF7C8FF2544ECB259
:10485000204602B0BDE8F0812DE9F74F0C9E9DF88F
:1048600034808946054693461C46EEF72BF901270E
:1048700023464A462946824600975846FEF7AEFF31
:1048800039462846EEF78CF94C4428B33946284679
:10489000EEF786F95FFA8AFA5445814611DAE4B2F6
:1048A000AAEB040B5FFA8BFB2246304600975B466F
:1048B00029464444FEF792FFA4EB0A045E4404F048
:1048C000FF0801230C93002243464946304603B0BB
:1048D000BDE8F04FFEF782BF0C974346E2B229468F
:1048E000F4E72DE9F04186B00026074608460C465D
:1048F00015469846CDE9026604968DF81460EEF7E9
:10490000E1F8411BCBB20D2B28BF0D2300962A46A0
:10491000214602A8FEF762FF424602A93846F3F795
:1049200089FE9DF80820064629462046EEF7B2FA91
:10493000304606B0BDE8F0812DE9F04F0E46CBB011
:104940000121054617461C46EEF72AF923463A464A
:104950002946814606A8FFF7C4FF0DF1280A00EB9F
:10496000070B5FFA8BFB524631462846FFF746FF9E
:10497000B34503D200204BB0BDE8F08FABEB060887
:104980005FFA88F808F104039842F3DB331F1844F8
:10499000C4B204230193A31BDBB20093CDF808A09B
:1049A00043465246002106A8E2F786F9C0B2002825
:1049B000E0D1A4EB0B040AEB0803E4B2524628460C
:1049C0000093314643460194FFF746FF3946284697
:1049D000EEF74CFA394600F0F8022846EEF75AFA9C
:1049E00001212846EEF7DCF8002818BF4D4628467E
:1049F000ADF81650EEF766F8011FC9B20DF11600BA
:104A0000FEF7D3FE0120B6E72DE9F041044600F0A1
:104A1000C4FC411C074689B2204600F091FC98B3C3
:104A200097B339462046EEF721FA00F00C03042B29
:104A3000054629D000F00308B8F1020F00D11BBBD6
:104A4000284600F015FD2B060744BEB216D5711C92
:104A500089B2204600F074FCB0B1F9B22046EEF7FE
:104A600005FAB8F1010F014600F003030CD0032B47
:104A70000AD0284600F00BFD304486B2314620466D
:104A8000BDE8F04100F05CBC0020BDE8F081F8B565
:104A9000064600F044FC054604463046FEF72BFD72
:104AA00043785B0718D5AC1CA4B22146304600F011
:104AB00047FCB8B129463046EEF7D8F9691C0746DD
:104AC000C9B23046EEF7D2F91FB1874201D8FF28AC
:104AD00008D104EB4704A4B221463046BDE8F840B3
:104AE00000F02EBC0020F8BD13B5044601A8F3F772
:104AF000B1FFBDF80430DA0710D49B0707D41022A9
:104B00000021204602B0BDE81040FDF7B4B82246AF
:104B100021461020FFF7E9FD0028F0D102B010BDBA
:104B200013B50024CDE9003413460A460146062099
:104B3000F3F7BCFF02B010BD08B50246F3F7ACFFB7
:104B4000510544BF0838C0B2130544BF0838C0B28D
:104B500008BDF0B5D3078BB005460C4649D5008893
:104B600000F01BFC00230646029314B9CDE9034470
:104B700003AC002208212046FEF731FFA0B12888AF
:104B8000FEF7B9FC0230FEF780FB21460746EEF740
:104B9000D7FC48B1002240231146384600F0FDF909
:104BA000BE2528460BB0F0BD31462888EEF75EF9E9
:104BB00010F0030F0CBF01260026F3F72BFC46EA8A
:104BC0004000C0B2009002AB05AA00212046F5F7D4
:104BD00009F90546F3F71EFC0028E2D0002DE0D0CD
:104BE000009602AB05AA00212046F5F7FBF8054622
:104BF000D7E7A625D5E701461A2308220120EEF7BC
:104C00008DBA00231A46F5F75BB830B58BB005AD09
:104C100004462846FBF712FE022301A928468DF818
:104C20001430FCF772F801AA2346144603CCAC42B8
:104C300018605960224603F10803F6D10BB030BD6D
:104C400008B50023024619461846F5F739F8012041
:104C500008BD37B504466846F5F7A8F8054648B1DB
:104C6000082221466846FCF7DCFFB0FA80F04009D4
:104C700003B030BDFF2208212046FEF7B0FE0346F8
:104C800028B106212846FFF7BCFF0120F0E72246A5
:104C90000146F5F715F8F8E707B56846F5F786F821
:104CA00010B16846FCF7B0F900F0010003B05DF800
:104CB00004FB0120F5F75CBD704730B589B00546AF
:104CC00003A8FBF7BBFD012401A88DF80C40FBF7FE
:104CD000CBFF9DF806209DF80730AA4209D0AB42D1
:104CE00009D103A88DF80D40E2F7A0F8012009B022
:104CF00030BD0024F5E70020F9E708B50022114691
:104D00001046F6F727F8BDE8084000214FF6FF707F
:104D1000FFF777BF00221021FEF761BE70477FB515
:104D200002460D460D2317216846FAF72CF802AE0D
:104D30006B462A461C4603CCB442106051602346A1
:104D400002F10802F6D12068106023791371002364
:104D50006B7304B070BDF0B585B06C4606460B466B
:104D600001F10807224618685968254603C508332B
:104D7000BB422C46F7D1186828601B792B7131464D
:104D80000D231720FAF708F805B0F0BD38B5044632
:104D90000D46E1F7C1FDA04205D920462946FFF79F
:104DA000BEFF002038BD6920FCE738B5044600206E
:104DB00000F048F9FF2805460FD000F04DF910F03B
:104DC000010009D0284600F047F9400840EAC170C8
:104DD00080F0010000F0010038BD04F00100FBE7A5
:104DE000F8B5014606460020F6F7C0FEFF2801D0C0
:104DF0000120F8BDE1F780FD00240546871CE1F79E
:104E00007FFDE3B2984201D80020F2E735F8243064
:104E1000B34203D117F82430002BE9D10134EEE777
:104E200038B50D4601210446EDF7BAFE30B1012137
:104E30002046EDF7B5FE2880012038BD2C802046A5
:104E400000F084FB0130C0B2F7E72DE9F04788B0ED
:104E50000746894610460DF10A011D469046FFF7A8
:104E6000DFFFBDF80A6004464FF0000A3046CDE986
:104E700005AACDF81BA0EDF725FE031BDBB20B2B1B
:104E800028BF0B23CDF800A02246314605A8FEF727
:104E9000A5FC48F21F039D4243D00BD885F4004384
:104EA000012B15D900972346424649462846FCF770
:104EB000BDF833E048F23A039D42F3D1FEF7DFFD3F
:104EC000B8422BD02246414605A8FCF7DCF825E085
:104ED0009DF8143013BBBDF81D40DDF81500DDF85A
:104EE000191003AB03C303A92046E1F787FC012295
:104EF00003A92046F3F7E6F9A74206460ED00121A2
:104F000003A8F7F797F848F201039D4206D12EB99E
:104F1000334632463946204600F0BEFB08B0BDE8B5
:104F2000F0879DF81450002DF8D102349DF81570CB
:104F3000E4B2A846EBB2BB42F0D222460823314687
:104F4000CDF8008003A8CDE90388FEF747FC03A84D
:104F500000F075F800F078F8083400F05AF80135E0
:104F6000E4B2E7E710B50024848041800480C28069
:104F7000038110BD13B5BDF81040CDE90034002306
:104F8000F7F702FC02B010BD13B5BDF81040019058
:104F90000094F7F7F9FB02B010BD07B500930123A9
:104FA000FFF7F2FF03B05DF804FB38B50546F1F7F3
:104FB0004BFD0446E1F7BCFCA40144EA4020284034
:104FC00038BD7047704700207047FF2070470020B1
:104FD00070477047002070474FF6FF707047002001
:104FE0007047704700207047704700207047704737
:104FF00000207047002070477047704700207047BE
:1050000070477047002070474FF6FF70704793203D
:10501000704770477047704770477047704701206E
:105020007047012070470020704700207047002023
:1050300070477047704770474FF6FF7070474FF6E4
:10504000FF707047FF207047FF207047FF207047B8
:10505000002070470020704700200021704700208A
:10506000704700207047002070477047002070474D
:105070002DE9F04F002785B081460C467E20394649
:10508000BDF83CB09DF844A0BDF84C500192984644
:10509000ADF80E70EDF7C0FD0646002800F0AA80BE
:1050A000EDF7F4FC39467E22FCF7E5FD3046EDF7DE
:1050B000EDFC00903046EDF7E9FCB9F1FF0F14BFAD
:1050C00044F0030727463B0A14F44062077043701C
:1050D0005FD1C31C4FF00808184601994246FCF7FF
:1050E000B0FD04F440440346434484B1790606D439
:1050F00019464FEA1B2201F802BB5A700B46B4F561
:10510000004F56D0A4F5404254425441E400224698
:1051100018460E99FCF795FD009A03462044A0EB33
:1051200002085FFA88F89DB14FF47C521A53841C30
:105130002846EDF7ABFC83462846EDF7C3FCC5B225
:105140002A4659462046FCF7AAFD60190235EDB201
:10515000B9F1FF0F2FD0109900F8019B5246FCF7D0
:105160009EFD08F101015AFA81F129443046EDF71C
:10517000C5FC0C21FF00002207F0800739431046D0
:10518000FEF797F9ADF80E00E8B9002005B0BDE8CC
:10519000F08FB2F5006F80F803804FEA182880F88E
:1051A000048000F1050314BF4FF008084FF0020817
:1051B00092E70224ABE708EB0A0129443046EDF7F9
:1051C0009DFC0821D6E73046EDF760FC04463046EA
:1051D000EDF778FC0123C2B221460DF10E00EDF788
:1051E000A1FD0028D1D1BDF84820BDF80E00012155
:1051F000EDF7EAFCBDF80E00C8E700207047F8B5EF
:1052000006460D46F8F72EFA0328044621D0284614
:10521000F8F728FA032807461BD010F0020318D12C
:10522000A0070DD5F90716D401233C43E20704D4A7
:1052300031892A89914218BF002303F00100F8BD8B
:10524000082229463046FCF7ECFCB0FA80F35B09F3
:10525000EBE70020F3E71846F1E770B50D460021B3
:105260000646FEF797F9044630B1EDF70FFC01460C
:105270002846FFF7C4FF08B1204670BD21463046DE
:10528000FEF7DEF9EFE77FB54FF6FF7101AAF8F7F9
:105290007FFA20B1BDF80C0007B05DF804FB4FF6B3
:1052A000FF70F9E708B51046EEF7A4FFBDE8084027
:1052B000EFF75EB82DE9F7430F4601218146164608
:1052C000EDF76EFC054658B1FEF7B3FA308088B9A9
:1052D0002846EDF7F7FB68B1182003B0BDE8F0836E
:1052E0004846EDF7EFFBFF2FA0EB0704E4B214D024
:1052F00014B934800020F0E72A4621462846FEF7FC
:1053000032F980460028E7D000943B464A462946B9
:10531000FEF79EFAA6F80080ECE70120DDE708B56D
:10532000FEF7E9F8437803F001001A074CBF10308C
:105330000830DB0644BF0830C0B21030C0B208BD30
:1053400010B50C46EDF7BEFBA04234BF0020012093
:1053500010BD7FB59DF820600091144641F20921EF
:10536000024641F60920002E18BF01461D460020C6
:10537000099BF8F7A3FAADF80E0010B9002004B0AD
:1053800070BD01232A4621460DF10E00EDF7CAFC3F
:105390000028F3D1BDF80E00F1E738B50546FFF758
:1053A000BEFF04462846EDF78DFB631C9BB283428B
:1053B0000FD82846FEF79FF843785B0707D52146AC
:1053C0002846EDF753FD013004EB4004E4B22046DB
:1053D00038BD0024FBE730B585B0ADF80E00EDF721
:1053E00071FB0446BDF80E00FFF7D7FF00F10E0376
:1053F000DBB2E5B2BDF80E20ED1AADB20146009564
:105400001046FEF725FAA4F10E01C9B20DF10E0007
:10541000FEF7CBF905B030BD4278034612F0080024
:1054200006D0D20702D403F10800704703F1090047
:10543000704737B505460C46FEF75DF8437813F024
:10544000100211D094B103F001021B074FF00003CA
:10545000009354BF18322032082329462046FEF715
:10546000BDF9012003B030BD1046FBE72046F9E747
:1054700000F00303012B08D0C30606D400F00C0093
:105480000C2814BF082009207047022070470346EB
:1054900011F0030005D003F00303022B14BF022018
:1054A000032070472DE9F0414E1C07460D46EDF7ED
:1054B00009FB864203D900242046BDE8F081294635
:1054C0003846EDF7D3FC8046FFF7D2FF18F0800F87
:1054D0000446F1D006443846EDF7F4FAB6B28642F7
:1054E000E9D82919C9B23846EDF7C0FC0146404653
:1054F000FFF7CDFF2044C4B2DEE7F8B506460D46FF
:10550000FFF7D0FF044610B900242046F8BD294615
:105510003046EDF7ABFC8206F7D53046EDF7D2FA10
:105520006F1C2744BFB28742EED82919C9B2304652
:10553000EDF79CFC00F01803082B14BF053406346B
:10554000E4B2830644BF0834E4B2DEE738B505466A
:10555000FFF723FF044608B9002038BD014628465E
:10556000FFF7CBFF0028F7D02044C0B2F5E72DE9C4
:10557000F04387B005460C46FDF7BDFF8046FDF7BA
:1055800084FE07462846FFF708FF064601462846E0
:10559000FFF788FF0022034600922946324602A800
:1055A000FEF71CF99DF8086006F00C030C2B06F0C2
:1055B00003090BD0B9F1010F59D0F10657D49DF86A
:1055C00009300DF10A056371002007E0FF236371C4
:1055D0000DF10900FDF759FE0DF10B05208198F83A
:1055E0000130DA0704D508F10200FDF74EFE2081F4
:1055F000B9F1010F5FFA89F83DD0F3063BD4284694
:10560000FDF743FE6080A81CFDF73FFE053515F849
:10561000013C208023712B78A372B00606F0400372
:1056200048BF43F02003390627D543F40073F8043C
:1056300048BF43F48063390548BF43F40063320632
:10564000E38011D56A7812F003020DD0A9786FEAD1
:1056500043436FEA5343B8F1020FE3800B4611D185
:10566000EB7841EA0321218107B0BDE8F083FF23F5
:105670000DF10905A7E7FF23CCE77A0648BF43F4FD
:105680008073D4E7012A04BF0B029BB22381EBE7AE
:10569000EEF782BEF8F7C8BD0BB1F8F731BE0AB914
:1056A000F8F7AABEFF21F8F7D3BD431C08BF0020BE
:1056B000E8F792BF000000000000000000000000BA
:1056C000F8B500BFF8BC08BC9E467047F8B500BFEF
:1056D000F8BC08BC9E4670475FF800F041140020FB
:1056E00000000000000000000000000000000000BA
:1056F00000000000000000000000000000000000AA
:1057000013B779FAC925DDB7ADF3CFE0F1B614B818
:105710000102000000000000FFFFFFFF0100000089
:105720000100000000000000000000000000000078
:105730000000000000000000000000000000000069
:105740000000000000000000000000000000000059
:1057500003E60100FFE50100DDE50100DBE50100F6
:105760006D0500000DE60100310500002C00000071
:105770000200000040787D0100000000005A620233
:1057800000010000C0CF6A0002000000809FD50029
:1057900002010000002D31010202000001000000A2
:1057A00000000000040000000100000008000000EC
:1057B00001000000100000000100000000010000D6
:1057C00001000000000800001D00000000020000B1
:1057D0001D000000000400001D000000000001008A
:1057E0001D0000000003010303030200000800FC89
:1057F00060580200010001070C580200000800F880
:105800001C580200000000000000000083FFBFFFE2
:10581000E2FFF1FFF9FFFEFF00000000C800FCFE00
:10582000F800C50A571EFBFF7B0095047C02FFFFB2
:105830004A00B60246DFFFFF2D00AD01412F0000F8
:105840001C000701854700001200A70097460000D2
:105850000B0067001A3C00000600220068230000CD
:10586000C800FCFEFC00D80A066CFBFF8800370568
:1058700018E2FEFF53000403F5E3FFFF3200B90115
:105880009D43000029005701F85700001600D10081
:10589000585700000E007C00D04900000700280087
:1058A0001729000000000F400000000000040F4016
:1058B00001000000000108070F000A00C8002000D6
:1058C000A000010000000000A00068010A200706F7
:1058D000020A04070000433A2F55736572732F4183
:1058E000657269616C2F53696D706C696369747955
:1058F00053747564696F2F53444B732F6765636BE3
:105900006F5F73646B2F706C6174666F726D2F7351
:105910006572766963652F6C65676163795F68613D
:105920006C2F7372632F626173652D7265706C6189
:1059300063656D656E742E63000001040000050B45
:10594000060B070B00000000000001030109060020
:105950000105000000000000000003060000E40C48
:105960000A000104104001000000050000000002D0
:105970000000030000000000C85B0200C45B0200DE
:10598000B05B0200AC5B0200A85B0200A45B0200FB
:10599000925B0200825B0200685B0200605B0200B7
:1059A000565B0200545B02003C5B0200395B020064
:1059B000315B0200205B0200105B0200FE5A020015
:1059C000E45A0200DC5A0200D05A0200CC5A02000B
:1059D000CA5A0200BD5A0200B25A0200995A020085
:1059E0003D5A02003C5A02002C5A0200045A02009E
:1059F000F9590200F85902000F00000000000000F1
:105A00000000000000000000000000000000000096
:105A10000000000000000000000000000000000086
:105A20000000000000000000000000000100000075
:105A30000000000000000000000000000F00000057
:105A40000000000000000000000000000000000056
:105A50000000000000000000000000000000000046
:105A60000000000000000000000000000000000036
:105A70000000000000000000000000000000000026
:105A80000000000000000000000000000000000016
:105A90000000000000000000000000000000000006
:105AA00000000000000000000000000000000000F6
:105AB00000000000000000000000000000000000E6
:105AC00000000000000000000000000000000000D6
:105AD000FFFFFFFFFFFFFFFFFFFF000000000000D0
:105AE00000000000000000000000000000000000B6
:105AF00000000000000000000000000000000000A6
:105B00000000000000000000000000000000000095
:105B10000000000000000000000000000000000085
:105B20000000000000000000000000000000000075
:105B300000FFFFFFFFFFFFFFFF9C0000FF000000D2
:105B40000000000000000000000000000000000055
:105B5000800000000000FFFFFFFFFFFFFFFFFFFFCF
:105B600000000000FFFF0000000000000000000037
:105B70000000000000000000000000000000000025
:105B80000000FFFFFF000000000000000000000018
:105B90000000000000000000000000000000000005
:105BA00000000000000000000000000000000000F5
:105BB00000000000000000000000000000000000E5
:105BC0000000000000000000FC03010101010101D0
:105BD00001010101010101010100000000000001BB
:105BE000000A000000000101000002041104040288
:105BF00011101A080A021801081110111A080A04D3
:105C0000020D0B195C0110280B01000000000000C0
:105C1000000000000000000000010101010101007E
:105C20000101010101010000010100010001010069
:105C30000000000000000000000000000000000163
:105C400000000000000000000000000001FF010053
:105C500023E1010075E4010063E2010063E5010056
:105C600062E1010079EB010064EE010024E1010032
:105C700025E1010026E1010027E1010028E1010002
:105C800029E101002AE1010000000100800001007B
:105C900000010100800101000002010080020100FA
:105CA00020E2010000030100000501008005010061
:105CB00000060100800601000007010001E5010067
:105CC00002E501000008010080080100433A2F5559
:105CD000736572732F41657269616C2F53696D70C2
:105CE0006C696369747953747564696F2F53444B9D
:105CF000732F6765636B6F5F73646B2F706C617478
:105D0000666F726D2F736572766963652F746F6B42
:105D1000656E5F6D616E616765722F7372632F735D
:105D20006C5F746F6B656E5F6D616E616765722E1F
:105D30006300433A2F55736572732F416572696131
:105D40006C2F53696D706C696369747953747564F1
:105D5000696F2F53444B732F6765636B6F5F736479
:105D60006B2F706C6174666F726D2F7365727669DC
:105D700063652F746F6B656E5F6D616E61676572D1
:105D80002F7372632F736C5F746F6B656E5F6D61E1
:105D90006E75666163747572696E672E6300FFFFCE
:105DA000FFFFFFFFFFFF34B684327032F610433A34
:105DB0002F55736572732F41657269616C2F53693A
:105DC0006D706C696369747953747564696F2F536E
:105DD000444B732F6765636B6F5F73646B2F7072D7
:105DE0006F746F636F6C2F7A69676265652F61707E
:105DF000702F6672616D65776F726B2F636F6D6D5B
:105E00006F6E2F7A69676265655F6170705F667239
:105E1000616D65776F726B5F636F6D6D6F6E2E6313
:105E200000433A2F55736572732F41657269616C37
:105E30002F53696D706C6963697479537475646903
:105E40006F2F53444B732F6765636B6F5F73646B86
:105E50002F70726F746F636F6C2F7A6967626565FC
:105E60002F6170702F6672616D65776F726B2F6333
:105E70006F6D6D6F6E2F7A69676265655F617070B7
:105E80005F6672616D65776F726B5F736C6565706D
:105E90002E6300D0D1D2D3D4D5D6D7D8D9DADBDC93
:105EA000DDDEDF005A6967426565416C6C69616ED1
:105EB0006365303900FFFFFFFFFFFFFFFF005A69F6
:105EC00067426565416C6C69616E636530390000DD
:105ED00001080109020A030B040C050D060E070F49
:105EE000081001180119021A031B041C051D061EC7
:105EF000071F08200121022203230424052506266A
:105F0000072708280129022A032B042C052D062E19
:105F1000072F0830013102380239043A08E004E161
:105F200004E204E802E902EA04F008F110000700C4
:105F3000491001000300491004050000445F0200FD
:105F40000400000000000000945F02000500000053
:105F500040000000000000000A000000D05F0200C6
:105F600001000000800000000000000000EF0000C1
:105F7000DC5F0200010000004000000000000000A3
:105F800000FC0000E85F020001000000400000008B
:105F900000000000000020012000000008000000B8
:105FA0000400422120000000106002000500422190
:105FB00020000000316002000700300120000000D6
:105FC00003000000FDFF210220000000030000008C
:105FD000FDFF21026000000002000000FDFF210221
:105FE0002000000001000000FDFF21022800000049
:105FF00001000000030049100400491000EF0008F0
:1060000000EF010200EF040800FC071800FC08186C
:1060100004547579610000000000000000000000D9
:106020000000000000000000000000000000000070
:1060300000105459304130312D54595A53332D4D9D
:106040004F4E0000000000000000000000000000B3
:106050000000000000000000000000000000000040
:106060000000000000000000000000000000000030
:106070000000000060090000008000000000000037
:10608000000000433A2F55736572732F41657269A2
:10609000616C2F53696D706C6963697479537475A1
:1060A00064696F2F53444B732F6765636B6F5F7326
:1060B000646B2F70726F746F636F6C2F7A69676295
:1060C00065652F737461636B2F7365637572697493
:1060D000792F7A69676265652D7365637572697476
:1060E000792D6D616E616765722D6E6F2D766175AC
:1060F0006C742E63000000545559415F4C4F434B64
:106100005F4341505F455854454E4445445F5631C6
:1061100000545559415F4C4F434B5F4341505F43DF
:106120004F52455F5631000011610200000000002F
:1061300004000000000000004061020003000000B5
:10614000150036003700756A636A6B34366F0031AC
:106150002E302E3000737270747776616B00312EA2
:10616000302E380046610200466102004F61020095
:1061700028610200010000000100000080700000A2
:10618000620054757961005459304130312D5459B1
:106190005A53332D4D4F4E0054332D312D4D4F4E0C
:1061A0000003000039790000817B000019770000AE
:1061B00085770000E5760000217800005D7700001B
:1061C00000000000545A4C4C2D54595A53332D554D
:1061D0004A434A4B34364F2D54332D312D43414ED3
:1061E00044494441544500000500000000000000FF
:1061F00000C20100000500000010000000000000C7
:106200000000000002020300000000000000000087
:1062100048010000C0140020000002080000000037
:10622000FFFFFFFFFFFFFFFFFFFFFFFF000000007A
:10623000000000000000000000000000000000005E
:10624000000000005241494C00000000A000000086
:106250006DA90000500000004DAA0000FA04FA00E9
:106260000033330A0A0A030404080808080808402F
:1062700000210000000000000000000000000001FC
:106280000000010100010101000000000000000009
:106290009E07000048700C0E4470980D3070DC12A0
:1062A0003C70DC163870F40D34701A0E30706A0FC2
:1062B0002C706A0F2870541124706C112070FE0D20
:1062C0001C70F81118706A121470FA0DB110076082
:1062D00001D80A7108B87F78020C7E78641000C675
:1062E000A01F00218CB8707801B007680F305CB334
:1062F0000F330111C048069846022FB006D80C7122
:1063000009DD087100B853A809BB111007680168BE
:106310002148076004100112FF32215007605148E4
:10632000076000880698861300C43C1F002103DD27
:10633000087214BA281400A000BA03DF107109DF34
:1063400006720298E8058CB8507800A0441328140F
:1063500041158110076002D8147110880698F81B47
:1063600000C00C7008400698521E009106985C020E
:106370000060B83020D8067190BC637C084D541280
:10638000F03240DE0472404804DB08720DDD0C720E
:10639000044BEF30144806989E0700C4E0100840F4
:1063A0004412076201322140084C287C811140D9F7
:1063B0001C72B1123032CF4A013AB1DA107208D8E9
:1063C000067104D80871B04C237C3E70684C4412AE
:1063D000FF328722047580B8D84C81D8307140D9FB
:1063E0000472237C084B06989E0704BA88B9767914
:1063F00000C1186008403579E049007906B904A960
:1064000001D86C72BC4C307C02982E0208D83C71CA
:1064100000C14C000840141110D93071104C00C15B
:106420001400084014111814076100C520600840CA
:106430005415FF35047110491814A84C4412076212
:106440000132067102981201B84C08D80C7107BAD3
:1064500024D8047106BA187004D80C7101BA40D857
:106460000E7102BA0A7005BA20D8047203BA604CE1
:106470004411404C1814076118149111383111421D
:106480009111076910D90472EF3200C10060084011
:1064900014111031016911422814A1110761181457
:1064A0000698381E181400C10060084014110769CE
:1064B000FF31181400C13C30084014111814076152
:1064C00018143088024806984806009308DB0471C7
:1064D00001F800A05CB00F3000A01088B11107696E
:1064E00080D90A7100C1800008400811009100A005
:1064F00000C400010840441000A000C020300E403D
:10650000041104101050F47200A05415504512717B
:106510000698A8070698380718B8707800B8417828
:1065200006983C0390BA5B7A5C7A5D7A00C2185098
:106530000840241200C14C1F002128110698021C9B
:106540002088008800C5401F002154155112FF35D6
:106550000762FF32069866020159512904751159E4
:106560000090212920750698FA0406982A050698B5
:10657000F602009203D80C728111076102D90472ED
:10658000FF0FBA7018B8727800F804D8427100880A
:10659000308800C0FC1F0021041000C14C1F0021E6
:1065A0001412012A215A00C3185008403413312A0A
:1065B0001A7500C00060084004100730FE200C76F9
:1065C000381108B87F78020C7E780093009000A004
:1065D00000C0F41F0021041000BB1DB400A000C1C6
:1065E000DC1F002114111088FF3100C5FFFF0000DF
:1065F000311207620762513A513B0E720698140D30
:106600001159011201131E703114008831100698BF
:10661000140D1159415C41280698160D513801138B
:106620000090012B00902088076001140760FF3064
:10663000215D411207620762312D0876FF34415C0B
:106640004128015D31100698160DFF303088011386
:1066500000C0E01F00210410512B0C7607680115C3
:106660000768FF356070315BFF32212B0C750760C6
:1066700001150760FF354E7000C5E41F0021541559
:10668000076507655112FF35FF30012B0875211092
:106690000760327021100768FF30012B0A75211046
:1066A00007600760207000C2E81F0021241221103B
:1066B00007600760FF30012B08752110076806701E
:1066C00021100760FF300093009200C10060084075
:1066D00014142C490734FE242A761415F0BC076CD8
:1066E000513C076803680154107100C4FF0FFFFF9D
:1066F000513C01444811311200C5E81F00215415D6
:10670000FF35076207622143544914122155FF35B2
:106710005152281100A000DF0672011314703111CC
:10672000312B112B016300C1FF070000113B012B2E
:1067300000C278FEFFFF05B86EBD312A207505B88E
:10674000C8BDE8221875DCBD06B8DC22107507B894
:10675000F0220A7508B8E822047509B800C1006083
:10676000084014122C490732FE2216760768036887
:1067700000C2FF0FFFFF1414213C0144481150BD1B
:10678000544914122155FF355152281100A001D847
:106790002C71008800C00470084004108020FF3075
:1067A0001A7100C1B01E00211411076120D90871AF
:1067B00006988204067006984A03009000A002D84A
:1067C000047200A00088069838071DB428B9112C5F
:1067D000408800C3EC1F0021341440445A71441314
:1067E0000698A805411500C0006008400410073055
:1067F000FD20447500C20870084024100760FF3077
:1068000080DC34710698500D01591C4A2410076031
:106810000260FF300698500D0158B2200129541330
:1068200031100698500D11280A750425541550454D
:10683000EE720698A8050094009000A07FB906614A
:1068400000C01C60084006988C1304155153113B7E
:106850003155581002988613EBBD00C03C1F002133
:106860000411113D10D91271FF33076B00C1904024
:106870000846381118B97479581000A006985C02BF
:106880008024E4240D300472044800C11C510840E7
:10689000141100C3D81E0021911504351A72181363
:1068A00088BB08D804716C7B04D804716A7B8CBBEC
:1068B0002F7C5B7B1670044B181388BB08D80471BF
:1068C0006F7B04D804716D7B217C0C3001600698CD
:1068D000240706980A0C0698D40700B8B111076976
:1068E00040D906720298080701BC00C20060084047
:1068F00000DC0A7124150165604A0A701C4A2415DF
:1069000007657C4A043508D920712024512A2412B5
:1069100000C180000840320C28110762281107626C
:10692000281107622811500C00C1341F00211412D5
:1069300000DC347120D8067101B80C70F0DA0C72EA
:106940000CDB087102B806982C07482400C330619C
:1069500008403413076380DB0E7102B9911308DB22
:10696000047203B906700C49141100C3800008407A
:10697000FFB8012011410871014118130824014298
:1069800000C12000084014110141036D51419115CF
:106990002035016D514118132813481300C37C00A2
:1069A0000840341003D80C71073005DC0671084B21
:1069B000227B8CB8507800B800C1341F002114121B
:1069C00003682150F0300152281100A040240664D1
:1069D00000C0FFFF0100013C1DB00220015840280B
:1069E00006751EAC01EC00A0208800C018500840BD
:1069F00004121DB4211304123052F871066C4024A5
:106A000000C3741F0021341014110698800D06690C
:106A1000009211592129067600BB11590698380DAC
:106A200080B80158013A0662313B0472215A412A6A
:106A300000A000C200010840317A00A0308880B96F
:106A4000076900C30000C0FF3110312800BC002DD1
:106A50000C7511541EAC01EC312DF470066C511301
:106A60004155312C009300A000C028400E40041373
:106A7000315107610C3107691153381000A0069895
:106A8000EC0800C0F41F002104110698D407217AF5
:106A9000237A00C3000010000698140800C0541F99
:106AA00000211DB1181000A000C0501F00211DB111
:106AB000181000C09C1F00210410002D067500B89E
:106AC00026A80698A80700C09C1F00210410012CCE
:106AD00006750698380728B010B9115911380EB943
:106AE000114028A880B800C144300840081100C1F6
:106AF000F01F00211410303B06710760076000C4CE
:106B00000830084044111150FF30015118146FB87B
:106B1000076826A8217A050C21102048267800C095
:106B200063EF0000314026A8050C20ECB11140D9DC
:106B30000872247A20EC217A184826A828B00AB9CD
:106B400001510F31115028A8050C207A20EC0F0CB0
:106B500098B8467841780698660200C2401F002126
:106B600024100151FF311150081200A00698EC08C2
:106B700000B826A800C0581F00211DB1181000A0A1
:106B800030B840780DB101D9FC72427800C0743041
:106B90000E4004114CBA407A1810144804115C7A63
:106BA0001810A4BB707B4E7B4F7B00C204300840A2
:106BB00000A00698EC08217A227A00BB06981408F7
:106BC00000C0641F00211DB11810A4BB00C04030DC
:106BD0000E400411033101492872B11207620762A5
:106BE0003048041121510F3118726E7B6F7B1048B1
:106BF00004114CBA7C7A181014480411607A1810E9
:106C0000B11002D81071707B30B8627860780DB026
:106C100001D8FC7100C0F8600840041101D90C7162
:106C200000C01800084002B9181008B86E780EB8F5
:106C30004EB110D90C723EA8140C0FB83EA81070BB
:106C400044A8140C01B800C1AC300E40081100C0BB
:106C500077801F003DB201423DAA00C0FFFFFFFC4C
:106C6000013A3DAA140C00C077E01F0001423DAA82
:106C7000FFB845207D7808B87E7800C124600840C0
:106C8000141107610631087100B90698D2100698F0
:106C90008C13B11101D90E7106985E1E02D90672CD
:106CA0000698500C06988613511406983807F4B8C5
:106CB00045780A0C00C0601F00211DB11810029811
:106CC000AC10FFB845205D7803B8076044A83EA823
:106CD00000C1AC300E40081110B807683DB1013951
:106CE0003DA908B86F7800A046A800C0FFFF0000CB
:106CF000013B076356AB94BA437A01D91471013C46
:106D000047B300C0FE20FFFF013B314447AC637A2C
:106D1000FFB82120407802D90471607800A0C8BC77
:106D2000066C415C512C06750698380706982E0EA5
:106D3000B110076805D8347140BA06985C1308B8DA
:106D40006578911004D8187188B86E78577800C0AB
:106D50006400084021780698FA1001400A728CB845
:106D60004278069898130298E20B08B86C7820B81D
:106D700059785B7800C0F44008407878797800C191
:106D8000C81F0021141040A8184914130449408852
:106D900014140C4914118112076A006A01DA18717F
:106DA00088B8577800C0CC1F002104100161076328
:106DB0000763076407640698540A00944EB010D81D
:106DC00042724DB161B80158113840B102D90A720E
:106DD000604804BB41540870204802BB02BC4DA867
:106DE000F8B87078190C3EB141413EA9F4B97379F5
:106DF0007378717800C4F840084000C20041084030
:106E0000227000C20000010044AA230C00C200004E
:106E10000B0044AA00C41041084000C218410840B9
:106E200004BB587C050C597C0C240F0C2FAB050CB3
:106E3000B11008D81471647A657A1CB879787B78B7
:106E400020B879787B78607CF424411306989E07FB
:106E500051144044067506983807727BFFB84D20E0
:106E6000050C687840EC00C05C1F00211DB11810B3
:106E7000911004D8147100C0B01E0021041080D8F5
:106E800006711CB8737800F818B800C1D41E002130
:106E900000C21850084024122811777800F800C06A
:106EA000B860084004110761076180D9047240ECA2
:106EB00000C4F84008404EB010D8047118244113A3
:106EC0000C23527C407B11512FA9050C797C0A0CB4
:106ED00000C0000001020814787C050C507C08B842
:106EE0006D7800A000C0287008400411108800C10F
:106EF0000018004018104448041110887848041104
:106F0000108800884CBA757A18103DB11088F4B812
:106F100042784420727828487378F8B873784FB272
:106F200000C4FFFF8080413A4FAA01BC01644113B5
:106F3000076300C06C70084003B9181001100110FD
:106F400001B9181001100110011001106848041156
:106F5000076101B80160003A0471044904D9047260
:106F600041520760003A0471084908D9047231524D
:106F70000460003B0E7200630064314241424FAA3C
:106F8000B2704FAAF8B8537818205378284852782E
:106F900000913DA9009000911810009178481810B8
:106FA00000914448181000A0115910D906710760CB
:106FB000076008D90471076004D90471036002D91D
:106FC0000471016001D90471006000A000BA01D809
:106FD00006710148112A0069006001D8F672013873
:106FE000F67200A08020FF30FF48812000A002EC54
:106FF00000CA02EC00C8076A014202EC00C8076A36
:10700000014202EC00C8076A014200A000C2185009
:107010000840241211592129127300210E7100C257
:107020003050084024120121212900A00698EC08C4
:1070300088B8577800C57C1F00215088044D88BC53
:1070400000C0BC1E0021811101D91E71407C009539
:1070500001157C4D5088044DFFBB076B315B04115B
:107060000698780D3129F87506984C1D5415069828
:107070005E1E01D9087206981E09067006988009DE
:1070800088BB547B009500F806982E0A0E7006986F
:107090000A0C06982E0A0698D8110698D80891125C
:1070A000211900C0246008400A78097800F810B956
:1070B00001BA069852130698AC1000C57C1F002137
:1070C00000F89112033288B900C3B01E00213413B6
:1070D00000C4A81008408CB84278707903DE0671AD
:1070E00044786E707179A11020D806710298760FDD
:1070F00080DB507102D84C7205B830880763076393
:1071000002DB2A7100C3AC0008403413066380DB45
:107110000472804800C3102008403413315B0472AD
:107120004048312831280260081407680093081489
:10713000A11010300248081400B80814911007601C
:1071400008148CB86278A11000DC0676517900BA78
:1071500080DB3A7100C000000200003B30715088B3
:107160004110344803DE04719048041508200411CE
:10717000F82058101C20217800C0A40008400E7888
:1071800010D904722E780698A2160095911120311C
:107190000269911004D80E7200C1481F0021141119
:1071A00001D90A7120880698D210009200C11800F7
:1071B00008400533054B1872184C03DE0471904CDF
:1071C000441400C3FF1F0000413BFF233811B8499E
:1071D00000C3306108403413076380DB0E7103BACB
:1071E000076A06985E0F00BA0870076A06985E0F75
:1071F00004490879097914102140081100A000BD44
:107200000698400210B903DC047100B901BA06986F
:10721000521302D9067100404E7201B107690F3155
:107220000698FA10FFD82872811008D8187106DD68
:107230000A710698400203DC0C7206984011069809
:1072400098130C7006DD107106984611487020B82E
:1072500002A806DD107206982E0A0698D80801F8D2
:1072600040B802A800F800C0B01E00210413076354
:1072700001DB227191100111076911388CB910D806
:10728000087144790298760F02DBFA72A11328DBA9
:10729000F47203BD0698A01006982E0A8CBA7F7A65
:1072A00006989E0700C5801F00210698400200BA7C
:1072B00003DC4A72044DA11002D804710C4D00C0C9
:1072C000140008400410026800C3701F002134112C
:1072D000112800C1306108401411076180D90C7178
:1072E000911108D90671FC230C4DFC23341106982A
:1072F000380D00C10C510840069854075415212D33
:1073000000C0F8600840041101D9227100C0381F84
:1073100000210410033001DC147200C01400084086
:107320000411FB21087607BA076A212D0698EA079F
:1073300002988A0A9110015503355150011900A095
:1073400000C1441F0021141001D842710148076098
:10735000FE200E75811020D8087100C1481F002141
:10736000141101D9287100C0246008400412215171
:1073700007610F3107691152281000C000600840F2
:1073800004119112215120311152211900A08113B1
:1073900080DB067201B800A000C30C500840341016
:1073A000063030727C4B34122C4B3410076007606F
:1073B00040302072811080D8DC713410014A07629D
:1073C0000360803021508C480A717F23552334108C
:1073D000013000A000BD0698A01088B84778457815
:1073E000437800B8447800A006982E0A0698401109
:1073F00000C58C1F002154150698EA0702988A0AD6
:1074000000C374000840027B06988C1350BA06989B
:107410005C130698FA10FFD84A71911004D848728C
:10742000811007601CD8407220D938721112FF32C7
:107430002151347180218021111400C0E01E0021EF
:107440000413FFBA3151113A215111538CB938103C
:107450007B7940440E7200B900C2B81E0021181298
:10746000067008B860780698861300F800B900C264
:107470009C1008401812244A0AB9181288BA507A87
:10748000517A577A8CB942795F7900A00698400208
:1074900007DC1072911000200A750698D811029826
:1074A000260E0698D80801B9911004D8047100B9C5
:1074B00010BA0698521300BA00402A7100C0B01EDC
:1074C00000210411076101D9127104D9E2728110FF
:1074D000076001D8DA718CB8647800C11C5108408B
:1074E000069854070698D81100C5901F002154151E
:1074F000212D06981E0900C5941F002100F800BC2C
:10750000811108D9167280D9207201B910BA069873
:10751000521300400E7101BC10700698401106987D
:10752000981320B802A800F80698D81181110231EA
:10753000127100B900C20C1008401812244A02B996
:1075400018120698401100C5981F0021541506987E
:10755000D61D02988A0A04110121147188BA737A1F
:10756000042004122811042004110121F47200A047
:1075700006989E0701F8911010D8347106983C03C4
:107580000698FA0406982A0500C51C5108405411B3
:107590000698780D00C5D01E002154155129E275BA
:1075A00018B876788CB8447801B802A800F8B11001
:1075B000076810D82E7100C04810084000C30000B2
:1075C00008403114884C44113411076101D9FA7113
:1075D000441228100762281007622810076228103A
:1075E000E8700298760206985C0211380472016A0B
:1075F00000BB00C1E01E0021141120390C72911251
:1076000010DA0672417B00A006988C1300C2B01EEF
:107610000021241220DA0472617B88BA527A00A019
:1076200088BA727A811204DAFC7200A088B86B788A
:10763000577800C0640008402F7800A00698E61034
:107640000763076390B9637900B902DB227102EC2A
:1076500000C909B801D9507200C2AC0008400E7AC6
:1076600010D904722E7A0698A216E031076102EC56
:1076700000CD114502EC00CC01DB087100BB029883
:10768000001803B841110731FA211C760621911226
:1076900010DA087102DD10721E7020B80698140D01
:1076A0003038147208B80698240700C02400084037
:1076B0002978207800F8046020D8067102985A15BD
:1076C00002EC00CA05B823DA187104DBDA7120DA9B
:1076D000D67110DAD27290B8617800B801DA067209
:1076E00002EC00C8911110D9267100C1C01E002102
:1076F00014111150FF300C720661A11011500230AC
:107700000A7180DB0A720AB89E708CB97C790768AE
:10771000911111402111C0311140011990B841114E
:1077200008D90471667820D904726578A11002D84E
:107730000672C0DA1E7190B8273123DD087210DBA3
:107740001072607825DD0A7121DD087208DB047192
:10775000627803B8411107310872A1152035AA716A
:1077600002DD3272A11120D9A07102D92872CCDABF
:107770009872411140D9927206B802DB107104650B
:1077800000C1102008401411112D112D054D5C72FF
:107790000298E81321114049C0D94E71A03141151A
:1077A0004035016551410361076308DA1E7204DA4E
:1077B00038721049A1150235067110DB0E720134C2
:1077C0000A7108DB247190B86778CC3211101A3036
:1077D0000ADC0872CCDE0471FD3100C00D0F0C0D07
:1077E0000698160D01D8607207B80298121400BAF4
:1077F000411108D90C7102EC00CA05B830DAEC72FC
:107800000734F031026101DA0471014900C0F3006C
:10781000A3E30698160D01D8D07100C098144068F3
:107820000698160D4030014440DA0471204C0432B1
:107830000162204A111006300068014218310269C5
:10784000114202983014204A00C0051708500698CB
:10785000160D113001422088FFBB0DDA507100C1B6
:10786000DE1B250180BC04DA107208DA0A7200C13E
:1078700020841000E024A02407634143016401DA5E
:1078800006711E49024B00C0281F002107633810F3
:10789000BC2002DA127101B91159A11380DB087101
:1078A00000C100FCFF01181002988C1700C4B01E24
:1078B0000021441080D87C710092D0DA06710DDA74
:1078C0000C7190BD437DEFBD0698C60503620DDACD
:1078D0008672A11105D95C7100C2381008402412CB
:1078E0000C24281401D9067202D9327140D91E71B4
:1078F00002EC00CA211018320471FA2220D8047256
:107900000822FE22087502EC00C8F87001D90E7139
:1079100002EC00C802D9067204DC187200C0B01E66
:1079200000210410026801D8067190B8647818B874
:1079300073780298001800C50020084000C00417A2
:10794000000008D904720A480815104D00B808D97B
:107950000472FF200815084D00C00884000008D9F3
:10796000087200C02083B8ED0815104D207D00A0DE
:1079700000B8011A00C0740008400278911010305D
:10798000011905BA06985C1302D9067101B802A85C
:1079900000C0B01E0021041380DB06710298A813FA
:1079A00040DB0671029840198CBA7C7A01DB6C715D
:1079B00000C22C1F002124111114FF3402EC00C856
:1079C000FF24FA7607610698240D036111380F3001
:1079D00003611114011141100698240D01D8087299
:1079E00003B8029812141C4A02DB247124101128D7
:1079F00011280412023006710762076200C0FFFFFF
:107A00000000213800C218000840FF200812411071
:107A100007600698240D01D87C7120BC1033767164
:107A200000BB00C1281F00211415C021112C5112C8
:107A3000076A0F320E714088511406985618414358
:107A4000009451120765036A0F320E7141115114EF
:107A500006985618036C41430765513B00C1E41E6C
:107A600000211411111231100F30127100BA04618B
:107A700001D80471114200600FD8F4723110026015
:107A80001E30047201B8003A087204B80298121449
:107A90000298181600C1306108401411076180D99E
:107AA0001A7102EC1DB002EC1DB101581128A0B9E9
:107AB0001159112806758CBA637A00C0341F002151
:107AC00004110F3103DD1A7200C000600840041079
:107AD00007D80E7200C01040084004B9181000F812
:107AE0000698E6100698C40500F830885088FF34E0
:107AF000087102ECFF24F87002EC00CD141001BBF9
:107B00005150FFD8047131440760006B10DBF271F3
:107B10000421FF22E4720F4C0095009300A000C0E6
:107B20001860084004100560073000A00CB80298E7
:107B30003C1902EC00CAFFBC80BD06988A180448B4
:107B4000187202EC00C92115F03500650F32076A82
:107B5000114200C4FF0F000000C1C01E002114101C
:107B600031110113413B02EC10D90871211400CAF4
:107B70002C70305206714052B472211407600760B5
:107B8000FF3055DC187100CA005212710ADE0E7106
:107B90004ADE0A7155DE06713052927200C1C41E6F
:107BA000002110880698381E0731114507650765C2
:107BB000414500C30C70084034130763FF3307636B
:107BC0003145009158110849281118B875780BB83B
:107BD000029812140763076302EC00CA02DB1271F9
:107BE00055DE067202989E1854DE067202989E18A0
:107BF00001DB127106985E0D06985A0D02EC00CA60
:107C00000298001800C1BC1E002114147C4906987B
:107C10005E0D40522E7204DBE07190B863780698D6
:107C20008A1804486E7200BA06985E0D211314106B
:107C300000C1FF0F0000113A105254710152113A65
:107C4000067104B88C7000BA06985E0D2111FF32DF
:107C500007611114911010D82271073103DD1C72D5
:107C600000C1C81E00211411FF31115206710AB85B
:107C7000D4708CB97C79029800184110813081DC75
:107C80000E72076A034A076A0F4A06981A1B02987F
:107C900000181410FFBC013C0698C01B02EC00CA7F
:107CA00002EC00C902EC00CB076A3142076A2141AD
:107CB0000F3302EC00CD02EC00CA00400872211321
:107CC00002EC00CA07621142911110D92A712111E8
:107CD0000F3103DD227200C1C81E00211411FF31D3
:107CE000076A00230C71115308710AB80298B01981
:107CF0008CB97C79147021110F31076A02DD5A7139
:107D000001DD067103DD4A7200880AB90698041B7A
:107D100000902111FF32FFDE387120543872FC25AB
:107D2000187202EC00CA01DE107202EC00CA18DE02
:107D3000087288B877781A70066100400472006192
:107D400080D90E714CBA477A06985C1B90B843787C
:107D50000298001804B89670FF32FF24F8750BB92A
:107D60000698041B2110E03001584128E875F830CE
:107D700002601F32215A0125212DDA75012AD6769B
:107D800002EC00CAFF20FA764111073101B80698CB
:107D9000140D003AC071BA70004008710698941B27
:107DA0000470022106B81159112DAC7500A000C550
:107DB000A810084031100360081501110760076022
:107DC00007690F30F0311140081507630363381558
:107DD000281507622815076228157FBA281500BAEA
:107DE00028157FBA281590B8437818B8737800A082
:107DF0000698D01B11140CB900400A7100640AB92E
:107E00000698941B03BD514400C5A8100840202AC1
:107E100004752815481507644815181500400472A4
:107E200038150764481500A00088408800C0C81EA7
:107E3000002104100760073000C4200008404414EB
:107E4000412C0472012441384050047201210094F5
:107E5000009000A000C0C81E002104100760073079
:107E6000074800A000C2C01E002124122114076A86
:107E7000FF320CDE12710DDE0E710FDE0A7110DEA4
:107E80000671215A00A0FF34411200A000C1B41EA7
:107E90000021141100A0308806980E1E8111076180
:107EA00002D906720298EA1C88BB557B076120D96B
:107EB00006710298DA1C0088A11007680698F81B62
:107EC00008211415FC2590BB5C7B5D7B00C1006024
:107ED000084014110731FE21307608D82A72511358
:107EE000FC23341304DB2071076BFF33315B00C1CB
:107EF000087008401411076180490C71FF31302966
:107F0000607590BB7B7B1C707B7B7C7B00DD047190
:107F10007D7B01BB38158113076B4033067118BB9D
:107F2000717BEC25541300DF5471042505DF547177
:107F30005415211120880698780D009251293E751C
:107F400000C100600840141102DB0C710731315B85
:107F500031292A760C7004DF0872006180D91E7204
:107F60000698F81B00C0087008400698521E069834
:107F7000F81B1411FFD960720298301D0090009315
:107F800000A05415A111076910D9A672082508D8B8
:107F9000A071082510D89A71208821110698780DB3
:107FA000FC255412112AF82554110C2520D80871EB
:107FB000F025541110252029047621591815009216
:107FC00002989C1C18B97179811010D80A7188B870
:107FD000447800B8417888B9747908B9677900F8AD
:107FE0008110A0D8087188B9497900A0076002D82B
:107FF000FA710698F81B108806988C1307620762BE
:1080000010DA087108211415F025541100C200205F
:10801000FEFF2029127506985E1E01D90A72069885
:108020002E0A0698D80800941CBB41100C20069814
:10803000C2124111082114100698C21231284411AD
:1080400011120761FF31FF320122105210720769CD
:10805000181404244413042438140C7007692141B3
:10806000181408240814029886134044147100C19F
:10807000B81E002114155113036B0FDB0C72066D33
:108080000698A807411500A00698D80806988C13F2
:1080900008BB51140698961D4415FC2554150298EA
:1080A000EA0788B900C3B01E00213413076308DB58
:1080B0001A718113A0DB0671497910706979076321
:1080C00002DB087208B9677900F800A08111076126
:1080D00002D9107188B975790698F81B1411FF310F
:1080E00000A0FFB900A0041008211411F421081108
:1080F00000A081110761076110310E710698F81B0D
:1081000008211411F821141100A000009DE70000BF
:1081100055E7000061E7000035E800007B2B020016
:10812000332F0200372F0200432F02003B2F0200A3
:108130003F2F020038810200F88102000000000099
:1081400050810200010000000000000000F0490220
:10815000748102004063598F404B4C000B000B00B0
:108160001A00FF7F7C1100200000000000000000CA
:1081700000000000F81F0101C4830200DC1F04019D
:108180000200620609C8056E0704DC0650070607F0
:10819000F41F010101000000FC1F010100000000AC
:1081A00020600100237000002C6002000050010FCD
:1081B00040B80040786001005063820BE860010025
:1081C000590B00001470011000F807001470013002
:1081D000F500000018700110FF0000001870013059
:1081E0000018000070700300030101000F9C0300E1
:1081F00006E04900FFFFFFFFF01F01013F003700CD
:1082000004000200018014007F000000180002003A
:10821000000000000000000028000700000000002F
:10822000000000000000000000000000000000004E
:1082300000000000A007000048000100000000004E
:10824000540002000000000000000000A000040034
:1082500000400000FF4C000000410000FF4D000006
:1082600000200100040700001020010000000000B1
:1082700018200100088400000830010013AC000140
:10828000303002002449100001000000403001009D
:1082900000000000A04001007A27000FB840010054
:1082A00000C0A300F440010020100000344102008F
:1082B00080080000E6870000404102006D00880051
:1082C000C0E6524D604104000000000000000000C4
:1082D000060000000600000014600300100000000B
:1082E00020F913040B0072002460020000800000DB
:1082F0000000000350600600FC0069004108000017
:1083000001000000B0070700700A00000000000034
:108310007C600B009BC34A74F003000003800000E4
:10832000BE0A00000101103050707F7F0000000085
:10833000000000000000000000000000000000003D
:10834000E46001008000D78BEC60050064048307C3
:108350008813C83A9C20060000612000B75685208B
:1083600004610300383E12002030000088BB00008A
:1083700020610100001E000030610800E853FA008F
:1083800000000000000000000000000000000000ED
:108390000000000000000000010000001C7005004B
:1083A00060000505030050AB820000000000800162
:1083B000D5000000487002003C3D0000BC190000E0
:1083C000FFFFFFFF10000000D75403000000000073
:1083D0001C8402001484020000000000001A9A00AD
:1083E000005A620280841E0004200000244900021A
:1083F000000000000000000000000000000000007D
:1084000000000000D1841E000000000000000000F9
:1084100000000000ED17000000000000193F0106F9
:1084200004100100000101060010270000090000EF
:108430000000000000006C6F7765722D6D61632D88
:108440007261696C2D3830322E31352E342E630036
:108450006C69627261696C2E610000010304756EC3
:10846000636C61696D6564006275666665722D6D29
:10847000616E6167656D656E742E63006C65676122
:1084800063792D7061636B65742D627566666572C4
:108490002E63006576656E742D71756575652E6346
:1084A00000000700100008001A000600110002007A
:1084B00011000400040001000400090008000A0083
:1084C0000A000B000200000000000000938602007A
:1084D0004D8602000000000094860200F560020054
:1084E000000000007D6002007F60020000000000CC
:1084F000816002002586020099860200F660020073
:108500007E60020000000000826002002085020000
:108510007A6002007C600200806002007B600200E2
:10852000000203040508090A0B0001020304051DEB
:108530002000000037500200AD1C0100C1470100BF
:1085400071DE0100D14A01006F3A0200713A020067
:10855000753A0200773A0200733A02000DA9010051
:108560008183010021C40100691A0100293A010038
:10857000693A02001D8601006B3A020011310100C8
:108580006D3A0200BB100200B1D8010063F0010097
:10859000000000007A69676265652D75707065720C
:1085A0002D6D61632E63006E65696768626F722E60
:1085B00063006173736F63696174696F6E2E63002A
:1085C0000013000000000000000000000100000097
:1085D00099890100020000008F4A02000300000098
:1085E000F188010004000000094A020005000000B3
:1085F0009188010000000000000000000023001B23
:108600002200FF00000000000C0902020000000030
:108610001C1A0B0303FF06080402020204020A0BE1
:10862000030302030480FF0204FF010101010800AB
:10863000000000000000003138323173005A6967D1
:10864000426565416C6C69616E63653039803131BA
:1086500031310031343232310031323100313200C7
:108660003273003238310038313100313832313133
:108670000031323131313231323232317300313204
:108680003200313231313232310032323800008F33
:108690008E8C80808006080C10806D61632D6D7556
:1086A0006C74692D6E6574776F726B2E6300FFFFBB
:0886B000FFFFFFFFFFFFFFFFCA
:0886B800687CFD7F0100000059
:0C86C000CC86020098100020F2000000A0
:1086CC00C0EA2101C0EA21010080000000F049024B
:1086DC00AC1000200070070000900000B0160020C5
:1086EC00C8000000FE00000000000000505702000F
:1086FC0060140020C0EA21015C5902003300000024
:10870C001D4400000030E70400C81803005C260577
:10871C0019FCFFFF19FCFFFFD0070000F810002028
:10872C0000000000F833002060340020C834002022
:10873C00000000000000000000000000000000002D
:10874C00000000000000000000000000000000001D
:10875C00000000000000000000000000000000000D
:10876C0000000000000000000000000035260200A0
:10877C000C620200FFFFFFFFF3280200EF2802004B
:10878C00FFFFFFFFA5BD0000FFFFFFFFFFFFFFFF87
:10879C00FFFFFFFFFFFFFFFFFFFFFFFFAD2A020000
:1087AC00232F0200FFFFFFFF000000006400000009
:1087BC0020A10700000000008D0501000000000052
:1087CC00DD40002000000000A0390020090301005A
:1087DC00BD2E0100546102000000000000000000EA
:1087EC000000000000000000A03900204110010032
:1087FC0000000000546102000000000000000000B6
:10880C0000000000000000000D350200A03900201F
:10881C00D11A0100BD2E01005461020000000000BD
:10882C00000000000000000000000000A039002043
:10883C00B9230100BD2E01005461020000000000AC
:10884C000000000000000000000000005E84020038
:10885C00A0390020193F0100000000005461020003
:10886C0000000000000000000000000000000000FC
:10887C00A039002075460100000000005461020080
:10888C0000000000000000000000000000000000DC
:10889C00A0390020D15501000000000054610200F5
:1088AC0000000000000000000000000000000000BC
:1088BC00B80B0000A0390020B159010000000000E5
:1088CC0054610200000000000000000000000000E5
:1088DC0000000000A0390020D1620100000000005F
:1088EC0054610200000000000000000000000000C5
:1088FC0000000000A03900201164010000000000FD
:10890C0054610200000000000000000000000000A4
:10891C0000000000A03900204D40020000000000C3
:10892C005461020000000000000000000000000084
:10893C0000000000A03900202D670100000000009D
:10894C005461020000000000000000000000000064
:10895C0000000000A03900208D6B01000000000019
:10896C005461020000000000000000000000000044
:10897C0000000000A0390020B34C020000000000F1
:10898C005461020000000000000000000000000024
:10899C0000000000A0390020D1C30100000000003D
:1089AC005461020000000000000000000000000004
:1089BC0000000000A0390020FDDE010000000000D6
:1089CC0054610200000000000000000000000000E4
:1089DC0000000000FFFFCEFAEFBE2C01001E001EAF
:1089EC002C014006FFFFFFFFFFFF0E000000000000
:1089FC0004F8FFFFFDFF9C000000FDFFFFFFFFFFE1
:108A0C0060EA8000800010C1CDAB00004000010185
:108A1C0001FFFF02FF0F0208031E050216010A0CDC
:108A2C00050A07051001010F0801010104EEEEEE25
:108A3C00EE01FFEEEEFFFF0301FF0EFE01FF7F01D3
:108A4C0050403000FFFFFF0B03FF64FF01FF050BDD
:108A5C0001030105020201FFFFFFFFFFFFFFFF0102
:108A6C000102FFFFFF00000030BF4223013BFDD19C
:108A7C00024A5368DB00FCD4704700BF00300E4044
:088A8C00FD020000D50200000C
:04000003000003E90D
:00000001FF
