S02700006275696C642F64656275672F6B6167656C5F74797A73335F756A636A6B34366F2E73333799
S21400000000100020E9030000BD2C0000C12C0000F9
S2140000101DE70100C52C0000CD2C00001DE70100E7
S2140000201DE701001DE701001DE701001DE70100B7
S214000030D12C0000605602001DE701001DE70100FC
S2140000401DE70100EB2902001DE701001DE7010086
S21400005015D80000FB290200F729020021E0000065
S214000060EF2902001DE701001DE701001DE7010062
S214000070497D00001DE701001DE701001DE70100A6
S2140000801DE701001DE70100057D00001DE70100DA
S2140000901DE701001DE701001DE701001DE7010047
S2140000A01DE701001DE701001DE701001DE7010037
S2140000B055E00000F329020085010100213D000003
S2140000C091E000001DE70100510001001DE701005E
S2140000D01DE701001DE701001DE701001DE7010007
S2140000E01DE701001DE701001DE701001DE70100F7
S2140000F01DE701001DE701001DE7010000000000EC
S21400010070B58EB02C22002103A821F05DFD64237B
S2140001104FF00232CDE9052308930B238DF83430D7
S214000120514B1B880121D8078DF8101000F19680DE
S214000130084610F039F84D4B4D494E484E4C0A22B1
S2140001401A704FF42873ADF812300FF047FC206099
S21400015020B94A484FF417711EF0AEFE20680521FC
S21400016022F032FA20B145484FF41B711EF0A4FE6F
S214000170206808F09BFA424B2068196822F0CDFAF6
S21400018010F0E2FE0C256843099010F0DDFE68438F
S21400019007900DEB050120680AF02AFC20B13748CD
S2140001A040F281211EF088FE36492068002222F0A7
S2140001B03AFB20B1314840F283211EF07DFE324EDC
S2140001C0324D96F9000040F203532B807F284FF003
S2140001D00503AB7001D110F045F93378EB7010F0E1
S2140001E0B3FE00EB80008000A88010F0ADFE002378
S2140001F0C000E880AB604FF0FF3019A3D3E90023BE
S2140002004FF0FF3110F08CF92149206822F0B7FE3C
S214000210206802A922F0E6FA20B118484FF42F71A0
S2140002201EF04AFE042220680DEB020122F063FA5B
S214000230042804D0114840F2BF211EF03DFE01A95B
S214000240012022F0DFFF02F07DFD012011F00CF905
S2140002501EF029FC11F032F910F02AF80EB070BD2D
S2140002600A0020FF42030000AE3D0020D9400020D7
S214000270D101010090110020303800202E830200AA
S214000280D0100020E740002016140020243800205C
S214000290710301000348044B834202D0034B03B1B1
S2140002A0184770476014002060140020000000000B
S2140002B00548064B1B1AD90F01EBA301491002D0C3
S2140002C0034B03B1184770476014002060140020E9
S2140002D00000000010B5064C237843B9FFF7DAFF9C
S2140002E0044B13B10448AFF300800123237010BD04
S2140002F0203E002000000000B085020008B5054B37
S2140003001BB105490548AFF30080BDE80840FFF77C
S214000310CFBF00BF0000000098160020B085020086
S214000320A3F5803A704700BF174B002B08BF134B4E
S2140003309D46FFF7F5FF00218B460F461348144AEB
S214000340121A21F041FC0E4B002B00D098470D4BA3
S214000350002B00D098470020002104000D000D4817
S214000360002802D00C48AFF3008008F047FB2000BE
S214000370290021F0F3FB08F01BFB00BF000008007B
S21400038000000000000000000010002060140020A4
S2140003903041002000000000000000000F4BD3F8A2
S2140003A02838A3F17E62A2F58432B2F5605F10B5FC
S2140003B011D219680A4A91420DD10A4C227812F0DD
S2140003C0FD0F01D0002010BDDB6998470028FAD148
S2140003D001232370F6E74FF48170F4E70000E10F85
S2140003E007B0CD5E213E002008B500F083F8124B22
S2140003F012498B4212D3124B124900208B4218D35B
S214000400FFF792FF186850F82240586840F82240DC
S214000410013298688242F5D30C33EAE70022F8E707
S2140004201C6844F8220001325C68A242F8D3083304
S214000430E4E70022F8E700BFB8850200C4850200A2
S214000440C4850200C48502000048704700F04902D7
S214000450104AD2F8943003F00703023B032B13D85C
S214000460DFE803F00C14020E0B4B1B68D2F80001F9
S214000470C0F304200130B3FBF0F07047074BF4E7FD
S214000480074B1B685B08F1E7054BEEE74FF40043AC
S214000490ECE700BF00400E40A0100020A410002093
S2140004A09810002008B5FFF7D3FF054BD3F80831A6
S2140004B0C3F308230133B0FBF3F0024B186008BD0A
S2140004C000400E409C100020014B1868704700BF8B
S2140004D0A4100020054B1860054BD3F8943003F0A9
S2140004E00703022B01D1FFF7DDBF7047A4100020E1
S2140004F000400E40044B054A9A60D3F8882042F428
S2140005007002C3F88820704700ED00E0000000008D
S214000510014B1868704700BFA0100020024B1968F6
S214000520024B186809F0FABBA8100020C81000207B
S21400053070B59400224605460E461EF067FA431C28
S2140005400AD058B922463146284621F013FB002827
S214000550034808BF002070BD0248FCE70248FAE7DF
S21400056010E000F021E000F024E000F010B50446B2
S21400057001F000FA431C10D088B901F0D9FA20F037
S214000580030023462044984201D1002010BD53F8B2
S214000590042B0132F7D00348F8E70348F6E7034890
S2140005A0F4E700BF0EE000F021E000F024E000F0E9
S2140005B008B51EF0F0F8014B186008BDA01D00201D
S2140005C0014B18681EF0EBB8A01D00200C4B98429B
S2140005D005D90C4B984210D80122012301E00022D5
S2140005E0134609490B640949D1F8003123F080739A
S2140005F043EA0263C1F8003170470222EDE700BF0C
S2140006000048E8010090D0030000C84300400E40B8
S2140006100F4B5B680F4B30B500221C46C9B21D79E4
S2140006208D4202D11D6885420DD20132052A03F1A2
S2140006300803F4D10321064A536823F0407343EAC3
S2140006400163536030BD04EBC2046179F3E700BF79
S21400065000000E40D456020038B5074C41F6713300
S214000660256C2364FFF7F0FEADB20021FFF7D0FF44
S2140006700DB10023236438BD00000E40044BDB6B35
S2140006805B0604D4034AD2F8C830002BFBD170476F
S21400069000300E400000C64308B5FFF7EFFF024BE0
S2140006A05868C0F3014008BD00300E40044BD3F834
S2140006B04421D20703D4D3F840211042FBD170471F
S2140006C000400E4038B5064C256C41F67133236465
S2140006D0ADB2FFF79DFF0DB10023236438BD00BF08
S2140006E000000E4038B5C0F30323013B092B11D898
S2140006F0DFE803F0052710102B221D101511154DED
S214000700C0F3043405F1424505F5801504EBC50039
S2140007108000016038BD104DC0F30434F2E70F4D81
S214000720C0F304344FF48030FFF7C0FFEAE7C0F3AD
S21400073004340B4D1020F7E7C0F30434094D0120B4
S214000740F2E7094DC0F30434DCE7084DC0F3043487
S214000750D8E700BF00400E4050410E40F0400E402B
S214000760E8400E40E0400E40C0400E40B0400E4014
S214000770C0F30313013B092B2AD8DFE803F0050B6F
S2140007800F1929291F23374B274BD3F80001C0F335
S21400079004207047244BD3F81401F8E7224BD3F813
S2140007A00031C3F3006301330120984001387047DD
S2140007B01D4BD3F80C01C0F3082070471A4BD3F832
S2140007C00801F8E7194B984204D0194B984207D015
S2140007D000207047144BD3F8203103F00F03E3E7F3
S2140007E0114BD3F82031C3F30113DDE7114B9842C8
S2140007F00CD003F5B01303F580539842E8D10A4BAA
S214000800D3F82831C3F301230433CDE7064BD3F8DE
S2140008102831E8E7084B9842DAD1034BD3F8300189
S21400082000F00300704700BF00400E408006160030
S21400083080162E0090171A00A009140000F00F0072
S2140008400138072852D8DFE800F004152251313964
S21400085051412C4BD3F8943003F00703023B052B91
S21400086006D8DFE803F04B29410305450B20704707
S21400087005207047234BD3F8803003F00703013B75
S214000880042B17D8DFE803F01830163638001D4B57
S214000890D3F8843003F00703013B042B0AD8DFE8C3
S2140008A003F00B2303292B0006207047154BD3F8C3
S2140008B08830E2E70120704703207047114B1B6F1A
S2140008C013F0010F0CBF0720092070470D4BD3F81B
S2140008D05C3103F03003202B10D0302B10D0102BBF
S2140008E00CBF072001207047022070470020704789
S2140008F00C2070470A2070470D2070470420704770
S2140009000820704700400E4008B50146FFF796FFE6
S2140009101A4B994212D01A4B994213D0194B99424E
S21400092004D1194BD3F8800000F0070001380428E2
S21400093022D8DFE800F00B0F17130B00124BD3F88A
S2140009408400F1E7104BD3F88800EDE7BDE80840D7
S2140009501DF0E5BEBDE80840FFF7DABDBDE808407B
S2140009601DF0E0BEFFF774FD074BD3F80031C3F36C
S21400097000630133D84008BD0020FCE703002000D8
S2140009800500240002001E0000400E4000F478130C
S214000990B3F5B01F10B5044674D025D8B3F5402F74
S2140009A05ED010D8B3F5802F49D005D83BB1B3F54B
S2140009B0003F4FD0002010BDB3F5202FFAD1BDE880
S2140009C01040FFF745BDB3F5801F00F08480B3F5F7
S2140009D0A01F4DD0B3F5602FECD14A48FFF72EFF8D
S2140009E0072878D00928E9E7B3F5381F53D013D87D
S2140009F0B3F5001F58D00AD8B3F5D01F56D0B3F5BC
S214000A00F01FD7D14048BDE81040FFF77DBFB3F5D3
S214000A10101FCFD13D48F6E7B3F5481F4DD0B3F5CC
S214000A20781F65D0B3F5401FC4D13948FFF76CFF77
S214000A30384BD3F82831C3F30123043320E0FFF703
S214000A4007FD344BD3F80C31C3F308230133B0FB56
S214000A50F3F0B0E7FFF7FCFC2E4BD3F80831F3E7D2
S214000A60FFF7F6FC2B4BD3F81431C3F30423EDE762
S214000A702648FFF749FF274BD3F8303103F003032E
S214000A80D84098E72048FFF73FFF224BD3F82031A5
S214000A9003F00F03F4E71C48FFF736FF1D4BD3F8AF
S214000AA02031C3F30113EBE71948ACE71848FFF70A
S214000AB02BFF184BD3F82831F3E71748FFF7BEFE95
S214000AC0072808D0082809D004287FF473AFBDE8AB
S214000AD01040FFF7F9BC114B18686CE7FFF7B8FC3D
S214000AE00C4BD3F80031C3F3042303FB000062E78A
S214000AF0FFF7AEFC014620461DF048FEB1FBF0F0C5
S214000B0059E700BF06000E0002001E000500240084
S214000B100300200000400E40B8003200CC10002039
S214000B2010B5FFF799FD094B07225A67FFF790FCAF
S214000B30FFF74CFDFFF7B6FC0446FFF7ADFD014698
S214000B402046BDE81040FFF7BDBD00BF00400E4088
S214000B50014B1880704700BFAC13002010B5042866
S214000B6013D8DFE800F047032F132100294AC1F30A
S214000B700801D2F86838002BFBD1274A136A23F401
S214000B80FF7323F001030B43136210BD214A01F0EB
S214000B907F01D2F86038002BFBD11F4A136923F07F
S214000BA07F030B431361F0E71A4A01F07F01D2F886
S214000BB06438002BFBD1184A936923F07F030B435C
S214000BC09361E2E7144AD2F89030536A23F0300378
S214000BD043F010035362146B104BC1F3C310033081
S214000BE00F2803EA040328BF0F200B4343EA0073D1
S214000BF01363CAE74F29074A28BF4F21D2F8743833
S214000C00002BFBD1044A936B23F07F030B439363C3
S214000C10BBE700BF0020C84300400E4000F8FF0FAF
S214000C20104A536A13F0300F18D0202913D03029F9
S214000C3014D000290C4B08BF4FF44003D2F8901094
S214000C4033EA0101FAD15B0246BFD2F8A000C0F336
S214000C508020012070474FF40003EFE74FF4400375
S214000C60ECE700BF00400E40FFF3E17F02280AD108
S214000C7029B1064B4FF48060C3F8A800596612B13C
S214000C800220FFF7CDBF0120704700BF00400E4096
S214000C90F7B507460C461546072800F28680DFE8BB
S214000CA000F029303C413684840401A800F022FF7D
S214000CB09DF80530012B03D89DF80430022B18D977
S214000CC0002C74D14FF400410E240F234748012214
S214000CD00166A240D0F890101142FBD1002D64D0DE
S214000CE00122424902FA03F3D1F890201A42FBD1BE
S214000CF05BE0FEE7002960D14FF400710824092369
S214000D00E4E700295ED1802106240723DEE70029D8
S214000D105CD1202104240523D8E741B90821022408
S214000D200323D3E7002955D102210123CEE72F4A1A
S214000D30536A13F0300F51D12D4BDB6B536ADB0730
S214000D4041BF536A23F0300343F010035362042676
S214000D5002230321254A1666264A13449B00186878
S214000D600028FCD00DB311448D002B68002BFCD05E
S214000D70022F1AD1CCB11D4C616A11F0010131D09D
S214000D80012220213846FFF771FFD4F89C7001221B
S214000D9000210220FFF77CFFC7F30A010220FFF7BD
S214000DA0DDFE26662B68002BFCD003B0F0BD4FF4AA
S214000DB080460E230F210024CCE74FF480760823CC
S214000DC00921F8E7402606230721F4E71026042326
S214000DD00521F0E7012600233146ECE7042602232E
S214000DE00321E8E73846FFF71BFFCEE700400E403A
S214000DF000300E408004F21010B50246B8B9012249
S214000E001146FFF745FFFFF727FC0F4B04225A67F2
S214000E10FFF71EFBFFF7DAFBFFF744FB0446FFF77E
S214000E203BFC01462046BDE81040FFF74BBC0128BE
S214000E3007D10146FFF72CFFFFF70EFC024B0322FB
S214000E40E5E7FFF709FCE3E700400E4038B5FFF79B
S214000E503BFB0021044600F087FA1248FFF7B6FB7A
S214000E60012211460220FFF713FFFFF7F5FB0CB136
S214000E70FFF704FC0C4B02225A67FFF7E9FAFFF76C
S214000E80A5FBFFF70FFB0546FFF706FC01462846C5
S214000E90FFF718FC2CB920460121BDE8384000F0C9
S214000EA063BA38BD0148E80100400E40012210B583
S214000EB011460320FFF7ECFEFFF7CEFB084B05229A
S214000EC05A67FFF7C5FAFFF781FBFFF7EBFA044610
S214000ED0FFF7E2FB01462046BDE81040FFF7F2BBF5
S214000EE000400E4010B504461120FFF7A7FC002175
S214000EF001220220FFF7CCFE184A217C536A23F019
S214000F000103022908BF43F001035362144B217802
S214000F10C3F8A014637AA18843EAC123D362136B93
S214000F20A07A217A03F07F630343E08843EAC02374
S214000F3043EAC11303310F2928BF0F2143EA017387
S214000F401363A37B617B1B0143EA0133E17B0B4305
S214000F50217B43EA0143536310BD00BF00400E40AF
S214000F600000C843034B5868C0F30800003818BF99
S214000F700120704700ED00E0034BD86B80F0400086
S214000F80C0F38010704700BF00300E4042EA0322D4
S214000F90B2F5007F10B5194C29D00AD8B2F5807F7B
S214000FA022D040F201139A4215D062B9D4F81C320E
S214000FB00BE0B2F5407F1DD040F201339A4210D0CC
S214000FC0D4F8283201E0D4F82432C3F30722DBB287
S214000FD003600A6010BDD4F824321A0EC3F3074328
S214000FE0F6E7D4F82832F8E7D4F81C32F5E7D4F858
S214000FF02032EAE7D4F82032EFE700BF0081E00FA6
S21400100008B5FFF7B9FF20B1024AD2F8C830002B66
S214001010FBD108BD0000C64308B5FFF7ADFF80B1A1
S214001020FFF7EEFF074B19685A68C1F30121C2F3B8
S214001030014291421A688CBF42F0100222F0100260
S2140010401A6008BD00300E40064B1B68DB0608D54C
S214001050054B1B69C3F30443082B02BF034B044A2A
S2140010601A60704700300E4000400E409810002076
S214001070C0EA210170B5FFF77FFF38B12D4B1A7813
S2140010801023C2F1020293402B4A13612B492C4DC8
S214001090D1F8804145F60E03C1F880312B6823F065
S2140010A0AA03DB05DB0D0B66FFF7AAFF224B1B68C6
S2140010B0D80604F0010415D5D1F84031DA01FBD486
S2140010C0204B1B680B61204B1B78052B0AD11F4B4E
S2140010D01E68FFF795FF184B59683046C1F301416B
S2140010E0FFF7F0FA184B1B78023B0A2B0AD8DFE80A
S2140010F003F00615170909090909091A1D00002039
S214001100FFF77AFE2B68DB075EBF0C4B02221A66DF
S2140011101CB10A4B0022C3F8802170BD0120EFE706
S214001120FFF794FEEEE7FFF7C1FEEBE7FFF7F8FCEC
S214001130E8E700BF223E002000300E4000400E4090
S214001140A81D0020A41D0020233E0020981000208B
S21400115010B50B4C0B4BD4F890201A601120FFF7FB
S2140011606DFB094B1870FFF74BFF084B084A5B688E
S214001170C3F301431370074B22691A6010BD00BF0A
S21400118000400E40A81D0020233E002000300E40E8
S214001190223E0020A41D0020064942780B6823F456
S2140011A0407343EA0223022A0B6004BF024B5B6AC9
S2140011B0704700BF00300E4000400E4010B5044699
S2140011C008B1FFF7C5FFFFF727FF144A136943F07E
S2140011D0040313611DF004FC1DF003FC104B114AC0
S2140011E0C3F8242403F559231B68DB060ED51DF02F
S2140011F0D2FA24F021FA1DF0D2FA1DF0F3FB02F029
S214001200EFF82CB1BDE81040FFF734BF30BFF4E76D
S214001210FFF71AFFBDE81040FFF744B900ED00E005
S21400122000A000400000FFFF10B5044608B1FFF71D
S2140012308FFFFFF7F1FE1A4BD3F8802145F60E011B
S214001240D207C3F8801148BF00224FF420711966F8
S21400125048BFC3F88021134A136943F0040313619F
S214001260114B124AC3F824241DF0BAFB104B1B681E
S214001270DB060CD51DF08FFA24F0DEF91DF08FFA90
S21400128002F0AEF82CB1BDE81040FFF7F3BE30BF59
S214001290F6E7FFF7D9FEBDE81040FFF703B900BF39
S2140012A000400E4000ED00E000A000400000FFFF00
S2140012B000300E400E4A0379916921F03F010B433E
S2140012C0017843EA8103417843EA4103817843EA9F
S2140012D0C103C178012908BF43F001039361136875
S2140012E0417923F4403343EA01431360704700BF5B
S2140012F000300E402DE9F04104460D46FFF73CFE57
S21400130060B3DFF86080FFF77BFED8F80430C3F3E5
S21400131001439C4222D0124BD3F80031FFF798F8D5
S214001320022C07464FF0100609D12146FFF7CAF9EE
S214001330C8F8106095B1BDE8F041FFF761BEC4F192
S21400134002039E40C8F810600DB1FFF759FE2CB995
S21400135021463846BDE8F041FFF7B4B9BDE8F08154
S21400136000400E4000300E4038B505460C46FFF7EC
S21400137003FEB8B145B90C4BD3F80051FFF768F837
S214001380C5F3042505FB0005084B1B7821463BB139
S214001390074B9D4204D80220BDE83840FFF7AABF9D
S2140013A00020F9E738BD00BF00400E40243E002074
S2140013B0002D3101034B02781A7001210020FFF73F
S2140013C0D3BF00BF243E0020174B4AF6E85210B5A4
S2140013D0596B5A639A6FD407FCD41B6C13F0030343
S2140013E006D0124A01249842C2F8B44A05D110BD6C
S2140013F018B90E4BC3F8B40AF9E70B4B9A6FD2072D
S214001400FCD41A6C22F0030202431A649A6F12F09C
S2140014100102FBD10038054C18BF01200129C4F891
S214001420B40A08BF5A63E2E700300E400000C64325
S2140014302DE9F04F00238BB0CDE90433CDE9063318
S214001440CDE90833A0F5E163B3F5966F0546019143
S214001450934603D900200BB0BDE8F08F624BDFF84F
S2140014608C81D3F81842B0F5E16F15BF4FEA146AC5
S214001470C4F3072AC4F30744E4B20694CDF824A0C4
S214001480D8F84C60C6F301768CBF012200223346A2
S21400149007A904A815BF4FF4E1674FF496674FF409
S2140014A096694FF416790392FFF770FDD8F8E0308E
S2140014B0039AC3F3012308A905A80293FFF766FD64
S2140014C0A5EB070CAAEB04020CFB02F2B2FBF9F246
S2140014D014445445079F0498089A0599BAD8A2EB75
S2140014E0010E0CFB0EFEBEFBF9FE11EB0E012CBF2F
S2140014F04FF0010E4FF0000E8A42ABD3BEF1000F44
S214001500A8D13A1A0CFB02F2B2FBF9F280182CBFF3
S2140015100122002287429DD3002A9BD1029BBBF169
S214001520000F0FD0D8F85C20B5F5E16722F4FE4234
S21400153018BF012722F0020242EA470242EA0422CA
S214001540C8F85C20019A0AB9012084E7264A022ED0
S214001550D2F830223ED0032E3FD0012E14BFD2B296
S214001560C2F30722120312F4702F7FF473AF1F4EDC
S214001570F46E24F470442243F2661B4A022BD2F81F
S21400158030222CD0032B2DD0012B14BFD2B2C2F3A5
S2140015900722120312F4702F7FF45CAF134CD4F8BA
S2140015A0E03023F470431343C4F8E030636E88429F
S2140015B038BF084623F4FF73E72823F0010328BF4B
S2140015C0E720B5F5E16F18BF43F0010343EA400397
S2140015D06366B9E7C2F30742C4E7120EC2E7C2F376
S2140015E00742D6E7120ED4E70081E00F00300E4027
S2140015F02F4B1A6FD96C11F0010F02F0060242D081
S214001600002A40D013284FD9143813288CBF102333
S21400161008232749013BCA6C180322F47F4240EA9C
S21400162003231343CB64234BCA6C1B88C2F30322E9
S2140016302833013202EB820003EB5303B3FBF0F3D3
S214001640C86C013B072B28BF072320F0EE6040EA5A
S214001650036343F48013CB64174BB3F90030002BBD
S21400166010DB2833500800EB420203EB5303B3FBB6
S214001670F2F30A6D072B28BF072322F0700242EA16
S21400168003130B657047D96C01F00101114304D1B7
S214001690092809D90A380928B8E7DB6C13F00103D2
S2140016A0B7D01AB92728B1E70423B2E70023B0E77A
S2140016B000300E40DC390020D8390020064A074B9F
S2140016C0D3F88039136F23F0070303431367044BE3
S2140016D01888FFF78DBF00BF00300E400000C643DD
S2140016E0DA3900202DE9F041C288B0F808808588F4
S2140016F0B0F90C6047784A2A04464FD9B2F5FA7F0B
S2140017004ED340F6C3139A428CBF4FF040524FF070
S21400171000522849CB6C23F0405323F00103002EDF
S214001720A8BF43F001031343CB64D1F8E03043F481
S2140017304073C1F8E030204B1D80CB6E43F08073C1
S214001740CB661E4BD3F8800900B10420FFF7B6FF26
S2140017501B4BA3F800801B4B28461E80FFF748FF54
S214001760A37B03B3012B22D0012260881146FFF72A
S2140017705FFE054678B10F4AD36B43F48063D363AC
S2140017803846FFF721FEA37AA3F1200253425341C5
S2140017900A4AC2F894372846BDE8F0810022B8E726
S2140017A04FF08052B5E7034B074A9A65DCE7014BDA
S2140017B0064AFAE700300E40DA3900200000C64339
S2140017C0DC390020D839002077402057372110B761
S2140017D000EB4000F8B50D461F46040116463AB128
S2140017E0154801238B402044C7B100F1C060036058
S2140017F0072D4FF00F0114D8AB00104806FA03F27D
S214001800994020441DF0F3F83EB90B4A0123AB4043
S214001810224477B102F1C0621360F8BD00F1806027
S214001820E5E7A5F108039B00054806FA03F2994090
S214001830E7E702F18062EFE70CA0004004A000405A
S21400184008A00040054B5A685B68054B41F67132AC
S2140018501A649A6822F001029A60704700300E40BF
S21400186000000E40034B9A6822F001029A600022A4
S2140018701A64704700000E40094A0A4BD969C90726
S21400188005D512B96FF002007047013AF6E7002A54
S214001890F8D001221861DA60D86940F380007047FA
S2140018A08096980000000E4070B509B9002070BD03
S2140018B00E4A0023082550F8234094610C4CD5604E
S2140018C00133D669F60705D514B96FF00200EEE7C6
S2140018D0013CF6E7002CF8D0D469A40702D499425C
S2140018E0E9D1E3E76FF00100E1E700BF00000E403A
S2140018F0809698002DE9F8431C4B0D4641F6713151
S2140019001E6C19641A49804648684968996841F00F
S2140019100101B6B2996097084FF00009B94501D3A6
S214001920002005E008EB89042046FFF7A5FF48B134
S2140019300E4B9A6822F001029A600EB100221A64D9
S214001940BDE8F883C4F30A01C1F500618908A7EB76
S2140019500903994228BF19462846FFF7A5FF002825
S214001960E6D1894405EB8105D8E700BF00000E40AC
S21400197000300E40234B41F671311A6C10B51964D5
S21400198021494C684968996841F001019960012134
S2140019901861D960D9694C0792B209D5996821F0C7
S2140019A0010199600AB100221A644FF0FF3010BDA1
S2140019B00221D9601549D869C00700D569B9D86928
S2140019C010F002000BD0996821F0010199600AB16D
S2140019D000221A646FF00100E9E70139EBE741B92C
S2140019E0986820F00100986002B119646FF0020058
S2140019F0DDE7996821F0010199600AB90020D6E771
S214001A001864FBE700000E4000300E4080969800F9
S214001A10014B01229A60704700500E40134B144948
S214001A20F0B500225D68134E1046D6F8E8714C6893
S214001A300B687F070BD4B3F5006F06D012D8B3F54A
S214001A40007F02D0B3F5806F01D144F480742B423E
S214001A5002D02C4208BF18430132092A01F10801BE
S214001A60E3D1F0BDB3F5803FEEE700BF00500E4077
S214001A70FC5602000040E00F8B784A789B0143EA50
S214001A8082030A781343CA7843EA02130A7943EAC0
S214001A90C2234A7943EA02338A79043043EA42434E
S214001AA00001014A1350704700200440014B1860A3
S214001AB0704700BF00008442437882789B0043EA68
S214001AC0021302781343C27843EA4213027943EAC8
S214001AD00223427943EA0233827943EAC233C27967
S214001AE043EA0243027A43EA4243014A13607047DC
S214001AF0002004400D4AD2F8E430D2F8E0109B00F3
S214001B0003F03C03C1F381110B438370D2F8E0303D
S214001B1003F03F034370D2F8E830D2F8EC2003F02D
S214001B20F003C2F3031213430370704700FF0FE085
S214001B30044BD3F8E4301B0E0A3303F01F030120D6
S214001B40984070470081E00F70B5054616461C4663
S214001B5019B91448FEF71AFF0146402C1BD003D8CB
S214001B60DCB1202C1BD070BD602CFCD1042303FB01
S214001B7006F2530803EB4113B3FBF2F30A4A203B89
S214001B8002EAC3032A6822F060022A602A68144325
S214001B902C606B61E7E70623E9E71023E7E70823F5
S214001BA0E5E700BF40410500F8FF7F0040F6AA6366
S214001BB0C36041F205020023036042600D4A836061
S214001BC04361C36482640C4A03669042436783673A
S214001BD0C3670DD002F58062904205D002F58062A0
S214001BE0904205D08365704703658365C36570477B
S214001BF00365F7E7F9FF01000000014038B5044629
S214001C0020F09CFD0FCC044D0FC594E80F0085E82E
S214001C100F00002038BD00BFAC1D002047F6FF7344
S214001C209A42F0B572D0062972D83A4B5B5C022B0A
S214001C306ED8394D05EBC304DF00A17815F83330B4
S214001C40012938BF0121012B13D1E0780025401A65
S214001C50A84202D80844C0B2F0BD431BA0EB530311
S214001C60666836F913609642CCBF03F1FF301D4616
S214001C70EEE760680028EFD0B0F90040944204DB3D
S214001C80B0F902409442B8BF14468388FF2B04BFC5
S214001C90B0F90620B0F908C03D440FBF0126002663
S214001CA0C8224FF0280C131B93FBFCF333446E78CA
S214001CB01BB29E4201DD002B01DA731E1BB20133FC
S214001CC09BB24FF47A7C071D5D1E2DB24FEAC50EFF
S214001CD000EBC5059E42EA88AD6814FB025222EA74
S214001CE0E27202F15C02B2FBFCF205DD37F833501B
S214001CF0954203F10103E7D200EB0E039888904269
S214001D0028BF1046884238BF0846A4E7FF20A3E74E
S214001D100020A1E744570200AC1D00200629F0B5BC
S214001D2061D8324B595C02295DD8314B13F831002B
S214001D30012816D103EBC1039C78D8785B68012C88
S214001D40214638BF0121904294BFC1EB0001C1EB90
S214001D500201CAB2001B8242C8BF002233F9120039
S214001D60F0BD002A3DD003EBC103596800293AD0E4
S214001D709878904202D3B1F90200F1E7DC78B1F925
S214001D8000009442ECD95C788B88A3F1FF06013CF6
S214001D90734201F10405E4B2734101F10C07DEB2AF
S214001DA0B44216D805EBC3034FF47A75B3F9024074
S214001DB05B686A43D21A04EBD47302EB630292FBAD
S214001DC0F4F29042CCDBB1F902009042C8DC10B2CB
S214001DD0C6E737F833C0944503F10106E2D333462D
S214001DE0DDE70448BCE70448BAE700BF44570200F2
S214001DF0AC1D00200CFEFFFF0080FFFF08B5044866
S214001E00FFF7FCFEBDE80840012020F0BCBC00BF88
S214001E104C5702007FB51422002101A81FF0D4FE03
S214001E20044B029301A94FF0FF3020F0E8FC07B006
S214001E305DF804FB006A1800024B03480122C3F851
S214001E40002670470010C84300000F40094B984218
S214001E500ED003F58063984209D10122064B03EBAE
S214001E60C2035A68054B13449B0000221A60704751
S214001E700022F3E700000F40045802008005F2102D
S214001E8010B504462369DB07FCD404F180001CF07F
S214001E90DAFC014B236510BD510545012DE9F043E1
S214001EA0064689B0174698460C4600294DD1FFF7DE
S214001EB0C3FF0146044630461CF006FE4FF00109FB
S214001EC096F86C5006F15C01C5F10F06C5F10E03DD
S214001ED0F6B22A460DF1010001358DF800301FF0EC
S214001EE087FE324600210DEB05001FF06DFEC6F1A1
S214001EF0100001233246002168448DF80F301FF091
S214001F0063FE1CF048FC04F1800605466946304630
S214001F101CF099FC0E4B23652369DB07FCD404A94F
S214001F2030461CF0ADFC28461CF039FC424604A99D
S214001F3038461FF05DFEB9F1000F02D02046FFF7CD
S214001F4085FF002009B0BDE8F0834FF00009B7E731
S214001F50055101002DE9F04F89B00546DDF848909F
S214001F6016461F460C4639BBFFF766FF0146044679
S214001F7028461CF0A9FD4FF0010B6B6C33446B64D4
S214001F801CF009FC8246D6B950461CF008FCBBF192
S214001F90000F0ED01CF0FFFB05F14C01064604F1C5
S214001FA084001CF06DFC30461CF0F9FB2046FFF761
S214001FB04DFF09B0BDE8F08F4FF0000BDDE72B7941
S214001FC0102EB04628BF4FF01008012B0DD110225E
S214001FD0002168461FF0F8FD3946424668461FF065
S214001FE007FE69462046FFF74BFF394604F18C0092
S214001FF01CF029FC124B2365012363652369DB076C
S214002000FCD404A904F180001CF03AFC04A9424662
S21400201048461FF0EDFD297961B9102268461FF089
S214002020D3FD4946424668461FF0E2FD6946204613
S214002030FFF726FFC1444744A6EB0806A3E700BF08
S2140020404805590370B5048804F4E043B3F5005F0F
S21400205005461ED1C4F30223042B1AD181F0AA63CD
S21400206083F4807333F47E13204821F47E1618D050
S21400207081F0AA6383F4007333F47E1311D0864292
S21400208030D1B4F5105F0CBF6FF086006FF085009E
S21400209070BDB4F5105F25D1144B21F47E11994222
S2140020A0F1E786424FEA1143C1F305411AD1B4F570
S2140020B0105F17D104390C2911D813F001000ED186
S2140020C0073A062A0BD86B88C02B0BD0B3F5807F57
S2140020D0DED0802B0CBF00206FF08600D8E76FF0B4
S2140020E08600D5E76FF08500D2E700BF0001400507
S2140020F02DE9F04FA7B0DDE93475DDF8D880DDF8BE
S214002100EC90089206461C468A4629B96FF086026D
S214002110104627B0BDE8F08F0028F7D0309B002B84
S214002120F4D0329B13B9339B002BEFD1002F7DD117
S214002130002DEBD1389B002BE8D0B9F1000FE5D08D
S2140021403A9B002BE2D0399B002BDFD0338803F478
S214002150E042B2F5005F74D1C3F30222042A70D1C4
S21400216084F0AA6383F4807333F47E1306D084F07D
S214002170AA6383F4007333F47E136BD1C4F3054370
S214002180319AC9F80030214630460993FFF75AFFC6
S21400219002460028BCD17288089BB3EBD20F4FEAE8
S2140021A0D20BB3D3379B9D425FD83A9A099B934292
S2140021B05BD8474508D27B19984505D239462A464A
S2140021C040461FF0E7FC4746702200210AA81FF091
S2140021D0FBFC5A4651460DF12D00CDF850B01FF0CD
S2140021E007FD234B24F47E149C423BD13388B3F581
S2140021F0105F37D1D9F800300693399B0397CDE9A5
S2140022000483339B0293329B0193319B00932A46AF
S214002210309B01210AA81CF072FD0246E0B9389BEB
S2140022201D6070210AA81CF062FD71E7002D81D0A8
S214002230B8F1000F3FF46AAF379B002B7FF47AAFFC
S21400224064E742F20402934204D184F0052383F447
S214002250801390E7002393E7389900230B60C9F8B2
S2140022600030DEE76FF08502DBE76FF089024FE7AC
S214002270000140052DE9F04FABB0DDE938A4DDE9FB
S2140022803B658946099298460746002800F0A280DA
S214002290002900F09F80349B002B00F09B80369B2B
S2140022A01BB9379B002B40F09580BAF1000F02D186
S2140022B0002C40F08F801DB93D9B002B40F08A809B
S2140022C03E9B002B00F086803A9B002B00F082801D
S2140022D0359A41463846FFF7B5FE0246002866D1D5
S2140022E07A88099BB3EBD20F4FEAD20B72D33D9B91
S2140022F09C4272D8AA4509D20AEB0402954205D23E
S2140023005146224628461FF045FCAA467022002168
S2140023100EA81FF059FC5A4649460DF13D00CDF86F
S21400232060B01FF065FC2E4A28F47E180021904508
S214002330CDE90A11CDE90C1149D13A88B2F5105F02
S21400234045D1379B0293369B01930AAF359B00938A
S2140023502246CDE90457349B0696CDF80CA00EA86D
S2140023601CF0CDFC0246C8B93A9B384603EB060C77
S21400237090469C451FD11EB1314638461CF0B7FC2E
S214002380B8F1000F20D03E9A002313601CB12146FE
S21400239028461CF0ACFC6FF0940204E01EB13146F7
S2140023A038461CF0A4FC70210EA81CF0A0FC1046B9
S2140023B02BB0BDE8F08F10F8011B13F801EB81EA93
S2140023C00E0148EA0108D4E73E9B1C60EBE76FF07D
S2140023D08502E8E76FF08602E9E76FF08902E6E734
S2140023E0000140052DE9F04F8FB09846DDF86CA04F
S2140023F0049093460023B8F1000F16D0D8F800409A
S2140024001029CDE90633CDE908330CBF0823102385
S214002410029300255D450AD3B8F1000F01D0C8F835
S214002420004000200FB0BDE8F08F4446E8E75CB1FE
S214002430199B1A9A1B5D525D013453400AF8053009
S21400244004F00F040135E5E7FFF7F6FC4FF44043D0
S2140024504460036006461CF09EF9029A04990746FB
S21400246030461CF042FA06F1840318461899019388
S2140024701CF0E9F93846ABEB05071CF090F927F09D
S2140024800F0706F1A0032F440593AAF11009BD42D9
S21400249034D11A9B3B440AAD03F1100C18685968F6
S2140024A02A4603C2083363451546F7D10F2F0ED9C7
S2140024B00AEB070306AD103B0DF1280C2A4603CAAB
S2140024C0624518605960154603F10803F6D106F117
S2140024D0800357440AEB0B0903934F4536D11CF093
S2140024E05AF91899054601981CF0CAF928461CF0B6
S2140024F056F93046FFF7AAFC5D468BE71CF04BF911
S214002500224B039033653369DA07FCD41A9B05988F
S21400251059191CF098F90F2D0ED90DF1180C09EB6E
S21400252005020DF1280E634603CB7345106051601B
S2140025309C4602F10802F6D106A906F180001CF0BE
S2140025409FF903981CF02BF91035A0E774B91CF01E
S21400255022F90E4B336505463369DB07FCD4039836
S21400256019991CF08DF928461CF019F904F1380366
S2140025700DEB0302199B12F8102C1B5D013453401F
S21400258007F8013B04F00F04A7E700BF4805030166
S2140025902DE9F74FDDF848A0DDE90E74DDE9106897
S2140025A083461D46894621B96FF0860003B0BDE814
S2140025B0F08F002AF8D00FB9002CF5D116B9B8F173
S2140025C0000FF1D1BAF1000FEED02E4B9D4215D080
S2140025D00BD82D4B25F4807199420FD003F58063FC
S2140025E09D420BD06FF08500E0E7284B9D4205D05A
S2140025F025F40071A3F580739942F2E7BBF800302A
S214002600B3F5105FEED1BBF80230B2EBD30FE9D3CF
S214002610802B02D0B3F5807FE4D124B3B7420AD230
S2140026203B199E4207D24445BED83946224630461C
S2140026301FF0B0FA3746164BBBF802B09D424FEA81
S214002640DB0BCFD14445AFD814F00F05ACD17319CE
S214002650009301227B19594648461CF089FB30B985
S2140026601035AC42F3D8CAF8004000209EE7424638
S214002670002130461FF0A8FA0023CAF800306FF099
S214002680920093E70010C004004040040012C0040B
S214002690004440042DE9F04F91B0DDE91A4ADDE927
S2140026A01C56DDF8789007469B46884629B96FF099
S2140026B08608404611B0BDE8F08F002AF7D014B95E
S2140026C0BAF1000FF3D10DB9002EF0D1B9F1000F19
S2140026D0EDD0574B9B4515D00BD8564B2BF480713D
S2140026E099420FD003F580639B450BD06FF08508A9
S2140026F0DFE7514B9B4505D02BF40071A3F58073A3
S2140027009942F2E73B88B3F5105FEFD17B88B2EBD6
S214002710D30FEBD3802B02D0B3F5807FE6D1BAF18E
S214002720000F04D1C9F800A04FF00008C1E7AC4282
S2140027300BD204EB0A039D4207D2B245B7D8214616
S214002740524628461FF026FA2C46394B7F889B4572
S2140027504FEAD70758D003F540739B4521D0374B37
S2140027609B45C3D1B245A2D81AF00F0B9FD1404665
S2140027703B4608AA39461CF035FB8046002898D10F
S21400278005EB0B030093002204EB0B03394608A865
S2140027901CF0EEFA804670BB0BF1100BDA45EFD852
S2140027A0C0E7AAF10D0AB2453FD801238DF81030D4
S2140027B00DF11102234604F10C0153F8040B42F804
S2140027C0040B8B42F9D11B7813704FF48073ADF86D
S2140027D01E300D3404ABCDE900334046CDE902454A
S2140027E0002352463946FFF7FDFDC9F800A0804693
S2140027F000283FF45EAF3246002128461FF0E4F979
S2140028000023C9F8003054E7AAF1100AB2453FF693
S2140028104EAF04AA04F1100C20686168134603C387
S214002820083464451A46F7D1D4E76FF0890840E7C4
S2140028300010C004004040040012C00400444004DD
S2140028407FB5094B6A4603F11006154618685968A5
S214002850144603C40833B3422246F7D12846FEF78F
S21400286041FF002004B070BD1458020070B5184B2C
S21400287086B001AA03F11006154618685968144672
S21400288003C40833B3422246F7D11B882380114B7A
S214002890D3F8B420120316D5A3F500434FF6FF7203
S2140028A01B88934208BF4FF4B4730B48ADF80A3048
S2140028B0FDF710FE2846FEF715FB3220FEF748F916
S2140028C0002006B070BDD3F8B830C3F30803ECE7B9
S2140028D0245802000081E00F00F0490210B50C48B1
S2140028E00C4C6FF00403A02113F0800F03F10102DB
S2140028F007D123442F2A83F800131346F4D100206F
S21400290010BD03F00F03043B034419761346EBE7B0
S21400291000ED00E000E100E007B500F087FF6A4642
S21400292001F070F818B1044852211CF0C5FADDE930
S214002930000103B05DF804FB3658020008B500F04D
S214002940A9FE18B102487A211CF0B6FA002008BD8C
S2140029503658020008B500F04DF80D4A536A43F4A5
S214002960E0235362EFF308830A4A043B4FF0CD316D
S214002970934209D2084B01221A61FFF7DFFFBDE838
S21400298008400648FFF73AB943F80419F0E700BFD5
S21400299000ED00E00000002000300E404C57020022
S2140029A007B504220DEB020100201FF0A4FE042848
S2140029B004D0054840F267111CF07EFA019800F03A
S2140029C0C1F903B05DF804FB3658020010B50A0AD8
S2140029D041400748C9B2082301F00104490804B180
S2140029E04140013B13F0FF03F6D181EA020010BD1F
S2140029F02083B8ED10B5FFF711F80446FFF708F886
S214002A00E30721D401221046114600FA01F32340C1
S214002A1002F101021AD0214B33F811302049062B5F
S214002A2019D040F20722934212D14FF000524FF2D3
S214002A300F00548884420BD11088984208D14CF27B
S214002A403C335380088010BD0021E4E7112ADBD117
S214002A50134A138012E04FF000534FF20F025888CB
S214002A60904218D11B88B3F5406F28BF4FF4C0635F
S214002A700B804FF000534CF23C325A80084B1A88B9
S214002A8040F201739A4201BF064A074BD2E90001A1
S214002A90C3E90001D7E74FF4C063E9E79A5802009C
S214002AA0DE39002090100020CC1D002010B5044612
S214002AB01BF078FE4FF000534FF20F021C805A8036
S214002AC0BFF35F8FBFF34F8F0549064BCA6802F40A
S214002AD0E0621343CB60BFF34F8F00BFFDE700BF3C
S214002AE000ED00E00400FA056B4A6C4B2DE9F0415E
S214002AF055685D65516A996569496A4CD1F8000266
S214002B00D865D1F804121966916A5966D16A996631
S214002B10116BD966516B1967D26B586B5A67D3E93C
S214002B200E1210F0040F18BF11465F4A1A650020F7
S214002B309142D8645DD301F12000A04259D888693B
S214002B401864C5F30805CE695E64062D55D1574D49
S214002B50A84252D3564DA8424FD205884DF6426041
S214002B6085424AD11868C3F890005868C3F89400A4
S214002B7040F20170A242154605D22E68B6F1CD3F4E
S214002B8002F10402F6D00022C3E91E22C3E9202285
S214002B90C3E92222641BDFF814C1424DDFF810E1BE
S214002BA09C648D422CD8D3E91EC7D3E92065D3E9AF
S214002BB022414FF0000E013AD2B2FF2A3BD1BEF1BD
S214002BC0000F05D0C3E91EC7C3E92065C3E922414B
S214002BD0B3F85430C3F30803DA1E0F2A52D8DFE8DE
S214002BE002F03458414451515151514E51515151B6
S214002BF051380021C3E910112B494FF42060B9E782
S214002C0055F8044D6445CCD37445CAD2E607C8D5FA
S214002C10284F002657F8048FA045C2D00136062E4E
S214002C20F8D132B1013AD2B202F11E0643F826407C
S214002C30B7E70522F8E7E0464FF0010EBC463746F8
S214002C402E4625460C464146B5E740F60120BDE82F
S214002C50F081194BDB6913F0020F40F2025318BFE4
S214002C601846F4E740F60320F1E740F2017240F61A
S214002C700423B0F5206F14BF10461846E7E740F669
S214002C800520E4E7013B40F607223D2B98BF10469F
S214002C90DDE740F60220DAE700ED00E00010002055
S214002CA000E100E00010002000000020FC00000012
S214002CB020560200741000200020054000F00CB8DA
S214002CC000F00AB800F008B800F006B800F004B843
S214002CD000F002B800F000B872B61EF0080F09D077
S214002CE01EF0040F0DD0DFF850E0AEE8FF1F6FF0C7
S214002CF002000CE0DFF840E0AEE8FF1F6FF00E00C9
S214002D0005E0DFF834E0AEE8FF1F6FF00600694626
S214002D10EFF309828EE8070086460848084C85458A
S214002D2001D3A54501D384F30888FFF7DDFE84F3BD
S214002D300888FFF7BBFE00000010002040000020BF
S214002D400010002083B24BF6EF62002B08BF13463C
S214002D50044A000C13804FF6CE2308BF1846024BD9
S214002D6018807047B0130020AE1300200B4BB3F949
S214002D7000201888002AB8BF80F0620042001A803F
S214002D80074AB2F9001013880029BCBF83F48053A9
S214002D9083F00B035900118058407047B013002091
S214002DA0AE13002008B501F019F860B10A4B0344D1
S214002DB0072B0DD8072B0BD8DFE803F00C060A0804
S214002DC00A0A0A04C12008BDC320FCE7C420FAE7AB
S214002DD0C520F8E7C220F6E7FF1FFF0F054B1A785D
S214002DE02AB95B78002B0CBF032002207047012015
S214002DF0704700BF2E3E00200329F8B598BF134B3E
S214002E00054698BF5C5C0E4688BF0024032805D89C
S214002E10DFE800F002080B0E44F002040C4B1F68BB
S214002E204FB9F8BD44F00804F8E744F02004F5E78D
S214002E3044F08004F2E77B681A68144203D05B68AB
S214002E403146284698473F68EAE700BFC258020066
S214002E50001E002038B5104D2B78ABB10F4C2378F0
S214002E601BB11CF060F80023237000201CF05CF8F7
S214002E700B4C50B100F0D2FA002320782B700121C1
S214002E80FFF7BAFF0123237038BD064B01221A70E4
S214002E90054B22781A70F7E72A3E0020283E0020CD
S214002EA0303E00202B3E00202C3E002010B51BF0AC
S214002EB072FC064B1B7804461BB1BDE810401BF0A5
S214002EC06EBCFFF7C7FF2046F7E700BF273E00208F
S214002ED0094A137830B101331370084B1B78012B65
S214002EE003D87047013B13707047054B1B780BB92E
S214002EF0FFF7B0BF704700BF2E3E0020303E0020D8
S214002F002B3E002070B5144E1BF045FC337805466A
S214002F10ABB900F0BFFB044620B128461BF03FFCCF
S214002F20204670BDAFF300800C481BF0EFFB00F0AE
S214002F3015FF0B4B1C6000F093FC0A4B186000F06A
S214002F40EFF91BF0F3FF084B186001232846337097
S214002F5000241BF024FCE3E7313E0020001E002086
S214002F60D41D0020FC1D0020D81D00202DE9F843AC
S214002F70284A0138135C39B1274F397801330129C3
S214002F80135404D8BDE8F883013B1354FAE7FFF75F
S214002F9025FF0128044635D8DFF888801BF0FBFBA8
S214002FA098F80030054613B31C4E33781BB901223F
S214002FB032701B4A1370DFF8709099F8003023B116
S214002FC01BF0B1FF002389F8003028461BF0E7FB12
S214002FD001201BF0A9FF1BF0DEFB337805461BB172
S214002FE000F01CFA00233370002388F800302846CF
S214002FF01BF0D5FB38788442C4D02146FFF7FCFE90
S2140030003C70BFE70329F5D10228F3D100F052FA4D
S214003010F0E700BF2E3E0020303E0020273E002076
S2140030202B3E00202A3E0020283E002038B51BF00C
S214003030B2FB094B1B78012B054604D81BF0AFFBEF
S2140030400024204638BD054B1C6800F025FA0444D1
S21400305028461BF0A4FBF4E7303E0020D41D0020D9
S21400306038B5416004461BF096FB214605460448E9
S2140030701BF04FFB2846BDE838401BF090BB00BF56
S214003080001E0020054B1B68584300F57420044BB7
S21400309000F23F20B0FBF3F0704700BFFC1D00209D
S2140030A040420F002DE9FF47EFF3108772B6AFF3EB
S2140030B000801EF0B5FC002871D0714EDFF8E48168
S2140030C0337823B10020FFF703FF00233370FFF7A8
S2140030D085FE0446002869D0841EE4B2012C6CD913
S2140030E0FFF77CFE0128674CDFF8BC91054600F22E
S2140030F08E802078A84205D099F80030002B00F08A
S214003100B2802570207800F0B1F999F8003013B13C
S2140031105D4B1B782370AFF3008007B962B6EFF300
S214003120108772B6594B1A7852B100221A70564B55
S21400313020781B78984203D101212170FFF75CFEAE
S214003140534800F0E1FA1EF07AFC05460028B7D195
S214003150DFF8588198F80030A3B189F80000DFF84E
S214003160409199F800301BB11BF0DDFE89F8005045
S21400317000201BF0D9FE002879D000F04FF900237C
S21400318088F80030337823B10020FFF7A1FE002333
S214003190337020780021FFF72FFE00232370AFF353
S2140031A0008007B962B604B0BDE8F0873378002B1C
S2140031B096D0FFF78DFE347092E703A9002000F04A
S2140031C0F1FA044600288BD1D8F80030039A9A42C8
S2140031D005D80120FFF77CFE0123337080E72D4BD6
S2140031E01D6800F059F9039B05449D42F1D200F09A
S2140031F077F982000399264842F0020292B2CDE99E
S21400320000422346244A491B1BF094FE68E7DFF879
S2140032109CA09AF80030CBB91BF082FE207885423D
S21400322003D099F80030D3B125709AF80030002BFF
S2140032307FF468AF194B1B7823B91BF073FE184B4D
S21400324001221A7001238AF800305BE72078854255
S2140032503FF458AF99F80030002B7FF452AF294660
S214003260FFF7CAFDE0E72946FFF7C6FD49E701205C
S21400327000F0FCF807B962B6EFF3108772B677E78E
S214003280293E0020303E00202C3E0020253E002017
S214003290DC1D0020D41D0020AD2E00002D3E002099
S2140032A0283E0020D81D00202B3E00202A3E00206D
S2140032B010B51BF070FA054B00221C781A701BF034
S2140032C06EFA00F06BFC2043C0B210BD263E002014
S2140032D073B5114E3378834204460ED000230F4D4B
S2140032E0ADF8043058B101A8FDF756FF1E20FFF7D1
S2140032F0C9FE2B681B1A2B60347002B070BD022307
S21400330001A88DF80530FDF747FF1E20FFF7BAFE2F
S2140033102B680344EFE700BFE6130020081E0020DA
S21400332073B5284C002501A8636A636A8DF80450BB
S214003330FEF740F82846FFF7CBFFD4F8903003F0AE
S2140033400403AB42204B14BF01222A461A70D4F85D
S21400335090301E4CC3F30033237005D04FF4167024
S214003360FFF790FE1A4B186023781A4DEBB1112028
S214003370FDF70CFB1349D1F80031C3F3042303FB1C
S214003380000292B14C6C144EC4F30B44002301347B
S2140033901946501E04EB8404E4FB060105F090F980
S2140033A0FFF770FE2B6803442B606420FFF76AFE6D
S2140033B02B6803442B60034BD3F89020074B1A600E
S2140033C002B070BD00400E40343E0020323E002069
S2140033D0101E0020081E002040420F00041E002081
S2140033E008B50B4B1B7893B1022000F089FC70B136
S2140033F000F008FA58B1002201210220FDF748FC2F
S2140034001BF0DBFD034B1860034B01221A7008BD4E
S214003410343E00200C1E0020333E002038B50E4CF3
S2140034200E4D23782BB92B781BB11BF0C6FD0C4B29
S21400343018601BF0DAFA2B786BB10A4AD2F8903093
S2140034401B07FBD51BF0B9FD054B1B68C01A064BC6
S21400345018600023237038BD333E0020343E002021
S2140034600C1E002000400E40101E002002280AD02D
S21400347003280BD001280CD1064A136923F0040355
S214003480136130BF70470020FDF798BE0020FDF79F
S214003490CBBE704700ED00E0044B1B680BB103EB9E
S2140034A0D303034A10681844704700BF101E00205C
S2140034B0081E0020084B45F60E02D3F88011C3F80C
S2140034C08021064A126802F4A0721A66CA0744BF30
S2140034D00022C3F88021704700400E40041E0020E2
S2140034E0014B1878704700BF343E002038B500F016
S2140034F0A5FB094C094B1A6823680025C31A2AB194
S21400350023B15169994203D3C91A5161206038BD6D
S21400351055615B1A9268F2E7181E00201C1E0020F8
S214003520C38870B504460D463BB9FFF77FFD85425C
S214003530064602D21BF0E8FC35460E4965610B686C
S2140035408BB90C60A3600DE0AD1A9A6865611846E9
S2140035506AB113465A69AA42F6D930B18460521B42
S214003560A3605A6170BD0020F4E70C60F7E79C602A
S214003570A260F7E71C1E002038B5134D2B685B6968
S21400358093B1124A146802201C4400F08BFB2046BC
S21400359000F05AFB0E492A6800230B70D08880077B
S2140035A009D501230B7038BD022000F07BFB0220FA
S2140035B000F09EFBEEE79268002AF4D050690344C0
S2140035C0012BEBD9EFE700BF1C1E0020181E0020C1
S2140035D0363E002070B516469DF814200271049AF7
S2140035E00260C0E903360022BDF818308260044647
S2140035F00D46C380EEB900F021FB2844A0619DB1C2
S2140036002E461BF0C8F80546FFF770FF31462046E9
S214003610FFF786FF104B1B68A34201D1FFF7ACFFF4
S21400362028461BF0BCF802E0E36865617BB9002021
S21400363070BD00F003FB3044A061002DE0D1E368CC
S2140036406561002BDDD0216820469847D9E72168C0
S21400365020469847EBE700BF1C1E00200C490B686D
S21400366000227BB183420AD183687AB19360836873
S2140036701BB15A6941690A445A61002070471A46CC
S2140036809B68EEE70028EFD0022070470B60EEE75D
S2140036901C1E002070B5154E1BF088F834780546C1
S2140036A0FCB9134B1C60134B1C60134B1C8000F0C2
S2140036B081FA012000F0F6FA00F04AFB0F4B0246B2
S2140036C0186020B928461BF077F8232070BD2346E3
S2140036D00B4840F2E73104F0F3FF0A4B1860012371
S2140036E0337028461BF068F80020EFE7373E0020CE
S2140036F01C1E0020181E0020E0390020201E00207E
S21400370018FCFFFF141E002070B5044640B31BF0E3
S21400371042F8144E0546FFF7E9FE3068A04209D08D
S2140037202046FFF79BFF0446B0B128461BF037F84B
S214003730204670BDFFF792FF04460028F5D1336897
S2140037403BB9022000F0BCFA28461BF028F80024FB
S214003750EEE7FFF711FFF7E73368002BF4D1F0E749
S2140037602224E5E71C1E002038B50C460546A8B105
S214003770A1B100230B701BF019F8094B1B6801213F
S21400378033B91BF019F8002038BD9D4204D12170D2
S2140037902278002AF9D0F4E79B68F1E72220F3E7C5
S2140037A01C1E0020F8B506460F461AF0FFFF134B06
S2140037B01B680446002523B920461AF0FDFF1B208F
S2140037C011E05A691544DA88B2420DD10C4E00F069
S2140037D035FA3368C01AA8420AD3002320463B6055
S2140037E01AF0EAFF0020F8BDFF2EEFD09B68E2E754
S2140037F000F024FA33682B441B1AEFE71C1E002047
S214003800181E002008B5074B187848B11BF0D5FBEA
S214003810054B1B689B69C01A02288CBF002001203C
S21400382008BD00BF363E00201C1E002070B51AF0F2
S214003830BDFF064600F002FA084B1D88044601202C
S214003840ADB200F05DFA18B100F0F8F901350446A3
S21400385030461AF0B1FF2046294670BDE0390020F8
S214003860014B1868704700BF201E002038B5074B74
S2140038701D680446002140F2E7304FF47A720023B8
S214003880E5FB040104F01CFF38BD00BF201E00202D
S214003890F8B50C4B1B68834205460E460FD30A4B01
S2140038A000241F6840F2E73021464FF47A72002366
S2140038B0E5FB070104F004FF30602046F8BD212038
S2140038C0FCE700BF141E0020201E00202DE9F0415A
S2140038D086B0984600230D4617468DF813300646E8
S2140038E080B30DF11301FFF73FFF9DF813305BBB6C
S2140038F005A92846FFF7CCFF0446F8B9134B18680D
S2140039004FF47A720023A5FB000104F0D9FEC2F53D
S2140039107A7189B2B1F57A7FBDF83430F48308BF86
S2140039200021B183059A02939DF830301146CDE907
S214003930008330463B46FFF74DFE0446204606B061
S214003940BDE8F0812224F9E70224F7E7201E0020D4
S214003950F0B50C4687B016461F46054630B305A997
S2140039602046FFF795FFF8B9114BE8831B685C43C8
S2140039704FF47A73B4FBF3F203FB1244191B89B2BB
S214003980994208BF0021A9832846FFF7BDFEBDF86F
S2140039903430059A02939DF830301146CDE9007315
S2140039A028463346FFF716FE07B0F0BD2220FBE799
S2140039B0201E0020014B1868704700BF141E002010
S2140039C00F4B1A6810B59AB1531E4FF47A71134212
S2140039D0A0FB01010ED1B2FA82F2C2F11F04531C01
S2140039E0E040D24301FA03F3184321FA02F20243FD
S2140039F0104610BD002304F063FE0246F8E700BF41
S214003A00201E002038B5154B8342154B8B411446BB
S214003A1021D3144B1A68F2B14FF47A75A0FB050354
S214003A2005FB0131531E134211D1B2FA82F2C2F1E4
S214003A301F05531C01FA03F3D243E84021FA02F2B1
S214003A4018431043E940C4E90001002038BD0023B4
S214003A5004F036FEF7E72120F8E700BFEFA7C64BD5
S214003A6037894100201E0020C2072DE9F84304468E
S214003A700BD5474A138801339BB21380FFF736FDF8
S214003A80444B1B680BB1FFF777FDA3077DD51AF0F3
S214003A908DFE0546FFF72AFD4FF000083D4F4646CF
S214003AA03C680CB163698BB13B4B0022012E1A7047
S214003AB003D118F0020F18BF1E70002C61D0FFF75C
S214003AC05BFD2846BDE8F8431AF076BE23465A69E1
S214003AD03AB91A792179914288BF1C469B68002B17
S214003AE0F5D128461AF068FE2569DDB100F0A6F883
S214003AF0A269A0EB02084FEAE873A84573F1000339
S214003B0011DB23691344A361E368B4F80680013629
S214003B1013B12168204698471AF048FE0546FFF77D
S214003B20E5FCBDE7A8461AF041FE81462046FFF7B1
S214003B3095FD48461AF040FE2369002BE4D0A38B7F
S214003B40B5EB080533B1E28B13449BB2B3F57A7F2D
S214003B500FD2E3831AF02AFE294680462046FFF756
S214003B60DFFCA36922691344A36140461AF024FED1
S214003B70CAE7A3F57A73E383A369013B013DA3611A
S214003B80E8E7022000F09CF89BE7BDE8F88300BF5A
S214003B90E03900201C1E0020353E002010B51AF02B
S214003BA005FE034B1C781AF007FE204610BD00BF2A
S214003BB0353E002010B51D4B86B01868596803AA1C
S214003BC003C2197AD3F8090011700190B3F80D20DA
S214003BD01748DB7BADF8082001218DF80A30002459
S214003BE0FCF780FD03A88DF80C408DF81040FDF71B
S214003BF063FF01A901208DF80440FDF73DFF0D4A43
S214003C00536A23F4FF6323F00703536240F2FF7303
S214003C10136201209460FDF749FF074B4FF0004206
S214003C20C3F880211A6006B010BD00BFC658020057
S214003C30A00914000020044000E100E0014B986851
S214003C40704700BF0020044010B504461AF0A3FDDC
S214003C50124A9368516D9269520704D4CA1A032A0D
S214003C6001D899420DD1E21A022A98BFDC1C0B4BF0
S214003C70B4F1FF3F38BF013C5C655A6A42F004026B
S214003C805A621AF08CFD064A137833B103490B6D5D
S214003C9043F002030B650023137010BD00200440A0
S214003CA0E71300208207054A00F00103516A48BF67
S214003CB043F004030B435362704700BF00200440E8
S214003CC0820700F0010309D5074A01211170074950
S214003CD00A6D22F0030243F004030A6503494A6AA8
S214003CE022EA03034B627047E713002000200440DB
S214003CF0830742BF014B0422DA617047002004406C
S214003D00064B01289B6904D0022805D1C3F3800026
S214003D10704703F001007047002070470020044001
S214003D2010B51AF043FD094A93690446590703F093
S214003D30010003F0070348BF40F002001362FFF7DC
S214003D4093FE2046BDE810401AF036BD0020044021
S214003D500148FCF71BBE00BFA00914000A4BD3F8AD
S214003D60883003F00703013B012B10B50BD81AF07F
S214003D7012FD012104460220FFF7F8F82046BDE8B0
S214003D8010401AF00CBD10BD00400E401F282DE953
S214003D90F341054604D82C46204602B0BDE8F08123
S214003DA00B4E0C4FDFF8308000240023CDF8008047
S214003DB038681A4619461EF05DFA8442EBD2202C6B
S214003DC0E9D056F8043BAB42E6D00134EDE700BF3D
S214003DD0AC5B0200C8100020FFFF0F002DE9F04F7B
S214003DE0644E654D3168286889B005F097FF044633
S214003DF0002827D033689A69D3E9000112689047F3
S214003E0033689B6904A89B68984733689B690220BF
S214003E10DB6898470024326805985368B3FBF0F3D4
S214003E20E7B2BB42916904F101044DD8CB6800208B
S214003E30984733689B695B6898473168286805F03F
S214003E406DFF0446DFF84C914C4FDFF84C81DFF8ED
S214003E504CA10026F4B94A4B28689B5D002B00F065
S214003E608380D7F800B002AB03AA594606F098F94B
S214003E70504507D070B9039B012B0BD028685946D4
S214003E8006F0D2F9D9F8003028681A68594606F0C4
S214003E90B7F804460136202E09F1040907F1040795
S214003EA008F10108D6D1374AB4FA84F35B091370D7
S214003EB02B681B7C23B134484FF48B711AF0FCFF3F
S214003EC0204609B0BDE8F08F12680B6907FB00209A
S214003ED09847A0E73B6803AA194402AB019106F095
S214003EE05FF95045019903462ED028682BB30BF195
S214003EF0010B009B28685FFA8BF19942EAD3234BAB
S214003F009B5D002BC6D0DDF800B028685FFA8BF307
S214003F107E2BBFD8396802AB594403AA009106F03D
S214003F203FF95045B6D00099286806F07DF90BF1A8
S214003F30010B04460028E8D0ACE7039B7BB998F851
S214003F400020029B9A42D2D098F80030D9F8002080
S214003F50286805F0BDFF0028C9D00446CFE70191C8
S214003F6006F062F90199EFE7094B9B5D0093A346C3
S214003F70BFE700BFA8100020C8100020AC5B0200FE
S214003F808A5B0200383E00202C5C02006A5B02005E
S214003F902A5B0200D85802004A5B02000BE000F0E1
S214003FA0F8B50D4616461F46FFF7F0FE1F280446D6
S214003FB01CD8174B1B780BB3164B1868164B53F8C8
S214003FC02410164B1B5D3BB1324606F065F80446DE
S214003FD0A0B11BF016F812E07F2D08BF00253B4667
S214003FE0324651FA85F105F0BDFFF0E7FF2808D903
S214003FF081B23B46EAB230461AF07AFF00242046E9
S214004000F8BD07484FF4A6711AF056FFF6E700BF52
S214004010383E0020C8100020AC5B02008A5B02001D
S2140040202C5C0200F8B50D4616461F46FFF7AEFE9E
S2140040301F2804461CD8164B1B7803B3154B18686C
S214004040154B53F82410154B1B5D3BB1326805F039
S214004050D7FF044698B11AF0D4FF11E07F2D08BFB1
S21400406000253B46324651FA85F105F031FFF0E770
S214004070FF2807D93A46314680B21AF042FF00249C
S2140040802046F8BD06484FF4C3711AF015FFF6E750
S214004090383E0020C8100020AC5B02008A5B02009D
S2140040A02C5C020010B5FFF771FE0A4B1B7813B9A3
S2140040B00024204610BD084B53F82010074B002262
S2140040C0186806F027F804460028F1D01AF099FF81
S2140040D0EFE700BF383E0020AC5B0200C8100020AF
S2140040E073B516461D46002B73D04BF234639842C8
S2140040F010D1082D28BF082537492A4630461DF01E
S21400410077FD36492A4630461DF034FD30B3002090
S21400411002B070BDC9B27F2980B208BF00219842A4
S21400412018D17F2241F20201684608231AF0E0FE09
S2140041302A49082268461DF01DFD30B908237F2253
S21400414041F2F01168461AF0D3FE6B4603CB30609E
S2140041507160DCE741F2F01398421ED1204B701ECE
S214004160D3F8F010D3F8F4202C1F2B46013B9C42CA
S21400417000F8011F4FEA11210CD1002CC7D00423F0
S214004180D9B20729F2544FEA1222C0D001339D4219
S214004190F6D1BCE7002BE9D1B9E700F47043B3F5DC
S2140041A0805F0AD1C0F30B0404F17E642A4605FB47
S2140041B0014130461DF01CFDA9E700F46043B3F54D
S2140041C0005FA4D1C0F30B0404F17E6404F58044C0
S2140041D0ECE721209CE700BF0200E00FFE5C020037
S2140041E00081E00F2DE9F8431646C20704460F4645
S2140041F004D52A4840F2D3111AF05EFEF30704D520
S21400420026484FF4EA711AF057FE04F47043B3F5EB
S214004210805F24D1C4F30B04214A04F17E64731E2C
S2140042202344934215D82546DFF8709005EB060820
S214004230A84529D156B17208394620461AF0F9FE2B
S21400424020B116484FF402711AF036FE0020BDE881
S214004250F883124840F2D9111AF02EFEE3E704F470
S2140042606043B3F5005F06D1C4F30B0404F17E642B
S21400427004F58044D7E709484FF4F0711AF01CFEA5
S2140042806FF00F050024CFE715F8013BFF2BCFD0CA
S2140042904FF4F57148461AF00FFEC9E7925C02002B
S2140042A0FF07E00F836970B513F00106044603F0BC
S2140042B0020509D1EDB9C3695BB30EF05DFFE36992
S2140042C02046BDE8704018471DB11B489B211AF0D8
S2140042D0F3FDA069C0F381001CF05AF8E3691BB92E
S2140042E01548A3211AF0E8FD20460EF045FF4DB90B
S2140042F016E0C3F307201CF05DF8E369B3B120466F
S2140043000EF03AFFE369607E9847BDE870401CF007
S21400431045B80948A3211AF0CFFD20460EF02CFF21
S214004320E36920469847002EEFD170BD0248A321CE
S2140043301AF0C2FDE3E700BF0E5D020008B50FF0FD
S214004340B5F828B1BDE8084002483F211AF0B4BDD0
S21400435008BD00BF0E5D020010B5064C0460064C9A
S214004360C2610023C0E9014303610123C160836188
S21400437010BD00BF241E0020A5420000826938B58B
S21400438002F00203D20704460D4620D553B9FF2992
S21400439021D1A36913F00C0F17D01148FC211AF095
S2140043A08BFD12E00E48ED211AF086FDFF2DF0D0B1
S2140043B028461BF02EFCFF28054603D10848F521A9
S2140043C01AF07AFD2DB204EB4514204638BDFF29BD
S2140043D0FBD0002BECD10248F2211AF06DFDE7E786
S2140043E00E5D020001481FF068BA00BF241E0020C0
S2140043F001481FF06EBA00BF241E002008B506480C
S2140044001FF030FA1AF080FE1DF046FB1DF056FB3A
S214004410BDE808401DF055BB241E0020022808B544
S21400442003D11AF02BFD014B186008BD541E002066
S21400443008B506F079FC074B012018701AF072FEDA
S21400444002201AF06FFEBDE8084003490348FEF755
S21400445007BE00BF3A3E0020D4100020581E0020A1
S21400446038B50E4B1C786CB9204638BD1BF0E4FA04
S21400447004280FD01BF0E0FA05461BF08FFF052D31
S2140044800AD0F1E700201BF083FF28B91BF0D4FA0E
S2140044900228EBD11BF082FF0024E5E7E81300209A
S2140044A008B5074B1B780BB1002008BDFFF7D8FFF7
S2140044B00028F9D100F0D6FE023818BF0120F4E734
S2140044C0393E002070B50FF059F80446FFF7E8FFB4
S2140044D014F0070F204D0CD158B10FF04FF810BB59
S2140044E04FF0FF34FFF77EFF844228BF0446042CBB
S2140044F01DD82B7823B901201AF014FE01232B7047
S2140045001AF01EFE044628B32B781BB91348F9216F
S2140045101AF0D2FC0EF09AFF0446FFF763FF8442BF
S21400452028BF044616E00EF091FF0446DAE7204660
S2140045301AF008FE0028DCD02B785BB11AF02BF9B5
S214004540002106460120FEF711FD30461AF027F935
S21400455000232B70204670BD3A3E0020815D02008D
S2140045601FB5FFF7AFFF0446FFF724FAA04228BFA7
S214004570204688B103A9FFF78BF9034638B9CDE981
S2140045800000064A039906481AF0D4FC18B10548FC
S21400459092211AF091FC012004B010BD23F1010015
S2140045A0341E0020815D02002DE9F34102AB03E9D1
S2140045B00600044690460EF0C5FE054620460EF060
S2140045C0D1FE384F9DF80060374BFDB1202C98F88F
S2140045D0002033F8141037F8140008D9814253D35A
S2140045E04FF6FF7291421DD102B0BDE8F081012A5C
S2140045F032D802EB42122D4822444FF6FF7530F8AF
S2140046001210A94202D0013120F8121033F814100B
S21400461037F81400814237D34FF6FF7291424FF0BD
S214004620010502D0013123F8141004F0FD02092A16
S2140046302CD19A8AB98A32448A42B4BF9A82998225
S21400464033F814308342CFD3002DCDD1204602B0AC
S214004650BDE8F0411AF0E9BF022AD7D1134A32F872
S21400466014104FF6FF70814204F121001CBF013187
S21400467022F8141032F810104FF6FF75A9421CBF2E
S214004680013122F81010C1E70025CBE71D2CD7D149
S2140046905A8F91198142BDBF02F1FF32B6185E876C
S2140046A05887CDE7663A0020B83A0020E239002065
S2140046B00248522200211DF087BA00BFB83A0020F7
S2140046C002485222FF211DF07FBA00BF663A002042
S2140046D0034B1B681878012808BF0220704700BFEC
S2140046E0EC1F002001480EF09FB800BF0A3B0020D8
S2140046F070B5094E094D0A4C337821782A7803F0B4
S2140047004BFF002333702B702370BDE870400548C4
S214004710FF211AF0F2BC00BF573E00204C3E00209E
S2140047204D3E0020601E002008B51048FF211AF0FC
S214004730E4FC0F4B1B7813F020000CD000F068FB55
S2140047401FF035FC0120FFF7D3FFBDE808404FF40B
S21400475080601BF0D9BDDB0603D5BDE8084000F03D
S2140047605FBB0121B4201AF0F3FFECE7601E0020C7
S214004770573E0020024A03480021FFF7EDBD00BF68
S21400478029470000601E002008B5054B1B7823B1A2
S2140047909420FFF7ADFF002008BD7020FCE700BFA7
S2140047A0573E002010B5184C2378DA0625D51E286B
S2140047B00ED065280CD0032820D143F020032370A8
S2140047C0BDE81040114841F28832FF211AF084BC3F
S2140047D023F020032370FEF7C9FA4FF4FA63B0FB08
S2140047E0F3F202FB1300C21892B20848FF211AF037
S2140047F073FC237823F01003237010BD1FF0D7FB43
S214004800AE20FFF775FFF4E7573E0020601E00203D
S21400481030B53B4C2378DD1F012B8FB0EDB255D061
S214004820042B53D0032B41F6041252D0991F4B424F
S2140048304B415B0013433348ADF80C301AF0FDFED5
S21400484048B9314B2F4A03F1100153F8040B42F8D4
S214004850040B8B42F9D12378032B3CD0062B3AD09D
S2140048602A4B0DF10E0203F1100153F8040B42F827
S214004870040B8B42F9D103A816F0D0FBB7280446E8
S2140048800BD1012D1FD8BDF80C3003A823F400531C
S214004890ADF80C3016F0C2FB0446A4B9302016F072
S2140048A097FA044678B91AF0E3FE012D0BD8184A99
S2140048B01068516801AB03C32246164901A81CF0D4
S2140048C0F3FAA0B1182420460FB030BD43F6041208
S2140048D0ACE70223AEE70B4A0DF10E0302F110011E
S2140048E052F8040B43F8040B8A42F9D1C3E7054992
S2140048F0224601A81CF0D8FA0028E3D1E3E700BF5F
S214004900573E00203C3E0020F35D0200045E02009D
S214004910155E02001E5E02001FB50446252011F03B
S21400492055F91C2200210D481DF04EF90C4B187845
S214004930FFF7CEFE022814BF0123042303208DF8C0
S21400494000301FF000F804238DF808306846054B49
S2140049500194039300F0ECF904B010BD801E002013
S214004960573E0020114B000008B50E490A78531C2C
S214004970DBB2072B0B7001D0092B04D19420FFF774
S214004980B7FE942008BD02F0FB02032A07D1064BAF
S21400499018680028F2D0FFF7BFFF3D20F2E700209E
S2140049A0F0E700BF573E0020DC10002070B5154C25
S2140049B0154E23683268134321D0144B1B68F3B19D
S2140049C0134D2B78DBB91BF037F890B94FF48060A5
S2140049D01BF05DFC246844B101232B7000F018FA2C
S2140049E02046BDE87040FFF797BF042334682B705D
S2140049F0F4E7BDE870400121B4201AF0A9BE70208B
S214004A0070BD00BFE0100020DC100020EC1F00206E
S214004A10573E002070B5214D287838B120492148EE
S214004A2008221DF0A7F8003818BF01201E4C261DCE
S214004A3007E01B491B4808221DF09CF8003818BFE9
S214004A400120227A2368D340DB0700D558B13046D0
S214004A5011F088F8E8B92B78002BEAD1227A23687F
S214004A60D340DA07F3D5114B1878FFF731FE012350
S214004A7003220F4910F0D2FB0E4A1378013313704D
S214004A8058B1BDE87040FFF733BEBDE8704000F097
S214004A9013B8FFF769FF0028F7D070BD563E002018
S214004AA04E3E0020921E0020801E0020573E002012
S214004AB0841E00204C3E002008B5FFF7A9FE88B9EA
S214004AC00F4B1B78032B12D89BB10E4B0E481B685E
S214004AD040F8043B11F024F868B1BDE80840012016
S214004AE0FFF706BEFFF740FF0028E6D008BD072BFD
S214004AF0EBD0064BEAE7BDE80840FFF78BBF00BFE8
S214004B00573E0020E0100020801E0020DC10002011
S214004B1010B5134C237813B3838913F4407F1ED04B
S214004B200368E3B911F04CF80E4B187018B1BDE8E5
S214004B301040FFF7C1BF2378062B06D8032B06D9F3
S214004B40BDE81040AB20FFF7D3BD082BF8D00423F8
S214004B502370054BBDE810401868FFF7DDBE10BD9A
S214004B60573E00204D3E0020DC10002030B5394D69
S214004B702B7887B004462BBB01A81BF007FF022347
S214004B8001A88DF804301CF0D7F8B0B9324901A856
S214004B901CF039F988B1902C0FD1FEF7E7F847F2F0
S214004BA03153B0FBF3F202FB130000F51C5010303B
S214004BB080B200F035F907B030BD912CFBD100F083
S214004BC05BF9F8E7902824D1032B11D0062B0FD0E1
S214004BD0224B1B78DA070BD401A816F01BF918B97C
S214004BE0BDF804309B0703D42B7843F010032B70DA
S214004BF0FEF7BCF84FF4FA63B0FBF3F202FB1300C7
S214004C00C218174892B2FF2107B0BDE830401AF02C
S214004C1063BA0EF011FC0028CDD12B78013B072B90
S214004C2011D8104810F09EFF40B1FFF79DFE0028F7
S214004C30C1D107B0BDE83040FFF73EBF07B0BDE8C2
S214004C403040FFF7E7BEAE2007B0BDE83040FFF7C4
S214004C504FBD00BF573E00201E5E02003B3E0020B8
S214004C60601E0020841E00201FB50F4C2478C4B19F
S214004C7042EA03229DF818308DF8051042EA4322D6
S214004C800A4BADF80C201A78094B8DF8061003EB8A
S214004C900213079900908DF80400DB6802916846BD
S214004CA0984704B010BD00BF583E00205A3E002072
S214004CB09C1E002073B51A4D1A48FF211AF01DFAE3
S214004CC02B7853B3184C194E2378180106EB0313B0
S214004CD0305C1A7A59680EF055FF4D281DD0E0B1A9
S214004CE0227801230021CDE900311201C0B2B25C66
S214004CF0FFF7BAFF23780B4801330A22DBB2B3FB77
S214004D00F2F102FB113323702B78FF21013B2B704D
S214004D1002B0BDE870401AF0E8B902B070BD00BF3E
S214004D20583E00203C1F00205A3E00209C1E0020BB
S214004D30F8B5104F3E780A2E1AD00FC8DFF840C0DC
S214004D400D4D9CF8004005EB0415013485E80F0076
S214004D50E4B20A230948B4FBF3F2013603FB12441B
S214004D60FF218CF800403E701AF0BFF90020F8BD15
S214004D700120FCE7583E00209C1E00203C1F00201F
S214004D80593E0020024A03480021FFF7E5BA00BF5B
S214004D90B54C00003C1F002037B5134D00232A7881
S214004DA0CDE900330C461201104901238A5C014606
S214004DB02046FFF759FFA4B90D490A788AB12B7827
S214004DC001330A20DBB2013AB3FBF0F400FB1433E4
S214004DD008480A70FF212B7003B0BDE830401AF077
S214004DE084B903B030BD00BF5A3E00209C1E002090
S214004DF0583E00203C1F002008B5032015F026FA78
S214004E0010B9024B01221A7008BD00BF5B3E00209D
S214004E10024B002218781A70704700BF5B3E0020D5
S214004E200246FF2101481AF057B900BF5C1F002058
S214004E300D4B1B7810B583B90C48FF211AF05DF9AD
S214004E40FFF7DAFF044640B1094B1B78DB0604D5B2
S214004E501FF0ADF820461AF0F2FB064BBDE81040F6
S214004E601868FFF7DDBF00BF5B3E00205C1F002018
S214004E70573E0020E41000200148FF211AF03DB9FB
S214004E805C1F0020054B1A7808462AB1032984BF08
S214004E9000221A70FFF786BC704700BF5B3E0020FA
S214004EA0024A03480021FFF757BA00BF314E000000
S214004EB05C1F0020014B1870704700BF5C3E00204E
S214004EC0024B186800B14068704700BF7C1F002086
S214004ED00B4B1B6870B5044600257BB11E8800216D
S214004EE007E05A6802EB0110013145B9021B554232
S214004EF055418AB29642F4D89B68EEE7184670BDD4
S214004F007C1F00202DE9F04F93B01E469DF87430AC
S214004F100593022E4FF00003DDF87090DDF880A0B8
S214004F20ADF81E3007468846144640F2B48099F81D
S214004F3000305A072AD5042E40F2AD8099F804B006
S214004F40594B002533F83520002A00F0AA80013599
S214004F500A2DF7D1BAF1000F40F0A180FF250023FB
S214004F6020798DF81D3008AA0DF11D011BF0AFF950
S214004F7078B1BDF82C309DF81D0023801BF008FA90
S214004F808DF81C00A0B113B0BDE8F08F99F802B000
S214004F90D6E720791AF03DFE00287ED120791BF056
S214004FA009FA8DF81C000028EDD1404B5B88238061
S214004FB062884FF6FF73002F08BF4346CDE90023F3
S214004FC000212388059A584601F042FB18B1E38871
S214004FD043F02003E380059BCDF83C9007A90DA87D
S214004FE0CDE90DA4ADF84080ADF842608DF8447070
S214004FF08DF845301BF079F910B19DF81C00C2E71A
S214005000484601F079FAA01D01F064FA22464146AE
S21400501038461BF041FBB04208D274238DF81C3092
S214005020BAF1000F32D11BF0B9F9E6E79DF87C30F3
S2140050300393BDF8783002930DF11E03CDE900937B
S2140050402246F3B2414638461AF009FC8DF81C0099
S214005050BAF1000F0FD070B9BDF81E203AB1092D75
S21400506005D8134B03EBC50143F835A08A80112001
S2140050701BF00DF9D7E7BA2808D1E388DB06D2D5AE
S214005080002301208DF81C30FFF714FF9DF81C301C
S214005090002BC8D1EBE7012075E7A32073E7B42007
S2140050A071E7EDB25BE700BF841F0020D01F002031
S2140050B0801F002010B500201BF06AF90B4B1B6800
S2140050C063B15878052807D860B904460EF034FB5B
S2140050D020460EF067F901E0FF2803D0BDE8104037
S2140050E01BF05CB905240220F0E700BFEC1F00208F
S2140050F013B5124C00201BF04BF923689BB101A896
S2140051001AF0D6FC78B923681A789DF804309A42CB
S21400511009D0D91E032906D9D11E012903D9012A8F
S21400512007D1022B05D1032301A8ADF8043010F0F7
S2140051302BF902B0BDE810401BF030B9EC1F002080
S2140051400023044A194601330A2B918042F8081BB3
S214005150F9D17047801F002030B50D4685B0044653
S2140051600FF03EFE8DB10A4B1A889B788DF80E30F4
S2140051700323ADF80C200093002203AB36214FF634
S214005180FC708DF80D401BF07CFB05B030BD00BFF9
S2140051902E5E02002DE9F04F85B080468946BDF8A8
S2140051A038A00F9EBDF840102C481F461546002319
S2140051B030F833208A4246D1294A52F833B00023C9
S2140051C030F833408C424FEAC30242D124490020D3
S2140051D00A4441F83300908047B92B8833B9B5F9B3
S2140051E00230002B02DB08201BF051F801201BF0D8
S2140051F08BF89EB13478E30710D514F0040004D081
S2140052005246012130461BF0A7F8CDE90170009602
S21400521053462A46494640461AF03EFDBBF1000F6B
S21400522006D0CDE9006753462A4649464046D84749
S214005230CDE9006753462A464946404603F028F91A
S21400524005B0BDE8F08F01330A2BB1D14FF0000B4B
S214005250B5E701330A2BB3D1BEE700BF841F002099
S214005260801F0020014B1878704700BF5D3E00206D
S214005270F8B506460C461BF028F80546B0B9304689
S2140052801AF0C7FC98B90B4B1F7B87B95A88228047
S2140052909A8862809B7923710121304600F018FAC3
S2140052A039466071304600F013FAA0710125284691
S2140052B0F8BD00BFD01F002070B504460E46154648
S2140052C01AF0A7FC10B14FF6FF7070BD084B1A7BA2
S2140052D0002AF8D146B901222946204600F01AFADB
S2140052E00028F0D00088F0E7012EECD1F4E700BFEC
S2140052F0D01F002013B5FF230DF1070104468DF8DB
S21400530007301AF0E0FF18B19DF8070002B010BD94
S214005310074B03EB04131B7B0BB1FF20F6E720467D
S21400532000F07EF80028F8D0204600F0CBF9EDE734
S214005330D01F002008B500F0A1FCFFF701FF00F029
S21400534051F80221084601F04BFAFFF7B3FE094B6D
S21400535041F249021A80084A52231380074A4FF442
S214005360004013801DF0DEFEBDE8084000201EF061
S2140053701BBB00BFE0130020DC130020DA13002064
S214005380014908221CF006BCE7400020064A01231B
S214005390D15C814202D1054AD05C704702335D2B56
S2140053A0F6D10020704700BF305E0200315E02007A
S2140053B070B50A4B1D780A4B04460022D0B28542CF
S2140053C001D8FF2070BD1E78A64204D10029F9D06E
S2140053D05E7BF607F6D401321033EFE75E3E002020
S2140053E0D01F0020084B01221A70084B4FF4827120
S2140053F01A709A71064A59809A600A214FF4807290
S21400540099809A81704700BF5E3E0020D01F002022
S2140054109C5E0200014B1878704700BF5E3E00207D
S214005420034B03EB0013587B00F00100704700BFEE
S214005430D01F0020044A054B821A92105A43044893
S21400544092B201211AF05DBBF45E0200ABAAAAAAD2
S2140054508E5E0200044A054B821A92105A43044894
S21400546092B201211AF04DBBA45E0200CDCCCCCC8A
S214005470945E02002DE9F04F8DB0DFF81C82029397
S2140054809DF858300793804B06911B7808EB031362
S214005490054616460A934FF000090A9B984501D127
S2140054A0862068E02B780393039A98F80030D8F8A3
S2140054B008A0934240F0E08098F80D30DC0709D54C
S2140054C09AF8043009934FF0000B099A5FFA8BF3B1
S2140054D0934202D308F11008DFE7DAF800701423CD
S2140054E003FB0B77294638461AF033FB002800F0FA
S2140054F0BE803B890893002308999AB2914202D84D
S2140055000BF1010BE1E70C225A430B937B680492E4
S2140055109C1821462A46384605931AF032FB227913
S2140055200B9B002800F09A80069B03B11C60900637
S21400553024D4564B09EB03080BE01A79910642BFB8
S214005540DA7890441FFA88F80C339C42F5D8504B12
S2140055509844079B63B3214638461AF0F1FADDE912
S2140055600413B5F802905B5A0246494603981AF0AF
S21400557093FE38B97E200DB0BDE8F08F454B4FF056
S2140055800008E2E72379DA0639D44346B0461E46D9
S214005590029AA378002A43D1E278A3F141010129B7
S2140055A040D8013AD2B2414630461BF0A1F800E09E
S2140055B00EB90020DFE7214638461AF0C1FADDE9C9
S2140055C00413B5F802905B5A0246494603981AF04F
S2140055D061FE0028CED02379DB06D9D52146384691
S2140055E01AF0AEFA95F80080E2786D880346CDE9A9
S2140055F000622946224640461AF061FEBBE7214675
S21400560038461AF09DFA95F800806D88169603467F
S2140056102246294640460DB0BDE8F04F1AF051BE6E
S214005620029ABAE7433B012B06D8023A92B24146A9
S21400563030461BF075F8BCE7079BE2781BB9029B67
S2140056400BB193421ED341463046B8F1000F02D14B
S2140056501CF0BAFAADE71CF09DFAAAE712F0300F7C
S21400566002BFE2784A441FFA82F9013344E77B8995
S2140056704B441FFA83F943E7BAF806304B441FFA47
S21400568083F927E7892076E75E3E0020AB3E0020C0
S2140056905F3E0020F45E0200D01F002070B50C466E
S2140056A015461E461AF0B5FA40B9054833462A464E
S2140056B021468068BDE870401AF078BA002070BDB8
S2140056C0D01F0020014B0001185C7047D01F00203F
S2140056D070B50C461AF09DFAC0B90D4B9A682AB1FF
S2140056E0157903461426D9B2A94200D370BD1168B5
S2140056F006FB0311097B34B911F0800F1CBF013083
S214005700C0B20133EFE711F0400FF7E70020EDE7F6
S214005710D01F0020F8B50D4616461AF07AFA034652
S21400572040B90E4A9268177904464FF0140CE1B25D
S214005730B94201D30020F8BD10680CFB0400017BC1
S21400574046B911F0800F03D09D42F4D00133DBB28E
S2140057500134ECE711F0400FF5E700BFD01F002042
S2140057602DE9F04F414BDFF8088193F800A08BB08D
S21400577006460024544506D2FF2E28D030461AF09E
S21400578048FA044640B30BB0BDE8F08F1B681422FD
S21400579002FB05352B89B3F5967F01D919F0B3FBCB
S2140057A000274FF00C0B2A89BBB29A421CD809F18D
S2140057B00109029B43445FFA89F59B681A79AA425D
S2140057C0E4D8FF2EDFD10134E4B25445DBD208EB37
S2140057D004131B7B002B45D12301029308EB041313
S2140057E04FF000090393E4E7BAB268680BFB02FEC9
S2140057F000EB0E010B79DA062CD4039A059392F887
S21400580000C08DF81CC013F0400FB5F800C030F88B
S2140058100E20ADF81EC0284614BF4FF0800C4FF087
S214005820400C04918DF820C0ADF822201AF088F9BB
S214005830059B0499ADF824005B07C8780CD50228B0
S2140058408A6800D91268012300930023194607A826
S214005850FFF710FE0137A6E702288CBF8A6801F121
S2140058600802F0E70134E4B284E700BF5E3E0020A1
S214005870D01F002070B5084D084E00242B78E0B2EB
S214005880834200D870BD06EB0010437BDB0701D5D2
S2140058901AF086FA0134F1E75E3E0020D01F0020A1
S2140058A02DE9F84F92464D7D9B46002833D0002DBB
S2140058B036D0012D18BF04251E4C0026B1464FF6E3
S2140058C0FF772346228852451ED1E2782A421BD013
S2140058D094F80280D84517D3B9F1000F01D0B0452F
S2140058E012D8D20610D5E21A1348C2F38F0202214C
S2140058F01AF007F90F4BB9F1000F13D0B04516D3C5
S214005900B8423CBF464607460C4A04349442D9D1B6
S2140059103846BDE8F88F002D14BF04250825CBE7D0
S2140059200225C9E7464607464FF00109ECE746461A
S2140059300746E9E75C5F0200545F0200705F020002
S2140059402DE9F04F85B0CDE90123BDF838909DF8DC
S21400595040A09DF844B04D7D0F4648B36DB3012D71
S21400596018BF04251F4C00262388019A934217D19E
S214005970E2782A4214D094F80280D04510D3D2069A
S214005980FB7B1CD563B1174A3B8A17480393A21AC0
S214005990C2F38F0202211AF0B4F8039B834210D0A0
S2140059A0124B0434A342DFD1012005B0BDE8F08FCE
S2140059B0002D14BF04250825D4E70225D2E7002BC6
S2140059C0EED1B3450CD0B1450AD9029B0F9A03F825
S2140059D006800F9B1B88013601331380B6B2DFE7C3
S2140059E00020E2E75C5F0200545F0200705F020086
S2140059F02DE9F04FB1F57C4F85B0CDE9023228BFD6
S214005A002B4B01904FF0000428BFB3F800A0009481
S214005A100E4638BF4FF0010AA1464FF6FF785445B0
S214005A2003D3404605B0BDE8F08FB6F57C4F0CD3E7
S214005A30204B029A019803EB840331465B88FFF7FC
S214005A402DFE0546F0B1002718E0029A019831466F
S214005A501AF0FDF8F5E70C23BCB25C43D5F804B0A9
S214005A60039B3BF8040098420BEB040105D3009B14
S214005A705BB928461AF064F8A0B901372A89BCB287
S214005A80A242E8D80134A4B2C9E74845F5D828466A
S214005A901AF056F80028F0D03BF80410494501D318
S214005AA08045EAD901233BF8049000938046E4E75A
S214005AB0925E0200945E02002DE9F0438FB0164617
S214005AC0BDF85C70042F32D90DF113040394212520
S214005AD0BDF8584000940DF114080295CDF80480E6
S214005AE01AF008FB044648B130461AF017FC204668
S214005AF000F0B0F820460FB0BDE8F0839DF8139094
S214005B002A464146484619F0D7FF0546304685B135
S214005B10043FAF420DD3114F1AF000FC3B88AA1C7D
S214005B20C3F152039A4208DB892000F093F88924D7
S214005B30E0E71AF0F3FB8924D9E7204600F08AF85C
S214005B40484600F087F83E8805482A4630444146D5
S214005B502E441CF04DF83E80CCE700BF0E3B0020E4
S214005B60AC3E002010B5044C206004480180044977
S214005B700A60044A136010BDE81F00200C3B00209A
S214005B80E41F0020E01F002008B410B587B009AB62
S214005B900C4653F8041B0092CDE9011302460B494C
S214005BA00B4805930988006800231AF0C3FA094BCE
S214005BB01B681880084B1B684FF48A525C80DA809A
S214005BC007B0BDE8104001B0704700BF0C3B002096
S214005BD0E81F0020E41F0020E01F002007B5074B49
S214005BE01B681B880192064A12680092054A1268D2
S214005BF019F08BFD03B05DF804FB00BFE41F002026
S214005C00E81F0020E01F0020024B1B681871597126
S214005C10704700BFE01F0020094B10B500241C7021
S214005C2019F008FF074B52221880214606481BF041
S214005C30CBFF064B1C80064B1C605C609C6010BD56
S214005C40003F0020103B0020AC3E00200E3B002012
S214005C50123B002007490B88512B9FBF064AD054A1
S214005C60581C80B29DBF088000F1FF3080180020CD
S214005C70704700BF0E3B0020AC3E0020024B034A9C
S214005C801A600020704700BFEC1F0020985E0200DC
S214005C902DE9F04F427D036890F8149090F813B009
S214005CA0866884895F88002A8BB014BF80224022D1
S214005CB0054658790492C84600F0D4FB78B9BBF183
S214005CC0050F05D86FF02D0343FA0BF3DB0706D557
S214005CD0032F04D0012128461AF0DBFC76E0EB7B8C
S214005CE073BB687D9B4AB0FA80F040091380C00001
S214005CF0FFF7B0FFEB7B93B3288A1AF00FFB8246C0
S214005D00A87CFFF7A7FFBBF1160F00F27C81DFE847
S214005D101BF0280080019E006100BA019E007401FD
S214005D20C3017C01CC01D501DE012301FC017A010F
S214005D307A017A0112026202120279022301FC0140
S214005D402B8A002B00F05F81687D824BB0FA80F0D2
S214005D5040090022C0001A8040F00400C8E79A46B6
S214005D60CEE70120FFF776FFDFF8E8A108F1020989
S214005D70A14529D84146224630461AF0EDFA2B684E
S214005D8080465879BAF80030C3F152039BB20193AB
S214005D902B8A00934246049B39461BF0D9FE10B16D
S214005DA01FFA89F8E2E72B685879BAF80030C3F191
S214005DB052039BB201932B8A00934246049B3946BA
S214005DC0FFF77AFE8928EBD11AF060FC01200BB0B1
S214005DD0BDE8F08F0420FFF73DFFE31E4FF00009FB
S214005DE00693069B984526D22246414630461AF030
S214005DF0B3FA08F10201224689B2824630461AF00A
S214005E00B1FA069B0890A3EB080208F1030131449F
S214005E1092B2079119F050FEDDE9071305900028AD
S214005E2053D18020FFF716FF09F1010950465FFAAB
S214005E3089F91AF073FAB9F1000FC5D1EB7B95F822
S214005E401480002B434B0CBF022204221A8004202D
S214005E50FFF700FF002305939946E31E079308F11A
S214005E60030A544565D92246414630461AF074FA6C
S214005E7008F102010690224689B230461AF072FAFC
S214005E80079B0990A3EB080206EB0A0192B2089161
S214005E9019F012FE8246002841D02A68099B08990C
S214005EA05079019102932B8A0093069A049B3946F7
S214005EB01AF0D1F848BB059B0133DBB205930AF113
S214005EC0030AC2441FFA8AF8C9E72A685079CDE95E
S214005ED001132B8A00935246049B39461AF0F7F8B2
S214005EE0079058B1FFF7B6FE50461AF017FA079B10
S214005EF009F10109802B5FFA89F99CD0059B03F113
S214005F00030AC2441FFA8AF86BE7FFF7A3FE09F1FB
S214005F10010906985FFA89F91AF000FACFE7872098
S214005F20FFF798FE09F1010906985FFA89F91AF059
S214005F30F5F9BBF1050F3FF449AFB9F1000F7FF457
S214005F4043AF059B0BB98021C5E64846FFF782FEA6
S214005F503AE700BF0E3B0020BBF10C0F0CBF0D2034
S214005F601620FFF777FE2246494630461AF0F4F927
S214005F702246804609F1020130461AF0F3F9BBF1D9
S214005F800C0F044635D1192828BF1924EB7BE4B240
S214005F90B3B12E8A4FF6FF739E4211D12868049B38
S214005FA0407942463946FFF723FDB04208D0BAF1A1
S214005FB0000F05D028828AF80000000A8AF801003F
S214005FC09B4B00201E88FFF745FE2B68ABF1150C97
S214005FD05879DCF1000343EB0C03CDE901432B8A2F
S214005FE000934246049B394619F0FDFE914B9855A6
S214005FF0EAE6132828BF1324C8E728461AF053F900
S21400600000287FF4E3AE812165E628461AF071F990
S214006010F6E70A2FA4EB090A29D1DFF81CB29BF891
S214006020003023B3EB7B13BBBAF1080F1FD1224617
S214006030494630461AF090F9C8B9224609F10201DD
S21400604030461AF08FF9804688B9224609F10301D6
S21400605030461AF087F9E22809D1224609F10401F0
S21400606030461AF076F91AF000FB8BF800801FFA1B
S2140060708AF206EB090138461BF06CFD00287FF417
S214006080A5AE002127E6A4EB090292B206EB0901B1
S21400609038461AF03FF9F1E7A4EB090292B206EB94
S2140060A0090138461AF001F9E8E7A4EB090292B2B2
S2140060B006EB090138461AF01EF9DFE7A4EB0902E1
S2140060C092B206EB090138461BF046FDD6E722469B
S2140060D0494630461AF046F92246804609F1010143
S2140060E030461AF03FF92B68044658792B8A0193FC
S2140060F0049B009342463946234619F0B1FD2246DA
S214006100414638461AF0D3F860E6224649463046FD
S2140061101AF028F909F10102A31AABF1160461423C
S21400612061410091011E9BB2324418BF01213846DE
S2140061301AF0BFF8A2E72246494630461AF012F98E
S2140061402246804609F1010130461AF00BF9BBF1F0
S214006150110F04463AD11220FFF77CFD0026EB7B98
S214006160B3B1B5F810904FF6FF73994510D143467A
S2140061703A4629463046FFF793FB484508D0BAF121
S214006180000F05D0030A28828AF800008AF801303A
S214006190DFF89C90DFF89CB0B9F800A0CDF804902A
S2140061A0CAF1510292B20AF1010300925B44CDE9B2
S2140061B002843A4629463046FFF7C2FBB9F800305B
S2140061C00BF80A000133A9F80030FDE51420FFF7AC
S2140061D041FD0126C3E72246494630461AF0C2F87A
S2140061E009F101039C4201D20020F0E5E41AA4B2B2
S2140061F0021E0094298A334418BF012238461AF03A
S2140062005CF83BE72246494630461AF0ABF809F1FF
S21400621001039C42E8D3E41AA4B2021E0094298A21
S214006220334418BF012238461AF045F826E700BF67
S2140062300E3B0020AC3E0020FE3E002009480378BE
S21400624073B9094A1946D3720133042B11731170BE
S21400625051601181917202F11002F4D10123037092
S214006260704700BFFF3E0020F01F002070B50646B6
S2140062700D46FFF7E3FF0A48002300EB0514A17A5A
S214006280B14205D1217819B12B4400EB031070BD43
S2140062900133042B04F11004F1D10020F7E700BF0E
S2140062A0F01F002030B5044685B080B3007B1AF09E
S2140062B06FF8184BE07A002503EB40102570FF219D
S2140062C018F01BFF144B284602019A5C22B90130D5
S2140062D00428F9D11AF018F8616899B1B4F90830B1
S2140062E022899B1303F002038DF80430C2F30E03D9
S2140062F0ADF806304FF6FF73ADF808300023039371
S21400630001A8884705B0BDE830401AF047B805B088
S21400631030BD00BF30200020F01F002010B504461E
S214006320FFF78CFF0E4B9C4212D003F120029442E2
S21400633010D003F1400294420ED060339C420DD13F
S2140063400323084800EB0310BDE81040FFF7AABF80
S2140063500023F6E70123F4E70223F2E70020F3E741
S21400636030200020F01F002070B5074D074E002497
S2140063702846324600210134FDF7EEFF042C05F1D5
S2140063802005F5D170BD00BF302000201D63000041
S21400639008B50268154B11881980518859805179C3
S2140063A01971117959714FF48A51D980D28812F037
S2140063B0200F0CBF0A464FF48B52DA8081690C4AD4
S2140063C0137831B90B49C088088023F00203137094
S2140063D008BD43F002031370074B1522013118461F
S2140063E01BF0D8FB002200F8012CF1E7123B00203E
S2140063F0003F0020103B00201F3B002010B5174C2C
S2140064002368587919F005FC00BB154B227F197BD1
S21400641091421BD15A88236819888A4205D04FF6C4
S214006420FF70814212D1120410D42279023A012A56
S21400643006D9A37B63B9BDE810400848FFF728BC1F
S2140064401989587919F068FF0028F2D1002010BD8C
S214006450BDE81040014819F0E1BF00BFB42000209D
S214006460D01F002008B519F0D4FB10B9024B1878DD
S21400647008BD0020FCE700BF053F002008B500204F
S21400648019F086FFFF2019F0E5FB19F087FFFEF7ED
S214006490C1FF0121024606481BF096FB054B064A43
S2140064A006485221FFF75EFBBDE80840FFF7E2B959
S2140064B0053F0020123B00200E3B0020AC3E002093
S2140064C0034B18780130C0B2187000F07F00704798
S2140064D0E913002038B1074B1B78012B04D1038841
S2140064E043F0400303807047022BFCD1038823F05F
S2140064F04003F7E7033F002068B1074A1378012BF3
S21400650007D1064B1B781370037843F01003037013
S21400651001E0022BF8D07047023F0020013F002028
S21400652073B5244E3378D907024640D42249096809
S21400653081B10868C1888D0641BF204CE18841F0D2
S2140065402001E180C1884C0641BF1C48C18841F04B
S2140065504001C1801A4D1B492878097840074CBF76
S214006560E9706970184913F00204098809D0144AC2
S214006570164819F0B0FE337823F00203337002B0E9
S21400658070BD134B18884FF6FB73984208D8CDE9B8
S21400659000520B46094A0146204619F0B6F8EEE7C7
S2140065A00092074B0A46054919F09DF8E7E70020D8
S2140065B0E5E700BF003F0020B0200020123B00208F
S2140065C0AC3E0020EA1300200E3B00201E3B0020BD
S2140065D0103B002070B50379012B04460D46164685
S2140065E031D883681B78DB0600D561B3A37B13B96B
S2140065F0E37C0B2B27D0154B00221A80637DB3FA61
S21400660083F35B09D800E37BABB9FFF723FBA07CE1
S214006610FFF720FB0B20FFF71DFBE07CFFF71AFBC4
S2140066202846FFF717FB2046FFF7B2FE3046BDE8C8
S2140066307040FFF775BF40F00400FFF70BFB208AA1
S21400664019F06CFEE3E7002070BD00BF0E3B002093
S214006650F0B4054618460F4B0F4E1B78012B0C4620
S214006660BDF8101001D0377827B100233370002012
S214006670F0BC70470CB9002AF9D143B14FF6574326
S214006680994204D02B462246F0BC19F00ABE0120DF
S214006690EEE700BFEB130020043F00202DE9F04F8B
S2140066A0484E494C8446964698460F460FCE254699
S2140066B00FC596E80F0085B085E80F00DDF83CA012
S2140066C0BDF838300093CDE901A4434672463946FA
S2140066D060461AF090F8DFF80081814670B9002510
S2140066E0FFF79AFA1622002138481BF06DFA0023AD
S2140066F02846C8F8003005B0BDE8F08F344BA27CC1
S2140067001A702046C8F80040FFF742FE20461BF0ED
S2140067101AFA054630BBBAF1000F25D12168E08889
S2140067200B880190BA1E49880091032A8CBF00226C
S2140067300122E07C0121FFF78BFF38B923685B79E3
S214006740FF2B3AD0FFF75AFE0546C9E72368DB88D9
S21400675013F02006F2D11F4D01212046297019F0B2
S21400676098FF2E704D46BBE7BAF814309B07E5D469
S214006770B5E75846FEF7A6FF82465846FEF750FE97
S21400678088B12368228A5988504619F045FA50B1D4
S2140067903846FFF7FDFD236889F804A083F805A0B6
S2140067A0FFF72CFE00B9284601360546FEF732FEF6
S2140067B05FFA86FB5845DCD892E7034FDFF81C905B
S2140067C00026F3E7B45F0200B42000201E3B002042
S2140067D0EA130020043F0020B0200020123B0020D7
S2140067E0034B1870034B1970034B00221A70704746
S2140067F0073F0020083F0020063F00202DE9F74F06
S214006800DFF89080224F98F800303C7805460E4618
S214006810002B3AD04FF6FB73984236D8DFF878A0B4
S2140068204FF0000B98F800309AF800005FFA8BF9EA
S2140068304B450ED948446946C0B215F07BFB08228A
S214006840314668461BF096F90BF1010B0028E9D19A
S2140068504C463B78A34208D198F80020631CDBB274
S2140068609A423B7004BF00233B709AF800301C44E9
S214006870E4B23146204615F051FC30B92946204690
S21400688003B0BDE8F04F15F041BB03B0BDE8F08F94
S214006890063F0020083F0020073F0020034B1878E3
S2140068A00130C0B2187000F07F007047093F00202A
S2140068B030B585B00024ADF80A20021D92B2012A38
S2140068C01D46ADF80840ADF80610ADF8044003D9F3
S2140068D04FF6FF72904207D1064A2B46127801A95E
S2140068E01EF0C7F805B030BD014601AA204612F0DA
S2140068F069FBF7E7EC13002000487047763D002060
S214006900014B1878704700BF00140020014B188810
S214006910704700BFBA130020014B1878704700BFBD
S214006920F9130020014B1878704700BF0D3F002078
S214006930014B1878704700BFF413002008B5084BC9
S21400694000221A605A60FCF711FA064B1870FCF722
S2140069500DFA054B1870054B1A78054B1A7008BDD2
S21400696042390020323F0020313F0020F213002041
S214006970303F002000B5002193B008466A460BF071
S21400698055FA0146C8B90E4B0E4A09930E4B0A93A8
S2140069900D920E4B0E4A0B930E920E4B0E4A0C9314
S2140069A0CDE90F230D4B11936A460BF01FFD0038FF
S2140069B018BF012013B05DF804FB0120FAE700BF02
S2140069C0473A020045670100D33B0200B1F30100DD
S2140069D0993E0100513C020051760100D16301004E
S2140069E0074B1878112803D8064B0341DA0704D55D
S2140069F0A0F143035842584170470120704700BF3A
S214006A00343F0020CBFFFDFF08B5064B1B78013B4B
S214006A10022B05D80020FFF7E3FF0138C0B208BDFF
S214006A20FF20FCE7353F00202DE9F74F3A4B3B4F60
S214006A3093F800903A4E3B4B3B4D3C4C3C483D490E
S214006A40DFF8F8C0DFF800E1DFF814A1DFF814B1D2
S214006A5001934FF00008019B203301935FFA88F3FF
S214006A60994507F1200706F1200605F1200504F1F7
S214006A70200400F1200001F120010FD82E4B2F4DED
S214006A801C782F4E2F4B304F00221146D0B2844236
S214006A9003F1200338D803B0BDE8F08F2B4B2C4A07
S214006AA047F81C3C002346E907232A4A47F820CC2F
S214006AB045E90723284A47F8103C44E90723274AB4
S214006AC046F820CC40E90723019A45F820CC47E950
S214006AD0063E46E905E345E905E344E905E340E902
S214006AE005E341E908CA41E9063E44F820CC40F8EF
S214006AF020CC41F8103C08F1010842E908CB42E9F5
S214006B00063E42F8103CA6E743E9085643E9061756
S214006B1043F8101C0132B9E703140020CC2B0020E8
S214006B20AC2B0020CC2A00208C2B00202C2B002005
S214006B300C2B0020EC2A0020FE13002098390020A1
S214006B40C5A101004C2B00204A8502009B3F020095
S214006B509F3E0200616B010075850100430902003B
S214006B60C5E10100855A0100044B00F1100250F8FF
S214006B70041B43F8041B9042F9D17047363F0020AF
S214006B80044B03F1100253F8041B40F8041B934215
S214006B90F9D17047363F0020F0B5071D05460022A4
S214006BA093B00C46384608211CF0C2FE6A7B0646A7
S214006BB0D0070BD5687808A91AF003FBDDF83D303E
S214006BC06B60DDF841307B6080B101E0910702D454
S214006BD02D2013B0F0BDD20002F08002012138460D
S214006BE01AF0F6FAFF286870F2D0E6B119231946B3
S214006BF06A7801A818F06FF99DF81C305B0604D57A
S214006C000B484FF4C07118F057F9234603AD07AC94
S214006C102A4603CAA24218605960154603F10803C3
S214006C20F6D10020D5E708A91AF0CBFACCE700BFCA
S214006C30E35F02002DE9F04307468BB01D48884607
S214006C401646FFF79DFF0025002D01AB194A0CBF25
S214006C5036205C200024994612F8011B0134E4B269
S214006C604140102C03F8011BF6D105A81DF019FCB5
S214006C704A46214605A81DF018FCBDB941463A46CD
S214006C8005A81DF079FC05AC32460DF1240C234610
S214006C9003CB6345106051601C4602F10802F6D132
S214006CA015B10BB0BDE8F0830125CDE7324621468D
S214006CB0E6E700BF663F00202DE9F04F99B0DFF809
S214006CC0E880DDF890909DF88CB09DF8886088F894
S214006CD000B0174682460C461D462022304B0F93C6
S214006CE0002110A81AF070FF4F4504D02A463946F6
S214006CF048461AF04FFF4FEA0B4303F47C1343F069
S214006D00A86343F480737819711B09EB050C6CB308
S214006D100DAACDE90AB209EB060209920EAACDE940
S214006D2007120D22CDE9051CCDE90350CDE900A2DE
S214006D301C49029710220FA8FBF7DAF907460FA89E
S214006D401AF073FA17F1950F24D02FBB0E9B761B03
S214006D50F6B29E4220D10CB398F800000D9B9842E4
S214006D6014BF2120002019B0BDE8F08F0EAACDE98F
S214006D700912BA19CDE905120D22CDE90350CDE965
S214006D8000A2CDE907BC0749029710220FA8FBF71F
S214006D9071FAD3E72C20E6E72120E4E72046E2E775
S214006DA000248000663F002004140020F0B51B4B32
S214006DB093B0002607460C461546314620220AA800
S214006DC0CDE908631AF000FF08AB1022DFB1CDE969
S214006DD00523CDE90325CDE90164114B1149009641
S214006DE009A8FBF7D5FB044609A81AF01EFA14B941
S214006DF0089B102B04D00C4840F23E2118F05CF89B
S214006E00002013B0F0BDCDE90323CDE90125044BE6
S214006E100449009409A8FBF73DFCE4E70024800041
S214006E2000444004663F0020E35F020030B505469C
S214006E3089B069461AF011F86B8804ACABB12246EB
S214006E402946684619F082FF0E4A08AD234603CB52
S214006E50AB42106051601C4602F10802F6D10948A8
S214006E60FFF782FE002009B030BD064D6B461A467D
S214006E7003CAA24228606960134605F10805F6D1E8
S214006E80EDE700BF663F002050B10B4B0B4A03F105
S214006E90100153F8040B42F8040B8B42F9D17047EB
S214006EA0064B054A03F1100153F8040B42F8040B95
S214006EB08B42F9D1704700BF663F0020463F002056
S214006EC008B5102202481AF065FE002008BD00BF73
S214006ED0563F002008B50846102202491AF05AFE0E
S214006EE0002008BD563F0020F0B587B0054603A831
S214006EF00C4613F08FFF0146002847D1BDF80C3032
S214006F00980643D5102220461AF05EFE01A812F01D
S214006F10F5FFB8B16E7B16F0020F05F1040706D038
S214006F20082201A938461AF025FE00282CD101AB0C
S214006F3003CB46F00206686079606E73238843F0E0
S214006F4008032380238843F00203238012F0CCFB3F
S214006F5060601CF03DFD30B10D4B1B68A3602388BC
S214006F6043F0040323800B4B1A68D1035EBF2388CB
S214006F7043F010032380130242BF238843F40063C8
S214006F802380002007B0F0BD2D20FBE72420F9E782
S214006F90FC2B0020002C0020064B1B6810B433B1DD
S214006FA05C6824B1DA6923465DF8044B18475DF83F
S214006FB0044B7047242C0020074B1B6813B54BB1BD
S214006FC01C683CB1DB69CDE9001343884268417810
S214006FD00078A04702B010BD242C0020044B1B688C
S214006FE01BB19A680AB1D86910470020704700BFE5
S214006FF0242C0020024B1B68D3F86C32986870472C
S214007000242C002030B5084D14688C4208D2035D4D
S214007010093BDBB2172B03D845FA03F3DB0700D591
S21400702030BD01341460EFE7ECFF7FFF2DE9F04F31
S2140070306B4B8BB01D680392002406468846059469
S214007040002D00F0BA80002800F0B78005AAFFF7F0
S214007050D9FF059B8B4280F0BB805F1CC35C059705
S2140070607B2B40F0B580FFF7CDFF059B8B424DD3C1
S214007070A2460294A3462746A14607AB009305AA5C
S21400708006AB414630461AF025FA002800F0A080EC
S2140070903046FFF7B7FF059B434580F0998003F124
S2140070A0010CF35CCDF814C03A2B40F09180FFF74A
S2140070B0A9FF09AB009308AB1AF00CFA002800F001
S2140070C08780079B012B0CD1069BF35C702B77D136
S2140070D0BAF1000F7CD1099F002F79D0DDF82090FF
S2140070E0824605AA41463046FFF78CFF059B43457E
S2140070F06ED216F803C00133BCF17D0F05930FD096
S214007100BCF12C0F64D1FFF77DFFB6E7C25C7D2A89
S214007110AED101330593A2460294A3462746A14664
S21400712005AA41463046FFF76DFF059B43454FD104
S214007130BAF1000F4CD0012385F89732D5F86C329F
S214007140D3F8048040461AF061FD8742B14405D169
S2140071503A46414648461AF00DFD10B1012385F81F
S2140071609332102F28BF10273A462F44494605F57C
S2140071701C704FF000081AF03BFD87F870826CB167
S214007180029C102C28BF102422462C4406EB0B0130
S21400719005F281201AF02CFD84F88182039B85F885
S2140071A0923295F8933283F0010285F8942223B147
S2140071B0002385F86632A5F864320BB0BDE8F08F80
S2140071C0762B8ED124B9DDE908B30446029388E70E
S2140071D0012385F89332002385F89432E9E700BF4F
S2140071E0242C00202DE9F341DFF8EC800546D8F882
S2140071F0000016461F461AF05CF960B359BB2846D5
S2140072001AF022F838B3A5F13603012B21D8A6B31D
S2140072109FB33378042B30D1D8F80030D3F86C32D3
S2140072209B7C53B3362D0CBF4FF007084FF0080871
S214007230B84510D13146424668461AF0D9FC0323B9
S214007240362D8DF800304146684641D11AF0C6F812
S21400725002E0372D03D9002002B0BDE8F0812F2DC3
S2140072600BD8152D20D0A5F11803042BF3D83A46D9
S214007270314628461AF046F8EEE7303D072DEAD8A4
S21400728001A353F825F000BFB3720000BD720000E2
S21400729057720000577200005772000057720000C5
S2140072A0C7720000CD7200003946304619F0D5FF8F
S2140072B0D2E73946304619F0E0FFCDE7394630468A
S2140072C01AF003F8C8E739463046BFE73946304675
S2140072D01AF0A3F8C0E700BF242C002070B54FF4C6
S2140072E027728AB00C46002106461AF06DFC0FCCB9
S2140072F035460FC594E80F0085E80F0000F0B6F895
S214007300104BC6F86C021E600F4B00930F4B019398
S2140073100F4B02930F4B03930F4B04930F4B0593A6
S2140073200F4B06930F4B07930F4B694606F1200051
S214007330CDE908361AF0BDFAD6F86C32DB68B364CD
S2140073400AB070BD242C0020996F0000DD6F00008D
S214007350F56F0000B96F00002D7000009B1402004E
S21400736065140200831402008F140200034B186099
S214007370012380F8953220301AF0CEB9242C002054
S21400738038B50E4B044600F12005186028461AF062
S214007390A3FA94F8953283B194F896326BB194F8C8
S2140073A0973253B994F898323BB9012384F898324F
S2140073B02846BDE838401AF0AFB938BD242C002066
S2140073C0064B10B5044618601AF067F828B104F1A9
S2140073D02000BDE810401AF09CB910BD242C0020F7
S2140073E0094B10B5044618601AF057F850B120340F
S2140073F0204600211AF081F920460321BDE81040FE
S2140074001AF07BB910BD00BF242C00202DE9F341F3
S2140074101D46154B11F0FB070646144618601FD193
S2140074201AF03BF8E0B1012D1AD9AB1E032B17D981
S214007430A58894F80280E1786DBAADB22A1D9A420A
S2140074400ED106342B4622464046FFF7CBFE38B117
S214007450009523463A46414606F120001AF061F9A7
S21400746002B0BDE8F08100BF242C00200048704721
S2140074706C6002001FB50023CDE90033039355234B
S2140074808DF8073004460C4B029308210DF10700D7
S2140074901AF07DF88DF80F0064B1236853B11021FF
S2140074A06846984723681021684698472368102145
S2140074B06846984704B010BDAA0355AA2DE9F743BD
S2140074C0DDE90A5914460C9E009680460F462A4669
S2140074D0194620464B461AF055F9F0B9B8F1050F93
S2140074E01CD1FB071AD5CCB1C5B1B9F1000F15D028
S2140074F00D2913D12378362B10D1637873B9A3786E
S21400750063B9E378072B09D163793BB9054B2B6048
S21400751004346C600EB101233360012003B0BDE873
S214007520F08300BF360009002DE9F04FB1F806A041
S214007530B1F803B091F805809AFA9AF5A9B0ABB203
S214007540059383699BFA9BF604460F46B6B201F193
S21400755008091D4623B1436A059A49464046A8478E
S21400756020461AF0A1F8B8F1080F29D9A8F120038F
S214007570DAB20B2A06D9E369002B00F09380616A21
S214007580404666E00B2BF6D801A252F823F000BF67
S214007590A777000077750000777500002B7700004E
S2140075A0AF760000BB770000D57700007775000047
S2140075B0777500007775000077750000D5770000B6
S2140075C0B8F1080FD7D801A353F828F0F1750000DA
S2140075D0097600005B760000717600007775000083
S2140075E0D37600003F760000E3770000FF770000C8
S2140075F0BBF1000F56D1CDF800B05B465A4659464F
S214007600204619F0F8FF4DE02369002B4AD0059973
S214007610012912D909EB010212F8022C7D2A0CD19D
S214007620481E19F80020012A07D802F00102014678
S214007630484629B0BDE8F04F18470022F8E7BAF5EB
S214007640807F02D13B7A102B2CD0E36953B3616A5A
S214007650062029B0BDE8F04F1847204619F08DFFE8
S214007660012300938DF8200008AB02223146C7E7BD
S21400767000238DF8203001230093032208AB314607
S214007680204619F0B8FF236A2BB1BAF1000F0CD0D0
S214007690387A616A9847204619F06FFF01462046FF
S2140076A01AF02BF829B0BDE8F08FFF20F1E76568E7
S2140076B00DB1A8470546A3680BB1984703462B446F
S2140076C01BBA2ABA0993082308920093242208AB0F
S2140076D0CCE700270797BAF1000F08D120238DF8D2
S2140076E01B300123009305220DF11B03BEE707ABF9
S2140076F002930DF1200810230193CDF80080059B1E
S214007700A16A4A460520FFF7D9FE0028E6D0079B67
S2140077109F4201D31023E2E7E36813B100214046FD
S2140077209847013708F10808F1E7059B042B07D8AE
S21400773020238DF820300123009308AB232295E701
S21400774007F1090019F009FF3B7A4FF00008012BFA
S2140077508146CDF81C8007D920238DF81B300123E5
S21400776000930DF11B03E9E7BAF5A06FF4D0059B73
S214007770591F07AB009308AA102389B207F10D0022
S2140077801AF000F80028E7D008AF079B984501D309
S2140077901023E2E7E36813B149463846984708F1F4
S2140077A001080837F1E7204619F0E7FE01462046B3
S2140077B029B0BDE8F04F19F0A0BF204619F0DDFE55
S2140077C0C31E58425841012300938DF8200008AB91
S2140077D025224BE701238DF820300093424608AB64
S2140077E044E708AA059948461AF002F80123C0F1B2
S2140077F0030000938DF81C0007AB072236E7059BB5
S2140078000B3B032B0FD8059B07F10C00191F19F033
S214007810A7FEC0F10300C0B2012300938DF820003C
S21400782008AB082222E70320F6E700BF014B01223F
S2140078301A707047AB400020034A13680133136088
S214007840024B1870704700BF942C0020873F002022
S21400785010B5054C206830B11AF09CF823689842A1
S2140078602CBF0020012010BD802C002070B5FBF737
S214007870DDFF06460D46FBF7F3FF094B1C68094B78
S2140078801B680246E41A30460023294600F018FF1B
S214007890054B064A2044186013680133136070BD18
S2140078A0E02C0020DC2C0020D82C0020D42C00203B
S2140078B008B51AF07DF848B1054B1B7803F0FF00B9
S2140078C023B1044B1878B0FA80F0400908BD00BF19
S2140078D0AF400020863F00201A4A1B491368013338
S2140078E013601A4B1A6802F00F02072888541A68A9
S2140078F002F101021A60164B187004D1154A13687B
S214007900013313607047202818D006D8062811D0F7
S214007910082809D0052809D07047252810D02C281B
S2140079200AD0232804D070470B4AE8E70B4AE6E75C
S2140079300B4AE4E70B4AE2E70B4AE0E70B4ADEE7CE
S2140079400B4ADCE7F42C0020893F0020B82C0020EE
S214007950883F0020B42C0020B02C0020AC2C002047
S214007960A82C0020A42C0020A02C00209C2C00205A
S214007970982C0020204A1368022803F101032DE901
S214007980F0410446136035D81C4A1368013313606F
S2140079901AF000F80928054612D85CBB184B0122DD
S2140079A01A70184B1C70184B1C70184A136813B1C9
S2140079B0EB1A022B1ED9164B156001221A7019E01D
S2140079C0012CDFF83C800F4F0F4E0AD119F0E2FF72
S2140079D0104B78301860002388F800403B703370F6
S2140079E0E3E7012388F80030022C4FF000033B70D9
S2140079F03370DAD1BDE8F081902C0020882C00206E
S214007A00863F0020AF400020853F0020842C0020C9
S214007A10843F0020802C002008B519F0C9FF28B943
S214007A20FFF716FF10B1024B01221A7008BD00BF07
S214007A30833F0020F8B5104DD5F858310446D3B131
S214007A400E4E3378BBB10E4B14201F68FBF70EFFAB
S214007A500128A4EB070438BF012084420BDB094948
S214007A600A6801320A60084900230A683370C5E9CB
S214007A70563301320A60F8BD1C3100209E3F0020BC
S214007A80E42C0020F82C0020F02C002070B5C4B0A8
S214007A901C46489B0D4611460BB12D4A13602D4AD5
S214007AA01368013313602C4B18702C4B1D70002389
S214007AB01A469EB2B44237D9042B30D1284BB4F5BF
S214007AC0807F1A6029D8274A13785E1C167021B367
S214007AD000228DF808208DF809308DF80A0063BA68
S214007AE022460DF10E008DF80B50ADF80C301AF052
S214007AF07FF8063402ABA4B2009301221A4B01941D
S214007B004FF46F410920FEF73FF801210846FEF7C3
S214007B107BF80021084618F0B7FB44B070BDCE5C79
S214007B20013346EA0222C4E70D4B1A600D4A137869
S214007B305E1C1670002CCAD18DF808408DF80930EE
S214007B408DF80A008DF80B50ADF80C40D1E700BF59
S214007B50BC2C0020C42C00209A3F0020993F002017
S214007B60C02C00209B3F0020806002002DE9F041E1
S214007B7086B0FBF75BFE0E460746FBF771FE3D4BF5
S214007B803D4D1A68B2F5803F36BF1A68FF22C2F331
S214007B9007228DF80C201A68B2F5803F36BF1B68A6
S214007BA0FF23DBB28DF80D30344B1A68B2F5803FF8
S214007BB036BF1A68FF22C2F307228DF80E201A6815
S214007BC0B2F5803F36BF1B68FF23DBB28DF80F305F
S214007BD02B4B1A68FF2A96BF1B68FF23DBB28DF873
S214007BE01030284B1A68FF2A96BF1B68FF23DBB2AB
S214007BF08DF81130244B1A68B2F5803F36BF1A68EC
S214007C00FF22C2F307228DF812201A68B2F5803FD1
S214007C1036BF1B68FF23DBB28DF813301B4B1B7877
S214007C208DF81430804601230A22294603A88DF8D1
S214007C30153019F09FFFD0B100244246234638463F
S214007C40314600F03DFD124B1A6882420FD83C3098
S214007C50186003AB03CB1B88286069602B8103AADE
S214007C60CDE900440A232146CE20FFF70FFF06B0D9
S214007C70BDE8F081A42C0020763F0020A02C002038
S214007C809C2C0020982C0020942C0020873F00205D
S214007C90282C002070B50D4E16F088FD337804466B
S214007CA07BB916F078FD012105460846FBF75EF91C
S214007CB0284616F074FD064A012333701368013314
S214007CC013602046BDE8704016F076BD9D3F00204C
S214007CD0FC2C002070B50D46044617F06EF9074BD5
S214007CE0074E1860FFF7D6FF2544AC4200D170BDA2
S214007CF014F8011B304616F0CFFEF6E7E82C0020FD
S214007D000000014008B50B4BD3F81C24C3F824240C
S214007D10094A136801331360084A01231370084A9E
S214007D20137017F04AF9074B1860BDE80840FFF7D4
S214007D30B1BF00BF00A00040002D0020A13F0020E2
S214007D40A03F0020E82C00202B4AF8B513682B4DE6
S214007D502B4E013313602B691B0606D417F02DF942
S214007D60284B18600423AB64F8BD284616F08EFE38
S214007D70044617F022F9244933880A6801320A605B
S214007D80224A23491470234A10600F78224A9BB275
S214007D9017B300270F7021490C7054B1117869B1E0
S214007DA00021552C117009D11D490A6801320A605C
S214007DB004E01C4F39680131396012781A4A12887B
S214007DC09A1A92B2FF2A0DD9184A13680133136023
S214007DD0174B01221A70BEE711780029EED0002C4E
S214007DE0DED1EBE7DAB2134901338C5412499BB269
S214007DF041F822003380AEE7102D0020000001403D
S214007E00A63D0020E82C0020142D0020A23F0020D4
S214007E10A13F00200C2D0020A03F00200A140020C7
S214007E20042D0020082D0020A43D0020EC2C00206E
S214007E309F3F0020A33F0020182D002038B5084B98
S214007E401860FBF7F3FC05460C46FBF709FD00231C
S214007E5002462146284600F033FC024B186038BD27
S214007E60E02C0020DC2C002038B5431E033312D84B
S214007E70094C0A4B044420461D68FFF7DFFF084BF9
S214007E80084A1C6013680133136025B9BDE8384002
S214007E900548FFF7A5BA38BD80436D38E02C0020B2
S214007EA0D02C0020CC2C00201C310020064A136861
S214007EB01BB106490B6801330B6000231360044AAC
S214007EC01370FCF761BC00BF802C0020782C0020CB
S214007ED0833F00202DE9F74F1546234A136810F01C
S214007EE0FB0F03F1010307468846136008D01F48BE
S214007EF02B464246394603B0BDE8F04FFFF786BA38
S214007F00052DF4D9DFF874B0194A8E1CA5F10209C4
S214007F107488337864BAA4B204F1040ACA45E6D871
S214007F20CA2B15D1A4B1337912490B70CBB1022BF1
S214007F3041F2707318BF4FF4FA63CBF80030002399
S214007F40DBF800100C48CDE90033FBF701FD084ACA
S214007F50A9EB0404A4F10409B9F1030F5644D7D8D9
S214007F60C5E74FF47A73E8E7742C00201C31002034
S214007F702D78000009140020B8330020F0100020EF
S214007F8030B5414B414A1A608DB0FFF783FE40483A
S214007F90404DFDF7F5F940480121F8F7A3FB3F48AF
S214007FA00121F8F79FFB0021084601230422F9F778
S214007FB00FFC0023012211461846F9F709FC0FCDE5
S214007FC005AC0FC495E80700354D84E8070005A901
S214007FD0284616F01DFD00240323AC676B67EB6C88
S214007FE043F00403EB642F4B4FF480521A602E4D7F
S214007FF02E492846FFF772F92846FFF7B7F90C23F3
S2140080008DF814302A4B2B491B68CDF80D300B68C1
S214008010CDF815304B68CDF8193042258B68CDF871
S2140080201D30042203AB2146009501208DF80C205C
S21400803018F03DF8204B21461870052205AB009538
S214008040012018F034F81D4B187030230093214699
S2140080501B4B0722012018F02AF81A4B1A4A1870F0
S21400806041F270712346CDE900441848FBF72EFC18
S214008070CDE90044164A174823464FF4FA61FBF749
S21400808025FC0DB030BD00BF18310020BC600200DA
S214008090A3400020E060020000350A000032040021
S2140080A00000014000E100E01C3100209C6002005E
S2140080B08260020087600200081400200714002077
S2140080C09960020006140020197A0000542C002043
S2140080D02D780000B83300202DE9F043934A944CE5
S2140080E0136885B00133136017F0A6FC914B187027
S2140080F0914819F011FA914BC0B21870904819F0D7
S214008100E1FA17F099FC431EDBB2012B00F209815D
S214008110022811D123681BB919F03CFC206028B155
S21400812019F038FC2368C01A3B2807D9854B1A7803
S2140081309AB100221A700EE000232360824D16F0DA
S2140081403CFF2B68C31A002B044606DBC820FBF74F
S2140081508DFB204428600FF01DF87C4B7C4D1A7870
S2140081605AB100221A707B4A1368013313601BF061
S2140081701EFF794A012313702B70784E33785BB15B
S214008180754C237843B119F013FC28B1744B1B7857
S21400819013B10023337023702B7843B119F0FAFB28
S2140081A00446FFF755FB002840F00A81287017F0B8
S2140081B043FC03286B4D40F0278119F0EBFB2B683E
S2140081C00446002B40F019812860674B1A68A242CB
S2140081D009D8664A0A341C6013680021013301205E
S2140081E013601BF098FE624A624B1068196888425A
S2140081F014D012681A60604B604A1B78002B00F09F
S21400820006815F4B1B78002B40F001811378013309
S214008210DBB2022B137001D916F040FE594B1A78C8
S21400822022B1002244481A70FFF7DAF819F0C0FBB2
S21400823008B9554B187019F0BBFB002849D0FBF75E
S214008240F5FA05460C46FBF70BFB002302462146D3
S214008250284600F035FA4C4B1D78044695B90122A5
S21400826035481A70FFF7ACF8484A136801331360B4
S2140082700321474A0423CC20CDE90055FFF706FC2E
S214008280FFF774FCFFF772FC424B1A68A2421AD83A
S2140082900F341C6002230024019303AB2246009394
S2140082A00A213D4BADF80C402046FDF76DFC012140
S2140082B00846FDF7A9FC2146204617F0E5FF374A99
S2140082C0136801331360364B1B681D2B01D916F05B
S2140082D0E5FD344F344E3B78344D8BB116F066FADC
S2140082E0338800249BB22B803C7016F065FA124B44
S2140082F02F4AC3E956441368013313602D4B1C7094
S2140083002D4CDFF8B8800C4F2A88338892B29BB287
S2140083109A427FD116F051FE05B0BDE8F043FFF754
S21400832089BB084A00232360137016E7502C0020F0
S214008330442C0020051400201C310020823F002021
S2140083403C310020AB400020402C0020843F002021
S214008350833F00208C2C0020853F0020863F002095
S214008360AF400020382C0020342C00207C2C00202D
S214008370D8330020302C00200B140020813F002032
S214008380AE4000209C3F0020803F0020482C00206C
S214008390946002002C2C002080600200C82C002074
S2140083A0DC3300209F3F0020A63D0020A43D002097
S2140083B0F02C00209E3F0020A33F0020182D002018
S2140083C0214E3368A3423FF6F2AE17F035FB002885
S2140083D07FF4EDAE053428703460FCF7D5F9FCF771
S2140083E0E5FA1A4A1A4B1060196811B91168194A49
S2140083F011601A6801321A60D9E6C31A3B2B7FF661
S214008400E4AE16F04BFDE0E600232B60EBE600231F
S214008410137003E72B88DAB20133A15C58F8229078
S2140084208DF80C109BB248462B80FFF703FB012209
S21400843003A93846FEF7A4FF074BC3F80090074B86
S21400844001221A7060E700BF3C2C0020EC100020D0
S2140084504C2C0020E8100020E42C00209E3F00203A
S21400846010B50A4C23680A2803F1010323600AD1D9
S214008470072A08D90B7833B94B7823B98B7813B908
S2140084804868FFF7F1FC002010BD00BFE83300206D
S21400849010B50E489DF80C100368013303600C4BB2
S2140084A019700C4B49B90C4801240470196012B1BC
S2140084B00A4B52881A80002010BD18684FF6FE71CD
S2140084C08842F4D819680131F0E700BFE033002095
S2140084D00C140020DC330020AF400020BE13002028
S2140084E010B5034610B90022104610BD01680029D9
S2140084F0F9D0154849880268144C01320260144AC3
S21400850001201070134AD87C1180134AB1F57C4FB5
S21400851010709A7B227003D1002AE4D00122E3E790
S214008520B1F56F4F0DD1002ADDD09A89197D9B6871
S2140085308A4286BF521A92B200221944FFF7CAFC3A
S214008540ECE71929D0D0CEE7E43300200D14002044
S214008550AF400020C01300200E140020912808B55C
S2140085600CD10B4B00221A7017F066FA28B919F0D6
S2140085702DFA10B1074B01221A7008BD9028FCD1C5
S214008580034B01221A70BDE80840FFF78FBC00BFFE
S214008590AF400020833F002030B40B4D2C680134E0
S2140085A02C600A4C20700A4C21700A490A700A4A4C
S2140085B01370012318B1094A137030BC7047084A7B
S2140085C0137030BCFFF772BCD83300200B140020A9
S2140085D0AE400020AD400020AC400020833F00208D
S2140085E0AF40002038B5F8F731FC0E480E4D01219B
S2140085F0F8F778F80122012411461046F8F748FBF0
S214008600224621462046C5F88040F8F741FB204622
S214008610C5F8844022462146F8F73AFBC5F888405C
S214008620002038BD30253E0000400E401A4B07B5EE
S21400863001225A641A6842F480721A6001A8F9F797
S21400864059FA9DF80530012B03D89DF80430022B0B
S2140086500DD9124B4FF41872C3F88C22104AC3F887
S2140086609022104AC3F8F0220F4AC3F8F822FAF70D
S21400867035F9FAF7E5F8FAF7F9F8FFF7B3FF16F069
S214008680EAFBF7F78BFEFAF765F9F7F747FF03B053
S2140086905DF804EBFAF736BC00000E4000400E40D2
S2140086A09A6F0500180100040084320808B502F02D
S2140086B0CDF9024B00221A7008BD00BFB040002062
S2140086C053B94AB9002908BF00281CBF4FF0FF3134
S2140086D04FF0FF3000F06AB9ADF1080C6DE904CE3A
S2140086E000F006F8DDF804E0DDE9022304B0704788
S2140086F02DE9F047089D0C46002B4ED194468C453C
S2140087008646B2FA82F262D94AB1C2F1200391409B
S21400871020FA03F30CFA02FC194300FA02FE4FEAB1
S2140087201C471FFA8CF6B1FBF7F44FEA1E4307FB13
S214008730141143EA014304FB06F199420AD91CEBE3
S214008740030304F1FF3080F01381994240F2108158
S214008750023C6344591A1FFA8EF3B1FBF7F007FB8D
S214008760101143EA014300FB06F69E420AD91CEBB1
S214008770030300F1FF3180F0FD809E4240F2FA8054
S214008780634402389B1B40EA044000211DB1D340DD
S2140087900022C5E90032BDE8F0878B4205D90DB14D
S2140087A0C5E9000100210846F5E7B3FA83F1002980
S2140087B046D1A34202D39042C0F0F180861A64EB01
S2140087C003030120002DE6D0C5E90063E3E7002A95
S2140087D040F09180A1EB0C044FEA1C481FFA8CF77E
S2140087E00121B4FBF8F64FEA1E4308FB164443EAA1
S2140087F0044307FB06F0984208D91CEB030306F176
S214008800FF3402D2984200F2CE8026461C1A1FFA87
S2140088108EF3B4FBF8F008FB104443EA044300FB75
S21400882007F79F4208D91CEB030300F1FF3402D27E
S2140088309F4200F2B1802046DB1B40EA0640A5E7D7
S214008840C1F120068B4022FA06F71F4320FA06FCE9
S21400885004FA01F343EA0C03F44000FA01F8380C7A
S2140088604FEA1349B4FBF0FE1FFA87FC00FB1E44D8
S21400887049EA04440EFB0CF9A14502FA01F20AD9B2
S2140088803C190EF1FF3A80F08580A14540F28280C7
S214008890AEF1020E3C44A4EB09041FFA83F9B4FBC4
S2140088A0F0F300FB134449EA044403FB0CFCA44524
S2140088B007D93C1903F1FF3068D2A44566D9023BBC
S2140088C03C4443EA0E40A0FB0293A4EB0C049C42FB
S2140088D0CE469C4652D34FD055B1B8EB0E0364EB50
S2140088E00C0404FA06F6CB40CC401E43C5E90064EF
S2140088F00021BDE8F087C2F1200320FA03F10CFA4C
S21400890002FC24FA03F394400C434FEA1C4800FA96
S21400891002FE1FFA8CF7B3FBF8F008FB1031230CAD
S21400892043EA014300FB07F1994208D91CEB030315
S21400893000F1FF362CD299422AD9023863445B1ADA
S214008940A4B2B3FBF8F108FB113344EA034401FB7D
S21400895007F3A34208D91CEB040401F1FF3613D237
S214008960A34211D902396444E41A41EA004138E7C7
S2140089700446EFE6084605E7C845ADD2B9EB020E59
S21400898063EB070C0138A7E73146EDE7034698E7A7
S2140089903046D4E7D6467EE7634402384CE70646C0
S2140089A0234608460EE7023E63442FE7704700BFA3
S2140089B008B5064B044613B10021AFF30080044B04
S2140089C01B6803B19847204615F0A7FE000000007C
S2140089D028350020024B0146186800F033B800BF67
S2140089E0F4100020014819F0F7B800BFB14000208D
S2140089F0014819F0F2B800BFB140002070B50D4D27
S214008A000D4C641BA4100026A64209D10B4D0C4C3D
S214008A101CF006FE641BA4100026A64205D170BDFD
S214008A2055F8043B98470136EEE755F8043B98475F
S214008A300136F2E75814002058140020581400207D
S214008A405C14002038B50546002941D051F8043C96
S214008A500C1F002BB8BFE418FFF7C4FF1D4A1368AD
S214008A6033B9636014602846BDE83840FFF7C0BFDE
S214008A70A34208D9206821188B4201BF19685B6899
S214008A8009182160EDE71A465B680BB1A342FAD9D4
S214008A9011685018A0420BD1206801445018834238
S214008AA01160E0D118685B68536008441060DAE72C
S214008AB002D90C232B60D6E7206821188B4204BF0E
S214008AC019685B68636004BF091821605460CAE7D0
S214008AD038BD00BFEC3300202DE9F04F14469B460E
S214008AE0C36B87B005465B6960680E46012202A923
S214008AF09847EB6B01225B6903A93046984702A8AA
S214008B0019F03CFC074648B10023A37563754FF087
S214008B10FF33A360002007B0BDE8F08F03A819F06C
S214008B203AFC0123A375237E04EBC303DE611F8496
S214008B306368B3420ED1206003A819F04EFC4FF0D4
S214008B40FF332075A360237D043B022B25D800232A
S214008B50A375DFE723681A1A53425341A37503A887
S214008B6019F03BFC237D834218BFA77503A819F0B4
S214008B7016FC074602A819F012FC87421CBF002309
S214008B80A37503A819F013FC074602A819F00FFCFA
S214008B9087421CBF0023A375D5E703A819F0FFFB87
S214008BA080B1EB6B02225B6904A93046984704A8A3
S214008BB019F004FC0346207D032839D8DFE800F0CE
S214008BC03838040903A8F3E7237E04EBC303CC225A
S214008BD01A8401F037FC109B1870277E03A819F042
S214008BE0D2FB04EBC70787F82200237E04EBC303FF
S214008BF003A8B3F8209093F8227019F0D0FB8046B3
S214008C0003A819F0D4FB8246B8F1000F15D0EB6B21
S214008C1002225B6904A93046984704A819F093FB22
S214008C206075637D6BB90023A3754FF0000838E0CC
S214008C30227E04EBC2021384CBE703A819F06EFB76
S214008C40EEE794F81680B8F1000FEED0B9F1000FF9
S214008C5009D1DFB10123E375637E002B4FD1012FCD
S214008C6042D1677614E06B6C06EB0A02594286EA3C
S214008C70020008421CBF0021A175591E0A409B1A1B
S214008C809945D0D8A37D002BE3D1CEE7E37D43B949
S214008C904FF000084B4652463146284619F0F1F888
S214008CA0A060A27D12B123694B4423611949237E3B
S214008CB0097899422AD901332376BBF1000F27D0D1
S214008CC032B3E37D23B3B8F1000F21D1032F1FD0B9
S214008CD0A1684B1C1CD0109B0093224601232846FB
S214008CE0FFF7FAFEA07513E095F8343063B9EB6A27
S214008CF00133CFD1032FCDD10123A376C8E7012FAF
S214008D00CFD0032FC4D1F7E79846C3E70023A37557
S214008D10A07D00E7D05602002DE9F04F8BB00E463E
S214008D20044698464FF0FF310023104617468DF84C
S214008D30133001F071FBB6F5801F3BD3B21C53D144
S214008D40E56A6B1C57D1616A204618F0E0FF0546BD
S214008D50B31C18BF0123DFF814910193636A626C99
S214008D600293236802FB053AE36B05A95B690522BB
S214008D705046984705A819F0BAFB19F0DDFB504697
S214008D8019F0E5FB4FF0000B824601464B1C05D060
S214008D90636C81EA0A025B42134232D029462046BF
S214008DA018F0B5FF029BAB424DD0BBF1000F4DD182
S214008DB00546D3E7314605AA04F1080019F093FAF0
S214008DC00146481C10D0384601F026FB0DF113036F
S214008DD001223946204619F0CFF828B19DF8133005
S214008DE088F80030002003E0237C002BA8D11D4823
S214008DF00BB0BDE8F08F2368ED1A636CB5FBF3F596
S214008E00A6E7484601F008FB0DF11303019A494610
S214008E10204619F0B1F8034690B1B21C03D0D9F839
S214008E200020B2420CD103930F4B9DF8132088F814
S214008E30002049461A68384618F0DAFE039B9B461F
S214008E40D9F80810A2E7BBF1000FD0D0B6F5801F06
S214008E50C8D298F800307A68314604F1080001F06C
S214008E601FFABFE70BE000F0CC5602001C1D0020E6
S214008E702DE9F3410E461B4D816A04461746984677
S214008E80E36A8B422AD04B1C18E0284601F0C4FA4D
S214008E900DF1070301222946204619F06DF830B17E
S214008EA09DF80720434629462046B847B0B1A96832
S214008EB04A1C05D0012E0AD0E36A9942E5D10DE09E
S214008EC06968204618F0B0FF012E0146D8D16B68BD
S214008ED081EA0302636C5B421A42D1D002B0BDE85D
S214008EE0F08100BFF01C00202DE9F041036B0768FD
S214008EF09046826B9A4288BF8363426C436A02FB49
S214008F000377C36B90B05B690E46052201A9044641
S214008F103846984701A819F0EAFA01280146307049
S214008F2057D0656CE26B2368606AD2F814C005FB04
S214008F300030052206A9E04706A819F0D8FA01284D
S214008F404FF0000523D0D4E90A3201219342CDE93F
S214008F500B458DF834800E958DF83C102AD11946B5
S214008F60204618F061FF236B626CE06214339B1A94
S214008F7023630C9B53B99DF83C303BB1626A616C2D
S214008F802368E06B01FB023119F069FA0C9DE36B74
S214008F9005225B6901A93846984701A819F0A7FA87
S214008FA03070236BA26B28469A4288BFA36310B02A
S214008FB0BDE8F081237C33B91C490BAA04F10800F4
S214008FC001F0BEF9D5E71A4A0BAB2046FFF750FF73
S214008FD0CFE7237C23BB1749224604F1080001F0A3
S214008FE0AFF9616A204618F0B3FE616A421C20465B
S214008FF018F07CFE054620B9236B626C1344143BC4
S2140090002363A16A204618F00FFF2368A062C01AE7
S214009010636CB0FBF3F06062204618F048FFB6E7DA
S214009020054A00232046FFF723FFDAE7E999000008
S21400903065990000012002009D1F020073B50D46D1
S214009040D11E4A421C461B7E4A419A4226D12968B6
S2140090502368994222D3636899421FD8114E0DF1B6
S21400906007033246FFF758FEC0B972686B689A422B
S21400907014D19DF80730DA1E53425341227E9342A4
S2140090800CD1636901336361D4E90323934205D2AB
S214009090A268296842F8231001332361012002B038
S2140090A070BD00BF481D00202DE9F04F8BB0DFF8E3
S2140090B058B19A469DF850300293DBF8103053456D
S2140090C080460D461646C0F09980DBF804300193C2
S2140090D0D146B9F1000F00F08D80D8F83C300198E9
S2140090E05B69012207A9984707A819F054F9DBF82D
S2140090F00030984240F0858007A819F058F90428F7
S214009100074614D107A819F059F9019B029A04469C
S2140091103B44002A3FD1864212D9361A144601999A
S214009120404618F081FEA9EB04090190D1E7D8F873
S2140091303C3001985B69022208A9984708A8E2E734
S214009140841B544528BF5446032C03EB0607AAEBA2
S214009150040A4FEA94021CD9D8F83C3029465B69C9
S2140091603846984724F0030304F003061F441D44C2
S214009170002ED4D0D8F83C3001225B6908A93846C6
S21400918098473246284608A9354418F031FD00268F
S214009190C5E72646ECE700F00302039203442A18CC
S2140091A0074604920593049BDD1B059BD81B039B77
S2140091B09F420FD1002FB2D0D8F83C30012208A928
S2140091C05B6998473A4608A9284618F0D3FC78B950
S2140091D03D44A4E7D8F83C30012208A95B699847CB
S2140091E0042208A9284618F0C5FC08B9043FDAE7A7
S2140091F0DFF8189048460BB0BDE8F08FDFF8109007
S214009200F8E7DFF81090F5E7741D002012E000F094
S21400921011E000F022E000F02DE9F0410F4688B0A2
S21400922016469846044660B390F83450FDB10121C6
S21400923018F032FD0E9BCDF80480CDE902379DF87C
S2140092403C308DF81C30237C04960021CDE90511B6
S2140092508BB90D4901AA04F1080001F071F8DDE9A7
S2140092600553E06B002E08BF1D4618F0D7FE2846B3
S21400927008B0BDE8F081054A01AB2046FFF7F8FDCF
S214009280EDE70546F3E700BFCB1F02003D90000068
S2140092907FB590F84260019204460DF10B030A4632
S2140092A03046124918F0C2FE012EE36B054619D16E
S2140092B05B69324603A998479DF80B10039B019AF9
S2140092C059B19BB243EA02430393E36B9B690122C5
S2140092D003A92846984704B070BD1B0C1B0492B225
S2140092E01343F1E79B69012201A9F3E7741D0020EF
S2140092F02DE9F04F99B00F4609920A69416C0E931A
S2140093001439D31DB3FBF1F3013302EBC302036B35
S21400931093420446C0F00D820023DFF820940D939C
S214009320E36A07931946484601F076F8D7E903360C
S21400933004930E9B022B4ED1CC2E40F08A81099BC3
S214009340002B42D03946204618F0C7FE656C079AB7
S21400935014906B1E1340ED1AE36B78685B6901226C
S21400936016A9984716A819F01AF800280CBF042367
S2140093700823782E06933DD90123002505934FF048
S214009380080A3B6805990E98C9F80030C9F81060BD
S21400939019F027F84FEA9A031093DDF81CB089F805
S2140093A0140000230B930F9308930C93616C4A1ED2
S2140093B00BEA02028B1A002E38D05544AB4240D836
S2140093C0236B5B1A13442363ABE0049B1B68149364
S2140093D008230693D0E7656C079A6B1E1340782E19
S2140093E0A5EB030516D8FB7D7BB9099B002BB3D1F3
S2140093F004230693331DAB4210D9A6B1082DBBD863
S214009400042500230593AA46BBE7099B002BA3D19E
S2140094100823EEE7099B002B9ED1D9E7002505958A
S2140094204FF0040AADE704250596F9E75345C7D380
S2140094300BEB0A030393B046089B002B18BF0323CD
S21400944013E0A3EB0A039E42B0460BEB0A0228BFCA
S21400945098469E420392EFD9D9F8102001239642EF
S21400946089F8173071D1C9F804B0089399F8173005
S214009470002B6CD099F818200899D31C09EBC3036D
S2140094800132C3F804B0A3F80880997289F818204E
S214009490B8F1000F14D00E9B022B5BD10B9B7BB94F
S2140094A00F9B4344032B0BD9E36B03989B69012264
S2140094B014A998470546002840F03D8101230B93E8
S2140094C0089B0193059B009399F81420396843463E
S2140094D016A800F057FFE36B109A9B6916A958462A
S2140094E09847051E0D9B18BF5B460D935246434694
S2140094F05946204618F0C5FC236BC9F8080008F149
S2140095000302A3EB0A0322F003029B1A2363002D37
S21400951040F011810F9BDDF80CB04344A6EB080623
S2140095200F935946204618F07FFC00258346002EF0
S2140095307FF43CAF814A39689368E36252680E9BB9
S21400954004F1080000F0ACFEDEE002238DE7C9F867
S21400955004B09DE7099B002B30D1049BB8F1030FA4
S21400956043440A9327D9E36BDDE903019B694FEA7D
S214009570980298470546002865D118F003025FD088
S214009580049B28F003052B440493039B1D444FF0D3
S214009590FF330499159315A818F02AFBE36B2846A9
S2140095A09B69012215A998470A9B04930546002D3E
S2140095B086D0039B99E7039D4246E8E7039B0A9300
S2140095C007F120031193FB7D78689BB13D7E0C9AD2
S2140095D00023D9B28D4211D9119931F83310914236
S2140095E003F1010C26D907EBC3030699D8690A4490
S2140095F0104403E00C9B069A13441844E36B0122C4
S2140096005B6915A99847159B13930C9B0A9804331E
S2140096100C93E36B01229B6913A99847039B0A9A54
S21400962043449B1A042B054607D978B913460433DE
S2140096300A93C8E7521A6346CBE70A9B0393B6E73A
S2140096400A9B04933CE70A9B0493B2E70A9B0393A6
S214009650AFE73B4E04F1080303932368079A606C58
S214009660A2EB030ABAFBF0FA00FB0A3018F06FFF11
S214009670E16A8046204618F0D7FBA26A82424AD0AA
S214009680626CD9F808302568E062511E0B40216BE9
S214009690891A0B4423630D9B5D1BB5FBF2F5AA45A7
S2140096A036D1079BB3EB080A12D0E36B4FEA9A0257
S2140096B09B6941469847E36A079A5344E362236BE3
S2140096C09B1A434483462363039818F0DCFDDA466E
S2140096D02368616CE06B01FB053118F0ADFE204697
S2140096E018F0E5FA204618F0E2FB2063BAF1000F06
S2140096F011D03A69616CD31D1439B3FBF1F3013311
S21400970002EBC3029042A8D2304619B0BDE8F08FF3
S2140097104FF0000ADCE73A69616CD31D1439B3FBDD
S214009720F1F3013302EBC302236B9342BFF4F8ADAF
S214009730EAE7044EE8E72E468CE700BF1C1D002033
S21400974023E000F006E000F02DE9F3471E464369EB
S2140097509DF82890B3420446884617463DD3002518
S2140097608DF80750204618F06EFAD4F830A08245DF
S2140097700AD2236AB5EB430F06D200220DF1070189
S2140097802046FFF7B1FB30B39DF80730012B05D11B
S21400979000220DF107012046FFF7A6FBB9F1030FE3
S2140097A006D03146204618F039FA256B854218D384
S2140097B00D4D4FF0FF31284600F02EFE4B4600229E
S2140097C029462046C5E90376C5F8008002B0BDE804
S2140097D0F047FFF78DBD0135C4E7044802B0BDE889
S2140097E0F0870348FAE700BF481D00200FE000F0AE
S2140097F006E000F02DE9F04790F8426086B0012EB2
S21400980005460391A1EB020715D1B7F5807F28BF67
S21400981003264FF06408DFF848A100244FF6FF79CE
S21400982095F84230012B14BF322364239C420AD39E
S2140098305FFA88F415E0B7F5803F34BF01260226AC
S2140098404FF03208E7E705AB22465146284618F0A7
S21400985022FC95F84230012B059B34D14B452DD187
S214009860E4B295F84230012B0CBF64223222121B60
S214009870B24217D3012E39D10022012B05978DF85D
S214009880132027D1082205A90DF1130018F0B6FD04
S2140098909DF81330059A42EA032221462846FFF730
S2140098A0F7FC40B102232E4900930968CC2303AA93
S2140098B02846FFF749FF06B0BDE8F087DBB203B9DC
S2140098C002340134ACE7591CCAD09BB2002BF8D145
S2140098D00134F6E7102205A90DF1130018F08EFDED
S2140098E09DF81330059A42EA0342D6E7039A05929A
S2140098F0012B23D10823202205A90DF113008DF892
S214009900133018F07BFD9DF81320120221462846DE
S214009910FFF7BEFC95F84230611C012BC9B21AD184
S2140099200028BFD1BDF814202846FFF7B1FC002858
S214009930B8D10234BDF81620E1B2AFE710232022DA
S21400994005A90DF113008DF8133018F057FD9DF89A
S21400995013201204DAE70028A4D1059A9EE700BF78
S214009960741D0020032A2DE9F34106460D461746CE
S2140099701C4606D1237A012B23D0012002B0BDE875
S214009980F081DFF8608009680DF107034246FFF7B3
S214009990C3F960600028EDD19DF80720237A032ADA
S2140099A0E8D0D8F804106A689142E3D1012B2969FF
S2140099B0D4F80CC007D172690CEB0103934202D9AC
S2140099C02074207CDAE708316144E1603B460122DE
S2140099D029463046FFF78CFC60600028CAD000207D
S2140099E0CCE700BF481D00202DE9F341089C032A60
S2140099F02668174606D1237A012B24D0012002B010
S214009A00BDE8F081DFF890800DF10703424630464E
S214009A10FFF782F960600028EDD12568D8F80400C9
S214009A20A96AD5F844C0227A4840CCF10003184011
S214009A30E1D1012A09D1E268D8F8103013447269DE
S214009A40934202D92074207CD9E72868EB6A1B1A57
S214009A50081AB3FBFCF3B0FBFCF083420BD1706C2E
S214009A60F36A421E1340326B121A134433632846BD
S214009A7018F0DAF9E862D8F81020E368064920689A
S214009A8008321344E36001223B46FFF731FC606076
S214009A900028B0D00020B2E7481D00202DE9F04F86
S214009AA04FF0FF334FF6FF72002500F10806C0E9BD
S214009AB0092387B00446C3620562056330460F4635
S214009AC018F0E1FB204618F0F2F828BB204639468D
S214009AD018F06DF9204618F0EAF828BB8A4D2046A3
S214009AE018F018FAECE0E26B2368606CD2F814C049
S214009AF001A9052200FB0530E04701A818F0F7FC95
S214009B00012828D12946204618F022F9421C294669
S214009B10204618F0EBF80135E3699D42E3D3204672
S214009B2018F0C5F80028D1D000254FF6FF73C4E919
S214009B3008534FF0FF39CA46A846E369984514D340
S214009B40A5EB0905012D37D8636A4FF6FF729342DD
S214009B5047D16E4DC3E718F0F4FC0028DBD0294649
S214009B60204618F0F5F80246D1E72368E26B606CF1
S214009B70576901A9052200FB0830B84701A818F06C
S214009B80B6FC834601A818F089FC0746584618F02C
S214009B90D3FC70B15745236A38BFC4F82480B94552
S214009BA003F1010328BFB946BD42236238BF3D46D4
S214009BB0BA4608F10108C0E74FF6FF736362002556
S214009BC0E3699D42C0D2676C2068E36B05225B693F
S214009BD001A907FB0500984701A818F05FFC0135AE
S214009BE0EEE7E26B676C2068556901A9052207FB62
S214009BF00300A84701A818F051FC626A2368606C4D
S214009C00434D00FB023018F0A2FC4FF0FF33A06279
S214009C10E3622A460DF103036FF001012046FFF7C9
S214009C207BF8002850D1AD68E5622946204618F03A
S214009C301AF8206320B9E16A204618F0F5F8E062C9
S214009C402946204618F0F0F80546A36A9D423DD105
S214009C506569626CE91C143A2046B1FBF2F105EB2B
S214009C60C1050335B5FBF2F518F054F90235A842E4
S214009C7080463DD2616A204618F049F8002706461D
S214009C8004F1400A474512D3626C236802FB06398A
S214009C90E36B05225B6901A94846984701A818F0BE
S214009CA0FDFB534602464946E06B18F052FC31462F
S214009CB0204618F02CF80137AF420646E2D3154D81
S214009CC0284607B0BDE8F08FA56AADE729462046CE
S214009CD017F0C9FF236B0344294607462363204633
S214009CE018F0A2F80546002FAFD1C4E90B07ACE781
S214009CF0304618F0C8FA0023074A19462046FFF7F0
S214009D00B7F80025EBE600BF03E000F016E000F031
S214009D10481D002013E000F0671F0200634A00237E
S214009D202DE9F041176813600E46044618B9604DD9
S214009D302846BDE8F08190F834500DB309680268F3
S214009D40914240F0AA8071684268914240F0A58036
S214009D50B1688268914240F0A080F168C268914282
S214009D6040F09B8031694269914240F09680B1692B
S214009D70C26B914240F09180726982611D46D7E7BE
S214009D8050222946D0F8388017F01EFF336823602B
S214009D9073686360336963617369A361D6E902120D
S214009DA004F10800C4F8388018F07FFAB369E3635A
S214009DB004F140009B68984794F8432020B1E56181
S214009DC0002AB4D03B4DB3E7656C002DF7D066682B
S214009DD0B6FBF5F3E361002AA9D0B542F2D82268B3
S214009DE0B2FBF5F105FB1122002A58D105FB1363DF
S214009DF0002B54D1204617F026FFA36904330344F2
S214009E009E424ED3636940F63472CC3B93424AD8A6
S214009E10B5F5007FD6D30321204617F03DFFE36B50
S214009E20D4E900011B689847E36B0546DB6802200F
S214009E3098471DB1002384F834301EE0394620468A
S214009E40FFF72CFE1C4B9842054604D139462046A7
S214009E50FFF724FE0546636C143B002DEAD1226A08
S214009E60204602FB03F617F0EEFEA3690433034414
S214009E709E4206D284F83450104DE06B18F0CEF8AF
S214009E8056E70F4A012384F834301368D4E90001FA
S214009E900133136014F079FCEFE70A4D48E70A4DEA
S214009EA046E7064D44E7094D42E700BF303500203F
S214009EB009E000F004E000F013E000F002E000F03B
S214009EC02C35002008E000F001E000F005E000F08E
S214009ED02DE9FF410F4690461E46054698B390F87A
S214009EE0343093B3B1F5801F31D21A4C022117F0EB
S214009EF0D3FE22460DF10F0339462846FEF70CFF27
S214009F00024678B101230093424633463946284636
S214009F10FFF71AFC0446E86B18F080F8204604B0F9
S214009F20BDE8F0819DF80F30012BEBD12169B142DD
S214009F30E8D10093414633462846FFF7B5F8044675
S214009F400028DFD1E7E7044CE8E7044CE6E7044CDA
S214009F50E4E700BF741D002009E000F007E000F011
S214009F600AE000F02DE9FF410C4616461F4605465E
S214009F7088B390F8343083B3B1F5801F2FD2DFF862
S214009F807C80012117F088FE21460DF10F03424622
S214009F902846FEF7C1FE044670B99DF80F30012B27
S214009FA011D1D8F81030BB4213D10090024631468A
S214009FB02846FFF779F80446E86B18F02FF8204695
S214009FC004B0BDE8F081074C074A022B08BF1446D0
S214009FD0F2E7064CF0E7064CF1E7064CEFE7064CD6
S214009FE0EDE700BF0BE000F00CE000F011E000F041
S214009FF009E000F007E000F00AE000F0741D002021
S21400A00070B586B00E4603920546A0B390F834307D
S21400A0109BB3B1F5801F32D2022117F03DFE194ADC
S21400A0200DF1170331462846FEF776FE044618B9AA
S21400A0309DF81730032B0ED10223009303AACC23DE
S21400A04031462846FFF780FB0446E86B17F0E6FF2C
S21400A050204606B070BD022B0BD10A49284618F0E0
S21400A0603CF8039981420246EFD02846FFF7C2FB30
S21400A070EAE7054CE9E7054CEAE7054CE8E7054C56
S21400A080E6E700BF741D00200DE000F009E000F0D8
S21400A09007E000F00AE000F073B50C4616460546E9
S21400A0A030B390F834302BB3B1F5801F24D20121A1
S21400A0B017F0F2FD2146114A0DF107032846FEF778
S21400A0C02BFE044680B99DF80730032B0CD0022BDC
S21400A0D00CD10A49284618F000F83060E86B17F0F3
S21400A0E09DFF204602B070BD054CF7E7054CF5E72E
S21400A0F0054CF6E7054CF4E7054CF2E7741D002026
S21400A1000BE000F00DE000F009E000F007E000F0E2
S21400A1100AE000F0F7B50C461646054668B390F818
S21400A120343063B3B1F5801F2BD2022117F0B4FD93
S21400A130154A0DF1070321462846FEF7EDFDC0B986
S21400A1409DF80730032B14D0022B14D10E49284655
S21400A15017F0C3FF471C024639462846FFF74AFB5E
S21400A160044606B13760E86B17F058FF204603B088
S21400A170F0BD064CF7E7064CF5E7064CF6E7064C4E
S21400A180F4E7064CF2E700BF741D00200BE000F079
S21400A1900DE000F009E000F007E000F00AE000F053
S21400A1A02DE9F3411F4600230C4616463B60054644
S21400A1B050B390F834304BB3B1F5801F28D2DFF897
S21400A1C06480012117F068FD21460DF10703424621
S21400A1D02846FEF7A1FD0446A0B99DF80730032BDC
S21400A1E010D0022B0AD10123336004233B60E86BB6
S21400A1F017F014FF204602B0BDE8F081D8F8103002
S21400A2003060F3E7034CF2E7034CF3E7034CF1E767
S21400A210034CEFE70BE000F009E000F007E000F089
S21400A2200AE000F0741D002030B50C4685B00546E7
S21400A23028B390F8343023B3B1F5801F23D202211F
S21400A24017F02AFD0DF10F03104A21462846FEF7A7
S21400A25063FD034688B99DF80F20032A0DD003221C
S21400A2600092214602462846FFF76EFA0446E86B3F
S21400A27017F0D4FE204605B030BD054CF7E7054C78
S21400A280F8E7054CF6E7054CF4E700BF741D002020
S21400A2900BE000F009E000F007E000F00AE000F054
S21400A2A02DE9F04346688EB3056898464FF0000CDB
S21400A2B0A946AE4655F83C40C4F3130701340CF1EA
S21400A2C0010C01D0B94218D066450EF1080EF1D146
S21400A2D02F46002403E0A64207F1080713D055F8DE
S21400A2E03430013304F10104F5D1C1F3130141EA1E
S21400A2F00851C7E90012BDE8F08341EA0851CEE9EB
S21400A3000012BDE8F083B8F1030F03D101230372F6
S21400A310BDE8F083002303E09E4209F10809F5D06A
S21400A32055F83340C4F30754032C03F10103F3D16B
S21400A330C1F3130343EA0853C9E90032BDE8F083CA
S21400A3402DE9F043476883B0CFB10646884691466C
S21400A3500024336853F83450C5F30752C5F313018D
S21400A360013503EBC403304604F1010405D05B68F5
S21400A370CDF80090C04710B17768BC42E9D303B06F
S21400A380BDE8F08373B5044622489DF81850012AAC
S21400A39000EAC11123F07C4007D9961E012E28D969
S21400A3A0073303F07F03194308E09DF81C30DB06F3
S21400A3B00A4303F0C053134343F060410023C4E94B
S21400A3C000108DF80730B5B1202221460DF10700A8
S21400A3D018F014F81A220DF10700211D18F00EF8D7
S21400A3E063689DF8072043EA82636360082002B032
S21400A3F070BD1143E2E71B220DF10700214617F05E
S21400A400FDFF23689DF8072043EAC263236004200B
S21400A410EDE700BF80FFFF0738B5094B04461A6812
S21400A4200D46002117F0D0FB00234FF0FF322383A8
S21400A430C4E900252361A260E382A37638BD00BF8D
S21400A440CC5602000138C0B205289ABF014B185CF2
S21400A45001207047FC6002002DE9F0410E46596865
S21400A46088B007461546490A0024012922464FEAC5
S21400A470510104F10104F8D8DC7899781B8824038C
S21400A480C90201F4006104F480540C43C3F30A03C8
S21400A4905203234492B29C18284B03934FF00008B3
S21400A4A025F0784302A90DF107001B2202938DF8D0
S21400A4B0078017F0A3FF9DF80720029B8DF8078002
S21400A4C0ED4343EAC26302A90DF1070025F0784583
S21400A4D01B220493029517F091FF9DF80720029B1C
S21400A4E06FEA044443EAC26305936FEA14444FF0EC
S21400A4F0FF3306930794BB6907A9012206F11000F3
S21400A5009847BB6905A90446012206F1080098474A
S21400A510BB69404518BF044604A90122301D984770
S21400A520BB69404518BF0446012203A93046984738
S21400A530404508BF204608B0BDE8F08101009AB249
S21400A540431E033306D8044B984228BF1846642897
S21400A55038BF6420704700BF40420F00F8B505467C
S21400A56014F019F90F4B1E68074626B9384614F042
S21400A57016F9344611E0B4688CB194F810C01CF09B
S21400A580010F0CD195E80F004CF0010C84E80F0089
S21400A59084F810C0384614F002F92046F8BD366834
S21400A5A0E3E700BF4811002038B505460C4641B128
S21400A5B00B6833B11B68013303D0CB680BB18B68D3
S21400A5C04BB918F055F9BDE838404FF49272412166
S21400A5D0002000F0BBB9084600F008FC0023044A3F
S21400A5E085F8DC30C5E92343C2E9003338BD00BF37
S21400A5F0B014002010B5044618B9054B054A136080
S21400A60010BD03F08BFFD4F89830002BF6D1F4E79A
S21400A6108725020044110020014B1868704700BFD0
S21400A620B014002010B50C4603F0B6FF054B002111
S21400A6305B68032098471CB105F0B4F80128FBD1ED
S21400A64010BD00BF5011002008B502460868FFF78D
S21400A65077FF08604868FFF773FF48608868FFF771
S21400A6606FFF8860C868FFF76BFF0B69C860581CEF
S21400A67003D00B48834228BF03460B614B69581C26
S21400A68003D00748834228BF034688694B61FFF71B
S21400A69057FFBDE808408861104604F0D9BD00BFEA
S21400A6A040420F002DE9F84FD0F8903006460F468E
S21400A6B013B1038B8B4244D0D6F88CB0BBF1000F9D
S21400A6C042D0DBF80830002B3ED0DBF80C10002917
S21400A6D03AD0D6F8A0A0BAF1000F38D04FF0000953
S21400A6E04D46C84601E0DBF8083005EBC50203EB33
S21400A6F082040135E389BB4214D8238ABB42304624
S21400A70010D3B4F91220B6F924309342A04653DD94
S21400A71096F8D010F7F782FA337D834281464BD9FC
S21400A720DBF80C108D42DED3B8F1000F3ED00023CC
S21400A730424619463046D0473783C6F8908086F89A
S21400A740D9900020BDE8F88F0320BDE8F88FD146E9
S21400A7505446524647F6FF7504EBC40803EB8808D8
S21400A760B8F80E30BB421BD8B8F81030BB4217D32F
S21400A770B8F91220AA4207D14FF0FF093783C6F86E
S21400A780908086F8D990DCE796F8D0103046F7F738
S21400A79045FA337D834281464246EFD9DBF80C10FA
S21400A7A00134A14204D9DBF80830D5E70120C9E717
S21400A7B0002AFBD09046E1E7A046B8E72DE9F0472F
S21400A7C082B004468946164604F0BAFF3B4D08B1EF
S21400A7D000236B602B68D4F88CA0D4F890700BB173
S21400A7E053454BD04FF00008C5F8089004F0DAFF48
S21400A7F0012836D12B68DAF800103A6813B11868C9
S21400A800884246D0204618F05DFAC5E900A7D4F87D
S21400A810A0508DF80760002D42D000220DF10703EE
S21400A82011462046A847204604F0E4F90546B8F14C
S21400A830000F00D08EB1B5FA85F040F2DE32400946
S21400A840332100F083F83146204604F0B3FB1C4B5E
S21400A85005461B68394620469847284602B0BDE89C
S21400A860F087012003F098FE164B00215B6803205A
S21400A870984704F097FF0128FBD1BBE76B68002BD5
S21400A880B0D0BB42AED1AB68994514D04FF00108AA
S21400A890AAE7696811B109689142B6D05968B1E76C
S21400A8A0217D94F8D930994228BF19463246204671
S21400A8B004F074F9B7E70025CFE700BFB014002016
S21400A8C04411002050110020F8B505460E4613F03E
S21400A8D062FF314607462846FFF7E4FE044620B1ED
S21400A8E0384613F05CFF2046F8BD04F00BFF224606
S21400A8F031462846FFF762FF04460028F0D195F956
S21400A9001030002BECDA284618F0B7FA0028E7D00B
S21400A9102246A97D284618F002FA0446E0E700BF62
S21400A92013B50446694617F00BFF204618F02BF9BE
S21400A930FF28024606D09DF800102046F7F7EEF9ED
S21400A94002B010BD0048FBE70080FFFF08B550B915
S21400A9500548064B01601A60054B1A68054B1A60DD
S21400A960186806F053FD08BD4C110020383500204D
S21400A97008360020343500202DE9F0411B4A8AB005
S21400A98001AC05460B4602F1200C274610685168BC
S21400A990264603C6083262453446F7D1002B08BF68
S21400A9A03B4610683060002703F10C061C4638460C
S21400A9B090B95FFA87F821884246284618F0F6F9DB
S21400A9C050B9E1884246284618F001FA20B94246B6
S21400A9D03146284618F00DFA0137032F06F108060F
S21400A9E004F10204E4D10AB0BDE8F0811861020067
S21400A9F0F0B589B005460E4618F00AFA044600BBC4
S21400AA0006F10C070FCF01AC0FC497E8070084E8E7
S21400AA10070001A92846FFF717FE311D284618F043
S21400AA205FFA044648B90849284604F0D3FB0446B2
S21400AA3018B9284604F03EFF044631682846FFF75A
S21400AA409BFF204609B0F0BD10610200014917F0D7
S21400AA50DDBE00BF85F8000070B5164E03283378BB
S21400AA6004460D461ED023FA04F202F00102AA4262
S21400AA701DD053B10122A24023EA0203A5402B4376
S21400AA80DBB233704BB1012070BD2DB10A4B0120F3
S21400AA901B6898473378EDE73570074B00201B6836
S21400AAA09847F0E79A07DED003F0FC03E9E70020BA
S21400AAB070BD00BFB24000207835002038B504468F
S21400AAC00D4604F0B1FF60B104F050FE48B9012D08
S21400AAD007D8012018F045F90D4B1B6823B15B68B9
S21400AAE098470C4B1C7038BD14F067FA0A4B1A686E
S21400AAF0801A1860F8F764FF084B1B684FF47A72E8
S21400AB0002FB003017F080FE012004F037FEE8E775
S21400AB10F835002010140020703500207435002011
S21400AB20F8B5124F05460C4613F035FE3B78064640
S21400AB3033B1012D04D01CB90D48F8F7E5FD3C7083
S21400AB4021462846FFF788FF0A4B1B7804463BB988
S21400AB503B782BB918F0D8F810B1074B1B6898470C
S21400AB60304613F01CFE2046F8BD00BFB340002060
S21400AB704C350020B240002050110020054A0B46FC
S21400AB80117831B100211170034A187852680121FA
S21400AB9010477047B340002050110020124B023976
S21400ABA0012910B518701ED804F03EFFD8B104F085
S21400ABB0DDFDC0B104F0ACFBA8B90C4B1C6834B189
S21400ABC023689847BDE81040002018F0CAB817F070
S21400ABD019FE074B186014F0F0F9064B1860204673
S21400ABE004F0CCFDEEE710BD10140020F835002070
S21400ABF0743500207035002038B5044680B113F057
S21400AC00CAFD012104460846F8F7B0F901210846B6
S21400AC100A4A14F084F92046BDE8384013F0BFBD58
S21400AC2013F0B9FD214605460120F8F79FF90120EB
S21400AC30024A214614F073F92846EDE73C6102000B
S21400AC40F0B5324D85B013F0A6FD2B78044623B13F
S21400AC502F48F8F759FD00284AD1F8F701FE02AA56
S21400AC6003A918F03BF80346002832D018F04AF83B
S21400AC70029B98421ED10020264B03991B68264E45
S21400AC809942307021D9C91A00270123CDE90077EF
S21400AC901F482B70214A334614F06BF900282FD139
S21400ACA01F4A1378D90717D4204613F078FD0020E2
S21400ACB005B0F0BD18F024F8029B98421ED0154B44
S21400ACC0154A1B680393002010700121FFF7C4FE8D
S21400ACD0EAE720462B70E8E731780029E4D103F054
S21400ACE0FE031370002BDFD10E4B1B689847DBE783
S21400ACF0204613F054FD032005B0F0BD0220BBE74C
S21400AD00032320462F703370F3E700BFB3400020C4
S21400AD104C3500206C3500200F1400207DAB000061
S21400AD20B24000207835002038B5134D13F033FDBF
S21400AD302B780446C3B9114A11491370114B124AB5
S21400AD401A601248124A5A60F8F78AF911491248EE
S21400AD50F8F786F9114B124A1A60124B1B68124B11
S21400AD6002221A6001232B70AFF30080204613F0F6
S21400AD7016FD002038BD00BFB4400020B3400020C0
S21400AD80446102005011002041AC00003C35002018
S21400AD9021AB00004C6102004435002078350020CD
S21400ADA0F9AB000000300E406C350020431C08D084
S21400ADB0044AD2F83C311B0C1B0480B20343C2F891
S21400ADC03C3170470040084030B5074B85B00C4614
S21400ADD0D3F8C05000950022694617F035FD0CB137
S21400ADE000B9256005B030BD0081E00F054BD3F8F3
S21400ADF0B400431C14BFC0F380700120A62231218A
S21400AE00FFF7A4BD0081E00F034B1A689B88026021
S21400AE1083800020704700BFC21300200F4B062817
S21400AE20D3F8883104D183F40013C3F3405070473D
S21400AE30022805D113F4400F0CBF012000207047F4
S21400AE4050B9074AD2F8D40010F0010005D083F4B8
S21400AE508003C3F3805070470020704700400E40C8
S21400AE600081E00F0C4A5288B2F5E16F94BFC82209
S21400AE705A2210B594BF7824502490428CBF1722D3
S21400AE8010220A70054A0346107818B19C422CBF5F
S21400AE900020012010BD00BFC213002014140020A3
S21400AEA013B5234B1B780E2B04463ED00DF107013D
S21400AEB0FFF7D8FF1E2C8CBF1E4C1F4C9DF807308A
S21400AEC04FF001028CBF01210021C4F8082170B1A7
S21400AED0194A4DF60174C2F804411B0202F10072D1
S21400AEE043F44043C2F80431144AA2F8D430134A5B
S21400AEF0134C92F8D83023F00103034323F00203E7
S21400AF0043EA4103DBB282F8D83024786CB923F0E8
S21400AF10040343EA800323F00803B2F8D440A2F8FF
S21400AF20D64043EAC10382F8D83002B010BD00BF55
S21400AF30C21300200040084600400844001F0021BD
S21400AF40B7400020084B094AD3F88831DB4303F4A6
S21400AF50FE1343F40053B3FA83F30E33A3EB431309
S21400AF60013B1370704700BF00400E4013140020D2
S21400AF7002280CD0062802D020B100207047054BCE
S21400AF8018787047034B18780430C0B27047072013
S21400AF90704700BF131400202DE9F7433A4E3B4F8D
S21400AFA096F8009015463A4AD2F8C820B9F1020F32
S21400AFB00446884607EA02071AD147EA006788F877
S21400AFC00000002372882B60B2F5E16F94BFC822A0
S21400AFD05A2227F47F57944227F008079ABF380A68
S21400AFE000F47F5043F6C870384303B0BDE8F083E2
S21400AFF0284A1278904228BF144604EB83030B704D
S21400B000F4B1013CE4B24FF030632B606A4601A90C
S21400B010204617F052FCDDE9002347EA03671E4B83
S21400B02098F800101B7847EA823747F47F5747F0B6
S21400B03008073BB90029194B18BF4FF07F43C1E7FB
S21400B040164BE2E7164B1748B9F1060F08BF034642
S21400B0502AB90029114B18BF4FF07F43B2E7B2FA66
S21400B06082F2C2F11F02D2B29B5CDBB239B15A1E29
S21400B070D2B2FD2A05D81B0643F00403A2E7074B0D
S21400B080A0E74FF07F439DE7C21300203F00C0E0DB
S21400B090001F002113140020B84000200400000BFD
S21400B0A0B883E00FB083E00F2DE9F3410446C820D3
S21400B0B0FFF7F6FE2B4B2C4E18780E2801D0FF2CEF
S21400B0C005D1FF243470204602B0BDE8F081022886
S21400B0D02DD1072C204628BF072001284FF000035B
S21400B0E001AA0DF1030138BF0120FFF755FF054601
S21400B0F01E4B1F4FDDF80480C3F85881C7F8C850B0
S21400B1009DF8034034702046FFF7CAFE194A4FEAFE
S21400B110082303F4E063127843EA1863A7F8D030F4
S21400B120002AD0D1C7F8CC50A7F8D230CBE7A0B9C8
S21400B130052C32BF002701270420201A3B4601AA0F
S21400B1400DF10301C0B2FFF727FF4FF48003054659
S21400B15037B1094AC2F80831CAE700273846ECE793
S21400B160064AF7E7C21300201514002000400840E6
S21400B170001F0021B7400020004008460040084459
S21400B18008B501F0C1FA094B094A002818BF1A464B
S21400B190136823F47F115B0803F4FE130B4313605C
S21400B1A0044B4FF00072DA6108BD00BF0041084052
S21400B1B0184108400040084008B501F0A5FA064BC3
S21400B1C04FF4001228B1C3F800214FF000621A6253
S21400B1D008BDC3F81821F8E700400844014B18687A
S21400B1E0704700BF7C350020436C012B38BF01231D
S21400B1F02DE9F0479A46464B464F9B69464E474DCB
S21400B20003F4E073A3F5C0728046454851425141AD
S21400B21002685245434A0FD114788C420CD198F8F4
S21400B220D0C03C78A44507D198F815C03478A4451A
S21400B23002D1A888BDE8F087B3F5C07FC0F800A0AB
S21400B24011704AD1D8F8944024B12368082B58D9F5
S21400B25094F838400F21204617F011FBBAFA8AF30B
S21400B260002852D0B0FA80F29B1A002BC6BFD840F6
S21400B270C3F10F094FF00F09504501D909F1FF3905
S21400B280234B2004C3F8BC0003F1806340F6FF7232
S21400B290C3F8B82003F100734FEA0921C3F8B810C9
S21400B2A017F01EFBA88000F02BFF09F01F094FF4D3
S21400B2B0FA7304FA09F45C4341F66A03B0FBF3F050
S21400B2C00A23B4FBF0F45C43174B1C6098F8D030AC
S21400B2D03B7098F815303370ABE798F8D030062BF3
S21400B2E006D1124B1B78002B0CBF9624C824B1E75E
S21400B2F0022B08D00D4B1B78002B0CBFB424F02477
S21400B300A8E70024A6E73224A4E74FF00F09B7E722
S21400B310006008401214002011140020C213002000
S21400B32058110020BA4000207C350020B84000208C
S21400B33070B506460C46154617F09FFD58B3F27CCE
S21400B340D31E012B1ED9112A03D81D4BD340DB0771
S21400B35018D41C4B1C4AC3F8502103F1007300227A
S21400B360C3F850210025174B40F2F712C3F85021BE
S21400B3702B01164A03F4F87305F007052B43C2F8B1
S21400B38050311AE00F4B104AC3F8502103F10073F6
S21400B3904FF44402E4E7FF2C0DD00A4B0A4AC3F8E8
S21400B3A0502123042405094A03F4E02304F0F8742A
S21400B3B02343C2F85031FF2DD5D1002070BD00BF09
S21400B3C084F60300004008440000F70100400846E9
S21400B3D0F8B5134B134E1F68134D384601F080F92D
S21400B3E03378C4B2A34201D12B78A3B1092C14D868
S21400B3F00E4B012C195D05D10D4B1B78022B01D18C
S21400B40041F0400101F00F0238460909FFF790FFAE
S21400B410002334702B700020F8BD0024FA21F1E7D9
S21400B42008360020B6400020B540002054610200D7
S21400B430C213002038B5044600F00AFE142200218C
S21400B4402E4816F0C1FB2E4B25781A782D49521B34
S21400B45018BF01220A7022681A60C820A2889A8043
S21400B460FFF71EFD284BD3F8C820284BFF21197084
S21400B470274B2849062D03EA0203274A1AD14FF420
S21400B480EE40C2F824014FF48A42C1F8242101227A
S21400B49043F08043C1F820211B4AC2F8C8301E4B37
S21400B4A00322C3F85821FFF793FF1C4B01221A70A2
S21400B4B0002038BD022D4FF007000ED1C2F80C0157
S21400B4C00620C1F80C011649C2F808114FF4404195
S21400B4D043F00303C2F80411DEE7C2F80C010520AE
S21400B4E0C1F80C01C020C2F8080143F08043812255
S21400B4F043F00403C1F80821CEE700BFC81F0021AF
S21400B500C2130020B5400020001F002115140020A3
S21400B5102800C0A00040084600400844B94000206B
S21400B520C1004000014B1870704700BFB8400020B3
S21400B53073B5264B044618780E2841D0FF2C42D00F
S21400B54000283AD1052C32BF002301230420201AFC
S21400B55001AA0DF10301C0B2FFF71EFD1C4EC6F88E
S21400B560CC00019A96F8D850130203F4E06343EA3D
S21400B5701263A6F8D2309DF803400DF10201204672
S21400B580FFF770FC05F0FB051E2C45EA800594BF0E
S21400B5900023012325F0080545EAC30586F8D850A0
S21400B5A09DF802200B4B43EA0223A6F8D63001236F
S21400B5B0094A2046137002B070BD00231846C6E73D
S21400B5C00023FF24F4E70023F2E700BFC2130020A5
S21400B5D0001F002100C0FFFFB7400020104A114B9B
S21400B5E000201870D2F8C830C2F8CC30B2F8D0308C
S21400B5F0A2F8D230B2F8D430A2F8D63092F8D830CA
S21400B60003F0FB03990001F004010B4303F0F7037A
S21400B610990001F008010B4382F8D830704700BF4C
S21400B620001F0021B74000202DE9F0472D4C2E4B7F
S21400B630236000F065FD4FF4FA7307464FF47A7600
S21400B640B0FBF6F629482A4A7343190E1B0218184F
S21400B65041F100010023FDF733F8A0F5807305469D
S21400B660A36220B966222B21FFF770F901254FF45B
S21400B6707A726A434FF0000A534650083102FDF7CB
S21400B6801FF81C4B19601C4BB7F57A7F4FEA05680C
S21400B6908946044618604FEA152505D276222B21E6
S21400B6A05046FFF753F901264FF47A73A8FB0301BF
S21400B6B003FB05117308C01841F100010023324650
S21400B6C0FCF7FEFF0D4B023419600D4B49F10009E3
S21400B6D0A408186044EA8974024B013C1C63BDE868
S21400B6E0F08700BF005008400211010020A10700AB
S21400B6F040420F008C35002088350020843500201D
S21400B70080350020044B4FF00052C3F880211A60A9
S21400B710024B01225A60704700E100E000500840EA
S21400B720074B4FF00052C3F88021C3F88020BFF3C8
S21400B7304F8FBFF36F8F034B04225A60704700BFD2
S21400B74000E100E00050084010B50446A242A2EB1B
S21400B7500000A3EB010104D2034B1B6B013318441A
S21400B760013901F0030110BD0050084038B5020150
S21400B7700A4B01259D500A4A4FF480738340536656
S21400B780044613F008F8074A1378A54023EA050391
S21400B7901370BDE8384013F002B800BF00510844EB
S21400B7A000500840BB4000202DE9F04715460446EF
S21400B7B088461E4612F0EFFF022D00F0B8800746BE
S21400B7C012F0F4FF6C4B6D4AD3F8189092F815A05F
S21400B7D0DA6D5FFA8AFA520744BFD3F818900AF176
S21400B7E0010A12F0E9FF664B664A1B6811684FEAC9
S21400B7F08A7CA3FB093213F1004301FB09CCD8F87D
S21400B80000304CEB020C012D04BF01336344ACEB5B
S21400B810030C08BFC8F80030BCF1804F0AF0030ADA
S21400B820C0F09880584AD2F800C0584AD2F800E0D3
S21400B830514A23F04041106B4FF000480022ECFBC9
S21400B84001820EFB012282424FEA937381BF0133CD
S21400B8500130121A03F00303A3EB0A03914588BFD5
S21400B8604549DFF848C184BF096B03F1FF3303F095
S21400B87003030CF80430A2EB0900A3B1F10742BFA2
S21400B880434B41F61F71D966B30742BF404B41494F
S21400B890D966710742BF384B00211967330742BF8C
S21400B8A0354B00211965344B04F1100103EB041EDF
S21400B8B00901CEF80C2111225A5037499A694FF0E7
S21400B8C0010EA2EB090A0EFA04F8D3F85C900A7887
S21400B8D05FFA88F848EA020282450A7026D34FF4D7
S21400B8E08072A24019EA020F20D11CF8040000283A
S21400B8F03FD10DB3F0071A6608D5254B274941F608
S21400B9001F7240F20110DA66C866DA66B10706D51D
S21400B9101F4B22491F4A2248DA66C866DA66720753
S21400B92042BF204B01229A60330719D4384612F0E2
S21400B93036FF0120BDE8F0871B48240140F804E0EC
S21400B9405A6612F028FF14490B7823EA08030B7096
S21400B95012F025FF384612F022FF0020BDE8F087DF
S21400B960212000F0B9FA044B4FF480325A60384672
S21400B970DDE71A663846DAE700500840C43500208E
S21400B9808035002084350020883500208C35002046
S21400B9900050084400001F1FBB400020005008460F
S21400B9A0000001010040084000510844BC4000204F
S21400B9B0024B1878003818BF01207047BB400020A3
S21400B9C01030034B0001185800F00100704700BF0C
S21400B9D0005008401030044B01F46001000141F0B3
S21400B9E003011950704700BF0050084038B512F0E8
S21400B9F0DDFE084B084A9D69547DDA6D520748BF44
S21400BA009D69E4B248BF013412F0D6FE284604F021
S21400BA10030138BD00500840C435002038B50B4B34
S21400BA2003EB001210300001D2F80C411D58FFF74E
S21400BA30DDFFAB0706D5844200D90139204601F068
S21400BA40030138BD844238BF0131F7E70050084093
S21400BA5070B5184CE66B26BB202000F03DFA164B5E
S21400BA6010251D6002F0DCFA144B8022C3F88021FA
S21400BA7001F082FC38B132460020082102F088FC32
S21400BA800F4B65669D660F4A536803F07063B3F10B
S21400BA90807FF9D9074B0C4ADA6641F201421A67F1
S21400BAA070BD01F069FC0028F4D0054A074B6366B8
S21400BAB09366EFE7005008400040084600E100E0CB
S21400BAC00050084600400840011B01181000000204
S21400BAD008B5212000F000FA024B4FF480325A607D
S21400BAE008BD00BF0050084008B5222000F0F4F959
S21400BAF0024B4FF480225A6008BD00BF0050084039
S21400BB00064B1B68434303EB8171054B1B68A3FB85
S21400BB10003013F1004341EB0000704784350020ED
S21400BB20803500200D4A10B5146820F040430146C9
S21400BB304FF000420020E4FB0320094A126802FB93
S21400BB400300084B1B6B98424FEA917104D90133EE
S21400BB500131C01A01F0030110BD00BF8835002076
S21400BB608C35002000500840F8B5064603F0FEFD70
S21400BB70044608B1FFF7D4FD084D094F00232B619A
S21400BB8030466B61AB617B75FFF7CCFFC9B2797548
S21400BB90A8610CB1FFF7B6FD0020F8BD00500840C4
S21400BBA0C43500202DE9F041224F0646386820F4BF
S21400BBB0700040F4A00038609DF81C401D1E9DF8E3
S21400BBC018304FEA042444EA036444EA021408BF27
S21400BBD0002144EA05440C43FC64D7F82C80B8F5F1
S21400BBE0803F40F2B5224FF018012CBF0020012004
S21400BBF0FEF7ACFEC7F83880CDB10F4BB468D3F86B
S21400BC008030412C38BF41245B0606D500F02CFB63
S21400BC1018B10A4BB3FBF0F31C442046FFF782FF33
S21400BC2001308045034B3ABF0022DA63D863BDE893
S21400BC30F08100BF005008400070084000093D0039
S21400BC40F8B5184DAB691B04044626D500F0F2FB88
S21400BC50AB6913F0787FA0FB04464FEA9367C3F303
S21400BC604450C3F3044505D140F25E422B21FEF753
S21400BC706DFE0120AD01B5FBF0F010EB871005D18D
S21400BC8040F263422B21FEF761FE012002460023AC
S21400BC9020463146FCF714FDF8BD00F0E5FAA0FB9F
S21400BCA00401F9E70070084030B50C4C024601204C
S21400BCB0A0F12003C0F1200524FA05F504FA03F3E9
S21400BCC02B4304FA00F595428B4100D330BD0F2874
S21400BCD001D00130ECE7FF20F8E700BF40420F003C
S21400BCE010B50C46FFF7ACFFC30943EA4163C01A20
S21400BCF061EBD111FFF7D8FFFF2814D00C4B0F22B1
S21400BD00C3F8802003F1007340F01000C3F88000F1
S21400BD1003F17A439B69DBB2802B06D02046BDE850
S21400BD20104000F073BB012010BD0220FCE700BFEE
S21400BD30007008443B4B082270B501210546C3F845
S21400BD40C8203948394CF4F7CDFC394B1D702378A0
S21400BD50013B012B0CD8237CE07B01229A400C216E
S21400BD60302313FB001303F1884303F520431A60C6
S21400BD70304B00225A677DB92F4A4FF6FF71D167C4
S21400BD8002F10072F821D1675D672C4B4FF08042BC
S21400BD90C3F89420002070BD636853B300F0B0F978
S21400BDA0626800EB5203B3FBF2F3013B1B0243F065
S21400BDB0F80326782049224A022E1CD0032E1D485E
S21400BDC04FF6FF7521D0012E27D143F00203CD6731
S21400BDD0D36707234367237CE07B01229A400C212C
S21400BDE0302313FB001303F18C4303F520431A6042
S21400BDF011E0F823DDE743F001034FF6FF70C86754
S21400BE00D3670C4B05225A67E5E743F00503CD6779
S21400BE10D367012343670B4BB8E7CD67D36700238F
S21400BE20F8E700BF00400E4600350A0090350020B7
S21400BE30C1400020000008400000084400400844BC
S21400BE400000084600400846F8B5064604460FCEF1
S21400BE501C4F3D460FC533682B601B4B1B48082202
S21400BE60C3F8C8200121F4F73DFC194A00235367A4
S21400BE70A37BE17A1B0443EA0123217A0B439367F1
S21400BE803B78032B1BD8DFE803F01402080E617B17
S21400BE90207B00230422F5F79BFC217CE07B00231B
S21400BEA00422F5F795FCA17A607A01230422F5F7BF
S21400BEB08FFC084B1878BDE8F840FFF73BBF012021
S21400BEC0F8BD00BF9035002000400E4600350A0041
S21400BED000000840C1400020044BD3F89430002BEB
S21400BEE0BCBF034BC3F88000704700BF004008404B
S21400BEF00000084008B5074B1B681A68064B9200FE
S21400BF0019684FF0045015F073FEBDE8084000F0C5
S21400BF103DBF00BFA4350020A835002007B501A806
S21400BF20F5F7E8FD134B144AC3F8442148F2E672CD
S21400BF30C3F838214FF40862C3F834210F4AC3F817
S21400BF40A0200F4A4AF63F41916002F580424FF02A
S21400BF50C07191620022C3F8FC200A4AC3F89C20F4
S21400BF60094B7F225A6203F1007323225A6203B000
S21400BF705DF804FB00400840C0E653517A27000FE6
S21400BF8000300840806D630300300844064B1B7881
S21400BF903BB1064B064A1A60064B074A1A60002059
S21400BFA070470220704700BFC2400020A83500201E
S21400BFB08C610200A43500208861020038B51B4B56
S21400BFC00022C3F88820C3F88C20C3F89020184AB3
S21400BFD04FF400715162174A0121D1605A6812F07D
S21400BFE0706FC2F30365F9D14FF00452DA67124955
S21400BFF0124C0122C3F880201966227012F05FFDF1
S21400C0000F4B2570186820B10E4B1868003818BF03
S21400C010012040F27E525421FEF798FC0A4B1B6822
S21400C02098470A4B0122DA6038BD00BF004008403E
S21400C0300000084000400846A01F0021C240002023
S21400C040A8350020A43500205C11002000400844DC
S21400C050034BFD22C3F8C8200122C3F8CC2070474A
S21400C06000400E4638B5FFF7F3FF1B4B1B481C4C31
S21400C0701C490222C3F8C8201B4B1A6842B102EAC8
S21400C0800005A54204BF5D68156008338B42F4D1F5
S21400C090164B0222C3F8C820154B164AD3F83C119B
S21400C0A01160154AC3F8942000F0CCFBFFF736FF6A
S21400C0B0124B0322C3F8D820A3F500530122C3F87D
S21400C0C094204FF46072DA604FF04072C3F8F820A4
S21400C0D0C3F8102138BD00BF00400E460000FFFF29
S21400C0E000000840B081E00F0080E00F00400E44E2
S21400C0F000400840601100200048F000006008463C
S21400C10008B5F4F7A5F9044BD3F81031C3F30823A8
S21400C1100133B0FBF3F008BD00400E4070B5044696
S21400C12018B1284D2268531C00D170BDC2F30063BD
S21400C130110C35F8130011F0FE0F93B243EA0043DA
S21400C140606818D00434CAB2022A216808D9D4E933
S21400C1500160033AC3E9001698600C340C33F3E729
S21400C16004D16268C3E900120834DBE7012AD9D19A
S21400C17004341960D6E7120F072AF5D8DFE802F074
S21400C1800704090D1013181DC04303F180631860DF
S21400C190EAE71A6842401A60E6E703F1C063F6E78A
S21400C1A016F0CCFBE0E70122824003F1C063F2E721
S21400C1B00122824003F18063EDE71A6830EA02024A
S21400C1C0FBD1D1E766610200024B0122C3F894203E
S21400C1D0704700BF00400846024B0122C3F8942077
S21400C1E0704700BF00400844024B4022C3F894202A
S21400C1F0704700BF00400844024B4022C3F894201A
S21400C200704700BF0040084608B50C4B1B68D3F8C3
S21400C210943023B11A68022A01D9186A08BDFFF7BC
S21400C2206FFF074B1B6D024698B20028F6D0C3F38B
S21400C2300743D2085343B3FBF0F0EFE7083600207D
S21400C24000600840064B5B68C3F30363984206D160
S21400C250044A536B23F0F00343EA0111516370471D
S21400C26000400840001F00211F4B1B68D3F8943085
S21400C27070B52BB11A680A2A02D91C6C204670BD0C
S21400C2801A4DAA6D6B6DC2F34544C2F3CD0101345D
S21400C290C3F3441601FB0444C3F3822103F01F03D7
S21400C2A006FB01335C4302F00702114B9B5C5C43C8
S21400C2B0640004D0FFF724FF7043B0FBF4F4D5F815
S21400C2C0E430190505D513F0FF021CBFE401B4FBEA
S21400C2D0F2F41A01D2D5C3F30A43002BCED0A4023F
S21400C2E0B4FBF3F4CAE700BF08360020006008403D
S21400C2F05E61020010B50446FFF786FF104AD2F8CA
S21400C30030311B040F4B1B6C03F4C05348BF40086E
S21400C310B3F5805F0ABF136BC4F30113C3F3416325
S21400C320022B05D0032B09D0012B00D1400810BDED
S21400C330C4F3C4240134B0FBF4F0F8E78008F6E751
S21400C34000600840000008402DE9F0470E4616F051
S21400C350DFFADFF8B090DFF8B0A08046002512F0D4
S21400C3601AFAD9F80430C3F30363012B07460BD13E
S21400C370711C1AD016F0CCFAA0EB0805384612F05D
S21400C3800EFAAE42EBD80DE0052BF1D00B2BEFD01A
S21400C390023B012B0CD9013602D016F0B9FA38460A
S21400C3A012F0FDF91648BDE8F08712F0F8F9D6E766
S21400C3B0DAF808301A04C3F389140FD4013602D011
S21400C3C016F0A6FA384612F0EAF924B2A4F1C8002C
S21400C3D06FF4FF739842B8BF1846E4E7731C03D0A7
S21400C3E016F096FAA0EB08056FEA84546FEA9454A8
S21400C3F0384612F0D4F914F5007FC2D0E6E700BF45
S21400C40000FEFFFF004008400070084010F1800F5B
S21400C41004D04D28DABF323040B27F20044BFF22D2
S21400C4209A6103F10073C0B298610020704700BFA4
S21400C430007008440B4B0C499A6D70B502F0070269
S21400C4409E6D8C5C9D6DFFF75BFEC6F3CD0606FB0E
S21400C4500444C5F3454505FB04448001B0FBF4F0F5
S21400C46070BD00BF006008405E610200084910B55C
S21400C470D1F8703140B11C464A68D1F870319C4200
S21400C480F9D1C2F30362027003F00F0010BD00BFC3
S21400C49000400840094BD3F8883001F0800103F4CF
S21400C4A080030B4309D1064B4FF400129A61837F39
S21400C4B01BB1044B0122C3F8F82070470040084027
S21400C4C000600844006008462DE9F0411F4CDFF884
S21400C4D09080069F0646A2FB03502C1960F1000EC2
S21400C4E09C46A0454FF0000373EB0E0E07D24FF4A8
S21400C4F0B4720E211846FEF729FA02201BE0002926
S21400C500FBD0C6F3130601EB5C04B4FBFCF4A4FBFF
S21400C5100646E40C44EA46340D4E34600D4C226068
S21400C5200D4A914209D10D4AA5FB025302FB003386
S21400C5309B093B600020BDE8F081C4040A46E8047D
S21400C54044EA5531FCF7BCF83860F3E700C9E876F2
S21400C550AC350020B035002000F049020A3BB2DFBF
S21400C5600046C32338B5164D2B780C4623B9154B19
S21400C5701B6D03F03F032B70134BD3F894305B0511
S21400C5801CD5124BB0FBF3F040F24D534343A3F5DA
S21400C59046430C3B584300F5C91000F5556028B9D2
S21400C5A040F21B322B21FEF7D1F901202B78084AE6
S21400C5B05343B3FBF0F30020236038BD0220FCE7B2
S21400C5C0C6400020003008400040084000366E019B
S21400C5D08096980070B5374C374B256B374C1B68E8
S21400C5E02468ED024CBF1B191B1BB3F1804F04D807
S21400C5F0002B3AD1324E1C460AE0B3FA83F4314E91
S21400C600C4F10204E340304DAB4201D901345B086B
S21400C61003EB5605B5FBF6F52C4EB34234BF0026A9
S21400C62001262403013D44EA86242C430C60D8B13D
S21400C630B3FBF0F1642400FB11336343984288BFD8
S21400C64001F1FF314808013801390728204D214CF7
S21400C6504FEA510311D9002129700621C4F894101D
S21400C6601B0243EA0013136070BDB3FA83F4D4F1DF
S21400C6700204134EC6D50024C5E71029EBD068B1D6
S21400C680012129700621C4F894101349097800295D
S21400C690E6D012490224C1F89440E1E7012914BF0C
S21400C6A00121002129704FF00601C4F89410ECD146
S21400C6B0D6E700BF00300840B0350020AC3500207B
S21400C6C0E0673500C0CF6A003FBE4025401B5F13C1
S21400C6D0C340002000400844C440002000400846F4
S21400C6E0084B5B6B03F00700C3F3C20213F0380F6E
S21400C6F018BF5043C3F3821213F4E07F18BF5043B1
S21400C700704700BF00300840034BD3F8380180F074
S21400C7101000C0F30010704700400840174B4FF45D
S21400C720002210B5C3F89420154C164BB0F1804F7C
S21400C73088BF1C46144BDA6CD2071DD51B6F134AF4
S21400C74004F5F42404F59074B4FBF2F4033CE4B26C
S21400C75003F00703A34202D02046F4F7AFFF0C4BCA
S21400C7601B784BB10B4B4FF47022C3F8942003F1A7
S21400C77000732404C3F8944010BD00BF0040084670
S21400C780E0673500C0CF6A0000300E4040420F0020
S21400C790C5400020004008447FB50446F3F794FEE9
S21400C7A01C4B06462C3358680093A3792268314602
S21400C7B0FFF78AFE054648BBA379012B14BF16492E
S21400C7C016491022C1F83821206815495843FFF74A
S21400C7D0C9FE03AA02A93046FFF7FCFE0F4A43F63D
S21400C7E0FF53C2F8A4300C4B0299C3F8A4104FF4C0
S21400C7F0EE611163039A1A632068FFF78FFF094BF7
S21400C800A2881A6203F5405300229A63284604B0B1
S21400C81070BD00BF00300840004008460040084495
S21400C820503008400000084008B5044B01221A703A
S21400C830034B1868FFF772FF002008BDC5400020B4
S21400C840B0350020024B4FF48062C3F89420704746
S21400C850004008460D4BD3F80421D3F8B030D2B2CE
S21400C860FF2A03D043F30743591C01D19022192312
S21400C870074903EBD37302EB6302022381F84230CD
S21400C880232381F8432081F8413070470081E00F70
S21400C890001F0021044A5368C3F30363022B04BF3E
S21400C8A080239360002070470040084040B1036832
S21400C8B0012B05D90069034B002808BF18467047AE
S21400C8C0004870476C61020070B504461F480D466C
S21400C8D0FFF728F91E4BD3F8306116F400464FEAEE
S21400C8E0C01015D000F574431A4C1B4A2433B3FB12
S21400C8F0F2F32B60194B00EB5400B0FBF4F06860C9
S21400C9005B68D9020AD5002406B10334AC6070BD5A
S21400C910002CEFD1114B5B68D802F7D4104B0F49AF
S21400C9201B68D1F8A820C3F3810312F4806403F1D6
S21400C930010309D1D2B2FF2AE6D0D1F8AC205205C5
S21400C94048BF04EBC304DFE7DC00F3E740420F0018
S21400C9500060084020A1070048E8010000000840E9
S21400C96000200840084B1A68C117A2FB000310F10C
S21400C970807002FB013343F10003400E40EAC3100F
S21400C980803820EAE0707047B8350020174B072241
S21400C99070B5C3F88420FFF7B3FB154B154A164E47
S21400C9A0C408010B0546E005C01841F1000100234C
S21400C9B0FBF786FE114B18604EF66020FFF7D2FF9D
S21400C9C04042C6F89C000E48FFF7ACF8024658B145
S21400C9D0E301500818184FEA15714FF0000341F1B3
S21400C9E00001FBF76DFE706770BD00BF0040084099
S21400C9F0B2E60E0065CD1D00001F0021B8350020F0
S21400CA0040420F002DE9F047064608469846FFF7D5
S21400CA104DFF15460746002E00F0B08018F0050FB3
S21400CA2063D03469002C00F0AB80FEF7D7FB4FF4E0
S21400CA307A735C43201A7B68A0F6AC50C01AFFF7E6
S21400CA4091FFB48B6862002C00F09D80FEF7C6FB59
S21400CA504FF47A735C43201A7B68A0F6AC50C01A79
S21400CA60FFF780FFA861614BF468D3F80090DFF809
S21400CA708CA1002C00F0B080FEF7B0FB4FF47A7368
S21400CA805C43241A7B68A4F6AC54E41A99F8113077
S21400CA90053B012B7AD8DAF80020A4F53E44EB3C9F
S21400CAA0E117A4FB023402FB014413F1807144F148
S21400CAB00000490E41EAC0118039E9614C49A2FBE9
S21400CAC001219B1A64EB010413F1807344F1000406
S21400CAD05B0E43EAC413803B2B62B469FEF77EFB11
S21400CAE00146204615F075FF286318F0020F29D07E
S21400CAF073684FF47A7058435BB13B6803F51C5378
S21400CB0010331844B37F002B46F2A81308BF002347
S21400CB101844FFF727FF7369E862002B5FD0786838
S21400CB204FF47A7202FB0300B37FA0F50350002B8C
S21400CB30A0F1100046F2A81308BF0023C01AFFF7A2
S21400CB4011FFA86218F0040F18D0B068002849D06A
S21400CB504FF47A735843A0F503501038FFF702FFDE
S21400CB60286133684FF47A70584323B13B6803F565
S21400CB701C5310331844FFF7F5FE6861BDE8F087D4
S21400CB804CF250305BE74CF2503069E73B68E41AF1
S21400CB90DAF80020E117A2FB044314F1807402FBCC
S21400CBA0013343F10003640E44EAC314803C114B86
S21400CBB0EC61114CD3F884302B622368002B8CD0A8
S21400CBC0484616F0F0F8002887D02368D9F84800C1
S21400CBD02A463946984780E74CF25034D8E747F261
S21400CBE03050ACE747F23050B8E700BF08360020B8
S21400CBF0101B0200001F0021B4350020B8350020AD
S21400CC00E0B5074608461E46154615F088FE7B7CAE
S21400CC10053B012B06440DD80C4B4BF6EB61002D63
S21400CC2018BF19464FF4FA720A44094892FBF0F00E
S21400CC303044E0BD074B084AD3F8F800FFF736FE4D
S21400CC4001680029A8BF4FF4FA72EDE7FBD902008D
S21400CC5018FCFFFF001F00210CFEFFFF2DE9F04F20
S21400CC60384C0A4685B00D460021814614F0ACFFCC
S21400CC70D4F8C83043F06C029A4204D00025284607
S21400CC8005B0BDE8F08F304BDB68D907F6D4FDF76A
S21400CC90C3FC0028F2D0D4F81061C6F30826002E94
S21400CCA0ECD12A4C2A4BD3F81880D4F88430019360
S21400CCB0284B4FF060529A6103F100734FF0006208
S21400CCC09A612423C4F88430234B04221A604FF45C
S21400CCD0804A4FF48053C4F868A0B3466362AB45FD
S21400CCE012D31E4B04221A60184A019BC2F88430E5
S21400CCF0184B4FF06051996108EA010318498B619F
S21400CD004FF480439366BAE7226E5204FCD522683D
S21400CD10D305F9D5C4F868A00136D4F88820039264
S21400CD20012EDCD9A5EB0B07042FA8BF04273A4633
S21400CD3009EB0B0003A95F4414F05AFF1FFA87FBA8
S21400CD40CDE700BF00400E4000400840000008400D
S21400CD500060084000600844004008460040084460
S21400CD6000600846074BD3F8D8304FF604014FF65C
S21400CD7005029BB28B4208BF1346034A0120936507
S21400CD80704700BF0081E00F0050084070B5194C96
S21400CD900FCC86B001AD0FC5CC22236816482B6099
S21400CDA0002114F011FF84220021144814F00CFF17
S21400CDB0134B144AC3F8F020FFF74CFD124B1B78B8
S21400CDC02BB101AD0FCD0B4E0FC62B6823600F4B5A
S21400CDD00F4AC3F8DC2F0F4AC3F8E02F0E4AC3F8F9
S21400CDE0E42F02F1957202F24952C3F8E82F06B01A
S21400CDF070BD00BFC81F0021341F0021B01E0021D7
S21400CE00001F00213F003700B9400020001000211D
S21400CE100200620609C8056E0704DC060A4B19788C
S21400CE2001F0FF0229B10021197008499202C1F8E9
S21400CE30A020597801F0FF0229B100215970930211
S21400CE40024AC2F8A4307047C740002000000846D7
S21400CE50074BD3F8E00E074BD3F88C301A0103D4F7
S21400CE60054B1B6E1B0401D500F58070704700BF94
S21400CE7000100021004008400000084008B511F0EE
S21400CE808AFC0F4B1A78B2B90E4A126812F4843F25
S21400CE9011D10D4A1021C2F894101B786BB9094BBA
S21400CEA01B68DB0509D4084B2022C3F89420BDE894
S21400CEB0084011F074BC054AECE7044BF4E700BFE9
S21400CEC0CB400020081600200040084400400846DA
S21400CED010B511F060FC0E2104460320FFF7B2F9EE
S21400CEE0044B40F2012220465A62BDE8104011F081
S21400CEF056BC00BF00000840044B00221A70044BCA
S21400CF00197811B11A70FFF7B9BF7047CA400020F0
S21400CF10CB40002008B511F03EFC234B4FF080526A
S21400CF20C3F88020BFF34F8FBFF36F8F4FF480722C
S21400CF30C3F88020BFF34F8FBFF36F8F0222C3F872
S21400CF408020BFF34F8FBFF36F8F1022C3F880206F
S21400CF50BFF34F8FBFF36F8F2022C3F88020BFF33D
S21400CF604F8FBFF36F8F4FF00052C3F88020BFF390
S21400CF704F8FBFF36F8F8022C3F88020BFF34F8F91
S21400CF80BFF36F8F4022C3F88020BFF34F8FBFF3ED
S21400CF906F8F0122C3F88420BFF34F8FBFF36F8FCC
S21400CFA0BDE8084011F0FBBB00E100E008B511F059
S21400CFB0F2FB0B4B4FF080521A604FF480721A60EF
S21400CFC010221A6020221A604FF000521A60802247
S21400CFD01A6040221A60BDE8084011F0E0BB00BFAE
S21400CFE000E100E070B5084C01232370074B1E6873
S21400CFF0074BD3E9005332401940284001F0C8F9E6
S21400D0000023237070BD00BFC9400020C03500203B
S21400D010081600202DE9F047DDF820A003EA0108F5
S21400D020099B06460D4602EA000703EA0A09BAF11A
S21400D030000F40F04D81031F0B4300F013810528BD
S21400D04071F1000380F0E78050EA010300F0608190
S21400D050431E0B4300F02181FFF75CFFAD4AD2E987
S21400D060004323EA050324EA06043C4343EA080790
S21400D070A94BDFF8F8821E6826EA0A0646EA090681
S21400D0801E60C2E90047FFF7F9FEA44814F02A4FD5
S21400D090C26E14BF48F202034FF40043B50748BF00
S21400D0A043F400539E4D83EA020122EA0302EA6635
S21400D0B09C4A81660B40D366C4F380421203200369
S21400D0C048BF42F48072E10648BF42F40052A3060D
S21400D0D048BF42F40072650648BF42F480622006EC
S21400D0E09148924DD0F80C3248BF42F4006282EA72
S21400D0F0030123EA0203C5F80C328D4BC0F8081270
S21400D100C7F340250A40AD04E10448BF45F4803526
S21400D110C3F80C22A20348BF45F48015A30748BFF6
S21400D12045F4800514F4001F06D0D8F8000015F06A
S21400D130A7FE08B945F40025E00248BF45F40035CF
S21400D140F9067C497C4848BF45F40005620248BFA2
S21400D15045F400150A6A730748BF45F0040585EADA
S21400D160020323F001031A4002621D40CB61734B99
S21400D17073481D62734B744A16F0010F18BF1A46A7
S21400D180836E7D0748BF42F40012704D82EA0301A9
S21400D19023EA0203AB666E4B41660A4000F5005078
S21400D1A09A66C16B04F0010305F5005581EA030297
S21400D1B021EA0301E96382631A40664BDA63D8F812
S21400D1C00020200248BF644B92F8E92058BF634B0A
S21400D1D0610748BF43F4806322B114F4C06F18BFE0
S21400D1E043F480735E485F4CD0F8EC10320748BFBB
S21400D1F043F0004383EA010222F4A0221140C4F85F
S21400D200EC101340C0F8E820574ABDE8F047C2F8D3
S21400D210EC30FFF7CBBEA0F580630B4306D020F4BE
S21400D2208063A3F500730B437FF416AF11F0B3FAD7
S21400D2303849D1E9003223EA060322EA050242EA27
S21400D24008023B43C1E90032484A126892F8E920D6
S21400D2500AB313F4C06F1ED0434B4FF48072C3F86A
S21400D260EC2014E011F097FA2A4AD2E9003123F0B4
S21400D27004033B4341EA080157EA0807C2E90031C4
S21400D28014BF394A374A4FF48063C2F8EC30BDE821
S21400D290F04711F084BA334BDFE711F07CFA1D4AF1
S21400D2A0D2E9003123F001033B4341EA0801C2E919
S21400D2B000312F4A57EA08074FF0010315BF936362
S21400D2C02C4902F1C062CB6314BFD3639363DEE7DD
S21400D2D050EA01037FF4C0AEBAF1010F7FF4BCAE92
S21400D2E011F059FA0C4A136823F0010343EA0903C4
S21400D2F01360134A4FF48063B9F1000F04D05366ED
S21400D30002F1C0629366C2E710498B665366BEE7B9
S21400D310BDE8F08708160020C03500200000084051
S21400D320000008440000084600600840006008440A
S21400D3300060084600400840004008440040084698
S21400D34000500840041C50000418500000500844C8
S21400D35000500846007008460D0A0A09090A0A091C
S21400D3600010084000100844001008460836002048
S21400D3700070084000700844024B5868C0F3C000B4
S21400D380704700BF08160020024B186800F0010026
S21400D390704700BF08160020024B5868C0F3C03024
S21400D3A0704700BF0816002010B50446FEF75AFE68
S21400D3B0FFF7B0FD04F14C0002F09AFCFEF7FEFD0C
S21400D3C0FEF732F9FEF79EF9FFF7E0FA1049114A28
S21400D3D0D1F8F810072304F1A400FFF713FB4FF46D
S21400D3E040010020FEF7F6FA4FF400110120FEF788
S21400D3F0F1FAFFF7B7FC20B940F2E7221421FDF757
S21400D400A5FAFFF711FABDE810400120FEF792BC1E
S21400D410001F0021681F0021084B8022C3F88820C7
S21400D42003F17E430822C3F88820054AD2F8B03EAE
S21400D43023F02003C2F8B03E704700BF0040084605
S21400D4400010002108B511F0A6F9FFF7E5FF034B21
S21400D45001229A60BDE8084011F0A1B900400840DA
S21400D460F8B5194C05462078B0FA80F040F206422E
S21400D4703E214009FDF76AFA55B96078B0FA80F0A7
S21400D480BDE8F84040F206423E214009FDF75EBA8C
S21400D4900E4F0F4DD7F8A0304FF44066C3F38123EC
S21400D4A02370C5F8A0606078B0FA80F040F20642BB
S21400D4B03E214009FDF74AFAD7F8A430C3F381238A
S21400D4C06370C5F8A460F8BDC7400020000008409F
S21400D4D000000844F8B50B4C0B4DD4F888300B4FC1
S21400D4E00423C5F88830D4F888305B0300D4F8BD30
S21400D4F00426C7F88860022015F020FAC5F8886070
S21400D500F1E700BF004008400040084600400844DD
S21400D5101C4B70B5D3F888601B4D03F18063A822BE
S21400D520C3F8882010221A60184A194B93666B6657
S21400D530FFF774FC174B1B7813B90320FEF716F998
S21400D54000242C67FFF7C6FF134A144BD2F8E01EE0
S21400D5500B40C2F8E03E124B0422C3F88820114B61
S21400D560B206C3F8B84008D503F580735B6CB3F514
S21400D570817F22BF034B80229A60BDE8704001F095
S21400D580E5BE00BF00400840005008400050084478
S21400D59010000002CE40002000100021DF0000FF37
S21400D5A000400844001E002110B549B938B3164A99
S21400D5B053681B0E13F00E0F21D113689A061ED463
S21400D5C0FFF786FC104C0020FEF750FF032801D022
S21400D5D0092806D1D4F88C30DB03F4D4636F0C2B07
S21400D5E0F1D9FFF777FF094B4FF400725A62084BE8
S21400D5F00122DA6003F17E430422C3F88820054B3B
S21400D6004FF4C0625A6210BD004008400000084057
S21400D610004008460060084408B503210920FEF7CC
S21400D62011FE024B20229A6008BD00BF0040084051
S21400D63038B5054611F0AFF8044602F015FB35B1D3
S21400D640FFF75AFC2046BDE8384011F0A8B8084B52
S21400D6501B78002BF6D0074B1D78002DF2D1FFF774
S21400D6604BFC2A464FF480400021FFF7BBFCE9E75D
S21400D670CA400020C94000202DE9F84F584B064606
S21400D680D3F888300D461446002A40F0A58013F0E3
S21400D690A00F14BF4FF001094FF00009DFF85C81BE
S21400D6A0504F01F053FEA023C8F888300320FEF741
S21400D6B05DF80420FEF75AF84FF0000AFFF71CFC4E
S21400D6C0494BFB66C7F870A0FFF704FF474BD3F83B
S21400D6D0B02E42F02002C3F8B02EFF22C8F8002079
S21400D6E03F4A4FF480719160D3F8E02E40494FF0E6
S21400D6F0040B1140C3F8E01EC8F888B0C3F8B8AEF3
S21400D700FB6813F0060F04D0FEF7EEF95846FEF756
S21400D7102DF8B9F1000F08D0364B4FF40062C3F86D
S21400D7208820354B4FF400425A6666B1324B5B6C2C
S21400D730180701D4FFF7CCFBFFF76EFF0420FEF7B7
S21400D74015F8FFF76BFB264BDA68D1073FD55A680A
S21400D75012F0706FFBD1294B294AC3F88820294A5A
S21400D760536B23F0F003536315B12046FFF760FFB9
S21400D770254BD3F8B4305A1C01D05B0002D51F4BA2
S21400D7800122DA601CB31C4BDA6E9A66144A136ADE
S21400D79023F00103D3611D4BD3F80C22C3F80822F3
S21400D7A0A3F54053DA6F9A67A3F50053D3F8EC203D
S21400D7B0C3F8E82003F5C043DA6B9A63A3F5005379
S21400D7C0134A5A660D4B4FF60842C3F88820BDE848
S21400D7D0F84F002002F05EB84FF000095EE700BF89
S21400D7E000400840005008400000010100100021E1
S21400D7F0DF0000FF004008460000084000400844E4
S21400D80010003000001F00210081E00F006008407B
S21400D8105000F0029A4B196EDA6E2DE9F04F01EACD
S21400D8200209C3F8689003F5805385B0D3F8E0602A
S21400D830D3F8EC201640C3F8E86003F5A043D3F80D
S21400D8400012D3F80C2201EA020AC3F808A2A3F5D4
S21400D850005359691A6A01EA02088A4A08EA02026B
S21400D860DA61894BD3F80022910006D4D3F8003150
S21400D8709A00C3F3407740F1E18010F08CFF834BB1
S21400D880DA68DF6D12F0060F9A6E07EA020727F4D1
S21400D890800222F4006214BF4FF0010B4FF0000B21
S21400D8A05A667B0704D57A4A537D0133DBB253753B
S21400D8B010F075FFB9F1000F00F0DF8019F4004496
S21400D8C027D010F068FF0146FFF7C2FA6F4D0446F6
S21400D8D0AA69AB699A42FCD0AA699342FCD0FFF7CA
S21400D8E0B7FAA04240F0AC80084610F058FF694BEB
S21400D8F01C60694BD3F8885015F4E05240F0A280C3
S21400D90024F07F4424F0DF040CB9FFF701FE4FF04B
S21400D910807419F0020F4FF0000516D05E4B5F4979
S21400D920D3F8883003F46042C1F88820002A00F05B
S21400D9309E801D0400F19E8013F4005F0CBF4FF024
S21400D94000534FF000631C430025C9F340394FEAEB
S21400D9504909534B3340002B4AD016F4206F0AD0A7
S21400D96040F60F0206210020FCF7F0FF0020FFF72C
S21400D9705FFE26F48026F00506D5484BFF221A6087
S21400D98044F4C064FFF7A4FA16F0090F0AD040F674
S21400D990240208210020FCF7D9FFFFF73DFE414B8B
S21400D9A001229A6216F0106F0CD040F62D02092163
S21400D9B00020FCF7CBFFFFF72FFE00221146104693
S21400D9C002F02AF916F4202F0AD040F63502072175
S21400D9D00020FCF7BBFF0020FFF72AFE26F4802677
S21400D9E0F10301D502F068FA002EB8BF49F0080925
S21400D9F072070DD52B4B5B6A13F4005F14BF2A4ADF
S21400DA002A4A4FF400531ABF536244F40004536288
S21400DA10730548BF44F0040416F4802600F0AA807C
S21400DA2002F014FA0138062842D8DFE810F02E017A
S21400DA3031012E01340137013A013A01BB4639E77C
S21400DA40044645E70192FFF763FD144B019AC3F8BD
S21400DA50882015F4805307D115F4806F0CBF4FF063
S21400DA6080544FF0806454E74FF0804451E74FF005
S21400DA70007368E74FF0004365E74C464D4668E79D
S21400DA80000008400000F7FF00E100E000500840FA
S21400DA90C4350020BC350020004008400040084443
S21400DAA0090B0B89001008400010084400100846B7
S21400DAB040F6660203210020FCF748FF844A136EF6
S21400DAC0D2F8800003F007030633012101FA03F3BE
S21400DAD0C0F30C001B1A9BB2072B13D97D4BD3F84F
S21400DAE0883058020ED47C48136B126DC06C58B147
S21400DAF003F0070306339940C2F30C03C91A89B230
S21400DB00072901D844F40074744B1B78002B31D0DD
S21400DB106F4BD3F8E03013F4A02F2BD1704B714A23
S21400DB201B7893B9F90410D4137873B1E3086E49DF
S21400DB3043EA457383F00103D1F8E01E03F00103C6
S21400DB405B0021FA03F39B0714D10420FDF70EFEB9
S21400DB50664B6749D966FFF7CFF9624A13782BB947
S21400DB60644B654A1B682340134201D144F4804449
S21400DB7027F48057BAF1000F1DD01AF4805F18BF43
S21400DB8044F480241AF4807F18BF44F400241AF466
S21400DB90005F18BF44F010041AF4007F18BF44F06A
S21400DBA020041AF4806F18BF44F040041AF4006F83
S21400DBB018BF44F08004B8F1000F48D018F4802F46
S21400DBC018BF45F4007518F4803F18BF44F480541D
S21400DBD018F4801F18BF44F4003418F4800F18BFE0
S21400DBE044F0020418F4003F09D03A4BD3F88830CA
S21400DBF0580059D5414B1B68984704430D4318F409
S21400DC00000F18BF45F0100518F4002F1AD0364B39
S21400DC10D3F8B03E13F0C00F14D02E4B5A68C2F3A0
S21400DC200362032A01D0072A07D1D3F88C20D10635
S21400DC3003D4D3F89020120739D54FF40022DA61C6
S21400DC4028F4002818F4001F18BF44F48004002F9E
S21400DC5000F01381380540F18680294ADFF88CA051
S21400DC60D378002B52D0013B4FF40061DBB2CAF8E8
S21400DC706410D37033B9234B1B78DBB1224B40F6CC
S21400DC800142DA66002300226BE044F4803415E794
S21400DC9044F4006412E744F480640FE744F48074AC
S21400DCA00CE744F0080409E744F48014A7E744F4BA
S21400DCB00014C7E7DAF8703013F4A05F15BF4FF40E
S21400DCC0807340F60143CAF85030CAF87030D9E77E
S21400DCD0001008400040084000000840CB400020EC
S21400DCE0CA400020CC400020001000210050084010
S21400DCF00000010108160020088D010078110020A0
S21400DD00BC400020CE400020005008460320FDF70F
S21400DD102DFDDAF80C30AD48AD4913F0060F02BF02
S21400DD20AC4B41F61F72DA664FF40063CAF86430F3
S21400DD30DAF80C3013F0060308BFCAF87030C38A4E
S21400DD4013F4006261D023F40063C3820B7803F0FF
S21400DD50FF0A002B5DD1FDF7C7FEFFF7D9FB534640
S21400DD6020221C431543B9010BD52E20FEF7B4F82C
S21400DD70984A4FF00073936602F17C4245F008051E
S21400DD805366FA0608D52B20FEF7A6F8914A10230C
S21400DD90936602F17C42536617F4E00F05D1FB044C
S21400DDA05FD5BBF1000F00F0B780B80210D5292070
S21400DDB0FEF792F8FFF7E0FA40B18749874A884BAA
S21400DDC053668B6687494968490425D445F004059F
S21400DDD017F4800BDFF804A22AD00420FDF7C6FC57
S21400DDE02720FEF779F8FFF793FB4FF48003CAF875
S21400DDF064307D4BD3F8E02E520600F186807B4BD4
S21400DE0002221A6045F0020528E00B784FF4005312
S21400DE10A7E74FF4004336E76E4920208B6653662B
S21400DE20FEF75AF82D2045F00C05FEF755F8CFE71B
S21400DE30F80255D50420FDF799FC2820FEF74CF88B
S21400DE40DAF87030002B48D1FFF762FB614A644B6A
S21400DE50936602F17C4245F0010553665F4B002253
S21400DE601A657A0509D5624A9378002B00F0A280DD
S21400DE70013B9370002349EA03095B4BD3F8B03E9D
S21400DE801B0603D52046294601F00CFD4A462046CF
S21400DE902946FFF7A7F80EB102F000F818F4002F95
S21400DEA000F08D804F4B4FF40022DA6118F0206F9F
S21400DEB000F0898018F0007F01D0FDF761F918F0B6
S21400DEC0006F01D0FDF778F9002200204FF40061C2
S21400DED005B0BDE8F04FFFF785B8CAF870B0B5E7F3
S21400DEE0F904BBD50420FDF741FC424BCAF86C3060
S21400DEF0FDF7FAFDDAF85C3013F4A00FAED12A2055
S21400DF00FDF7EAFFFFF704FB73E7D3F8B03E980689
S21400DF103FF578AF384B73E7354A13794BB1013B81
S21400DF20DBB2137113B92C4B344ADA6600231C4358
S21400DF3097E70420FDF71AFC0320FDF717FC274B94
S21400DF402C4ADA6610F027FC82460DF10F00FEF729
S21400DF508DFA2B4B1B7883460BB1FEF7B9FFBBF14E
S21400DF60030F0ED1DFF87CB00020FEF77FFA0328FF
S21400DF7007D1DBF88C30D903F6D4DBF874300C2BE1
S21400DF80F2D99DF80F30032B06D11E4B01225046C6
S21400DF901A7010F004FCC9E71B4BD3F8E03013F4FA
S21400DFA0A02FF2D1FEF7A8FF504610F0F8FB4FF472
S21400DFB08043BCE70220FDF7D9FB01235BE7B8F1FD
S21400DFC0000F7FF473AF05B0BDE8F08FC4350020B6
S21400DFD0CE4000200050084400500846005008403C
S21400DFE010000002004008400010002100400844D5
S21400DFF0BC40002000000101004008460000010D62
S21400E000CD400020CA40002000100840034A0123EB
S21400E010136202F17C42D361704700BF004008449F
S21400E0200B4B10B55C691A6A1440A2B2DA61E207BB
S21400E03004D55868C0F30360FFF7E8FF630706D50A
S21400E040BDE81040042200200021FEF7CBBF10BD23
S21400E050004008400C4A08B5136BD16B0B40936325
S21400E060DB070FD5094B187840F6AC22122100F0DA
S21400E0700100FCF76BFCBDE80840002201200021EF
S21400E080FEF7B0BF08BD00BF0070084008160020AD
S21400E090044BDA6FD207FCD41A6FD96F0A409A671E
S21400E0A0704700BF0030084070B50D46144610F0AB
S21400E0B072FB064BD3F8B06E74402C407440C3F825
S21400E0C0B04E10F06CFB05EA060070BD0010002193
S21400E0D0034BD3F8B03E99430CBF01200020704795
S21400E0E0001000212DE9F04117460A43012A9DF849
S21400E0F018409DF81C60DDF820801D4629D8B442E3
S21400E10027D2082E25D8032B23D8B8F1000F20D00D
S21400E1100A46002101F082F8EB00FF219940DFF863
S21400E12038C0C94308F1FF38FF00E2B2964202D871
S21400E1300020BDE8F0813D190CEB850518F8010FAD
S21400E140D5F8E82098400A401043C5F8E8000134A6
S21400E150EBE70120EDE700BF001E002109490A4A4F
S21400E160D1F8EC0010B504230124C2F8EC308C6220
S21400E1704FF400515162410744BF02F10072C2F8E9
S21400E180EC3010BD00100840001008442DE9F7439D
S21400E1908E780F2E80460C4603D9012003B0BDE8CA
S21400E1A0F08326B901232E4A00201370F6E70D7877
S21400E1B091F80190002D3BD1B9F1000FEDD194F903
S21400E1C00310E088FDF78CFD0128E6D055EA090328
S21400E1D0A088244F32D1FDF7A5FC23498A6D4FF65F
S21400E1E0040583B292B24FF60500AA4208BF024663
S21400E1F03A800825802201278F658A672A461A49B1
S21400E20003B1013B013ECB62F6B2002301930096B8
S21400E2100123294608F1A400FDF7C4FC1FB1134BE7
S21400E2204FF48012DA64124BA2681A600223BAE72F
S21400E230082DB2D8B9F1080FAFD8C0E7FDF772FCC9
S21400E2403A884FF604039A421EBF07498A653B8008
S21400E250A9454A4683B238BF2A460027CFE700BF03
S21400E260CF400020C8130020005008400050084649
S21400E270E03500200C4BD0F8C42010B5C3F8B4200D
S21400E280027C0446120202F400624FF40061FFF7BB
S21400E2900BFF237C13F0080F14BF044A044A4FF404
S21400E2A00073C2F8883010BD001E002100400846EA
S21400E2B00040084437B5204D0C4641B90A460721B0
S21400E2C0FFF7F2FE1D4BEC625C6003B030BD072228
S21400E2D01146FFF7E9FE1A4B07225A60237985F8A4
S21400E2E02C3063790193012101A814F0F1FE019B03
S21400E2F0C2B2D34000F00F0040EA031085F82D00AC
S21400E300A27985F82E20E27985F82F2020682863E8
S21400E31083B1028801218B4205D82379013B13443F
S21400E320084A9361D1E730F81150AA4228BF2A461E
S21400E3300131F0E71A46F0E7001F00212C1F0021EC
S21400E3400000084400000840431C07D0044B6FF050
S21400E350FF029A6103F1007310409861704700BF96
S21400E3600070084400F01803182B0AD003070AD4DC
S21400E37010F0100040F2011318BF1846034B9864C3
S21400E38070470020FAE70120F8E700BF001F0021D1
S21400E390344B2DE9F7431E6801F4007900F00103C1
S21400E3A0174653EA090205460C462ED04FF00008E1
S21400E3B003B30023002201200021CDE90088FEF7E8
S21400E3C029FE41463046FDF7BFFF414670830120D7
S21400E3D0FCF728F9716B06F1A400FEF75BF82249FA
S21400E3E00868FFF7B1FF4FF0FF330B60337C43F054
S21400E3F004033374B9F1000F07D00121304614F03E
S21400E400C4F924F4007405430C43D6E93E232A409D
S21400E410234052EA030103D014493046096888476E
S21400E420FB070FD51249134A0868136800211160CC
S21400E430114A0121117003B19847104B00215B6807
S21400E4400220984717F00E0F08D040F2F3123B2137
S21400E450002003B0BDE8F043FCF778BA03B0BDE88F
S21400E460F08300BF083600207011002074110020D1
S21400E470F0350020F4350020D24000205011002056
S21400E480044B1868830654BFC0F30F204FF6FF7086
S21400E490704700BFBC350020F7B50446D4E93EC738
S21400E4A01046DDE908268CEA020587EA06010540E3
S21400E4B0194085EA0C057940C4E93E5123F4004131
S21400E4C006EA010320F00100002543F40073024031
S21400E4D043F00203CDE90055FEF79CFD237C9A0726
S21400E4E017D5D4F8FC309B0513D54FF48811204679
S21400E4F014F04BF9237C65F341032374D4E93E23DF
S21400E50002400B4052EA030103D003492046096843
S21400E5108847002003B0F0BD7411002038B10368AE
S21400E520044A002B08BF1346034A13607047014B8A
S21400E530FAE700BFFF29020074110020024B586B57
S21400E54000F00F00704700BF001F00210F2938B5EC
S21400E55005460C460ED801F025F901280CD1074ACD
S21400E560536B23F00F0323435363284614F05FFCDA
S21400E570002038BD0120FCE70220FAE7001F00213A
S21400E580014B986B704700BF001F0021014B002015
S21400E59099637047001F002103282DE9F7434CD8E4
S21400E5A0274B13F80080274B1E5C274B13F8009070
S21400E5B010F0F1F80746FEF7E7FE054640B10023E7
S21400E5C0CDE900330022002301200021FEF722FDC2
S21400E5D0FEF7E2FE48B10023CDE900330022002317
S21400E5E000204FF40041FEF715FD26B3174B5C6C78
S21400E5F004F00804164B31465C644046FEF7D4FF30
S21400E6004A4631464046FFF737F8124B5C6465B120
S21400E610114B1868416BA430FDF73CFF0F490868A2
S21400E620FFF792FE4FF0FF330B60384603B0BDE8AD
S21400E630F04310F0B4B83446DCE703B0BDE8F0832E
S21400E6407C610200786102007461020000000840EC
S21400E650000008440000084608360020701100201C
S21400E660104AD2F8883013F0A00F16D1D2F88C00DA
S21400E67010F0040013D10C4BD3F8E03E23F07F4398
S21400E68023F0FF035BB15368C3F30362092A07D084
S21400E690B2F10C0018BF012070470020704701201F
S21400E6A0704700BF004008400010002170B50D46BE
S21400E6B0064620B9194B1B68A3B1032011E001F0F0
S21400E6C071F8012828D1164B93F90040C4F11C04B8
S21400E6D0641BC4F11C03002BB8BF5B42232B0CDD6C
S21400E6E0012070BD81EAE173A3EBE173DBB2232B5B
S21400E6F0F6D80B4B19700020F3E7B57410F04BF802
S21400E700084A5369E40223F4FF2304F4FF241C435D
S21400E710546110F044F8EEE70220E2E708360020E5
S21400E720D04000200070084018B9034B93F9000051
S21400E730704790F912007047D040002010B504468C
S21400E74014F031FB10B1012001F0A4F82046FFF7C9
S21400E75091FD10F020F8074AD2F8B03E23F02003CF
S21400E760C2F8B03E10F01BF8034B02221A600020DD
S21400E77010BD00BF001000210040084690F8C230CF
S21400E78053B9074BDA69920208D49B6F13F4706F83
S21400E79014BF0120002070470020704701207047FA
S21400E7A000600840F8B5436B02EA010523EA01035E
S21400E7B02B434363344A01F00B030C4623EA05015E
S21400E7C0516402F100722B4061070646536411D56E
S21400E7D00121FFF7D3FF68B1FEF77CFE15F0040FAA
S21400E7E014BF2A4A2A4A4FF40073D361294B0422E5
S21400E7F0C3F88820E20606D515F0100F264B14BF86
S21400E80000221B22DA6423061DD52F0616D51F4BC1
S21400E8104FF400129A6103F17E430122C3F8F820F8
S21400E8200FF0B9FF0E2107460320FDF70BFD1A4B2C
S21400E83040F201225A6238460FF0B1FF294606F12F
S21400E840A400FDF727FEE00503D5E90516D5FDF77C
S21400E850C3FCA20503D5AB0513D5FDF7CDFC14F01C
S21400E860600F09D0D6F89410304614F0C9F80B4B58
S21400E87058640B4B80229A600020F8BDFDF7A4FC7C
S21400E880E7E7FDF7B1FCEAE7000008440060084649
S21400E890006008440040084400000840001F0021B3
S21400E8A000400840014B1868704700BFEC35002058
S21400E8B037B5012300240022CDE90034002310469A
S21400E8C01946FEF7A7FB0220FCF750FF054D064B46
S21400E8D021461C6002206B6898472B6803B0BDE891
S21400E8E03040184750110020F43500202DE9FF4134
S21400E8F0022903900C461546984605D1FFF7D8FF27
S21400E900002004B0BDE8F081194E0FF044FF3368D4
S21400E91007463BB1AB4205D00FF041FF0023336002
S21400E9200120EEE7134B3560C3F800800123002278
S21400E930CDE90033002310461946FEF76BFB0E4B5D
S21400E940002502201D70FCF711FF22462B4603A966
S21400E9500220FCF729FF094B039A1A60084B1B6834
S21400E9600446984738460FF01AFF002CC8D1D5E762
S21400E970F4350020F0350020D2400020EC35002091
S21400E98050110020044BDB6D5B055ABF034B187813
S21400E990012000F00100704700500840D2400020DF
S21400E9A0014B9869FDF7A6BC00600840014B9869CA
S21400E9B013F0D1BF00600840437C5A1F012A01D9DA
S21400E9C0082B05D14B7C8BB1012B11D0022B11D01B
S21400E9D0D0F800311B0607D5836B03F0FD030D2B23
S21400E9E002D18B8A1A2B07D814F083B803487047D5
S21400E9F003487047034870470348704720A1070044
S21400EA0048E8010040420F0080841E0070B50E46A4
S21400EA100FF0C1FE054600F0E9FE044620B1284688
S21400EA200FF0BDFE204670BDFEF754FD114B327848
S21400EA30D3F8E03E022A23F0F00316D0101F42421D
S21400EA404241520043EA02137278022A0FD0111F85
S21400EA504A424A41520043EA8213064AC2F8E03E5E
S21400EA60054B0422C3F88820D9E70122EAE70122F1
S21400EA70F1E700BF001000210040084470B50E46C4
S21400EA800FF089FE054600F0C9FE044620B1284670
S21400EA900FF085FE204670BDFEF71CFD104B327849
S21400EAA0D3F8E03E022A23F00F0315D0101F42428F
S21400EAB04241520013437278022A0FD0111F4A4275
S21400EAC04A41520043EA8203054AC2F8E03E054B3B
S21400EAD00422C3F88820DAE70122EBE70122F1E7F7
S21400EAE00010002100400844F8B50E7890F8D07069
S21400EAF0044630460D46FCF791F9002844D094F8B9
S21400EB00D030B34208D1AA88636C9A4204D16A888E
S21400EB10B4F8D2309A4235D084F8D060AB88A4F8E6
S21400EB20D4306B88A4F8D230AB886364FF23637557
S21400EB30304613F0B4FE04F1D00520752846FCF7E5
S21400EB4079FC10BB2846FCF75FF9F0B9D4F8903092
S21400EB5053B194F8D010B94206D0B3F9122020462B
S21400EB60F3F75CF884F8D9002046FCF73DFB09492A
S21400EB70A4F8D400084AD1F8F810012304F1A40040
S21400EB80FDF740FF0020F8BD01200E2384F8D030AA
S21400EB90F9E700BF001F0021681F002170B5054679
S21400EBA090F8D0000E280C461DD0FF291DD01AB1B3
S21400EBB00F4B4FF0FF321A6013F071FE064695F8C1
S21400EBC0D000FCF7D5F9844228BF0446E4B2B4422C
S21400EBD038BF3446E0B26875FCF766FAA0F1FF036A
S21400EBE05842584170BD0220FCE70120FAE700BFFA
S21400EBF058110020C36B012B01D10020704770B55F
S21400EC00364BD0F89060D3F8F830C0F8943086B021
S21400EC103146058B044613F0C3FEB3898DF8060013
S21400EC20D6E90121EB1A9BB201FB032268460021BC
S21400EC30ADF804300092FDF7AFFD38B9284B228BB3
S21400EC40DA63FCF7C5FB20B106B070BD022006B043
S21400EC5070BD227C60F34102227413F07AFED4F871
S21400EC6090305969431EDBB209680291FD2B0246BB
S21400EC700BD9CD1C09D91B4B01311B680CD0D81CF5
S21400EC8007D802A92046029301E002A9204613F005
S21400EC90DBFD002006B070BDD91C04D802A92046B2
S21400ECA0029313F0D1FDD4F8FC309B0504D4237CEA
S21400ECB043F002032374ECE74FF48031204613F050
S21400ECC064FDD4E93E2302400B4052EA0301E0D043
S21400ECD00549204609688847DBE700BF001F00217A
S21400ECE000300840601100207411002038B5054639
S21400ECF00C4641B114F057F828B14FF400312846BD
S21400ED00FFF7E6F904342046FCF70CFF024B4042BE
S21400ED10C3F8D00E002038BD0010002170B54C306E
S21400ED20814214BF0C46002416460FF034FD0D49F0
S21400ED304A684FF49C53C2F30362D340DA07054691
S21400ED4003D5D1F888309B030AD4204601223146E9
S21400ED5000F062FF044628460FF021FD204670BDF5
S21400ED600324F8E7004008402DE9F74F064615460D
S21400ED70084619B9012003B0BDE8F08F002AF9D083
S21400ED80032904D8002101F0ABF80028F2D08278DD
S21400ED900488037990F805B0C788B0F90000002809
S21400EDA002F00701C0F2D280A1F1070CDCF10000EE
S21400EDB040EB0C00052928738CBFC2F3001000201E
S21400EDC0C2F3801C6873900985F810C000F002003A
S21400EDD0C2F3C00C40EA0C00C2F340126874AA7476
S21400EDE0AF820BB996F8CA30013BDBB2EB74736B9B
S21400EDF0D80600F197800639012900F29380544B1B
S21400EE00DB6C544B5A6B1B6B03F0070306334FF057
S21400EE10010909FA03F909F1FF39083C42F00058E4
S21400EE2004EA0904002318F804A0AB60013404EADD
S21400EE300904631D03EA09035A1C02EA090218F8CA
S21400EE40037018F80220BAF1800F47EA0227727C96
S21400EE5018BFAAF1320A3BB214BF4FFA8AFA6FF013
S21400EE607F0AC7F30B079AB30020D6F89C300BB185
S21400EE7051469847631C03EA0903E87385F80EA019
S21400EE8018F80310013303EA090318F803200133C6
S21400EE9003EA090341EA022118F80320013303EAD2
S21400EEA0090341EA024118F803006A7C002341EA9C
S21400EEB000613046FDF7A4FE2860737C042B03D166
S21400EEC0042FDCBF033028600423AB71002052E718
S21400EED0D90423D5D6F894309BB11A68022A10D9E3
S21400EEE093F82400FB0008B1B3FBF0F39B45BBD8B6
S21400EEF0002BB9D0CBEB0B20B0FBF3F0C043C0B275
S21400EF00B3E729463046FFF757FD0190304613F029
S21400EF10E0FD019BB3FBF0F0C0B2E3E718F8040095
S21400EF204000ECE70023EB730B4BDA68C2F30723D1
S21400EF30120448BF63F0FF035AB212F1800F1CBFE1
S21400EF40323B5AB20023AA732B60BEE7022012E7B8
S21400EF5000000840001008400070084070B50A4BDA
S21400EF600A4DD3F8EC604FF48064C5F8EC400020FE
S21400EF70FEF75EFB4FF400536B65730544BF044B0E
S21400EF80C3F8EC4070BD00BF0010084000100844F5
S21400EF900010084611F5004F1FBF01F30E01044B89
S21400EFA0C1F30E01002014BF19640120704700BF92
S21400EFB000300840F8B504460E4611B9037C5A06E0
S21400EFC05FD4464BA18BD3F88420D4F8947012F407
S21400EFD0E05F04BF2022C3F810224FF6FF73994269
S21400EFE060D03F4B1B68002B5CD03E4D20469847B8
S21400EFF0D4F894102A688A4207D0204613F000FD01
S21400F000394B5864394B8020986097424FD0384B24
S21400F0101B684BB11FB13A68002A58D0BF68394602
S21400F02020469847D4F89410084613F001FD0028AF
S21400F03049D03049FDF748FC07272046FCF7D4F8AE
S21400F040002E36D02C4B94F9122093F900302B4921
S21400F050D4F89400C3F11C039B1A4A69DB0222F41D
S21400F060FF2203F4FF231343254A4B61254B2860F8
S21400F07006211167204601221A7013F0D8FE0020E0
S21400F080F8BD61F38613154A0374D2F88430D0F8BD
S21400F09094704FF6FF7113F4E05F818302D1202352
S21400F0A0C2F810320F4D2A68BA423946A5D1012758
S21400F0B0C3E70D4B0F4AD3F8F81004F1A4003B4603
S21400F0C0FDF7A0FCBEE7204613F084FAB1E717462A
S21400F0D0394620469847D4F89410A5E700600840C3
S21400F0E0E8350020DC350020001F002100400840E5
S21400F0F0E4350020681F0021D04000200070084042
S21400F10000000844D140002002484822002112F0A6
S21400F1105BBD00BFE41E0021002373B58374642327
S21400F120C0E92C33C0E92E334FF0FF35C0F8AC30C1
S21400F130A0F8C0300E264FF6FF73C0E9075580F8DA
S21400F140D06045648582837504461120F1F776FB0E
S21400F150042834D11B4B5B6813F4403F2FD1204664
S21400F160FEF722F92046FFF7CFFF94F9121020464B
S21400F170FFF79CFA144A6023536402F5805240F667
S21400F180FF7151625165114A5364114B4022C3F816
S21400F1908820626B29462046FFF704FB002240F2D7
S21400F1A0022310461946CDE90066FDF733FFFBF74C
S21400F1B0C9FE204602B0BDE8704000F06FBC0220D9
S21400F1C002B070BD00300E40000008400000084647
S21400F1D00040084410B50C46FFF796FFBCB1A37874
S21400F1E0082B16D8E278082A13D843EA021313F03D
S21400F1F0FF03094A14BF61681946C2F8E410217873
S21400F20082F82811617882F8291182F82B310020C3
S21400F21010BD0120FCE700BF001E0021012A10B52A
S21400F22012D8032B10D803EB8202084C012393401C
S21400F23094F82A01DBB221B1034384F82A31002076
S21400F24010BD20EA0303F8E70120F9E7001E0021BD
S21400F25070B50C68B0F8D4208D680346013404BF3E
S21400F260D3F8AC400C604C68013404BFD3F8B84007
S21400F2704C606E1C00F1A40038D1D3F8B440CE68C0
S21400F2808C60751C38D1D3F8B0500E69CD6001364D
S21400F29004BFD3F8A4600E614E69013604BFD3F8EC
S21400F2A0A8604E618E69013604BFD3F8BC608E61DB
S21400F2B08E693EB34132B24238BF32460E688A612A
S21400F2C0C3F8B4404C68C3E92E420A69C3F8A420C8
S21400F2D04A690D49C3F8A820C3E92B650B4AD1F843
S21400F2E0F8100723FDF78EFB002070BD02F14104E5
S21400F2F0AC4238BF2C46C2E702F16405B54238BFBF
S21400F3003546C2E76422D9E7001F0021681F0021A6
S21400F31070B50FF040FA0C4E054600F043FA01288F
S21400F32004D028460FF03BFA022070BD736813F035
S21400F330706FC3F30364F0D1F36BDB06EDD528469C
S21400F3400FF02DFA2046F0E70040084038B50FF0E1
S21400F35022FA0B4A13884FF6FF718B4203D10FF047
S21400F3601EFA032038BD074C074DE56504F100740E
S21400F3701B04E36511800FF012FA0020F2E700BFCD
S21400F380CA130020006008440000FFFF2DE9F34187
S21400F39005460F461646FFF763F9A0B1DFF854821C
S21400F3A0D8F80C30DB0704D40324204602B0BDE8AE
S21400F3B0F0810FF0F0F904460320FCF701FB20B1C2
S21400F3C020460FF0ECF90224EFE7D8F80C3013F0E3
S21400F3D0060FF5D120460FF0E2F97A4B4FF40061A4
S21400F3E02846D3F8E08ED3F8B84EFEF771FE40B14B
S21400F3F0754B4FF400720121C3F888200846FBF7CE
S21400F40011F939462846FBF75FFA6E4BC3F8B84E3B
S21400F410C3F8E08E04460028C7D12B7CDF0601D453
S21400F420002E58D0C6F34000FEF71AF816F4807F78
S21400F43014BF664A644A4FF002031BBFC2F8883006
S21400F440634AC2F8883000211CBFD1609362FEF781
S21400F45041F816F0040F14BF5E4A5F4A4FF480630B
S21400F460D361594B042216F0400FC3F8882014BF0E
S21400F4705A4A5B4A40233046C2F88030FEF772FF95
S21400F480284613F0ABFB40B116F0010F14BF4F4AED
S21400F4904D4A4FF48073C2F88830B00642D56B8C64
S21400F4A04FF6FF7293420FD04E4A4F49D26D100C62
S21400F4B0C2F30112088001324749B3FBF2F3454A12
S21400F4C04A48C8651B04D3652B7C003E18BF01263E
S21400F4D066F304132B74284613F065FCC0B3284665
S21400F4E013F07CFBD0B14FF400312846FEF7F0FD58
S21400F4F0431C9BB20322364801A913F0A5FD9DF8D4
S21400F500042002F00703052B9DF8053013D11107E0
S21400F5100BD443F48073364AC2F8C030002013F090
S21400F520AAF942E7FFF712FFCEE713F0040F09D15E
S21400F5309DF80630EDE703F03002202A05D113F0DF
S21400F540010FF4E74FF48073E5E79DF80630E2E735
S21400F550284613F092FC0028E0D0284613F03EFB25
S21400F5600028DBD0EB7CA3F10C02012A16D82B8BEB
S21400F570032B19D01E4B93F8C93003F00703072B53
S21400F58016D01348062113F068FD421C3FF40CAF5A
S21400F59000F00F00164B83F8C800BFE70F2BE6D02D
S21400F5A0102BE4D00E2B01D1092102E0112BE0E74D
S21400F5B00821074813F051FD431C3FF4F5AEC0B2D6
S21400F5C0E8E700BF0010002100400844004008465D
S21400F5D000100840006008460060084400700846B6
S21400F5E00070084400600840CA1300200000FFFFB7
S21400F5F0001E0021005008402DE9F34106468846CB
S21400F60015461F460FF0C7F804460320FCF7D8F946
S21400F61038B120460FF0C3F80324204602B0BDE8F8
S21400F620F0810420FCF7CCF90028F2D120460FF038
S21400F630B6F82A4641463046FFF7A8FE044600289C
S21400F640EBD1DFF8BC80002F38D088F800003946B0
S21400F6503046FEF79BFD002845D198F80030012B78
S21400F66029D0224B2022C3F88820214B5B6CB3F5AF
S21400F670817F2BD2012013F061F90FF08CF81D4B1F
S21400F6801B68019306464BB10420FCF76FF8002375
S21400F690012201A90420FCF787F800B3FCF7D8F98B
S21400F6A02B0617D5144B00221A67FCF711FA3046C2
S21400F6B00FF075F8B1E7FDF7C5FEAEE798F8003035
S21400F6C0012BF8D0002BCCD10124A6E70B4B8022CF
S21400F6D09A60CFE7FCF7FCF9FDF79EFEE7E7FDF73B
S21400F6E017FF0124E3E7044697E700BF00400846FB
S21400F6F0001F0021E0350020005008400040084070
S21400F700CF40002008B50B4BD3F8B4305A1C0FD0AE
S21400F7105B000DD40320FEF73FFF074B4FF08062DF
S21400F720C3F89420054A4FF4007151620122DA6052
S21400F73008BD00BF0081E00F0040084600000840FA
S21400F740054BD3F8880003F180634FF40022C3F81A
S21400F7508820C0F3C040704700400840014B024A72
S21400F7601A607047E4350020B5E20000024BD86806
S21400F77000F00100704700BF00500840084BDA68F0
S21400F780D10707D508B9FBF7CBBFDB68DA0706D485
S21400F790FBF7B8BFDB68DB0701D40028F8D1704759
S21400F7A0005008400F4B5B68C3F30363013B0B2B11
S21400F7B00FD8DFE803F006060C06060606080A0859
S21400F7C00808022070470420704705207047032071
S21400F7D07047054BDB6813F0060F0CBF01200420B2
S21400F7E0704700BF00400840005008400A4A53686F
S21400F7F0C3F303630B2B08D06FF49050184100F04E
S21400F800010080F0010040007047D2F8880010F434
S21400F8108030ECD1704700BF004008400C4A536867
S21400F820C3F30363062B07D8042BD8B20CD8C31E29
S21400F8305842584140007047072B07D1D2F8440180
S21400F84010F00050EBD17047022070470020704740
S21400F850004008400A4A5368C3F30363032B01D0F1
S21400F860072B0AD1D2F88C30DB0606D4D2F89000EB
S21400F87080F00800C0F3C00070470020704700BF4B
S21400F88000400840024B0022196813F06BBA00BF14
S21400F8902C800200024B1B6803B11847704700BF5C
S21400F8A000360020024B1B6803B11847704700BFA4
S21400F8B0FC35002010B5FF224FF6FF71044613F00A
S21400F8C075FA68B9FF224FF6FF71204613F07FFAEB
S21400F8D030B920460349BDE81040FF2213F089BA2C
S21400F8E010BD00BF8061020010B55B0743EA02430B
S21400F8F09DF80820520543EAC16302F0BC621A4331
S21400F900064942F4C8720446FEF7CEFB00221146B2
S21400F9102046FFF703FA002010BD00BF9007E12D38
S21400F92008B5FFF797FFA8B10B4B5A69110311D51D
S21400F930D3F8882092030DD4D3F8903013F0100F2C
S21400F9404FF0100304D1054AC2F89030002008BDDD
S21400F950034AF9E70220FAE700400840004008465C
S21400F9600040084438B5044608B3134A53691B03DD
S21400F9701FD5D2F88C50114BC5F38115032DB3F863
S21400F980BC300ED1083B9BB208220D48214613F02E
S21400F9905BFB094B2572D3F890301B0A637200207C
S21400F9A038BD022D05D1023B9BB22A46EDE7012069
S21400F9B0F6E70220F4E700BF00400840001E0021E2
S21400F9C030100840034B1868034B002808BF184641
S21400F9D0704700BF0436002004800200F8B50D46CC
S21400F9E010B900242046F8BD0E4F3E68002EF8D110
S21400F9F0FAF7B4FD04460028F3D03860FAF7FAFDAB
S21400FA00204612F0D7FD38B130463E60FAF7F2FDD8
S21400FA10204612F0C4FDE4E7002DE3D02046A847B8
S21400FA20E0E700BF08360020024B1868003818BF11
S21400FA300120704708360020024B00215B6808460C
S21400FA40184700BF5011002010B513F05FF90446A8
S21400FA5018B9034B01215B689847204610BD00BFCC
S21400FA605011002010B5FFF7C7FD044618B9034B28
S21400FA7001215B689847204610BD00BF501100204A
S21400FA8010B512F029FE044620B9034B01215B682D
S21400FA9008469847204610BD5011002007B54FF481
S21400FAA000730A49ADF806300DF1060213F061FA4C
S21400FAB0BDF80630B3F5007F05D1022808BF002048
S21400FAC003B05DF804FB0120FAE700BF0C36002007
S21400FAD00D4BD3F8E020D20314D50C494FF48032F6
S21400FAE0C3F8E820C1F8EC209A6BD1B2C2F3072223
S21400FAF099679A6704229A6700229A679A679A67B4
S21400FB009A679A67704700BF0010084000100846C2
S21400FB10F8B50C4C0D46174606460EF03CFE012383
S21400FB20A362042327606660A560C4F8E830064B2D
S21400FB304FF48072C3F880210EF031FE0DB102231F
S21400FB40A362F8BD0010084000E100E0054B186015
S21400FB50054B01229A6540F6FF72196358635A6591
S21400FB60704700BF10380020001008402DE9F04F05
S21400FB70042A83B0054639D90B7883614B788361B4
S21400FB808B788361CB7883610068D5F808B06E689F
S21400FB9000F007000123063003FA00F808F1FF39E9
S21400FBA009EA0B07A2F1040AA8EB0702924501F145
S21400FBB0040446F000560DD8F0192146524612F0BD
S21400FBC017F80AEB0B0248EA09031A40AA6003B0CA
S21400FBD0BDE8F08F2146F019019212F009F8019A5B
S21400FBE0A118AAEB080230463A44E8E7013A032A8D
S21400FBF0EDD8DFE802F00B08050211F8013B83613F
S21400FC0011F8013BAB6111F8013BAB610B78AB61BE
S21400FC1003B0BDE8F08F00BF38B50C46104B154654
S21400FC20014668B10122C3F8B8200E482246FFF705
S21400FC309DFF1DB10A4B0422C3F8B820002038BD32
S21400FC4064B1D3F89C20A24284BF0122C3F8B82036
S21400FC50C3F898400222C3F8B820EAE70122FAE780
S21400FC60001008409010084010B50EF094FD184B98
S21400FC70184901229A65C3F888201A66164A5A66F9
S21400FC800722C3F884200A80144900220A804FF411
S21400FC90A021C3F8E81003F1C0630446C3F8EC10D3
S21400FCA00F4B1A600F4BD3F888305B020AD50E4B09
S21400FCB018680E4B4FF48002C3F88820416BA430BE
S21400FCC0FCF7E8FB2046BDE810400EF068BD00BF1C
S21400FCD000100840AA3D002010160020A83D002075
S21400FCE00C38002000400840083600200040084439
S21400FCF00D4B07221A800D4B00221A800C4B012157
S21400FD00C3F8B810C3F890204FF40052C3F894001C
S21400FD10C3F8B420074BF0221A6403F10073A02244
S21400FD201A64FFF7A1BF00BFAA3D0020A83D00202F
S21400FD3000100840000008442DE9F041044688B150
S21400FD40394E3A4F0EF027FD3388394A03F07801D2
S21400FD50032C054603F07F0C114453D13C6824B9AC
S21400FD600EF01DFD0320BDE8F08124F00104386884
S21400FD7020F00100A0424AD100223A6022886FEAB1
S21400FD8042426FEA52428C42228036D1294CDFF83A
S21400FD90B8C02788ACF180083A46083A92B201F11A
S21400FDA00800604528BF4046082A04D9B0F900E09C
S21400FDB0BEF1000F36DB22803B440C8888781E4953
S21400FDC09B1ADBB2C4F30C04CC6300F0070033804C
S21400FDD0CB66C1F88420FFF77BFE04280DD1174BB5
S21400FDE0D3F88830164B1868164B4FF48002C3F8C9
S21400FDF08820416BA430FCF74DFB28460EF0CFFC64
S21400FE000020B0E7601E012898BF0C46AFE70948FF
S21400FE1062440088A21A48BF803208389042ADDC9F
S21400FE2028469DE70146B8E7A83D00200C3800208C
S21400FE3010160020AA3D0020001008400040084090
S21400FE400836002000400844901600200E490F4B4C
S21400FE500A881B880E481344073B03F078030344C4
S21400FE600832987892B20A8000F007000949042800
S21400FE70C1F8842004D101F540514A681203FCD42D
S21400FE80054A1360704700BFAA3D0020A83D002029
S21400FE9010160020001008400C38002010B5054C45
S21400FEA0206828B1C30701D4FFF746FF002323606C
S21400FEB010BD00BF0C380020084B4FF48032C3F84A
S21400FEC0EC2003F17C43C3F8E420D3F88030C3F37E
S21400FED00C03782B01D8FFF7FBBD704700100844D1
S21400FEE02DE9F84304460E460EF055FC504B514D96
S21400FEF01A882D888146504802F07801032C02F0BB
S21400FF007F03014417D14D4C24688CB92A44073A24
S21400FF1002F0780284180344E31A48BF8033AB42E9
S21400FF2010DB48460EF03BFC00242046BDE8F88374
S21400FF3024F00104EFE7012C02D0022CEBD1083D9F
S21400FF400C46E8E7002E41D08C423D4942D1D1F81C
S21400FF503C800A6B02F00702063201279740D1F870
S21400FF608020C2F30C029A4247DDB4F9003025889F
S21400FF70002BD6DBA378C5F30C0503F007037A1E27
S21400FF80A5EB08053A43052B337005EA02052CD885
S21400FF902DB2E84340F236420421C00FFAF7D6FCF1
S21400FFA07580E378274A337412687B1E03EA0803D9
S21400FFB0D118B160A9B213FA85F5BD4289BFFF1A00
S21400FFC00023B780F2609CBFB180F36048460EF015
S21400FFD0E6FBAAE7A4F10802824238BF04F17802E1
S21400FFE0B2F80080C8F30C08B3E7174BDB6C003B95
S21400FFF018BF0123A5EBC305CAE78B6B7A1EA3EBDC
S21401000008033A431A40114B15B25B686AB9C3F349
S2140100100363D91E4B424B41DB0033700B4B72809E
S214010020D3F89030C3F30723BCE70823F5E700BFF6
S214010030A83D0020AA3D0020101600200C38002004
S214010040001008401038002000000840004008401A
S21401005010B50EF0A0FB084B1B6804463BB1984751
S21401006028B1002200204FF48061FCF7BBFF204638
S214010070BDE810400EF093BB143800202DE9F74F71
S214010080DFF8ECB08146DBF800A00F46FBF7AEFCCC
S2140100904FF0FF35CDE9000100202C46064606F15B
S2140100A010031B015BF8033003F00308B8F1010FDE
S2140100B015D13046FBF7B2FC02460B46DDE90001DE
S2140100C0FBF742FBDBF85C3006F10802D340DB07A6
S2140100D037D5002F3ED000253E602C4640460136DF
S2140100E0052EDCD150B3224F396B0131A4FB0141FF
S2140100F064190AF4403341F10001B3F5003F4FF0B3
S21401010000022FD1FB6A0AF4405A013342F100067D
S214010110BAF5805F21D1BD6A15F5807542F10002FE
S2140101206E4303FB0266A5FB03323244594304FBCC
S2140101300212A3FB04341444C9E9003403B0BDE839
S214010140F08FA84271EB0403C8D207B13E600546A2
S2140101500C46C3E73D463C46C0E7320242EA13621C
S2140101601B02E3E7BB6A13F5807342F10002DDE789
S21401017000500840024B99685A690A401A61704754
S2140101800040044008B5FFF7F5FF054B5B7B0133E4
S2140101900122DBB202FA03F3024A136108BD00BF73
S2140101A0C43500200040044038B504460D460EF024
S2140101B0FDFA064A13889BB22DB123431380BDE88E
S2140101C038400EF0F9BA23EA0403F7E7AE3D002003
S2140101D0034B002201214FF480701A70FFF7E4BF31
S2140101E0D940002008B5054B186812F059FE00F0FA
S2140101F00300C31E5842584108BD00BF30380020D6
S214010200F0B585B00023CDE901330393124B134DAE
S214010210134E1B788DF804300EF0C8FA2A7833781E
S214010220104F9A4204460CD031783868297001AADA
S214010230FFF726FC50B10C484FF41E610EF03CFE51
S21401024004E0386812F02CFE0128EDD020460EF0AE
S214010250B3FA05B0F0BD00BF211400201E14002023
S2140102601F140020303800202E83020038B50446C3
S21401027011F00DFC0C4B05461978987881420FD089
S214010280631E082B0CD8DFE803F0050D0B0D0B0DD4
S2140102900D0D0D0000220146044B186812F0FEFDFC
S2140102A0284638BD0022F7E7211400203038002008
S2140102B0F8B52B4B1B7823B12A4840F6F6310EF0E1
S2140102C0FBFD0EF073FA284B1C8814F00604064654
S2140102D009D001214FF48070FFF766FF3046BDE874
S2140102E0F8400EF069BA21464FF48070FFF75CFFC4
S2140102F0204602F013F802280AD180221B4B8021E7
S214010300186812F0E7F90EF0CDFDFFF779FFE5E783
S214010310204602F003F8054638B1012807D01148F7
S21401032040F638410EF0C8FDD8E70246E6E70F4F23
S2140103303868FFF781FB386812F0B2FD01280CD04F
S21401034038682A46294612F0ADFD21462C20FFF7D3
S2140103508DFF21460A20FFF789FF0EF0A4FDBDE7B9
S214010360D94000202E830200AE3D00203038002008
S21401037038B54FF0FF300C4615F040F90A4B0546EC
S214010380186815F03BF9641B241A20B210F1630FAC
S21401039006DB10F1240F05DA64308000C0B238BDE8
S2140103A00020FCE7FF20FAE73038002010B50E4C9D
S2140103B0236823B90D4840F6A7410EF07DFD20685D
S2140103C0013012F00BFF00F0070003280AD1246861
S2140103D009220121204601F0B5F8205C031F58428E
S2140103E0584110BD0020FCE7203800202E83020073
S2140103F008B5134B1B78062B04D0124840F614019F
S2140104000EF05AFD104B1B881B0704D40D4840F60E
S21401041015010EF051FD0D4B2A201978FFF726FF26
S21401042000210820FFF7C0FE094B02221A70094B73
S2140104301868FFF701FBBDE808400FF0E3B800BFFE
S214010440D94000202E830200AE3D0020D640002079
S2140104501C140020303800200148002102F0F0BDB5
S214010460C01100207F2837B5044612D119494FF62E
S214010470FF730246ADF80630098802230DF1060027
S2140104800EF036FDBDF80640E20554BF64B26FF0CB
S2140104904A040EF08BF9104B1C70104B1B88DB07BF
S2140104A0054610D50E4B1B78002B0E4B0CBF214674
S2140104B06FF07F01186812F02EF920B10A484FF448
S2140104C069610EF0F9FC284603B0BDE830400EF035
S2140104D073B900BF0C5D020016140020AE3D00206B
S2140104E0DA400020303800202E83020008B50A4B7F
S2140104F01B88DB0604D4094840F637010EF0DCFC05
S21401050000211020FFF750FE002001F069FEBDE833
S21401051008400FF077B800BFAE3D00202E830200E2
S214010520F7B5124CD4E9006586EA020C85EA0307A2
S2140105300CEA000C0F405CEA070E15D086EA0C06A2
S2140105407D40C4E90065CDE900230B460849024613
S214010550086812F0BBF838B1064840F2FB1103B048
S214010560BDE8F0400EF0A8BC03B0F0BD9016002028
S214010570303800202E83020010B50EF094FA60B1D8
S2140105800EF093FA0B4A80B141F20D03BDE810401C
S214010590084841F20D01FFF7C3BF074B1A789B7855
S2140105A09A4204D100220023F0E70D23EEE7034A26
S2140105B0F9E700BF400D030021140020488D01001B
S2140105C038B5294B1B889B07044647D5274B002285
S2140105D01868012112F0F0FC012C254B2DD1197859
S2140105E059B30139C9B2197011B92020FFF7DCFDE2
S2140105F000210220FFF7D8FD1E4B1F4804220021D0
S2140106001A7002F01DFD1D4C2068013012F0E6FD47
S21401061000F44060B0F5006F23D124680121042264
S214010620204600F08FFF204412F0D8FD0146BDE8B9
S21401063038400022202010F040B9114D0021022040
S2140106401970FFF7B1FD2B78FF2B04D00D4840F24F
S21401065085610EF031FC2C700EF0D4FF012CD2D047
S21401066038BD4FF6FF71E2E7AE3D0020303800207E
S214010670D8400020D9400020A011002020380020BA
S2140106801D1400202E83020038B5124C238805461F
S214010690580709D5FFF7A6FD01460720FFF7E6FD37
S2140106A000210420FFF780FD238899070AD50A4B0D
S2140106B019788A1F514251412846FFF7D7FD01207C
S2140106C0FFF77EFF23881B0703D5BDE83840FFF7F9
S2140106D08FBE38BDAE3D0020D94000202DE9F04F39
S2140106E0570691B0804614461D4605D5FFF77AFD9C
S2140106F001460120FFF7BAFDEE0403D500212D20A7
S214010700FFF7B4FDA00223D5404612F02EFC0146A9
S214010710F0B94020FFF748FD0AA9404612F08BF8D1
S214010720B0B99DF83030022B65D1BDF8280014F021
S21401073034FCFF2808D1404612F07BF840B901216D
S2140107404020FFF731FD03E014F02DFC0028F2D124
S214010750A10305D5FFF746FD01460320FFF786FDF9
S214010760E20104F080734CD5A44B1B889F072FD55C
S214010770A34E306812F005F850BBA24BA24F18707A
S2140107803B78FF2B04D0A14840F22A610EF094FB7F
S214010790002102204FF00009FFF706FD87F80090C0
S2140107A09B4F3B78062B07D101210820FFF7FCFC65
S2140107B049462820FFF75AFD3B78052B06D1002134
S2140107C02B20FFF753FD3068FFF736F90EF01AFFBE
S2140107D0260740F1B0808A4F05AA3868032112F037
S2140107E0CAFB0646002849D1FFF7FCFC0146042057
S2140107F0FFF73CFD9FE0032BAAD10AA814F0BCFB2F
S214010800A4E705F0020213430BD0814B19788E1F23
S214010810714271412620FFF729FD0120FFF7D0FE26
S214010820D6E704F080531A4309D0794B1978881F0C
S214010830414241412620FFF719FD0220EEE704F070
S21401084088410B4306D0724B19788A1F5142514199
S2140108502720F0E705F008030B4302D02320FFF71B
S21401086005FD6B0703D500212420FFF7FFFCEF07EA
S214010870AED500212520FFF7F9FCA9E79DF8143035
S214010880072BB1D101460AAA386812F07CFB002872
S214010890AAD1BDF81610386802310AAA89B212F038
S2140108A074FB824600289FD100903868042304AA6E
S2140108B0314612F08EFB042896D1DFF8609199F844
S2140108C00030002B40F0AC800DF1110012F086FCD8
S2140108D000F00700022840F0A380FFF783FC0146E2
S2140108E00920FFF7C3FC4A4B1B78062B23D1494B43
S2140108F09DF813201B789A421DD19DF8353023B9F7
S214010900424840F2E7610EF0D7FA0DF1110012F0FD
S21401091065FCC0F3001631462920FFF7A7FC00212D
S2140109200820FFF741FC3C4B1E70FFF73FFD10B956
S2140109303868FFF781F8E20505D5FFF753FC014655
S2140109400420FFF793FC14F4863F05D0FFF74AFC1A
S21401095001460220FFF78AFCA30111D5FFF742FCEE
S21401096001460820FFF782FC00210420FFF71CFC4B
S214010970274B1B78012B03D1214B1868FFF75CF836
S21401098014F0084F09D0FFF72DFC01460720FFF7AA
S2140109906DFC00210420FFF707FCA70009D5FFF72F
S2140109A021FC01460620FFF761FC00210420FFF729
S2140109B0FBFBA60705D5114B1B881C0701D5FFF7C6
S2140109C017FD680603D500210A20FFF74FFC29060C
S2140109D002D5012012F09BFBEA0540F1C18040469A
S2140109E012F05AFA052800F2B1800138042800F204
S2140109F0B780DFE800F0B2C2B2B2B200AE3D00206E
S214010A0030380020D84000201D1400202E8302001C
S214010A10D9400020D44000201C140020DC400020D7
S214010A20BDF816000830012180B202F09DF902904F
S214010A3000283FF4D9AE02F0D1F80799BDF8182086
S214010A40064611F0D5F8089941B1BDF81800BDF871
S214010A501620121A92B2304411F0CAF899F80030F2
S214010A60039303BB06F1010B584612F0B7FB800651
S214010A705BD5386812F079FA0746FFF7B3FB0537FE
S214010A800146F8B2FFF7F2FB584612F0A7FB00F05A
S214010A90070003283E4F2ED001210420FFF784FBD8
S214010AA011F0B0FE38603B4ABDF816301278F254A9
S214010AB0F7189DF83630BB709DF83730FB700A9BEF
S214010AC0FB711A0E3A711A0C7A711A0A99F80030EB
S214010AD0BA7133B97378BAF1000F34D043F02003FA
S214010AE07370002001F0AAFD7870029802F098F960
S214010AF00EF088FD1FE701210922304600F022FD95
S214010B00305C04284FF00101C7D1FFF74DFB11F00F
S214010B1079FE214B38601B885906C4D503994020BD
S214010B20FFF742FB4FF0010ABDE7FFF75BFB01460B
S214010B300920FFF79BFB194B1B78012BB3D13868B3
S214010B40FEF77AFFAFE723F02003C9E7342804D085
S214010B500FD8142801D0242811D12620FFF794FDA0
S214010B60AB0512D50121802011B0BDE8F04FFFF78B
S214010B701BBB00F0EF004428EEE72720EEE708480D
S214010B8040F6D3010EF098F9EAE711B0BDE8F08F10
S214010B901C3800201E140020AE3D0020D940002045
S214010BA02E830200F8B5164E33780D4602F0010486
S214010BB023B1144840F2A2310EF07EF9124B134FC6
S214010BC01D60134DA4B1134B997801B1012120206A
S214010BD0FFF7EAFA2B783B700F4B1C780F4B104847
S214010BE01C7004233370BDE8F840002102F028BAD7
S214010BF021462020FFF7D8FA2B783B70EEE700BF9E
S214010C00D94000202E83020020380020D640002044
S214010C102014002024380020D7400020D84000208F
S214010C20C01100202DE9F843DFF8A481634C0DF0D4
S214010C30BDFDB8F8003013F4807F054603D0237855
S214010C4073BBFFF735FB00210846FFF70FFB5C4B34
S214010C501A78FF2A13D01A7802F0FF0632BBFF2259
S214010C601A702378052B0AD10023284623700DF02D
S214010C70A3FD304612F03EFA0DF098FD05462378A6
S214010C80504E062B09D13378FF2B06D03378022B32
S214010C9015D14D48002102F0D3F9FF2333702BE024
S214010CA000214FF48070FFF77FFACCE71A78012A0B
S214010CB04FF0FF021A7014BF33264C26D4E7337860
S214010CC013B13378012B22D1FFF770FB96F8009011
S214010CD007463D4802F050FAFF235FFA89F9337060
S214010CE077B1B9F1010F44D1374884F800906421F7
S214010CF002F0A6F9FFF784FA28460DF05DFD06E03E
S214010D00284627700DF058FD384612F0F3F9B8F86A
S214010D1000301B0605D500218020FFF745FA0EF0AE
S214010D2077FC02F08FF8294E308000B32778012F28
S214010D3042D101F053FF054610B3013012F04EFACE
S214010D4000F44060B0F5006F1AD1042239462846F7
S214010D5000F0F8FB284412F041FA4FF6FF73984270
S214010D600ED13188002001F08DF900233380BDE8D3
S214010D70F8830023284623700DF01EFD3F20C4E7AC
S214010D80114802F0F9F900210846217001F02CF90A
S214010D90012523780BB9FFF78BFA3188002001F083
S214010DA071F900233380002DE1D020780028DED1B0
S214010DB0BDE8F84312F060BB0025EAE7D940002001
S214010DC01D1400201C140020C0110020AC3D002082
S214010DD0AE3D002008B513460A461946064B18686C
S214010DE011F01BFD30B1BDE80840044840F2CC418B
S214010DF00EF062B808BD00BF303800202E83020016
S214010E0008B513460A461946064B186811F0FFFC4A
S214010E1030B1BDE80840044840F2D3410EF04CB86A
S214010E2008BD00BF303800202E830200024B187820
S214010E30B0FA80F040097047D9400020024B18787C
S214010E40431E584258417047D940002008B5064B0A
S214010E501B7823B1054840F2FC410EF02DF8FFF750
S214010E6027FA002008BD00BFD94000202E830200CB
S214010E7008B5064B01EB81011868490011F062FCC8
S214010E80002814BF2120002008BD00BF30380020F4
S214010E9008B5044B1868F9F743FD0A2390FBF3F0F5
S214010EA040B208BD30380020014B1878704700BFAB
S214010EB01F14002008B5044B186811F08FFBB0FA18
S214010EC080F0400908BD00BF3038002038B5124D0B
S214010ED02B78012B0C4604D9104840F21D510DF019
S214010EE0EBFF21460020FFF7E5FF90B10C4B1C708D
S214010EF02B785BB9FFF7DCF90A4B93F900100A4B24
S214010F00C901186811F0E4FB002038BDFFF778F935
S214010F10F2E72120F9E700BFD94000202E83020026
S214010F201F140020DB4000203038002008B5054B98
S214010F300121186811F0D1FF0028B8BF033040F333
S214010F40870008BD3038002008B5074B186811F037
S214010F503FFB30B1054BB3FBF0F083B20BB1184643
S214010F6008BD0120FCE700BF3038002040420F00DA
S214010F7008B5074B186811F02FFB30B1054BB3FBD2
S214010F80F0F083B20BB1184608BD0120FCE700BFA4
S214010F903038002040420F002DE9F347534F01201F
S214010FA00DF082FF3B88990704D4514840F646412C
S214010FB00DF082FFDFF85C8198F80030053B012BCD
S214010FC004D94B4840F648410DF076FF494E336848
S214010FD023B9474840F64B410DF06EFF3C8814F0AC
S214010FE020045CD001212220FFF740F94FF47A74E7
S214010FF0FFF7BEFF33681B780933434304EBC30492
S21401100098F80030062BA5B20BD1FFF79DFF0446DA
S214011010FFF7AEFF602358430C2303FB040028446C
S21401102085B2D6F80090344B99F800801C78334E80
S21401103008F1FF381FFA88F8002C3FD13B885A0583
S21401104032D57378DFF8C8A026468AF80030CAF889
S21401105008500DF02EFD30B10DF029FD012814BF0A
S214011060102308231E43264D8023494628684246FE
S21401107011F07DFF234B1978234B19703B889B0693
S2140110801FD5CDF800A0214B28683246FEF7EAFCB2
S21401109010BB002002B0BDE8F0470DF005BF2146A9
S2140110A02220FFF7E3F8A3E709F1010012F096F812
S2140110B010F020047378C5D00124C3E773780024A8
S2140110C0C0E7134B28683246FEF7BEFC014618B946
S2140110D02520FFF7CBF8DCE721462620FFF7C6F8E8
S2140110E0034840F6EE310DF0E7FED2E7AE3D0020B4
S2140110F02E83020020380020DC400020211400202E
S214011100303800201F1400201E1400202438002030
S21401111084110020D940002008B5174B1B889B0777
S21401112004D4164840F6BE610DF0C6FE144B1B787B
S214011130053B012B04D9114840F6BF610DF0BCFEFA
S214011140104B1B6823B90D4840F6C1610DF0B4FE83
S2140111500D4B0E49002221201A70FFF787F818B9A7
S214011160BDE80840FFF718BF022803D1BDE80840D4
S214011170FFF726BA08BD00BFAE3D00202E83020051
S214011180D940002020380020D34000202913010038
S214011190F8B5594C23889A0704D558484FF4387146
S2140111A00DF08AFE564801F0E7FF0DF0FFFA23889E
S2140111B05B0705460BD511F025FB524B1B68C01A81
S2140111C0B0F5717F03D900210420FEF7EDFF284614
S2140111D04D4D0DF0F1FA2B78042B32D10DF0E6FAD5
S2140111E023885F07064608D54548002101F028FFF9
S2140111F03046BDE8F8400DF0DFBA0DF0DDFA0DF02F
S214011200D5FA424B424F1B78064613B92388590537
S2140112100FD50523012102202B70FEF7C5FFFFF72E
S2140112207BFF30460DF0C8FA3B68DA78394B1A7006
S214011230F8BD3868013011F0D1FF8206E9D50623E2
S214011240E8E7062B4DD1344B1B78FF2BF0D1334EFC
S2140112500DF031FC3378002B3DD00DF0A7FA238832
S2140112605B07054605D52648002101F0E9FE28461C
S214011270BFE70DF0A1FA3378013B33700DF096FA13
S214011280012104460220FEF78FFFFFF745FF2046A7
S2140112901F4C0DF091FA2068013011F09FFF00F409
S2140112A04060B0F5006F13D1246801210422204666
S2140112B000F048F9204411F091FF0146184B1A78C6
S2140112C03378D21AD2B2BDE8F84004200FF0F5BA4E
S2140112D04FF6FF71F2E72B704020BDE8F84011F0A1
S2140112E009BF012BA4D100232B700E4B1868FEF703
S2140112F0A3FB3F20F1E700BFAE3D00202E83020096
S214011300C01100201C380020D9400020DC400020FD
S21401131020380020D44000201C140020D640002095
S214011320201400203038002008B50A4B1A7882B9FC
S214011330012210281A7004D0074840F6B5610DF056
S214011340BBFD00212020FEF72FFFBDE80840FFF778
S21401135023BE08BDD34000202E83020038B51020DE
S2140113600C460121FEF720FF064B1D68FFF7ECFD3A
S214011370054B00FB04F10122284611F097FD0020E1
S21401138038BD00BF30380020ED04010008B5094B18
S2140113901B88DB0604D4084840F293510DF08CFDFF
S2140113A010200021FEF700FF044B1868BDE8084036
S2140113B011F08ABDAE3D00202E8302003038002099
S2140113C010B5064C206811F001FAC30704D5206851
S2140113D0BDE8104011F0FCB910BD00BF3038002048
S2140113E008B5094B01221868114611F05BFD002172
S2140113F02C20FEF73BFF00210A20FEF737FFBDE851
S21401140008400DF050BD00BF3038002001480DF0F7
S21401141053BD00BF48830200014B4008185C70476B
S2140114201814002008B513460A461946064B1868D4
S21401143011F0F9F930B1BDE80840044840F6EC4136
S2140114400DF03ABD08BD00BF303800202E830200E3
S21401145008B5044B186811F023FD013818BF0120A8
S21401146008BD00BF3038002070B505460DF09EF966
S2140114700E4B0F4E1B883570DA07044608D50D4B08
S2140114800D4D1B78012B08D90121286811F06BFD41
S2140114902046BDE870400DF08FB91BB10DF001FB81
S2140114A0C305F1D4317881F00101EEE7AE3D0020AD
S2140114B017140020DA400020303800200C4B1B881F
S2140114C0DB0710B5044611D5FFF756F8094B84F033
S2140114D001021868D200082111F0FCF830B1BDE80D
S2140114E01040054840F64D710DF0E6BC10BD00BF3A
S2140114F0AE3D0020303800202E83020008B5044B94
S2140115000146186811F09AF9003818BF012008BD85
S2140115103038002010B50A4C23787BB1FFF760FF06
S21401152000210420FEF740FE00210220FEF73CFECB
S21401153000232370BDE81040FEF7BABE10BD00BF01
S214011540D9400020032A134601D911F0EEBD014A05
S214011550D05C70475283020018B1034B196000201B
S2140115607047024BFAE700BF3438002038380020B5
S2140115702DE9F8431046DFF82481174611F02EFEB8
S214011580D8F8003005462BB9424B1B6813B900202A
S214011590BDE8F88315F4406905F040060FD136BB67
S2140115A0B5F5804F52D24FF48074D8F80030002B36
S2140115B056D1384B1B68002BE9D0002262E0F81C9C
S2140115C011F00CFE4FF6FF73984214BF012402245B
S2140115D086B1052605F44043B3F5004F44F00804F0
S2140115E024D0B5F5804F23D244F4807420E04C46D5
S2140115F00326EFE7B5F5804F4FF00506F4D3B9F5AE
S214011600406F14BF022008203044384411F0E6FD34
S214011610214BB3F85C3005F4404583420CBF44F0DF
S214011620080444F00404B5F5004F01D144F08004E9
S214011630B9F5006F0ED1B81911F0D0FD164BB3F8FD
S2140116405E308342B1D144F01004AEE74C46032627
S2140116500220D9E7B9F5406F08BF44F02004A4E79B
S2140116600022D1B233F8110033F911100029A0DBA2
S214011670A04202F10102F4D1012089E7A04202F161
S2140116800102F9D0D1B233F8110033F91110002953
S214011690F4DA7CE734380020D838002038380020C7
S2140116A02DE9F04F104685B01646984611F096FD86
S2140116B05D4F00F00803B7F85C100293044600F093
S2140116C00709F01C0391B7F85EB011F087FD06F12B
S2140116D0050A0546504611F081FD03464FF6FF7098
S2140116E0854218D00399A1EB050CDCF1000545EB0A
S2140116F00C056D004FF6FF718B420ED145F00405C7
S21401170000F0ECF9029B6BB1B9F1000F11D0422049
S21401171005B0BDE8F08F0125ECE79B4508BF45F015
S2140117200805EDE7B9F1030FF1D8DFE809F0021B70
S214011730795D00F0D3F908B9A807E8D524F00804C4
S214011740A4B2B4F5004F05D0B4F5624F02D0B4F59B
S214011750404FDCD1002597F8A8202946002011F03B
S21401176051FE3CE0D7F88030E3B900213246084606
S214011770FFF7FEFED8B924F038039BB248F64102C3
S2140117809342C4D10A2D49D0062DC0D197F877309F
S214011790023B012BBBD8FFF751FB0028B7D140F61F
S2140117A0040505E04146304698470028DDD0082567
S2140117B0E20648BF45F08005A30648BF45F48055BC
S2140117C005F00C03042BC6D1F01D11F007FD97F8A8
S2140117D0A830009332462B46414611F0E8FD08B387
S2140117E00E9B1880002093E7A90705D1B7F85C2067
S2140117F04FF6FF739A428AD104F44063B3F5006F43
S2140118000AD0B3F5406F82D108490822504610F03D
S214011810B1F900287FF47BAF0C25C9E70425C7E79B
S214011820432075E7192073E7D8380020383900209F
S214011830074A084900231360074A1360074A1360E2
S214011840074A1160074A01211170074A1360704761
S214011850483800205F340200443800204038002019
S214011860E011002024140020503800200E2A70B504
S2140118700C4606461546194603D9FFF7D9FF5020F0
S21401188070BD012807D10020FFF7F2FAF8B1FFF783
S214011890CFFF2120F4E7284B4FF4FE421A80274B56
S2140118A07F221A70264B80221A70264B002119803F
S2140118B0254B1960254B1B684BB1342001F054FAB7
S2140118C0234B188018B9FFF7B3FF0120D8E724F09F
S2140118D0FF6323F4FF231BB1FFF7AAFF4F20CFE7D7
S2140118E07CB92046FFF7E0FA10F0800F43B24FF0C4
S2140118F001041BBF00F01F039C409C4044F0784449
S2140119000325144B14491E70144B1D70144B24F000
S21401191078441C60134B00201870134B1A6800F0B3
S214011920E3FA18B1FFF784FF0420A9E70F4B9DF8EF
S21401193010201A70A4E700BFB23D0020DE40002050
S214011940DD400020B03D00204C380020403800200B
S214011950B43D0020E3400020591D0100E140002075
S21401196050380020E240002048380020DF400020A8
S2140119707FB5244B24481A7824490078012303FABA
S21401198002F21A4400250A60ADF80E5020B39842C0
S21401199036D11F4C1F4B20781B681F4E0DF10E01D0
S2140119A09847BDF80E20307092B11C4B00930195FC
S2140119B002232946284600F0D1FA3278237822B14C
S2140119C0012A06BF0133DBB21B23237004B070BDAE
S2140119D0013818BF0120F0E778235A43013A0A601C
S2140119E00F49082200F086FC0B49094A097813784A
S2140119F021B1012906BF0133DBB21B231370E5E7D2
S214011A001846E3E7E1400020E34000205438002078
S214011A10E2400020E011002024140020951D010062
S214011A20251A010010B5244B244C1878002834D10F
S214011A30FFF77CFA224A136801331360214A92F9B0
S214011A4000108142B8BF10701F4A92F900108142FF
S214011A50C8BF1070012B1D490DD1000208802368F4
S214011A600BBB1B4811F024FF014620BBBDE810400C
S214011A70174801F0E5BAB1F90020A2EB221303EBF7
S214011A8000131BB20B801349A0EB2323A0EB2220EB
S214011A900A8813FB00230B80E1E72368002BE0D0C4
S214011AA04FF4707200E008220B49002000F022FC7F
S214011AB02368013B236010BDE3400020543800201A
S214011AC04C380020DD400020DE400020B23D0020E2
S214011AD0E4110020B03D0020251A0100054B1B68CB
S214011AE02BB9054B1868003818BF01207047012034
S214011AF0704700BF443800204038002037B50546FF
S214011B001C46FFF7EBFF68B974B1084B1A60084B27
S214011B101C60012300930A4603232946FFF7A6FE0D
S214011B2003B030BD4D20FBE72520F9E73C38002007
S214011B304438002013B50446FFF7D0FF58B962B108
S214011B40074B1A60012300930A4603232146FFF739
S214011B508DFE02B010BD4D20FBE72520F9E700BF42
S214011B60403800202DE9F0410446DDE906869DF85F
S214011B7020701D46FFF7B2FF88B99EB1A2B10B4B8C
S214011B801A600B4BC3F800800A4B0A461E602146BA
S214011B9006972B460120BDE8F041FFF767BE4D20B2
S214011BA0BDE8F0812520FBE72120F9E7E0110020C0
S214011BB04838002044380020014800F035BE00BFF8
S214011BC0B43D00202DE9F0410020FFF7A3FC0F4BA8
S214011BD00F4C1E680F4B20881D680F4B0F4FD3F814
S214011BE0008010B1397801F031F800203870FFF725
S214011BF01FFE00F033FC0EB14046B0471DB12088F1
S214011C00A84700232380BDE8F08100BF44380020A8
S214011C10B43D00204038002050380020E440002029
S214011C202DE9F0473D4801F0A7FA3D4B1C78002C02
S214011C3042D13C4F2046FFF737F93B680546002B5B
S214011C403AD0394EDFF804A1DFF80481DFF80491B9
S214011C50012B1EBF348803F1FF33B4FBF3F4334B7F
S214011C6034801C6834B19AF9013098F9002099F94A
S214011C700010A0472E4B1B688BB12E4C2378312BBE
S214011C800DD82D4B188800F0A9FF23785A1C227016
S214011C9098F80020C25423785A1C2270C5544FF479
S214011CA0FE43AAF800307F2389F80030802388F8A5
S214011CB00030002333803B60204C23781A2B23D836
S214011CC01F4A1278012A09D11E4A1568002125FAF1
S214011CD003F0C007DAB20FD501B122700020FFF77A
S214011CE0E3F82178884213D1174B00221A70FFF7C8
S214011CF03FFE48B9BDE8F0870133D8B21A284FF045
S214011D000101E4D90A442270BDE8F047FFF75ABF43
S214011D100020FFF7DBF80028E6D0F5E7E411002005
S214011D20E34000204C380020B03D00203C38002025
S214011D3040380020E4400020B43D0020E24000206E
S214011D402414002050380020E0400020B23D00203E
S214011D50DD400020DE40002008B50B4B187880B926
S214011D600221FFF773F8094B1B782BB100214FF6C0
S214011D70FF720846FFF744F8BDE808400448FFF73D
S214011D804FBF00210846ECE7E3400020DF4000207B
S214011D90E411002038B5144B1D78012D0C4621D1D5
S214011DA081B90846FFF780F8104A1149136805FA09
S214011DB000F023EA0003136020462A46BDE83840B7
S214011DC000F098BA0B4A13780133DBB2022B13707A
S214011DD004D9BDE838400848FFF722BFFFF7C8FD21
S214011DE00028F6D138BD00BFE3400020503800205F
S214011DF0251A0100E0400020E411002038B509480A
S214011E00094D00F011FD002495F84430E0B28342FC
S214011E1000D838BD05EBC000043000F005FD0134E4
S214011E20F2E700BF78390020D838002008B503490A
S214011E30104648220FF0DCFE002008BD3039002095
S214011E4008B5054811F034FD014620B9BDE8084043
S214011E50014801F0F5B808BD0412002038B51C4B46
S214011E6000221A701C4615460132082A5D609D80C4
S214011E7043F8085FF8D14822002116480FF0A4FE67
S214011E804FF6FE73A4F868307F226FF4803300218A
S214011E901148E3650FF098FE104B84F84450C4E9EE
S214011EA02835C4E9125584F85050656584F8A85061
S214011EB0F0F75CFF0A4B18700A4BFF220121002045
S214011EC01A70EEF71DF90020FFF7BAFF002038BDA3
S214011ED0D838002030390020583800200000FFFF95
S214011EE0E54000202B410020094B10B5AC2404FB33
S214011EF00030836C53B990F850403CB931B1C0E919
S214011F0012122046FFF79CFF204610BD2120FCE759
S214011F10D838002070B5AC230A4E03FB00F57319C0
S214011F2093F850405CB920460BF016FC735D2046D2
S214011F3043F002037355FFF783FF204670BD01206F
S214011F40FCE700BFD8380020AC23034A5843135C93
S214011F5023F0030313547047D838002070B5164693
S214011F601F4A12780446C2BB1E4DAC2101FB00512C
S214011F708A6C92BB91F850203AB1022B2DD191F880
S214011F804410072907D91C2026E091F84410072998
S214011F90F9D8012B08D0AC2000FB0450CA00011D63
S214011FA00C300FF0F7FD0021AC2303FB04F000EB2F
S214011FB0C10129449DF81430CB71049B8B602B180A
S214011FC0002493F844208E80013220468C7183F8D9
S214011FD04420FFF735FF204670BD0120FCE700BF17
S214011FE0DC400020D8380020F8B5234B1B78044687
S214011FF00F46002B3ED1214DAC2303FB0053B3F813
S214012000A03023B91E4840F236310CF055FFAC2201
S21401201002FB0452D2F8A46036B192F8A330B2F8AB
S214012020A02039460020B047AC236343EA180021BC
S214012030A2F8A010C2F8A41092F8A820482101FB2B
S21401204002322A44D2F89820964213D0EB5C9B07C2
S2140120500CD5AC2262432046AB5C23F0020343F06E
S2140120600103AB54BDE8F840FFF7EABE0BF096FB60
S2140120700028EED1F8BD00BFDC400020D838002093
S214012080938402002DE9F04F8BB00D460790084669
S21401209000F0A4FD044618B921200BB0BDE8F08F6E
S2140120A0284600F0B7FDC0B208382218215C92F825
S2140120B002B092F803A05268069200222678B4F87D
S2140120C00130ADF82620434A059192F80090B9F107
S2140120D0000F09D0404B1B6823B14FFA8BF25146D3
S2140120E0204698470020D8E703F00703022B6ED05E
S2140120F00134092249462046FFF724FA023EF6B289
S214012100331ADAB21B0607460392C5D4DFF8CC8031
S214012110D8F890302BBB00210DF12609039BCDF892
S214012120009022460846FFF7BBFAC3B20546002BCD
S21401213048D1BDF8260011F09EF8C8B9BDF82600B2
S21401214011F082F90490BDF8260011F094F8D8B980
S214012150012332462146484600F08CFEC8B11920BC
S2140121609BE74A460121284698470028D3D193E7A2
S214012170D8F89430BDF82600002BDFD0E119984737
S2140121800028DBD1022088E7039A0498E1190FF0B2
S2140121902FFDBDF8260000F021FD059B8372069BEE
S2140121A0079A80F808A01BBAC360AC2303FB02831E
S2140121B080F809B093F85020BDF8260022B1DB6CF8
S2140121C003B19847E8B268E7D8F87830F8E7012015
S2140121D063E700BFDC40002018380020D838002014
S2140121E070B50A4CAC2303FB004305465E6D26B969
S2140121F0074840F2F7310CF05FFEAC2303FB0544C1
S214012200002363653346BDE870401847D838002080
S214012210938402002DE9F84308460F46164602F15C
S214012220010911F016F98046384611F01DF8042808
S21401223056D1384611F03CF82C4C4FF6FF7248F652
S214012240410348F66105904208BF1D46B4F85C108C
S214012250301D10F0C5FF384611F02AF80146B01DB2
S21401226010F0BEFFB4F85E1006F1080010F0B8FFDB
S21401227006F10A04384612F083FE10B145F0100547
S214012280ADB22946484610F0ABFF384611F0DCF8EF
S2140122904246014620460FF0ABFC3846012100F0CD
S2140122A027FD4444074660B100F0B4FC05463846B5
S2140122B000F094FCEDB201462A4620460FF098FC49
S2140122C02C440B4A1378F370A41B591C013411706B
S2140122D0347030460922BDE8F8430121FFF732B9D0
S2140122E0484610F07BFF4C460546C3E7D838002029
S2140122F0E5400020084B10B40C461146AC2202FB08
S2140123000033586D20B95C655DF8044BFFF726B8BD
S21401231002205DF8044B7047D838002010B50B4BEF
S214012320AC2250431A18482492F8A81004FB010066
S214012330034493F87700022806D092F850301BB970
S214012340032818BF012010BD0020FCE7D838002064
S21401235070B508B1012070BD234C94F8A850002D2B
S214012360F8D1B4F85C202946FEF74AFDB4F85E20A1
S21401237029462846FEF72EFD04F160022946284626
S214012380FFF750F894F87730002BE3D0284694F8FE
S2140123905860FEF789FD864215D1002094F95A50FF
S2140123A0FEF776FD854216D10020FFF7B7FF0446FB
S2140123B00020FEF73BFD0028CDD021460020BDE8D9
S2140123C07040FEF743BD94F858102846FEF77EFD90
S2140123D00028E2D0BFE794F95A100020FEF748FD26
S2140123E00028E1D0B7E700BFD838002010B5144662
S2140123F0174A0346AC2000FB032292F87700022816
S2140124000CD1E07F022809D141B11249097801298E
S21401241013D992F85810227891420ED12178184695
S214012420FEF748FD90B10C48482221460FF0E0FB2C
S2140124300020FEF7FBFC08B9002010BD044B93F802
S214012440A8000028F8D1FFF783FFF5E72120F4E77D
S214012450D83800200B3F00203039002008B5094B42
S214012460AC2202FB003300205A6DD86483F850007A
S21401247012B15865FEF78AFF0020FFF769FF0020BA
S21401248008BD00BFD83800207FB51C4C94F8A83092
S21401249023B1002084F8A800FFF75AFFB4F8A05033
S2140124A094F85A308DF80F3025B9154840F2ED21D1
S2140124B00CF002FD134A29460020FFF7ABFEE66F3B
S2140124C0104C02469EB10DF10F03019300230093B9
S2140124D021462846B0470246247854B9204621466C
S2140124E0FFF782FD2046FFF7ABFC04B070BD01226A
S2140124F0F2E704490020FEF755FBF6E7D83800203E
S214012500938402005838002038B5494B1C78002CBB
S21401251058D1484800F030FE2046FEF787FC0028D8
S21401252050D0454C2378D90733D594F850201AB1AA
S21401253023F00303237045E023F0010323700BF01F
S21401254015F923789A07054601D50BF005F92946B2
S21401255000200BF07FF840B9237843F00103237085
S2140125602846BDE838400BF0F7B8002384F8A330BE
S21401257094F8A83084F8A250482202FB0343A4F83A
S214012580A000D3F89830C4F8A430BDE83840FFF76F
S2140125907BBF94F84400B0B1251D95E8030004F113
S2140125A0A00383E80300FFF76FFF94F8442004F1CB
S2140125B00C01D20028460FF0EDFA94F84430013BA6
S2140125C084F8443038BDA26C62B99B0711D52378D4
S2140125D023F0020343F001032370BDE838400020D6
S2140125E0FFF72EBC012384F85030A064904723786F
S2140125F09EE70BF0D3F80028E9D194F8A83073B120
S214012600F4F702FA94F85030002BDBD1FF2818BFFC
S21401261084F8A800BDE838400020FFF799BED4F83A
S2140126208C30002BECD098470028CBD1E8E700BFD0
S214012630DC40002004120020D8380020034BAC22D6
S21401264002FB003393F8A800704700BFD83800207B
S21401265070B504460020FEF7E9FB0C4EAC235C4344
S214012660351995F850300BB1002070BD0028FBD00D
S214012670074811F01DF90028F6D1335D002BF3D180
S21401268095F84400B0FA80F04009EEE7D83800200B
S2140126900412002028B1034B1B68C01A40100130F9
S2140126A080B270479439002030B1044B00F10040ED
S2140126B01B68013803EB4000704700BF94390020C7
S2140126C010B5034610F0E0FE074A03EB400314681A
S2140126D04FF6FF729C42184604D90188914203F1D5
S2140126E00203F7D010BD00BF8C3900202DE9F0475A
S2140126F0204F3B880546A3B3B0F90230002B30DBF0
S214012700DFF87C801C49D8F800000FF067FA20B982
S2140127101A4840F2CD110CF0CFFBDFF860A0DFF8CD
S214012720649000263A88B3B29A4204D840F2CF1198
S21401273050460CF0C1FBD9F80030D8F80010B2B200
S21401274003EBC20453F8320068B943F83210A38889
S2140127500133A380284610F097FEE38803EB40037D
S214012760E380BDE8F0870FF039FA01360028D9D1A9
S214012770EDE700BFB63D00205683020060830200ED
S214012780241200208839002038B5094C094D2268EA
S2140127902B689A4204D908484FF483710CF08CFBDD
S2140127A028682368C01A20F0010080B238BD00BF37
S2140127B08C390020903900206083020008B50B4B4D
S2140127C00B4A1A600B4B0C491B6823F00103134498
S2140127D00B600A4B1A60FFF7D7FF642805D8BDE8DF
S2140127E008400748F0210CF067BB08BD943900206B
S2140127F0D4200020D45F0200903900208C390020BC
S21401280060830200064B1B68834206D8054B1B6893
S214012810834294BF0020012070470020704700BF0C
S214012820943900208C3900202DE9F0411D4B1B788E
S214012830012B044624D10088FFF736FF0546D8B1A0
S214012840DFF8648004262C460BF0B0FF07462046CE
S214012850FFF74CFF638843EA08036380A05BFFF73A
S21401286023FF044638460BF0A7FF1CB1B4F902302B
S214012870002BE9DA062E01D1BDE8F0810626E2E753
S214012880022BF9D10BF092FF02462088FFF70CFFCE
S21401289018B10388C3F30E032380BDE8F041104648
S2140128A00BF08ABFE64000200080FFFF2DE9F04FC5
S2140128B0BA4BDFF8FC82BA4F97B0002406461C805C
S2140128C00BF074FF01233B70B8F80030ADF81630FA
S2140128D0B44BA8F800401B6801930BF06DFFB24B98
S2140128E01A88B24BD200186821460FF06DF90DF127
S2140128F01600FFF799FF002E3CD1DFF8B892D9F801
S21401290000404FF0000B0125019B9C4239D3BBF1DF
S214012910000F39D1002DF2D0D9F80040DFF898A287
S21401292025462246019B9A4273D302230DF11600D7
S2140129303B70FFF779FF002E40F08F80D9F80060DA
S2140129403246AA4280F0A2809088FFF7ADFE18B109
S2140129500388C3F30E039380D088FFF7A5FE18B152
S2140129600388C3F30E03D3801046FFF7A9FE024681
S214012970E7E79847E3B2013456F82330002BF8D145
S214012980BBE7BBF1000F3ED00BF1FF335FFA83FBD1
S21401299016AB03EB8B0252F8402CB2F902005188B9
S2140129A00028B1DA4B04AFD4924641F48040931D1F
S2140129B02AF8020F02933AF8020FFFF775FEF0B1FC
S2140129C0B0F902E0B0F802C0BEF1000F17DB6FEA03
S2140129D04C4C6FEA5C4CA0F802C00390FFF786FEF1
S2140129E0BBF10F0F9FBF16AB03EB8B00039A40F8AA
S2140129F0402C9ABF0BF101035FFA83FB0025029B73
S214012A009A45D8D180E72046FFF75AFE224604466B
S214012A10C3E7104610F038FD8346B2F9020011886C
S214012A2000280AEA010108DA2046FFF733FE0843C8
S214012A3081B204EB4B0402EB4B0511801046FFF705
S214012A403FFE02466EE798475FFA8AF30AF1010AEB
S214012A5056F82330002BF6D170E74FF0000AF3E763
S214012A603046FFF72DFE82467EB1B6F902307188F8
S214012A70002B0ADA3088C0F30E00FFF715FE8642F7
S214012A8003462DD1C1F30D0171805646AE42E7D300
S214012A90DFF81CA10BF08AFE00210646504610F016
S214012AA082FDFFF701FE0546002800F087803046CC
S214012AB00BF082FE284610F0E7FC06462046FFF79C
S214012AC0E9FD760081463246294620460FF062F837
S214012AD0002249460DF1160010F00BFD3444D9E7EB
S214012AE01BD9304610F0D0FCC1F30D0142007180B5
S214012AF092B2314618460FF04DF8C6E75046FFF73A
S214012B00DFFDD146854203D9B0F90230002B01DA48
S214012B10824603E0FFF7D4FDF4E7B146554507D9F1
S214012B20BAF80000C0F30E00FFF7BEFD8245E5D3FC
S214012B30B9F1000F30D0B9F80000C0F30E00FFF76E
S214012B40B3FD034638B93346CB46994513D8B1454C
S214012B509BD0D946ECE7484610F096FCB9F802201F
S214012B60C2F30D02A9F80220420092B24946184665
S214012B700FF010F8E7E718460193FFF7A1FD019B58
S214012B809B46854203D9B0F90230002B01DA034691
S214012B90DBE7FFF795FDF4E7CB46DAE7B83D002023
S214012BA0E64000208C390020B63D00208839002000
S214012BB0BA3D0020943900200080FFFFBDF8163092
S214012BC0A8F80030044B387030461C600BF0F4FD5A
S214012BD017B0BDE8F08F00BF8C39002010B5044651
S214012BE008B9002010BD10F060FC20B9084840F27A
S214012BF0C4410CF061F92046FFF756FD0028F0D0DD
S214012C000388DB0B14BFD0F80A000830EAE700BFE0
S214012C106083020010B508B9002010BDFFF744FD1F
S214012C20044610F039FC20B9074840F2DE410CF0AA
S214012C3043F9002CF0D02388DB0B0ABF608820897B
S214012C40C0F30C00E9E700BF608302002DE9F04104
S214012C500546FFF729FD0F460446D8B110F01CFCC7
S214012C6020B9214840F2F1410CF026F92846FFF739
S214012C70D1FF05462046FFF723FDBD42064609D093
S214012C8004D8194840F2F9410CF016F92588ED0BE5
S214012C9002D02781BDE8F0816780204610F0F4FB62
S214012CA0074604EB40080BF081FD104B1A68B24250
S214012CB00AD1C3F800800BF07FFD2A464046FF216B
S214012CC0BDE8F0410EF080BFA6EB0806B5B20BF0EA
S214012CD073FD072DF1D90023083D44F81730C8F8D5
S214012CE00430A8F80250D5E7608302008C39002032
S214012CF038B5FFF7D9FC0D46044650B110F0CCFBB1
S214012D0020B9044840F236510CF0D6F8023534F8B2
S214012D10150038BD6083020070B5FFF7C5FC0C4690
S214012D2016460546B0B110F0B7FB20B90D4840F283
S214012D3041510CF0C1F83046FFF7B6FC10F0ACFB81
S214012D4020B9084840F242510CF0B6F8023425F892
S214012D50146070BDBDE87040024840F246510CF068
S214012D60ABB800BF608302002DE9F843C41CA40879
S214012D70274B64000434B0F5005F1E6881460F4699
S214012D80A4B204D3234840F272510CF095F80BF02C
S214012D900DFD21490B6880467BB9204B1D68761BCB
S214012DA0C6F34F06B44223D9002540460BF004FD76
S214012DB02846BDE8F843FFF76DBC7FB1174A156892
S214012DC05A1BC2F34F029442EED81448620005EB38
S214012DD0440404607FB913440B600CE0F61AC6F392
S214012DE04F067EB90B4840F283510CF065F8DBE7DD
S214012DF005EB44041C600023A5F80290AB80EB8031
S214012E002B80D2E7B442CFD8044A1568DDE700BF6D
S214012E109039002060830200843900208C3900201C
S214012E2038B505460BF0C2FC294604460022044884
S214012E3010F05FFB2046BDE838400BF0BDBC00BF7C
S214012E40BA3D002038B50BF0B1FC00210546044818
S214012E5010F0A9FB044628460BF0AEFC204638BD10
S214012E60BA3D0020024B1888B0FA80F0400970473E
S214012E70BA3D00202DE9F74F044600881F46FFF7AC
S214012E8013FC88461546064610F006FB20B9404856
S214012E9040F2DA610CF010F83388DB0B009306D0B1
S214012EA033892B443381002003B0BDE8F08F20889E
S214012EB0DFF8E0B0FFF7AEFE82463046FFF700FCD3
S214012EC001900BF073FCDBF80020019B9A428146CF
S214012ED01DD1FFF759FC854204D948460BF06CFC1E
S214012EE01A20E1E705EB0A0373803FB12088FFF75C
S214012EF075FE2A46414650440EF07AFE3046FFF7EC
S214012F00DFFBCBF8000048460BF056FCCBE70BF096
S214012F1053FC2088FFF77EFE2844009980B2FFF715
S214012F2023FF06460028DBD0FFF758FE814620889F
S214012F30FFF754FE82462088FFF76CFE5146024694
S214012F4048460EF055FE3046AFB1FFF747FE07463E
S214012F502088FFF75FFE2A46414638440EF048FEB9
S214012F6001212088FFF7C4FE012102463046FFF703
S214012F70D3FE268097E7FFF731FE80462088FFF7CD
S214012F8049FE2A46394640440EF01EFEE8E700BFD9
S214012F90608302008C39002038B50C460546FFF7E1
S214012FA039FE844203D304482D210BF085FF2846C1
S214012FB0FFF714FE204438BD7483020070B5064640
S214012FC00D46FFF70BFE044648B13046FFF722FEDA
S214012FD0854203D3024835210BF06EFF605D70BD5C
S214012FE07483020070B50C4606461546FFF712FEBE
S214012FF0844203D304483F210BF05EFF3046FFF7BF
S214013000EDFD00B1055570BD748302000148332102
S2140130100BF052BF8B830200036910B55BB1826867
S214013020064B9A4201D1002010BD44690BF026FFE1
S214013030201AF9D5F7E74FF0FF30F5E70D3001001C
S21401304082684B4B9A422DE9F041056804460E46CC
S21401305015D121B1474840F20F110BF02DFF0BF0AF
S214013060A5FB23691BB92B682BB924612C60BDE82D
S214013070F0410BF0A1BB1A6922611C61F6E70BF067
S214013080FDFE8046EDF76EFF20B13A484FF493718E
S2140130900BF012FF6FF000439E4221694BD22B7B4F
S2140130A008EB0602002B4DD0AB6893424AD1531C65
S2140130B0002949D06169994242D01EB9521AB2F12B
S2140130C0004F3DD9636123696E689C4203D129484C
S2140130D09A210BF0F1FE2F460023B4420BD0002BB1
S2140130E041D172696169891AB1F1004F32D83269EA
S2140130F0944237462CD12269BD420CBF6A603A61C0
S2140131007BB92669B44203D11A48B5210BF0D4FE27
S2140131103B46012E05D062697169521AB2F1004F21
S21401312023D99D420BBF6B681A69236122610CBFCC
S2140131306C601C6104E0434431B162699342C1D1C1
S214013140BDE8F0811346B3E76A6822616C60B9E7AF
S2140131501646C6E7A8EB0202B2F1004FC7D93B46B6
S21401316037463669B9E71F46F9E733463669D0E789
S2140131700D3001008B83020082681C4B9A4270B5A9
S2140131800568044619D10BF011FB236923B1A3424C
S21401319006D100222A601A61BDE870400BF00CBB14
S2140131A01A4611461269A242FBD12A68A24208BFFA
S2140131B029600B6100232361EEE7036993B198420E
S2140131C06E6803D10A489A210BF076FE2B46B4426C
S2140131D009D122699D4218BF1A614FF0000308BF4A
S2140131E06A60236170BD33463669F0E70D30010031
S2140131F08B8302002DE9F043174FDFF860808BB018
S21401320006460025BC7814B90BB0BDE8F083B7F8C4
S21401321000908EB90096B8F8001023462A4603A8F7
S21401322010F085FA234603AA314648460BF05CFEA9
S2140132302544EDB20437E5E72346494603A80022B4
S2140132400BF049FE01230093B8F8001023462A46E6
S21401325003A810F06CFAEBE79A830200BC3D00204D
S2140132600148FFF7E1BA00BFBC3D0020F7B515469F
S214013270174A04460846118811B1164A1278CAB18F
S214013280D4B10022294603B0BDE8F0400BF023BEBE
S2140132903A44D2B20436B778002FF1D0B6F800C05F
S2140132A0AC45F5D184F0010400943B4610F03FFA9A
S2140132B003B0F0BD084EEEE70246214628460BF065
S2140132C013FE284603B0BDE8F0400CF0CBB800BFB3
S2140132D0BC3D0020251400209A83020010B5074C3F
S2140132E0238843B10020FFF785FF054B0020FF220E
S2140132F020801A7010BD7020FCE700BFBC3D002086
S21401330025140020142810B518D8082805D10DF06A
S21401331030FBC401E4B2204610BD0E2802D10DF0E8
S2140133202BFBF6E7064B53F82040002CF3D00A2877
S2140133302478F0D105F008FC0443EBE7FF24EAE724
S214013340C4830200064A082312F8011B814205D0F5
S214013350013B13F0FF03F7D1184670470120704771
S21401336021840200064A082312F8011B814205D077
S214013370013B13F0FF03F7D1184670470120704751
S21401338019840200014BB3F868007047D838002052
S2140133900048704742390020014B1878704700BF3B
S2140133A0303F0020014B1870704700BF303F0020AF
S2140133B0184B022810B5187002D00438012819D805
S2140133C0154B1B78042B03D014480021FFF738FE59
S2140133D0134B1B689A0019D513F0805F0CBFBF24EE
S2140133E0BC2420460DF002FF90B92046BDE81040EF
S2140133F00BF05FBF0948FFF7BFFE0A48FFF7BCFEA8
S214013400912410F0DFFB0DF0EBFEEAE79024E8E7ED
S21401341010BD00BF343F0020353F00202812002099
S214013420002C00206C2B0020024B187800F00F00B7
S214013430704700BF343F0020034B187800F00F00A0
S214013440831E584258417047343F002008B510F09B
S214013450A4FBA8B110F0BAFB90B10A4810F03EF8F0
S21401346070B1094810F03AF850B10DF08AFA38B147
S2140134700DF0BEFE20B9BDE80840044810F01DBAA4
S214013480002008BDBE3D0020023E002098390020E5
S214013490054B1878012805D000F0FD00A0F1310396
S2140134A058425841704700BF343F002010B5FFF71F
S2140134B085F90BF0FDFC1020FFF724FF04060DD55F
S2140134C00020FFF71FFF000608D5284BD3F8EC2095
S2140134D012F0020F12D1B024204610BD1020FFF7C3
S2140134E011FF01060ED40020FFF70CFF020609D5D6
S2140134F01E4BD3F8EC2012F0010FEBE7D3F8E830BF
S2140135009B07E8D51A480FF048F801200FF009FE8E
S214013510EFF748FC04460028DED100F013F9154801
S21401352010F0A0F900F034F9EFF73AFA0BF0BDFC11
S21401353008F08AFC08F0DCFCF3F776FAF3F7FEF9FC
S214013540F3F718FA03F068FC0DF015FA0DF016FA09
S2140135500DF051FE084811F009FD06F079F80DF05E
S21401356011FE0028B8D00DF00FFEB5E70081E00F80
S214013570690345EC983900200DD8010010B510F00C
S2140135801EFB70B301F046FA80F00104E4B200209D
S214013590FDF75EFF44EA800424B210F0FEFA10BB89
S2140135A002200443164810F083F944EA40141548F3
S2140135B010F07EF924B244EA0014134810F078F9AA
S2140135C024B244EA8014114810F072F924B244EA95
S2140135D040240F4810F06CF924B244EAC02080B2AF
S2140135E010BD0124D3E70B480FF078FF0028D7D091
S2140135F009480FF073FF80F00100C0B24000D0E729
S214013600681200204C130020042C0020CC1200204D
S2140136102C130020BE3D0020023E002008B500F01D
S214013620E1FFFDF7FFFA14480FF058FF08B904F060
S214013630CFFD12480FF052FF08B905F0F3FF02F074
S21401364099FE0F4810F045F90E4B1B78043B022BF0
S21401365009D80D4810F02CF928B1FFF78FFF102874
S21401366001D107F0E1FA0DF08EF910F0AEF9BDE8E0
S21401367008400648FFF71AB9BE3D0020023E00206A
S21401368098390020353F00204C1300202C8402007E
S21401369070B54FF6F773984286B004460D4643D888
S2140136A010F096F9A04207D12049082228460EF0CC
S2140136B071FA002006B070BD1D4EB6F86830A34200
S2140136C00AD10022082106F16A0010F031F918B972
S2140136D0082206F16A01E9E784B10023009301227A
S2140136E01946204608F012FBFF2811D1294620462C
S2140136F008F0D2FC80F00100C0B2DBE70D4B1B687E
S2140137009B07EAD4284606F0F9FB0028E5D0D0E767
S21401371002A911F0E4FA0028E8D1DDF80D302B609B
S214013720DDF811306B60C4E70120C3E7E7400020F5
S214013730D8380020002C0020014B1870704700BFBD
S214013740F313002010B50649064C098820460823C5
S2140137507F220BF0CDFB204610F074F910BD00BFA0
S214013760065D0200E740002013B513460C461AB169
S214013770022A0CBF134601230021044A009201913C
S2140137802246FEF7EBFB02B010BD00BF513C020023
S21401379000B5002093B0FEF761FB1D4B188811F0B1
S2140137A0E6FB1C490020FDF7D7FE342200216846BF
S2140137B00EF00AFA0B238DF800306FF48033019374
S2140137C04FF6FE73ADF8103003238DF81D30124B03
S2140137D00893124B0993124B0D93124B124A0E93F8
S2140137E0124B0F93124B106851681093114B1193A3
S2140137F002AB03C300216A460846FEF7F7FD6A4698
S21401380001210020FEF7F2FD13B05DF804FB00BFB6
S214013810B6130020D85F0200F13C0100473A0200CF
S21401382045670100993E0100E740002051760100FE
S214013830513C0200D163010070B504460FF0CEFC86
S2140138400422002106462046FDF77CFE20440FF0A8
S214013850C5FC0322054600212046FDF773FE2044E1
S2140138600FF0BCFC0540ADB24FF6FF739D4213D17D
S214013870F30711D5062200212046FDF763FE2044FA
S2140138800FF0ACFC074B1B88834214BF02200620B6
S214013890054B1B78184070BD20460BF0A0FEC000FB
S2140138A0C0B2F5E7CC130020EF4000202DE9F84F19
S2140138B0DFF83C91804608460F460FF08FFCD9F89A
S2140138C00030054643B9484B1B682BB9474B1B686C
S2140138D013B9FF20BDE8F88F15F4406A05F04006DD
S2140138E010D13EBBB5F5804F53D24FF48074002300
S2140138F0002B58D13C4A12688025002A69D0002145
S21401390008465FE0F81C0FF069FC4FF6FF7398421B
S21401391014BF0124022486B1052605F44043B3F5FD
S214013920004F44F0080424D0B5F5804F23D244F468
S214013930807420E054460326EFE7B5F5804F4FF03C
S2140139400506F4D3BAF5406F14BF022008203044B0
S21401395038440FF043FC834610F057F805F4404511
S21401396058450CBF44F0080444F00404B5F5004F74
S21401397001D144F08004BAF5006F0ED1B8190FF0EA
S2140139802DFC054610F024F8A842B0D144F01004EE
S214013990ADE7544603260220D9E7BAF5406F08BFC3
S2140139A044F02004A3E7012B09BF104AD9F80020F0
S2140139B01268402518BF10259FE7A74201F10101B3
S2140139C00BD0C8B2CEB232F8167032F91660002E9D
S2140139D0F3DA0133032B8BD17BE7B8F1000F3FF409
S2140139E079AF88F8005075E7A8390020AC39002077
S2140139F034380020034B1A78022A04BF09221A70B1
S214013A00704700BFF1400020034B0C221A701A21A8
S214013A100022032001F02ABDF140002070B50546C2
S214013A2038B90C4BBDE87040187800221A2101F015
S214013A301DBD094B074E1C78E1B21A29F1D825FAAB
S214013A4004F3DB0703D53078362201F00FFD01348D
S214013A50F2E700BFF14000202714002008B5064B0E
S214013A600C221A70002210461A2101F0FFFC034BAB
S214013A7000221A6008BD00BFF1400020B4390020C2
S214013A8070B50E4B0C221E781A70054630B93046BA
S214013A900022BDE870401A2101F0E8BC084B1C78F2
S214013AA0E1B21A29F3D825FA04F3DB0703D5362247
S214013AB0304601F0DBFC0134F2E700BFF1400020A4
S214013AC027140020024B0C221A700DF08ABB00BF8F
S214013AD0F1400020F0B50C888BB005460E46E4B9DF
S214013AE04FF6FF77ADF824700DF090FB10B9022069
S214013AF00BB0F0BDCDE90340CDE90544134A02946D
S214013B00B2F85C300193603200923B4609AA4CF64B
S214013B100101FF2011F055FA3080284610F071F8A7
S214013B200B4C70B1237863B1013BDBB2284623709E
S214013B3010F067F838B12078B0FA80F04009C0B2CA
S214013B40D6E70523F2E70120F9E700BFD8380020C1
S214013B5026140020034B1B68114603B118470BF0CF
S214013B60B7BB00BFB4390020024B0C221A7008F014
S214013B70D3BD00BFF14000200148FEF755BE00BF8F
S214013B80C03D00207FB506460C461546FDF7A6FF4C
S214013B9000287CD1062E03D85223F340DB071AD423
S214013BA0B4F1006F05D3E30E1C3B032B18D94F204D
S214013BB02BE0394B00221A60384B1E700FF0DCFEEA
S214013BC003460A2E65D8DFE806F0361B4F5A1B2E31
S214013BD0221F47523F0001F085FFB4F1006FE2D289
S214013BE02D4B00221A602D4B042E1E70E6D12C4858
S214013BF001F0CAF9022001F0FDF80FF0BDFE034600
S214013C0001220292274A05E0212004B070BD01225C
S214013C100292254A0192254A0092254A29462046C3
S214013C20FDF7A0FFF1E7234A2946204604B0BDE888
S214013C307040FDF77FBF204B204A2946204604B03E
S214013C40BDE87040FDF75ABF002202921C4A01925D
S214013C50164A00921B4AE1E7012202921A4A019291
S214013C60124A0092194AD9E70C4B02221A70002216
S214013C701749104604B0BDE87040FEF735B900227A
S214013C800292144A0192094A0092134AC6E74D204D
S214013C90BBE70120B9E700BFB4390020F14000209E
S214013CA0F0400020813A0100E53B0200F13C0100B2
S214013CB03D3C0200693B01005D3A0100553B0100B5
S214013CC0C53A0100D53A01001D3A0100E93B020060
S214013CD0F5390100093A0100E13B020008B5FDF79C
S214013CE071FF024B0C221A70002008BDF140002023
S214013CF0F0B585B0ADF8060018B9654890210BF00F
S214013D00DBF8BDF806000FF0AFFA0446BDF8060072
S214013D100FF0AAFA082846D00C2CBDF8060042D1AE
S214013D200FF092FB07460FF059FA0DF10F01064608
S214013D30BDF806000CF012FE002879D009220021F9
S214013D403846FDF7FFFB9DF80F301033C518BDF858
S214013D500600FEF75FFFEDB2854269D22946BDF83F
S214013D600600FFF72BF906F44C4416F440660546A8
S214013D7014D0F81C0FF032FA4FF6FF73984208BFC2
S214013D8044F04004B6F5006F08D1781D0FF026FA0E
S214013D904FF6FF73984208BF44F010049DF80F30A9
S214013DA05BB3072D44D1BDF806000FF053FA044665
S214013DB0BDF806000FF058FA082817D0A30615D547
S214013DC024F0200189B2BDF806000FF02EFABDF8E6
S214013DD006000FF039FB00210922FDF7B3FB00F1C5
S214013DE01001C9B20DF106000FF088FCBDF80610EF
S214013DF0284800220FF07DFB1AE0082D16D8BDB129
S214013E00013D072D14D801A353F825F0693E0100A2
S214013E10753E0100313E0100353E0100313E010094
S214013E20813E0100A73D0100873E01007C2D24D084
S214013E3005B0F0BD24F48844A4B2B4F5084FF7D118
S214013E40BDF806000FF00BFABDF8061011F096F853
S214013E500028A8D0BDF806000FF059FA0022014646
S214013E6002200CF02AFDE3E724F48064A4B2B4F542
S214013E70484F97E7B4F54C4F94E7B4F54C4F92D0C2
S214013E804CF6500301E04CF640439C428AE700BFE3
S214013E908C840200BE3D00202DE9F0410F4690467D
S214013EA00646FEF79BFE04463046FEF7B3FEC5B255
S214013EB0083D2C44084BE1781970084BA2781A701B
S214013EC0314643463A4600200BF080F9003818BFC9
S214013ED00120BDE8F08100BF0C4100200B4100200D
S214013EE070B50B4B1C780B4B0022D5B2AC4202D8F6
S214013EF00C70002009E01E88864202F1010205D3FB
S214013F000D701B881B1A5842584170BD1233ECE7DE
S214013F102E3F0020643D00202DE9F04FDFF8408160
S214013F20DFF8409198F8002099F800309A4285B061
S214013F30064604D343484FF48A710AF0BDFF0DF1DB
S214013F400F013046FFF7CCFF20B13E4840F2171173
S214013F500AF0B2FF98F800709DF80F403D1B15F06F
S214013F60FF0530D0384B394A1B78184699F800308F
S214013F7001214FF0FF3CA1400CFA03FC002301F1A4
S214013F80FF3E01934FF6FF79C1F1000A9DF8043018
S214013F90984243D812202E4B04FB0000A0F11201D8
S214013FA005EBC5025200194404F1010918440DF04D
S214013FB0F1FD4FEA89092748A9F104010144AA0045
S214013FC048440DF0E7FD224904EBC40201EB42032D
S214013FD021F81260204A1278DA731A745A7412029F
S214013FE05A801E4A12781A7110225A7100229A7348
S214013FF0C3F80620C3F80A20164B013743F82420DD
S2140140004FF6FF710D2088F800700CF056FC0EB9C3
S21401401010F02DFE204605B0BDE8F08F13884B4505
S2140140200AD053680AEA030B03EA0E030B4403EBB8
S2140140304B0343EA0C035360019B0133083201939F
S214014040A4E700BF9F840200FF130020502A00202F
S214014050643D00204C2A00200C410020F240002044
S2140140602E3F0020FD13002010B5074C2046FFF719
S21401407083F804F01FFA02F059FD20464FF47A51F6
S214014080BDE81040FEF7DCBF281200202DE9F04104
S2140140900B4B0C4E93F8008007460025ECB2A0456A
S2140140A003D8FF242046BDE8F0810822B11D38461A
S2140140B00DF060FD01350028F4D01236EEE700BFA2
S2140140C02E3F0020643D002007B50DF10701FFF7E4
S2140140D007FF30B19DF80730034803EBC30300EB3D
S2140140E0430003B05DF804FB643D00202DE9F8436E
S2140140F0294E33785D1E2D1A83420446EDB204D84C
S214014100264840F23F110AF0D7FE254A92F800C031
S214014110244A01231278A3405F1E4FF0FF309040DF
S2140141203B44214A00214FF6FF7E6FEA0308CBB2DB
S2140141309C4523D8BDB127B204EBC4041B486400D8
S21401414005EBC50204F112010144520020440DF0B2
S21401415021FDBF001648AA00391D014402F0FC02E9
S21401416038440DF017FD3378013B3370BDE8F84352
S21401417000224FF6FF710E200CF09FBB138873458B
S21401418007D0536808EA03093B4003EB590303438E
S214014190536008320131CAE72E3F00209F84020097
S2140141A0FF130020FD130020502A0020643D00204C
S2140141B04C2A002010B50A4C207858B9094B1B78B8
S2140141C01A2B03D9084894210AF076FE074B0322DE
S2140141D01A7010BD0138C0B2FFF788FFECE700BFC8
S2140141E02E3F0020FD1300209F8402002A3F00205E
S2140141F02DE9F04705460FF055FDFF28044624D16A
S214014200DFF888901F4B99F800201B789A422BD232
S2140142102846BDE8F047FFF77FBE38883B79504512
S21401422018D86F2B4FEA131214D85B0710D0123729
S21401423008F1010899F800105FFA88F6B142ECD847
S214014240114A0023DEB28E4214D32046BDE8F08721
S214014250022AECD910F060FE0028E8D12946304643
S214014260BDE8F0470FF02BBD074F4FF000084FF6A3
S214014270F77ADFE710798F2803F10103EED81232BF
S214014280E0E700BFFD130020643D00202E3F002024
S2140142904FF6F773984210B514D8FFF7A9FFFF2819
S2140142A010D0134C00B200EBC00004EB40040BF03E
S2140142B0BAF9104938B962880B7802EB0313A3EBFD
S2140142C01213638010BD227C637C0978E2739A42E4
S2140142D02374617407D98B4203D213468B4228BFDD
S2140142E00B461B02EDE78A42F8D31346F9E700BFF7
S2140142F0643D00200C4100202DE9F0410F4DDFF810
S214014300408006460F46002498F80030A34201D8A4
S214014310BDE8F0810822294630460DF02BFC40B955
S21401432035F8063CBB4204D02046FFF7DFFE013CD1
S214014330E4B20134E4B21235E6E700BF6A3D00207C
S2140143402E3F0020F8B5054608460E46FFF79EFEAE
S214014350FF2830D01D4B294653F820703046FFF712
S214014360CBFF2846FFF744FFFF28044625D110F06F
S214014370EEFDFF280AD1164C207838B1EEF7F6FC90
S2140143802378B0FBF3F202FB1300C0B229460FF00C
S21401439096FC044623B20F4D03EBC30305EB43051E
S2140143A008223146A81D0DF0F5FB2B7903F00F030B
S2140143B02B712046F8BD0027D3E7074B1B78002B4F
S2140143C0024B18BF002743F82070E3E74C2A002071
S2140143D0FD130020643D00202814002038B50B4B47
S2140143E01B78834204460D4604D8094840F25B21F7
S2140143F00AF062FD074804EBC40400EB44002946BA
S2140144000822BDE8384006300DF0C4BBFD1300207D
S2140144109F840200643D002070B5044608460E469F
S2140144200FF040FCFF28054610D02046FFF72EFE71
S214014430FF2807D0084B1B7823B9084B53F82020D8
S21401444043F8252021462846FFF7C8FF3146204677
S214014450BDE87040FFF750BF281400204C2A00200A
S2140144602DE9F8430026134DDFF8509080460127CA
S214014470344699F80030A34210D83E430134E4B2E2
S2140144801A2C4FEA470705F11205F2D10A4B1B78A1
S2140144904FF0FF3098403043BDE8F8832B88434502
S2140144A0EBD028460FF054FC0328E6D82B796F2B67
S2140144B0E3D8E3E7643D0020FD1300202E3F0020F3
S2140144C010B5084C00EBC00004EB400423795B07F1
S2140144D007D120460FF03CFC237923F0070318434D
S2140144E0207110BD643D0020084B1878084B00224F
S2140144F0D1B2884203F1120300D8704713F80D1C9D
S21401450021F0100103F80D1C0132F1E72E3F0020C7
S214014510643D00202DE9F047DFF86090DFF8608009
S21401452099F800400226122700250CE007FB05F348
S214014530002138F803A050460FF01FFC10B15CB103
S214014540013CE4B2013599F80030EAB29342EDD865
S214014550A34204D14FF6FF7A5046BDE8F087EEF746
S21401456005FC99F800301B1B012E90FBF3F202FBB1
S2140145701300C4B2EED00126D6E700BF2E3F0020BE
S214014580643D0020F0B5134B1B780646FBB112487C
S214014590DFF84CC090F800E01048077800251F446B
S2140145A0E8B2864501D80020F0BD7C1B94FBF3F0F1
S2140145B003FB10440CEBC4003CF83440B44204D175
S2140145C0002AF1D184788C42EED00135E8E718460E
S2140145D0EAE700BFFF130020EC2B00202C3F002051
S2140145E0502A002070B50AF04DFC104E1049328852
S2140145F00B7830809B1A03449BB21425B3FBF5F469
S21401460005FB14330B700B490B78E2B293428ABF59
S2140146109B1A0023DBB20B700749032A9DBF0B6868
S214014620D200D34000230B6070BD00BFC23D002006
S214014630F44000202B3F0020EC2B0020084B18688C
S214014640084B1B78C2B29A4208D2074B1B78C0F3BC
S2140146500720984234BF0020012070470120704790
S214014660EC2B0020FF130020F3400020F8B5054690
S2140146701746FFF7E3FF064610B9184B1A783AB902
S214014680212001224FF6FF710CF017F90020F8BD2A
S2140146901348DFF854C003780133B3FBF2F402FB8E
S2140146A0143303700F48DCF8002020F8335000EB79
S2140146B0C30402F10132A1703846CCF80020FFF79E
S2140146C0CFFEE67060600FF083F9A84201D10120A9
S2140146D0DDE7E3780133E370F9E700BFFF1300205D
S2140146E02C3F0020502A0020EC2B002010B50B4C4C
S2140146F00B4A2378063B13700AF0C4FB094B18805B
S214014700094B0A4800221A602278FF21D2000DF0D8
S2140147105BFA074B04221A7010BD00BFFF1300207E
S214014720F3400020C23D0020EC2B0020502A002040
S2140147302B3F00202DE9F84307460AF09FFB05466C
S2140147401B480FF0B5F81B4B60B31C683C1B2C4490
S214014750A4B2194BDFF868901B78184D99F80060E1
S21401476003EB830305EB430500225FFA82F8464517
S2140147700AD9AB88A34205F10A0016D9B21A0A2350
S2140147805A4329460DF006FA013689F80060AC80D6
S214014790B8F1000F03D106483946FEF751FC28460A
S2140147A0BDE8F8831D603C46D3E701320546DCE7E9
S2140147B048120020B8390020F6400020C43C0020F2
S2140147C0F74000202DE9F74F0AF058FBDFF8BC90C0
S2140147D02B4EDFF8BC80317898F800E0294D1FFA9F
S2140147E080FC0746B9F80000ACEB00039BB200243E
S2140147F00093A0EB0C0001EB810305EB430372462B
S214014800A2460190A3465FFA84FCF4451AD3BAF196
S214014810000F00D03170724504D2002088F80020C5
S214014820FDF70EFB98F800303BB333781648C9F80D
S21401483000700A2202FB0355A98803B0BDE8F04FB9
S214014840FEF7FEBBB3F804C00098844510D893F871
S21401485002C0A3F804B00CF1FF3C0131013A83F821
S21401486002C0C9B2D2B24FF0010A0A330134CAE714
S21401487001988444A3F804C0F7E703B0BDE8F08FBD
S214014880F6400020C43C002048120020B839002021
S214014890F74000201FB51B4A1B4C1378013BDBB2C7
S2140148A013702068616801AA03C221891180174A22
S2140148B0127813440A225A4304F10A0120460DF0E5
S2140148C069F99DF8063013F00F010BD11B09BDF8ED
S2140148D0040008BF9DF80C10002204B0BDE810408B
S2140148E002F07ABCBDF80800FFF724FF8288ADF815
S2140148F0082001AA034603CA1288186059601A8163
S21401490004B010BDF6400020C43C0020F740002053
S214014910F8B5094D094F0A4E00243B783178E2B2CA
S2140149200B449A4204F1010400DBF8BD2846FDF76A
S2140149307BFF0A35F1E700BFC43C0020F7400020AA
S214014940F6400020F8B51E46114B07460D461046A8
S21401495010491A78104B09781B780B44934206DBF2
S2140149601F204FF6FF710BF0A8FF0020F8BDFFF7E0
S214014970E1FE01350780857004460AF07AFA66235F
S214014980E080237200206672FDF75AFA0120EDE7F7
S214014990FC130020F7400020F64000202DE9F047E8
S2140149A0DFF86880DFF8689098F8007099F8005092
S2140149B01449844607EB050E00230A22DCB274452F
S2140149C01DDA02FB04F6013331F806A0E24501EBDD
S2140149D00600F3D1631CAEEB03030A365A43314497
S2140149E00DF0D8F8A5428BBF05F1FF3507F1FF376B
S2140149F089F8005088F800700CB9034B1C70BDE8AC
S214014A00F08700BFC43C0020F5400020F74000209E
S214014A10F6400020044B054A1B781278D3420CBF9F
S214014A2001200020704700BFF6400020F74000201C
S214014A30024B1878003818BF01207047F640002056
S214014A4008B50A4B0A48002119700A4B19700A4B1F
S214014A5019700A4B1A7802EB820252000DF0B4F874
S214014A60BDE808400648FEF787BB00BFF7400020B8
S214014A70C43C0020F6400020F5400020FC13002036
S214014A804812002010B50B4C23784BB10A4802F0AF
S214014A908DFC58B1084B012118880FF086F808B92B
S214014AA0002010BD054B01221A70FAE7FFF7F2FE4F
S214014AB0EAE700BFF6400020C43C0020F540002095
S214014AC010B50E4B1B78BBB10D4C238883424FF0BB
S214014AD0000311D10B4A2172137049B9A378103320
S214014AE0A3700FF02AFB18B9A37823F00F03A37065
S214014AF0FFF7D0FE012010BD1846FCE7F640002067
S214014B00C43C0020F540002010B5044601460822AA
S214014B1009480DF03FF8237B022B0AD8002B14BF5F
S214014B203122012205490B709423CB73044B1A7072
S214014B3010BD00230122F5E7CE3D0020CA3D00202E
S214014B40343F002070B5064692B00D460020C97A63
S214014B50FCF7B0F958B395F90A000EF0F4FE0446D6
S214014B6038BB154BEA7A83F85820AA7A83F85A207C
S214014B7001466A46FDF75AF94FF6FE739E424FF01C
S214014B80000118BF2B89ADF8066008BF4FF6FF730A
S214014B906A460846ADF80430FDF728FC28B9074BED
S214014BA02A895A80204612B070BD0224FAE78A2468
S214014BB0F8E78B24F6E700BFD8380020CA3D00206E
S214014BC0014BD873704700BFCA3D0020014B1878CF
S214014BD0704700BFCA3D002010B5054C2378112B45
S214014BE003D00448DB210AF067F94123237010BD86
S214014BF0343F0020AA840200064B1B78042B014692
S214014C0004D1054A137C0533137470470348FEF735
S214014C1017BA00BF353F0020CA3D002068120020A9
S214014C2008B50648FDF700FE0548FDF7FDFD0BF04B
S214014C309FFEBDE8084000F06DBF00BFBE3D0020EE
S214014C40023E0020064B1878332806D000F0EF000D
S214014C50A0F143035842584170470120704700BFF6
S214014C60343F002008B5084B00224FF6FE701A703C
S214014C700EF0BAFE4FF6FF700EF0D3FE034BD87B54
S214014C80BDE808400AF015BB343F0020CA3D0020AD
S214014C902DE9F0438BB007469DF848901546984697
S214014CA00E4649B9104605AC10F077F9214610F0CA
S214014CB057F9932818BF2646B9F1000F0AD1124BAF
S214014CC01B781BB9284610F075F9D0B9284608F0AC
S214014CD01FFE02E0284610F06DF980F00104E4B2F0
S214014CE09DF8503002939DF84C300394CDE9009323
S214014CF02A464346314638460FF094F80BB0BDE8D5
S214014D00F0834C46ECE700BF303F0020014B002209
S214014D101A747047CA3D002008B5002008F0BAFF93
S214014D20024B00225A609A605A8008BDCA3D002094
S214014D3010B5144B1B78033B012B16D8124BB3F856
S214014D4068204FF6FF739A420FD10320FEF730FB1F
S214014D5001F0DEFEFFF7E0FF0020FCF767F878B110
S214014D60BDE8104000200EF08ABBFEF711FB04469A
S214014D70FEF708FB0146204606F098FE0220E5E70E
S214014D8010BD00BF353F0020D838002008B5114AB5
S214014D90114BD8731378032B1BD0D3B1332B01D00F
S214014DA0432B10D10D4B1B78033B012B05D8032356
S214014DB01370BDE808400AF07CBA0AF07AFABDE83A
S214014DC00840FFF7B5BF21231370BDE8084001F086
S214014DD005BD08BD343F0020CA3D0020353F0020F8
S214014DE008B50348FEF7C8F9FFF796FF702008BD1F
S214014DF0AC2B002038B5114D2B78834218BF287094
S214014E0004460CF0FBF980B124B920460CF0F8F901
S214014E1002220DE001200CF0F3F92B781A1F012A6B
S214014E2005D9062BF4D1032202E0002CF5D101228C
S214014E300021BDE8384008460EF023BF353F00206C
S214014E4030B585B0044668460D460EF0D5FF94B1E0
S214014E5000212846144A0FF0C1F8144B20681B782D
S214014E608DF80430124B61681B788DF8053002AB63
S214014E7003C305F019F80F4B93F8582093F85A30EE
S214014E808DF803208DF802300EF0BFFDADF800005E
S214014E900EF09EFD1023ADF806000722694600209D
S214014EA0FEF7E4F905B030BD00F8FF07F313002064
S214014EB0353F0020D838002010B50F4B1A780F4B1D
S214014EC00446002083F85820FBF7B0FF10B10020FD
S214014ED00EF0D5FA00210846FFF7B2FF0CF080F974
S214014EE02046FDF7BBFA9B200AF0E3F9044A0023AB
S214014EF01380044A138010BDF8400020D8380020E3
S214014F00A23D0020A03D002010B501460446002029
S214014F10FBF7D0FF90B10C4B1B78023B032B0FD84D
S214014F200A4B1C70FCF7DAFD60B9094A0949FCF71F
S214014F30DBFF002814BFA120002010BD8A20FCE75B
S214014F407020FAE73D20F8E7343F0020F8400020C3
S214014F50F9760100B94E0100F8B50646FCF7BEFD2C
S214014F60044668B9FBF762FF50B1064D204695F836
S214014F70587085F858600EF082FA10B185F85870AE
S214014F803D20F8BDD83800201FB5044668460EF00F
S214014F9033FF9DF805305A1E052A09D8054A9DF8A3
S214014FA004101278914203D12370002004B010BD82
S214014FB09320FBE7F31300202DE9F041274B1D78E2
S214014FC0022D80460E46174606D0032D43D118B94A
S214014FD0234B1B689B073ED43320FEF7E9F901F00B
S214014FE049FAB6F1006F36BF1E4B05221A783146D4
S214014FF00620FEF7C7FD10F0FF0425D11A4D01204B
S2140150002C7300F0E3FD0EF000FD68802846B8F131
S214015010000F0DD0022300F8043B0EF071FF6C73F5
S214015020AF73394630460BF081FC2046BDE8F0816F
S214015030012300F8043B0EF063FF6C73AF7339462F
S21401504030460BF072FCF0E72846FEF7B1F9B8F1EE
S214015050000FF4D0E5E77024E7E700BF343F0020F7
S214015060002C002029140020CA3D0020034B18788C
S21401507018B9034B034A1B78D05C7047333F0020B6
S214015080353F00208685020038B5437BDB070446A2
S21401509003D590F909000CF0A2F8104B002583F80F
S2140150A059502079FFF758FFFFF7E0FF6188248801
S2140150B003462246284608F0F3FD044620B1942014
S2140150C0FFF764FE204638BD054D06489423C821E7
S2140150D0EB73FDF7B5FF03232B74F3E7D8380020F5
S2140150E0CA3D002068120020F0B5184D93B0064660
S2140150F0A5F868000C4605F16A0709BBC5F86A10F1
S214015100796000216A460846FCF790FED5F86A30B9
S214015110CDF8123000217B68CDF816306A46084675
S214015120ADF81060FDF762F9B5F868004FF6FF7349
S214015130984203D014B106490BF0FBFB13B0F0BD47
S214015140082238460CF026FDDBE700BFD8380020E1
S214015150423900202DE9F041DFF8BC801F4698F85F
S214015160003005460C4616461BB170252846BDE89C
S214015170F081531E052BF8D8FCF7B0FC0028F4D1BB
S2140151803B7B032B14D14FF6FE739C4212D1012EAA
S21401519009D0022EE9D10EF01BFC4FF6FB739842A4
S2140151A003D80EF015FC044604E00FF058F8FAE7B1
S2140151B0012EDAD0EDB939462046FFF7C3FC054685
S2140151C00028D3D198F80030332B03D0532B1CBFC3
S2140151D00F4B98733046FFF70DFE00214FF6FF7018
S2140151E0FFF782FF0B4B1B78002BBFD00FF0BBFEE7
S2140151F0BCE7397BCB1E594206F1FF32594150427A
S214015200504105F029FE05460028D4D0AEE700BF80
S214015210CA3D00202A140020343F0020F0B51E4667
S214015220184B074687B00C4601F1140051F8045B91
S21401523043F8045B8142F9D109881980D4F80E003D
S214015240D4F8121023886D4603C5ADF808302379CB
S2140152508DF80B3000238DF80A208DF80C303A4675
S2140152606B464FF6FE710120FFF774FF40B96846A2
S214015270FFF74AFC2046FFF707FF08B9024B1E70EE
S21401528007B0F0BDDC3D0020024100201FB5144BE5
S2140152901B88DB07044607D44FF6FF700021FFF793
S2140152A023FF002004B010BD0A231A4601A90120DD
S2140152B0FDF7DCFFBDF80C204FF6FF739A42EBD0EA
S2140152C00822FF2101A80EF033FB0028E4D10CB917
S2140152D00120E7E7BDF80C0001A9FFF705FFF7E796
S2140152E0F63D002038B50C4615460EF07DFB02F063
S2140152F0D1FF29462046FFF7F7FE00F061FC48B1D2
S214015300054BDB790E2B28BF0E230133DBB2034A94
S214015310137038BD0123FAE7DC3D00200F41002061
S21401532030B5012087B0FFF7B1FF154A0446516832
S21401533010686B4603C384B904F0C4FD02A80EF0DE
S2140153405BFDBDF80E004FF6FF7522462946FFF7B6
S214015350C9FF0BF0F2FA07B030BD0A4AD2F86A006C
S214015360D2F86E10B2F868506B4603C304F0AAFD7B
S21401537002A80EF041FDBDF80E006A46E6E700BF42
S214015380155E0200D838002037B5334B1B7804462B
S2140153901BB17024204603B030BDFCF79FFB0028EC
S2140153A0F7D100F01DFC14B12C4B22881A800DF1A8
S2140153B00700FFF7E9FD00284AD10EF092FD0446EA
S2140153C00028E7D1264D9DF80700FFF713FD2B783F
S2140153D0033B012B27D82046FFF758FF18B3FFF7EA
S2140153E09FFF01F009F8FFF7A3FC01200FF0AEFEC6
S2140153F080BB1A4B1B889A0707D51A49052201203C
S21401540003B0BDE83040FFF7D7BD174D02230B228E
S21401541029460120FDF72AFF2B885B07BAD52046CF
S21401542000F0FEFFB6E72B78053B012BB2D8FFF75D
S21401543077FFFFF77DFC2B78052B0CBF042005209A
S214015440FDF7B6FF012003B0BDE830400FF07EBE89
S21401545093249FE704469DE7343F0020F63D002055
S214015460353F002000F8FF079E3D00202DE9F74359
S214015470694D6A4E0123074668486B738846144691
S21401548000F04EFB0BF0ADFE38B9012F01D9042F09
S21401549010D12146404609F042FF102000210FF0AE
S2140154A087FD002800F0B080002003B0BDE8F0437F
S2140154B0FCF7C6BC002CF0D1594B1B78212B03D02E
S2140154C0062B01D0532B02D101F088F9E5E7FDF751
S2140154D0DFFF0028E1D000F073FB38B92B7B002BEF
S2140154E00CBFAB209420FFF751FCD6E74D4B019340
S2140154F0304600F015FB20B14B4840F6690109F033
S214015500DBFC4549307B01AA0BF04BFE95F8008089
S214015510B8F1000F03D14148FFF7B6FDBDE7DDF84E
S21401552004900EF055FA737BDB07044603D596F913
S21401553009000BF054FE0EF04BFA3C4B3C4F188022
S2140155400EF063FA3B4B1880FDF71CFF3A4B1880B0
S214015550FDF71EFF0822014638480CF01BFB0EF033
S21401556017FA374B18703079FFF7F6FC7088002170
S214015570FFF7BAFDFDF78CFF60B1631E9BB24FF6D5
S214015580F672934206D90EF06AFEB7F86830834287
S2140155900446F8D020460EF027FA30880EF041FA7D
S2140155A0B7F868004146C847044608B918209AE784
S2140155B0B7F868100DF092FE002387F859302B7863
S2140155C003F0FB03022B02D020460EF01BFC002347
S2140155D01A4619462046FFF7B5F998B19423EB739E
S2140155E0184B1B78042B06D11748C821FDF728FD58
S2140155F003232B7451E714484FF41671FDF720FD71
S2140156000023F6E794206EE7FFF712FA00287FF4EE
S2140156104BAF03B0BDE8F083CA3D0020DC3D00205F
S214015620343F00201D3F0200AA840200C83D00202E
S214015630D8380020C63D0020C43D0020F940002097
S21401564001410020353F0020681200207FB5194E29
S214015650194D00243278E3B29A4201D804B070BDE5
S214015660B5F868204FF6FF739A421AD0134B1B8881
S214015670DB0714D5124AB5F8683010685168ADF8E2
S2140156800C3001AB03C30A231A4601A90020FDF71B
S214015690EDFD0C4902230B220020FDF7E7FD013446
S2140156A0D8E70748002208210EF042F90028F6D173
S2140156B0DCE700BFFE130020D8380020F63D0020AE
S2140156C0423900209E3D002010B500F0D3FE01F0C7
S2140156D0E5FBD8B10E480F4CFDF74EFD0E48017A9A
S2140156E00E30FFF7ADFB23781BB100F0FBF900236A
S2140156F023700A4B00221A73FFF71AFB07F00AF908
S21401570000F01AFFBDE81040FFF7A0BF10BD00BFB4
S2140157106812002002410020DC3D0020CA3D002026
S21401572010B52548FDF728FD01F0B8FB30B1234B35
S2140157301B781BB9BDE81040FFF7C6BF01F0AEFBF2
S21401574078B11F4C237C83B11B48C821FDF778FC38
S214015750237C013B23740021BDE810400846FCF77A
S214015760D9BBFDF795FE0028EBD1FDF791FE154B51
S2140157701B7858B9112B03D003F0FD03412B19D127
S2140157800F4BBDE81040D87BFFF700BB332BF7D19A
S2140157900D4B18880EF028F90C4B18880EF041F9BD
S2140157A00B4B0C491888FFF79FFC0B4B1878FFF73B
S2140157B0D3FBE5E710BD00BF68120020303F002094
S2140157C0CA3D0020343F0020C83D0020C63D0020D1
S2140157D0C43D0020F9400020014100202DE9F04F92
S2140157E085B00F4602AD04462946384691460FF06D
S2140157F0C9FD4FF0000B82463846CDF804B00DF0D7
S21401580023FE4678022C804606F0020609D85CB1D3
S214015810FDF73EFE044600283CD1734B01241B785D
S21401582059E0043C022C2ED9FDF732FE38460DF025
S21401583084FD0024DFF8B4A10546A04638460DF0E5
S21401584003FE50F8093001930DF105000DF0C6FC7A
S2140158509DF807B00746B8F1000F09D0BAF1000F5E
S21401586006D06249082250460CF084F9002851D12E
S214015870BBF1000F34D14FF6F7739F4230D9942015
S214015880FFF784FA46E00EF006FBFDF701FE04463C
S214015890F8B15C464EB1564B1B78012B02D0043B47
S2140158A0012B0BD805B0BDE8F08F4F4B1B782BB101
S2140158B04F4B1B7803F0FB03022BF3D0BAF1000F1A
S2140158C0404608BF00250FF050FD4FF00108824604
S2140158D0B4E7454B1B78002BF0D0002EEED1E1E764
S2140158E0DFF8049199F8003003B11EB314B3414BAD
S2140158F01B78022B1ED1BBF1000F14D138460EF0D7
S21401590073F858465946FFF79BFA07F003F89920B3
S21401591009F0CFFC0020FBF789FA0028C2D000204E
S2140159200DF0ADFDBEE7FDF7B3FD48B13248FDF71A
S21401593023FCA4E7FDF7ACFD10B1BBF1000FF5D1D8
S214015940FDF7A6FD0028E5D02846FEF79FFBFF28B9
S214015950DFF8A0A0294C03D09AF80030012B04D11F
S214015960B4F868002946FEF7EDFCFEF7A9FD2A46C5
S214015970B4F868103846FFF7B5FC214B214A93F975
S21401598006301B0213809AF80030012B18D0312BF9
S21401599014BF432311238AF800301B4B164819689D
S2140159A0134CFDF74DFB00F027FD99F8001000237E
S2140159B0237439B91048FDF743FBAD23E373A9E718
S2140159C01123E8E7B8F1000F03D016B1FFF77CFE0C
S2140159D0F3E70E4B1B78042BEFD107480521FDF7A3
S2140159E02FFB09232374E8E7303F0020E74000201F
S2140159F0CA3D0020343F002068120020D83800201D
S214015A00DC3D0020F43D002088120020353F0020B8
S214015A1070B508468AB00D460DF016FD0922002124
S214015A200646FBF78FFD044628460DF086FC0DF171
S214015A300703052202A928460AF084FF02281AD085
S214015A409DF807301C44E4B204F110020023D2B2E0
S214015A5029460120365D09F0B9FB60B1022E0AD154
S214015A60064B1B78012B06D1054B187818B9224630
S214015A702946FFF7B3FE0AB070BD00BF343F0020D1
S214015A80CA3D002008B5FDF777FB024B00221A70CD
S214015A9008BD00BF283F002084B010B502AC84E8E2
S214015AA00F000F4CBDF8082063889A4204D00020EE
S214015AB0BDE8104004B070470822211D0DF1160004
S214015AC00CF058F802460028F1D10821201D0DF0EF
S214015AD02FFF0028EBD16088003818BF0120E7E7C8
S214015AE0CA3D0020034A044800231380034A13706A
S214015AF0FDF742BBF83D00208C1200200441002037
S214015B0008B50348FDF738FBBDE80840FFF7EABFD4
S214015B108C1200200148FCF787BE00BFF83D00202C
S214015B2037B5054698B10C4B1B7893B100210B484D
S214015B300DF0D9FC0024014616230094224628467F
S214015B400DF0F5FD064B20461C7003B030BD02205B
S214015B50FBE77020F9E700BF04410020F83D002074
S214015B6003410020F7B5054618B3134C13482378B4
S214015B70124F0133002123700DF0B5FC00260146BB
S214015B80237819B9013B237001200AE0F2B293424F
S214015B9009D1002400941623224628460DF0C7FD9D
S214015BA0204603B0F0BD38460DF0F3FC0136014641
S214015BB0E6E70220F5E700BF03410020F83D00209C
S214015BC0014B1878704700BF0441002025289DBF6F
S214015BD0024B187000200220704700BF2B140020D3
S214015BE007B5012318460D220DF10701FDF73EFB0F
S214015BF09DF80720024B1A7003B05DF804FB00BF46
S214015C00CE13002084B010B502AC84E80F002548FE
S214015C10089C08220DF116010BF0ACFF38BB9DF86D
S214015C2015309B0705D4204B1B7803F0FD03312B61
S214015C3023D11E496378097803F00F028A4203D004
S214015C40012928D1022A18D12278B2B91B09022BC0
S214015C5013D194F90230002B21DB154BB3F86820E1
S214015C60BDF80A309A4208D1FEF7ECFF06E00D486F
S214015C70002208210DF05CFE20B90020BDE810408E
S214015C8004B070470B4BBDF808205B889A42C6D01B
S214015C90002BC4D0F1E70229EFD1012AD3E7012076
S214015CA0ECE700BFCE3D0020343F0020F313002078
S214015CB0D8380020CA3D002084B02DE9F04F89B0C5
S214015CC012AC84E80F00DFF84CC1504BBCF8020060
S214015CD09DF84D909DF95220BDF860E09DF865A0B5
S214015CE09DF966509DF868709DF96A10BDF848B038
S214015CF09DF94E809DF850601B7810F001042DD060
S214015D009DF86D00C0F34004C0F38000002B41D025
S214015D103F4B1B78012B00D1F4B1C0B19CF8003089
S214015D201E335BB2AB42ACBF002501259845D4BFFC
S214015D3000230123AB4209D1914208DC0CD1B81BE8
S214015D40C0B280288CBF0020012000E0284609B0A0
S214015D50BDE8F04F04B070470020F8E7840718D577
S214015D60C3B1490814BF01200020520814BF012303
S214015D7000238342EBD1BB1BDBB2802B0AD9BE4288
S214015D80EAD1A84506DBE7D1D1452CBF002001208A
S214015D90DDE70BB90120DAE7BE4216D018AD0FCD0C
S214015DA002AC0FC495E8030044F8040B2180DDE93A
S214015DB0160112AB0090ADF804100FCB0BF0EAF908
S214015DC00028E7D1BE42BAD1C1E7F34518D00DF19C
S214015DD0700B9BE8030018AC0090ADF8041094E833
S214015DE00F00FFF759FE0028D4D19BE8030000906E
S214015DF0ADF8041094E80F00FFF74EFE0028C9D155
S214015E00A845C7DBCAD1D145C4D3C7E704410020A2
S214015E10343F0020CE13002084B02DE9F04F8FB020
S214015E206A4E18AC08AD84E80F00162200212846F9
S214015E300BF0CAFE33783BB90024654B32781B78E9
S214015E409A4239D2002726E06248DFF8889100217D
S214015E500DF049FB00270446B846002C45D13FB15A
S214015E605C48224639460DF0BDFB3378013B337062
S214015E703378002BE0D05748DFF858B100210DF0F9
S214015E8032FB4FF0000980464F46CA46B8F1000F74
S214015E906CD1002FD1D01621002218A80DF00CFBD2
S214015EA0014648B1002F00F08B804A4822460DF08B
S214015EB047FB337801333370454B32781B789A426F
S214015EC007D94448002201880DF08CFB3378013B4A
S214015ED033703378012B03D13F494048FDF7B0F8C2
S214015EE00FB0BDE8F04F04B0704700222146CDF850
S214015EF00080162328460DF01AFC1622294618A8FB
S214015F000BF038FE0028EBD09DF864209DF8243075
S214015F109A4225D1BDF86020BDF820309A421FD1A3
S214015F2008220DF12E010DF16E000BF023FEB8B91B
S214015F300DF1600CBCE80F0002AF0FC79CE8030030
S214015F4047F8040B0EAB398013E903000090ADF857
S214015F50041095E80F00FFF7AFFE0028C0D02746D3
S214015F60214648460DF015FB044676E71623002227
S214015F704146CDF800A028460DF0D9FB0DF1600C86
S214015F80BCE80F0002AF0FC79CE8030047F8040BFC
S214015F900EAB398013E903000090ADF8041095E8C4
S214015FA00F00FFF789FE074620B1B9F1000F04BFC5
S214015FB044468146414658460DF0EBFA804665E771
S214015FC004483A460DF095FA73E700BF04410020F5
S214015FD02B140020F83D002020BF02008C12002068
S214015FE02DE9F04F9FB010AF002104461622384627
S214015FF00E91CDE90C11CDF83B100BF0E5FD0DF13E
S2140160001F03052216A920460AF09CFC022880469A
S21401601000F0FD8020460DF017FA06460DF0DEF87A
S2140160208146F01C0DF0DAF8ADF84000701D0DF059
S214016030D5F8B8F1010FADF84200204640F0EA80ED
S2140160400DF002FA05462046FCF7C8FD0D352D1A5F
S214016050EAB23B462146082009F0B8F8002800F0CD
S214016060D68020460DF0F5F9B8F1010F9DF84D30B8
S214016070834640F0E88043F0010300258DF84D305B
S21401608016AE04953388022B58D1F1780231C9B285
S2140160902046FCF793FF1B2850D1F1780331C9B293
S2140160A02046FCF78BFF192848D1F1780431C9B294
S2140160B02046FCF783FF4A2840D14FF0050AF178C5
S2140160C001315144C9B22046FCF778FFF1785144BA
S2140160D08046C9B22046FCF771FF00EB082083B268
S2140160E000F03F02932B059240F09C8096F80380C7
S2140160F0D0445FFA88F808F10203DBB20493002368
S214016100049A009321460F230CA80DF010FB08F10A
S2140161101101C9B220460DF057FB08F113010546DF
S214016120C9B220460DF050FBADF84200059B023384
S21401613053445FFA83FA33795345C0D806360DF1D6
S2140161407603B3429ED19DF84D20C5F3C03363F369
S214016150410220468DF84D200DF00DF98DF84400D2
S21401616020460DF0FDF88DF8450020460DF0FDF8AF
S2140161709DF832308DF84600C3F3C3028DF84720F0
S214016180DDF83320CDF84E20BBF1190FDDF83720AE
S214016190CDF852208CBF9DF83E2000228DF8482075
S2140161A003F003028DF84A209DF84D20DB0963F3C6
S2140161B082026A4B8DF84D201B78022B58D1BDF810
S2140161C040600DF022FC864252D108A80DF098FEE0
S2140161D0BBF1190F49D908220DF14E0108A80BF0A1
S2140161E0C9FC00283ED1B9F5004F02D0B9F5624F7F
S2140161F00DD125F4404540F6FF739D4207D100229C
S21401620008210DF14E000DF093FB002840D01FB081
S214016210BDE8F08F0DF018F905462046FCF7DEFCC8
S214016220073514E7412B81D1F17802315144C9B2C7
S2140162302046FCF7C3FE4A4B1B78C3F1B303184450
S2140162408DF8490072E76FF30003F01D8DF84D30AD
S2140162500CF0C4FF0CA9054620460DF073FE002382
S214016260049370E700F008FDBDE700F005FDCEE7FA
S214016270B9F5004F02D0B9F5624FC8D125F44045B3
S21401628040F6FF739D42C2D1BBF1190FBFD9B6E7E5
S214016290BBF11A0F06D004991F313A46C9B22046FF
S2140162A00AF07EFF2F4C304D637BDBB12B78012B40
S2140162B01DD1012323730CAB029314AC94E80300A5
S2140162C00090ADF8041097E80F00FFF79BFC90B123
S2140162D094E803000090ADF8041097E80F00FFF76C
S2140162E09BFD08E0FDF7D4F80028DFD0E1E703F0D6
S2140162F0FD03042BDDD02B78012B01D0042B86D196
S2140163001A4BDDF84E001B788DF82230BDF8403070
S214016310ADF820309DF84D30DDF85210C3F3400340
S2140163208DF823309DF8313003F00F038DF82C30B3
S2140163309DF848308DF82D3009AB03C30C4B1B6814
S2140163401BB1394608A8984761E79DF946209DF894
S214016350451008A808F0CEFF59E700BF343F0020DB
S2140163600B410020CA3D0020F14000200A410020D8
S214016370B039002010B508F081FD114B1B78022BB7
S2140163801CD1104A1468A04218D00F4910600A6840
S214016390121B10440D4A086012786AB1013A934004
S2140163A03C2253434FF47A725343984206D9BDE8D0
S2140163B010400320FCF7FCBF0A23F3E710BD00BF23
S2140163C0343F0020F82B0020F42B0020EF13002090
S2140163D0064B1B88DB0708D5054B002243F8202017
S2140163E0044A135C63F00F0313547047FA3D002010
S2140163F0C82A0020103F002008B508F03FFD034BD7
S2140164001860034B00221A6008BD00BFF82B00205D
S214016410F42B0020014B1868704700BFF42B0020B6
S21401642008B50C48FCF7A8FEFDF706F880B10A4B44
S2140164300322B3F8681001200AF0CEFE074B054888
S2140164401B884FF47A715943BDE80840FCF7F8BD44
S21401645008BD00BFAC120020D8380020B2130020BF
S214016460034B1888C0F30E00003818BF0120704790
S2140164709E3D002008B5FFF7F3FF30B10449002028
S21401648002230B220880FCF7F1FE002008BD00BFA6
S2140164909E3D0020024B1888C0F30E00704700BFD7
S2140164A09E3D0020084A094900231370084A1370CC
S2140164B0084B094A1B7843F004031380012002238A
S2140164C00B22FCF7D3BE00BF074100209E3D0020F3
S2140164D006410020F0130020FA3D002030B585B0BB
S2140164E00024114D019401210B2300918DF80C30ED
S2140164F08DF80D000323B5F868008DF80E4003AA49
S2140165000EF0D0FE68B1B5F868100DF0F2FD40B19E
S214016510064B074805221A70064B64211C70FCF7CF
S2140165208FFD05B030BD00BFD838002006410020E1
S214016530CC12002007410020064B1B78033B012BA1
S21401654006D8054B1B781BB9044B1878FFF7C6BF56
S214016550704700BF353F002005410020EF130020A3
S21401656008B51548FCF708FE144B1978F9B9144A12
S21401657013787BB1013B1370124B1B78042B02D1AD
S2140165800846FBF7C7FCBDE808400B484FF4967178
S214016590FCF756BD0C4B1B8803F00303022B0AD1F4
S2140165A0BDE80840094903220120FEF705BDBDE804
S2140165B00840FFF7C1BF08BDCC12002007410020EC
S2140165C006410020353F00209E3D002000F8FF07D1
S2140165D0084B1A785AB1013A022393404EF66022CC
S2140165E0534303210448B3FBF1F1FCF729BD42F202
S2140165F01073F6E7EF130020CC12002070B50546A5
S2140166001748FCF7B9FD174B012228461A700EF001
S2140166106DFE411C0446C9B22846FCF7CFFCA11CFE
S2140166200646C9B22846FCF7C9FC0F4C0223208057
S2140166300B2221460020FCF719FE86B9238803F0B9
S2140166400303022B03D1FFF7D7FEFFF7C1FF238811
S2140166505B0704D5BDE870400448FFF7E1BE70BD96
S214016660CC120020074100209E3D0020AC120020E5
S2140166702DE9F0411A4C238886B005464BB3DFF866
S214016680688000214FF480700EF065FC98F80030A9
S214016690DB071CD501212088FCF72AFB074620884A
S2140166A00CF0D2FE02300CF099FD03A906462088B4
S2140166B00EF006FF98F8003013F0020F18BF002501
S2140166C000953B4603AA3146062008F05AFD0023F2
S2140166D02380044806B0BDE8F041FCF74DBD00BF7D
S2140166E0FE3D0020EC1200200841002010B50446B3
S2140166F0CA20FFF7BDFF01214FF480700EF02BFC7E
S21401670058B1064B06481C80064B00221A70064BF1
S214016710BDE810401988FCF793BC10BDFE3D002073
S214016720EC12002008410020B6130020044A13781A
S21401673018B943F001031370704743F00303FAE7F7
S21401674008410020044B1B781BB9044A1380FEF74E
S21401675099B90020704700BFF5400020FC3D00209D
S21401676030B501F0400387B0002B4FF00402054618
S21401677014BF012400248DF80C208DF80D1004D0D0
S21401678004A90EF00EFC18B304ABCDE9004303AA2E
S2140167900223012128460EF085FD0446D0B10E4B9A
S2140167A0B3F868100CF09AFD4FF6F7739D420AD9BC
S2140167B00023322202212046FEF7C4F880F00100B1
S2140167C0C0B207B030BD294620460DF092FCF5E771
S2140167D00120F6E71820F4E7D838002010B5FFF7B7
S2140167E049FE04F05BF90DF005FB00200EF0CBFB33
S2140167F0FBF774F908B1FDF771FA1F4C2378532B98
S21401680010D103230021012023700DF084FB00200A
S214016810FAF70CFB10B100200CF031FEBDE8104079
S2140168200AF0DEBC062B01D0212BF0D101200DF0A1
S2140168303EFB4FF6FE700DF0D7F84FF6FF700DF0E9
S214016840F0F80020FEF7CCFA0020FEF7D3FAFEF7A8
S21401685063FA00F009FB0AF0C6FC2378212B02D16B
S214016860FEF700FAD3E70020FCF7A2FD00214FF463
S21401687000400EF06FF9CAE7343F002010B50A4C0D
S2140168800A48FCF779FC2378062B02D101200DF08B
S2140168900EFB2378062B01D0532B03D1BDE8104005
S2140168A0FFF79CBF10BD00BF343F00200C13002033
S2140168B02DE9F047DFF8C08004460E461746FFF77D
S2140168C0D9FD98F8005015B97020BDE8F087212D44
S2140168D0FAD028480CF0ECFF0028F5D114F020047B
S2140168E0DFF898A0DFF8989005F00F053946304696
S2140168F01BD00AF01DF8012D8AF80070A9F8006077
S21401690029D1212388F80030FFF768FF0020DCE753
S214016910212388F80030FFF761FF00214FF6FE7053
S214016920FEF7E2FBFEF792FEF0E70AF000F8012D13
S2140169308AF80070A9F80060EAD0062321464FF6CF
S214016940FD7088F80030FFF70BFF0A4840F2262159
S214016950FCF776FBE1E7532321464FF6FD7088F8F6
S2140169600030FFF7FDFE034840F22621FCF768FBE6
S214016970CCE700BF0C130020343F00200941002063
S214016980D2130020F8B50D46511CC9B2064628465A
S214016990FCF714FB044628460CF056FD054602306B
S2140169A00CF01CFC164B1B78022B074602D0043B4E
S2140169B0012B23D8134B1B68580201D5A1061DD500
S2140169C062061BD5104BB3F86830B34216D16B780C
S2140169D01B070FD528460EF0C8FC0C4908220BF001
S2140169E0C9F858B9314604F020000122BDE8F84044
S2140169F0FFF75EBF0CF0ECFFB842F3D0F8BD00BF66
S214016A00343F0020002C0020D8380020E74000202A
S214016A1073B504460D460EF0C0FAFF28034625D08E
S214016A20134A12784AB1134A32F81020520404D598
S214016A300EF098FA002002B070BD18460EF0A5FAC6
S214016A40694606460EF0ADFA40B1FCF7A5FC28B142
S214016A50002302226946304604F0CEFF45F040018D
S214016A60204602B0BDE87040FFF77ABE0120E2E79B
S214016A70303F0020983D002038B505460CF0E4FC78
S214016A80044628460EF032FC411CC9B22846FCF7E3
S214016A9095FA42060DD563781B070FD520460EF0F2
S214016AA064FC014600200EF076FABDE838400EF090
S214016AB059BABDE838400248FFF7E0BE38BD00BF0E
S214016AC00C13002038B54FF6FF75A842044617D0C0
S214016AD00CF09BFFA04213D00A4B19884FF6FD72AB
S214016AE091420DD9084A1288AA4201D0A24207D182
S214016AF01C800648BDE838404FF47A71FCF7A0BA0E
S214016B0038BD00BFBC130020D41300208C2B0020FE
S214016B1008B50448FCF730FB034B4FF6FF721A80AA
S214016B2008BD00BF8C2B0020BC130020024A13783E
S214016B300BB1013B13707047263F002008B50CF0DF
S214016B4070FF064B00214FF6FF7208461A80FEF7CB
S214016B5077F9BDE808409A2008F0ABBBBC130020CB
S214016B6008B5FCF709FB0A4B1B78023B032B08D838
S214016B70084A10884FF6FE7398424FF6FF7301D10C
S214016B80138008BD9842FCD0BDE80840FFF7D6BF89
S214016B90343F0020BC13002010B5084B1B78042B93
S214016BA00AD00CF015FF0021044608460DF002FA43
S214016BB0231A5842584110BD0020FCE7353F0020FB
S214016BC0F0B589B000260546CDE90566ADF81C602E
S214016BD00EF08CFB0A23024604460096294605A8B9
S214016BE00CF0A5FD9DF815309DF814701F2B27D8C5
S214016BF003A80DF085F908220DF1160103A80AF085
S214016C00B9FF0646E0B9092F1CD1FFF7C5FFB8B199
S214016C10154B1B78A3B1154B1A884FF6FD739A4294
S214016C200ED9134C134A23780433DBB2237012783F
S214016C30013AB3EB820F03DD58B208F09EFC2670D2
S214016C4009B0F0BD04F10A01C9B22846FCF7B6F94D
S214016C500DF0D3F904F10B01C9B228460CF0B4FDCE
S214016C60FFF730FFECE700BF02140020BC13002042
S214016C70263F0020EE13002038B5134B1B78033B4C
S214016C80012B20D9114B1B784FF6FF71ABB1104D7C
S214016C902B888B4217D10CF0B8FE4EF660210446C5
S214016CA00C48FCF7CDF94FF6FE732B8022460021E7
S214016CB0BDE8384009200DF0AEB9074A13888B426B
S214016CC01CBF0133138038BD353F0020021400205D
S214016CD0BC1300208C2B00209A3D002008B50448E8
S214016CE0FCF74AFA0021BDE808400846FBF712B94E
S214016CF02C13002010B5044661B1FF210CF045FBB2
S214016D00002120460CF047FB0CF009FA014620460C
S214016D100CF047FB21460348BDE8104000220CF06A
S214016D20E8BB00BF023E00202DE9F0410D461746A4
S214016D3004460CF089FB0678284606F067FD2946CE
S214016D40804620460CF0CAFA0CF042FEA84206D154
S214016D5020460121FFF7CEFF0120BDE8F08128463D
S214016D60B8F1000F0BD006F0D3FD58B915493A46D5
S214016D7020460978BDE8F0410023FDF7E3BD0EF09B
S214016D8019F9F2E706F00306012E08D00CF020FEF2
S214016D9000232246294602F097F90028D8D120463A
S214016DA00CF058FA430505D520460021BDE8F04110
S214016DB00CF0FBBE20460EF0DBF8B0FA80F040097E
S214016DC0CBE700BFED13002010B586B004460EF0E9
S214016DD08DFA104B0246186819790290D3F805000F
S214016DE05B7A8DF81430013200238DF80C10049074
S214016DF0009321460523D2B204A80CF098FC052284
S214016E0004A902A80AF0B6FEB0FA80F0400906B05E
S214016E1010BD00BFB884020008B511480CF027FD6C
S214016E20104B1B78012B06D8FF200EF074F8FDF7E7
S214016E305DFC0EF08FF8FDF7BDF901F0C5FCFFF71C
S214016E4031FB0EF0D0FB07F065FAFDF7F9FD07F010
S214016E5099F809F06FFDBDE8084002F033BC00BFA9
S214016E60983900200B3F002008B5EFF7CDFDFF282D
S214016E7003D0094B1B78012B06D900200EF04BF8E6
S214016E80FDF734FC0EF066F8FDF794F901F09CFC72
S214016E90BDE8084002F016BC0B3F0020064B1878F0
S214016EA0112806D000F0FD00A0F1410358425841D8
S214016EB070470120704700BF343F00202DE9F8439A
S214016EC00446FDF7BBFB18B100263046BDE8F88343
S214016ED01A4BB3F868104FF6FF784145F4D02046B8
S214016EE00CF0FCF9164A0123128802212046FDF710
S214016EF029FD06460028E7D020460CF0A5FA90F8B2
S214016F000790054604300CF069F907460CF060FD61
S214016F10494602463846FDF7A9FBA81C0CF05EF967
S214016F20404502D12046FFF7E1FB2B789B07CCD1E9
S214016F3001212046FFF7DEFEC7E700BFD838002054
S214016F40003E0020F8B507460CF07EFA05460430F0
S214016F500CF044F90646A81C0CF040F904463046ED
S214016F600EF01BF8304606F051FC2B789B0701D13A
S214016F700CF02EFDAB790BB90320F8BD0CF028FD03
S214016F80A0420CD10CF024FD0446094B21461A7888
S214016F903846FFF7C9FE0028EED00020EDE7054B86
S214016FA01B78052B1CBF044BB3F86840EDE700BF08
S214016FB0003E0020353F0020D83800202DE9F04162
S214016FC0064610460D460EF091F9A0F11004E7B200
S214016FD056FA84F4EA1B214604F10E000AF0DAFDA3
S214016FE02823F355DFF8408098F80030637301F0EA
S214016FF0FDFB611C024601200CF0F6F80949082247
S214017000601D0AF0C7FD98F800000DF0FFFD05F1C0
S2140170100E0130463B460022C9B201F093FC122015
S214017020BDE8F081E74000202F3F00202DE9F04F1A
S21401703087B004460CF008FA064620460CF067F9BD
S2140170400746301D0CF0CAF88146B01C0CF0C6F895
S214017050384696F807A00DF0AFFF33789A0769D146
S2140170602146042001F076FD002863D020460EF06C
S2140170703DF901462046FBF7A1FF83075AD120467A
S2140170800EF034F901462046FBF798FF10F0030393
S21401709003934FD12046FFF797FE00284AD020469B
S2140170A00EF0FDF900F1010B05462046FBF7B2FD97
S2140170B05FFA8BFB0BF10A03834264DA334A1068EA
S2140170C0516804AB03C3A91CC9B22046FBF776FF7F
S2140170D0594680462046FBF771FF05F10B0100EB90
S2140170E008201FFA80F8C9B22046FBF767FF039B0A
S2140170F00093EA1C0823D2B22146834604A80CF06A
S21401710016FB20460CF003F95A4641460AF072F87F
S214017110012204A9404601F07DF9A0BB022007F038
S2140171209DF8022007F09AF8013003D104A94046E1
S214017130EFF764FB0CF04CFC48453A46514607D144
S2140171400CF03CFEF8B907B0BDE8F04F0DF086B87C
S21401715048460CF033FEB0B90D4B1B781BB93946C7
S21401716048460CF09EFF3A4651464846FDF77EFAE1
S21401717048B1317811F0030105D1204607B0BDE8CA
S214017180F04FFFF7B7BD07B0BDE8F08F155E020000
S2140171902B3F002038B50F4D2B78023B012B15D81D
S2140171A00AF02AF8044698B9FFF7E4F82B78032B7F
S2140171B0214604D101200CF0AEFE012038BD204648
S2140171C0FAF7A8FE003818BF0120F7E79320F5E785
S2140171D07020F3E7343F00202DE9F74306460D46BD
S2140171E014460CF041F80C28304645D10CF02CF929
S2140171F009220021FAF7A6F900F11001C9B23046BA
S214017200FBF7DCFE042813D07C282BD0012840F0A5
S214017210A78045B9132130460CF0D6FA03B0BDE875
S214017220F0430CF0FEBB03B0BDE8F043FDF76EBDC6
S214017230594B1B78022B40F0938045B9FFF72AF98A
S214017240C3070AD5FFF7D8F8002C08BF3125284612
S21401725003B0BDE8F04308F09CB8FFF701F9002839
S214017260F0D0F1E701213046FBF742FD294603B095
S214017270BDE8F04308F038B90CF0E6F88046043073
S2140172800BF0ACFF074608F102000BF0A7FF4FF624
S214017290F773984204460CD8404A138801339BB2D0
S2140172A013800BB93E4A13801DB13D4A1388013342
S2140172B0138098F8009009F00309B9F1010F1DD168
S2140172C030460EF013F801463046FBF777FE0B28E2
S2140172D009D00D2807D0042842D1304603B0BDE8B6
S2140172E0F043FFF7C9BB2F4B1B78042B38D1002185
S2140172F0084603B0BDE8F043FAF70CBEB9F1000F3B
S2140173002ED12946304603F0A5FC4DB34FF6F77350
S2140173109C4225D898F8016016F00406204622D132
S2140173200DF009FE054620467DB10DF043FE0346ED
S21401733000BB00900C22214638460DF025F80C22A1
S214017340002300933946204608E00DF033FE03463D
S214017350C8B9154A00901278214638460DF014F83F
S21401736003B0BDE8F0830DF025FE034678B9009022
S2140173700B22F1E7062200963346214638460DF0E9
S21401738003F80622DCE700952B460622E4E7CDF853
S21401739000904B46F9E700BF343F0020A23D002095
S2140173A0A03D0020353F00202D1400202DE9F04F90
S2140173B005888BB0044628460CF046F8074604308C
S2140173C00BF00CFF8246B81C0BF008FF05A980469F
S2140173D028460DF0D7FF28460DF088FF01460646E1
S2140173E02846FBF7EBFD3B78009003F00303012BE7
S2140173F00CBF83464FF0FF0B07F03BFDE38802937B
S214017400637A0190D90700F186800CF0E1FAA0EBCF
S2140174100A02D2F1000949EB0209FB7903935046AF
S21401742000F05AFF002879D1404600F055FF0028A9
S21401743040F08B80FDF7CAFB8046FCF729F810B9AF
S214017440FFF72CFD30B1A8F104085FFA88F8B8F10F
S214017450020F1BD90BF0FD03042B00F0B680FFF7DB
S2140174601DFD20B1009B03F00303012B0ED0FBF79B
S214017470E3FF28B9724B1B7803F00F03062B6BD181
S214017480704B2846B3F868100BF028FFBBF1010FCC
S21401749066D128460BF00CFF4FF6FF73984240F07A
S2140174A09480002307AA314628460DF04CFD074676
S2140174B0002845D042799DF82530934209D9711D9F
S2140174C0C9B22846FBF78EFDA37823F00F030233DB
S2140174D0A370EBF74BFC7E23B0FBF3F202FB130326
S2140174E003F58073A3809DF8263013F0180F0AD099
S2140174F0A3781B0707D1B9F1000F04D17A7905A942
S214017500504607F067FF9DF82700003818BF012096
S2140175100BB0BDE8F08F4FF001097EE728460BF06F
S21401752093FF02300BF05AFE4FF6F773984207D9D5
S214017530039B2BB92846FFF747FC00287FF474AF5E
S214017540A37823F00F03A37008E040460DF034FD46
S21401755000287FF46FAFF3E72823A3800020D7E746
S214017560BBF1020F54D1012307AA314628460DF07C
S214017570EAFC80460CF02CFABDF8223098421FD166
S214017580B8F1000FDCD0B8F80230012231462846A7
S2140175900DF0D7FC2C4A13780133DBB2FB71137064
S2140175A0B8F80230BDF81E209A421FBFA37823F018
S2140175B00F030233A3704FF4C873A3800120A7E71B
S2140175C018460DF0F9FC0028DAD128460BF070FEBB
S2140175D00CF0F1F9012808BF1C4BA27801BF1B78FB
S2140175E003EB830303EB83039B0006BFFA339BB2D3
S2140175F0FA231209A4D1DDE90121521A92B293426B
S2140176009ED3EBF7B3FB00F01F001030A080D5E748
S214017610BBF1030FD9D1B9F1000FD6D0711CC9B295
S2140176202846FBF7CBFC0C28CFD1FCF773FF4FF6AF
S214017630FF7398420146C8D028460BF04FFEC4E7B8
S214017640343F0020D8380020323F0020FC130020B1
S2140176502DE9F04105460C460BF006FE082802D13E
S2140176600120BDE8F081201D0BF0B8FD0646284636
S21401767094F807800BF04BFE074628460BF0EAFD10
S214017680010612D5184B1B78042B0ED1174B1B780D
S214017690022B0AD1164BB3F868204FF6FF739A42B5
S2140176A003D000210846FAF735FC124B1B78002B55
S2140176B0D6D1A01C0BF092FD4FF6F773984202D874
S2140176C06378DA070DD523789B070AD13A464146F7
S2140176D030460CF073FB80F00100C0B200F00100F0
S2140176E0BFE70120FAE700BF353F0020343F002006
S2140176F0D83800200E4100202DE9F04F9BB00446FB
S2140177000BF0B2FD054620460BF0AEFD08284CD125
S2140177102046ADF85840FBF77DFABDF85820A0F199
S2140177201005EDB210461023009500210CF039F833
S214017730294616A80BF0E2FF2046FBF74FFA05464E
S2140177402046FBF767FAC1B22846FCF775F8ADF894
S2140177505A408DF8590048B92046FBF73FFA0146D2
S2140177600DF15900FCF7A2F88DF85800BDF8582025
S21401777048F201039A4202D1204609F0DDF89DF84D
S2140177805930402B05D1204609F0D6F81BB0BDE88C
S214017790F08F802B03D016A807F0C0FEF6E716A8D8
S2140177A009F022FD0028F6D0F0E720460BF09CFDFC
S2140177B0B0F5006F40F0FE8020460BF0A8FD0646AF
S2140177C0042D40F0FA8020460BF044FD80F4006062
S2140177D0C0F3C02000223146400009F06EF8914BFC
S2140177E01A78022A0DD0FFF759FB50B902F0FD03B3
S2140177F0312B06D0043A012A03D98B4B1B78002B78
S214017800C4D02146022001F0A5F905900028BDD07C
S2140178102046ADF842400BF017FE0446BDF8420084
S2140178200BF075FD0546201D0BF0D8FCA31C834606
S214017830184608930BF0D2FC11A90746BDF8420082
S2140178400DF0A0FD2378069003F0030ABDF8420070
S214017850637809930DF04AFD63780D930646284632
S21401786005F0D4FFBAF1010F0CBF032302230F93D7
S2140178706E4B0E901D80237803F03C030CBF4FF037
S2140178800B084FF00A08082B80D1BDF84200FBF721
S214017890C1F9B0427FF67AAFBAF1010F03D023786F
S2140178A09B077FF473AF624BB3F86830AB420DD1E0
S2140178B0604A614BB2F9001093F90030002900F0DC
S2140178C0A18001EB0313A3EB21131380A6F1100390
S2140178D0DBB20B938DF84130BDF842100DF1410338
S2140178E01022404607F072FC00283FF44FAF099B78
S2140178F013F002030A9300F00C81504B1B78002B07
S2140179003FF444AFBDF8428040460DF0EFFC4FF027
S214017910000907904046CDE91699CDF86090ADF87C
S21401792064900BF0F4FC079B039003F10E0189B2FF
S21401793040460DF0AEFC00286ED00E23079ACDF817
S2140179400090414616A80BF0F2FE0DF159010120F8
S2140179500BF058FC9DF8653004939DF858300C9058
S214017960282B59D1364908220DF15D000AF002F99B
S214017970002851D004980DF049F9002866D1314B02
S214017980049A1B78D31A1C0646D404F083F80128FF
S2140179903AD12D4E07F072FA3468054624B104F048
S2140179A07FF82C1B844237D3002108460CF0B3FA2B
S2140179B0356031E04FF6FD7602E74FF6FF70301A7C
S2140179C018BF012000223146400008F076FF0C2D3A
S2140179D00DD12146012001F0BDF800283FF4D6AEB6
S2140179E0214600201BB0BDE8F04FFEF711B82DB9B7
S2140179F020461BB0BDE8F04FFEF7F2BA042D7FF427
S214017A00C5AEECE61B0260E704F044F8022803D199
S214017A1004F022F80028BCD003990022192008F0AF
S214017A204CFFB3E6343F00200E4100201E3E0020EE
S214017A30D8380020F43D00200B410020303F0020C4
S214017A40E74000202F3F0020C43900200123009387
S214017A50079A4B46102140460CF017FF0028DBD052
S214017A60BD4B049A1B78934240F0A88003990DF110
S214017A705D0213A805F0B2FE012113A805F01EFF52
S214017A8048F20301814613A805F08CFFB9F1000FF7
S214017A9003D0082113A809F070FB40460DF044FC02
S214017AA003990DF15D0006F06DF9FE288146B3D00D
S214017AB0FF280AD103980CF0F5F8FF28814600F05C
S214017AC085800DF15D01FCF789FCA34B049A1B78B8
S214017AD0934200F0A1800C99484606F039F9002837
S214017AE03FF454AE48460C9906F044F923789807BB
S214017AF00FD140460DF0FAFB01464046FBF75EFA11
S214017B0000F00300012804D103980DF15D01EEF7A2
S214017B1075FEBDF842000BF09DFB010440F1838029
S214017B2020460BF05BFB40F4007189B220460BF057
S214017B3057FBBDF8420000224FF400410BF07BFBDF
S214017B40DDF81480BDF842100F980DF141031022A4
S214017B5007F03CFB00283FF419AE032866D1204607
S214017B600BF03CFB40F4007189B220460BF038FB69
S214017B7028460DF021FA002840F0BC80DDF814807C
S214017B80BAF1010F40F0BC80BDF84210032000F0AE
S214017B90E1FF002840F0B4803146BDF84200FBF713
S214017BA00DFA0F2801467FF6F1AD4FF6F7739F42A7
S214017BB03FF6ECAD28460CF0E1FAE7E50499012022
S214017BC003F0C6F900287FF451AF25E7237803F0C8
S214017BD00303012B08D140460DF088FB01464046C1
S214017BE0FBF7ECF9082894D05C4B1A785C4B1B78B1
S214017BF09A4209D20DF15D010398FCF7A3FB0398A5
S214017C000CF050F8814660E708980BF0E7FA4FF65B
S214017C10F7739842EED9FFE6484606F013F90028B6
S214017C203FF459AF5EE74FF000088BE728460DF0AA
S214017C30C3F90028A4D00A9B002B5DD1B8F1000F30
S214017C4058D1BAF1010FBDF842009DD03146FBF77D
S214017C50B5F98146DFF8148198F80030002B5AD028
S214017C600BF0B6FE87427FF491ADBAF1010F40F0FA
S214017C708580B9F1070F7BD8B9F1050F7FF686AD80
S214017C80384B1B78022B02D0043B012B03D898F803
S214017C900030002B46D00D9B9A0640F1BA800E9B11
S214017CA0002B40F0B28028460DF077F9FF2840F00F
S214017CB0AC805D457FF46AAD069B002B00F0A38087
S214017CC011AB46F204020126ADF858200193009646
S214017CD0022316AA314628460DF0E4FA0446002887
S214017CE03FF454AD29460BF0F9FA314620460BF025
S214017CF05CFF4BE5DDF8148028460DF036F93FE7CA
S214017D00BDF842003146FBF759F90A9B814613B983
S214017D10B8F1000F9ED0134B1B78022B02D0043B08
S214017D20012BB8D8284600F0D7FA804600287FF401
S214017D302DAD0BF04DFE854226D10B4BB3F86840B6
S214017D400BF046FECDF80080014643460D22204644
S214017D500CF01AFB1AE500BF2F3F00202E3F002033
S214017D60FD130020343F0020D8380020303F00208B
S214017D70A9F10E03DBB2012B82D907E509F0030353
S214017D80012B7FF403AD7BE728460DF015F958B9B2
S214017D900BF03BFE4FF6FF73984205D0F9F79EFEB7
S214017DA010B92846FCF774FA28460DF005F988B193
S214017DB00BF02BFE4FF6FF7398420BD0F9F78EFEB1
S214017DC040B9BAF1010F02D1B9F1060F02D0284627
S214017DD00DF0CAF8069BA3B919460122584600F0D1
S214017DE019FB804600287FF4D1AC20460DF0BDFA81
S214017DF042460146384600F00DFB00283FF44BAFE3
S214017E00C4E411A9E9E7069B5BE7637823F0200346
S214017E1063704FF6FC739F423FF4B8AC4FF6FD73A8
S214017E209F4204D1B04B1B78042B3FF4AFACA3792F
S214017E300BB1013BA37163785B0727D5002316AA14
S214017E4013A9584616930DF070F81698F0B10DF078
S214017E5065F8804638460DF0A0F8169A1379014663
S214017E6003F03000102806D003F00C0008281CBFD1
S214017E7023F00C031371137903F03303202B05D180
S214017E80FF2903D0012240460DF057F828460DF091
S214017E9084F8FF281EBF954B002243F82020099B3B
S214017EA003F001084FF6F7739F4200F2F980B8F12C
S214017EB0000F40F0CF80294658460CF0F2F80BF040
S214017EC087FD874200F0F88038460DF075F80028E7
S214017ED041D0BAF1010F27D1B9F1010F17D1BDF881
S214017EE04200424631460DF02BF838460DF064F854
S214017EF07F4B1B78002B72D158460DF05DF8002899
S214017F0066D138460DF058F8002861D13EE438466F
S214017F100DF052F850B3B9F1030F27D1BDF8420066
S214017F2031460CF069FA31E438460DF045F838462A
S214017F300DF040F8002847D0BDF84220002339460E
S214017F40584601F0C1F800283ED0BDF84200002195
S214017F50FEF7D0FE1AE438460DF02EF818B1BAF145
S214017F60010FD8D0E3E7BAF1010FE0D1604B1B78DF
S214017F70002BC1D0B9F1050F31D10BF029FD8DF8D9
S214017F8058000BF025FD000A8DF859000123022246
S214017F9016A90DF14200FAF76DFF00287FF4F6AB43
S214017FA0711CC9B2BDF84200FAF7F6FF0378013337
S214017FB003706378590715D40BF00AFD834522D068
S214017FC0002239461C202AE5494B1B78002B93D00A
S214017FD0BAF1010FCED063785A0714D502E0637860
S214017FE0580718D5BDF8424020460DF041F9411C0E
S214017FF0C9B22046FAF7D0FF0378BAF1010F03F1B0
S214018000FF33037004D0BDF84200FEF79BFF09E082
S214018010B9F1050FD0D0BDF84200FEF793FFB9F1D4
S214018020030FCDD00228CBD116AA002158460CF05A
S2140180307FFF30B10379458003F03C0343F04003F2
S214018040037100232B4A00931278394658460CF0E8
S2140180509BF9B5E7BAF1010F40F0918009F1FF33C2
S2140180600C2B00F2808001A252F823F0C38001009D
S214018070C38001001D7F0100D9800100F980010045
S2140180808D7701001D8101002D81010039810100DC
S214018090398101008D7701004F8101005B8101006C
S2140180A0BAF1010F72D0B8F1000F68D1BDF84200E5
S2140180B0FEF7BCFFFFF76ABBBAF1010F7FF445AFCD
S2140180C0CCE7A9F102035A42BDF842005A413146B3
S2140180D00CF036FFFFF75ABBBDF842103246584641
S2140180E0FEF750FCFFF752BB353F0020C82A0020A0
S2140180F0011400202D140020711CBDF84200C9B2E5
S214018100FAF75CFF0236F6B20246BDF84230009638
S21401811011A9584606F05AFAFFF738BB0B9ABDF874
S21401812042100120FDF75AFBFFF730BBBDF84200B5
S2140181300CF00CFFFFF72ABBBDF84200FEF740FD2E
S214018140FFF724BBBDF84200FEF73AFDAEE7BDF8E7
S2140181504200FEF753FAFFF719BBBDF8420009F0DB
S2140181603DF8FFF713BBBDF842103346224648469A
S21401817009F00EF800287FF409AB49461AE5237A80
S21401818003F00303012B7FF401AB8FE709F1FF3303
S2140181900C2B3FF6FBAA01A252F823F0C380010084
S2140181A0C38001001D7F0100D9800100F980010014
S2140181B08D7701001D8101002D810100458101009F
S2140181C0458101008D7701004F8101005B8101002F
S2140181D010B5124800210BF0E6F90446E8B10BF0A1
S2140181E0BFF80F4B187020460BF0BFF80D4B1870F8
S2140181F020460BF0C0F80C4B187020460BF0C0F868
S2140182000A4B1860012006F04FFE2046FFF774FA6D
S214018210BDE81040002006F047BE10BDBE3D002060
S2140182200C4100200B4100200A410020BC390020EF
S21401823070B5144E336804460D46BBB10BF014F806
S2140182400C2813D120460BF0FFF809220021044622
S214018250F9F778F9235C042B08D10B4C25B10B4BAD
S21401826022781B789A4203D300232370002070BD26
S21401827007483168FAF7E4FE2378013323700120BA
S214018280F5E700BFC03900200D4100202C14002066
S2140182902C13002070B50D4D00242C70EEF742FB18
S2140182A0E6B2B04208D80A4B00221A70094B198868
S2140182B001B11A80012070BD30460CF076FEC3076E
S2140182C042BF2B7801332B700134E7E72D3F0020A6
S2140182D0273F00209C3D002038B50B4B1B780546F8
S2140182E073B101335C08094B1888FAF777FC002351
S2140182F030F81320AA4205D00133DAB2A242F7D3EE
S214018300002038BD0120FCE7273F00209C3D0020CF
S21401831030B5054685B008460C460CF040FEFF28F1
S2140183200CD00BF09CFF01220021CDE9011203467F
S214018330009221462A460720FCF7AAFC28460CF0A4
S2140183402CFEFF2804460FD00CF02FFEC2070DD5D9
S21401835020460CF02AFE830708D40B4A32F8143064
S21401836043F4806322F8143005B030BD0BF077FF7C
S21401837001220021CDE901120346009207202A4678
S214018380FCF786FCF0E700BF983D0020431E9BB239
S2140183904FF6FA72934270B504462AD8FFF79CFF4F
S2140183A038BB194B1B78042B23D020460BF07AFCE4
S2140183B0FF2801D0FBF79AFE20460CF0B1FD08B16C
S2140183C00CF0A8FD2046114E114D03F0DBFD2046B2
S2140183D007F039F8317869B12888FAF7FFFB0546C6
S2140183E001461E22023009F0D5FB2C8033781E2B65
S2140183F007D970BD2020FAF7B7FC28800028EBD1FA
S214018400F7E702333370F4E7353F0020273F0020BB
S2140184109C3D0020F7B504460D4617460BF0D8FAEA
S2140184200646002D41D04FF6FB739C423DD82046B0
S214018430FFF752FF08B1A64237D02046FFF74CFFA0
S21401844010B1012003B0F0BD204608F077FAC0B1A4
S214018450A642F6D004B369462046FBF719F9024650
S214018460D0B9082168460BF063FAA8B90822694614
S214018470284609F07FFB78B1294620460BF01FFFFE
S214018480DFE7A642E6D10A490822284609F072FB30
S21401849010B10CF05EFDD4E73FB121462846FBF74C
S2140184A0BBFF2146284603F089FD0020CAE700BF2E
S2140184B0E7400020044A13782BB1013BDBB213706E
S2140184C00BB9024A13807047273F00209C3D0020CD
S2140184D00148FAF7A9B900BF9C3D00202DE9F047F5
S2140184E080468CB017460D4661B903AE1B48DFF8CF
S2140184F06CA000210AF0F7FF4FF0000904461CB9F2
S21401850020461DE00E46F1E700222146CDF80090F8
S214018510242330460BF00BF908224146304609F079
S21401852029FBA8B9337C9BB96FB945B92A460B48D4
S21401853021460BF057F80A4A1388013B13800120A5
S2140185400CB0BDE8F0873B88B28953405B06ECD59A
S214018550214650460BF01DF80446D0E7063E0020A3
S214018560043E0020024B1888003818BF01207047CF
S214018570043E00202DE9F0433048314D8DB0FAF726
S214018580FBFD06F07BFC2B68C41A4FF47A73B4FB30
S214018590F3F4A4B214B106F071FC2860294FDFF899
S2140185A0A8803B88ADF80A3000233B804FF6FF7663
S2140185B000210DF10A000AF0F6FF054658B9224BD4
S2140185C01B882BB14FF47A711C487143FAF738FDBA
S2140185D00DB0BDE8F0834FF000092423CDF80090DC
S2140185E04A46294603A80BF0A2F8BDF81A30A34262
S2140185F094BFDB1A1B1B9BB2ADF81A3063B9BDF8EA
S21401860018301B0602D5089808F0D4FBB8F80030DD
S214018610013BA8F80030CBE79E4228BF1E46012347
S21401862000934A462946242303A80BF080F84A46BD
S214018630294638460AF05DFFBAE700BF2C2B00201A
S214018640C8390020063E0020043E0020F0B52D4A21
S2140186500446516810688DB001AB03C3A378012BA3
S2140186604BD11422002107A809F0AEFAD4F8211044
S214018670D4F81D0003AB03C32388190644BF626800
S2140186800892DA050BD5221D08AE04F1140710680E
S2140186905168354603C50832BA422E46F7D1ADF8C1
S2140186A0183013F0040318BFA3690593164B08226C
S2140186B01B88ADF81A3001A903A809F05BFA18B1B6
S2140186C006A903A80CF01AF80022242103A80AF030
S2140186D0F3FE044698B10020FFF74CFF0B4800223A
S2140186E021460AF006FF0A4A138800200133138048
S2140186F0FFF740FF00200DB0F0BD7020FBE718200B
S214018700F9E700BF155E0200B8130020063E002000
S214018710043E0020F7B5044600200E46FFF72AFF68
S214018720104B1B88A34202D8022003B0F0BD0021E3
S2140187300D480D4F0AF0D7FE002501460029F3D05B
S214018740A54208D1002400942423224630460AF08C
S214018750EEFF2046E9E738460AF01BFF01350146E1
S214018760ECE700BF043E0020063E00200148FAF771
S2140187705BB800BF063E0020014B1888704700BF5B
S214018780043E002070B50C4611460E4A2378127836
S21401879013F0200542EA03020646227018BF611D47
S2140187A0082209F0F7F9D4F80130B360237833735F
S2140187B0002D0CBF05200D2003F01803082B08BF61
S2140187C0013070BD303F002007B504231A460DEB7B
S2140187D003010120FAF74AFD019B034A1B031360BC
S2140187E003B05DF804FB00BFF02B002010B5064C6B
S2140187F02368C3F30B0313B9042006F077FB206844
S214018800431C236010BD00BFF02B0020014B1868ED
S214018810704700BFF02B002007B5064B00201860FC
S21401882004231A460DEB03010190FAF71FFD03B06E
S2140188305DF804FBF02B00207FB51123062201A969
S2140188400120FAF713FD084B9DF814201A70074B08
S2140188501B780BB1052B05D108F066F8012007B08F
S2140188605DF804FB0020FAE72F3F0020303F002090
S2140188702DE9F04F0646CBB0884600880121174601
S214018880FAF736FA2E4B3188ADF816003A4606A8A6
S2140188900BF0D0FF0DF1280BC4195A46414630881B
S2140188A00BF055FFE4B208EB0003A34216BFA4EB9E
S2140188B008040446E4B205464FF004092346CDE910
S2140188C000095A4601210BEB050ACDF808B02D1B0D
S2140188D006A8EEF7F1F9EDB20BEB04030093019550
S2140188E023465A46308841460BF05FFF34883946A6
S2140188F02046FAF763FB394600F0F8022046FAF7FD
S21401890071FB01213088FAF7F3F901234A465146F3
S21401891080B10DF11600FAF7ADFABDF8162004463F
S21401892001213088FAF7F8F9B4FA84F040094BB01F
S214018930BDE8F08F3046FAF79DFA0446F4E700BF2B
S214018940E74000202DE9F04FC9B00446884692461C
S214018950C118224A04A81F46FFF714FFC519EDB235
S21401896008AB0293A5EB0A0BA8EB0A035FFA8BFB95
S2140189704FF00409A8EB0506DBB2F6B204EB0A02D7
S2140189800093CDF804905B46012104A8EEF794F914
S21401899006F590730DEB03025A44A2F5807208A8FF
S2140189A0136844F80830E35D23F00703E3552C44CD
S2140189B03246214609F01CF908ABCDE9019308AA15
S2140189C000230096012104A8EEF776F9324608A99D
S2140189D0204609F00DF949B0BDE8F08FE7400020C8
S2140189E0F8B506460CF05BFD811C054689B230469B
S2140189F00CF04FFCF0B1EDB129463046FAF7DEFA3D
S214018A001228074616D80C4B691C1C5CC9B23046A6
S214018A10FAF7D4FA2C44052FE4B205D1052809D873
S214018A20064B1B5C1C44E4B221463046BDE8F840C8
S214018A300CF02FBC0020F8BDFA840200F48402007A
S214018A40F8B505460CF052FC044628460AF0FCFC34
S214018A50A11C074689B228460CF01BFC00283ED014
S214018A60002C3CD021462846FAF7A8FA611C064697
S214018A70C9B22846FAF7A2FA0F2E30D8194B9B5DD9
S214018A80E118731E89B2092B0ED8DFE803F0090539
S214018A900D0D120D0D181E1EC40644BF083189B2F5
S214018AA0820601D5083189B22846BDE8F8400CF0A7
S214018AB0F0BB7B78DB0612D501EB4001F3E700F053
S214018AC01F0000EB40000144EDE71F2805D8092EE2
S214018AD006BF400080B20220F5E7C828E4D0002097
S214018AE0F8BD00BF0D850200F8B506460AF0ACFCDD
S214018AF0092200210546F8F725FD00F11004284655
S214018B000AF06CFBE4B2074621463046FAF756FAFD
S214018B1005463046FAF77EF8BA05A0EB0403DBB249
S214018B200AD47C2D0AD0082D0AD8064A505D9842F0
S214018B308CBF00200120F8BD1220F8E70320F6E7DD
S214018B40FF20F4E71E850200014B1878704700BF2E
S214018B502E14002038B5114B1B78044608469BB9E5
S214018B60012038BDA24205F101050FD103EBC10377
S214018B705B6898470028F3D11E2022464FF6FF7106
S214018B8007F09BFE0020ECE7054B0025E9B213F841
S214018B903120002AE6D11446EEE700BF2E1400204D
S214018BA0C484020013B50F49002303807F220223E9
S214018BB0098804460DF1060006F09AF99DF806307C
S214018BC0BDF806201BB1238843F001032380FF2A4A
S214018BD088BF23884FF0000084BF43F00203238040
S214018BE002B010BD085D0200034B1B78002B14BFBA
S214018BF0442056200E307047303F00202DE9F04FBC
S214018C008DB0CDE90423179C0394039CBDF858A0AE
S214018C10D58806460F4644B9EC0606D5CDF858A0C9
S214018C200DB0BDE8F04F07F0AABEC5F380242B05B2
S214018C304FEA043448BF44F40064A80511D544F053
S214018C4080040A2E00F25E81DFE816F088004F00ED
S214018C503B0059005C015C01590010008800590076
S214018C603600E90548BF44F04004EAE7BB464FF04A
S214018C700109022302934FF00008BAF1000F74D1E4
S214018C80A24B18884FF6FF73984206D0A049FAF710
S214018C90FFFC10B124F48054A4B2059B00935A46FD
S214018CA0434644F40271504604F0B0FEADF820008D
S214018CB000286BD118204EE0BB464FF00109032374
S214018CC0D8E708A9F8B20CF00AF8DDF82500DDF8B7
S214018CD0291006AB03C38F4B33F817B04FF00009CA
S214018CE0CDF808900DF11808C7E706A9F8B203F009
S214018CF021F90C23884A7B4332F803B0EEE74FF69E
S214018D00F7739F4240F2FE8015F4026F40F0FA803E
S214018D10824B1B78022B03D0043B012B00F2F4801C
S214018D20BAF1000F0BD1032E0CBF0C23082324F439
S214018D30C0740293A4B2BB464FF001099BE75046AC
S214018D40F9F768FF0246FFF74FFF032E08BF013809
S214018D508242E8DD74200DB0BDE8F08F4FF00009C7
S214018D60BB46CDF80890C84687E7049B1B8843B9E5
S214018D701A465146062006F045FA002880D11920E9
S214018D80E9E700231A4651460720F4E75F4A1188AF
S214018D904FF6FF7399421CD00AF056FB5B4A034616
S214018DA01188059304300AF01BFA5D49059B097882
S214018DB0D9715749554A14F4805F1FBF08689860F7
S214018DC04868D8604FF6FF7313804FF0FF330B608F
S214018DD04B60049A029908A804F0C6FE00283FF4E6
S214018DE069AF504C2378002B3DD1BAF1000F14D057
S214018DF05046F9F70FFF8046BDF82000F9F70AFF45
S214018E002378002B14BF122200228044EB1003F0BB
S214018E10040390444344842B9CDC15F400540AD08C
S214018E20BDF8208040460AF015FA40F4806189B208
S214018E3040460AF0FAF9A6F10803012B05D8BDF859
S214018E402000012210210AF0F6F9039BBDF82080CC
S214018E503BB3594640460AF041FA039ABDF8203022
S214018E601380002077E7AA06BFD56B0103F0200325
S214018E700A2E14BF43F0010363F07E03DBB2B9F19F
S214018E80000F08D000210091424608A800F0FCFD22
S214018E900028AAD05FE71A46414608A80BF002FE52
S214018EA0F6E740460CF022FA039B024641460420B0
S214018EB006F0A8F900283FF462AF0A2E16D84FF440
S214018EC0D963F340DB0711D5072E09D00A2E07D048
S214018ED0BDF820000BF0F5F80028C2D1A1203AE732
S214018EE008A808F062F90028F2D0F7E714B125F0D7
S214018EF04005ADB2BDF820002B46FAB2314601F06E
S214018F00EFFD28E7012026E7912024E7D61300206D
S214018F102F140020583C0020983B0020343F0020AE
S214018F2019410020303F002070B4084EBDF81040B3
S214018F30308007481546057000201A469DF80C300B
S214018F40CDE9034070BC0620FFF758BED6130020BB
S214018F501941002030B402460C48BDF8085005807F
S214018F600B489DF80C4004700A4804780020CDE9AF
S214018F7002304FF6FD700B464FF6FF71002C08BF0E
S214018F80014630BC0320FFF739BE00BFD6130020D0
S214018F90194100200A3F002013B50246084804780C
S214018FA00020CDE900300B464FF6FD704FF6FF71FD
S214018FB0002C08BF01460320FFF720FE02B010BDBB
S214018FC00A3F0020F7B51E46234B1B78022B0546A9
S214018FD00C4617460AD1A6B13046F9F71BFE0246E3
S214018FE0FFF702FE82420CD9742008E0043B012BF5
S214018FF0F1D9084608F0D6F80028ECD1912003B044
S214019000F0BD65B1022D1AD1EDF786FCA04214D948
S214019010124B33F814204FF6FD739A4202E04FF6D6
S214019020F7739C4209D80023CDE900633A46FF2333
S21401903021462846FFF7E2FDE1E70120DFE7012DA3
S214019040FBD1074B1B78A342F7D9E0B202F08AFFA7
S2140190504FF6FD739842E5E7343F0020583C002068
S214019060F713002030B5104B87B005460C4618683C
S214019070596803AA03C2986810609A88DB880B496E
S214019080ADF80E5023F04003ADF812300023CDE9C1
S214019090004352BAADF810200988FF2303AA07201F
S2140190A0FFF7ACFD07B030BD123E00201E3E00208B
S2140190B0034B1B7813B1034B18787047FF2070479A
S2140190C029410020284100202DE9F04F074689B0AC
S2140190D0104615461C468A460CF008F901462846F5
S2140190E0F9F76CFF064628460AF0AEF904300AF096
S2140190F075F880460AF06CFC804551D0B2074FD116
S214019100DFF8AC8005A92846B8F800B00CF0D8F90D
S2140191109DF81930A8F800700BBBBDF81430F3B9F0
S21401912028460AF091F902300AF058F84FF6F7731C
S214019130984204F1010494BF4FF000094FF0010971
S214019140E4B20123CDF800902A4605A938460393D8
S21401915003F01CFC039B40B901339C421ED2002045
S214019160A8F800B009B0BDE8F08F022CF8D1012BA9
S214019170F6D10C4A0C4BA3F800A01378591C1170B9
S2140191800A4A7F3B16F00C01137007D1BDF81A305E
S2140191905B0603D5BDF81600FFF764FF0223D1E78F
S2140191A00020DFE7323F0020D613002019410020BF
S2140191B01E3E00202DE9F04F8BB08846ADF81E000C
S2140191C00AF042F900F1020A064650460AF006F88D
S2140191D0BDF81E40BB4D074620460CF087F80146F9
S2140191E02046F9F7EBFE814600F00304301D09F036
S2140191F0F5FF28800AF0ECFBB8422DD04FF6F77346
S2140192009F4229D87378DA0726D438460BF0D2FE67
S21401921030B1BDF81E20288801233946FFF754FFD8
S2140192200AF0D6FBA74B1B8883420FD1BDF81E4020
S21401923020460CF05BF801462046F9F7BFFE10F019
S2140192400C0103D1BDF81E0001F004FD9E4B002267
S2140192501A600BB0BDE8F08F9C49BDF81E000CF0FB
S2140192602FF99B49BDF81E000CF08CF8964A984BD6
S214019270002808BF0023BDF81E0013600AF070F82E
S214019280944B1870BDF81E000AF06FF8924B1870D8
S214019290BDF81E000AF074F8904B186000238DF894
S2140192A02230B8F1000F25D0884BDB889B0621D5EC
S2140192B08B4B1B689F071BD4012C14BF0823182354
S2140192C00DF122020092002211460DF11E0000F05F
S2140192D0DBFB78B1012CA3D1824B1B78112B9FD1DC
S2140192E00BF083FC00289BD1AF20FBF769FC97E7C6
S2140192F00823E5E7504609F071FF4FF6F7739842E9
S21401930040F2F480012C00F0FC80022C00F0788101
S214019310002C85D1DFF8B481BDF81E00B8F8063000
S2140193200493ADF824000AF08FF8BDF824600446D3
S21401933030460BF0DBFF01463046F9F73FFE8DF86D
S2140193402300A01C667809F049FF07460AF040FB97
S2140193504FF6F7739F422D88B8F8024006F00106D3
S214019360824600F2FE80002E0CBF08200620002256
S214019370294607F0A2FABDF8249048460BF0B6FF3E
S214019380002302464946042005F020FF4FF6F773F6
S2140193909F4281460BD8B8F90620B8F80630002A55
S2140193A005DB580603D500212046FFF75BFEB9F121
S2140193B0000F3FF435AFB8F80030002B5BD198F8BA
S2140193C00530002B57D14FF6F7739F4294BF002309
S2140193D001230DF12601BDF8240003930BF0C9FC0F
S2140193E0DFF8E0B000F1FF39BBF8003005935FFA13
S2140193F089F9B8F80630BDF8260006934946F9F70C
S214019400DDFD0499069B019000930598039B224677
S214019410C1F3401107F0D3FE00283FF401AF2B4BF8
S214019420BDF826104A46062005F0D0FE00283FF477
S214019430F7AEB8F8022048F202039A4205D1BDF809
S2140194402410BBF8000000F03FFFDFF8808009AA77
S21401945041460DF1230007F0B0FE034600287FF4D5
S214019460DFAE2104BBF80000BDF824207BD52346DF
S21401947041460BF093FCDFF8548036B99DF8233053
S21401948003F00C030C2B40F09280B8F808000BF0A8
S21401949050FC00283FF4C4AEB8F80810002002F0D3
S2140194A00DFC114B18704FF6F773AA4514BF022531
S2140194B003259F42BDF8240002D8002E00F09280BA
S2140194C0012393E01E3E0020D0390020123E0020EA
S2140194D0114100200C4100200B410020BC39002026
S2140194E0002C0020343F002028410020022C00F0F0
S2140194F08780474BB3F90630002B25DA012C7FF421
S21401950007AF0AF065FA2B8883423FF489AEBDF8AF
S2140195101E100520FFF71EFB00283FF481AE3C4AD3
S214019520D3885B0607D50023CDE900330A202988B6
S214019530FF23FFF763FB9DF822302988BDF81E0044
S214019540424601F0FBFF6BE6BDF81E00F9F762FB31
S214019550A0F11001C9B2304600F086F80028CDD03F
S2140195605EE6062003E7DFF8B890022189F80010CE
S21401957003990091414603F009FA132C3FF47BAF9F
S214019580B8F806305B043FF576AF224B1B78D80758
S21401959004D599F80020022A3FF46DAF99077FF5AC
S2140195A03FAE99F80030012B7FF43AAE63E798F8A6
S2140195B004301948009398F8053000883246314641
S2140195C002F0A4FB154B18709DF82330BDF824005B
S2140195D003F00C03082B4FF6F7730CD035469F4269
S2140195E03FF66EAFA4F138025342534108492A466A
S2140195F003F07EFF14E6AA4514BF04250525EEE711
S214019600BDF81E200249484601F096FA08E600BF5A
S214019610123E00200E3F00201E3E00202841002062
S2140196201A41002010B50948002109F0BCFF044684
S21401963050B101460420FFF78DFA28B120460121DA
S214019640BDE81040FFF7B6BD10BD00BF023E0020CA
S214019650034B04481A78FF21920008F0B5BA00BF00
S214019660F8130020382A002070B5451804464FF03C
S214019670FF31AC4212D1104B10481A780546002330
S214019680934211DB0E4C2078431CB3FBF2F602FB2F
S214019690163345F82010237000200CE014F8010B57
S2140196A0E9F794F90146E4E750F8044BA14201D0EA
S2140196B00133E5E7012070BDF8130020382A0020A9
S2140196C01B41002007B5042301220DEB03011046C0
S2140196D0F9F7CCFD019B034A1B03136003B05DF849
S2140196E004FB00BFCC390020014B1868704700BF4F
S2140196F0CC390020014B1868704700BFCC390020D8
S21401970010B5064C2368C3F30B0313B9012005F00B
S214019710EDFB2068431C236010BD00BFCC39002040
S2140197202DE9F04F93B0DDE91C79039300230693EE
S214019730834699F8003004930DA80E46154607F0A7
S21401974025F999F8003013F003043ED0039B8DF8F9
S21401975024300DF1250A0022082138460AF0E8F8DF
S21401976000286FD0288809F06FFE99F800301C0792
S2140197704CBF0430023009F031FD07A9804604F0E1
S2140197805BF89DF824300446980633D5288806F100
S2140197900D010BF07EFDB0B100230093721D2988E8
S2140197A00823D2B2384609F0C2FF99F8003003F018
S2140197B01803182B48D1B8F1000F45D0A74BB3F8C2
S2140197C06830434540D0A62326E02888711D0BF05B
S2140197D060FD0028F7D0009405232988324609A8A1
S2140197E009F0A5FF9DF8243003F0180303930DF14B
S2140197F0240AB0E70CBB39464046F9F749FF002872
S214019800D3D099F800309907DDD04023224621466F
S21401981040460BF06BFBBE2399F8002012F00304C0
S21401982040F0F7802888039309F071FD224601462F
S2140198301A2007F042F8039BEBE007AB03CB386036
S2140198407960B2E74FF6FF7807F09CFC044620B13A
S2140198500421384604F00CF804461E9B002B5AD00F
S21401986009231E998DF834300DA807F0DBFA209BEA
S2140198700BB1209B0693039B002B40F08E800DA816
S214019880EDF7D4FA99F800309A0700F09880FFF7C0
S21401989037FF51460246012009F0A6FC99F8003030
S2140198A09B0710D5594628880BF0D0FD0BF109030C
S2140198B050FA83F35FFA83FB288859460BF09BFD29
S2140198C000EB0B06F6B299F8003013F0C20F0AF15E
S2140198D004030DD09DF82420614942F020028DF842
S2140198E024200A68CAF804204A685A600AF10C0360
S2140198F009A8012200921B1A29883246DBB209F018
S21401990016FF324659462846FEF7B2FF002800F0F9
S214019910A38000237DE01F9B5BB19E46BEE80F003F
S2140199200DF1340CACE80F00DEF80030CCF8003056
S2140199309DE7049B288803F0200359460493F9F712
S2140199403DFB10F0030F0CBF012300230593049B7E
S214019950059A1F99003B18BF012342EA430300936F
S2140199600DAA06AB384600F0E5FA049A034682B122
S214019970002880D0059B00930DAA06AB1F99384698
S21401998000F0D8FA99F8002022F02002034689F860
S2140199900020002B3FF46FAF3EE7039B102B06D150
S2140199A0BDF8363043F00103ADF8363067E7039B68
S2140199B0182B4FD1BDF8363043F00203F4E70DF112
S2140199C02501012009F01EFC99F8003013F0040F60
S2140199D08246288821D1069B1BB3002C35D009F07E
S2140199E096FC00220146162006F067FF84B17FB17F
S2140199F04FF6FF7398450BD000231A460DA938463B
S214019A0007F014FB9DF835203946404607F0D0FB99
S214019A100123184613B0BDE8F08F002CDFD1104F9C
S214019A2001E0002CDBD10023009332463B46594629
S214019A300AF02BFF00283FF4C6AE002C3FF469AFB6
S214019A40069A0AF10103136063E71B685345C6D8FB
S214019A500124E8E7A623DCE71823DAE7D838002054
S214019A60E740002007B5074A00230193136004234B
S214019A700DEB03027F21012005F036FA03B05DF8F5
S214019A8004FB00BFCC3900202DE9F04FB1B00446ED
S214019A9000888DF82F3016468A463A9F0BF026FC32
S214019AA00146814620880BF0A6FC00EB09082088B9
S214019AB00BF0F5FC9DF82F500790002315F0010BD5
S214019AC05FFA88F8ADF8363008D101460DF1360256
S214019AD020880BF098FB08B1ADF836B016B9CDE981
S214019AE00E660EAEFEF73EFD18B145F020058DF868
S214019AF02F500023CDE9033302930DF12F03CDE957
S214019B0000632246534641464846FFF709FE05468E
S214019B10002800F030819DF82F3013F0010B45D15D
S214019B20B64A23F02003106851688DF82F3010AB29
S214019B3003C3184600F0E2F95D460890FEF71CFEE6
S214019B40ABB2984200F2B4800FB100233B70BDF86F
S214019B503630CBB120880121F9F7CAF827880546A7
S214019B60002800F0368101213846F9F7C1F8BDF822
S214019B70367005463846F9F74DF8002300903A4608
S214019B801946284609F00DFE0023CDE9033302935A
S214019B900DF12F03CDE90063224653464146484660
S214019BA0FFF7BEFD0546002800F0E5809DF82F3042
S214019BB003F01103102B40F0F180914B1B78432BDF
S214019BC040F0EC808F4B1B685B0640F1E7802088F5
S214019BD008F105010BF05DFB8346002800F0DE80EE
S214019BE041462088F9F7EAF9874B10F0200F08BFA5
S214019BF01E4612A800F082F90822314612A807F084
S214019C00B9FF002800F0F580314612A807F087FA60
S214019C10012326AE00933246002314A912A800F0B1
S214019C2089F9002840F0BA8012AB0DF12F07CDE973
S214019C3003600290009301975346224641464846E8
S214019C40FFF76EFD002800F0D680BDF89A3018AAFE
S214019C5043F0080314A91020ADF89A300AF0EEFC80
S214019C60002840F09B8012ABCDE90360CDE901707E
S214019C7000932246534641464846FFF751FD0546A6
S214019C80002840F08B8018AB4FF49071002012AA88
S214019C9000F0BEF84FF0005100200AF05BFFBBF168
S214019CA0000F7AD04FF0805100200AF053FF74E085
S214019CB018AB14AA26A9E8B207F00DFA002875D148
S214019CC0082210A927A807F055FF089B8346002BFA
S214019CD068D09DF8A530099313F0020F62D00822D0
S214019CE012A927A807F046FF00285BD1099B590750
S214019CF058D50FB101233B7014AB0FCB0DF1740C8B
S214019D008CE80F00BDF83630CBB120880121F8F77A
S214019D10EFFFB4F800B000284DD001215846F8F7FF
S214019D20E7FFBDF83620099283461046F8F772FF22
S214019D300023099A00901946584609F032FD334B24
S214019D400493002303931DAB02930DF12F03CDE97A
S214019D5000632246534641464846FFF7E1FC28BBCE
S214019D60089B002B33D012AA1DAB4FF482714FF41F
S214019D70005000F04DF8234B1B689A070DD4FEF7F0
S214019D80F1FB50B11D4A1068516818AB03C300229D
S214019D9026A918A80AF075FC30BB0025284631B064
S214019DA0BDE8F08F27B9BBF1000FA5D00135C5E698
S214019DB000233B70F7E7BDF836200A90104609925B
S214019DC0F8F728FFDDE9092307990090B4E7089A18
S214019DD0CAE7BDF836B05846F8F71CFF0799009059
S214019DE02B465A463846CDE626A918A80AF086FC20
S214019DF0CDE783460CE714AB46E700BF155E0200CD
S214019E00343F0020002C002042390020FC2B00208B
S214019E10F0B591B00746164609A80D461C460AF04D
S214019E2093FE3EB13368CDF826307368CDF82A30FC
S214019E3045F040051B4B1A6822EA070242EA050173
S214019E4019604B040DD5BDF824200B0A03F4E24338
S214019E50C9B222F4E3420B4322F07F021343ADF86A
S214019E6024301A23082209A90020F9F7FFF9B4B112
S214019E7004A806F08BFD02236A468DF8103004F123
S214019E8010062346154618685968144603C4083355
S214019E90B3422246F7D1294604A806F0C3FF11B003
S214019EA0F0BD00BF002C0020054B196847F2FF10DB
S214019EB041F48042014041F480411A600AF04ABEF2
S214019EC0002C002000B589B0FEF7B6FC01A80AF008
S214019ED03BFE0948BDF804200168130221F0FF018A
S214019EE003F4E2030B43D2B2134343F4804303600B
S214019EF009B05DF804FB00BF002C002010B50C4B28
S214019F0004461868830788B006D54FF0FF332360F0
S214019F106360012008B010BD10F04000FAD001A81F
S214019F200AF012FEDDF806302360DDF80A30EFE7AE
S214019F30002C00202DE9F04F99B082469DF88890BC
S214019F400C461E469046CAB11546284606F01EFD2A
S214019F5019F0020714D004B911AC6B462246294603
S214019F60504607F096F80EB100233360002814BF60
S214019F70A6270027384619B0BDE8F08F0CADE4E7F8
S214019F806B4604AA2946504607F050F86B78FF2B1B
S214019F9009F0010923D000287AD15CB104AB0DF198
S214019FA0200C1A4603CA624520606160134604F11C
S214019FB00804F6D126B16A78364B03EB8203336088
S214019FC0B9F1000FD6D0BDF80030D906D2D46A78E0
S214019FD04FF6FF71182006F070FCBB27CAE7DFF8C2
S214019FE0BCB0DBF8003026B19A0756BF2A4A376064
S214019FF0326003F03003102B01D0202B1FD111A8A3
S21401A0000AF0A2FD08220DF14601504607F0B2FD06
S21401A01028B1DBF8003003F04403402B0FD0B9F130
S21401A020000F0ED108A80AF099FD02232B70CCB9B7
S21401A030B8F1000F9ED0281DFFF760FF9AE7A6270C
S21401A04098E7DBF80030DB03ECD508A80AF086FDBC
S21401A05002232B70D4B9B8F1000FB8D0281DFFF732
S21401A0604DFFB4E7002608AB0DF1300C1A4603CAC3
S21401A070624520606160134604F10804F6D1281D8C
S21401A080FFF73CFF002E3FF475AFA0E70126EAE795
S21401A09003276FE7342A0020FC2B0020002C002029
S21401A0A049B9084B197849B14EF66023594328B18E
S21401A0B00548F8F7C5BF41F28831F8E70248F9F7D5
S21401A0C05BB800BF0C3F00204C2B002070B586B05B
S21401A0D00546F9F761F910B9702006B070BD01A800
S21401A0E0FFF70CFF06460028F6D055B9304B1C6822
S21401A0F014F0020433D14FF48163ADF80C30022121
S21401A10025E02C490822284607F034FD0028E3D034
S21401A110274B1C6814F0020406D0274B1B78112B22
S21401A120DAD1264BB3F868400822294601A807F081
S21401A13021FD0028DFD04FF40273ADF80C302B68F8
S21401A140CDF80E306B68CDF8123000260A210022B9
S21401A15003A809F0B1F9024648B91820BDE7164B25
S21401A1601B78112BB8D1154BB3F86840C3E7104BD9
S21401A170196801F03003102B17D0202B14BF0123D0
S21401A1800323490001F004010B432046002100F09F
S21401A190D3FF0028E1D000210120FFF781FF16B18F
S21401A1A0074B01221A70002097E70323E9E700BF57
S21401A1B0002C0020E7400020343F0020D838002043
S21401A1C01041002030B51D4D85B00024CDE9004476
S21401A1D0F8F7D2FF2B783BB319491A480A7800786A
S21401A1E0904221D90132012B0A700DD122464FF43B
S21401A1F0A071204602F04AFBB0B9134841F28831FB
S21401A200F8F71EFF05B030BD022B08D102A9204683
S21401A210F9F73EFA40B902A8FFF758FFECE7032B1F
S21401A22002D101F03DF9E7E7002108462970FFF762
S21401A23037FF0421684605F045F9E3E71C41002095
S21401A2401D410020371400204C2B002070B5194A00
S21401A250194D51682E7886B00446106801AB03C3C9
S21401A2601EB17024204606B070BDF9F7DDF802284D
S21401A270F7D103A800F0CEFD082201A90DF10E00CA
S21401A28007F078FCA0B10D4B32464FF4A071304672
S21401A2901C7002F0FBFA04460028E3D1084A09487C
S21401A2A0012341F288312B701370F8F7C9FED9E704
S21401A2B0B724D7E7278502001C4100203714002069
S21401A2C01D4100204C2B0020F0B52F4E9BB00746B9
S21401A2D00C464922002107A8069107F075FC337841
S21401A2E0012B37D1B7BB0DF10E0120460AF041FD17
S21401A2F00546BDF80E00F8F78DFC441BE4B22A466D
S21401A300BDF80E100097234606A809F010FA04A916
S21401A3103846F9F7BDF90246E4B19DF819301A43FB
S21401A32012F0FF0216D1BDF8233003F47E43B3F5D5
S21401A330285F1ED3B3F5385F0ED31449BDF80E005F
S21401A3400B6843F400030B60294606F014FF18B1AE
S21401A350042333701BB0F0BD0D4B012204A81A7004
S21401A360FFF7B4FE0B4841F28831F8F769FE022385
S21401A370EFE7114610463270FFF792FE1E2104A841
S21401A38005F0A0F8E6E700BF1C410020002C0020E5
S21401A3901D4100204C2B0020014B1870704700BF58
S21401A3A01D410020014B1878704700BF1C4100205A
S21401A3B0014B1870704700BF1C4100202DE9F04783
S21401A3C08CB00546B5294088ADF80A00884600F0ED
S21401A3D0878095F80890AE7909F036F805A9044605
S21401A3E0BDF80A00EF790BF06BF8BDF80A0008F02B
S21401A3F031FF430542BFBDF81A3043F40053ADF8B0
S21401A4001A30EB79D80642BFBDF81A3043F48053B0
S21401A410ADF81A30BDF81A30990613D5022E65D15B
S21401A42008A9287A0AF05BFCDDF82500DDF829107A
S21401A43003AB03C303AA0021009104230DF10A0014
S21401A440FFF722FBBDF80A000121F8F751FC022EA6
S21401A450824657D1444B33F81940B8F1000F6DD0FE
S21401A460BDF81A305A0669D54FF6FB72944265D884
S21401A4703E4AB2F86820A24260D0DB0502D52046EB
S21401A4800AF05CFDBDF81A30D80457D5002E46D127
S21401A490BDF80A0008F0DEFEC10611D4CDF8008032
S21401A4A0534605AA2146304604F06BFE0B2017F0F2
S21401A4B003021CBF02F1FF32D2B2214606F0FDF9BB
S21401A4C0BDF8162048F234039A4209D1284E307856
S21401A4D0FF2805D003222146FCF7EAF9FF23337053
S21401A4E000232B806B800CB0BDE8F087012E01BFE6
S21401A4F02B7A204A03EB430302EB83020CBF0232A2
S21401A500002298E7012E05D10C231A4A03FB09F312
S21401A510D45AA2E7A01C08F061FE04469DE7204637
S21401A52001F030FDBDF80A0008F094FEC206C7D45B
S21401A530CDF80080534605AA4946B4E7BDF80A009F
S21401A54008F088FEC306BBD4CDF80080534605AAA2
S21401A550002E14BF49462146304604F012FEB8F1DB
S21401A560000FA3D10920A2E7583C0020D8380020CC
S21401A5703B140020983B002070B5114B114D002470
S21401A5800A262A78A24205D8C2B9BDE870400E480C
S21401A590F8F7F2BD598869B9013AD2B2A2422A70D7
S21401A5A0EFD0121B03F10A011846724307F0F2FAC4
S21401A5B00346E6E701340A33E4B2E2E770BD00BFC2
S21401A5C0343B0020204100204C13002070B51A4B6C
S21401A5D01A4A1D780023DCB2A54200D870BD144685
S21401A5E001336688864202F10A02F4D1E379A5882E
S21401A5F0617203F040028DB9CAB123F00403E3711E
S21401A60008F022FF037803F07F03037021880029F6
S21401A610E4D1BDE870400A48F8F712BD0021658014
S21401A620A180002AE9D1BDE87040FFF7A5BF20460A
S21401A630FFF7C4FEF7E700BF20410020343B0020AF
S21401A6404C1300202DE9F047044686B040880F469B
S21401A650154608F0F9FEA3798046082B51D8DFE8A5
S21401A66003F0052E1850505050500500023008F0E7
S21401A670B5FD002D4DD06946F9F70AF838B9684698
S21401A68001F02AFD00F0010006B0BDE8F0870020C9
S21401A690F8E702A9207A0AF022FBDDF80D00DDF8C2
S21401A6A01110334A6B4603C3237A32F81390314AAA
S21401A6B0D05C6E4675B131460AF020FBE4E7237A9A
S21401A6C02D4903EB430301EB830231F82390907A83
S21401A6D0961CEFE74FF6FB7AD14514D930460AF0BF
S21401A6E057FC4FF6FF739842054614D00146304694
S21401A6F001F064FC554507D9E379DA060DD4CB237E
S21401A70063720020C0E74D46294608F1020008F0B2
S21401A71067FD0120B8E74D46EEE74FF6FC78454564
S21401A72011D103F00C030C2B1BD1D7B130464FF6D9
S21401A730FD7101F043FCC82161722046FFF73EFE21
S21401A740FFF71AFFDDE74FF6FD739D4209D100239F
S21401A75019461A46304602F0FDF84146304601F0E9
S21401A7602DFCE37943F00C03E371CC23C8E700BF6B
S21401A770583C0020113F0020983B002073B504464A
S21401A78040880E4608F060FE023008F027FD06F00D
S21401A79009FD18B1A11C201D06F009FDE6B1E579F9
S21401A7A00135EDB2E57115F0400514D0ECF7AEF8C1
S21401A7B00122054600212046FFF744FF18B1394B18
S21401A7C01B882B449DB2384B1B78042B01BF354B9D
S21401A7D01B885B199DB22580002231462046FFF773
S21401A7E031FF20B3608808F02FFEE2792F4922F06E
S21401A7F00C03E3710B780133DBB20B70C3712C4B86
S21401A8001B780546A61C0BB3E37998061ED5294985
S21401A810097871B159060CD592070AD50022009223
S21401A820042311463046FFF72FF910B1607202B0CB
S21401A83070BD00220092012311463046FFF724F92D
S21401A84020B1E37943F00303E371EFE7304606F006
S21401A850ACFC10B10123E371E9E76088FCF772FBF9
S21401A8600328E4D8DFE800F0020D1B18E37943F073
S21401A8700403E3711B06DAD50F4B1A780F4B1A70D7
S21401A880D5E7CD236372E37943F00803E3712B78B0
S21401A89003F07F032B70CAE7CE236372C7E7CF238B
S21401A8A0FBE700BFB4130020353F0020323F0020F5
S21401A8B0303F0020381400200F3F00201F410020A9
S21401A8C02DE9F74F064604F0D4FA5D4B5D4AB3F81E
S21401A8D0009018805B4BDFF880B11B78A0EB090471
S21401A8E0A4B2A34286BF1B1BDBB200231370A9EBE5
S21401A8F0000305464FF000084FF6FF770093524BD2
S21401A90019785FFA88F291420ED80EB1FFF734FE3D
S21401A9104FF6FF739F4200F08D804C48394603B0D6
S21401A920BDE8F04FF8F78CBBBBF80220002A3CD0FC
S21401A930474B9BF807201878BBF800A0042818D0CE
S21401A9400020BAF1000F08BFA2462044504523D28A
S21401A950BBF80010009B1944ABF80010002E4DD038
S21401A96002F04802482A49D100215846FFF706FF5F
S21401A97044E00192F8F702FE30F01003019ADFD1AD
S21401A980FBF748FD334B019AB3F800C08445D7D98D
S21401A990ACEB000080B2D4E702F00C00042807D12B
S21401A9A00022ABF800200BF10A0B08F10108A6E71C
S21401A9B0510602F0030C02F008000DD520B3BCF1DD
S21401A9C0030F24D1D6B19BF80910002908BFC9216D
S21401A9D05846FFF7F3FC11E040B3BCF1010F25D157
S21401A9E01206EFD44FF4C862ABF800209BF807209C
S21401A9F022F0030242F002028BF80720BBF8002087
S21401AA00974228BF1746CEE703208445DAD21306BD
S21401AA100ED50C4B1A780AEB0200844208DA4A4437
S21401AA20521B0AEB0201ABF80010E7E70120ECE746
S21401AA3001219AE7054803B0BDE8F04FF8F79CBB43
S21401AA40083E00201F410020204100204C1300201A
S21401AA50353F0020B6130020343B00202DE9F0419D
S21401AA600B4EDFF8348000250A273378ECB2A34278
S21401AA7004D8BDE8F0410748F7F7D6BE07FB0484C3
S21401AA80A01CF7F7D1FE201DF7F7CEFE0135ECE747
S21401AA9020410020FE3D0020343B002070B50D4DC6
S21401AAA00D4E00242B78A34208D81B1BDBB22B705B
S21401AAB073B9BDE870400948F8F75EBB04EB840043
S21401AAC0CA2106EB40000134FFF778FCE4B2E9E75F
S21401AAD070BD00BF20410020343B00204C130020F5
S21401AAE0F8B5124F124D3E782D78DFF848C006EBC8
S21401AAF08604B5424FEA440E0CEB440414D003F42A
S21401AB00835343EA13230025E37166236080A17112
S21401AB10227228462CF80E500136A58063723E70CC
S21401AB20FFF7CEFE2846F8BD7220FCE72041002044
S21401AB30F6130020343B00202DE9F04F354B1C78EE
S21401AB4085B00E4617465CB9B1F90680DFF8CC90A1
S21401AB50DFF8CCA0DFF8CCB099F80030A34202D8D9
S21401AB6005B0BDE8F08F04EB84050AEB4505A8881F
S21401AB7000B9688801A90AF0A3FCB27A9DF80E30E4
S21401AB809A4244D1B8F1000F0FDA317A9DF80C20C1
S21401AB903389914209D8204800780844824236DA3F
S21401ABA0521A1B0A1341D90731D538460AF077FCE9
S21401ABB0BDF80A309A06044602D5F3889B06CFD51F
S21401ABC0EB7903F00C03042B08D16888F9F7E6FE4D
S21401ABD000236A88194618460AF0D4F90021284647
S21401ABE0FFF7ECFBFFF7C8FC3846F8F713F884428A
S21401ABF008D22B7A8BF800300122002331463846E2
S21401AC0002F076FCB8F1000FAADA0024A4E70134BA
S21401AC10E4B2A1E71E410020F513002020410020E8
S21401AC20343B00202841002008B504F022F9074BE8
S21401AC301B88C01A80B2B0F5807F05D9BDE80840F0
S21401AC4003480021F8F7FCB908BD00BF083E002004
S21401AC504C1300202DE9F04186B004460D460AF05B
S21401AC6045FB01462046F8F7A9F910F003034DD13C
S21401AC7010F00C0F06D12946204606B0BDE8F0417B
S21401AC80FFF7A4BC204608F0E5FAC30634D42046F4
S21401AC900AF02CFB01462046F8F790F906462046B6
S21401ACA008F0D2FB0746023008F098FA03A980465E
S21401ACB020460AF005FC06F00C067B780C2E0CBF2D
S21401ACC003260626012113F0010F204618BF03268E
S21401ACD0F8F70EF8104A1288A24203460FD1B5FAC9
S21401ACE085F04009FBF722FD204608F0E1FA002234
S21401ACF00146072005F0E1FD06B0BDE8F0810095AC
S21401AD0003AA4146304604F03CFAEDE7012BF3D1A5
S21401AD1010F00C0FF0D1AEE7FE3D002010B50A4B47
S21401AD201C780A4B0022D1B28C4201D8002010BDFB
S21401AD30197A814202D19979022902D00A33013265
S21401AD40F1E70120F3E700BF20410020343B00205B
S21401AD5010B5094B1C78094B01460022D0B284423B
S21401AD6001D8002010BD187A884202D198790128AE
S21401AD70F8D00A330132F1E720410020343B0020AD
S21401AD8010B40B4B1C780B4B0022D1B28C4203D86B
S21401AD905DF8044BFFF7F0BB197A814205D199792A
S21401ADA0012902BF0021198059800A330132ECE7DC
S21401ADB020410020343B0020044B1B6813F0300F69
S21401ADC003D02021302009F0C5BE7047002C00209A
S21401ADD00949002310B51A46044601EA00414FF01E
S21401ADE07F60FFF715F8E30703D50021302009F04F
S21401ADF0B1FE002010BD00BF00007207044B5B8847
S21401AE0023F4784323F08D0303800020704700BFAE
S21401AE10002C002008B503460022C3F80220C3F820
S21401AE2006200B4A1268D1B212F0200F18BF41F06B
S21401AE3010011980930700F1020001D4FFF75EF8B4
S21401AE40044B1B78023B032B8CBF9320002008BDCC
S21401AE50002C0020343F002038B505460C46FDF78F
S21401AE60EBFC98B10D4B187878B10D4B1B681A04A2
S21401AE700ED57CB113F0420F00D16DB103F44073CF
S21401AE80B3F5407F0CBF0020B72038BD9520FCE706
S21401AE90A820FAE72046F8E7B720F6E7303F00207B
S21401AEA0002C0020F0B58DB0044607A80D461646C6
S21401AEB005F06CFD1022002103A806F085FE5CB1AA
S21401AEC0234603F1100703AC18685968224603C2EB
S21401AED00833BB421446F7D1012786EA070303A9C4
S21401AEE007A88DF81C708DF81D3005F08CFF80EAE0
S21401AEF0070401A8E4B205F05FFFB6B101A88DF81A
S21401AF00065005F0E8FF64B1002303A907A88DF8F1
S21401AF101D3005F087FF0C4B1B78432B01D102F047
S21401AF20DFFE0A4B1D700DB0F0BD01A88DF807506D
S21401AF3005F0D1FF002CF6D003A907A88DF81D70E7
S21401AF4005F070FFEFE700BF343F00202F3F0020E1
S21401AF50F0B593B007460DA801250C4605F016FD81
S21401AF6005A90DA8ADF8345005F077FF01A805F046
S21401AF7023FF09A90DA88DF835509DF8066005F048
S21401AF806CFF0DA89DF8075005F0D6FE70BB731B2D
S21401AF90DBB2802B28D91FB1A64225D0A54223D1EA
S21401AFA005A90DA805F03EFF03A805F005FF03A8B7
S21401AFB08DF80F6005F08FFF0122294609A8FFF7DB
S21401AFC071FF0AF00EFB01214FF4007009F0C3FF78
S21401AFD0FDF71CFCB0F1004F01D9FDF71DFC044B39
S21401AFE0187804F060FA012013B0F0BD0020FBE7EA
S21401AFF02F3F002070B50E46144605460320FFF786
S21401B000D7F946F004022946204605F04DFF024BCB
S21401B01000221A6070BD00BFFC2B0020F0B587B07F
S21401B020078805461022002102A806F0CDFD3B4BFD
S21401B0301B78002B6FD1B80557D407F08403842BF7
S21401B0405CD0374C09F002FE17F4045F276005F167
S21401B05002061CD0BA040AD5304602F0A3FA00282C
S21401B0604AD1236823F4005343F4807323603046A7
S21401B07009F0F9FD00283ED105F086FC18B92368D1
S21401B08043F480332360236843F02003236022685F
S21401B09042F4004112F0400218BF05F12302334684
S21401B0A047F2FF102160FEF7B3FE0DF10600FFF731
S21401B0B0A5FE236813F4805FBDF8063022D043F066
S21401B0C02003ADF80630BDF80600FFF781FE2368C1
S21401B0D09B0506D595F82210012205F11200FFF70F
S21401B0E0E1FE104B0020186006E005F1120009F0A1
S21401B0F0BAFD0028A1D0B22007B0F0BDB907A0D58F
S21401B100B720F9E723F02003ADF80630FDF784FBFE
S21401B110FEF7A8FCD7E77020EEE700BF343F00201B
S21401B120002C0020FC2B0020024B1868C0F30050B6
S21401B130704700BF002C00202DE9F047064688B076
S21401B14089461046002115469846F7F737FF10281E
S21401B15007460AD8684B0341DB0706D4C8F3400408
S21401B1609DB9002008B0BDE8F087644B1C78002C20
S21401B170F6D0FFF7D9FF00280CBF4FF4F0744FF458
S21401B180D074FC4004F00104EAE7002318F0010F34
S21401B1901A4629464FF005000CBF4FF0080A4FF437
S21401B1A0027A04F02FF80028DBD0C8230093324639
S21401B1B000235146284602F029FCADF80E0000286F
S21401B1C0CFD018F0080A4AD1A7F10F024FF6F7734D
S21401B1D0D2B29E428CBF09230123012A01D843F033
S21401B1E04003474A8DF8103013788DF81130591CFA
S21401B1F01170002C4FD09DF81030052F43F020031E
S21401B2008DF8103033D03F4B1D78002D5AD04FF6B5
S21401B210F77300259E424FF00F0248D9012304A977
S21401B2200DF10E00F7F726FE00289AD1002C4DD11D
S21401B230BAF10001BDF80E00CDF8009033463A464B
S21401B24018BF012105F0B8FFADF80E00002888D020
S21401B25018F0040F4DD0314608F04BFF82E74946FF
S21401B2600DF10E0009F0ABFE0028ADD179E7012102
S21401B270BDF80E00F7F73CFD0121F7F79FFE01230D
S21401B280834013F0620F1CD11E4B1B78E3B14FF6BF
S21401B290F7731825BEE71B4B1B7825460222002BA9
S21401B2A0BCD04FF6F7739E42B8D8052FB6D0BAF188
S21401B2B0000FB3D19DF8103043F040038DF81030E5
S21401B2C0ACE710250F22A9E71825FBE7BAF1000F16
S21401B2D00AD0009002234A4629460DF10E00FEF7D9
S21401B2E0D3FB0028A4D03CE7CDF800A0412352466A
S21401B2F0F2E708F0E6FE35E79FFEFEFF303F00204E
S21401B300313F0020253F00202DE9DF431E46144B28
S21401B3100A9C1B689B0780460F4691461CD4204614
S21401B32014B105F033FFC0B2CDE902400622CDE9E3
S21401B33000890C493B46002008F087FA024658B1BE
S21401B340002E4FF000010CBF01230323084604B072
S21401B350BDE8D043FFF7F0BE002004B0BDE8D083BF
S21401B360002C00202F8502002DE9F04F8DB081467C
S21401B3709DF85C808A461F4693463AB903A8FEF7B5
S21401B380BDFDA8BB00200DB0BDE8F08F154600221C
S21401B3902321104608F090F8ADF80A000028F1D0F5
S21401B3A0F7F71CFC0446052318F0100F00F8023BC3
S21401B3B067701FD01122002106F006FC04F1130667
S21401B3C0032F4FF0080236D15946304606F0E2FB0D
S21401B3D0C8F3801306F10905337205F0D3FE002881
S21401B3E03DD000232B706B700123AB70033536E024
S21401B3F003ADCCE716991022012606F0CBFB06FA20
S21401B40007F313F0620F02D104F11206D8E707A87A
S21401B41005F0BCFA05A88DF81C6005F0CDFC9DF87A
S21401B42016209DF8173018F0200F08BF134604F1B8
S21401B4301306A374C4E75146304606F0ABFB06F18B
S21401B44008020123121B00932846BDF80A100823A0
S21401B450D2B208F06CF9042F06F11005BDD02D1BF1
S21401B460E9B20DF10A0008F049F900288AD118F06E
S21401B470040F0BD0484609F090FDFF281FBF074A6E
S21401B48032F8103023F4804322F81030BDF80A2039
S21401B490434651464846FFF74FFE74E7983D002065
S21401B4A070B590B003268DF80760F7F775FF10B9F1
S21401B4B0702010B070BD02AD2846FEF71FFD0028B3
S21401B4C0F6D01C4B1C6814F00204F1D11A4A40F263
S21401B4D00F43ADF824301368CDF8263004A853681E
S21401B4E0CDF82A3005F052FA95E8030005AB83E85B
S21401B4F00300062304A88DF81D308DF81060EBF7C5
S21401B50095FC0DF12E0201210DF10700EBF792FBE0
S21401B51022461A2109A807F0CFFF024608B91820CB
S21401B520C7E7012329462046FFF706FE0028F6D086
S21401B5302046BEE7002C0020E74000202DE9F04F12
S21401B54091B004461F220D4608A800219B4607918C
S21401B55006F03AFB204609F0C9FE01462046F7F7F9
S21401B5602DFD8DF81300204607F06EFF9DF8133071
S21401B570467899068146C6F34006204648BF46F0FF
S21401B580020609F08CFF80462046F7F743FBA0EB46
S21401B5900803DBB20022232B009228BF2323424656
S21401B5A0214607A808F0C3F8002838D1A84B9DF813
S21401B5B01C701B789DF81DA0A3B3FFF7B5FD0028EE
S21401B5C00CBF4FF4F0734FF4D073FB40DA0729D564
S21401B5D0B30727D4082F20D1BAF1040F1FD1FBF7E8
S21401B5E05DFCE0B90DF1130342462146052003F048
S21401B5F0EDFDA0B1053F0D2F11D8DFE817F02400AF
S21401B6001000A401B201BB011000100010001000D0
S21401B61010001000C101EF01EF01052F07D011B096
S21401B620BDE8F08F102F05D1BBF1000FF7D0FBF767
S21401B63035FCD7E7FBF732FC0028D3D0052FD1D055
S21401B640112FCFD0EBE7BAF1050FE8D8204607F067
S21401B6505EFE029009F1020007F0C0FD824605A8D1
S21401B660FFF7CCFB9DF81D80012303FA08F313F0C6
S21401B670620303933ED0BDF814309D0733D5B4075B
S21401B680CDD5FBF70BFC0DF11E0009F0ECFAB8F175
S21401B690030F9DF82EB004463FD10DF12F0508F09B
S21401B6A097F9824500F0DE800027039B002B4FD1DF
S21401B6B0284608F08BF94FF6FF739842064604D1E8
S21401B6C0284609F089FDB042A9D0002C0CBF0423FE
S21401B6D0152301930DF11E0300933A46434629466E
S21401B6E0FFF742FE9BE7FBF7D9FB0028CBD1002EE4
S21401B6F095D0C8E7FBF7D2FB60B10DF11E0009F04B
S21401B700B2FAB8F1030F04464FF0000B7FD10DF1EA
S21401B7102E05C4E7002E82D0EFE74E4B1B68980734
S21401B72028D5FF2208210DF1370008F001F98146DE
S21401B73000BB034601460DF137020220FEF768FB07
S21401B74008F046F982450DF137070DF12F0520D097
S21401B7504FF6F7739A45ABD900220821284608F020
S21401B760E7F80028A4D0002259460DF11E00FFF785
S21401B77099FB54E70DF137070DF12F05384609F00F
S21401B78011FA002848D008F023F982458DD14FF0F0
S21401B790000931490822284606F0ECF9002884D130
S21401B7A0B8F1010F6DD0B8F1040F7FF438AF09F08E
S21401B7B01CFA10B1032E7FF432AF002C7FF42FAFAA
S21401B7C03A4602210DF11E00FFF714FC234B1B78AD
S21401B7D063B1FFF765FEFEF7E5FD022806D10120FD
S21401B7E0FEF7DAFD01210846FEF75AFC1C4B1B78D2
S21401B7F0022B21D10321384603F064FEFEF7D2FD69
S21401B800014600287FF40BAFFEF74AFC07E70DF16F
S21401B81036070DF12E05B1E7114B1B78432B7FF44C
S21401B820FEAEB8F1010F7FF4FAAE08F0D1F882450A
S21401B8307FF43BAFC146ACE7412B7FF4F0AE054B3E
S21401B8401B6859057FF5EBAEF9F73EFFE7E600BF4B
S21401B850303F0020002C0020E7400020104100204F
S21401B860343F0020032E7FF4DAAE9DF836100039FF
S21401B8700DF11E0218BF01210DF12E0005F0A5FCE9
S21401B880CDE6584D2B78022B21D02B78412B3FF457
S21401B890C6AE3CB9FBF702FB594602460DF11E0047
S21401B8A0FFF700FBFBF7FAFA00283FF4B8AE09F001
S21401B8B09CF94D4C90B123681B0502D42B78432B81
S21401B8C00CD1B0070AD4AC20F9F77AF9A7E609F04B
S21401B8D08CF90028D9D0B207D7D4A0E6206810F09A
S21401B8E0020002D1029909F030FB2B78112B15D1F9
S21401B8F02368590512D50020FEF7E8FB0446002808
S21401B9007FF48DAE08F0C7FAAE20F9F759F9214653
S21401B9102046FEF7C5FBF9F75FF980E6B20701D5C9
S21401B920FFF74AFAB9F1000F8ED005F02DF818B9D5
S21401B9304FF4803109F00EF92C4B002238461A607C
S21401B94009F027F980E72A4908220DF11D0006F0C3
S21401B95011F900287FF463AE02222946FAF7A8FF00
S21401B9605DE6F3077FF55BAE324607A9284609F088
S21401B97025FB54E69DF81D100120FFF7E9FA4EE677
S21401B980184B1B78022B20D1002D7FF448AE05A85A
S21401B990FEF7B4FA00283FF442AE164B1D709DF830
S21401B9A01D30002B14BF64246524FEF7FBFC03281E
S21401B9B006D128462946FEF773FB2846FEF7F8FC13
S21401B9C0214605A803F07EFD29E6043B012BDBD9C1
S21401B9D0284605F0E7FB0028D6D120E6204605F0EC
S21401B9E0E3FB1CE6343F0020002C0020FC2B00204B
S21401B9F0E7400020104100202DE9F34105460E46A0
S21401BA001746984609F0F1F8044640B1CDF8008093
S21401BA1001233A4631462846FFF776FC044609F0EC
S21401BA20E4F830B1FFF780FB78B10A4B1B689B0145
S21401BA300BD4CDF8008000233A4631462846FFF75E
S21401BA4063FC002C0CBF0446012404F0010002B084
S21401BA50BDE8F081002C002070B58AB005A804F07E
S21401BA6095FF02238DF81430094B01AA03F1100645
S21401BA70154618685968144603C40833B34222466B
S21401BA80F7D1294605A805F0BEF90AB070BD00BF7A
S21401BA9035850200014B1878704700BF3914002025
S21401BAA0014B1888704700BFD81300202DE9F043DA
S21401BAB04FF6FF73994285B080460D4604D11E4964
S21401BAC0082206F057F858B11C4E00274FF6FD79AC
S21401BAD0EAF722FFFCB2A04207D84FF6FF7019E042
S21401BAE005B0BDE8F04307F073BF36F814304B4598
S21401BAF017D86946204609F0BBF8082241460DF1E1
S21401BB00050006F037F84FF6FF7360B99D4204D181
S21401BB1036F8140005B0BDE8F08326F8145009F095
S21401BB2074F80137D4E79D42FBD036F81430AB42A7
S21401BB3008BF26F81490F4E7E7400020583C0020A0
S21401BB402DE9FF47DFF84480DFF844A006460F469C
S21401BB5000254FF6FD79EAF7DFFEECB2A04202D8E7
S21401BB6004B0BDE8F08738F814304B450CD8694668
S21401BB70204609F07DF8082231460DF1050005F052
S21401BB80F9FF08B90AF804700135E4E7583C0020CB
S21401BB90113F0020014B33F810007047583C00203D
S21401BBA0F0B50E4F85B006460025EAF7B5FEECB2B5
S21401BBB0A04201D805B0F0BD37F81430B3420BD11E
S21401BBC06946204609F08BF89DF80030022B1CBF11
S21401BBD04FF6FD7327F814300135E6E7583C002090
S21401BBE030B585B00446EAF797FEA04219D920463B
S21401BBF0FFF794F80546B0B96946204609F038F8CB
S21401BC009DF800302BB1694620468DF8005009F0AA
S21401BC104BF8064B4FF6FF7223F81420002005B0B0
S21401BC2030BD6920FBE77520F9E700BF583C0020CE
S21401BC302DE9F0410B7805460E461BB9BDE8F041EB
S21401BC40FFF7CEBFEAF768FEA8422ED92846FFF7CF
S21401BC5065F860BB37464FF6FF7117F8058B384617
S21401BC60FFF724FF0446384600F036FAB8F1000F15
S21401BC7015D0B8F1030F15D04FF6FF724FF6FD73CE
S21401BC80944208BF1C460B4B23F815400A4B31461D
S21401BC905855284609F008F80020BDE8F0814FF60F
S21401BCA0FF74F0E74FF6FE74EDE76920F5E77520BF
S21401BCB0F3E700BF583C0020113F00202DE9FF416B
S21401BCC0114F0D460E0A04464FF6FE78EAF724FE9B
S21401BCD0A04204D8FF24204604B0BDE8F08137F81E
S21401BCE0143043450CD16946204608F0C1FF9DF843
S21401BCF00520EBB29A4203D19DF80630B342EAD052
S21401BD000134E4B2E2E700BF583C00202DE9F04FD1
S21401BD1087B0DFF86C909DF840A001900C4617465E
S21401BD20984600254FF6FD7BEAF7F6FDEEB2B042E7
S21401BD3001D8FF2616E039F816205A451ED802A962
S21401BD40304608F095FF3FB99DF80920424515D1C8
S21401BD509DF80C20524511D144B939F81620019BA3
S21401BD609A420BD1304607B0BDE8F08F08220DF19C
S21401BD700D01204605F0FEFE0028F3D00135D3E77D
S21401BD80583C002010B5144608F072FF20460349BF
S21401BD90BDE81040082205F0FDBE00BFE7400020C8
S21401BDA02DE9FF47074615460846082224491E4640
S21401BDB005F0E0FE044600283FD1DFF888904FF6F4
S21401BDC0FF7AEAF7A9FD5FFA84F840450BD885B3F8
S21401BDD0384603F0B6FA01250C9B18703570012021
S21401BDE004B0BDE8F08739F8183053451FD06946CE
S21401BDF0404608F03DFF7A789DF801309A4216D108
S21401BE007A88BDF802309A4211D13A799DF8043009
S21401BE109A420CD108220DF10501781D05F0AAFE03
S21401BE2028B9002DD7D1404603F09FFAD3E7013455
S21401BE30C7E7FF2003F099FACEE70020D0E700BF5E
S21401BE40E7400020583C0020F0B5164E164F85B04E
S21401BE500025EAF761FDECB2A04201D805B0F0BDBD
S21401BE606946204608F004FF9DF80030032B06D9EA
S21401BE700023694620468DF8003008F015FF9DF82E
S21401BE80002062B14FF6FD734FF6FE71032A08BF1C
S21401BE900B4626F8143000233B550135D9E74FF6FB
S21401BEA0FF73F6E7583C0020113F0020F8B50E4B13
S21401BEB00E4D1B7803EB43030E4605EB8305044644
S21401BEC04FF6FF77A54202D800242046F8BD238806
S21401BED0BB4206D008223146A01C05F04BFE0028C6
S21401BEE0F3D00C34EEE700BFF7130020983B002098
S21401BEF0044B05481A7802EB42029200FF2105F036
S21401BF0063BE00BFF7130020983B0020074A127853
S21401BF1082420AD900EB4003054A22F823104FF665
S21401BF20FF73994201D1FEF72BBF7047F71300202C
S21401BF30983B0020094A127803469A42084608D9D7
S21401BF400C21022211FB032305490822194405F09E
S21401BF5021BE00230B604B60704700BFF713002023
S21401BF60983B0020054B1B78834281BF0C23584326
S21401BF70034B185A98BF4FF6FF707047F71300200F
S21401BF80983B002038B50446FFF70AFE094B18789F
S21401BF90094B00224FF6FD75D1B2884200D838BD54
S21401BFA033F80C1CA14208BF23F80C5C01320C3399
S21401BFB0F2E700BFF7130020A43B002070B505464A
S21401BFC00E460846FFF7DEFF31462846FFF76EFDB0
S21401BFD006482946FFF76AFF00B970BD044624F8F3
S21401BFE00C6B08F012FE29462046F3E7983B00202A
S21401BFF010B5244986B00822044605F0BBFD20B9D9
S21401C00006B0BDE8104007F0E3BC1F4908222046F1
S21401C01005F0B0FD20B91D4BB3F8680006B010BDA1
S21401C02000230093012221464FF6FF70FFF76EFEB4
S21401C030FF2806D0164B33F810004FF6FB739842D4
S21401C040ECD903A8FEF7E6FE58B9BDF80C305B063E
S21401C05007D5082221460DF10E0005F08BFD0028BC
S21401C060DCD00C482146FFF721FF40B100884FF68F
S21401C070FB724FF6FF73904288BF1846CEE74FF625
S21401C080FF70CBE7E740002042390020D838002077
S21401C090583C0020983B002070B50D4B1D780D4B89
S21401C0A00446002208464FF6FB76D1B28D4201D8EF
S21401C0B0002009E01988B14207D8A14205D108221B
S21401C0C0991C05F067FD012070BD0C330132ECE7C9
S21401C0D0F7130020983B002037B5014605460D486A
S21401C0E0FFF7E4FE044630B1807A294603B0BDE886
S21401C0F0304008F003BE03460090012229464FF661
S21401C100FF70FFF703FEFF2816BF034B2046185C9F
S21401C110EBE700BF983B0020113F00202DE9F843D4
S21401C120164B1B78834207460E4623D9FEF710FEB0
S21401C130044608BB304607F049FC4FF00C084FF6A2
S21401C140FF724FF6FD73904218BF03460C4D08FB75
S21401C15007F23046AB5205EB0209FFF7BDFF89F83F
S21401C1600A00484608223146023005F013FD2046F3
S21401C170BDE8F8836A20FBE77620F9E7F71300208D
S21401C180983B002038B504460D46FFF7D9FC054814
S21401C1902146FFF78BFE00B938BD857221460C306B
S21401C1A0F7E700BF983B00202DE9F04192F80880A0
S21401C1B01F4608F1FF33DBB2EF2B88B005460E466B
S21401C1C014460BD982238DF80E309DF80E30214A85
S21401C1D03146284600F0A6FA012037E00E2200215B
S21401C1E004A805F0F1FCB4F80930ADF81230E37A92
S21401C1F08DF8118003F07F02032A08D0012B24D189
S21401C20003238DF81030A389ADF815300EE0032B0B
S21401C21014BF022301238DF81030E368CDF81530E2
S21401C2202369CDF81930237D8DF81430A7F121014B
S21401C2304A420DF10E034A41009321460DF10F03C8
S21401C24004A8FFF7ADFD0028BFD1002008B0BDE867
S21401C250F08100BF498502002DE9F04F95B01D78A9
S21401C26004920024CDE90201CDE900544149234658
S21401C2702246012007F0E9FAADF81E00F8B1A34600
S21401C280264627460DF120090DF1380AEAF744FB48
S21401C2905FFA84F8404516D8BDF81E003A460221DA
S21401C2A0F6F7A0FEBDF81E0032460421F6F79AFE08
S21401C2B0DDE90310BDF81E30002200F033FA01203C
S21401C2C015B0BDE8F08F4A460AA94046FFF75AFD69
S21401C2D09DF8282022B12DB1013DEDB20137FFB204
S21401C2E00134D3E7BBF1000FF8D199E803009DF8BC
S21401C2F029308AE803008DF84030BDF82A308DF8E1
S21401C3004130032A4FEA13238DF8423016BF032328
S21401C31001238DF84330DDF8311018BF9DF82C301D
S21401C320DDF82D0014BF8DF84C308DF8433011AB7D
S21401C33003C302980CBF4FF00E084FF0150808F023
S21401C340A4FB0590BDF81E00F6F764FC059900EB0A
S21401C350080399420BDB0123424651460DF11E00AC
S21401C360F6F788FD0028AAD10136F6B2B6E74FF0F7
S21401C370010BB3E746850200074A00231370074AFC
S21401C3801370074A118801B11380064B1A880AB147
S21401C39000221A80704700BF224100202141002060
S21401C3A00E3E00200C3E00202DE9F04F3C4C87B09D
S21401C3B01D4623889DF840600746884610465BB9AF
S21401C3C052B107F0DFF9208036484FF4FA6107B022
S21401C3D0BDE8F04FF6F734BEDFF8D890B9F8004064
S21401C3E0002C4AD02046F6F715FCDFF8CCA0DFF883
S21401C3F0CCB0C0F347062046F6F7F0FB0296BAF833
S21401C40000300193BBF800300093274904462B46C1
S21401C4100022012007F019FAADF81600F0B104EB7E
S21401C42046060125B4420DD1C5B9BDF81630ABB1EB
S21401C4302A464146384600F075F9ABF80050AAF88E
S21401C44000500BE0012321461A460DF11600F6F7BF
S21401C45011FD10F0FF0504F10204E3D0134A002396
S21401C460A9F800301378013BDBB21370002BABD177
S21401C47007B0BDE8F04FFFF77FBF0D4C237823B917
S21401C480F5F72CFB08B9012323703246294605200F
S21401C490F7F778FB0028EBD1207007B0BDE8F08FE6
S21401C4A00E3E00206C1300204B8502002241002026
S21401C4B0214100200C3E0020A03D0020A23D00208E
S21401C4C030B5154D2C8887B09CB923464FF4A07221
S21401C4D048F2380103A808F0EEFC2146204607F092
S21401C4E069FD0E4B0094224603A9FFF75DFF07B0D6
S21401C4F030BD204606F0A8FF043006F06FFE03A903
S21401C5000446288808F0DCFF002300932A8803A944
S21401C510204600F03BFAEAE70E3E002000F8FF074F
S21401C52037B50F4C0F4D01A9002007F043FD2378C6
S21401C53001467BB10C4B019A187807F04FFD207825
S21401C540F8F7E2FC002323702B700848F6F714FE78
S21401C55003B030BD2B78002BF7D0FFF7B1FFF4E71F
S21401C5602441002022410020234100206C1300209A
S21401C57008B50548F6F758F90448F6F755F9BDE841
S21401C58008400348F6F750B90E3E00200C3E002046
S21401C5900A3E00202DE9F04F89B0CDE905239DF82C
S21401C5A04870139E8946044630B316F801ABBAF1BB
S21401C5B0000F23D00AF1FF34A400E4B23146012073
S21401C5C006F020FEC00E1BD1DFF844B13146012033
S21401C5D006F018FE34449BF800502279BDB1002FB6
S21401C5E047D1CDE90277CDE90077424A0599802304
S21401C5F0484600F097F83CE08246DFE75446DDE720
S21401C6001B28ECD93146012006F0FCFDE7E7DFF8F0
S21401C6100481FF2A00EA08080BD1E379A179607941
S21401C62001EB0321424689B209B0BDE8F04F07F09D
S21401C630D5BC314909688B070AD5FE2A3AD10123B0
S21401C6400135EDB2202D4FEA43030AD1FF250AE05A
S21401C65029462846079207F0ADFC4845BFD1079A00
S21401C660EBE79845ECD1254B1B78FF2B04D0AB426A
S21401C67004D009B0BDE8F08FFF2DFAD00020F4F702
S21401C68013FCA842F5D029460020F4F713FC002835
S21401C690EFD09BF800306479002BEAD1FFF76CFEEF
S21401C6A017484FF41051F6F7CBFC164B8BF8005099
S21401C6B01C70DEE7052A92D8BAF1010F8FD8B8F1BF
S21401C6C0000F8CD0002FD4D17379002BD1D00E4916
S21401C6D0098821B90D49082B28BF08230B7012922F
S21401C6E0DDE905124346484609B0BDE8F04FFFF7BD
S21401C6F05BBE00BF4B850200002C00203A140020D0
S21401C7006C130020234100200E3E00202241002011
S21401C7102441002000F8FF07014B1880FFF7D0BE28
S21401C7200C3E00200CB42DE9FF470CAA0E4652F829
S21401C730041B0392074600297ED1BDF83400ADF8EC
S21401C7400A00002800F0918033794FF6F778002B25
S21401C75076D147458CBF4FF009084FF00808454B86
S21401C7601C78FF2C74D1B6F90230002BA9BF424BBE
S21401C770347A1C780134A2BFE4B21C7044F0800401
S21401C780DFF8009122460021F6F72CFC99F80020EC
S21401C790BDF80A30002A5ED00193DFF8ECA0FF2333
S21401C7A00093BAF80000334622463946FCF7BCFB34
S21401C7B0002389F800304FF6FF730546AAF80030CB
S21401C7C0742D33D10DF10A0332463946404604F042
S21401C7D0F1FC00284BD04FF6F7739F4226D8B6F9E6
S21401C7E002307088002B21DA2449254B48F20402D6
S21401C7F0904214BF8946994607F0EAF84FF00008C0
S21401C80003464946CDF800808A22012007F01DF82C
S21401C810814658B122464146F6F7E4FBCDE9009839
S21401C820FF23324639464046FCF7E8F9284604B06D
S21401C830BDE8F04702B07047012006F0E3FF7EE74F
S21401C8400023337147458CBF4FF00608984686E7AC
S21401C850FF221A7094E7CDE900323946FF233246AB
S21401C8604046FCF7CBF90546AAE71825DEE705465C
S21401C870DCE700BF3C14002026410020558502005D
S21401C8805185020025410020103E002070B588B079
S21401C890002416464FF40033ADF81A100DF10F02BE
S21401C8A004A905460593ADF81840ADF81C4004945C
S21401C8B08DF80F4004F05DFC9DF80F300193049B4A
S21401C8C00093044A334605A92846FFF72BFF08B014
S21401C8D070BD00BF5885020030B587B04FF4803573
S21401C8E0CDE90012002403958DF81030BDF82850CC
S21401C8F0074A8DF81140034603A9BDF82C00ADF890
S21401C9001250ADF81440FFF70DFF07B030BD00BF61
S21401C9106585020010B54FF4981286B04FF080631B
S21401C920CDE903230023ADF8143007F051F804468F
S21401C930F8F79CFB054B01900093054A234603A993
S21401C9404FF6FD70FFF7EEFE06B010BDE740002083
S21401C9505B85020030B587B0CDE9001200248DF862
S21401C9601030094A8DF8114003464FF4806503A93B
S21401C9704FF6FD700394ADF81250ADF81440FFF772
S21401C980D1FE07B030BD00BF5F8502002DE9F04F34
S21401C99099B00E4605460CA91046CDE90A329DF817
S21401C9A0887008F0E6F9BDF8309080464846F6F7FC
S21401C9B031F9B6F90230B6F806A0B6F802B0002B87
S21401C9C0044604DA904B00221A7000204BE04846D9
S21401C9D0F6F720F94045F5D3A4EB0804E3B2002F9F
S21401C9E018BF4FF4A07A152B099328BF15230024EE
S21401C9F0013308F1FF32DBB2D2B24946009412A8E5
S21401CA0006F095FE81499DF8482008684968ADF80A
S21401CA1040406FEA4B436FEA5343ADF83E300DABEF
S21401CA2003C3ADF83C40ADF842A0ADF84420BBF1DD
S21401CA30000F26D1764908220DF1490005F09AF833
S21401CA40044698B906F0C4FF06460DF151080DF1EB
S21401CA5049030A9A98F80090012A2CD14FB384F022
S21401CA60010404F0010019B0BDE8F08F0DF1490092
S21401CA7008F08EFA4FF6FF74011B4C4206464C41F5
S21401CA80E3E7BBF1010F5AD1BDF8496006F0A0FFFC
S21401CA9086420AD00DA9304608F083FA80F00104D8
S21401CAA0E4B20DF14B080DABD3E7594B0DF14B0832
S21401CAB0CFE70A9CD5E767B34CBBB9F1010F26D87F
S21401CAC032D106F085FF06F083FF98F80110504B2F
S21401CAD00646224602910021CDE9006101204D491A
S21401CAE006F0B3FEADF8320088B134BBB9F1010FE0
S21401CAF00CBF0D210C210DF1320006F0FFFD0246A0
S21401CB0028B9BDF832300FA92846FFF70BFE0120E1
S21401CB10A9E7B9F1010F05D1002CD2D098F8011080
S21401CB208122D7E7002CF9D1B9F1010F94BF002279
S21401CB30012298F80110D201CCE70C21DBE70A9B11
S21401CB40002B7FF442AF7388342B4CD1099B092B01
S21401CB507FF43BAF002F7FF438AF9DF951603A4622
S21401CB60B41008210DF1490004F0200406F0E0FE9F
S21401CB7030B9274908220DF1490004F0FBFF08BB34
S21401CB80254B1B78012B3FF420AF244A244BB2F8E7
S21401CB9068201B68AA4208D0DA0006D5C823214AB5
S21401CBA00FA92846FFF7BEFD0FE75B0201D5002E51
S21401CBB017DA00231B4A0FA92846FFF7B3FD1A4BC5
S21401CBC01C7002E70DF1490008F0E2F94FF6FF7319
S21401CBD09842E3D02146F9F71BFF03460028DDD132
S21401CBE0DDE78D23DBE7099B04930DF14903CDE9CE
S21401CBF005A2CDE90283CDE900790B9B0FAA314648
S21401CC00284600F013F8E0E61A410020155E0200FF
S21401CC10E740002063850200353F0020D838002019
S21401CC20002C0020498502003B1400202DE9F04F1E
S21401CC30A1B09946BDF8AC302D9F0D939DF8B0304C
S21401CC400E93BDF8BC300F9304469DF8C0304E8855
S21401CC509DF8A8B0109338468846154606F0BEFAE9
S21401CC60112E824671D806F0B3FE504576D0062EB8
S21401CC7010D14FF6FD72924526D0BBF1000F10D1B0
S21401CC800022CDE900A28023BD4A29462046FFF7AF
S21401CC9049FD06E0BBF1000F03D1032E07D8012E94
S21401CCA009D8B84B00221A7021B0BDE8F08F043EB7
S21401CCB0022EF6D8E4E7B44ACDF800A08023294630
S21401CCC02046FFF72FFDECE7B04B1B785E074CD4F0
S21401CCD006F07EFE00260346A9490096324601204C
S21401CCE006F0B3FD3B79ADF866000F930028DBD064
S21401CCF0DDE90E320D9803EB42095FFA89F9F5F783
S21401CD0089FF09F105085FFA88F88045CCD24146CB
S21401CD100D98F6F753F9109008EB40080D98F5F7C3
S21401CD2079FF8045C0DADDE90F321343DBB2002B11
S21401CD3040F03382BBF1000FB6D1D8464246BDF86B
S21401CD4066000421F6F74EF974E1904A3A2E1278FD
S21401CD5012D948F23B039E4207D013E08B4A127861
S21401CD6050070BD5321F022A08D8B8F8063043F40C
S21401CD708043A8F8063097E71B2E1DD8B21E91B245
S21401CD8013295FD9109B02930F9B0E9ACDE900B32E
S21401CD9049462346304604F0F3F90F2884D1794BEF
S21401CDA001221A70794B1B789B0740F12783BBF150
S21401CDB0000F7FF479AFD8E7A6F11C011E29E1D850
S21401CDC001A050F821F000BF13D4010085CD010069
S21401CDD085CD0100A9CC010085CD0100FFD1010060
S21401CDE0FFD1010085CD010085CD010085CD010073
S21401CDF085CD010085CD010085CD010085CD0100E1
S21401CE0085CD010085CD010085CD010085CD0100D0
S21401CE1085CD010085CD010085CD010031D201000F
S21401CE2031D20100E5D3010085CD010085CD010099
S21401CE3007D4010085CD010069D401007FD401002B
S21401CE408DD40100132A9DD801A151F822F000BF0C
S21401CE50A1CE010031CF01004FCF010067D0010004
S21401CE60D1CC010085CD010085CD010085CD010025
S21401CE7085CD010085CD010085CD010085CD010060
S21401CE8085CD010085CD010085CD010085CD010050
S21401CE9085CD0100A9D1010085CD010045D4010051
S21401CEA000231A938DF866300DF166030E990093F0
S21401CEB022461AAB484604F05DF906F089FD06469F
S21401CEC0E9F736FD162894BF4FF002094FF0220904
S21401CED0F8F7CCF82E4B0746B3F800A0FBF784FE14
S21401CEE02C4B80464FF6FF70B3F800B008F006F8FA
S21401CEF0294B9DF866201988244B1B7813F00203F2
S21401CF001CBF264B1B780B921A9A0096CDE9093264
S21401CF104023CDE90701CDE90193CDE9058BCDE9A4
S21401CF20037A1F4A002329462046FFF7FBFBBBE690
S21401CF3006F04EFD1B4B1C4A1B88CDE92A03002335
S21401CF402946204621B0BDE8F04FFFF7EBBBBE787F
S21401CF50731EDBB2EF2B1AA9304627D9F22E25D045
S21401CF6002F0A2FD822606F033FD0023CDE9000380
S21401CF70034A334629462046FFF7D4FB94E600BF12
S21401CF80518502001A410020558502000E3F0020FF
S21401CF90E0130020DC130020DA13002027410020D4
S21401CFA069850200DE1300207685020002F07CFD12
S21401CFB0002856D006F00CFD9DF86C200492BDF8B2
S21401CFC06A200392BDF868209DF86E10CDE90162D3
S21401CFD09DF86D205200D2B24900C9B208320A4407
S21401CFE003460092C7490022012006F02EFC9DF858
S21401CFF06D30ADF866008DF8633000283FF454AE0E
S21401D0004FF0000801231A460DF163010DF1660089
S21401D010F5F730FF074600287FF446AE9DF86330EB
S21401D020FAB293420CD89DF86E308DF86330B8F1A1
S21401D030000F02D0BDF8663036E04FF00108E1E798
S21401D0404146304602F032FD0123ADF8640002226B
S21401D05019A90DF16600F5F70DFF01370028DDD09F
S21401D06022E683267FE706F0B3FC064602F022FDA1
S21401D070A549009033460022012006F0E6FB002871
S21401D0803FF412AE0027ADF868003E4602F012FDEE
S21401D0905FFA87F840450DD8BDF86800324604218E
S21401D0A0F5F7A0FFBDF86830002229462046FFF7B5
S21401D0B039FBF9E5404602F0F5FCFF288DF86600DD
S21401D0C00BD0012301361A460DF166011AA8F6B2F5
S21401D0D0F5F7D0FE00287FF4E7AD0137D6E75046D6
S21401D0E0B7F8029002F0DEFCFF288DF8640000F02D
S21401D0F0E5811AA902F0D8FCBDF868304B4507D087
S21401D1004FF6FF72914540F0D981190400F1D6819E
S21401D1109DF86D3012930E9B0533DBB213930F9B74
S21401D120149300234FF0000911934B4612E0179316
S21401D130139B0D9803EB4101C9B206F045FB179B03
S21401D14015904FF0000A12995FFA8AF28A4216D3B6
S21401D15009F10109149A5FFA89F19142E7D39DF822
S21401D1606E201292169A1392002B40F09981119B11
S21401D170002B40F0A381109B14930123D2E7119951
S21401D1809DF86400179302F091FC159A179B0AF11B
S21401D190010A824208BF0123D5E709F106095FFAB1
S21401D1A089F3B04616938AE1BD1C29465046BC7ADF
S21401D1B003F0C6FB012229465046FBF72BF95046E1
S21401D1C007F0B0FE284607F0E3FE3A88824207D011
S21401D1D04FF6FF72904203D007F0DFFE07F0C2FE63
S21401D1E084F00804C4F3C00421462846FEF7CAFFAB
S21401D1F02146284621B0BDE8F04F03F0E8BFBBF159
S21401D200000F7FF451AD12073FF5AFAD33463A46F6
S21401D21029462046FEF7C8FF00287FF445AD842343
S21401D2203A4A2946204621B0BDE8F04FFFF77ABAC0
S21401D2300F9897F8008007F028FC00210746204643
S21401D24001F0FCF9312EA7EB0007FFB240F0D680C3
S21401D2504FF0000ACDE9008A2D4953465246012077
S21401D26006F0F3FAADF8660000283FF41DAD16226D
S21401D2705146DFF8A8B01AA804F0A6FC1AA806F0D2
S21401D2803FFE9BF800904FF0FF33CDE91C33B9F118
S21401D290000F02D14FF0010A56E01E4E33796F2B74
S21401D2A002D90026324625E01CA9504600F024FD8E
S21401D2B00028F6D0184BB6F80090B3F86830B9F1EC
S21401D2C0000F2DD1003B18BF01235B0143F004037F
S21401D2D08DF87A3002238DF87B3073881B0A494615
S21401D2E01EA88DF87D3005F07BFFB8F1000F66D0E3
S21401D2F000260122BDF866000221F5F773FE3246CC
S21401D3001DE500BF7A8502005185020049850200AD
S21401D31046850200643D0020D83800202E3F0020BC
S21401D320B3EB090318BF01235B0143F005038DF836
S21401D3307A3002238DF87B300F238DF87C30CCE7D2
S21401D3400AF1010A5FFA8AFA0AF1FF36F6B23046A6
S21401D35007F02BFEC307F3D59BF8003019EB030F3C
S21401D36004D009F101095FFA89F9E9E75A4B1878FF
S21401D37030441CA9C0B200F0BFFC002891D0304652
S21401D38007F003FE8146304607F00FFEC0070FD4B4
S21401D39016238DF87A30514B1B780133DBB20F2BF5
S21401D3A028BF0F238DF87C304D4B33F8163095E7A8
S21401D3B0304607F0FAFD8107EAD41223E9E7BDF803
S21401D3C06600F5F727FC1630B84291DC01231622D9
S21401D3D01AA90DF16600F5F74DFD00287FF464AC3F
S21401D3E001265FE712073FF5C0AC0F983B46224681
S21401D3F02946FEF731FF00287FF456ACBBF1000F3B
S21401D4007FF452AC0BE7BBF1000F7FF44DAC8023E9
S21401D41006E706F0DDFA50457FF446ACDFF8CC802F
S21401D42008224146B81C04F0A5FB00287FF43CAC5A
S21401D43006F0CEFA064606F0CBFA2A4ACDE92A08C5
S21401D44033467DE5384605F0C9FE07F057FD00284E
S21401D4503FF42AAC244A2A9000232946204621B0CC
S21401D460BDE8F04FFFF75EB9CDE92AB74B462A462D
S21401D4702146002021B0BDE8F04FFFF78BB8CDE97B
S21401D4802AB74B462A4621460120F3E75B464A4621
S21401D490294620462A9721B0BDE8F04F03F09ABEF0
S21401D4A001231A4619A90DF16600F5F7E3FC0028D9
S21401D4B07FF4FAAB08F101085FFA88F8013602F04A
S21401D4C0F9FA5FFA86FA50453FF609AEB8F1000F51
S21401D4D03FF430AC32E400BFFD1300200F410020C2
S21401D4E0963D00208285020055850200E740002017
S21401D4F073B506460C46154607F0D1FF0DF1060238
S21401D5000146304607F07FFE0C4E034680B90122E5
S21401D51032702288BDF8061022B10246072001F0BB
S21401D52055FE28B1BDF806202146284601F015FE15
S21401D530034A00231360337002B070BD29410020F6
S21401D540D0390020024B1B7803700020704700BFC3
S21401D5500C410020024B93F9003003700020704705
S21401D5600B410020044B1B7813B1044B18887047FD
S21401D5704FF6FF70704700BF294100201E3E002075
S21401D58008B5064B1B783BB1054B196821B108223B
S21401D59004F000FB002008BD7020FCE729410020B4
S21401D5A0D039002030B519498BB014237F22098861
S21401D5B005460DEB030001F08EFCBDF81430DA07CA
S21401D5C021D413F0060FC3F3410208BFC3F341226F
S21401D5D00F4B9C5C0DF116012246684604F008FBD1
S21401D5E004F12802BDF826306A44023402F8283CC9
S21401D5F01B0A02F8273C69462A46E0B207F01EF8E5
S21401D60000200BB030BDB720FBE700BF0A5D02006B
S21401D6108D85020010B58AB00446ADF8262000229A
S21401D620CDE9052204920CAA02924FF6FF720192EE
S21401D630074AAC2104FB01220120603200920390CC
S21401D6400DF126024CF6200107F0BBFC0AB010BD16
S21401D650D838002010B5204AB2F86800B2F85E103B
S21401D660B2F85C308AB04FF6FF74A042ADF82600DF
S21401D670ADF824104FF6FD7018D081424FF000002F
S21401D680CDE90500CDE90300CDE9010094BF09AA63
S21401D6906032009294BF48F660014CF660010DF1CD
S21401D6A02602042007F08DFC0AB010BD814288BF17
S21401D6B060324FF0000098BF09AA0092CDE905003C
S21401D6C0CDE90300CDE90100044A8CBF4CF6604168
S21401D6D048F66041E5E700BFD8380020423900200F
S21401D6E000B54FF6FF738BB00022CDE90522CDE9D8
S21401D6F00322CDE90132074A00924CF640010DF1B2
S21401D70026020620ADF8263007F05BFC0BB05DF86C
S21401D71004FB00BF3839002000B50E4B8BB0002249
S21401D720B3F85E30ADF82430CDE90522CDE9032209
S21401D730CDE9012209AA4FF6FF7300924FF400616A
S21401D7400DF126020720ADF8263007F03AFC0BB0A3
S21401D7505DF804FBD8380020034B1A781AB1FF2A6B
S21401D76004BF00221A7070472B41002070B5084C88
S21401D770084E2378F55C1DB107483E2101F09CFB5D
S21401D7802378FF22F25400232370284670BD00BF81
S21401D7902A4100202B41002092850200034B044AB7
S21401D7A01B78D05CFF3818BF012070472A41002043
S21401D7B02B41002010B508490822044604F0DAF986
S21401D7C0B0FA80F0228940094FF6FF7340009A4272
S21401D7D008BF40F0010010BDA685020030B5044622
S21401D7E085B00D4602B9084A1068516801AB03C3FB
S21401D7F001AB03CBADF80C501B882060204661605E
S21401D800238105B030BD00BF155E02001FB501467D
S21401D810002201A8FFF7E2FF064801A907F0C6FCAF
S21401D82020B1F5F7DBF94089C0F3400005B05DF89B
S21401D83004FB00BFE213002030B585B00D46002280
S21401D840014601A8FFF7CAFF084801A907F0AEFC88
S21401D85050B1F5F7C3F9044601460822284604F0FC
S21401D86099F96089C0F3400005B030BDE21300208D
S21401D870F8B50546F8B11048002105F034FE044617
S21401D880A8B10D4F2046F5F7A9F90646FFF792FF16
S21401D890830705D408222946304604F06BF938B1CF
S21401D8A02146384605F075FE04460028EAD10024D4
S21401D8B0201E18BF0120F8BDE213002010B50C464B
S21401D8C00146064807F072FC30B1F5F787F943893F
S21401D8D01C4214BF0120002010BD00BFE21300202F
S21401D8E01FB51446024601A8FFF778FF074801A9AD
S21401D8F007F05CFC40B134B1F5F770F9142201462B
S21401D900204604F047F9012004B010BDE2130020C0
S21401D9101FB50146002201A8FFF760FF094801A9CB
S21401D92007F044FC58B1F5F759F94389024613F05C
S21401D930020004D0507B80F00800C0F3C00005B0A0
S21401D9405DF804FBE2130020F7B59DF8244001942E
S21401D9509DF8204000940D4606461F4607F0FDFA46
S21401D9604FF6FF718842044610D0BB0711D42846F3
S21401D970F6F7C2FC204607F010FBFF281FBF084A37
S21401D98032F8103023F4804322F81030204603B0DA
S21401D990F0BD02462946304607F02DFCEAE700BFF7
S21401D9A0983D002073B50E460146144807F0FEFB6D
S21401D9B00546D8B1F5F712F943893340044612D02B
S21401D9C09B0736B20BD5002E09DAA17B437B028971
S21401D9D0007B0191012100912146FFF7B5FF638984
S21401D9E023EA06036381628912B1012002B070BD89
S21401D9F02946024805F0F6FDF7E700BFE2130020CE
S21401DA000148F4F711BF00BFE21300202DE9F043EF
S21401DA108FB007469DF858800C4615461E46F8F707
S21401DA201FFD20B1F5F708FD08B144F400544A4B38
S21401DA301B7813B924F40074A4B2200509D546B99D
S21401DA4004A92846F5F724FE002840D024F40064F3
S21401DA50A4B2ADF81840ADF81A5005F0B9FF3F4B27
S21401DA60ADF81C00B8F1000F02D01A78424501D279
S21401DA7093F800803A4A8DF81E8013780133E10549
S21401DA80DBB213704CBF0DF1210108A922058DF8F8
S21401DA901F3004D533680B6073684B600831E304AC
S21401DAA005D5304A13680B6053684B6008310DF199
S21401DAB01808A1EB08005FFA80F900214846F5F73F
S21401DAC053F9064628B900200FB0BDE8F08304AE2E
S21401DAD0BFE7F5F783F841464A4604F089F8304631
S21401DAE0F5F798F880463046F5F778F800230246B1
S21401DAF000935FFA88F104234FF6FF7005F057FC98
S21401DB00ADF80E000028DED040F201131C421AD1F7
S21401DB104FF6F7739D4216D8F5F77CF80DF10E0116
S21401DB200446284600F08AFDBDF80E00F5F772F8A7
S21401DB30E4B2A04207D9BDF80E0005F085FC437893
S21401DB4043F004034370BDF80E003A460121F5F791
S21401DB50E3F8BDF80E00B7E7303F0020F1130020D0
S21401DB60323F0020E7400020F0B50829D58889B06B
S21401DB7028D00C2926D0AE0424D405F040030B434C
S21401DB80424C267816B105F0200423432FB2002F0D
S21401DB90B8BF43F08003032920D11223AC068DF8C9
S21401DBA00430937A10D48DF805300DF1060401A9DE
S21401DBB0621A0123D2B2F5F75DF9B0FA80F0400996
S21401DBC009B0F0BD0B46DBE732228DF804208DF854
S21401DBD00530002EE9D00DF11304E8E70C298DF885
S21401DBE0043009BF138953798DF805301B0A0BBF22
S21401DBF08DF806308DF805300DF107030DF106039B
S21401DC0054881C70240A5C7014889C700239240A9B
S21401DC10DC70012914791C7111D8917A5971002F81
S21401DC2031DA1289DA710221120A997103F10904B3
S21401DC301A72002EBBD0AB06B9D50534B7E7A907D3
S21401DC401AD4002F0CDA117A51B1917A59711189CF
S21401DC50127A03F1080492B102229A71D971E8E7A7
S21401DC600B4C2178917201F1010C84F800C09C1DC7
S21401DC70002F5971DDDAEAE7917A9C1DF8E7012257
S21401DC809A71090AEAE79C1DD3E700BF303F0020DE
S21401DC90313F0020014B1870704700BF293F00201C
S21401DCA0F7B50D4604460021284616461F46F7F7E7
S21401DCB01BFA0A4B002183F859402A46009733463F
S21401DCC02046FFF7A7FC014630B102222046F5F7B1
S21401DCD04BFDC0B203B0F0BD0120FBE7D8380020F1
S21401DCE0034B04481A780021920003F06DBF00BF71
S21401DCF0FD1300204C2A002010B5134B1B788342DD
S21401DD0086B00C4612D9114900EBC00001EB400168
S21401DD1008220631204603F03DFF00220821204656
S21401DD2005F006FE80F00100C0B206E0C01A01A9A7
S21401DD30C0B207F015F910B1002006B010BD01AB56
S21401DD4003CB20606160E8E7FD130020643D0020FE
S21401DD5008B5074B53F820308B42024606D91520EA
S21401DD604FF6FF7102F0A9FD002008BD0120FCE777
S21401DD704C2A0020024B013143F82010704700BFA7
S21401DD804C2A00202DE9F3472B4EDFF8B4A081463C
S21401DD900C4600279AF80030FDB2AB4210D869460F
S21401DDA0204607F0FEF8C0B308226946484603F04D
S21401DDB0E1FE90B34946204606F081FAFE2537E09B
S21401DDC006F1060808224146484603F0D3FE90B9FC
S21401DDD04FF6FF739C422BD03388A34228D02046AF
S21401DDE007F0DBF8FF2814D14946204602B0BDE80B
S21401DDF0F047F6F7A7BA14B912360137CAE73388DF
S21401DE00A342F9D100220821404605F091FD0028E1
S21401DE10F2D12846F6F76AF9CCE74946002007F022
S21401DE20BAF8FF28054603D0044B1B780344DDB23D
S21401DE30284602B0BDE8F087643D0020FD130020AF
S21401DE402E3F00200F4B1B7883420CD8C01A0E4A77
S21401DE50C0B232F81030D90411D443F4805322F8FA
S21401DE60103001207047094B00EBC00003EB400364
S21401DE705A79D10603D442F010025A71F1E7002014
S21401DE80704700BFFD130020983D0020643D002030
S21401DE902DE9F843074600F0F1FF05461B4805F05B
S21401DEA007FD1B4B60B31C683C1B2C44A4B2194BEA
S21401DEB0DFF868901B78184D99F8006003EB830330
S21401DEC005EB430500225FFA82F846450AD9AB887E
S21401DED0A34205F10A0016D9B21A0A235A43294663
S21401DEE003F058FE013689F80060AC80B8F1000FE7
S21401DEF003D106483946F5F7A3F82846BDE8F88366
S21401DF001D603C46D3E701320546DCE78C13002052
S21401DF10D43900202C410020923C00202D410020C5
S21401DF201FB5154A154C1378013BDBB213706168B7
S21401DF30206801AA03C221891180114A1278D218D9
S21401DF4005D00A235A43E118204603F023FE9DF824
S21401DF5006301B070DD0BDF80C00FFF799FF82882D
S21401DF60ADF8082001AA034603CA12881860596052
S21401DF701A8104B010BD00BF2C410020923C002045
S21401DF802D41002008B5094B094800211970094B9D
S21401DF901970094B1A7802EB8202520003F014FE44
S21401DFA0BDE808400548F5F7E7B800BF2D41002059
S21401DFB0923C00202C410020FB1300208C130020F3
S21401DFC0F8B5094D094F0A4E00243B783178E2B284
S21401DFD00B449A4204F1010400DBF8BD2846F4F72D
S21401DFE023FC0A35F1E700BF923C00202D410020BA
S21401DFF02C41002010B5064C207828B1054806F0C3
S21401E0007BF810B1034B188810BDFFF789FFF3E7C3
S21401E0102C410020923C002008B50A4A034610789D
S21401E02060B1094A1088984209D121B99378103312
S21401E03023F00F039370FFF773FF012008BD002044
S21401E040FCE700BF2C410020923C00202DE9F74F51
S21401E05000F014FFDFF8F8803A4CB8F800C0DFF89B
S21401E060F490394D99F800701FFA80FEAEEB0C0360
S21401E0709BB2019323780093002603EB830305EB01
S21401E08043033A46B246ACEB0E0CB3465FFA86FE45
S21401E090BE4515D3BAF1000F01D0009B2370BA42DA
S21401E0A02AD3002F37D02378C8F800000A2202FBB3
S21401E0B003532648998803B0BDE8F04FF4F7C0BF74
S21401E0C0B3F804E001998E4512D8009993F802E05E
S21401E0D0A3F804B001310EF1FF3EC9B2013A83F84C
S21401E0E002E00091D2B24FF0010A0A330136CDE7C1
S21401E0F0E644A3F804E0F8E789F800204AB123785B
S21401E100C8F800000A2202FB035310489988F4F766
S21401E11097FF237813B903B0BDE8F08FFFF76AFFC6
S21401E12006460028F5D005F0C3F80146304605F04E
S21401E130E0FF20B100212888FFF76EFFE9E766219E
S21401E140F9E700BF2C410020923C00208C130020F0
S21401E150D43900202D41002038B50E4B05460E4817
S21401E1601C88F4F759FF012D0CD10C4B1C88FA21A1
S21401E170614358B1884209D28408012C204638BF31
S21401E180012038BD022D08BF0224F0E70248F4F74B
S21401E19057FFF2E78E3C0020EC2A00208C3C002042
S21401E1A008B5064B064801221A700021F4F748FF0D
S21401E1B0BDE808400020FFF7CFBF00BF1C3F00208E
S21401E1C0EC2A00201E4B1A8802F108039BB2012B91
S21401E1D073B502D81B4B1B7823B902B0BDE870405B
S21401E1E0F4F7CABF184B194D00241C70184B1C704D
S21401E1F02B787BB1174E4FF6FC730093308823467D
S21401E2002246214606F05FFE4FF6FD732C703380E2
S21401E21001200FE0104B1046197805F068FF002822
S21401E220F6D10C4B1A884FF6FD739A42F0D00123B3
S21401E2302B70022002B0BDE87040FFF78DBF00BF13
S21401E240903C00201C3F00201F3F00201D3F002067
S21401E2501E3F00208A3C0020203F0020012808B5F0
S21401E2600AD002280CD020B9084B18700848F4F7D9
S21401E27083FF4FF0FF3008BDBDE80840FFF790BFB1
S21401E280BDE808400020FFF767BF00BF1C3F002025
S21401E290EC2A002002280CD859B1064A137801331B
S21401E2A0DBB21370044A12789A4202D80220FFF7B2
S21401E2B0D5BF70471E3F0020213F002038B500F132
S21401E2C05703DBB2012B04460D4615D80D4A1378C9
S21401E2D00133DBB213700C4A12789A420CD80B4BFE
S21401E2E019884FF6FD72914201BF1D80084B00222E
S21401E2F01A700020FFF730FF29462046BDE8384057
S21401E30001F07DB81F3F0020223F00208A3C0020FC
S21401E3101D3F0020064A00231370064A1370064A62
S21401E3204FF6FD711180054A1370054A1370704748
S21401E3301F3F00201E3F00208A3C00201D3F00207A
S21401E3401C3F002030B5094B1B78024633B1084B01
S21401E350084C19780023D8B2884201D3FF2004E084
S21401E360013334F823509542F5D130BDFA1300201D
S21401E370243F00206A3C0020054B064800221A7004
S21401E380054BFF211970054B1A78920003F01CBC4F
S21401E390243F00206E3C0020233F0020FA1300207B
S21401E3A0F7B58DF807100DF10701044600F074FF6C
S21401E3B0234B1D78002D41D02046FFF7C3FF214E89
S21401E3C0214B3178FF2805D1204A107885422DD976
S21401E3D0451C1570884219D01C4A1B4D92F800C086
S21401E3E00022D7B2BC450CD92F46013297F803E07C
S21401E3F0864505F10405F4D102B203EB8202D27818
S21401E400FA7002B203EB8202D170307002B203EBF3
S21401E410820123F82240FF228A709DF80720FF2AF6
S21401E42002D003EB8203987003B0F0BD0A46104693
S21401E43003EB8202D278FF2AF9D1CBE7FF20F3E77C
S21401E440FA130020233F00206E3C0020243F0020CA
S21401E4502DE9F843FFF776FFFF2804466AD0364FCA
S21401E460DFF8E080354E03B24FF6FF7227F823201F
S21401E47098F80050A54202D10020BDE8F88320B2EA
S21401E4803378810007EB8000A34290F803E011D0B7
S21401E490294A00235FFA83F94D45944607D99CF82B
S21401E4A00390A14503F1010302F10402F2D18CF8B5
S21401E4B003E001E086F800E0013DEDB22A1BD2B28E
S21401E4C004319200394403F065FB88F80050337834
S21401E4D0FF2B04D0A34224BF03F1FF333370164B46
S21401E4E000214FF6FF70CAB2AA420CD3144A002389
S21401E4F04FF6FF71DCB2AC42BAD2013332F82300D8
S21401E5008842F7D1B4E79A78A2420BD11880DA781C
S21401E510FF2A04D0A24224BF02F1FF32DA70013191
S21401E5200433E0E7FF2AF2D0A24224BF02F1FF3211
S21401E5309A70ECE70320A0E76E3C0020233F002002
S21401E5406A3C0020243F0020F8B51C4B1B7805468A
S21401E550084673B3FFF7F6FEFF28044629D028467F
S21401E560FFF7F0FEFF2806D0154B164E1A7800234B
S21401E570D9B2914218D3FF212846FFF711FFFF2891
S21401E580014616D0104F054623B207EB830237F833
S21401E59023009678FFF704FFA84208BFFF25FF2E49
S21401E5A0214608D12846F8BD013316F823108142CA
S21401E5B0DED1FF25F6E73446E6E700BFFA13002072
S21401E5C0243F00206C3C00206E3C00202DE9FF41DA
S21401E5D04FF0000C9DF828508DF80FC00DF10F0C70
S21401E5E0CDE9005C1F4606468846144600F024FE28
S21401E5F09DF80F3093B941463046E8F7FFF80E4BC9
S21401E6001B785BB10B2C09D83046FF21FFF7C8FEFB
S21401E61005EB44040646E4B2A54202D104B0BDE8C7
S21401E620F0812946384605F0CFF83146FFF7B8FEA7
S21401E63002350646EDB2EFE7FA1300202DE9F3475F
S21401E64000230DF107028DF8073004460E4600F050
S21401E6500EFE9DF80730054663B92046FFF772FEA9
S21401E66004465EB13088F4F7D5FA5FFA80F8FF2CDD
S21401E67046D10025284602B0BDE8F087B046F6E749
S21401E68001320C2AF5D02DB207EB8505AD78FF2DAA
S21401E690F6D112F0FF0AECD04FEA4A050235EDB288
S21401E6A0002EE7D008EB0501C9B2304605F026F882
S21401E6B00028DED1308852464146F4F793FC0AF131
S21401E6C0FF3208F1010108F102093088D2B2C9B25D
S21401E6D05FFA89F9F4F786FC24B207EB8404A47880
S21401E6E0FF2CC7D023B2308837F82320494605F0DF
S21401E6F07BF80028BDD109F102095FFA89F9EBE739
S21401E700014F25460022BEE76E3C00200023036031
S21401E710704703680B6001607047FEE7FEE74FF441
S21401E720004070474FF47A707047704713B504463F
S21401E73001A8E3F7DFF99DF80630238040F20113C4
S21401E7406380E3F7F5F96060002002B010BDE3F7DF
S21401E75089B808B5E3F776F8002008BD10B5044679
S21401E76044EA010313F00303084609D1934201D199
S21401E770002010BD54F8231040F823100133F5E7AC
S21401E7809200214603F034FAF2E7704708B5E1F744
S21401E790EFFF013008BDEFF3108072B6704700B985
S21401E7A062B67047602383F311887047EFF31180D8
S21401E7B0602383F31188704780F31188704784B013
S21401E7C00B6800934B6801938B680293CB680393A5
S21401E7D0009B0360019B0360029B0360039B036035
S21401E7E00023009301930293039304B0704784B00F
S21401E7F00368009303680193036802930368039315
S21401E800009B0B60019B4B60029B8B60039BCB6064
S21401E8100023009301930293039304B0704730B52D
S21401E820D1E90223D1E90054056004600260036067
S21401E83030BD30B50568046802680368C1E9005454
S21401E840C1E9022330BD7FB58A0704460B4610D0C6
S21401E8506D4601F11006186859682A4603C2083346
S21401E860B3421546F7D169462046FFF7D8FF04B0F4
S21401E87070BD0091009904B0BDE87040FFF7CFBFAE
S21401E88030B58B0785B00C4610D06946FFF7D1FF2F
S21401E8900D46234604AC2A4603CAA24218605960B4
S21401E8A0154603F10803F6D105B030BD0091009975
S21401E8B005B0BDE83040FFF7BCBF00F1424303F5A9
S21401E8C08013102A10B54FEA43130AD101221A60A9
S21401E8D000F58870FFF773FF1031BDE81040FFF7B1
S21401E8E06EBF00221A602430F7E7F0B50B46990791
S21401E8F089B0044615462DD0082A19D16D4603F174
S21401E9001006186859682A4603C20833B3421546EA
S21401E910F7D1082269462046FFF7CFFF03226B4650
S21401E9200020013A186003F10403FAD209B0F0BDE1
S21401E9306E4603F1200718685968324603C2083349
S21401E940BB421646F7D12A4669462046FFF7B5FF71
S21401E9500722E4E70093009909B0BDE8F040FFF70D
S21401E960ACBF10B52030FFF742FF102A04D1BDE836
S21401E97010401031FFF73BBF10BD30B58B0789B093
S21401E9800C46154625D06946FFF7EBFF082D6A466B
S21401E99013D104AD134603CBAB42206061601A4627
S21401E9A004F10804F6D103226B460020013A1860F0
S21401E9B003F10403FAD209B030BD08AD134603CB08
S21401E9C0AB42206061601A4604F10804F6D10722C2
S21401E9D0EAE70091009909B0BDE83040FFF7C1BFF2
S21401E9E0704770477047E2F7B3BBE2F743BB70B5B9
S21401E9F005460E461446FFF7CEFE2B685C403440B3
S21401EA005C402C60BDE87040FFF7C9BEE2F772BFFC
S21401EA1038B5E3F7CBF88B7C04460D461BB103688B
S21401EA2043F080430360EB7C1BB12B7D43F08003F6
S21401EA30A3652A8A6B7B1343EA89134363602B7BA6
S21401EA40D5E901122046E3F77FF86B7D1BB12368F9
S21401EA5043F480332360AB7D1BB1236843F400434A
S21401EA602360EB7D2A7E1B07120502F4E00203F009
S21401EA70E04313432366636F23F030036367626FDB
S21401EA806B7E134363672B78E36038BD03691B060F
S21401EA90FCD5C069C0B2704703695B06FCD541630B
S21401EAA07047002070470020704700207047012003
S21401EAB07047012070470F207047ECF735B94FF0CB
S21401EAC0FF3003F071BD704770B504460D46FFF781
S21401EAD062FEA36A102B064604F10501284614BF00
S21401EAE010220822FFF701FF05F1840004F14C0112
S21401EAF0FFF7A9FE3046BDE87040FFF750BE2DE98E
S21401EB00F043074685B016461C460D4631B9E3F775
S21401EB1093F9054601463846FFF7D6FF44B3FFF79B
S21401EB203AFE97F842308046F3B10E2200210DF1ED
S21401EB30020003F049F80E2CBB8DA14628BF4FF00A
S21401EB400E095BBA31464A460DF10200ADF80030B7
S21401EB5003F04EF869462846E3F792F90023A4EB42
S21401EB6009044E4487F842302CB94046FFF717FE99
S21401EB7005B0BDE8F083102C27464FF0100228BFE1
S21401EB8010270021684603F01FF831463A466846CA
S21401EB9003F02EF869462846E3F772F9E41B3E4473
S21401EBA0E2E72DE9F04F8BB00546DDF85080169E62
S21401EBB017469A460C464FF0010900297BD1E3F728
S21401EBC03BF9CDF8009004462B6E2F714FF00009EB
S21401EBD05FFA88F7EB62C5F8449085F86C70424698
S21401EBE0514605F15C00019303F002F8159A019B6A
S21401EBF0C7F10F0B023AC7F10E07B3EB0903FFB2D9
S21401EC004FEA520247EAC20218BF012342EA8313BF
S21401EC10514642460DF109008DF8083002F0E8FF32
S21401EC2006AA4B465FFA8BFB9146D9B28B4547D86D
S21401EC30002E59D166602660FFF7ADFDAB6A0190E4
S21401EC40102B14BF10220822691D2046FFF74DFE27
S21401EC50C4F8886002A9C4F888602046C4F88860B1
S21401EC60C4F88860E3F70CF90198FFF798FD42466F
S21401EC7051460DF119008DF8187002F0B9FF08F130
S21401EC8001005A463146484402F09EFF01238DF8A2
S21401EC902730FFF780FD04F18407064649463846CB
S21401ECA0FFF7D1FD3046FFF77AFD009B6BB90020D8
S21401ECB00BB0BDE8F08F002380F84290009383E705
S21401ECC002F8016D0133360AAFE7FFF764FD05F17F
S21401ECD04C0106463846FFF7D3FD3046FFF75FFD89
S21401ECE02046E3F7B3F8E2E76FF08600E0E7014479
S21401ECF00023884200D1704700F8013BF9E72DE96F
S21401ED00FF47DDF83890DDF848800C460646174682
S21401ED109A46E3F791F80C9BC6F86090224600935A
S21401ED200146CDE90187054653463046FFF739FFD0
S21401ED300446C8B90D9A4B4629463046FFF7DFFE12
S21401ED403FB1109B00933A460F9B29463046E3F7A6
S21401ED5001F9119A434629463046E3F79FF80446DF
S21401ED6010B92846E3F772F8204604B0BDE8F087EC
S21401ED702DE9F8431546894607469846E3F75CF8B9
S21401ED800023436003600446FFF705FDB9F1100F49
S21401ED9014BF102208223946064604F18007204691
S21401EDA0FFF7A3FD41463846FFF74DFD3046FFF716
S21401EDB0F6FC012D0CBF05230623A360256915F07B
S21401EDC00205FBD1FFF7E7FC089906463846FFF730
S21401EDD057FD3046FFF7E3FC2046E3F737F82846B1
S21401EDE0BDE8F8832DE9F04190461E46054678B306
S21401EDF08B422DD1E3F720F80023436003600446DD
S21401EE00FFF7C9FC102E074614BF10220822294618
S21401EE102046FFF76AFD3846FFF7C1FC0523A360CD
S21401EE20256915F00205FBD1FFF7B5FC102E14BFBE
S21401EE3010220822414607462046FFF79EFD384627
S21401EE40FFF7ADFC2046E3F701F82846BDE8F08160
S21401EE506FF08600FAE713B5022300246846009493
S21401EE608DF804408DF80530E2F724FA204602B00A
S21401EE7010BD08B5E3F750FD80B208BD08B5E3F74D
S21401EE804BFD08BD08B5FFF7F9FFFA23B0FBF3F019
S21401EE9080B208BD012070470420704740F201602F
S21401EEA0E3F704BE704770477047032000F01EB8B2
S21401EEB00120704742DE704738B504460D4604F01F
S21401EEC033F900F020F8FFF76DFC29462046BDE82F
S21401EED03840FFF7EFBF10B40446084611462246F5
S21401EEE05DF8044BE5F75CB8E5F79CB8E5F7DAB8EA
S21401EEF010B404460846114622465DF8044BE5F771
S21401EF00EFB8E5F76FB9704710B5FFF744FC044654
S21401EF10E3F7A0FF2046BDE81040FFF740BC70476E
S21401EF20FFF761BD70477047012070474FF41670B8
S21401EF30E4F7A8B82DE9FF410D4616461F460446DC
S21401EF40A8B14FF00008C0F81C80E4F7DDFBBDF85F
S21401EF502C3002939DF828304246CDE900732946AD
S21401EF6033462046E4F736FB04B0BDE8F0812220A4
S21401EF70FAE7F0B587B01F4600230D4616468DF812
S21401EF8017300446A8B1C3610DF11701E4F7ECFB95
S21401EF909DF817207AB9BDF8343002939DF83030C9
S21401EFA02946CDE9007320463346E4F713FB07B044
S21401EFB0F0BD2220FBE70320F9E738B5FFF7F6FBA3
S21401EFC00546E4F73BFE04462846FFF7F5FB2046D8
S21401EFD038BD08B5E9F72AFB02F0FCFC02F0FBFCA1
S21401EFE002F000FDBDE8084002F00BBD08B502F0D6
S21401EFF009FD02F008FD02F007FDBDE8084002F039
S21401F0000ABD704707B503469B0753BF6FEA014128
S21401F0104FF6FF7343EA01416FEA11410422019161
S21401F02020F003000DEB0201FFF7F0FC03B05DF8E2
S21401F03004FB41EA000313F001032DE9F041044605
S21401F0400E4615463FD1002A3BD04FF6FF7234F8E4
S21401F0501310914205D036F8131011B14B20BDE8BC
S21401F060F0810133AB42F2D1E2F7ECFB012D01D086
S21401F070A3070ED531882046FFF7C4FF10B1E2F78B
S21401F080F1FBEBE7013D012D04F1020406F1020656
S21401F0900ED925F001084FEA48073A463146204680
S21401F0A0FFF7B4FC0028EAD13C443E44A5EB080532
S21401F0B02DB131882046FFF7A5FF0028DFD1E2F702
S21401F0C0D1FB0020CBE70120C9E708B5FFF71BFFFE
S21401F0D0BDE80840F4F7A2BA10B51446E5F74EF9B4
S21401F0E02146BDE81040F3F7ABBF08B5E5F746F992
S21401F0F0BDE808400021F3F7A3BF08B5E5F73EF9E0
S21401F100BDE80840F4F738B87047704708B5FFF710
S21401F110FAFEFFF7FAFF02F0E0FCBDE80840E5F76B
S21401F12067B9704738B50546FFF735FB0121044638
S21401F1302846E3F71BFF2046BDE83840FFF72FBB04
S21401F140012070470120704708B5E5F709FA002845
S21401F1500CBF0420012008BD704770B504460D465B
S21401F160164601F019F932462946204602F0B6FC49
S21401F170324629462046FFF7EFFFBDE8704001F012
S21401F1800DB92DE9F34104469DF820800D4616463B
S21401F1901F4601F001F9CDF800803B46324629466C
S21401F1A0204600F01AFC02B0BDE8F04101F0F6B8C6
S21401F1B0704708B501F0F0F802F093FCFFF7F8FF8E
S21401F1C0BDE8084001F0EAB8012070472DE9F0419A
S21401F1D004460D4616461F4601F0DEF83B4632460B
S21401F1E029462046FFF7F0FF3B4680463246294631
S21401F1F0204602F078FC01F0D1F84046BDE8F081E7
S21401F200012070472DE9F04104460D4616461F467B
S21401F21001F0C2F83B46324629462046FFF7F0FF8A
S21401F2203B46804632462946204602F05DFC01F008
S21401F230B5F84046BDE8F0812DE9F743DDF82C909E
S21401F2409DF8288004460D4616461F4601F0A4F890
S21401F250CDE900893B4632462946204602F045FC68
S21401F26003B0BDE8F04301F099B800207047F8B547
S21401F27004460D46164601F08FF8324629462046CA
S21401F280FFF7F3FF324607462946204602F02EFCDA
S21401F29001F084F83846F8BD38B504460D4601F04D
S21401F2A07BF82946204602F022FCBDE8384001F0F2
S21401F2B075B810B5044601F06FF8204602F018FC48
S21401F2C02046E9F74BF9BDE8104001F067B87047F2
S21401F2D038B504460D4601F05FF82946204602F08F
S21401F2E010FC29462046FFF7F2FFBDE8384001F042
S21401F2F055B8704770B504460D46164601F04CF8F1
S21401F30032462946204602F0FEFB32462946204672
S21401F310FFF7EFFFBDE8704001F040B8704738B521
S21401F32004460D4601F038F82946204602F0EDFB6A
S21401F33029462046FFF7F2FFBDE8384001F02EB817
S21401F340704738B5044601F027F8204600F0E3FA86
S21401F3500546204602F0DBFB29462046FFF7F0FF74
S21401F36001F01CF8284638BD704738B5044601F050
S21401F37013F8204600F0FDFA0546204602F0C8FBC9
S21401F38029462046FFF7F0FF01F008F8284638BD69
S21401F390704710B5044600F0FFFF204602F0B9FBA7
S21401F3A02046FFF7F5FFBDE8104000F0F7BF7047B5
S21401F3B038B504460D4600F0EFFF2946204602F018
S21401F3C0A9FB29462046FFF7F2FFBDE8384000F0CA
S21401F3D0E5BF704770B504460D46164600F0DCFFE3
S21401F3E032462946204602F096FB324629462046FA
S21401F3F0FFF7EFFFBDE8704000F0D0BF704738B5AB
S21401F40004460D4600F0C8FF2946204602F084FB5C
S21401F41029462046FFF7F2FFBDE8384000F0BEBFA0
S21401F420704738B504460D4600F0B6FF294620461B
S21401F43002F073FB29462046FFF7F2FFBDE838408D
S21401F44000F0ACBF704710B5044600F0A5FF20469B
S21401F45002F064FB2046FFF7F5FFBDE8104000F020
S21401F4609DBF704710B5044600F096FF204602F097
S21401F47056FB2046FFF7F5FFBDE8104000F08EBFB3
S21401F480704738B504460D4600F086FF29462046EB
S21401F49002F046FB29462046FFF7F2FFBDE838405A
S21401F4A000F07CBF704710B5044600F075FF20469B
S21401F4B002F037FB2046FFF7F5FFBDE8104000F0ED
S21401F4C06DBF704738B504460D4600F065FF294606
S21401F4D0204602F027FB29462046FFF7F2FFBDE84B
S21401F4E0384000F05BBF704770B504460D4600F02B
S21401F4F053FF2946204602F017FB2046F3F78AFB06
S21401F50006462046F3F76AFBF1B202462846FFF7A5
S21401F510EAFFBDE8704000F041BF704730B50446D1
S21401F52085B000F039FF204602F0FFFA00230DF106
S21401F5300F008DF80E308DF80F30FEF70BF80DF139
S21401F5400E00FDF7FFFF6088F3F764FB0546608851
S21401F550F3F744FBEDB2019000959DF90F309DF84D
S21401F5600E2061782078FFF7D8FF00F017FF05B06E
S21401F57030BDB5207047B520704738B5044600F059
S21401F5800BFF2046FFF7F7FF0546204602F0CEFAAE
S21401F5902046FFF7EEFF00F001FF284638BD82B097
S21401F5A002AB03E9060002B0704737B505466C4664
S21401F5B084E8060000F0F0FE94E80600284602F013
S21401F5C0B6FA94E806002846FFF7E9FF03B0BDE85F
S21401F5D0304000F0E3BE002070470020704738B589
S21401F5E0044600F0D9FE2046FFF7F7FF0546204601
S21401F5F002F0A6FA2046FFF7EEFF00F0CFFE2846FF
S21401F60038BD704708B502F09CFAFFF7FAFF08BD4F
S21401F61008B500F0C1FE02F095FA02F0D9F9BDE88E
S21401F620084000F0BBBE00207047704708B5E5F7FC
S21401F6303FF8BDE80840E5F743B800207047E5F716
S21401F64057B813B500230C46CDE9003301461A46D8
S21401F650E0B2E5F709FB02B010BD13B5002314466E
S21401F660019000930122E0B2E5F7FEFA02B010BD68
S21401F6707047194491420ADC4218002003B97047CA
S21401F68012F8011D013B01EB0020DBB2F6E700207A
S21401F6907047982808B513D88F281ED900F1700234
S21401F6A0D2B20123934013F4A97F10D1DB0714D5FE
S21401F6B0902813D1F3F712FEBDE8084000F01EBEF5
S21401F6C0BC280BD007D85530C0B2042805D8BDE8F1
S21401F6D0084000F0CCBFBF2800D008BD00F00DFEEA
S21401F6E000F00CFEE8E710B586B0089C04940024F0
S21401F6F0CDE902440124CDE9003413460A46014609
S21401F7000620E5F7FFFB06B010BDF0B502288BB06A
S21401F71005460E4614461F460AD106A9F0B205F064
S21401F720DEFA98B99DF8193023719DF81C30637183
S21401F730119B04930023CDE902330193109B0093A0
S21401F74022463B4631462846E5F7DCFB0BB0F0BDCA
S21401F750FE2828BFFE20E5F7FFBCB1F800C0F8B5CB
S21401F76005460C4616461F46BCF1000F1AD102F09C
S21401F770ECF970B93B4632462146284602F0E7F9D5
S21401F780628848F221039A4203D17178284600F034
S21401F790A6FD6388B3F5004F02D9082000F0B4FD3A
S21401F7A00120F8BD0020FCE72DE9F04788B0994616
S21401F7B00C469246BDF84080119F0646FDF7D2FEE4
S21401F7C0CDE9034705468DF80860ADF81480ADF81D
S21401F7D016008DF818A08DF8199000F02FF98DF805
S21401F7E01A0000F02DF900238DF81B0002A88DF8F1
S21401F7F01C3000F078FDA8B943463A462146284613
S21401F80000F04FFE70B943463A4621462846FFF7B8
S21401F810A4FF38B9CDE9005043463A463146204662
S21401F820E6F73CFF08B0BDE8F08770471FB50B460A
S21401F8306A460146184604F001FF6A46082300207E
S21401F84032F8021B013B13F0FF0380EA0100F7D1F7
S21401F850012838BF012080B205B05DF804FB2DE910
S21401F860F74F9846DDE90C3B07460E4614464146DF
S21401F87000221846BDF838909DF83CA0019303F08D
S21401F8801BFE0546002840D0019B41461846FFF75F
S21401F890CDFFABF80000062F3BD8DFE807F00404E5
S21401F8A0040D162A21002B4622463146384603B05F
S21401F8B0BDE8F04FF9F786BB0C222B4611462046D1
S21401F8C003B0BDE8F04FF9F767BBE27A2B46114665
S21401F8D02046CDE90C9A03B0BDE8F04FF9F73ABBE4
S21401F8E02B460C222146304603B0BDE8F04F05F00A
S21401F8F0C0B80D95E37A0C935246234631464846E6
S21401F90003B0BDE8F04FF9F70FBB182003B0BDE810
S21401F910F08F0220FAE77FB5054604F059F848B1A2
S21401F9206B88B3F5006F05D1681D04B0BDE8704063
S21401F93000F0D3BC284600F0E5FC0446B8B9E6B2B0
S21401F9406946304605F0CBF99DF800301843C0B241
S21401F95048B929463046FCF76BF910B1752806D030
S21401F9608C2004B070BD01340A2CE8D1F8E78D2054
S21401F970F7E710B5044600F0C3FC08B18D2010BDB2
S21401F9802046FCF72DF90028F9D07528F6D08820F6
S21401F990F5E72DE9F04385B005460DF10E00144656
S21401F9A00E46FDF7CFFD0DF10F00FDF7D3FD204606
S21401F9B09DF80E809DF90F90F3F72CF90746204627
S21401F9C0F3F70CF94B46CDE900704246314628461E
S21401F9D0FFF7EAFE05B0BDE8F0832DE9FF470546CF
S21401F9E018461E4690460F469DF830A0F3F7F6F8E7
S21401F9F081463046F3F70EF9044651462846E4B2EE
S21401FA00FEF748FC21464846FFF710FF5346CDE96E
S21401FA1001904246394628460094E5F7BBFB33463B
S21401FA20424639462846CDF830A004B0BDE8F04736
S21401FA3002F056B803F0CCBFF3F7F6BCF9F738BBC3
S21401FA401FB56846FDF79CFDC8B902A9FCF772FA16
S21401FA50082269460DEB020002F08CF810B900206E
S21401FA6004B010BD02A90120FCF764FA0822694619
S21401FA700DEB020002F07EF890B90120F0E7FDF7E9
S21401FA8071FD4FF6FF739842044609D00020FCF73B
S21401FA9069FA8442E3D00120FCF764FA8442ECD090
S21401FAA0FF20DDE7E5F726BCE5F7E2BBE5F704BC9A
S21401FAB0F5F76ABAE5F7AEBC70B506460C461546CC
S21401FAC000F032F860B10CB9002070BD002DFBD0FB
S21401FAD0204600F04DFC013080B2A842F4D8F4E78D
S21401FAE0304600F027F840B1002CEDD0012DEBD9BF
S21401FAF0204600F042FC0230EEE73046E5F746FCD1
S21401FB00EBE770B50023051F9CB2A14201D8002087
S21401FB1007E05C1C35F82460964203D100EB8300B5
S21401FB20408870BD2346EFE7413801288CBF00208E
S21401FB3001207047433801288CBF00200120704700
S21401FB400388B3F57C4F01D3E5F784BC0846E5F797
S21401FB5071BC10B50C46018862888A420DD1037BC0
S21401FB6021790B4009D0B2F57C4F08D3E5F772FC3A
S21401FB7023891B1A5842584110BD0020FCE701207A
S21401FB80FAE738B50D881446D28895420AD103881B
S21401FB90B3F57C4F08D2FFF7D3FF23891B1A5842CF
S21401FBA0584138BD0020FCE70120FAE72DE9F84F5F
S21401FBB090F804A0074689461546984600264FF059
S21401FBC0140BF3B29A4501D8002418E03A680BFBEF
S21401FBD006F3D418D35A994519D12DB1802D11D1D8
S21401FBE094F90C20002A12DAB3F57C4F07D320468D
S21401FBF0E5F730FC804502D0B8F1000F07D120466A
S21401FC00BDE8F88F402D02D1227B5206ECD4013696
S21401FC10D7E70121E5F7CCBB08B513460022E5F787
S21401FC203DFD003818BF012008BD08B51346402227
S21401FC30E5F734FD003818BF012008BD08B51346A6
S21401FC408022E5F72BFD003818BF012008BD0023F0
S21401FC50E5F724BD0021E5F783BD70470020704716
S21401FC60F8B516461F469DF81820BDF81C30054607
S21401FC70E5F714FD78B10421FFF7F0FF044650B113
S21401FC80284600F097FB3A4631462846A047BDE88D
S21401FC90F84000F083BBF8BD2DE9F74FDDF8309052
S21401FCA09DF834B01E460746BDF8383088461446DF
S21401FCB02AB3B9F1000F22D00EB392F804A099F836
S21401FCC00020618812F0080F0CBF802240225046A7
S21401FCD0E5F7E4FC98B10821FFF7C0FF054670B1CF
S21401FCE0504600F067FBCDE9009B3346224641466D
S21401FCF03846A84703B0BDE8F04F00F04FBB03B04D
S21401FD00BDE8F08FF8B5BDF8187016461A463B46A2
S21401FD100446E5F7C3FCE0B177B90221FFF79EFF81
S21401FD200546B0B1204600F045FB31462046A847BF
S21401FD30BDE8F84000F032BB1021FFF78FFF054603
S21401FD4038B1204600F036FB3A4631462046A847F1
S21401FD50EEE7F8BD73B5BDF8184016461A462346B9
S21401FD600546E5F79BFCB8B1C4B92021FFF776FF3D
S21401FD70044670B1284600F01DFB099B00939DF8D0
S21401FD801C209DF8203031462846A047044600F046
S21401FD9005FB204602B070BD8624FAE70024F8E78A
S21401FDA02DE9F04186680446007800F003FB002543
S21401FDB014273279EBB29A4203D8BDE8F04100F03D
S21401FDC0EDBA7B4332682078D15A02EB030800F083
S21401FDD067FA01214046FFF741FF034608B1207844
S21401FDE098470135E5E72DE9F04F89B01C46BDF887
S21401FDF048809DF84C3001939DF85030029392460E
S21401FE004346224607460D46E5F748FC8DF8147032
S21401FE10ADF816508DF81840ADF81AA0ADF81C8054
S21401FE20064618B9012009B0BDE8F08F05A9FFF70D
S21401FE3090FE0028F6D000252F46A8462C4634E032
S21401FE400C2331881FFA85F903FB09F97368B1F5AC
S21401FE507C4F33F8092003EB090B1AD333F809005A
S21401FE6050452CD3019BA3422DD900F057FA9BF89D
S21401FE700200E5F7EFFE029B43B19BF8043013F056
S21401FE80010F0CBF05200720E5F7E4FE0134A4B2FC
S21401FE9019E0ADF81A20594605AA30460393FFF734
S21401FEA070FE039B0028D9D101353289ABB29A4244
S21401FEB0C6D804EB0800C31B58425841B3E708F103
S21401FEC001081FFA88F80137BFB2EDE72DE9F04FB8
S21401FED08FB098469DF8703005930023BDF860A05A
S21401FEE08DF82C00ADF82E10ADF8322000930546A3
S21401FEF00E46174608A91A460BA80893199C9DF8A2
S21401FF0068B09DF86C908DF83080ADF834A0E5F7B8
S21401FF10B1FA089B002B00F09680B9F1000F07D1CB
S21401FF209A785A4540F091801A79D10740F18F802E
S21401FF301A79520733D59A68516892680A920991DC
S21401FF40987800F052FC089A92F80390B9F1020FE3
S21401FF50034615D807904A46214609A800F001FC39
S21401FF60079B06904A4621460AA800F0FAFB069B24
S21401FF70012B01D0013012D187200FB0BDE8F08FE0
S21401FF8006904A460998214600F0EBFB0128F3D07B
S21401FF90069B0A984A46214600F0E3FBEAE7059BE2
S21401FFA00BB10020E9E7089B4FF6FF7298782146CF
S21401FFB0FFF782FD00284CD05FFA80F9CDE9029464
S21401FFC0CDE900AB43463A463146284600F089F96A
S21401FFD00028D2D1CDE90294CDE900AB43463A469A
S21401FFE031462846FFF7B6FE0028C6D10123009306
S21401FFF0059B224619460BA8E5F73CFA0028BCD11A
S214020000089B324629462046FFF727FE43463A46D5
S21402001031462846CDE901B4CDF800A000F077F9C4
S21402002043463A4631462846CDE90294CDE900AB2E
S21402003000F056F9CDF800A043463A463146284627
S214020040FFF760FEADE7862097E78D2095E78820CC
S21402005093E7012091E72DE9F04786B00446DDF8E4
S2140200603C909DF840A0BDF83880CDF80080CDE9E0
S214020070019A0D4616461F4600F00AF9A8B1431E1D
S214020080DBB2012B0ED800230493831E584258413C
S214020090CDE902A0CDE900893B46324629462046F4
S2140200A0FFF714FF06B0BDE8F0870120FAE730B587
S2140200B087B000240125CDE903549DF8285000940A
S2140200C0CDE901354023FFF701FF07B030BD10B57B
S2140200D086B04FF0010C0024CDE9034C9DF8284071
S2140200E00294099C0194BDF820400094FFF7EEFEAE
S2140200F006B010BD30B587B000258DF81030BDF8BB
S21402010028308DF80C00ADF80E10ADF81220ADF8C0
S21402011014300B9ABDF83030009502A903A80D9C46
S2140201200295E5F7A7F918B914B1029B9B782370DC
S21402013007B030BD2DE9F84F02290C9D07468846C8
S21402014004D84FF0000A5046BDE8F88F1BBB027079
S2140201500124E6F7B5F904F1020A385501349DF890
S21402016028303B554FF000090B9A5FFA89F3D45CAE
S214020170002CE8D0732C18D82E464C2C56F804BB0C
S21402018045D0532C1DD0622C4DD1AC8805F1080603
S21402019000231A461EE00429D3D942F00402437013
S2140201A01B0A027083700324D3E7A4F17503032BA2
S2140201B0C7D8763C2E1D022C52D8DFE804F0565AD9
S2140201C058006A6894B2D2B2B2F1FF0305F108068B
S2140201D018BF01230AEB040119448845B1DB5046D7
S2140201E01946002947D153441FFA83FA5CB1BBF182
S2140201F0000FA6D0224607EB0A00594601F0F8FC8B
S21402020054441FFA84FA09F101093546ACE76A68D4
S2140202104FF6FF7394B205F1080622469C4214BFBD
S21402022002230023D6E76C2C05D1584600F0A5F829
S214020230841CA4B2ACE7732C04D1584600F098F89C
S214020240441CF6E7A4F13003DAB2092A01D89CB2BC
S2140202509EE7A4F14103062B3FF673AF373CE8E76F
S214020260012300242A68A346B4E70223F9E70323FE
S214020270F7E70423F5E700F1010C01393A54C9B255
S214020280120A1FFA8CF0ACE70022E5F7A7BC70470B
S214020290012070470120704701207047B520704743
S2140202A070470020704700207047002070470020EB
S2140202B070470020704700207047002070470120DA
S2140202C070470120704700207047002070470020CA
S2140202D0704700207047B5207047842070477047EB
S2140202E070470020704700207047002070470020AB
S2140202F0704700207047002070477047B52070474F
S21402030000207047002070477047002070477047F3
S21402031070477047002070470020704738B5054682
S214020320C0B2E5F797FC0446280AE5F793FC14B139
S214020330002808BF0024204638BD10B4CC189442CA
S21402034003DC5DF8044BFFF794B900205DF8044B1C
S21402035070470423FFF7F1BF08B50223FFF7EDFF4E
S21402036080B208BD08B50123FFF7E7FFC0B208BD9B
S2140203700078FF2808BF0020704708B50222002137
S214020380FFF7EAFF4FF6FF73984208BF002008BD4A
S214020390002818BF70207047002070470020704762
S2140203A008B5FFF736FCFF284FF0FF3018BF0020D5
S2140203B0C0B208BD08B5FFF7F3FFFF280CBFA320A5
S2140203C0002008BD73B50646E4F77AFD812504468B
S2140203D0019614B9284602B070BD2378B3B93368C3
S2140203E062685B889A4211D1A368F27B99B292B195
S2140203F0328A91420AD1727DB2EB134F06D1E3687C
S21402040001A90020984710F0FF05E3D02046E4F744
S2140204105FFD0446DDE74FF6FF72EAE710B50368B4
S21402042004465879E6F71EF840B923685B88032B22
S21402043004D00121204600F02CF91BE0637D012B3D
S2140204400AD0637D33B92368228A59885879FFF720
S214020450ECFB48B9C321EDE72368228A598858790C
S214020460FFF7ECFB0028ECD02046FFF7ABFF014677
S2140204700028DFD1012010BD38B50446436808467F
S2140204800D469847B4F90830002B02DB2B78042B74
S21402049006D1002363602046BDE83840E5F702BF78
S2140204A038BD2DE9F043884610789DB000211446E9
S2140204B01D46E5F7DBFE0746002800F0D4800678E6
S2140204C0002E75D0B8F80010002940F0CC800389C1
S2140204D0B8F8022043F40040824240F0C4806178BB
S2140204E0002965D1A2F50042062A00F2BC80DFE8A8
S2140204F002F08787BABA049E6300E388E17AADF811
S2140205001C302389ADF81E3063798DF820308B1DA0
S2140205100D3D14F813208DF80C1015F001058DF81A
S214020520142045D109A8049004F10C0C80465FFA09
S21402053085FE8E450CF1020C09D21CF8019C1CF8B3
S21402054002EC0EEB092E28F802EB0135EFE75B0012
S214020550013300EB41000A4403F0FF030690D2B2D7
S2140205608A420FD01CA800EB4105E018013190F832
S21402057001C0E05C023300EB0C2025F84C0CC9B23B
S214020580DBB2EDE7B7F908203B89002AB4BF0322A5
S2140205900122C3F30E038DF80020ADF80230628804
S2140205A0ADF8042003AB029369463846FFF764FFB2
S2140205B030461DB0BDE8F083042DF9D92279053DF9
S2140205C0ADB29542F4D16188E8B205341AB295B15B
S2140205D0002AB4BF03220122C3F30E038DF80C00D7
S2140205E004948DF82420ADF82630ADF8281003AB1D
S2140205F00B9309A9D9E7002AB4BF05220622EBE726
S2140206000B2DD5D9D4F80200D4F8061003AA03C2DB
S21402061013F4004F14BF032204228DF82420C3F3E0
S2140206200E036289ADF82820ADF82630DFE7042DE8
S214020630BED921796288ADF828204A1DD2B2AA42D4
S214020640B6D113F4004FC3F30E0314BF03220122E4
S214020650ADF82630053403AB8DF824200B930494B2
S2140206608DF80C10C5E70026A2E7FFF751BE08B5C5
S214020670F4F7E8FA20B9F2F7D7FE08B9FFF70EFE4C
S214020680FFF73BFEBDE80840FFF743BE0020E5F754
S21402069047BF0022E5F79EBFD28812F0200F10B5A2
S2140206A003460CBF522449240846510544BF083C61
S2140206B0E4B2110544BF083CE4B2120444BF023C53
S2140206C0E4B2032B11D8DFE803F005020A0EC0B22B
S2140206D0FBF748FCFFF7FDFD201AC0B210BDC0B202
S2140206E0FBF758FAF6E7013CE4B24FF6FD70F1E785
S2140206F0F8B5064617460D4681B10C78FF2C0BD08E
S2140207000846FFF735FEB84228BF3846C4B222462E
S214020710691C701C01F03EFA3470F8BD0C46FBE70B
S21402072070B5044615460E4611B94170017070BD8B
S2140207300B78FF2B05D14B78FF2B02D10370437049
S214020740F5E73046FFF719FEA84228BF284685B2CD
S2140207502A46B11CA01C01F01DFA25702D0A6570F0
S214020760E5E7F0B523B9013A531C2FD1002020E06B
S214020770042AFBD80023551E1C466E1C1AD1042AD6
S21402078010D0D2000121501E01FA00F020421EBFF6
S214020790914049420C4318421EBF4FF0FF3101FA06
S2140207A002F213439C4216DCB4BF4FF0FF30002027
S2140207B040B2F0BD40B1465DEF00BE4034434E5DF0
S2140207C0BE403343013DD8E70646F5E78C5C20B1D0
S2140207D0835CA34202D90120EBE70346A34202F15F
S2140207E0FF32C1D24FF0FF30E3E7283807288CBF2C
S2140207F000200120704738B515461A462B78069C0D
S21402080013F0040F0CBF03230523934201D90020E3
S21402081038BDBDF8103021712060E380A560A2814A
S2140208202B7803F00103A3732B7803F00403002B49
S21402083014BF01210021E1732978C1F3C00161755B
S2140208404FF0010121751AD02846FFF785FD237D5A
S214020850208202332375237D5A1CD2B22275E95CAC
S214020860A1740233DBB22375AA5CE274A2899A42AF
S214020870CDD3059BA361002323770120C8E72382FB
S214020880E9E72DE9F0411C469DF818800E4617460A
S2140208900546E6F703F8002220704146204602F09D
S2140208A00BFE034630B13A4631462846BDE8F041D3
S2140208B0E5F7FEBF1820BDE8F08130B589B00446E2
S2140208C0ADF806108DF81020F2F73CFD05462046DE
S2140208D0F2F748FD03469DB1BDF80600ABB903F03A
S2140208E06AF8FF2808BF00208DF80F000DF10F03ED
S2140208F00593DDE904122046FEF757FE09B030BD27
S2140209000028F6D00DF10603F2E703F054F8FF28AC
S214020910BDF80630ADF81A3008BF00208DF80F007B
S2140209208DF8180006ABE3E77047704770477047CC
S2140209307047704700207047704770470020704726
S2140209407047704710B51C4602F07EFD02F046FC6A
S21402095000232370C0F34020400010BD002208B5DB
S2140209600B461146FFF7EEFF023818BF012008BDFE
S2140209707047002070477047002070477047B520C8
S21402098070470120704770470120704714220021EB
S21402099001F01AB9704730B54078012887B00C4686
S2140209A04FF0110301F1100516D1022201A9F2F748
S2140209B05DFC234601AC18685968224603C2083318
S2140209C0AB421446F7D11123022201A90020F2F706
S2140209D04DFC002007B030BD062201A90120F2F727
S2140209E045FC234601AC18685968224603C2083300
S2140209F0AB421446F7D111230622E6E730B540781B
S214020A0087B001280C464FF011030BBF02220622C4
S214020A1001A901A918BF0120F2F728FC05AD01AA19
S214020A202346144603CCAC4218605960224603F1B2
S214020A300803F6D1002007B030BD10B588B00C46CA
S214020A401A23082201A90120F2F710FC21460DF113
S214020A500E0304F1100251F8040B43F8040B914202
S214020A60F9D11A23082201A90020F2F7FFFB002081
S214020A7008B010BDF0B58BB004460D4602F0A8FFD4
S214020A80B0B101A8F9F73AFA90B1667B16F0020FF8
S214020A9004F1040705D0082201A9384601F06AF8D5
S214020AA0D0B901AB03CB46F002066060796066738C
S214020AB01A23082203A90120F2F7D8FB0DF1160328
S214020AC029460DF1260253F8040B41F8040B934213
S214020AD0F9D100200BB0F0BD2D20FBE770B505461E
S214020AE08AB00C46252200210DF1030001F06CF8B5
S214020AF06B68CDF81D30AB68CDF82130234603F184
S214020B00100601AC18685968224603C20833B3427D
S214020B101446F7D16A7B012312F0040F8DF80230D7
S214020B200CBF4FF480734FF4A073110748BF43F411
S214020B308063ADF80030930748BFBDF800306846C2
S214020B4044BF43F00803ADF80030F7F77FFD0038E6
S214020B5018BF01200AB070BD30B5427B0D46D107E2
S214020B608BB0044607D5407801A9F7F7D3FDD8B174
S214020B702D200BB030BD9307FAD5C2F380031007C1
S214020B804FEA8313ADF8023044BF43F48063ADF8F6
S214020B900230BDF80220201D0AB10DF1020201A9A1
S214020BA003F069FD0028E3D001AB03CB9DF81430B7
S214020BB02373BDF81030A160590648BF627B60609F
S214020BC044BF42F0040262735A0542BF627B42F09F
S214020BD0080262731B0742BF637B43F00203637320
S214020BE02B4606AC0AAD224603CAAA4218605960D2
S214020BF0144603F10803F6D10020BAE7F0B504461E
S214020C0093B00D46252200210DF1230000F0DCFFF3
S214020C106368CDF83D30A368CDF8413004F1040C8A
S214020C202B4609AE05F1100718685968324603C20A
S214020C300833BB421646F7D105238DF82230637B74
S214020C405B0103F40073ADF820306378FF2B19D1F3
S214020C5000231A4601A9604600F0E8F99DF805301F
S214020C60FF2B0CD100231A46184601A900F0DEF924
S214020C709DF80530FF2B02D11C2013B0F0BD9DF865
S214020C8005306370617808AA002000F09CFA0646D8
S214020C90F0B919231946627801A8FEF71CF92B460B
S214020CA003AD186859682A4603C20833BB42154684
S214020CB0F7D1637B6178DB0642BF9DF81C3063F098
S214020CC07F038DF81C30192301AA1846FEF70CF98B
S214020CD0301E18BF0120D0E710B504468AB0242281
S214020CE0002101A800F070FF637B590744BF402231
S214020CF0ADF810201A0742BFBDF8102042F48062F9
S214020D00ADF81020DB070FD5607801A9F7F702FDD2
S214020D1010B12D200AB010BD01AB03CB637B60601F
S214020D2043F00203A160637304A9201D03F0A5FC2F
S214020D300028EED00020EDE71FB5694600F08DF8DA
S214020D40002818BF2D2005B05DF804FB73B50D46CC
S214020D5014460646E5F708FF6B881A071AD5224698
S214020D603146102003F06AFC2046E5F7FDFE6B884C
S214020D70D90717D50023224601210DF107008DF869
S214020D800730E5F757FF6B88002B0CBF21200020A9
S214020D9002B070BDDE06EAD522460821281DE5F718
S214020DA049FFE1E79A0701D50223E4E75B07EAD5A4
S214020DB00323E0E70F20704710B586B0044601A96A
S214020DC0022211230120F2F751FA9DF81430E37043
S214020DD001A803F048FF80F00100062201A9607016
S214020DE011230120F2F742FA9DF81430A37001A8ED
S214020DF003F039FF80F001002070F7F707FD60600E
S214020E00002006B010BD1FB50C46694600F025F856
S214020E1010222146684600F0ADFEB0FA80F0400986
S214020E2004B010BDB8B1B1B14388A3B90378013B91
S214020E30082B10D8DFE803F00507090B0F0F0F0F7A
S214020E400D00FFF7A8BDFFF7F8BDFFF747BEFFF797
S214020E50D5BEE6F735B82120704738B50D4609B33A
S214020E6000B30378013B082B1AD8DFE803F0050D20
S214020E701013191919191600FFF7C0FD0446284663
S214020E8003F0DBFD204638BDFFF7F4FDF6E7FFF77B
S214020E9063FEF3E7E5F780FEF0E7E6F71BF8EDE71B
S214020EA02124ECE72124EDE770B5044686B001A8BC
S214020EB00D461646FFF76AFD206861688DF81160D8
S214020EC003238DF8043002AB03C3294601A8FFF7BB
S214020ED0A9FF06B070BD10B5044686B011230622DF
S214020EE001A90120F2F7C2F9A3789DF814209A42CC
S214020EF007D08DF814300622112301A90020F2F73C
S214020F00B5F91123022201A90120F2F7AFF9E3781D
S214020F109DF814209A4207D08DF81430022211232D
S214020F2001A90020F2F7A2F906B010BD30B5437B46
S214020F3013F001028BB004460D4607D0407801A993
S214020F40F7F7E8FB70B12D200BB030BD9B07FAD542
S214020F50ADF8022001A90DF10202043003F08BFB6A
S214020F600028F0D000210E22A81C00F02DFEBDF8AD
S214020F7010302B80039BAB60BDF81230AB819DF81E
S214020F801430237301AB03CB6060A1600020DBE763
S214020F9070B5437BDB078AB005460E4602D42D2089
S214020FA00AB070BD4078694600F00BF90446002886
S214020FB0F5D1DDF81D306B60DDF82130AB606B7B60
S214020FC043F002036B730E220146B01C00F0FCFDD8
S214020FD0BDF80030069AB26043F004033380059BE6
S214020FE073602046DCE70B4610B50446102200214B
S214020FF0184600F0E9FD2278032A09D0042A0DD00B
S214021000022A11D101462046BDE81040E5F76CBF22
S21402101001462046BDE81040FFF788BF014620463D
S214021020BDE81040FFF7B4BF262010BDF8B50C4649
S214021030054608461F461646FFF7A8FC04232370FB
S21402104025B108222946E01800F0A4FD637B43F090
S214021050020363734EB932460121284600F0B8F8FF
S214021060FF28607007D12D20F8BD31462046FFF7D5
S214021070F4FE0028F7D1637B43F0010363730DB9D6
S2140210800020F1E7002FFBD039462046FFF7ABFFE2
S214021090F6E7F8B50C460746084616461D46FFF71D
S2140210A075FC2046032300F8043B3946082200F06C
S2140210B071FD637B43F00203637331462046FFF7FC
S2140210C0CCFE08B12D20F8BD29462046FFF78BFF3F
S2140210D00028F8D0F6E7F8B50C4607460846164646
S2140210E01D46FFF753FC03232370637B677043F0B0
S2140210F00103637331462046FFF7AFFE08B12D2089
S214021100F8BD29462046FFF76EFF0028F8D0F6E71E
S21402111018B18022012100F05BB8FF20704730B57D
S21402112089B00D46FFF7F4FFFF28044612D01923B4
S2140211300246194601A8FDF7CEFE2868696801AB8B
S21402114003C31923184601AA2146FDF7CDFE002047
S21402115009B030BD2D20FBE707B5002300931A46E1
S2140211601946F8F7E7FEB0FA80F0400903B05DF8DA
S21402117004FB704770470020704770470F20704787
S2140211800F207047002070470F20704700207047DE
S2140211900020704784B08DE80F00002004B070472E
S2140211A070477047002070477047002070477047AE
S2140211B000207047012070477047002070470120CA
S2140211C07047B5207047B5207047002070477047BB
S2140211D0FF2070477047704700207047704770477F
S2140211E07047002070477047002070470020704705
S2140211F000207047704770470020704700207047F5
S21402120070470020704700207047704700207047E4
S21402121038B50546FDF7BFFA04462846E7F7DAFB77
S2140212202046BDE83840FDF7BABA10B50446C06994
S214021230FFF7EEFF20462422BDE81040002100F012
S214021240C3BC006800BA704710B50446E6F70EF94C
S2140212502146BDE8104000F06AB968B106290AD1F5
S214021260431E053013F8012F303A092A03D8834269
S214021270F8D10120704700207047034618B315299D
S21402128021D10278012A1ED14078E0B99A78012A43
S2140212901AD1DA7AFF2A17D11A7BFF2A14D1D3F889
S2140212A00320D3F8071012BA09BA91420CD903F1F7
S2140212B00C02143312F8011F3039092903D89A4256
S2140212C0F8D10120704700207047D0B10D2917D100
S2140212D00378012B14D1427892B98378012B0FD16F
S2140212E0C37A6BB9027B012A0AD1831C0A3013F82F
S2140212F0012F303A092A03D88342F8D101207047D9
S2140213000020704708B5002966D01838042861D82E
S214021310DFE800F0035C2F5C5C001B2A52D1881DBC
S214021320FFF78FFF034601F10A00FFF78AFF8342A9
S21402133048D20B7D012B45D88B7B002B42D1CA7B32
S214021340A2B90B7C002B3FD14A7C7AB98B7C002B4E
S2140213503AD1CA7C52B901F114031A3113F8012F9B
S214021360303A092A2ED88B42F8D1012303F0010025
S21402137008BD1B2A26D1881DFFF763FF034601F12D
S2140213800A00FFF75EFF83421CD20B7D012B19D8A1
S2140213908B7BBBB9CA7B002AE8D10B7CA3B94A7CFB
S2140213A0002AE3D18B7C7BB9CA7C002ADED101F10C
S2140213B014031A3113F8012F303A092A02D88B4245
S2140213C0F8D1D2E70023D1E71346CFE7931F58425E
S2140213D05841CDE70020CBE70846C9E70346D0B11F
S2140213E0072918D10278013A022A14D842780AB19B
S2140213F0FE2A10D19A78012A0DD1D87858B91A79CE
S214021400012A09D15A79032A06D19879A0F1E7036D
S214021410584258417047002070470346F0B10829E9
S2140214201CD10278013A022A18D84278B2B98178D9
S214021430012915D1C07898B91A79012A11D1DA7919
S214021440012A0ED1B3F8050040BA80B2013840F244
S214021450E63398428CBF0020012070470020704778
S2140214601046704710B44BB1012483F89642DC68EC
S21402147024B1A446DB695DF8044B60475DF8044B73
S214021480704719B10B690BB1C9691847704719B192
S2140214904B690BB1C9691847704708B538B18369FB
S2140214A02BB1C0699847003818BF012008BD01203B
S2140214B0FCE740B190F8933243B9D0F86C32DB7C4B
S2140214C033B190F8940200F0010070470020FAE76A
S2140214D00120F8E730B514688C4201D3002030BDF5
S2140214E0651C1560045D222CF8D11D6014688C42C0
S2140214F0F4D2055D222D08D11B68E41A039B1C60FA
S2140215001368013313600120E9E71F2DE6D95C2D2D
S214021510E4D001341460E9E708B583692BB1C069E9
S2140215209847003818BF012008BD0120FCE798B193
S21402153015290ED0A1F13603012B0AD9A1F1180301
S214021540042B01D8007C70473039012903D8407C2F
S21402155070470120704700207047006800BA704745
S21402156050B1014410F8013B303B092B03D88842A6
S214021570F8D1012070470020704708B543690BB9BF
S214021580032008BD406A98470028F9D1F9E70144CC
S2140215900023884201D1D8B2704710F8012B1344B9
S2140215A0F7E7F0B5C5B00E4619464AF65523BDF81C
S2140215B02851ADF8043003238DF80630330A8DF82F
S2140215C007306BBA01AC074626716271E3801DB123
S2140215D02A4603A800F00CFB05F108063146204611
S2140215E0FFF7D5FF3B68A0551BB105F10901204660
S2140215F0984745B0F0BD10B4BDF8044048B1B4F504
S214021600807F06D804B123B101945DF8044BFFF73E
S214021610C8BF5DF8044B70472DE9F04114460546F5
S21402162070B36AB308292BD90378552B28D143788F
S214021630AA2B25D18778032F22D1B0F8068098FAF4
S21402164098F81FFA88F3B3F5807F19D808F10903D2
S2140216501BB2994214D14E1E3146FFF798FFAB5D7E
S21402166083420DD12770B5F803305BBA63806B797D
S21402167023710835A4F80680A5600120BDE8F08134
S2140216800020FBE737B50C4660B1B3F5807F09D87A
S21402169003B13AB1818D00934D1C134685852246CF
S2140216A0FFF7A9FF03B030BD90F846324BB10023D6
S2140216B080F8463200F5A072B0F844320421FFF7F3
S2140216C0E1BF704790F84622B2B190F84722013245
S2140216D0D2B2032A02D880F847227047002280F846
S2140216E0472290F84822072A04D8013280F8482276
S2140216F0E5F7C0BEFFF7D8BF704707B501238DF8E0
S21402170007100DF107020621FFF7BCFF03B05DF8D4
S21402171004FB0321FFF7F1BF00231A460121FFF75E
S214021720B1BF70B50E46BDF810501946044640B318
S214021730FC2D26D8ADB980F8406180F8412180F8AA
S214021740425180F843510123A4F84632002304355F
S21402175084F84832A4F844522046BDE87040E5F7C3
S21402176089BE73B1002380F8406180F8412180F879
S214021770423180F843512A4600F5A27000F038FA4A
S214021780E1E770BD2DE9F0439C46079B0BB10024B0
S2140217901C6000B102B931B900242546A14205D821
S2140217A023BB012000E00020BDE8F083261D8E4208
S2140217B0F9D86545F7D0071910F8049097F8018014
S2140217C07F887FBA1FFA87FE0EF1040E74448C429D
S2140217D002F10802E7D80644013502F8089C02F82E
S2140217E0078C22F8067C42F8046CD7E71D60D8E71F
S2140217F02DE9F04F0F4685B00546002857D0002A3F
S21402180055D00E2953D9031D082118460393FFF716
S214021810A7FE0190C8B195F80CB0BBF10A0F46D8E6
S2140218204FF000080D265FFA88F18B4512D8BE42AB
S2140218303DD12846FFF791FE0D35039B10600D3E05
S214021840536082F808B0D5601682019C204605B027
S214021850BDE8F08FBE422AD215F8069009F1FF3194
S214021860072906F1010A22D809EB0A03BB420293B2
S2140218701DD8AA4449465046FFF772FE044690B960
S214021880B9F1060FE2D906215046FFF769FE002895
S214021890DCD02E44F1790029D8D1B9F1080F02D153
S2140218A0317A0029D2D1029E08F10108BBE7002452
S2140218B0CCE738B504460D4668B161B14FF41372F1
S2140218C0002100F081F90FCD0FC40FCD0FC495E8AB
S2140218D0030084E8030038BD2DE9FF470D460446A1
S2140218E048B101B93AB9AE1800274FF001084FF0D7
S2140218F05509B54202D104B0BDE8F087D4F83831B4
S21402190015F8012B33B9552AF3D1C4F8388184F877
S2140219102E90EEE7012B0BD1AA2A05D10223C4F89A
S214021920383184F82F20E4E70023C4E94E33EAE78F
S214021930B3F5847F2BD8591C23440829C4F83811E0
S21402194083F82E2009D1A38E5BBA9AB2B2F5807FB5
S2140219501DD809331BB2C4F83C31D4F83C31002BF5
S214021960C7D09942C5D104F12E0A01AA5046FFF704
S21402197053FE40B1BDF80A30B3F5807F03D8514616
S2140219802046E5F7D1FD0023C4E94E33B1E7C4E9AA
S2140219904E77AEE738B5E1F749FF05460C46E1F764
S2140219A05FFF0023024621462846E6F789FE38BD39
S2140219B008B5FEF741F8022806D00438C0B201285E
S2140219C08CBF0020012008BD0120FCE7E5F740BFE0
S2140219D0EFF7F6BC704708B5E1F75CFEBDE80840D5
S2140219E0FDF771B808B5E0F709FAFDF766F8E0F713
S2140219F011FAE2F7A3FCE2F701FDBDE80840E2F7C0
S214021A0017BD70477047704708B5FDF75EFBBDE827
S214021A100840FDF77BBB70470120704701207047E6
S214021A2038B5FDF737FA0546E2F79AFD041E18BFE9
S214021A302C46FFF7F1FF002818BF204638BD38B500
S214021A40E1F736FC0446FDF727FA042817D00228E9
S214021A504FF0000508BF0124FDF776FB042810D0DE
S214021A60022808BF0124FFF7D9FF04280BD002285A
S214021A7008BF0124002D18BF0024204638BD0125CA
S214021A80EAE70125EFE70024F7E7FF20704708B5ED
S214021A90FFF7FBFF002008BD08B50020FDF7C5FED6
S214021AA00020E4F761FC0020E2F764FE0020E3F782
S214021AB069F9BDE808400020E3F7F2B90120FDF716
S214021AC0B5BD08B50220E3F735FC0220E4F7D6FCE4
S214021AD0BDE808400220E3F70BBB7047FDF759BF8D
S214021AE07047E2F7FFBD7047704770477047704710
S214021AF010B50446FDF7CDFD2046BDE81040E3F7DD
S214021B0035B8FDF79EBDFDF7A8BDE3F745B97047AA
S214021B107047704770477047704770477047704706
S214021B2070477047E3F7AEB970477047704782B0A8
S214021B306B4683E8060093E8060002B0E2F734BD7F
S214021B40704770477047E6F7CBBCFEF7D0BB7047CE
S214021B5000207047E6F784BCFEF7D7BB08B5FDF752
S214021B6038FAE6F70DFAFDF741FAE6F7B5FAE1F7C5
S214021B7099FAF8E710B501390244904201D10020E3
S214021B8005E0037811F8014FA34201D0181B10BDDF
S214021B900130F2E7884210B501EB020402D9844212
S214021BA0234607D8431EA14208D011F8012B03F89A
S214021BB0012FF8E7024401468A4200D110BD13F80D
S214021BC0014D02F8014DF7E702440346934200D165
S214021BD0704703F8011BF9E77047704710F8012BAE
S214021BE011F8013B012A28BF9A42F7D0D01A704753
S214021BF00A44914200F1FF3300D1704710B511F844
S214021C00014B03F8014F9142F9D110BD034613F878
S214021C10012B002AFBD1181A013870474369406C21
S214021C20DA1C1438B2FBF0F203EBC203CA1DB2FB95
S214021C30F0F2013201EBC2010333B3FBF0F30233DD
S214021C4000FB0310704738B5446905462146FFF786
S214021C50E5FF6A6CE31D143AB3FBF2F3013304EBBF
S214021C60C304204438BD73B506460D460024F36B04
S214021C7001225B6901A928199847019B013309D102
S214021C80736C043462196A405B421A42EFD02046F3
S214021C9002B070BD0024FAE770B505460C46DEF7C2
S214021CA087FCEB6B2046DB68BDE87040184770B5D2
S214021CB0002586B004460562E369AB4202D8206A74
S214021CC006B070BD666C2068E36B05225B6901A9ED
S214021CD006FB0500984701A800F009FC00F02CFC62
S214021CE010B1236A013323620135E5E738B50446AD
S214021CF0456C006804F1400305FB0101E06B00F04F
S214021D0028FC05462046FFF7D2FF284638BDF0B528
S214021D10054687B00026EC69013CB44203D80C465F
S214021D20204607B0F0BD01B14C1E6F6C2868EB6B05
S214021D3005225B6901A907FB0400984701A800F089
S214021D40D6FB00F0F9FB0028EAD101362146E2E78D
S214021D50F0B50446466CE36B00685B6987B00D46D7
S214021D60052201A906FB0500984701A800F0BFFB63
S214021D7000F0E2FB20B101A800F090FB07B0F0BD36
S214021D8029462046FFF7C3FF676CE36B06462068CA
S214021D905B69052201A907FB0600984701A800F027
S214021DA07DFB431CEAD0B54238BF0130E6E72DE999
S214021DB0F043D0F824804FF6FF7987B004460E46EB
S214021DC0C84514BF454600250027E369BB4202D832
S214021DD007B0BDE8F083E26B2368606CD2F814C0EB
S214021DE001A9052200FB0530E04701A800F07FFBB1
S214021DF0022806D0C8450CD1721C29462046FFF799
S214021E0075FFE36901350137B5FBF3F203FB1255A3
S214021E10DBE729462046FFF79BFFB0F1FF3F14BFE2
S214021E20024632460132E8E7F0B5036887B0064656
S214021E300025CC1A436CB4FBF3F4F3693768706C74
S214021E405A1E954208D3706C336800FB043007B004
S214021E50BDE8F04000F07BBB0134B4FBF3F203FBB9
S214021E601244F36B05225B6901A900FB04709847D4
S214021E7001A800F03CFB00F05FFB0028E3D101352F
S214021E80DBE710B423F0030422449B070A44436CA6
S214021E9018BF04325B4282EA0104234203D05DF893
S214021EA0044BFFF7C1BF10465DF8044B70472DE99F
S214021EB0F041D0E90A369E4286B0044628D1C3696C
S214021EC04568142202FB1355284606B0BDE8F08189
S214021ED02068676CE26B331AD2F81480B3FBF7F310
S214021EE0052201A907FB0300C04701A800F0FFFA7C
S214021EF0012804D0636C1D44013B3340ED1A314681
S214021F002046FFF791FF0646A36AB342E0D1DBE71D
S214021F100025F9E7F0B5002587B004462E46E369AA
S214021F20B34202D8284607B0F0BD636C276803FBAD
S214021F300677E36B05225B6901A93846984701A834
S214021F4000F0D5FA00F0F8FA58B1384600F0FFFA79
S214021F5001462046FFF787FE636C143B834208BFA8
S214021F6001350136DBE708B508301346D1E9001221
S214021F70E8F796F9012008BD13B50C460021217634
S214021F800093616813462246E6F7A6FD18B1E37D84
S214021F9003B1A07EA075A07D02B010BD73B500F19E
S214021FA0080516460C460DF107020968284600F099
S214021FB09AF9032E06D16368834203D12168284624
S214021FC000F077F9012002B070BDD01E009B42429D
S214021FD04241187E824211D11A688A420ED85A6845
S214021FE08A420BD35A6901325A61D3E9030282420A
S214021FF03FBF986840F8221001321A6101207047EC
S21402200010B5032A029C07D1A26A5340626C524260
S214022010134201D100F04DF9012010BD08B5C36886
S21402202000209847BDE80840DEF7CABA70B500241B
S21402203001281C7014BF04200220CC7D4243101DD0
S21402204002F002024CB91AB1012220F003001A7003
S21402205000F108034868184470BD1AB1012220F046
S21402206003001A700C7E002301F12005DAB29442B6
S21402207001D80020F0E735F83320824203F101064A
S21402208006D901EBC30300F10802D8691044E3E75E
S214022090801A3346EAE773B590F8426005461C4656
S2140220A030460DF10303FFF7C1FFEB6B012E5B69B0
S2140220B00DD1324601A998479DF8033013B1BDF8F9
S2140220C006300193BDF80430236002B070BD0122D1
S2140220D0214602B0BDE870401847F0B5054687B005
S2140220E04868EB6B00245B6902940E46012202A943
S2140220F008309847274695F84230012B40F08480F6
S214022100632C02D9029807B0F0BD612C08D805AB43
S214022110224631462846FFF7BEFF9DF814301BB311
S21402212005AB2246314628468DF81070FFF7B3FFFE
S21402213095F84230012B059B55D14FF6FF7293421C
S21402214000F09680082205A904A800F057F9059B1E
S2140221509DF81010C3F30722914240F08980DBB24B
S214022160029A1A44029283E095F84230012B30D14B
S21402217003AB224631462846FFF78DFF04AB621CAE
S21402218031462846FFF787FF05ABA21C3146284694
S214022190FFF781FF102208230DEB02010DF1070065
S2140221A08DF8073000F02AF9102205A90DF1070074
S2140221B000F024F9039BDAB2002A52D19DF80720D8
S2140221C0B2EB132F4DD1DDE9043203EB0243029347
S2140221D047E0302C2BD944E09DF80720B2EB134F92
S2140221E03FD1049BF3E7013342D0102205A90DEB41
S2140221F0020000F003F9059B9DF81010C3F3074296
S214022200914235D19BB2ABE7312C3FF67BAF87D0FC
S21402221005AB224631462846FFF73DFFBDF814308F
S214022220002B7FF47DAF95F84230012BA0D003AB94
S214022230224631462846FFF72EFF04AB621C314683
S2140222402846FFF728FF102320220DEB03010DF18D
S21402225007008DF8073000F0D1F8039B9AB2002AE7
S214022260BAD095F84230012B14BF012302231C4436
S214022270013440E713B500240194049C0094E6F769
S214022280CBFF02B010BD30B5446800234FF0FF32DA
S2140222909C4202D10023037230BD016801EBC305E4
S2140222A041F833206A600133F2E7C0E90012FFF713
S2140222B0EABFF0B5456800239D4211D0046854F881
S2140222C03320B2F1FF3F4FEAC30704EBC30608D040
S2140222D0C2F31302914204D14FF0FF33E35173600D
S2140222E0F0BD0133E8E7F0B5456800239D4202D110
S2140222F04FF0FF300FE0046854F83340671C4FEA93
S214022300C30609D0C4F31307B94205D1240D1470CD
S214022310036833445868F0BD0133E7E713B5044653
S214022320002301461B220DF107008DF8073000F04E
S21402233065F822689DF80730B3EBD26F0CBF012018
S214022340002002B010BD13B5002304460146202229
S2140223500DF107008DF8073000F050F80DF1070078
S2140223601A22211D00F04AF862689DF80730B3EB86
S214022370926F0CBF0120002002B010BD0068431C03
S214022380584258417047006810F07E0F0CBFC0F3E9
S214022390C160002070470068C0F3D3107047006821
S2140223A000F07F0001288CBF0020012070470368E0
S2140223B013F07E0F14BF042008207047036813F042
S2140223C07E0F03D1406820F07C40704713F07800FF
S2140223D01CBF03F07F03D81F7047006800F07F0021
S2140223E07047032809D0022803D1C1F10201C8B2FE
S2140223F0704700290CBF0720002070471F2A0B6871
S2140224009EBF4FF0FF3191408B43590801F0553182
S2140224105B1A03F033319B0803F033330B44017825
S21402242003EB13130A4403F00F334FF001314B430F
S214022430A2EB13620270704737B501F10C044369D0
S21402244005466946012220469847BDF800300193AA
S2140224500122AB6901A92046984703B030BD37B5C3
S21402246001F10C0443690122694605462046984755
S214022470009B4FF6FF7299B291420DD11B0C1B04C2
S21402248043F4254343F0A50301930122AB6901A956
S2140224902046984703B030BD0020FBE737B5044618
S2140224A01B22011D00250DF107008DF80750FFF7CE
S2140224B0A5FF60689DF80720B2EBD06F03D120F02D
S2140224C0784003B030BD0DF107001B2204F108016D
S2140224D08DF80750FFF792FFA0689DF80730B3EB20
S2140224E0D06F01D1C043EAE74FF0FF30E9E7036857
S2140224F04BF29A22B2EB134F10B5044613D19BB29D
S214022500012B13D1FFF7CAFF01300CD0E0684FF65B
S214022510FF72B2EB104F4FEA104309D180B2C01AD5
S21402252018BF012010BD2368013303D00420F9E749
S2140225300220F7E70320F5E701288CBF00200120E0
S2140225407047033801288CBF0020012070471430E2
S21402255070472DE9F04105469846036908460E463F
S21402256017469847044638B943463A4631462846FF
S214022570E7F772FF044618B131462846FFF75CFFBC
S2140225802046BDE8F0817047431E012B03D9031F86
S2140225905842584170470120704700F06BB94FF41B
S2140225A0A4720021FFF710BB013001D1E9F7EEBC9F
S2140225B00120704710B50021044600F09AF8204624
S2140225C0BDE81040ECF7A8BDEBF7C0BFECF7E8B9E2
S2140225D000F07FBAECF7EAB900F08BBAD0F88C00BC
S2140225E070B5C468002324259C4201D1012070BD29
S2140225F0826805FB0322D6898E4202D8128A8A4254
S21402260001D20133F0E70020F1E7F8B505460E46A1
S214022610E7F7CAFFD5F88C307BB15B696BB1E9F797
S2140226206FFDD5F88C305B691B1A584240F26B126C
S2140226304FF042015841E8F789F9F76800224FF651
S214022640FF734FF0240CD0B2B84208D31C46214682
S2140226502846E8F739F900F010F92046F8BDB168C7
S2140226600CFB0011CC899C4202D2002CEFD02346F0
S2140226700132E8E7008B70470A7838B505461046FF
S214022680FFF782FF60B14C782046FFF77DFF38B136
S2140226902243530704D42846BDE83840ECF7B6B9BF
S2140226A0012038BD10B504460878FFF76DFF58B113
S2140226B04A781046FFF768FF30B1042A04D0204655
S2140226C0BDE81040ECF7DAB9012010BDEBF7E4BE26
S2140226D0ECF760BCECF766B838B504460D46E8F78A
S2140226E0F3F828B929462046BDE83840ECF726B864
S2140226F038BDEDF733B870B516460C46FCF74BF806
S214022700314605462046EAF7A9FA04462846FCF76B
S21402271046F8204670BD00F0D6B938B5044648885B
S2140227200D4600F0A8F8D4F8A0302BB9294620466A
S214022730BDE83840ECF7D8B9022038BD00F09CB8A6
S21402274000F018BA73B5044600200D4600F093F860
S214022750D4F8A06069462046FFF7F2FF5EB99DF8FE
S21402276000102A462046DFF759FA0146204600F0B6
S214022770CDF902B070BD00231A4629462046B0475E
S214022780F7E7EBF77DBEE8F7CDBE38B505460C4653
S214022790FCF701F82B6B1C40EB6A2343EB62FBF75A
S2140227A0FEFF211E18BF01210020490238BD38B5A0
S2140227B004460D46FBF7EFFF236B1D40E36A23EA50
S2140227C00505E562FBF7EBFF284638BDC06A704791
S2140227D010B501210446FFF7EAFF2046BDE8104087
S2140227E0EAF758B838B504460D464FF48811FFF795
S2140227F0DEFF29462046BDE83840E8F7E5BA084637
S214022800E9F722BB00F084B8E9F7AEB90847022A16
S21402281001D800F0CBBA01207047022A01D800F096
S214022820D6BA01207047022A01D800F0E2BA012087
S2140228307047EDF775B80846EDF794B800F016BB8A
S214022840002070470020704738B50D6804462846B9
S214022850E8F7ACFAD4F8903043B15B6933B101358E
S21402286004BF6FF001020A600A681A60002038BDD1
S214022870ECF748BF7047704770477047704738B5E7
S2140228800D460446E9F73CFCAC4042F2107364097C
S2140228905C436423B0FBF3F0B4FBF0F038BD0228CF
S2140228A007D0062807D0003818BF01204042C0B221
S2140228B07047012070470020704730B51F23B0FBD9
S2140228C0F3F35D1CEDB24FF0FF34C3EB4313AC40A1
S2140228D0C01AE4430130E4B2C0B21460086030BDEE
S2140228E070B505460E46C0B201F00F01FFF7C7FFEE
S2140228F0C6F303110446C5F30720FFF7C0FFC6F36D
S21402290003210444C5F30740FFF7B9FF204470BD16
S21402291008B5E9F76BF8BDE80840E9F7F1B810B575
S2140229200446E9F763F8844288BF01F1FF31204686
S21402293001F00301BDE81040E9F7E2B838B50446F5
S214022940FFF7E6FF0546FFF7E3FF431BA342FAD372
S21402295038BD0020704700F03003202B10B513D18D
S21402296010F4E02FC0F302440AD010F4C01FC0F3E4
S214022970C423B3FBF4F418BF6400052C0ED8640815
S214022980E9F7B8FC604310BDC0F382136FF012047F
S2140229901C4104F00104C4F10204F1E70424EFE749
S2140229A010B5044651B10B6843B15B6833B11A687F
S2140229B0032A03D99C6A640E204610BDFBF7EBFE81
S2140229C001462046E9F78CFE04460846FBF7E7FE7A
S2140229D0F2E738B14FF47A735843A0F6AC50401A77
S2140229E0E9F7C0BF4CF25030FAE7EAF713BFEAF74E
S2140229F011BFEAF70FBFEAF70DBFEAF70BBF704742
S214022A00436B03F06003402B0DD0602B03D0203BBA
S214022A1058425841704749B10B68012B06D948699C
S214022A2040F00100704740F20110704700207047E6
S214022A30034670B10268022A0BD9426A12F47F4F2B
S214022A40C2F3072006D01B6AD2B25A43B2FBF0F09A
S214022A50704700207047F0B5144687B01E460F46F2
S214022A6019B90024204607B0F0BD002AF9D0002884
S214022A70F7D001A9EDF734FA0028F2D0BDF80630F7
S214022A80BDF80850A2199A42C4BF9B1B9CB2B5421D
S214022A9012D90399AD1BADB23144A5420391ADF8EC
S214022AA008500DD22A463846FFF7A2F80499621B50
S214022AB07819FFF79DF8D5E70499761B31440491FF
S214022AC022463846F5E70846E9F7A0BC0220E8F7B2
S214022AD077BFD0F894304BB11A68022A06D993F819
S214022AE0250028B11B6AB3FBF0F07047FFF76EBDF6
S214022AF0704708B50146D0F89400FFF799FF20B951
S214022B00BDE808400846FFF765BD08BD10B590F859
S214022B10D0300E2B04462BD00175D0F8900020B38F
S214022B20D4F8A0304BB994F8D9308B420BD3204658
S214022B300022BDE81040ECF731B8B4F92420B0F911
S214022B4012309A42F3DD94F8D91000222046ECF7B0
S214022B5025F860B9C4F890002046FFF78BFD0146C1
S214022B602046BDE81040E7F7AFBEFF23637510BDF1
S214022B700220FCE70346D0F8D0000860B3F8D43051
S214022B808B800020704790F8D0300E2B14BF407D0B
S214022B90FF207047F8B50C4640210546EBF798FA39
S214022BA04FF40061074606462846EBF791FA30B125
S214022BB07CB195F8CA3073B16FB93046F8BD2202BF
S214022BC04FF480712846EBF76FFA061E18BF0126EF
S214022BD0F3E72246F4E74FF48072F1E74FF4807190
S214022BE0EBF776BA4A024FF40071EBF75DBA8A0247
S214022BF04FF48061EBF758BA4FF40071EBF768BAFE
S214022C0070B506468D880C46EBF7D6FE727C053A02
S214022C10EB00012A98BF033388B1B3F5803F0ED884
S214022C2042094FF2244101FB032322680009B3FB49
S214022C30F0F31A4407232260A371002070BD02201D
S214022C40FCE73F2B084610B5114619D9B3FA83F3B1
S214022C50C3F11902D2B2062A01D8192B0ED0062ABF
S214022C6028BF0622931DDBB201249C40A4B2A142D7
S214022C7028BF2146ECF74CFF204610BD0022F1E7A4
S214022C800024F9E713883F2B10B5084616D9B3FA85
S214022C9083F3C3F11901C9B2062901D8192B0BD047
S214022CA0062928BF06218C1DE4B20123A340138007
S214022CB0ECF74CFF002010BD0021F4E70120FAE7F4
S214022CC0EBF74CBA10B5084614460121E9F726FA86
S214022CD020460121BDE81040E9F720BAF8B50446BF
S214022CE00E461746FBF757FD3A460546314620463E
S214022CF000F0CEF904462846FBF751FD2046F8BD03
S214022D000220704703207047E8F752BE10B5ECF772
S214022D103DFB044608B9EAF795FB204610BD38B5D8
S214022D200446817515464AB100F0A7F808B9002096
S214022D3016E0237C43F080032374F8E70846E8F79E
S214022D40F7FBFF28A07508D0204600F096F800286A
S214022D50EDD0237C65F3C713EEE7E8F73FFC0120CE
S214022D6038BD704770B505460E461446FFF786FD19
S214022D7031462846FFF749FCFFF780FD04F00903B9
S214022D80082B04D10B2C9CBF24F00804A4B22146C5
S214022D902846EBF7FBFB00224FF400312846EBF700
S214022DA083F9002070BD8021EBF792B97FB5531CE2
S214022DB005AAADF81410029202210022CDE90021E4
S214022DC0DBB21146EBF78EF907B05DF804FB7FB570
S214022DD0531C05AAADF81410029204210222CDE972
S214022DE00021DBB200220121EBF77CF907B05DF887
S214022DF004FB1FB5531C029100220821CDE90021D5
S214022E000122DBB21146EBF76DF905B05DF804FB63
S214022E1007B591F82830009391F82B3091F82920C5
S214022E2091F82A10ECF760FD03B05DF804FB38B5A4
S214022E300546EBF7A5FB04462846EBF77FFB07287B
S214022E4011D1D5F89030DB6924F47F4121F00801D6
S214022E5003B15B7841EA032141F020012846BDE830
S214022E603840EBF793BB24F02001F7E7081E18BFA3
S214022E70012070470020002170474021EBF728B957
S214022E8000207047022070470020704701207047DC
S214022E9000207047002070470120704700207047CE
S214022EA0ECF780BC08461146E7F7BCBB70B5054692
S214022EB00C4611461A46ECF785FD06682B46204658
S214022EC0B446BDE87040604710B5ECF77BFDBDE840
S214022ED0104083681847E9F737BA4942FFF7FBBF45
S214022EE073B50D7806460C4635B304238DF80430C8
S214022EF023798DF8053001A93046FFF7D3FB054646
S214022F00B8B92278A37952BB8DF80430E3798DF8EC
S214022F10053001A93046FFF7AFFB054648B92378CE
S214022F203BB161883046EBF7E1FE01213046FFF700
S214022F3031FE284602B070BD2946FFF72BFE294611
S214022F403046FFF74FFE29463046FFF750FE2378FD
S214022F50002BCAD123798DF804306379C9E702229F
S214022F608DF80420D3E7FFF73DBEFFF745BEFFF717
S214022F7068BEFFF787BE08461146ECF7B1BFC0F839
S214022F809C1000207047EBF7EFBE70B5144686B073
S214022F9005460E46122200210DF10600FEF714FE2B
S214022FA02368009369462846ADF80460FFF728FEBA
S214022FB0009B236006B070BD38B50446154609B1BD
S214022FC0FFF77EFE25B12046BDE83840EBF7C6BFC8
S214022FD038BD084611461A46BDF80030FFF73BBD1D
S214022FE02DE9F74F1C469DF830300193036803F035
S214022FF00703063301259D400646174605F1FF38AE
S2140230000B46A1B1416804EA080BA5EB0B0A41F096
S2140230100059524509EB0B0114D952461846FEF7E1
S214023020E7FD7A1B5A4449465044FEF7E1FD019BF0
S2140230302BB13C4448EA050804EA0804F46003B0ED
S214023040BDE8F08F1846F0E737B500250095144620
S214023050FFF7C6FF204603B030BD026802F0070243
S214023060063201239340026AC2F30C028A4210B56A
S21402307084BF4468C26803F1FF3388BF89189BB2D5
S21402308085BF44F0005019404FF0FF30405C10BD41
S214023090F7B505460F4668461146ECF7EFFF0646BB
S2140230A098B197B1DDE900311B0A43EA0163A5FB3B
S2140230B00343090A05FB0135E9F722F80023024615
S2140230C029462046E5F7FCFA3860304603B0F0BDE4
S2140230D000228A4202D14FF0FF30704750F8223069
S2140230E093FAA3F30BB90132F3E7B3FA83F000EBDA
S2140230F04210704710B50446EDF7DAF82146002074
S214023100EEF772FFBDE81040002000F0B5B9704738
S21402311008B5EFF7A7FE80F00100C0B208BDFFF7C2
S21402312071BB704700207047704770B5144681F037
S214023130010519B90D2A07D1FF2018E00D2A03D17F
S21402314000780538C0B212E0084400F047F8C5F12E
S214023150040110F440660246C9B209D1042C08469E
S21402316005D0052C16D112F0400F18BF084670BDC8
S214023170C5F10603042CD8B2F9D0B6F5006F03D118
S214023180C5F10805E8B2ECE7B6F5406FE9D1C5F13E
S2140231900E05F7E712F4404107D1062CE7D0072CBC
S2140231A0E5D0082C13D10130CCE755065CBF831C52
S2140231B0D8B2062CDBD0B1F5004F02D1831CD8B2B0
S2140231C0EDE7B1F5404FEAD100F10803F7E7130740
S2140231D044BF0530C0B20C2CC9D9ADE70088704791
S2140231E00170090A4170704710B50024E3B210B9A5
S2140231F0C3F10303DBB20134042CCA544FEA122291
S214023200F4D110BD10B50B784C788A78C97828B9F5
S21402321010462246044608461946034642EA01205C
S21402322043EA042343EA004010BD10B50C46EFF70C
S214023230D5FC048010BD38B50C461546EFF7CEFC1B
S21402324003881DB11C43A1B2018038BD23EA0401E4
S21402325089B2F9E708B5EFF7C1FC008808BD08B5E2
S214023260EFF7BCFCC07808BD08B5EFF7B7FC0088DE
S21402327000F00C0008BD08B5EFF7B0FC008800F0BF
S2140232800C00031F5842584108BD38B50546EFF7F3
S214023290A5FC04462846FFF7EEFF30B904F11000FD
S2140232A0FFF79CFF00F4406038BD4FF40060FBE778
S2140232B038B50546EFF792FC04462846FFF7DBFFD3
S2140232C0014648B9103420460422EEF73BF9204462
S2140232D0BDE83840FFF782BFA08838BD10B50C465F
S2140232E0EFF77CFC848010BD38B50546EFF776FC18
S2140232F004462846FFF7BFFF30B904F11000FFF777
S2140233006DFF00F4404038BD4FF40060FBE738B56F
S2140233100546EFF763FC04462846FFF7ACFF014676
S21402332048B9103420460622EEF70CF92044BDE8D0
S2140233303840FFF753BFA08838BD38B50546EFF7CB
S2140233404DFC04462846FFF796FF014608B1201DAD
S21402335038BD103406222046EEF7F4F82044F7E78C
S21402336008B5EFF73BFC007A08BD08B5EFF736FC68
S21402337090F9090008BD08B5EFF730FC807A08BD61
S21402338008B5EFF72BFCC06808BD10B50C46EFF782
S21402339025FC047210BD10B50C46EFF71FFC4472F4
S2140233A010BD10B50C46EFF719FCC46010BD2DE930
S2140233B0F8430F468046002107F11000164699464C
S2140233C0EFF7D2FC0446D0B1EFF708FC05462046DC
S2140233D0EFF720FC002102462846FEF7F5FB002305
S2140233E0AB7049F004012046FFF71FFFA5F80480E2
S2140233F02EB13A46314605F11000FEF7F9FB20469B
S214023400BDE8F883F8B505460F4610200021EFF711
S214023410ABFC0446B0B1EFF7E1FB06462046EFF7F9
S214023420F9FB002102463046FEF7CEFB0023B370BE
S21402343039462046FFF7F9FE25B12A4601212046E5
S214023440EFF76AFC2046F8BD08B5EFF7C7FB103069
S21402345008BD08B5EFF7DEFB1038C0B208BD10B5E0
S2140234600C46098821B90846FAF756F9208008B1B1
S214023470012010BD0220FCE70020EEF7E1BC08B5F3
S214023480EEF766FF002008BD4088C0F30C0003304C
S214023490800840000430704708B520B1EFF7B2F953
S2140234A000F0010008BD0120FAE708B5EFF7FCF8C6
S2140234B0BDE80840FFF7F0BF70B50E460546114658
S2140234C03046EFF751FC044635B128B1EFF786FBDC
S2140234D032462946FEF75EFB204670BD0088B0FAEB
S2140234E080F040097047008810B1C9B2EFF700BCFF
S2140234F070472DE9F041B0F8008006460C46D5B27A
S214023500B8F1000F11D029464046EFF7F1FB2246EC
S214023510074629464046EFF7FFFB3A46294620462D
S214023520EFF7FAFB3480BDE8F0810F46F5E738B5D1
S214023530058800220446FFF7DCFF05B1258038BD6A
S214023540F8B507460D46008800211646EFF7D0FB71
S214023550B042044605D129463846BDE8F840FFF792
S214023560E6BF00212046EFF7C3FBB04205D0204657
S2140235700021EFF7BDFB0446F3E72A46204600216A
S214023580EFF7CAFB324628460021BDE8F840EFF7BF
S214023590C3BB034608461B888B4202D00021EFF7C6
S2140235A0A7BB00207047F8B5058807467DB1CCB2A8
S2140235B021462846EFF79CFB8542064609D10023A2
S2140235C03B80002221463046EFF7A6FB35462846CA
S2140235D0F8BD2146EFF78CFB214602462846EFF758
S2140235E09BFBEEE72DE9F04707888246884614469D
S2140235F05FB33846EFF70EFB3D460646E4B2214679
S2140236002846EFF775FB4045814616D12146EFF76F
S2140236106FFB214602462846EFF77EFB474504D15C
S214023620454508BF0025AAF800500022214640461C
S214023630EFF772FB3046BDE8F0878742FAD0EFF725
S214023640E9FA304486B24D46D9E73E46F2E72DE91E
S214023650F04780460F4602F1FF3906460024BC4278
S21402366002D219F8015F25B9A6EB0800C0B2BDE880
S214023670F0879A46A5F13102012A5AF8041B10D89F
S2140236803246322D02F8011B06D10134E4B2A742BB
S21402369032D30912B21C71700134E4B25346164694
S2140236A0DDE7342D0CD10334BC42DDDA0B0A31706F
S2140236B073700B0C090EB370321DF170E4B2EBE7B7
S2140236C0A5F13302062A0DD8303DEDB22B19BB42C6
S2140236D0CADA2A463046013CFEF75CFA55FA84F40A
S2140236E07219EBE7A5F14102062A01D8373DECE74D
S2140236F01D7903F1080AE9E71646B5E770B50546EF
S21402370000880C46EFF786FA844228880AD9EFF733
S21402371081FA0023221AD2B228461946BDE8704022
S214023720EFF7A8BB2146EFF791FA002070BD2DE90E
S214023730F8430746084616469DF8209088461C46DB
S214023740EFF74CFA8519CCB1C5B14046EFF762FAED
S2140237502644864214DC2246B9F1000F06D12946D9
S2140237603846FEF717FA0020BDE8F883B9F1010FD4
S21402377039462846F5D0FEF73BFAF4E72120F3E770
S2140237801D20F1E738B50546EFF728FA0446284625
S214023790EFF740FA002201462046BDE83840FFF720
S2140237A08BBEF8B516460C461D46BDF81870EFF7E8
S2140237B015FA04443046EFF711FA3A464119204604
S2140237C0BDE8F840FEF7E6B970B50C460131C9B25D
S2140237D00646EFF7F3FB214605463046EFF7EEFBCB
S2140237E000EB052080B270BD1FB50123ADF80C209A
S2140237F000930A460223014603A8FFF798FF05B086
S2140238005DF804FB73B504460D46402000211646BB
S214023810EFF7AAFAADF80600EFF7E0F9BDF80630C2
S21402382013B9002002B070BD402133462A46204418
S214023830FFF70DFF2118C9B20DF10600FFF75EFF74
S2140238400028EED1BDF80600ECE70EB403B503AAD5
S21402385052F8041B0192FFF7D5FF02B05DF804EBA5
S21402386003B0704700220123C0E900237047F8B571
S214023870044601270026FAF799FF23683BB9FAF7B0
S2140238809BFF63680022012B0ED16360F8BD1D69A1
S2140238901F612660FAF790FF012DF2D02B462D69A4
S2140238A01E61012DFAD1E6E719691A610B46EAE7AD
S2140238B00069003818BF01207047036823B94068C2
S2140238C0012803D0EFF7A8BB002070474FF0FF3067
S2140238D07047F8B50546FBF7D1FA01230646A860FD
S2140238E02B730027FAF762FF2B6802467BB11C692E
S2140238F02169A1420CBF2F60196127611046FAF7B1
S2140239005BFF012C08D0636820469847EAE76C689C
S214023910012C04D1FAF750FF00232B73F8BD61691E
S214023920711AB1F1004FF5D8216969602361E5E7A4
S2140239300144884201D10120704710F8013B9342AE
S214023940F7D00020704730B5014693B005460020F8
S214023950EDF78EFA10F0FF040BD16A462146204698
S214023960EEF764FA6A46214620468DF80250EEF7D4
S2140239703DFD204613B030BD00B5002193B06A4627
S2140239800846EEF753FA9DF9020013B05DF804FB01
S21402399000B5002193B06A460846EEF747FA9DF84E
S2140239A0000013B05DF804FB08B5EDF7A7FD00387C
S2140239B018BF012008BD0020704770477047704747
S2140239C0704770477047704770477047F8F710BBEC
S2140239D000B5002193B06A460846EEF727FABDF80E
S2140239E0060013B05DF804FB10B5002192B0044641
S2140239F06A460846EEF71AFA00216A460846ADF805
S214023A000640EEF7F3FC12B010BD00B5002193B0ED
S214023A106A460846EEF70AFABDF8040013B05DF8E7
S214023A2004FB10B5002192B004466A460846EEF73B
S214023A30FDF900216A460846ADF80440EEF7D6FCCA
S214023A4012B010BD70472DE9F04F85B00C46914676
S214023A508046FFF709FC671C05463846FFF7BEFBA3
S214023A60042D40F08B804046FFF7EEFC037803F00F
S214023A700303012B4FF009024FF00101204614BF49
S214023A804FF0020B4FF0030BEDF75CFD092200210D
S214023A9005462046EDF756FD21788DF80F000139D0
S214023AA0002289B22046FFF707FD04EB090A064604
S214023AB0D0B12A4601460DF10F035846FBF7A2FB8A
S214023AC00228054626D13046EFF7A4F8C0B2207089
S214023AD00023013800930122C3B231463846FFF76D
S214023AE026FE2378013323704046FFF7B3FB020419
S214023AF024D49AF8013021789B071FD50139A1EB0F
S214023B0009014246C9B25046F3F758FA23781844D8
S214023B10207013E020B92070284605B0BDE8F08F6B
S214023B20032809D15046FFF759FB20F4007189B2E9
S214023B305046FFF755FBD7E70428D5D10125217853
S214023B4000222046FFF7B8FC06460028E4D00023F1
S214023B50014601221846FBF755FB022819D13046CA
S214023B60EFF758F8C0B22070002301380093012204
S214023B70C3B231463846FFF7DAFDCDE780F080055E
S214023B8020F0800081B23846C5F3C015FFF728FB47
S214023B90D5E70028C0D12070BEE708B50020FFF7A1
S214023BA0B7FA80F00100C0B208BD0A4608B5014661
S214023BB00020EFF7D9FDB0FA80F0400908BD0020DA
S214023BC0EEF746BD00210846EEF7BEB90020EDF737
S214023BD02DB908B5EFF730FE003818BF012008BD32
S214023BE001207047EFF74CBF10B50C46098821B983
S214023BF00846F9F775FD208008B1012010BD0220A5
S214023C00FCE710B50446FDF7FCFA08B9FDF7FBFA27
S214023C1003050FD40C231B2B01D1002009E020FA48
S214023C2003F1C90703F1010206D5DBB2E31A5842D3
S214023C30584110BD0B23F9E71346ECE710B50C46C6
S214023C40098819B90846F9F767FD2080012010BDDA
S214023C50402908B5104604D009D811B13F290CD026
S214023C60C9B200F0ACFABDE80840FBF7CBBC41296C
S214023C7005D04C29F4D18D21F3E73121F1E7422119
S214023C80EFE770B592B004460D4616466A46EEF762
S214023C90CDF86A46294620468DF81F60EEF7A6FB49
S214023CA012B070BD07B50DF10701F0F719F920B192
S214023CB09DF8070003B05DF804FBFF20FAE710B595
S214023CC00C46F0F713FA2046BDE81040F0F724B988
S214023CD00129F8B505460C461DD003291ED0052934
S214023CE020D0072922D00026002400270120EDF745
S214023CF093FB304485421DDA0320EDF78DFB20440A
S214023D00854219DA0520EDF787FB38448542B4BFB1
S214023D1007200520F8BD6FF00406E5E76FF00404FF
S214023D200526E2E700266FF00407DFE700242646B2
S214023D300527DBE70120EDE70320EBE738B14379FF
S214023D40490023F00C0301F00C010B43437170474A
S214023D5010B5044678B141794088490801F0060159
S214023D600131000AFFF7B4FF024601462046FFF77C
S214023D70E5FF104610BD0722FBE738B50D46F0F703
S214023D80A3F9044608B9002038BDFFF7E1FF002D6D
S214023D90FAD1237913F00703F5D0984238BF1846B4
S214023DA0C0B2F1E70022F0F7EDBB002108B5012210
S214023DB0F0F7E8FB401A18BF012008BD38B51546D3
S214023DC0FFF7F0FF04462846FFF76CFF84B1FF2892
S214023DD004D0626822FA00F3DB0701D5012038BD61
S214023DE00123834013436360E3780133E370F5E70E
S214023DF02046F4E7F0F724BE0146102307220120EE
S214023E00EFF734BA10B5EEF7E9FE00F110042046DB
S214023E10FFF7E4F920F4007189B22046BDE81040AD
S214023E20FFF7DEB92DE9FF418DF80D301B0A154666
S214023E308DF80E3001919DF82C308DF80C00012182
S214023E408DF80F300091042303AA28469DF8288097
S214023E509DF830709DF8346001F024FA044670B183
S214023E602946FFF73BFAB8F1000F02D12046FFF7CA
S214023E70C9FF2FB146B93146204601F07BF800242F
S214023E80204604B0BDE8F08100231A4619462046B3
S214023E90F0F758FDF3E74FF47A70F0F7ADBE08B5C9
S214023EA0EFF76AF9BDE808400020F0F799BF1FB5A2
S214023EB004466846FFF7A0FF54B100238DF805308C
S214023EC01023072269460020EFF7D0F904B010BD90
S214023ED0FFF77EFDADF80600FFF797FDADF8000090
S214023EE0EEE700B58BB06846FFF786FF009BBDF88D
S214023EF00600069304A9F0F725FE0BB05DF804FB56
S214023F001FB504466846FFF777FF02AB03CB206077
S214023F10616004B010BDFF22F1F74EB81FB506234C
S214023F2004468DF80C30F1F7A1F80023CDE90033F2
S214023F308DF80D00022303AA0121204601F0B2F9F2
S214023F4004B010BDF8B50E460746FFF77DFA0546E3
S214023F50FFF744F900F44040B0F5404F14BF00228A
S214023F60062202F10A030B32EB5C5C0004F00E043C
S214023F705B08144403F0380338461C44FFF769FA1A
S214023F80844208D2001BC2B20F2A28BF0F22291968
S214023F903046FDF72DFE2046F8BDEFF7EDB8D020EF
S214023FA0F2F766BBFF224FF6FF71F2F781BC0020E4
S214023FB0FFF7F8BF37B5082305460C4609226946BF
S214023FC00120EFF753F915B19DF806302B700CB1AE
S214023FD0009B2360BDF8040003B030BD07B508237C
S214023FE08DF80600ADF804100092694609220020FA
S214023FF0EFF73CF903B05DF804FB13B5044601A9DC
S2140240000020FFF7D7FF019A01462046FFF7E6FF9A
S214024010204602B010BDF0B50F46002187B0044618
S21402402008461646FFF7C6FF012305460DF10A00AD
S2140240308DF808408DF80930FFF762FF092C1DD174
S21402404031460DF11200FFF7CBF805AB02AA9B1A18
S2140240500021CDE900112846DBB2642101F022F9E5
S2140240600546E0B1092C15D1F2F796FD044688B153
S2140240702846F2F7A5FD204607B0F0BD31460DF101
S21402408013008DF812704FF6FF75FFF7A9F80DF1C1
S2140240901503DBE7284600F014F80446EBE704466F
S2140240A0E9E738B504460D4600F086FF40B1AC425B
S2140240B006D0204600F071FFBDE8384000F052BF3F
S2140240C038BD10B50446FFF7BFF90230FFF786F891
S2140240D04FF6F7739842204603D9BDE81040F2F730
S2140240E0EDBEF2F72FFFB0FA80F0400910BD0120B6
S2140240F070470022F2F718BE70B504460088FFF734
S214024100A3F905460430FFF769F80646A81CFFF730
S21402411065F80546FAF7ADFE3046F4F7DDF830B935
S2140241202846F4F7D9F810B1284600F045FFA378E0
S21402413023F00F03A370002070BD70B50546FFF78D
S21402414083F90646284601F0D1F801462846EEF7DE
S21402415035FF04462846FFF7ABF84FF6F77398424A
S21402416008D8337803F00303012B05D1A31E584267
S214024170584170BD0120FCE70020FAE730B585B053
S21402418041F203330D46ADF808300446FFF720FC33
S2140241908DF80A00FFF71CFC0021000A8DF80B00C0
S2140241A0CDE90011052302AA20468DF80C5001F035
S2140241B079F810B12146FFF79CFF05B030BD70B507
S2140241C004460D4691B131294FF0000600D135461E
S2140241D02046FFF749F808280AD101212046EEF7C3
S2140241E087FD2946BDE87040FBF74BB90126EFE78D
S2140241F02046FFF739F8024630B9BDE870404FF660
S214024200FF710120FCF759BB2046FFF73EF8B0F5D8
S214024210006F0ED12046FFF74BF84FF6FF73984219
S214024220014617D0002D0CBF032005200022FCF704
S21402423044FB29462046F0F743FC68B92946204647
S214024240F3F7F6FF40B9324629462046BDE87040ED
S214024250F2F7C2BF0120E9E770BD7047704737B575
S2140242604FF6F675DEF782FD431E9BB2AB4204465E
S214024270F8D8EFF729FF0028F4D169462046EFF771
S21402428007FA0028EED0204600F04DFE0028E9D1BD
S2140242902046FFF78AFD0028E4D12046F4F71CF8F2
S2140242A00028DFD1204600F087FE0028DAD120461B
S2140242B0FCF744FB0028D5D1204603B030BD73B5C9
S2140242C004460E46F4F708F8054688B92046F4F781
S2140242D05DF8214600952B460D224FF6FD7000F044
S2140242E053F83146204602B0BDE87040F4F710B8E5
S2140242F002B070BD37B5054614460C2914D8DFE85F
S21402430001F029132913131307131313132424007C
S2140243106946EFF7BDF918B901216846F7F732FF8B
S21402432042202946F9F7CAFFBCB12046FFF78CF8AF
S2140243300230FEF753FF4FF6F77398420DD9204628
S21402434003B0BDE83040F2F771BE0B2914BFAA20B5
S214024350A920E6E700F0EEFDE6E703B030BD1FB5A4
S2140243600346084603218DF80C108DF80D30002107
S2140243700123CDE90031ADF80E20042303AA00F094
S21402438091FF05B05DF804FB2DE9F34106469DF862
S21402439020800F4614461D46FFF71AFBB04207D18F
S2140243A000222146384602B0BDE8F041FFF7A2BF20
S2140243B03A4631462046FFF7D2FFADF8060060B116
S2140243C00D2C05D100224FF6FF712820FCF775FA56
S2140243D035B9BDF80600FFF774FE02B0BDE8F081FD
S2140243E00123424629460DF10600EEF743FDBDF8CD
S2140243F00630002BEDD1F0E7F7B50C460546FFF781
S21402440023F8611CC9B206462846EEF7D7FDA11C62
S2140244100746C9B22846FFF7D7F90146044638468A
S214024420FAF7FFFF0D2F34D12046F3F755FF78B188
S214024430301DFEF7D3FE04462846F679FEF767FFE0
S21402444031460246204603B0BDE8F040FFF7B6BC50
S214024450B01CFEF7C3FE4FF6F773984202D9284601
S214024460F2F7E4FD2046F3F791FFFFF7B1FAA04218
S21402447005D1002003B0BDE8F040FFF7EEBEB068FD
S214024480F1686B4603C369462046F3F741FF03B063
S214024490F0BD2A463946204603B0BDE8F040FFF795
S2140244A029BF14220021FDF78FBB2DE9F0470B0729
S2140244B08EB004460E4615465CD10120E2F7E4FCB7
S2140244C009A8FCF763FA092309A88DF82430FCF73B
S2140244D061FA09A8E2F7AAFC01A909A8FCF7BDFC43
S2140244E026F00F072F4404F1100804F10F09BD420D
S2140244F011D123693344236101A909A8FCF792FC70
S2140245000020E2F7C1FCB6F1005F2CBFB12000200C
S2140245100EB0BDE8F08705AA234696461868596885
S2140245209446ACE80300083343456246F6D12B4670
S214024530224605F1100A53F8041B42F8041B5345A1
S214024540F9D1714609A8FCF76DFC09A8E2F76EFCE2
S214024550224621460120E2F729FC013D631E13F89C
S214024560012F15F8011F4B4582EA01021A70F6D197
S2140245705546BCE77020CBE7F0B585B01746054632
S2140245800C46102200216846FDF71EFBBFB3C4B3DB
S2140245900F2C04F00F0608D924F00F043A462146E1
S2140245A02846FFF782FF40BB274432463946684614
S2140245B0FDF71EFB2F6906F1100337446B44802279
S2140245C0B7F5005F03F8102C2F61C6F110061AD358
S2140245D0062E1FDDFB001A0E8DF80A201A0C5BBA97
S2140245E08DF80B20ADF80C306A4610212846FFF7EE
S2140245F05CFF2B69103B2B61002005B0F0BD3E46E8
S214024600D8E72646D6E7022E04DDFB005BBAADF8F5
S2140246100E30E9E76A4610212846FFF746FF2B6967
S214024620A3F110042C61102200216846FDF7CCFA93
S214024630B7F5005F4FEAC403CDD2E7E770B586B0A0
S2140246400E46054601A81446FFF72BFF32462946BA
S21402465001A8FFF791FF05AE054601AB22461C46B0
S21402466003CCB44210605160234602F10802F6D130
S214024670284606B070BDF3F731BF0A460021F3F7AD
S2140246802DBFF0B58BB00C4601A9F3F727FF054600
S21402469088B325220021E01CFDF796FABDF81070BB
S2140246A00123A370FA054FF00E03238010D523468C
S2140246B04FF4877223F8042B06AE0DF1280C32460F
S2140246C003CA624518605960164603F10803F6D11C
S2140246D03B0605D5238843F080032380069B636050
S2140246E001AB03CB039BC4F81D00C4F82110A361E1
S2140246F0F5F700F8606128460BB0F0BD30B5054608
S21402470087B001A80C46FCF741F92868696802AB35
S21402471003C39DF8113043F002028DF8112074B1E4
S2140247202288510644BF43F006038DF81130530524
S21402473042BF9DF8113043F008038DF8113001A8EE
S214024740FCF7CAFAB0FA80F0400907B030BD2DE98E
S214024750F3410F4605461646EEF75CFAC41BE4B272
S2140247604FF000082946CDF8008023463A463046E8
S214024770FEF7DDFF01212846EEF7BAFA88B10121DD
S2140247802846EEF7B5FA0746EEF744FAC5B22B46C8
S2140247903019CDF8008042463946FEF7C8FF254458
S2140247A0ECB2204602B0BDE8F0812DE9F74F0C9E30
S2140247B09DF834808946054693461C46EEF72AFA4B
S2140247C0012723464A462946824600975846FEF760
S2140247D0AEFF39462846EEF78BFA4C4428B33946E4
S2140247E02846EEF785FA5FFA8AFA5445814611DAC8
S2140247F0E4B2AAEB040B5FFA8BFB22463046009724
S2140248005B4629464444FEF792FFA4EB0A045E4444
S21402481004F0FF0801230C93002243464946304623
S21402482003B0BDE8F04FFEF782BF0C974346E2B2F4
S2140248302946F4E72DE9F04186B0002607460846E9
S2140248400C4615469846CDE9026604968DF8146025
S214024850EEF7E0F9411BCBB20D2B28BF0D230096D5
S2140248602A46214602A8FEF762FF424602A93846B9
S214024870F3F788FF9DF80820064629462046EEF7FD
S214024880B1FB304606B0BDE8F0812DE9F04F0E468A
S214024890CBB00121054617461C46EEF729FA2346F9
S2140248A03A462946814606A8FFF7C4FF0DF1280AB4
S2140248B000EB070B5FFA8BFB524631462846FFF7A2
S2140248C046FFB34503D200204BB0BDE8F08FABEBFA
S2140248D006085FFA88F808F104039842F3DB331FF0
S2140248E01844C4B204230193A31BDBB20093CDF891
S2140248F008A043465246002106A8E2F7DDF9C0B2F8
S2140249000028E0D1A4EB0B040AEB0803E4B25246FB
S21402491028460093314643460194FFF746FF394640
S2140249202846EEF74BFB394600F0F8022846EEF72B
S21402493059FB01212846EEF7DBF9002818BF4D4641
S2140249402846ADF81650EEF765F9011FC9B20DF10B
S2140249501600FEF7D3FE0120B6E72DE9F041044625
S21402496000F0C4FC411C074689B2204600F091FCC8
S21402497098B397B339462046EEF720FB00F00C03B7
S214024980042B054629D000F00308B8F1020F00D127
S2140249901BBB284600F015FD2B060744BEB216D5F3
S2140249A0711C89B2204600F074FCB0B1F9B2204600
S2140249B0EEF704FBB8F1010F014600F003030CD03A
S2140249C0032B0AD0284600F00BFD304486B231464F
S2140249D02046BDE8F04100F05CBC0020BDE8F08156
S2140249E0F8B5064600F044FC054604463046FEF797
S2140249F02BFD43785B0718D5AC1CA4B22146304683
S214024A0000F047FCB8B129463046EEF7D7FA691CE3
S214024A100746C9B23046EEF7D1FA1FB1874201D82F
S214024A20FF2808D104EB4704A4B221463046BDE86D
S214024A30F84000F02EBC0020F8BD13B5044601A8CD
S214024A40F4F7B0F8BDF80430DA0710D49B0707D4A1
S214024A5010220021204602B0BDE81040FDF7B4B88F
S214024A60224621461020FFF7E9FD0028F0D102B0C9
S214024A7010BD13B50024CDE9003413460A4601469C
S214024A800620F4F7BBF802B010BD08B50246F4F7EC
S214024A90ABF8510544BF0838C0B2130544BF083806
S214024AA0C0B208BDF0B5D3078BB005460C4649D553
S214024AB0008800F01BFC00230646029314B9CDE9D9
S214024AC0034403AC002208212046FEF731FFA0B1C2
S214024AD02888FEF7B9FC0230FEF780FB214607461F
S214024AE0EEF7D6FD48B1002240231146384600F0C4
S214024AF0FDF9BE2528460BB0F0BD31462888EEF7F4
S214024B005DFA10F0030F0CBF01260026F3F72AFD0C
S214024B1046EA4000C0B2009002AB05AA0021204639
S214024B20F5F708FA0546F3F71DFD0028E2D0002D3A
S214024B30E0D0009602AB05AA00212046F5F7FAF966
S214024B400546D7E7A625D5E701461A2308220120FF
S214024B50EEF78CBB00231A46F5F75AB930B58BB080
S214024B6005AD04462846FBF711FF022301A9284695
S214024B708DF81430FCF771F901AA2346144603CCCB
S214024B80AC4218605960224603F10803F6D10BB016
S214024B9030BD08B50023024619461846F5F738F91F
S214024BA0012008BD37B504466846F5F7A7F905465D
S214024BB048B1082221466846FCF7DCFFB0FA80F0CE
S214024BC0400903B030BDFF2208212046FEF7B0FEA2
S214024BD0034628B106212846FFF7BCFF0120F0E76E
S214024BE022460146F5F714F9F8E707B56846F5F7E1
S214024BF085F910B16846FCF7AFFA00F0010003B081
S214024C005DF804FB0120F5F75BBE704730B589B04E
S214024C10054603A8FBF7BAFE012401A88DF80C404E
S214024C20FCF7CAF89DF806209DF80730AA4209D07C
S214024C30AB4209D103A88DF80D40E2F7F7F8012040
S214024C4009B030BD0024F5E70020F9E708B50022D8
S214024C5011461046F6F726F9BDE8084000214FF641
S214024C60FF70FFF777BF00221021FEF761BE704784
S214024C707FB502460D460D2317216846FAF72BF933
S214024C8002AE6B462A461C4603CCB4421060516004
S214024C90234602F10802F6D12068106023791371C8
S214024CA000236B7304B070BDF0B585B06C46064643
S214024CB00B4601F10807224618685968254603C5BF
S214024CC00833BB422C46F7D1186828601B792B7133
S214024CD031460D231720FAF707F905B0F0BD38B5AF
S214024CE004460D46E1F718FEA04205D9204629469D
S214024CF0FFF7BEFF002038BD6920FCE738B5044642
S214024D00002000F048F9FF2805460FD000F04DF9C4
S214024D1010F0010009D0284600F047F9400840EAA2
S214024D20C17080F0010000F0010038BD04F00100FF
S214024D30FBE7F8B5014606460020F6F7BFFFFF2858
S214024D4001D00120F8BDE1F7D7FD00240546871CF7
S214024D50E1F7D6FDE3B2984201D80020F2E735F833
S214024D602430B34203D117F82430002BE9D10134A2
S214024D70EEE738B50D4601210446EDF7B9FF30B12E
S214024D8001212046EDF7B4FF2880012038BD2C8093
S214024D90204600F084FB0130C0B2F7E72DE9F04769
S214024DA088B00746894610460DF10A011D46904610
S214024DB0FFF7DFFFBDF80A6004464FF0000A3046F0
S214024DC0CDE905AACDF81BA0EDF724FF031BDBB245
S214024DD00B2B28BF0B23CDF800A02246314605A890
S214024DE0FEF7A5FC48F21F039D4243D00BD885F47C
S214024DF00043012B15D900972346424649462846CA
S214024E00FCF7BCF933E048F23A039D42F3D1FEF7D1
S214024E10DFFDB8422BD02246414605A8FCF7DBF957
S214024E2025E09DF8143013BBBDF81D40DDF81500D3
S214024E30DDF8191003AB03C303A92046E1F7DEFC35
S214024E40012203A92046F3F7E5FAA74206460ED04A
S214024E50012103A8F7F796F948F201039D4206D10D
S214024E602EB9334632463946204600F0BEFB08B01D
S214024E70BDE8F0879DF81450002DF8D102349DF855
S214024E801570E4B2A846EBB2BB42F0D22246082323
S214024E903146CDF8008003A8CDE90388FEF747FC2B
S214024EA003A800F075F800F078F8083400F05AF815
S214024EB00135E4B2E7E710B500248480418004801F
S214024EC0C280038110BD13B5BDF81040CDE9003491
S214024ED00023F7F701FD02B010BD13B5BDF8104070
S214024EE001900094F7F7F8FC02B010BD07B50093E6
S214024EF00123FFF7F2FF03B05DF804FB38B5054661
S214024F00F1F74AFE0446E1F713FDA40144EA402005
S214024F10284038BD7047704700207047FF20704712
S214024F20002070477047002070474FF6FF707047AA
S214024F300020704770470020704770470020704777
S214024F407047002070470020704770477047002067
S214024F50704770477047002070474FF6FF707047E3
S214024F609320704770477047704770477047704786
S214024F7001207047012070470020704700207047CC
S214024F80002070477047704770474FF6FF707047B3
S214024F904FF6FF707047FF207047FF207047FF20D4
S214024FA0704700207047002070470020002170479D
S214024FB0002070470020704700207047704700208E
S214024FC070472DE9F04F002785B081460C467E20BB
S214024FD03946BDF83CB09DF844A0BDF84C5001924D
S214024FE09846ADF80E70EDF7BFFE0646002800F0B4
S214024FF0AA80EDF7F3FD39467E22FCF7E5FD304642
S214025000EDF7ECFD00903046EDF7E8FDB9F1FF0F45
S21402501014BF44F0030727463B0A14F440620770A5
S21402502043705FD1C31C4FF00808184601994246E8
S214025030FCF7B0FD04F440440346434484B17906C9
S21402504006D419464FEA1B2201F802BB5A700B46D9
S214025050B4F5004F56D0A4F5404254425441E40001
S214025060224618460E99FCF795FD009A0346204400
S214025070A0EB02085FFA88F89DB14FF47C521A53EF
S214025080841C2846EDF7AAFD83462846EDF7C2FDA6
S214025090C5B22A4659462046FCF7AAFD60190235D3
S2140250A0EDB2B9F1FF0F2FD0109900F8019B5246CE
S2140250B0FCF79EFD08F101015AFA81F129443046B7
S2140250C0EDF7C4FD0C21FF00002207F080073943EC
S2140250D01046FEF797F9ADF80E00E8B9002005B0C5
S2140250E0BDE8F08FB2F5006F80F803804FEA18280B
S2140250F080F8048000F1050314BF4FF008084FF053
S214025100020892E70224ABE708EB0A01294430467C
S214025110EDF79CFD0821D6E73046EDF75FFD044625
S2140251203046EDF777FD0123C2B221460DF10E009F
S214025130EDF7A0FE0028D1D1BDF84820BDF80E003C
S2140251400121EDF7E9FDBDF80E00C8E70020704723
S214025150F8B506460D46F8F72DFB0328044621D07F
S2140251602846F8F727FB032807461BD010F0020351
S21402517018D1A0070DD5F90716D401233C43E20740
S21402518004D431892A89914218BF002303F0010012
S214025190F8BD082229463046FCF7ECFCB0FA80F34C
S2140251A05B09EBE70020F3E71846F1E770B50D461A
S2140251B000210646FEF797F9044630B1EDF70EFDDC
S2140251C001462846FFF7C4FF08B1204670BD2146B7
S2140251D03046FEF7DEF9EFE77FB54FF6FF7101AA1C
S2140251E0F8F77EFB20B1BDF80C0007B05DF804FBB3
S2140251F04FF6FF70F9E708B51046EFF7A3F8BDE8DB
S2140252000840EFF75DB92DE9F7430F4601218146C5
S2140252101646EDF76DFD054658B1FEF7B3FA308037
S21402522088B92846EDF7F6FC68B1182003B0BDE849
S214025230F0834846EDF7EEFCFF2FA0EB0704E4B23E
S21402524014D014B934800020F0E72A4621462846B6
S214025250FEF732F980460028E7D000943B464A46DD
S2140252602946FEF79EFAA6F80080ECE70120DDE765
S21402527008B5FEF7E9F8437803F001001A074CBFB9
S21402528010300830DB0644BF0830C0B21030C0B25F
S21402529008BD10B50C46EDF7BDFCA04234BF002099
S2140252A0012010BD7FB59DF820600091144641F2A2
S2140252B00921024641F60920002E18BF01461D4666
S2140252C00020099BF8F7A2FBADF80E0010B90020EB
S2140252D004B070BD01232A4621460DF10E00EDF7FB
S2140252E0C9FD0028F3D1BDF80E00F1E738B5054632
S2140252F0FFF7BEFF04462846EDF78CFC631C9BB204
S21402530083420FD82846FEF79FF843785B0707D5F7
S21402531021462846EDF752FE013004EB4004E4B283
S214025320204638BD0024FBE730B585B0ADF80E0048
S214025330EDF770FC0446BDF80E00FFF7D7FF00F14C
S2140253400E03DBB2E5B2BDF80E20ED1AADB2014691
S21402535000951046FEF725FAA4F10E01C9B20DF12A
S2140253600E00FEF7CBF905B030BD4278034612F0C8
S214025370080006D0D20702D403F10800704703F1F2
S2140253800900704737B505460C46FEF75DF84378C8
S21402539013F0100211D094B103F001021B074FF074
S2140253A00003009354BF18322032082329462046B1
S2140253B0FEF7BDF9012003B030BD1046FBE72046DC
S2140253C0F9E700F00303012B08D0C30606D400F069
S2140253D00C000C2814BF08200920704702207047D2
S2140253E0034611F0030005D003F00303022B14BF9B
S2140253F00220032070472DE9F0414E1C07460D4659
S214025400EDF708FC864203D900242046BDE8F08169
S21402541029463846EDF7D2FD8046FFF7D2FF18F050
S214025420800F0446F1D006443846EDF7F3FBB6B2D9
S2140254308642E9D82919C9B23846EDF7BFFD0146BA
S2140254404046FFF7CDFF2044C4B2DEE7F8B5064675
S2140254500D46FFF7D0FF044610B900242046F8BDDB
S21402546029463046EDF7AAFD8206F7D53046EDF717
S214025470D1FB6F1C2744BFB28742EED82919C9B2A6
S2140254803046EDF79BFD00F01803082B14BF0534D9
S2140254900634E4B2830644BF0834E4B2DEE738B525
S2140254A00546FFF723FF044608B9002038BD01462B
S2140254B02846FFF7CBFF0028F7D02044C0B2F5E716
S2140254C02DE9F04387B005460C46FDF7BDFF804642
S2140254D0FDF784FE07462846FFF708FF0646014604
S2140254E02846FFF788FF00220346009229463246E6
S2140254F002A8FEF71CF99DF8086006F00C030C2BB8
S21402550006F003090BD0B9F1010F59D0F10657D4B2
S2140255109DF809300DF10A056371002007E0FF23AC
S21402552063710DF10900FDF759FE0DF10B0520819F
S21402553098F80130DA0704D508F10200FDF74EFEAE
S2140255402081B9F1010F5FFA89F83DD0F3063BD40A
S2140255502846FDF743FE6080A81CFDF73FFE053592
S21402556015F8013C208023712B78A372B00606F052
S214025570400348BF43F02003390627D543F400739F
S214025580F80448BF43F48063390548BF43F4006318
S2140255903206E38011D56A7812F003020DD0A9789C
S2140255A06FEA43436FEA5343B8F1020FE3800B46B8
S2140255B011D1EB7841EA0321218107B0BDE8F083DF
S2140255C0FF230DF10905A7E7FF23CCE77A0648BFBC
S2140255D043F48073D4E7012A04BF0B029BB22381F3
S2140255E0EBE7EEF781BFF8F7C7BE0BB1F8F730BFAF
S2140255F00AB9F8F7A9BFFF21F8F7D2BE431C08BFC5
S2140256000020E9F791B8000000000000000000004A
S2140256100000000000000000000000000000000083
S214025620F8B500BFF8BC08BC9E467047F8B500BF88
S214025630F8BC08BC9E4670475FF800F04114002094
S2140256400000000000000000000000000000000053
S2140256500000000000000000000000000000000043
S21402566013B779FAC925DDB7ADF3CFE0F1B614B8B2
S2140256700102000000000000FFFFFFFF0100000023
S2140256800100000000000000000000000000000012
S2140256900000000000000000000000000000000003
S2140256A000000000000000000000000000000000F3
S2140256B053E701004FE701002DE701002BE7010049
S2140256C06D0500005DE70100310500002C000000BA
S2140256D00200000040787D0100000000005A6202CD
S2140256E000010000C0CF6A0002000000809FD500C3
S2140256F002010000002D310102020000010000003C
S2140257000000000004000000010000000800000085
S214025710010000001000000001000000000100006F
S21402572001000000000800001D000000000200004A
S2140257301D000000000400001D0000000000010023
S2140257401D0000000003010303030200000800FC22
S214025750C0570200010001076C570200000800F85B
S2140257607C570200000000000000000083FFBFFF1D
S214025770E2FFF1FFF9FFFEFF00000000C800FCFE9A
S214025780F800C50A571EFBFF7B0095047C02FFFF4C
S2140257904A00B60246DFFFFF2D00AD01412F000092
S2140257A01C000701854700001200A700974600006C
S2140257B00B0067001A3C0000060022006823000067
S2140257C0C800FCFEFC00D80A066CFBFF8800370502
S2140257D018E2FEFF53000403F5E3FFFF3200B901AF
S2140257E09D43000029005701F85700001600D1001B
S2140257F0585700000E007C00D04900000700280021
S2140258001729000000000F400000000000040F40AF
S21402581001000000000108070F000A00C80020006F
S214025820A000010000000000A00068010A20070690
S214025830020A04070000433A2F55736572732F411C
S214025840657269616C2F53696D706C6963697479EE
S21402585053747564696F2F53444B732F6765636B7C
S2140258606F5F73646B2F706C6174666F726D2F73EB
S2140258706572766963652F6C65676163795F6861D7
S2140258806C2F7372632F626173652D7265706C6123
S21402589063656D656E742E63000001040000050BDF
S2140258A0060B070B000000000000010301090600BA
S2140258B00105000000000000000003060000E40CE2
S2140258C00A0001041040010000000500000000026A
S2140258D00000030000000000285B0200245B0200B8
S2140258E0105B02000C5B0200085B0200045B020015
S2140258F0F25A0200E25A0200C85A0200C05A0200D5
S214025900B65A0200B45A02009C5A0200995A020081
S214025910915A0200805A0200705A02005E5A020031
S214025920445A02003C5A0200305A02002C5A020024
S2140259302A5A02001D5A0200125A0200F95902009F
S2140259409D5902009C5902008C59020064590200BB
S21402595059590200585902000F00000000000000CA
S2140259600000000000000000000000000000000030
S2140259700000000000000000000000000000000020
S214025980000000000000000000000000010000000F
S2140259900000000000000000000000000F000000F1
S2140259A000000000000000000000000000000000F0
S2140259B000000000000000000000000000000000E0
S2140259C000000000000000000000000000000000D0
S2140259D000000000000000000000000000000000C0
S2140259E000000000000000000000000000000000B0
S2140259F000000000000000000000000000000000A0
S214025A00000000000000000000000000000000008F
S214025A10000000000000000000000000000000007F
S214025A20000000000000000000000000000000006F
S214025A30FFFFFFFFFFFFFFFFFFFF00000000000069
S214025A40000000000000000000000000000000004F
S214025A50000000000000000000000000000000003F
S214025A60000000000000000000000000000000002F
S214025A70000000000000000000000000000000001F
S214025A80000000000000000000000000000000000F
S214025A9000FFFFFFFFFFFFFFFF9C0000FF0000006C
S214025AA000000000000000000000000000000000EF
S214025AB0800000000000FFFFFFFFFFFFFFFFFFFF69
S214025AC000000000FFFF00000000000000000000D1
S214025AD000000000000000000000000000000000BF
S214025AE00000FFFFFF0000000000000000000000B2
S214025AF0000000000000000000000000000000009F
S214025B00000000000000000000000000000000008E
S214025B10000000000000000000000000000000007E
S214025B200000000000000000FC0301010101010169
S214025B300101010101010101010000000000000154
S214025B40000A000000000101000002041104040221
S214025B5011101A080A021801081110111A080A046C
S214025B60020D0B195C0110280B010000000000005A
S214025B700000000000000000000101010101010018
S214025B800101010101010000010100010001010003
S214025B9000000000000000000000000000000001FD
S214025BA000000000000000000000000001FF0100ED
S214025BB023E1010075E4010063E2010063E50100F0
S214025BC062E1010079EB010064EE010024E10100CC
S214025BD025E1010026E1010027E1010028E101009C
S214025BE029E101002AE10100000001008000010015
S214025BF00001010080010100000201008002010094
S214025C0020E20100000301000005010080050100FA
S214025C1000060100800601000007010001E5010000
S214025C2002E501000008010080080100433A2F55F2
S214025C30736572732F41657269616C2F53696D705B
S214025C406C696369747953747564696F2F53444B36
S214025C50732F6765636B6F5F73646B2F706C617411
S214025C60666F726D2F736572766963652F746F6BDC
S214025C70656E5F6D616E616765722F7372632F73F7
S214025C806C5F746F6B656E5F6D616E616765722EB9
S214025C906300433A2F55736572732F4165726961CB
S214025CA06C2F53696D706C6963697479537475648B
S214025CB0696F2F53444B732F6765636B6F5F736413
S214025CC06B2F706C6174666F726D2F736572766976
S214025CD063652F746F6B656E5F6D616E616765726B
S214025CE02F7372632F736C5F746F6B656E5F6D617B
S214025CF06E75666163747572696E672E6300FFFF68
S214025D00FFFFFFFFFFFF34B684327032F610433ACD
S214025D102F55736572732F41657269616C2F5369D3
S214025D206D706C696369747953747564696F2F5307
S214025D30444B732F6765636B6F5F73646B2F707270
S214025D406F746F636F6C2F7A69676265652F617017
S214025D50702F6672616D65776F726B2F636F6D6DF4
S214025D606F6E2F7A69676265655F6170705F6672D3
S214025D70616D65776F726B5F636F6D6D6F6E2E63AD
S214025D8000433A2F55736572732F41657269616CD1
S214025D902F53696D706C696369747953747564699D
S214025DA06F2F53444B732F6765636B6F5F73646B20
S214025DB02F70726F746F636F6C2F7A696762656596
S214025DC02F6170702F6672616D65776F726B2F63CD
S214025DD06F6D6D6F6E2F7A69676265655F61707051
S214025DE05F6672616D65776F726B5F736C65657007
S214025DF02E6300D0D1D2D3D4D5D6D7D8D9DADBDC2D
S214025E00DDDEDF005A6967426565416C6C69616E6A
S214025E106365303900FFFFFFFFFFFFFFFF005A698F
S214025E2067426565416C6C69616E63653039000076
S214025E3001080109020A030B040C050D060E070FE2
S214025E40081001180119021A031B041C051D061E60
S214025E50071F082001210222032304240525062603
S214025E60072708280129022A032B042C052D062EB3
S214025E70072F0830013102380239043A08E004E1FB
S214025E8004E204E802E902EA04F008F1100007005E
S214025E90491001000300491004050000A45E020038
S214025EA00400000000000000F45E0200050000008E
S214025EB040000000000000000A000000305F020000
S214025EC001000000800000000000000000EF00005B
S214025ED03C5F0200010000004000000000000000DD
S214025EE000FC0000485F02000100000040000000C5
S214025EF00000000000002001200000000800000052
S214025F000400422120000000705F020005004221CA
S214025F1020000000915F0200070030012000000010
S214025F2003000000FDFF2102200000000300000025
S214025F30FDFF21026000000002000000FDFF2102BA
S214025F402000000001000000FDFF210228000000E2
S214025F5001000000030049100400491000EF000889
S214025F6000EF010200EF040800FC071800FC081806
S214025F700454757961000000000000000000000073
S214025F80000000000000000000000000000000000A
S214025F90000C5459304130312D54595A53330000B5
S214025FA000000000000000000000000000000000EA
S214025FB000000000000000000000000000000000DA
S214025FC000000000000000000000000000000000CA
S214025FD000000000600900000080000000000000D1
S214025FE0000000433A2F55736572732F416572693C
S214025FF0616C2F53696D706C69636974795374753B
S21402600064696F2F53444B732F6765636B6F5F73BF
S214026010646B2F70726F746F636F6C2F7A6967622E
S21402602065652F737461636B2F736563757269742C
S214026030792F7A69676265652D736563757269740F
S214026040792D6D616E616765722D6E6F2D76617545
S2140260506C742E63000000756A636A6B34366F00D8
S214026060737270747776616B0000000057600200EE
S214026070576002008070000001000000000001016D
S214026080620054757961005459304130312D5459AB
S2140260905A53330054332D31000300008D7A00002A
S2140260A0D57C00006D780000D978000039780000B1
S2140260B075790000B178000000000000545A4C4C7C
S2140260C02D54595A53332D554A434A4B34364F2D85
S2140260D054332D312D43414E44494441544500002A
S2140260E0050000000000000000C2010000050000DC
S2140260F00010000000000000000000000202030082
S214026100000000000000000048010000C01400204B
S2140261100000020800000000FFFFFFFFFFFFFFFF76
S214026120FFFFFFFF0000000000000000000000006C
S2140261300000000000000000000000005241494C30
S21402614000000000A0000000BDAA000050000000F1
S2140261509DAB0000FA04FA000033330A0A0A03046D
S2140261600408080808080840002100000000000093
S2140261700000000000000001000001010001010112
S21402618000000000000000009E07000048700C0E91
S2140261904470980D3070DC123C70DC163870F40DCA
S2140261A034701A0E30706A0F2C706A0F28705411F1
S2140261B024706C112070FE0D1C70F81118706A1293
S2140261C01470FA0DB110076001D80A7108B87F780A
S2140261D0020C7E78641000C6A01F00218CB870786E
S2140261E001B007680F305CB30F330111C048069840
S2140261F046022FB006D80C7109DD087100B853A804
S21402620009BB1110076801682148076004100112D3
S214026210FF322150076051480760008806988613AF
S21402622000C43C1F002103DD087214BA281400A023
S21402623000BA03DF107109DF06720298E8058CB80F
S214026240507800A04413281441158110076002D824
S214026250147110880698F81B00C00C700840069847
S214026260521E009106985C020060B83020D8067173
S21402627090BC637C084D5412F03240DE04724048F3
S21402628004DB08720DDD0C72044BEF3014480698DE
S2140262909E0700C4E0100840441207620132214003
S2140262A0084C287C811140D91C72B1123032CF4A78
S2140262B0013AB1DA107208D8067104D80871B04CE7
S2140262C0237C3E70684C4412FF328722047580B8E5
S2140262D0D84C81D8307140D90472237C084B06987A
S2140262E09E0704BA88B9767900C1186008403579E5
S2140262F0E049007906B904A901D86C72BC4C307C1E
S21402630002982E0208D83C7100C14C0008401411B5
S21402631010D93071104C00C1140008401411181422
S214026320076100C5206008405415FF350471104906
S2140263301814A84C44120762013206710298120120
S214026340B84C08D80C7107BA24D8047106BA18706B
S21402635004D80C7101BA40D80E7102BA0A7005BA96
S21402636020D8047203BA604C4411404C18140761DA
S21402637018149111383111429111076910D904721B
S214026380EF3200C100600840141110310169114259
S2140263902814A111076118140698381E181400C193
S2140263A00060084014110769FF31181400C13C3020
S2140263B00840141118140761181430880248069809
S2140263C04806009308DB047101F800A05CB00F30A9
S2140263D000A01088B111076980D90A7100C1800037
S2140263E008400811009100A000C4000108404410B3
S2140263F000A000C020300E40041104101050F472A9
S21402640000A05415504512710698A807069838073A
S21402641018B8707800B8417806983C0390BA5B7A50
S2140264205C7A5D7A00C218500840241200C14C1FE4
S214026430002128110698021C2088008800C5401FEB
S214026440002154155112FF350762FF320698660284
S2140264500159512904751159009021292075069871
S214026460FA0406982A050698F602009203D80C72D9
S2140264708111076102D90472FF0FBA7018B87278D8
S21402648000F804D842710088308800C0FC1F002142
S214026490041000C14C1F00211412012A215A00C305
S2140264A0185008403413312A1A7500C0006008409C
S2140264B004100730FE200C76381108B87F78020CDC
S2140264C07E780093009000A000C0F41F0021041004
S2140264D000BB1DB400A000C1DC1F002114111088EF
S2140264E0FF3100C5FFFF0000311207620762513A12
S2140264F0513B0E720698140D1159011201131E70AB
S2140265003114008831100698140D1159415C412847
S2140265100698160D513801130090012B0090208822
S214026520076001140760FF30215D411207620762AF
S214026530312D0876FF34415C4128015D3110069802
S214026540160DFF303088011300C0E01F0021041032
S214026550512B0C76076801150768FF356070315BB2
S214026560FF32212B0C75076001150760FF354E7050
S21402657000C5E41F00215415076507655112FF3553
S214026580FF30012B08752110076032702110076852
S214026590FF30012B0A75211007600760207000C2C9
S2140265A0E81F00212412211007600760FF30012B2C
S2140265B0087521100768067021100760FF300093E7
S2140265C0009200C10060084014142C490734FE24CF
S2140265D02A761415F0BC076C513C07680368015410
S2140265E0107100C4FF0FFFFF513C014448113112E5
S2140265F000C5E81F00215415FF35076207622143D4
S214026600544914122155FF355152281100A000DFBB
S2140266100672011314703111312B112B016300C164
S214026620FF070000113B012B00C278FEFFFF05B8F2
S2140266306EBD312A207505B8C8BDE8221875DCBDC6
S21402664006B8DC22107507B8F0220A7508B8E822E8
S214026650047509B800C10060084014122C490732BC
S214026660FE2216760768036800C2FF0FFFFF1414A7
S214026670213C0144481150BD544914122155FF359E
S2140266805152281100A001D82C71008800C0047055
S214026690084004108020FF301A7100C1B01E00218D
S2140266A01411076120D908710698820406700698AC
S2140266B04A03009000A002D8047200A00088069840
S2140266C038071DB428B9112C408800C3EC1F0021DE
S2140266D0341440445A7144130698A805411500C064
S2140266E00060084004100730FD20447500C20870A0
S2140266F0084024100760FF3080DC34710698500D85
S21402670001591C4A241007600260FF300698500D9B
S2140267100158B2200129541331100698500D112841
S2140267200A75042554155045EE720698A80500947D
S214026730009000A07FB9066100C01C600840069861
S2140267408C1304155153113B315558100298861379
S214026750EBBD00C03C1F00210411113D10D912717F
S214026760FF33076B00C190400846381118B9747998
S214026770581000A006985C028024E4240D300472AF
S214026780044800C11C510840141100C3D81E002141
S214026790911504351A72181388BB08D804716C7BDD
S2140267A004D804716A7B8CBB2F7C5B7B1670044B0F
S2140267B0181388BB08D804716F7B04D804716D7BEC
S2140267C0217C0C3001600698240706980A0C06986D
S2140267D0D40700B8B111076940D9067202980807B3
S2140267E001BC00C20060084000DC0A712415016585
S2140267F0604A0A701C4A241507657C4A043508D983
S21402680020712024512A241200C180000840320C34
S2140268102811076228110762281107622811500CF6
S21402682000C1341F0021141200DC347120D8067116
S21402683001B80C70F0DA0C720CDB087102B806981C
S2140268402C07482400C3306108403413076380DBFA
S2140268500E7102B9911308DB047203B906700C4973
S214026860141100C380000840FFB8012011410871CE
S214026870014118130824014200C1200008401411E7
S2140268800141036D514191152035016D5141181397
S2140268902813481300C37C000840341003D80C7138
S2140268A0073005DC0671084B227B8CB8507800B89E
S2140268B000C1341F0021141203682150F030015227
S2140268C0281100A04024066400C0FFFF0100013C1E
S2140268D01DB002200158402806751EAC01EC00A02F
S2140268E0208800C01850084004121DB42113041258
S2140268F03052F871066C402400C3741F0021341015
S21402690014110698800D06690092115921290676FF
S21402691000BB11590698380D80B80158013A066234
S214026920313B0472215A412A00A000C200010840ED
S214026930317A00A0308880B9076900C30000C0FF22
S2140269403110312800BC002D0C7511541EAC01EC20
S214026950312DF470066C51134155312C009300A072
S21402696000C028400E400413315107610C310769FC
S2140269701153381000A00698EC0800C0F41F00213E
S21402698004110698D407217A237A00C30000100067
S2140269900698140800C0541F00211DB1181000A04C
S2140269A000C0501F00211DB1181000C09C1F0021FE
S2140269B00410002D067500B826A80698A80700C081
S2140269C09C1F00210410012C06750698380728B073
S2140269D010B9115911380EB9114028A880B800C153
S2140269E044300840081100C1F01F00211410303B4B
S2140269F006710760076000C4083008404411115051
S214026A00FF30015118146FB8076826A8217A050CC2
S214026A1021102048267800C063EF0000314026A8E7
S214026A20050C20ECB11140D90872247A20EC217AA8
S214026A30184826A828B00AB901510F31115028A8C3
S214026A40050C207A20EC0F0C98B846784178069808
S214026A50660200C2401F002124100151FF3111506E
S214026A60081200A00698EC0800B826A800C0581F16
S214026A7000211DB1181000A030B840780DB101D920
S214026A80FC72427800C074300E4004114CBA407A50
S214026A901810144804115C7A1810A4BB707B4E7B45
S214026AA04F7B00C20430084000A00698EC08217A0A
S214026AB0227A00BB0698140800C0641F00211DB18C
S214026AC01810A4BB00C040300E4004110331014927
S214026AD02872B112076207623048041121510F3141
S214026AE018726E7B6F7B104804114CBA7C7A1810B1
S214026AF014480411607A1810B11002D81071707B15
S214026B0030B8627860780DB001D8FC7100C0F860C9
S214026B100840041101D90C7100C01800084002B9DF
S214026B20181008B86E780EB84EB110D90C723EA87E
S214026B30140C0FB83EA8107044A8140C01B800C17B
S214026B40AC300E40081100C077801F003DB20142F3
S214026B503DAA00C0FFFFFFFC013A3DAA140C00C08C
S214026B6077E01F0001423DAAFFB845207D7808B8AD
S214026B707E7800C12460084014110761063108714E
S214026B8000B90698D21006988C13B11101D90E716D
S214026B9006985E1E02D906720698500C0698861350
S214026BA0511406983807F4B845780A0C00C0601FDE
S214026BB000211DB118100298AC10FFB845205D7870
S214026BC003B8076044A83EA800C1AC300E400811C6
S214026BD010B807683DB101393DA908B86F7800A022
S214026BE046A800C0FFFF0000013B076356AB94BAFD
S214026BF0437A01D91471013C47B300C0FE20FFFF5F
S214026C00013B314447AC637AFFB82120407802D971
S214026C100471607800A0C8BC066C415C512C0675F5
S214026C200698380706982E0EB110076805D83471F4
S214026C3040BA06985C1308B86578911004D81871A3
S214026C4088B86E78577800C06400084021780698A5
S214026C50FA1001400A728CB8427806989813029885
S214026C60E20B08B86C7820B859785B7800C0F4401C
S214026C7008407878797800C1C81F0021141040A80F
S214026C80184914130449408814140C49141181122B
S214026C90076A006A01DA187188B8577800C0CC1FF4
S214026CA000210410016107630763076407640698FE
S214026CB0540A00944EB010D842724DB161B80158D1
S214026CC0113840B102D90A72604804BB41540870B8
S214026CD0204802BB02BC4DA8F8B87078190C3EB129
S214026CE041413EA9F4B973797378717800C4F840CB
S214026CF0084000C200410840227000C200000100A5
S214026D0044AA230C00C200000B0044AA00C410418F
S214026D10084000C21841084004BB587C050C597C48
S214026D200C240F0C2FAB050CB11008D81471647A22
S214026D30657A1CB879787B7820B879787B78607C1D
S214026D40F424411306989E0751144044067506988B
S214026D503807727BFFB84D20050C687840EC00C0FF
S214026D605C1F00211DB11810911004D8147100C0C8
S214026D70B01E0021041080D806711CB8737800F883
S214026D8018B800C1D41E002100C2185008402412B0
S214026D902811777800F800C0B8600840041107612F
S214026DA0076180D9047240EC00C4F84008404EB037
S214026DB010D80471182441130C23527C407B1151C5
S214026DC02FA9050C797C0A0C00C0000001020814E9
S214026DD0787C050C507C08B86D7800A000C028703E
S214026DE008400411108800C10018004018104448DA
S214026DF00411108878480411108800884CBA757AF5
S214026E0018103DB11088F4B84278442072782848A9
S214026E107378F8B873784FB200C4FFFF8080413AA7
S214026E204FAA01BC01644113076300C06C7008409E
S214026E3003B918100110011001B918100110011041
S214026E400110011068480411076101B80160003A98
S214026E500471044904D9047241520760003A04716D
S214026E60084908D9047231520460003B0E7200636E
S214026E700064314241424FAAB2704FAAF8B8537822
S214026E80182053782848527800913DA90090009126
S214026E90181000917848181000914448181000A065
S214026EA0115910D906710760076008D90471076086
S214026EB004D90471036002D90471016001D9047116
S214026EC0006000A000BA01D806710148112A0069C4
S214026ED0006001D8F6720138F67200A08020FF30FA
S214026EE0FF48812000A002EC00CA02EC00C8076A34
S214026EF0014202EC00C8076A014202EC00C8076AB7
S214026F00014200A000C2185008402412115921293B
S214026F10127300210E7100C2305008402412012163
S214026F20212900A00698EC0888B8577800C57C1F6F
S214026F3000215088044D88BC00C0BC1E002181116F
S214026F4001D91E71407C009501157C4D5088044D78
S214026F50FFBB076B315B04110698780D3129F87573
S214026F6006984C1D541506985E1E01D9087206989E
S214026F701E0906700698800988BB547B009500F8A7
S214026F8006982E0A0E7006980A0C06982E0A06987E
S214026F90D8110698D8089112211900C0246008401A
S214026FA00A78097800F810B901BA069852130698BA
S214026FB0AC1000C57C1F002100F89112033288B97C
S214026FC000C3B01E0021341300C4A81008408CB8B9
S214026FD04278707903DE067144786E707179A1107A
S214026FE020D806710298760F80DB507102D84C7258
S214026FF005B830880763076302DB2A7100C3AC005A
S21402700008403413066380DB0472804800C31020F5
S21402701008403413315B047240483128312802603C
S2140270200814076800930814A110103002480814C8
S21402703000B808149110076008148CB86278A11082
S21402704000DC0676517900BA80DB3A7100C0000097
S2140270500200003B307150884110344803DE047150
S2140270609048041508200411F82058101C20217896
S21402707000C0A40008400E7810D904722E78069834
S214027080A2160095911120310269911004D80E7251
S21402709000C1481F0021141101D90A7120880698E0
S2140270A0D210009200C1180008400533054B187232
S2140270B0184C03DE0471904C441400C3FF1F0000FA
S2140270C0413BFF233811B84900C3306108403413EE
S2140270D0076380DB0E7103BA076A06985E0F00BA72
S2140270E00870076A06985E0F044908790979141031
S2140270F02140081100A000BD0698400210B903DC2A
S214027100047100B901BA0698521302D906710040FA
S2140271104E7201B107690F310698FA10FFD828722D
S214027120811008D8187106DD0A710698400203DC41
S2140271300C7206984011069898130C7006DD1071B2
S21402714006984611487020B802A806DD1072069806
S2140271502E0A0698D80801F840B802A800F800C01F
S214027160B01E00210413076301DB22719110011186
S214027170076911388CB910D8087144790298760FCD
S21402718002DBFA72A11328DBF47203BD0698A01084
S21402719006982E0A8CBA7F7A06989E0700C5801F2C
S2140271A000210698400200BA03DC4A72044DA11080
S2140271B002D804710C4D00C0140008400410026886
S2140271C000C3701F00213411112800C1306108402D
S2140271D01411076180D90C71911108D90671FC232C
S2140271E00C4DFC2334110698380D00C10C51084092
S2140271F0069854075415212D00C0F8600840041163
S21402720001D9227100C0381F00210410033001DCAE
S214027210147200C0140008400411FB21087607BA55
S214027220076A212D0698EA0702988A0A91100155E4
S21402723003355150011900A000C1441F002114104B
S21402724001D8427101480760FE200E75811020D8D1
S214027250087100C1481F0021141101D9287100C00D
S214027260246008400412215107610F310769115248
S214027270281000C0006008400411911221512031EC
S2140272801152211900A0811380DB067201B800A0FA
S21402729000C30C5008403410063030727C4B341257
S2140272A02C4B34100760076040302072811080D863
S2140272B0DC713410014A07620360803021508C482A
S2140272C00A717F2355233410013000A000BD0698B2
S2140272D0A01088B847784578437800B8447800A06C
S2140272E006982E0A0698401100C58C1F00215415D8
S2140272F00698EA0702988A0A00C374000840027BCE
S21402730006988C1350BA06985C130698FA10FFD8A3
S2140273104A71911004D84872811007601CD84072D6
S21402732020D938721112FF32215134718021802106
S214027330111400C0E01E00210413FFBA3151113AA5
S214027340215111538CB938107B7940440E7200B922
S21402735000C2B81E00211812067008B86078069897
S214027360861300F800B900C29C1008401812244A7E
S2140273700AB9181288BA507A517A577A8CB9427971
S2140273805F7900A00698400207DC10729110002078
S2140273900A750698D8110298260E0698D80801B9DA
S2140273A0911004D8047100B910BA0698521300BAA4
S2140273B000402A7100C0B01E00210411076101D9E5
S2140273C0127104D9E2728110076001D8DA718CB8A2
S2140273D0647800C11C510840069854070698D811D4
S2140273E000C5901F00215415212D06981E0900C5C0
S2140273F0941F002100F800BC811108D9167280D9AA
S214027400207201B910BA0698521300400E7101BCE0
S2140274101070069840110698981320B802A800F833
S2140274200698D81181110231127100B900C20C10EF
S21402743008401812244A02B918120698401100C5CC
S214027440981F002154150698D61D02988A0A041120
S2140274500121147188BA737A0420041228110420B8
S21402746004110121F47200A006989E0701F89110FB
S21402747010D8347106983C030698FA0406982A0532
S21402748000C51C51084054110698780D00C5D01E40
S214027490002154155129E27518B876788CB84478CC
S2140274A001B802A800F8B110076810D82E7100C003
S2140274B04810084000C3000008403114884C4411AC
S2140274C03411076101D9FA71441228100762281094
S2140274D00762281007622810E8700298760206985B
S2140274E05C0211380472016A00BB00C1E01E002172
S2140274F0141120390C72911210DA0672417B00A028
S21402750006988C1300C2B01E0021241220DA0472E0
S214027510617B88BA527A00A088BA727A811204DA3B
S214027520FC7200A088B86B78577800C064000840E8
S2140275302F7800A00698E6100763076390B9637970
S21402754000B902DB227102EC00C909B801D95072F7
S21402755000C2AC0008400E7A10D904722E7A069841
S214027560A216E031076102EC00CD114502EC00CC18
S21402757001DB087100BB0298001803B841110731FD
S214027580FA211C760621911210DA087102DD1072B9
S2140275901E7020B80698140D3038147208B8069873
S2140275A0240700C0240008402978207800F80460E8
S2140275B020D8067102985A1502EC00CA05B823DADA
S2140275C0187104DBDA7120DAD67110DAD27290B84A
S2140275D0617800B801DA067202EC00C8911110D97F
S2140275E0267100C1C01E002114111150FF300C720A
S2140275F00661A110115002300A7180DB0A720AB8C5
S2140276009E708CB97C790768911111402111C031A6
S2140276101140011990B8411108D90471667820D931
S21402762004726578A11002D80672C0DA1E7190B88C
S214027630273123DD087210DB1072607825DD0A71AF
S21402764021DD087208DB0471627803B84111073144
S2140276500872A1152035AA7102DD3272A11120D955
S214027660A07102D92872CCDA9872411140D992726E
S21402767006B802DB1071046500C110200840141120
S214027680112D112D054D5C720298E8132111404907
S214027690C0D94E71A0314115403501655141036193
S2140276A0076308DA1E7204DA38721049A115023529
S2140276B0067110DB0E7201340A7108DB247190B871
S2140276C06778CC3211101A300ADC0872CCDE0471EC
S2140276D0FD3100C00D0F0C0D0698160D01D8607214
S2140276E007B80298121400BA411108D90C7102ECBC
S2140276F000CA05B830DAEC720734F031026101DAFA
S2140277000471014900C0F300A3E30698160D01D8E0
S214027710D07100C0981440680698160D4030014497
S21402772040DA0471204C04320162204A11100630FD
S2140277300068014218310269114202983014204A48
S21402774000C0051708500698160D11300142208811
S214027750FFBB0DDA507100C1DE1B250180BC04DAC6
S214027760107208DA0A7200C120841000E024A024F5
S21402777007634143016401DA06711E49024B00C0E9
S214027780281F002107633810BC2002DA127101B9E3
S2140277901159A11380DB087100C100FCFF0118100B
S2140277A002988C1700C4B01E0021441080D87C7149
S2140277B00092D0DA06710DDA0C7190BD437DEFBDF2
S2140277C00698C60503620DDA8672A11105D95C71A8
S2140277D000C23810084024120C24281401D906725C
S2140277E002D9327140D91E7102EC00CA2110183239
S2140277F00471FA2220D804720822FE22087502ECCE
S21402780000C8F87001D90E7102EC00C802D90672DF
S21402781004DC187200C0B01E00210410026801D8F1
S214027820067190B8647818B873780298001800C584
S2140278300020084000C00417000008D904720A4855
S2140278400815104D00B808D90472FF200815084D17
S21402785000C00884000008D9087200C02083B8ED72
S2140278600815104D207D00A000B8011A00C0740053
S2140278700840027891101030011905BA06985C1378
S21402788002D9067101B802A800C0B01E0021041376
S21402789080DB06710298A81340DB06710298401935
S2140278A08CBA7C7A01DB6C7100C22C1F0021241179
S2140278B01114FF3402EC00C8FF24FA76076106981A
S2140278C0240D036111380F300361111401114110A8
S2140278D00698240D01D8087203B8029812141C4A9E
S2140278E002DB2471241011281128041202300671BA
S2140278F00762076200C0FFFF0000213800C21800BE
S2140279000840FF200812411007600698240D01D88F
S2140279107C7120BC1033767100BB00C1281F002189
S2140279201415C021112C5112076A0F320E714088AD
S2140279305114069856184143009451120765036A7B
S2140279400F320E714111511406985618036C4143BA
S2140279500765513B00C1E41E0021141111123110BB
S2140279600F30127100BA046101D80471114200602E
S2140279700FD8F472311002601E30047201B8003A59
S214027980087204B8029812140298181600C13061E0
S21402799008401411076180D91A7102EC1DB002EC7E
S2140279A01DB101581128A0B91159112806758CBAB3
S2140279B0637A00C0341F002104110F3103DD1A72EE
S2140279C000C000600840041007D80E7200C01040C5
S2140279D0084004B9181000F80698E6100698C40580
S2140279E000F830885088FF34087102ECFF24F870E3
S2140279F002EC00CD141001BB5150FFD80471314483
S214027A000760006B10DBF2710421FF22E4720F4C58
S214027A100095009300A000C018600840041005609E
S214027A20073000A00CB802983C1902EC00CAFFBC52
S214027A3080BD06988A180448187202EC00C92115FF
S214027A40F03500650F32076A114200C4FF0F0000CE
S214027A5000C1C01E0021141031110113413B02EC7B
S214027A6010D90871211400CA2C7030520671405287
S214027A70B472211407600760FF3055DC187100CA23
S214027A80005212710ADE0E714ADE0A7155DE067166
S214027A903052927200C1C41E002110880698381E09
S214027AA00731114507650765414500C30C7008405C
S214027AB034130763FF3307633145009158110849B1
S214027AC0281118B875780BB8029812140763076362
S214027AD002EC00CA02DB127155DE067202989E188C
S214027AE054DE067202989E1801DB127106985E0D2D
S214027AF006985A0D02EC00CA0298001800C1BC1E75
S214027B00002114147C4906985E0D40522E7204DB46
S214027B10E07190B8637806988A1804486E7200BAC4
S214027B2006985E0D2113141000C1FF0F0000113AD3
S214027B30105254710152113A067104B88C7000BA90
S214027B4006985E0D2111FF3207611114911010D8AC
S214027B502271073103DD1C7200C1C81E00211411F8
S214027B60FF31115206710AB8D4708CB97C7902982A
S214027B7000184110813081DC0E72076A034A076AD8
S214027B800F4A06981A1B029800181410FFBC013CF4
S214027B900698C01B02EC00CA02EC00C902EC00CB3D
S214027BA0076A3142076A21410F3302EC00CD02EC2C
S214027BB000CA00400872211302EC00CA0762114292
S214027BC0911110D92A7121110F3103DD227200C1E1
S214027BD0C81E00211411FF31076A00230C711153CD
S214027BE008710AB80298B0198CB97C791470211100
S214027BF00F31076A02DD5A7101DD067103DD4A7232
S214027C0000880AB90698041B00902111FF32FFDE95
S214027C10387120543872FC25187202EC00CA01DE54
S214027C20107202EC00CA18DE087288B877781A70EA
S214027C30066100400472006180D90E714CBA477A20
S214027C4006985C1B90B843780298001804B89670A1
S214027C50FF32FF24F8750BB90698041B2110E0309A
S214027C6001584128E875F83002601F32215A012572
S214027C70212DDA75012AD67602EC00CAFF20FA76A2
S214027C804111073101B80698140D003AC071BA7056
S214027C90004008710698941B0470022106B8115918
S214027CA0112DAC7500A000C5A81008403110036065
S214027CB0081501110760076007690F30F03111409F
S214027CC00815076303633815281507622815076227
S214027CD028157FBA281500BA28157FBA281590B835
S214027CE0437818B8737800A00698D01B11140CB904
S214027CF000400A7100640AB90698941B03BD5144F9
S214027D0000C5A8100840202A0475281548150764DF
S214027D10481518150040047238150764481500A067
S214027D200088408800C0C81E002104100760073083
S214027D3000C4200008404414412C04720124413837
S214027D404050047201210094009000A000C0C81E9A
S214027D500021041007600730074800A000C2C01EBA
S214027D60002124122114076AFF320CDE12710DDE86
S214027D700E710FDE0A7110DE0671215A00A0FF3462
S214027D80411200A000C1B41E0021141100A03088C8
S214027D9006980E1E8111076102D906720298EA1C25
S214027DA088BB557B076120D906710298DA1C0088C9
S214027DB0A11007680698F81B08211415FC2590BB2D
S214027DC05C7B5D7B00C10060084014110731FE2118
S214027DD0307608D82A725113FC23341304DB207140
S214027DE0076BFF33315B00C108700840141107614E
S214027DF080490C71FF313029607590BB7B7B1C700B
S214027E007B7B7C7B00DD04717D7B01BB3815811397
S214027E10076B4033067118BB717BEC25541300DFE9
S214027E205471042505DF54715415211120880698D3
S214027E30780D009251293E7500C100600840141169
S214027E4002DB0C710731315B31292A760C7004DFB4
S214027E500872006180D91E720698F81B00C008706E
S214027E6008400698521E0698F81B1411FFD9607235
S214027E700298301D0090009300A05415A1110769C6
S214027E8010D9A672082508D8A071082510D89A71AC
S214027E90208821110698780DFC255412112AF825FF
S214027EA054110C2520D80871F025541110252029CC
S214027EB0047621591815009202989C1C18B97179FB
S214027EC0811010D80A7188B8447800B8417888B909
S214027ED0747908B9677900F88110A0D8087188B952
S214027EE0497900A0076002D8FA710698F81B108834
S214027EF006988C130762076210DA087108211415B7
S214027F00F025541100C20020FEFF202912750698A3
S214027F105E1E01D90A7206982E0A0698D8080094A0
S214027F201CBB41100C200698C212411108211410E5
S214027F300698C2123128441111120761FF31FF322E
S214027F4001221052107207691814042444130424E0
S214027F5038140C7007692141181408240814029872
S214027F6086134044147100C1B81E00211415511323
S214027F70036B0FDB0C72066D0698A807411500A06E
S214027F800698D80806988C1308BB51140698961DB6
S214027F904415FC2554150298EA0788B900C3B01E9A
S214027FA000213413076308DB1A718113A0DB067104
S214027FB0497910706979076302DB087208B9677934
S214027FC000F800A08111076102D9107188B975798D
S214027FD00698F81B1411FF3100A0FFB900A0041088
S214027FE008211411F421081100A08111076107610C
S214027FF010310E710698F81B08211411F82114117D
S21402800000A00000EDE80000A5E80000B1E80000CE
S21402801085E90000CD2A0200852E0200892E020084
S214028020952E02008D2E0200912E02003080020054
S214028030F0800200000000004880020001000000FC
S2140280400000000000F049026C8002004063598F75
S214028050404B4C000B000B001A00FF7F7C110020E7
S214028060000000000000000000000000F81F0101F0
S214028070BC820200DC1F04010200620609C8056E0B
S2140280800704DC0650070607F41F01010100000082
S214028090FC1F0101000000002060010023700000A8
S2140280A02C6002000050010F40B8004078600100CA
S2140280B05063820BE8600100590B00001470011037
S2140280C000F8070014700130F50000001870011067
S2140280D0FF000000187001300018000070700300E6
S2140280E0030101000F9C030006E04900FFFFFFFFAB
S2140280F0F01F01013F003700040002000180140057
S2140281007F000000180002000000000000000000CF
S2140281102800070000000000000000000000000029
S214028120000000000000000000000000A0070000A1
S2140281304800010000000000540002000000000099
S21402814000000000A000040000400000FF4C0000F9
S21402815000410000FF4D000000200100040700005F
S2140281601020010000000000182001000884000012
S2140281700830010013AC0001303002002449100020
S214028180010000004030010000000000A040010095
S2140281907A27000FB840010000C0A300F440010097
S2140281A0201000003441020080080000E68700002C
S2140281B0404102006D008800C0E6524D6041040056
S2140281C0000000000000000006000000060000009C
S2140281D0146003001000000020F913040B00720064
S2140281E024600200008000000000000350600600C9
S2140281F0FC0069004108000001000000B00707000B
S214028200700A0000000000007C600B009BC34A74EA
S214028210F003000003800000BE0A000001011030D7
S21402822050707F7F00000000000000000000000089
S2140282300000000000000000E46001008000D78B10
S214028240EC600500640483078813C83A9C20060085
S21402825000612000B756852004610300383E1200F4
S2140282602030000088BB000020610100001E0000D4
S21402827030610800E853FA00000000000000000029
S21402828000000000000000000000000000000000E7
S214028290010000001C70050060000505030050ABDD
S2140282A08200000000008001D50000004870020035
S2140282B03C3D0000BC190000FFFFFFFF100000005D
S2140282C0D754030000000000148302000C8302004F
S2140282D000000000001A9A00005A620280841E0003
S2140282E004200000244900020000000000000000F4
S2140282F0000000000000000000000000D1841E0004
S214028300000000000000000000000000ED17000062
S21402831000000000193F01060410010000010106DA
S21402832000102700000900000000000000006C6F2B
S2140283307765722D6D61632D7261696C2D383032EE
S2140283402E31352E342E63006C69627261696C2E92
S214028350610000010304756E636C61696D656400FB
S2140283606275666665722D6D616E6167656D656EB6
S214028370742E63006C65676163792D7061636B654B
S214028380742D6275666665722E63006576656E7418
S2140283902D71756575652E630000070010000800D4
S2140283A01A00060011000200110004000400010079
S2140283B00400090008000A000A000B000200000080
S2140283C0000000008B8502004585020000000000C8
S2140283D08C8502005560020000000000DD5F02008E
S2140283E0DF5F020000000000E15F02001D85020060
S2140283F09185020056600200DE5F02000000000067
S214028400E25F020018840200DA5F0200DC5F02000C
S214028410E05F0200DB5F0200000203040508090AAF
S2140284200B0001020304051D20000000894F020014
S214028430FD1D010011490100C1DF0100214C0100B0
S214028440C1390200C3390200C7390200C939020025
S214028450C53902005DAA0100D184010071C5010080
S214028460B91B0100793B0100BB3902006D87010090
S214028470BD39020061320100BF3902000B12020050
S21402848001DA0100B3F10100000000007A696762B8
S21402849065652D75707065722D6D61632E63006E55
S2140284A065696768626F722E63006173736F6369D2
S2140284B06174696F6E2E63000013000000000000F6
S2140284C00000000001000000E98A0100020000002E
S2140284D0E149020003000000418A01000400000096
S2140284E05B49020005000000E1890100000000006F
S2140284F0000000000023001B2200FF000000000016
S2140285000C090202000000001C1A0B0303FF0608F7
S2140285100402020204020A0B030302030480FF029F
S21402852004FF010101010800000000000000003104
S21402853038323173005A6967426565416C6C69610D
S2140285406E63653039803131313100313432323147
S21402855000313231003132003273003238310038A5
S214028560313100313832313100313231313132314C
S21402857032323231730031323200313231313232FC
S214028580310032323800008F8E8C80808006080CD4
S21402859010806D61632D6D756C74692D6E657477D0
S2140285A06F726B2E6300FFFFFFFFFFFFFFFFFFFFF1
S20C0285B0707DFD7F0100000052
S2100285B8C485020098100020F2000000AB
S2140285C4C0EA2101C0EA21010080000000F049024D
S2140285D4AC1000200070070000900000B0160020C7
S2140285E4C8000000FE00000000000000B0560200B2
S2140285F460140020C0EA2101BC58020033000000C7
S2140286041D4400000030E70400C81803005C260579
S21402861419FCFFFF19FCFFFFD0070000F81000202A
S21402862400000000F033002058340020C03400203C
S214028634000000000000000000000000000000002F
S214028644000000000000000000000000000000001F
S214028654000000000000000000000000000000000F
S2140286640000000000000000000000008725020051
S21402867404610200FFFFFFFF4528020041280200B2
S214028684FFFFFFFFF5BE0000FFFFFFFFFFFFFFFF38
S214028694FFFFFFFFFFFFFFFFFFFFFFFFFF290200B1
S2140286A4752E0200FFFFFFFF0000000064000000BA
S2140286B420A1070000000000DD0601000000000003
S2140286C4D54000200000000098390020590401001B
S2140286D40D3001004A850200000000000000000080
S2140286E400000000000000009839002091110100EB
S2140286F4000000004A85020000000000000000009E
S21402870400000000000000005F34020098390020D8
S214028714211C01000D3001004A8502000000000001
S214028724000000000000000000000000983900204D
S214028734092501000D3001004A85020000000000F0
S2140287440000000000000000000000005683020043
S2140287549839002069400100000000004A850200A2
S21402876400000000000000000000000000000000FE
S21402877498390020C5470100000000004A8502001F
S21402878400000000000000000000000000000000DE
S2140287949839002021570100000000004A85020093
S2140287A400000000000000000000000000000000BE
S2140287B4B80B000098390020015B0100000000009D
S2140287C44A850200000000000000000000000000CD
S2140287D40000000098390020216401000000000017
S2140287E44A850200000000000000000000000000AD
S2140287F400000000983900206165010000000000B6
S2140288044A8502000000000000000000000000008C
S21402881400000000983900209F3F0200000000007C
S2140288244A8502000000000000000000000000006C
S21402883400000000983900207D6801000000000056
S2140288444A8502000000000000000000000000004C
S2140288540000000098390020DD6C010000000000D2
S2140288644A8502000000000000000000000000002C
S2140288740000000098390020054C020000000000A9
S2140288844A8502000000000000000000000000000C
S214028894000000009839002021C5010000000000F5
S2140288A44A850200000000000000000000000000EC
S2140288B400000000983900204DE00100000000008E
S2140288C44A850200000000000000000000000000CC
S2140288D400000000FFFFCEFAEFBE2C01001E001EB1
S2140288E42C014006FFFFFFFFFFFF0E000000000002
S2140288F404F8FFFFFDFF9C000000FDFFFFFFFFFFE3
S21402890460EA8000800010C1CDAB00004000010187
S21402891401FFFF02FF0F0208031E050216010A0CDE
S214028924050A07051001010F0801010104EEEEEE27
S214028934EE01FFEEEEFFFF0301FF0EFE01FF7F01D5
S21402894450403000FFFFFF0B03FF64FF01FF050BDF
S21402895401030105020201FFFFFFFFFFFFFFFF0104
S2140289640102FFFFFF00000030BF4223013BFDD19E
S214028974024A5368DB00FCD4704700BF00300E4046
S20C028984FD020000D50200000E
S8040003E90F
