:1000000000100020E9030000BD2C0000C12C0000FE
:100010000DE70100C52C0000CD2C00000DE701000C
:100020000DE701000DE701000DE701000DE70100FC
:10003000D12C0000405602000DE701000DE7010041
:100040000DE70100DB2902000DE701000DE70100CB
:1000500005D80000EB290200E729020011E00000AA
:10006000DF2902000DE701000DE701000DE70100A7
:10007000397D00000DE701000DE701000DE70100EB
:100080000DE701000DE70100F57C00000DE7010020
:100090000DE701000DE701000DE701000DE701008C
:1000A0000DE701000DE701000DE701000DE701007C
:1000B00045E00000E329020075010100213D000038
:1000C00081E000000DE70100410001000DE70100A3
:1000D0000DE701000DE701000DE701000DE701004C
:1000E0000DE701000DE701000DE701000DE701003C
:1000F0000DE701000DE701000DE701000000000021
:1001000070B58EB02C22002103A821F055FD642388
:100110004FF00232CDE9052308930B238DF83430DC
:10012000514B1B880121D8078DF8101000F19680E3
:10013000084610F031F84D4B4D494E484E4C0A22BE
:100140001A704FF42873ADF812300FF03FFC2060A6
:1001500020B94A484FF417711EF0A6FE2068052109
:1001600022F02AFA20B145484FF41B711EF09CFE84
:10017000206808F093FA424B2068196822F0C5FA0B
:1001800010F0DAFE0C256843099010F0D5FE6843A4
:1001900007900DEB050120680AF022FC20B13748DA
:1001A00040F281211EF080FE36492068002222F0B4
:1001B00032FB20B1314840F283211EF075FE324EF1
:1001C000324D96F9000040F203532B807F284FF008
:1001D0000503AB7001D110F03DF93378EB7010F0EE
:1001E000ABFE00EB80008000A88010F0A5FE00238D
:1001F000C000E880AB604FF0FF3019A3D3E90023C3
:100200004FF0FF3110F084F92149206822F0AFFE51
:10021000206802A922F0DEFA20B118484FF42F71AD
:100220001EF042FE042220680DEB020122F05BFA70
:10023000042804D0114840F2BF211EF035FE01A968
:10024000012022F0D7FF02F07DFD012011F004F91A
:100250001EF021FC11F02AF910F022F80EB070BD4A
:100260000A0020FF42030000AE3D0020D9400020DC
:10027000C101010090110020303800200E830200DF
:10028000D0100020E7400020161400202438002061
:10029000610301000348044B834202D0034B03B1C6
:1002A0001847704760140020601400200000000010
:1002B0000548064B1B1AD90F01EBA301491002D0C8
:1002C000034B03B1184770476014002060140020EE
:1002D0000000000010B5064C237843B9FFF7DAFFA1
:1002E000044B13B10448AFF300800123237010BD09
:1002F000203E0020000000009085020008B5054B5C
:100300001BB105490548AFF30080BDE80840FFF781
:10031000CFBF00BF000000009816002090850200AB
:10032000A3F5803A704700BF174B002B08BF134B53
:100330009D46FFF7F5FF00218B460F461348144AF0
:10034000121A21F039FC0E4B002B00D098470D4BB0
:10035000002B00D098470020002104000D000D481C
:10036000002802D00C48AFF3008008F03FFB2000CB
:10037000290021F0EBFB08F013FB00BF0000080090
:1003800000000000000000000010002060140020A9
:100390003041002000000000000000000F4BD3F8A7
:1003A0002838A3F17E62A2F58432B2F5605F10B501
:1003B00011D219680A4A91420DD10A4C227812F0E2
:1003C000FD0F01D0002010BDDB6998470028FAD14D
:1003D00001232370F6E74FF48170F4E70000E10F8A
:1003E00007B0CD5E213E002008B500F083F8124B27
:1003F00012498B4212D3124B124900208B4218D360
:10040000FFF792FF186850F82240586840F82240E1
:10041000013298688242F5D30C33EAE70022F8E70C
:100420001C6844F8220001325C68A242F8D3083309
:10043000E4E70022F8E700BF98850200A4850200E7
:10044000A4850200A48502000048704700F049021C
:10045000104AD2F8943003F00703023B032B13D861
:10046000DFE803F00C14020E0B4B1B68D2F80001FE
:10047000C0F304200130B3FBF0F07047074BF4E702
:10048000074B1B685B08F1E7054BEEE74FF40043B1
:10049000ECE700BF00400E40A0100020A410002098
:1004A0009810002008B5FFF7D3FF054BD3F80831AB
:1004B000C3F308230133B0FBF3F0024B186008BD0F
:1004C00000400E409C100020014B1868704700BF90
:1004D000A4100020054B1860054BD3F8943003F0AE
:1004E0000703022B01D1FFF7DDBF7047A4100020E6
:1004F00000400E40044B054A9A60D3F8882042F42D
:100500007002C3F88820704700ED00E00000000092
:10051000014B1868704700BFA0100020024B1968FB
:10052000024B186809F0F2BBA8100020C810002088
:1005300070B59400224605460E461EF05FFA431C35
:100540000AD058B922463146284621F00BFB002834
:10055000034808BF002070BD0248FCE70248FAE7E4
:1005600010E000F021E000F024E000F010B50446B7
:1005700001F000FA431C10D088B901F0D9FA20F03C
:10058000030023462044984201D1002010BD53F8B7
:10059000042B0132F7D00348F8E70348F6E7034895
:1005A000F4E700BF0EE000F021E000F024E000F0EE
:1005B00008B51EF0E8F8014B186008BDA01D00202A
:1005C000014B18681EF0E3B8A01D00200C4B9842A8
:1005D00005D90C4B984210D80122012301E00022DA
:1005E000134609490B640949D1F8003123F080739F
:1005F00043EA0263C1F8003170470222EDE700BF11
:100600000048E8010090D0030000C84300400E40BD
:100610000F4B5B680F4B30B500221C46C9B21D79E9
:100620008D4202D11D6885420DD20132052A03F1A7
:100630000803F4D10321064A536823F0407343EAC8
:100640000163536030BD04EBC2046179F3E700BF7E
:1006500000000E40B456020038B5074C41F6713325
:10066000256C2364FFF7F0FEADB20021FFF7D0FF49
:100670000DB10023236438BD00000E40044BDB6B3A
:100680005B0604D4034AD2F8C830002BFBD1704774
:1006900000300E400000C64308B5FFF7EFFF024BE5
:1006A0005868C0F3014008BD00300E40044BD3F839
:1006B0004421D20703D4D3F840211042FBD1704724
:1006C00000400E4038B5064C256C41F6713323646A
:1006D000ADB2FFF79DFF0DB10023236438BD00BF0D
:1006E00000000E4038B5C0F30323013B092B11D89D
:1006F000DFE803F0052710102B221D101511154DF2
:10070000C0F3043405F1424505F5801504EBC5003E
:100710008000016038BD104DC0F30434F2E70F4D86
:10072000C0F304344FF48030FFF7C0FFEAE7C0F3B2
:1007300004340B4D1020F7E7C0F30434094D0120B9
:10074000F2E7094DC0F30434DCE7084DC0F304348C
:10075000D8E700BF00400E4050410E40F0400E4030
:10076000E8400E40E0400E40C0400E40B0400E4019
:10077000C0F30313013B092B2AD8DFE803F0050B74
:100780000F1929291F23374B274BD3F80001C0F33A
:1007900004207047244BD3F81401F8E7224BD3F818
:1007A0000031C3F3006301330120984001387047E2
:1007B0001D4BD3F80C01C0F3082070471A4BD3F837
:1007C0000801F8E7194B984204D0194B984207D01A
:1007D00000207047144BD3F8203103F00F03E3E7F8
:1007E000114BD3F82031C3F30113DDE7114B9842CD
:1007F0000CD003F5B01303F580539842E8D10A4BAF
:10080000D3F82831C3F301230433CDE7064BD3F8E3
:100810002831E8E7084B9842DAD1034BD3F830018E
:1008200000F00300704700BF00400E408006160035
:1008300080162E0090171A00A009140000F00F0077
:100840000138072852D8DFE800F004152251313969
:1008500051412C4BD3F8943003F00703023B052B96
:1008600006D8DFE803F04B29410305450B2070470C
:1008700005207047234BD3F8803003F00703013B7A
:10088000042B17D8DFE803F01830163638001D4B5C
:10089000D3F8843003F00703013B042B0AD8DFE8C8
:1008A00003F00B2303292B0006207047154BD3F8C8
:1008B0008830E2E70120704703207047114B1B6F1F
:1008C00013F0010F0CBF0720092070470D4BD3F820
:1008D0005C3103F03003202B10D0302B10D0102BC4
:1008E0000CBF07200120704702207047002070478E
:1008F0000C2070470A2070470D2070470420704775
:100900000820704700400E4008B50146FFF796FFEB
:100910001A4B994212D01A4B994213D0194B994253
:1009200004D1194BD3F8800000F0070001380428E7
:1009300022D8DFE800F00B0F17130B00124BD3F88F
:100940008400F1E7104BD3F88800EDE7BDE80840DC
:100950001DF0DDBEBDE80840FFF7DABDBDE8084088
:100960001DF0D8BEFFF774FD074BD3F80031C3F379
:1009700000630133D84008BD0020FCE703002000DD
:100980000500240002001E0000400E4000F4781311
:10099000B3F5B01F10B5044674D025D8B3F5402F79
:1009A0005ED010D8B3F5802F49D005D83BB1B3F550
:1009B000003F4FD0002010BDB3F5202FFAD1BDE885
:1009C0001040FFF745BDB3F5801F00F08480B3F5FC
:1009D000A01F4DD0B3F5602FECD14A48FFF72EFF92
:1009E000072878D00928E9E7B3F5381F53D013D882
:1009F000B3F5001F58D00AD8B3F5D01F56D0B3F5C1
:100A0000F01FD7D14048BDE81040FFF77DBFB3F5D8
:100A1000101FCFD13D48F6E7B3F5481F4DD0B3F5D1
:100A2000781F65D0B3F5401FC4D13948FFF76CFF7C
:100A3000384BD3F82831C3F30123043320E0FFF708
:100A400007FD344BD3F80C31C3F308230133B0FB5B
:100A5000F3F0B0E7FFF7FCFC2E4BD3F80831F3E7D7
:100A6000FFF7F6FC2B4BD3F81431C3F30423EDE767
:100A70002648FFF749FF274BD3F8303103F0030333
:100A8000D84098E72048FFF73FFF224BD3F82031AA
:100A900003F00F03F4E71C48FFF736FF1D4BD3F8B4
:100AA0002031C3F30113EBE71948ACE71848FFF70F
:100AB0002BFF184BD3F82831F3E71748FFF7BEFE9A
:100AC000072808D0082809D004287FF473AFBDE8B0
:100AD0001040FFF7F9BC114B18686CE7FFF7B8FC42
:100AE0000C4BD3F80031C3F3042303FB000062E78F
:100AF000FFF7AEFC014620461DF040FEB1FBF0F0D2
:100B000059E700BF06000E0002001E000500240089
:100B10000300200000400E40B8003200CC1000203E
:100B200010B5FFF799FD094B07225A67FFF790FCB4
:100B3000FFF74CFDFFF7B6FC0446FFF7ADFD01469D
:100B40002046BDE81040FFF7BDBD00BF00400E408D
:100B5000014B1880704700BFAC13002010B504286B
:100B600013D8DFE800F047032F132100294AC1F30F
:100B70000801D2F86838002BFBD1274A136A23F406
:100B8000FF7323F001030B43136210BD214A01F0F0
:100B90007F01D2F86038002BFBD11F4A136923F084
:100BA0007F030B431361F0E71A4A01F07F01D2F88B
:100BB0006438002BFBD1184A936923F07F030B4361
:100BC0009361E2E7144AD2F89030536A23F030037D
:100BD00043F010035362146B104BC1F3C310033086
:100BE0000F2803EA040328BF0F200B4343EA0073D6
:100BF0001363CAE74F29074A28BF4F21D2F8743838
:100C0000002BFBD1044A936B23F07F030B439363C8
:100C1000BBE700BF0020C84300400E4000F8FF0FB4
:100C2000104A536A13F0300F18D0202913D03029FE
:100C300014D000290C4B08BF4FF44003D2F8901099
:100C400033EA0101FAD15B0246BFD2F8A000C0F33B
:100C50008020012070474FF40003EFE74FF440037A
:100C6000ECE700BF00400E40FFF3E17F02280AD10D
:100C700029B1064B4FF48060C3F8A800596612B141
:100C80000220FFF7CDBF0120704700BF00400E409B
:100C9000F7B507460C461546072800F28680DFE8C0
:100CA00000F029303C413684840401A800F022FF82
:100CB0009DF80530012B03D89DF80430022B18D97C
:100CC000002C74D14FF400410E240F234748012219
:100CD0000166A240D0F890101142FBD1002D64D0E3
:100CE0000122424902FA03F3D1F890201A42FBD1C3
:100CF0005BE0FEE7002960D14FF40071082409236E
:100D0000E4E700295ED1802106240723DEE70029DD
:100D10005CD1202104240523D8E741B9082102240D
:100D20000323D3E7002955D102210123CEE72F4A1F
:100D3000536A13F0300F51D12D4BDB6B536ADB0735
:100D400041BF536A23F0300343F01003536204267B
:100D500002230321254A1666264A13449B0018687D
:100D60000028FCD00DB311448D002B68002BFCD063
:100D7000022F1AD1CCB11D4C616A11F0010131D0A2
:100D8000012220213846FFF771FFD4F89C70012220
:100D900000210220FFF77CFFC7F30A010220FFF7C2
:100DA000DDFE26662B68002BFCD003B0F0BD4FF4AF
:100DB00080460E230F210024CCE74FF480760823D1
:100DC0000921F8E7402606230721F4E7102604232B
:100DD0000521F0E7012600233146ECE70426022333
:100DE0000321E8E73846FFF71BFFCEE700400E403F
:100DF00000300E408004F21010B50246B8B901224E
:100E00001146FFF745FFFFF727FC0F4B04225A67F7
:100E1000FFF71EFBFFF7DAFBFFF744FB0446FFF783
:100E20003BFC01462046BDE81040FFF74BBC0128C3
:100E300007D10146FFF72CFFFFF70EFC024B032200
:100E4000E5E7FFF709FCE3E700400E4038B5FFF7A0
:100E50003BFB0021044600F087FA1248FFF7B6FB7F
:100E6000012211460220FFF713FFFFF7F5FB0CB13B
:100E7000FFF704FC0C4B02225A67FFF7E9FAFFF771
:100E8000A5FBFFF70FFB0546FFF706FC01462846CA
:100E9000FFF718FC2CB920460121BDE8384000F0CE
:100EA00063BA38BD0148E80100400E40012210B588
:100EB00011460320FFF7ECFEFFF7CEFB084B05229F
:100EC0005A67FFF7C5FAFFF781FBFFF7EBFA044615
:100ED000FFF7E2FB01462046BDE81040FFF7F2BBFA
:100EE00000400E4010B504461120FFF7A7FC00217A
:100EF00001220220FFF7CCFE184A217C536A23F01E
:100F00000103022908BF43F001035362144B217807
:100F1000C3F8A014637AA18843EAC123D362136B98
:100F2000A07A217A03F07F630343E08843EAC02379
:100F300043EAC11303310F2928BF0F2143EA01738C
:100F40001363A37B617B1B0143EA0133E17B0B430A
:100F5000217B43EA0143536310BD00BF00400E40B4
:100F60000000C843034B5868C0F30800003818BF9E
:100F70000120704700ED00E0034BD86B80F040008B
:100F8000C0F38010704700BF00300E4042EA0322D9
:100F9000B2F5007F10B5194C29D00AD8B2F5807F80
:100FA00022D040F201139A4215D062B9D4F81C3213
:100FB0000BE0B2F5407F1DD040F201339A4210D0D1
:100FC000D4F8283201E0D4F82432C3F30722DBB28C
:100FD00003600A6010BDD4F824321A0EC3F307432D
:100FE000F6E7D4F82832F8E7D4F81C32F5E7D4F85D
:100FF0002032EAE7D4F82032EFE700BF0081E00FAB
:1010000008B5FFF7B9FF20B1024AD2F8C830002B6B
:10101000FBD108BD0000C64308B5FFF7ADFF80B1A6
:10102000FFF7EEFF074B19685A68C1F30121C2F3BD
:10103000014291421A688CBF42F0100222F0100265
:101040001A6008BD00300E40064B1B68DB0608D551
:10105000054B1B69C3F30443082B02BF034B044A2F
:101060001A60704700300E4000400E40981000207B
:10107000C0EA210170B5FFF77FFF38B12D4B1A7818
:101080001023C2F1020293402B4A13612B492C4DCD
:10109000D1F8804145F60E03C1F880312B6823F06A
:1010A000AA03DB05DB0D0B66FFF7AAFF224B1B68CB
:1010B000D80604F0010415D5D1F84031DA01FBD48B
:1010C000204B1B680B61204B1B78052B0AD11F4B53
:1010D0001E68FFF795FF184B59683046C1F3014170
:1010E000FFF7F0FA184B1B78023B0A2B0AD8DFE80F
:1010F00003F00615170909090909091A1D0000203E
:10110000FFF77AFE2B68DB075EBF0C4B02221A66E4
:101110001CB10A4B0022C3F8802170BD0120EFE70B
:10112000FFF794FEEEE7FFF7C1FEEBE7FFF7F8FCF1
:10113000E8E700BF223E002000300E4000400E4095
:10114000A81D0020A41D0020233E00209810002090
:1011500010B50B4C0B4BD4F890201A601120FFF700
:101160006DFB094B1870FFF74BFF084B084A5B6893
:10117000C3F301431370074B22691A6010BD00BF0F
:1011800000400E40A81D0020233E002000300E40ED
:10119000223E0020A41D0020064942780B6823F45B
:1011A000407343EA0223022A0B6004BF024B5B6ACE
:1011B000704700BF00300E4000400E4010B504469E
:1011C00008B1FFF7C5FFFFF727FF144A136943F083
:1011D000040313611DF0FCFB1DF0FBFB104B114AD7
:1011E000C3F8242403F559231B68DB060ED51DF034
:1011F000CAFA24F011FA1DF0CAFA1DF0EBFB02F056
:10120000EFF82CB1BDE81040FFF734BF30BFF4E772
:10121000FFF71AFFBDE81040FFF744B900ED00E00A
:1012200000A000400000FFFF10B5044608B1FFF722
:101230008FFFFFF7F1FE1A4BD3F8802145F60E0120
:10124000D207C3F8801148BF00224FF420711966FD
:1012500048BFC3F88021134A136943F004031361A4
:10126000114B124AC3F824241DF0B2FB104B1B682B
:10127000DB060CD51DF087FA24F0CEF91DF087FAB5
:1012800002F0AEF82CB1BDE81040FFF7F3BE30BF5E
:10129000F6E7FFF7D9FEBDE81040FFF703B900BF3E
:1012A00000400E4000ED00E000A000400000FFFF05
:1012B00000300E400E4A0379916921F03F010B4343
:1012C000017843EA8103417843EA4103817843EAA4
:1012D000C103C178012908BF43F00103936113687A
:1012E000417923F4403343EA01431360704700BF60
:1012F00000300E402DE9F04104460D46FFF73CFE5C
:1013000060B3DFF86080FFF77BFED8F80430C3F3EA
:1013100001439C4222D0124BD3F80031FFF798F8DA
:10132000022C07464FF0100609D12146FFF7CAF9F3
:10133000C8F8106095B1BDE8F041FFF761BEC4F197
:1013400002039E40C8F810600DB1FFF759FE2CB99A
:1013500021463846BDE8F041FFF7B4B9BDE8F08159
:1013600000400E4000300E4038B505460C46FFF7F1
:1013700003FEB8B145B90C4BD3F80051FFF768F83C
:10138000C5F3042505FB0005084B1B7821463BB13E
:10139000074B9D4204D80220BDE83840FFF7AABFA2
:1013A0000020F9E738BD00BF00400E40243E002079
:1013B000002D3101034B02781A7001210020FFF744
:1013C000D3BF00BF243E0020174B4AF6E85210B5A9
:1013D000596B5A639A6FD407FCD41B6C13F0030348
:1013E00006D0124A01249842C2F8B44A05D110BD71
:1013F00018B90E4BC3F8B40AF9E70B4B9A6FD20732
:10140000FCD41A6C22F0030202431A649A6F12F0A1
:101410000102FBD10038054C18BF01200129C4F896
:10142000B40A08BF5A63E2E700300E400000C6432A
:101430002DE9F04F00238BB0CDE90433CDE906331D
:10144000CDE90833A0F5E163B3F5966F0546019148
:10145000934603D900200BB0BDE8F08F624BDFF854
:101460008C81D3F81842B0F5E16F15BF4FEA146ACA
:10147000C4F3072AC4F30744E4B20694CDF824A0C9
:10148000D8F84C60C6F301768CBF012200223346A7
:1014900007A904A815BF4FF4E1674FF496674FF40E
:1014A00096694FF416790392FFF770FDD8F8E03093
:1014B000039AC3F3012308A905A80293FFF766FD69
:1014C000A5EB070CAAEB04020CFB02F2B2FBF9F24B
:1014D00014445445079F0498089A0599BAD8A2EB7A
:1014E000010E0CFB0EFEBEFBF9FE11EB0E012CBF34
:1014F0004FF0010E4FF0000E8A42ABD3BEF1000F49
:10150000A8D13A1A0CFB02F2B2FBF9F280182CBFF8
:101510000122002287429DD3002A9BD1029BBBF16E
:10152000000F0FD0D8F85C20B5F5E16722F4FE4239
:1015300018BF012722F0020242EA470242EA0422CF
:10154000C8F85C20019A0AB9012084E7264A022ED5
:10155000D2F830223ED0032E3FD0012E14BFD2B29B
:10156000C2F30722120312F4702F7FF473AF1F4EE1
:10157000F46E24F470442243F2661B4A022BD2F824
:1015800030222CD0032B2DD0012B14BFD2B2C2F3AA
:101590000722120312F4702F7FF45CAF134CD4F8BF
:1015A000E03023F470431343C4F8E030636E8842A4
:1015B00038BF084623F4FF73E72823F0010328BF50
:1015C000E720B5F5E16F18BF43F0010343EA40039C
:1015D0006366B9E7C2F30742C4E7120EC2E7C2F37B
:1015E0000742D6E7120ED4E70081E00F00300E402C
:1015F0002F4B1A6FD96C11F0010F02F0060242D086
:10160000002A40D013284FD9143813288CBF102338
:1016100008232749013BCA6C180322F47F4240EAA1
:1016200003231343CB64234BCA6C1B88C2F30322EE
:101630002833013202EB820003EB5303B3FBF0F3D8
:10164000C86C013B072B28BF072320F0EE6040EA5F
:10165000036343F48013CB64174BB3F90030002BC2
:1016600010DB2833500800EB420203EB5303B3FBBB
:10167000F2F30A6D072B28BF072322F0700242EA1B
:1016800003130B657047D96C01F00101114304D1BC
:10169000092809D90A380928B8E7DB6C13F00103D7
:1016A000B7D01AB92728B1E70423B2E70023B0E77F
:1016B00000300E40DC390020D8390020064A074BA4
:1016C000D3F88039136F23F0070303431367044BE8
:1016D0001888FFF78DBF00BF00300E400000C643E2
:1016E000DA3900202DE9F041C288B0F808808588F9
:1016F000B0F90C6047784A2A04464FD9B2F5FA7F10
:101700004ED340F6C3139A428CBF4FF040524FF075
:1017100000522849CB6C23F0405323F00103002EE4
:10172000A8BF43F001031343CB64D1F8E03043F486
:101730004073C1F8E030204B1D80CB6E43F08073C6
:10174000CB661E4BD3F8800900B10420FFF7B6FF2B
:101750001B4BA3F800801B4B28461E80FFF748FF59
:10176000A37B03B3012B22D0012260881146FFF72F
:101770005FFE054678B10F4AD36B43F48063D363B1
:101780003846FFF721FEA37AA3F1200253425341CA
:101790000A4AC2F894372846BDE8F0810022B8E72B
:1017A0004FF08052B5E7034B074A9A65DCE7014BDF
:1017B000064AFAE700300E40DA3900200000C6433E
:1017C000DC390020D839002077402057372110B766
:1017D00000EB4000F8B50D461F46040116463AB12D
:1017E000154801238B402044C7B100F1C06003605D
:1017F000072D4FF00F0114D8AB00104806FA03F282
:10180000994020441DF0EBF83EB90B4A0123AB4050
:10181000224477B102F1C0621360F8BD00F180602C
:10182000E5E7A5F108039B00054806FA03F2994095
:10183000E7E702F18062EFE70CA0004004A000405F
:1018400008A00040054B5A685B68054B41F67132B1
:101850001A649A6822F001029A60704700300E40C4
:1018600000000E40034B9A6822F001029A600022A9
:101870001A64704700000E40094A0A4BD969C9072B
:1018800005D512B96FF002007047013AF6E7002A59
:10189000F8D001221861DA60D86940F380007047FF
:1018A0008096980000000E4070B509B9002070BD08
:1018B0000E4A0023082550F8234094610C4CD56053
:1018C0000133D669F60705D514B96FF00200EEE7CB
:1018D000013CF6E7002CF8D0D469A40702D4994261
:1018E000E9D1E3E76FF00100E1E700BF00000E403F
:1018F000809698002DE9F8431C4B0D4641F6713156
:101900001E6C19641A49804648684968996841F014
:101910000101B6B2996097084FF00009B94501D3AB
:10192000002005E008EB89042046FFF7A5FF48B139
:101930000E4B9A6822F001029A600EB100221A64DE
:10194000BDE8F883C4F30A01C1F500618908A7EB7B
:101950000903994228BF19462846FFF7A5FF00282A
:10196000E6D1894405EB8105D8E700BF00000E40B1
:1019700000300E40234B41F671311A6C10B51964DA
:1019800021494C684968996841F001019960012139
:101990001861D960D9694C0792B209D5996821F0CC
:1019A000010199600AB100221A644FF0FF3010BDA6
:1019B0000221D9601549D869C00700D569B9D8692D
:1019C00010F002000BD0996821F0010199600AB172
:1019D00000221A646FF00100E9E70139EBE741B931
:1019E000986820F00100986002B119646FF002005D
:1019F000DDE7996821F0010199600AB90020D6E776
:101A00001864FBE700000E4000300E4080969800FE
:101A1000014B01229A60704700500E40134B14494D
:101A2000F0B500225D68134E1046D6F8E8714C6898
:101A30000B687F070BD4B3F5006F06D012D8B3F54F
:101A4000007F02D0B3F5806F01D144F480742B4243
:101A500002D02C4208BF18430132092A01F10801C3
:101A6000E3D1F0BDB3F5803FEEE700BF00500E407C
:101A7000DC5602000040E00F8B784A789B0143EA75
:101A800082030A781343CA7843EA02130A7943EAC5
:101A9000C2234A7943EA02338A79043043EA424353
:101AA0000001014A1350704700200440014B1860A8
:101AB000704700BF00008442437882789B0043EA6D
:101AC000021302781343C27843EA4213027943EACD
:101AD0000223427943EA0233827943EAC233C2796C
:101AE00043EA0243027A43EA4243014A13607047E1
:101AF000002004400D4AD2F8E430D2F8E0109B00F8
:101B000003F03C03C1F381110B438370D2F8E03042
:101B100003F03F034370D2F8E830D2F8EC2003F032
:101B2000F003C2F3031213430370704700FF0FE08A
:101B3000044BD3F8E4301B0E0A3303F01F030120DB
:101B4000984070470081E00F70B5054616461C4668
:101B500019B91448FEF71AFF0146402C1BD003D8D0
:101B6000DCB1202C1BD070BD602CFCD1042303FB06
:101B700006F2530803EB4113B3FBF2F30A4A203B8E
:101B800002EAC3032A6822F060022A602A6814432A
:101B90002C606B61E7E70623E9E71023E7E70823FA
:101BA000E5E700BF40410500F8FF7F0040F6AA636B
:101BB000C36041F205020023036042600D4A836066
:101BC0004361C36482640C4A03669042436783673F
:101BD000C3670DD002F58062904205D002F58062A5
:101BE000904205D08365704703658365C365704780
:101BF0000365F7E7F9FF01000000014038B504462E
:101C000020F094FD0FCC044D0FC594E80F0085E83B
:101C10000F00002038BD00BFAC1D002047F6FF7349
:101C20009A42F0B572D0062972D83A4B5B5C022B0F
:101C30006ED8394D05EBC304DF00A17815F83330B9
:101C4000012938BF0121012B13D1E0780025401A6A
:101C5000A84202D80844C0B2F0BD431BA0EB530316
:101C6000666836F913609642CCBF03F1FF301D461B
:101C7000EEE760680028EFD0B0F90040944204DB42
:101C8000B0F902409442B8BF14468388FF2B04BFCA
:101C9000B0F90620B0F908C03D440FBF0126002668
:101CA000C8224FF0280C131B93FBFCF333446E78CF
:101CB0001BB29E4201DD002B01DA731E1BB2013301
:101CC0009BB24FF47A7C071D5D1E2DB24FEAC50E04
:101CD00000EBC5059E42EA88AD6814FB025222EA79
:101CE000E27202F15C02B2FBFCF205DD37F8335020
:101CF000954203F10103E7D200EB0E03988890426E
:101D000028BF1046884238BF0846A4E7FF20A3E753
:101D10000020A1E724570200AC1D00200629F0B5E1
:101D200061D8324B595C02295DD8314B13F8310030
:101D3000012816D103EBC1039C78D8785B68012C8D
:101D4000214638BF0121904294BFC1EB0001C1EB95
:101D50000201CAB2001B8242C8BF002233F912003E
:101D6000F0BD002A3DD003EBC103596800293AD0E9
:101D70009878904202D3B1F90200F1E7DC78B1F92A
:101D800000009442ECD95C788B88A3F1FF06013CFB
:101D9000734201F10405E4B2734101F10C07DEB2B4
:101DA000B44216D805EBC3034FF47A75B3F9024079
:101DB0005B686A43D21A04EBD47302EB630292FBB2
:101DC000F4F29042CCDBB1F902009042C8DC10B2D0
:101DD000C6E737F833C0944503F10106E2D3334632
:101DE000DDE70448BCE70448BAE700BF2457020017
:101DF000AC1D00200CFEFFFF0080FFFF08B504486B
:101E0000FFF7FCFEBDE80840012020F0B4BC00BF95
:101E10002C5702007FB51422002101A81FF0CCFE30
:101E2000044B029301A94FF0FF3020F0E0FC07B013
:101E30005DF804FB006A1800024B03480122C3F856
:101E4000002670470010C84300000F40094B98421D
:101E50000ED003F58063984209D10122064B03EBB3
:101E6000C2035A68054B13449B0000221A60704756
:101E70000022F3E700000F40E45702008005F21053
:101E800010B504462369DB07FCD404F180001CF084
:101E9000D2FC014B236510BD510545012DE9F043EE
:101EA000064689B0174698460C4600294DD1FFF7E3
:101EB000C3FF0146044630461CF0FEFD4FF0010909
:101EC00096F86C5006F15C01C5F10F06C5F10E03E2
:101ED000F6B22A460DF1010001358DF800301FF0F1
:101EE0007FFE324600210DEB05001FF065FEC6F1B6
:101EF000100001233246002168448DF80F301FF096
:101F00005BFE1CF040FC04F1800605466946304645
:101F10001CF091FC0E4B23652369DB07FCD404A95C
:101F200030461CF0A5FC28461CF031FC424604A9B2
:101F300038461FF055FEB9F1000F02D02046FFF7DA
:101F400085FF002009B0BDE8F0834FF00009B7E736
:101F5000055101002DE9F04F89B00546DDF84890A4
:101F600016461F460C4639BBFFF766FF014604467E
:101F700028461CF0A1FD4FF0010B6B6C33446B64E1
:101F80001CF001FC8246D6B950461CF000FCBBF1A7
:101F9000000F0ED01CF0F7FB05F14C01064604F1D2
:101FA00084001CF065FC30461CF0F1FB2046FFF776
:101FB0004DFF09B0BDE8F08F4FF0000BDDE72B7946
:101FC000102EB04628BF4FF01008012B0DD1102263
:101FD000002168461FF0F0FD3946424668461FF072
:101FE000FFFD69462046FFF74BFF394604F18C00A0
:101FF0001CF021FC124B2365012363652369DB0779
:10200000FCD404A904F180001CF032FC04A942466F
:1020100048461FF0E5FD297961B9102268461FF096
:10202000CBFD4946424668461FF0DAFD6946204628
:10203000FFF726FFC1444744A6EB0806A3E700BF0D
:102040004805590370B5048804F4E043B3F5005F14
:1020500005461ED1C4F30223042B1AD181F0AA63D2
:1020600083F4807333F47E13204821F47E1618D055
:1020700081F0AA6383F4007333F47E1311D0864297
:1020800030D1B4F5105F0CBF6FF086006FF08500A3
:1020900070BDB4F5105F25D1144B21F47E11994227
:1020A000F1E786424FEA1143C1F305411AD1B4F575
:1020B000105F17D104390C2911D813F001000ED18B
:1020C000073A062A0BD86B88C02B0BD0B3F5807F5C
:1020D000DED0802B0CBF00206FF08600D8E76FF0B9
:1020E0008600D5E76FF08500D2E700BF000140050C
:1020F0002DE9F04FA7B0DDE93475DDF8D880DDF8C3
:10210000EC90089206461C468A4629B96FF0860272
:10211000104627B0BDE8F08F0028F7D0309B002B89
:10212000F4D0329B13B9339B002BEFD1002F7DD11C
:10213000002DEBD1389B002BE8D0B9F1000FE5D092
:102140003A9B002BE2D0399B002BDFD0338803F47D
:10215000E042B2F5005F74D1C3F30222042A70D1C9
:1021600084F0AA6383F4807333F47E1306D084F082
:10217000AA6383F4007333F47E136BD1C4F3054375
:10218000319AC9F80030214630460993FFF75AFFCB
:1021900002460028BCD17288089BB3EBD20F4FEAED
:1021A000D20BB3D3379B9D425FD83A9A099B934297
:1021B0005BD8474508D27B19984505D239462A464F
:1021C00040461FF0DFFC4746702200210AA81FF09E
:1021D000F3FC5A4651460DF12D00CDF850B01FF0DA
:1021E000FFFC234B24F47E149C423BD13388B3F58F
:1021F000105F37D1D9F800300693399B0397CDE9AA
:102200000483339B0293329B0193319B00932A46B4
:10221000309B01210AA81CF06AFD0246E0B9389BF8
:102220001D6070210AA81CF05AFD71E7002D81D0B5
:10223000B8F1000F3FF46AAF379B002B7FF47AAF01
:1022400064E742F20402934204D184F0052383F44C
:10225000801390E7002393E7389900230B60C9F8B7
:102260000030DEE76FF08502DBE76FF089024FE7B1
:10227000000140052DE9F04FABB0DDE938A4DDE900
:102280003B658946099298460746002800F0A280DF
:10229000002900F09F80349B002B00F09B80369B30
:1022A0001BB9379B002B40F09580BAF1000F02D18B
:1022B000002C40F08F801DB93D9B002B40F08A80A0
:1022C0003E9B002B00F086803A9B002B00F0828022
:1022D000359A41463846FFF7B5FE0246002866D1DA
:1022E0007A88099BB3EBD20F4FEAD20B72D33D9B96
:1022F0009C4272D8AA4509D20AEB0402954205D243
:102300005146224628461FF03DFCAA467022002175
:102310000EA81FF051FC5A4649460DF13D00CDF87C
:1023200060B01FF05DFC2E4A28F47E180021904515
:10233000CDE90A11CDE90C1149D13A88B2F5105F07
:1023400045D1379B0293369B01930AAF359B00938F
:102350002246CDE90457349B0696CDF80CA00EA872
:102360001CF0C5FC0246C8B93A9B384603EB060C84
:1023700090469C451FD11EB1314638461CF0AFFC3B
:10238000B8F1000F20D03E9A002313601CB1214603
:1023900028461CF0A4FC6FF0940204E01EB1314604
:1023A00038461CF09CFC70210EA81CF098FC1046CE
:1023B0002BB0BDE8F08F10F8011B13F801EB81EA98
:1023C0000E0148EA0108D4E73E9B1C60EBE76FF082
:1023D0008502E8E76FF08602E9E76FF08902E6E739
:1023E000000140052DE9F04F8FB09846DDF86CA054
:1023F000049093460023B8F1000F16D0D8F800409F
:102400001029CDE90633CDE908330CBF082310238A
:10241000029300255D450AD3B8F1000F01D0C8F83A
:10242000004000200FB0BDE8F08F4446E8E75CB103
:10243000199B1A9A1B5D525D013453400AF805300E
:1024400004F00F040135E5E7FFF7F6FC4FF44043D5
:102450004460036006461CF096F9029A0499074608
:1024600030461CF03AFA06F1840318461899019395
:102470001CF0E1F93846ABEB05071CF088F927F0B2
:102480000F0706F1A0032F440593AAF11009BD42DE
:1024900034D11A9B3B440AAD03F1100C18685968FB
:1024A0002A4603C2083363451546F7D10F2F0ED9CC
:1024B0000AEB070306AD103B0DF1280C2A4603CAB0
:1024C000624518605960154603F10803F6D106F11C
:1024D000800357440AEB0B0903934F4536D11CF098
:1024E00052F91899054601981CF0C2F928461CF0CB
:1024F0004EF93046FFF7AAFC5D468BE71CF043F926
:10250000224B039033653369DA07FCD41A9B059894
:1025100059191CF090F90F2D0ED90DF1180C09EB7B
:1025200005020DF1280E634603CB73451060516020
:102530009C4602F10802F6D106A906F180001CF0C3
:1025400097F903981CF023F91035A0E774B91CF033
:102550001AF90E4B336505463369DB07FCD4039843
:1025600019991CF085F928461CF011F904F138037B
:102570000DEB0302199B12F8102C1B5D0134534024
:1025800007F8013B04F00F04A7E700BF480503016B
:102590002DE9F74FDDF848A0DDE90E74DDE910689C
:1025A00083461D46894621B96FF0860003B0BDE819
:1025B000F08F002AF8D00FB9002CF5D116B9B8F178
:1025C000000FF1D1BAF1000FEED02E4B9D4215D085
:1025D0000BD82D4B25F4807199420FD003F5806301
:1025E0009D420BD06FF08500E0E7284B9D4205D05F
:1025F00025F40071A3F580739942F2E7BBF800302F
:10260000B3F5105FEED1BBF80230B2EBD30FE9D3D4
:10261000802B02D0B3F5807FE4D124B3B7420AD235
:102620003B199E4207D24445BED839462246304621
:102630001FF0A8FA3746164BBBF802B09D424FEA8E
:10264000DB0BCFD14445AFD814F00F05ACD17319D3
:10265000009301227B19594648461CF081FB30B992
:102660001035AC42F3D8CAF8004000209EE742463D
:10267000002130461FF0A0FA0023CAF800306FF0A6
:10268000920093E70010C004004040040012C00410
:10269000004440042DE9F04F91B0DDE91A4ADDE92C
:1026A0001C56DDF8789007469B46884629B96FF09E
:1026B0008608404611B0BDE8F08F002AF7D014B963
:1026C000BAF1000FF3D10DB9002EF0D1B9F1000F1E
:1026D000EDD0574B9B4515D00BD8564B2BF4807142
:1026E00099420FD003F580639B450BD06FF08508AE
:1026F000DFE7514B9B4505D02BF40071A3F58073A8
:102700009942F2E73B88B3F5105FEFD17B88B2EBDB
:10271000D30FEBD3802B02D0B3F5807FE6D1BAF193
:10272000000F04D1C9F800A04FF00008C1E7AC4287
:102730000BD204EB0A039D4207D2B245B7D821461B
:10274000524628461FF01EFA2C46394B7F889B457F
:102750004FEAD70758D003F540739B4521D0374B3C
:102760009B45C3D1B245A2D81AF00F0B9FD140466A
:102770003B4608AA39461CF02DFB8046002898D11C
:1027800005EB0B030093002204EB0B03394608A86A
:102790001CF0E6FA804670BB0BF1100BDA45EFD85F
:1027A000C0E7AAF10D0AB2453FD801238DF81030D9
:1027B0000DF11102234604F10C0153F8040B42F809
:1027C000040B8B42F9D11B7813704FF48073ADF872
:1027D0001E300D3404ABCDE900334046CDE902454F
:1027E000002352463946FFF7FDFDC9F800A0804698
:1027F00000283FF45EAF3246002128461FF0DCF986
:102800000023C9F8003054E7AAF1100AB2453FF698
:102810004EAF04AA04F1100C20686168134603C38C
:10282000083464451A46F7D1D4E76FF0890840E7C9
:102830000010C004004040040012C00400444004E2
:102840007FB5094B6A4603F11006154618685968AA
:10285000144603C40833B3422246F7D12846FEF794
:1028600041FF002004B070BDF457020070B5184B52
:1028700086B001AA03F11006154618685968144677
:1028800003C40833B3422246F7D11B882380114B7F
:10289000D3F8B420120316D5A3F500434FF6FF7208
:1028A0001B88934208BF4FF4B4730B48ADF80A304D
:1028B000FDF710FE2846FEF715FB3220FEF748F91B
:1028C000002006B070BDD3F8B830C3F30803ECE7BE
:1028D000045802000081E00F00F0490210B50C48D6
:1028E0000C4C6FF00403A02113F0800F03F10102E0
:1028F00007D123442F2A83F800131346F4D1002074
:1029000010BD03F00F03043B034419761346EBE7B5
:1029100000ED00E000E100E007B500F087FF6A4647
:1029200001F070F818B1044852211CF0BDFADDE93D
:10293000000103B05DF804FB1658020008B500F072
:10294000A9FE18B102487A211CF0AEFA002008BD99
:102950001658020008B500F04DF80D4A536A43F4CA
:10296000E0235362EFF308830A4A043B4FF0CD3172
:10297000934209D2084B01221A61FFF7DFFFBDE83D
:1029800008400648FFF73AB943F80419F0E700BFDA
:1029900000ED00E00000002000300E402C57020047
:1029A00007B504220DEB020100201FF09CFE042855
:1029B00004D0054840F267111CF076FA019800F047
:1029C000C1F903B05DF804FB1658020010B50A0AFD
:1029D00041400748C9B2082301F00104490804B185
:1029E0004140013B13F0FF03F6D181EA020010BD24
:1029F0002083B8ED10B5FFF711F80446FFF708F88B
:102A0000E30721D401221046114600FA01F32340C6
:102A100002F101021AD0214B33F811302049062B64
:102A200019D040F20722934212D14FF000524FF2D8
:102A30000F00548884420BD11088984208D14CF280
:102A40003C335380088010BD0021E4E7112ADBD11C
:102A5000134A138012E04FF000534FF20F025888D0
:102A6000904218D11B88B3F5406F28BF4FF4C06364
:102A70000B804FF000534CF23C325A80084B1A88BE
:102A800040F201739A4201BF064A074BD2E90001A6
:102A9000C3E90001D7E74FF4C063E9E77A580200C1
:102AA000DE39002090100020CC1D002010B5044617
:102AB0001BF070FE4FF000534FF20F021C805A8043
:102AC000BFF35F8FBFF34F8F0549064BCA6802F40F
:102AD000E0621343CB60BFF34F8F00BFFDE700BF41
:102AE00000ED00E00400FA056B4A6C4B2DE9F04163
:102AF00055685D65516A996569496A4CD1F800026B
:102B0000D865D1F804121966916A5966D16A996636
:102B1000116BD966516B1967D26B586B5A67D3E941
:102B20000E1210F0040F18BF11465F4A1A650020FC
:102B30009142D8645DD301F12000A04259D8886940
:102B40001864C5F30805CE695E64062D55D1574D4E
:102B5000A84252D3564DA8424FD205884DF6426046
:102B600085424AD11868C3F890005868C3F89400A9
:102B700040F20170A242154605D22E68B6F1CD3F53
:102B800002F10402F6D00022C3E91E22C3E920228A
:102B9000C3E92222641BDFF814C1424DDFF810E1C3
:102BA0009C648D422CD8D3E91EC7D3E92065D3E9B4
:102BB00022414FF0000E013AD2B2FF2A3BD1BEF1C2
:102BC000000F05D0C3E91EC7C3E92065C3E9224150
:102BD000B3F85430C3F30803DA1E0F2A52D8DFE8E3
:102BE00002F03458414451515151514E51515151BB
:102BF00051380021C3E910112B494FF42060B9E787
:102C000055F8044D6445CCD37445CAD2E607C8D5FF
:102C1000284F002657F8048FA045C2D00136062E53
:102C2000F8D132B1013AD2B202F11E0643F8264081
:102C3000B7E70522F8E7E0464FF0010EBC463746FD
:102C40002E4625460C464146B5E740F60120BDE834
:102C5000F081194BDB6913F0020F40F2025318BFE9
:102C60001846F4E740F60320F1E740F2017240F61F
:102C70000423B0F5206F14BF10461846E7E740F66E
:102C80000520E4E7013B40F607223D2B98BF1046A4
:102C9000DDE740F60220DAE700ED00E0001000205A
:102CA00000E100E00010002000000020FC00000017
:102CB00000560200741000200020054000F00CB8FF
:102CC00000F00AB800F008B800F006B800F004B848
:102CD00000F002B800F000B872B61EF0080F09D07C
:102CE0001EF0040F0DD0DFF850E0AEE8FF1F6FF0CC
:102CF00002000CE0DFF840E0AEE8FF1F6FF00E00CE
:102D000005E0DFF834E0AEE8FF1F6FF0060069462B
:102D1000EFF309828EE8070086460848084C85458F
:102D200001D3A54501D384F30888FFF7DDFE84F3C2
:102D30000888FFF7BBFE00000010002040000020C4
:102D40000010002083B24BF6EF62002B08BF134641
:102D5000044A000C13804FF6CE2308BF1846024BDE
:102D600018807047B0130020AE1300200B4BB3F94E
:102D700000201888002AB8BF80F0620042001A8044
:102D8000074AB2F9001013880029BCBF83F48053AE
:102D900083F00B035900118058407047B013002096
:102DA000AE13002008B501F019F860B10A4B0344D6
:102DB000072B0DD8072B0BD8DFE803F00C060A0809
:102DC0000A0A0A04C12008BDC320FCE7C420FAE7B0
:102DD000C520F8E7C220F6E7FF1FFF0F054B1A7862
:102DE0002AB95B78002B0CBF03200220704701201A
:102DF000704700BF2E3E00200329F8B598BF134B43
:102E0000054698BF5C5C0E4688BF0024032805D8A1
:102E1000DFE800F002080B0E44F002040C4B1F68C0
:102E20004FB9F8BD44F00804F8E744F02004F5E792
:102E300044F08004F2E77B681A68144203D05B68B0
:102E40003146284698473F68EAE700BFA25802008B
:102E5000001E002038B5104D2B78ABB10F4C2378F5
:102E60001BB11CF058F80023237000201CF054F80C
:102E70000B4C50B100F0D2FA002320782B700121C6
:102E8000FFF7BAFF0123237038BD064B01221A70E9
:102E9000054B22781A70F7E72A3E0020283E0020D2
:102EA000303E00202B3E00202C3E002010B51BF0B1
:102EB0006AFC064B1B7804461BB1BDE810401BF0B2
:102EC00066BCFFF7C7FF2046F7E700BF273E00209C
:102ED000094A137830B101331370084B1B78012B6A
:102EE00003D87047013B13707047054B1B780BB933
:102EF000FFF7B0BF704700BF2E3E0020303E0020DD
:102F00002B3E002070B5144E1BF03DFC3378054677
:102F1000ABB900F0BFFB044620B128461BF037FCDC
:102F2000204670BDAFF300800C481BF0E7FB00F0BB
:102F300015FF0B4B1C6000F093FC0A4B186000F06F
:102F4000EFF91BF0EBFF084B1860012328463370A4
:102F500000241BF01CFCE3E7313E0020001E002093
:102F6000D41D0020FC1D0020D81D00202DE9F843B1
:102F7000284A0138135C39B1274F397801330129C8
:102F8000135404D8BDE8F883013B1354FAE7FFF764
:102F900025FF0128044635D8DFF888801BF0F3FBB5
:102FA00098F80030054613B31C4E33781BB9012244
:102FB00032701B4A1370DFF8709099F8003023B11B
:102FC0001BF0A9FF002389F8003028461BF0DFFB27
:102FD00001201BF0A1FF1BF0D6FB337805461BB187
:102FE00000F01CFA00233370002388F800302846D4
:102FF0001BF0CDFB38788442C4D02146FFF7FCFE9D
:103000003C70BFE70329F5D10228F3D100F052FA52
:10301000F0E700BF2E3E0020303E0020273E00207B
:103020002B3E00202A3E0020283E002038B51BF011
:10303000AAFB094B1B78012B054604D81BF0A7FB04
:103040000024204638BD054B1C6800F025FA0444D6
:1030500028461BF09CFBF4E7303E0020D41D0020E6
:1030600038B5416004461BF08EFB214605460448F6
:103070001BF047FB2846BDE838401BF088BB00BF6B
:10308000001E0020054B1B68584300F57420044BBC
:1030900000F23F20B0FBF3F0704700BFFC1D0020A2
:1030A00040420F002DE9FF47EFF3108772B6AFF3F0
:1030B00000801EF0ADFC002871D0714EDFF8E48175
:1030C000337823B10020FFF703FF00233370FFF7AD
:1030D00085FE0446002869D0841EE4B2012C6CD918
:1030E000FFF77CFE0128674CDFF8BC91054600F233
:1030F0008E802078A84205D099F80030002B00F08F
:10310000B2802570207800F0B1F999F8003013B141
:103110005D4B1B782370AFF3008007B962B6EFF305
:10312000108772B6594B1A7852B100221A70564B5A
:1031300020781B78984203D101212170FFF75CFEB3
:10314000534800F0E1FA1EF072FC05460028B7D1A2
:10315000DFF8588198F80030A3B189F80000DFF853
:10316000409199F800301BB11BF0D5FE89F8005052
:1031700000201BF0D1FE002879D000F04FF9002389
:1031800088F80030337823B10020FFF7A1FE002338
:10319000337020780021FFF72FFE00232370AFF358
:1031A000008007B962B604B0BDE8F0873378002B21
:1031B00096D0FFF78DFE347092E703A9002000F04F
:1031C000F1FA044600288BD1D8F80030039A9A42CD
:1031D00005D80120FFF77CFE0123337080E72D4BDB
:1031E0001D6800F059F9039B05449D42F1D200F09F
:1031F00077F982000399264842F0020292B2CDE9A3
:1032000000422346244A491B1BF08CFE68E7DFF886
:103210009CA09AF80030CBB91BF07AFE207885424A
:1032200003D099F80030D3B125709AF80030002B04
:103230007FF468AF194B1B7823B91BF06BFE184B5A
:1032400001221A7001238AF800305BE7207885425A
:103250003FF458AF99F80030002B7FF452AF294665
:10326000FFF7CAFDE0E72946FFF7C6FD49E7012061
:1032700000F0FCF807B962B6EFF3108772B677E793
:10328000293E0020303E00202C3E0020253E00201C
:10329000DC1D0020D41D0020AD2E00002D3E00209E
:1032A000283E0020D81D00202B3E00202A3E002072
:1032B00010B51BF068FA054B00221C781A701BF041
:1032C00066FA00F06BFC2043C0B210BD263E002021
:1032D00073B5114E3378834204460ED000230F4D50
:1032E000ADF8043058B101A8FDF756FF1E20FFF7D6
:1032F000C9FE2B681B1A2B60347002B070BD02230C
:1033000001A88DF80530FDF747FF1E20FFF7BAFE34
:103310002B680344EFE700BFE6130020081E0020DF
:1033200073B5284C002501A8636A636A8DF80450C0
:10333000FEF740F82846FFF7CBFFD4F8903003F0B3
:103340000403AB42204B14BF01222A461A70D4F862
:1033500090301E4CC3F30033237005D04FF4167029
:10336000FFF790FE1A4B186023781A4DEBB111202D
:10337000FDF70CFB1349D1F80031C3F3042303FB21
:10338000000292B14C6C144EC4F30B440023013480
:103390001946501E04EB8404E4FB060105F088F98D
:1033A000FFF770FE2B6803442B606420FFF76AFE72
:1033B0002B6803442B60034BD3F89020074B1A6013
:1033C00002B070BD00400E40343E0020323E00206E
:1033D000101E0020081E002040420F00041E002086
:1033E00008B50B4B1B7893B1022000F089FC70B13B
:1033F00000F008FA58B1002201210220FDF748FC34
:103400001BF0D3FD034B1860034B01221A7008BD5B
:10341000343E00200C1E0020333E002038B50E4CF8
:103420000E4D23782BB92B781BB11BF0BEFD0C4B36
:1034300018601BF0D2FA2B786BB10A4AD2F89030A0
:103440001B07FBD51BF0B1FD054B1B68C01A064BD3
:1034500018600023237038BD333E0020343E002026
:103460000C1E002000400E40101E002002280AD032
:1034700003280BD001280CD1064A136923F004035A
:10348000136130BF70470020FDF798BE0020FDF7A4
:10349000CBBE704700ED00E0044B1B680BB103EBA3
:1034A000D303034A10681844704700BF101E002061
:1034B000081E0020084B45F60E02D3F88011C3F811
:1034C0008021064A126802F4A0721A66CA0744BF35
:1034D0000022C3F88021704700400E40041E0020E7
:1034E000014B1878704700BF343E002038B500F01B
:1034F000A5FB094C094B1A6823680025C31A2AB199
:1035000023B15169994203D3C91A5161206038BD72
:1035100055615B1A9268F2E7181E00201C1E0020FD
:10352000C38870B504460D463BB9FFF77FFD854261
:10353000064602D21BF0E0FC35460E4965610B6879
:103540008BB90C60A3600DE0AD1A9A6865611846EE
:103550006AB113465A69AA42F6D930B18460521B47
:10356000A3605A6170BD0020F4E70C60F7E79C602F
:10357000A260F7E71C1E002038B5134D2B685B696D
:1035800093B1124A146802201C4400F08BFB2046C1
:1035900000F05AFB0E492A6800230B70D088800780
:1035A00009D501230B7038BD022000F07BFB0220FF
:1035B00000F09EFBEEE79268002AF4D050690344C5
:1035C000012BEBD9EFE700BF1C1E0020181E0020C6
:1035D000363E002070B516469DF814200271049AFC
:1035E0000260C0E903360022BDF81830826004464C
:1035F0000D46C380EEB900F021FB2844A0619DB1C7
:103600002E461BF0C0F80546FFF770FF31462046F6
:10361000FFF786FF104B1B68A34201D1FFF7ACFFF9
:1036200028461BF0B4F802E0E36865617BB900202E
:1036300070BD00F003FB3044A061002DE0D1E368D1
:103640006561002BDDD0216820469847D9E72168C5
:1036500020469847EBE700BF1C1E00200C490B6872
:1036600000227BB183420AD183687AB19360836878
:103670001BB15A6941690A445A61002070471A46D1
:103680009B68EEE70028EFD0022070470B60EEE762
:103690001C1E002070B5154E1BF080F834780546CE
:1036A000FCB9134B1C60134B1C60134B1C8000F0C7
:1036B00081FA012000F0F6FA00F04AFB0F4B0246B7
:1036C000186020B928461BF06FF8232070BD2346F0
:1036D0000B4840F2E73104F0EBFF0A4B186001237E
:1036E000337028461BF060F80020EFE7373E0020DB
:1036F0001C1E0020181E0020E0390020201E002083
:1037000018FCFFFF141E002070B5044640B31BF0E8
:103710003AF8144E0546FFF7E9FE3068A04209D09A
:103720002046FFF79BFF0446B0B128461BF02FF858
:10373000204670BDFFF792FF04460028F5D133689C
:103740003BB9022000F0BCFA28461BF020F8002408
:10375000EEE7FFF711FFF7E73368002BF4D1F0E74E
:103760002224E5E71C1E002038B50C460546A8B10A
:10377000A1B100230B701BF011F8094B1B6801214C
:1037800033B91BF011F8002038BD9D4204D12170DF
:103790002278002AF9D0F4E79B68F1E72220F3E7CA
:1037A0001C1E0020F8B506460F461AF0F7FF134B13
:1037B0001B680446002523B920461AF0F5FF1B209C
:1037C00011E05A691544DA88B2420DD10C4E00F06E
:1037D00035FA3368C01AA8420AD3002320463B605A
:1037E0001AF0E2FF0020F8BDFF2EEFD09B68E2E761
:1037F00000F024FA33682B441B1AEFE71C1E00204C
:10380000181E002008B5074B187848B11BF0CDFBF7
:10381000054B1B689B69C01A02288CBF0020012041
:1038200008BD00BF363E00201C1E002070B51AF0F7
:10383000B5FF064600F002FA084B1D880446012039
:10384000ADB200F05DFA18B100F0F8F901350446A8
:1038500030461AF0A9FF2046294670BDE039002005
:10386000014B1868704700BF201E002038B5074B79
:103870001D680446002140F2E7304FF47A720023BD
:10388000E5FB040104F014FF38BD00BF201E00203A
:10389000F8B50C4B1B68834205460E460FD30A4B06
:1038A00000241F6840F2E73021464FF47A7200236B
:1038B000E5FB070104F0FCFE30602046F8BD212046
:1038C000FCE700BF141E0020201E00202DE9F0415F
:1038D00086B0984600230D4617468DF813300646ED
:1038E00080B30DF11301FFF73FFF9DF813305BBB71
:1038F00005A92846FFF7CCFF0446F8B9134B186812
:103900004FF47A720023A5FB000104F0D1FEC2F54A
:103910007A7189B2B1F57A7FBDF83430F48308BF8B
:103920000021B183059A02939DF830301146CDE90C
:10393000008330463B46FFF74DFE0446204606B066
:10394000BDE8F0812224F9E70224F7E7201E0020D9
:10395000F0B50C4687B016461F46054630B305A99C
:103960002046FFF795FFF8B9114BE8831B685C43CD
:103970004FF47A73B4FBF3F203FB1244191B89B2C0
:10398000994208BF0021A9832846FFF7BDFEBDF874
:103990003430059A02939DF830301146CDE900731A
:1039A00028463346FFF716FE07B0F0BD2220FBE79E
:1039B000201E0020014B1868704700BF141E002015
:1039C0000F4B1A6810B59AB1531E4FF47A71134217
:1039D000A0FB01010ED1B2FA82F2C2F11F04531C06
:1039E000E040D24301FA03F3184321FA02F2024302
:1039F000104610BD002304F05BFE0246F8E700BF4E
:103A0000201E002038B5154B8342154B8B411446C0
:103A100021D3144B1A68F2B14FF47A75A0FB050359
:103A200005FB0131531E134211D1B2FA82F2C2F1E9
:103A30001F05531C01FA03F3D243E84021FA02F2B6
:103A400018431043E940C4E90001002038BD0023B9
:103A500004F02EFEF7E72120F8E700BFEFA7C64BE2
:103A600037894100201E0020C2072DE9F843044693
:103A70000BD5474A138801339BB21380FFF736FDFD
:103A8000444B1B680BB1FFF777FDA3077DD51AF0F8
:103A900085FE0546FFF72AFD4FF000083D4F4646DC
:103AA0003C680CB163698BB13B4B0022012E1A704C
:103AB00003D118F0020F18BF1E70002C61D0FFF761
:103AC0005BFD2846BDE8F8431AF06EBE23465A69EE
:103AD0003AB91A792179914288BF1C469B68002B1C
:103AE000F5D128461AF060FE2569DDB100F0A6F890
:103AF000A269A0EB02084FEAE873A84573F100033E
:103B000011DB23691344A361E368B4F8068001362E
:103B100013B12168204698471AF040FE0546FFF78A
:103B2000E5FCBDE7A8461AF039FE81462046FFF7BE
:103B300095FD48461AF038FE2369002BE4D0A38B8C
:103B4000B5EB080533B1E28B13449BB2B3F57A7F32
:103B50000FD2E3831AF022FE294680462046FFF763
:103B6000DFFCA36922691344A36140461AF01CFEDE
:103B7000CAE7A3F57A73E383A369013B013DA3611F
:103B8000E8E7022000F09CF89BE7BDE8F88300BF5F
:103B9000E03900201C1E0020353E002010B51AF030
:103BA000FDFD034B1C781AF0FFFD204610BD00BF41
:103BB000353E002010B51D4B86B01868596803AA21
:103BC00003C2197AD3F8090011700190B3F80D20DF
:103BD0001748DB7BADF8082001218DF80A3000245E
:103BE000FCF780FD03A88DF80C408DF81040FDF720
:103BF00063FF01A901208DF80440FDF73DFF0D4A48
:103C0000536A23F4FF6323F00703536240F2FF7308
:103C1000136201209460FDF749FF074B4FF000420B
:103C2000C3F880211A6006B010BD00BFA65802007C
:103C3000A00914000020044000E100E0014B986856
:103C4000704700BF0020044010B504461AF09BFDE9
:103C5000124A9368516D9269520704D4CA1A032A12
:103C600001D899420DD1E21A022A98BFDC1C0B4BF5
:103C7000B4F1FF3F38BF013C5C655A6A42F0040270
:103C80005A621AF084FD064A137833B103490B6D6A
:103C900043F002030B650023137010BD00200440A5
:103CA000E71300208207054A00F00103516A48BF6C
:103CB00043F004030B435362704700BF00200440ED
:103CC000820700F0010309D5074A01211170074955
:103CD0000A6D22F0030243F004030A6503494A6AAD
:103CE00022EA03034B627047E713002000200440E0
:103CF000830742BF014B0422DA6170470020044071
:103D0000064B01289B6904D0022805D1C3F380002B
:103D1000704703F001007047002070470020044006
:103D200010B51AF03BFD094A93690446590703F0A0
:103D3000010003F0070348BF40F002001362FFF7E1
:103D400093FE2046BDE810401AF02EBD002004402E
:103D50000148FCF71BBE00BFA00914000A4BD3F8B2
:103D6000883003F00703013B012B10B50BD81AF084
:103D70000AFD012104460220FFF7F8F82046BDE8BD
:103D800010401AF004BD10BD00400E401F282DE960
:103D9000F341054604D82C46204602B0BDE8F08128
:103DA0000B4E0C4FDFF8308000240023CDF800804C
:103DB00038681A4619461EF055FA8442EBD2202C78
:103DC000E9D056F8043BAB42E6D00134EDE700BF42
:103DD0008C5B0200C8100020FFFF0F002DE9F04FA0
:103DE000644E654D3168286889B005F08FFF044640
:103DF000002827D033689A69D3E9000112689047F8
:103E000033689B6904A89B68984733689B690220C4
:103E1000DB6898470024326805985368B3FBF0F3D9
:103E2000E7B2BB42916904F101044DD8CB68002090
:103E3000984733689B695B6898473168286805F044
:103E400065FF0446DFF84C914C4FDFF84C81DFF8FA
:103E50004CA10026F4B94A4B28689B5D002B00F06A
:103E60008380D7F800B002AB03AA594606F090F958
:103E7000504507D070B9039B012B0BD028685946D9
:103E800006F0CAF9D9F8003028681A68594606F0D1
:103E9000AFF804460136202E09F1040907F10407A2
:103EA00008F10108D6D1374AB4FA84F35B091370DC
:103EB0002B681B7C23B134484FF48B711AF0F4FF4C
:103EC000204609B0BDE8F08F12680B6907FB00209F
:103ED0009847A0E73B6803AA194402AB019106F09A
:103EE00057F95045019903462ED028682BB30BF1A2
:103EF000010B009B28685FFA8BF19942EAD3234BB0
:103F00009B5D002BC6D0DDF800B028685FFA8BF30C
:103F10007E2BBFD8396802AB594403AA009106F042
:103F200037F95045B6D00099286806F075F90BF1BD
:103F3000010B04460028E8D0ACE7039B7BB998F856
:103F40000020029B9A42D2D098F80030D9F8002085
:103F5000286805F0B5FF0028C9D00446CFE70191D5
:103F600006F05AF90199EFE7094B9B5D0093A346D0
:103F7000BFE700BFA8100020C81000208C5B020023
:103F80006A5B0200383E00200C5C02004A5B0200C3
:103F90000A5B0200B85802002A5B02000BE000F046
:103FA000F8B50D4616461F46FFF7F0FE1F280446DB
:103FB0001CD8174B1B780BB3164B1868164B53F8CD
:103FC0002410164B1B5D3BB1324606F05DF80446EB
:103FD000A0B11BF00EF812E07F2D08BF00253B4674
:103FE000324651FA85F105F0B5FFF0E7FF2808D910
:103FF00081B23B46EAB230461AF072FF00242046F6
:10400000F8BD07484FF4A6711AF04EFFF6E700BF5F
:10401000383E0020C81000208C5B02006A5B020062
:104020000C5C0200F8B50D4616461F46FFF7AEFEC3
:104030001F2804461CD8164B1B7803B3154B186871
:10404000154B53F82410154B1B5D3BB1326805F03E
:10405000CFFF044698B11AF0CCFF11E07F2D08BFC6
:1040600000253B46324651FA85F105F029FFF0E77D
:10407000FF2807D93A46314680B21AF03AFF0024A9
:104080002046F8BD06484FF4C3711AF00DFFF6E75D
:10409000383E0020C81000208C5B02006A5B0200E2
:1040A0000C5C020010B5FFF771FE0A4B1B7813B9C8
:1040B0000024204610BD084B53F82010074B002267
:1040C000186806F01FF804460028F1D01AF091FF96
:1040D000EFE700BF383E00208C5B0200C8100020D4
:1040E00073B516461D46002B73D04BF234639842CD
:1040F00010D1082D28BF082537492A4630461DF023
:104100006FFD36492A4630461DF02CFD30B30020A5
:1041100002B070BDC9B27F2980B208BF00219842A9
:1041200018D17F2241F20201684608231AF0D8FE16
:104130002A49082268461DF015FD30B908237F2260
:1041400041F2F01168461AF0CBFE6B4603CB3060AB
:104150007160DCE741F2F01398421ED1204B701ED3
:10416000D3F8F010D3F8F4202C1F2B46013B9C42CF
:1041700000F8011F4FEA11210CD1002CC7D00423F5
:10418000D9B20729F2544FEA1222C0D001339D421E
:10419000F6D1BCE7002BE9D1B9E700F47043B3F5E1
:1041A000805F0AD1C0F30B0404F17E642A4605FB4C
:1041B000014130461DF014FDA9E700F46043B3F55A
:1041C000005FA4D1C0F30B0404F17E6404F58044C5
:1041D000ECE721209CE700BF0200E00FDE5C02005C
:1041E0000081E00F2DE9F8431646C20704460F464A
:1041F00004D52A4840F2D3111AF056FEF30704D52D
:1042000026484FF4EA711AF04FFE04F47043B3F5F8
:10421000805F24D1C4F30B04214A04F17E64731E31
:104220002344934215D82546DFF8709005EB060825
:10423000A84529D156B17208394620461AF0F1FE38
:1042400020B116484FF402711AF02EFE0020BDE88E
:10425000F883124840F2D9111AF026FEE3E704F47D
:104260006043B3F5005F06D1C4F30B0404F17E6430
:1042700004F58044D7E709484FF4F0711AF014FEB2
:104280006FF00F050024CFE715F8013BFF2BCFD0CF
:104290004FF4F57148461AF007FEC9E7725C020058
:1042A000FF07E00F836970B513F00106044603F0C1
:1042B000020509D1EDB9C3695BB30EF055FFE3699F
:1042C0002046BDE8704018471DB11B489B211AF0DD
:1042D000EBFDA069C0F381001CF052F8E3691BB943
:1042E0001548A3211AF0E0FD20460EF03DFF4DB920
:1042F00016E0C3F307201CF055F8E369B3B120467C
:104300000EF032FFE369607E9847BDE870401CF014
:104310003DB80948A3211AF0C7FD20460EF024FF3E
:10432000E36920469847002EEFD170BD0248A321D3
:104330001AF0BAFDE3E700BFEE5C020008B50FF02B
:10434000ADF828B1BDE8084002483F211AF0ACBDE5
:1043500008BD00BFEE5C020010B5064C0460064CC0
:10436000C2610023C0E9014303610123C16083618D
:1043700010BD00BF241E0020A5420000826938B590
:1043800002F00203D20704460D4620D553B9FF2997
:1043900021D1A36913F00C0F17D01148FC211AF09A
:1043A00083FD12E00E48ED211AF07EFDFF2DF0D0C6
:1043B00028461BF026FCFF28054603D10848F521B6
:1043C0001AF072FD2DB204EB4514204638BDFF29CA
:1043D000FBD0002BECD10248F2211AF065FDE7E793
:1043E000EE5C020001481FF060BA00BF241E0020EE
:1043F00001481FF066BA00BF241E002008B5064819
:104400001FF028FA1AF078FE1DF03EFB1DF04EFB5F
:10441000BDE808401DF04DBB241E0020022808B551
:1044200003D11AF023FD014B186008BD541E002073
:1044300008B506F071FC074B012018701AF06AFEEF
:1044400002201AF067FEBDE8084003490348FEF762
:1044500007BE00BF3A3E0020D4100020581E0020A6
:1044600038B50E4B1C786CB9204638BD1BF0DCFA11
:1044700004280FD01BF0D8FA05461BF087FF052D46
:104480000AD0F1E700201BF07BFF28B91BF0CCFA23
:104490000228EBD11BF07AFF0024E5E7E8130020A7
:1044A00008B5074B1B780BB1002008BDFFF7D8FFFC
:1044B0000028F9D100F0D6FE023818BF0120F4E739
:1044C000393E002070B50FF051F80446FFF7E8FFC1
:1044D00014F0070F204D0CD158B10FF047F810BB66
:1044E0004FF0FF34FFF77EFF844228BF0446042CC0
:1044F0001DD82B7823B901201AF00CFE01232B7054
:104500001AF016FE044628B32B781BB91348F9217C
:104510001AF0CAFC0EF092FF0446FFF763FF8442D4
:1045200028BF044616E00EF089FF0446DAE720466D
:104530001AF000FE0028DCD02B785BB11AF023F9CA
:10454000002106460120FEF711FD30461AF01FF942
:1045500000232B70204670BD3A3E0020615D0200B2
:104560001FB5FFF7AFFF0446FFF724FAA04228BFAC
:10457000204688B103A9FFF78BF9034638B9CDE986
:104580000000064A039906481AF0CCFC18B1054809
:1045900092211AF089FC012004B010BD13F1010032
:1045A000341E0020615D02002DE9F34102AB03E9F6
:1045B0000600044690460EF0BDFE054620460EF06D
:1045C000C9FE384F9DF80060374BFDB1202C98F89C
:1045D000002033F8141037F8140008D9814253D35F
:1045E0004FF6FF7291421DD102B0BDE8F081012A61
:1045F00032D802EB42122D4822444FF6FF7530F8B4
:104600001210A94202D0013120F8121033F8141010
:1046100037F81400814237D34FF6FF7291424FF0C2
:10462000010502D0013123F8141004F0FD02092A1B
:104630002CD19A8AB98A32448A42B4BF9A8299822A
:1046400033F814308342CFD3002DCDD1204602B0B1
:10465000BDE8F0411AF0E1BF022AD7D1134A32F87F
:1046600014104FF6FF70814204F121001CBF01318C
:1046700022F8141032F810104FF6FF75A9421CBF33
:10468000013122F81010C1E70025CBE71D2CD7D14E
:104690005A8F91198142BDBF02F1FF32B6185E8771
:1046A0005887CDE7663A0020B83A0020E23900206A
:1046B0000248522200211DF07FBA00BFB83A002004
:1046C00002485222FF211DF077BA00BF663A00204F
:1046D000034B1B681878012808BF0220704700BFF1
:1046E000EC1F002001480EF097B800BF0A3B0020E5
:1046F00070B5094E094D0A4C337821782A7803F0B9
:1047000043FF002333702B702370BDE870400548D1
:10471000FF211AF0EABC00BF573E00204C3E0020AB
:104720004D3E0020601E002008B51048FF211AF001
:10473000DCFC0F4B1B7813F020000CD000F068FB62
:104740001FF02DFC0120FFF7D3FFBDE808404FF418
:1047500080601BF0D1BDDB0603D5BDE8084000F04A
:104760005FBB0121B4201AF0EBFFECE7601E0020D4
:10477000573E0020024A03480021FFF7EDBD00BF6D
:1047800029470000601E002008B5054B1B7823B1A7
:104790009420FFF7ADFF002008BD7020FCE700BFAC
:1047A000573E002010B5184C2378DA0625D51E2870
:1047B0000ED065280CD0032820D143F020032370AD
:1047C000BDE81040114841F28832FF211AF07CBC4C
:1047D00023F020032370FEF7C9FA4FF4FA63B0FB0D
:1047E000F3F202FB1300C21892B20848FF211AF03C
:1047F0006BFC237823F01003237010BD1FF0CFFB58
:10480000AE20FFF775FFF4E7573E0020601E002042
:1048100030B53B4C2378DD1F012B8FB0EDB255D066
:10482000042B53D0032B41F6041252D0991F4B4254
:104830004B415B0013433348ADF80C301AF0F5FEE2
:1048400048B9314B2F4A03F1100153F8040B42F8D9
:10485000040B8B42F9D12378032B3CD0062B3AD0A2
:104860002A4B0DF10E0203F1100153F8040B42F82C
:10487000040B8B42F9D103A816F0C8FBB7280446F5
:104880000BD1012D1FD8BDF80C3003A823F4005321
:10489000ADF80C3016F0BAFB0446A4B9302016F07F
:1048A0008FFA044678B91AF0DBFE012D0BD8184AAE
:1048B0001068516801AB03C32246164901A81CF0D9
:1048C000EBFAA0B1182420460FB030BD43F6041215
:1048D000ACE70223AEE70B4A0DF10E0302F1100123
:1048E00052F8040B43F8040B8A42F9D1C3E7054997
:1048F000224601A81CF0D0FA0028E3D1E3E700BF6C
:10490000573E00203C3E0020D35D0200E45D0200E3
:10491000F55D0200FE5D02001FB50446252011F082
:104920004DF91C2200210D481DF046F90C4B18785A
:10493000FFF7CEFE022814BF0123042303208DF8C5
:1049400000301EF0F8FF04238DF808306846054B50
:104950000194039300F0ECF904B010BD801E002018
:10496000573E0020114B000008B50E490A78531C31
:10497000DBB2072B0B7001D0092B04D19420FFF779
:10498000B7FE942008BD02F0FB02032A07D1064BB4
:1049900018680028F2D0FFF7BFFF3D20F2E70020A3
:1049A000F0E700BF573E0020DC10002070B5154C2A
:1049B000154E23683268134321D0144B1B68F3B1A2
:1049C000134D2B78DBB91BF02FF890B94FF48060B2
:1049D0001BF055FC246844B101232B7000F018FA39
:1049E0002046BDE87040FFF797BF042334682B7062
:1049F000F4E7BDE870400121B4201AF0A1BE702098
:104A000070BD00BFE0100020DC100020EC1F002073
:104A1000573E002070B5214D287838B120492148F3
:104A200008221DF09FF8003818BF01201E4C261DDB
:104A300007E01B491B4808221DF094F8003818BFF6
:104A40000120227A2368D340DB0700D558B13046D5
:104A500011F080F8E8B92B78002BEAD1227A23688C
:104A6000D340DA07F3D5114B1878FFF731FE012355
:104A700003220F4910F0CAFB0E4A1378013313705A
:104A800058B1BDE87040FFF733BEBDE8704000F09C
:104A900013B8FFF769FF0028F7D070BD563E00201D
:104AA0004E3E0020921E0020801E0020573E002017
:104AB000841E00204C3E002008B5FFF7A9FE88B9EF
:104AC0000F4B1B78032B12D89BB10E4B0E481B6863
:104AD00040F8043B11F01CF868B1BDE80840012023
:104AE000FFF706BEFFF740FF0028E6D008BD072B02
:104AF000EBD0064BEAE7BDE80840FFF78BBF00BFED
:104B0000573E0020E0100020801E0020DC10002016
:104B100010B5134C237813B3838913F4407F1ED050
:104B20000368E3B911F044F80E4B187018B1BDE8F2
:104B30001040FFF7C1BF2378062B06D8032B06D9F8
:104B4000BDE81040AB20FFF7D3BD082BF8D00423FD
:104B50002370054BBDE810401868FFF7DDBE10BD9F
:104B6000573E00204D3E0020DC10002030B5394D6E
:104B70002B7887B004462BBB01A81BF0FFFE022355
:104B800001A88DF804301CF0CFF8B0B9324901A863
:104B90001CF031F988B1902C0FD1FEF7E7F847F2FD
:104BA0003153B0FBF3F202FB130000F51C50103040
:104BB00080B200F035F907B030BD912CFBD100F088
:104BC0005BF9F8E7902824D1032B11D0062B0FD0E6
:104BD000224B1B78DA070BD401A816F013F918B989
:104BE000BDF804309B0703D42B7843F010032B70DF
:104BF000FEF7BCF84FF4FA63B0FBF3F202FB1300CC
:104C0000C218174892B2FF2107B0BDE830401AF031
:104C10005BBA0EF009FC0028CDD12B78013B072BA5
:104C200011D8104810F096FF40B1FFF79DFE002804
:104C3000C1D107B0BDE83040FFF73EBF07B0BDE8C7
:104C40003040FFF7E7BEAE2007B0BDE83040FFF7C9
:104C50004FBD00BF573E0020FE5D02003B3E0020DE
:104C6000601E0020841E00201FB50F4C2478C4B1A4
:104C700042EA03229DF818308DF8051042EA4322DB
:104C80000A4BADF80C201A78094B8DF8061003EB8F
:104C90000213079900908DF80400DB6802916846C2
:104CA000984704B010BD00BF583E00205A3E002077
:104CB0009C1E002073B51A4D1A48FF211AF015FAF0
:104CC0002B7853B3184C194E2378180106EB0313B5
:104CD000305C1A7A59680EF04DFF4D281DD0E0B1B6
:104CE000227801230021CDE900311201C0B2B25C6B
:104CF000FFF7BAFF23780B4801330A22DBB2B3FB7C
:104D0000F2F102FB113323702B78FF21013B2B7052
:104D100002B0BDE870401AF0E0B902B070BD00BF4B
:104D2000583E00203C1F00205A3E00209C1E0020C0
:104D3000F8B5104F3E780A2E1AD00FC8DFF840C0E1
:104D40000D4D9CF8004005EB0415013485E80F007B
:104D5000E4B20A230948B4FBF3F2013603FB124420
:104D6000FF218CF800403E701AF0B7F90020F8BD22
:104D70000120FCE7583E00209C1E00203C1F002024
:104D8000593E0020024A03480021FFF7E5BA00BF60
:104D9000B54C00003C1F002037B5134D00232A7886
:104DA000CDE900330C461201104901238A5C01460B
:104DB0002046FFF759FFA4B90D490A788AB12B782C
:104DC00001330A20DBB2013AB3FBF0F400FB1433E9
:104DD00008480A70FF212B7003B0BDE830401AF07C
:104DE0007CB903B030BD00BF5A3E00209C1E00209D
:104DF000583E00203C1F002008B5032015F01EFA85
:104E000010B9024B01221A7008BD00BF5B3E0020A2
:104E1000024B002218781A70704700BF5B3E0020DA
:104E20000246FF2101481AF04FB900BF5C1F002065
:104E30000D4B1B7810B583B90C48FF211AF055F9BA
:104E4000FFF7DAFF044640B1094B1B78DB0604D5B7
:104E50001FF0A5F820461AF0EAFB064BBDE810400B
:104E60001868FFF7DDBF00BF5B3E00205C1F00201D
:104E7000573E0020E41000200148FF211AF035B908
:104E80005C1F0020054B1A7808462AB1032984BF0D
:104E900000221A70FFF786BC704700BF5B3E0020FF
:104EA000024A03480021FFF757BA00BF314E000005
:104EB0005C1F0020014B1870704700BF5C3E002053
:104EC000024B186800B14068704700BF7C1F00208B
:104ED0000B4B1B6870B5044600257BB11E88002172
:104EE00007E05A6802EB0110013145B9021B554237
:104EF00055418AB29642F4D89B68EEE7184670BDD9
:104F00007C1F00202DE9F04F93B01E469DF87430B1
:104F10000593022E4FF00003DDF87090DDF880A0BD
:104F2000ADF81E3007468846144640F2B48099F822
:104F300000305A072AD5042E40F2AD8099F804B00B
:104F4000594B002533F83520002A00F0AA8001359E
:104F50000A2DF7D1BAF1000F40F0A180FF25002300
:104F600020798DF81D3008AA0DF11D011BF0A7F95D
:104F700078B1BDF82C309DF81D0023801BF000FA9D
:104F80008DF81C00A0B113B0BDE8F08F99F802B005
:104F9000D6E720791AF035FE00287ED120791BF063
:104FA00001FA8DF81C000028EDD1404B5B8823806E
:104FB00062884FF6FF73002F08BF4346CDE90023F8
:104FC00000212388059A584601F042FB18B1E38876
:104FD00043F02003E380059BCDF83C9007A90DA882
:104FE000CDE90DA4ADF84080ADF842608DF8447075
:104FF0008DF845301BF071F910B19DF81C00C2E727
:10500000484601F079FAA01D01F064FA22464146B3
:1050100038461BF039FBB04208D274238DF81C309F
:10502000BAF1000F32D11BF0B1F9E6E79DF87C3000
:105030000393BDF8783002930DF11E03CDE9009380
:105040002246F3B2414638461AF001FC8DF81C00A6
:10505000BAF1000F0FD070B9BDF81E203AB1092D7A
:1050600005D8134B03EBC50143F835A08A80112006
:105070001BF005F9D7E7BA2808D1E388DB06D2D5BB
:10508000002301208DF81C30FFF714FF9DF81C3021
:10509000002BC8D1EBE7012075E7A32073E7B4200C
:1050A00071E7EDB25BE700BF841F0020D01F002036
:1050B000801F002010B500201BF062F90B4B1B680D
:1050C00063B15878052807D860B904460EF02CFB68
:1050D00020460EF05FF901E0FF2803D0BDE8104044
:1050E0001BF054B905240220F0E700BFEC1F00209C
:1050F00013B5124C00201BF043F923689BB101A8A3
:105100001AF0CEFC78B923681A789DF804309A42D8
:1051100009D0D91E032906D9D11E012903D9012A94
:1051200007D1022B05D1032301A8ADF8043010F0FC
:1051300023F902B0BDE810401BF028B9EC1F002095
:105140000023044A194601330A2B918042F8081BB8
:10515000F9D17047801F002030B50D4685B0044658
:105160000FF036FE8DB10A4B1A889B788DF80E3001
:105170000323ADF80C200093002203AB36214FF639
:10518000FC708DF80D401BF074FB05B030BD00BF06
:105190000E5E02002DE9F04F85B080468946BDF8CD
:1051A00038A00F9EBDF840102C481F46154600231E
:1051B00030F833208A4246D1294A52F833B00023CE
:1051C00030F833408C424FEAC30242D124490020D8
:1051D0000A4441F83300908047B92B8833B9B5F9B8
:1051E0000230002B02DB08201BF049F801201BF0E5
:1051F00083F89EB13478E30710D514F0040004D08E
:105200005246012130461BF09FF8CDE9017000960F
:1052100053462A46494640461AF036FDBBF1000F78
:1052200006D0CDE9006753462A4649464046D8474E
:10523000CDE9006753462A464946404603F020F927
:1052400005B0BDE8F08F01330A2BB1D14FF0000B50
:10525000B5E701330A2BB3D1BEE700BF841F00209E
:10526000801F0020014B1878704700BF5D3E002072
:10527000F8B506460C461BF020F80546B0B9304696
:105280001AF0BFFC98B90B4B1F7B87B95A88228054
:105290009A8862809B7923710121304600F018FAC8
:1052A00039466071304600F013FAA0710125284696
:1052B000F8BD00BFD01F002070B504460E4615464D
:1052C0001AF09FFC10B14FF6FF7070BD084B1A7BAF
:1052D000002AF8D146B901222946204600F01AFAE0
:1052E0000028F0D00088F0E7012EECD1F4E700BFF1
:1052F000D01F002013B5FF230DF1070104468DF8E0
:1053000007301AF0D8FF18B19DF8070002B010BDA1
:10531000074B03EB04131B7B0BB1FF20F6E7204682
:1053200000F07EF80028F8D0204600F0CBF9EDE739
:10533000D01F002008B500F0A1FCFFF701FF00F02E
:1053400051F80221084601F04BFAFFF7B3FE094B72
:1053500041F249021A80084A52231380074A4FF447
:10536000004013801DF0D6FEBDE8084000201EF06E
:1053700013BB00BFE0130020DC130020DA13002071
:10538000014908221CF0FEBBE7400020064A012329
:10539000D15C814202D1054AD05C704702335D2B5B
:1053A000F6D10020704700BF105E0200115E0200BF
:1053B00070B50A4B1D780A4B04460022D0B28542D4
:1053C00001D8FF2070BD1E78A64204D10029F9D073
:1053D0005E7BF607F6D401321033EFE75E3E002025
:1053E000D01F0020084B01221A70084B4FF4827125
:1053F0001A709A71064A59809A600A214FF4807295
:1054000099809A81704700BF5E3E0020D01F002027
:105410007C5E0200014B1878704700BF5E3E0020A2
:10542000034B03EB0013587B00F00100704700BFF3
:10543000D01F0020044A054B821A92105A43044898
:1054400092B201211AF055BBD45E0200ABAAAAAAFF
:105450006E5E0200044A054B821A92105A430448B9
:1054600092B201211AF045BB845E0200CDCCCCCCB7
:10547000745E02002DE9F04F8DB0DFF81C820293BC
:105480009DF858300793804B06911B7808EB031367
:10549000054616460A934FF000090A9B984501D12C
:1054A000862068E02B780393039A98F80030D8F8A8
:1054B00008A0934240F0E08098F80D30DC0709D551
:1054C0009AF8043009934FF0000B099A5FFA8BF3B6
:1054D000934202D308F11008DFE7DAF800701423D2
:1054E00003FB0B77294638461AF02BFB002800F007
:1054F000BE803B890893002308999AB2914202D852
:105500000BF1010BE1E70C225A430B937B680492E9
:105510009C1821462A46384605931AF02AFB227920
:105520000B9B002800F09A80069B03B11C6090063C
:1055300024D4564B09EB03080BE01A79910642BFBD
:10554000DA7890441FFA88F80C339C42F5D8504B17
:105550009844079B63B3214638461AF0E9FADDE91F
:105560000413B5F802905B5A0246494603981AF0B4
:105570008BFE38B97E200DB0BDE8F08F454B4FF063
:105580000008E2E72379DA0639D44346B0461E46DE
:10559000029AA378002A43D1E278A3F141010129BC
:1055A00040D8013AD2B2414630461BF099F800E0AB
:1055B0000EB90020DFE7214638461AF0B9FADDE9D6
:1055C0000413B5F802905B5A0246494603981AF054
:1055D00059FE0028CED02379DB06D9D5214638469E
:1055E0001AF0A6FA95F80080E2786D880346CDE9B6
:1055F00000622946224640461AF059FEBBE7214682
:1056000038461AF095FA95F800806D88169603468C
:105610002246294640460DB0BDE8F04F1AF049BE7B
:10562000029ABAE7433B012B06D8023A92B24146AE
:1056300030461BF06DF8BCE7079BE2781BB9029B74
:105640000BB193421ED341463046B8F1000F02D150
:105650001CF0B2FAADE71CF095FAAAE712F0300F91
:1056600002BFE2784A441FFA82F9013344E77B899A
:105670004B441FFA83F943E7BAF806304B441FFA4C
:1056800083F927E7892076E75E3E0020AB3E0020C5
:105690005F3E0020D45E0200D01F002070B50C4693
:1056A00015461E461AF0ADFA40B9054833462A465B
:1056B00021468068BDE870401AF070BA002070BDC5
:1056C000D01F0020014B0001185C7047D01F002044
:1056D00070B50C461AF095FAC0B90D4B9A682AB10C
:1056E000157903461426D9B2A94200D370BD1168BA
:1056F00006FB0311097B34B911F0800F1CBF013088
:10570000C0B20133EFE711F0400FF7E70020EDE7FB
:10571000D01F0020F8B50D4616461AF072FA03465F
:1057200040B90E4A9268177904464FF0140CE1B262
:10573000B94201D30020F8BD10680CFB0400017BC6
:1057400046B911F0800F03D09D42F4D00133DBB293
:105750000134ECE711F0400FF5E700BFD01F002047
:105760002DE9F04F414BDFF8088193F800A08BB092
:1057700006460024544506D2FF2E28D030461AF0A3
:1057800040FA044640B30BB0BDE8F08F1B6814220A
:1057900002FB05352B89B3F5967F01D919F0ABFBD8
:1057A00000274FF00C0B2A89BBB29A421CD809F192
:1057B0000109029B43445FFA89F59B681A79AA4262
:1057C000E4D8FF2EDFD10134E4B25445DBD208EB3C
:1057D00004131B7B002B45D12301029308EB041318
:1057E0004FF000090393E4E7BAB268680BFB02FECE
:1057F00000EB0E010B79DA062CD4039A059392F88C
:1058000000C08DF81CC013F0400FB5F800C030F890
:105810000E20ADF81EC0284614BF4FF0800C4FF08C
:10582000400C04918DF820C0ADF822201AF080F9C8
:10583000059B0499ADF824005B07C8780CD50228B5
:105840008A6800D91268012300930023194607A82B
:10585000FFF710FE0137A6E702288CBF8A6801F126
:105860000802F0E70134E4B284E700BF5E3E0020A6
:10587000D01F002070B5084D084E00242B78E0B2F0
:10588000834200D870BD06EB0010437BDB0701D5D7
:105890001AF07EFA0134F1E75E3E0020D01F0020AE
:1058A0002DE9F84F92464D7D9B46002833D0002DC0
:1058B00036D0012D18BF04251E4C0026B1464FF6E8
:1058C000FF772346228852451ED1E2782A421BD018
:1058D00094F80280D84517D3B9F1000F01D0B04534
:1058E00012D8D20610D5E21A1348C2F38F02022151
:1058F0001AF0FFF80F4BB9F1000F13D0B04516D3D3
:10590000B8423CBF464607460C4A04349442D9D1BB
:105910003846BDE8F88F002D14BF04250825CBE7D5
:105920000225C9E7464607464FF00109ECE746461F
:105930000746E9E73C5F0200345F0200505F020067
:105940002DE9F04F85B0CDE90123BDF838909DF8E1
:1059500040A09DF844B04D7D0F4648B36DB3012D76
:1059600018BF04251F4C00262388019A934217D1A3
:10597000E2782A4214D094F80280D04510D3D2069F
:10598000FB7B1CD563B1174A3B8A17480393A21AC5
:10599000C2F38F0202211AF0ACF8039B834210D0AD
:1059A000124B0434A342DFD1012005B0BDE8F08FD3
:1059B000002D14BF04250825D4E70225D2E7002BCB
:1059C000EED1B3450CD0B1450AD9029B0F9A03F82A
:1059D00006800F9B1B88013601331380B6B2DFE7C8
:1059E0000020E2E73C5F0200345F0200505F0200EB
:1059F0002DE9F04FB1F57C4F85B0CDE9023228BFDB
:105A00002B4B01904FF0000428BFB3F800A0009486
:105A10000E4638BF4FF0010AA1464FF6FF785445B5
:105A200003D3404605B0BDE8F08FB6F57C4F0CD3EC
:105A3000204B029A019803EB840331465B88FFF701
:105A40002DFE0546F0B1002718E0029A0198314674
:105A50001AF0F5F8F5E70C23BCB25C43D5F804B0B6
:105A6000039B3BF8040098420BEB040105D3009B19
:105A70005BB928461AF05CF8A0B901372A89BCB294
:105A8000A242E8D80134A4B2C9E74845F5D828466F
:105A90001AF04EF80028F0D03BF80410494501D325
:105AA0008045EAD901233BF8049000938046E4E75F
:105AB000725E0200745E02002DE9F0438FB016465C
:105AC000BDF85C70042F32D90DF113040394212525
:105AD000BDF8584000940DF114080295CDF80480EB
:105AE0001AF000FB044648B130461AF00FFC20467D
:105AF00000F0B0F820460FB0BDE8F0839DF8139099
:105B00002A464146484619F0CFFF0546304685B142
:105B1000043FAF420DD3114F1AF0F8FB3B88AA1C8B
:105B2000C3F152039A4208DB892000F093F88924DC
:105B3000E0E71AF0EBFB8924D9E7204600F08AF869
:105B4000484600F087F83E8805482A4630444146DA
:105B50002E441CF045F83E80CCE700BF0E3B0020F1
:105B6000AC3E002010B5044C20600448018004497C
:105B70000A60044A136010BDE81F00200C3B00209F
:105B8000E41F0020E01F002008B410B587B009AB67
:105B90000C4653F8041B0092CDE9011302460B4951
:105BA0000B4805930988006800231AF0BBFA094BDB
:105BB0001B681880084B1B684FF48A525C80DA809F
:105BC00007B0BDE8104001B0704700BF0C3B00209B
:105BD000E81F0020E41F0020E01F002007B5074B4E
:105BE0001B681B880192064A12680092054A1268D7
:105BF00019F083FD03B05DF804FB00BFE41F002033
:105C0000E81F0020E01F0020024B1B68187159712B
:105C1000704700BFE01F0020094B10B500241C7026
:105C200019F000FF074B52221880214606481BF04E
:105C3000C3FF064B1C80064B1C605C609C6010BD63
:105C4000003F0020103B0020AC3E00200E3B002017
:105C5000123B002007490B88512B9FBF064AD054A6
:105C6000581C80B29DBF088000F1FF3080180020D2
:105C7000704700BF0E3B0020AC3E0020024B034AA1
:105C80001A600020704700BFEC1F0020785E020001
:105C90002DE9F04F427D036890F8149090F813B00E
:105CA000866884895F88002A8BB014BF80224022D6
:105CB000054658790492C84600F0D4FB78B9BBF188
:105CC000050F05D86FF02D0343FA0BF3DB0706D55C
:105CD000032F04D0012128461AF0D3FC76E0EB7B99
:105CE00073BB687D9B4AB0FA80F040091380C00006
:105CF000FFF7B0FFEB7B93B3288A1AF007FB8246CD
:105D0000A87CFFF7A7FFBBF1160F00F27C81DFE84C
:105D10001BF0280080019E006100BA019E00740102
:105D2000C3017C01CC01D501DE012301FC017A0114
:105D30007A017A0112026202120279022301FC0145
:105D40002B8A002B00F05F81687D824BB0FA80F0D7
:105D500040090022C0001A8040F00400C8E79A46BB
:105D6000CEE70120FFF776FFDFF8E8A108F102098E
:105D7000A14529D84146224630461AF0E5FA2B685B
:105D800080465879BAF80030C3F152039BB20193B0
:105D90002B8A00934246049B39461BF0D1FE10B17A
:105DA0001FFA89F8E2E72B685879BAF80030C3F196
:105DB00052039BB201932B8A00934246049B3946BF
:105DC000FFF77AFE8928EBD11AF058FC01200BB0BE
:105DD000BDE8F08F0420FFF73DFFE31E4FF0000900
:105DE0000693069B984526D22246414630461AF035
:105DF000ABFA08F10201224689B2824630461AF017
:105E0000A9FA069B0890A3EB080208F103013144AC
:105E100092B2079119F048FEDDE9071305900028BA
:105E200053D18020FFF716FF09F1010950465FFAB0
:105E300089F91AF06BFAB9F1000FC5D1EB7B95F82F
:105E40001480002B434B0CBF022204221A80042032
:105E5000FFF700FF002305939946E31E079308F11F
:105E6000030A544565D92246414630461AF06CFA79
:105E700008F102010690224689B230461AF06AFA09
:105E8000079B0990A3EB080206EB0A0192B2089166
:105E900019F00AFE8246002841D02A68099B089919
:105EA0005079019102932B8A0093069A049B3946FC
:105EB0001AF0C9F848BB059B0133DBB205930AF120
:105EC000030AC2441FFA8AF8C9E72A685079CDE963
:105ED00001132B8A00935246049B39461AF0EFF8BF
:105EE000079058B1FFF7B6FE50461AF00FFA079B1D
:105EF00009F10109802B5FFA89F99CD0059B03F118
:105F0000030AC2441FFA8AF86BE7FFF7A3FE09F100
:105F1000010906985FFA89F91AF0F8F9CFE78720A6
:105F2000FFF798FE09F1010906985FFA89F91AF05E
:105F3000EDF9BBF1050F3FF449AFB9F1000F7FF464
:105F400043AF059B0BB98021C5E64846FFF782FEAB
:105F50003AE700BF0E3B0020BBF10C0F0CBF0D2039
:105F60001620FFF777FE2246494630461AF0ECF934
:105F70002246804609F1020130461AF0EBF9BBF1E6
:105F80000C0F044635D1192828BF1924EB7BE4B245
:105F9000B3B12E8A4FF6FF739E4211D12868049B3D
:105FA000407942463946FFF723FDB04208D0BAF1A6
:105FB000000F05D028828AF80000000A8AF8010044
:105FC0009B4B00201E88FFF745FE2B68ABF1150C9C
:105FD0005879DCF1000343EB0C03CDE901432B8A34
:105FE00000934246049B394619F0F5FE914B9855B3
:105FF000EAE6132828BF1324C8E728461AF04BF90D
:1060000000287FF4E3AE812165E628461AF069F99D
:10601000F6E70A2FA4EB090A29D1DFF81CB29BF896
:10602000003023B3EB7B13BBBAF1080F1FD122461C
:10603000494630461AF088F9C8B9224609F10201EA
:1060400030461AF087F9804688B9224609F10301E3
:1060500030461AF07FF9E22809D1224609F10401FD
:1060600030461AF06EF91AF0F8FA8BF800801FFA31
:106070008AF206EB090138461BF064FD00287FF424
:10608000A5AE002127E6A4EB090292B206EB0901B6
:1060900038461AF037F9F1E7A4EB090292B206EBA1
:1060A000090138461AF0F9F8E8E7A4EB090292B2C0
:1060B00006EB090138461AF016F9DFE7A4EB0902EE
:1060C00092B206EB090138461BF03EFDD6E72246A8
:1060D000494630461AF03EF92246804609F1010150
:1060E00030461AF037F92B68044658792B8A019309
:1060F000049B009342463946234619F0A9FD2246E7
:10610000414638461AF0CBF860E62246494630460A
:106110001AF020F909F10102A31AABF11604614249
:1061200061410091011E9BB2324418BF01213846E3
:106130001AF0B7F8A2E72246494630461AF00AF9A3
:106140002246804609F1010130461AF003F9BBF1FD
:10615000110F04463AD11220FFF77CFD0026EB7B9D
:10616000B3B1B5F810904FF6FF73994510D143467F
:106170003A4629463046FFF793FB484508D0BAF126
:10618000000F05D0030A28828AF800008AF801303F
:10619000DFF89C90DFF89CB0B9F800A0CDF804902F
:1061A000CAF1510292B20AF1010300925B44CDE9B7
:1061B00002843A4629463046FFF7C2FBB9F8003060
:1061C0000BF80A000133A9F80030FDE51420FFF7B1
:1061D00041FD0126C3E72246494630461AF0BAF887
:1061E00009F101039C4201D20020F0E5E41AA4B2B7
:1061F000021E0094298A334418BF012238461AF03F
:1062000054F83BE72246494630461AF0A3F809F114
:1062100001039C42E8D3E41AA4B2021E0094298A26
:10622000334418BF012238461AF03DF826E700BF74
:106230000E3B0020AC3E0020FE3E002009480378C3
:1062400073B9094A1946D3720133042B11731170C3
:1062500051601181917202F11002F4D10123037097
:10626000704700BFFF3E0020F01F002070B50646BB
:106270000D46FFF7E3FF0A48002300EB0514A17A5F
:10628000B14205D1217819B12B4400EB031070BD48
:106290000133042B04F11004F1D10020F7E700BF13
:1062A000F01F002030B5044685B080B3007B1AF0A3
:1062B00067F8184BE07A002503EB40102570FF21AA
:1062C00018F013FF144B284602019A5C22B90130E2
:1062D0000428F9D11AF010F8616899B1B4F90830BE
:1062E00022899B1303F002038DF80430C2F30E03DE
:1062F000ADF806304FF6FF73ADF808300023039376
:1063000001A8884705B0BDE830401AF03FB805B095
:1063100030BD00BF30200020F01F002010B5044623
:10632000FFF78CFF0E4B9C4212D003F120029442E7
:1063300010D003F1400294420ED060339C420DD144
:106340000323084800EB0310BDE81040FFF7AABF85
:106350000023F6E70123F4E70223F2E70020F3E746
:1063600030200020F01F002070B5074D074E00249C
:106370002846324600210134FDF7EEFF042C05F1DA
:106380002005F5D170BD00BF302000201D63000046
:1063900008B50268154B11881980518859805179C8
:1063A0001971117959714FF48A51D980D28812F03C
:1063B000200F0CBF0A464FF48B52DA8081690C4AD9
:1063C000137831B90B49C088088023F00203137099
:1063D00008BD43F002031370074B15220131184624
:1063E0001BF0D0FB002200F8012CF1E7123B00204B
:1063F000003F0020103B00201F3B002010B5174C31
:106400002368587919F0FDFB00BB154B227F197BDF
:1064100091421BD15A88236819888A4205D04FF6C9
:10642000FF70814212D1120410D42279023A012A5B
:1064300006D9A37B63B9BDE810400848FFF728BC24
:106440001989587919F060FF0028F2D1002010BD99
:10645000BDE81040014819F0D9BF00BFB4200020AA
:10646000D01F002008B519F0CCFB10B9024B1878EA
:1064700008BD0020FCE700BF053F002008B5002054
:1064800019F07EFFFF2019F0DDFB19F07FFFFEF70A
:10649000C1FF0121024606481BF08EFB054B064A50
:1064A00006485221FFF75EFBBDE80840FFF7E2B95E
:1064B000053F0020123B00200E3B0020AC3E002098
:1064C000034B18780130C0B2187000F07F0070479D
:1064D000E913002038B1074B1B78012B04D1038846
:1064E00043F0400303807047022BFCD1038823F064
:1064F0004003F7E7033F002068B1074A1378012BF8
:1065000007D1064B1B781370037843F01003037018
:1065100001E0022BF8D07047023F0020013F00202D
:1065200073B5244E3378D907024640D4224909680E
:1065300081B10868C1888D0641BF204CE18841F0D7
:106540002001E180C1884C0641BF1C48C18841F050
:106550004001C1801A4D1B492878097840074CBF7B
:10656000E9706970184913F00204098809D0144AC7
:10657000164819F0A8FE337823F00203337002B0F6
:1065800070BD134B18884FF6FB73984208D8CDE9BD
:1065900000520B46094A0146204619F0AEF8EEE7D4
:1065A0000092074B0A46054919F095F8E7E70020E5
:1065B000E5E700BF003F0020B0200020123B002094
:1065C000AC3E0020EA1300200E3B00201E3B0020C2
:1065D000103B002070B50379012B04460D4616468A
:1065E00031D883681B78DB0600D561B3A37B13B970
:1065F000E37C0B2B27D0154B00221A80637DB3FA66
:1066000083F35B09D800E37BABB9FFF723FBA07CE6
:10661000FFF720FB0B20FFF71DFBE07CFFF71AFBC9
:106620002846FFF717FB2046FFF7B2FE3046BDE8CD
:106630007040FFF775BF40F00400FFF70BFB208AA6
:1066400019F064FEE3E7002070BD00BF0E3B0020A0
:10665000F0B4054618460F4B0F4E1B78012B0C4625
:10666000BDF8101001D0377827B100233370002017
:10667000F0BC70470CB9002AF9D143B14FF657432B
:10668000994204D02B462246F0BC19F002BE0120EC
:10669000EEE700BFEB130020043F00202DE9F04F90
:1066A000484E494C8446964698460F460FCE25469E
:1066B0000FC596E80F0085B085E80F00DDF83CA017
:1066C000BDF838300093CDE901A4434672463946FF
:1066D00060461AF088F8DFF80081814670B900251D
:1066E000FFF79AFA1622002138481BF065FA0023BA
:1066F0002846C8F8003005B0BDE8F08F344BA27CC6
:106700001A702046C8F80040FFF742FE20461BF0F2
:1067100012FA054630BBBAF1000F25D12168E08896
:106720000B880190BA1E49880091032A8CBF002271
:106730000122E07C0121FFF78BFF38B923685B79E8
:10674000FF2B3AD0FFF75AFE0546C9E72368DB88DE
:1067500013F02006F2D11F4D01212046297019F0B7
:1067600090FF2E704D46BBE7BAF814309B07E5D476
:10677000B5E75846FEF7A6FF82465846FEF750FE9C
:1067800088B12368228A5988504619F03DFA50B1E1
:106790003846FFF7FDFD236889F804A083F805A0BB
:1067A000FFF72CFE00B9284601360546FEF732FEFB
:1067B0005FFA86FB5845DCD892E7034FDFF81C9060
:1067C0000026F3E7945F0200B42000201E3B002067
:1067D000EA130020043F0020B0200020123B0020DC
:1067E000034B1870034B1970034B00221A7070474B
:1067F000073F0020083F0020063F00202DE9F74F0B
:10680000DFF89080224F98F800303C7805460E461D
:10681000002B3AD04FF6FB73984236D8DFF878A0B9
:106820004FF0000B98F800309AF800005FFA8BF9EF
:106830004B450ED948446946C0B215F073FB082297
:10684000314668461BF08EF90BF1010B0028E9D1A7
:106850004C463B78A34208D198F80020631CDBB279
:106860009A423B7004BF00233B709AF800301C44EE
:10687000E4B23146204615F049FC30B9294620469D
:1068800003B0BDE8F04F15F039BB03B0BDE8F08FA1
:10689000063F0020083F0020073F0020034B1878E8
:1068A0000130C0B2187000F07F007047093F00202F
:1068B00030B585B00024ADF80A20021D92B2012A3D
:1068C0001D46ADF80840ADF80610ADF8044003D9F8
:1068D0004FF6FF72904207D1064A2B46127801A963
:1068E0001EF0BFF805B030BD014601AA204612F0E7
:1068F00061FBF7E7EC13002000487047763D00206D
:10690000014B1878704700BF00140020014B188815
:10691000704700BFBA130020014B1878704700BFC2
:10692000F9130020014B1878704700BF0D3F00207D
:10693000014B1878704700BFF413002008B5084BCE
:1069400000221A605A60FCF711FA064B1870FCF727
:106950000DFA054B1870054B1A78054B1A7008BDD7
:1069600042390020323F0020313F0020F213002046
:10697000303F002000B5002193B008466A460BF076
:106980004DFA0146C8B90E4B0E4A09930E4B0A93B5
:106990000D920E4B0E4A0B930E920E4B0E4A0C9319
:1069A000CDE90F230D4B11936A460BF017FD00380C
:1069B00018BF012013B05DF804FB0120FAE700BF07
:1069C000373A020035670100C33B0200A1F3010022
:1069D000893E0100413C020041760100C163010093
:1069E000074B1878112803D8064B0341DA0704D562
:1069F000A0F143035842584170470120704700BF3F
:106A0000343F0020CBFFFDFF08B5064B1B78013B50
:106A1000022B05D80020FFF7E3FF0138C0B208BD04
:106A2000FF20FCE7353F00202DE9F74F3A4B3B4F65
:106A300093F800903A4E3B4B3B4D3C4C3C483D4913
:106A4000DFF8F8C0DFF800E1DFF814A1DFF814B1D7
:106A500001934FF00008019B203301935FFA88F304
:106A6000994507F1200706F1200605F1200504F1FC
:106A7000200400F1200001F120010FD82E4B2F4DF2
:106A80001C782F4E2F4B304F00221146D0B284423B
:106A900003F1200338D803B0BDE8F08F2B4B2C4A0C
:106AA00047F81C3C002346E907232A4A47F820CC34
:106AB00045E90723284A47F8103C44E90723274AB9
:106AC00046F820CC40E90723019A45F820CC47E955
:106AD000063E46E905E345E905E344E905E340E907
:106AE00005E341E908CA41E9063E44F820CC40F8F4
:106AF00020CC41F8103C08F1010842E908CB42E9FA
:106B0000063E42F8103CA6E743E9085643E906175B
:106B100043F8101C0132B9E703140020CC2B0020ED
:106B2000AC2B0020CC2A00208C2B00202C2B00200A
:106B30000C2B0020EC2A0020FE13002098390020A6
:106B4000B5A101004C2B00202A8502008B3F0200DA
:106B50008F3E0200516B0100658501003309020080
:106B6000B5E10100755A0100044B00F1100250F824
:106B7000041B43F8041B9042F9D17047363F0020B4
:106B8000044B03F1100253F8041B40F8041B93421A
:106B9000F9D17047363F0020F0B5071D05460022A9
:106BA00093B00C46384608211CF0BAFE6A7B0646B4
:106BB000D0070BD5687808A91AF0FBFADDF83D304C
:106BC0006B60DDF841307B6080B101E0910702D459
:106BD0002D2013B0F0BDD20002F080020121384612
:106BE0001AF0EEFAFF286870F2D0E6B119231946C0
:106BF0006A7801A818F067F99DF81C305B0604D587
:106C00000B484FF4C07118F04FF9234603AD07ACA1
:106C10002A4603CAA24218605960154603F10803C8
:106C2000F6D10020D5E708A91AF0C3FACCE700BFD7
:106C3000C35F02002DE9F04307468BB01D4888462C
:106C40001646FFF79DFF0025002D01AB194A0CBF2A
:106C500036205C200024994612F8011B0134E4B26E
:106C60004140102C03F8011BF6D105A81DF011FCC2
:106C70004A46214605A81DF010FCBDB941463A46DA
:106C800005A81DF071FC05AC32460DF1240C23461D
:106C900003CB6345106051601C4602F10802F6D137
:106CA00015B10BB0BDE8F0830125CDE73246214692
:106CB000E6E700BF663F00202DE9F04F99B0DFF80E
:106CC000E880DDF890909DF88CB09DF8886088F899
:106CD00000B0174682460C461D462022304B0F93CB
:106CE000002110A81AF068FF4F4504D02A46394603
:106CF00048461AF047FF4FEA0B4303F47C1343F076
:106D0000A86343F480737819711B09EB050C6CB30D
:106D10000DAACDE90AB209EB060209920EAACDE945
:106D200007120D22CDE9051CCDE90350CDE900A2E3
:106D30001C49029710220FA8FBF7DAF907460FA8A3
:106D40001AF06BFA17F1950F24D02FBB0E9B761B10
:106D5000F6B29E4220D10CB398F800000D9B9842E9
:106D600014BF2120002019B0BDE8F08F0EAACDE994
:106D70000912BA19CDE905120D22CDE90350CDE96A
:106D800000A2CDE907BC0749029710220FA8FBF724
:106D900071FAD3E72C20E6E72120E4E72046E2E77A
:106DA00000248000663F002004140020F0B51B4B37
:106DB00093B0002607460C461546314620220AA805
:106DC000CDE908631AF0F8FE08AB1022DFB1CDE977
:106DD0000523CDE90325CDE90164114B1149009646
:106DE00009A8FBF7D5FB044609A81AF016FA14B94E
:106DF000089B102B04D00C4840F23E2118F054F8A8
:106E0000002013B0F0BDCDE90323CDE90125044BEB
:106E10000449009409A8FBF73DFCE4E70024800046
:106E200000444004663F0020C35F020030B50546C1
:106E300089B069461AF009F86B8804ACABB12246F8
:106E40002946684619F07AFF0E4A08AD234603CB5F
:106E5000AB42106051601C4602F10802F6D10948AD
:106E6000FFF782FE002009B030BD064D6B461A4682
:106E700003CAA24228606960134605F10805F6D1ED
:106E8000EDE700BF663F002050B10B4B0B4A03F10A
:106E9000100153F8040B42F8040B8B42F9D17047F0
:106EA000064B054A03F1100153F8040B42F8040B9A
:106EB0008B42F9D1704700BF663F0020463F00205B
:106EC00008B5102202481AF05DFE002008BD00BF80
:106ED000563F002008B50846102202491AF052FE1B
:106EE000002008BD563F0020F0B587B0054603A836
:106EF0000C4613F087FF0146002847D1BDF80C303F
:106F0000980643D5102220461AF056FE01A812F02A
:106F1000EDFFB8B16E7B16F0020F05F1040706D045
:106F2000082201A938461AF01DFE00282CD101AB19
:106F300003CB46F00206686079606E73238843F0E5
:106F400008032380238843F00203238012F0C4FB4C
:106F500060601CF035FD30B10D4B1B68A3602388C9
:106F600043F0040323800B4B1A68D1035EBF2388D0
:106F700043F010032380130242BF238843F40063CD
:106F80002380002007B0F0BD2D20FBE72420F9E787
:106F9000FC2B0020002C0020064B1B6810B433B1E2
:106FA0005C6824B1DA6923465DF8044B18475DF844
:106FB000044B7047242C0020074B1B6813B54BB1C2
:106FC0001C683CB1DB69CDE9001343884268417815
:106FD0000078A04702B010BD242C0020044B1B6891
:106FE0001BB19A680AB1D86910470020704700BFEA
:106FF000242C0020024B1B68D3F86C329868704731
:10700000242C002030B5084D14688C4208D2035D52
:10701000093BDBB2172B03D845FA03F3DB0700D596
:1070200030BD01341460EFE7ECFF7FFF2DE9F04F36
:107030006B4B8BB01D68039200240646884605946E
:10704000002D00F0BA80002800F0B78005AAFFF7F5
:10705000D9FF059B8B4280F0BB805F1CC35C05970A
:107060007B2B40F0B580FFF7CDFF059B8B424DD3C6
:10707000A2460294A3462746A14607AB009305AA61
:1070800006AB414630461AF01DFA002800F0A080F9
:107090003046FFF7B7FF059B434580F0998003F129
:1070A000010CF35CCDF814C03A2B40F09180FFF74F
:1070B000A9FF09AB009308AB1AF004FA002800F00E
:1070C0008780079B012B0CD1069BF35C702B77D13B
:1070D000BAF1000F7CD1099F002F79D0DDF8209004
:1070E000824605AA41463046FFF78CFF059B434583
:1070F0006ED216F803C00133BCF17D0F05930FD09B
:10710000BCF12C0F64D1FFF77DFFB6E7C25C7D2A8E
:10711000AED101330593A2460294A3462746A14669
:1071200005AA41463046FFF76DFF059B43454FD109
:10713000BAF1000F4CD0012385F89732D5F86C32A4
:10714000D3F8048040461AF059FD8742B14405D176
:107150003A46414648461AF005FD10B1012385F82C
:107160009332102F28BF10273A462F44494605F581
:107170001C704FF000081AF033FD87F870826CB174
:10718000029C102C28BF102422462C4406EB0B0135
:1071900005F281201AF024FD84F88182039B85F892
:1071A000923295F8933283F0010285F8942223B14C
:1071B000002385F86632A5F864320BB0BDE8F08F85
:1071C000762B8ED124B9DDE908B30446029388E713
:1071D000012385F89332002385F89432E9E700BF54
:1071E000242C00202DE9F341DFF8EC800546D8F887
:1071F000000016461F461AF054F960B359BB2846E2
:107200001AF01AF838B3A5F13603012B21D8A6B32A
:107210009FB33378042B30D1D8F80030D3F86C32D8
:107220009B7C53B3362D0CBF4FF007084FF0080876
:10723000B84510D13146424668461AF0D1FC0323C6
:10724000362D8DF800304146684641D11AF0BEF81F
:1072500002E0372D03D9002002B0BDE8F0812F2DC8
:107260000BD8152D20D0A5F11803042BF3D83A46DE
:10727000314628461AF03EF8EEE7303D072DEAD8B1
:1072800001A353F825F000BFB3720000BD720000E7
:1072900057720000577200005772000057720000CA
:1072A000C7720000CD7200003946304619F0CDFF9C
:1072B000D2E73946304619F0D8FFCDE73946304697
:1072C00019F0FBFFC8E739463046BFE7394630467C
:1072D0001AF09BF8C0E700BF242C002070B54FF4D3
:1072E00027728AB00C46002106461AF065FC0FCCC6
:1072F00035460FC594E80F0085E80F0000F0B6F89A
:10730000104BC6F86C021E600F4B00930F4B01939D
:107310000F4B02930F4B03930F4B04930F4B0593AB
:107320000F4B06930F4B07930F4B694606F1200056
:10733000CDE908361AF0B5FAD6F86C32DB68B364DA
:107340000AB070BD242C0020996F0000DD6F000092
:10735000F56F0000B96F00002D7000008B14020063
:1073600055140200731402007F140200034B1860CE
:10737000012380F8953220301AF0C6B9242C002061
:1073800038B50E4B044600F12005186028461AF067
:107390009BFA94F8953283B194F896326BB194F8D5
:1073A000973253B994F898323BB9012384F8983254
:1073B0002846BDE838401AF0A7B938BD242C002073
:1073C000064B10B5044618601AF05FF828B104F1B6
:1073D0002000BDE810401AF094B910BD242C002004
:1073E000094B10B5044618601AF04FF850B120341C
:1073F000204600211AF079F920460321BDE810400B
:107400001AF073B910BD00BF242C00202DE9F34100
:107410001D46154B11F0FB070646144618601FD198
:107420001AF033F8E0B1012D1AD9AB1E032B17D98E
:10743000A58894F80280E1786DBAADB22A1D9A420F
:107440000ED106342B4622464046FFF7CBFE38B11C
:10745000009523463A46414606F120001AF059F9B4
:1074600002B0BDE8F08100BF242C00200048704726
:107470004C6002001FB50023CDE900330393552370
:107480008DF8073004460C4B029308210DF10700DC
:107490001AF075F88DF80F0064B1236853B110210C
:1074A000684698472368102168469847236810214A
:1074B0006846984704B010BDAA0355AA2DE9F743C2
:1074C000DDE90A5914460C9E009680460F462A466E
:1074D000194620464B461AF04DF9F0B9B8F1050FA0
:1074E0001CD1FB071AD5CCB1C5B1B9F1000F15D02D
:1074F0000D2913D12378362B10D1637873B9A37873
:1075000063B9E378072B09D163793BB9054B2B604D
:1075100004346C600EB101233360012003B0BDE878
:10752000F08300BF360009002DE9F04FCB88B1F899
:1075300003B091F80590A9B05DBA059383699BFAF1
:107540009BF704468846BFB2ADB201F1080A1E4659
:1075500023B1436A2A4651464846B04720461AF0AE
:107560009BF8B9F1080F29D9A9F12003DAB20B2A47
:1075700006D9E369002B00F08F80616A484662E01B
:107580000B2BF6D801A252F823F000BF9977000028
:1075900073750000737500001D770000A37600006E
:1075A000AD770000C77700007375000073750000A9
:1075B0007375000073750000C7770000B9F1080FFC
:1075C000D7D801A353F829F0ED7500000576000027
:1075D0004F7600006576000073750000C7760000E6
:1075E0002F760000D5770000F1770000BBF1000F87
:1075F00052D1CDF800B05B465A465946204619F0A4
:10760000F2FF49E02369002B46D0059A62B10AEBEC
:10761000050212F8012C511E4A424A41691E504689
:1076200029B0BDE8F04F1847059A1146F7E7059BCA
:10763000B3F5807F03D198F80830102B2CD0E36984
:1076400053B3616A062029B0BDE8F04F18472046C1
:1076500019F08BFF012300938DF8200008AB022264
:107660003946CBE700238DF8203001230093032215
:1076700008AB3946204619F0B6FF236A2BB1059AAC
:107680006AB198F80800616A9847204619F06DFFC2
:10769000014620461AF029F829B0BDE8F08FFF20F6
:1076A000F1E765680DB1A8470546A3680BB1984797
:1076B00003462B441BBA2ABA099308230892009365
:1076C000242208ABCCE7059B4FF00008CDF81C80C6
:1076D00043B920238DF81B300123009305220DF1BF
:1076E0001B03BDE707AB029308AE1023019300967E
:1076F000A16A2B4652460520FFF7E0FE0028E8D09D
:10770000079B984501D31023E4E7E36813B10021F8
:107710003046984708F101080836F1E7042D07D8EC
:1077200020238DF820300123009308AB232297E714
:1077300008F1090019F009FF98F808304FF0000926
:10774000012B8246CDF81C9007D920238DF81B30E1
:10775000012300930DF11B03E8E7059BB3F5A06F30
:10776000F3D007AB691F009308AA102389B208F170
:107770000D0019F0FFFF0028E7D008AE079B9945E0
:1077800001D31023E2E7E36813B15146304698472E
:1077900009F101090836F1E7204619F0E6FE014635
:1077A000204629B0BDE8F04F19F09FBF204619F0E0
:1077B000DCFEC31E58425841012300938DF820007F
:1077C00008AB25224CE701238DF8203000934A4670
:1077D00008AB45E708AA294650461AF001F80123EC
:1077E000C0F1030000938DF81C0007AB072237E7B8
:1077F000A5F10B03032B0ED8291F08F10C0019F07B
:10780000A7FEC0F10300C0B2012300938DF8200051
:1078100008AB082224E70320F6E700BF014B012252
:107820001A707047AB400020034A1368013313609D
:10783000024B1870704700BF942C0020873F002037
:1078400010B5054C206830B11AF09CF823689842B6
:107850002CBF0020012010BD802C002070B5FBF74C
:10786000E5FF06460D46FBF7FBFF094B1C68094B7D
:107870001B680246E41A30460023294600F018FF30
:10788000054B064A2044186013680133136070BD2D
:10789000E02C0020DC2C0020D82C0020D42C002050
:1078A00008B51AF07DF848B1054B1B7803F0FF00CE
:1078B00023B1044B1878B0FA80F0400908BD00BF2E
:1078C000AF400020863F00201A4A1B49136801334D
:1078D00013601A4B1A6802F00F02072888541A68BE
:1078E00002F101021A60164B187004D1154A136890
:1078F000013313607047202818D006D8062811D00D
:10790000082809D0052809D07047252810D02C2830
:107910000AD0232804D070470B4AE8E70B4AE6E771
:107920000B4AE4E70B4AE2E70B4AE0E70B4ADEE7E3
:107930000B4ADCE7F42C0020893F0020B82C002003
:10794000883F0020B42C0020B02C0020AC2C00205C
:10795000A82C0020A42C0020A02C00209C2C00206F
:10796000982C0020204A1368022803F101032DE916
:10797000F0410446136035D81C4A13680133136084
:107980001AF000F80928054612D85CBB184B0122F2
:107990001A70184B1C70184B1C70184A136813B1DE
:1079A000EB1A022B1ED9164B156001221A7019E032
:1079B000012CDFF83C800F4F0F4E0AD119F0E2FF87
:1079C000104B78301860002388F800403B7033700B
:1079D000E3E7012388F80030022C4FF000033B70EE
:1079E0003370DAD1BDE8F081902C0020882C002083
:1079F000863F0020AF400020853F0020842C0020DF
:107A0000843F0020802C002008B519F0C9FF28B958
:107A1000FFF716FF10B1024B01221A7008BD00BF1C
:107A2000833F0020F8B5104DD5F858310446D3B146
:107A30000E4E3378BBB10E4B14201F68FBF716FFB8
:107A40000128A4EB070438BF012084420BDB09495D
:107A50000A6801320A60084900230A683370C5E9E0
:107A6000563301320A60F8BD1C3100209E3F0020D1
:107A7000E42C0020F82C0020F02C002070B5C4B0BD
:107A80001C46489B0D4611460BB12D4A13602D4AEA
:107A90001368013313602C4B18702C4B1D7000239E
:107AA0001A469EB2B44237D9042B30D1284BB4F5D4
:107AB000807F1A6029D8274A13785E1C167021B37C
:107AC00000228DF808208DF809308DF80A0063BA7D
:107AD00022460DF10E008DF80B50ADF80C301AF067
:107AE0007FF8063402ABA4B2009301221A4B019432
:107AF0004FF46F410920FEF747F801210846FEF7D1
:107B000083F80021084618F0B7FB44B070BDCE5C86
:107B1000013346EA0222C4E70D4B1A600D4A13787E
:107B20005E1C1670002CCAD18DF808408DF8093003
:107B30008DF80A008DF80B50ADF80C40D1E700BF6E
:107B4000BC2C0020C42C00209A3F0020993F00202C
:107B5000C02C00209B3F0020606002002DE9F04116
:107B600086B0FBF763FE0E460746FBF779FE3D4BFA
:107B70003D4D1A68B2F5803F36BF1A68FF22C2F346
:107B800007228DF80C201A68B2F5803F36BF1B68BB
:107B9000FF23DBB28DF80D30344B1A68B2F5803F0D
:107BA00036BF1A68FF22C2F307228DF80E201A682A
:107BB000B2F5803F36BF1B68FF23DBB28DF80F3074
:107BC0002B4B1A68FF2A96BF1B68FF23DBB28DF888
:107BD0001030284B1A68FF2A96BF1B68FF23DBB2C0
:107BE0008DF81130244B1A68B2F5803F36BF1A6801
:107BF000FF22C2F307228DF812201A68B2F5803FE7
:107C000036BF1B68FF23DBB28DF813301B4B1B788C
:107C10008DF81430804601230A22294603A88DF8E6
:107C2000153019F09FFFD0B1002442462346384654
:107C3000314600F03DFD124B1A6882420FD83C30AD
:107C4000186003AB03CB1B88286069602B8103AAF3
:107C5000CDE900440A232146CE20FFF70FFF06B0EE
:107C6000BDE8F081A42C0020763F0020A02C00204D
:107C70009C2C0020982C0020942C0020873F002072
:107C8000282C002070B50D4E16F088FD3378044680
:107C90007BB916F078FD012105460846FBF766F929
:107CA000284616F074FD064A012333701368013329
:107CB00013602046BDE8704016F076BD9D3F002061
:107CC000FC2C002070B50D46044617F06EF9074BEA
:107CD000074E1860FFF7D6FF2544AC4200D170BDB7
:107CE00014F8011B304616F0CFFEF6E7E82C002012
:107CF0000000014008B50B4BD3F81C24C3F8242422
:107D0000094A136801331360084A01231370084AB3
:107D1000137017F04AF9074B1860BDE80840FFF7E9
:107D2000B1BF00BF00A00040002D0020A13F0020F7
:107D3000A03F0020E82C00202B4AF8B513682B4DFB
:107D40002B4E013313602B691B0606D417F02DF957
:107D5000284B18600423AB64F8BD284616F08EFE4D
:107D6000044617F022F9244933880A6801320A6070
:107D7000224A23491470234A10600F78224A9BB28A
:107D800017B300270F7021490C7054B1117869B1F5
:107D90000021552C117009D11D490A6801320A6071
:107DA00004E01C4F39680131396012781A4A128890
:107DB0009A1A92B2FF2A0DD9184A13680133136038
:107DC000174B01221A70BEE711780029EED0002C63
:107DD000DED1EBE7DAB2134901338C5412499BB27E
:107DE00041F822003380AEE7102D00200000014052
:107DF000A63D0020E82C0020142D0020A23F0020EA
:107E0000A13F00200C2D0020A03F00200A140020DC
:107E1000042D0020082D0020A43D0020EC2C002083
:107E20009F3F0020A33F0020182D002038B5084BAD
:107E30001860FBF7FBFC05460C46FBF711FD002321
:107E400002462146284600F033FC024B186038BD3C
:107E5000E02C0020DC2C002038B5431E033312D860
:107E6000094C0A4B044420461D68FFF7DFFF084B0E
:107E7000084A1C6013680133136025B9BDE8384017
:107E80000548FFF7ADBA38BD80436D38E02C0020BF
:107E9000D02C0020CC2C00201C310020064A136876
:107EA0001BB106490B6801330B6000231360044AC1
:107EB0001370FCF769BC00BF802C0020782C0020D8
:107EC000833F00202DE9F74F1546234A136810F031
:107ED000FB0F03F1010307468846136008D01F48D3
:107EE0002B464246394603B0BDE8F04FFFF78EBA45
:107EF000052DF4D9DFF874B0194A8E1CA5F10209DA
:107F00007488337864BAA4B204F1040ACA45E6D886
:107F1000CA2B15D1A4B1337912490B70CBB1022B06
:107F200041F2707318BF4FF4FA63CBF800300023AE
:107F3000DBF800100C48CDE90033FBF709FD084AD7
:107F4000A9EB0404A4F10409B9F1030F5644D7D8EE
:107F5000C5E74FF47A73E8E7742C00201C31002049
:107F60001D78000009140020B8330020F010002014
:107F700030B5414B414A1A608DB0FFF783FE40484F
:107F8000404DFDF7FDF940480121F8F7ABFB3F48B4
:107F90000121F8F7A7FB0021084601230422F9F785
:107FA00017FC0023012211461846F9F711FC0FCDEA
:107FB00005AC0FC495E80700354D84E8070005A916
:107FC000284616F01DFD00240323AC676B67EB6C9D
:107FD00043F00403EB642F4B4FF480521A602E4D94
:107FE0002E492846FFF77AF92846FFF7BFF90C23F8
:107FF0008DF814302A4B2B491B68CDF80D300B68D7
:10800000CDF815304B68CDF8193042258B68CDF886
:108010001D30042203AB2146009501208DF80C2071
:1080200018F03DF8204B21461870052205AB00954D
:10803000012018F034F81D4B1870302300932146AE
:108040001B4B0722012018F02AF81A4B1A4A187005
:1080500041F270712346CDE900441848FBF736FC25
:10806000CDE90044164A174823464FF4FA61FBF75E
:108070002DFC0DB030BD00BF183100209C60020007
:10808000A3400020C060020000350A000032040056
:108090000000014000E100E01C3100207C60020093
:1080A00062600200676002000814002007140020CC
:1080B0007960020006140020097A0000542C002088
:1080C0001D780000B83300202DE9F043934A944C0A
:1080D000136885B00133136017F0A6FC914B18703C
:1080E000914819F011FA914BC0B21870904819F0EC
:1080F000E1FA17F099FC431EDBB2012B00F2098173
:10810000022811D123681BB919F03CFC206028B16A
:1081100019F038FC2368C01A3B2807D9854B1A7818
:108120009AB100221A700EE000232360824D16F0EF
:108130003CFF2B68C31A002B044606DBC820FBF764
:1081400095FB204428600FF01DF87C4B7C4D1A787D
:108150005AB100221A707B4A1368013313601BF076
:108160001EFF794A012313702B70784E33785BB170
:10817000754C237843B119F013FC28B1744B1B786C
:1081800013B10023337023702B7843B119F0FAFB3D
:108190000446FFF755FB002840F00A81287017F0CD
:1081A00043FC03286B4D40F0278119F0EBFB2B6853
:1081B0000446002B40F019812860674B1A68A242E0
:1081C00009D8664A0A341C60136800210133012073
:1081D00013601BF098FE624A624B1068196888426F
:1081E00014D012681A60604B604A1B78002B00F0B4
:1081F00006815F4B1B78002B40F00181137801331F
:10820000DBB2022B137001D916F040FE594B1A78DD
:1082100022B1002244481A70FFF7E2F819F0C0FBBF
:1082200008B9554B187019F0BBFB002849D0FBF773
:10823000FDFA05460C46FBF713FB002302462146D8
:10824000284600F035FA4C4B1D78044695B90122BA
:1082500035481A70FFF7B4F8484A136801331360C1
:108260000321474A0423CC20CDE90055FFF706FC43
:10827000FFF774FCFFF772FC424B1A68A2421AD84F
:108280000F341C6002230024019303AB22460093A9
:108290000A213D4BADF80C402046FDF775FC01214D
:1082A0000846FDF7B1FC2146204617F0E5FF374AA6
:1082B000136801331360364B1B681D2B01D916F070
:1082C000E5FD344F344E3B78344D8BB116F066FAF1
:1082D000338800249BB22B803C7016F065FA124B59
:1082E0002F4AC3E956441368013313602D4B1C70A9
:1082F0002D4CDFF8B8800C4F2A88338892B29BB29D
:108300009A427FD116F051FE05B0BDE8F043FFF769
:1083100089BB084A00232360137016E7502C002005
:10832000442C0020051400201C310020823F002036
:108330003C310020AB400020402C0020843F002036
:10834000833F00208C2C0020853F0020863F0020AA
:10835000AF400020382C0020342C00207C2C002042
:10836000D8330020302C00200B140020813F002047
:10837000AE4000209C3F0020803F0020482C002081
:10838000746002002C2C002060600200C82C0020C9
:10839000DC3300209F3F0020A63D0020A43D0020AC
:1083A000F02C00209E3F0020A33F0020182D00202D
:1083B000214E3368A3423FF6F2AE17F035FB00289A
:1083C0007FF4EDAE053428703460FCF7DDF9FCF77E
:1083D000EDFA1A4A1A4B1060196811B91168194A56
:1083E00011601A6801321A60D9E6C31A3B2B7FF676
:1083F000E4AE16F04BFDE0E600232B60EBE6002335
:10840000137003E72B88DAB20133A15C58F822908D
:108410008DF80C109BB248462B80FFF703FB01221E
:1084200003A93846FEF7ACFF074BC3F80090074B93
:1084300001221A7060E700BF3C2C0020EC100020E5
:108440004C2C0020E8100020E42C00209E3F00204F
:1084500010B50A4C23680A2803F1010323600AD1EE
:10846000072A08D90B7833B94B7823B98B7813B91D
:108470004868FFF7F1FC002010BD00BFE833002082
:1084800010B50E489DF80C100368013303600C4BC7
:1084900019700C4B49B90C4801240470196012B1D1
:1084A0000A4B52881A80002010BD18684FF6FE71E2
:1084B0008842F4D819680131F0E700BFE0330020AA
:1084C0000C140020DC330020AF400020BE1300203D
:1084D00010B5034610B90022104610BD01680029EE
:1084E000F9D0154849880268144C01320260144AD8
:1084F00001201070134AD87C1180134AB1F57C4FCB
:1085000010709A7B227003D1002AE4D00122E3E7A5
:10851000B1F56F4F0DD1002ADDD09A89197D9B6886
:108520008A4286BF521A92B200221944FFF7CAFC4F
:10853000ECE71929D0D0CEE7E43300200D14002059
:10854000AF400020C01300200E140020912808B571
:108550000CD10B4B00221A7017F066FA28B919F0EB
:108560002DFA10B1074B01221A7008BD9028FCD1DA
:10857000034B01221A70BDE80840FFF78FBC00BF13
:10858000AF400020833F002030B40B4D2C680134F5
:108590002C600A4C20700A4C21700A490A700A4A61
:1085A0001370012318B1094A137030BC7047084A90
:1085B000137030BCFFF772BCD83300200B140020BE
:1085C000AE400020AD400020AC400020833F0020A2
:1085D000AF40002038B5F8F739FC0E480E4D0121A8
:1085E000F8F780F80122012411461046F8F750FBF5
:1085F000224621462046C5F88040F8F749FB204630
:10860000C5F8844022462146F8F742FBC5F8884069
:10861000002038BD30253E0000400E401A4B07B503
:1086200001225A641A6842F480721A6001A8F9F7AC
:1086300061FA9DF80530012B03D89DF80430022B18
:108640000DD9124B4FF41872C3F88C22104AC3F89C
:108650009022104AC3F8F0220F4AC3F8F822FAF722
:108660003DF9FAF7EDF8FAF701F9FFF7B3FF16F065
:10867000EAFBF7F793FEFAF76DF9F7F74FFF03B050
:108680005DF804EBFAF73EBC00000E4000400E40DF
:108690009A6F0500180100040084320808B502F042
:1086A000CDF9024B00221A7008BD00BFB040002077
:1086B00053B94AB9002908BF00281CBF4FF0FF3149
:1086C0004FF0FF3000F06AB9ADF1080C6DE904CE4F
:1086D00000F006F8DDF804E0DDE9022304B070479D
:1086E0002DE9F047089D0C46002B4ED194468C4551
:1086F0008646B2FA82F262D94AB1C2F120039140B1
:1087000020FA03F30CFA02FC194300FA02FE4FEAC6
:108710001C471FFA8CF6B1FBF7F44FEA1E4307FB28
:10872000141143EA014304FB06F199420AD91CEBF8
:10873000030304F1FF3080F01381994240F210816D
:10874000023C6344591A1FFA8EF3B1FBF7F007FBA2
:10875000101143EA014300FB06F69E420AD91CEBC6
:10876000030300F1FF3180F0FD809E4240F2FA8069
:10877000634402389B1B40EA044000211DB1D340F2
:108780000022C5E90032BDE8F0878B4205D90DB162
:10879000C5E9000100210846F5E7B3FA83F1002995
:1087A00046D1A34202D39042C0F0F180861A64EB16
:1087B00003030120002DE6D0C5E90063E3E7002AAA
:1087C00040F09180A1EB0C044FEA1C481FFA8CF793
:1087D0000121B4FBF8F64FEA1E4308FB164443EAB6
:1087E000044307FB06F0984208D91CEB030306F18B
:1087F000FF3402D2984200F2CE8026461C1A1FFA9D
:108800008EF3B4FBF8F008FB104443EA044300FB8A
:1088100007F79F4208D91CEB030300F1FF3402D293
:108820009F4200F2B1802046DB1B40EA0640A5E7EC
:10883000C1F120068B4022FA06F71F4320FA06FCFE
:1088400004FA01F343EA0C03F44000FA01F8380C8F
:108850004FEA1349B4FBF0FE1FFA87FC00FB1E44ED
:1088600049EA04440EFB0CF9A14502FA01F20AD9C7
:108870003C190EF1FF3A80F08580A14540F28280DC
:10888000AEF1020E3C44A4EB09041FFA83F9B4FBD9
:10889000F0F300FB134449EA044403FB0CFCA44539
:1088A00007D93C1903F1FF3068D2A44566D9023BD1
:1088B0003C4443EA0E40A0FB0293A4EB0C049C4210
:1088C000CE469C4652D34FD055B1B8EB0E0364EB65
:1088D0000C0404FA06F6CB40CC401E43C5E9006404
:1088E0000021BDE8F087C2F1200320FA03F10CFA61
:1088F00002FC24FA03F394400C434FEA1C4800FAAC
:1089000002FE1FFA8CF7B3FBF8F008FB1031230CC2
:1089100043EA014300FB07F1994208D91CEB03032A
:1089200000F1FF362CD299422AD9023863445B1AEF
:10893000A4B2B3FBF8F108FB113344EA034401FB92
:1089400007F3A34208D91CEB040401F1FF3613D24C
:10895000A34211D902396444E41A41EA004138E7DC
:108960000446EFE6084605E7C845ADD2B9EB020E6E
:1089700063EB070C0138A7E73146EDE7034698E7BC
:108980003046D4E7D6467EE7634402384CE70646D5
:10899000234608460EE7023E63442FE7704700BFB8
:1089A00008B5064B044613B10021AFF30080044B19
:1089B0001B6803B19847204615F0A7FE0000000091
:1089C00028350020024B0146186800F033B800BF7C
:1089D000F4100020014819F0F7B800BFB1400020A2
:1089E000014819F0F2B800BFB140002070B50D4D3C
:1089F0000D4C641BA4100026A64209D10B4D0C4C53
:108A00001CF0FEFD641BA4100026A64205D170BD1B
:108A100055F8043B98470136EEE755F8043B984774
:108A20000136F2E758140020581400205814002092
:108A30005C14002038B50546002941D051F8043CAB
:108A40000C1F002BB8BFE418FFF7C4FF1D4A1368C2
:108A500033B9636014602846BDE83840FFF7C0BFF3
:108A6000A34208D9206821188B4201BF19685B68AE
:108A700009182160EDE71A465B680BB1A342FAD9E9
:108A800011685018A0420BD120680144501883424D
:108A90001160E0D118685B68536008441060DAE741
:108AA00002D90C232B60D6E7206821188B4204BF23
:108AB00019685B68636004BF091821605460CAE7E5
:108AC00038BD00BFEC3300202DE9F04F14469B4623
:108AD000C36B87B005465B6960680E46012202A938
:108AE0009847EB6B01225B6903A93046984702A8BF
:108AF00019F03CFC074648B10023A37563754FF09D
:108B0000FF33A360002007B0BDE8F08F03A819F081
:108B10003AFC0123A375237E04EBC303DE611F84AB
:108B20006368B3420ED1206003A819F04EFC4FF0E9
:108B3000FF332075A360237D043B022B25D800233F
:108B4000A375DFE723681A1A53425341A37503A89C
:108B500019F03BFC237D834218BFA77503A819F0C9
:108B600016FC074602A819F012FC87421CBF00231E
:108B7000A37503A819F013FC074602A819F00FFC0F
:108B800087421CBF0023A375D5E703A819F0FFFB9C
:108B900080B1EB6B02225B6904A93046984704A8B8
:108BA00019F004FC0346207D032839D8DFE800F0E3
:108BB0003838040903A8F3E7237E04EBC303CC226F
:108BC0001A8401F037FC109B1870277E03A819F057
:108BD000D2FB04EBC70787F82200237E04EBC30314
:108BE00003A8B3F8209093F8227019F0D0FB8046C8
:108BF00003A819F0D4FB8246B8F1000F15D0EB6B37
:108C000002225B6904A93046984704A819F093FB37
:108C10006075637D6BB90023A3754FF0000838E0E1
:108C2000227E04EBC2021384CBE703A819F06EFB8B
:108C3000EEE794F81680B8F1000FEED0B9F1000F0E
:108C400009D1DFB10123E375637E002B4FD1012FE2
:108C500042D1677614E06B6C06EB0A02594286EA51
:108C6000020008421CBF0021A175591E0A409B1A30
:108C70009945D0D8A37D002BE3D1CEE7E37D43B95E
:108C80004FF000084B4652463146284619F0F1F89D
:108C9000A060A27D12B123694B4423611949237E50
:108CA000097899422AD901332376BBF1000F27D0E6
:108CB00032B3E37D23B3B8F1000F21D1032F1FD0CE
:108CC000A1684B1C1CD0109B009322460123284610
:108CD000FFF7FAFEA07513E095F8343063B9EB6A3C
:108CE0000133CFD1032FCDD10123A376C8E7012FC4
:108CF000CFD0032FC4D1F7E79846C3E70023A3756D
:108D0000A07D00E7B05602002DE9F04F8BB00E4673
:108D1000044698464FF0FF310023104617468DF861
:108D2000133001F071FBB6F5801F3BD3B21C53D159
:108D3000E56A6B1C57D1616A204618F0E0FF0546D2
:108D4000B31C18BF0123DFF814910193636A626CAE
:108D50000293236802FB053AE36B05A95B690522D0
:108D60005046984705A819F0BAFB19F0DDFB5046AC
:108D700019F0E5FB4FF0000B824601464B1C05D075
:108D8000636C81EA0A025B42134232D029462046D4
:108D900018F0B5FF029BAB424DD0BBF1000F4DD197
:108DA0000546D3E7314605AA04F1080019F093FA05
:108DB0000146481C10D0384601F026FB0DF1130384
:108DC00001223946204619F0CFF828B19DF813301A
:108DD00088F80030002003E0237C002BA8D11D4838
:108DE0000BB0BDE8F08F2368ED1A636CB5FBF3F5AB
:108DF000A6E7484601F008FB0DF11303019A494626
:108E0000204619F0B1F8034690B1B21C03D0D9F84E
:108E10000020B2420CD103930F4B9DF8132088F829
:108E2000002049461A68384618F0DAFE039B9B4634
:108E3000D9F80810A2E7BBF1000FD0D0B6F5801F1B
:108E4000C8D298F800307A68314604F1080001F081
:108E50001FFABFE70BE000F0AC5602001C1D00201B
:108E60002DE9F3410E461B4D816A0446174698468C
:108E7000E36A8B422AD04B1C18E0284601F0C4FA62
:108E80000DF1070301222946204619F06DF830B193
:108E90009DF80720434629462046B847B0B1A96847
:108EA0004A1C05D0012E0AD0E36A9942E5D10DE0B3
:108EB0006968204618F0B0FF012E0146D8D16B68D2
:108EC00081EA0302636C5B421A42D1D002B0BDE872
:108ED000F08100BFF01C00202DE9F041036B076812
:108EE0009046826B9A4288BF8363426C436A02FB5E
:108EF0000377C36B90B05B690E46052201A9044657
:108F00003846984701A819F0EAFA0128014630705E
:108F100057D0656CE26B2368606AD2F814C005FB19
:108F20000030052206A9E04706A819F0D8FA012862
:108F30004FF0000523D0D4E90A3201219342CDE954
:108F40000B458DF834800E958DF83C102AD11946CA
:108F5000204618F061FF236B626CE06214339B1AA9
:108F600023630C9B53B99DF83C303BB1626A616C42
:108F70002368E06B01FB023119F069FA0C9DE36B89
:108F800005225B6901A93846984701A819F0A7FA9C
:108F90003070236BA26B28469A4288BFA36310B03F
:108FA000BDE8F081237C33B91C490BAA04F1080009
:108FB00001F0BEF9D5E71A4A0BAB2046FFF750FF88
:108FC000CFE7237C23BB1749224604F1080001F0B8
:108FD000AFF9616A204618F0B3FE616A421C204670
:108FE00018F07CFE054620B9236B626C1344143BD9
:108FF0002363A16A204618F00FFF2368A062C01AFD
:10900000636CB0FBF3F06062204618F048FFB6E7EF
:10901000054A00232046FFF723FFDAE7D99900002D
:1090200055990000F11F02008D1F020073B50D4617
:10903000D11E4A421C461B7E4A419A4226D12968CB
:109040002368994222D3636899421FD8114E0DF1CB
:1090500007033246FFF758FEC0B972686B689A4240
:1090600014D19DF80730DA1E53425341227E9342B9
:109070000CD1636901336361D4E90323934205D2C0
:10908000A268296842F8231001332361012002B04D
:1090900070BD00BF481D00202DE9F04F8BB0DFF8F8
:1090A00058B19A469DF850300293DBF81030534582
:1090B00080460D461646C0F09980DBF804300193D7
:1090C000D146B9F1000F00F08D80D8F83C300198FE
:1090D0005B69012207A9984707A819F054F9DBF842
:1090E0000030984240F0858007A819F058F904280C
:1090F000074614D107A819F059F9019B029A0446B2
:109100003B44002A3FD1864212D9361A14460199AF
:10911000404618F081FEA9EB04090190D1E7D8F888
:109120003C3001985B69022208A9984708A8E2E749
:10913000841B544528BF5446032C03EB0607AAEBB7
:10914000040A4FEA94021CD9D8F83C3029465B69DE
:109150003846984724F0030304F003061F441D44D7
:10916000002ED4D0D8F83C3001225B6908A93846DB
:1091700098473246284608A9354418F031FD0026A4
:10918000C5E72646ECE700F00302039203442A18E1
:10919000074604920593049BDD1B059BD81B039B8C
:1091A0009F420FD1002FB2D0D8F83C30012208A93D
:1091B0005B6998473A4608A9284618F0D3FC78B965
:1091C0003D44A4E7D8F83C30012208A95B699847E0
:1091D000042208A9284618F0C5FC08B9043FDAE7BC
:1091E000DFF8189048460BB0BDE8F08FDFF810901C
:1091F000F8E7DFF81090F5E7741D002012E000F0AA
:1092000011E000F022E000F02DE9F0410F4688B0B7
:1092100016469846044660B390F83450FDB10121DB
:1092200018F032FD0E9BCDF80480CDE902379DF891
:109230003C308DF81C30237C04960021CDE90511CB
:109240008BB90D4901AA04F1080001F071F8DDE9BC
:109250000553E06B002E08BF1D4618F0D7FE2846C8
:1092600008B0BDE8F081054A01AB2046FFF7F8FDE4
:10927000EDE70546F3E700BFBB1F02002D9000009D
:109280007FB590F84260019204460DF10B030A4647
:109290003046124918F0C2FE012EE36B054619D183
:1092A0005B69324603A998479DF80B10039B019A0E
:1092B00059B19BB243EA02430393E36B9B690122DA
:1092C00003A92846984704B070BD1B0C1B0492B23A
:1092D0001343F1E79B69012201A9F3E7741D002004
:1092E0002DE9F04F99B00F4609920A69416C0E932F
:1092F0001439D31DB3FBF1F3013302EBC302036B4B
:1093000093420446C0F00D820023DFF820940D93B1
:10931000E36A07931946484601F076F8D7E9033621
:1093200004930E9B022B4ED1CC2E40F08A81099BD8
:10933000002B42D03946204618F0C7FE656C079ACC
:1093400014906B1E1340ED1AE36B78685B69012281
:1093500016A9984716A819F01AF800280CBF04237C
:109360000823782E06933DD90123002505934FF05D
:10937000080A3B6805990E98C9F80030C9F81060D2
:1093800019F027F84FEA9A031093DDF81CB089F81A
:10939000140000230B930F9308930C93616C4A1EE7
:1093A0000BEA02028B1A002E38D05544AB4240D84B
:1093B000236B5B1A13442363ABE0049B1B68149379
:1093C00008230693D0E7656C079A6B1E1340782E2E
:1093D000A5EB030516D8FB7D7BB9099B002BB3D108
:1093E00004230693331DAB4210D9A6B1082DBBD878
:1093F000042500230593AA46BBE7099B002BA3D1B4
:109400000823EEE7099B002B9ED1D9E7002505959F
:109410004FF0040AADE704250596F9E75345C7D395
:109420000BEB0A030393B046089B002B18BF0323E2
:1094300013E0A3EB0A039E42B0460BEB0A0228BFDF
:1094400098469E420392EFD9D9F810200123964204
:1094500089F8173071D1C9F804B0089399F817301A
:10946000002B6CD099F818200899D31C09EBC30382
:109470000132C3F804B0A3F80880997289F8182063
:10948000B8F1000F14D00E9B022B5BD10B9B7BB964
:109490000F9B4344032B0BD9E36B03989B69012279
:1094A00014A998470546002840F03D8101230B93FD
:1094B000089B0193059B009399F814203968434653
:1094C00016A800F057FFE36B109A9B6916A958463F
:1094D0009847051E0D9B18BF5B460D9352464346A9
:1094E0005946204618F0C5FC236BC9F8080008F15E
:1094F0000302A3EB0A0322F003029B1A2363002D4D
:1095000040F011810F9BDDF80CB04344A6EB080638
:109510000F935946204618F07FFC00258346002E05
:109520007FF43CAF814A39689368E36252680E9BCE
:1095300004F1080000F0ACFEDEE002238DE7C9F87C
:1095400004B09DE7099B002B30D1049BB8F1030FB9
:1095500043440A9327D9E36BDDE903019B694FEA92
:10956000980298470546002865D118F003025FD09D
:10957000049B28F003052B440493039B1D444FF0E8
:10958000FF330499159315A818F02AFBE36B2846BE
:109590009B69012215A998470A9B04930546002D53
:1095A00086D0039B99E7039D4246E8E7039B0A9315
:1095B00007F120031193FB7D78689BB13D7E0C9AE7
:1095C0000023D9B28D4211D9119931F8331091424B
:1095D00003F1010C26D907EBC3030699D8690A44A5
:1095E000104403E00C9B069A13441844E36B0122D9
:1095F0005B6915A99847159B13930C9B0A98043334
:109600000C93E36B01229B6913A99847039B0A9A69
:1096100043449B1A042B054607D978B913460433F3
:109620000A93C8E7521A6346CBE70A9B0393B6E74F
:109630000A9B04933CE70A9B0493B2E70A9B0393BB
:10964000AFE73B4E04F1080303932368079A606C6D
:10965000A2EB030ABAFBF0FA00FB0A3018F06FFF26
:10966000E16A8046204618F0D7FBA26A82424AD0BF
:10967000626CD9F808302568E062511E0B40216BFE
:10968000891A0B4423630D9B5D1BB5FBF2F5AA45BC
:1096900036D1079BB3EB080A12D0E36B4FEA9A026C
:1096A0009B6941469847E36A079A5344E362236BF8
:1096B0009B1A434483462363039818F0DCFDDA4683
:1096C0002368616CE06B01FB053118F0ADFE2046AC
:1096D00018F0E5FA204618F0E2FB2063BAF1000F1B
:1096E00011D03A69616CD31D1439B3FBF1F3013326
:1096F00002EBC3029042A8D2304619B0BDE8F08F09
:109700004FF0000ADCE73A69616CD31D1439B3FBF2
:10971000F1F3013302EBC302236B9342BFF4F8ADC4
:10972000EAE7044EE8E72E468CE700BF1C1D002048
:1097300023E000F006E000F02DE9F3471E46436900
:109740009DF82890B3420446884617463DD300252D
:109750008DF80750204618F06EFAD4F830A08245F4
:109760000AD2236AB5EB430F06D200220DF107019E
:109770002046FFF7B1FB30B39DF80730012B05D130
:1097800000220DF107012046FFF7A6FBB9F1030FF8
:1097900006D03146204618F039FA256B854218D399
:1097A0000D4D4FF0FF31284600F02EFE4B460022B3
:1097B00029462046C5E90376C5F8008002B0BDE819
:1097C000F047FFF78DBD0135C4E7044802B0BDE89E
:1097D000F0870348FAE700BF481D00200FE000F0C3
:1097E00006E000F02DE9F04790F8426086B0012EC7
:1097F00005460391A1EB020715D1B7F5807F28BF7D
:1098000003264FF06408DFF848A100244FF6FF79E3
:1098100095F84230012B14BF322364239C420AD3B3
:109820005FFA88F415E0B7F5803F34BF01260226C1
:109830004FF03208E7E705AB22465146284618F0BC
:1098400022FC95F84230012B059B34D14B452DD19C
:10985000E4B295F84230012B0CBF64223222121B75
:10986000B24217D3012E39D10022012B05978DF872
:10987000132027D1082205A90DF1130018F0B6FD19
:109880009DF81330059A42EA032221462846FFF745
:10989000F7FC40B102232E4900930968CC2303AAA8
:1098A0002846FFF749FF06B0BDE8F087DBB203B9F1
:1098B00002340134ACE7591CCAD09BB2002BF8D15A
:1098C0000134F6E7102205A90DF1130018F08EFD02
:1098D0009DF81330059A42EA0342D6E7039A0592AF
:1098E000012B23D10823202205A90DF113008DF8A7
:1098F000133018F07BFD9DF81320120221462846F4
:10990000FFF7BEFC95F84230611C012BC9B21AD199
:109910000028BFD1BDF814202846FFF7B1FC00286D
:10992000B8D10234BDF81620E1B2AFE710232022EF
:1099300005A90DF113008DF8133018F057FD9DF8AF
:1099400013201204DAE70028A4D1059A9EE700BF8D
:10995000741D0020032A2DE9F34106460D461746E3
:109960001C4606D1237A012B23D0012002B0BDE88A
:10997000F081DFF8608009680DF107034246FFF7C8
:10998000C3F960600028EDD19DF80720237A032AEF
:10999000E8D0D8F804106A689142E3D1012B296914
:1099A000D4F80CC007D172690CEB0103934202D9C1
:1099B0002074207CDAE708316144E1603B460122F3
:1099C00029463046FFF78CFC60600028CAD0002092
:1099D000CCE700BF481D00202DE9F341089C032A75
:1099E0002668174606D1237A012B24D0012002B025
:1099F000BDE8F081DFF890800DF107034246304664
:109A0000FFF782F960600028EDD12568D8F80400DE
:109A1000A96AD5F844C0227A4840CCF10003184026
:109A2000E1D1012A09D1E268D8F8103013447269F3
:109A3000934202D92074207CD9E72868EB6A1B1A6C
:109A4000081AB3FBFCF3B0FBFCF083420BD1706C43
:109A5000F36A421E1340326B121A134433632846D2
:109A600018F0DAF9E862D8F81020E36806492068AF
:109A700008321344E36001223B46FFF731FC60608B
:109A80000028B0D00020B2E7481D00202DE9F04F9B
:109A90004FF0FF334FF6FF72002500F10806C0E9D2
:109AA000092387B00446C3620562056330460F464A
:109AB00018F0E1FB204618F0F2F828BB20463946A2
:109AC00018F06DF9204618F0EAF828BB8A4D2046B8
:109AD00018F018FAECE0E26B2368606CD2F814C05E
:109AE00001A9052200FB0530E04701A818F0F7FCAA
:109AF000012828D12946204618F022F9421C29467F
:109B0000204618F0EBF80135E3699D42E3D3204687
:109B100018F0C5F80028D1D000254FF6FF73C4E92E
:109B200008534FF0FF39CA46A846E369984514D355
:109B3000A5EB0905012D37D8636A4FF6FF729342F2
:109B400047D16E4DC3E718F0F4FC0028DBD029465E
:109B5000204618F0F5F80246D1E72368E26B606C06
:109B6000576901A9052200FB0830B84701A818F081
:109B7000B6FC834601A818F089FC0746584618F041
:109B8000D3FC70B15745236A38BFC4F82480B94567
:109B900003F1010328BFB946BD42236238BF3D46E9
:109BA000BA4608F10108C0E74FF6FF73636200256B
:109BB000E3699D42C0D2676C2068E36B05225B6954
:109BC00001A907FB0500984701A818F05FFC0135C3
:109BD000EEE7E26B676C2068556901A9052207FB77
:109BE0000300A84701A818F051FC626A2368606C62
:109BF000434D00FB023018F0A2FC4FF0FF33A0628F
:109C0000E3622A460DF103036FF001012046FFF7DE
:109C10007BF8002850D1AD68E5622946204618F04F
:109C20001AF8206320B9E16A204618F0F5F8E062DE
:109C30002946204618F0F0F80546A36A9D423DD11A
:109C40006569626CE91C143A2046B1FBF2F105EB40
:109C5000C1050335B5FBF2F518F054F90235A842F9
:109C600080463DD2616A204618F049F80027064632
:109C700004F1400A474512D3626C236802FB06399F
:109C8000E36B05225B6901A94846984701A818F0D3
:109C9000FDFB534602464946E06B18F052FC314644
:109CA000204618F02CF80137AF420646E2D3154D96
:109CB000284607B0BDE8F08FA56AADE729462046E3
:109CC00017F0C9FF236B0344294607462363204648
:109CD00018F0A2F80546002FAFD1C4E90B07ACE796
:109CE000304618F0C8FA0023074A19462046FFF705
:109CF000B7F80025EBE600BF03E000F016E000F047
:109D0000481D002013E000F0571F0200634A0023A3
:109D10002DE9F041176813600E46044618B9604DEE
:109D20002846BDE8F08190F834500DB30968026808
:109D3000914240F0AA8071684268914240F0A5804B
:109D4000B1688268914240F0A080F168C268914297
:109D500040F09B8031694269914240F09680B16940
:109D6000C26B914240F09180726982611D46D7E7D3
:109D700050222946D0F8388017F01EFF3368236040
:109D800073686360336963617369A361D6E9021222
:109D900004F10800C4F8388018F07FFAB369E3636F
:109DA00004F140009B68984794F8432020B1E56196
:109DB000002AB4D03B4DB3E7656C002DF7D0666840
:109DC000B6FBF5F3E361002AA9D0B542F2D82268C8
:109DD000B2FBF5F105FB1122002A58D105FB1363F4
:109DE000002B54D1204617F026FFA3690433034407
:109DF0009E424ED3636940F63472CC3B93424AD8BC
:109E0000B5F5007FD6D30321204617F03DFFE36B65
:109E1000D4E900011B689847E36B0546DB68022024
:109E200098471DB1002384F834301EE0394620469F
:109E3000FFF72CFE1C4B9842054604D139462046BC
:109E4000FFF724FE0546636C143B002DEAD1226A1D
:109E5000204602FB03F617F0EEFEA3690433034429
:109E60009E4206D284F83450104DE06B18F0CEF8C4
:109E700056E70F4A012384F834301368D4E900010F
:109E80000133136014F079FCEFE70A4D48E70A4DFF
:109E900046E7064D44E7094D42E700BF3035002054
:109EA00009E000F004E000F013E000F002E000F050
:109EB0002C35002008E000F001E000F005E000F0A3
:109EC0002DE9FF410F4690461E46054698B390F88F
:109ED000343093B3B1F5801F31D21A4C022117F000
:109EE000D3FE22460DF10F0339462846FEF70CFF3C
:109EF000024678B10123009342463346394628464C
:109F0000FFF71AFC0446E86B18F080F8204604B00E
:109F1000BDE8F0819DF80F30012BEBD12169B142F2
:109F2000E8D10093414633462846FFF7B5F804468A
:109F30000028DFD1E7E7044CE8E7044CE6E7044CEF
:109F4000E4E700BF741D002009E000F007E000F026
:109F50000AE000F02DE9FF410C4616461F46054673
:109F600088B390F8343083B3B1F5801F2FD2DFF877
:109F70007C80012117F088FE21460DF10F03424637
:109F80002846FEF7C1FE044670B99DF80F30012B3C
:109F900011D1D8F81030BB4213D10090024631469F
:109FA0002846FFF779F80446E86B18F02FF82046AA
:109FB00004B0BDE8F081074C074A022B08BF1446E5
:109FC000F2E7064CF0E7064CF1E7064CEFE7064CEB
:109FD000EDE700BF0BE000F00CE000F011E000F056
:109FE00009E000F007E000F00AE000F0741D002036
:109FF00070B586B00E4603920546A0B390F8343093
:10A000009BB3B1F5801F32D2022117F03DFE194AF1
:10A010000DF1170331462846FEF776FE044618B9BF
:10A020009DF81730032B0ED10223009303AACC23F3
:10A0300031462846FFF780FB0446E86B17F0E6FF41
:10A04000204606B070BD022B0BD10A49284618F0F5
:10A050003CF8039981420246EFD02846FFF7C2FB45
:10A06000EAE7054CE9E7054CEAE7054CE8E7054C6B
:10A07000E6E700BF741D00200DE000F009E000F0ED
:10A0800007E000F00AE000F073B50C4616460546FE
:10A0900030B390F834302BB3B1F5801F24D20121B6
:10A0A00017F0F2FD2146114A0DF107032846FEF78D
:10A0B0002BFE044680B99DF80730032B0CD0022BF1
:10A0C0000CD10A49284618F000F83060E86B17F008
:10A0D0009DFF204602B070BD054CF7E7054CF5E743
:10A0E000054CF6E7054CF4E7054CF2E7741D00203B
:10A0F0000BE000F00DE000F009E000F007E000F0F8
:10A100000AE000F0F7B50C461646054668B390F82D
:10A11000343063B3B1F5801F2BD2022117F0B4FDA8
:10A12000154A0DF1070321462846FEF7EDFDC0B99B
:10A130009DF80730032B14D0022B14D10E4928466A
:10A1400017F0C3FF471C024639462846FFF74AFB73
:10A15000044606B13760E86B17F058FF204603B09D
:10A16000F0BD064CF7E7064CF5E7064CF6E7064C63
:10A17000F4E7064CF2E700BF741D00200BE000F08E
:10A180000DE000F009E000F007E000F00AE000F068
:10A190002DE9F3411F4600230C4616463B60054659
:10A1A00050B390F834304BB3B1F5801F28D2DFF8AC
:10A1B0006480012117F068FD21460DF10703424636
:10A1C0002846FEF7A1FD0446A0B99DF80730032BF1
:10A1D00010D0022B0AD10123336004233B60E86BCB
:10A1E00017F014FF204602B0BDE8F081D8F8103017
:10A1F0003060F3E7034CF2E7034CF3E7034CF1E77D
:10A20000034CEFE70BE000F009E000F007E000F09E
:10A210000AE000F0741D002030B50C4685B00546FC
:10A2200028B390F8343023B3B1F5801F23D2022134
:10A2300017F02AFD0DF10F03104A21462846FEF7BC
:10A2400063FD034688B99DF80F20032A0DD0032231
:10A250000092214602462846FFF76EFA0446E86B54
:10A2600017F0D4FE204605B030BD054CF7E7054C8D
:10A27000F8E7054CF6E7054CF4E700BF741D002035
:10A280000BE000F009E000F007E000F00AE000F069
:10A290002DE9F04346688EB3056898464FF0000CF0
:10A2A000A946AE4655F83C40C4F3130701340CF1FF
:10A2B000010C01D0B94218D066450EF1080EF1D15B
:10A2C0002F46002403E0A64207F1080713D055F8F3
:10A2D0003430013304F10104F5D1C1F3130141EA33
:10A2E0000851C7E90012BDE8F08341EA0851CEE900
:10A2F0000012BDE8F083B8F1030F03D1012303720C
:10A30000BDE8F083002303E09E4209F10809F5D07F
:10A3100055F83340C4F30754032C03F10103F3D180
:10A32000C1F3130343EA0853C9E90032BDE8F083DF
:10A330002DE9F043476883B0CFB106468846914681
:10A340000024336853F83450C5F30752C5F31301A2
:10A35000013503EBC403304604F1010405D05B680A
:10A36000CDF80090C04710B17768BC42E9D303B084
:10A37000BDE8F08373B5044622489DF81850012AC1
:10A3800000EAC11123F07C4007D9961E012E28D97E
:10A39000073303F07F03194308E09DF81C30DB0608
:10A3A0000A4303F0C053134343F060410023C4E960
:10A3B00000108DF80730B5B1202221460DF10700BD
:10A3C00018F014F81A220DF10700211D18F00EF8EC
:10A3D00063689DF8072043EA82636360082002B047
:10A3E00070BD1143E2E71B220DF10700214617F073
:10A3F000FDFF23689DF8072043EAC2632360042021
:10A40000EDE700BF80FFFF0738B5094B04461A6827
:10A410000D46002117F0D0FB00234FF0FF322383BD
:10A42000C4E900252361A260E382A37638BD00BFA2
:10A43000AC5602000138C0B205289ABF014B185C27
:10A4400001207047DC6002002DE9F0410E4659689A
:10A4500088B007461546490A0024012922464FEADA
:10A46000510104F10104F8D8DC7899781B882403A1
:10A47000C90201F4006104F480540C43C3F30A03DD
:10A480005203234492B29C18284B03934FF00008C8
:10A4900025F0784302A90DF107001B2202938DF8E5
:10A4A000078017F0A3FF9DF80720029B8DF8078017
:10A4B000ED4343EAC26302A90DF1070025F0784598
:10A4C0001B220493029517F091FF9DF80720029B31
:10A4D0006FEA044443EAC26305936FEA14444FF001
:10A4E000FF3306930794BB6907A9012206F1100008
:10A4F0009847BB6905A90446012206F10800984760
:10A50000BB69404518BF044604A90122301D984785
:10A51000BB69404518BF0446012203A9304698474D
:10A52000404508BF204608B0BDE8F08101009AB25E
:10A53000431E033306D8044B984228BF18466428AC
:10A5400038BF6420704700BF40420F00F8B5054691
:10A5500014F019F90F4B1E68074626B9384614F057
:10A5600016F9344611E0B4688CB194F810C01CF0B0
:10A57000010F0CD195E80F004CF0010C84E80F009E
:10A5800084F810C0384614F002F92046F8BD366849
:10A59000E3E700BF4811002038B505460C4641B13D
:10A5A0000B6833B11B68013303D0CB680BB18B68E8
:10A5B0004BB918F055F9BDE838404FF4927241217B
:10A5C000002000F0BBB9084600F008FC0023044A54
:10A5D00085F8DC30C5E92343C2E9003338BD00BF4C
:10A5E000B014002010B5044618B9054B054A136095
:10A5F00010BD03F08BFFD4F89830002BF6D1F4E7B0
:10A600007725020044110020014B1868704700BFF5
:10A61000B014002010B50C4603F0B6FF054B002126
:10A620005B68032098471CB105F0B4F80128FBD102
:10A6300010BD00BF5011002008B502460868FFF7A2
:10A6400077FF08604868FFF773FF48608868FFF786
:10A650006FFF8860C868FFF76BFF0B69C860581C04
:10A6600003D00B48834228BF03460B614B69581C3B
:10A6700003D00748834228BF034688694B61FFF730
:10A6800057FFBDE808408861104604F0D9BD00BFFF
:10A6900040420F002DE9F84FD0F8903006460F46A3
:10A6A00013B1038B8B4244D0D6F88CB0BBF1000FB2
:10A6B00042D0DBF80830002B3ED0DBF80C1000292C
:10A6C0003AD0D6F8A0A0BAF1000F38D04FF0000968
:10A6D0004D46C84601E0DBF8083005EBC50203EB48
:10A6E00082040135E389BB4214D8238ABB42304639
:10A6F00010D3B4F91220B6F924309342A04653DDAA
:10A7000096F8D010F7F78AFA337D834281464BD909
:10A71000DBF80C108D42DED3B8F1000F3ED00023E1
:10A72000424619463046D0473783C6F8908086F8AF
:10A73000D9900020BDE8F88F0320BDE8F88FD146FE
:10A740005446524647F6FF7504EBC40803EB8808ED
:10A75000B8F80E30BB421BD8B8F81030BB4217D344
:10A76000B8F91220AA4207D14FF0FF093783C6F883
:10A77000908086F8D990DCE796F8D0103046F7F74D
:10A780004DFA337D834281464246EFD9DBF80C1007
:10A790000134A14204D9DBF80830D5E70120C9E72C
:10A7A000002AFBD09046E1E7A046B8E72DE9F04744
:10A7B00082B004468946164604F0BAFF3B4D08B104
:10A7C00000236B602B68D4F88CA0D4F890700BB188
:10A7D00053454BD04FF00008C5F8089004F0DAFF5D
:10A7E000012836D12B68DAF800103A6813B11868DE
:10A7F000884246D0204618F05DFAC5E900A7D4F893
:10A80000A0508DF80760002D42D000220DF1070303
:10A8100011462046A847204604F0E4F90546B8F161
:10A82000000F00D08EB1B5FA85F040F2DE3240095B
:10A83000332100F083F83146204604F0B3FB1C4B73
:10A8400005461B68394620469847284602B0BDE8B1
:10A85000F087012003F098FE164B00215B6803206F
:10A86000984704F097FF0128FBD1BBE76B68002BEA
:10A87000B0D0BB42AED1AB68994514D04FF00108BF
:10A88000AAE7696811B109689142B6D05968B1E781
:10A89000217D94F8D930994228BF19463246204686
:10A8A00004F074F9B7E70025CFE700BFB01400202B
:10A8B0004411002050110020F8B505460E4613F053
:10A8C00062FF314607462846FFF7E4FE044620B102
:10A8D000384613F05CFF2046F8BD04F00BFF22461B
:10A8E00031462846FFF762FF04460028F0D195F96B
:10A8F0001030002BECDA284618F0B7FA0028E7D021
:10A900002246A97D284618F002FA0446E0E700BF77
:10A9100013B50446694617F00BFF204618F02BF9D3
:10A92000FF28024606D09DF800102046F7F7F6F9FA
:10A9300002B010BD0048FBE70080FFFF08B550B92A
:10A940000548064B01601A60054B1A68054B1A60F2
:10A95000186806F053FD08BD4C1100203835002062
:10A9600008360020343500202DE9F0411B4A8AB01A
:10A9700001AC05460B4602F1200C274610685168D1
:10A98000264603C6083262453446F7D1002B08BF7D
:10A990003B4610683060002703F10C061C46384621
:10A9A00090B95FFA87F821884246284618F0F6F9F0
:10A9B00050B9E1884246284618F001FA20B94246CB
:10A9C0003146284618F00DFA0137032F06F1080624
:10A9D00004F10204E4D10AB0BDE8F081F86002009D
:10A9E000F0B589B005460E4618F00AFA044600BBD9
:10A9F00006F10C070FCF01AC0FC497E8070084E8FD
:10AA0000070001A92846FFF717FE311D284618F058
:10AA10005FFA044648B90849284604F0D3FB0446C7
:10AA200018B9284604F03EFF044631682846FFF76F
:10AA30009BFF204609B0F0BDF0600200014917F00D
:10AA4000DDBE00BF75F8000070B5164E03283378E0
:10AA500004460D461ED023FA04F202F00102AA4277
:10AA60001DD053B10122A24023EA0203A5402B438B
:10AA7000DBB233704BB1012070BD2DB10A4B012008
:10AA80001B6898473378EDE73570074B00201B684B
:10AA90009847F0E79A07DED003F0FC03E9E70020CF
:10AAA00070BD00BFB24000207835002038B50446A4
:10AAB0000D4604F0B1FF60B104F050FE48B9012D1D
:10AAC00007D8012018F045F90D4B1B6823B15B68CE
:10AAD00098470C4B1C7038BD14F067FA0A4B1A6883
:10AAE000801A1860F8F76CFF084B1B684FF47A72F5
:10AAF00002FB003017F080FE012004F037FEE8E78B
:10AB0000F835002010140020703500207435002026
:10AB1000F8B5124F05460C4613F035FE3B78064655
:10AB200033B1012D04D01CB90D48F8F7EDFD3C7090
:10AB300021462846FFF788FF0A4B1B7804463BB99D
:10AB40003B782BB918F0D8F810B1074B1B68984721
:10AB5000304613F01CFE2046F8BD00BFB340002075
:10AB60004C350020B240002050110020054A0B4611
:10AB7000117831B100211170034A1878526801210F
:10AB800010477047B340002050110020124B02398B
:10AB9000012910B518701ED804F03EFFD8B104F09A
:10ABA000DDFDC0B104F0ACFBA8B90C4B1C6834B19E
:10ABB00023689847BDE81040002018F0CAB817F085
:10ABC00019FE074B186014F0F0F9064B1860204688
:10ABD00004F0CCFDEEE710BD10140020F835002085
:10ABE000743500207035002038B5044680B113F06C
:10ABF000CAFD012104460846F8F7B8F901210846C4
:10AC00000A4A14F084F92046BDE8384013F0BFBD6D
:10AC100013F0B9FD214605460120F8F7A7F90120F8
:10AC2000024A214614F073F92846EDE71C61020040
:10AC3000F0B5324D85B013F0A6FD2B78044623B154
:10AC40002F48F8F761FD00284AD1F8F709FE02AA5B
:10AC500003A918F03BF80346002832D018F04AF850
:10AC6000029B98421ED10020264B03991B68264E5A
:10AC70009942307021D9C91A00270123CDE9007704
:10AC80001F482B70214A334614F06BF900282FD14E
:10AC90001F4A1378D90717D4204613F078FD0020F7
:10ACA00005B0F0BD18F024F8029B98421ED0154B59
:10ACB000154A1B680393002010700121FFF7C4FEA2
:10ACC000EAE720462B70E8E731780029E4D103F069
:10ACD000FE031370002BDFD10E4B1B689847DBE798
:10ACE000204613F054FD032005B0F0BD0220BBE761
:10ACF000032320462F703370F3E700BFB3400020DA
:10AD00004C3500206C3500200F1400206DAB000086
:10AD1000B24000207835002038B5134D13F033FDD4
:10AD20002B780446C3B9114A11491370114B124ACA
:10AD30001A601248124A5A60F8F792F911491248FB
:10AD4000F8F78EF9114B124A1A60124B1B68124B1E
:10AD500002221A6001232B70AFF30080204613F00B
:10AD600016FD002038BD00BFB4400020B3400020D5
:10AD7000246102005011002031AC00003C3500205D
:10AD800011AB00002C610200443500207835002012
:10AD9000E9AB000000300E406C350020431C08D0A9
:10ADA000044AD2F83C311B0C1B0480B20343C2F8A6
:10ADB0003C3170470040084030B5074B85B00C4629
:10ADC000D3F8C05000950022694617F035FD0CB14C
:10ADD00000B9256005B030BD0081E00F054BD3F808
:10ADE000B400431C14BFC0F380700120A62231219F
:10ADF000FFF7A4BD0081E00F034B1A689B88026037
:10AE000083800020704700BFC21300200F4B06282C
:10AE1000D3F8883104D183F40013C3F34050704752
:10AE2000022805D113F4400F0CBF01200020704709
:10AE300050B9074AD2F8D40010F0010005D083F4CD
:10AE40008003C3F3805070470020704700400E40DD
:10AE50000081E00F0C4A5288B2F5E16F94BFC8221E
:10AE60005A2210B594BF7824502490428CBF1722E8
:10AE700010220A70054A0346107818B19C422CBF74
:10AE80000020012010BD00BFC213002014140020B8
:10AE900013B5234B1B780E2B04463ED00DF1070152
:10AEA000FFF7D8FF1E2C8CBF1E4C1F4C9DF807309F
:10AEB0004FF001028CBF01210021C4F8082170B1BC
:10AEC000194A4DF60174C2F804411B0202F10072E6
:10AED00043F44043C2F80431144AA2F8D430134A70
:10AEE000134C92F8D83023F00103034323F00203FC
:10AEF00043EA4103DBB282F8D83024786CB923F0FE
:10AF0000040343EA800323F00803B2F8D440A2F814
:10AF1000D64043EAC10382F8D83002B010BD00BF6A
:10AF2000C21300200040084600400844001F0021D2
:10AF3000B7400020084B094AD3F88831DB4303F4BB
:10AF4000FE1343F40053B3FA83F30E33A3EB43131E
:10AF5000013B1370704700BF00400E4013140020E7
:10AF600002280CD0062802D020B100207047054BE3
:10AF700018787047034B18780430C0B27047072028
:10AF8000704700BF131400202DE9F7433A4E3B4FA2
:10AF900096F8009015463A4AD2F8C820B9F1020F47
:10AFA0000446884607EA02071AD147EA006788F88C
:10AFB0000000002372882B60B2F5E16F94BFC822B5
:10AFC0005A2227F47F57944227F008079ABF380A7D
:10AFD00000F47F5043F6C870384303B0BDE8F083F7
:10AFE000284A1278904228BF144604EB83030B7062
:10AFF000F4B1013CE4B24FF030632B606A4601A922
:10B00000204617F052FCDDE9002347EA03671E4B98
:10B0100098F800101B7847EA823747F47F5747F0CB
:10B0200008073BB90029194B18BF4FF07F43C1E710
:10B03000164BE2E7164B1748B9F1060F08BF034657
:10B040002AB90029114B18BF4FF07F43B2E7B2FA7B
:10B0500082F2C2F11F02D2B29B5CDBB239B15A1E3E
:10B06000D2B2FD2A05D81B0643F00403A2E7074B22
:10B07000A0E74FF07F439DE7C21300203F00C0E0F0
:10B08000001F002113140020B84000200400000B12
:10B09000B883E00FB083E00F2DE9F3410446C820E8
:10B0A000FFF7F6FE2B4B2C4E18780E2801D0FF2C04
:10B0B00005D1FF243470204602B0BDE8F08102289B
:10B0C0002DD1072C204628BF072001284FF0000370
:10B0D00001AA0DF1030138BF0120FFF755FF054616
:10B0E0001E4B1F4FDDF80480C3F85881C7F8C850C5
:10B0F0009DF8034034702046FFF7CAFE194A4FEA14
:10B10000082303F4E063127843EA1863A7F8D03009
:10B11000002AD0D1C7F8CC50A7F8D230CBE7A0B9DD
:10B12000052C32BF002701270420201A3B4601AA24
:10B130000DF10301C0B2FFF727FF4FF4800305466E
:10B1400037B1094AC2F80831CAE700273846ECE7A8
:10B15000064AF7E7C21300201514002000400840FB
:10B16000001F0021B740002000400846004008446E
:10B1700008B501F0C1FA094B094A002818BF1A4660
:10B18000136823F47F115B0803F4FE130B43136071
:10B19000044B4FF00072DA6108BD00BF0041084067
:10B1A000184108400040084008B501F0A5FA064BD8
:10B1B0004FF4001228B1C3F800214FF000621A6268
:10B1C00008BDC3F81821F8E700400844014B18688F
:10B1D000704700BF7C350020436C012B38BF012332
:10B1E0002DE9F0479A46464B464F9B69464E474DE0
:10B1F00003F4E073A3F5C0728046454851425141C3
:10B2000002685245434A0FD114788C420CD198F809
:10B21000D0C03C78A44507D198F815C03478A4452F
:10B2200002D1A888BDE8F087B3F5C07FC0F800A0C0
:10B2300011704AD1D8F8944024B12368082B58D90A
:10B2400094F838400F21204617F011FBBAFA8AF320
:10B25000002852D0B0FA80F29B1A002BC6BFD8400B
:10B26000C3F10F094FF00F09504501D909F1FF391A
:10B27000234B2004C3F8BC0003F1806340F6FF7247
:10B28000C3F8B82003F100734FEA0921C3F8B810DE
:10B2900017F01EFBA88000F02BFF09F01F094FF4E8
:10B2A000FA7304FA09F45C4341F66A03B0FBF3F065
:10B2B0000A23B4FBF0F45C43174B1C6098F8D030C1
:10B2C0003B7098F815303370ABE798F8D030062B08
:10B2D00006D1124B1B78002B0CBF9624C824B1E773
:10B2E000022B08D00D4B1B78002B0CBFB424F0248C
:10B2F000A8E70024A6E73224A4E74FF00F09B7E738
:10B30000006008401214002011140020C213002015
:10B3100058110020BA4000207C350020B8400020A1
:10B3200070B506460C46154617F09FFD58B3F27CE3
:10B33000D31E012B1ED9112A03D81D4BD340DB0786
:10B3400018D41C4B1C4AC3F8502103F1007300228F
:10B35000C3F850210025174B40F2F712C3F85021D3
:10B360002B01164A03F4F87305F007052B43C2F8C6
:10B3700050311AE00F4B104AC3F8502103F100730B
:10B380004FF44402E4E7FF2C0DD00A4B0A4AC3F8FD
:10B39000502123042405094A03F4E02304F0F8743F
:10B3A0002343C2F85031FF2DD5D1002070BD00BF1E
:10B3B00084F60300004008440000F70100400846FE
:10B3C000F8B5134B134E1F68134D384601F080F942
:10B3D0003378C4B2A34201D12B78A3B1092C14D87D
:10B3E0000E4B012C195D05D10D4B1B78022B01D1A1
:10B3F00041F0400101F00F0238460909FFF790FFC4
:10B40000002334702B700020F8BD0024FA21F1E7EE
:10B4100008360020B6400020B5400020346102000C
:10B42000C213002038B5044600F00AFE14220021A1
:10B430002E4816F0C1FB2E4B25781A782D49521B49
:10B4400018BF01220A7022681A60C820A2889A8058
:10B45000FFF71EFD284BD3F8C820284BFF21197099
:10B46000274B2849062D03EA0203274A1AD14FF435
:10B47000EE40C2F824014FF48A42C1F8242101228F
:10B4800043F08043C1F820211B4AC2F8C8301E4B4C
:10B490000322C3F85821FFF793FF1C4B01221A70B7
:10B4A000002038BD022D4FF007000ED1C2F80C016C
:10B4B0000620C1F80C011649C2F808114FF44041AA
:10B4C00043F00303C2F80411DEE7C2F80C010520C3
:10B4D000C1F80C01C020C2F8080143F0804381226A
:10B4E00043F00403C1F80821CEE700BFC81F0021C4
:10B4F000C2130020B5400020001F002115140020B9
:10B500002800C0A00040084600400844B940002080
:10B51000C1004000014B1870704700BFB8400020C8
:10B5200073B5264B044618780E2841D0FF2C42D024
:10B5300000283AD1052C32BF002301230420201A11
:10B5400001AA0DF10301C0B2FFF71EFD1C4EC6F8A3
:10B55000CC00019A96F8D850130203F4E06343EA52
:10B560001263A6F8D2309DF803400DF10201204687
:10B57000FFF770FC05F0FB051E2C45EA800594BF23
:10B580000023012325F0080545EAC30586F8D850B5
:10B590009DF802200B4B43EA0223A6F8D630012384
:10B5A000094A2046137002B070BD00231846C6E752
:10B5B0000023FF24F4E70023F2E700BFC2130020BA
:10B5C000001F002100C0FFFFB7400020104A114BB0
:10B5D00000201870D2F8C830C2F8CC30B2F8D030A1
:10B5E000A2F8D230B2F8D430A2F8D63092F8D830DF
:10B5F00003F0FB03990001F004010B4303F0F70390
:10B60000990001F008010B4382F8D830704700BF61
:10B61000001F0021B74000202DE9F0472D4C2E4B94
:10B62000236000F065FD4FF4FA7307464FF47A7615
:10B63000B0FBF6F629482A4A7343190E1B02181864
:10B6400041F100010023FDF733F8A0F580730546B2
:10B65000A36220B966222B21FFF770F901254FF470
:10B660007A726A434FF0000A534650083102FDF7E0
:10B670001FF81C4B19601C4BB7F57A7F4FEA056821
:10B680008946044618604FEA152505D276222B21FB
:10B690005046FFF753F901264FF47A73A8FB0301D4
:10B6A00003FB05117308C01841F100010023324665
:10B6B000FCF7FEFF0D4B023419600D4B49F10009F8
:10B6C000A408186044EA8974024B013C1C63BDE87D
:10B6D000F08700BF005008400211010020A10700C0
:10B6E00040420F008C350020883500208435002032
:10B6F00080350020044B4FF00052C3F880211A60BF
:10B70000024B01225A60704700E100E000500840FF
:10B71000074B4FF00052C3F88021C3F88020BFF3DD
:10B720004F8FBFF36F8F034B04225A60704700BFE7
:10B7300000E100E00050084010B50446A242A2EB30
:10B740000000A3EB010104D2034B1B6B013318442F
:10B75000013901F0030110BD0050084038B5020165
:10B760000A4B01259D500A4A4FF48073834053666B
:10B77000044613F008F8074A1378A54023EA0503A6
:10B780001370BDE8384013F002B800BF0051084400
:10B7900000500840BB4000202DE9F0471546044604
:10B7A00088461E4612F0EFFF022D00F0B8800746D3
:10B7B00012F0F4FF6C4B6D4AD3F8189092F815A074
:10B7C000DA6D5FFA8AFA520744BFD3F818900AF18B
:10B7D000010A12F0E9FF664B664A1B6811684FEADE
:10B7E0008A7CA3FB093213F1004301FB09CCD8F892
:10B7F00000304CEB020C012D04BF01336344ACEB71
:10B80000030C08BFC8F80030BCF1804F0AF0030AEF
:10B81000C0F09880584AD2F800C0584AD2F800E0E8
:10B82000514A23F04041106B4FF000480022ECFBDE
:10B8300001820EFB012282424FEA937381BF0133E2
:10B840000130121A03F00303A3EB0A03914588BFEA
:10B850004549DFF848C184BF096B03F1FF3303F0AA
:10B8600003030CF80430A2EB0900A3B1F10742BFB7
:10B87000434B41F61F71D966B30742BF404B414964
:10B88000D966710742BF384B00211967330742BFA1
:10B89000354B00211965344B04F1100103EB041EF4
:10B8A0000901CEF80C2111225A5037499A694FF0FC
:10B8B000010EA2EB090A0EFA04F8D3F85C900A789C
:10B8C0005FFA88F848EA020282450A7026D34FF4EC
:10B8D0008072A24019EA020F20D11CF8040000284F
:10B8E0003FD10DB3F0071A6608D5254B274941F61D
:10B8F0001F7240F20110DA66C866DA66B10706D533
:10B900001F4B22491F4A2248DA66C866DA66720768
:10B9100042BF204B01229A60330719D4384612F0F7
:10B9200036FF0120BDE8F0871B48240140F804E001
:10B930005A6612F028FF14490B7823EA08030B70AB
:10B9400012F025FF384612F022FF0020BDE8F087F4
:10B95000212000F0B9FA044B4FF480325A60384687
:10B96000DDE71A663846DAE700500840C4350020A3
:10B970008035002084350020883500208C3500205B
:10B980000050084400001F1FBB4000200050084624
:10B99000000001010040084000510844BC40002064
:10B9A000024B1878003818BF01207047BB400020B8
:10B9B0001030034B0001185800F00100704700BF21
:10B9C000005008401030044B01F46001000141F0C8
:10B9D00003011950704700BF0050084038B512F0FD
:10B9E000DDFE084B084A9D69547DDA6D520748BF59
:10B9F0009D69E4B248BF013412F0D6FE284604F037
:10BA0000030138BD00500840C435002038B50B4B49
:10BA100003EB001210300001D2F80C411D58FFF763
:10BA2000DDFFAB0706D5844200D90139204601F07D
:10BA3000030138BD844238BF0131F7E700500840A8
:10BA400070B5184CE66B26BB202000F03DFA164B73
:10BA500010251D6002F0DCFA144B8022C3F880210F
:10BA600001F082FC38B132460020082102F088FC47
:10BA70000F4B65669D660F4A536803F07063B3F120
:10BA8000807FF9D9074B0C4ADA6641F201421A6706
:10BA900070BD01F069FC0028F4D0054A074B6366CD
:10BAA0009366EFE7005008400040084600E100E0E0
:10BAB0000050084600400840011B01181000000219
:10BAC00008B5212000F000FA024B4FF480325A6092
:10BAD00008BD00BF0050084008B5222000F0F4F96E
:10BAE000024B4FF480225A6008BD00BF005008404E
:10BAF000064B1B68434303EB8171054B1B68A3FB9B
:10BB0000003013F1004341EB000070478435002002
:10BB1000803500200D4A10B5146820F040430146DE
:10BB20004FF000420020E4FB0320094A126802FBA8
:10BB30000300084B1B6B98424FEA917104D9013303
:10BB40000131C01A01F0030110BD00BF883500208B
:10BB50008C35002000500840F8B5064603F0FEFD85
:10BB6000044608B1FFF7D4FD084D094F00232B61AF
:10BB700030466B61AB617B75FFF7CCFFC9B279755D
:10BB8000A8610CB1FFF7B6FD0020F8BD00500840D9
:10BB9000C43500202DE9F041224F0646386820F4D4
:10BBA000700040F4A00038609DF81C401D1E9DF8F8
:10BBB00018304FEA042444EA036444EA021408BF3C
:10BBC000002144EA05440C43FC64D7F82C80B8F506
:10BBD000803F40F2B5224FF018012CBF0020012019
:10BBE000FEF7ACFEC7F83880CDB10F4BB468D3F880
:10BBF0008030412C38BF41245B0606D500F02CFB79
:10BC000018B10A4BB3FBF0F31C442046FFF782FF48
:10BC100001308045034B3ABF0022DA63D863BDE8A8
:10BC2000F08100BF005008400070084000093D004E
:10BC3000F8B5184DAB691B04044626D500F0F2FB9D
:10BC4000AB6913F0787FA0FB04464FEA9367C3F318
:10BC50004450C3F3044505D140F25E422B21FEF768
:10BC60006DFE0120AD01B5FBF0F010EB871005D1A2
:10BC700040F263422B21FEF761FE012002460023C1
:10BC800020463146FCF714FDF8BD00F0E5FAA0FBB4
:10BC90000401F9E70070084030B50C4C0246012061
:10BCA000A0F12003C0F1200524FA05F504FA03F3FE
:10BCB0002B4304FA00F595428B4100D330BD0F2889
:10BCC00001D00130ECE7FF20F8E700BF40420F0051
:10BCD00010B50C46FFF7ACFFC30943EA4163C01A35
:10BCE00061EBD111FFF7D8FFFF2814D00C4B0F22C6
:10BCF000C3F8802003F1007340F01000C3F8800007
:10BD000003F17A439B69DBB2802B06D02046BDE865
:10BD1000104000F073BB012010BD0220FCE700BF03
:10BD2000007008443B4B082270B501210546C3F85A
:10BD3000C8203948394CF4F7D5FC394B1D702378AD
:10BD4000013B012B0CD8237CE07B01229A400C2183
:10BD5000302313FB001303F1884303F520431A60DB
:10BD6000304B00225A677DB92F4A4FF6FF71D167D9
:10BD700002F10072F821D1675D672C4B4FF08042D1
:10BD8000C3F89420002070BD636853B300F0B0F98D
:10BD9000626800EB5203B3FBF2F3013B1B0243F07A
:10BDA000F80326782049224A022E1CD0032E1D4873
:10BDB0004FF6FF7521D0012E27D143F00203CD6746
:10BDC000D36707234367237CE07B01229A400C2141
:10BDD000302313FB001303F18C4303F520431A6057
:10BDE00011E0F823DDE743F001034FF6FF70C86769
:10BDF000D3670C4B05225A67E5E743F00503CD678F
:10BE0000D367012343670B4BB8E7CD67D3670023A4
:10BE1000F8E700BF00400E4600350A0090350020CC
:10BE2000C1400020000008400000084400400844D1
:10BE30000000084600400846F8B5064604460FCE06
:10BE40001C4F3D460FC533682B601B4B1B48082217
:10BE5000C3F8C8200121F4F745FC194A00235367B1
:10BE6000A37BE17A1B0443EA0123217A0B43936706
:10BE70003B78032B1BD8DFE803F01402080E617B2C
:10BE8000207B00230422F5F7A3FC217CE07B002328
:10BE90000422F5F79DFCA17A607A01230422F5F7CC
:10BEA00097FC084B1878BDE8F840FFF73BBF01202E
:10BEB000F8BD00BF9035002000400E4600350A0056
:10BEC00000000840C1400020044BD3F89430002B00
:10BED000BCBF034BC3F88000704700BF0040084060
:10BEE0000000084008B5074B1B681A68064B920013
:10BEF00019684FF0045015F073FEBDE8084000F0DB
:10BF00003DBF00BFA4350020A835002007B501A81B
:10BF1000F5F7F0FD134B144AC3F8442148F2E672DA
:10BF2000C3F838214FF40862C3F834210F4AC3F82C
:10BF3000A0200F4A4AF63F41916002F580424FF03F
:10BF4000C07191620022C3F8FC200A4AC3F89C2009
:10BF5000094B7F225A6203F1007323225A6203B015
:10BF60005DF804FB00400840C0E653517A27000FFB
:10BF700000300840806D630300300844064B1B7896
:10BF80003BB1064B064A1A60064B074A1A6000206E
:10BF900070470220704700BFC2400020A835002033
:10BFA0006C610200A43500206861020038B51B4BAB
:10BFB0000022C3F88820C3F88C20C3F89020184AC8
:10BFC0004FF400715162174A0121D1605A6812F092
:10BFD000706FC2F30365F9D14FF00452DA6712496A
:10BFE000124C0122C3F880201966227012F05FFD06
:10BFF0000F4B2570186820B10E4B1868003818BF19
:10C00000012040F27E525421FEF798FC0A4B1B6837
:10C0100098470A4B0122DA6038BD00BF0040084053
:10C020000000084000400846A01F0021C240002038
:10C03000A8350020A43500205C11002000400844F1
:10C04000034BFD22C3F8C8200122C3F8CC2070475F
:10C0500000400E4638B5FFF7F3FF1B4B1B481C4C46
:10C060001C490222C3F8C8201B4B1A6842B102EADD
:10C070000005A54204BF5D68156008338B42F4D10A
:10C08000164B0222C3F8C820154B164AD3F83C11B0
:10C090001160154AC3F8942000F0CCFBFFF736FF7F
:10C0A000124B0322C3F8D820A3F500530122C3F892
:10C0B00094204FF46072DA604FF04072C3F8F820B9
:10C0C000C3F8102138BD00BF00400E460000FFFF3E
:10C0D00000000840B081E00F0080E00F00400E44F7
:10C0E00000400840601100200048F0000060084651
:10C0F00008B5F4F7ADF9044BD3F81031C3F30823B6
:10C100000133B0FBF3F008BD00400E4070B50446AB
:10C1100018B1284D2268531C00D170BDC2F30063D2
:10C12000110C35F8130011F0FE0F93B243EA0043EF
:10C13000606818D00434CAB2022A216808D9D4E948
:10C140000160033AC3E9001698600C340C33F3E73E
:10C1500004D16268C3E900120834DBE7012AD9D1AF
:10C1600004341960D6E7120F072AF5D8DFE802F089
:10C170000704090D1013181DC04303F180631860F4
:10C18000EAE71A6842401A60E6E703F1C063F6E79F
:10C1900016F0CCFBE0E70122824003F1C063F2E736
:10C1A0000122824003F18063EDE71A6830EA02025F
:10C1B000FBD1D1E746610200024B0122C3F8942073
:10C1C000704700BF00400846024B0122C3F894208C
:10C1D000704700BF00400844024B4022C3F894203F
:10C1E000704700BF00400844024B4022C3F894202F
:10C1F000704700BF0040084608B50C4B1B68D3F8D9
:10C20000943023B11A68022A01D9186A08BDFFF7D1
:10C210006FFF074B1B6D024698B20028F6D0C3F3A0
:10C220000743D2085343B3FBF0F0EFE70836002092
:10C2300000600840064B5B68C3F30363984206D175
:10C24000044A536B23F0F00343EA01115163704732
:10C2500000400840001F00211F4B1B68D3F894309A
:10C2600070B52BB11A680A2A02D91C6C204670BD21
:10C270001A4DAA6D6B6DC2F34544C2F3CD01013472
:10C28000C3F3441601FB0444C3F3822103F01F03EC
:10C2900006FB01335C4302F00702114B9B5C5C43DD
:10C2A000640004D0FFF724FF7043B0FBF4F4D5F82A
:10C2B000E430190505D513F0FF021CBFE401B4FBFF
:10C2C000F2F41A01D2D5C3F30A43002BCED0A40254
:10C2D000B4FBF3F4CAE700BF083600200060084052
:10C2E0003E61020010B50446FFF786FF104AD2F8FF
:10C2F00030311B040F4B1B6C03F4C05348BF400884
:10C30000B3F5805F0ABF136BC4F30113C3F341633A
:10C31000022B05D0032B09D0012B00D1400810BD02
:10C32000C4F3C4240134B0FBF4F0F8E78008F6E766
:10C3300000600840000008402DE9F0470E4616F066
:10C34000DFFADFF8B090DFF8B0A08046002512F0E9
:10C350001AFAD9F80430C3F30363012B07460BD153
:10C36000711C1AD016F0CCFAA0EB0805384612F072
:10C370000EFAAE42EBD80DE0052BF1D00B2BEFD02F
:10C38000023B012B0CD9013602D016F0B9FA38461F
:10C3900012F0FDF91648BDE8F08712F0F8F9D6E77B
:10C3A000DAF808301A04C3F389140FD4013602D026
:10C3B00016F0A6FA384612F0EAF924B2A4F1C80041
:10C3C0006FF4FF739842B8BF1846E4E7731C03D0BC
:10C3D00016F096FAA0EB08056FEA84546FEA9454BD
:10C3E000384612F0D4F914F5007FC2D0E6E700BF5A
:10C3F00000FEFFFF004008400070084010F1800F71
:10C4000004D04D28DABF323040B27F20044BFF22E7
:10C410009A6103F10073C0B298610020704700BFB9
:10C42000007008440B4B0C499A6D70B502F007027E
:10C430009E6D8C5C9D6DFFF75BFEC6F3CD0606FB23
:10C440000444C5F3454505FB04448001B0FBF4F00A
:10C4500070BD00BF006008403E610200084910B591
:10C46000D1F8703140B11C464A68D1F870319C4215
:10C47000F9D1C2F30362027003F00F0010BD00BFD8
:10C4800000400840094BD3F8883001F0800103F4E4
:10C4900080030B4309D1064B4FF400129A61837F4E
:10C4A0001BB1044B0122C3F8F8207047004008403C
:10C4B00000600844006008462DE9F0411F4CDFF899
:10C4C0009080069F0646A2FB03502C1960F1000ED7
:10C4D0009C46A0454FF0000373EB0E0E07D24FF4BD
:10C4E000B4720E211846FEF729FA02201BE000293B
:10C4F000FBD0C6F3130601EB5C04B4FBFCF4A4FB15
:10C500000646E40C44EA46340D4E34600D4C22607D
:10C510000D4A914209D10D4AA5FB025302FB00339B
:10C520009B093B600020BDE8F081C4040A46E80492
:10C5300044EA5531FCF7BCF83860F3E700C9E87607
:10C54000AC350020B035002000F049020A3BB2DFD4
:10C550000046C32338B5164D2B780C4623B9154B2E
:10C560001B6D03F03F032B70134BD3F894305B0526
:10C570001CD5124BB0FBF3F040F24D534343A3F5EF
:10C5800046430C3B584300F5C91000F5556028B9E7
:10C5900040F21B322B21FEF7D1F901202B78084AFB
:10C5A0005343B3FBF0F30020236038BD0220FCE7C7
:10C5B000C6400020003008400040084000366E01B0
:10C5C0008096980070B5374C374B256B374C1B68FD
:10C5D0002468ED024CBF1B191B1BB3F1804F04D81C
:10C5E000002B3AD1324E1C460AE0B3FA83F4314EA6
:10C5F000C4F10204E340304DAB4201D901345B0881
:10C6000003EB5605B5FBF6F52C4EB34234BF0026BE
:10C6100001262403013D44EA86242C430C60D8B152
:10C62000B3FBF0F1642400FB11336343984288BFED
:10C6300001F1FF314808013801390728204D214C0C
:10C640004FEA510311D9002129700621C4F8941032
:10C650001B0243EA0013136070BDB3FA83F4D4F1F4
:10C660000204134EC6D50024C5E71029EBD068B1EB
:10C67000012129700621C4F8941013490978002972
:10C68000E6D012490224C1F89440E1E7012914BF21
:10C690000121002129704FF00601C4F89410ECD15B
:10C6A000D6E700BF00300840B0350020AC35002090
:10C6B000E0673500C0CF6A003FBE4025401B5F13D6
:10C6C000C340002000400844C44000200040084609
:10C6D000084B5B6B03F00700C3F3C20213F0380F83
:10C6E00018BF5043C3F3821213F4E07F18BF5043C6
:10C6F000704700BF00300840034BD3F8380180F08A
:10C700001000C0F30010704700400840174B4FF472
:10C71000002210B5C3F89420154C164BB0F1804F91
:10C7200088BF1C46144BDA6CD2071DD51B6F134A09
:10C7300004F5F42404F59074B4FBF2F4033CE4B281
:10C7400003F00703A34202D02046F4F7B7FF0C4BD7
:10C750001B784BB10B4B4FF47022C3F8942003F1BC
:10C7600000732404C3F8944010BD00BF0040084685
:10C77000E0673500C0CF6A0000300E4040420F0035
:10C78000C5400020004008447FB50446F3F79CFEF6
:10C790001C4B06462C3358680093A3792268314617
:10C7A000FFF78AFE054648BBA379012B14BF164943
:10C7B00016491022C1F83821206815495843FFF75F
:10C7C000C9FE03AA02A93046FFF7FCFE0F4A43F652
:10C7D000FF53C2F8A4300C4B0299C3F8A4104FF4D5
:10C7E000EE611163039A1A632068FFF78FFF094B0C
:10C7F000A2881A6203F5405300229A63284604B0C7
:10C8000070BD00BF003008400040084600400844AA
:10C81000503008400000084008B5044B01221A704F
:10C82000034B1868FFF772FF002008BDC5400020C9
:10C83000B0350020024B4FF48062C3F8942070475B
:10C84000004008460D4BD3F80421D3F8B030D2B2E3
:10C85000FF2A03D043F30743591C01D19022192327
:10C86000074903EBD37302EB6302022381F84230E2
:10C87000232381F8432081F8413070470081E00F85
:10C88000001F0021044A5368C3F30363022B04BF53
:10C8900080239360002070470040084040B1036847
:10C8A000012B05D90069034B002808BF18467047C3
:10C8B000004870474C61020070B504461F480D46A1
:10C8C000FFF728F91E4BD3F8306116F400464FEA03
:10C8D000C01015D000F574431A4C1B4A2433B3FB27
:10C8E000F2F32B60194B00EB5400B0FBF4F06860DE
:10C8F0005B68D9020AD5002406B10334AC6070BD70
:10C90000002CEFD1114B5B68D802F7D4104B0F49C4
:10C910001B68D1F8A820C3F3810312F4806403F1EB
:10C92000010309D1D2B2FF2AE6D0D1F8AC205205DA
:10C9300048BF04EBC304DFE7DC00F3E740420F002D
:10C940000060084020A1070048E8010000000840FE
:10C9500000200840084B1A68C117A2FB000310F121
:10C96000807002FB013343F10003400E40EAC31024
:10C97000803820EAE0707047B8350020174B072256
:10C9800070B5C3F88420FFF7B3FB154B154A164E5C
:10C99000C408010B0546E005C01841F10001002361
:10C9A000FBF786FE114B18604EF66020FFF7D2FFB2
:10C9B0004042C6F89C000E48FFF7ACF8024658B15A
:10C9C000E301500818184FEA15714FF0000341F1C8
:10C9D0000001FBF76DFE706770BD00BF00400840AE
:10C9E000B2E60E0065CD1D00001F0021B835002005
:10C9F00040420F002DE9F047064608469846FFF7EB
:10CA00004DFF15460746002E00F0B08018F0050FC8
:10CA100063D03469002C00F0AB80FEF7D7FB4FF4F5
:10CA20007A735C43201A7B68A0F6AC50C01AFFF7FB
:10CA300091FFB48B6862002C00F09D80FEF7C6FB6E
:10CA40004FF47A735C43201A7B68A0F6AC50C01A8E
:10CA5000FFF780FFA861614BF468D3F80090DFF81E
:10CA60008CA1002C00F0B080FEF7B0FB4FF47A737D
:10CA70005C43241A7B68A4F6AC54E41A99F811308C
:10CA8000053B012B7AD8DAF80020A4F53E44EB3CB4
:10CA9000E117A4FB023402FB014413F1807144F15D
:10CAA0000000490E41EAC0118039E9614C49A2FBFE
:10CAB00001219B1A64EB010413F1807344F100041B
:10CAC0005B0E43EAC413803B2B62B469FEF77EFB26
:10CAD0000146204615F075FF286318F0020F29D093
:10CAE00073684FF47A7058435BB13B6803F51C538D
:10CAF00010331844B37F002B46F2A81308BF00235D
:10CB00001844FFF727FF7369E862002B5FD078684D
:10CB10004FF47A7202FB0300B37FA0F50350002BA1
:10CB2000A0F1100046F2A81308BF0023C01AFFF7B7
:10CB300011FFA86218F0040F18D0B068002849D07F
:10CB40004FF47A735843A0F503501038FFF702FFF3
:10CB5000286133684FF47A70584323B13B6803F57A
:10CB60001C5310331844FFF7F5FE6861BDE8F087E9
:10CB70004CF250305BE74CF2503069E73B68E41A06
:10CB8000DAF80020E117A2FB044314F1807402FBE1
:10CB9000013343F10003640E44EAC314803C114B9B
:10CBA000EC61114CD3F884302B622368002B8CD0BD
:10CBB000484616F0F0F8002887D02368D9F84800D6
:10CBC0002A463946984780E74CF25034D8E747F276
:10CBD0003050ACE747F23050B8E700BF08360020CD
:10CBE000101B0200001F0021B4350020B8350020C2
:10CBF000E0B5074608461E46154615F088FE7B7CC4
:10CC0000053B012B06440DD80C4B4BF6EB61002D78
:10CC100018BF19464FF4FA720A44094892FBF0F023
:10CC20003044E0BD074B084AD3F8F800FFF736FE62
:10CC300001680029A8BF4FF4FA72EDE7FBD90200A2
:10CC400018FCFFFF001F00210CFEFFFF2DE9F04F35
:10CC5000384C0A4685B00D460021814614F0ACFFE1
:10CC6000D4F8C83043F06C029A4204D0002528461C
:10CC700005B0BDE8F08F304BDB68D907F6D4FDF77F
:10CC8000C3FC0028F2D0D4F81061C6F30826002EA9
:10CC9000ECD12A4C2A4BD3F81880D4F88430019375
:10CCA000284B4FF060529A6103F100734FF000621D
:10CCB0009A612423C4F88430234B04221A604FF471
:10CCC000804A4FF48053C4F868A0B3466362AB4512
:10CCD00012D31E4B04221A60184A019BC2F88430FA
:10CCE000184B4FF06051996108EA010318498B61B4
:10CCF0004FF480439366BAE7226E5204FCD5226853
:10CD0000D305F9D5C4F868A00136D4F88820039279
:10CD1000012EDCD9A5EB0B07042FA8BF04273A4648
:10CD200009EB0B0003A95F4414F05AFF1FFA87FBBD
:10CD3000CDE700BF00400E40004008400000084022
:10CD40000060084000600844004008460040084475
:10CD500000600846074BD3F8D8304FF604014FF671
:10CD600005029BB28B4208BF1346034A012093651C
:10CD7000704700BF0081E00F0050084070B5194CAB
:10CD80000FCC86B001AD0FC5CC22236816482B60AE
:10CD9000002114F011FF84220021144814F00CFF2C
:10CDA000134B144AC3F8F020FFF74CFD124B1B78CD
:10CDB0002BB101AD0FCD0B4E0FC62B6823600F4B6F
:10CDC0000F4AC3F8DC2F0F4AC3F8E02F0E4AC3F80E
:10CDD000E42F02F1957202F24952C3F8E82F06B02F
:10CDE00070BD00BFC81F0021341F0021B01E0021EC
:10CDF000001F00213F003700B94000200010002133
:10CE00000200620609C8056E0704DC060A4B1978A1
:10CE100001F0FF0229B10021197008499202C1F8FE
:10CE2000A020597801F0FF0229B100215970930226
:10CE3000024AC2F8A4307047C740002000000846EC
:10CE4000074BD3F8E00E074BD3F88C301A0103D40C
:10CE5000054B1B6E1B0401D500F58070704700BFA9
:10CE600000100021004008400000084008B511F003
:10CE70008AFC0F4B1A78B2B90E4A126812F4843F3A
:10CE800011D10D4A1021C2F894101B786BB9094BCF
:10CE90001B68DB0509D4084B2022C3F89420BDE8A9
:10CEA000084011F074BC054AECE7044BF4E700BFFE
:10CEB000CB400020081600200040084400400846EF
:10CEC00010B511F060FC0E2104460320FFF7B2F903
:10CED000044B40F2012220465A62BDE8104011F096
:10CEE00056BC00BF00000840044B00221A70044BDF
:10CEF000197811B11A70FFF7B9BF7047CA40002006
:10CF0000CB40002008B511F03EFC234B4FF080527F
:10CF1000C3F88020BFF34F8FBFF36F8F4FF4807241
:10CF2000C3F88020BFF34F8FBFF36F8F0222C3F887
:10CF30008020BFF34F8FBFF36F8F1022C3F8802084
:10CF4000BFF34F8FBFF36F8F2022C3F88020BFF352
:10CF50004F8FBFF36F8F4FF00052C3F88020BFF3A5
:10CF60004F8FBFF36F8F8022C3F88020BFF34F8FA6
:10CF7000BFF36F8F4022C3F88020BFF34F8FBFF302
:10CF80006F8F0122C3F88420BFF34F8FBFF36F8FE1
:10CF9000BDE8084011F0FBBB00E100E008B511F06E
:10CFA000F2FB0B4B4FF080521A604FF480721A6004
:10CFB00010221A6020221A604FF000521A6080225C
:10CFC0001A6040221A60BDE8084011F0E0BB00BFC3
:10CFD00000E100E070B5084C01232370074B1E6888
:10CFE000074BD3E9005332401940284001F0C8F9FB
:10CFF0000023237070BD00BFC9400020C035002051
:10D00000081600202DE9F047DDF820A003EA01080A
:10D01000099B06460D4602EA000703EA0A09BAF12F
:10D02000000F40F04D81031F0B4300F013810528D2
:10D0300071F1000380F0E78050EA010300F06081A5
:10D04000431E0B4300F02181FFF75CFFAD4AD2E99C
:10D05000004323EA050324EA06043C4343EA0807A5
:10D06000A94BDFF8F8821E6826EA0A0646EA090696
:10D070001E60C2E90047FFF7F9FEA44814F02A4FEA
:10D08000C26E14BF48F202034FF40043B50748BF15
:10D0900043F400539E4D83EA020122EA0302EA664A
:10D0A0009C4A81660B40D366C4F38042120320037E
:10D0B00048BF42F48072E10648BF42F40052A30622
:10D0C00048BF42F40072650648BF42F48062200601
:10D0D0009148924DD0F80C3248BF42F4006282EA87
:10D0E000030123EA0203C5F80C328D4BC0F8081285
:10D0F000C7F340250A40AD04E10448BF45F480353C
:10D10000C3F80C22A20348BF45F48015A30748BF0B
:10D1100045F4800514F4001F06D0D8F8000015F07F
:10D12000A7FE08B945F40025E00248BF45F40035E4
:10D13000F9067C497C4848BF45F40005620248BFB7
:10D1400045F400150A6A730748BF45F0040585EAEF
:10D15000020323F001031A4002621D40CB61734BAE
:10D1600073481D62734B744A16F0010F18BF1A46BC
:10D17000836E7D0748BF42F40012704D82EA0301BE
:10D1800023EA0203AB666E4B41660A4000F500508D
:10D190009A66C16B04F0010305F5005581EA0302AC
:10D1A00021EA0301E96382631A40664BDA63D8F827
:10D1B0000020200248BF644B92F8E92058BF634B1F
:10D1C000610748BF43F4806322B114F4C06F18BFF5
:10D1D00043F480735E485F4CD0F8EC10320748BFD0
:10D1E00043F0004383EA010222F4A0221140C4F874
:10D1F000EC101340C0F8E820574ABDE8F047C2F8E9
:10D20000EC30FFF7CBBEA0F580630B4306D020F4D3
:10D210008063A3F500730B437FF416AF11F0B3FAEC
:10D220003849D1E9003223EA060322EA050242EA3C
:10D2300008023B43C1E90032484A126892F8E920EB
:10D240000AB313F4C06F1ED0434B4FF48072C3F87F
:10D25000EC2014E011F097FA2A4AD2E9003123F0C9
:10D2600004033B4341EA080157EA0807C2E90031D9
:10D2700014BF394A374A4FF48063C2F8EC30BDE836
:10D28000F04711F084BA334BDFE711F07CFA1D4A06
:10D29000D2E9003123F001033B4341EA0801C2E92E
:10D2A00000312F4A57EA08074FF0010315BF936377
:10D2B0002C4902F1C062CB6314BFD3639363DEE7F2
:10D2C00050EA01037FF4C0AEBAF1010F7FF4BCAEA7
:10D2D00011F059FA0C4A136823F0010343EA0903D9
:10D2E0001360134A4FF48063B9F1000F04D0536602
:10D2F00002F1C0629366C2E710498B665366BEE7CF
:10D30000BDE8F08708160020C03500200000084066
:10D31000000008440000084600600840006008441F
:10D3200000600846004008400040084400400846AD
:10D3300000500840041C50000418500000500844DD
:10D3400000500846007008460D0A0A09090A0A0931
:10D35000001008400010084400100846083600205D
:10D360000070084000700844024B5868C0F3C000C9
:10D37000704700BF08160020024B186800F001003B
:10D38000704700BF08160020024B5868C0F3C03039
:10D39000704700BF0816002010B50446FEF75AFE7D
:10D3A000FFF7B0FD04F14C0002F09AFCFEF7FEFD21
:10D3B000FEF732F9FEF79EF9FFF7E0FA1049114A3D
:10D3C000D1F8F810072304F1A400FFF713FB4FF482
:10D3D00040010020FEF7F6FA4FF400110120FEF79D
:10D3E000F1FAFFF7B7FC20B940F2E7221421FDF76C
:10D3F000A5FAFFF711FABDE810400120FEF792BC34
:10D40000001F0021681F0021084B8022C3F88820DC
:10D4100003F17E430822C3F88820054AD2F8B03EC3
:10D4200023F02003C2F8B03E704700BF004008461A
:10D430000010002108B511F0A6F9FFF7E5FF034B36
:10D4400001229A60BDE8084011F0A1B900400840EF
:10D45000F8B5194C05462078B0FA80F040F2064243
:10D460003E214009FDF76AFA55B96078B0FA80F0BC
:10D47000BDE8F84040F206423E214009FDF75EBAA1
:10D480000E4F0F4DD7F8A0304FF44066C3F3812301
:10D490002370C5F8A0606078B0FA80F040F20642D0
:10D4A0003E214009FDF74AFAD7F8A430C3F381239F
:10D4B0006370C5F8A460F8BDC740002000000840B4
:10D4C00000000844F8B50B4C0B4DD4F888300B4FD6
:10D4D0000423C5F88830D4F888305B0300D4F8BD45
:10D4E0000426C7F88860022015F020FAC5F8886085
:10D4F000F1E700BF004008400040084600400844F3
:10D500001C4B70B5D3F888601B4D03F18063A822D3
:10D51000C3F8882010221A60184A194B93666B666C
:10D52000FFF774FC174B1B7813B90320FEF716F9AD
:10D5300000242C67FFF7C6FF134A144BD2F8E01EF5
:10D540000B40C2F8E03E124B0422C3F88820114B76
:10D55000B206C3F8B84008D503F580735B6CB3F529
:10D56000817F22BF034B80229A60BDE8704001F0AA
:10D57000E5BE00BF0040084000500840005008448D
:10D5800010000002CE40002000100021DF0000FF4C
:10D5900000400844001E002110B549B938B3164AAE
:10D5A00053681B0E13F00E0F21D113689A061ED478
:10D5B000FFF786FC104C0020FEF750FF032801D037
:10D5C000092806D1D4F88C30DB03F4D4636F0C2B1C
:10D5D000F1D9FFF777FF094B4FF400725A62084BFD
:10D5E0000122DA6003F17E430422C3F88820054B50
:10D5F0004FF4C0625A6210BD00400840000008406D
:10D60000004008460060084408B503210920FEF7E1
:10D6100011FE024B20229A6008BD00BF0040084066
:10D6200038B5054611F0AFF8044602F015FB35B1E8
:10D63000FFF75AFC2046BDE8384011F0A8B8084B67
:10D640001B78002BF6D0074B1D78002DF2D1FFF789
:10D650004BFC2A464FF480400021FFF7BBFCE9E772
:10D66000CA400020C94000202DE9F84F584B06461B
:10D67000D3F888300D461446002A40F0A58013F0F8
:10D68000A00F14BF4FF001094FF00009DFF85C81D3
:10D69000504F01F053FEA023C8F888300320FEF756
:10D6A0005DF80420FEF75AF84FF0000AFFF71CFC63
:10D6B000494BFB66C7F870A0FFF704FF474BD3F850
:10D6C000B02E42F02002C3F8B02EFF22C8F800208E
:10D6D0003F4A4FF480719160D3F8E02E40494FF0FB
:10D6E000040B1140C3F8E01EC8F888B0C3F8B8AE08
:10D6F000FB6813F0060F04D0FEF7EEF95846FEF76C
:10D700002DF8B9F1000F08D0364B4FF40062C3F882
:10D710008820354B4FF400425A6666B1324B5B6C41
:10D72000180701D4FFF7CCFBFFF76EFF0420FEF7CC
:10D7300015F8FFF76BFB264BDA68D1073FD55A681F
:10D7400012F0706FFBD1294B294AC3F88820294A6F
:10D75000536B23F0F003536315B12046FFF760FFCE
:10D76000254BD3F8B4305A1C01D05B0002D51F4BB7
:10D770000122DA601CB31C4BDA6E9A66144A136AF3
:10D7800023F00103D3611D4BD3F80C22C3F8082208
:10D79000A3F54053DA6F9A67A3F50053D3F8EC2052
:10D7A000C3F8E82003F5C043DA6B9A63A3F500538E
:10D7B000134A5A660D4B4FF60842C3F88820BDE85D
:10D7C000F84F002002F05EB84FF000095EE700BF9E
:10D7D00000400840005008400000010100100021F6
:10D7E000DF0000FF004008460000084000400844F9
:10D7F00010003000001F00210081E00F0060084091
:10D800005000F0029A4B196EDA6E2DE9F04F01EAE2
:10D810000209C3F8689003F5805385B0D3F8E0603F
:10D82000D3F8EC201640C3F8E86003F5A043D3F822
:10D830000012D3F80C2201EA020AC3F808A2A3F5E9
:10D84000005359691A6A01EA02088A4A08EA020280
:10D85000DA61894BD3F80022910006D4D3F8003165
:10D860009A00C3F3407740F1E18010F08CFF834BC6
:10D87000DA68DF6D12F0060F9A6E07EA020727F4E6
:10D88000800222F4006214BF4FF0010B4FF0000B36
:10D890005A667B0704D57A4A537D0133DBB2537550
:10D8A00010F075FFB9F1000F00F0DF8019F40044AB
:10D8B00027D010F068FF0146FFF7C2FA6F4D04460B
:10D8C000AA69AB699A42FCD0AA699342FCD0FFF7DF
:10D8D000B7FAA04240F0AC80084610F058FF694B00
:10D8E0001C60694BD3F8885015F4E05240F0A280D8
:10D8F00024F07F4424F0DF040CB9FFF701FE4FF061
:10D90000807419F0020F4FF0000516D05E4B5F498E
:10D91000D3F8883003F46042C1F88820002A00F070
:10D920009E801D0400F19E8013F4005F0CBF4FF039
:10D9300000534FF000631C430025C9F340394FEA00
:10D940004909534B3340002B4AD016F4206F0AD0BC
:10D9500040F60F0206210020FCF7F0FF0020FFF741
:10D960005FFE26F48026F00506D5484BFF221A609C
:10D9700044F4C064FFF7A4FA16F0090F0AD040F689
:10D98000240208210020FCF7D9FFFFF73DFE414BA0
:10D9900001229A6216F0106F0CD040F62D02092178
:10D9A0000020FCF7CBFFFFF72FFE002211461046A8
:10D9B00002F02AF916F4202F0AD040F6350207218A
:10D9C0000020FCF7BBFF0020FFF72AFE26F480268C
:10D9D000F10301D502F068FA002EB8BF49F008093A
:10D9E00072070DD52B4B5B6A13F4005F14BF2A4AF4
:10D9F0002A4A4FF400531ABF536244F4000453629E
:10DA0000730548BF44F0040416F4802600F0AA8091
:10DA100002F014FA0138062842D8DFE810F02E018F
:10DA200031012E01340137013A013A01BB4639E791
:10DA3000044645E70192FFF763FD144B019AC3F8D2
:10DA4000882015F4805307D115F4806F0CBF4FF078
:10DA500080544FF0806454E74FF0804451E74FF01A
:10DA6000007368E74FF0004365E74C464D4668E7B2
:10DA7000000008400000F7FF00E100E0005008400F
:10DA8000C4350020BC350020004008400040084458
:10DA9000090B0B89001008400010084400100846CC
:10DAA00040F6660203210020FCF748FF844A136E0B
:10DAB000D2F8800003F007030633012101FA03F3D3
:10DAC000C0F30C001B1A9BB2072B13D97D4BD3F864
:10DAD000883058020ED47C48136B126DC06C58B15C
:10DAE00003F0070306339940C2F30C03C91A89B245
:10DAF000072901D844F40074744B1B78002B31D0F3
:10DB00006F4BD3F8E03013F4A02F2BD1704B714A38
:10DB10001B7893B9F90410D4137873B1E3086E49F4
:10DB200043EA457383F00103D1F8E01E03F00103DB
:10DB30005B0021FA03F39B0714D10420FDF70EFECE
:10DB4000664B6749D966FFF7CFF9624A13782BB95C
:10DB5000644B654A1B682340134201D144F480445E
:10DB600027F48057BAF1000F1DD01AF4805F18BF58
:10DB700044F480241AF4807F18BF44F400241AF47B
:10DB8000005F18BF44F010041AF4007F18BF44F07F
:10DB900020041AF4806F18BF44F040041AF4006F98
:10DBA00018BF44F08004B8F1000F48D018F4802F5B
:10DBB00018BF45F4007518F4803F18BF44F4805432
:10DBC00018F4801F18BF44F4003418F4800F18BFF5
:10DBD00044F0020418F4003F09D03A4BD3F88830DF
:10DBE000580059D5414B1B68984704430D4318F41E
:10DBF000000F18BF45F0100518F4002F1AD0364B4F
:10DC0000D3F8B03E13F0C00F14D02E4B5A68C2F3B5
:10DC10000362032A01D0072A07D1D3F88C20D1064A
:10DC200003D4D3F89020120739D54FF40022DA61DB
:10DC300028F4002818F4001F18BF44F48004002FB3
:10DC400000F01381380540F18680294ADFF88CA066
:10DC5000D378002B52D0013B4FF40061DBB2CAF8FD
:10DC60006410D37033B9234B1B78DBB1224B40F6E1
:10DC70000142DA66002300226BE044F4803415E7A9
:10DC800044F4006412E744F480640FE744F48074C1
:10DC90000CE744F0080409E744F48014A7E744F4CF
:10DCA0000014C7E7DAF8703013F4A05F15BF4FF423
:10DCB000807340F60143CAF85030CAF87030D9E793
:10DCC000001008400040084000000840CB40002001
:10DCD000CA400020CC400020001000210050084025
:10DCE0000000010108160020088D010078110020B5
:10DCF000BC400020CE400020005008460320FDF725
:10DD00002DFDDAF80C30AD48AD4913F0060F02BF17
:10DD1000AC4B41F61F72DA664FF40063CAF8643008
:10DD2000DAF80C3013F0060308BFCAF87030C38A63
:10DD300013F4006261D023F40063C3820B7803F014
:10DD4000FF0A002B5DD1FDF7C7FEFFF7D9FB534655
:10DD500020221C431543B9010BD52E20FEF7B4F841
:10DD6000984A4FF00073936602F17C4245F0080533
:10DD70005366FA0608D52B20FEF7A6F8914A102321
:10DD8000936602F17C42536617F4E00F05D1FB0461
:10DD90005FD5BBF1000F00F0B780B80210D5292085
:10DDA000FEF792F8FFF7E0FA40B18749874A884BBF
:10DDB00053668B6687494968490425D445F00405B4
:10DDC00017F4800BDFF804A22AD00420FDF7C6FC6C
:10DDD0002720FEF779F8FFF793FB4FF48003CAF88A
:10DDE00064307D4BD3F8E02E520600F186807B4BE9
:10DDF00002221A6045F0020528E00B784FF4005328
:10DE0000A7E74FF4004336E76E4920208B66536640
:10DE1000FEF75AF82D2045F00C05FEF755F8CFE730
:10DE2000F80255D50420FDF799FC2820FEF74CF8A0
:10DE3000DAF87030002B48D1FFF762FB614A644B7F
:10DE4000936602F17C4245F0010553665F4B002268
:10DE50001A657A0509D5624A9378002B00F0A280F2
:10DE6000013B9370002349EA03095B4BD3F8B03EB2
:10DE70001B0603D52046294601F00CFD4A462046E4
:10DE80002946FFF7A7F80EB102F000F818F4002FAA
:10DE900000F08D804F4B4FF40022DA6118F0206FB4
:10DEA00000F0898018F0007F01D0FDF761F918F0CB
:10DEB000006F01D0FDF778F9002200204FF40061D7
:10DEC00005B0BDE8F04FFFF785B8CAF870B0B5E708
:10DED000F904BBD50420FDF741FC424BCAF86C3075
:10DEE000FDF7FAFDDAF85C3013F4A00FAED12A206A
:10DEF000FDF7EAFFFFF704FB73E7D3F8B03E98069F
:10DF00003FF578AF384B73E7354A13794BB1013B96
:10DF1000DBB2137113B92C4B344ADA6600231C436D
:10DF200097E70420FDF71AFC0320FDF717FC274BA9
:10DF30002C4ADA6610F027FC82460DF10F00FEF73E
:10DF40008DFA2B4B1B7883460BB1FEF7B9FFBBF163
:10DF5000030F0ED1DFF87CB00020FEF77FFA032814
:10DF600007D1DBF88C30D903F6D4DBF874300C2BF6
:10DF7000F2D99DF80F30032B06D11E4B01225046DB
:10DF80001A7010F004FCC9E71B4BD3F8E03013F40F
:10DF9000A02FF2D1FEF7A8FF504610F0F8FB4FF487
:10DFA0008043BCE70220FDF7D9FB01235BE7B8F112
:10DFB000000F7FF473AF05B0BDE8F08FC4350020CB
:10DFC000CE40002000500844005008460050084051
:10DFD00010000002004008400010002100400844EA
:10DFE000BC40002000000101004008460000010D77
:10DFF000CD400020CA40002000100840034A012301
:10E00000136202F17C42D361704700BF00400844B4
:10E010000B4B10B55C691A6A1440A2B2DA61E207D0
:10E0200004D55868C0F30360FFF7E8FF630706D51F
:10E03000BDE81040042200200021FEF7CBBF10BD38
:10E04000004008400C4A08B5136BD16B0B4093633A
:10E05000DB070FD5094B187840F6AC22122100F0EF
:10E060000100FCF76BFCBDE8084000220120002104
:10E07000FEF7B0BF08BD00BF0070084008160020C2
:10E08000044BDA6FD207FCD41A6FD96F0A409A6733
:10E09000704700BF0030084070B50D46144610F0C0
:10E0A00072FB064BD3F8B06E74402C407440C3F83A
:10E0B000B04E10F06CFB05EA060070BD00100021A8
:10E0C000034BD3F8B03E99430CBF012000207047AA
:10E0D000001000212DE9F04117460A43012A9DF85E
:10E0E00018409DF81C60DDF820801D4629D8B442F8
:10E0F00027D2082E25D8032B23D8B8F1000F20D023
:10E100000A46002101F082F8EB00FF219940DFF878
:10E1100038C0C94308F1FF38FF00E2B2964202D886
:10E120000020BDE8F0813D190CEB850518F8010FC2
:10E13000D5F8E82098400A401043C5F8E8000134BB
:10E14000EBE70120EDE700BF001E002109490A4A64
:10E15000D1F8EC0010B504230124C2F8EC308C6235
:10E160004FF400515162410744BF02F10072C2F8FE
:10E17000EC3010BD00100840001008442DE9F743B2
:10E180008E780F2E80460C4603D9012003B0BDE8DF
:10E19000F08326B901232E4A00201370F6E70D788C
:10E1A00091F80190002D3BD1B9F1000FEDD194F918
:10E1B0000310E088FDF78CFD0128E6D055EA09033D
:10E1C000A088244F32D1FDF7A5FC23498A6D4FF674
:10E1D000040583B292B24FF60500AA4208BF024678
:10E1E0003A800825802201278F658A672A461A49C6
:10E1F00003B1013B013ECB62F6B2002301930096CE
:10E200000123294608F1A400FDF7C4FC1FB1134BFC
:10E210004FF48012DA64124BA2681A600223BAE744
:10E22000082DB2D8B9F1080FAFD8C0E7FDF772FCDE
:10E230003A884FF604039A421EBF07498A653B801D
:10E24000A9454A4683B238BF2A460027CFE700BF18
:10E25000CF400020C813002000500840005008465E
:10E26000E03500200C4BD0F8C42010B5C3F8B42022
:10E27000027C0446120202F400624FF40061FFF7D0
:10E280000BFF237C13F0080F14BF044A044A4FF419
:10E290000073C2F8883010BD001E002100400846FF
:10E2A0000040084437B5204D0C4641B90A460721C5
:10E2B000FFF7F2FE1D4BEC625C6003B030BD07223D
:10E2C0001146FFF7E9FE1A4B07225A60237985F8B9
:10E2D0002C3063790193012101A814F0F1FE019B18
:10E2E000C2B2D34000F00F0040EA031085F82D00C1
:10E2F000A27985F82E20E27985F82F2020682863FE
:10E3000083B1028801218B4205D82379013B134454
:10E31000084A9361D1E730F81150AA4228BF2A4633
:10E320000131F0E71A46F0E7001F00212C1F002101
:10E330000000084400000840431C07D0044B6FF065
:10E34000FF029A6103F1007310409861704700BFAB
:10E350000070084400F01803182B0AD003070AD4F1
:10E3600010F0100040F2011318BF1846034B9864D8
:10E3700070470020FAE70120F8E700BF001F0021E6
:10E38000344B2DE9F7431E6801F4007900F00103D6
:10E39000174653EA090205460C462ED04FF00008F6
:10E3A00003B30023002201200021CDE90088FEF7FD
:10E3B00029FE41463046FDF7BFFF414670830120EC
:10E3C000FCF728F9716B06F1A400FEF75BF822490F
:10E3D0000868FFF7B1FF4FF0FF330B60337C43F069
:10E3E00004033374B9F1000F07D00121304614F053
:10E3F000C4F924F4007405430C43D6E93E232A40B3
:10E40000234052EA030103D0144930460968884783
:10E41000FB070FD51249134A0868136800211160E1
:10E42000114A0121117003B19847104B00215B681C
:10E430000220984717F00E0F08D040F2F3123B214C
:10E44000002003B0BDE8F043FCF778BA03B0BDE8A4
:10E45000F08300BF083600207011002074110020E6
:10E46000F0350020F4350020D2400020501100206B
:10E47000044B1868830654BFC0F30F204FF6FF709B
:10E48000704700BFBC350020F7B50446D4E93EC74D
:10E490001046DDE908268CEA020587EA06010540F8
:10E4A000194085EA0C057940C4E93E5123F4004146
:10E4B00006EA010320F00100002543F40073024046
:10E4C00043F00203CDE90055FEF79CFD237C9A073B
:10E4D00017D5D4F8FC309B0513D54FF4881120468E
:10E4E00014F04BF9237C65F341032374D4E93E23F4
:10E4F00002400B4052EA030103D003492046096859
:10E500008847002003B0F0BD7411002038B10368C3
:10E51000044A002B08BF1346034A13607047014B9F
:10E52000FAE700BFEF29020074110020024B586B7C
:10E5300000F00F00704700BF001F00210F2938B501
:10E5400005460C460ED801F025F901280CD1074AE2
:10E55000536B23F00F0323435363284614F05FFCEF
:10E56000002038BD0120FCE70220FAE7001F00214F
:10E57000014B986B704700BF001F0021014B00202A
:10E5800099637047001F002103282DE9F7434CD8F9
:10E59000274B13F80080274B1E5C274B13F8009085
:10E5A00010F0F1F80746FEF7E7FE054640B10023FC
:10E5B000CDE900330022002301200021FEF722FDD7
:10E5C000FEF7E2FE48B10023CDE90033002200232C
:10E5D00000204FF40041FEF715FD26B3174B5C6C8D
:10E5E00004F00804164B31465C644046FEF7D4FF45
:10E5F0004A4631464046FFF737F8124B5C6465B136
:10E60000114B1868416BA430FDF73CFF0F490868B7
:10E61000FFF792FE4FF0FF330B60384603B0BDE8C2
:10E62000F04310F0B4B83446DCE703B0BDE8F08343
:10E630005C61020058610200546102000000084061
:10E640000000084400000846083600207011002031
:10E65000104AD2F8883013F0A00F16D1D2F88C00EF
:10E6600010F0040013D10C4BD3F8E03E23F07F43AD
:10E6700023F0FF035BB15368C3F30362092A07D099
:10E68000B2F10C0018BF0120704700207047012034
:10E69000704700BF004008400010002170B50D46D3
:10E6A000064620B9194B1B68A3B1032011E001F005
:10E6B00071F8012828D1164B93F90040C4F11C04CD
:10E6C000641BC4F11C03002BB8BF5B42232B0CDD81
:10E6D000012070BD81EAE173A3EBE173DBB2232B70
:10E6E000F6D80B4B19700020F3E7B57410F04BF817
:10E6F000084A5369E40223F4FF2304F4FF241C4373
:10E70000546110F044F8EEE70220E2E708360020FA
:10E71000D04000200070084018B9034B93F9000066
:10E72000704790F912007047D040002010B50446A1
:10E7300014F031FB10B1012001F0A4F82046FFF7DE
:10E7400091FD10F020F8074AD2F8B03E23F02003E4
:10E75000C2F8B03E10F01BF8034B02221A600020F2
:10E7600010BD00BF001000210040084690F8C230E4
:10E7700053B9074BDA69920208D49B6F13F4706F98
:10E7800014BF01200020704700207047012070470F
:10E7900000600840F8B5436B02EA010523EA010373
:10E7A0002B434363344A01F00B030C4623EA050173
:10E7B000516402F100722B4061070646536411D583
:10E7C0000121FFF7D3FF68B1FEF77CFE15F0040FBF
:10E7D00014BF2A4A2A4A4FF40073D361294B0422FA
:10E7E000C3F88820E20606D515F0100F264B14BF9B
:10E7F00000221B22DA6423061DD52F0616D51F4BD7
:10E800004FF400129A6103F17E430122C3F8F8200D
:10E810000FF0B9FF0E2107460320FDF70BFD1A4B41
:10E8200040F201225A6238460FF0B1FF294606F144
:10E83000A400FDF727FEE00503D5E90516D5FDF791
:10E84000C3FCA20503D5AB0513D5FDF7CDFC14F031
:10E85000600F09D0D6F89410304614F0C9F80B4B6D
:10E8600058640B4B80229A600020F8BDFDF7A4FC91
:10E87000E7E7FDF7B1FCEAE700000844006008465E
:10E88000006008440040084400000840001F0021C8
:10E8900000400840014B1868704700BFEC3500206D
:10E8A00037B5012300240022CDE9003400231046AF
:10E8B0001946FEF7A7FB0220FCF750FF054D064B5B
:10E8C00021461C6002206B6898472B6803B0BDE8A6
:10E8D0003040184750110020F43500202DE9FF4149
:10E8E000022903900C461546984605D1FFF7D8FF3C
:10E8F000002004B0BDE8F081194E0FF044FF3368EA
:10E9000007463BB1AB4205D00FF041FF0023336017
:10E910000120EEE7134B3560C3F80080012300228D
:10E92000CDE90033002310461946FEF76BFB0E4B72
:10E93000002502201D70FCF711FF22462B4603A97B
:10E940000220FCF729FF094B039A1A60084B1B6849
:10E950000446984738460FF01AFF002CC8D1D5E777
:10E96000F4350020F0350020D2400020EC350020A6
:10E9700050110020044BDB6D5B055ABF034B187828
:10E98000012000F00100704700500840D2400020F4
:10E99000014B9869FDF7A6BC00600840014B9869DF
:10E9A00013F0D1BF00600840437C5A1F012A01D9EF
:10E9B000082B05D14B7C8BB1012B11D0022B11D030
:10E9C000D0F800311B0607D5836B03F0FD030D2B38
:10E9D00002D18B8A1A2B07D814F083B803487047EA
:10E9E00003487047034870470348704720A1070059
:10E9F00048E8010040420F0080841E0070B50E46BA
:10EA00000FF0C1FE054600F0E9FE044620B128469D
:10EA10000FF0BDFE204670BDFEF754FD114B32785D
:10EA2000D3F8E03E022A23F0F00316D0101F424232
:10EA30004241520043EA02137278022A0FD0111F9A
:10EA40004A424A41520043EA8213064AC2F8E03E73
:10EA5000054B0422C3F88820D9E70122EAE7012206
:10EA6000F1E700BF001000210040084470B50E46D9
:10EA70000FF089FE054600F0C9FE044620B1284685
:10EA80000FF085FE204670BDFEF71CFD104B32785E
:10EA9000D3F8E03E022A23F00F0315D0101F4242A4
:10EAA0004241520013437278022A0FD0111F4A428A
:10EAB0004A41520043EA8203054AC2F8E03E054B50
:10EAC0000422C3F88820DAE70122EBE70122F1E70C
:10EAD0000010002100400844F8B50E7890F8D0707E
:10EAE000044630460D46FCF791F9002844D094F8CE
:10EAF000D030B34208D1AA88636C9A4204D16A88A4
:10EB0000B4F8D2309A4235D084F8D060AB88A4F8FB
:10EB1000D4306B88A4F8D230AB886364FF2363756C
:10EB2000304613F0B4FE04F1D00520752846FCF7FA
:10EB300079FC10BB2846FCF75FF9F0B9D4F89030A7
:10EB400053B194F8D010B94206D0B3F91220204640
:10EB5000F3F764F884F8D9002046FCF73DFB094937
:10EB6000A4F8D400084AD1F8F810012304F1A40055
:10EB7000FDF740FF0020F8BD01200E2384F8D030BF
:10EB8000F9E700BF001F0021681F002170B505468E
:10EB900090F8D0000E280C461DD0FF291DD01AB1C8
:10EBA0000F4B4FF0FF321A6013F071FE064695F8D6
:10EBB000D000FCF7D5F9844228BF0446E4B2B44241
:10EBC00038BF3446E0B26875FCF766FAA0F1FF037F
:10EBD0005842584170BD0220FCE70120FAE700BF0F
:10EBE00058110020C36B012B01D10020704770B574
:10EBF000364BD0F89060D3F8F830C0F8943086B037
:10EC00003146058B044613F0C3FEB3898DF8060028
:10EC1000D6E90121EB1A9BB201FB032268460021D1
:10EC2000ADF804300092FDF7AFFD38B9284B228BC8
:10EC3000DA63FCF7C5FB20B106B070BD022006B058
:10EC400070BD227C60F34102227413F07AFED4F886
:10EC500090305969431EDBB209680291FD2B0246D0
:10EC60000BD9CD1C09D91B4B01311B680CD0D81C0A
:10EC700007D802A92046029301E002A9204613F01A
:10EC8000DBFD002006B070BDD91C04D802A92046C7
:10EC9000029313F0D1FDD4F8FC309B0504D4237CFF
:10ECA00043F002032374ECE74FF48031204613F065
:10ECB00064FDD4E93E2302400B4052EA0301E0D058
:10ECC0000549204609688847DBE700BF001F00218F
:10ECD00000300840601100207411002038B505464E
:10ECE0000C4641B114F057F828B14FF400312846D2
:10ECF000FFF7E6F904342046FCF70CFF024B4042D4
:10ED0000C3F8D00E002038BD0010002170B54C3083
:10ED1000814214BF0C46002416460FF034FD0D4905
:10ED20004A684FF49C53C2F30362D340DA070546A6
:10ED300003D5D1F888309B030AD4204601223146FE
:10ED400000F062FF044628460FF021FD204670BD0A
:10ED50000324F8E7004008402DE9F74F0646154622
:10ED6000084619B9012003B0BDE8F08F002AF9D098
:10ED7000032904D8002101F0ABF80028F2D08278F2
:10ED80000488037990F805B0C788B0F9000000281E
:10ED900002F00701C0F2D280A1F1070CDCF1000003
:10EDA00040EB0C00052928738CBFC2F30010002033
:10EDB000C2F3801C6873900985F810C000F002004F
:10EDC000C2F3C00C40EA0C00C2F340126874AA748B
:10EDD000AF820BB996F8CA30013BDBB2EB74736BB0
:10EDE000D80600F197800639012900F29380544B30
:10EDF000DB6C544B5A6B1B6B03F0070306334FF06D
:10EE0000010909FA03F909F1FF39083C42F00058F9
:10EE100004EA0904002318F804A0AB60013404EAF2
:10EE20000904631D03EA09035A1C02EA090218F8DF
:10EE3000037018F80220BAF1800F47EA0227727CAB
:10EE400018BFAAF1320A3BB214BF4FFA8AFA6FF028
:10EE50007F0AC7F30B079AB30020D6F89C300BB19A
:10EE600051469847631C03EA0903E87385F80EA02E
:10EE700018F80310013303EA090318F803200133DB
:10EE800003EA090341EA022118F80320013303EAE7
:10EE9000090341EA024118F803006A7C002341EAB1
:10EEA00000613046FDF7A4FE2860737C042B03D17B
:10EEB000042FDCBF033028600423AB71002052E72D
:10EEC000D90423D5D6F894309BB11A68022A10D9F8
:10EED00093F82400FB0008B1B3FBF0F39B45BBD8CB
:10EEE000002BB9D0CBEB0B20B0FBF3F0C043C0B28A
:10EEF000B3E729463046FFF757FD0190304613F03F
:10EF0000E0FD019BB3FBF0F0C0B2E3E718F80400AA
:10EF10004000ECE70023EB730B4BDA68C2F30723E6
:10EF2000120448BF63F0FF035AB212F1800F1CBFF6
:10EF3000323B5AB20023AA732B60BEE7022012E7CD
:10EF400000000840001008400070084070B50A4BEF
:10EF50000A4DD3F8EC604FF48064C5F8EC40002013
:10EF6000FEF75EFB4FF400536B65730544BF044B23
:10EF7000C3F8EC4070BD00BF00100840001008440A
:10EF80000010084611F5004F1FBF01F30E01044B9E
:10EF9000C1F30E01002014BF19640120704700BFA7
:10EFA00000300840F8B504460E4611B9037C5A06F5
:10EFB0005FD4464BA18BD3F88420D4F8947012F41C
:10EFC000E05F04BF2022C3F810224FF6FF7399427E
:10EFD00060D03F4B1B68002B5CD03E4D20469847CD
:10EFE000D4F894102A688A4207D0204613F000FD16
:10EFF000394B5864394B8020986097424FD0384B3A
:10F000001B684BB11FB13A68002A58D0BF68394617
:10F0100020469847D4F89410084613F001FD0028C4
:10F0200049D03049FDF748FC07272046FCF7D4F8C3
:10F03000002E36D02C4B94F9122093F900302B4936
:10F04000D4F89400C3F11C039B1A4A69DB0222F432
:10F05000FF2203F4FF231343254A4B61254B28600D
:10F0600006211167204601221A7013F0D8FE0020F5
:10F07000F8BD61F38613154A0374D2F88430D0F8D2
:10F0800094704FF6FF7113F4E05F818302D1202367
:10F09000C2F810320F4D2A68BA423946A5D101276D
:10F0A000C3E70D4B0F4AD3F8F81004F1A4003B4618
:10F0B000FDF7A0FCBEE7204613F084FAB1E717463F
:10F0C000394620469847D4F89410A5E700600840D8
:10F0D000E8350020DC350020001F002100400840FA
:10F0E000E4350020681F0021D04000200070084057
:10F0F00000000844D140002002484822002112F0BC
:10F100005BBD00BFE41E0021002373B5837464233C
:10F11000C0E92C33C0E92E334FF0FF35C0F8AC30D6
:10F12000A0F8C0300E264FF6FF73C0E9075580F8EF
:10F13000D06045648582837504461120F1F77EFB1B
:10F14000042834D11B4B5B6813F4403F2FD1204679
:10F15000FEF722F92046FFF7CFFF94F91210204660
:10F16000FFF79CFA144A6023536402F5805240F67C
:10F17000FF7151625165114A5364114B4022C3F82B
:10F180008820626B29462046FFF704FB002240F2EC
:10F19000022310461946CDE90066FDF733FFFBF761
:10F1A000C9FE204602B0BDE8704000F06FBC0220EE
:10F1B00002B070BD00300E4000000840000008465C
:10F1C0000040084410B50C46FFF796FFBCB1A37889
:10F1D000082B16D8E278082A13D843EA021313F052
:10F1E000FF03094A14BF61681946C2F8E410217888
:10F1F00082F82811617882F8291182F82B310020D9
:10F2000010BD0120FCE700BF001E0021012A10B53F
:10F2100012D8032B10D803EB8202084C0123934031
:10F2200094F82A01DBB221B1034384F82A3100208B
:10F2300010BD20EA0303F8E70120F9E7001E0021D2
:10F2400070B50C68B0F8D4208D680346013404BF53
:10F25000D3F8AC400C604C68013404BFD3F8B8401C
:10F260004C606E1C00F1A40038D1D3F8B440CE68D5
:10F270008C60751C38D1D3F8B0500E69CD60013662
:10F2800004BFD3F8A4600E614E69013604BFD3F801
:10F29000A8604E618E69013604BFD3F8BC608E61F0
:10F2A0008E693EB34132B24238BF32460E688A613F
:10F2B000C3F8B4404C68C3E92E420A69C3F8A420DD
:10F2C0004A690D49C3F8A820C3E92B650B4AD1F858
:10F2D000F8100723FDF78EFB002070BD02F14104FA
:10F2E000AC4238BF2C46C2E702F16405B54238BFD4
:10F2F0003546C2E76422D9E7001F0021681F0021BC
:10F3000070B50FF040FA0C4E054600F043FA0128A4
:10F3100004D028460FF03BFA022070BD736813F04A
:10F32000706FC3F30364F0D1F36BDB06EDD52846B1
:10F330000FF02DFA2046F0E70040084038B50FF0F6
:10F3400022FA0B4A13884FF6FF718B4203D10FF05C
:10F350001EFA032038BD074C074DE56504F1007423
:10F360001B04E36511800FF012FA0020F2E700BFE2
:10F37000CA130020006008440000FFFF2DE9F3419C
:10F3800005460F461646FFF763F9A0B1DFF8548231
:10F39000D8F80C30DB0704D40324204602B0BDE8C3
:10F3A000F0810FF0F0F904460320FCF701FB20B1D7
:10F3B00020460FF0ECF90224EFE7D8F80C3013F0F8
:10F3C000060FF5D120460FF0E2F97A4B4FF40061B9
:10F3D0002846D3F8E08ED3F8B84EFEF771FE40B160
:10F3E000754B4FF400720121C3F888200846FBF7E3
:10F3F00011F939462846FBF75FFA6E4BC3F8B84E51
:10F40000C3F8E08E04460028C7D12B7CDF0601D468
:10F41000002E58D0C6F34000FEF71AF816F4807F8D
:10F4200014BF664A644A4FF002031BBFC2F888301B
:10F43000634AC2F8883000211CBFD1609362FEF796
:10F4400041F816F0040F14BF5E4A5F4A4FF4806320
:10F45000D361594B042216F0400FC3F8882014BF23
:10F460005A4A5B4A40233046C2F88030FEF772FFAA
:10F47000284613F0ABFB40B116F0010F14BF4F4A02
:10F480004D4A4FF48073C2F88830B00642D56B8C79
:10F490004FF6FF7293420FD04E4A4F49D26D100C77
:10F4A000C2F30112088001324749B3FBF2F3454A27
:10F4B0004A48C8651B04D3652B7C003E18BF012653
:10F4C00066F304132B74284613F065FCC0B328467A
:10F4D00013F07CFBD0B14FF400312846FEF7F0FD6D
:10F4E000431C9BB20322364801A913F0A5FD9DF8E9
:10F4F000042002F00703052B9DF8053013D11107F6
:10F500000BD443F48073364AC2F8C030002013F0A5
:10F51000AAF942E7FFF712FFCEE713F0040F09D173
:10F520009DF80630EDE703F03002202A05D113F0F4
:10F53000010FF4E74FF48073E5E79DF80630E2E74A
:10F54000284613F092FC0028E0D0284613F03EFB3A
:10F550000028DBD0EB7CA3F10C02012A16D82B8B00
:10F56000032B19D01E4B93F8C93003F00703072B68
:10F5700016D01348062113F068FD421C3FF40CAF6F
:10F5800000F00F00164B83F8C800BFE70F2BE6D042
:10F59000102BE4D00E2B01D1092102E0112BE0E762
:10F5A0000821074813F051FD431C3FF4F5AEC0B2EB
:10F5B000E8E700BF00100021004008440040084672
:10F5C00000100840006008460060084400700846CB
:10F5D0000070084400600840CA1300200000FFFFCC
:10F5E000001E0021005008402DE9F34106468846E0
:10F5F00015461F460FF0C7F804460320FCF7D8F95C
:10F6000038B120460FF0C3F80324204602B0BDE80D
:10F61000F0810420FCF7CCF90028F2D120460FF04D
:10F62000B6F82A4641463046FFF7A8FE04460028B1
:10F63000EBD1DFF8BC80002F38D088F800003946C5
:10F640003046FEF79BFD002845D198F80030012B8D
:10F6500029D0224B2022C3F88820214B5B6CB3F5C4
:10F66000817F2BD2012013F061F90FF08CF81D4B34
:10F670001B68019306464BB10420FCF76FF800238A
:10F68000012201A90420FCF787F800B3FCF7D8F9A0
:10F690002B0617D5144B00221A67FCF711FA3046D7
:10F6A0000FF075F8B1E7FDF7C5FEAEE798F800304A
:10F6B000012BF8D0002BCCD10124A6E70B4B8022E4
:10F6C0009A60CFE7FCF7FCF9FDF79EFEE7E7FDF750
:10F6D00017FF0124E3E7044697E700BF0040084610
:10F6E000001F0021E0350020005008400040084085
:10F6F000CF40002008B50B4BD3F8B4305A1C0FD0C4
:10F700005B000DD40320FEF73FFF074B4FF08062F4
:10F71000C3F89420054A4FF4007151620122DA6067
:10F7200008BD00BF0081E00F00400846000008400F
:10F73000054BD3F8880003F180634FF40022C3F82F
:10F740008820C0F3C040704700400840014B024A87
:10F750001A607047E4350020A5E20000024BD8682B
:10F7600000F00100704700BF00500840084BDA6805
:10F77000D10707D508B9FBF7CBBFDB68DA0706D49A
:10F78000FBF7B8BFDB68DB0701D40028F8D170476E
:10F79000005008400F4B5B68C3F30363013B0B2B26
:10F7A0000FD8DFE803F006060C06060606080A086E
:10F7B0000808022070470420704705207047032086
:10F7C0007047054BDB6813F0060F0CBF01200420C7
:10F7D000704700BF00400840005008400A4A536884
:10F7E000C3F303630B2B08D06FF49050184100F063
:10F7F000010080F0010040007047D2F8880010F44A
:10F800008030ECD1704700BF004008400C4A53687C
:10F81000C3F30363062B07D8042BD8B20CD8C31E3E
:10F820005842584140007047072B07D1D2F8440195
:10F8300010F00050EBD17047022070470020704755
:10F84000004008400A4A5368C3F30363032B01D006
:10F85000072B0AD1D2F88C30DB0606D4D2F8900000
:10F8600080F00800C0F3C00070470020704700BF60
:10F8700000400840024B0022196813F06BBA00BF29
:10F880000C800200024B1B6803B11847704700BF91
:10F8900000360020024B1B6803B11847704700BFB9
:10F8A000FC35002010B5FF224FF6FF71044613F01F
:10F8B00075FA68B9FF224FF6FF71204613F07FFA00
:10F8C00030B920460349BDE81040FF2213F089BA41
:10F8D00010BD00BF6061020010B55B0743EA024340
:10F8E0009DF80820520543EAC16302F0BC621A4346
:10F8F000064942F4C8720446FEF7CEFB00221146C8
:10F900002046FFF703FA002010BD00BF9007E12D4D
:10F9100008B5FFF797FFA8B10B4B5A69110311D532
:10F92000D3F8882092030DD4D3F8903013F0100F41
:10F930004FF0100304D1054AC2F89030002008BDF2
:10F94000034AF9E70220FAE7004008400040084671
:10F950000040084438B5044608B3134A53691B03F2
:10F960001FD5D2F88C50114BC5F38115032DB3F878
:10F97000BC300ED1083B9BB208220D48214613F043
:10F980005BFB094B2572D3F890301B0A6372002091
:10F9900038BD022D05D1023B9BB22A46EDE701207E
:10F9A000F6E70220F4E700BF00400840001E0021F7
:10F9B00030100840034B1868034B002808BF184656
:10F9C000704700BF04360020E47F0200F8B50D4602
:10F9D00010B900242046F8BD0E4F3E68002EF8D125
:10F9E000FAF7B4FD04460028F3D03860FAF7FAFDC0
:10F9F000204612F0D7FD38B130463E60FAF7F2FDEE
:10FA0000204612F0C4FDE4E7002DE3D02046A847CD
:10FA1000E0E700BF08360020024B1868003818BF26
:10FA20000120704708360020024B00215B68084621
:10FA3000184700BF5011002010B513F05FF90446BD
:10FA400018B9034B01215B689847204610BD00BFE1
:10FA50005011002010B5FFF7C7FD044618B9034B3D
:10FA600001215B689847204610BD00BF501100205F
:10FA700010B512F029FE044620B9034B01215B6842
:10FA800008469847204610BD5011002007B54FF496
:10FA900000730A49ADF806300DF1060213F061FA61
:10FAA000BDF80630B3F5007F05D1022808BF00205D
:10FAB00003B05DF804FB0120FAE700BF0C3600201C
:10FAC0000D4BD3F8E020D20314D50C494FF480320B
:10FAD000C3F8E820C1F8EC209A6BD1B2C2F3072238
:10FAE00099679A6704229A6700229A679A679A67C9
:10FAF0009A679A67704700BF0010084000100846D8
:10FB0000F8B50C4C0D46174606460EF03CFE012398
:10FB1000A362042327606660A560C4F8E830064B42
:10FB20004FF48072C3F880210EF031FE0DB1022334
:10FB3000A362F8BD0010084000E100E0054B18602A
:10FB4000054B01229A6540F6FF72196358635A65A6
:10FB5000704700BF10380020001008402DE9F04F1A
:10FB6000042A83B0054639D90B7883614B788361C9
:10FB70008B788361CB7883610068D5F808B06E68B4
:10FB800000F007000123063003FA00F808F1FF39FE
:10FB900009EA0B07A2F1040AA8EB0702924501F15A
:10FBA000040446F000560DD8F0192146524612F0D2
:10FBB00017F80AEB0B0248EA09031A40AA6003B0DF
:10FBC000BDE8F08F2146F019019212F009F8019A70
:10FBD000A118AAEB080230463A44E8E7013A032AA2
:10FBE000EDD8DFE802F00B08050211F8013B836154
:10FBF00011F8013BAB6111F8013BAB610B78AB61D4
:10FC000003B0BDE8F08F00BF38B50C46104B154669
:10FC1000014668B10122C3F8B8200E482246FFF71A
:10FC20009DFF1DB10A4B0422C3F8B820002038BD47
:10FC300064B1D3F89C20A24284BF0122C3F8B8204B
:10FC4000C3F898400222C3F8B820EAE70122FAE795
:10FC5000001008409010084010B50EF094FD184BAD
:10FC6000184901229A65C3F888201A66164A5A660E
:10FC70000722C3F884200A80144900220A804FF426
:10FC8000A021C3F8E81003F1C0630446C3F8EC10E8
:10FC90000F4B1A600F4BD3F888305B020AD50E4B1E
:10FCA00018680E4B4FF48002C3F88820416BA430D3
:10FCB000FCF7E8FB2046BDE810400EF068BD00BF31
:10FCC00000100840AA3D002010160020A83D00208A
:10FCD0000C3800200040084008360020004008444E
:10FCE0000D4B07221A800D4B00221A800C4B01216C
:10FCF000C3F8B810C3F890204FF40052C3F8940032
:10FD0000C3F8B420074BF0221A6403F10073A02259
:10FD10001A64FFF7A1BF00BFAA3D0020A83D002044
:10FD200000100840000008442DE9F041044688B165
:10FD3000394E3A4F0EF027FD3388394A03F07801E7
:10FD4000032C054603F07F0C114453D13C6824B9C1
:10FD50000EF01DFD0320BDE8F08124F00104386899
:10FD600020F00100A0424AD100223A6022886FEAC6
:10FD700042426FEA52428C42228036D1294CDFF84F
:10FD8000B8C02788ACF180083A46083A92B201F12F
:10FD90000800604528BF4046082A04D9B0F900E0B1
:10FDA000BEF1000F36DB22803B440C8888781E4968
:10FDB0009B1ADBB2C4F30C04CC6300F00700338061
:10FDC000CB66C1F88420FFF77BFE04280DD1174BCA
:10FDD000D3F88830164B1868164B4FF48002C3F8DE
:10FDE0008820416BA430FCF74DFB28460EF0CFFC79
:10FDF0000020B0E7601E012898BF0C46AFE7094815
:10FE000062440088A21A48BF803208389042ADDCB4
:10FE100028469DE70146B8E7A83D00200C380020A1
:10FE200010160020AA3D00200010084000400840A5
:10FE30000836002000400844901600200E490F4B61
:10FE40000A881B880E481344073B03F078030344D9
:10FE50000832987892B20A8000F007000949042815
:10FE6000C1F8842004D101F540514A681203FCD442
:10FE7000054A1360704700BFAA3D0020A83D00203E
:10FE800010160020001008400C38002010B5054C5A
:10FE9000206828B1C30701D4FFF746FF0023236081
:10FEA00010BD00BF0C380020084B4FF48032C3F85F
:10FEB000EC2003F17C43C3F8E420D3F88030C3F393
:10FEC0000C03782B01D8FFF7FBBD704700100844E6
:10FED0002DE9F84304460E460EF055FC504B514DAB
:10FEE0001A882D888146504802F07801032C02F0D0
:10FEF0007F03014417D14D4C24688CB92A44073A3A
:10FF000002F0780284180344E31A48BF8033AB42FE
:10FF100010DB48460EF03BFC00242046BDE8F88389
:10FF200024F00104EFE7012C02D0022CEBD1083DB4
:10FF30000C46E8E7002E41D08C423D4942D1D1F831
:10FF40003C800A6B02F00702063201279740D1F885
:10FF50008020C2F30C029A4247DDB4F900302588B4
:10FF6000002BD6DBA378C5F30C0503F007037A1E3C
:10FF7000A5EB08053A43052B337005EA02052CD89A
:10FF80002DB2E84340F236420421C00FFAF7D6FC06
:10FF90007580E378274A337412687B1E03EA0803EE
:10FFA000D118B160A9B213FA85F5BD4289BFFF1A15
:10FFB0000023B780F2609CBFB180F36048460EF02A
:10FFC000E6FBAAE7A4F10802824238BF04F17802F6
:10FFD000B2F80080C8F30C08B3E7174BDB6C003BAA
:10FFE00018BF0123A5EBC305CAE78B6B7A1EA3EBF1
:10FFF00008033A431A40114B15B25B686AB9C3F360
:020000021000EC
:100000000363D91E4B424B41DB0033700B4B7280B4
:10001000D3F89030C3F30723BCE70823F5E700BF0C
:10002000A83D0020AA3D0020101600200C3800201A
:100030000010084010380020000008400040084030
:1000400010B50EF0A0FB084B1B6804463BB1984767
:1000500028B1002200204FF48061FCF7BBFF20464E
:10006000BDE810400EF093BB143800202DE9F74F87
:10007000DFF8ECB08146DBF800A00F46FBF7AEFCE2
:100080004FF0FF35CDE9000100202C46064606F171
:1000900010031B015BF8033003F00308B8F1010FF4
:1000A00015D13046FBF7B2FC02460B46DDE90001F4
:1000B000FBF742FBDBF85C3006F10802D340DB07BC
:1000C00037D5002F3ED000253E602C4640460136F5
:1000D000052EDCD150B3224F396B0131A4FB014115
:1000E00064190AF4403341F10001B3F5003F4FF0C9
:1000F00000022FD1FB6A0AF4405A013342F1000694
:10010000BAF5805F21D1BD6A15F5807542F1000214
:100110006E4303FB0266A5FB03323244594304FBE2
:100120000212A3FB04341444C9E9003403B0BDE84F
:10013000F08FA84271EB0403C8D207B13E600546B8
:100140000C46C3E73D463C46C0E7320242EA136232
:100150001B02E3E7BB6A13F5807342F10002DDE79F
:1001600000500840024B99685A690A401A6170476A
:100170000040044008B5FFF7F5FF054B5B7B0133FA
:100180000122DBB202FA03F3024A136108BD00BF89
:10019000C43500200040044038B504460D460EF03A
:1001A000FDFA064A13889BB22DB123431380BDE8A4
:1001B00038400EF0F9BA23EA0403F7E7AE3D002019
:1001C000034B002201214FF480701A70FFF7E4BF47
:1001D000D940002008B5054B186812F059FE00F010
:1001E0000300C31E5842584108BD00BF30380020EC
:1001F000F0B585B00023CDE901330393124B134DC5
:10020000134E1B788DF804300EF0C8FA2A78337834
:10021000104F9A4204460CD031783868297001AAF0
:10022000FFF726FC50B10C484FF41E610EF03CFE67
:1002300004E0386812F02CFE0128EDD020460EF0C4
:10024000B3FA05B0F0BD00BF211400201E14002039
:100250001F140020303800200E83020038B50446F9
:1002600011F00DFC0C4B05461978987881420FD09F
:10027000631E082B0CD8DFE803F0050D0B0D0B0DEA
:100280000D0D0D0000220146044B186812F0FEFD12
:10029000284638BD0022F7E721140020303800201E
:1002A000F8B52B4B1B7823B12A4840F6F6310EF0F7
:1002B000FBFD0EF073FA284B1C8814F0060406466A
:1002C00009D001214FF48070FFF766FF3046BDE88A
:1002D000F8400EF069BA21464FF48070FFF75CFFDA
:1002E000204602F013F802280AD180221B4B8021FD
:1002F000186812F0E7F90EF0CDFDFFF779FFE5E79A
:10030000204602F003F8054638B1012807D011480D
:1003100040F638410EF0C8FDD8E70246E6E70F4F39
:100320003868FFF781FB386812F0B2FD01280CD065
:1003300038682A46294612F0ADFD21462C20FFF7E9
:100340008DFF21460A20FFF789FF0EF0A4FDBDE7CF
:10035000D94000200E830200AE3D0020303800203E
:1003600038B54FF0FF300C4615F040F90A4B054602
:10037000186815F03BF9641B241A20B210F1630FC2
:1003800006DB10F1240F05DA64308000C0B238BDFE
:100390000020FCE7FF20FAE73038002010B50E4CB3
:1003A000236823B90D4840F6A7410EF07DFD206873
:1003B000013012F00BFF00F0070003280AD1246877
:1003C00009220121204601F0B5F8205C031F5842A4
:1003D000584110BD0020FCE7203800200E830200A9
:1003E00008B5134B1B78062B04D0124840F61401B5
:1003F0000EF05AFD104B1B881B0704D40D4840F625
:1004000015010EF051FD0D4B2A201978FFF726FF3C
:1004100000210820FFF7C0FE094B02221A70094B89
:100420001868FFF701FBBDE808400FF0E3B800BF14
:10043000D94000200E830200AE3D0020D6400020AF
:100440001C140020303800200148002102F0F0BDCB
:10045000C01100207F2837B5044612D119494FF644
:10046000FF730246ADF80630098802230DF106003D
:100470000EF036FDBDF80640E20554BF64B26FF0E1
:100480004A040EF08BF9104B1C70104B1B88DB07D5
:10049000054610D50E4B1B78002B0E4B0CBF21468A
:1004A0006FF07F01186812F02EF920B10A484FF45E
:1004B00069610EF0F9FC284603B0BDE830400EF04B
:1004C00073B900BFEC5C020016140020AE3D0020A2
:1004D000DA400020303800200E83020008B50A4BB5
:1004E0001B88DB0604D4094840F637010EF0DCFC1B
:1004F00000211020FFF750FE002001F069FEBDE84A
:1005000008400FF077B800BFAE3D00200E83020018
:10051000F7B5124CD4E9006586EA020C85EA0307B8
:100520000CEA000C0F405CEA070E15D086EA0C06B8
:100530007D40C4E90065CDE900230B460849024629
:10054000086812F0BBF838B1064840F2FB1103B05E
:10055000BDE8F0400EF0A8BC03B0F0BD901600203E
:10056000303800200E83020010B50EF094FA60B10E
:100570000EF093FA0B4A80B141F20D03BDE8104032
:10058000084841F20D01FFF7C3BF074B1A789B786B
:100590009A4204D100220023F0E70D23EEE7034A3C
:1005A000F9E700BF400D030021140020488D010031
:1005B00038B5294B1B889B07044647D5274B00229B
:1005C0001868012112F0F0FC012C254B2DD119786F
:1005D00059B30139C9B2197011B92020FFF7DCFDF8
:1005E00000210220FFF7D8FD1E4B1F4804220021E6
:1005F0001A7002F01DFD1D4C2068013012F0E6FD5E
:1006000000F44060B0F5006F23D12468012104227A
:10061000204600F08FFF204412F0D8FD0146BDE8CF
:1006200038400022202010F040B9114D0021022056
:100630001970FFF7B1FD2B78FF2B04D00D4840F265
:1006400085610EF031FC2C700EF0D4FF012CD2D05D
:1006500038BD4FF6FF71E2E7AE3D00203038002094
:10066000D8400020D9400020A011002020380020D0
:100670001D1400200E83020038B5124C2388054655
:10068000580709D5FFF7A6FD01460720FFF7E6FD4D
:1006900000210420FFF780FD238899070AD50A4B23
:1006A00019788A1F514251412846FFF7D7FD012092
:1006B000FFF77EFF23881B0703D5BDE83840FFF70F
:1006C0008FBE38BDAE3D0020D94000202DE9F04F4F
:1006D000570691B0804614461D4605D5FFF77AFDB2
:1006E00001460120FFF7BAFDEE0403D500212D20BD
:1006F000FFF7B4FDA00223D5404612F02EFC0146C0
:10070000F0B94020FFF748FD0AA9404612F08BF8E7
:10071000B0B99DF83030022B65D1BDF8280014F037
:1007200034FCFF2808D1404612F07BF840B9012183
:100730004020FFF731FD03E014F02DFC0028F2D13A
:10074000A10305D5FFF746FD01460320FFF786FD0F
:10075000E20104F080734CD5A44B1B889F072FD572
:10076000A34E306812F005F850BBA24BA24F187090
:100770003B78FF2B04D0A14840F22A610EF094FB95
:10078000002102204FF00009FFF706FD87F80090D6
:100790009B4F3B78062B07D101210820FFF7FCFC7B
:1007A00049462820FFF75AFD3B78052B06D100214A
:1007B0002B20FFF753FD3068FFF736F90EF01AFFD4
:1007C000260740F1B0808A4F05AA3868032112F04D
:1007D000CAFB0646002849D1FFF7FCFC014604206D
:1007E000FFF73CFD9FE0032BAAD10AA814F0BCFB45
:1007F000A4E705F0020213430BD0814B19788E1F3A
:10080000714271412620FFF729FD0120FFF7D0FE3C
:10081000D6E704F080531A4309D0794B1978881F22
:10082000414241412620FFF719FD0220EEE704F086
:1008300088410B4306D0724B19788A1F51425141AF
:100840002720F0E705F008030B4302D02320FFF731
:1008500005FD6B0703D500212420FFF7FFFCEF0700
:10086000AED500212520FFF7F9FCA9E79DF814304B
:10087000072BB1D101460AAA386812F07CFB002888
:10088000AAD1BDF81610386802310AAA89B212F04E
:1008900074FB824600289FD100903868042304AA84
:1008A000314612F08EFB042896D1DFF8609199F85A
:1008B0000030002B40F0AC800DF1110012F086FCEE
:1008C00000F00700022840F0A380FFF783FC0146F8
:1008D0000920FFF7C3FC4A4B1B78062B23D1494B59
:1008E0009DF813201B789A421DD19DF8353023B90D
:1008F000424840F2E7610EF0D7FA0DF1110012F014
:1009000065FCC0F3001631462920FFF7A7FC002143
:100910000820FFF741FC3C4B1E70FFF73FFD10B96C
:100920003868FFF781F8E20505D5FFF753FC01466B
:100930000420FFF793FC14F4863F05D0FFF74AFC30
:1009400001460220FFF78AFCA30111D5FFF742FC04
:1009500001460820FFF782FC00210420FFF71CFC61
:10096000274B1B78012B03D1214B1868FFF75CF84C
:1009700014F0084F09D0FFF72DFC01460720FFF7C0
:100980006DFC00210420FFF707FCA70009D5FFF745
:1009900021FC01460620FFF761FC00210420FFF73F
:1009A000FBFBA60705D5114B1B881C0701D5FFF7DC
:1009B00017FD680603D500210A20FFF74FFC290622
:1009C00002D5012012F09BFBEA0540F1C1804046B0
:1009D00012F05AFA052800F2B1800138042800F21A
:1009E000B780DFE800F0B2C2B2B2B200AE3D002084
:1009F00030380020D84000201D1400200E83020053
:100A0000D9400020D44000201C140020DC400020ED
:100A1000BDF816000830012180B202F09DF9029065
:100A200000283FF4D9AE02F0D1F80799BDF818209C
:100A3000064611F0D5F8089941B1BDF81800BDF887
:100A40001620121A92B2304411F0CAF899F8003008
:100A5000039303BB06F1010B584612F0B7FB800667
:100A60005BD5386812F079FA0746FFF7B3FB053714
:100A70000146F8B2FFF7F2FB584612F0A7FB00F070
:100A8000070003283E4F2ED001210420FFF784FBEE
:100A900011F0B0FE38603B4ABDF816301278F254BF
:100AA000F7189DF83630BB709DF83730FB700A9B05
:100AB000FB711A0E3A711A0C7A711A0A99F8003001
:100AC000BA7133B97378BAF1000F34D043F0200310
:100AD0007370002001F0AAFD7870029802F098F976
:100AE0000EF088FD1FE701210922304600F022FDAB
:100AF000305C04284FF00101C7D1FFF74DFB11F026
:100B000079FE214B38601B885906C4D503994020D3
:100B1000FFF742FB4FF0010ABDE7FFF75BFB014621
:100B20000920FFF79BFB194B1B78012BB3D13868C9
:100B3000FEF77AFFAFE723F02003C9E7342804D09B
:100B40000FD8142801D0242811D12620FFF794FDB6
:100B5000AB0512D50121802011B0BDE8F04FFFF7A1
:100B60001BBB00F0EF004428EEE72720EEE7084823
:100B700040F6D3010EF098F9EAE711B0BDE8F08F26
:100B80001C3800201E140020AE3D0020D94000205B
:100B90000E830200F8B5164E33780D4602F00104BC
:100BA00023B1144840F2A2310EF07EF9124B134FDC
:100BB0001D60134DA4B1134B997801B10121202080
:100BC000FFF7EAFA2B783B700F4B1C780F4B10485D
:100BD0001C7004233370BDE8F840002102F028BAED
:100BE00021462020FFF7D8FA2B783B70EEE700BFB4
:100BF000D94000200E83020020380020D64000207B
:100C00002014002024380020D7400020D8400020A5
:100C1000C01100202DE9F843DFF8A481634C0DF0EA
:100C2000BDFDB8F8003013F4807F054603D023786B
:100C300073BBFFF735FB00210846FFF70FFB5C4B4A
:100C40001A78FF2A13D01A7802F0FF0632BBFF226F
:100C50001A702378052B0AD10023284623700DF043
:100C6000A3FD304612F03EFA0DF098FD05462378BC
:100C7000504E062B09D13378FF2B06D03378022B48
:100C800015D14D48002102F0D3F9FF2333702BE03A
:100C900000214FF48070FFF77FFACCE71A78012A21
:100CA0004FF0FF021A7014BF33264C26D4E7337876
:100CB00013B13378012B22D1FFF770FB96F8009027
:100CC00007463D4802F050FAFF235FFA89F9337076
:100CD00077B1B9F1010F44D1374884F8009064210D
:100CE00002F0A6F9FFF784FA28460DF05DFD06E054
:100CF000284627700DF058FD384612F0F3F9B8F881
:100D000000301B0605D500218020FFF745FA0EF0C4
:100D100077FC02F08FF8294E308000B32778012F3E
:100D200042D101F053FF054610B3013012F04EFAE4
:100D300000F44060B0F5006F1AD10422394628460D
:100D400000F0F8FB284412F041FA4FF6FF73984286
:100D50000ED13188002001F08DF900233380BDE8E9
:100D6000F8830023284623700DF01EFD3F20C4E7C2
:100D7000114802F0F9F900210846217001F02CF920
:100D8000012523780BB9FFF78BFA3188002001F099
:100D900071F900233380002DE1D020780028DED1C6
:100DA000BDE8F84312F060BB0025EAE7D940002017
:100DB0001D1400201C140020C0110020AC3D002098
:100DC000AE3D002008B513460A461946064B186882
:100DD00011F01BFD30B1BDE80840044840F2CC41A1
:100DE0000EF062B808BD00BF303800200E8302004C
:100DF00008B513460A461946064B186811F0FFFC61
:100E000030B1BDE80840044840F2D3410EF04CB880
:100E100008BD00BF303800200E830200024B187856
:100E2000B0FA80F040097047D9400020024B187892
:100E3000431E584258417047D940002008B5064B20
:100E40001B7823B1054840F2FC410EF02DF8FFF766
:100E500027FA002008BD00BFD94000200E83020001
:100E600008B5064B01EB81011868490011F062FCDE
:100E7000002814BF2120002008BD00BF303800200A
:100E800008B5044B1868F9F743FD0A2390FBF3F00B
:100E900040B208BD30380020014B1878704700BFC1
:100EA0001F14002008B5044B186811F08FFBB0FA2E
:100EB00080F0400908BD00BF3038002038B5124D21
:100EC0002B78012B0C4604D9104840F21D510DF02F
:100ED000EBFF21460020FFF7E5FF90B10C4B1C70A3
:100EE0002B785BB9FFF7DCF90A4B93F900100A4B3A
:100EF000C901186811F0E4FB002038BDFFF778F94C
:100F0000F2E72120F9E700BFD94000200E8302005C
:100F10001F140020DB4000203038002008B5054BAE
:100F20000121186811F0D1FF0028B8BF033040F349
:100F3000870008BD3038002008B5074B186811F04D
:100F40003FFB30B1054BB3FBF0F083B20BB1184659
:100F500008BD0120FCE700BF3038002040420F00F0
:100F600008B5074B186811F02FFB30B1054BB3FBE8
:100F7000F0F083B20BB1184608BD0120FCE700BFBA
:100F80003038002040420F002DE9F347534F012035
:100F90000DF082FF3B88990704D4514840F6464142
:100FA0000DF082FFDFF85C8198F80030053B012BE3
:100FB00004D94B4840F648410DF076FF494E33685E
:100FC00023B9474840F64B410DF06EFF3C8814F0C2
:100FD00020045CD001212220FFF740F94FF47A74FD
:100FE000FFF7BEFF33681B780933434304EBC304A8
:100FF00098F80030062BA5B20BD1FFF79DFF0446F1
:10100000FFF7AEFF602358430C2303FB0400284482
:1010100085B2D6F80090344B99F800801C78334E96
:1010200008F1FF381FFA88F8002C3FD13B885A0599
:1010300032D57378DFF8C8A026468AF80030CAF89F
:1010400008500DF02EFD30B10DF029FD012814BF20
:10105000102308231E43264D802349462868424614
:1010600011F07DFF234B1978234B19703B889B06A9
:101070001FD5CDF800A0214B28683246FEF7EAFCC8
:1010800010BB002002B0BDE8F0470DF005BF2146BF
:101090002220FFF7E3F8A3E709F1010012F096F828
:1010A00010F020047378C5D00124C3E773780024BE
:1010B000C0E7134B28683246FEF7BEFC014618B95C
:1010C0002520FFF7CBF8DCE721462620FFF7C6F8FE
:1010D000034840F6EE310DF0E7FED2E7AE3D0020CA
:1010E0000E83020020380020DC4000202114002064
:1010F000303800201F1400201E1400202438002047
:1011000084110020D940002008B5174B1B889B078D
:1011100004D4164840F6BE610DF0C6FE144B1B7891
:10112000053B012B04D9114840F6BF610DF0BCFE10
:10113000104B1B6823B90D4840F6C1610DF0B4FE99
:101140000D4B0E49002221201A70FFF787F818B9BD
:10115000BDE80840FFF718BF022803D1BDE80840EA
:10116000FFF726BA08BD00BFAE3D00200E83020087
:10117000D940002020380020D3400020191301005E
:10118000F8B5594C23889A0704D558484FF438715C
:101190000DF08AFE564801F0E7FF0DF0FFFA2388B4
:1011A0005B0705460BD511F025FB524B1B68C01A97
:1011B000B0F5717F03D900210420FEF7EDFF28462A
:1011C0004D4D0DF0F1FA2B78042B32D10DF0E6FAEB
:1011D00023885F07064608D54548002101F028FF0F
:1011E0003046BDE8F8400DF0DFBA0DF0DDFA0DF045
:1011F000D5FA424B424F1B78064613B9238859054E
:101200000FD50523012102202B70FEF7C5FFFFF744
:101210007BFF30460DF0C8FA3B68DA78394B1A701C
:10122000F8BD3868013011F0D1FF8206E9D50623F8
:10123000E8E7062B4DD1344B1B78FF2BF0D1334E12
:101240000DF031FC3378002B3DD00DF0A7FA238848
:101250005B07054605D52648002101F0E9FE284632
:10126000BFE70DF0A1FA3378013B33700DF096FA29
:10127000012104460220FEF78FFFFFF745FF2046BD
:101280001F4C0DF091FA2068013011F09FFF00F41F
:101290004060B0F5006F13D124680121042220467C
:1012A00000F048F9204411F091FF0146184B1A78DC
:1012B0003378D21AD2B2BDE8F84004200FF0F5BA64
:1012C0004FF6FF71F2E72B704020BDE8F84011F0B7
:1012D00009BF012BA4D100232B700E4B1868FEF719
:1012E000A3FB3F20F1E700BFAE3D00200E830200CC
:1012F000C01100201C380020D9400020DC40002014
:1013000020380020D44000201C140020D6400020AB
:10131000201400203038002008B50A4B1A7882B912
:10132000012210281A7004D0074840F6B5610DF06C
:10133000BBFD00212020FEF72FFFBDE80840FFF78E
:1013400023BE08BDD34000200E83020038B5102014
:101350000C460121FEF720FF064B1D68FFF7ECFD50
:10136000054B00FB04F10122284611F097FD0020F7
:1013700038BD00BF30380020DD04010008B5094B3E
:101380001B88DB0604D4084840F293510DF08CFD15
:1013900010200021FEF700FF044B1868BDE808404C
:1013A00011F08ABDAE3D00200E83020030380020CF
:1013B00010B5064C206811F001FAC30704D5206867
:1013C000BDE8104011F0FCB910BD00BF303800205E
:1013D00008B5094B01221868114611F05BFD002188
:1013E0002C20FEF73BFF00210A20FEF737FFBDE867
:1013F00008400DF050BD00BF3038002001480DF00E
:1014000053BD00BF28830200014B4008185C7047A1
:101410001814002008B513460A461946064B1868EA
:1014200011F0F9F930B1BDE80840044840F6EC414C
:101430000DF03ABD08BD00BF303800200E83020019
:1014400008B5044B186811F023FD013818BF0120BE
:1014500008BD00BF3038002070B505460DF09EF97C
:101460000E4B0F4E1B883570DA07044608D50D4B1E
:101470000D4D1B78012B08D90121286811F06BFD57
:101480002046BDE870400DF08FB91BB10DF001FB97
:10149000C305F1D4317881F00101EEE7AE3D0020C3
:1014A00017140020DA400020303800200C4B1B8835
:1014B000DB0710B5044611D5FFF756F8094B84F049
:1014C00001021868D200082111F0FCF830B1BDE823
:1014D0001040054840F64D710DF0E6BC10BD00BF50
:1014E000AE3D0020303800200E83020008B5044BCA
:1014F0000146186811F09AF9003818BF012008BD9C
:101500003038002010B50A4C23787BB1FFF760FF1C
:1015100000210420FEF740FE00210220FEF73CFEE1
:1015200000232370BDE81040FEF7BABE10BD00BF17
:10153000D9400020032A134601D911F0EEBD014A1B
:10154000D05C70473283020018B1034B1960002051
:101550007047024BFAE700BF3438002038380020CB
:101560002DE9F8431046DFF82481174611F02EFECE
:10157000D8F8003005462BB9424B1B6813B9002040
:10158000BDE8F88315F4406905F040060FD136BB7D
:10159000B5F5804F52D24FF48074D8F80030002B4C
:1015A00056D1384B1B68002BE9D0002262E0F81CB2
:1015B00011F00CFE4FF6FF73984214BF0124022471
:1015C00086B1052605F44043B3F5004F44F0080406
:1015D00024D0B5F5804F23D244F4807420E04C46EB
:1015E0000326EFE7B5F5804F4FF00506F4D3B9F5C4
:1015F000406F14BF022008203044384411F0E6FD4B
:10160000214BB3F85C3005F4404583420CBF44F0F5
:10161000080444F00404B5F5004F01D144F08004FF
:10162000B9F5006F0ED1B81911F0D0FD164BB3F813
:101630005E308342B1D144F01004AEE74C4603263D
:101640000220D9E7B9F5406F08BF44F02004A4E7B1
:101650000022D1B233F8110033F911100029A0DBB8
:10166000A04202F10102F4D1012089E7A04202F177
:101670000102F9D0D1B233F8110033F91110002969
:10168000F4DA7CE734380020D838002038380020DD
:101690002DE9F04F104685B01646984611F096FD9C
:1016A0005D4F00F00803B7F85C100293044600F0A9
:1016B0000709F01C0391B7F85EB011F087FD06F141
:1016C000050A0546504611F081FD03464FF6FF70AE
:1016D000854218D00399A1EB050CDCF1000545EB20
:1016E0000C056D004FF6FF718B420ED145F00405DD
:1016F00000F0ECF9029B6BB1B9F1000F11D0422060
:1017000005B0BDE8F08F0125ECE79B4508BF45F02B
:101710000805EDE7B9F1030FF1D8DFE809F0021B86
:10172000795D00F0D3F908B9A807E8D524F00804DA
:10173000A4B2B4F5004F05D0B4F5624F02D0B4F5B1
:10174000404FDCD1002597F8A8202946002011F051
:1017500051FE3CE0D7F88030E3B90021324608461C
:10176000FFF7FEFED8B924F038039BB248F64102D9
:101770009342C4D10A2D49D0062DC0D197F87730B5
:10178000023B012BBBD8FFF751FB0028B7D140F635
:10179000040505E04146304698470028DDD008257D
:1017A000E20648BF45F08005A30648BF45F48055D2
:1017B00005F00C03042BC6D1F01D11F007FD97F8BE
:1017C000A830009332462B46414611F0E8FD08B39D
:1017D0000E9B1880002093E7A90705D1B7F85C207D
:1017E0004FF6FF739A428AD104F44063B3F5006F59
:1017F0000AD0B3F5406F82D108490822504610F054
:10180000B1F900287FF47BAF0C25C9E70425C7E7B1
:10181000432075E7192073E7D838002038390020B5
:10182000074A084900231360074A1360074A1360F8
:10183000074A1160074A01211170074A1360704777
:10184000483800204F34020044380020403800203F
:10185000E011002024140020503800200E2A70B51A
:101860000C4606461546194603D9FFF7D9FF502006
:1018700070BD012807D10020FFF7F2FAF8B1FFF799
:10188000CFFF2120F4E7284B4FF4FE421A80274B6C
:101890007F221A70264B80221A70264B0021198055
:1018A000254B1960254B1B684BB1342001F054FACD
:1018B000234B188018B9FFF7B3FF0120D8E724F0B5
:1018C000FF6323F4FF231BB1FFF7AAFF4F20CFE7ED
:1018D0007CB92046FFF7E0FA10F0800F43B24FF0DA
:1018E00001041BBF00F01F039C409C4044F078445F
:1018F0000325144B14491E70144B1D70144B24F017
:1019000078441C60134B00201870134B1A6800F0C9
:10191000E3FA18B1FFF784FF0420A9E70F4B9DF805
:1019200010201A70A4E700BFB23D0020DE40002066
:10193000DD400020B03D00204C3800204038002021
:10194000B43D0020E3400020491D0100E14000209B
:1019500050380020E240002048380020DF400020BE
:101960007FB5244B24481A7824490078012303FAD0
:1019700002F21A4400250A60ADF80E5020B39842D6
:1019800036D11F4C1F4B20781B681F4E0DF10E01E6
:101990009847BDF80E20307092B11C4B0093019512
:1019A00002232946284600F0D1FA3278237822B162
:1019B000012A06BF0133DBB21B23237004B070BDC4
:1019C000013818BF0120F0E778235A43013A0A6032
:1019D0000F49082200F086FC0B49094A0978137860
:1019E00021B1012906BF0133DBB21B231370E5E7E8
:1019F0001846E3E7E1400020E3400020543800208F
:101A0000E2400020E011002024140020851D010088
:101A1000151A010010B5244B244C1878002834D135
:101A2000FFF77CFA224A136801331360214A92F9C6
:101A300000108142B8BF10701F4A92F90010814215
:101A4000C8BF1070012B1D490DD10002088023680A
:101A50000BBB1B4811F024FF014620BBBDE8104022
:101A6000174801F0E5BAB1F90020A2EB221303EB0D
:101A700000131BB20B801349A0EB2323A0EB222001
:101A80000A8813FB00230B80E1E72368002BE0D0DA
:101A90004FF4707200E008220B49002000F022FC95
:101AA0002368013B236010BDE34000205438002030
:101AB0004C380020DD400020DE400020B23D0020F8
:101AC000E4110020B03D0020151A0100054B1B68F1
:101AD0002BB9054B1868003818BF0120704701204A
:101AE000704700BF443800204038002037B5054615
:101AF0001C46FFF7EBFF68B974B1084B1A60084B3E
:101B00001C60012300930A4603232946FFF7A6FE23
:101B100003B030BD4D20FBE72520F9E73C3800201D
:101B20004438002013B50446FFF7D0FF58B962B11E
:101B3000074B1A60012300930A4603232146FFF74F
:101B40008DFE02B010BD4D20FBE72520F9E700BF58
:101B5000403800202DE9F0410446DDE906869DF875
:101B600020701D46FFF7B2FF88B99EB1A2B10B4BA2
:101B70001A600B4BC3F800800A4B0A461E602146D0
:101B800006972B460120BDE8F041FFF767BE4D20C8
:101B9000BDE8F0812520FBE72120F9E7E0110020D6
:101BA0004838002044380020014800F035BE00BF0E
:101BB000B43D00202DE9F0410020FFF7A3FC0F4BBE
:101BC0000F4C1E680F4B20881D680F4B0F4FD3F82A
:101BD000008010B1397801F031F800203870FFF73B
:101BE0001FFE00F033FC0EB14046B0471DB1208807
:101BF000A84700232380BDE8F08100BF44380020BF
:101C0000B43D00204038002050380020E44000203F
:101C10002DE9F0473D4801F0A7FA3D4B1C78002C18
:101C200042D13C4F2046FFF737F93B680546002B71
:101C30003AD0394EDFF804A1DFF80481DFF80491CF
:101C4000012B1EBF348803F1FF33B4FBF3F4334B95
:101C500034801C6834B19AF9013098F9002099F960
:101C60000010A0472E4B1B688BB12E4C2378312BD4
:101C70000DD82D4B188800F0A9FF23785A1C22702C
:101C800098F80020C25423785A1C2270C5544FF48F
:101C9000FE43AAF800307F2389F80030802388F8BB
:101CA0000030002333803B60204C23781A2B23D84C
:101CB0001F4A1278012A09D11E4A1568002125FA07
:101CC00003F0C007DAB20FD501B122700020FFF790
:101CD000E3F82178884213D1174B00221A70FFF7DE
:101CE0003FFE48B9BDE8F0870133D8B21A284FF05B
:101CF0000101E4D90A442270BDE8F047FFF75ABF5A
:101D00000020FFF7DBF80028E6D0F5E7E41100201B
:101D1000E34000204C380020B03D00203C3800203B
:101D200040380020E4400020B43D0020E240002084
:101D30002414002050380020E0400020B23D002054
:101D4000DD400020DE40002008B50B4B187880B93C
:101D50000221FFF773F8094B1B782BB100214FF6D6
:101D6000FF720846FFF744F8BDE808400448FFF753
:101D70004FBF00210846ECE7E3400020DF40002091
:101D8000E411002038B5144B1D78012D0C4621D1EB
:101D900081B90846FFF780F8104A1149136805FA1F
:101DA00000F023EA0003136020462A46BDE83840CD
:101DB00000F098BA0B4A13780133DBB2022B137090
:101DC00004D9BDE838400848FFF722BFFFF7C8FD37
:101DD0000028F6D138BD00BFE34000205038002075
:101DE000151A0100E0400020E411002038B5094830
:101DF000094D00F011FD002495F84430E0B2834213
:101E000000D838BD05EBC000043000F005FD0134FA
:101E1000F2E700BF78390020D838002008B5034920
:101E2000104648220FF0DCFE002008BD30390020AB
:101E300008B5054811F034FD014620B9BDE8084059
:101E4000014801F0F5B808BD0412002038B51C4B5C
:101E500000221A701C4615460132082A5D609D80DA
:101E600043F8085FF8D14822002116480FF0A4FE7D
:101E70004FF6FE73A4F868307F226FF480330021A0
:101E80001148E3650FF098FE104B84F84450C4E904
:101E90002835C4E9125584F85050656584F8A85077
:101EA000F0F764FF0A4B18700A4BFF220121002053
:101EB0001A70EEF725F90020FFF7BAFF002038BDB1
:101EC000D838002030390020583800200000FFFFAB
:101ED000E54000202B410020094B10B5AC2404FB49
:101EE0000030836C53B990F850403CB931B1C0E92F
:101EF00012122046FFF79CFF204610BD2120FCE770
:101F0000D838002070B5AC230A4E03FB00F57319D6
:101F100093F850405CB920460BF016FC735D2046E8
:101F200043F002037355FFF783FF204670BD012085
:101F3000FCE700BFD8380020AC23034A5843135CA9
:101F400023F0030313547047D838002070B51646A9
:101F50001F4A12780446C2BB1E4DAC2101FB005142
:101F60008A6C92BB91F850203AB1022B2DD191F896
:101F70004410072907D91C2026E091F844100729AE
:101F8000F9D8012B08D0AC2000FB0450CA00011D79
:101F90000C300FF0F7FD0021AC2303FB04F000EB45
:101FA000C10129449DF81430CB71049B8B602B1820
:101FB000002493F844208E80013220468C7183F8EF
:101FC0004420FFF735FF204670BD0120FCE700BF2D
:101FD000DC400020D8380020F8B5234B1B7804469D
:101FE0000F46002B3ED1214DAC2303FB0053B3F829
:101FF000A03023B91E4840F236310CF055FFAC2218
:1020000002FB0452D2F8A46036B192F8A330B2F8C1
:10201000A02039460020B047AC236343EA180021D2
:10202000A2F8A010C2F8A41092F8A820482101FB41
:1020300002322A44D2F89820964213D0EB5C9B07D8
:102040000CD5AC2262432046AB5C23F0020343F084
:102050000103AB54BDE8F840FFF7EABE0BF096FB76
:102060000028EED1F8BD00BFDC400020D8380020A9
:10207000738402002DE9F04F8BB00D46079008469F
:1020800000F0A4FD044618B921200BB0BDE8F08F84
:10209000284600F0B7FDC0B208382218215C92F83B
:1020A00002B092F803A05268069200222678B4F893
:1020B0000130ADF82620434A059192F80090B9F11D
:1020C000000F09D0404B1B6823B14FFA8BF25146E9
:1020D000204698470020D8E703F00703022B6ED074
:1020E0000134092249462046FFF724FA023EF6B29F
:1020F000331ADAB21B0607460392C5D4DFF8CC8048
:10210000D8F890302BBB00210DF12609039BCDF8A8
:10211000009022460846FFF7BBFAC3B20546002BE3
:1021200048D1BDF8260011F09EF8C8B9BDF82600C8
:1021300011F082F90490BDF8260011F094F8D8B996
:10214000012332462146484600F08CFEC8B11920D2
:102150009BE74A460121284698470028D3D193E7B8
:10216000D8F89430BDF82600002BDFD0E11998474D
:102170000028DBD1022088E7039A0498E1190FF0C8
:102180002FFDBDF8260000F021FD059B8372069B04
:10219000079A80F808A01BBAC360AC2303FB028334
:1021A00080F809B093F85020BDF8260022B1DB6C0E
:1021B00003B19847E8B268E7D8F87830F8E701202B
:1021C00063E700BFDC40002018380020D83800202A
:1021D00070B50A4CAC2303FB004305465E6D26B97F
:1021E000074840F2F7310CF05FFEAC2303FB0544D7
:1021F000002363653346BDE870401847D838002097
:10220000738402002DE9F84308460F46164602F192
:10221000010911F016F98046384611F01DF804281E
:1022200056D1384611F03CF82C4C4FF6FF7248F668
:10223000410348F66105904208BF1D46B4F85C10A2
:10224000301D10F0C5FF384611F02AF80146B01DC8
:1022500010F0BEFFB4F85E1006F1080010F0B8FFF1
:1022600006F10A04384612F083FE10B145F010055D
:10227000ADB22946484610F0ABFF384611F0DCF805
:102280004246014620460FF0ABFC3846012100F0E3
:1022900027FD4444074660B100F0B4FC05463846CB
:1022A00000F094FCEDB201462A4620460FF098FC5F
:1022B0002C440B4A1378F370A41B591C0134117081
:1022C000347030460922BDE8F8430121FFF732B9E6
:1022D000484610F07BFF4C460546C3E7D83800203F
:1022E000E5400020084B10B40C461146AC2202FB1E
:1022F0000033586D20B95C655DF8044BFFF726B8D4
:1023000002205DF8044B7047D838002010B50B4B05
:10231000AC2250431A18482492F8A81004FB01007C
:10232000034493F87700022806D092F850301BB986
:10233000032818BF012010BD0020FCE7D83800207A
:1023400070B508B1012070BD234C94F8A850002D41
:10235000F8D1B4F85C202946FEF74AFDB4F85E20B7
:1023600029462846FEF72EFD04F16002294628463C
:10237000FFF750F894F87730002BE3D0284694F814
:102380005860FEF789FD864215D1002094F95A5015
:10239000FEF776FD854216D10020FFF7B7FF044611
:1023A0000020FEF73BFD0028CDD021460020BDE8EF
:1023B0007040FEF743BD94F858102846FEF77EFDA6
:1023C0000028E2D0BFE794F95A100020FEF748FD3C
:1023D0000028E1D0B7E700BFD838002010B5144678
:1023E000174A0346AC2000FB032292F8770002282C
:1023F0000CD1E07F022809D141B1124909780129A5
:1024000013D992F85810227891420ED121781846AB
:10241000FEF748FD90B10C48482221460FF0E0FB42
:102420000020FEF7FBFC08B9002010BD044B93F818
:10243000A8000028F8D1FFF783FFF5E72120F4E793
:10244000D83800200B3F00203039002008B5094B58
:10245000AC2202FB003300205A6DD86483F8500090
:1024600012B15865FEF78AFF0020FFF769FF0020D0
:1024700008BD00BFD83800207FB51C4C94F8A830A8
:1024800023B1002084F8A800FFF75AFFB4F8A05049
:1024900094F85A308DF80F3025B9154840F2ED21E7
:1024A0000CF002FD134A29460020FFF7ABFEE66F51
:1024B000104C02469EB10DF10F03019300230093CF
:1024C00021462846B0470246247854B92046214682
:1024D000FFF782FD2046FFF7ABFC04B070BD012280
:1024E000F2E704490020FEF755FBF6E7D838002054
:1024F000738402005838002038B5494B1C78002CF2
:1025000058D1484800F030FE2046FEF787FC0028EE
:1025100050D0454C2378D90733D594F850201AB1C0
:1025200023F00303237045E023F0010323700BF035
:1025300015F923789A07054601D50BF005F92946C8
:1025400000200BF07FF840B9237843F0010323709B
:102550002846BDE838400BF0F7B8002384F8A330D4
:1025600094F8A83084F8A250482202FB0343A4F850
:10257000A000D3F89830C4F8A430BDE83840FFF785
:102580007BBF94F84400B0B1251D95E8030004F129
:10259000A00383E80300FFF76FFF94F8442004F1E1
:1025A0000C01D20028460FF0EDFA94F84430013BBC
:1025B00084F8443038BDA26C62B99B0711D52378EA
:1025C00023F0020343F001032370BDE838400020EC
:1025D000FFF72EBC012384F85030A0649047237885
:1025E0009EE70BF0D3F80028E9D194F8A83073B136
:1025F000F4F70AFA94F85030002BDBD1FF2818BF0B
:1026000084F8A800BDE838400020FFF799BED4F850
:102610008C30002BECD098470028CBD1E8E700BFE6
:10262000DC40002004120020D8380020034BAC22EC
:1026300002FB003393F8A800704700BFD838002091
:1026400070B504460020FEF7E9FB0C4EAC235C435A
:10265000351995F850300BB1002070BD0028FBD023
:10266000074811F01DF90028F6D1335D002BF3D196
:1026700095F84400B0FA80F04009EEE7D838002021
:102680000412002028B1034B1B68C01A401001300F
:1026900080B270479439002030B1044B00F1004003
:1026A0001B68013803EB4000704700BF94390020DD
:1026B00010B5034610F0E0FE074A03EB4003146830
:1026C0004FF6FF729C42184604D90188914203F1EB
:1026D0000203F7D010BD00BF8C3900202DE9F04770
:1026E000204F3B880546A3B3B0F90230002B30DB06
:1026F000DFF87C801C49D8F800000FF067FA20B999
:102700001A4840F2CD110CF0CFFBDFF860A0DFF8E3
:10271000649000263A88B3B29A4204D840F2CF11AE
:1027200050460CF0C1FBD9F80030D8F80010B2B216
:1027300003EBC20453F8320068B943F83210A3889F
:102740000133A380284610F097FEE38803EB400393
:10275000E380BDE8F0870FF039FA01360028D9D1BF
:10276000EDE700BFB63D0020368302004083020043
:10277000241200208839002038B5094C094D226800
:102780002B689A4204D908484FF483710CF08CFBF3
:1027900028682368C01A20F0010080B238BD00BF4D
:1027A0008C390020903900204083020008B50B4B83
:1027B0000B4A1A600B4B0C491B6823F001031344AE
:1027C0000B600A4B1A60FFF7D7FF642805D8BDE8F5
:1027D00008400748F0210CF067BB08BD9439002081
:1027E000D4200020B45F0200903900208C390020F2
:1027F00040830200064B1B68834206D8054B1B68CA
:10280000834294BF0020012070470020704700BF22
:10281000943900208C3900202DE9F0411D4B1B78A4
:10282000012B044624D10088FFF736FF0546D8B1B6
:10283000DFF8648004262C460BF0B0FF07462046E4
:10284000FFF74CFF638843EA08036380A05BFFF750
:1028500023FF044638460BF0A7FF1CB1B4F9023041
:10286000002BE9DA062E01D1BDE8F0810626E2E769
:10287000022BF9D10BF092FF02462088FFF70CFFE4
:1028800018B10388C3F30E032380BDE8F04110465E
:102890000BF08ABFE64000200080FFFF2DE9F04FDB
:1028A000BA4BDFF8FC82BA4F97B0002406461C8072
:1028B0000BF074FF01233B70B8F80030ADF8163010
:1028C000B44BA8F800401B6801930BF06DFFB24BAE
:1028D0001A88B24BD200186821460FF06DF90DF13D
:1028E0001600FFF799FF002E3CD1DFF8B892D9F817
:1028F00000404FF0000B0125019B9C4239D3BBF1F6
:10290000000F39D1002DF2D0D9F80040DFF898A29D
:1029100025462246019B9A4273D302230DF11600ED
:102920003B70FFF779FF002E40F08F80D9F80060F0
:102930003246AA4280F0A2809088FFF7ADFE18B11F
:102940000388C3F30E039380D088FFF7A5FE18B168
:102950000388C3F30E03D3801046FFF7A9FE024697
:10296000E7E79847E3B2013456F82330002BF8D15B
:10297000BBE7BBF1000F3ED00BF1FF335FFA83FBE7
:1029800016AB03EB8B0252F8402CB2F902005188CF
:102990000028B1DA4B04AFD4924641F48040931D35
:1029A0002AF8020F02933AF8020FFFF775FEF0B112
:1029B000B0F902E0B0F802C0BEF1000F17DB6FEA19
:1029C0004C4C6FEA5C4CA0F802C00390FFF786FE07
:1029D000BBF10F0F9FBF16AB03EB8B00039A40F8C0
:1029E000402C9ABF0BF101035FFA83FB0025029B89
:1029F0009A45D8D180E72046FFF75AFE2246044682
:102A0000C3E7104610F038FD8346B2F90200118882
:102A100000280AEA010108DA2046FFF733FE0843DE
:102A200081B204EB4B0402EB4B0511801046FFF71B
:102A30003FFE02466EE798475FFA8AF30AF1010A01
:102A400056F82330002BF6D170E74FF0000AF3E779
:102A50003046FFF72DFE82467EB1B6F9023071880E
:102A6000002B0ADA3088C0F30E00FFF715FE86420D
:102A700003462DD1C1F30D0171805646AE42E7D316
:102A8000DFF81CA10BF08AFE00210646504610F02C
:102A900082FDFFF701FE0546002800F087803046E2
:102AA0000BF082FE284610F0E7FC06462046FFF7B2
:102AB000E9FD760081463246294620460FF062F84D
:102AC000002249460DF1160010F00BFD3444D9E701
:102AD0001BD9304610F0D0FCC1F30D0142007180CB
:102AE00092B2314618460FF04DF8C6E75046FFF750
:102AF000DFFDD146854203D9B0F90230002B01DA5F
:102B0000824603E0FFF7D4FDF4E7B146554507D907
:102B1000BAF80000C0F30E00FFF7BEFD8245E5D312
:102B2000B9F1000F30D0B9F80000C0F30E00FFF784
:102B3000B3FD034638B93346CB46994513D8B14562
:102B40009BD0D946ECE7484610F096FCB9F8022035
:102B5000C2F30D02A9F80220420092B2494618467B
:102B60000FF010F8E7E718460193FFF7A1FD019B6E
:102B70009B46854203D9B0F90230002B01DA0346A7
:102B8000DBE7FFF795FDF4E7CB46DAE7B83D002039
:102B9000E64000208C390020B63D00208839002016
:102BA000BA3D0020943900200080FFFFBDF81630A8
:102BB000A8F80030044B387030461C600BF0F4FD70
:102BC00017B0BDE8F08F00BF8C39002010B5044667
:102BD00008B9002010BD10F060FC20B9084840F290
:102BE000C4410CF061F92046FFF756FD0028F0D0F3
:102BF0000388DB0B14BFD0F80A000830EAE700BFF7
:102C00004083020010B508B9002010BDFFF744FD55
:102C1000044610F039FC20B9074840F2DE410CF0C0
:102C200043F9002CF0D02388DB0B0ABF6088208991
:102C3000C0F30C00E9E700BF408302002DE9F0413A
:102C40000546FFF729FD0F460446D8B110F01CFCDD
:102C500020B9214840F2F1410CF026F92846FFF74F
:102C6000D1FF05462046FFF723FDBD42064609D0A9
:102C700004D8194840F2F9410CF016F92588ED0BFB
:102C800002D02781BDE8F0816780204610F0F4FB78
:102C9000074604EB40080BF081FD104B1A68B24266
:102CA0000AD1C3F800800BF07FFD2A464046FF2181
:102CB000BDE8F0410EF080BFA6EB0806B5B20BF000
:102CC00073FD072DF1D90023083D44F81730C8F8EB
:102CD0000430A8F80250D5E7408302008C39002068
:102CE00038B5FFF7D9FC0D46044650B110F0CCFBC7
:102CF00020B9044840F236510CF0D6F8023534F8C9
:102D0000150038BD4083020070B5FFF7C5FC0C46C6
:102D100016460546B0B110F0B7FB20B90D4840F299
:102D200041510CF0C1F83046FFF7B6FC10F0ACFB97
:102D300020B9084840F242510CF0B6F8023425F8A8
:102D4000146070BDBDE87040024840F246510CF07E
:102D5000ABB800BF408302002DE9F843C41CA408AF
:102D6000274B64000434B0F5005F1E6881460F46AF
:102D7000A4B204D3234840F272510CF095F80BF042
:102D80000DFD21490B6880467BB9204B1D68761BE1
:102D9000C6F34F06B44223D9002540460BF004FD8C
:102DA0002846BDE8F843FFF76DBC7FB1174A1568A8
:102DB0005A1BC2F34F029442EED81448620005EB4E
:102DC000440404607FB913440B600CE0F61AC6F3A8
:102DD0004F067EB90B4840F283510CF065F8DBE7F3
:102DE00005EB44041C600023A5F80290AB80EB8047
:102DF0002B80D2E7B442CFD8044A1568DDE700BF84
:102E00009039002040830200843900208C39002052
:102E100038B505460BF0C2FC29460446002204489A
:102E200010F05FFB2046BDE838400BF0BDBC00BF92
:102E3000BA3D002038B50BF0B1FC0021054604482E
:102E400010F0A9FB044628460BF0AEFC204638BD26
:102E5000BA3D0020024B1888B0FA80F04009704754
:102E6000BA3D00202DE9F74F044600881F46FFF7C2
:102E700013FC88461546064610F006FB20B940486C
:102E800040F2DA610CF010F83388DB0B009306D0C7
:102E900033892B443381002003B0BDE8F08F2088B4
:102EA000DFF8E0B0FFF7AEFE82463046FFF700FCE9
:102EB00001900BF073FCDBF80020019B9A428146E5
:102EC0001DD1FFF759FC854204D948460BF06CFC34
:102ED0001A20E1E705EB0A0373803FB12088FFF772
:102EE00075FE2A46414650440EF07AFE3046FFF702
:102EF000DFFBCBF8000048460BF056FCCBE70BF0AD
:102F000053FC2088FFF77EFE2844009980B2FFF72B
:102F100023FF06460028DBD0FFF758FE81462088B5
:102F2000FFF754FE82462088FFF76CFE51460246AA
:102F300048460EF055FE3046AFB1FFF747FE074654
:102F40002088FFF75FFE2A46414638440EF048FECF
:102F500001212088FFF7C4FE012102463046FFF719
:102F6000D3FE268097E7FFF731FE80462088FFF7E3
:102F700049FE2A46394640440EF01EFEE8E700BFEF
:102F8000408302008C39002038B50C460546FFF717
:102F900039FE844203D304482D210BF085FF2846D7
:102FA000FFF714FE204438BD5483020070B5064676
:102FB0000D46FFF70BFE044648B13046FFF722FEF0
:102FC000854203D3024835210BF06EFF605D70BD72
:102FD0005483020070B50C4606461546FFF712FEF4
:102FE000844203D304483F210BF05EFF3046FFF7D5
:102FF000EDFD00B1055570BD548302000148332139
:103000000BF052BF6B830200036910B55BB182689D
:10301000064B9A4201D1002010BD44690BF026FFF7
:10302000201AF9D5F7E74FF0FF30F5E7FD2F010043
:1030300082684B4B9A422DE9F041056804460E46E2
:1030400015D121B1474840F20F110BF02DFF0BF0C5
:10305000A5FB23691BB92B682BB924612C60BDE843
:10306000F0410BF0A1BB1A6922611C61F6E70BF07D
:10307000FDFE8046EDF776FF20B13A484FF493719C
:103080000BF012FF6FF000439E4221694BD22B7B65
:1030900008EB0602002B4DD0AB6893424AD1531C7B
:1030A000002949D06169994242D01EB9521AB2F141
:1030B000004F3DD9636123696E689C4203D1294862
:1030C0009A210BF0F1FE2F460023B4420BD0002BC7
:1030D00041D172696169891AB1F1004F32D8326900
:1030E000944237462CD12269BD420CBF6A603A61D6
:1030F0007BB92669B44203D11A48B5210BF0D4FE3E
:103100003B46012E05D062697169521AB2F1004F37
:1031100023D99D420BBF6B681A69236122610CBFE2
:103120006C601C6104E0434431B162699342C1D1D7
:10313000BDE8F0811346B3E76A6822616C60B9E7C5
:103140001646C6E7A8EB0202B2F1004FC7D93B46CC
:1031500037463669B9E71F46F9E733463669D0E79F
:10316000FD2F01006B83020082681C4B9A4270B5F0
:103170000568044619D10BF011FB236923B1A34262
:1031800006D100222A601A61BDE870400BF00CBB2A
:103190001A4611461269A242FBD12A68A24208BF10
:1031A00029600B6100232361EEE7036993B1984224
:1031B0006E6803D10A489A210BF076FE2B46B44282
:1031C00009D122699D4218BF1A614FF0000308BF60
:1031D0006A60236170BD33463669F0E7FD2F010058
:1031E0006B8302002DE9F043174FDFF860808BB04E
:1031F00006460025BC7814B90BB0BDE8F083B7F8DB
:1032000000908EB90096B8F8001023462A4603A80D
:1032100010F085FA234603AA314648460BF05CFEBF
:103220002544EDB20437E5E72346494603A80022CA
:103230000BF049FE01230093B8F8001023462A46FC
:1032400003A810F06CFAEBE77A830200BC3D002083
:103250000148FFF7E1BA00BFBC3D0020F7B51546B5
:10326000174A04460846118811B1164A1278CAB1A5
:10327000D4B10022294603B0BDE8F0400BF023BED4
:103280003A44D2B20436B778002FF1D0B6F800C075
:10329000AC45F5D184F0010400943B4610F03FFAB0
:1032A00003B0F0BD084EEEE70246214628460BF07B
:1032B00013FE284603B0BDE8F0400CF0CBB800BFC9
:1032C000BC3D0020251400207A83020010B5074C75
:1032D000238843B10020FFF785FF054B0020FF2224
:1032E00020801A7010BD7020FCE700BFBC3D00209C
:1032F00025140020142810B518D8082805D10DF081
:1033000030FBC401E4B2204610BD0E2802D10DF0FE
:103310002BFBF6E7064B53F82040002CF3D00A288D
:103320002478F0D105F008FC0443EBE7FF24EAE73A
:10333000A4830200064A082312F8011B814205D02B
:10334000013B13F0FF03F7D1184670470120704787
:1033500001840200064A082312F8011B814205D0AD
:10336000013B13F0FF03F7D1184670470120704767
:10337000F9830200014BB3F868007047D838002089
:103380000048704742390020014B1878704700BF51
:10339000303F0020014B1870704700BF303F0020C5
:1033A000184B022810B5187002D00438012819D81B
:1033B000154B1B78042B03D014480021FFF738FE6F
:1033C000134B1B689A0019D513F0805F0CBFBF2404
:1033D000BC2420460DF002FF90B92046BDE8104005
:1033E0000BF05FBF0948FFF7BFFE0A48FFF7BCFEBE
:1033F000912410F0DFFB0DF0EBFEEAE79024E8E704
:1034000010BD00BF343F0020353F002028120020AF
:10341000002C00206C2B0020024B187800F00F00CD
:10342000704700BF343F0020034B187800F00F00B6
:10343000831E584258417047343F002008B510F0B1
:10344000A4FBA8B110F0BAFB90B10A4810F03EF806
:1034500070B1094810F03AF850B10DF08AFA38B15D
:103460000DF0BEFE20B9BDE80840044810F01DBABA
:10347000002008BDBE3D0020023E002098390020FB
:10348000054B1878012805D000F0FD00A0F13103AC
:1034900058425841704700BF343F002010B5FFF735
:1034A00085F90BF0FDFC1020FFF724FF04060DD575
:1034B0000020FFF71FFF000608D5284BD3F8EC20AB
:1034C00012F0020F12D1B024204610BD1020FFF7D9
:1034D00011FF01060ED40020FFF70CFF020609D5EC
:1034E0001E4BD3F8EC2012F0010FEBE7D3F8E830D5
:1034F0009B07E8D51A480FF048F801200FF009FEA5
:10350000EFF750FC04460028DED100F013F915480F
:1035100010F0A0F900F034F9EFF742FA0BF0BDFC1F
:1035200008F08AFC08F0DCFCF3F77EFAF3F706FA01
:10353000F3F720FA03F068FC0DF015FA0DF016FA17
:103540000DF051FE084811F009FD06F079F80DF074
:1035500011FE0028B8D00DF00FFEB5E70081E00F96
:10356000690345EC98390020FDD7010010B510F033
:103570001EFB70B301F046FA80F00104E4B20020B3
:10358000FDF75EFF44EA800424B210F0FEFA10BB9F
:1035900002200443164810F083F944EA4014154809
:1035A00010F07EF924B244EA0014134810F078F9C0
:1035B00024B244EA8014114810F072F924B244EAAB
:1035C00040240F4810F06CF924B244EAC02080B2C5
:1035D00010BD0124D3E70B480FF078FF0028D7D0A7
:1035E00009480FF073FF80F00100C0B24000D0E73F
:1035F000681200204C130020042C0020CC12002064
:103600002C130020BE3D0020023E002008B500F033
:10361000E1FFFDF7FFFA14480FF058FF08B904F076
:10362000CFFD12480FF052FF08B905F0F3FF02F08A
:1036300099FE0F4810F045F90E4B1B78043B022B06
:1036400009D80D4810F02CF928B1FFF78FFF10288A
:1036500001D107F0E1FA0DF08EF910F0AEF9BDE8F6
:1036600008400648FFF71AB9BE3D0020023E002080
:1036700098390020353F00204C1300200C840200B4
:1036800070B54FF6F773984286B004460D4643D89E
:1036900010F096F9A04207D12049082228460EF0E2
:1036A00071FA002006B070BD1D4EB6F86830A34216
:1036B0000AD10022082106F16A0010F031F918B988
:1036C000082206F16A01E9E784B100230093012290
:1036D0001946204608F012FBFF2811D12946204642
:1036E00008F0D2FC80F00100C0B2DBE70D4B1B6894
:1036F0009B07EAD4284606F0F9FB0028E5D0D0E77E
:1037000002A911F0E4FA0028E8D1DDF80D302B60B1
:10371000DDF811306B60C4E70120C3E7E74000200B
:10372000D8380020002C0020014B1870704700BFD3
:10373000F313002010B50649064C098820460823DB
:103740007F220BF0CDFB204610F074F910BD00BFB6
:10375000E65C0200E740002013B513460C461AB1A0
:10376000022A0CBF134601230021044A0092019152
:103770002246FEF7EBFB02B010BD00BF413C020049
:1037800000B5002093B0FEF761FB1D4B188811F0C7
:10379000E6FB1C490020FDF7D7FE342200216846D5
:1037A0000EF00AFA0B238DF800306FF4803301938A
:1037B0004FF6FE73ADF8103003238DF81D30124B19
:1037C0000893124B0993124B0D93124B124A0E930E
:1037D000124B0F93124B106851681093114B1193B9
:1037E00002AB03C300216A460846FEF7F7FD6A46AE
:1037F00001210020FEF7F2FD13B05DF804FB00BFCD
:10380000B6130020B85F0200E13C0100373A020025
:1038100035670100893E0100E74000204176010044
:10382000413C0200C163010070B504460FF0CEFCBC
:103830000422002106462046FDF77CFE20440FF0BE
:10384000C5FC0322054600212046FDF773FE2044F7
:103850000FF0BCFC0540ADB24FF6FF739D4213D193
:10386000F30711D5062200212046FDF763FE204410
:103870000FF0ACFC074B1B88834214BF02200620CC
:10388000054B1B78184070BD20460BF0A0FEC00011
:10389000C0B2F5E7CC130020EF4000202DE9F84F2F
:1038A000DFF83C91804608460F460FF08FFCD9F8B0
:1038B0000030054643B9484B1B682BB9474B1B6882
:1038C00013B9FF20BDE8F88F15F4406A05F04006F3
:1038D00010D13EBBB5F5804F53D24FF48074002316
:1038E000002B58D13C4A12688025002A69D000215B
:1038F00008465FE0F81C0FF069FC4FF6FF73984232
:1039000014BF0124022486B1052605F44043B3F513
:10391000004F44F0080424D0B5F5804F23D244F47E
:10392000807420E054460326EFE7B5F5804F4FF052
:103930000506F4D3BAF5406F14BF022008203044C6
:1039400038440FF043FC834610F057F805F4404527
:1039500058450CBF44F0080444F00404B5F5004F8A
:1039600001D144F08004BAF5006F0ED1B8190FF000
:103970002DFC054610F024F8A842B0D144F0100404
:10398000ADE7544603260220D9E7BAF5406F08BFD9
:1039900044F02004A3E7012B09BF104AD9F8002006
:1039A0001268402518BF10259FE7A74201F10101C9
:1039B0000BD0C8B2CEB232F8167032F91660002EB3
:1039C000F3DA0133032B8BD17BE7B8F1000F3FF41F
:1039D00079AF88F8005075E7A8390020AC3900208D
:1039E00034380020034B1A78022A04BF09221A70C7
:1039F000704700BFF1400020034B0C221A701A21BF
:103A00000022032001F02ABDF140002070B50546D8
:103A100038B90C4BBDE87040187800221A2101F02B
:103A20001DBD094B074E1C78E1B21A29F1D825FAC1
:103A300004F3DB0703D53078362201F00FFD0134A3
:103A4000F2E700BFF14000202714002008B5064B24
:103A50000C221A70002210461A2101F0FFFC034BC1
:103A600000221A6008BD00BFF1400020B4390020D8
:103A700070B50E4B0C221E781A70054630B93046D0
:103A80000022BDE870401A2101F0E8BC084B1C7808
:103A9000E1B21A29F3D825FA04F3DB0703D536225D
:103AA000304601F0DBFC0134F2E700BFF1400020BA
:103AB00027140020024B0C221A700DF08ABB00BFA5
:103AC000F1400020F0B50C888BB005460E46E4B9F5
:103AD0004FF6FF77ADF824700DF090FB10B902207F
:103AE0000BB0F0BDCDE90340CDE90544134A029483
:103AF000B2F85C300193603200923B4609AA4CF662
:103B00000101FF2011F055FA3080284610F071F8BD
:103B10000B4C70B1237863B1013BDBB228462370B4
:103B200010F067F838B12078B0FA80F04009C0B2E0
:103B3000D6E70523F2E70120F9E700BFD8380020D7
:103B400026140020034B1B68114603B118470BF0E5
:103B5000B7BB00BFB4390020024B0C221A7008F02A
:103B6000D3BD00BFF14000200148FEF755BE00BFA5
:103B7000C03D00207FB506460C461546FDF7A6FF62
:103B800000287CD1062E03D85223F340DB071AD439
:103B9000B4F1006F05D3E30E1C3B032B18D94F2063
:103BA0002BE0394B00221A60384B1E700FF0DCFE00
:103BB00003460A2E65D8DFE806F0361B4F5A1B2E47
:103BC000221F47523F0001F085FFB4F1006FE2D29F
:103BD0002D4B00221A602D4B042E1E70E6D12C486E
:103BE00001F0CAF9022001F0FDF80FF0BDFE034616
:103BF00001220292274A05E0212004B070BD012273
:103C00000292254A0192254A0092254A29462046D9
:103C1000FDF7A0FFF1E7234A2946204604B0BDE89E
:103C20007040FDF77FBF204B204A2946204604B054
:103C3000BDE87040FDF75ABF002202921C4A019273
:103C4000164A00921B4AE1E7012202921A4A0192A7
:103C5000124A0092194AD9E70C4B02221A7000222C
:103C60001749104604B0BDE87040FEF735B9002290
:103C70000292144A0192094A0092134AC6E74D2063
:103C8000BBE70120B9E700BFB4390020F1400020B4
:103C9000F0400020713A0100D53B0200E13C0100F8
:103CA0002D3C0200593B01004D3A0100453B01000B
:103CB000B53A0100C53A01000D3A0100D93B0200B6
:103CC000E5390100F9390100D13B020008B5FDF7E3
:103CD00071FF024B0C221A70002008BDF140002039
:103CE000F0B585B0ADF8060018B9654890210BF025
:103CF000DBF8BDF806000FF0AFFA0446BDF8060089
:103D00000FF0AAFA082846D00C2CBDF8060042D1C4
:103D10000FF092FB07460FF059FA0DF10F0106461E
:103D2000BDF806000CF012FE002879D0092200210F
:103D30003846FDF7FFFB9DF80F301033C518BDF86E
:103D40000600FEF75FFFEDB2854269D22946BDF855
:103D50000600FFF72BF906F44C4416F440660546BE
:103D600014D0F81C0FF032FA4FF6FF73984208BFD8
:103D700044F04004B6F5006F08D1781D0FF026FA24
:103D80004FF6FF73984208BF44F010049DF80F30BF
:103D90005BB3072D44D1BDF806000FF053FA04467B
:103DA000BDF806000FF058FA082817D0A30615D55D
:103DB00024F0200189B2BDF806000FF02EFABDF8FC
:103DC00006000FF039FB00210922FDF7B3FB00F1DB
:103DD0001001C9B20DF106000FF088FCBDF8061005
:103DE000284800220FF07DFB1AE0082D16D8BDB13F
:103DF000013D072D14D801A353F825F0593E0100C9
:103E0000653E0100213E0100253E0100213E0100EA
:103E1000713E0100973D0100773E01007C2D24D0CA
:103E200005B0F0BD24F48844A4B2B4F5084FF7D12E
:103E3000BDF806000FF00BFABDF8061011F096F869
:103E40000028A8D0BDF806000FF059FA002201465C
:103E500002200CF02AFDE3E724F48064A4B2B4F558
:103E6000484F97E7B4F54C4F94E7B4F54C4F92D0D8
:103E70004CF6500301E04CF640439C428AE700BFF9
:103E80006C840200BE3D00202DE9F0410F469046B3
:103E90000646FEF79BFE04463046FEF7B3FEC5B26B
:103EA000083D2C44084BE1781970084BA2781A7031
:103EB000314643463A4600200BF080F9003818BFDF
:103EC0000120BDE8F08100BF0C4100200B41002023
:103ED00070B50B4B1C780B4B0022D5B2AC4202D80C
:103EE0000C70002009E01E88864202F1010205D311
:103EF0000D701B881B1A5842584170BD1233ECE7F5
:103F00002E3F0020643D00202DE9F04FDFF8408176
:103F1000DFF8409198F8002099F800309A4285B077
:103F2000064604D343484FF48A710AF0BDFF0DF1F1
:103F30000F013046FFF7CCFF20B13E4840F2171189
:103F40000AF0B2FF98F800709DF80F403D1B15F085
:103F5000FF0530D0384B394A1B78184699F80030A5
:103F600001214FF0FF3CA1400CFA03FC002301F1BA
:103F7000FF3E01934FF6FF79C1F1000A9DF804302E
:103F8000984243D812202E4B04FB0000A0F11201EE
:103F900005EBC5025200194404F1010918440DF063
:103FA000F1FD4FEA89092748A9F104010144AA005B
:103FB00048440DF0E7FD224904EBC40201EB420343
:103FC00021F81260204A1278DA731A745A741202B5
:103FD0005A801E4A12781A7110225A7100229A735E
:103FE000C3F80620C3F80A20164B013743F82420F3
:103FF0004FF6FF710D2088F800700CF056FC0EB9DA
:1040000010F02DFE204605B0BDE8F08F13884B451B
:104010000AD053680AEA030B03EA0E030B4403EBCE
:104020004B0343EA0C035360019B013308320193B5
:10403000A4E700BF7F840200FF130020502A002065
:10404000643D00204C2A00200C410020F24000205A
:104050002E3F0020FD13002010B5074C2046FFF72F
:1040600083F804F01FFA02F059FD20464FF47A510C
:10407000BDE81040FEF7DCBF281200202DE9F0411A
:104080000B4B0C4E93F8008007460025ECB2A04580
:1040900003D8FF242046BDE8F0810822B11D384630
:1040A0000DF060FD01350028F4D01236EEE700BFB8
:1040B0002E3F0020643D002007B50DF10701FFF7FA
:1040C00007FF30B19DF80730034803EBC30300EB53
:1040D000430003B05DF804FB643D00202DE9F84384
:1040E000294E33785D1E2D1A83420446EDB204D862
:1040F000264840F23F110AF0D7FE254A92F800C048
:10410000244A01231278A3405F1E4FF0FF309040F5
:104110003B44214A00214FF6FF7E6FEA0308CBB2F1
:104120009C4523D8BDB127B204EBC4041B486400EE
:1041300005EBC50204F112010144520020440DF0C8
:1041400021FDBF001648AA00391D014402F0FC02FF
:1041500038440DF017FD3378013B3370BDE8F84368
:1041600000224FF6FF710E200CF09FBB13887345A1
:1041700007D0536808EA03093B4003EB59030343A4
:10418000536008320131CAE72E3F00207F840200CD
:10419000FF130020FD130020502A0020643D002062
:1041A0004C2A002010B50A4C207858B9094B1B78CE
:1041B0001A2B03D9084894210AF076FE074B0322F4
:1041C0001A7010BD0138C0B2FFF788FFECE700BFDE
:1041D0002E3F0020FD1300207F8402002A3F002094
:1041E0002DE9F04705460FF055FDFF28044624D180
:1041F000DFF888901F4B99F800201B789A422BD249
:104200002846BDE8F047FFF77FBE38883B79504528
:1042100018D86F2B4FEA131214D85B0710D012373F
:1042200008F1010899F800105FFA88F6B142ECD85D
:10423000114A0023DEB28E4214D32046BDE8F08737
:10424000022AECD910F060FE0028E8D12946304659
:10425000BDE8F0470FF02BBD074F4FF000084FF6B9
:10426000F77ADFE710798F2803F10103EED81232D5
:10427000E0E700BFFD130020643D00202E3F00203A
:104280004FF6F773984210B514D8FFF7A9FFFF282F
:1042900010D0134C00B200EBC00004EB40040BF054
:1042A000BAF9104938B962880B7802EB0313A3EB13
:1042B0001213638010BD227C637C0978E2739A42FA
:1042C0002374617407D98B4203D213468B4228BFF3
:1042D0000B461B02EDE78A42F8D31346F9E700BF0D
:1042E000643D00200C4100202DE9F0410F4DDFF826
:1042F000408006460F46002498F80030A34201D8BB
:10430000BDE8F0810822294630460DF02BFC40B96B
:1043100035F8063CBB4204D02046FFF7DFFE013CE7
:10432000E4B20134E4B21235E6E700BF6A3D002092
:104330002E3F0020F8B5054608460E46FFF79EFEC4
:10434000FF2830D01D4B294653F820703046FFF728
:10435000CBFF2846FFF744FFFF28044625D110F085
:10436000EEFDFF280AD1164C207838B1EEF7FEFC9E
:104370002378B0FBF3F202FB1300C0B229460FF022
:1043800096FC044623B20F4D03EBC30305EB430534
:1043900008223146A81D0DF0F5FB2B7903F00F0321
:1043A0002B712046F8BD0027D3E7074B1B78002B65
:1043B000024B18BF002743F82070E3E74C2A002087
:1043C000FD130020643D00202814002038B50B4B5D
:1043D0001B78834204460D4604D8094840F25B210D
:1043E0000AF062FD074804EBC40400EB44002946D0
:1043F0000822BDE8384006300DF0C4BBFD13002094
:104400007F840200643D002070B5044608460E46D5
:104410000FF040FCFF28054610D02046FFF72EFE87
:10442000FF2807D0084B1B7823B9084B53F82020EE
:1044300043F8252021462846FFF7C8FF314620468D
:10444000BDE87040FFF750BF281400204C2A002020
:104450002DE9F8430026134DDFF8509080460127E0
:10446000344699F80030A34210D83E430134E4B2F8
:104470001A2C4FEA470705F11205F2D10A4B1B78B7
:104480004FF0FF3098403043BDE8F8832B88434518
:10449000EBD028460FF054FC0328E6D82B796F2B7D
:1044A000E3D8E3E7643D0020FD1300202E3F002009
:1044B00010B5084C00EBC00004EB400423795B0707
:1044C00007D120460FF03CFC237923F00703184363
:1044D000207110BD643D0020084B1878084B002265
:1044E000D1B2884203F1120300D8704713F80D1CB3
:1044F00021F0100103F80D1C0132F1E72E3F0020DE
:10450000643D00202DE9F047DFF86090DFF860801F
:1045100099F800400226122700250CE007FB05F35E
:10452000002138F803A050460FF01FFC10B15CB119
:10453000013CE4B2013599F80030EAB29342EDD87B
:10454000A34204D14FF6FF7A5046BDE8F087EEF75C
:104550000DFC99F800301B1B012E90FBF3F202FBBF
:104560001300C4B2EED00126D6E700BF2E3F0020D4
:10457000643D0020F0B5134B1B780646FBB1124892
:10458000DFF84CC090F800E01048077800251F4481
:10459000E8B2864501D80020F0BD7C1B94FBF3F007
:1045A00003FB10440CEBC4003CF83440B44204D18B
:1045B000002AF1D184788C42EED00135E8E7184624
:1045C000EAE700BFFF130020EC2B00202C3F002067
:1045D000502A002070B50AF04DFC104E1049328868
:1045E0000B7830809B1A03449BB21425B3FBF5F47F
:1045F00005FB14330B700B490B78E2B293428ABF70
:104600009B1A0023DBB20B700749032A9DBF0B687E
:10461000D200D34000230B6070BD00BFC23D00201C
:10462000F44000202B3F0020EC2B0020084B1868A2
:10463000084B1B78C2B29A4208D2074B1B78C0F3D2
:104640000720984234BF00200120704701207047A6
:10465000EC2B0020FF130020F3400020F8B50546A6
:104660001746FFF7E3FF064610B9184B1A783AB918
:10467000212001224FF6FF710CF017F90020F8BD40
:104680001348DFF854C003780133B3FBF2F402FBA4
:10469000143303700F48DCF8002020F8335000EB8F
:1046A000C30402F10132A1703846CCF80020FFF7B4
:1046B000CFFEE67060600FF083F9A84201D10120BF
:1046C000DDE7E3780133E370F9E700BFFF13002073
:1046D0002C3F0020502A0020EC2B002010B50B4C62
:1046E0000B4A2378063B13700AF0C4FB094B188071
:1046F000094B0A4800221A602278FF21D2000DF0EF
:104700005BFA074B04221A7010BD00BFFF13002094
:10471000F3400020C23D0020EC2B0020502A002056
:104720002B3F00202DE9F84307460AF09FFB054682
:104730001B480FF0B5F81B4B60B31C683C1B2C44A6
:10474000A4B2194BDFF868901B78184D99F80060F7
:1047500003EB830305EB430500225FFA82F846452D
:104760000AD9AB88A34205F10A0016D9B21A0A2366
:104770005A4329460DF006FA013689F80060AC80EC
:10478000B8F1000F03D106483946FEF751FC284620
:10479000BDE8F8831D603C46D3E701320546DCE7FF
:1047A00048120020B8390020F6400020C43C002008
:1047B000F74000202DE9F74F0AF058FBDFF8BC90D6
:1047C0002B4EDFF8BC80317898F800E0294D1FFAB5
:1047D00080FC0746B9F80000ACEB00039BB2002454
:1047E0000093A0EB0C0001EB810305EB4303724641
:1047F000A2460190A3465FFA84FCF4451AD3BAF1AD
:10480000000F00D03170724504D2002088F80020DB
:10481000FDF70EFB98F800303BB333781648C9F823
:1048200000700A2202FB0355A98803B0BDE8F04FCF
:10483000FEF7FEBBB3F804C00098844510D893F887
:1048400002C0A3F804B00CF1FF3C0131013A83F837
:1048500002C0C9B2D2B24FF0010A0A330134CAE72A
:1048600001988444A3F804C0F7E703B0BDE8F08FD3
:10487000F6400020C43C002048120020B839002037
:10488000F74000201FB51B4A1B4C1378013BDBB2DD
:1048900013702068616801AA03C221891180174A38
:1048A000127813440A225A4304F10A0120460DF0FB
:1048B00069F99DF8063013F00F010BD11B09BDF803
:1048C000040008BF9DF80C10002204B0BDE81040A1
:1048D00002F07ABCBDF80800FFF724FF8288ADF82B
:1048E000082001AA034603CA1288186059601A8179
:1048F00004B010BDF6400020C43C0020F74000206A
:10490000F8B5094D094F0A4E00243B783178E2B2E0
:104910000B449A4204F1010400DBF8BD2846FDF780
:104920007BFF0A35F1E700BFC43C0020F7400020C0
:10493000F6400020F8B51E46114B07460D461046BE
:1049400010491A78104B09781B780B44934206DB08
:104950001F204FF6FF710BF0A8FF0020F8BDFFF7F6
:10496000E1FE01350780857004460AF07AFA662375
:10497000E080237200206672FDF75AFA0120EDE70D
:10498000FC130020F7400020F64000202DE9F047FE
:10499000DFF86880DFF8689098F8007099F80050A8
:1049A0001449844607EB050E00230A22DCB2744545
:1049B0001DDA02FB04F6013331F806A0E24501EBF3
:1049C0000600F3D1631CAEEB03030A365A433144AD
:1049D0000DF0D8F8A5428BBF05F1FF3507F1FF3781
:1049E00089F8005088F800700CB9034B1C70BDE8C2
:1049F000F08700BFC43C0020F5400020F7400020B5
:104A0000F6400020044B054A1B781278D3420CBFB5
:104A100001200020704700BFF6400020F740002032
:104A2000024B1878003818BF01207047F64000206C
:104A300008B50A4B0A48002119700A4B19700A4B35
:104A400019700A4B1A7802EB820252000DF0B4F88A
:104A5000BDE808400648FEF787BB00BFF7400020CE
:104A6000C43C0020F6400020F5400020FC1300204C
:104A70004812002010B50B4C23784BB10A4802F0C5
:104A80008DFC58B1084B012118880FF086F808B941
:104A9000002010BD054B01221A70FAE7FFF7F2FE65
:104AA000EAE700BFF6400020C43C0020F5400020AB
:104AB00010B50E4B1B78BBB10D4C238883424FF0D1
:104AC000000311D10B4A2172137049B9A378103336
:104AD000A3700FF02AFB18B9A37823F00F03A3707B
:104AE000FFF7D0FE012010BD1846FCE7F64000207D
:104AF000C43C0020F540002010B5044601460822C1
:104B000009480DF03FF8237B022B0AD8002B14BF75
:104B10003122012205490B709423CB73044B1A7088
:104B200010BD00230122F5E7CE3D0020CA3D002044
:104B3000343F002070B5064692B00D460020C97A79
:104B4000FCF7B0F958B395F90A000EF0F4FE0446EC
:104B500038BB154BEA7A83F85820AA7A83F85A2092
:104B600001466A46FDF75AF94FF6FE739E424FF032
:104B7000000118BF2B89ADF8066008BF4FF6FF7320
:104B80006A460846ADF80430FDF728FC28B9074B03
:104B90002A895A80204612B070BD0224FAE78A247E
:104BA000F8E78B24F6E700BFD8380020CA3D002084
:104BB000014BD873704700BFCA3D0020014B1878E5
:104BC000704700BFCA3D002010B5054C2378112B5B
:104BD00003D00448DB210AF067F94123237010BD9C
:104BE000343F00208A840200064B1B78042B0146C8
:104BF00004D1054A137C0533137470470348FEF74C
:104C000017BA00BF353F0020CA3D002068120020BF
:104C100008B50648FDF700FE0548FDF7FDFD0BF061
:104C20009FFEBDE8084000F06DBF00BFBE3D002004
:104C3000023E0020064B1878332806D000F0EF0023
:104C4000A0F143035842584170470120704700BF0C
:104C5000343F002008B5084B00224FF6FE701A7052
:104C60000EF0BAFE4FF6FF700EF0D3FE034BD87B6A
:104C7000BDE808400AF015BB343F0020CA3D0020C3
:104C80002DE9F0438BB007469DF8489015469846AD
:104C90000E4649B9104605AC10F077F9214610F0E0
:104CA00057F9932818BF2646B9F1000F0AD1124BC5
:104CB0001B781BB9284610F075F9D0B9284608F0C2
:104CC0001FFE02E0284610F06DF980F00104E4B206
:104CD0009DF8503002939DF84C300394CDE9009339
:104CE0002A464346314638460FF094F80BB0BDE8EB
:104CF000F0834C46ECE700BF303F0020014B002220
:104D00001A747047CA3D002008B5002008F0BAFFA9
:104D1000024B00225A609A605A8008BDCA3D0020AA
:104D200010B5144B1B78033B012B16D8124BB3F86C
:104D300068204FF6FF739A420FD10320FEF730FB35
:104D400001F0DEFEFFF7E0FF0020FCF767F878B126
:104D5000BDE8104000200EF08ABBFEF711FB0446B0
:104D6000FEF708FB0146204606F098FE0220E5E724
:104D700010BD00BF353F0020D838002008B5114ACB
:104D8000114BD8731378032B1BD0D3B1332B01D025
:104D9000432B10D10D4B1B78033B012B05D803236C
:104DA0001370BDE808400AF07CBA0AF07AFABDE850
:104DB0000840FFF7B5BF21231370BDE8084001F09C
:104DC00005BD08BD343F0020CA3D0020353F00200E
:104DD00008B50348FEF7C8F9FFF796FF702008BD35
:104DE000AC2B002038B5114D2B78834218BF2870AA
:104DF00004460CF0FBF980B124B920460CF0F8F918
:104E000002220DE001200CF0F3F92B781A1F012A81
:104E100005D9062BF4D1032202E0002CF5D10122A2
:104E20000021BDE8384008460EF023BF353F002082
:104E300030B585B0044668460D460EF0D5FF94B1F6
:104E400000212846144A0FF0C1F8144B20681B7843
:104E50008DF80430124B61681B788DF8053002AB79
:104E600003C305F019F80F4B93F8582093F85A3004
:104E70008DF803208DF802300EF0BFFDADF8000074
:104E80000EF09EFD1023ADF80600072269460020B3
:104E9000FEF7E4F905B030BD00F8FF07F31300207A
:104EA000353F0020D838002010B50F4B1A780F4B33
:104EB0000446002083F85820FBF7B0FF10B1002013
:104EC0000EF0D5FA00210846FFF7B2FF0CF080F98A
:104ED0002046FDF7BBFA9B200AF0E3F9044A0023C1
:104EE0001380044A138010BDF8400020D8380020F9
:104EF000A23D0020A03D002010B501460446002040
:104F0000FBF7D0FF90B10C4B1B78023B032B0FD863
:104F10000A4B1C70FCF7DAFD60B9094A0949FCF735
:104F2000DBFF002814BFA120002010BD8A20FCE771
:104F30007020FAE73D20F8E7343F0020F8400020D9
:104F4000E9760100A94E0100F8B50646FCF7BEFD62
:104F5000044668B9FBF762FF50B1064D204695F84C
:104F6000587085F858600EF082FA10B185F85870C4
:104F70003D20F8BDD83800201FB5044668460EF025
:104F800033FF9DF805305A1E052A09D8054A9DF8B9
:104F900004101278914203D12370002004B010BD98
:104FA0009320FBE7F31300202DE9F041274B1D78F8
:104FB000022D80460E46174606D0032D43D118B960
:104FC000234B1B689B073ED43320FEF7E9F901F021
:104FD00049FAB6F1006F36BF1E4B05221A783146EA
:104FE0000620FEF7C7FD10F0FF0425D11A4D012061
:104FF0002C7300F0E3FD0EF000FD68802846B8F148
:10500000000F0DD0022300F8043B0EF071FF6C730B
:10501000AF73394630460BF081FC2046BDE8F08185
:10502000012300F8043B0EF063FF6C73AF73394645
:1050300030460BF072FCF0E72846FEF7B1F9B8F104
:10504000000FF4D0E5E77024E7E700BF343F00200D
:10505000002C002029140020CA3D0020034B1878A2
:1050600018B9034B034A1B78D05C7047333F0020CC
:10507000353F00206685020038B5437BDB070446D8
:1050800003D590F909000CF0A2F8104B002583F825
:1050900059502079FFF758FFFFF7E0FF6188248817
:1050A00003462246284608F0F3FD044620B194202A
:1050B000FFF764FE204638BD054D06489423C821FD
:1050C000EB73FDF7B5FF03232B74F3E7D83800200B
:1050D000CA3D002068120020F0B5184D93B0064676
:1050E000A5F868000C4605F16A0709BBC5F86A1007
:1050F000796000216A460846FCF790FED5F86A30D0
:10510000CDF8123000217B68CDF816306A4608468B
:10511000ADF81060FDF762F9B5F868004FF6FF735F
:10512000984203D014B106490BF0FBFB13B0F0BD5D
:10513000082238460CF026FDDBE700BFD8380020F7
:10514000423900202DE9F041DFF8BC801F4698F875
:10515000003005460C4616461BB170252846BDE8B2
:10516000F081531E052BF8D8FCF7B0FC0028F4D1D1
:105170003B7B032B14D14FF6FE739C4212D1012EC0
:1051800009D0022EE9D10EF01BFC4FF6FB739842BA
:1051900003D80EF015FC044604E00FF058F8FAE7C7
:1051A000012EDAD0EDB939462046FFF7C3FC05469B
:1051B0000028D3D198F80030332B03D0532B1CBFD9
:1051C0000F4B98733046FFF70DFE00214FF6FF702E
:1051D000FFF782FF0B4B1B78002BBFD00FF0BBFEFD
:1051E000BCE7397BCB1E594206F1FF325941504290
:1051F000504105F029FE05460028D4D0AEE700BF97
:10520000CA3D00202A140020343F0020F0B51E467D
:10521000184B074687B00C4601F1140051F8045BA7
:1052200043F8045B8142F9D109881980D4F80E0053
:10523000D4F8121023886D4603C5ADF808302379E1
:105240008DF80B3000238DF80A208DF80C303A468B
:105250006B464FF6FE710120FFF774FF40B96846B8
:10526000FFF74AFC2046FFF707FF08B9024B1E7004
:1052700007B0F0BDDC3D0020024100201FB5144BFB
:105280001B88DB07044607D44FF6FF700021FFF7A9
:1052900023FF002004B010BD0A231A4601A90120F3
:1052A000FDF7DCFFBDF80C204FF6FF739A42EBD000
:1052B0000822FF2101A80EF033FB0028E4D10CB92D
:1052C0000120E7E7BDF80C0001A9FFF705FFF7E7AC
:1052D000F63D002038B50C4615460EF07DFB02F079
:1052E000D1FF29462046FFF7F7FE00F061FC48B1E8
:1052F000054BDB790E2B28BF0E230133DBB2034AAB
:10530000137038BD0123FAE7DC3D00200F41002077
:1053100030B5012087B0FFF7B1FF154A0446516848
:1053200010686B4603C384B904F0C4FD02A80EF0F4
:105330005BFDBDF80E004FF6FF7522462946FFF7CC
:10534000C9FF0BF0F2FA07B030BD0A4AD2F86A0082
:10535000D2F86E10B2F868506B4603C304F0AAFD91
:1053600002A80EF041FDBDF80E006A46E6E700BF58
:10537000F55D0200D838002037B5334B1B78044662
:105380001BB17024204603B030BDFCF79FFB002802
:10539000F7D100F01DFC14B12C4B22881A800DF1BE
:1053A0000700FFF7E9FD00284AD10EF092FD044600
:1053B0000028E7D1264D9DF80700FFF713FD2B7855
:1053C000033B012B27D82046FFF758FF18B3FFF700
:1053D0009FFF01F009F8FFF7A3FC01200FF0AEFEDC
:1053E00080BB1A4B1B889A0707D51A490522012052
:1053F00003B0BDE83040FFF7D7BD174D02230B22A5
:1054000029460120FDF72AFF2B885B07BAD52046E5
:1054100000F0FEFFB6E72B78053B012BB2D8FFF773
:1054200077FFFFF77DFC2B78052B0CBF04200520B0
:10543000FDF7B6FF012003B0BDE830400FF07EBE9F
:1054400093249FE704469DE7343F0020F63D00206B
:10545000353F002000F8FF079E3D00202DE9F7436F
:10546000694D6A4E0123074668486B7388461446A7
:1054700000F04EFB0BF0ADFE38B9012F01D9042F1F
:1054800010D12146404609F042FF102000210FF0C4
:1054900087FD002800F0B080002003B0BDE8F04395
:1054A000FCF7C6BC002CF0D1594B1B78212B03D044
:1054B000062B01D0532B02D101F088F9E5E7FDF767
:1054C000DFFF0028E1D000F073FB38B92B7B002B05
:1054D0000CBFAB209420FFF751FCD6E74D4B019356
:1054E000304600F015FB20B14B4840F6690109F049
:1054F000DBFC4549307B01AA0BF04BFE95F80080A0
:10550000B8F1000F03D14148FFF7B6FDBDE7DDF864
:1055100004900EF055FA737BDB07044603D596F929
:1055200009000BF054FE0EF04BFA3C4B3C4F188038
:105530000EF063FA3B4B1880FDF71CFF3A4B1880C6
:10554000FDF71EFF0822014638480CF01BFB0EF049
:1055500017FA374B18703079FFF7F6FC7088002186
:10556000FFF7BAFDFDF78CFF60B1631E9BB24FF6EB
:10557000F672934206D90EF06AFEB7F8683083429D
:105580000446F8D020460EF027FA30880EF041FA93
:10559000B7F868004146C847044608B918209AE79A
:1055A000B7F868100DF092FE002387F859302B7879
:1055B00003F0FB03022B02D020460EF01BFC00235D
:1055C0001A4619462046FFF7B5F998B19423EB73B4
:1055D000184B1B78042B06D11748C821FDF728FD6E
:1055E00003232B7451E714484FF41671FDF720FD87
:1055F0000023F6E794206EE7FFF712FA00287FF405
:105600004BAF03B0BDE8F083CA3D0020DC3D002075
:10561000343F00200D3F02008A840200C83D002074
:10562000D8380020C63D0020C43D0020F9400020AD
:1056300001410020353F0020681200207FB5194E3F
:10564000194D00243278E3B29A4201D804B070BDFB
:10565000B5F868204FF6FF739A421AD0134B1B8897
:10566000DB0714D5124AB5F8683010685168ADF8F8
:105670000C3001AB03C30A231A4601A90020FDF731
:10568000EDFD0C4902230B220020FDF7E7FD01345C
:10569000D8E70748002208210EF042F90028F6D189
:1056A000DCE700BFFE130020D8380020F63D0020C4
:1056B000423900209E3D002010B500F0D3FE01F0DD
:1056C000E5FBD8B10E480F4CFDF74EFD0E48017AB0
:1056D0000E30FFF7ADFB23781BB100F0FBF9002380
:1056E00023700A4B00221A73FFF71AFB07F00AF91E
:1056F00000F01AFFBDE81040FFF7A0BF10BD00BFCB
:105700006812002002410020DC3D0020CA3D00203C
:1057100010B52548FDF728FD01F0B8FB30B1234B4B
:105720001B781BB9BDE81040FFF7C6BF01F0AEFB08
:1057300078B11F4C237C83B11B48C821FDF778FC4E
:10574000237C013B23740021BDE810400846FCF790
:10575000D9BBFDF795FE0028EBD1FDF791FE154B67
:105760001B7858B9112B03D003F0FD03412B19D13D
:105770000F4BBDE81040D87BFFF700BB332BF7D1B0
:105780000D4B18880EF028F90C4B18880EF041F9D3
:105790000B4B0C491888FFF79FFC0B4B1878FFF751
:1057A000D3FBE5E710BD00BF68120020303F0020AA
:1057B000CA3D0020343F0020C83D0020C63D0020E7
:1057C000C43D0020F9400020014100202DE9F04FA8
:1057D00085B00F4602AD04462946384691460FF083
:1057E000C9FD4FF0000B82463846CDF804B00DF0ED
:1057F00023FE4678022C804606F0020609D85CB1EA
:10580000FDF73EFE044600283CD1734B01241B7873
:1058100059E0043C022C2ED9FDF732FE38460DF03B
:1058200084FD0024DFF8B4A10546A04638460DF0FB
:1058300003FE50F8093001930DF105000DF0C6FC90
:105840009DF807B00746B8F1000F09D0BAF1000F74
:1058500006D06249082250460CF084F9002851D144
:10586000BBF1000F34D14FF6F7739F4230D994202B
:10587000FFF784FA46E00EF006FBFDF701FE044652
:10588000F8B15C464EB1564B1B78012B02D0043B5D
:10589000012B0BD805B0BDE8F08F4F4B1B782BB117
:1058A0004F4B1B7803F0FB03022BF3D0BAF1000F30
:1058B000404608BF00250FF050FD4FF0010882461A
:1058C000B4E7454B1B78002BF0D0002EEED1E1E77A
:1058D000DFF8049199F8003003B11EB314B3414BC3
:1058E0001B78022B1ED1BBF1000F14D138460EF0ED
:1058F00073F858465946FFF79BFA07F003F89920CA
:1059000009F0CFFC0020FBF789FA0028C2D0002064
:105910000DF0ADFDBEE7FDF7B3FD48B13248FDF730
:1059200023FCA4E7FDF7ACFD10B1BBF1000FF5D1EE
:10593000FDF7A6FD0028E5D02846FEF79FFBFF28CF
:10594000DFF8A0A0294C03D09AF80030012B04D135
:10595000B4F868002946FEF7EDFCFEF7A9FD2A46DB
:10596000B4F868103846FFF7B5FC214B214A93F98B
:1059700006301B0213809AF80030012B18D0312B0F
:1059800014BF432311238AF800301B4B16481968B3
:10599000134CFDF74DFB00F027FD99F80010002394
:1059A000237439B91048FDF743FBAD23E373A9E72E
:1059B0001123E8E7B8F1000F03D016B1FFF77CFE22
:1059C000F3E70E4B1B78042BEFD107480521FDF7B9
:1059D0002FFB09232374E8E7303F0020E740002035
:1059E000CA3D0020343F002068120020D838002033
:1059F000DC3D0020F43D002088120020353F0020CF
:105A000070B508468AB00D460DF016FD092200213A
:105A10000646FBF78FFD044628460DF086FC0DF187
:105A20000703052202A928460AF084FF02281AD09B
:105A30009DF807301C44E4B204F110020023D2B2F6
:105A400029460120365D09F0B9FB60B1022E0AD16A
:105A5000064B1B78012B06D1054B187818B9224646
:105A60002946FFF7B3FE0AB070BD00BF343F0020E7
:105A7000CA3D002008B5FDF777FB024B00221A70E3
:105A800008BD00BF283F002084B010B502AC84E8F8
:105A90000F000F4CBDF8082063889A4204D0002004
:105AA000BDE8104004B070470822211D0DF116001A
:105AB0000CF058F802460028F1D10821201D0DF005
:105AC0002FFF0028EBD16088003818BF0120E7E7DE
:105AD000CA3D0020034A044800231380034A137080
:105AE000FDF742BBF83D00208C120020044100204D
:105AF00008B50348FDF738FBBDE80840FFF7EABFEB
:105B00008C1200200148FCF787BE00BFF83D002042
:105B100037B5054698B10C4B1B7893B100210B4863
:105B20000DF0D9FC00240146162300942246284695
:105B30000DF0F5FD064B20461C7003B030BD022071
:105B4000FBE77020F9E700BF04410020F83D00208A
:105B500003410020F7B5054618B3134C13482378CA
:105B6000124F0133002123700DF0B5FC00260146D1
:105B7000237819B9013B237001200AE0F2B2934265
:105B800009D1002400941623224628460DF0C7FDB3
:105B9000204603B0F0BD38460DF0F3FC0136014657
:105BA000E6E70220F5E700BF03410020F83D0020B2
:105BB000014B1878704700BF0441002025289DBF85
:105BC000024B187000200220704700BF2B140020E9
:105BD00007B5012318460D220DF10701FDF73EFB25
:105BE0009DF80720024B1A7003B05DF804FB00BF5C
:105BF000CE13002084B010B502AC84E80F00254815
:105C0000089C08220DF116010BF0ACFF38BB9DF883
:105C100015309B0705D4204B1B7803F0FD03312B77
:105C200023D11E496378097803F00F028A4203D01A
:105C3000012928D1022A18D12278B2B91B09022BD6
:105C400013D194F90230002B21DB154BB3F86820F7
:105C5000BDF80A309A4208D1FEF7ECFF06E00D4885
:105C6000002208210DF05CFE20B90020BDE81040A4
:105C700004B070470B4BBDF808205B889A42C6D031
:105C8000002BC4D0F1E70229EFD1012AD3E701208C
:105C9000ECE700BFCE3D0020343F0020F31300208E
:105CA000D8380020CA3D002084B02DE9F04F89B0DB
:105CB00012AC84E80F00DFF84CC1504BBCF8020076
:105CC0009DF84D909DF95220BDF860E09DF865A0CB
:105CD0009DF966509DF868709DF96A10BDF848B04E
:105CE0009DF94E809DF850601B7810F001042DD076
:105CF0009DF86D00C0F34004C0F38000002B41D03C
:105D00003F4B1B78012B00D1F4B1C0B19CF800309F
:105D10001E335BB2AB42ACBF002501259845D4BF12
:105D200000230123AB4209D1914208DC0CD1B81BFE
:105D3000C0B280288CBF0020012000E0284609B0B6
:105D4000BDE8F04F04B070470020F8E7840718D58D
:105D5000C3B1490814BF01200020520814BF012319
:105D600000238342EBD1BB1BDBB2802B0AD9BE429E
:105D7000EAD1A84506DBE7D1D1452CBF00200120A0
:105D8000DDE70BB90120DAE7BE4216D018AD0FCD22
:105D900002AC0FC495E8030044F8040B2180DDE950
:105DA000160112AB0090ADF804100FCB0BF0EAF91E
:105DB0000028E7D1BE42BAD1C1E7F34518D00DF1B2
:105DC000700B9BE8030018AC0090ADF8041094E849
:105DD0000F00FFF759FE0028D4D19BE80300009084
:105DE000ADF8041094E80F00FFF74EFE0028C9D16B
:105DF000A845C7DBCAD1D145C4D3C7E704410020B9
:105E0000343F0020CE13002084B02DE9F04F8FB036
:105E10006A4E18AC08AD84E80F001622002128460F
:105E20000BF0CAFE33783BB90024654B32781B78FF
:105E30009A4239D2002726E06248DFF88891002193
:105E40000DF049FB00270446B846002C45D13FB170
:105E50005C48224639460DF0BDFB3378013B337078
:105E60003378002BE0D05748DFF858B100210DF00F
:105E700032FB4FF0000980464F46CA46B8F1000F8A
:105E80006CD1002FD1D01621002218A80DF00CFBE8
:105E9000014648B1002F00F08B804A4822460DF0A1
:105EA00047FB337801333370454B32781B789A4285
:105EB00007D94448002201880DF08CFB3378013B60
:105EC00033703378012B03D13F494048FDF7B0F8D8
:105ED0000FB0BDE8F04F04B0704700222146CDF866
:105EE0000080162328460DF01AFC1622294618A811
:105EF0000BF038FE0028EBD09DF864209DF824308C
:105F00009A4225D1BDF86020BDF820309A421FD1B9
:105F100008220DF12E010DF16E000BF023FEB8B931
:105F20000DF1600CBCE80F0002AF0FC79CE8030046
:105F300047F8040B0EAB398013E903000090ADF86D
:105F4000041095E80F00FFF7AFFE0028C0D02746E9
:105F5000214648460DF015FB044676E7162300223D
:105F60004146CDF800A028460DF0D9FB0DF1600C9C
:105F7000BCE80F0002AF0FC79CE8030047F8040B12
:105F80000EAB398013E903000090ADF8041095E8DA
:105F90000F00FFF789FE074620B1B9F1000F04BFDB
:105FA00044468146414658460DF0EBFA804665E787
:105FB00004483A460DF095FA73E700BF044100200B
:105FC0002B140020F83D002020BF02008C1200207E
:105FD0002DE9F04F9FB010AF00210446162238463D
:105FE0000E91CDE90C11CDF83B100BF0E5FD0DF154
:105FF0001F03052216A920460AF09CFC02288046B1
:1060000000F0FD8020460DF017FA06460DF0DEF890
:106010008146F01C0DF0DAF8ADF84000701D0DF06F
:10602000D5F8B8F1010FADF84200204640F0EA8003
:106030000DF002FA05462046FCF7C8FD0D352D1A75
:10604000EAB23B462146082009F0B8F8002800F0E3
:10605000D68020460DF0F5F9B8F1010F9DF84D30CE
:10606000834640F0E88043F0010300258DF84D3071
:1060700016AE04953388022B58D1F1780231C9B29B
:106080002046FCF793FF1B2850D1F1780331C9B2A9
:106090002046FCF78BFF192848D1F1780431C9B2AA
:1060A0002046FCF783FF4A2840D14FF0050AF178DB
:1060B00001315144C9B22046FCF778FFF1785144D0
:1060C0008046C9B22046FCF771FF00EB082083B27E
:1060D00000F03F02932B059240F09C8096F80380DD
:1060E000D0445FFA88F808F10203DBB2049300237E
:1060F000049A009321460F230CA80DF010FB08F121
:106100001101C9B220460DF057FB08F113010546F5
:10611000C9B220460DF050FBADF84200059B02339A
:1061200053445FFA83FA33795345C0D806360DF1EC
:106130007603B3429ED19DF84D20C5F3C03363F37F
:10614000410220468DF84D200DF00DF98DF84400E8
:1061500020460DF0FDF88DF8450020460DF0FDF8C5
:106160009DF832308DF84600C3F3C3028DF8472006
:10617000DDF83320CDF84E20BBF1190FDDF83720C4
:10618000CDF852208CBF9DF83E2000228DF848208B
:1061900003F003028DF84A209DF84D20DB0963F3DC
:1061A00082026A4B8DF84D201B78022B58D1BDF826
:1061B00040600DF022FC864252D108A80DF098FEF6
:1061C000BBF1190F49D908220DF14E0108A80BF0B7
:1061D000C9FC00283ED1B9F5004F02D0B9F5624F95
:1061E0000DD125F4404540F6FF739D4207D10022B2
:1061F00008210DF14E000DF093FB002840D01FB098
:10620000BDE8F08F0DF018F905462046FCF7DEFCDE
:10621000073514E7412B81D1F17802315144C9B2DD
:106220002046FCF7C3FE4A4B1B78C3F1B303184466
:106230008DF8490072E76FF30003F01D8DF84D30C3
:106240000CF0C4FF0CA9054620460DF073FE002398
:10625000049370E700F008FDBDE700F005FDCEE710
:10626000B9F5004F02D0B9F5624FC8D125F44045C9
:1062700040F6FF739D42C2D1BBF1190FBFD9B6E7FB
:10628000BBF11A0F06D004991F313A46C9B2204615
:106290000AF07EFF2F4C304D637BDBB12B78012B56
:1062A0001DD1012323730CAB029314AC94E80300BB
:1062B0000090ADF8041097E80F00FFF79BFC90B139
:1062C00094E803000090ADF8041097E80F00FFF782
:1062D0009BFD08E0FDF7D4F80028DFD0E1E703F0EC
:1062E000FD03042BDDD02B78012B01D0042B86D1AC
:1062F0001A4BDDF84E001B788DF82230BDF8403087
:10630000ADF820309DF84D30DDF85210C3F3400356
:106310008DF823309DF8313003F00F038DF82C30C9
:106320009DF848308DF82D3009AB03C30C4B1B682A
:106330001BB1394608A8984761E79DF946209DF8AA
:10634000451008A808F0CEFF59E700BF343F0020F1
:106350000B410020CA3D0020F14000200A410020EE
:10636000B039002010B508F081FD114B1B78022BCD
:106370001CD1104A1468A04218D00F4910600A6856
:10638000121B10440D4A086012786AB1013A93401A
:106390003C2253434FF47A725343984206D9BDE8E6
:1063A00010400320FCF7FCBF0A23F3E710BD00BF39
:1063B000343F0020F82B0020F42B0020EF130020A6
:1063C000064B1B88DB0708D5054B002243F820202D
:1063D000044A135C63F00F0313547047FA3D002026
:1063E000C82A0020103F002008B508F03FFD034BED
:1063F0001860034B00221A6008BD00BFF82B002074
:10640000F42B0020014B1868704700BFF42B0020CC
:1064100008B50C48FCF7A8FEFDF706F880B10A4B5A
:106420000322B3F8681001200AF0CEFE074B05489E
:106430001B884FF47A715943BDE80840FCF7F8BD5A
:1064400008BD00BFAC120020D8380020B2130020D5
:10645000034B1888C0F30E00003818BF01207047A6
:106460009E3D002008B5FFF7F3FF30B1044900203E
:1064700002230B220880FCF7F1FE002008BD00BFBC
:106480009E3D0020024B1888C0F30E00704700BFED
:106490009E3D0020084A094900231370084A1370E2
:1064A000084B094A1B7843F00403138001200223A0
:1064B0000B22FCF7D3BE00BF074100209E3D002009
:1064C00006410020F0130020FA3D002030B585B0D1
:1064D0000024114D019401210B2300918DF80C3003
:1064E0008DF80D000323B5F868008DF80E4003AA5F
:1064F0000EF0D0FE68B1B5F868100DF0F2FD40B1B5
:10650000064B074805221A70064B64211C70FCF7E5
:106510008FFD05B030BD00BFD838002006410020F7
:10652000CC12002007410020064B1B78033B012BB7
:1065300006D8054B1B781BB9044B1878FFF7C6BF6C
:10654000704700BF353F002005410020EF130020B9
:1065500008B51548FCF708FE144B1978F9B9144A28
:1065600013787BB1013B1370124B1B78042B02D1C3
:106570000846FBF7C7FCBDE808400B484FF496718E
:10658000FCF756BD0C4B1B8803F00303022B0AD10A
:10659000BDE80840094903220120FEF705BDBDE81A
:1065A0000840FFF7C1BF08BDCC1200200741002002
:1065B00006410020353F00209E3D002000F8FF07E7
:1065C000084B1A785AB1013A022393404EF66022E2
:1065D000534303210448B3FBF1F1FCF729BD42F218
:1065E0001073F6E7EF130020CC12002070B50546BB
:1065F0001748FCF7B9FD174B012228461A700EF018
:106600006DFE411C0446C9B22846FCF7CFFCA11C14
:106610000646C9B22846FCF7C9FC0F4C022320806D
:106620000B2221460020FCF719FE86B9238803F0CF
:106630000303022B03D1FFF7D7FEFFF7C1FF238827
:106640005B0704D5BDE870400448FFF7E1BE70BDAC
:10665000CC120020074100209E3D0020AC120020FB
:106660002DE9F0411A4C238886B005464BB3DFF87C
:10667000688000214FF480700EF065FC98F80030BF
:10668000DB071CD501212088FCF72AFB0746208860
:106690000CF0D2FE02300CF099FD03A906462088CA
:1066A0000EF006FF98F8003013F0020F18BF002517
:1066B00000953B4603AA3146062008F05AFD002308
:1066C0002380044806B0BDE8F041FCF74DBD00BF93
:1066D000FE3D0020EC1200200841002010B50446C9
:1066E000CA20FFF7BDFF01214FF480700EF02BFC94
:1066F00058B1064B06481C80064B00221A70064B08
:10670000BDE810401988FCF793BC10BDFE3D002089
:10671000EC12002008410020B6130020044A137830
:1067200018B943F001031370704743F00303FAE70D
:1067300008410020044B1B781BB9044A1380FEF764
:1067400099B90020704700BFF5400020FC3D0020B3
:1067500030B501F0400387B0002B4FF0040205462E
:1067600014BF012400248DF80C208DF80D1004D0E6
:1067700004A90EF00EFC18B304ABCDE9004303AA44
:106780000223012128460EF085FD0446D0B10E4BB0
:10679000B3F868100CF09AFD4FF6F7739D420AD9D2
:1067A0000023322202212046FEF7C4F880F00100C7
:1067B000C0B207B030BD294620460DF092FCF5E787
:1067C0000120F6E71820F4E7D838002010B5FFF7CD
:1067D00049FE04F05BF90DF005FB00200EF0CBFB49
:1067E000FBF774F908B1FDF771FA1F4C2378532BAE
:1067F00010D103230021012023700DF084FB002021
:10680000FAF70CFB10B100200CF031FEBDE810408F
:106810000AF0DEBC062B01D0212BF0D101200DF0B7
:106820003EFB4FF6FE700DF0D7F84FF6FF700DF0FF
:10683000F0F80020FEF7CCFA0020FEF7D3FAFEF7BE
:1068400063FA00F009FB0AF0C6FC2378212B02D181
:10685000FEF700FAD3E70020FCF7A2FD00214FF479
:1068600000400EF06FF9CAE7343F002010B50A4C23
:106870000A48FCF779FC2378062B02D101200DF0A1
:106880000EFB2378062B01D0532B03D1BDE810401B
:10689000FFF79CBF10BD00BF343F00200C13002049
:1068A0002DE9F047DFF8C08004460E461746FFF793
:1068B000D9FD98F8005015B97020BDE8F087212D5A
:1068C000FAD028480CF0ECFF0028F5D114F0200491
:1068D000DFF898A0DFF8989005F00F0539463046AC
:1068E0001BD00AF01DF8012D8AF80070A9F800608D
:1068F00029D1212388F80030FFF768FF0020DCE76A
:10690000212388F80030FFF761FF00214FF6FE7069
:10691000FEF7E2FBFEF792FEF0E70AF000F8012D29
:106920008AF80070A9F80060EAD0062321464FF6E5
:10693000FD7088F80030FFF70BFF0A4840F226216F
:10694000FCF776FBE1E7532321464FF6FD7088F80C
:106950000030FFF7FDFE034840F22621FCF768FBFC
:10696000CCE700BF0C130020343F00200941002079
:10697000D2130020F8B50D46511CC9B20646284670
:10698000FCF714FB044628460CF056FD0546023081
:106990000CF01CFC164B1B78022B074602D0043B64
:1069A000012B23D8134B1B68580201D5A1061DD516
:1069B00062061BD5104BB3F86830B34216D16B7822
:1069C0001B070FD528460EF0C8FC0C4908220BF017
:1069D000C9F858B9314604F020000122BDE8F8405A
:1069E000FFF75EBF0CF0ECFFB842F3D0F8BD00BF7C
:1069F000343F0020002C0020D8380020E740002041
:106A000073B504460D460EF0C0FAFF28034625D0A4
:106A1000134A12784AB1134A32F81020520404D5AE
:106A20000EF098FA002002B070BD18460EF0A5FADC
:106A3000694606460EF0ADFA40B1FCF7A5FC28B158
:106A4000002302226946304604F0CEFF45F04001A3
:106A5000204602B0BDE87040FFF77ABE0120E2E7B1
:106A6000303F0020983D002038B505460CF0E4FC8E
:106A7000044628460EF032FC411CC9B22846FCF7F9
:106A800095FA42060DD563781B070FD520460EF008
:106A900064FC014600200EF076FABDE838400EF0A6
:106AA00059BABDE838400248FFF7E0BE38BD00BF24
:106AB0000C13002038B54FF6FF75A842044617D0D6
:106AC0000CF09BFFA04213D00A4B19884FF6FD72C1
:106AD00091420DD9084A1288AA4201D0A24207D198
:106AE0001C800648BDE838404FF47A71FCF7A0BA24
:106AF00038BD00BFBC130020D41300208C2B002015
:106B000008B50448FCF730FB034B4FF6FF721A80C0
:106B100008BD00BF8C2B0020BC130020024A137854
:106B20000BB1013B13707047263F002008B50CF0F5
:106B300070FF064B00214FF6FF7208461A80FEF7E1
:106B400077F9BDE808409A2008F0ABBBBC130020E1
:106B500008B5FCF709FB0A4B1B78023B032B08D84E
:106B6000084A10884FF6FE7398424FF6FF7301D122
:106B7000138008BD9842FCD0BDE80840FFF7D6BF9F
:106B8000343F0020BC13002010B5084B1B78042BA9
:106B90000AD00CF015FF0021044608460DF002FA59
:106BA000231A5842584110BD0020FCE7353F002011
:106BB000F0B589B000260546CDE90566ADF81C6044
:106BC0000EF08CFB0A23024604460096294605A8CF
:106BD0000CF0A5FD9DF815309DF814701F2B27D8DB
:106BE00003A80DF085F908220DF1160103A80AF09B
:106BF000B9FF0646E0B9092F1CD1FFF7C5FFB8B1B0
:106C0000154B1B78A3B1154B1A884FF6FD739A42AA
:106C10000ED9134C134A23780433DBB22370127855
:106C2000013AB3EB820F03DD58B208F09EFC2670E8
:106C300009B0F0BD04F10A01C9B22846FCF7B6F963
:106C40000DF0D3F904F10B01C9B228460CF0B4FDE4
:106C5000FFF730FFECE700BF02140020BC13002058
:106C6000263F0020EE13002038B5134B1B78033B62
:106C7000012B20D9114B1B784FF6FF71ABB1104D92
:106C80002B888B4217D10CF0B8FE4EF660210446DB
:106C90000C48FCF7CDF94FF6FE732B8022460021FD
:106CA000BDE8384009200DF0AEB9074A13888B4281
:106CB0001CBF0133138038BD353F00200214002073
:106CC000BC1300208C2B00209A3D002008B50448FE
:106CD000FCF74AFA0021BDE808400846FBF712B964
:106CE0002C13002010B5044661B1FF210CF045FBC8
:106CF000002120460CF047FB0CF009FA0146204623
:106D00000CF047FB21460348BDE8104000220CF080
:106D1000E8BB00BF023E00202DE9F0410D461746BA
:106D200004460CF089FB0678284606F067FD2946E4
:106D3000804620460CF0CAFA0CF042FEA84206D16A
:106D400020460121FFF7CEFF0120BDE8F081284653
:106D5000B8F1000F0BD006F0D3FD58B915493A46EB
:106D600020460978BDE8F0410023FDF7E3BD0EF0B1
:106D700019F9F2E706F00306012E08D00CF020FE08
:106D800000232246294602F097F90028D8D1204650
:106D90000CF058FA430505D520460021BDE8F04126
:106DA0000CF0FBBE20460EF0DBF8B0FA80F0400994
:106DB000CBE700BFED13002010B586B004460EF0FF
:106DC0008DFA104B0246186819790290D3F8050025
:106DD0005B7A8DF81430013200238DF80C1004908A
:106DE000009321460523D2B204A80CF098FC05229A
:106DF00004A902A80AF0B6FEB0FA80F0400906B075
:106E000010BD00BF9884020008B511480CF027FDA2
:106E1000104B1B78012B06D8FF200EF074F8FDF7FD
:106E20005DFC0EF08FF8FDF7BDF901F0C5FCFFF732
:106E300031FB0EF0D0FB07F065FAFDF7F9FD07F026
:106E400099F809F06FFDBDE8084002F033BC00BFBF
:106E5000983900200B3F002008B5EFF7D5FDFF283B
:106E600003D0094B1B78012B06D900200EF04BF8FC
:106E7000FDF734FC0EF066F8FDF794F901F09CFC88
:106E8000BDE8084002F016BC0B3F0020064B187806
:106E9000112806D000F0FD00A0F1410358425841EE
:106EA00070470120704700BF343F00202DE9F843B0
:106EB0000446FDF7BBFB18B100263046BDE8F88359
:106EC0001A4BB3F868104FF6FF784145F4D02046CE
:106ED0000CF0FCF9164A0123128802212046FDF726
:106EE00029FD06460028E7D020460CF0A5FA90F8C8
:106EF0000790054604300CF069F907460CF060FD78
:106F0000494602463846FDF7A9FBA81C0CF05EF97D
:106F1000404502D12046FFF7E1FB2B789B07CCD1FF
:106F200001212046FFF7DEFEC7E700BFD83800206A
:106F3000003E0020F8B507460CF07EFA0546043006
:106F40000CF044F90646A81C0CF040F90446304603
:106F50000EF01BF8304606F051FC2B789B0701D150
:106F60000CF02EFDAB790BB90320F8BD0CF028FD19
:106F7000A0420CD10CF024FD0446094B21461A789E
:106F80003846FFF7C9FE0028EED00020EDE7054B9C
:106F90001B78052B1CBF044BB3F86840EDE700BF1E
:106FA000003E0020353F0020D83800202DE9F04178
:106FB000064610460D460EF091F9A0F11004E7B216
:106FC00056FA84F4EA1B214604F10E000AF0DAFDB9
:106FD0002823F355DFF8408098F80030637301F000
:106FE000FDFB611C024601200CF0F6F8094908225D
:106FF000601D0AF0C7FD98F800000DF0FFFD05F1D7
:107000000E0130463B460022C9B201F093FC12202B
:10701000BDE8F081E74000202F3F00202DE9F04F30
:1070200087B004460CF008FA064620460CF067F9D3
:107030000746301D0CF0CAF88146B01C0CF0C6F8AB
:10704000384696F807A00DF0AFFF33789A0769D15C
:107050002146042001F076FD002863D020460EF082
:107060003DF901462046FBF7A1FF83075AD1204690
:107070000EF034F901462046FBF798FF10F00303A9
:1070800003934FD12046FFF797FE00284AD02046B1
:107090000EF0FDF900F1010B05462046FBF7B2FDAD
:1070A0005FFA8BFB0BF10A03834264DA334A106800
:1070B000516804AB03C3A91CC9B22046FBF776FF95
:1070C000594680462046FBF771FF05F10B0100EBA6
:1070D00008201FFA80F8C9B22046FBF767FF039B20
:1070E0000093EA1C0823D2B22146834604A80CF080
:1070F00016FB20460CF003F95A4641460AF072F896
:10710000012204A9404601F07DF9A0BB022007F04E
:107110009DF8022007F09AF8013003D104A94046F7
:10712000EFF76CFB0CF04CFC48453A46514607D152
:107130000CF03CFEF8B907B0BDE8F04F0DF086B892
:1071400048460CF033FEB0B90D4B1B781BB93946DD
:1071500048460CF09EFF3A4651464846FDF77EFAF7
:1071600048B1317811F0030105D1204607B0BDE8E0
:10717000F04FFFF7B7BD07B0BDE8F08FF55D020037
:107180002B3F002038B50F4D2B78023B012B15D833
:107190000AF02AF8044698B9FFF7E4F82B78032B95
:1071A000214604D101200CF0AEFE012038BD20465E
:1071B000FAF7A8FE003818BF0120F7E79320F5E79B
:1071C0007020F3E7343F00202DE9F74306460D46D3
:1071D00014460CF041F80C28304645D10CF02CF93F
:1071E00009220021FAF7A6F900F11001C9B23046D0
:1071F000FBF7DCFE042813D07C282BD0012840F0BC
:10720000A78045B9132130460CF0D6FA03B0BDE88B
:10721000F0430CF0FEBB03B0BDE8F043FDF76EBDDC
:10722000594B1B78022B40F0938045B9FFF72AF9A0
:10723000C3070AD5FFF7D8F8002C08BF3125284628
:1072400003B0BDE8F04308F09CB8FFF701F900284F
:10725000F0D0F1E701213046FBF742FD294603B0AB
:10726000BDE8F04308F038B90CF0E6F88046043089
:107270000BF0ACFF074608F102000BF0A7FF4FF63A
:10728000F773984204460CD8404A138801339BB2E6
:1072900013800BB93E4A13801DB13D4A1388013358
:1072A000138098F8009009F00309B9F1010F1DD17E
:1072B00030460EF013F801463046FBF777FE0B28F8
:1072C00009D00D2807D0042842D1304603B0BDE8CC
:1072D000F043FFF7C9BB2F4B1B78042B38D100219B
:1072E000084603B0BDE8F043FAF70CBEB9F1000F51
:1072F0002ED12946304603F0A5FC4DB34FF6F77367
:107300009C4225D898F8016016F00406204622D148
:107310000DF009FE054620467DB10DF043FE034603
:1073200000BB00900C22214638460DF025F80C22B7
:10733000002300933946204608E00DF033FE034653
:10734000C8B9154A00901278214638460DF014F855
:1073500003B0BDE8F0830DF025FE034678B9009038
:107360000B22F1E7062200963346214638460DF0FF
:1073700003F80622DCE700952B460622E4E7CDF869
:1073800000904B46F9E700BF343F0020A23D0020AB
:10739000A03D0020353F00202D1400202DE9F04FA6
:1073A00005888BB0044628460CF046F807460430A2
:1073B0000BF00CFF8246B81C0BF008FF05A98046B5
:1073C00028460DF0D7FF28460DF088FF01460646F7
:1073D0002846FBF7EBFD3B78009003F00303012BFD
:1073E0000CBF83464FF0FF0B07F03BFDE388029391
:1073F000637A0190D90700F186800CF0E1FAA0EBE6
:107400000A02D2F1000949EB0209FB7903935046C5
:1074100000F05AFF002879D1404600F055FF0028BF
:1074200040F08B80FDF7CAFB8046FCF729F810B9C5
:10743000FFF72CFD30B1A8F104085FFA88F8B8F125
:10744000020F1BD90BF0FD03042B00F0B680FFF7F1
:107450001DFD20B1009B03F00303012B0ED0FBF7B1
:10746000E3FF28B9724B1B7803F00F03062B6BD197
:10747000704B2846B3F868100BF028FFBBF1010FE2
:1074800066D128460BF00CFF4FF6FF73984240F090
:107490009480002307AA314628460DF04CFD07468C
:1074A000002845D042799DF82530934209D9711DB5
:1074B000C9B22846FBF78EFDA37823F00F030233F1
:1074C000A370EBF753FC7E23B0FBF3F202FB130334
:1074D00003F58073A3809DF8263013F0180F0AD0AF
:1074E000A3781B0707D1B9F1000F04D17A7905A958
:1074F000504607F067FF9DF82700003818BF0120AD
:107500000BB0BDE8F08F4FF001097EE728460BF085
:1075100093FF02300BF05AFE4FF6F773984207D9EB
:10752000039B2BB92846FFF747FC00287FF474AF74
:10753000A37823F00F03A37008E040460DF034FD5C
:1075400000287FF46FAFF3E72823A3800020D7E75C
:10755000BBF1020F54D1012307AA314628460DF092
:10756000EAFC80460CF02CFABDF8223098421FD17C
:10757000B8F1000FDCD0B8F80230012231462846BD
:107580000DF0D7FC2C4A13780133DBB2FB7113707A
:10759000B8F80230BDF81E209A421FBFA37823F02E
:1075A0000F030233A3704FF4C873A3800120A7E731
:1075B00018460DF0F9FC0028DAD128460BF070FED1
:1075C0000CF0F1F9012808BF1C4BA27801BF1B7811
:1075D00003EB830303EB83039B0006BFFA339BB2E9
:1075E000FA231209A4D1DDE90121521A92B2934281
:1075F0009ED3EBF7BBFB00F01F001030A080D5E757
:10760000BBF1030FD9D1B9F1000FD6D0711CC9B2AB
:107610002846FBF7CBFC0C28CFD1FCF773FF4FF6C5
:10762000FF7398420146C8D028460BF04FFEC4E7CE
:10763000343F0020D8380020323F0020FC130020C7
:107640002DE9F04105460C460BF006FE082802D154
:107650000120BDE8F081201D0BF0B8FD064628464C
:1076600094F807800BF04BFE074628460BF0EAFD26
:10767000010612D5184B1B78042B0ED1174B1B7823
:10768000022B0AD1164BB3F868204FF6FF739A42CB
:1076900003D000210846FAF735FC124B1B78002B6B
:1076A000D6D1A01C0BF092FD4FF6F773984202D88A
:1076B0006378DA070DD523789B070AD13A4641460D
:1076C00030460CF073FB80F00100C0B200F0010006
:1076D000BFE70120FAE700BF353F0020343F00201C
:1076E000D83800200E4100202DE9F04F9BB0044611
:1076F0000BF0B2FD054620460BF0AEFD08284CD13C
:107700002046ADF85840FBF77DFABDF85820A0F1AF
:107710001005EDB210461023009500210CF039F849
:10772000294616A80BF0E2FF2046FBF74FFA054664
:107730002046FBF767FAC1B22846FCF775F8ADF8AA
:107740005A408DF8590048B92046FBF73FFA0146E8
:107750000DF15900FCF7A2F88DF85800BDF858203B
:1077600048F201039A4202D1204609F0DDF89DF863
:107770005930402B05D1204609F0D6F81BB0BDE8A2
:10778000F08F802B03D016A807F0C0FEF6E716A8EE
:1077900009F022FD0028F6D0F0E720460BF09CFD12
:1077A000B0F5006F40F0FE8020460BF0A8FD0646C5
:1077B000042D40F0FA8020460BF044FD80F4006078
:1077C000C0F3C02000223146400009F06EF8914B12
:1077D0001A78022A0DD0FFF759FB50B902F0FD03C9
:1077E000312B06D0043A012A03D98B4B1B78002B8E
:1077F000C4D02146022001F0A5F905900028BDD093
:107800002046ADF842400BF017FE0446BDF842009A
:107810000BF075FD0546201D0BF0D8FCA31C83461C
:10782000184608930BF0D2FC11A90746BDF8420098
:107830000DF0A0FD2378069003F0030ABDF8420086
:10784000637809930DF04AFD63780D930646284648
:1078500005F0D4FFBAF1010F0CBF032302230F93ED
:107860006E4B0E901D80237803F03C030CBF4FF04D
:107870000B084FF00A08082B80D1BDF84200FBF737
:10788000C1F9B0427FF67AAFBAF1010F03D0237885
:107890009B077FF473AF624BB3F86830AB420DD1F6
:1078A000604A614BB2F9001093F90030002900F0F2
:1078B000A18001EB0313A3EB21131380A6F11003A6
:1078C000DBB20B938DF84130BDF842100DF141034E
:1078D0001022404607F072FC00283FF44FAF099B8E
:1078E00013F002030A9300F00C81504B1B78002B1D
:1078F0003FF444AFBDF8428040460DF0EFFC4FF03E
:10790000000907904046CDE91699CDF86090ADF892
:1079100064900BF0F4FC079B039003F10E0189B215
:1079200040460DF0AEFC00286ED00E23079ACDF82D
:107930000090414616A80BF0F2FE0DF1590101200E
:107940000BF058FC9DF8653004939DF858300C906E
:10795000282B59D1364908220DF15D000AF002F9B1
:10796000002851D004980DF049F9002866D1314B18
:10797000049A1B78D31A1C0646D404F083F8012815
:107980003AD12D4E07F072FA3468054624B104F05E
:107990007FF82C1B844237D3002108460CF0B3FA41
:1079A000356031E04FF6FD7602E74FF6FF70301A92
:1079B00018BF012000223146400008F076FF0C2D50
:1079C0000DD12146012001F0BDF800283FF4D6AECC
:1079D000214600201BB0BDE8F04FFEF711B82DB9CD
:1079E00020461BB0BDE8F04FFEF7F2BA042D7FF43D
:1079F000C5AEECE61B0260E704F044F8022803D1B0
:107A000004F022F80028BCD003990022192008F0C5
:107A10004CFFB3E6343F00200E4100201E3E002004
:107A2000D8380020F43D00200B410020303F0020DA
:107A3000E74000202F3F0020C4390020012300939D
:107A4000079A4B46102140460CF017FF0028DBD068
:107A5000BD4B049A1B78934240F0A88003990DF126
:107A60005D0213A805F0B2FE012113A805F01EFF68
:107A700048F20301814613A805F08CFFB9F1000F0D
:107A800003D0082113A809F070FB40460DF044FC18
:107A900003990DF15D0006F06DF9FE288146B3D023
:107AA000FF280AD103980CF0F5F8FF28814600F072
:107AB00085800DF15D01FCF789FCA34B049A1B78CE
:107AC000934200F0A1800C99484606F039F900284D
:107AD0003FF454AE48460C9906F044F923789807D1
:107AE0000FD140460DF0FAFB01464046FBF75EFA27
:107AF00000F00300012804D103980DF15D01EEF7B9
:107B00007DFEBDF842000BF09DFB010440F1838037
:107B100020460BF05BFB40F4007189B220460BF06D
:107B200057FBBDF8420000224FF400410BF07BFBF5
:107B3000DDF81480BDF842100F980DF141031022BA
:107B400007F03CFB00283FF419AE032866D120461D
:107B50000BF03CFB40F4007189B220460BF038FB7F
:107B600028460DF021FA002840F0BC80DDF8148092
:107B7000BAF1010F40F0BC80BDF84210032000F0C4
:107B8000E1FF002840F0B4803146BDF84200FBF729
:107B90000DFA0F2801467FF6F1AD4FF6F7739F42BD
:107BA0003FF6ECAD28460CF0E1FAE7E50499012038
:107BB00003F0C6F900287FF451AF25E7237803F0DE
:107BC0000303012B08D140460DF088FB01464046D7
:107BD000FBF7ECF9082894D05C4B1A785C4B1B78C7
:107BE0009A4209D20DF15D010398FCF7A3FB0398BB
:107BF0000CF050F8814660E708980BF0E7FA4FF672
:107C0000F7739842EED9FFE6484606F013F90028CC
:107C10003FF459AF5EE74FF000088BE728460DF0C0
:107C2000C3F90028A4D00A9B002B5DD1B8F1000F46
:107C300058D1BAF1010FBDF842009DD03146FBF793
:107C4000B5F98146DFF8148198F80030002B5AD03E
:107C50000BF0B6FE87427FF491ADBAF1010F40F010
:107C60008580B9F1070F7BD8B9F1050F7FF686AD96
:107C7000384B1B78022B02D0043B012B03D898F819
:107C80000030002B46D00D9B9A0640F1BA800E9B27
:107C9000002B40F0B28028460DF077F9FF2840F025
:107CA000AC805D457FF46AAD069B002B00F0A3809D
:107CB00011AB46F204020126ADF85820019300965C
:107CC000022316AA314628460DF0E4FA044600289D
:107CD0003FF454AD29460BF0F9FA314620460BF03B
:107CE0005CFF4BE5DDF8148028460DF036F93FE7E0
:107CF000BDF842003146FBF759F90A9B814613B99A
:107D0000B8F1000F9ED0134B1B78022B02D0043B1E
:107D1000012BB8D8284600F0D7FA804600287FF417
:107D20002DAD0BF04DFE854226D10B4BB3F86840CC
:107D30000BF046FECDF80080014643460D2220465A
:107D40000CF01AFB1AE500BF2F3F00202E3F002049
:107D5000FD130020343F0020D8380020303F0020A1
:107D6000A9F10E03DBB2012B82D907E509F0030369
:107D7000012B7FF403AD7BE728460DF015F958B9C8
:107D80000BF03BFE4FF6FF73984205D0F9F79EFECD
:107D900010B92846FCF774FA28460DF005F988B1A9
:107DA0000BF02BFE4FF6FF7398420BD0F9F78EFEC7
:107DB00040B9BAF1010F02D1B9F1060F02D028463D
:107DC0000DF0CAF8069BA3B919460122584600F0E7
:107DD00019FB804600287FF4D1AC20460DF0BDFA97
:107DE00042460146384600F00DFB00283FF44BAFF9
:107DF000C4E411A9E9E7069B5BE7637823F020035D
:107E000063704FF6FC739F423FF4B8AC4FF6FD73BE
:107E10009F4204D1B04B1B78042B3FF4AFACA37945
:107E20000BB1013BA37163785B0727D5002316AA2A
:107E300013A9584616930DF070F81698F0B10DF08E
:107E400065F8804638460DF0A0F8169A1379014679
:107E500003F03000102806D003F00C0008281CBFE7
:107E600023F00C031371137903F03303202B05D196
:107E7000FF2903D0012240460DF057F828460DF0A7
:107E800084F8FF281EBF954B002243F82020099B51
:107E900003F001084FF6F7739F4200F2F980B8F142
:107EA000000F40F0CF80294658460CF0F2F80BF056
:107EB00087FD874200F0F88038460DF075F80028FD
:107EC00041D0BAF1010F27D1B9F1010F17D1BDF897
:107ED0004200424631460DF02BF838460DF064F86A
:107EE0007F4B1B78002B72D158460DF05DF80028AF
:107EF00066D138460DF058F8002861D13EE4384686
:107F00000DF052F850B3B9F1030F27D1BDF842007C
:107F100031460CF069FA31E438460DF045F8384640
:107F20000DF040F8002847D0BDF842200023394624
:107F3000584601F0C1F800283ED0BDF842000021AB
:107F4000FEF7D0FE1AE438460DF02EF818B1BAF15B
:107F5000010FD8D0E3E7BAF1010FE0D1604B1B78F5
:107F6000002BC1D0B9F1050F31D10BF029FD8DF8EF
:107F700058000BF025FD000A8DF85900012302225C
:107F800016A90DF14200FAF76DFF00287FF4F6AB59
:107F9000711CC9B2BDF84200FAF7F6FF037801334D
:107FA00003706378590715D40BF00AFD834522D07E
:107FB000002239461C202AE5494B1B78002B93D020
:107FC000BAF1010FCED063785A0714D502E0637876
:107FD000580718D5BDF8424020460DF041F9411C24
:107FE000C9B22046FAF7D0FF0378BAF1010F03F1C6
:107FF000FF33037004D0BDF84200FEF79BFF09E099
:10800000B9F1050FD0D0BDF84200FEF793FFB9F1EA
:10801000030FCDD00228CBD116AA002158460CF070
:108020007FFF30B10379458003F03C0343F0400308
:10803000037100232B4A00931278394658460CF0FE
:108040009BF9B5E7BAF1010F40F0918009F1FF33D8
:108050000C2B00F2808001A252F823F0B3800100C3
:10806000B38001000D7F0100C9800100E98001009B
:108070007D7701000D8101001D8101002981010032
:10808000298101007D7701003F8101004B810100C2
:10809000BAF1010F72D0B8F1000F68D1BDF84200FB
:1080A000FEF7BCFFFFF76ABBBAF1010F7FF445AFE3
:1080B000CCE7A9F102035A42BDF842005A413146C9
:1080C0000CF036FFFFF75ABBBDF842103246584657
:1080D000FEF750FCFFF752BB353F0020C82A0020B6
:1080E000011400202D140020711CBDF84200C9B2FB
:1080F000FAF75CFF0236F6B20246BDF8423000964F
:1081000011A9584606F05AFAFFF738BB0B9ABDF88A
:1081100042100120FDF75AFBFFF730BBBDF84200CB
:108120000CF00CFFFFF72ABBBDF84200FEF740FD44
:10813000FFF724BBBDF84200FEF73AFDAEE7BDF8FD
:108140004200FEF753FAFFF719BBBDF8420009F0F1
:108150003DF8FFF713BBBDF84210334622464846B0
:1081600009F00EF800287FF409AB49461AE5237A96
:1081700003F00303012B7FF401AB8FE709F1FF3319
:108180000C2B3FF6FBAA01A252F823F0B3800100AA
:10819000B38001000D7F0100C9800100E98001006A
:1081A0007D7701000D8101001D81010035810100F5
:1081B000358101007D7701003F8101004B81010085
:1081C00010B5124800210BF0E6F90446E8B10BF0B7
:1081D000BFF80F4B187020460BF0BFF80D4B18700E
:1081E00020460BF0C0F80C4B187020460BF0C0F87E
:1081F0000A4B1860012006F04FFE2046FFF774FA84
:10820000BDE81040002006F047BE10BDBE3D002076
:108210000C4100200B4100200A410020BC39002005
:1082200070B5144E336804460D46BBB10BF014F81C
:108230000C2813D120460BF0FFF809220021044638
:10824000F9F778F9235C042B08D10B4C25B10B4BC3
:1082500022781B789A4203D300232370002070BD3C
:1082600007483168FAF7E4FE2378013323700120D0
:10827000F5E700BFC03900200D4100202C1400207C
:108280002C13002070B50D4D00242C70EEF74AFB26
:10829000E6B2B04208D80A4B00221A70094B19887E
:1082A00001B11A80012070BD30460CF076FEC30784
:1082B00042BF2B7801332B700134E7E72D3F0020BC
:1082C000273F00209C3D002038B50B4B1B7805460E
:1082D00073B101335C08094B1888FAF777FC002367
:1082E00030F81320AA4205D00133DAB2A242F7D304
:1082F000002038BD0120FCE7273F00209C3D0020E6
:1083000030B5054685B008460C460CF040FEFF2807
:108310000CD00BF09CFF01220021CDE90112034695
:10832000009221462A460720FCF7AAFC28460CF0BA
:108330002CFEFF2804460FD00CF02FFEC2070DD5EF
:1083400020460CF02AFE830708D40B4A32F814307A
:1083500043F4806322F8143005B030BD0BF077FF92
:1083600001220021CDE901120346009207202A468E
:10837000FCF786FCF0E700BF983D0020431E9BB24F
:108380004FF6FA72934270B504462AD8FFF79CFF65
:1083900038BB194B1B78042B23D020460BF07AFCFA
:1083A000FF2801D0FBF79AFE20460CF0B1FD08B182
:1083B0000CF0A8FD2046114E114D03F0DBFD2046C8
:1083C00007F039F8317869B12888FAF7FFFB0546DC
:1083D00001461E22023009F0D5FB2C8033781E2B7B
:1083E00007D970BD2020FAF7B7FC28800028EBD110
:1083F000F7E702333370F4E7353F0020273F0020D2
:108400009C3D0020F7B504460D4617460BF0D8FA00
:108410000646002D41D04FF6FB739C423DD82046C6
:10842000FFF752FF08B1A64237D02046FFF74CFFB6
:1084300010B1012003B0F0BD204608F077FAC0B1BA
:10844000A642F6D004B369462046FBF719F9024666
:10845000D0B9082168460BF063FAA8B9082269462A
:10846000284609F07FFB78B1294620460BF01FFF14
:10847000DFE7A642E6D10A490822284609F072FB46
:1084800010B10CF05EFDD4E73FB121462846FBF762
:10849000BBFF2146284603F089FD0020CAE700BF44
:1084A000E7400020044A13782BB1013BDBB2137084
:1084B0000BB9024A13807047273F00209C3D0020E3
:1084C0000148FAF7A9B900BF9C3D00202DE9F0470B
:1084D00080468CB017460D4661B903AE1B48DFF8E5
:1084E0006CA000210AF0F7FF4FF0000904461CB908
:1084F00020461DE00E46F1E700222146CDF800900F
:10850000242330460BF00BF908224146304609F08F
:1085100029FBA8B9337C9BB96FB945B92A460B48EA
:1085200021460BF057F80A4A1388013B13800120BB
:108530000CB0BDE8F0873B88B28953405B06ECD5B0
:10854000214650460BF01DF80446D0E7063E0020B9
:10855000043E0020024B1888003818BF01207047E5
:10856000043E00202DE9F0433048314D8DB0FAF73C
:10857000FBFD06F07BFC2B68C41A4FF47A73B4FB46
:10858000F3F4A4B214B106F071FC2860294FDFF8AF
:10859000A8803B88ADF80A3000233B804FF6FF7679
:1085A00000210DF10A000AF0F6FF054658B9224BEA
:1085B0001B882BB14FF47A711C487143FAF738FDD0
:1085C0000DB0BDE8F0834FF000092423CDF80090F2
:1085D0004A46294603A80BF0A2F8BDF81A30A34278
:1085E00094BFDB1A1B1B9BB2ADF81A3063B9BDF800
:1085F00018301B0602D5089808F0D4FBB8F80030F4
:10860000013BA8F80030CBE79E4228BF1E4601235D
:1086100000934A462946242303A80BF080F84A46D3
:10862000294638460AF05DFFBAE700BF2C2B002030
:10863000C8390020063E0020043E0020F0B52D4A37
:108640000446516810688DB001AB03C3A378012BB9
:108650004BD11422002107A809F0AEFAD4F821105A
:10866000D4F81D0003AB03C32388190644BF626816
:108670000892DA050BD5221D08AE04F11407106824
:108680005168354603C50832BA422E46F7D1ADF8D7
:10869000183013F0040318BFA3690593164B082282
:1086A0001B88ADF81A3001A903A809F05BFA18B1CC
:1086B00006A903A80CF01AF80022242103A80AF046
:1086C000F3FE044698B10020FFF74CFF0B48002250
:1086D00021460AF006FF0A4A13880020013313805E
:1086E000FFF740FF00200DB0F0BD7020FBE7182021
:1086F000F9E700BFF55D0200B8130020063E002038
:10870000043E0020F7B5044600200E46FFF72AFF7E
:10871000104B1B88A34202D8022003B0F0BD0021F9
:108720000D480D4F0AF0D7FE002501460029F3D071
:10873000A54208D1002400942423224630460AF0A2
:10874000EEFF2046E9E738460AF01BFF01350146F7
:10875000ECE700BF043E0020063E00200148FAF787
:108760005BB800BF063E0020014B1888704700BF71
:10877000043E002070B50C4611460E4A237812784C
:1087800013F0200542EA03020646227018BF611D5D
:10879000082209F0F7F9D4F80130B3602378337375
:1087A000002D0CBF05200D2003F01803082B08BF77
:1087B000013070BD303F002007B504231A460DEB91
:1087C00003010120FAF74AFD019B034A1B031360D2
:1087D00003B05DF804FB00BFF02B002010B5064C81
:1087E0002368C3F30B0313B9042006F077FB20685A
:1087F000431C236010BD00BFF02B0020014B186804
:10880000704700BFF02B002007B5064B0020186012
:1088100004231A460DEB03010190FAF71FFD03B084
:108820005DF804FBF02B00207FB51123062201A97F
:108830000120FAF713FD084B9DF814201A70074B1E
:108840001B780BB1052B05D108F066F8012007B0A5
:108850005DF804FB0020FAE72F3F0020303F0020A6
:108860002DE9F04F0646CBB0884600880121174617
:10887000FAF736FA2E4B3188ADF816003A4606A8BC
:108880000BF0D0FF0DF1280BC4195A464146308831
:108890000BF055FFE4B208EB0003A34216BFA4EBB4
:1088A00008040446E4B205464FF004092346CDE926
:1088B00000095A4601210BEB050ACDF808B02D1B23
:1088C00006A8EEF7F9F9EDB20BEB0403009301955E
:1088D00023465A46308841460BF05FFF34883946BC
:1088E0002046FAF763FB394600F0F8022046FAF713
:1088F00071FB01213088FAF7F3F901234A4651460A
:1089000080B10DF11600FAF7ADFABDF81620044655
:1089100001213088FAF7F8F9B4FA84F040094BB035
:10892000BDE8F08F3046FAF79DFA0446F4E700BF41
:10893000E74000202DE9F04FC9B004468846924632
:10894000C118224A04A81F46FFF714FFC519EDB24B
:1089500008AB0293A5EB0A0BA8EB0A035FFA8BFBAB
:108960004FF00409A8EB0506DBB2F6B204EB0A02ED
:108970000093CDF804905B46012104A8EEF79CF922
:1089800006F590730DEB03025A44A2F5807208A815
:10899000136844F80830E35D23F00703E3552C44E3
:1089A0003246214609F01CF908ABCDE9019308AA2B
:1089B00000230096012104A8EEF77EF9324608A9AB
:1089C000204609F00DF949B0BDE8F08FE7400020DE
:1089D000F8B506460CF05BFD811C054689B23046B1
:1089E0000CF04FFCF0B1EDB129463046FAF7DEFA53
:1089F0001228074616D80C4B691C1C5CC9B23046BD
:108A0000FAF7D4FA2C44052FE4B205D1052809D889
:108A1000064B1B5C1C44E4B221463046BDE8F840DE
:108A20000CF02FBC0020F8BDDA840200D4840200D0
:108A3000F8B505460CF052FC044628460AF0FCFC4A
:108A4000A11C074689B228460CF01BFC00283ED02A
:108A5000002C3CD021462846FAF7A8FA611C0646AD
:108A6000C9B22846FAF7A2FA0F2E30D8194B9B5DEF
:108A7000E118731E89B2092B0ED8DFE803F009054F
:108A80000D0D120D0D181E1EC40644BF083189B20B
:108A9000820601D5083189B22846BDE8F8400CF0BD
:108AA000F0BB7B78DB0612D501EB4001F3E700F069
:108AB0001F0000EB40000144EDE71F2805D8092EF8
:108AC00006BF400080B20220F5E7C828E4D00020AD
:108AD000F8BD00BFED840200F8B506460AF0ACFC14
:108AE000092200210546F8F725FD00F1100428466B
:108AF0000AF06CFBE4B2074621463046FAF756FA14
:108B000005463046FAF77EF8BA05A0EB0403DBB25F
:108B10000AD47C2D0AD0082D0AD8064A505D984206
:108B20008CBF00200120F8BD1220F8E70320F6E7F3
:108B3000FF20F4E7FE840200014B1878704700BF65
:108B40002E14002038B5114B1B78044608469BB9FB
:108B5000012038BDA24205F101050FD103EBC1038D
:108B60005B6898470028F3D11E2022464FF6FF711C
:108B700007F09BFE0020ECE7054B0025E9B213F857
:108B80003120002AE6D11446EEE700BF2E14002063
:108B9000A484020013B50F49002303807F2202231F
:108BA000098804460DF1060006F09AF99DF8063092
:108BB000BDF806201BB1238843F001032380FF2A60
:108BC00088BF23884FF0000084BF43F00203238056
:108BD00002B010BDE85C0200034B1B78002B14BFF1
:108BE000442056200E307047303F00202DE9F04FD2
:108BF0008DB0CDE90423179C0394039CBDF858A0C5
:108C0000D58806460F4644B9EC0606D5CDF858A0DF
:108C10000DB0BDE8F04F07F0AABEC5F380242B05C8
:108C20004FEA043448BF44F40064A80511D544F069
:108C300080040A2E00F25E81DFE816F088004F0003
:108C40003B0059005C015C0159001000880059008C
:108C50003600E90548BF44F04004EAE7BB464FF060
:108C60000109022302934FF00008BAF1000F74D1FA
:108C7000A24B18884FF6FF73984206D0A049FAF726
:108C8000FFFC10B124F48054A4B2059B00935A4613
:108C9000434644F40271504604F0B0FEADF82000A3
:108CA00000286BD118204EE0BB464FF0010903238A
:108CB000D8E708A9F8B20CF00AF8DDF82500DDF8CD
:108CC000291006AB03C38F4B33F817B04FF00009E0
:108CD000CDF808900DF11808C7E706A9F8B203F01F
:108CE00021F90C23884A7B4332F803B0EEE74FF6B4
:108CF000F7739F4240F2FE8015F4026F40F0FA8055
:108D0000824B1B78022B03D0043B012B00F2F48032
:108D1000BAF1000F0BD1032E0CBF0C23082324F44F
:108D2000C0740293A4B2BB464FF001099BE75046C2
:108D3000F9F768FF0246FFF74FFF032E08BF01381F
:108D40008242E8DD74200DB0BDE8F08F4FF00009DD
:108D5000BB46CDF80890C84687E7049B1B8843B9FB
:108D60001A465146062006F045FA002880D11920FF
:108D7000E9E700231A4651460720F4E75F4A1188C5
:108D80004FF6FF7399421CD00AF056FB5B4A03462C
:108D90001188059304300AF01BFA5D49059B097898
:108DA000D9715749554A14F4805F1FBF086898600D
:108DB0004868D8604FF6FF7313804FF0FF330B60A5
:108DC0004B60049A029908A804F0C6FE00283FF4FC
:108DD00069AF504C2378002B3DD1BAF1000F14D06D
:108DE0005046F9F70FFF8046BDF82000F9F70AFF5B
:108DF0002378002B14BF122200228044EB1003F0D2
:108E0000040390444344842B9CDC15F400540AD0A2
:108E1000BDF8208040460AF015FA40F4806189B21E
:108E200040460AF0FAF9A6F10803012B05D8BDF86F
:108E30002000012210210AF0F6F9039BBDF82080E2
:108E40003BB3594640460AF041FA039ABDF8203038
:108E50001380002077E7AA06BFD56B0103F020033B
:108E60000A2E14BF43F0010363F07E03DBB2B9F1B5
:108E7000000F08D000210091424608A800F0FCFD38
:108E80000028AAD05FE71A46414608A80BF002FE68
:108E9000F6E740460CF022FA039B024641460420C6
:108EA00006F0A8F900283FF462AF0A2E16D84FF456
:108EB000D963F340DB0711D5072E09D00A2E07D05E
:108EC000BDF820000BF0F5F80028C2D1A1203AE748
:108ED00008A808F062F90028F2D0F7E714B125F0ED
:108EE0004005ADB2BDF820002B46FAB2314601F084
:108EF000EFFD28E7012026E7912024E7D613002084
:108F00002F140020583C0020983B0020343F0020C4
:108F100019410020303F002070B4084EBDF81040C9
:108F2000308007481546057000201A469DF80C3021
:108F3000CDE9034070BC0620FFF758BED6130020D1
:108F40001941002030B402460C48BDF80850058095
:108F50000B489DF80C4004700A4804780020CDE9C5
:108F600002304FF6FD700B464FF6FF71002C08BF24
:108F7000014630BC0320FFF739BE00BFD6130020E6
:108F8000194100200A3F002013B502460848047822
:108F90000020CDE900300B464FF6FD704FF6FF7113
:108FA000002C08BF01460320FFF720FE02B010BDD1
:108FB0000A3F0020F7B51E46234B1B78022B0546BF
:108FC0000C4617460AD1A6B13046F9F71BFE0246F9
:108FD000FFF702FE82420CD9742008E0043B012B0B
:108FE000F1D9084608F0D6F80028ECD1912003B05A
:108FF000F0BD65B1022D1AD1EDF78EFCA04214D957
:10900000124B33F814204FF6FD739A4202E04FF6EC
:10901000F7739C4209D80023CDE900633A46FF2349
:1090200021462846FFF7E2FDE1E70120DFE7012DB9
:10903000FBD1074B1B78A342F7D9E0B202F08AFFBD
:109040004FF6FD739842E5E7343F0020583C00207E
:10905000F713002030B5104B87B005460C46186852
:10906000596803AA03C2986810609A88DB880B4984
:10907000ADF80E5023F04003ADF812300023CDE9D7
:10908000004352BAADF810200988FF2303AA072035
:10909000FFF7ACFD07B030BD123E00201E3E0020A1
:1090A000034B1B7813B1034B18787047FF207047B0
:1090B00029410020284100202DE9F04F074689B0C2
:1090C000104615461C468A460CF008F9014628460B
:1090D000F9F76CFF064628460AF0AEF904300AF0AC
:1090E00075F880460AF06CFC804551D0B2074FD12C
:1090F000DFF8AC8005A92846B8F800B00CF0D8F924
:109100009DF81930A8F800700BBBBDF81430F3B906
:1091100028460AF091F902300AF058F84FF6F77332
:10912000984204F1010494BF4FF000094FF0010987
:10913000E4B20123CDF800902A4605A938460393EE
:1091400003F01CFC039B40B901339C421ED200205B
:10915000A8F800B009B0BDE8F08F022CF8D1012BBF
:10916000F6D10C4A0C4BA3F800A01378591C1170CF
:109170000A4A7F3B16F00C01137007D1BDF81A3074
:109180005B0603D5BDF81600FFF764FF0223D1E7A5
:109190000020DFE7323F0020D613002019410020D5
:1091A0001E3E00202DE9F04F8BB08846ADF81E0022
:1091B0000AF042F900F1020A064650460AF006F8A3
:1091C000BDF81E40BB4D074620460CF087F801460F
:1091D0002046F9F7EBFE814600F00304301D09F04C
:1091E000F5FF28800AF0ECFBB8422DD04FF6F7735C
:1091F0009F4229D87378DA0726D438460BF0D2FE7E
:1092000030B1BDF81E20288801233946FFF754FFEE
:109210000AF0D6FBA74B1B8883420FD1BDF81E4036
:1092200020460CF05BF801462046F9F7BFFE10F02F
:109230000C0103D1BDF81E0001F004FD9E4B00227D
:109240001A600BB0BDE8F08F9C49BDF81E000CF011
:109250002FF99B49BDF81E000CF08CF8964A984BEC
:10926000002808BF0023BDF81E0013600AF070F844
:10927000944B1870BDF81E000AF06FF8924B1870EE
:10928000BDF81E000AF074F8904B186000238DF8AA
:109290002230B8F1000F25D0884BDB889B0621D502
:1092A0008B4B1B689F071BD4012C14BF082318236A
:1092B0000DF122020092002211460DF11E0000F075
:1092C000DBFB78B1012CA3D1824B1B78112B9FD1F2
:1092D0000BF083FC00289BD1AF20FBF769FC97E7DC
:1092E0000823E5E7504609F071FF4FF6F7739842FF
:1092F00040F2F480012C00F0FC80022C00F0788118
:10930000002C85D1DFF8B481BDF81E00B8F8063016
:109310000493ADF824000AF08FF8BDF824600446E9
:1093200030460BF0DBFF01463046F9F73FFE8DF883
:109330002300A01C667809F049FF07460AF040FBAD
:109340004FF6F7739F422D88B8F8024006F00106E9
:10935000824600F2FE80002E0CBF0820062000226C
:10936000294607F0A2FABDF8249048460BF0B6FF54
:10937000002302464946042005F020FF4FF6F7730C
:109380009F4281460BD8B8F90620B8F80630002A6B
:1093900005DB580603D500212046FFF75BFEB9F137
:1093A000000F3FF435AFB8F80030002B5BD198F8D0
:1093B0000530002B57D14FF6F7739F4294BF00231F
:1093C00001230DF12601BDF8240003930BF0C9FC25
:1093D000DFF8E0B000F1FF39BBF8003005935FFA29
:1093E00089F9B8F80630BDF8260006934946F9F722
:1093F000DDFD0499069B019000930598039B22468E
:10940000C1F3401107F0D3FE00283FF401AF2B4B0E
:10941000BDF826104A46062005F0D0FE00283FF48D
:10942000F7AEB8F8022048F202039A4205D1BDF81F
:109430002410BBF8000000F03FFFDFF8808009AA8D
:1094400041460DF1230007F0B0FE034600287FF4EB
:10945000DFAE2104BBF80000BDF824207BD52346F5
:1094600041460BF093FCDFF8548036B99DF8233069
:1094700003F00C030C2B40F09280B8F808000BF0BE
:1094800050FC00283FF4C4AEB8F80810002002F0E9
:109490000DFC114B18704FF6F773AA4514BF022547
:1094A00003259F42BDF8240002D8002E00F09280D0
:1094B000012393E01E3E0020D0390020123E002000
:1094C000114100200C4100200B410020BC3900203C
:1094D000002C0020343F002028410020022C00F006
:1094E0008780474BB3F90630002B25DA012C7FF437
:1094F00007AF0AF065FA2B8883423FF489AEBDF8C6
:109500001E100520FFF71EFB00283FF481AE3C4AE9
:10951000D3885B0607D50023CDE900330A202988CC
:10952000FF23FFF763FB9DF822302988BDF81E005A
:10953000424601F0FBFF6BE6BDF81E00F9F762FB47
:10954000A0F11001C9B2304600F086F80028CDD055
:109550005EE6062003E7DFF8B890022189F80010E4
:1095600003990091414603F009FA132C3FF47BAFB5
:10957000B8F806305B043FF576AF224B1B78D8076E
:1095800004D599F80020022A3FF46DAF99077FF5C2
:109590003FAE99F80030012B7FF43AAE63E798F8BC
:1095A00004301948009398F8053000883246314657
:1095B00002F0A4FB154B18709DF82330BDF8240071
:1095C00003F00C03082B4FF6F7730CD035469F427F
:1095D0003FF66EAFA4F138025342534108492A4680
:1095E00003F07EFF14E6AA4514BF04250525EEE727
:1095F000BDF81E200249484601F096FA08E600BF71
:10960000123E00200E3F00201E3E00202841002078
:109610001A41002010B50948002109F0BCFF04469A
:1096200050B101460420FFF78DFA28B120460121F0
:10963000BDE81040FFF7B6BD10BD00BF023E0020E0
:10964000034B04481A78FF21920008F0B5BA00BF16
:10965000F8130020382A002070B5451804464FF052
:10966000FF31AC4212D1104B10481A780546002346
:10967000934211DB0E4C2078431CB3FBF2F602FB45
:10968000163345F82010237000200CE014F8010B6D
:10969000E9F79CF90146E4E750F8044BA14201D0F8
:1096A0000133E5E7012070BDF8130020382A0020BF
:1096B0001B41002007B5042301220DEB03011046D6
:1096C000F9F7CCFD019B034A1B03136003B05DF85F
:1096D00004FB00BFCC390020014B1868704700BF65
:1096E000CC390020014B1868704700BFCC390020EE
:1096F00010B5064C2368C3F30B0313B9012005F022
:10970000EDFB2068431C236010BD00BFCC39002056
:109710002DE9F04F93B0DDE91C7903930023069304
:10972000834699F8003004930DA80E46154607F0BD
:1097300025F999F8003013F003043ED0039B8DF80F
:1097400024300DF1250A0022082138460AF0E8F8F5
:1097500000286FD0288809F06FFE99F800301C07A8
:109760004CBF0430023009F031FD07A9804604F0F7
:109770005BF89DF824300446980633D5288806F116
:109780000D010BF07EFDB0B100230093721D2988FE
:109790000823D2B2384609F0C2FF99F8003003F02E
:1097A0001803182B48D1B8F1000F45D0A74BB3F8D8
:1097B0006830434540D0A62326E02888711D0BF071
:1097C00060FD0028F7D0009405232988324609A8B7
:1097D00009F0A5FF9DF8243003F0180303930DF161
:1097E000240AB0E70CBB39464046F9F749FF002888
:1097F000D3D099F800309907DDD040232246214686
:1098000040460BF06BFBBE2399F8002012F00304D6
:1098100040F0F7802888039309F071FD2246014645
:109820001A2007F042F8039BEBE007AB03CB38604C
:109830007960B2E74FF6FF7807F09CFC044620B150
:109840000421384604F00CF804461E9B002B5AD025
:1098500009231E998DF834300DA807F0DBFA209B00
:109860000BB1209B0693039B002B40F08E800DA82C
:10987000EDF7DCFA99F800309A0700F09880FFF7CE
:1098800037FF51460246012009F0A6FC99F8003046
:109890009B0710D5594628880BF0D0FD0BF1090322
:1098A00050FA83F35FFA83FB288859460BF09BFD3F
:1098B00000EB0B06F6B299F8003013F0C20F0AF174
:1098C00004030DD09DF82420614942F020028DF858
:1098D00024200A68CAF804204A685A600AF10C0376
:1098E00009A8012200921B1A29883246DBB209F02E
:1098F00016FF324659462846FEF7B2FF002800F010
:10990000A38000237DE01F9B5BB19E46BEE80F0055
:109910000DF1340CACE80F00DEF80030CCF800306C
:109920009DE7049B288803F0200359460493F9F728
:109930003DFB10F0030F0CBF012300230593049B94
:10994000059A1F99003B18BF012342EA4303009385
:109950000DAA06AB384600F0E5FA049A034682B138
:10996000002880D0059B00930DAA06AB1F993846AE
:1099700000F0D8FA99F8002022F02002034689F876
:109980000020002B3FF46FAF3EE7039B102B06D166
:10999000BDF8363043F00103ADF8363067E7039B7E
:1099A000182B4FD1BDF8363043F00203F4E70DF128
:1099B0002501012009F01EFC99F8003013F0040F76
:1099C0008246288821D1069B1BB3002C35D009F094
:1099D00096FC00220146162006F067FF84B17FB195
:1099E0004FF6FF7398450BD000231A460DA9384651
:1099F00007F014FB9DF835203946404607F0D0FBB0
:109A00000123184613B0BDE8F08F002CDFD1104FB2
:109A100001E0002CDBD10023009332463B4659463F
:109A20000AF02BFF00283FF4C6AE002C3FF469AFCC
:109A3000069A0AF10103136063E71B685345C6D811
:109A40000124E8E7A623DCE71823DAE7D83800206A
:109A5000E740002007B5074A002301931360042361
:109A60000DEB03027F21012005F036FA03B05DF80B
:109A700004FB00BFCC3900202DE9F04FB1B0044603
:109A800000888DF82F3016468A463A9F0BF026FC48
:109A90000146814620880BF0A6FC00EB09082088CF
:109AA0000BF0F5FC9DF82F500790002315F0010BEB
:109AB0005FFA88F8ADF8363008D101460DF136026C
:109AC00020880BF098FB08B1ADF836B016B9CDE997
:109AD0000E660EAEFEF73EFD18B145F020058DF87E
:109AE0002F500023CDE9033302930DF12F03CDE96D
:109AF00000632246534641464846FFF709FE0546A5
:109B0000002800F030819DF82F3013F0010B45D173
:109B1000B64A23F02003106851688DF82F3010AB3F
:109B200003C3184600F0E2F95D460890FEF71CFEFC
:109B3000ABB2984200F2B4800FB100233B70BDF885
:109B40003630CBB120880121F9F7CAF827880546BD
:109B5000002800F0368101213846F9F7C1F8BDF838
:109B6000367005463846F9F74DF8002300903A461E
:109B70001946284609F00DFE0023CDE90333029370
:109B80000DF12F03CDE90063224653464146484676
:109B9000FFF7BEFD0546002800F0E5809DF82F3058
:109BA00003F01103102B40F0F180914B1B78432BF5
:109BB00040F0EC808F4B1B685B0640F1E78020880B
:109BC00008F105010BF05DFB8346002800F0DE8004
:109BD00041462088F9F7EAF9874B10F0200F08BFBB
:109BE0001E4612A800F082F90822314612A807F09A
:109BF000B9FF002800F0F580314612A807F087FA77
:109C0000012326AE00933246002314A912A800F0C7
:109C100089F9002840F0BA8012AB0DF12F07CDE989
:109C200003600290009301975346224641464846FE
:109C3000FFF76EFD002800F0D680BDF89A3018AA14
:109C400043F0080314A91020ADF89A300AF0EEFC96
:109C5000002840F09B8012ABCDE90360CDE9017094
:109C600000932246534641464846FFF751FD0546BC
:109C7000002840F08B8018AB4FF49071002012AA9E
:109C800000F0BEF84FF0005100200AF05BFFBBF17E
:109C9000000F7AD04FF0805100200AF053FF74E09B
:109CA00018AB14AA26A9E8B207F00DFA002875D15E
:109CB000082210A927A807F055FF089B8346002B10
:109CC00068D09DF8A530099313F0020F62D00822E6
:109CD00012A927A807F046FF00285BD1099B590766
:109CE00058D50FB101233B7014AB0FCB0DF1740CA1
:109CF0008CE80F00BDF83630CBB120880121F8F791
:109D0000EFFFB4F800B000284DD001215846F8F715
:109D1000E7FFBDF83620099283461046F8F772FF38
:109D20000023099A00901946584609F032FD334B3A
:109D30000493002303931DAB02930DF12F03CDE990
:109D400000632246534641464846FFF7E1FC28BBE4
:109D5000089B002B33D012AA1DAB4FF482714FF435
:109D6000005000F04DF8234B1B689A070DD4FEF706
:109D7000F1FB50B11D4A1068516818AB03C30022B3
:109D800026A918A80AF075FC30BB0025284631B07A
:109D9000BDE8F08F27B9BBF1000FA5D00135C5E6AE
:109DA00000233B70F7E7BDF836200A901046099271
:109DB000F8F728FFDDE9092307990090B4E7089A2E
:109DC000CAE7BDF836B05846F8F71CFF079900906F
:109DD0002B465A463846CDE626A918A80AF086FC36
:109DE000CDE783460CE714AB46E700BFF55D020004
:109DF000343F0020002C002042390020FC2B0020A2
:109E0000F0B591B00746164609A80D461C460AF063
:109E100093FE3EB13368CDF826307368CDF82A3012
:109E200045F040051B4B1A6822EA070242EA050189
:109E300019604B040DD5BDF824200B0A03F4E2434E
:109E4000C9B222F4E3420B4322F07F021343ADF880
:109E500024301A23082209A90020F9F7FFF9B4B128
:109E600004A806F08BFD02236A468DF8103004F139
:109E700010062346154618685968144603C408336B
:109E8000B3422246F7D1294604A806F0C3FF11B019
:109E9000F0BD00BF002C0020054B196847F2FF10F1
:109EA00041F48042014041F480411A600AF04ABE08
:109EB000002C002000B589B0FEF7B6FC01A80AF01E
:109EC0003BFE0948BDF804200168130221F0FF01A0
:109ED00003F4E2030B43D2B2134343F48043036021
:109EE00009B05DF804FB00BF002C002010B50C4B3E
:109EF00004461868830788B006D54FF0FF33236007
:109F00006360012008B010BD10F04000FAD001A835
:109F10000AF012FEDDF806302360DDF80A30EFE7C4
:109F2000002C00202DE9F04F99B082469DF88890D2
:109F30000C461E469046CAB11546284606F01EFD40
:109F400019F0020714D004B911AC6B462246294619
:109F5000504607F096F80EB100233360002814BF76
:109F6000A6270027384619B0BDE8F08F0CADE4E70E
:109F70006B4604AA2946504607F050F86B78FF2B31
:109F800009F0010923D000287AD15CB104AB0DF1AE
:109F9000200C1A4603CA624520606160134604F132
:109FA0000804F6D126B16A78364B03EB820333609E
:109FB000B9F1000FD6D0BDF80030D906D2D46A78F6
:109FC0004FF6FF71182006F070FCBB27CAE7DFF8D8
:109FD000BCB0DBF8003026B19A0756BF2A4A37607A
:109FE000326003F03003102B01D0202B1FD111A8B9
:109FF0000AF0A2FD08220DF14601504607F0B2FD1D
:10A0000028B1DBF8003003F04403402B0FD0B9F146
:10A01000000F0ED108A80AF099FD02232B70CCB9CD
:10A02000B8F1000F9ED0281DFFF760FF9AE7A62722
:10A0300098E7DBF80030DB03ECD508A80AF086FDD2
:10A0400002232B70D4B9B8F1000FB8D0281DFFF748
:10A050004DFFB4E7002608AB0DF1300C1A4603CAD9
:10A06000624520606160134604F10804F6D1281DA2
:10A07000FFF73CFF002E3FF475AFA0E70126EAE7AB
:10A0800003276FE7342A0020FC2B0020002C00203F
:10A0900049B9084B197849B14EF66023594328B1A4
:10A0A0000548F8F7C5BF41F28831F8E70248F9F7EB
:10A0B0005BB800BF0C3F00204C2B002070B586B071
:10A0C0000546F9F761F910B9702006B070BD01A816
:10A0D000FFF70CFF06460028F6D055B9304B1C6838
:10A0E00014F0020433D14FF48163ADF80C30022137
:10A0F00025E02C490822284607F034FD0028E3D04B
:10A10000274B1C6814F0020406D0274B1B78112B38
:10A11000DAD1264BB3F868400822294601A807F097
:10A1200021FD0028DFD04FF40273ADF80C302B680E
:10A13000CDF80E306B68CDF8123000260A210022CF
:10A1400003A809F0B1F9024648B91820BDE7164B3B
:10A150001B78112BB8D1154BB3F86840C3E7104BEF
:10A16000196801F03003102B17D0202B14BF0123E6
:10A170000323490001F004010B432046002100F0B5
:10A18000D3FF0028E1D000210120FFF781FF16B1A5
:10A19000074B01221A70002097E70323E9E700BF6D
:10A1A000002C0020E7400020343F0020D838002059
:10A1B0001041002030B51D4D85B00024CDE900448C
:10A1C000F8F7D2FF2B783BB319491A480A78007880
:10A1D000904221D90132012B0A700DD122464FF451
:10A1E000A071204602F04AFBB0B9134841F2883111
:10A1F000F8F71EFF05B030BD022B08D102A920469A
:10A20000F9F73EFA40B902A8FFF758FFECE7032B35
:10A2100002D101F03DF9E7E7002108462970FFF778
:10A2200037FF0421684605F045F9E3E71C410020AB
:10A230001D410020371400204C2B002070B5194A16
:10A24000194D51682E7886B00446106801AB03C3DF
:10A250001EB17024204606B070BDF9F7DDF8022863
:10A26000F7D103A800F0CEFD082201A90DF10E00E0
:10A2700007F078FCA0B10D4B32464FF4A071304688
:10A280001C7002F0FBFA04460028E3D1084A094892
:10A29000012341F288312B701370F8F7C9FED9E71A
:10A2A000B724D7E7078502001C410020371400209F
:10A2B0001D4100204C2B0020F0B52F4E9BB00746CF
:10A2C0000C464922002107A8069107F075FC337857
:10A2D000012B37D1B7BB0DF10E0120460AF041FD2D
:10A2E0000546BDF80E00F8F78DFC441BE4B22A4683
:10A2F000BDF80E100097234606A809F010FA04A92D
:10A300003846F9F7BDF90246E4B19DF819301A4311
:10A3100012F0FF0216D1BDF8233003F47E43B3F5EB
:10A32000285F1ED3B3F5385F0ED31449BDF80E0075
:10A330000B6843F400030B60294606F014FF18B1C4
:10A34000042333701BB0F0BD0D4B012204A81A701A
:10A35000FFF7B4FE0B4841F28831F8F769FE02239B
:10A36000EFE7114610463270FFF792FE1E2104A857
:10A3700005F0A0F8E6E700BF1C410020002C0020FB
:10A380001D4100204C2B0020014B1870704700BF6E
:10A390001D410020014B1878704700BF1C41002070
:10A3A000014B1870704700BF1C4100202DE9F04799
:10A3B0008CB00546B5294088ADF80A00884600F003
:10A3C000878095F80890AE7909F036F805A904461B
:10A3D000BDF80A00EF790BF06BF8BDF80A0008F041
:10A3E00031FF430542BFBDF81A3043F40053ADF8C6
:10A3F0001A30EB79D80642BFBDF81A3043F48053C7
:10A40000ADF81A30BDF81A30990613D5022E65D171
:10A4100008A9287A0AF05BFCDDF82500DDF8291090
:10A4200003AB03C303AA0021009104230DF10A002A
:10A43000FFF722FBBDF80A000121F8F751FC022EBC
:10A44000824657D1444B33F81940B8F1000F6DD014
:10A45000BDF81A305A0669D54FF6FB72944265D89A
:10A460003E4AB2F86820A24260D0DB0502D5204601
:10A470000AF05CFDBDF81A30D80457D5002E46D13D
:10A48000BDF80A0008F0DEFEC10611D4CDF8008048
:10A49000534605AA2146304604F06BFE0B2017F008
:10A4A00003021CBF02F1FF32D2B2214606F0FDF9D1
:10A4B000BDF8162048F234039A4209D1284E30786C
:10A4C000FF2805D003222146FCF7EAF9FF23337069
:10A4D00000232B806B800CB0BDE8F087012E01BFFC
:10A4E0002B7A204A03EB430302EB83020CBF0232B8
:10A4F000002298E7012E05D10C231A4A03FB09F329
:10A50000D45AA2E7A01C08F061FE04469DE720464D
:10A5100001F030FDBDF80A0008F094FEC206C7D471
:10A52000CDF80080534605AA4946B4E7BDF80A00B5
:10A5300008F088FEC306BBD4CDF80080534605AAB8
:10A54000002E14BF49462146304604F012FEB8F1F1
:10A55000000FA3D10920A2E7583C0020D8380020E2
:10A560003B140020983B002070B5114B114D002486
:10A570000A262A78A24205D8C2B9BDE870400E4822
:10A58000F8F7F2BD598869B9013AD2B2A2422A70ED
:10A59000EFD0121B03F10A011846724307F0F2FADA
:10A5A0000346E6E701340A33E4B2E2E770BD00BFD8
:10A5B000343B0020204100204C13002070B51A4B82
:10A5C0001A4A1D780023DCB2A54200D870BD14469B
:10A5D00001336688864202F10A02F4D1E379A58844
:10A5E000617203F040028DB9CAB123F00403E37134
:10A5F00008F022FF037803F07F030370218800290D
:10A60000E4D1BDE870400A48F8F712BD002165802A
:10A61000A180002AE9D1BDE87040FFF7A5BF204620
:10A62000FFF7C4FEF7E700BF20410020343B0020C5
:10A630004C1300202DE9F047044686B040880F46B1
:10A64000154608F0F9FEA3798046082B51D8DFE8BB
:10A6500003F0052E1850505050500500023008F0FD
:10A66000B5FD002D4DD06946F9F70AF838B96846AE
:10A6700001F02AFD00F0010006B0BDE8F0870020DF
:10A68000F8E702A9207A0AF022FBDDF80D00DDF8D8
:10A690001110334A6B4603C3237A32F81390314AC0
:10A6A000D05C6E4675B131460AF020FBE4E7237AB0
:10A6B0002D4903EB430301EB830231F82390907A99
:10A6C000961CEFE74FF6FB7AD14514D930460AF0D5
:10A6D00057FC4FF6FF739842054614D001463046AA
:10A6E00001F064FC554507D9E379DA060DD4CB2394
:10A6F00063720020C0E74D46294608F1020008F0C9
:10A7000067FD0120B8E74D46EEE74FF6FC7845457A
:10A7100011D103F00C030C2B1BD1D7B130464FF6EF
:10A72000FD7101F043FCC82161722046FFF73EFE37
:10A73000FFF71AFFDDE74FF6FD739D4209D10023B5
:10A7400019461A46304602F0FDF84146304601F0FF
:10A750002DFCE37943F00C03E371CC23C8E700BF81
:10A76000583C0020113F0020983B002073B5044660
:10A7700040880E4608F060FE023008F027FD06F023
:10A7800009FD18B1A11C201D06F009FDE6B1E5790F
:10A790000135EDB2E57115F0400514D0ECF7B6F8CF
:10A7A0000122054600212046FFF744FF18B1394B2E
:10A7B0001B882B449DB2384B1B78042B01BF354BB3
:10A7C0001B885B199DB22580002231462046FFF789
:10A7D00031FF20B3608808F02FFEE2792F4922F084
:10A7E0000C03E3710B780133DBB20B70C3712C4B9C
:10A7F0001B780546A61C0BB3E37998061ED529499C
:10A80000097871B159060CD592070AD50022009239
:10A81000042311463046FFF72FF910B1607202B0E1
:10A8200070BD00220092012311463046FFF724F943
:10A8300020B1E37943F00303E371EFE7304606F01C
:10A84000ACFC10B10123E371E9E76088FCF772FB0F
:10A850000328E4D8DFE800F0020D1B18E37943F089
:10A860000403E3711B06DAD50F4B1A780F4B1A70ED
:10A87000D5E7CD236372E37943F00803E3712B78C6
:10A8800003F07F032B70CAE7CE236372C7E7CF23A1
:10A89000FBE700BFB4130020353F0020323F00200B
:10A8A000303F0020381400200F3F00201F410020BF
:10A8B0002DE9F74F064604F0D4FA5D4B5D4AB3F834
:10A8C000009018805B4BDFF880B11B78A0EB090487
:10A8D000A4B2A34286BF1B1BDBB200231370A9EBFB
:10A8E000000305464FF000084FF6FF770093524BE8
:10A8F00019785FFA88F291420ED80EB1FFF734FE54
:10A900004FF6FF739F4200F08D804C48394603B0EC
:10A91000BDE8F04FF8F78CBBBBF80220002A3CD012
:10A92000474B9BF807201878BBF800A0042818D0E4
:10A930000020BAF1000F08BFA2462044504523D2A0
:10A94000BBF80010009B1944ABF80010002E4DD04E
:10A9500002F04802482A49D100215846FFF706FF75
:10A9600044E00192F8F702FE30F01003019ADFD1C3
:10A97000FBF748FD334B019AB3F800C08445D7D9A3
:10A98000ACEB000080B2D4E702F00C00042807D141
:10A990000022ABF800200BF10A0B08F10108A6E732
:10A9A000510602F0030C02F008000DD520B3BCF1F3
:10A9B000030F24D1D6B19BF80910002908BFC92183
:10A9C0005846FFF7F3FC11E040B3BCF1010F25D16D
:10A9D0001206EFD44FF4C862ABF800209BF80720B2
:10A9E00022F0030242F002028BF80720BBF800209D
:10A9F000974228BF1746CEE703208445DAD21306D4
:10AA00000ED50C4B1A780AEB0200844208DA4A444D
:10AA1000521B0AEB0201ABF80010E7E70120ECE75C
:10AA200001219AE7054803B0BDE8F04FF8F79CBB59
:10AA3000083E00201F410020204100204C13002030
:10AA4000353F0020B6130020343B00202DE9F041B3
:10AA50000B4EDFF8348000250A273378ECB2A3428E
:10AA600004D8BDE8F0410748F7F7D6BE07FB0484D9
:10AA7000A01CF7F7D1FE201DF7F7CEFE0135ECE75D
:10AA800020410020FE3D0020343B002070B50D4DDC
:10AA90000D4E00242B78A34208D81B1BDBB22B7071
:10AAA00073B9BDE870400948F8F75EBB04EB840059
:10AAB000CA2106EB40000134FFF778FCE4B2E9E775
:10AAC00070BD00BF20410020343B00204C1300200B
:10AAD000F8B5124F124D3E782D78DFF848C006EBDE
:10AAE0008604B5424FEA440E0CEB440414D003F440
:10AAF000835343EA13230025E37166236080A17129
:10AB0000227228462CF80E500136A58063723E70E2
:10AB1000FFF7CEFE2846F8BD7220FCE7204100205A
:10AB2000F6130020343B00202DE9F04F354B1C7804
:10AB300085B00E4617465CB9B1F90680DFF8CC90B7
:10AB4000DFF8CCA0DFF8CCB099F80030A34202D8EF
:10AB500005B0BDE8F08F04EB84050AEB4505A88835
:10AB600000B9688801A90AF0A3FCB27A9DF80E30FA
:10AB70009A4244D1B8F1000F0FDA317A9DF80C20D7
:10AB80003389914209D8204800780844824236DA55
:10AB9000521A1B0A1341D90731D538460AF077FCFF
:10ABA000BDF80A309A06044602D5F3889B06CFD535
:10ABB000EB7903F00C03042B08D16888F9F7E6FE63
:10ABC00000236A88194618460AF0D4F9002128465D
:10ABD000FFF7ECFBFFF7C8FC3846F8F713F88442A0
:10ABE00008D22B7A8BF800300122002331463846F8
:10ABF00002F076FCB8F1000FAADA0024A4E70134D1
:10AC0000E4B2A1E71E410020F513002020410020FE
:10AC1000343B00202841002008B504F022F9074BFE
:10AC20001B88C01A80B2B0F5807F05D9BDE8084006
:10AC300003480021F8F7FCB908BD00BF083E00201A
:10AC40004C1300202DE9F04186B004460D460AF071
:10AC500045FB01462046F8F7A9F910F003034DD152
:10AC600010F00C0F06D12946204606B0BDE8F04191
:10AC7000FFF7A4BC204608F0E5FAC30634D420460A
:10AC80000AF02CFB01462046F8F790F906462046CC
:10AC900008F0D2FB0746023008F098FA03A9804674
:10ACA00020460AF005FC06F00C067B780C2E0CBF43
:10ACB00003260626012113F0010F204618BF0326A4
:10ACC000F8F70EF8104A1288A24203460FD1B5FADF
:10ACD00085F04009FBF722FD204608F0E1FA00224A
:10ACE0000146072005F0E1FD06B0BDE8F0810095C2
:10ACF00003AA4146304604F03CFAEDE7012BF3D1BC
:10AD000010F00C0FF0D1AEE7FE3D002010B50A4B5D
:10AD10001C780A4B0022D1B28C4201D8002010BD11
:10AD2000197A814202D19979022902D00A3301327B
:10AD3000F1E70120F3E700BF20410020343B002071
:10AD400010B5094B1C78094B01460022D0B2844251
:10AD500001D8002010BD187A884202D198790128C4
:10AD6000F8D00A330132F1E720410020343B0020C3
:10AD700010B40B4B1C780B4B0022D1B28C4203D881
:10AD80005DF8044BFFF7F0BB197A814205D1997940
:10AD9000012902BF0021198059800A330132ECE7F2
:10ADA00020410020343B0020044B1B6813F0300F7F
:10ADB00003D02021302009F0C5BE7047002C0020B0
:10ADC0000949002310B51A46044601EA00414FF034
:10ADD0007F60FFF715F8E30703D50021302009F065
:10ADE000B1FE002010BD00BF00007207044B5B885D
:10ADF00023F4784323F08D0303800020704700BFC5
:10AE0000002C002008B503460022C3F80220C3F836
:10AE100006200B4A1268D1B212F0200F18BF41F081
:10AE200010011980930700F1020001D4FFF75EF8CA
:10AE3000044B1B78023B032B8CBF9320002008BDE2
:10AE4000002C0020343F002038B505460C46FDF7A5
:10AE5000EBFC98B10D4B187878B10D4B1B681A04B8
:10AE60000ED57CB113F0420F00D16DB103F44073E5
:10AE7000B3F5407F0CBF0020B72038BD9520FCE71C
:10AE8000A820FAE72046F8E7B720F6E7303F002091
:10AE9000002C0020F0B58DB0044607A80D461646DC
:10AEA00005F06CFD1022002103A806F085FE5CB1C0
:10AEB000234603F1100703AC18685968224603C201
:10AEC0000833BB421446F7D1012786EA070303A9DA
:10AED00007A88DF81C708DF81D3005F08CFF80EAF6
:10AEE000070401A8E4B205F05FFFB6B101A88DF830
:10AEF000065005F0E8FF64B1002303A907A88DF808
:10AF00001D3005F087FF0C4B1B78432B01D102F05D
:10AF1000DFFE0A4B1D700DB0F0BD01A88DF8075083
:10AF200005F0D1FF002CF6D003A907A88DF81D70FD
:10AF300005F070FFEFE700BF343F00202F3F0020F7
:10AF4000F0B593B007460DA801250C4605F016FD97
:10AF500005A90DA8ADF8345005F077FF01A805F05C
:10AF600023FF09A90DA88DF835509DF8066005F05E
:10AF70006CFF0DA89DF8075005F0D6FE70BB731B43
:10AF8000DBB2802B28D91FB1A64225D0A54223D100
:10AF900005A90DA805F03EFF03A805F005FF03A8CD
:10AFA0008DF80F6005F08FFF0122294609A8FFF7F1
:10AFB00071FF0AF00EFB01214FF4007009F0C3FF8E
:10AFC000FDF71CFCB0F1004F01D9FDF71DFC044B4F
:10AFD000187804F060FA012013B0F0BD0020FBE700
:10AFE0002F3F002070B50E46144605460320FFF79C
:10AFF000D7F946F004022946204605F04DFF024BE2
:10B0000000221A6070BD00BFFC2B0020F0B587B095
:10B01000078805461022002102A806F0CDFD3B4B13
:10B020001B78002B6FD1B80557D407F08403842B0D
:10B030005CD0374C09F002FE17F4045F276005F17D
:10B0400002061CD0BA040AD5304602F0A3FA002842
:10B050004AD1236823F4005343F4807323603046BD
:10B0600009F0F9FD00283ED105F086FC18B92368E7
:10B0700043F480332360236843F020032360226875
:10B0800042F4004112F0400218BF05F1230233469A
:10B0900047F2FF102160FEF7B3FE0DF10600FFF747
:10B0A000A5FE236813F4805FBDF8063022D043F07C
:10B0B0002003ADF80630BDF80600FFF781FE2368D7
:10B0C0009B0506D595F82210012205F11200FFF725
:10B0D000E1FE104B0020186006E005F1120009F0B7
:10B0E000BAFD0028A1D0B22007B0F0BDB907A0D5A5
:10B0F000B720F9E723F02003ADF80630FDF784FB15
:10B10000FEF7A8FCD7E77020EEE700BF343F002031
:10B11000002C0020FC2B0020024B1868C0F30050CC
:10B12000704700BF002C00202DE9F047064688B08C
:10B1300089461046002115469846F7F737FF102834
:10B1400007460AD8684B0341DB0706D4C8F340041E
:10B150009DB9002008B0BDE8F087644B1C78002C36
:10B16000F6D0FFF7D9FF00280CBF4FF4F0744FF46E
:10B17000D074FC4004F00104EAE7002318F0010F4A
:10B180001A4629464FF005000CBF4FF0080A4FF44D
:10B19000027A04F02FF80028DBD0C823009332464F
:10B1A00000235146284602F029FCADF80E00002885
:10B1B000CFD018F0080A4AD1A7F10F024FF6F77363
:10B1C000D2B29E428CBF09230123012A01D843F049
:10B1D0004003474A8DF8103013788DF81130591C10
:10B1E0001170002C4FD09DF81030052F43F0200334
:10B1F0008DF8103033D03F4B1D78002D5AD04FF6CC
:10B20000F77300259E424FF00F0248D9012304A98D
:10B210000DF10E00F7F726FE00289AD1002C4DD133
:10B22000BAF10001BDF80E00CDF8009033463A4661
:10B2300018BF012105F0B8FFADF80E00002888D036
:10B2400018F0040F4DD0314608F04BFF82E7494615
:10B250000DF10E0009F0ABFE0028ADD179E7012118
:10B26000BDF80E00F7F73CFD0121F7F79FFE012323
:10B27000834013F0620F1CD11E4B1B78E3B14FF6D5
:10B28000F7731825BEE71B4B1B7825460222002BBF
:10B29000BCD04FF6F7739E42B8D8052FB6D0BAF19E
:10B2A000000FB3D19DF8103043F040038DF81030FB
:10B2B000ACE710250F22A9E71825FBE7BAF1000F2C
:10B2C0000AD0009002234A4629460DF10E00FEF7EF
:10B2D000D3FB0028A4D03CE7CDF800A04123524680
:10B2E000F2E708F0E6FE35E79FFEFEFF303F002064
:10B2F000313F0020253F00202DE9DF431E46144B3F
:10B300000A9C1B689B0780460F4691461CD420462A
:10B3100014B105F033FFC0B2CDE902400622CDE9F9
:10B3200000890C493B46002008F087FA024658B1D4
:10B33000002E4FF000010CBF01230323084604B088
:10B34000BDE8D043FFF7F0BE002004B0BDE8D083D5
:10B35000002C00200F8502002DE9F04F8DB08146B2
:10B360009DF85C808A461F4693463AB903A8FEF7CB
:10B37000BDFDA8BB00200DB0BDE8F08F1546002232
:10B380002321104608F090F8ADF80A000028F1D00B
:10B39000F7F71CFC0446052318F0100F00F8023BD9
:10B3A00067701FD01122002106F006FC04F113067D
:10B3B000032F4FF0080236D15946304606F0E2FB23
:10B3C000C8F3801306F10905337205F0D3FE002897
:10B3D0003DD000232B706B700123AB70033536E03A
:10B3E00003ADCCE716991022012606F0CBFB06FA36
:10B3F00007F313F0620F02D104F11206D8E707A891
:10B4000005F0BCFA05A88DF81C6005F0CDFC9DF890
:10B4100016209DF8173018F0200F08BF134604F1CE
:10B420001306A374C4E75146304606F0ABFB06F1A1
:10B4300008020123121B00932846BDF80A100823B6
:10B44000D2B208F06CF9042F06F11005BDD02D1B07
:10B45000E9B20DF10A0008F049F900288AD118F084
:10B46000040F0BD0484609F090FDFF281FBF074A84
:10B4700032F8103023F4804322F81030BDF80A204F
:10B48000434651464846FFF74FFE74E7983D00207B
:10B4900070B590B003268DF80760F7F775FF10B907
:10B4A000702010B070BD02AD2846FEF71FFD0028C9
:10B4B000F6D01C4B1C6814F00204F1D11A4A40F279
:10B4C0000F43ADF824301368CDF8263004A8536834
:10B4D000CDF82A3005F052FA95E8030005AB83E871
:10B4E0000300062304A88DF81D308DF81060EBF7DB
:10B4F0009DFC0DF12E0201210DF10700EBF79AFBE7
:10B5000022461A2109A807F0CFFF024608B91820E1
:10B51000C7E7012329462046FFF706FE0028F6D09C
:10B520002046BEE7002C0020E74000202DE9F04F28
:10B5300091B004461F220D4608A800219B460791A2
:10B5400006F03AFB204609F0C9FE01462046F7F70F
:10B550002DFD8DF81300204607F06EFF9DF8133087
:10B56000467899068146C6F34006204648BF46F015
:10B57000020609F08CFF80462046F7F743FBA0EB5C
:10B580000803DBB20022232B009228BF232342466C
:10B59000214607A808F0C3F8002838D1A84B9DF829
:10B5A0001C701B789DF81DA0A3B3FFF7B5FD002804
:10B5B0000CBF4FF4F0734FF4D073FB40DA0729D57A
:10B5C000B30727D4082F20D1BAF1040F1FD1FBF7FE
:10B5D0005DFCE0B90DF1130342462146052003F05E
:10B5E000EDFDA0B1053F0D2F11D8DFE817F02400C5
:10B5F0001000A401B201BB011000100010001000E7
:10B6000010001000C101EF01EF01052F07D011B0AC
:10B61000BDE8F08F102F05D1BBF1000FF7D0FBF77D
:10B6200035FCD7E7FBF732FC0028D3D0052FD1D06B
:10B63000112FCFD0EBE7BAF1050FE8D8204607F07D
:10B640005EFE029009F1020007F0C0FD824605A8E7
:10B65000FFF7CCFB9DF81D80012303FA08F313F0DC
:10B66000620303933ED0BDF814309D0733D5B40771
:10B67000CDD5FBF70BFC0DF11E0009F0ECFAB8F18B
:10B68000030F9DF82EB004463FD10DF12F0508F0B1
:10B6900097F9824500F0DE800027039B002B4FD1F5
:10B6A000284608F08BF94FF6FF739842064604D1FE
:10B6B000284609F089FDB042A9D0002C0CBF042314
:10B6C000152301930DF11E0300933A464346294684
:10B6D000FFF742FE9BE7FBF7D9FB0028CBD1002EFA
:10B6E00095D0C8E7FBF7D2FB60B10DF11E0009F061
:10B6F000B2FAB8F1030F04464FF0000B7FD10DF101
:10B700002E05C4E7002E82D0EFE74E4B1B6898074A
:10B7100028D5FF2208210DF1370008F001F98146F4
:10B7200000BB034601460DF137020220FEF768FB1D
:10B7300008F046F982450DF137070DF12F0520D0AD
:10B740004FF6F7739A45ABD900220821284608F036
:10B75000E7F80028A4D0002259460DF11E00FFF79B
:10B7600099FB54E70DF137070DF12F05384609F025
:10B7700011FA002848D008F023F982458DD14FF006
:10B78000000931490822284606F0ECF9002884D146
:10B79000B8F1010F6DD0B8F1040F7FF438AF09F0A4
:10B7A0001CFA10B1032E7FF432AF002C7FF42FAFC0
:10B7B0003A4602210DF11E00FFF714FC234B1B78C3
:10B7C00063B1FFF765FEFEF7E5FD022806D1012013
:10B7D000FEF7DAFD01210846FEF75AFC1C4B1B78E8
:10B7E000022B21D10321384603F064FEFEF7D2FD7F
:10B7F000014600287FF40BAFFEF74AFC07E70DF186
:10B8000036070DF12E05B1E7114B1B78432B7FF462
:10B81000FEAEB8F1010F7FF4FAAE08F0D1F8824520
:10B820007FF43BAFC146ACE7412B7FF4F0AE054B54
:10B830001B6859057FF5EBAEF9F73EFFE7E600BF61
:10B84000303F0020002C0020E74000201041002065
:10B85000343F0020032E7FF4DAAE9DF83610003915
:10B860000DF11E0218BF01210DF12E0005F0A5FCFF
:10B87000CDE6584D2B78022B21D02B78412B3FF46D
:10B88000C6AE3CB9FBF702FB594602460DF11E005D
:10B89000FFF700FBFBF7FAFA00283FF4B8AE09F017
:10B8A0009CF94D4C90B123681B0502D42B78432B97
:10B8B0000CD1B0070AD4AC20F9F77AF9A7E609F061
:10B8C0008CF90028D9D0B207D7D4A0E6206810F0B0
:10B8D000020002D1029909F030FB2B78112B15D10F
:10B8E0002368590512D50020FEF7E8FB044600281E
:10B8F0007FF48DAE08F0C7FAAE20F9F759F921466A
:10B900002046FEF7C5FBF9F75FF980E6B20701D5DF
:10B91000FFF74AFAB9F1000F8ED005F02DF818B9EB
:10B920004FF4803109F00EF92C4B002238461A6092
:10B9300009F027F980E72A4908220DF11D0006F0D9
:10B9400011F900287FF463AE02222946FAF7A8FF16
:10B950005DE6F3077FF55BAE324607A9284609F09E
:10B9600025FB54E69DF81D100120FFF7E9FA4EE68D
:10B97000184B1B78022B20D1002D7FF448AE05A870
:10B98000FEF7B4FA00283FF442AE164B1D709DF846
:10B990001D30002B14BF64246524FEF7FBFC032834
:10B9A00006D128462946FEF773FB2846FEF7F8FC29
:10B9B000214605A803F07EFD29E6043B012BDBD9D7
:10B9C000284605F0E7FB0028D6D120E6204605F002
:10B9D000E3FB1CE6343F0020002C0020FC2B002061
:10B9E000E7400020104100202DE9F34105460E46B6
:10B9F0001746984609F0F1F8044640B1CDF80080AA
:10BA000001233A4631462846FFF776FC044609F002
:10BA1000E4F830B1FFF780FB78B10A4B1B689B015B
:10BA20000BD4CDF8008000233A4631462846FFF774
:10BA300063FC002C0CBF0446012404F0010002B09A
:10BA4000BDE8F081002C002070B58AB005A804F094
:10BA500095FF02238DF81430094B01AA03F110065B
:10BA6000154618685968144603C40833B342224681
:10BA7000F7D1294605A805F0BEF90AB070BD00BF90
:10BA800015850200014B1878704700BF391400205B
:10BA9000014B1888704700BFD81300202DE9F043F0
:10BAA0004FF6FF73994285B080460D4604D11E497A
:10BAB000082206F057F858B11C4E00274FF6FD79C2
:10BAC000EAF72AFFFCB2A04207D84FF6FF7019E050
:10BAD00005B0BDE8F04307F073BF36F814304B45AE
:10BAE00017D86946204609F0BBF8082241460DF1F7
:10BAF000050006F037F84FF6FF7360B99D4204D198
:10BB000036F8140005B0BDE8F08326F8145009F0AB
:10BB100074F80137D4E79D42FBD036F81430AB42BD
:10BB200008BF26F81490F4E7E7400020583C0020B6
:10BB30002DE9FF47DFF84480DFF844A006460F46B2
:10BB400000254FF6FD79EAF7E7FEECB2A04202D8F5
:10BB500004B0BDE8F08738F814304B450CD869467E
:10BB6000204609F07DF8082231460DF1050005F068
:10BB7000F9FF08B90AF804700135E4E7583C0020E1
:10BB8000113F0020014B33F810007047583C002053
:10BB9000F0B50E4F85B006460025EAF7BDFEECB2C3
:10BBA000A04201D805B0F0BD37F81430B3420BD134
:10BBB0006946204609F08BF89DF80030022B1CBF27
:10BBC0004FF6FD7327F814300135E6E7583C0020A6
:10BBD00030B585B00446EAF79FFEA04219D9204649
:10BBE000FFF794F80546B0B96946204609F038F8E1
:10BBF0009DF800302BB1694620468DF8005009F0C1
:10BC00004BF8064B4FF6FF7223F81420002005B0C6
:10BC100030BD6920FBE77520F9E700BF583C0020E4
:10BC20002DE9F0410B7805460E461BB9BDE8F04101
:10BC3000FFF7CEBFEAF770FEA8422ED92846FFF7DD
:10BC400065F860BB37464FF6FF7117F8058B38462D
:10BC5000FFF724FF0446384600F036FAB8F1000F2B
:10BC600015D0B8F1030F15D04FF6FF724FF6FD73E4
:10BC7000944208BF1C460B4B23F815400A4B314633
:10BC80005855284609F008F80020BDE8F0814FF625
:10BC9000FF74F0E74FF6FE74EDE76920F5E77520D5
:10BCA000F3E700BF583C0020113F00202DE9FF4181
:10BCB000114F0D460E0A04464FF6FE78EAF72CFEA9
:10BCC000A04204D8FF24204604B0BDE8F08137F834
:10BCD000143043450CD16946204608F0C1FF9DF859
:10BCE0000520EBB29A4203D19DF80630B342EAD068
:10BCF0000134E4B2E2E700BF583C00202DE9F04FE8
:10BD000087B0DFF86C909DF840A001900C46174674
:10BD1000984600254FF6FD7BEAF7FEFDEEB2B042F5
:10BD200001D8FF2616E039F816205A451ED802A978
:10BD3000304608F095FF3FB99DF80920424515D1DE
:10BD40009DF80C20524511D144B939F81620019BB9
:10BD50009A420BD1304607B0BDE8F08F08220DF1B2
:10BD60000D01204605F0FEFE0028F3D00135D3E793
:10BD7000583C002010B5144608F072FF20460349D5
:10BD8000BDE81040082205F0FDBE00BFE7400020DE
:10BD90002DE9FF47074615460846082224491E4656
:10BDA00005F0E0FE044600283FD1DFF888904FF60A
:10BDB000FF7AEAF7B1FD5FFA84F840450BD885B306
:10BDC000384603F0B6FA01250C9B18703570012037
:10BDD00004B0BDE8F08739F8183053451FD06946E4
:10BDE000404608F03DFF7A789DF801309A4216D11E
:10BDF0007A88BDF802309A4211D13A799DF8043020
:10BE00009A420CD108220DF10501781D05F0AAFE19
:10BE100028B9002DD7D1404603F09FFAD3E701346B
:10BE2000C7E7FF2003F099FACEE70020D0E700BF74
:10BE3000E7400020583C0020F0B5164E164F85B064
:10BE40000025EAF769FDECB2A04201D805B0F0BDCB
:10BE50006946204608F004FF9DF80030032B06D900
:10BE60000023694620468DF8003008F015FF9DF844
:10BE7000002062B14FF6FD734FF6FE71032A08BF32
:10BE80000B4626F8143000233B550135D9E74FF611
:10BE9000FF73F6E7583C0020113F0020F8B50E4B29
:10BEA0000E4D1B7803EB43030E4605EB830504465A
:10BEB0004FF6FF77A54202D800242046F8BD23881C
:10BEC000BB4206D008223146A01C05F04BFE0028DC
:10BED000F3D00C34EEE700BFF7130020983B0020AE
:10BEE000044B05481A7802EB42029200FF2105F04C
:10BEF00063BE00BFF7130020983B0020074A12786A
:10BF000082420AD900EB4003054A22F823104FF67B
:10BF1000FF73994201D1FEF72BBF7047F713002042
:10BF2000983B0020094A127803469A42084608D9ED
:10BF30000C21022211FB032305490822194405F0B4
:10BF400021BE00230B604B60704700BFF713002039
:10BF5000983B0020054B1B78834281BF0C2358433C
:10BF6000034B185A98BF4FF6FF707047F713002025
:10BF7000983B002038B50446FFF70AFE094B1878B5
:10BF8000094B00224FF6FD75D1B2884200D838BD6A
:10BF900033F80C1CA14208BF23F80C5C01320C33AF
:10BFA000F2E700BFF7130020A43B002070B5054660
:10BFB0000E460846FFF7DEFF31462846FFF76EFDC6
:10BFC00006482946FFF76AFF00B970BD044624F809
:10BFD0000C6B08F012FE29462046F3E7983B002040
:10BFE00010B5244986B00822044605F0BBFD20B9EF
:10BFF00006B0BDE8104007F0E3BC1F490822204608
:10C0000005F0B0FD20B91D4BB3F8680006B010BDB7
:10C0100000230093012221464FF6FF70FFF76EFECA
:10C02000FF2806D0164B33F810004FF6FB739842EA
:10C03000ECD903A8FEF7E6FE58B9BDF80C305B0654
:10C0400007D5082221460DF10E0005F08BFD0028D2
:10C05000DCD00C482146FFF721FF40B100884FF6A5
:10C06000FB724FF6FF73904288BF1846CEE74FF63B
:10C07000FF70CBE7E740002042390020D83800208D
:10C08000583C0020983B002070B50D4B1D780D4B9F
:10C090000446002208464FF6FB76D1B28D4201D805
:10C0A000002009E01988B14207D8A14205D1082231
:10C0B000991C05F067FD012070BD0C330132ECE7DF
:10C0C000F7130020983B002037B5014605460D4880
:10C0D000FFF7E4FE044630B1807A294603B0BDE89C
:10C0E000304008F003BE03460090012229464FF677
:10C0F000FF70FFF703FEFF2816BF034B2046185CB6
:10C10000EBE700BF983B0020113F00202DE9F843EA
:10C11000164B1B78834207460E4623D9FEF710FEC6
:10C12000044608BB304607F049FC4FF00C084FF6B8
:10C13000FF724FF6FD73904218BF03460C4D08FB8B
:10C1400007F23046AB5205EB0209FFF7BDFF89F855
:10C150000A00484608223146023005F013FD204609
:10C16000BDE8F8836A20FBE77620F9E7F7130020A3
:10C17000983B002038B504460D46FFF7D9FC05482A
:10C180002146FFF78BFE00B938BD857221460C3081
:10C19000F7E700BF983B00202DE9F04192F80880B6
:10C1A0001F4608F1FF33DBB2EF2B88B005460E4681
:10C1B00014460BD982238DF80E309DF80E30214A9B
:10C1C0003146284600F0A6FA012037E00E22002171
:10C1D00004A805F0F1FCB4F80930ADF81230E37AA8
:10C1E0008DF8118003F07F02032A08D0012B24D19F
:10C1F00003238DF81030A389ADF815300EE0032B22
:10C2000014BF022301238DF81030E368CDF81530F8
:10C210002369CDF81930237D8DF81430A7F1210161
:10C220004A420DF10E034A41009321460DF10F03DE
:10C2300004A8FFF7ADFD0028BFD1002008B0BDE87D
:10C24000F08100BF298502002DE9F04F95B01D78DF
:10C2500004920024CDE90201CDE90054414923466E
:10C260002246012007F0E9FAADF81E00F8B1A34616
:10C27000264627460DF120090DF1380AEAF74CFB56
:10C280005FFA84F8404516D8BDF81E003A460221F0
:10C29000F6F7A0FEBDF81E0032460421F6F79AFE1E
:10C2A000DDE90310BDF81E30002200F033FA012052
:10C2B00015B0BDE8F08F4A460AA94046FFF75AFD7F
:10C2C0009DF8282022B12DB1013DEDB20137FFB21A
:10C2D0000134D3E7BBF1000FF8D199E803009DF8D2
:10C2E00029308AE803008DF84030BDF82A308DF8F7
:10C2F0004130032A4FEA13238DF8423016BF03233F
:10C3000001238DF84330DDF8311018BF9DF82C3033
:10C31000DDF82D0014BF8DF84C308DF8433011AB93
:10C3200003C302980CBF4FF00E084FF0150808F039
:10C33000A4FB0590BDF81E00F6F764FC059900EB20
:10C34000080399420BDB0123424651460DF11E00C2
:10C35000F6F788FD0028AAD10136F6B2B6E74FF00D
:10C36000010BB3E726850200074A00231370074A32
:10C370001370074A118801B11380064B1A880AB15D
:10C3800000221A80704700BF224100202141002076
:10C390000E3E00200C3E00202DE9F04F3C4C87B0B3
:10C3A0001D4623889DF840600746884610465BB9C5
:10C3B00052B107F0DFF9208036484FF4FA6107B038
:10C3C000BDE8F04FF6F734BEDFF8D890B9F800407A
:10C3D000002C4AD02046F6F715FCDFF8CCA0DFF899
:10C3E000CCB0C0F347062046F6F7F0FB0296BAF849
:10C3F00000300193BBF800300093274904462B46D8
:10C400000022012007F019FAADF81600F0B104EB94
:10C4100046060125B4420DD1C5B9BDF81630ABB101
:10C420002A464146384600F075F9ABF80050AAF8A4
:10C4300000500BE0012321461A460DF11600F6F7D5
:10C4400011FD10F0FF0504F10204E3D0134A0023AC
:10C45000A9F800301378013BDBB21370002BABD18D
:10C4600007B0BDE8F04FFFF77FBF0D4C237823B92D
:10C47000F5F72CFB08B90123237032462946052025
:10C48000F7F778FB0028EBD1207007B0BDE8F08FFC
:10C490000E3E00206C1300202B850200224100205C
:10C4A000214100200C3E0020A03D0020A23D0020A4
:10C4B00030B5154D2C8887B09CB923464FF4A07237
:10C4C00048F2380103A808F0EEFC2146204607F0A8
:10C4D00069FD0E4B0094224603A9FFF75DFF07B0EC
:10C4E00030BD204606F0A8FF043006F06FFE03A919
:10C4F0000446288808F0DCFF002300932A8803A95B
:10C50000204600F03BFAEAE70E3E002000F8FF0765
:10C5100037B50F4C0F4D01A9002007F043FD2378DC
:10C5200001467BB10C4B019A187807F04FFD20783B
:10C53000F8F7E2FC002323702B700848F6F714FE8E
:10C5400003B030BD2B78002BF7D0FFF7B1FFF4E735
:10C550002441002022410020234100206C130020B0
:10C5600008B50548F6F758F90448F6F755F9BDE857
:10C5700008400348F6F750B90E3E00200C3E00205C
:10C580000A3E00202DE9F04F89B0CDE905239DF842
:10C590004870139E8946044630B316F801ABBAF1D1
:10C5A000000F23D00AF1FF34A400E4B23146012089
:10C5B00006F020FEC00E1BD1DFF844B13146012049
:10C5C00006F018FE34449BF800502279BDB1002FCC
:10C5D00047D1CDE90277CDE90077424A059980231A
:10C5E000484600F097F83CE08246DFE75446DDE736
:10C5F0001B28ECD93146012006F0FCFDE7E7DFF807
:10C600000481FF2A00EA08080BD1E379A179607957
:10C6100001EB0321424689B209B0BDE8F04F07F0B3
:10C62000D5BC314909688B070AD5FE2A3AD10123C6
:10C630000135EDB2202D4FEA43030AD1FF250AE070
:10C6400029462846079207F0ADFC4845BFD1079A16
:10C65000EBE79845ECD1254B1B78FF2B04D0AB4280
:10C6600004D009B0BDE8F08FFF2DFAD00020F4F718
:10C6700013FCA842F5D029460020F4F713FC00284B
:10C68000EFD09BF800306479002BEAD1FFF76CFE05
:10C6900017484FF41051F6F7CBFC164B8BF80050AF
:10C6A0001C70DEE7052A92D8BAF1010F8FD8B8F1D5
:10C6B000000F8CD0002FD4D17379002BD1D00E492C
:10C6C000098821B90D49082B28BF08230B70129245
:10C6D000DDE905124346484609B0BDE8F04FFFF7D3
:10C6E0005BBE00BF2B850200002C00203A14002006
:10C6F0006C130020234100200E3E00202241002028
:10C700002441002000F8FF07014B1880FFF7D0BE3E
:10C710000C3E00200CB42DE9FF470CAA0E4652F83F
:10C72000041B0392074600297ED1BDF83400ADF802
:10C730000A00002800F0918033794FF6F778002B3B
:10C7400076D147458CBF4FF009084FF00808454B9C
:10C750001C78FF2C74D1B6F90230002BA9BF424BD4
:10C76000347A1C780134A2BFE4B21C7044F0800417
:10C77000DFF8009122460021F6F72CFC99F8002002
:10C78000BDF80A30002A5ED00193DFF8ECA0FF2349
:10C790000093BAF80000334622463946FCF7BCFB4A
:10C7A000002389F800304FF6FF730546AAF80030E1
:10C7B000742D33D10DF10A0332463946404604F058
:10C7C000F1FC00284BD04FF6F7739F4226D8B6F9FC
:10C7D00002307088002B21DA2449254B48F20402EC
:10C7E000904214BF8946994607F0EAF84FF00008D6
:10C7F00003464946CDF800808A22012007F01DF843
:10C80000814658B122464146F6F7E4FBCDE900984F
:10C81000FF23324639464046FCF7E8F9284604B083
:10C82000BDE8F04702B07047012006F0E3FF7EE765
:10C830000023337147458CBF4FF00608984686E7C2
:10C84000FF221A7094E7CDE900323946FF233246C1
:10C850004046FCF7CBF90546AAE71825DEE7054672
:10C86000DCE700BF3C140020264100203585020093
:10C870003185020025410020103E002070B588B0AF
:10C88000002416464FF40033ADF81A100DF10F02D4
:10C8900004A905460593ADF81840ADF81C40049472
:10C8A0008DF80F4004F05DFC9DF80F300193049B60
:10C8B0000093044A334605A92846FFF72BFF08B02A
:10C8C00070BD00BF3885020030B587B04FF48035A9
:10C8D000CDE90012002403958DF81030BDF82850E2
:10C8E000074A8DF81140034603A9BDF82C00ADF8A6
:10C8F0001250ADF81440FFF70DFF07B030BD00BF78
:10C900004585020010B54FF4981286B04FF0806351
:10C91000CDE903230023ADF8143007F051F80446A5
:10C92000F8F79CFB054B01900093054A234603A9A9
:10C930004FF6FD70FFF7EEFE06B010BDE740002099
:10C940003B85020030B587B0CDE9001200248DF898
:10C950001030094A8DF8114003464FF4806503A951
:10C960004FF6FD700394ADF81250ADF81440FFF788
:10C97000D1FE07B030BD00BF3F8502002DE9F04F6A
:10C9800099B00E4605460CA91046CDE90A329DF82D
:10C99000887008F0E6F9BDF8309080464846F6F712
:10C9A00031F9B6F90230B6F806A0B6F802B0002B9D
:10C9B000044604DA904B00221A7000204BE04846EF
:10C9C000F6F720F94045F5D3A4EB0804E3B2002FB5
:10C9D00018BF4FF4A07A152B099328BF1523002404
:10C9E000013308F1FF32DBB2D2B24946009412A8FB
:10C9F00006F095FE81499DF8482008684968ADF821
:10CA000040406FEA4B436FEA5343ADF83E300DAB05
:10CA100003C3ADF83C40ADF842A0ADF84420BBF1F3
:10CA2000000F26D1764908220DF1490005F09AF849
:10CA3000044698B906F0C4FF06460DF151080DF101
:10CA400049030A9A98F80090012A2CD14FB384F038
:10CA5000010404F0010019B0BDE8F08F0DF14900A8
:10CA600008F08EFA4FF6FF74011B4C4206464C410B
:10CA7000E3E7BBF1010F5AD1BDF8496006F0A0FF12
:10CA800086420AD00DA9304608F083FA80F00104EE
:10CA9000E4B20DF14B080DABD3E7594B0DF14B0848
:10CAA000CFE70A9CD5E767B34CBBB9F1010F26D895
:10CAB00032D106F085FF06F083FF98F80110504B45
:10CAC0000646224602910021CDE9006101204D4930
:10CAD00006F0B3FEADF8320088B134BBB9F1010FF6
:10CAE0000CBF0D210C210DF1320006F0FFFD0246B6
:10CAF00028B9BDF832300FA92846FFF70BFE0120F8
:10CB0000A9E7B9F1010F05D1002CD2D098F8011096
:10CB10008122D7E7002CF9D1B9F1010F94BF00228F
:10CB2000012298F80110D201CCE70C21DBE70A9B27
:10CB3000002B7FF442AF7388342B4CD1099B092B17
:10CB40007FF43BAF002F7FF438AF9DF951603A4638
:10CB5000B41008210DF1490004F0200406F0E0FEB5
:10CB600030B9274908220DF1490004F0FBFF08BB4A
:10CB7000254B1B78012B3FF420AF244A244BB2F8FD
:10CB800068201B68AA4208D0DA0006D5C823214ACB
:10CB90000FA92846FFF7BEFD0FE75B0201D5002E67
:10CBA00017DA00231B4A0FA92846FFF7B3FD1A4BDB
:10CBB0001C7002E70DF1490008F0E2F94FF6FF732F
:10CBC0009842E3D02146F9F71BFF03460028DDD148
:10CBD000DDE78D23DBE7099B04930DF14903CDE9E4
:10CBE00005A2CDE90283CDE900790B9B0FAA31465E
:10CBF000284600F013F8E0E61A410020F55D020037
:10CC0000E740002043850200353F0020D83800204F
:10CC1000002C0020298502003B1400202DE9F04F54
:10CC2000A1B09946BDF8AC302D9F0D939DF8B03062
:10CC30000E93BDF8BC300F9304469DF8C0304E886B
:10CC40009DF8A8B0109338468846154606F0BEFAFF
:10CC5000112E824671D806F0B3FE504576D0062ECE
:10CC600010D14FF6FD72924526D0BBF1000F10D1C6
:10CC70000022CDE900A28023BD4A29462046FFF7C5
:10CC800049FD06E0BBF1000F03D1032E07D8012EAA
:10CC900009D8B84B00221A7021B0BDE8F08F043ECD
:10CCA000022EF6D8E4E7B44ACDF800A08023294646
:10CCB0002046FFF72FFDECE7B04B1B785E074CD406
:10CCC00006F07EFE00260346A94900963246012062
:10CCD00006F0B3FD3B79ADF866000F930028DBD07A
:10CCE000DDE90E320D9803EB42095FFA89F9F5F799
:10CCF00089FF09F105085FFA88F88045CCD24146E2
:10CD00000D98F6F753F9109008EB40080D98F5F7D9
:10CD100079FF8045C0DADDE90F321343DBB2002B27
:10CD200040F03382BBF1000FB6D1D8464246BDF881
:10CD300066000421F6F74EF974E1904A3A2E127813
:10CD400012D948F23B039E4207D013E08B4A127877
:10CD500050070BD5321F022A08D8B8F8063043F422
:10CD60008043A8F8063097E71B2E1DD8B21E91B25B
:10CD700013295FD9109B02930F9B0E9ACDE900B344
:10CD800049462346304604F0F3F90F2884D1794B05
:10CD900001221A70794B1B789B0740F12783BBF166
:10CDA000000F7FF479AFD8E7A6F11C011E29E1D866
:10CDB00001A050F821F000BF03D4010075CD01009F
:10CDC00075CD010099CC010075CD0100EFD10100B6
:10CDD000EFD1010075CD010075CD010075CD0100C9
:10CDE00075CD010075CD010075CD010075CD010037
:10CDF00075CD010075CD010075CD010075CD010027
:10CE000075CD010075CD010075CD010021D2010065
:10CE100021D20100D5D3010075CD010075CD0100EF
:10CE2000F7D3010075CD010059D401006FD4010082
:10CE30007DD40100132A9DD801A151F822F000BF32
:10CE400091CE010021CF01003FCF010057D001005A
:10CE5000C1CC010075CD010075CD010075CD01007B
:10CE600075CD010075CD010075CD010075CD0100B6
:10CE700075CD010075CD010075CD010075CD0100A6
:10CE800075CD010099D1010075CD010035D40100A7
:10CE900000231A938DF866300DF166030E99009306
:10CEA00022461AAB484604F05DF906F089FD0646B5
:10CEB000E9F73EFD162894BF4FF002094FF0220912
:10CEC000F8F7CCF82E4B0746B3F800A0FBF784FE2A
:10CED0002C4B80464FF6FF70B3F800B008F006F810
:10CEE000294B9DF866201988244B1B7813F0020308
:10CEF0001CBF264B1B780B921A9A0096CDE909327B
:10CF00004023CDE90701CDE90193CDE9058BCDE9BA
:10CF1000037A1F4A002329462046FFF7FBFBBBE6A6
:10CF200006F04EFD1B4B1C4A1B88CDE92A0300234B
:10CF30002946204621B0BDE8F04FFFF7EBBBBE7895
:10CF4000731EDBB2EF2B1AA9304627D9F22E25D05B
:10CF500002F0A2FD822606F033FD0023CDE9000396
:10CF6000034A334629462046FFF7D4FB94E600BF28
:10CF7000318502001A410020358502000E3F002055
:10CF8000E0130020DC130020DA13002027410020EA
:10CF900049850200DE1300205685020002F07CFD68
:10CFA000002856D006F00CFD9DF86C200492BDF8C8
:10CFB0006A200392BDF868209DF86E10CDE90162E9
:10CFC0009DF86D205200D2B24900C9B208320A441D
:10CFD00003460092C7490022012006F02EFC9DF86E
:10CFE0006D30ADF866008DF8633000283FF454AE24
:10CFF0004FF0000801231A460DF163010DF16600A0
:10D00000F5F730FF074600287FF446AE9DF8633001
:10D01000FAB293420CD89DF86E308DF86330B8F1B7
:10D02000000F02D0BDF8663036E04FF00108E1E7AE
:10D030004146304602F032FD0123ADF86400022281
:10D0400019A90DF16600F5F70DFF01370028DDD0B5
:10D0500022E683267FE706F0B3FC064602F022FDB7
:10D06000A549009033460022012006F0E6FB002887
:10D070003FF412AE0027ADF868003E4602F012FD04
:10D080005FFA87F840450DD8BDF8680032460421A4
:10D09000F5F7A0FFBDF86830002229462046FFF7CB
:10D0A00039FBF9E5404602F0F5FCFF288DF86600F3
:10D0B0000BD0012301361A460DF166011AA8F6B20B
:10D0C000F5F7D0FE00287FF4E7AD0137D6E75046EC
:10D0D000B7F8029002F0DEFCFF288DF8640000F043
:10D0E000E5811AA902F0D8FCBDF868304B4507D09D
:10D0F0004FF6FF72914540F0D981190400F1D681B5
:10D100009DF86D3012930E9B0533DBB213930F9B8A
:10D11000149300234FF0000911934B4612E017932C
:10D12000139B0D9803EB4101C9B206F045FB179B19
:10D1300015904FF0000A12995FFA8AF28A4216D3CC
:10D1400009F10109149A5FFA89F19142E7D39DF838
:10D150006E201292169A1392002B40F09981119B27
:10D16000002B40F0A381109B14930123D2E7119967
:10D170009DF86400179302F091FC159A179B0AF131
:10D18000010A824208BF0123D5E709F106095FFAC7
:10D1900089F3B04616938AE1BD1C29465046BC7AF5
:10D1A00003F0C6FB012229465046FBF72BF95046F7
:10D1B00007F0B0FE284607F0E3FE3A88824207D027
:10D1C0004FF6FF72904203D007F0DFFE07F0C2FE79
:10D1D00084F00804C4F3C00421462846FEF7CAFFC1
:10D1E0002146284621B0BDE8F04F03F0E8BFBBF16F
:10D1F000000F7FF451AD12073FF5AFAD33463A460D
:10D2000029462046FEF7C8FF00287FF445AD842359
:10D210003A4A2946204621B0BDE8F04FFFF77ABAD6
:10D220000F9897F8008007F028FC00210746204659
:10D2300001F0FCF9312EA7EB0007FFB240F0D680D9
:10D240004FF0000ACDE9008A2D495346524601208D
:10D2500006F0F3FAADF8660000283FF41DAD162283
:10D260005146DFF8A8B01AA804F0A6FC1AA806F0E8
:10D270003FFE9BF800904FF0FF33CDE91C33B9F12E
:10D28000000F02D14FF0010A56E01E4E33796F2B8A
:10D2900002D90026324625E01CA9504600F024FDA4
:10D2A0000028F6D0184BB6F80090B3F86830B9F102
:10D2B000000F2DD1003B18BF01235B0143F0040395
:10D2C0008DF87A3002238DF87B3073881B0A49462B
:10D2D0001EA88DF87D3005F07BFFB8F1000F66D0F9
:10D2E00000260122BDF866000221F5F773FE3246E2
:10D2F0001DE500BF5A850200318502002985020024
:10D3000026850200643D0020D83800202E3F0020F2
:10D31000B3EB090318BF01235B0143F005038DF84C
:10D320007A3002238DF87B300F238DF87C30CCE7E8
:10D330000AF1010A5FFA8AFA0AF1FF36F6B23046BC
:10D3400007F02BFEC307F3D59BF8003019EB030F52
:10D3500004D009F101095FFA89F9E9E75A4B187815
:10D3600030441CA9C0B200F0BFFC002891D0304668
:10D3700007F003FE8146304607F00FFEC0070FD4CA
:10D3800016238DF87A30514B1B780133DBB20F2B0B
:10D3900028BF0F238DF87C304D4B33F8163095E7BE
:10D3A000304607F0FAFD8107EAD41223E9E7BDF819
:10D3B0006600F5F727FC1630B84291DC01231622EF
:10D3C0001AA90DF16600F5F74DFD00287FF464AC55
:10D3D00001265FE712073FF5C0AC0F983B46224697
:10D3E0002946FEF731FF00287FF456ACBBF1000F51
:10D3F0007FF452AC0BE7BBF1000F7FF44DAC802300
:10D4000006E706F0DDFA50457FF446ACDFF8CC8045
:10D4100008224146B81C04F0A5FB00287FF43CAC70
:10D4200006F0CEFA064606F0CBFA2A4ACDE92A08DB
:10D4300033467DE5384605F0C9FE07F057FD002864
:10D440003FF42AAC244A2A9000232946204621B0E2
:10D45000BDE8F04FFFF75EB9CDE92AB74B462A4643
:10D460002146002021B0BDE8F04FFFF78BB8CDE991
:10D470002AB74B462A4621460120F3E75B464A4637
:10D48000294620462A9721B0BDE8F04F03F09ABE06
:10D4900001231A4619A90DF16600F5F7E3FC0028EF
:10D4A0007FF4FAAB08F101085FFA88F8013602F060
:10D4B000F9FA5FFA86FA50453FF609AEB8F1000F67
:10D4C0003FF430AC32E400BFFD1300200F410020D8
:10D4D000963D00206285020035850200E74000206D
:10D4E00073B506460C46154607F0D1FF0DF106024E
:10D4F0000146304607F07FFE0C4E034680B90122FC
:10D5000032702288BDF8061022B10246072001F0D1
:10D5100055FE28B1BDF806202146284601F015FE2B
:10D52000034A00231360337002B070BD294100200C
:10D53000D0390020024B1B7803700020704700BFD9
:10D540000C410020024B93F900300370002070471B
:10D550000B410020044B1B7813B1044B1888704713
:10D560004FF6FF70704700BF294100201E3E00208B
:10D5700008B5064B1B783BB1054B196821B1082251
:10D5800004F000FB002008BD7020FCE729410020CA
:10D59000D039002030B519498BB014237F22098877
:10D5A00005460DEB030001F08EFCBDF81430DA07E0
:10D5B00021D413F0060FC3F3410208BFC3F3412285
:10D5C0000F4B9C5C0DF116012246684604F008FBE7
:10D5D00004F12802BDF826306A44023402F8283CDF
:10D5E0001B0A02F8273C69462A46E0B207F01EF8FB
:10D5F00000200BB030BDB720FBE700BFEA5C0200A3
:10D600006D85020010B58AB00446ADF826200022D0
:10D61000CDE9052204920CAA02924FF6FF72019204
:10D62000074AAC2104FB01220120603200920390E2
:10D630000DF126024CF6200107F0BBFC0AB010BD2C
:10D64000D838002010B5204AB2F86800B2F85E1051
:10D65000B2F85C308AB04FF6FF74A042ADF82600F5
:10D66000ADF824104FF6FD7018D081424FF0000045
:10D67000CDE90500CDE90300CDE9010094BF09AA79
:10D680006032009294BF48F660014CF660010DF1E3
:10D690002602042007F08DFC0AB010BD814288BF2D
:10D6A00060324FF0000098BF09AA0092CDE9050052
:10D6B000CDE90300CDE90100044A8CBF4CF660417E
:10D6C00048F66041E5E700BFD83800204239002025
:10D6D00000B54FF6FF738BB00022CDE90522CDE9EE
:10D6E0000322CDE90132074A00924CF640010DF1C8
:10D6F00026020620ADF8263007F05BFC0BB05DF883
:10D7000004FB00BF3839002000B50E4B8BB000225F
:10D71000B3F85E30ADF82430CDE90522CDE903221F
:10D72000CDE9012209AA4FF6FF7300924FF4006180
:10D730000DF126020720ADF8263007F03AFC0BB0B9
:10D740005DF804FBD8380020034B1A781AB1FF2A81
:10D7500004BF00221A7070472B41002070B5084C9E
:10D76000084E2378F55C1DB107483E2101F09CFB73
:10D770002378FF22F25400232370284670BD00BF97
:10D780002A4100202B41002072850200034B044AED
:10D790001B78D05CFF3818BF012070472A41002059
:10D7A0002B41002010B508490822044604F0DAF99C
:10D7B000B0FA80F0228940094FF6FF7340009A4288
:10D7C00008BF40F0010010BD8685020030B5044658
:10D7D00085B00D4602B9084A1068516801AB03C311
:10D7E00001AB03CBADF80C501B8820602046616074
:10D7F000238105B030BD00BFF55D02001FB50146B5
:10D80000002201A8FFF7E2FF064801A907F0C6FCC5
:10D8100020B1F5F7DBF94089C0F3400005B05DF8B1
:10D8200004FB00BFE213002030B585B00D46002296
:10D83000014601A8FFF7CAFF084801A907F0AEFC9E
:10D8400050B1F5F7C3F9044601460822284604F012
:10D8500099F96089C0F3400005B030BDE2130020A3
:10D86000F8B50546F8B11048002105F034FE04462D
:10D87000A8B10D4F2046F5F7A9F90646FFF792FF2C
:10D88000830705D408222946304604F06BF938B1E5
:10D890002146384605F075FE04460028EAD10024EA
:10D8A000201E18BF0120F8BDE213002010B50C4661
:10D8B0000146064807F072FC30B1F5F787F9438955
:10D8C0001C4214BF0120002010BD00BFE213002045
:10D8D0001FB51446024601A8FFF778FF074801A9C3
:10D8E00007F05CFC40B134B1F5F770F91422014641
:10D8F000204604F047F9012004B010BDE2130020D7
:10D900001FB50146002201A8FFF760FF094801A9E1
:10D9100007F044FC58B1F5F759F94389024613F072
:10D92000020004D0507B80F00800C0F3C00005B0B6
:10D930005DF804FBE2130020F7B59DF82440019444
:10D940009DF8204000940D4606461F4607F0FDFA5C
:10D950004FF6FF718842044610D0BB0711D4284609
:10D96000F6F7C2FC204607F010FBFF281FBF084A4D
:10D9700032F8103023F4804322F81030204603B0F0
:10D98000F0BD02462946304607F02DFCEAE700BF0D
:10D99000983D002073B50E460146144807F0FEFB83
:10D9A0000546D8B1F5F712F943893340044612D041
:10D9B0009B0736B20BD5002E09DAA17B437B028987
:10D9C000007B0191012100912146FFF7B5FF63899A
:10D9D00023EA06036381628912B1012002B070BD9F
:10D9E0002946024805F0F6FDF7E700BFE2130020E4
:10D9F0000148F4F711BF00BFE21300202DE9F04306
:10DA00008FB007469DF858800C4615461E46F8F71D
:10DA10001FFD20B1F5F708FD08B144F400544A4B4E
:10DA20001B7813B924F40074A4B2200509D546B9B3
:10DA300004A92846F5F724FE002840D024F4006409
:10DA4000A4B2ADF81840ADF81A5005F0B9FF3F4B3D
:10DA5000ADF81C00B8F1000F02D01A78424501D28F
:10DA600093F800803A4A8DF81E8013780133E1055F
:10DA7000DBB213704CBF0DF1210108A922058DF80E
:10DA80001F3004D533680B6073684B600831E304C2
:10DA900005D5304A13680B6053684B6008310DF1AF
:10DAA0001808A1EB08005FFA80F900214846F5F755
:10DAB00053F9064628B900200FB0BDE8F08304AE44
:10DAC000BFE7F5F783F841464A4604F089F8304647
:10DAD000F5F798F880463046F5F778F800230246C7
:10DAE00000935FFA88F104234FF6FF7005F057FCAE
:10DAF000ADF80E000028DED040F201131C421AD10E
:10DB00004FF6F7739D4216D8F5F77CF80DF10E012C
:10DB10000446284600F08AFDBDF80E00F5F772F8BD
:10DB2000E4B2A04207D9BDF80E0005F085FC4378A9
:10DB300043F004034370BDF80E003A460121F5F7A7
:10DB4000E3F8BDF80E00B7E7303F0020F1130020E6
:10DB5000323F0020E7400020F0B50829D58889B081
:10DB600028D00C2926D0AE0424D405F040030B4362
:10DB7000424C267816B105F0200423432FB2002F23
:10DB8000B8BF43F08003032920D11223AC068DF8DF
:10DB90000430937A10D48DF805300DF1060401A9F4
:10DBA000621A0123D2B2F5F75DF9B0FA80F04009AC
:10DBB00009B0F0BD0B46DBE732228DF804208DF86A
:10DBC0000530002EE9D00DF11304E8E70C298DF89B
:10DBD000043009BF138953798DF805301B0A0BBF38
:10DBE0008DF806308DF805300DF107030DF10603B1
:10DBF00054881C70240A5C7014889C700239240AB2
:10DC0000DC70012914791C7111D8917A5971002F97
:10DC100031DA1289DA710221120A997103F10904C9
:10DC20001A72002EBBD0AB06B9D50534B7E7A907E9
:10DC30001AD4002F0CDA117A51B1917A59711189E5
:10DC4000127A03F1080492B102229A71D971E8E7BD
:10DC50000B4C2178917201F1010C84F800C09C1DDD
:10DC6000002F5971DDDAEAE7917A9C1DF8E701226D
:10DC70009A71090AEAE79C1DD3E700BF303F0020F4
:10DC8000313F0020014B1870704700BF293F002032
:10DC9000F7B50D4604460021284616461F46F7F7FD
:10DCA0001BFA0A4B002183F859402A460097334655
:10DCB0002046FFF7A7FC014630B102222046F5F7C7
:10DCC0004BFDC0B203B0F0BD0120FBE7D838002007
:10DCD000034B04481A780021920003F06DBF00BF87
:10DCE000FD1300204C2A002010B5134B1B788342F3
:10DCF00086B00C4612D9114900EBC00001EB40017F
:10DD000008220631204603F03DFF0022082120466C
:10DD100005F006FE80F00100C0B206E0C01A01A9BD
:10DD2000C0B207F015F910B1002006B010BD01AB6C
:10DD300003CB20606160E8E7FD130020643D002014
:10DD400008B5074B53F820308B42024606D9152000
:10DD50004FF6FF7102F0A9FD002008BD0120FCE78D
:10DD60004C2A0020024B013143F82010704700BFBD
:10DD70004C2A00202DE9F3472B4EDFF8B4A0814652
:10DD80000C4600279AF80030FDB2AB4210D8694625
:10DD9000204607F0FEF8C0B308226946484603F063
:10DDA000E1FE90B34946204606F081FAFE2537E0B1
:10DDB00006F1060808224146484603F0D3FE90B912
:10DDC0004FF6FF739C422BD03388A34228D02046C5
:10DDD00007F0DBF8FF2814D14946204602B0BDE821
:10DDE000F047F6F7A7BA14B912360137CAE73388F5
:10DDF000A342F9D100220821404605F091FD0028F8
:10DE0000F2D12846F6F76AF9CCE74946002007F038
:10DE1000BAF8FF28054603D0044B1B780344DDB253
:10DE2000284602B0BDE8F087643D0020FD130020C5
:10DE30002E3F00200F4B1B7883420CD8C01A0E4A8D
:10DE4000C0B232F81030D90411D443F4805322F810
:10DE5000103001207047094B00EBC00003EB40037A
:10DE60005A79D10603D442F010025A71F1E700202A
:10DE7000704700BFFD130020983D0020643D002046
:10DE80002DE9F843074600F0F1FF05461B4805F071
:10DE900007FD1B4B60B31C683C1B2C44A4B2194B00
:10DEA000DFF868901B78184D99F8006003EB830346
:10DEB00005EB430500225FFA82F846450AD9AB8894
:10DEC000A34205F10A0016D9B21A0A235A43294679
:10DED00003F058FE013689F80060AC80B8F1000FFD
:10DEE00003D106483946F5F7A3F82846BDE8F8837C
:10DEF0001D603C46D3E701320546DCE78C13002069
:10DF0000D43900202C410020923C00202D410020DB
:10DF10001FB5154A154C1378013BDBB213706168CD
:10DF2000206801AA03C221891180114A1278D218EF
:10DF300005D00A235A43E118204603F023FE9DF83A
:10DF400006301B070DD0BDF80C00FFF799FF828843
:10DF5000ADF8082001AA034603CA12881860596068
:10DF60001A8104B010BD00BF2C410020923C00205B
:10DF70002D41002008B5094B094800211970094BB3
:10DF80001970094B1A7802EB8202520003F014FE5A
:10DF9000BDE808400548F5F7E7B800BF2D4100206F
:10DFA000923C00202C410020FB1300208C13002009
:10DFB000F8B5094D094F0A4E00243B783178E2B29A
:10DFC0000B449A4204F1010400DBF8BD2846F4F743
:10DFD00023FC0A35F1E700BF923C00202D410020D0
:10DFE0002C41002010B5064C207828B1054806F0D9
:10DFF0007BF810B1034B188810BDFFF789FFF3E7DA
:10E000002C410020923C002008B50A4A03461078B3
:10E0100060B1094A1088984209D121B99378103328
:10E0200023F00F039370FFF773FF012008BD00205A
:10E03000FCE700BF2C410020923C00202DE9F74F67
:10E0400000F014FFDFF8F8803A4CB8F800C0DFF8B1
:10E05000F490394D99F800701FFA80FEAEEB0C0376
:10E060009BB2019323780093002603EB830305EB17
:10E0700043033A46B246ACEB0E0CB3465FFA86FE5B
:10E08000BE4515D3BAF1000F01D0009B2370BA42F0
:10E090002AD3002F37D02378C8F800000A2202FBC9
:10E0A00003532648998803B0BDE8F04FF4F7C0BF8A
:10E0B000B3F804E001998E4512D8009993F802E074
:10E0C000A3F804B001310EF1FF3EC9B2013A83F862
:10E0D00002E00091D2B24FF0010A0A330136CDE7D7
:10E0E000E644A3F804E0F8E789F800204AB1237871
:10E0F000C8F800000A2202FB035310489988F4F77D
:10E1000097FF237813B903B0BDE8F08FFFF76AFFDC
:10E1100006460028F5D005F0C3F80146304605F064
:10E12000E0FF20B100212888FFF76EFFE9E76621B4
:10E13000F9E700BF2C410020923C00208C13002006
:10E14000D43900202D41002038B50E4B05460E482D
:10E150001C88F4F759FF012D0CD10C4B1C88FA21B7
:10E16000614358B1884209D28408012C204638BF47
:10E17000012038BD022D08BF0224F0E70248F4F761
:10E1800057FFF2E78E3C0020EC2A00208C3C002058
:10E1900008B5064B064801221A700021F4F748FF23
:10E1A000BDE808400020FFF7CFBF00BF1C3F0020A4
:10E1B000EC2A00201E4B1A8802F108039BB2012BA7
:10E1C00073B502D81B4B1B7823B902B0BDE8704071
:10E1D000F4F7CABF184B194D00241C70184B1C7063
:10E1E0002B787BB1174E4FF6FC7300933088234693
:10E1F0002246214606F05FFE4FF6FD732C703380F9
:10E2000001200FE0104B1046197805F068FF002838
:10E21000F6D10C4B1A884FF6FD739A42F0D00123C9
:10E220002B70022002B0BDE87040FFF78DBF00BF29
:10E23000903C00201C3F00201F3F00201D3F00207D
:10E240001E3F00208A3C0020203F0020012808B506
:10E250000AD002280CD020B9084B18700848F4F7EF
:10E2600083FF4FF0FF3008BDBDE80840FFF790BFC7
:10E27000BDE808400020FFF767BF00BF1C3F00203B
:10E28000EC2A002002280CD859B1064A1378013331
:10E29000DBB21370044A12789A4202D80220FFF7C8
:10E2A000D5BF70471E3F0020213F002038B500F148
:10E2B0005703DBB2012B04460D4615D80D4A1378DF
:10E2C0000133DBB213700C4A12789A420CD80B4B14
:10E2D00019884FF6FD72914201BF1D80084B002244
:10E2E0001A700020FFF730FF29462046BDE838406D
:10E2F00001F07DB81F3F0020223F00208A3C002013
:10E300001D3F0020064A00231370064A1370064A78
:10E310004FF6FD711180054A1370054A137070475E
:10E320001F3F00201E3F00208A3C00201D3F002090
:10E330001C3F002030B5094B1B78024633B1084B17
:10E34000084C19780023D8B2884201D3FF2004E09A
:10E35000013334F823509542F5D130BDFA13002033
:10E36000243F00206A3C0020054B064800221A701A
:10E37000054BFF211970054B1A78920003F01CBC65
:10E38000243F00206E3C0020233F0020FA13002091
:10E39000F7B58DF807100DF10701044600F074FF82
:10E3A000234B1D78002D41D02046FFF7C3FF214E9F
:10E3B000214B3178FF2805D1204A107885422DD98C
:10E3C000451C1570884219D01C4A1B4D92F800C09C
:10E3D0000022D7B2BC450CD92F46013297F803E092
:10E3E000864505F10405F4D102B203EB8202D2782E
:10E3F000FA7002B203EB8202D170307002B203EB0A
:10E40000820123F82240FF228A709DF80720FF2A0C
:10E4100002D003EB8203987003B0F0BD0A461046A9
:10E4200003EB8202D278FF2AF9D1CBE7FF20F3E792
:10E43000FA130020233F00206E3C0020243F0020E0
:10E440002DE9F843FFF776FFFF2804466AD0364FE0
:10E45000DFF8E080354E03B24FF6FF7227F8232035
:10E4600098F80050A54202D10020BDE8F88320B200
:10E470003378810007EB8000A34290F803E011D0CD
:10E48000294A00235FFA83F94D45944607D99CF841
:10E490000390A14503F1010302F10402F2D18CF8CB
:10E4A00003E001E086F800E0013DEDB22A1BD2B2A4
:10E4B00004319200394403F065FB88F8005033784A
:10E4C000FF2B04D0A34224BF03F1FF333370164B5C
:10E4D00000214FF6FF70CAB2AA420CD3144A00239F
:10E4E0004FF6FF71DCB2AC42BAD2013332F82300EE
:10E4F0008842F7D1B4E79A78A2420BD11880DA7833
:10E50000FF2A04D0A24224BF02F1FF32DA700131A7
:10E510000433E0E7FF2AF2D0A24224BF02F1FF3227
:10E520009A70ECE70320A0E76E3C0020233F002018
:10E530006A3C0020243F0020F8B51C4B1B780546A0
:10E54000084673B3FFF7F6FEFF28044629D0284695
:10E55000FFF7F0FEFF2806D0154B164E1A78002361
:10E56000D9B2914218D3FF212846FFF711FFFF28A7
:10E57000014616D0104F054623B207EB830237F849
:10E5800023009678FFF704FFA84208BFFF25FF2E5F
:10E59000214608D12846F8BD013316F823108142E0
:10E5A000DED1FF25F6E73446E6E700BFFA13002088
:10E5B000243F00206C3C00206E3C00202DE9FF41F0
:10E5C0004FF0000C9DF828508DF80FC00DF10F0C86
:10E5D000CDE9005C1F4606468846144600F024FE3E
:10E5E0009DF80F3093B941463046E8F707F90E4BD6
:10E5F0001B785BB10B2C09D83046FF21FFF7C8FE12
:10E6000005EB44040646E4B2A54202D104B0BDE8DD
:10E61000F0812946384605F0CFF83146FFF7B8FEBD
:10E6200002350646EDB2EFE7FA1300202DE9F34775
:10E6300000230DF107028DF8073004460E4600F066
:10E640000EFE9DF80730054663B92046FFF772FEBF
:10E6500004465EB13088F4F7D5FA5FFA80F8FF2CF3
:10E6600046D10025284602B0BDE8F087B046F6E75F
:10E6700001320C2AF5D02DB207EB8505AD78FF2DC0
:10E68000F6D112F0FF0AECD04FEA4A050235EDB29E
:10E69000002EE7D008EB0501C9B2304605F026F898
:10E6A0000028DED1308852464146F4F793FC0AF147
:10E6B000FF3208F1010108F102093088D2B2C9B273
:10E6C0005FFA89F9F4F786FC24B207EB8404A47896
:10E6D000FF2CC7D023B2308837F82320494605F0F5
:10E6E0007BF80028BDD109F102095FFA89F9EBE74F
:10E6F000014F25460022BEE76E3C00200023036048
:10E70000704703680B6001607047FEE7FEE74FF457
:10E71000004070474FF47A707047704713B5044655
:10E7200001A8E3F7E7F99DF80630238040F20113D2
:10E730006380E3F7FDF96060002002B010BDE3F7ED
:10E7400091B808B5E3F77EF8002008BD10B504467F
:10E7500044EA010313F00303084609D1934201D1AF
:10E76000002010BD54F8231040F823100133F5E7C2
:10E770009200214603F034FAF2E7704708B5E1F75A
:10E78000F7FF013008BDEFF3108072B6704700B993
:10E7900062B67047602383F311887047EFF31180EE
:10E7A000602383F31188704780F31188704784B029
:10E7B0000B6800934B6801938B680293CB680393BB
:10E7C000009B0360019B0360029B0360039B03604B
:10E7D0000023009301930293039304B0704784B025
:10E7E000036800930368019303680293036803932B
:10E7F000009B0B60019B4B60029B8B60039BCB607B
:10E800000023009301930293039304B0704730B543
:10E81000D1E90223D1E9005405600460026003607D
:10E8200030BD30B50568046802680368C1E900546A
:10E83000C1E9022330BD7FB58A0704460B4610D0DC
:10E840006D4601F11006186859682A4603C208335C
:10E85000B3421546F7D169462046FFF7D8FF04B00A
:10E8600070BD0091009904B0BDE87040FFF7CFBFC4
:10E8700030B58B0785B00C4610D06946FFF7D1FF45
:10E880000D46234604AC2A4603CAA24218605960CA
:10E89000154603F10803F6D105B030BD009100998B
:10E8A00005B0BDE83040FFF7BCBF00F1424303F5BF
:10E8B0008013102A10B54FEA43130AD101221A60BF
:10E8C00000F58870FFF773FF1031BDE81040FFF7C7
:10E8D0006EBF00221A602430F7E7F0B50B469907A7
:10E8E00089B0044615462DD0082A19D16D4603F18A
:10E8F0001006186859682A4603C20833B342154601
:10E90000F7D1082269462046FFF7CFFF03226B4666
:10E910000020013A186003F10403FAD209B0F0BDF7
:10E920006E4603F1200718685968324603C208335F
:10E93000BB421646F7D12A4669462046FFF7B5FF87
:10E940000722E4E70093009909B0BDE8F040FFF723
:10E95000ACBF10B52030FFF742FF102A04D1BDE84C
:10E9600010401031FFF73BBF10BD30B58B0789B0A9
:10E970000C46154625D06946FFF7EBFF082D6A4681
:10E9800013D104AD134603CBAB42206061601A463D
:10E9900004F10804F6D103226B460020013A186006
:10E9A00003F10403FAD209B030BD08AD134603CB1E
:10E9B000AB42206061601A4604F10804F6D10722D8
:10E9C000EAE70091009909B0BDE83040FFF7C1BF08
:10E9D000704770477047E2F7BBBBE2F74BBB70B5BF
:10E9E00005460E461446FFF7CEFE2B685C403440C9
:10E9F0005C402C60BDE87040FFF7C9BEE2F77ABF0B
:10EA000038B5E3F7D3F88B7C04460D461BB1036899
:10EA100043F080430360EB7C1BB12B7D43F080030C
:10EA2000A3652A8A6B7B1343EA89134363602B7BBC
:10EA3000D5E901122046E3F787F86B7D1BB1236807
:10EA400043F480332360AB7D1BB1236843F4004360
:10EA50002360EB7D2A7E1B07120502F4E00203F01F
:10EA6000E04313432366636F23F030036367626FF1
:10EA70006B7E134363672B78E36038BD03691B0625
:10EA8000FCD5C069C0B2704703695B06FCD5416321
:10EA90007047002070470020704700207047012019
:10EAA0007047012070470F207047ECF735B94FF0E1
:10EAB000FF3003F071BD704770B504460D46FFF797
:10EAC00062FEA36A102B064604F10501284614BF16
:10EAD00010220822FFF701FF05F1840004F14C0128
:10EAE000FFF7A9FE3046BDE87040FFF750BE2DE9A4
:10EAF000F043074685B016461C460D4631B9E3F78C
:10EB00009BF9054601463846FFF7D6FF44B3FFF7A9
:10EB10003AFE97F842308046F3B10E2200210DF103
:10EB2000020003F049F80E2CBB8DA14628BF4FF020
:10EB30000E095BBA31464A460DF10200ADF80030CD
:10EB400003F04EF869462846E3F79AF90023A4EB50
:10EB500009044E4487F842302CB94046FFF717FEAF
:10EB600005B0BDE8F083102C27464FF0100228BFF7
:10EB700010270021684603F01FF831463A466846E0
:10EB800003F02EF869462846E3F77AF9E41B3E4481
:10EB9000E2E72DE9F04F8BB00546DDF85080169E78
:10EBA00017469A460C464FF0010900297BD1E3F73E
:10EBB00043F9CDF8009004462B6E2F714FF00009F9
:10EBC0005FFA88F7EB62C5F8449085F86C704246AE
:10EBD000514605F15C00019303F002F8159A019B80
:10EBE000C7F10F0B023AC7F10E07B3EB0903FFB2EF
:10EBF0004FEA520247EAC20218BF012342EA8313D6
:10EC0000514642460DF109008DF8083002F0E8FF48
:10EC100006AA4B465FFA8BFB9146D9B28B4547D883
:10EC2000002E59D166602660FFF7ADFDAB6A0190FA
:10EC3000102B14BF10220822691D2046FFF74DFE3D
:10EC4000C4F8886002A9C4F888602046C4F88860C7
:10EC5000C4F88860E3F714F90198FFF798FD42467D
:10EC600051460DF119008DF8187002F0B9FF08F146
:10EC700001005A463146484402F09EFF01238DF8B8
:10EC80002730FFF780FD04F18407064649463846E1
:10EC9000FFF7D1FD3046FFF77AFD009B6BB90020EE
:10ECA0000BB0BDE8F08F002380F84290009383E71B
:10ECB00002F8016D0133360AAFE7FFF764FD05F195
:10ECC0004C0106463846FFF7D3FD3046FFF75FFD9F
:10ECD0002046E3F7BBF8E2E76FF08600E0E7014487
:10ECE0000023884200D1704700F8013BF9E72DE985
:10ECF000FF47DDF83890DDF848800C460646174699
:10ED00009A46E3F799F80C9BC6F860902246009368
:10ED10000146CDE90187054653463046FFF739FFE6
:10ED20000446C8B90D9A4B4629463046FFF7DFFE28
:10ED30003FB1109B00933A460F9B29463046E3F7BC
:10ED400009F9119A434629463046E3F7A7F80446E5
:10ED500010B92846E3F77AF8204604B0BDE8F087FA
:10ED60002DE9F8431546894607469846E3F764F8C7
:10ED70000023436003600446FFF705FDB9F1100F5F
:10ED800014BF102208223946064604F180072046A7
:10ED9000FFF7A3FD41463846FFF74DFD3046FFF72C
:10EDA000F6FC012D0CBF05230623A360256915F091
:10EDB0000205FBD1FFF7E7FC089906463846FFF746
:10EDC00057FD3046FFF7E3FC2046E3F73FF82846BF
:10EDD000BDE8F8832DE9F04190461E46054678B31C
:10EDE0008B422DD1E3F728F80023436003600446EB
:10EDF000FFF7C9FC102E074614BF1022082229462F
:10EE00002046FFF76AFD3846FFF7C1FC0523A360E3
:10EE1000256915F00205FBD1FFF7B5FC102E14BFD4
:10EE200010220822414607462046FFF79EFD38463D
:10EE3000FFF7ADFC2046E3F709F82846BDE8F0816E
:10EE40006FF08600FAE713B50223002468460094A9
:10EE50008DF804408DF80530E2F72CFA204602B018
:10EE600010BD08B5E3F758FD80B208BD08B5E3F75B
:10EE700053FD08BD08B5FFF7F9FFFA23B0FBF3F027
:10EE800080B208BD012070470420704740F2016045
:10EE9000E3F70CBE704770477047032000F01EB8C0
:10EEA0000120704742DE704738B504460D4604F035
:10EEB00033F900F020F8FFF76DFC29462046BDE845
:10EEC0003840FFF7EFBF10B404460846114622460B
:10EED0005DF8044BE5F764B8E5F7A4B8E5F7E2B8E8
:10EEE00010B404460846114622465DF8044BE5F787
:10EEF000F7B8E5F777B9704710B5FFF744FC04465B
:10EF0000E3F7A8FF2046BDE81040FFF740BC70477C
:10EF1000FFF761BD70477047012070474FF41670CE
:10EF2000E4F7B0B82DE9FF410D4616461F460446EA
:10EF3000A8B14FF00008C0F81C80E4F7E5FBBDF86D
:10EF40002C3002939DF828304246CDE900732946C3
:10EF500033462046E4F73EFB04B0BDE8F0812220B2
:10EF6000FAE7F0B587B01F4600230D4616468DF828
:10EF700017300446A8B1C3610DF11701E4F7F4FBA3
:10EF80009DF817207AB9BDF8343002939DF83030DF
:10EF90002946CDE9007320463346E4F71BFB07B052
:10EFA000F0BD2220FBE70320F9E738B5FFF7F6FBB9
:10EFB0000546E4F743FE04462846FFF7F5FB2046E6
:10EFC00038BD08B5E9F72AFB02F0FCFC02F0FBFCB7
:10EFD00002F000FDBDE8084002F00BBD08B502F0EC
:10EFE00009FD02F008FD02F007FDBDE8084002F04F
:10EFF0000ABD704707B503469B0753BF6FEA01413F
:10F000004FF6FF7343EA01416FEA11410422019177
:10F0100020F003000DEB0201FFF7F0FC03B05DF8F8
:10F0200004FB41EA000313F001032DE9F04104461B
:10F030000E4615463FD1002A3BD04FF6FF7234F8FA
:10F040001310914205D036F8131011B14B20BDE8D2
:10F05000F0810133AB42F2D1E2F7F4FB012D01D094
:10F06000A3070ED531882046FFF7C4FF10B1E2F7A1
:10F07000F9FBEBE7013D012D04F1020406F1020664
:10F080000ED925F001084FEA48073A463146204696
:10F09000FFF7B4FC0028EAD13C443E44A5EB080548
:10F0A0002DB131882046FFF7A5FF0028DFD1E2F718
:10F0B000D9FB0020CBE70120C9E708B5FFF71BFF0C
:10F0C000BDE80840F4F7A2BA10B51446E5F756F9C2
:10F0D0002146BDE81040F3F7ABBF08B5E5F74EF9A0
:10F0E000BDE808400021F3F7A3BF08B5E5F746F9EE
:10F0F000BDE80840F4F738B87047704708B5FFF727
:10F10000FAFEFFF7FAFF02F0E0FCBDE80840E5F781
:10F110006FB9704738B50546FFF735FB0121044646
:10F120002846E3F723FF2046BDE83840FFF72FBB12
:10F13000012070470120704708B5E5F711FA002853
:10F140000CBF0420012008BD704770B504460D4671
:10F15000164601F019F932462946204602F0B6FC5F
:10F16000324629462046FFF7EFFFBDE8704001F028
:10F170000DB92DE9F34104469DF820800D46164651
:10F180001F4601F001F9CDF800803B463246294682
:10F19000204600F01AFC02B0BDE8F04101F0F6B8DC
:10F1A000704708B501F0F0F802F093FCFFF7F8FFA4
:10F1B000BDE8084001F0EAB8012070472DE9F041B0
:10F1C00004460D4616461F4601F0DEF83B46324621
:10F1D00029462046FFF7F0FF3B4680463246294647
:10F1E000204602F078FC01F0D1F84046BDE8F081FD
:10F1F000012070472DE9F04104460D4616461F4692
:10F2000001F0C2F83B46324629462046FFF7F0FFA0
:10F210003B46804632462946204602F05DFC01F01E
:10F22000B5F84046BDE8F0812DE9F743DDF82C90B4
:10F230009DF8288004460D4616461F4601F0A4F8A6
:10F24000CDE900893B4632462946204602F045FC7E
:10F2500003B0BDE8F04301F099B800207047F8B55D
:10F2600004460D46164601F08FF8324629462046E0
:10F27000FFF7F3FF324607462946204602F02EFCF0
:10F2800001F084F83846F8BD38B504460D4601F063
:10F290007BF82946204602F022FCBDE8384001F008
:10F2A00075B810B5044601F06FF8204602F018FC5E
:10F2B0002046E9F74BF9BDE8104001F067B8704708
:10F2C00038B504460D4601F05FF82946204602F0A5
:10F2D00010FC29462046FFF7F2FFBDE8384001F058
:10F2E00055B8704770B504460D46164601F04CF807
:10F2F00032462946204602F0FEFB32462946204689
:10F30000FFF7EFFFBDE8704001F040B8704738B537
:10F3100004460D4601F038F82946204602F0EDFB80
:10F3200029462046FFF7F2FFBDE8384001F02EB82D
:10F33000704738B5044601F027F8204600F0E3FA9C
:10F340000546204602F0DBFB29462046FFF7F0FF8A
:10F3500001F01CF8284638BD704738B5044601F066
:10F3600013F8204600F0FDFA0546204602F0C8FBDF
:10F3700029462046FFF7F0FF01F008F8284638BD7F
:10F38000704710B5044600F0FFFF204602F0B9FBBD
:10F390002046FFF7F5FFBDE8104000F0F7BF7047CB
:10F3A00038B504460D4600F0EFFF2946204602F02E
:10F3B000A9FB29462046FFF7F2FFBDE8384000F0E0
:10F3C000E5BF704770B504460D46164600F0DCFFF9
:10F3D00032462946204602F096FB32462946204610
:10F3E000FFF7EFFFBDE8704000F0D0BF704738B5C1
:10F3F00004460D4600F0C8FF2946204602F084FB73
:10F4000029462046FFF7F2FFBDE8384000F0BEBFB6
:10F41000704738B504460D4600F0B6FF2946204631
:10F4200002F073FB29462046FFF7F2FFBDE83840A3
:10F4300000F0ACBF704710B5044600F0A5FF2046B1
:10F4400002F064FB2046FFF7F5FFBDE8104000F036
:10F450009DBF704710B5044600F096FF204602F0AD
:10F4600056FB2046FFF7F5FFBDE8104000F08EBFC9
:10F47000704738B504460D4600F086FF2946204601
:10F4800002F046FB29462046FFF7F2FFBDE8384070
:10F4900000F07CBF704710B5044600F075FF2046B1
:10F4A00002F037FB2046FFF7F5FFBDE8104000F003
:10F4B0006DBF704738B504460D4600F065FF29461C
:10F4C000204602F027FB29462046FFF7F2FFBDE861
:10F4D000384000F05BBF704770B504460D4600F041
:10F4E00053FF2946204602F017FB2046F3F78AFB1C
:10F4F00006462046F3F76AFBF1B202462846FFF7BC
:10F50000EAFFBDE8704000F041BF704730B50446E7
:10F5100085B000F039FF204602F0FFFA00230DF11C
:10F520000F008DF80E308DF80F30FEF70BF80DF14F
:10F530000E00FDF7FFFF6088F3F764FB0546608867
:10F54000F3F744FBEDB2019000959DF90F309DF863
:10F550000E2061782078FFF7D8FF00F017FF05B084
:10F5600030BDB5207047B520704738B5044600F06F
:10F570000BFF2046FFF7F7FF0546204602F0CEFAC4
:10F580002046FFF7EEFF00F001FF284638BD82B0AD
:10F5900002AB03E9060002B0704737B505466C467A
:10F5A00084E8060000F0F0FE94E80600284602F029
:10F5B000B6FA94E806002846FFF7E9FF03B0BDE875
:10F5C000304000F0E3BE002070470020704738B59F
:10F5D000044600F0D9FE2046FFF7F7FF0546204617
:10F5E00002F0A6FA2046FFF7EEFF00F0CFFE284615
:10F5F00038BD704708B502F09CFAFFF7FAFF08BD66
:10F6000008B500F0C1FE02F095FA02F0D9F9BDE8A4
:10F61000084000F0BBBE00207047704708B5E5F712
:10F6200047F8BDE80840E5F74BB800207047E5F71C
:10F630005FB813B500230C46CDE9003301461A46E6
:10F64000E0B2E5F711FB02B010BD13B5002314467C
:10F65000019000930122E0B2E5F706FB02B010BD75
:10F660007047194491420ADC4218002003B97047E0
:10F6700012F8011D013B01EB0020DBB2F6E7002090
:10F680007047982808B513D88F281ED900F170024A
:10F69000D2B20123934013F4A97F10D1DB0714D514
:10F6A000902813D1F3F712FEBDE8084000F01EBE0B
:10F6B000BC280BD007D85530C0B2042805D8BDE807
:10F6C000084000F0CCBFBF2800D008BD00F00DFE00
:10F6D00000F00CFEE8E710B586B0089C0494002406
:10F6E000CDE902440124CDE9003413460A4601461F
:10F6F0000620E5F707FC06B010BDF0B502288BB078
:10F7000005460E4614461F460AD106A9F0B205F07A
:10F71000DEFA98B99DF8193023719DF81C30637199
:10F72000119B04930023CDE902330193109B0093B6
:10F7300022463B4631462846E5F7E4FB0BB0F0BDD8
:10F74000FE2828BFFE20E5F707BDB1F800C0F8B5D8
:10F7500005460C4616461F46BCF1000F1AD102F0B2
:10F76000ECF970B93B4632462146284602F0E7F9EB
:10F77000628848F221039A4203D17178284600F04A
:10F78000A6FD6388B3F5004F02D9082000F0B4FD50
:10F790000120F8BD0020FCE72DE9F04788B099462C
:10F7A0000C469246BDF84080119F0646FDF7D2FEFA
:10F7B000CDE9034705468DF80860ADF81480ADF833
:10F7C00016008DF818A08DF8199000F02FF98DF81B
:10F7D0001A0000F02DF900238DF81B0002A88DF807
:10F7E0001C3000F078FDA8B943463A462146284629
:10F7F00000F04FFE70B943463A4621462846FFF7CF
:10F80000A4FF38B9CDE9005043463A463146204678
:10F81000E6F744FF08B0BDE8F08770471FB50B4618
:10F820006A460146184604F001FF6A460823002094
:10F8300032F8021B013B13F0FF0380EA0100F7D10D
:10F84000012838BF012080B205B05DF804FB2DE926
:10F85000F74F9846DDE90C3B07460E4614464146F5
:10F8600000221846BDF838909DF83CA0019303F0A3
:10F870001BFE0546002840D0019B41461846FFF775
:10F88000CDFFABF80000062F3BD8DFE807F00404FB
:10F89000040D162A21002B4622463146384603B075
:10F8A000BDE8F04FF9F786BB0C222B4611462046E7
:10F8B00003B0BDE8F04FF9F767BBE27A2B4611467B
:10F8C0002046CDE90C9A03B0BDE8F04FF9F73ABBFA
:10F8D0002B460C222146304603B0BDE8F04F05F020
:10F8E000C0B80D95E37A0C935246234631464846FC
:10F8F00003B0BDE8F04FF9F70FBB182003B0BDE827
:10F90000F08F0220FAE77FB5054604F059F848B1B8
:10F910006B88B3F5006F05D1681D04B0BDE8704079
:10F9200000F0D3BC284600F0E5FC0446B8B9E6B2C6
:10F930006946304605F0CBF99DF800301843C0B257
:10F9400048B929463046FCF76BF910B1752806D046
:10F950008C2004B070BD01340A2CE8D1F8E78D206A
:10F96000F7E710B5044600F0C3FC08B18D2010BDC8
:10F970002046FCF72DF90028F9D07528F6D088200C
:10F98000F5E72DE9F04385B005460DF10E0014466C
:10F990000E46FDF7CFFD0DF10F00FDF7D3FD20461C
:10F9A0009DF80E809DF90F90F3F72CF9074620463D
:10F9B000F3F70CF94B46CDE9007042463146284634
:10F9C000FFF7EAFE05B0BDE8F0832DE9FF470546E5
:10F9D00018461E4690460F469DF830A0F3F7F6F8FD
:10F9E00081463046F3F70EF9044651462846E4B204
:10F9F000FEF748FC21464846FFF710FF5346CDE985
:10FA000001904246394628460094E5F7C3FB334649
:10FA1000424639462846CDF830A004B0BDE8F0474C
:10FA200002F056B803F0CCBFF3F7F6BCF9F738BBD9
:10FA30001FB56846FDF79CFDC8B902A9FCF772FA2C
:10FA4000082269460DEB020002F08CF810B9002084
:10FA500004B010BD02A90120FCF764FA082269462F
:10FA60000DEB020002F07EF890B90120F0E7FDF7FF
:10FA700071FD4FF6FF739842044609D00020FCF751
:10FA800069FA8442E3D00120FCF764FA8442ECD0A6
:10FA9000FF20DDE7E5F72EBCE5F7EABBE5F70CBC98
:10FAA000F5F76ABAE5F7B6BC70B506460C461546DA
:10FAB00000F032F860B10CB9002070BD002DFBD011
:10FAC000204600F04DFC013080B2A842F4D8F4E7A3
:10FAD000304600F027F840B1002CEDD0012DEBD9D5
:10FAE000204600F042FC0230EEE73046E5F74EFCDF
:10FAF000EBE770B50023051F9CB2A14201D800209E
:10FB000007E05C1C35F82460964203D100EB8300CB
:10FB1000408870BD2346EFE7413801288CBF0020A4
:10FB200001207047433801288CBF00200120704716
:10FB30000388B3F57C4F01D3E5F78CBC0846E5F7A5
:10FB400079BC10B50C46018862888A420DD1037BCE
:10FB500021790B4009D0B2F57C4F08D3E5F77AFC48
:10FB600023891B1A5842584110BD0020FCE7012090
:10FB7000FAE738B50D881446D28895420AD1038831
:10FB8000B3F57C4F08D2FFF7D3FF23891B1A5842E5
:10FB9000584138BD0020FCE70120FAE72DE9F84F75
:10FBA00090F804A0074689461546984600264FF06F
:10FBB000140BF3B29A4501D8002418E03A680BFB05
:10FBC00006F3D418D35A994519D12DB1802D11D1EE
:10FBD00094F90C20002A12DAB3F57C4F07D32046A3
:10FBE000E5F738FC804502D0B8F1000F07D1204678
:10FBF000BDE8F88F402D02D1227B5206ECD40136AD
:10FC0000D7E70121E5F7D4BB08B513460022E5F795
:10FC100045FD003818BF012008BD08B51346402235
:10FC2000E5F73CFD003818BF012008BD08B51346B4
:10FC30008022E5F733FD003818BF012008BD0023FE
:10FC4000E5F72CBD0021E5F78BBD7047002070471C
:10FC5000F8B516461F469DF81820BDF81C3005461D
:10FC6000E5F71CFD78B10421FFF7F0FF044650B121
:10FC7000284600F097FB3A4631462846A047BDE8A3
:10FC8000F84000F083BBF8BD2DE9F74FDDF8309068
:10FC90009DF834B01E460746BDF8383088461446F5
:10FCA0002AB3B9F1000F22D00EB392F804A099F84C
:10FCB0000020618812F0080F0CBF802240225046BD
:10FCC000E5F7ECFC98B10821FFF7C0FF054670B1DD
:10FCD000504600F067FBCDE9009B33462246414683
:10FCE0003846A84703B0BDE8F04F00F04FBB03B063
:10FCF000BDE8F08FF8B5BDF8187016461A463B46B9
:10FD00000446E5F7CBFCE0B177B90221FFF79EFF8F
:10FD10000546B0B1204600F045FB31462046A847D5
:10FD2000BDE8F84000F032BB1021FFF78FFF054619
:10FD300038B1204600F036FB3A4631462046A84707
:10FD4000EEE7F8BD73B5BDF8184016461A462346CF
:10FD50000546E5F7A3FCB8B1C4B92021FFF776FF4B
:10FD6000044670B1284600F01DFB099B00939DF8E6
:10FD70001C209DF8203031462846A047044600F05C
:10FD800005FB204602B070BD8624FAE70024F8E7A0
:10FD90002DE9F04186680446007800F003FB002559
:10FDA00014273279EBB29A4203D8BDE8F04100F053
:10FDB000EDBA7B4332682078D15A02EB030800F099
:10FDC00067FA01214046FFF741FF034608B120785A
:10FDD00098470135E5E72DE9F04F89B01C46BDF89D
:10FDE00048809DF84C3001939DF850300293924624
:10FDF0004346224607460D46E5F750FC8DF8147041
:10FE0000ADF816508DF81840ADF81AA0ADF81C806A
:10FE1000064618B9012009B0BDE8F08F05A9FFF723
:10FE200090FE0028F6D000252F46A8462C4634E048
:10FE30000C2331881FFA85F903FB09F97368B1F5C2
:10FE40007C4F33F8092003EB090B1AD333F8090070
:10FE500050452CD3019BA3422DD900F057FA9BF8B3
:10FE60000200E5F7F7FE029B43B19BF8043013F064
:10FE7000010F0CBF05200720E5F7ECFE0134A4B20A
:10FE800019E0ADF81A20594605AA30460393FFF74A
:10FE900070FE039B0028D9D101353289ABB29A425A
:10FEA000C6D804EB0800C31B58425841B3E708F119
:10FEB00001081FFA88F80137BFB2EDE72DE9F04FCE
:10FEC0008FB098469DF8703005930023BDF860A070
:10FED0008DF82C00ADF82E10ADF8322000930546B9
:10FEE0000E46174608A91A460BA80893199C9DF8B8
:10FEF00068B09DF86C908DF83080ADF834A0E5F7CF
:10FF0000B9FA089B002B00F09680B9F1000F07D1D9
:10FF10009A785A4540F091801A79D10740F18F8044
:10FF20001A79520733D59A68516892680A920991F2
:10FF3000987800F052FC089A92F80390B9F1020FF9
:10FF4000034615D807904A46214609A800F001FC4F
:10FF5000079B06904A4621460AA800F0FAFB069B3A
:10FF6000012B01D0013012D187200FB0BDE8F08FF6
:10FF700006904A460998214600F0EBFB0128F3D091
:10FF8000069B0A984A46214600F0E3FBEAE7059BF8
:10FF90000BB10020E9E7089B4FF6FF7298782146E5
:10FFA000FFF782FD00284CD05FFA80F9CDE902947A
:10FFB000CDE900AB43463A463146284600F089F980
:10FFC0000028D2D1CDE90294CDE900AB43463A46B0
:10FFD00031462846FFF7B6FE0028C6D1012300931C
:10FFE000059B224619460BA8E5F744FA0028BCD128
:10FFF000089B324629462046FFF727FE43463A46ED
:020000022000DC
:1000000031462846CDE901B4CDF800A000F077F9DB
:1000100043463A4631462846CDE90294CDE900AB45
:1000200000F056F9CDF800A043463A46314628463E
:10003000FFF760FEADE7862097E78D2095E78820E3
:1000400093E7012091E72DE9F04786B00446DDF8FB
:100050003C909DF840A0BDF83880CDF80080CDE9F7
:10006000019A0D4616461F4600F00AF9A8B1431E34
:10007000DBB2012B0ED800230493831E5842584153
:10008000CDE902A0CDE900893B463246294620460B
:10009000FFF714FF06B0BDE8F0870120FAE730B59E
:1000A00087B000240125CDE903549DF82850009421
:1000B000CDE901354023FFF701FF07B030BD10B592
:1000C00086B04FF0010C0024CDE9034C9DF8284088
:1000D0000294099C0194BDF820400094FFF7EEFEC5
:1000E00006B010BD30B587B000258DF81030BDF8D2
:1000F00028308DF80C00ADF80E10ADF81220ADF8D8
:1001000014300B9ABDF83030009502A903A80D9C5D
:100110000295E5F7AFF918B914B1029B9B782370EB
:1001200007B030BD2DE9F84F02290C9D07468846DF
:1001300004D84FF0000A5046BDE8F88F1BBB027090
:100140000124E6F7BDF904F1020A385501349DF89F
:1001500028303B554FF000090B9A5FFA89F3D45CC5
:10016000002CE8D0732C18D82E464C2C56F804BB23
:1001700045D0532C1DD0622C4DD1AC8805F108061A
:1001800000231A461EE00429D3D942F0040243702A
:100190001B0A027083700324D3E7A4F17503032BB9
:1001A000C7D8763C2E1D022C52D8DFE804F0565AF0
:1001B00058006A6894B2D2B2B2F1FF0305F10806A2
:1001C00018BF01230AEB040119448845B1DB5046EE
:1001D0001946002947D153441FFA83FA5CB1BBF199
:1001E000000FA6D0224607EB0A00594601F0F8FCA2
:1001F00054441FFA84FA09F101093546ACE76A68EC
:100200004FF6FF7394B205F1080622469C4214BFD4
:1002100002230023D6E76C2C05D1584600F0A5F840
:10022000841CA4B2ACE7732C04D1584600F098F8B3
:10023000441CF6E7A4F13003DAB2092A01D89CB2D3
:100240009EE7A4F14103062B3FF673AF373CE8E786
:10025000012300242A68A346B4E70223F9E7032315
:10026000F7E70423F5E700F1010C01393A54C9B26C
:10027000120A1FFA8CF0ACE70022E5F7AFBC70471A
:10028000012070470120704701207047B52070475A
:100290007047002070470020704700207047002002
:1002A00070470020704700207047002070470120F1
:1002B00070470120704700207047002070470020E1
:1002C000704700207047B520704784207047704702
:1002D00070470020704700207047002070470020C2
:1002E000704700207047002070477047B520704766
:1002F000002070470020704770470020704770470B
:1003000070477047002070470020704738B5054699
:10031000C0B2E5F79FFC0446280AE5F79BFC14B140
:10032000002808BF0024204638BD10B4CC189442E1
:1003300003DC5DF8044BFFF794B900205DF8044B33
:1003400070470423FFF7F1BF08B50223FFF7EDFF65
:1003500080B208BD08B50123FFF7E7FFC0B208BDB2
:100360000078FF2808BF0020704708B5022200214E
:10037000FFF7EAFF4FF6FF73984208BF002008BD61
:10038000002818BF70207047002070470020704779
:1003900008B5FFF736FCFF284FF0FF3018BF0020EC
:1003A000C0B208BD08B5FFF7F3FFFF280CBFA320BC
:1003B000002008BD73B50646E4F782FD812504469A
:1003C000019614B9284602B070BD2378B3B93368DA
:1003D00062685B889A4211D1A368F27B99B292B1AC
:1003E000328A91420AD1727DB2EB134F06D1E36893
:1003F00001A90020984710F0FF05E3D02046E4F75C
:1004000067FD0446DDE74FF6FF72EAE710B50368C3
:1004100004465879E6F726F840B923685B88032B31
:1004200004D00121204600F02CF91BE0637D012B54
:100430000AD0637D33B92368228A59885879FFF737
:10044000ECFB48B9C321EDE72368228A5988587923
:10045000FFF7ECFB0028ECD02046FFF7ABFF01468E
:100460000028DFD1012010BD38B504464368084696
:100470000D469847B4F90830002B02DB2B78042B8B
:1004800006D1002363602046BDE83840E5F70ABF87
:1004900038BD2DE9F043884610789DB00021144600
:1004A0001D46E5F7E3FE0746002800F0D4800678F5
:1004B000002E75D0B8F80010002940F0CC800389D8
:1004C000B8F8022043F40040824240F0C4806178D2
:1004D000002965D1A2F50042062A00F2BC80DFE8BF
:1004E00002F08787BABA049E6300E388E17AADF828
:1004F0001C302389ADF81E3063798DF820308B1DB8
:100500000D3D14F813208DF80C1015F001058DF831
:10051000142045D109A8049004F10C0C80465FFA20
:1005200085FE8E450CF1020C09D21CF8019C1CF8CA
:1005300002EC0EEB092E28F802EB0135EFE75B0029
:10054000013300EB41000A4403F0FF030690D2B2EE
:100550008A420FD01CA800EB4105E018013190F849
:1005600001C0E05C023300EB0C2025F84C0CC9B252
:10057000DBB2EDE7B7F908203B89002AB4BF0322BC
:100580000122C3F30E038DF80020ADF8023062881B
:10059000ADF8042003AB029369463846FFF764FFC9
:1005A00030461DB0BDE8F083042DF9D92279053D10
:1005B000ADB29542F4D16188E8B205341AB295B172
:1005C000002AB4BF03220122C3F30E038DF80C00EE
:1005D00004948DF82420ADF82630ADF8281003AB34
:1005E0000B9309A9D9E7002AB4BF05220622EBE73D
:1005F0000B2DD5D9D4F80200D4F8061003AA03C2F3
:1006000013F4004F14BF032204228DF82420C3F3F7
:100610000E036289ADF82820ADF82630DFE7042DFF
:10062000BED921796288ADF828204A1DD2B2AA42EB
:10063000B6D113F4004FC3F30E0314BF03220122FB
:10064000ADF82630053403AB8DF824200B930494C9
:100650008DF80C10C5E70026A2E7FFF751BE08B5DC
:10066000F4F7E8FA20B9F2F7D7FE08B9FFF70EFE63
:10067000FFF73BFEBDE80840FFF743BE0020E5F76B
:100680004FBF0022E5F7A6BFD28812F0200F10B5A9
:1006900003460CBF522449240846510544BF083C78
:1006A000E4B2110544BF083CE4B2120444BF023C6A
:1006B000E4B2032B11D8DFE803F005020A0EC0B242
:1006C000FBF748FCFFF7FDFD201AC0B210BDC0B219
:1006D000FBF758FAF6E7013CE4B24FF6FD70F1E79C
:1006E000F8B5064617460D4681B10C78FF2C0BD0A5
:1006F0000846FFF735FEB84228BF3846C4B2224646
:10070000691C701C01F03EFA3470F8BD0C46FBE722
:1007100070B5044615460E4611B94170017070BDA2
:100720000B78FF2B05D14B78FF2B02D10370437060
:10073000F5E73046FFF719FEA84228BF284685B2E4
:100740002A46B11CA01C01F01DFA25702D0A657007
:10075000E5E7F0B523B9013A531C2FD1002020E082
:10076000042AFBD80023551E1C466E1C1AD1042AED
:1007700010D0D2000121501E01FA00F020421EBF0D
:10078000914049420C4318421EBF4FF0FF3101FA1D
:1007900002F213439C4216DCB4BF4FF0FF3000203E
:1007A00040B2F0BD40B1465DEF00BE4034434E5D07
:1007B000BE403343013DD8E70646F5E78C5C20B1E7
:1007C000835CA34202D90120EBE70346A34202F176
:1007D000FF32C1D24FF0FF30E3E7283807288CBF43
:1007E00000200120704738B515461A462B78069C24
:1007F00013F0040F0CBF03230523934201D90020FB
:1008000038BDBDF8103021712060E380A560A28161
:100810002B7803F00103A3732B7803F00403002B60
:1008200014BF01210021E1732978C1F3C001617572
:100830004FF0010121751AD02846FFF785FD237D71
:10084000208202332375237D5A1CD2B22275E95CC3
:10085000A1740233DBB22375AA5CE274A2899A42C6
:10086000CDD3059BA361002323770120C8E7238212
:10087000E9E72DE9F0411C469DF818800E46174621
:100880000546E6F70BF8002220704146204602F0AC
:100890000BFE034630B13A4631462846BDE8F041EA
:1008A000E6F706B81820BDE8F08130B589B00446F7
:1008B000ADF806108DF81020F2F73CFD05462046F5
:1008C000F2F748FD03469DB1BDF80600ABB903F051
:1008D0006AF8FF2808BF00208DF80F000DF10F0304
:1008E0000593DDE904122046FEF757FE09B030BD3E
:1008F0000028F6D00DF10603F2E703F054F8FF28C4
:10090000BDF80630ADF81A3008BF00208DF80F0092
:100910008DF8180006ABE3E77047704770477047E3
:10092000704770470020704770477047002070473D
:100930007047704710B51C4602F07EFD02F046FC81
:1009400000232370C0F34020400010BD002208B5F2
:100950000B461146FFF7EEFF023818BF012008BD15
:100960007047002070477047002070477047B520DF
:100970007047012070477047012070471422002102
:1009800001F01AB9704730B54078012887B00C469D
:100990004FF0110301F1100516D1022201A9F2F75F
:1009A0005DFC234601AC18685968224603C208332F
:1009B000AB421446F7D11123022201A90020F2F71D
:1009C0004DFC002007B030BD062201A90120F2F73E
:1009D00045FC234601AC18685968224603C2083317
:1009E000AB421446F7D111230622E6E730B5407832
:1009F00087B001280C464FF011030BBF02220622DC
:100A000001A901A918BF0120F2F728FC05AD01AA30
:100A10002346144603CCAC4218605960224603F1C9
:100A20000803F6D1002007B030BD10B588B00C46E1
:100A30001A23082201A90120F2F710FC21460DF12A
:100A40000E0304F1100251F8040B43F8040B914219
:100A5000F9D11A23082201A90020F2F7FFFB002098
:100A600008B010BDF0B58BB004460D4602F0A8FFEB
:100A7000B0B101A8F9F73AFA90B1667B16F0020F0F
:100A800004F1040705D0082201A9384601F06AF8EC
:100A9000D0B901AB03CB46F00206606079606673A3
:100AA0001A23082203A90120F2F7D8FB0DF116033F
:100AB00029460DF1260253F8040B41F8040B93422A
:100AC000F9D100200BB0F0BD2D20FBE770B5054635
:100AD0008AB00C46252200210DF1030001F06CF8CC
:100AE0006B68CDF81D30AB68CDF82130234603F19B
:100AF000100601AC18685968224603C20833B34295
:100B00001446F7D16A7B012312F0040F8DF80230EE
:100B10000CBF4FF480734FF4A073110748BF43F428
:100B20008063ADF80030930748BFBDF800306846D9
:100B300044BF43F00803ADF80030F7F77FFD0038FD
:100B400018BF01200AB070BD30B5427B0D46D107F9
:100B50008BB0044607D5407801A9F7F7D3FDD8B18B
:100B60002D200BB030BD9307FAD5C2F380031007D8
:100B70004FEA8313ADF8023044BF43F48063ADF80D
:100B80000230BDF80220201D0AB10DF1020201A9B8
:100B900003F069FD0028E3D001AB03CB9DF81430CE
:100BA0002373BDF81030A160590648BF627B6060B6
:100BB00044BF42F0040262735A0542BF627B42F0B6
:100BC000080262731B0742BF637B43F00203637337
:100BD0002B4606AC0AAD224603CAAA4218605960E9
:100BE000144603F10803F6D10020BAE7F0B5044635
:100BF00093B00D46252200210DF1230000F0DCFF0B
:100C00006368CDF83D30A368CDF8413004F1040CA1
:100C10002B4609AE05F1100718685968324603C221
:100C20000833BB421646F7D105238DF82230637B8B
:100C30005B0103F40073ADF820306378FF2B19D10A
:100C400000231A4601A9604600F0E8F99DF8053036
:100C5000FF2B0CD100231A46184601A900F0DEF93B
:100C60009DF80530FF2B02D11C2013B0F0BD9DF87C
:100C700005306370617808AA002000F09CFA0646EF
:100C8000F0B919231946627801A8FEF71CF92B4622
:100C900003AD186859682A4603C20833BB4215469B
:100CA000F7D1637B6178DB0642BF9DF81C3063F0AF
:100CB0007F038DF81C30192301AA1846FEF70CF9A2
:100CC000301E18BF0120D0E710B504468AB0242298
:100CD000002101A800F070FF637B590744BF402248
:100CE000ADF810201A0742BFBDF8102042F4806210
:100CF000ADF81020DB070FD5607801A9F7F702FDEA
:100D000010B12D200AB010BD01AB03CB637B606036
:100D100043F00203A160637304A9201D03F0A5FC46
:100D20000028EED00020EDE71FB5694600F08DF8F1
:100D3000002818BF2D2005B05DF804FB73B50D46E3
:100D400014460646E5F710FF6B881A071AD52246A7
:100D50003146102003F06AFC2046E5F705FF6B885A
:100D6000D90717D50023224601210DF107008DF880
:100D70000730E5F75FFF6B88002B0CBF21200020B8
:100D800002B070BDDE06EAD522460821281DE5F72F
:100D900051FFE1E79A0701D50223E4E75B07EAD5B3
:100DA0000323E0E70F20704710B586B0044601A981
:100DB000022211230120F2F751FA9DF81430E3705A
:100DC00001A803F048FF80F00100062201A960702D
:100DD00011230120F2F742FA9DF81430A37001A804
:100DE00003F039FF80F001002070F7F707FD606025
:100DF000002006B010BD1FB50C46694600F025F86E
:100E000010222146684600F0ADFEB0FA80F040099D
:100E100004B010BDB8B1B1B14388A3B90378013BA8
:100E2000082B10D8DFE803F00507090B0F0F0F0F91
:100E30000D00FFF7A8BDFFF7F8BDFFF747BEFFF7AE
:100E4000D5BEE6F73DB82120704738B50D4609B349
:100E500000B30378013B082B1AD8DFE803F0050D37
:100E60001013191919191600FFF7C0FD044628467A
:100E700003F0DBFD204638BDFFF7F4FDF6E7FFF792
:100E800063FEF3E7E5F788FEF0E7E6F723F8EDE722
:100E90002124ECE72124EDE770B5044686B001A8D3
:100EA0000D461646FFF76AFD206861688DF81160EF
:100EB00003238DF8043002AB03C3294601A8FFF7D2
:100EC000A9FF06B070BD10B5044686B011230622F6
:100ED00001A90120F2F7C2F9A3789DF814209A42E3
:100EE00007D08DF814300622112301A90020F2F753
:100EF000B5F91123022201A90120F2F7AFF9E37835
:100F00009DF814209A4207D08DF814300222112344
:100F100001A90020F2F7A2F906B010BD30B5437B5D
:100F200013F001028BB004460D4607D0407801A9AA
:100F3000F7F7E8FB70B12D200BB030BD9B07FAD559
:100F4000ADF8022001A90DF10202043003F08BFB81
:100F50000028F0D000210E22A81C00F02DFEBDF8C4
:100F600010302B80039BAB60BDF81230AB819DF835
:100F70001430237301AB03CB6060A1600020DBE77A
:100F800070B5437BDB078AB005460E4602D42D20A0
:100F90000AB070BD4078694600F00BF9044600289D
:100FA000F5D1DDF81D306B60DDF82130AB606B7B77
:100FB00043F002036B730E220146B01C00F0FCFDEF
:100FC000BDF80030069AB26043F004033380059BFD
:100FD00073602046DCE70B4610B504461022002162
:100FE000184600F0E9FD2278032A09D0042A0DD022
:100FF000022A11D101462046BDE81040E5F774BF32
:1010000001462046BDE81040FFF788BF0146204654
:10101000BDE81040FFF7B4BF262010BDF8B50C4660
:10102000054608461F461646FFF7A8FC0423237012
:1010300025B108222946E01800F0A4FD637B43F0A7
:10104000020363734EB932460121284600F0B8F816
:10105000FF28607007D12D20F8BD31462046FFF7EC
:10106000F4FE0028F7D1637B43F0010363730DB9ED
:101070000020F1E7002FFBD039462046FFF7ABFFF9
:10108000F6E7F8B50C460746084616461D46FFF734
:1010900075FC2046032300F8043B3946082200F083
:1010A00071FD637B43F00203637331462046FFF713
:1010B000CCFE08B12D20F8BD29462046FFF78BFF56
:1010C0000028F8D0F6E7F8B50C460746084616465D
:1010D0001D46FFF753FC03232370637B677043F0C7
:1010E0000103637331462046FFF7AFFE08B12D20A0
:1010F000F8BD29462046FFF76EFF0028F8D0F6E736
:1011000018B18022012100F05BB8FF20704730B594
:1011100089B00D46FFF7F4FFFF28044612D01923CB
:101120000246194601A8FDF7CEFE2868696801ABA2
:1011300003C31923184601AA2146FDF7CDFE00205E
:1011400009B030BD2D20FBE707B5002300931A46F8
:101150001946F8F7E7FEB0FA80F0400903B05DF8F1
:1011600004FB704770470020704770470F2070479E
:101170000F207047002070470F20704700207047F5
:101180000020704784B08DE80F00002004B0704745
:1011900070477047002070477047002070477047C5
:1011A00000207047012070477047002070470120E1
:1011B0007047B5207047B5207047002070477047D2
:1011C000FF20704770477047002070477047704796
:1011D000704700207047704700207047002070471C
:1011E000002070477047704700207047002070470C
:1011F00070470020704700207047704700207047FC
:1012000038B50546FDF7BFFA04462846E7F7DAFB8E
:101210002046BDE83840FDF7BABA10B50446C069AB
:10122000FFF7EEFF20462422BDE81040002100F029
:10123000C3BC006800BA704710B50446E6F716F95B
:101240002146BDE8104000F06AB968B106290AD10C
:10125000431E053013F8012F303A092A03D8834280
:10126000F8D10120704700207047034618B31529B4
:1012700021D10278012A1ED14078E0B99A78012A5A
:101280001AD1DA7AFF2A17D11A7BFF2A14D1D3F8A0
:101290000320D3F8071012BA09BA91420CD903F10E
:1012A0000C02143312F8011F3039092903D89A426D
:1012B000F8D10120704700207047D0B10D2917D117
:1012C0000378012B14D1427892B98378012B0FD186
:1012D000C37A6BB9027B012A0AD1831C0A3013F846
:1012E000012F303A092A03D88342F8D101207047F0
:1012F0000020704708B5002966D01838042861D846
:10130000DFE800F0035C2F5C5C001B2A52D1881DD3
:10131000FFF78FFF034601F10A00FFF78AFF8342C0
:1013200048D20B7D012B45D88B7B002B42D1CA7B49
:10133000A2B90B7C002B3FD14A7C7AB98B7C002B65
:101340003AD1CA7C52B901F114031A3113F8012FB2
:10135000303A092A2ED88B42F8D1012303F001003C
:1013600008BD1B2A26D1881DFFF763FF034601F144
:101370000A00FFF75EFF83421CD20B7D012B19D8B8
:101380008B7BBBB9CA7B002AE8D10B7CA3B94A7C12
:10139000002AE3D18B7C7BB9CA7C002ADED101F123
:1013A00014031A3113F8012F303A092A02D88B425C
:1013B000F8D1D2E70023D1E71346CFE7931F584275
:1013C0005841CDE70020CBE70846C9E70346D0B136
:1013D000072918D10278013A022A14D842780AB1B2
:1013E000FE2A10D19A78012A0DD1D87858B91A79E5
:1013F000012A09D15A79032A06D19879A0F1E70385
:10140000584258417047002070470346F0B1082900
:101410001CD10278013A022A18D84278B2B98178F0
:10142000012915D1C07898B91A79012A11D1DA7930
:10143000012A0ED1B3F8050040BA80B2013840F25B
:10144000E63398428CBF002001207047002070478F
:101450001046704710B44BB1012483F89642DC6803
:1014600024B1A446DB695DF8044B60475DF8044B8A
:10147000704719B10B690BB1C9691847704719B1A9
:101480004B690BB1C9691847704708B538B1836912
:101490002BB1C0699847003818BF012008BD012052
:1014A000FCE740B190F8933243B9D0F86C32DB7C62
:1014B00033B190F8940200F0010070470020FAE781
:1014C0000120F8E730B514688C4201D3002030BD0C
:1014D000651C1560045D222CF8D11D6014688C42D7
:1014E000F4D2055D222D08D11B68E41A039B1C6011
:1014F0001368013313600120E9E71F2DE6D95C2D45
:10150000E4D001341460E9E708B583692BB1C06900
:101510009847003818BF012008BD0120FCE798B1AA
:1015200015290ED0A1F13603012B0AD9A1F1180318
:10153000042B01D8007C70473039012903D8407C46
:1015400070470120704700207047006800BA70475C
:1015500050B1014410F8013B303B092B03D88842BD
:10156000F8D1012070470020704708B543690BB9D6
:10157000032008BD406A98470028F9D1F9E70144E3
:101580000023884201D1D8B2704710F8012B1344D0
:10159000F7E7F0B5C5B00E4619464AF65523BDF833
:1015A0002851ADF8043003238DF80630330A8DF846
:1015B00007306BBA01AC074626716271E3801DB13A
:1015C0002A4603A800F00CFB05F108063146204628
:1015D000FFF7D5FF3B68A0551BB105F10901204677
:1015E000984745B0F0BD10B4BDF8044048B1B4F51B
:1015F000807F06D804B123B101945DF8044BFFF756
:10160000C8BF5DF8044B70472DE9F041144605460C
:1016100070B36AB308292BD90378552B28D14378A6
:10162000AA2B25D18778032F22D1B0F8068098FA0B
:1016300098F81FFA88F3B3F5807F19D808F10903E9
:101640001BB2994214D14E1E3146FFF798FFAB5D95
:1016500083420DD12770B5F803305BBA63806B7994
:1016600023710835A4F80680A5600120BDE8F0814B
:101670000020FBE737B50C4660B1B3F5807F09D891
:1016800003B13AB1818D00934D1C134685852246E6
:10169000FFF7A9FF03B030BD90F846324BB10023ED
:1016A00080F8463200F5A072B0F844320421FFF70A
:1016B000E1BF704790F84622B2B190F8472201325C
:1016C000D2B2032A02D880F847227047002280F85D
:1016D000472290F84822072A04D8013280F848228D
:1016E000E5F7C8BEFFF7D8BF704707B501238DF8EF
:1016F00007100DF107020621FFF7BCFF03B05DF8EC
:1017000004FB0321FFF7F1BF00231A460121FFF775
:10171000B1BF70B50E46BDF810501946044640B32F
:10172000FC2D26D8ADB980F8406180F8412180F8C1
:10173000425180F843510123A4F846320023043576
:1017400084F84832A4F844522046BDE87040E5F7DA
:1017500091BE73B1002380F8406180F8412180F888
:10176000423180F843512A4600F5A27000F038FA61
:10177000E1E770BD2DE9F0439C46079B0BB10024C7
:101780001C6000B102B931B900242546A14205D838
:1017900023BB012000E00020BDE8F083261D8E421F
:1017A000F9D86545F7D0071910F8049097F801802B
:1017B0007F887FBA1FFA87FE0EF1040E74448C42B4
:1017C00002F10802E7D80644013502F8089C02F845
:1017D000078C22F8067C42F8046CD7E71D60D8E736
:1017E0002DE9F04F0F4685B00546002857D0002A56
:1017F00055D00E2953D9031D082118460393FFF72E
:10180000A7FE0190C8B195F80CB0BBF10A0F46D8FD
:101810004FF000080D265FFA88F18B4512D8BE42C2
:101820003DD12846FFF791FE0D35039B10600D3E1C
:10183000536082F808B0D5601682019C204605B03E
:10184000BDE8F08FBE422AD215F8069009F1FF31AB
:10185000072906F1010A22D809EB0A03BB420293C9
:101860001DD8AA4449465046FFF772FE044690B977
:10187000B9F1060FE2D906215046FFF769FE0028AC
:10188000DCD02E44F1790029D8D1B9F1080F02D16A
:10189000317A0029D2D1029E08F10108BBE7002469
:1018A000CCE738B504460D4668B161B14FF4137208
:1018B000002100F081F90FCD0FC40FCD0FC495E8C2
:1018C000030084E8030038BD2DE9FF470D460446B8
:1018D00048B101B93AB9AE1800274FF001084FF0EE
:1018E0005509B54202D104B0BDE8F087D4F83831CB
:1018F00015F8012B33B9552AF3D1C4F8388184F88F
:101900002E90EEE7012B0BD1AA2A05D10223C4F8B1
:10191000383184F82F20E4E70023C4E94E33EAE7A6
:10192000B3F5847F2BD8591C23440829C4F83811F7
:1019300083F82E2009D1A38E5BBA9AB2B2F5807FCC
:101940001DD809331BB2C4F83C31D4F83C31002B0C
:10195000C7D09942C5D104F12E0A01AA5046FFF71B
:1019600053FE40B1BDF80A30B3F5807F03D851462D
:101970002046E5F7D9FD0023C4E94E33B1E7C4E9B9
:101980004E77AEE738B5E1F751FF05460C46E1F773
:1019900067FF0023024621462846E6F789FE38BD48
:1019A00008B5FEF741F8022806D00438C0B2012875
:1019B0008CBF0020012008BD0120FCE7E5F740BFF7
:1019C000EFF7F6BC704708B5E1F764FEBDE80840E4
:1019D000FDF771B808B5E0F711FAFDF766F8E0F722
:1019E00019FAE2F7ABFCE2F709FDBDE80840E2F7BF
:1019F0001FBD70477047704708B5FDF75EFBBDE837
:101A00000840FDF77BBB70470120704701207047FD
:101A100038B5FDF737FA0546E2F7A2FD041E18BFF8
:101A20002C46FFF7F1FF002818BF204638BD38B517
:101A3000E1F73EFC0446FDF727FA042817D00228F8
:101A40004FF0000508BF0124FDF776FB042810D0F5
:101A5000022808BF0124FFF7D9FF04280BD0022871
:101A600008BF0124002D18BF0024204638BD0125E1
:101A7000EAE70125EFE70024F7E7FF20704708B504
:101A8000FFF7FBFF002008BD08B50020FDF7C5FEED
:101A90000020E4F769FC0020E2F76CFE0020E3F789
:101AA00071F9BDE808400020E3F7FAB90120FDF71D
:101AB000B5BD08B50220E3F73DFC0220E4F7DEFCEB
:101AC000BDE808400220E3F713BB7047FDF759BF9C
:101AD0007047E2F707BE704770477047704770471E
:101AE00010B50446FDF7CDFD2046BDE81040E3F7F4
:101AF0003DB8FDF79EBDFDF7A8BDE3F74DB97047B2
:101B0000704770477047704770477047704770471D
:101B100070477047E3F7B6B970477047704782B0B7
:101B20006B4683E8060093E8060002B0E2F73CBD8E
:101B3000704770477047E6F7CBBCFEF7D0BB7047E5
:101B400000207047E6F784BCFEF7D7BB08B5FDF769
:101B500038FAE6F70DFAFDF741FAE6F7B5FAE1F7DC
:101B6000A1FAF8E710B501390244904201D10020F2
:101B700005E0037811F8014FA34201D0181B10BDF6
:101B80000130F2E7884210B501EB020402D9844229
:101B9000234607D8431EA14208D011F8012B03F8B1
:101BA000012FF8E7024401468A4200D110BD13F824
:101BB000014D02F8014DF7E702440346934200D17C
:101BC000704703F8011BF9E77047704710F8012BC5
:101BD00011F8013B012A28BF9A42F7D0D01A70476A
:101BE0000A44914200F1FF3300D1704710B511F85B
:101BF000014B03F8014F9142F9D110BD034613F890
:101C0000012B002AFBD1181A013870474369406C38
:101C1000DA1C1438B2FBF0F203EBC203CA1DB2FBAC
:101C2000F0F2013201EBC2010333B3FBF0F30233F4
:101C300000FB0310704738B5446905462146FFF79D
:101C4000E5FF6A6CE31D143AB3FBF2F3013304EBD6
:101C5000C304204438BD73B506460D460024F36B1B
:101C600001225B6901A928199847019B013309D119
:101C7000736C043462196A405B421A42EFD020460A
:101C800002B070BD0024FAE770B505460C46DEF7D9
:101C90008FFCEB6B2046DB68BDE87040184770B5E1
:101CA000002586B004460562E369AB4202D8206A8B
:101CB00006B070BD666C2068E36B05225B6901A904
:101CC00006FB0500984701A800F009FC00F02CFC79
:101CD00010B1236A013323620135E5E738B50446C4
:101CE000456C006804F1400305FB0101E06B00F066
:101CF00028FC05462046FFF7D2FF284638BDF0B540
:101D0000054687B00026EC69013CB44203D80C4676
:101D1000204607B0F0BD01B14C1E6F6C2868EB6B1C
:101D200005225B6901A907FB0400984701A800F0A0
:101D3000D6FB00F0F9FB0028EAD101362146E2E7A4
:101D4000F0B50446466CE36B00685B6987B00D46EE
:101D5000052201A906FB0500984701A800F0BFFB7A
:101D600000F0E2FB20B101A800F090FB07B0F0BD4D
:101D700029462046FFF7C3FF676CE36B06462068E1
:101D80005B69052201A907FB0600984701A800F03E
:101D90007DFB431CEAD0B54238BF0130E6E72DE9B0
:101DA000F043D0F824804FF6FF7987B004460E4602
:101DB000C84514BF454600250027E369BB4202D849
:101DC00007B0BDE8F083E26B2368606CD2F814C002
:101DD00001A9052200FB0530E04701A800F07FFBC8
:101DE000022806D0C8450CD1721C29462046FFF7B0
:101DF00075FFE36901350137B5FBF3F203FB1255BB
:101E0000DBE729462046FFF79BFFB0F1FF3F14BFF9
:101E1000024632460132E8E7F0B5036887B006466D
:101E20000025CC1A436CB4FBF3F4F3693768706C8B
:101E30005A1E954208D3706C336800FB043007B01B
:101E4000BDE8F04000F07BBB0134B4FBF3F203FBD0
:101E50001244F36B05225B6901A900FB04709847EB
:101E600001A800F03CFB00F05FFB0028E3D1013546
:101E7000DBE710B423F0030422449B070A44436CBD
:101E800018BF04325B4282EA0104234203D05DF8AA
:101E9000044BFFF7C1BF10465DF8044B70472DE9B6
:101EA000F041D0E90A369E4286B0044628D1C36983
:101EB0004568142202FB1355284606B0BDE8F081A0
:101EC0002068676CE26B331AD2F81480B3FBF7F327
:101ED000052201A907FB0300C04701A800F0FFFA93
:101EE000012804D0636C1D44013B3340ED1A314698
:101EF0002046FFF791FF0646A36AB342E0D1DBE735
:101F00000025F9E7F0B5002587B004462E46E369C1
:101F1000B34202D8284607B0F0BD636C276803FBC4
:101F20000677E36B05225B6901A93846984701A84B
:101F300000F0D5FA00F0F8FA58B1384600F0FFFA90
:101F400001462046FFF787FE636C143B834208BFBF
:101F500001350136DBE708B508301346D1E9001238
:101F6000E8F796F9012008BD13B50C46002121764B
:101F70000093616813462246E6F7A6FD18B1E37D9B
:101F800003B1A07EA075A07D02B010BD73B500F1B5
:101F9000080516460C460DF107020968284600F0B0
:101FA0009AF9032E06D16368834203D1216828463B
:101FB00000F077F9012002B070BDD01E009B4242B4
:101FC0004241187E824211D11A688A420ED85A685C
:101FD0008A420BD35A6901325A61D3E90302824221
:101FE0003FBF986840F8221001321A610120704703
:101FF00010B5032A029C07D1A26A5340626C524278
:10200000134201D100F04DF9012010BD08B5C3689D
:1020100000209847BDE80840DEF7D2BA70B500242A
:1020200001281C7014BF04200220CC7D4243101DE7
:1020300002F002024CB91AB1012220F003001A701A
:1020400000F108034868184470BD1AB1012220F05D
:1020500003001A700C7E002301F12005DAB29442CD
:1020600001D80020F0E735F83320824203F1010661
:1020700006D901EBC30300F10802D8691044E3E775
:10208000801A3346EAE773B590F8426005461C466D
:1020900030460DF10303FFF7C1FFEB6B012E5B69C7
:1020A0000DD1324601A998479DF8033013B1BDF810
:1020B00006300193BDF80430236002B070BD0122E8
:1020C000214602B0BDE870401847F0B5054687B01C
:1020D0004868EB6B00245B6902940E46012202A95A
:1020E00008309847274695F84230012B40F084800D
:1020F000632C02D9029807B0F0BD612C08D805AB5B
:10210000224631462846FFF7BEFF9DF814301BB328
:1021100005AB2246314628468DF81070FFF7B3FF15
:1021200095F84230012B059B55D14FF6FF72934233
:1021300000F09680082205A904A800F057F9059B35
:102140009DF81010C3F30722914240F08980DBB262
:10215000029A1A44029283E095F84230012B30D162
:1021600003AB224631462846FFF78DFF04AB621CC5
:1021700031462846FFF787FF05ABA21C31462846AB
:10218000FFF781FF102208230DEB02010DF107007C
:102190008DF8073000F02AF9102205A90DF107008B
:1021A00000F024F9039BDAB2002A52D19DF80720EF
:1021B000B2EB132F4DD1DDE9043203EB024302935E
:1021C00047E0302C2BD944E09DF80720B2EB134FA9
:1021D0003FD1049BF3E7013342D0102205A90DEB58
:1021E000020000F003F9059B9DF81010C3F30742AD
:1021F000914235D19BB2ABE7312C3FF67BAF87D014
:1022000005AB224631462846FFF73DFFBDF81430A6
:10221000002B7FF47DAF95F84230012BA0D003ABAB
:10222000224631462846FFF72EFF04AB621C31469A
:102230002846FFF728FF102320220DEB03010DF1A4
:1022400007008DF8073000F0D1F8039B9AB2002AFE
:10225000BAD095F84230012B14BF012302231C444D
:10226000013440E713B500240194049C0094E6F780
:10227000CBFF02B010BD30B5446800234FF0FF32F1
:102280009C4202D10023037230BD016801EBC305FB
:1022900041F833206A600133F2E7C0E90012FFF72A
:1022A000EABFF0B5456800239D4211D0046854F898
:1022B0003320B2F1FF3F4FEAC30704EBC30608D057
:1022C000C2F31302914204D14FF0FF33E351736024
:1022D000F0BD0133E8E7F0B5456800239D4202D127
:1022E0004FF0FF300FE0046854F83340671C4FEAAA
:1022F000C30609D0C4F31307B94205D1240D1470E5
:10230000036833445868F0BD0133E7E713B504466A
:10231000002301461B220DF107008DF8073000F065
:1023200065F822689DF80730B3EBD26F0CBF01202F
:10233000002002B010BD13B5002304460146202240
:102340000DF107008DF8073000F050F80DF107008F
:102350001A22211D00F04AF862689DF80730B3EB9D
:10236000926F0CBF0120002002B010BD0068431C1A
:10237000584258417047006810F07E0F0CBFC0F300
:10238000C160002070470068C0F3D3107047006838
:1023900000F07F0001288CBF0020012070470368F7
:1023A00013F07E0F14BF042008207047036813F059
:1023B0007E0F03D1406820F07C40704713F0780016
:1023C0001CBF03F07F03D81F7047006800F07F0038
:1023D0007047032809D0022803D1C1F10201C8B215
:1023E000704700290CBF0720002070471F2A0B6888
:1023F0009EBF4FF0FF3191408B43590801F055319A
:102400005B1A03F033319B0803F033330B4401783C
:1024100003EB13130A4403F00F334FF001314B4326
:10242000A2EB13620270704737B501F10C044369E7
:1024300005466946012220469847BDF800300193C1
:102440000122AB6901A92046984703B030BD37B5DA
:1024500001F10C044369012269460546204698476C
:10246000009B4FF6FF7299B291420DD11B0C1B04D9
:1024700043F4254343F0A50301930122AB6901A96D
:102480002046984703B030BD0020FBE737B504462F
:102490001B22011D00250DF107008DF80750FFF7E5
:1024A000A5FF60689DF80720B2EBD06F03D120F044
:1024B000784003B030BD0DF107001B2204F1080184
:1024C0008DF80750FFF792FFA0689DF80730B3EB37
:1024D000D06F01D1C043EAE74FF0FF30E9E703686E
:1024E0004BF29A22B2EB134F10B5044613D19BB2B4
:1024F000012B13D1FFF7CAFF01300CD0E0684FF673
:10250000FF72B2EB104F4FEA104309D180B2C01AEC
:1025100018BF012010BD2368013303D00420F9E760
:102520000220F7E70320F5E701288CBF00200120F7
:102530007047033801288CBF0020012070471430F9
:1025400070472DE9F04105469846036908460E4656
:1025500017469847044638B943463A463146284616
:10256000E7F772FF044618B131462846FFF75CFFD3
:102570002046BDE8F0817047431E012B03D9031F9D
:102580005842584170470120704700F06BB94FF432
:10259000A4720021FFF710BB013001D1E9F7EEBCB6
:1025A0000120704710B50021044600F09AF820463B
:1025B000BDE81040ECF7A8BDEBF7C0BFECF7E8B9F9
:1025C00000F07FBAECF7EAB900F08BBAD0F88C00D3
:1025D00070B5C468002324259C4201D1012070BD40
:1025E000826805FB0322D6898E4202D8128A8A426B
:1025F00001D20133F0E70020F1E7F8B505460E46B9
:10260000E7F7CAFFD5F88C307BB15B696BB1E9F7AE
:102610006FFDD5F88C305B691B1A584240F26B1283
:102620004FF042015841E8F789F9F76800224FF668
:10263000FF734FF0240CD0B2B84208D31C46214699
:102640002846E8F739F900F010F92046F8BDB168DE
:102650000CFB0011CC899C4202D2002CEFD0234607
:102660000132E8E7008B70470A7838B50546104616
:10267000FFF782FF60B14C782046FFF77DFF38B14D
:102680002243530704D42846BDE83840ECF7B6B9D6
:10269000012038BD10B504460878FFF76DFF58B12A
:1026A0004A781046FFF768FF30B1042A04D020466C
:1026B000BDE81040ECF7DAB9012010BDEBF7E4BE3D
:1026C000ECF760BCECF766B838B504460D46E8F7A1
:1026D000F3F828B929462046BDE83840ECF726B87B
:1026E00038BDEDF733B870B516460C46FCF74BF81D
:1026F000314605462046EAF7A9FA04462846FCF783
:1027000046F8204670BD00F0D6B938B50446488872
:102710000D4600F0A8F8D4F8A0302BB92946204681
:10272000BDE83840ECF7D8B9022038BD00F09CB8BD
:1027300000F018BA73B5044600200D4600F093F877
:10274000D4F8A06069462046FFF7F2FF5EB99DF815
:1027500000102A462046DFF761FA0146204600F0C5
:10276000CDF902B070BD00231A4629462046B04775
:10277000F7E7EBF77DBEE8F7CDBE38B505460C466A
:10278000FCF701F82B6B1C40EB6A2343EB62FBF771
:10279000FEFF211E18BF01210020490238BD38B5B7
:1027A00004460D46FBF7EFFF236B1D40E36A23EA67
:1027B0000505E562FBF7EBFF284638BDC06A7047A8
:1027C00010B501210446FFF7EAFF2046BDE810409E
:1027D000EAF758B838B504460D464FF48811FFF7AC
:1027E000DEFF29462046BDE83840E8F7E5BA08464E
:1027F000E9F722BB00F084B8E9F7AEB90847022A2E
:1028000001D800F0CBBA01207047022A01D800F0AD
:10281000D6BA01207047022A01D800F0E2BA01209E
:102820007047EDF775B80846EDF794B800F016BBA1
:10283000002070470020704738B50D6804462846D0
:10284000E8F7ACFAD4F8903043B15B6933B10135A5
:1028500004BF6FF001020A600A681A60002038BDE8
:10286000ECF748BF7047704770477047704738B5FE
:102870000D460446E9F73CFCAC4042F21073640993
:102880005C436423B0FBF3F0B4FBF0F038BD0228E6
:1028900007D0062807D0003818BF01204042C0B238
:1028A0007047012070470020704730B51F23B0FBF0
:1028B000F3F35D1CEDB24FF0FF34C3EB4313AC40B8
:1028C000C01AE4430130E4B2C0B21460086030BD05
:1028D00070B505460E46C0B201F00F01FFF7C7FF05
:1028E000C6F303110446C5F30720FFF7C0FFC6F384
:1028F00003210444C5F30740FFF7B9FF204470BD2E
:1029000008B5E9F76BF8BDE80840E9F7F1B810B58C
:102910000446E9F763F8844288BF01F1FF3120469D
:1029200001F00301BDE81040E9F7E2B838B504460C
:10293000FFF7E6FF0546FFF7E3FF431BA342FAD389
:1029400038BD0020704700F03003202B10B513D1A4
:1029500010F4E02FC0F302440AD010F4C01FC0F3FB
:10296000C423B3FBF4F418BF6400052C0ED864082C
:10297000E9F7B8FC604310BDC0F382136FF0120496
:102980001C4104F00104C4F10204F1E70424EFE760
:1029900010B5044651B10B6843B15B6833B11A6896
:1029A000032A03D99C6A640E204610BDFBF7EBFE98
:1029B00001462046E9F78CFE04460846FBF7E7FE91
:1029C000F2E738B14FF47A735843A0F6AC50401A8E
:1029D000E9F7C0BF4CF25030FAE7EAF713BFEAF765
:1029E00011BFEAF70FBFEAF70DBFEAF70BBF704759
:1029F000436B03F06003402B0DD0602B03D0203BD2
:102A000058425841704749B10B68012B06D94869B3
:102A100040F00100704740F20110704700207047FD
:102A2000034670B10268022A0BD9426A12F47F4F42
:102A3000C2F3072006D01B6AD2B25A43B2FBF0F0B1
:102A4000704700207047F0B5144687B01E460F4609
:102A500019B90024204607B0F0BD002AF9D000289B
:102A6000F7D001A9EDF734FA0028F2D0BDF806300E
:102A7000BDF80850A2199A42C4BF9B1B9CB2B54234
:102A800012D90399AD1BADB23144A5420391ADF803
:102A900008500DD22A463846FFF7A2F80499621B67
:102AA0007819FFF79DF8D5E70499761B3144049116
:102AB00022463846F5E70846E9F7A0BC0220E8F7C9
:102AC00077BFD0F894304BB11A68022A06D993F830
:102AD000250028B11B6AB3FBF0F07047FFF76EBD0D
:102AE000704708B50146D0F89400FFF799FF20B968
:102AF000BDE808400846FFF765BD08BD10B590F871
:102B0000D0300E2B04462BD00175D0F8900020B3A6
:102B1000D4F8A0304BB994F8D9308B420BD320466F
:102B20000022BDE81040ECF731B8B4F92420B0F928
:102B300012309A42F3DD94F8D91000222046ECF7C7
:102B400025F860B9C4F890002046FFF78BFD0146D8
:102B50002046BDE81040E7F7AFBEFF23637510BD08
:102B60000220FCE70346D0F8D0000860B3F8D43068
:102B70008B800020704790F8D0300E2B14BF407D22
:102B8000FF207047F8B50C4640210546EBF798FA50
:102B90004FF40061074606462846EBF791FA30B13C
:102BA0007CB195F8CA3073B16FB93046F8BD2202D6
:102BB0004FF480712846EBF76FFA061E18BF012606
:102BC000F3E72246F4E74FF48072F1E74FF48071A7
:102BD000EBF776BA4A024FF40071EBF75DBA8A025E
:102BE0004FF48061EBF758BA4FF40071EBF768BA15
:102BF00070B506468D880C46EBF7D6FE727C053A1A
:102C0000EB00012A98BF033388B1B3F5803F0ED89B
:102C100042094FF2244101FB032322680009B3FB60
:102C2000F0F31A4407232260A371002070BD022034
:102C3000FCE73F2B084610B5114619D9B3FA83F3C8
:102C4000C3F11902D2B2062A01D8192B0ED0062AD6
:102C500028BF0622931DDBB201249C40A4B2A142EE
:102C600028BF2146ECF74CFF204610BD0022F1E7BB
:102C70000024F9E713883F2B10B5084616D9B3FA9C
:102C800083F3C3F11901C9B2062901D8192B0BD05E
:102C9000062928BF06218C1DE4B20123A34013801E
:102CA000ECF74CFF002010BD0021F4E70120FAE70B
:102CB000EBF74CBA10B5084614460121E9F726FA9D
:102CC00020460121BDE81040E9F720BAF8B50446D6
:102CD0000E461746FBF757FD3A4605463146204655
:102CE00000F0CEF904462846FBF751FD2046F8BD1A
:102CF0000220704703207047E8F752BE10B5ECF78A
:102D00003DFB044608B9EAF795FB204610BD38B5EF
:102D10000446817515464AB100F0A7F808B90020AD
:102D200016E0237C43F080032374F8E70846E8F7B5
:102D3000F7FBFF28A07508D0204600F096F8002881
:102D4000EDD0237C65F3C713EEE7E8F73FFC0120E5
:102D500038BD704770B505460E461446FFF786FD30
:102D600031462846FFF749FCFFF780FD04F00903D0
:102D7000082B04D10B2C9CBF24F00804A4B22146DC
:102D80002846EBF7FBFB00224FF400312846EBF717
:102D900083F9002070BD8021EBF792B97FB5531CF9
:102DA00005AAADF81410029202210022CDE90021FB
:102DB000DBB21146EBF78EF907B05DF804FB7FB587
:102DC000531C05AAADF81410029204210222CDE989
:102DD0000021DBB200220121EBF77CF907B05DF89E
:102DE00004FB1FB5531C029100220821CDE90021EC
:102DF0000122DBB21146EBF76DF905B05DF804FB7B
:102E000007B591F82830009391F82B3091F82920DC
:102E100091F82A10ECF760FD03B05DF804FB38B5BB
:102E20000546EBF7A5FB04462846EBF77FFB072892
:102E300011D1D5F89030DB6924F47F4121F00801ED
:102E400003B15B7841EA032141F020012846BDE847
:102E50003840EBF793BB24F02001F7E7081E18BFBA
:102E6000012070470020002170474021EBF728B96E
:102E700000207047022070470020704701207047F3
:102E800000207047002070470120704700207047E5
:102E9000ECF780BC08461146E7F7BCBB70B50546A9
:102EA0000C4611461A46ECF785FD06682B4620466F
:102EB000B446BDE87040604710B5ECF77BFDBDE857
:102EC000104083681847E9F737BA4942FFF7FBBF5C
:102ED00073B50D7806460C4635B304238DF80430DF
:102EE00023798DF8053001A93046FFF7D3FB05465D
:102EF000B8B92278A37952BB8DF80430E3798DF804
:102F0000053001A93046FFF7AFFB054648B92378E5
:102F10003BB161883046EBF7E1FE01213046FFF717
:102F200031FE284602B070BD2946FFF72BFE294628
:102F30003046FFF74FFE29463046FFF750FE237814
:102F4000002BCAD123798DF804306379C9E70222B6
:102F50008DF80420D3E7FFF73DBEFFF745BEFFF72E
:102F600068BEFFF787BE08461146ECF7B1BFC0F850
:102F70009C1000207047EBF7EFBE70B5144686B08A
:102F800005460E46122200210DF10600FEF714FE42
:102F90002368009369462846ADF80460FFF728FED1
:102FA000009B236006B070BD38B50446154609B1D4
:102FB000FFF77EFE25B12046BDE83840EBF7C6BFDF
:102FC00038BD084611461A46BDF80030FFF73BBD34
:102FD0002DE9F74F1C469DF830300193036803F04C
:102FE0000703063301259D400646174605F1FF38C5
:102FF0000B46A1B1416804EA080BA5EB0B0A41F0AE
:103000000059524509EB0B0114D952461846FEF7F8
:10301000E7FD7A1B5A4449465044FEF7E1FD019B07
:103020002BB13C4448EA050804EA0804F46003B004
:10303000BDE8F08F1846F0E737B500250095144637
:10304000FFF7C6FF204603B030BD026802F007025A
:10305000063201239340026AC2F30C028A4210B581
:1030600084BF4468C26803F1FF3388BF89189BB2EC
:1030700085BF44F0005019404FF0FF30405C10BD58
:10308000F7B505460F4668461146ECF7EFFF0646D2
:1030900098B197B1DDE900311B0A43EA0163A5FB52
:1030A0000343090A05FB0135E9F722F8002302462C
:1030B00029462046E5F7FCFA3860304603B0F0BDFB
:1030C00000228A4202D14FF0FF30704750F8223080
:1030D00093FAA3F30BB90132F3E7B3FA83F000EBF1
:1030E0004210704710B50446EDF7DAF8214600208B
:1030F000EEF772FFBDE81040002000F0B5B9704750
:1031000008B5EFF7A7FE80F00100C0B208BDFFF7D9
:1031100071BB704700207047704770B5144681F04E
:10312000010519B90D2A07D1FF2018E00D2A03D196
:1031300000780538C0B212E0084400F047F8C5F145
:10314000040110F440660246C9B209D1042C0846B5
:1031500005D0052C16D112F0400F18BF084670BDDF
:10316000C5F10603042CD8B2F9D0B6F5006F03D12F
:10317000C5F10805E8B2ECE7B6F5406FE9D1C5F155
:103180000E05F7E712F4404107D1062CE7D0072CD3
:10319000E5D0082C13D10130CCE755065CBF831C69
:1031A000D8B2062CDBD0B1F5004F02D1831CD8B2C7
:1031B000EDE7B1F5404FEAD100F10803F7E7130757
:1031C00044BF0530C0B20C2CC9D9ADE700887047A8
:1031D0000170090A4170704710B50024E3B210B9BC
:1031E000C3F10303DBB20134042CCA544FEA1222A8
:1031F000F4D110BD10B50B784C788A78C97828B90D
:1032000010462246044608461946034642EA012073
:1032100043EA042343EA004010BD10B50C46EFF723
:10322000D5FC048010BD38B50C461546EFF7CEFC32
:1032300003881DB11C43A1B2018038BD23EA0401FB
:1032400089B2F9E708B5EFF7C1FC008808BD08B5F9
:10325000EFF7BCFCC07808BD08B5EFF7B7FC0088F5
:1032600000F00C0008BD08B5EFF7B0FC008800F0D6
:103270000C00031F5842584108BD38B50546EFF70A
:10328000A5FC04462846FFF7EEFF30B904F1100014
:10329000FFF79CFF00F4406038BD4FF40060FBE78F
:1032A00038B50546EFF792FC04462846FFF7DBFFEA
:1032B000014648B9103420460422EEF73BF9204479
:1032C000BDE83840FFF782BFA08838BD10B50C4676
:1032D000EFF77CFC848010BD38B50546EFF776FC2F
:1032E00004462846FFF7BFFF30B904F11000FFF78E
:1032F0006DFF00F4404038BD4FF40060FBE738B587
:103300000546EFF763FC04462846FFF7ACFF01468D
:1033100048B9103420460622EEF70CF92044BDE8E7
:103320003840FFF753BFA08838BD38B50546EFF7E2
:103330004DFC04462846FFF796FF014608B1201DC4
:1033400038BD103406222046EEF7F4F82044F7E7A3
:1033500008B5EFF73BFC007A08BD08B5EFF736FC7F
:1033600090F9090008BD08B5EFF730FC807A08BD78
:1033700008B5EFF72BFCC06808BD10B50C46EFF799
:1033800025FC047210BD10B50C46EFF71FFC44720B
:1033900010BD10B50C46EFF719FCC46010BD2DE947
:1033A000F8430F468046002107F110001646994663
:1033B000EFF7D2FC0446D0B1EFF708FC05462046F3
:1033C000EFF720FC002102462846FEF7F5FB00231C
:1033D000AB7049F004012046FFF71FFFA5F80480F9
:1033E0002EB13A46314605F11000FEF7F9FB2046B2
:1033F000BDE8F883F8B505460F4610200021EFF729
:10340000ABFC0446B0B1EFF7E1FB06462046EFF710
:10341000F9FB002102463046FEF7CEFB0023B370D5
:1034200039462046FFF7F9FE25B12A4601212046FC
:10343000EFF76AFC2046F8BD08B5EFF7C7FB103080
:1034400008BD08B5EFF7DEFB1038C0B208BD10B5F7
:103450000C46098821B90846FAF756F9208008B1C8
:10346000012010BD0220FCE70020EEF7E1BC08B50A
:10347000EEF766FF002008BD4088C0F30C00033063
:10348000800840000430704708B520B1EFF7B2F96A
:1034900000F0010008BD0120FAE708B5EFF7FCF8DD
:1034A000BDE80840FFF7F0BF70B50E46054611466F
:1034B0003046EFF751FC044635B128B1EFF786FBF3
:1034C00032462946FEF75EFB204670BD0088B0FA02
:1034D00080F040097047008810B1C9B2EFF700BC16
:1034E00070472DE9F041B0F8008006460C46D5B291
:1034F000B8F1000F11D029464046EFF7F1FB224604
:10350000074629464046EFF7FFFB3A462946204644
:10351000EFF7FAFB3480BDE8F0810F46F5E738B5E8
:10352000058800220446FFF7DCFF05B1258038BD81
:10353000F8B507460D46008800211646EFF7D0FB88
:10354000B042044605D129463846BDE8F840FFF7A9
:10355000E6BF00212046EFF7C3FBB04205D020466E
:103560000021EFF7BDFB0446F3E72A462046002181
:10357000EFF7CAFB324628460021BDE8F840EFF7D6
:10358000C3BB034608461B888B4202D00021EFF7DD
:10359000A7BB00207047F8B5058807467DB1CCB2BF
:1035A00021462846EFF79CFB8542064609D10023B9
:1035B0003B80002221463046EFF7A6FB35462846E1
:1035C000F8BD2146EFF78CFB214602462846EFF76F
:1035D0009BFBEEE72DE9F0470788824688461446B4
:1035E0005FB33846EFF70EFB3D460646E4B2214690
:1035F0002846EFF775FB4045814616D12146EFF787
:103600006FFB214602462846EFF77EFB474504D173
:10361000454508BF0025AAF8005000222146404633
:10362000EFF772FB3046BDE8F0878742FAD0EFF73C
:10363000E9FA304486B24D46D9E73E46F2E72DE935
:10364000F04780460F4602F1FF3906460024BC428F
:1036500002D219F8015F25B9A6EB0800C0B2BDE897
:10366000F0879A46A5F13102012A5AF8041B10D8B6
:103670003246322D02F8011B06D10134E4B2A742D2
:1036800032D30912B21C71700134E4B253461646AB
:10369000DDE7342D0CD10334BC42DDDA0B0A317086
:1036A00073700B0C090EB370321DF170E4B2EBE7CE
:1036B000A5F13302062A0DD8303DEDB22B19BB42DD
:1036C000CADA2A463046013CFEF75CFA55FA84F421
:1036D0007219EBE7A5F14102062A01D8373DECE764
:1036E0001D7903F1080AE9E71646B5E770B5054606
:1036F00000880C46EFF786FA844228880AD9EFF74B
:1037000081FA0023221AD2B228461946BDE8704039
:10371000EFF7A8BB2146EFF791FA002070BD2DE925
:10372000F8430746084616469DF8209088461C46F2
:10373000EFF74CFA8519CCB1C5B14046EFF762FA04
:103740002644864214DC2246B9F1000F06D12946F0
:103750003846FEF717FA0020BDE8F883B9F1010FEB
:1037600039462846F5D0FEF73BFAF4E72120F3E787
:103770001D20F1E738B50546EFF728FA044628463C
:10378000EFF740FA002201462046BDE83840FFF737
:103790008BBEF8B516460C461D46BDF81870EFF7FF
:1037A00015FA04443046EFF711FA3A46411920461B
:1037B000BDE8F840FEF7E6B970B50C460131C9B274
:1037C0000646EFF7F3FB214605463046EFF7EEFBE2
:1037D00000EB052080B270BD1FB50123ADF80C20B1
:1037E00000930A460223014603A8FFF798FF05B09D
:1037F0005DF804FB73B504460D46402000211646D3
:10380000EFF7AAFAADF80600EFF7E0F9BDF80630D9
:1038100013B9002002B070BD402133462A4620442F
:10382000FFF70DFF2118C9B20DF10600FFF75EFF8B
:103830000028EED1BDF80600ECE70EB403B503AAEC
:1038400052F8041B0192FFF7D5FF02B05DF804EBBC
:1038500003B0704700220123C0E900237047F8B588
:10386000044601270026FAF799FF23683BB9FAF7C7
:103870009BFF63680022012B0ED16360F8BD1D69B8
:103880001F612660FAF790FF012DF2D02B462D69BB
:103890001E61012DFAD1E6E719691A610B46EAE7C4
:1038A0000069003818BF01207047036823B94068D9
:1038B000012803D0EFF7A8BB002070474FF0FF307E
:1038C0007047F8B50546FBF7D1FA01230646A86014
:1038D0002B730027FAF762FF2B6802467BB11C6945
:1038E0002169A1420CBF2F60196127611046FAF7C8
:1038F0005BFF012C08D0636820469847EAE76C68B4
:10390000012C04D1FAF750FF00232B73F8BD616935
:10391000711AB1F1004FF5D8216969602361E5E7BB
:103920000144884201D10120704710F8013B9342C5
:10393000F7D00020704730B5014693B0054600200F
:10394000EDF78EFA10F0FF040BD16A4621462046AF
:10395000EEF764FA6A46214620468DF80250EEF7EB
:103960003DFD204613B030BD00B5002193B06A463E
:103970000846EEF753FA9DF9020013B05DF804FB18
:1039800000B5002193B06A460846EEF747FA9DF865
:10399000000013B05DF804FB08B5EDF7A7FD003893
:1039A00018BF012008BD002070477047704770475E
:1039B000704770477047704770477047F8F710BB03
:1039C00000B5002193B06A460846EEF727FABDF825
:1039D000060013B05DF804FB10B5002192B0044658
:1039E0006A460846EEF71AFA00216A460846ADF81C
:1039F0000640EEF7F3FC12B010BD00B5002193B005
:103A00006A460846EEF70AFABDF8040013B05DF8FE
:103A100004FB10B5002192B004466A460846EEF752
:103A2000FDF900216A460846ADF80440EEF7D6FCE1
:103A300012B010BD70472DE9F04F85B00C4691468D
:103A40008046FFF709FC671C05463846FFF7BEFBBA
:103A5000042D40F08B804046FFF7EEFC037803F026
:103A60000303012B4FF009024FF00101204614BF60
:103A70004FF0020B4FF0030BEDF75CFD0922002124
:103A800005462046EDF756FD21788DF80F000139E7
:103A9000002289B22046FFF707FD04EB090A06461B
:103AA000D0B12A4601460DF10F035846FBF7A2FBA1
:103AB0000228054626D13046EFF7A4F8C0B22070A0
:103AC0000023013800930122C3B231463846FFF784
:103AD00026FE2378013323704046FFF7B3FB020430
:103AE00024D49AF8013021789B071FD50139A1EB26
:103AF00009014246C9B25046F3F758FA23781844F0
:103B0000207013E020B92070284605B0BDE8F08F82
:103B1000032809D15046FFF759FB20F4007189B200
:103B20005046FFF755FBD7E70428D5D1012521786A
:103B300000222046FFF7B8FC06460028E4D0002308
:103B4000014601221846FBF755FB022819D13046E1
:103B5000EFF758F8C0B2207000230138009301221B
:103B6000C3B231463846FFF7DAFDCDE780F0800575
:103B700020F0800081B23846C5F3C015FFF728FB5E
:103B8000D5E70028C0D12070BEE708B50020FFF7B8
:103B9000B7FA80F00100C0B208BD0A4608B5014678
:103BA0000020EFF7D9FDB0FA80F0400908BD0020F1
:103BB000EEF746BD00210846EEF7BEB90020EDF74E
:103BC0002DB908B5EFF730FE003818BF012008BD49
:103BD00001207047EFF74CBF10B50C46098821B99A
:103BE0000846F9F775FD208008B1012010BD0220BC
:103BF000FCE710B50446FDF7FCFA08B9FDF7FBFA3F
:103C000003050FD40C231B2B01D1002009E020FA5F
:103C100003F1C90703F1010206D5DBB2E31A5842EA
:103C2000584110BD0B23F9E71346ECE710B50C46DD
:103C3000098819B90846F9F767FD2080012010BDF1
:103C4000402908B5104604D009D811B13F290CD03D
:103C5000C9B200F0ACFABDE80840FBF7CBBC412983
:103C600005D04C29F4D18D21F3E73121F1E7422130
:103C7000EFE770B592B004460D4616466A46EEF779
:103C8000CDF86A46294620468DF81F60EEF7A6FB60
:103C900012B070BD07B50DF10701F0F719F920B1A9
:103CA0009DF8070003B05DF804FBFF20FAE710B5AC
:103CB0000C46F0F713FA2046BDE81040F0F724B99F
:103CC0000129F8B505460C461DD003291ED005294B
:103CD00020D0072922D00026002400270120EDF75C
:103CE00093FB304485421DDA0320EDF78DFB204421
:103CF000854219DA0520EDF787FB38448542B4BFC9
:103D000007200520F8BD6FF00406E5E76FF0040416
:103D10000526E2E700266FF00407DFE700242646C9
:103D20000527DBE70120EDE70320EBE738B1437916
:103D3000490023F00C0301F00C010B434371704761
:103D400010B5044678B141794088490801F0060170
:103D50000131000AFFF7B4FF024601462046FFF793
:103D6000E5FF104610BD0722FBE738B50D46F0F71A
:103D7000A3F9044608B9002038BDFFF7E1FF002D84
:103D8000FAD1237913F00703F5D0984238BF1846CB
:103D9000C0B2F1E70022F0F7EDBB002108B5012227
:103DA000F0F7E8FB401A18BF012008BD38B51546EA
:103DB000FFF7F0FF04462846FFF76CFF84B1FF28A9
:103DC00004D0626822FA00F3DB0701D5012038BD78
:103DD0000123834013436360E3780133E370F5E725
:103DE0002046F4E7F0F724BE014610230722012005
:103DF000EFF734BA10B5EEF7E9FE00F110042046F3
:103E0000FFF7E4F920F4007189B22046BDE81040C4
:103E1000FFF7DEB92DE9FF418DF80D301B0A15467D
:103E20008DF80E3001919DF82C308DF80C00012199
:103E30008DF80F300091042303AA28469DF82880AE
:103E40009DF830709DF8346001F024FA044670B19A
:103E50002946FFF73BFAB8F1000F02D12046FFF7E1
:103E6000C9FF2FB146B93146204601F07BF8002446
:103E7000204604B0BDE8F08100231A4619462046CA
:103E8000F0F758FDF3E74FF47A70F0F7ADBE08B5E0
:103E9000EFF76AF9BDE808400020F0F799BF1FB5B9
:103EA00004466846FFF7A0FF54B100238DF80530A3
:103EB0001023072269460020EFF7D0F904B010BDA7
:103EC000FFF77EFDADF80600FFF797FDADF80000A7
:103ED000EEE700B58BB06846FFF786FF009BBDF8A4
:103EE0000600069304A9F0F725FE0BB05DF804FB6D
:103EF0001FB504466846FFF777FF02AB03CB20608F
:103F0000616004B010BDFF22F1F74EB81FB5062363
:103F100004468DF80C30F1F7A1F80023CDE9003309
:103F20008DF80D00022303AA0121204601F0B2F909
:103F300004B010BDF8B50E460746FFF77DFA0546FA
:103F4000FFF744F900F44040B0F5404F14BF0022A1
:103F5000062202F10A030B32EB5C5C0004F00E0453
:103F60005B08144403F0380338461C44FFF769FA31
:103F7000844208D2001BC2B20F2A28BF0F2229197F
:103F80003046FDF72DFE2046F8BDEFF7EDB8D02006
:103F9000F2F766BBFF224FF6FF71F2F781BC0020FB
:103FA000FFF7F8BF37B5082305460C4609226946D6
:103FB0000120EFF753F915B19DF806302B700CB1C5
:103FC000009B2360BDF8040003B030BD07B5082393
:103FD0008DF80600ADF80410009269460922002011
:103FE000EFF73CF903B05DF804FB13B5044601A9F3
:103FF0000020FFF7D7FF019A01462046FFF7E6FFB2
:10400000204602B010BDF0B50F46002187B004462F
:1040100008461646FFF7C6FF012305460DF10A00C4
:104020008DF808408DF80930FFF762FF092C1DD18B
:1040300031460DF11200FFF7CBF805AB02AA9B1A2F
:104040000021CDE900112846DBB2642101F022F9FC
:104050000546E0B1092C15D1F2F796FD044688B16A
:104060002846F2F7A5FD204607B0F0BD31460DF118
:1040700013008DF812704FF6FF75FFF7A9F80DF1D8
:104080001503DBE7284600F014F80446EBE7044686
:10409000E9E738B504460D4600F086FF40B1AC4272
:1040A00006D0204600F071FFBDE8384000F052BF56
:1040B00038BD10B50446FFF7BFF90230FFF786F8A8
:1040C0004FF6F7739842204603D9BDE81040F2F747
:1040D000EDBEF2F72FFFB0FA80F0400910BD0120CD
:1040E00070470022F2F718BE70B504460088FFF74B
:1040F000A3F905460430FFF769F80646A81CFFF748
:1041000065F80546FAF7ADFE3046F4F7DDF830B94C
:104110002846F4F7D9F810B1284600F045FFA378F7
:1041200023F00F03A370002070BD70B50546FFF7A4
:1041300083F90646284601F0D1F801462846EEF7F5
:1041400035FF04462846FFF7ABF84FF6F773984261
:1041500008D8337803F00303012B05D1A31E58427E
:10416000584170BD0120FCE70020FAE730B585B06A
:1041700041F203330D46ADF808300446FFF720FC4A
:104180008DF80A00FFF71CFC0021000A8DF80B00D7
:10419000CDE90011052302AA20468DF80C5001F04C
:1041A00079F810B12146FFF79CFF05B030BD70B51E
:1041B00004460D4691B131294FF0000600D1354635
:1041C0002046FFF749F808280AD101212046EEF7DA
:1041D00087FD2946BDE87040FBF74BB90126EFE7A4
:1041E0002046FFF739F8024630B9BDE870404FF677
:1041F000FF710120FCF759BB2046FFF73EF8B0F5F0
:10420000006F0ED12046FFF74BF84FF6FF73984230
:10421000014617D0002D0CBF032005200022FCF71B
:1042200044FB29462046F0F743FC68B9294620465E
:10423000F3F7F6FF40B9324629462046BDE8704004
:10424000F2F7C2BF0120E9E770BD7047704737B58C
:104250004FF6F675DEF78AFD431E9BB2AB4204466D
:10426000F8D8EFF729FF0028F4D169462046EFF788
:1042700007FA0028EED0204600F04DFE0028E9D1D4
:104280002046FFF78AFD0028E4D12046F4F71CF809
:104290000028DFD1204600F087FE0028DAD1204632
:1042A000FCF744FB0028D5D1204603B030BD73B5E0
:1042B00004460E46F4F708F8054688B92046F4F798
:1042C0005DF8214600952B460D224FF6FD7000F05B
:1042D00053F83146204602B0BDE87040F4F710B8FC
:1042E00002B070BD37B5054614460C2914D8DFE876
:1042F00001F0291329131313071313131324240094
:104300006946EFF7BDF918B901216846F7F732FFA2
:1043100042202946F9F7CAFFBCB12046FFF78CF8C6
:104320000230FEF753FF4FF6F77398420DD920463F
:1043300003B0BDE83040F2F771BE0B2914BFAA20CC
:10434000A920E6E700F0EEFDE6E703B030BD1FB5BB
:104350000346084603218DF80C108DF80D3000211E
:104360000123CDE90031ADF80E20042303AA00F0AB
:1043700091FF05B05DF804FB2DE9F34106469DF879
:1043800020800F4614461D46FFF71AFBB04207D1A6
:1043900000222146384602B0BDE8F041FFF7A2BF37
:1043A0003A4631462046FFF7D2FFADF8060060B12D
:1043B0000D2C05D100224FF6FF712820FCF775FA6D
:1043C00035B9BDF80600FFF774FE02B0BDE8F08114
:1043D0000123424629460DF10600EEF743FDBDF8E4
:1043E0000630002BEDD1F0E7F7B50C460546FFF798
:1043F00023F8611CC9B206462846EEF7D7FDA11C7A
:104400000746C9B22846FFF7D7F9014604463846A1
:10441000FAF7FFFF0D2F34D12046F3F755FF78B19F
:10442000301DFEF7D3FE04462846F679FEF767FFF7
:1044300031460246204603B0BDE8F040FFF7B6BC67
:10444000B01CFEF7C3FE4FF6F773984202D9284618
:10445000F2F7E4FD2046F3F791FFFFF7B1FAA0422F
:1044600005D1002003B0BDE8F040FFF7EEBEB06814
:10447000F1686B4603C369462046F3F741FF03B07A
:10448000F0BD2A463946204603B0BDE8F040FFF7AC
:1044900029BF14220021FDF78FBB2DE9F0470B0740
:1044A0008EB004460E4615465CD10120E2F7ECFCC6
:1044B00009A8FCF763FA092309A88DF82430FCF752
:1044C00061FA09A8E2F7B2FC01A909A8FCF7BDFC52
:1044D00026F00F072F4404F1100804F10F09BD4224
:1044E00011D123693344236101A909A8FCF792FC87
:1044F0000020E2F7C9FCB6F1005F2CBFB12000201C
:104500000EB0BDE8F08705AA23469646186859689C
:104510009446ACE80300083343456246F6D12B4687
:10452000224605F1100A53F8041B42F8041B5345B8
:10453000F9D1714609A8FCF76DFC09A8E2F776FCF1
:10454000224621460120E2F731FC013D631E13F8AB
:10455000012F15F8011F4B4582EA01021A70F6D1AE
:104560005546BCE77020CBE7F0B585B01746054649
:104570000C46102200216846FDF71EFBBFB3C4B3F2
:104580000F2C04F00F0608D924F00F043A462146F8
:104590002846FFF782FF40BB27443246394668462B
:1045A000FDF71EFB2F6906F1100337446B44802290
:1045B000B7F5005F03F8102C2F61C6F110061AD36F
:1045C000062E1FDDFB001A0E8DF80A201A0C5BBAAE
:1045D0008DF80B20ADF80C306A4610212846FFF705
:1045E0005CFF2B69103B2B61002005B0F0BD3E46FF
:1045F000D8E72646D6E7022E04DDFB005BBAADF80D
:104600000E30E9E76A4610212846FFF746FF2B697E
:10461000A3F110042C61102200216846FDF7CCFAAA
:10462000B7F5005F4FEAC403CDD2E7E770B586B0B7
:104630000E46054601A81446FFF72BFF32462946D1
:1046400001A8FFF791FF05AE054601AB22461C46C7
:1046500003CCB44210605160234602F10802F6D147
:10466000284606B070BDF3F731BF0A460021F3F7C4
:104670002DBFF0B58BB00C4601A9F3F727FF054617
:1046800088B325220021E01CFDF796FABDF81070D2
:104690000123A370FA054FF00E03238010D52346A3
:1046A0004FF4877223F8042B06AE0DF1280C324626
:1046B00003CA624518605960164603F10803F6D133
:1046C0003B0605D5238843F080032380069B636067
:1046D00001AB03CB039BC4F81D00C4F82110A361F8
:1046E000F5F700F8606128460BB0F0BD30B505461F
:1046F00087B001A80C46FCF741F92868696802AB4D
:1047000003C39DF8113043F002028DF8112074B1FB
:104710002288510644BF43F006038DF8113053053B
:1047200042BF9DF8113043F008038DF8113001A805
:10473000FCF7CAFAB0FA80F0400907B030BD2DE9A5
:10474000F3410F4605461646EEF75CFAC41BE4B289
:104750004FF000082946CDF8008023463A463046FF
:10476000FEF7DDFF01212846EEF7BAFA88B10121F4
:104770002846EEF7B5FA0746EEF744FAC5B22B46DF
:104780003019CDF8008042463946FEF7C8FF25446F
:10479000ECB2204602B0BDE8F0812DE9F74F0C9E47
:1047A0009DF834808946054693461C46EEF72AFA62
:1047B000012723464A462946824600975846FEF777
:1047C000AEFF39462846EEF78BFA4C4428B33946FB
:1047D0002846EEF785FA5FFA8AFA5445814611DADF
:1047E000E4B2AAEB040B5FFA8BFB2246304600973B
:1047F0005B4629464444FEF792FFA4EB0A045E445C
:1048000004F0FF0801230C9300224346494630463A
:1048100003B0BDE8F04FFEF782BF0C974346E2B20B
:104820002946F4E72DE9F04186B000260746084600
:104830000C4615469846CDE9026604968DF814603C
:10484000EEF7E0F9411BCBB20D2B28BF0D230096EC
:104850002A46214602A8FEF762FF424602A93846D0
:10486000F3F788FF9DF80820064629462046EEF714
:10487000B1FB304606B0BDE8F0812DE9F04F0E46A1
:10488000CBB00121054617461C46EEF729FA234610
:104890003A462946814606A8FFF7C4FF0DF1280ACB
:1048A00000EB070B5FFA8BFB524631462846FFF7B9
:1048B00046FFB34503D200204BB0BDE8F08FABEB11
:1048C00006085FFA88F808F104039842F3DB331F07
:1048D0001844C4B204230193A31BDBB20093CDF8A8
:1048E00008A043465246002106A8E2F7E5F9C0B207
:1048F0000028E0D1A4EB0B040AEB0803E4B2524613
:1049000028460093314643460194FFF746FF394657
:104910002846EEF74BFB394600F0F8022846EEF742
:1049200059FB01212846EEF7DBF9002818BF4D4658
:104930002846ADF81650EEF765F9011FC9B20DF122
:104940001600FEF7D3FE0120B6E72DE9F04104463C
:1049500000F0C4FC411C074689B2204600F091FCDF
:1049600098B397B339462046EEF720FB00F00C03CE
:10497000042B054629D000F00308B8F1020F00D13E
:104980001BBB284600F015FD2B060744BEB216D50A
:10499000711C89B2204600F074FCB0B1F9B2204617
:1049A000EEF704FBB8F1010F014600F003030CD051
:1049B000032B0AD0284600F00BFD304486B2314666
:1049C0002046BDE8F04100F05CBC0020BDE8F0816D
:1049D000F8B5064600F044FC054604463046FEF7AE
:1049E0002BFD43785B0718D5AC1CA4B2214630469A
:1049F00000F047FCB8B129463046EEF7D7FA691CFB
:104A00000746C9B23046EEF7D1FA1FB1874201D846
:104A1000FF2808D104EB4704A4B221463046BDE884
:104A2000F84000F02EBC0020F8BD13B5044601A8E4
:104A3000F4F7B0F8BDF80430DA0710D49B0707D4B8
:104A400010220021204602B0BDE81040FDF7B4B8A6
:104A5000224621461020FFF7E9FD0028F0D102B0E0
:104A600010BD13B50024CDE9003413460A460146B3
:104A70000620F4F7BBF802B010BD08B50246F4F703
:104A8000ABF8510544BF0838C0B2130544BF08381D
:104A9000C0B208BDF0B5D3078BB005460C4649D56A
:104AA000008800F01BFC00230646029314B9CDE9F0
:104AB000034403AC002208212046FEF731FFA0B1D9
:104AC0002888FEF7B9FC0230FEF780FB2146074636
:104AD000EEF7D6FD48B1002240231146384600F0DB
:104AE000FDF9BE2528460BB0F0BD31462888EEF70B
:104AF0005DFA10F0030F0CBF01260026F3F72AFD24
:104B000046EA4000C0B2009002AB05AA0021204650
:104B1000F5F708FA0546F3F71DFD0028E2D0002D51
:104B2000E0D0009602AB05AA00212046F5F7FAF97D
:104B30000546D7E7A625D5E701461A230822012016
:104B4000EEF78CBB00231A46F5F75AB930B58BB097
:104B500005AD04462846FBF711FF022301A92846AC
:104B60008DF81430FCF771F901AA2346144603CCE2
:104B7000AC4218605960224603F10803F6D10BB02D
:104B800030BD08B50023024619461846F5F738F936
:104B9000012008BD37B504466846F5F7A7F9054674
:104BA00048B1082221466846FCF7DCFFB0FA80F0E5
:104BB000400903B030BDFF2208212046FEF7B0FEB9
:104BC000034628B106212846FFF7BCFF0120F0E785
:104BD00022460146F5F714F9F8E707B56846F5F7F8
:104BE00085F910B16846FCF7AFFA00F0010003B098
:104BF0005DF804FB0120F5F75BBE704730B589B066
:104C0000054603A8FBF7BAFE012401A88DF80C4065
:104C1000FCF7CAF89DF806209DF80730AA4209D093
:104C2000AB4209D103A88DF80D40E2F7FFF801204F
:104C300009B030BD0024F5E70020F9E708B50022EF
:104C400011461046F6F726F9BDE8084000214FF658
:104C5000FF70FFF777BF00221021FEF761BE70479B
:104C60007FB502460D460D2317216846FAF72BF94A
:104C700002AE6B462A461C4603CCB442106051601B
:104C8000234602F10802F6D12068106023791371DF
:104C900000236B7304B070BDF0B585B06C4606465A
:104CA0000B4601F10807224618685968254603C5D6
:104CB0000833BB422C46F7D1186828601B792B714A
:104CC00031460D231720FAF707F905B0F0BD38B5C6
:104CD00004460D46E1F720FEA04205D920462946AC
:104CE000FFF7BEFF002038BD6920FCE738B5044659
:104CF000002000F048F9FF2805460FD000F04DF9DC
:104D000010F0010009D0284600F047F9400840EAB9
:104D1000C17080F0010000F0010038BD04F0010016
:104D2000FBE7F8B5014606460020F6F7BFFFFF286F
:104D300001D00120F8BDE1F7DFFD00240546871C06
:104D4000E1F7DEFDE3B2984201D80020F2E735F842
:104D50002430B34203D117F82430002BE9D10134B9
:104D6000EEE738B50D4601210446EDF7B9FF30B145
:104D700001212046EDF7B4FF2880012038BD2C80AA
:104D8000204600F084FB0130C0B2F7E72DE9F04780
:104D900088B00746894610460DF10A011D46904627
:104DA000FFF7DFFFBDF80A6004464FF0000A304607
:104DB000CDE905AACDF81BA0EDF724FF031BDBB25C
:104DC0000B2B28BF0B23CDF800A02246314605A8A7
:104DD000FEF7A5FC48F21F039D4243D00BD885F493
:104DE0000043012B15D900972346424649462846E1
:104DF000FCF7BCF933E048F23A039D42F3D1FEF7E9
:104E0000DFFDB8422BD02246414605A8FCF7DBF96E
:104E100025E09DF8143013BBBDF81D40DDF81500EA
:104E2000DDF8191003AB03C303A92046E1F7E6FC44
:104E3000012203A92046F3F7E5FAA74206460ED061
:104E4000012103A8F7F796F948F201039D4206D124
:104E50002EB9334632463946204600F0BEFB08B034
:104E6000BDE8F0879DF81450002DF8D102349DF86C
:104E70001570E4B2A846EBB2BB42F0D2224608233A
:104E80003146CDF8008003A8CDE90388FEF747FC42
:104E900003A800F075F800F078F8083400F05AF82C
:104EA0000135E4B2E7E710B5002484804180048036
:104EB000C280038110BD13B5BDF81040CDE90034A8
:104EC0000023F7F701FD02B010BD13B5BDF8104087
:104ED00001900094F7F7F8FC02B010BD07B50093FD
:104EE0000123FFF7F2FF03B05DF804FB38B5054678
:104EF000F1F74AFE0446E1F71BFDA40144EA402015
:104F0000284038BD7047704700207047FF20704729
:104F1000002070477047002070474FF6FF707047C1
:104F2000002070477047002070477047002070478E
:104F3000704700207047002070477047704700207E
:104F4000704770477047002070474FF6FF707047FA
:104F5000932070477047704770477047704770479D
:104F600001207047012070470020704700207047E3
:104F7000002070477047704770474FF6FF707047CA
:104F80004FF6FF707047FF207047FF207047FF20EB
:104F900070470020704700207047002000217047B4
:104FA00000207047002070470020704770470020A5
:104FB00070472DE9F04F002785B081460C467E20D2
:104FC0003946BDF83CB09DF844A0BDF84C50019264
:104FD0009846ADF80E70EDF7BFFE0646002800F0CB
:104FE000AA80EDF7F3FD39467E22FCF7E5FD304659
:104FF000EDF7ECFD00903046EDF7E8FDB9F1FF0F5D
:1050000014BF44F0030727463B0A14F440620770BC
:1050100043705FD1C31C4FF00808184601994246FF
:10502000FCF7B0FD04F440440346434484B17906E0
:1050300006D419464FEA1B2201F802BB5A700B46F0
:10504000B4F5004F56D0A4F5404254425441E40018
:10505000224618460E99FCF795FD009A0346204417
:10506000A0EB02085FFA88F89DB14FF47C521A5306
:10507000841C2846EDF7AAFD83462846EDF7C2FDBD
:10508000C5B22A4659462046FCF7AAFD60190235EA
:10509000EDB2B9F1FF0F2FD0109900F8019B5246E5
:1050A000FCF79EFD08F101015AFA81F129443046CE
:1050B000EDF7C4FD0C21FF00002207F08007394303
:1050C0001046FEF797F9ADF80E00E8B9002005B0DC
:1050D000BDE8F08FB2F5006F80F803804FEA182822
:1050E00080F8048000F1050314BF4FF008084FF06A
:1050F000020892E70224ABE708EB0A012944304694
:10510000EDF79CFD0821D6E73046EDF75FFD04463C
:105110003046EDF777FD0123C2B221460DF10E00B6
:10512000EDF7A0FE0028D1D1BDF84820BDF80E0053
:105130000121EDF7E9FDBDF80E00C8E7002070473A
:10514000F8B506460D46F8F72DFB0328044621D096
:105150002846F8F727FB032807461BD010F0020368
:1051600018D1A0070DD5F90716D401233C43E20757
:1051700004D431892A89914218BF002303F0010029
:10518000F8BD082229463046FCF7ECFCB0FA80F363
:105190005B09EBE70020F3E71846F1E770B50D4631
:1051A00000210646FEF797F9044630B1EDF70EFDF3
:1051B00001462846FFF7C4FF08B1204670BD2146CE
:1051C0003046FEF7DEF9EFE77FB54FF6FF7101AA33
:1051D000F8F77EFB20B1BDF80C0007B05DF804FBCA
:1051E0004FF6FF70F9E708B51046EFF7A3F8BDE8F2
:1051F0000840EFF75DB92DE9F7430F4601218146DD
:105200001646EDF76DFD054658B1FEF7B3FA30804E
:1052100088B92846EDF7F6FC68B1182003B0BDE860
:10522000F0834846EDF7EEFCFF2FA0EB0704E4B255
:1052300014D014B934800020F0E72A4621462846CD
:10524000FEF732F980460028E7D000943B464A46F4
:105250002946FEF79EFAA6F80080ECE70120DDE77C
:1052600008B5FEF7E9F8437803F001001A074CBFD0
:1052700010300830DB0644BF0830C0B21030C0B276
:1052800008BD10B50C46EDF7BDFCA04234BF0020B0
:10529000012010BD7FB59DF820600091144641F2B9
:1052A0000921024641F60920002E18BF01461D467D
:1052B0000020099BF8F7A2FBADF80E0010B9002002
:1052C00004B070BD01232A4621460DF10E00EDF712
:1052D000C9FD0028F3D1BDF80E00F1E738B5054649
:1052E000FFF7BEFF04462846EDF78CFC631C9BB21B
:1052F00083420FD82846FEF79FF843785B0707D50F
:1053000021462846EDF752FE013004EB4004E4B29A
:10531000204638BD0024FBE730B585B0ADF80E005F
:10532000EDF770FC0446BDF80E00FFF7D7FF00F163
:105330000E03DBB2E5B2BDF80E20ED1AADB20146A8
:1053400000951046FEF725FAA4F10E01C9B20DF141
:105350000E00FEF7CBF905B030BD4278034612F0DF
:10536000080006D0D20702D403F10800704703F109
:105370000900704737B505460C46FEF75DF84378DF
:1053800013F0100211D094B103F001021B074FF08B
:105390000003009354BF18322032082329462046C8
:1053A000FEF7BDF9012003B030BD1046FBE72046F3
:1053B000F9E700F00303012B08D0C30606D400F080
:1053C0000C000C2814BF08200920704702207047E9
:1053D000034611F0030005D003F00303022B14BFB2
:1053E0000220032070472DE9F0414E1C07460D4670
:1053F000EDF708FC864203D900242046BDE8F08181
:1054000029463846EDF7D2FD8046FFF7D2FF18F067
:10541000800F0446F1D006443846EDF7F3FBB6B2F0
:105420008642E9D82919C9B23846EDF7BFFD0146D1
:105430004046FFF7CDFF2044C4B2DEE7F8B506468C
:105440000D46FFF7D0FF044610B900242046F8BDF2
:1054500029463046EDF7AAFD8206F7D53046EDF72E
:10546000D1FB6F1C2744BFB28742EED82919C9B2BD
:105470003046EDF79BFD00F01803082B14BF0534F0
:105480000634E4B2830644BF0834E4B2DEE738B53C
:105490000546FFF723FF044608B9002038BD014642
:1054A0002846FFF7CBFF0028F7D02044C0B2F5E72D
:1054B0002DE9F04387B005460C46FDF7BDFF804659
:1054C000FDF784FE07462846FFF708FF064601461B
:1054D0002846FFF788FF00220346009229463246FD
:1054E00002A8FEF71CF99DF8086006F00C030C2BCF
:1054F00006F003090BD0B9F1010F59D0F10657D4CA
:105500009DF809300DF10A056371002007E0FF23C3
:1055100063710DF10900FDF759FE0DF10B052081B6
:1055200098F80130DA0704D508F10200FDF74EFEC5
:105530002081B9F1010F5FFA89F83DD0F3063BD421
:105540002846FDF743FE6080A81CFDF73FFE0535A9
:1055500015F8013C208023712B78A372B00606F069
:10556000400348BF43F02003390627D543F40073B6
:10557000F80448BF43F48063390548BF43F400632F
:105580003206E38011D56A7812F003020DD0A978B3
:105590006FEA43436FEA5343B8F1020FE3800B46CF
:1055A00011D1EB7841EA0321218107B0BDE8F083F6
:1055B000FF230DF10905A7E7FF23CCE77A0648BFD3
:1055C00043F48073D4E7012A04BF0B029BB223810A
:1055D000EBE7EEF781BFF8F7C7BE0BB1F8F730BFC6
:1055E0000AB9F8F7A9BFFF21F8F7D2BE431C08BFDC
:1055F0000020E9F791B80000000000000000000062
:10560000F8B500BFF8BC08BC9E467047F8B500BFAF
:10561000F8BC08BC9E4670475FF800F041140020BB
:10562000000000000000000000000000000000007A
:10563000000000000000000000000000000000006A
:1056400013B779FAC925DDB7ADF3CFE0F1B614B8D9
:105650000102000000000000FFFFFFFF010000004A
:105660000100000000000000000000000000000039
:10567000000000000000000000000000000000002A
:10568000000000000000000000000000000000001A
:1056900043E701003FE701001DE701001BE70100B0
:1056A0006D0500004DE70100310500002C000000F1
:1056B0000200000040787D0100000000005A6202F4
:1056C00000010000C0CF6A0002000000809FD500EA
:1056D00002010000002D3101020200000100000063
:1056E00000000000040000000100000008000000AD
:1056F0000100000010000000010000000001000097
:1057000001000000000800001D0000000002000071
:105710001D000000000400001D000000000001004A
:105720001D0000000003010303030200000800FC49
:10573000A0570200010001074C570200000800F8C2
:105740005C570200000000000000000083FFBFFF64
:10575000E2FFF1FFF9FFFEFF00000000C800FCFEC1
:10576000F800C50A571EFBFF7B0095047C02FFFF73
:105770004A00B60246DFFFFF2D00AD01412F0000B9
:105780001C000701854700001200A7009746000093
:105790000B0067001A3C000006002200682300008E
:1057A000C800FCFEFC00D80A066CFBFF8800370529
:1057B00018E2FEFF53000403F5E3FFFF3200B901D6
:1057C0009D43000029005701F85700001600D10042
:1057D000585700000E007C00D04900000700280048
:1057E0001729000000000F400000000000040F40D7
:1057F00001000000000108070F000A00C800200097
:10580000A000010000000000A00068010A200706B7
:10581000020A04070000433A2F55736572732F4143
:10582000657269616C2F53696D706C696369747915
:1058300053747564696F2F53444B732F6765636BA3
:105840006F5F73646B2F706C6174666F726D2F7312
:105850006572766963652F6C65676163795F6861FE
:105860006C2F7372632F626173652D7265706C614A
:1058700063656D656E742E63000001040000050B06
:10588000060B070B000000000000010301090600E1
:105890000105000000000000000003060000E40C09
:1058A0000A00010410400100000005000000000291
:1058B0000000030000000000085B0200045B02001F
:1058C000F05A0200EC5A0200E85A0200E45A0200C0
:1058D000D25A0200C25A0200A85A0200A05A02007C
:1058E000965A0200945A02007C5A0200795A020029
:1058F000715A0200605A0200505A02003E5A0200D9
:10590000245A02001C5A0200105A02000C5A0200CB
:105910000A5A0200FD590200F2590200D959020048
:105920007D5902007C5902006C5902004459020062
:1059300039590200385902000F0000000000000031
:105940000000000000000000000000000000000057
:105950000000000000000000000000000000000047
:105960000000000000000000000000000100000036
:105970000000000000000000000000000F00000018
:105980000000000000000000000000000000000017
:105990000000000000000000000000000000000007
:1059A00000000000000000000000000000000000F7
:1059B00000000000000000000000000000000000E7
:1059C00000000000000000000000000000000000D7
:1059D00000000000000000000000000000000000C7
:1059E00000000000000000000000000000000000B7
:1059F00000000000000000000000000000000000A7
:105A00000000000000000000000000000000000096
:105A1000FFFFFFFFFFFFFFFFFFFF00000000000090
:105A20000000000000000000000000000000000076
:105A30000000000000000000000000000000000066
:105A40000000000000000000000000000000000056
:105A50000000000000000000000000000000000046
:105A60000000000000000000000000000000000036
:105A700000FFFFFFFFFFFFFFFF9C0000FF00000093
:105A80000000000000000000000000000000000016
:105A9000800000000000FFFFFFFFFFFFFFFFFFFF90
:105AA00000000000FFFF00000000000000000000F8
:105AB00000000000000000000000000000000000E6
:105AC0000000FFFFFF0000000000000000000000D9
:105AD00000000000000000000000000000000000C6
:105AE00000000000000000000000000000000000B6
:105AF00000000000000000000000000000000000A6
:105B00000000000000000000FC0301010101010190
:105B1000010101010101010101000000000000017B
:105B2000000A000000000101000002041104040248
:105B300011101A080A021801081110111A080A0493
:105B4000020D0B195C0110280B0100000000000081
:105B5000000000000000000000010101010101003F
:105B6000010101010101000001010001000101002A
:105B70000000000000000000000000000000000124
:105B800000000000000000000000000001FF010014
:105B900023E1010075E4010063E2010063E5010017
:105BA00062E1010079EB010064EE010024E10100F3
:105BB00025E1010026E1010027E1010028E10100C3
:105BC00029E101002AE1010000000100800001003C
:105BD00000010100800101000002010080020100BB
:105BE00020E2010000030100000501008005010022
:105BF00000060100800601000007010001E5010028
:105C000002E501000008010080080100433A2F5519
:105C1000736572732F41657269616C2F53696D7082
:105C20006C696369747953747564696F2F53444B5D
:105C3000732F6765636B6F5F73646B2F706C617438
:105C4000666F726D2F736572766963652F746F6B03
:105C5000656E5F6D616E616765722F7372632F731E
:105C60006C5F746F6B656E5F6D616E616765722EE0
:105C70006300433A2F55736572732F4165726961F2
:105C80006C2F53696D706C696369747953747564B2
:105C9000696F2F53444B732F6765636B6F5F73643A
:105CA0006B2F706C6174666F726D2F73657276699D
:105CB00063652F746F6B656E5F6D616E6167657292
:105CC0002F7372632F736C5F746F6B656E5F6D61A2
:105CD0006E75666163747572696E672E6300FFFF8F
:105CE000FFFFFFFFFFFF34B684327032F610433AF5
:105CF0002F55736572732F41657269616C2F5369FB
:105D00006D706C696369747953747564696F2F532E
:105D1000444B732F6765636B6F5F73646B2F707297
:105D20006F746F636F6C2F7A69676265652F61703E
:105D3000702F6672616D65776F726B2F636F6D6D1B
:105D40006F6E2F7A69676265655F6170705F6672FA
:105D5000616D65776F726B5F636F6D6D6F6E2E63D4
:105D600000433A2F55736572732F41657269616CF8
:105D70002F53696D706C69636974795374756469C4
:105D80006F2F53444B732F6765636B6F5F73646B47
:105D90002F70726F746F636F6C2F7A6967626565BD
:105DA0002F6170702F6672616D65776F726B2F63F4
:105DB0006F6D6D6F6E2F7A69676265655F61707078
:105DC0005F6672616D65776F726B5F736C6565702E
:105DD0002E6300D0D1D2D3D4D5D6D7D8D9DADBDC54
:105DE000DDDEDF005A6967426565416C6C69616E92
:105DF0006365303900FFFFFFFFFFFFFFFF005A69B7
:105E000067426565416C6C69616E6365303900009D
:105E100001080109020A030B040C050D060E070F09
:105E2000081001180119021A031B041C051D061E87
:105E3000071F08200121022203230424052506262A
:105E4000072708280129022A032B042C052D062EDA
:105E5000072F0830013102380239043A08E004E122
:105E600004E204E802E902EA04F008F11000070085
:105E7000491001000300491004050000845E02007F
:105E80000400000000000000D45E020005000000D5
:105E900040000000000000000A000000105F020047
:105EA00001000000800000000000000000EF000082
:105EB0001C5F020001000000400000000000000024
:105EC00000FC0000285F020001000000400000000C
:105ED0000000000000002001200000000800000079
:105EE0000400422120000000505F02000500422112
:105EF00020000000715F0200070030012000000058
:105F000003000000FDFF210220000000030000004C
:105F1000FDFF21026000000002000000FDFF2102E1
:105F20002000000001000000FDFF21022800000009
:105F300001000000030049100400491000EF0008B0
:105F400000EF010200EF040800FC071800FC08182D
:105F5000045475796100000000000000000000009A
:105F60000000000000000000000000000000000031
:105F7000000C5459304130312D54595A53330000DC
:105F80000000000000000000000000000000000011
:105F90000000000000000000000000000000000001
:105FA00000000000000000000000000000000000F1
:105FB00000000000600900000080000000000000F8
:105FC000000000433A2F55736572732F4165726963
:105FD000616C2F53696D706C696369747953747562
:105FE00064696F2F53444B732F6765636B6F5F73E7
:105FF000646B2F70726F746F636F6C2F7A69676256
:1060000065652F737461636B2F7365637572697453
:10601000792F7A69676265652D7365637572697436
:10602000792D6D616E616765722D6E6F2D7661756C
:106030006C742E63000000756A636A6B34366F00FF
:10604000737270747776616B000000003760020035
:1060500037600200807000000100000000000101B4
:10606000620054757961005459304130312D5459D2
:106070005A53330054332D31000300007D7A000061
:10608000C57C00005D780000C97800002978000018
:1060900065790000A178000000000000545A4C4CC3
:1060A0002D54595A53332D554A434A4B34364F2DAC
:1060B00054332D312D43414E444944415445000051
:1060C000050000000000000000C201000005000003
:1060D00000100000000000000000000002020300A9
:1060E000000000000000000048010000C014002073
:1060F0000000020800000000FFFFFFFFFFFFFFFF9E
:10610000FFFFFFFF00000000000000000000000093
:106110000000000000000000000000005241494C57
:1061200000000000A0000000ADAA00005000000028
:106130008DAB0000FA04FA000033330A0A0A0304A4
:1061400004080808080808400021000000000000BA
:106150000000000000000001000001010001010139
:1061600000000000000000009E07000048700C0EB8
:106170004470980D3070DC123C70DC163870F40DF1
:1061800034701A0E30706A0F2C706A0F2870541118
:1061900024706C112070FE0D1C70F81118706A12BA
:1061A0001470FA0DB110076001D80A7108B87F7831
:1061B000020C7E78641000C6A01F00218CB8707895
:1061C00001B007680F305CB30F330111C048069867
:1061D00046022FB006D80C7109DD087100B853A82B
:1061E00009BB1110076801682148076004100112FB
:1061F000FF322150076051480760008806988613D7
:1062000000C43C1F002103DD087214BA281400A04A
:1062100000BA03DF107109DF06720298E8058CB836
:10622000507800A04413281441158110076002D84B
:10623000147110880698F81B00C00C70084006986E
:10624000521E009106985C020060B83020D806719A
:1062500090BC637C084D5412F03240DE047240481A
:1062600004DB08720DDD0C72044BEF301448069805
:106270009E0700C4E010084044120762013221402A
:10628000084C287C811140D91C72B1123032CF4A9F
:10629000013AB1DA107208D8067104D80871B04C0E
:1062A000237C3E70684C4412FF328722047580B80C
:1062B000D84C81D8307140D90472237C084B0698A1
:1062C0009E0704BA88B9767900C11860084035790C
:1062D000E049007906B904A901D86C72BC4C307C45
:1062E00002982E0208D83C7100C14C0008401411DD
:1062F00010D93071104C00C114000840141118144A
:10630000076100C5206008405415FF35047110492D
:106310001814A84C44120762013206710298120147
:10632000B84C08D80C7107BA24D8047106BA187092
:1063300004D80C7101BA40D80E7102BA0A7005BABD
:1063400020D8047203BA604C4411404C1814076101
:1063500018149111383111429111076910D9047242
:10636000EF3200C100600840141110310169114280
:106370002814A111076118140698381E181400C1BA
:106380000060084014110769FF31181400C13C3047
:106390000840141118140761181430880248069830
:1063A0004806009308DB047101F800A05CB00F30D0
:1063B00000A01088B111076980D90A7100C180005E
:1063C00008400811009100A000C4000108404410DA
:1063D00000A000C020300E40041104101050F472D0
:1063E00000A05415504512710698A8070698380762
:1063F00018B8707800B8417806983C0390BA5B7A78
:106400005C7A5D7A00C218500840241200C14C1F0B
:10641000002128110698021C2088008800C5401F12
:10642000002154155112FF350762FF3206986602AB
:106430000159512904751159009021292075069898
:10644000FA0406982A050698F602009203D80C7200
:106450008111076102D90472FF0FBA7018B87278FF
:1064600000F804D842710088308800C0FC1F002169
:10647000041000C14C1F00211412012A215A00C32C
:10648000185008403413312A1A7500C000600840C3
:1064900004100730FE200C76381108B87F78020C03
:1064A0007E780093009000A000C0F41F002104102B
:1064B00000BB1DB400A000C1DC1F00211411108816
:1064C000FF3100C5FFFF0000311207620762513A39
:1064D000513B0E720698140D1159011201131E70D2
:1064E0003114008831100698140D1159415C41286F
:1064F0000698160D513801130090012B009020884A
:10650000076001140760FF30215D411207620762D6
:10651000312D0876FF34415C4128015D3110069829
:10652000160DFF303088011300C0E01F0021041059
:10653000512B0C76076801150768FF356070315BD9
:10654000FF32212B0C75076001150760FF354E7077
:1065500000C5E41F00215415076507655112FF357A
:10656000FF30012B08752110076032702110076879
:10657000FF30012B0A75211007600760207000C2F0
:10658000E81F00212412211007600760FF30012B53
:10659000087521100768067021100760FF3000930E
:1065A000009200C10060084014142C490734FE24F6
:1065B0002A761415F0BC076C513C07680368015437
:1065C000107100C4FF0FFFFF513C0144481131120C
:1065D00000C5E81F00215415FF35076207622143FB
:1065E000544914122155FF355152281100A000DFE3
:1065F0000672011314703111312B112B016300C18C
:10660000FF070000113B012B00C278FEFFFF05B819
:106610006EBD312A207505B8C8BDE8221875DCBDED
:1066200006B8DC22107507B8F0220A7508B8E8220F
:10663000047509B800C10060084014122C490732E3
:10664000FE2216760768036800C2FF0FFFFF1414CE
:10665000213C0144481150BD544914122155FF35C5
:106660005152281100A001D82C71008800C004707C
:10667000084004108020FF301A7100C1B01E0021B4
:106680001411076120D908710698820406700698D3
:106690004A03009000A002D8047200A00088069867
:1066A00038071DB428B9112C408800C3EC1F002105
:1066B000341440445A7144130698A805411500C08B
:1066C0000060084004100730FD20447500C20870C7
:1066D000084024100760FF3080DC34710698500DAC
:1066E00001591C4A241007600260FF300698500DC3
:1066F0000158B2200129541331100698500D112869
:106700000A75042554155045EE720698A8050094A4
:10671000009000A07FB9066100C01C600840069888
:106720008C1304155153113B3155581002988613A0
:10673000EBBD00C03C1F00210411113D10D91271A6
:10674000FF33076B00C190400846381118B97479BF
:10675000581000A006985C028024E4240D300472D6
:10676000044800C11C510840141100C3D81E002168
:10677000911504351A72181388BB08D804716C7B04
:1067800004D804716A7B8CBB2F7C5B7B1670044B36
:10679000181388BB08D804716F7B04D804716D7B13
:1067A000217C0C3001600698240706980A0C069894
:1067B000D40700B8B111076940D9067202980807DA
:1067C00001BC00C20060084000DC0A7124150165AC
:1067D000604A0A701C4A241507657C4A043508D9AA
:1067E00020712024512A241200C180000840320C5C
:1067F0002811076228110762281107622811500C1E
:1068000000C1341F0021141200DC347120D806713D
:1068100001B80C70F0DA0C720CDB087102B8069843
:106820002C07482400C3306108403413076380DB21
:106830000E7102B9911308DB047203B906700C499A
:10684000141100C380000840FFB8012011410871F5
:10685000014118130824014200C12000084014110E
:106860000141036D514191152035016D51411813BE
:106870002813481300C37C000840341003D80C715F
:10688000073005DC0671084B227B8CB8507800B8C5
:1068900000C1341F0021141203682150F03001524E
:1068A000281100A04024066400C0FFFF0100013C45
:1068B0001DB002200158402806751EAC01EC00A056
:1068C000208800C01850084004121DB4211304127F
:1068D0003052F871066C402400C3741F002134103C
:1068E00014110698800D0669009211592129067627
:1068F00000BB11590698380D80B80158013A06625C
:10690000313B0472215A412A00A000C20001084014
:10691000317A00A0308880B9076900C30000C0FF49
:106920003110312800BC002D0C7511541EAC01EC47
:10693000312DF470066C51134155312C009300A099
:1069400000C028400E400413315107610C31076923
:106950001153381000A00698EC0800C0F41F002165
:1069600004110698D407217A237A00C3000010008E
:106970000698140800C0541F00211DB1181000A073
:1069800000C0501F00211DB1181000C09C1F002125
:106990000410002D067500B826A80698A80700C0A8
:1069A0009C1F00210410012C06750698380728B09A
:1069B00010B9115911380EB9114028A880B800C17A
:1069C00044300840081100C1F01F00211410303B72
:1069D00006710760076000C4083008404411115078
:1069E000FF30015118146FB8076826A8217A050CEA
:1069F00021102048267800C063EF0000314026A80F
:106A0000050C20ECB11140D90872247A20EC217ACF
:106A1000184826A828B00AB901510F31115028A8EA
:106A2000050C207A20EC0F0C98B84678417806982F
:106A3000660200C2401F002124100151FF31115095
:106A4000081200A00698EC0800B826A800C0581F3D
:106A500000211DB1181000A030B840780DB101D947
:106A6000FC72427800C074300E4004114CBA407A77
:106A70001810144804115C7A1810A4BB707B4E7B6C
:106A80004F7B00C20430084000A00698EC08217A31
:106A9000227A00BB0698140800C0641F00211DB1B3
:106AA0001810A4BB00C040300E400411033101494E
:106AB0002872B112076207623048041121510F3168
:106AC00018726E7B6F7B104804114CBA7C7A1810D8
:106AD00014480411607A1810B11002D81071707B3C
:106AE00030B8627860780DB001D8FC7100C0F860F1
:106AF0000840041101D90C7100C01800084002B907
:106B0000181008B86E780EB84EB110D90C723EA8A5
:106B1000140C0FB83EA8107044A8140C01B800C1A2
:106B2000AC300E40081100C077801F003DB201421A
:106B30003DAA00C0FFFFFFFC013A3DAA140C00C0B3
:106B400077E01F0001423DAAFFB845207D7808B8D4
:106B50007E7800C124600840141107610631087175
:106B600000B90698D21006988C13B11101D90E7194
:106B700006985E1E02D906720698500C0698861377
:106B8000511406983807F4B845780A0C00C0601F05
:106B900000211DB118100298AC10FFB845205D7897
:106BA00003B8076044A83EA800C1AC300E400811ED
:106BB00010B807683DB101393DA908B86F7800A049
:106BC00046A800C0FFFF0000013B076356AB94BA24
:106BD000437A01D91471013C47B300C0FE20FFFF86
:106BE000013B314447AC637AFFB82120407802D999
:106BF0000471607800A0C8BC066C415C512C06751D
:106C00000698380706982E0EB110076805D834711B
:106C100040BA06985C1308B86578911004D81871CA
:106C200088B86E78577800C06400084021780698CC
:106C3000FA1001400A728CB84278069898130298AC
:106C4000E20B08B86C7820B859785B7800C0F44043
:106C500008407878797800C1C81F0021141040A836
:106C6000184914130449408814140C491411811252
:106C7000076A006A01DA187188B8577800C0CC1F1B
:106C80000021041001610763076307640764069825
:106C9000540A00944EB010D842724DB161B80158F8
:106CA000113840B102D90A72604804BB41540870DF
:106CB000204802BB02BC4DA8F8B87078190C3EB150
:106CC00041413EA9F4B973797378717800C4F840F2
:106CD000084000C200410840227000C200000100CC
:106CE00044AA230C00C200000B0044AA00C41041B7
:106CF000084000C21841084004BB587C050C597C70
:106D00000C240F0C2FAB050CB11008D81471647A49
:106D1000657A1CB879787B7820B879787B78607C44
:106D2000F424411306989E075114404406750698B2
:106D30003807727BFFB84D20050C687840EC00C026
:106D40005C1F00211DB11810911004D8147100C0EF
:106D5000B01E0021041080D806711CB8737800F8AA
:106D600018B800C1D41E002100C2185008402412D7
:106D70002811777800F800C0B86008400411076156
:106D8000076180D9047240EC00C4F84008404EB05E
:106D900010D80471182441130C23527C407B1151EC
:106DA0002FA9050C797C0A0C00C000000102081410
:106DB000787C050C507C08B86D7800A000C0287065
:106DC00008400411108800C1001800401810444801
:106DD0000411108878480411108800884CBA757A1C
:106DE00018103DB11088F4B84278442072782848D1
:106DF0007378F8B873784FB200C4FFFF8080413ACF
:106E00004FAA01BC01644113076300C06C700840C5
:106E100003B918100110011001B918100110011068
:106E20000110011068480411076101B80160003ABF
:106E30000471044904D9047241520760003A047194
:106E4000084908D9047231520460003B0E72006395
:106E50000064314241424FAAB2704FAAF8B8537849
:106E6000182053782848527800913DA9009000914D
:106E7000181000917848181000914448181000A08C
:106E8000115910D906710760076008D904710760AD
:106E900004D90471036002D90471016001D904713D
:106EA000006000A000BA01D806710148112A0069EB
:106EB000006001D8F6720138F67200A08020FF3021
:106EC000FF48812000A002EC00CA02EC00C8076A5B
:106ED000014202EC00C8076A014202EC00C8076ADE
:106EE000014200A000C21850084024121159212963
:106EF000127300210E7100C230500840241201218B
:106F0000212900A00698EC0888B8577800C57C1F96
:106F100000215088044D88BC00C0BC1E0021811196
:106F200001D91E71407C009501157C4D5088044D9F
:106F3000FFBB076B315B04110698780D3129F8759A
:106F400006984C1D541506985E1E01D908720698C5
:106F50001E0906700698800988BB547B009500F8CE
:106F600006982E0A0E7006980A0C06982E0A0698A5
:106F7000D8110698D8089112211900C02460084041
:106F80000A78097800F810B901BA069852130698E1
:106F9000AC1000C57C1F002100F89112033288B9A3
:106FA00000C3B01E0021341300C4A81008408CB8E0
:106FB0004278707903DE067144786E707179A110A1
:106FC00020D806710298760F80DB507102D84C727F
:106FD00005B830880763076302DB2A7100C3AC0081
:106FE00008403413066380DB0472804800C310201D
:106FF00008403413315B0472404831283128026064
:107000000814076800930814A110103002480814EF
:1070100000B808149110076008148CB86278A110A9
:1070200000DC0676517900BA80DB3A7100C00000BE
:107030000200003B307150884110344803DE047177
:107040009048041508200411F82058101C202178BD
:1070500000C0A40008400E7810D904722E7806985B
:10706000A2160095911120310269911004D80E7278
:1070700000C1481F0021141101D90A712088069807
:10708000D210009200C1180008400533054B187259
:10709000184C03DE0471904C441400C3FF1F000021
:1070A000413BFF233811B84900C330610840341315
:1070B000076380DB0E7103BA076A06985E0F00BA99
:1070C0000870076A06985E0F044908790979141058
:1070D0002140081100A000BD0698400210B903DC51
:1070E000047100B901BA0698521302D90671004022
:1070F0004E7201B107690F310698FA10FFD8287255
:10710000811008D8187106DD0A710698400203DC68
:107110000C7206984011069898130C7006DD1071D9
:1071200006984611487020B802A806DD107206982D
:107130002E0A0698D80801F840B802A800F800C046
:10714000B01E00210413076301DB227191100111AD
:10715000076911388CB910D8087144790298760FF4
:1071600002DBFA72A11328DBF47203BD0698A010AB
:1071700006982E0A8CBA7F7A06989E0700C5801F53
:1071800000210698400200BA03DC4A72044DA110A7
:1071900002D804710C4D00C01400084004100268AD
:1071A00000C3701F00213411112800C13061084054
:1071B0001411076180D90C71911108D90671FC2353
:1071C0000C4DFC2334110698380D00C10C510840B9
:1071D000069854075415212D00C0F860084004118A
:1071E00001D9227100C0381F00210410033001DCD6
:1071F000147200C0140008400411FB21087607BA7D
:10720000076A212D0698EA0702988A0A911001550B
:1072100003355150011900A000C1441F0021141072
:1072200001D8427101480760FE200E75811020D8F8
:10723000087100C1481F0021141101D9287100C034
:10724000246008400412215107610F31076911526F
:10725000281000C000600840041191122151203113
:107260001152211900A0811380DB067201B800A021
:1072700000C30C5008403410063030727C4B34127E
:107280002C4B34100760076040302072811080D88A
:10729000DC713410014A07620360803021508C4851
:1072A0000A717F2355233410013000A000BD0698D9
:1072B000A01088B847784578437800B8447800A093
:1072C00006982E0A0698401100C58C1F00215415FF
:1072D0000698EA0702988A0A00C374000840027BF5
:1072E00006988C1350BA06985C130698FA10FFD8CB
:1072F0004A71911004D84872811007601CD84072FE
:1073000020D938721112FF3221513471802180212D
:10731000111400C0E01E00210413FFBA3151113ACC
:10732000215111538CB938107B7940440E7200B949
:1073300000C2B81E00211812067008B860780698BE
:10734000861300F800B900C29C1008401812244AA5
:107350000AB9181288BA507A517A577A8CB9427998
:107360005F7900A00698400207DC1072911000209F
:107370000A750698D8110298260E0698D80801B901
:10738000911004D8047100B910BA0698521300BACB
:1073900000402A7100C0B01E00210411076101D90C
:1073A000127104D9E2728110076001D8DA718CB8C9
:1073B000647800C11C510840069854070698D811FB
:1073C00000C5901F00215415212D06981E0900C5E7
:1073D000941F002100F800BC811108D9167280D9D1
:1073E000207201B910BA0698521300400E7101BC08
:1073F0001070069840110698981320B802A800F85B
:107400000698D81181110231127100B900C20C1016
:1074100008401812244A02B918120698401100C5F3
:10742000981F002154150698D61D02988A0A041147
:107430000121147188BA737A0420041228110420DF
:1074400004110121F47200A006989E0701F8911022
:1074500010D8347106983C030698FA0406982A0559
:1074600000C51C51084054110698780D00C5D01E67
:10747000002154155129E27518B876788CB84478F3
:1074800001B802A800F8B110076810D82E7100C02A
:107490004810084000C3000008403114884C4411D3
:1074A0003411076101D9FA714412281007622810BB
:1074B0000762281007622810E87002987602069882
:1074C0005C0211380472016A00BB00C1E01E002199
:1074D000141120390C72911210DA0672417B00A04F
:1074E00006988C1300C2B01E0021241220DA047208
:1074F000617B88BA527A00A088BA727A811204DA63
:10750000FC7200A088B86B78577800C0640008400F
:107510002F7800A00698E6100763076390B9637997
:1075200000B902DB227102EC00C909B801D950721E
:1075300000C2AC0008400E7A10D904722E7A069868
:10754000A216E031076102EC00CD114502EC00CC3F
:1075500001DB087100BB0298001803B84111073124
:10756000FA211C760621911210DA087102DD1072E0
:107570001E7020B80698140D3038147208B806989A
:10758000240700C0240008402978207800F804600F
:1075900020D8067102985A1502EC00CA05B823DA01
:1075A000187104DBDA7120DAD67110DAD27290B871
:1075B000617800B801DA067202EC00C8911110D9A6
:1075C000267100C1C01E002114111150FF300C7231
:1075D0000661A110115002300A7180DB0A720AB8EC
:1075E0009E708CB97C790768911111402111C031CE
:1075F0001140011990B8411108D90471667820D959
:1076000004726578A11002D80672C0DA1E7190B8B3
:10761000273123DD087210DB1072607825DD0A71D6
:1076200021DD087208DB0471627803B8411107316B
:107630000872A1152035AA7102DD3272A11120D97C
:10764000A07102D92872CCDA9872411140D9927295
:1076500006B802DB1071046500C110200840141147
:10766000112D112D054D5C720298E813211140492E
:10767000C0D94E71A03141154035016551410361BA
:10768000076308DA1E7204DA38721049A115023550
:10769000067110DB0E7201340A7108DB247190B898
:1076A0006778CC3211101A300ADC0872CCDE047113
:1076B000FD3100C00D0F0C0D0698160D01D860723B
:1076C00007B80298121400BA411108D90C7102ECE3
:1076D00000CA05B830DAEC720734F031026101DA21
:1076E0000471014900C0F300A3E30698160D01D808
:1076F000D07100C0981440680698160D40300144BF
:1077000040DA0471204C04320162204A1110063024
:107710000068014218310269114202983014204A6F
:1077200000C0051708500698160D11300142208838
:10773000FFBB0DDA507100C1DE1B250180BC04DAED
:10774000107208DA0A7200C120841000E024A0241C
:1077500007634143016401DA06711E49024B00C010
:10776000281F002107633810BC2002DA127101B90A
:107770001159A11380DB087100C100FCFF01181032
:1077800002988C1700C4B01E0021441080D87C7170
:107790000092D0DA06710DDA0C7190BD437DEFBD19
:1077A0000698C60503620DDA8672A11105D95C71CF
:1077B00000C23810084024120C24281401D9067283
:1077C00002D9327140D91E7102EC00CA2110183260
:1077D0000471FA2220D804720822FE22087502ECF5
:1077E00000C8F87001D90E7102EC00C802D9067207
:1077F00004DC187200C0B01E00210410026801D819
:10780000067190B8647818B873780298001800C5AB
:107810000020084000C00417000008D904720A487C
:107820000815104D00B808D90472FF200815084D3E
:1078300000C00884000008D9087200C02083B8ED99
:107840000815104D207D00A000B8011A00C074007A
:107850000840027891101030011905BA06985C139F
:1078600002D9067101B802A800C0B01E002104139D
:1078700080DB06710298A81340DB0671029840195C
:107880008CBA7C7A01DB6C7100C22C1F00212411A0
:107890001114FF3402EC00C8FF24FA760761069841
:1078A000240D036111380F300361111401114110CF
:1078B0000698240D01D8087203B8029812141C4AC5
:1078C00002DB2471241011281128041202300671E1
:1078D0000762076200C0FFFF0000213800C21800E5
:1078E0000840FF200812411007600698240D01D8B7
:1078F0007C7120BC1033767100BB00C1281F0021B1
:107900001415C021112C5112076A0F320E714088D4
:107910005114069856184143009451120765036AA2
:107920000F320E714111511406985618036C4143E1
:107930000765513B00C1E41E0021141111123110E2
:107940000F30127100BA046101D804711142006055
:107950000FD8F472311002601E30047201B8003A80
:10796000087204B8029812140298181600C1306107
:1079700008401411076180D91A7102EC1DB002ECA5
:107980001DB101581128A0B91159112806758CBADA
:10799000637A00C0341F002104110F3103DD1A7215
:1079A00000C000600840041007D80E7200C01040EC
:1079B000084004B9181000F80698E6100698C405A7
:1079C00000F830885088FF34087102ECFF24F8700A
:1079D00002EC00CD141001BB5150FFD804713144AA
:1079E0000760006B10DBF2710421FF22E4720F4C80
:1079F0000095009300A000C01860084004100560C6
:107A0000073000A00CB802983C1902EC00CAFFBC79
:107A100080BD06988A180448187202EC00C9211526
:107A2000F03500650F32076A114200C4FF0F0000F5
:107A300000C1C01E0021141031110113413B02ECA2
:107A400010D90871211400CA2C70305206714052AE
:107A5000B472211407600760FF3055DC187100CA4A
:107A6000005212710ADE0E714ADE0A7155DE06718D
:107A70003052927200C1C41E002110880698381E30
:107A80000731114507650765414500C30C70084083
:107A900034130763FF3307633145009158110849D8
:107AA000281118B875780BB8029812140763076389
:107AB00002EC00CA02DB127155DE067202989E18B3
:107AC00054DE067202989E1801DB127106985E0D54
:107AD00006985A0D02EC00CA0298001800C1BC1E9C
:107AE000002114147C4906985E0D40522E7204DB6E
:107AF000E07190B8637806988A1804486E7200BAEC
:107B000006985E0D2113141000C1FF0F0000113AFA
:107B1000105254710152113A067104B88C7000BAB7
:107B200006985E0D2111FF3207611114911010D8D3
:107B30002271073103DD1C7200C1C81E002114111F
:107B4000FF31115206710AB8D4708CB97C79029851
:107B500000184110813081DC0E72076A034A076AFF
:107B60000F4A06981A1B029800181410FFBC013C1B
:107B70000698C01B02EC00CA02EC00C902EC00CB64
:107B8000076A3142076A21410F3302EC00CD02EC53
:107B900000CA00400872211302EC00CA07621142B9
:107BA000911110D92A7121110F3103DD227200C108
:107BB000C81E00211411FF31076A00230C711153F4
:107BC00008710AB80298B0198CB97C791470211127
:107BD0000F31076A02DD5A7101DD067103DD4A7259
:107BE00000880AB90698041B00902111FF32FFDEBD
:107BF000387120543872FC25187202EC00CA01DE7C
:107C0000107202EC00CA18DE087288B877781A7011
:107C1000066100400472006180D90E714CBA477A47
:107C200006985C1B90B843780298001804B89670C8
:107C3000FF32FF24F8750BB90698041B2110E030C1
:107C400001584128E875F83002601F32215A012599
:107C5000212DDA75012AD67602EC00CAFF20FA76C9
:107C60004111073101B80698140D003AC071BA707D
:107C7000004008710698941B0470022106B811593F
:107C8000112DAC7500A000C5A8100840311003608C
:107C9000081501110760076007690F30F0311140C6
:107CA000081507630363381528150762281507624E
:107CB00028157FBA281500BA28157FBA281590B85C
:107CC000437818B8737800A00698D01B11140CB92B
:107CD00000400A7100640AB90698941B03BD514420
:107CE00000C5A8100840202A047528154815076407
:107CF000481518150040047238150764481500A08F
:107D00000088408800C0C81E0021041007600730AA
:107D100000C4200008404414412C0472012441385E
:107D20004050047201210094009000A000C0C81EC1
:107D30000021041007600730074800A000C2C01EE1
:107D4000002124122114076AFF320CDE12710DDEAD
:107D50000E710FDE0A7110DE0671215A00A0FF3489
:107D6000411200A000C1B41E0021141100A03088EF
:107D700006980E1E8111076102D906720298EA1C4C
:107D800088BB557B076120D906710298DA1C0088F0
:107D9000A11007680698F81B08211415FC2590BB54
:107DA0005C7B5D7B00C10060084014110731FE213F
:107DB000307608D82A725113FC23341304DB207167
:107DC000076BFF33315B00C1087008401411076175
:107DD00080490C71FF313029607590BB7B7B1C7032
:107DE0007B7B7C7B00DD04717D7B01BB38158113BF
:107DF000076B4033067118BB717BEC25541300DF11
:107E00005471042505DF54715415211120880698FA
:107E1000780D009251293E7500C100600840141190
:107E200002DB0C710731315B31292A760C7004DFDB
:107E30000872006180D91E720698F81B00C0087095
:107E400008400698521E0698F81B1411FFD960725C
:107E50000298301D0090009300A05415A1110769ED
:107E600010D9A672082508D8A071082510D89A71D3
:107E7000208821110698780DFC255412112AF82526
:107E800054110C2520D80871F025541110252029F3
:107E9000047621591815009202989C1C18B9717922
:107EA000811010D80A7188B8447800B8417888B930
:107EB000747908B9677900F88110A0D8087188B979
:107EC000497900A0076002D8FA710698F81B10885B
:107ED00006988C130762076210DA087108211415DE
:107EE000F025541100C20020FEFF202912750698CB
:107EF0005E1E01D90A7206982E0A0698D8080094C8
:107F00001CBB41100C200698C2124111082114100C
:107F10000698C2123128441111120761FF31FF3255
:107F20000122105210720769181404244413042407
:107F300038140C7007692141181408240814029899
:107F400086134044147100C1B81E0021141551134A
:107F5000036B0FDB0C72066D0698A807411500A095
:107F60000698D80806988C1308BB51140698961DDD
:107F70004415FC2554150298EA0788B900C3B01EC1
:107F800000213413076308DB1A718113A0DB06712B
:107F9000497910706979076302DB087208B967795B
:107FA00000F800A08111076102D9107188B97579B4
:107FB0000698F81B1411FF3100A0FFB900A00410AF
:107FC00008211411F421081100A081110761076133
:107FD00010310E710698F81B08211411F8211411A4
:107FE00000A00000DDE8000095E80000A1E8000026
:107FF00075E90000BD2A0200752E0200792E0200EC
:10800000852E02007D2E0200812E020010800200CB
:10801000D080020000000000288002000100000063
:108020000000000000F049024C8002004063598FBC
:10803000404B4C000B000B001A00FF7F7C1100200E
:10804000000000000000000000000000F81F010117
:108050009C820200DC1F04010200620609C8056E52
:108060000704DC0650070607F41F010101000000A9
:10807000FC1F0101000000002060010023700000CF
:108080002C6002000050010F40B8004078600100F1
:108090005063820BE8600100590B0000147001105E
:1080A00000F8070014700130F5000000187001108E
:1080B000FF0000001870013000180000707003000D
:1080C000030101000F9C030006E04900FFFFFFFFD2
:1080D000F01F01013F00370004000200018014007E
:1080E0007F000000180002000000000000000000F7
:1080F0002800070000000000000000000000000051
:10810000000000000000000000000000A0070000C8
:1081100048000100000000005400020000000000C0
:1081200000000000A000040000400000FF4C000020
:1081300000410000FF4D0000002001000407000086
:108140001020010000000000182001000884000039
:108150000830010013AC0001303002002449100047
:10816000010000004030010000000000A0400100BC
:108170007A27000FB840010000C0A300F4400100BE
:10818000201000003441020080080000E687000053
:10819000404102006D008800C0E6524D604104007D
:1081A00000000000000000000600000006000000C3
:1081B000146003001000000020F913040B0072008B
:1081C00024600200008000000000000350600600F0
:1081D000FC0069004108000001000000B007070032
:1081E000700A0000000000007C600B009BC34A7412
:1081F000F003000003800000BE0A000001011030FF
:1082000050707F7F000000000000000000000000B0
:108210000000000000000000E46001008000D78B37
:10822000EC600500640483078813C83A9C200600AC
:1082300000612000B756852004610300383E12001B
:108240002030000088BB000020610100001E0000FB
:1082500030610800E853FA00000000000000000050
:10826000000000000000000000000000000000000E
:10827000010000001C70050060000505030050AB04
:108280008200000000008001D5000000487002005C
:108290003C3D0000BC190000FFFFFFFF1000000084
:1082A000D754030000000000F4820200EC820200B8
:1082B00000000000001A9A00005A620280841E002A
:1082C000042000002449000200000000000000001B
:1082D000000000000000000000000000D1841E002B
:1082E000000000000000000000000000ED1700008A
:1082F00000000000193F0106041001000001010602
:1083000000102700000900000000000000006C6F52
:108310007765722D6D61632D7261696C2D38303215
:108320002E31352E342E63006C69627261696C2EB9
:10833000610000010304756E636C61696D65640022
:108340006275666665722D6D616E6167656D656EDD
:10835000742E63006C65676163792D7061636B6572
:10836000742D6275666665722E63006576656E743F
:108370002D71756575652E630000070010000800FB
:108380001A000600110002001100040004000100A0
:108390000400090008000A000A000B0002000000A7
:1083A000000000006B85020025850200000000002F
:1083B0006C8502003560020000000000BD5F020015
:1083C000BF5F020000000000C15F0200FD840200E8
:1083D0007185020036600200BE5F020000000000EE
:1083E000C25F0200F8830200BA5F0200BC5F0200B5
:1083F000C05F0200BB5F0200000203040508090A17
:108400000B0001020304051D20000000794F02004B
:10841000ED1D010001490100B1DF0100114C010017
:10842000B1390200B3390200B7390200B93902008C
:10843000B53902004DAA0100C184010061C50100E7
:10844000A91B0100693B0100AB3902005D870100F7
:10845000AD39020051320100AF390200FB110200B8
:10846000F1D90100A3F10100000000007A69676200
:1084700065652D75707065722D6D61632E63006E7C
:1084800065696768626F722E63006173736F6369F9
:108490006174696F6E2E630000130000000000001D
:1084A0000000000001000000D98A01000200000065
:1084B000D149020003000000318A010004000000DD
:1084C0004B49020005000000D189010000000000B6
:1084D000000000000023001B2200FF00000000003D
:1084E0000C090202000000001C1A0B0303FF06081F
:1084F0000402020204020A0B030302030480FF02C7
:1085000004FF01010101080000000000000000312B
:1085100038323173005A6967426565416C6C696134
:108520006E6365303980313131310031343232316E
:1085300000313231003132003273003238310038CC
:108540003131003138323131003132313131323173
:108550003232323173003132320031323131323223
:10856000310032323800008F8E8C80808006080CFB
:1085700010806D61632D6D756C74692D6E657477F7
:108580006F726B2E6300FFFFFFFFFFFFFFFFFFFF18
:08859000907DFD7F0100000059
:0C859800A485020098100020F2000000F2
:1085A400C0EA2101C0EA21010080000000F0490274
:1085B400AC1000200070070000900000B0160020EE
:1085C400C8000000FE0000000000000090560200F9
:1085D40060140020C0EA21019C580200330000000E
:1085E4001D4400000030E70400C81803005C2605A1
:1085F40019FCFFFF19FCFFFFD0070000F810002052
:1086040000000000F033002058340020C034002063
:108614000000000000000000000000000000000056
:108624000000000000000000000000000000000046
:108634000000000000000000000000000000000036
:108644000000000000000000000000007725020088
:10865400E4600200FFFFFFFF35280200312802001A
:10866400FFFFFFFFE5BE0000FFFFFFFFFFFFFFFF6F
:10867400FFFFFFFFFFFFFFFFFFFFFFFFEF290200E8
:10868400652E0200FFFFFFFF0000000064000000F1
:1086940020A1070000000000CD060100000000003A
:1086A400D540002000000000983900204904010052
:1086B400FD2F01002A8502000000000000000000D8
:1086C4000000000000000000983900208111010022
:1086D400000000002A8502000000000000000000E5
:1086E40000000000000000004F3402009839002010
:1086F400111C0100FD2F01002A850200000000006A
:108704000000000000000000000000009839002074
:10871400F9240100FD2F01002A8502000000000059
:10872400000000000000000000000000368302008A
:108734009839002059400100000000002A850200F9
:108744000000000000000000000000000000000025
:1087540098390020B5470100000000002A85020076
:108764000000000000000000000000000000000005
:108774009839002011570100000000002A850200EA
:1087840000000000000000000000000000000000E5
:10879400B80B000098390020F15A010000000000D5
:1087A4002A85020000000000000000000000000014
:1087B400000000009839002011640100000000004E
:1087C4002A850200000000000000000000000000F4
:1087D40000000000983900205165010000000000ED
:1087E4002A850200000000000000000000000000D4
:1087F40000000000983900208F3F020000000000B4
:108804002A850200000000000000000000000000B3
:1088140000000000983900206D680100000000008D
:108824002A85020000000000000000000000000093
:108834000000000098390020CD6C01000000000009
:108844002A85020000000000000000000000000073
:108854000000000098390020F54B020000000000E1
:108864002A85020000000000000000000000000053
:10887400000000009839002011C50100000000002C
:108884002A85020000000000000000000000000033
:1088940000000000983900203DE0010000000000C5
:1088A4002A85020000000000000000000000000013
:1088B40000000000FFFFCEFAEFBE2C01001E001ED8
:1088C4002C014006FFFFFFFFFFFF0E000000000029
:1088D40004F8FFFFFDFF9C000000FDFFFFFFFFFF0A
:1088E40060EA8000800010C1CDAB000040000101AF
:1088F40001FFFF02FF0F0208031E050216010A0C06
:10890400050A07051001010F0801010104EEEEEE4E
:10891400EE01FFEEEEFFFF0301FF0EFE01FF7F01FC
:1089240050403000FFFFFF0B03FF64FF01FF050B06
:1089340001030105020201FFFFFFFFFFFFFFFF012B
:108944000102FFFFFF00000030BF4223013BFDD1C5
:10895400024A5368DB00FCD4704700BF00300E406D
:08896400FD020000D502000035
:04000003000003E90D
:00000001FF
