:10000000001000201D040000792D00007D2D00004F
:10001000CDE50100812D0000892D0000CDE5010016
:10002000CDE50100CDE50100CDE50100CDE5010004
:100030008D2D000000540200CDE50100CDE501004A
:10004000CDE50100A5270200CDE50100CDE50100C9
:10005000C5D60000B5270200B1270200D1DE00009E
:10006000A9270200CDE50100CDE50100CDE50100A5
:100070007D750000CDE50100CDE50100CDE5010075
:10008000CDE50100CDE5010039750000CDE50100A9
:10009000CDE50100CDE50100CDE50100CDE5010094
:1000A000CDE50100CDE50100CDE50100CDE5010084
:1000B00005DF0000AD27020035000100DD3D000036
:1000C00041DF0000CDE5010001FF0000CDE50100AA
:1000D000CDE50100CDE50100CDE50100CDE5010054
:1000E000CDE50100CDE50100CDE50100CDE5010044
:1000F000CDE50100CDE50100CDE5010000000000E7
:1001000070B58EB02C22002103A821F042FC64239C
:100110004FF00232CDE9052308930B238DF83430DC
:10012000514B1B880121D8078DF8101000F19680E3
:1001300008460FF091FF4D4B4D494E484E4C0A2258
:100140001A704FF42873ADF812300FF09FFB206047
:1001500020B94A484FF417711EF006FE20680521A9
:1001600022F00FF920B145484FF41B711EF0FCFD41
:10017000206808F0F3F9424B2068196822F0AAF9C8
:1001800010F03AFE0C256843099010F035FE6843E4
:1001900007900DEB050120680AF082FB20B137487B
:1001A00040F281211EF0E0FD36492068002222F055
:1001B00017FA20B1314840F283211EF0D5FD324EAE
:1001C000324D96F9000040F203532B807F284FF008
:1001D0000503AB7001D110F09DF83378EB7010F08F
:1001E0000BFE00EB80008000A88010F005FE0023CD
:1001F000C000E880AB604FF0FF3019A3D3E90023C3
:100200004FF0FF3110F0E4F82149206822F094FD0E
:10021000206802A922F0C3F920B118484FF42F71C9
:100220001EF0A2FD042220680DEB020122F040F92D
:10023000042804D0114840F2BF211EF095FD01A909
:10024000012022F0BCFE02F0DBFD012011F064F879
:100250001EF081FB11F08AF80FF082FF0EB070BD26
:100260000A0020FF42030000923D0020BD40002014
:10027000810001009411002014380020A2800200A7
:10028000D0100020CB4000201A1400200838002095
:10029000210201000348044B834202D0034B03B107
:1002A0001847704764140020641400200000000008
:1002B0000548064B1B1AD90F01EBA301491002D0C8
:1002C000034B03B1184770476414002064140020E6
:1002D0000000000010B5064C237843B9FFF7DAFFA1
:1002E000044B13B10448AFF300800123237010BD09
:1002F000043E0020000000002483020008B5054BE6
:100300001BB105490548AFF30080BDE80840FFF781
:10031000CFBF00BF00000000A01600202483020011
:10032000A3F5803A704700BF174B002B08BF134B53
:100330009D46FFF7F5FF00218B460F461348144AF0
:10034000121A21F026FB0E4B002B00D098470D4BC4
:10035000002B00D098470020002104000D000D481C
:10036000002802D00C48AFF3008008F09FFA20006C
:10037000290021F0D8FA08F073FA00BF0000080045
:1003800000000000000000000010002064140020A5
:100390001441002000000000000000000F4BD3F8C3
:1003A0002838A3F17E62A2F58432B2F5605F10B501
:1003B00011D219680A4A91420DD10A4C227812F0E2
:1003C000FD0F01D0002010BDDB6998470028FAD14D
:1003D00001232370F6E74FF48170F4E70000E10F8A
:1003E00007B0CD5E053E00200B4BD3F82828A2F1C4
:1003F0007E63A3F58433B3F5605F09D2126BA2F17B
:100400007E63A3F58433B3F5605F01D29368184728
:100410004FF48170704700BF0000E10F08B500F095
:1004200083F8124B12498B4212D3124B124900200F
:100430008B4218D3FFF778FF186850F822405868AD
:1004400040F82240013298688242F5D30C33EAE743
:100450000022F8E71C6844F8220001325C68A242DE
:10046000F8D30833E4E70022F8E700BF2C8302004A
:100470003883020038830200388302000048704746
:1004800000F04902104AD2F8943003F00703023B0F
:10049000032B13D8DFE803F00C14020E0B4B1B6880
:1004A000D2F80001C0F304200130B3FBF0F0704734
:1004B000074BF4E7074B1B685B08F1E7054BEEE7DA
:1004C0004FF40043ECE700BF00400E40A0100020B6
:1004D000A41000209810002008B5FFF7D3FF054BAB
:1004E000D3F80831C3F308230133B0FBF3F0024B18
:1004F000186008BD00400E409C100020014B186899
:10050000704700BFA4100020054B1860054BD3F8BE
:10051000943003F00703022B01D1FFF7DDBF7047D2
:10052000A410002000400E40044B054A9A60D3F806
:10053000882042F47002C3F88820704700ED00E084
:1005400000000000014B1868704700BFA010002099
:10055000024B1968024B186809F038BBA81000203C
:10056000C810002070B59400224605460E461EF0C5
:10057000A5F9431C0AD058B922463146284621F035
:10058000DEF90028034808BF002070BD0248FCE7E0
:100590000248FAE710E000F021E000F024E000F06B
:1005A00010B5044601F044FA431C10D088B901F09C
:1005B0001DFB20F0030023462044984201D1002077
:1005C00010BD53F8042B0132F7D00348F8E7034875
:1005D000F6E70348F4E700BF0EE000F021E000F08A
:1005E00024E000F008B51EF02EF8014B186008BD9D
:1005F000A81D0020014B18681EF029B8A81D002076
:100600000C4B984205D90C4B984210D8012201237B
:1006100001E00022134609490B640949D1F8003171
:1006200023F0807343EA0263C1F80031704702226D
:10063000EDE700BF0048E8010090D0030000C84388
:1006400000400E400F4B5B680F4B30B500221C463C
:10065000C9B21D798D4202D11D6885420DD2013289
:10066000052A03F10803F4D10321064A536823F055
:10067000407343EA0163536030BD04EBC204617907
:10068000F3E700BF00000E407454020038B5074C79
:1006900041F67133256C2364FFF7F0FEADB2002103
:1006A000FFF7D0FF0DB10023236438BD00000E40DA
:1006B000044BDB6B5B0604D4034AD2F8C830002B32
:1006C000FBD1704700300E400000C64308B5FFF76D
:1006D000EFFF024B5868C0F3014008BD00300E40E8
:1006E000044BD3F84421D20703D4D3F8402110425D
:1006F000FBD1704700400E4038B5064C256C41F6E2
:1007000071332364ADB2FFF79DFF0DB10023236465
:1007100038BD00BF00000E4038B5C0F30323013BD5
:10072000092B11D8DFE803F0052710102B221D102C
:100730001511154DC0F3043405F1424505F580153A
:1007400004EBC5008000016038BD104DC0F30434D7
:10075000F2E70F4DC0F304344FF48030FFF7C0FFD1
:10076000EAE7C0F304340B4D1020F7E7C0F304347C
:10077000094D0120F2E7094DC0F30434DCE7084DD0
:10078000C0F30434D8E700BF00400E4050410E4093
:10079000F0400E40E8400E40E0400E40C0400E40A9
:1007A000B0400E40C0F30313013B092B2AD8DFE809
:1007B00003F0050B0F1929291F23374B274BD3F8BB
:1007C0000001C0F304207047244BD3F81401F8E76C
:1007D000224BD3F80031C3F300630133012098406A
:1007E000013870471D4BD3F80C01C0F30820704747
:1007F0001A4BD3F80801F8E7194B984204D0194B6B
:10080000984207D000207047144BD3F8203103F0F2
:100810000F03E3E7114BD3F82031C3F30113DDE7F6
:10082000114B98420CD003F5B01303F58053984256
:10083000E8D10A4BD3F82831C3F301230433CDE7C1
:10084000064BD3F82831E8E7084B9842DAD1034B3E
:10085000D3F8300100F00300704700BF00400E40A5
:100860008006160080162E0090171A00A0091400AA
:1008700000F00F000138072852D8DFE800F0041517
:100880002251313951412C4BD3F8943003F00703F6
:10089000023B052B06D8DFE803F04B294103054551
:1008A0000B20704705207047234BD3F8803003F0AE
:1008B0000703013B042B17D8DFE803F01830163686
:1008C00038001D4BD3F8843003F00703013B042BA1
:1008D0000AD8DFE803F00B2303292B00062070471A
:1008E000154BD3F88830E2E70120704703207047AA
:1008F000114B1B6F13F0010F0CBF0720092070472D
:100900000D4BD3F85C3103F03003202B10D0302B8B
:1009100010D0102B0CBF0720012070470220704719
:10092000002070470C2070470A2070470D20704748
:10093000042070470820704700400E4008B501466B
:10094000FFF796FF1A4B994212D01A4B994213D0D7
:10095000194B994204D1194BD3F8800000F00700DD
:100960000138042822D8DFE800F00B0F17130B0022
:10097000124BD3F88400F1E7104BD3F88800EDE771
:10098000BDE808401DF023BEBDE80840FFF7DABD12
:10099000BDE808401DF01EBEFFF774FD074BD3F8FD
:1009A0000031C3F300630133D84008BD0020FCE7E9
:1009B000030020000500240002001E0000400E403D
:1009C00000F47813B3F5B01F10B5044674D025D8E1
:1009D000B3F5402F5ED010D8B3F5802F49D005D89D
:1009E0003BB1B3F5003F4FD0002010BDB3F5202F31
:1009F000FAD1BDE81040FFF745BDB3F5801F00F008
:100A00008480B3F5A01F4DD0B3F5602FECD14A48D8
:100A1000FFF72EFF072878D00928E9E7B3F5381F3C
:100A200053D013D8B3F5001F58D00AD8B3F5D01F50
:100A300056D0B3F5F01FD7D14048BDE81040FFF7BE
:100A40007DBFB3F5101FCFD13D48F6E7B3F5481F82
:100A50004DD0B3F5781F65D0B3F5401FC4D13948E8
:100A6000FFF76CFF384BD3F82831C3F3012304336D
:100A700020E0FFF707FD344BD3F80C31C3F3082314
:100A80000133B0FBF3F0B0E7FFF7FCFC2E4BD3F8DB
:100A90000831F3E7FFF7F6FC2B4BD3F81431C3F31F
:100AA0000423EDE72648FFF749FF274BD3F8303101
:100AB00003F00303D84098E72048FFF73FFF224B9D
:100AC000D3F8203103F00F03F4E71C48FFF736FF9B
:100AD0001D4BD3F82031C3F30113EBE71948ACE702
:100AE0001848FFF72BFF184BD3F82831F3E71748C6
:100AF000FFF7BEFE072808D0082809D004287FF495
:100B000073AFBDE81040FFF7F9BC114B18686CE7F4
:100B1000FFF7B8FC0C4BD3F80031C3F3042303FBFD
:100B2000000062E7FFF7AEFC014620461DF086FD9F
:100B3000B1FBF0F059E700BF06000E0002001E00F6
:100B4000050024000300200000400E40B8003200E1
:100B5000CC10002010B5FFF799FD094B07225A670A
:100B6000FFF790FCFFF74CFDFFF7B6FC0446FFF7DC
:100B7000ADFD01462046BDE81040FFF7BDBD00BFFA
:100B800000400E40014B1880704700BFB01300209A
:100B900010B5042813D8DFE800F047032F13210015
:100BA000294AC1F30801D2F86838002BFBD1274A43
:100BB000136A23F4FF7323F001030B43136210BD88
:100BC000214A01F07F01D2F86038002BFBD11F4A87
:100BD000136923F07F030B431361F0E71A4A01F016
:100BE0007F01D2F86438002BFBD1184A936923F0B7
:100BF0007F030B439361E2E7144AD2F89030536AC3
:100C000023F0300343F010035362146B104BC1F315
:100C1000C31003300F2803EA040328BF0F200B433F
:100C200043EA00731363CAE74F29074A28BF4F21DD
:100C3000D2F87438002BFBD1044A936B23F07F0366
:100C40000B439363BBE700BF0020C84300400E4046
:100C500000F8FF0F104A536A13F0300F18D0202904
:100C600013D0302914D000290C4B08BF4FF4400397
:100C7000D2F8901033EA0101FAD15B0246BFD2F8F4
:100C8000A000C0F38020012070474FF40003EFE77D
:100C90004FF44003ECE700BF00400E40FFF3E17F5C
:100CA00002280AD129B1064B4FF48060C3F8A8008E
:100CB000596612B10220FFF7CDBF0120704700BF77
:100CC00000400E40F7B507460C461546072800F2CF
:100CD0008680DFE800F029303C413684840401A896
:100CE00000F066FF9DF80530012B03D89DF8043015
:100CF000022B18D9002C74D14FF400410E240F237D
:100D0000474801220166A240D0F890101142FBD161
:100D1000002D64D00122424902FA03F3D1F8902059
:100D20001A42FBD15BE0FEE7002960D14FF400716D
:100D300008240923E4E700295ED180210624072343
:100D4000DEE700295CD1202104240523D8E741B93E
:100D5000082102240323D3E7002955D102210123CE
:100D6000CEE72F4A536A13F0300F51D12D4BDB6B76
:100D7000536ADB0741BF536A23F0300343F010038B
:100D80005362042602230321254A1666264A134489
:100D90009B0018680028FCD00DB311448D002B680F
:100DA000002BFCD0022F1AD1CCB11D4C616A11F07E
:100DB000010131D0012220213846FFF771FFD4F81C
:100DC0009C70012200210220FFF77CFFC7F30A017B
:100DD0000220FFF7DDFE26662B68002BFCD003B057
:100DE000F0BD4FF480460E230F210024CCE74FF4D2
:100DF000807608230921F8E7402606230721F4E737
:100E0000102604230521F0E7012600233146ECE7F4
:100E1000042602230321E8E73846FFF71BFFCEE74D
:100E200000400E4000300E408004F21010B5024623
:100E3000B8B901221146FFF745FFFFF727FC0F4B1A
:100E400004225A67FFF71EFBFFF7DAFBFFF744FBAC
:100E50000446FFF73BFC01462046BDE81040FFF783
:100E60004BBC012807D10146FFF72CFFFFF70EFC12
:100E7000024B0322E5E7FFF709FCE3E700400E40E1
:100E800038B5FFF73BFB0021044600F087FA124813
:100E9000FFF7B6FB012211460220FFF713FFFFF711
:100EA000F5FB0CB1FFF704FC0C4B02225A67FFF76D
:100EB000E9FAFFF7A5FBFFF70FFB0546FFF706FC76
:100EC00001462846FFF718FC2CB920460121BDE851
:100ED000384000F063BA38BD0148E80100400E40D8
:100EE000012210B511460320FFF7ECFEFFF7CEFB01
:100EF000084B05225A67FFF7C5FAFFF781FBFFF79A
:100F0000EBFA0446FFF7E2FB01462046BDE810403D
:100F1000FFF7F2BB00400E4010B504461120FFF76A
:100F2000A7FC002101220220FFF7CCFE184A217CF9
:100F3000536A23F00103022908BF43F001035362FF
:100F4000144B2178C3F8A014637AA18843EAC12323
:100F5000D362136BA07A217A03F07F630343E088A6
:100F600043EAC02343EAC11303310F2928BF0F21ED
:100F700043EA01731363A37B617B1B0143EA0133E3
:100F8000E17B0B43217B43EA0143536310BD00BF68
:100F900000400E400000C843034B5868C0F30800EF
:100FA000003818BF0120704700ED00E0034BD86BFC
:100FB00080F04000C0F38010704700BF00300E404A
:100FC00042EA0322B2F5007F10B5194C29D00AD8A5
:100FD000B2F5807F22D040F201139A4215D062B957
:100FE000D4F81C320BE0B2F5407F1DD040F2013343
:100FF0009A4210D0D4F8283201E0D4F82432C3F356
:101000000722DBB203600A6010BDD4F824321A0E46
:10101000C3F30743F6E7D4F82832F8E7D4F81C32D4
:10102000F5E7D4F82032EAE7D4F82032EFE700BF42
:101030000081E00F08B5FFF7B9FF20B1024AD2F8EE
:10104000C830002BFBD108BD0000C64308B5FFF730
:10105000ADFF80B1FFF7EEFF074B19685A68C1F387
:101060000121C2F3014291421A688CBF42F0100282
:1010700022F010021A6008BD00300E40064B1B68BB
:10108000DB0608D5054B1B69C3F30443082B02BFDD
:10109000034B044A1A60704700300E4000400E4077
:1010A00098100020C0EA210170B5FFF77FFF38B12A
:1010B0002D4B1A781023C2F1020293402B4A136180
:1010C0002B492C4DD1F8804145F60E03C1F88031F3
:1010D0002B6823F0AA03DB05DB0D0B66FFF7AAFFE5
:1010E000224B1B68D80604F0010415D5D1F8403115
:1010F000DA01FBD4204B1B680B61204B1B78052BBE
:101100000AD11F4B1E68FFF795FF184B59683046F0
:10111000C1F30141FFF7F0FA184B1B78023B0A2B91
:101120000AD8DFE803F00615170909090909091AA1
:101130001D000020FFF77AFE2B68DB075EBF0C4B1B
:1011400002221A661CB10A4B0022C3F8802170BD2E
:101150000120EFE7FFF794FEEEE7FFF7C1FEEBE7B4
:10116000FFF7F8FCE8E700BF063E002000300E4025
:1011700000400E40B01D0020AC1D0020073E0020A6
:101180009810002010B50B4C0B4BD4F890201A602F
:101190001120FFF76DFB094B1870FFF74BFF084B51
:1011A000084A5B68C3F301431370074B22691A6056
:1011B00010BD00BF00400E40B01D0020073E0020C3
:1011C00000300E40063E0020AC1D0020064942784B
:1011D0000B6823F4407343EA0223022A0B6004BF26
:1011E000024B5B6A704700BF00300E4000400E406B
:1011F00010B5044608B1FFF7C5FFFFF727FF144AF3
:10120000136943F0040313611DF042FB1DF041FB21
:10121000104B114AC3F8242403F559231B68DB063D
:101220000ED51DF010FA24F0D7F81DF010FA1DF0BD
:1012300031FB02F033F92CB1BDE81040FFF734BFA9
:1012400030BFF4E7FFF71AFFBDE81040FFF744B9DD
:1012500000ED00E000A000400000FFFF10B50446D4
:1012600008B1FFF78FFFFFF7F1FE1A4BD3F880218B
:1012700045F60E01D207C3F8801148BF00224FF493
:101280002071196648BFC3F88021134A136943F0DF
:1012900004031361114B124AC3F824241DF0F8FA19
:1012A000104B1B68DB060CD51DF0CDF924F094F82B
:1012B0001DF0CDF902F0F2F82CB1BDE81040FFF7B7
:1012C000F3BE30BFF6E7FFF7D9FEBDE81040FFF7E9
:1012D00003B900BF00400E4000ED00E000A0004058
:1012E0000000FFFF00300E400E4A0379916921F0A3
:1012F0003F010B43017843EA8103417843EA41030C
:10130000817843EAC103C178012908BF43F0010392
:1013100093611368417923F4403343EA0143136036
:10132000704700BF00300E402DE9F04104460D46E5
:10133000FFF73CFE60B3DFF86080FFF77BFED8F874
:101340000430C3F301439C4222D0124BD3F8003146
:10135000FFF798F8022C07464FF0100609D12146F6
:10136000FFF7CAF9C8F8106095B1BDE8F041FFF782
:1013700061BEC4F102039E40C8F810600DB1FFF7D2
:1013800059FE2CB921463846BDE8F041FFF7B4B903
:10139000BDE8F08100400E4000300E4038B50546F3
:1013A0000C46FFF703FEB8B145B90C4BD3F800511A
:1013B000FFF768F8C5F3042505FB0005084B1B780B
:1013C00021463BB1074B9D4204D80220BDE838407E
:1013D000FFF7AABF0020F9E738BD00BF00400E406C
:1013E000083E0020002D3101034B02781A700121C4
:1013F0000020FFF7D3BF00BF083E0020174B4AF67E
:10140000E85210B5596B5A639A6FD407FCD41B6C21
:1014100013F0030306D0124A01249842C2F8B44ADA
:1014200005D110BD18B90E4BC3F8B40AF9E70B4B40
:101430009A6FD207FCD41A6C22F0030202431A649A
:101440009A6F12F00102FBD10038054C18BF012041
:101450000129C4F8B40A08BF5A63E2E700300E401D
:101460000000C6432DE9F04F00238BB0CDE90433D3
:10147000CDE90633CDE90833A0F5E163B3F5966F06
:1014800005460191934603D900200BB0BDE8F08FCB
:10149000624BDFF88C81D3F81842B0F5E16F15BFCD
:1014A0004FEA146AC4F3072AC4F30744E4B206946B
:1014B000CDF824A0D8F84C60C6F301768CBF012289
:1014C0000022334607A904A815BF4FF4E1674FF483
:1014D00096674FF496694FF416790392FFF770FD03
:1014E000D8F8E030039AC3F3012308A905A80293B2
:1014F000FFF766FDA5EB070CAAEB04020CFB02F25A
:10150000B2FBF9F214445445079F0498089A0599D0
:10151000BAD8A2EB010E0CFB0EFEBEFBF9FE11EBDE
:101520000E012CBF4FF0010E4FF0000E8A42ABD3DC
:10153000BEF1000FA8D13A1A0CFB02F2B2FBF9F28D
:1015400080182CBF0122002287429DD3002A9BD104
:10155000029BBBF1000F0FD0D8F85C20B5F5E16716
:1015600022F4FE4218BF012722F0020242EA47029B
:1015700042EA0422C8F85C20019A0AB9012084E7F3
:10158000264A022ED2F830223ED0032E3FD0012E22
:1015900014BFD2B2C2F30722120312F4702F7FF4E9
:1015A00073AF1F4EF46E24F470442243F2661B4A5C
:1015B000022BD2F830222CD0032B2DD0012B14BFBC
:1015C000D2B2C2F30722120312F4702F7FF45CAF81
:1015D000134CD4F8E03023F470431343C4F8E030E4
:1015E000636E884238BF084623F4FF73E72823F070
:1015F000010328BFE720B5F5E16F18BF43F00103F1
:1016000043EA40036366B9E7C2F30742C4E7120E38
:10161000C2E7C2F30742D6E7120ED4E70081E00F1B
:1016200000300E402F4B1A6FD96C11F0010F02F0F1
:10163000060242D0002A40D013284FD9143813286C
:101640008CBF102308232749013BCA6C180322F4DE
:101650007F4240EA03231343CB64234BCA6C1B88AD
:10166000C2F303222833013202EB820003EB53035F
:10167000B3FBF0F3C86C013B072B28BF072320F016
:10168000EE6040EA036343F48013CB64174BB3F975
:101690000030002B10DB2833500800EB420203EB34
:1016A0005303B3FBF2F30A6D072B28BF072322F085
:1016B000700242EA03130B657047D96C01F0010117
:1016C000114304D1092809D90A380928B8E7DB6C85
:1016D00013F00103B7D01AB92728B1E70423B2E702
:1016E0000023B0E700300E40C0390020BC39002094
:1016F000064A074BD3F88039136F23F007030343DF
:101700001367044B1888FFF78DBF00BF00300E40F1
:101710000000C643BE3900202DE9F041C288B0F870
:1017200008808588B0F90C6047784A2A04464FD96A
:10173000B2F5FA7F4ED340F6C3139A428CBF4FF0F6
:1017400040524FF000522849CB6C23F0405323F015
:101750000103002EA8BF43F001031343CB64D1F86B
:10176000E03043F44073C1F8E030204B1D80CB6E75
:1017700043F08073CB661E4BD3F8800900B1042080
:10178000FFF7B6FF1B4BA3F800801B4B28461E80BB
:10179000FFF748FFA37B03B3012B22D0012260880F
:1017A0001146FFF75FFE054678B10F4AD36B43F44D
:1017B0008063D3633846FFF721FEA37AA3F12002AA
:1017C000534253410A4AC2F894372846BDE8F08193
:1017D0000022B8E74FF08052B5E7034B074A9A65FD
:1017E000DCE7014B064AFAE700300E40BE39002024
:1017F0000000C643C0390020BC3900207740205784
:10180000372110B7072AF8B501F0030614461F4622
:101810004FF00F011FD8950000FA05F2A9401548B6
:101820001DF03DF80321144806FA05F2A9401DF009
:1018300036F812499DF81830114A214489000F608A
:10184000C1F880300123A340C2F824349DF81C3035
:10185000C1F80033F8BDA2F10805AD0000FA05F2A9
:10186000A94008481DF01BF80321074806FA05F2B5
:10187000A940DCE700A4004008A4004080208510B7
:1018800000A0004004A400400CA4004000EB400075
:10189000F8B50D461F46040116463AB11548012316
:1018A0008B402044C7B100F1C0600360072D4FF0AA
:1018B0000F0114D8AB00104806FA03F299402044F7
:1018C0001CF0EDFF3EB90B4A0123AB40224477B137
:1018D00002F1C0621360F8BD00F18060E5E7A5F198
:1018E00008039B00054806FA03F29940E7E702F176
:1018F0008062EFE70CA0004004A0004008A0004078
:10190000054B5A685B68054B41F671321A649A6858
:1019100022F001029A60704700300E4000000E4035
:10192000034B9A6822F001029A6000221A64704701
:1019300000000E40094A0A4BD969C90705D512B9FA
:101940006FF002007047013AF6E7002AF8D0012252
:101950001861DA60D86940F380007047809698007B
:1019600000000E4070B509B9002070BD0E4A00237A
:10197000082550F8234094610C4CD5600133D6699A
:10198000F60705D514B96FF00200EEE7013CF6E763
:10199000002CF8D0D469A40702D49942E9D1E3E736
:1019A0006FF00100E1E700BF00000E408096980054
:1019B0002DE9F8431C4B0D4641F671311E6C19643C
:1019C0001A49804648684968996841F00101B6B2F1
:1019D000996097084FF00009B94501D3002005E050
:1019E00008EB89042046FFF7A5FF48B10E4B9A6823
:1019F00022F001029A600EB100221A64BDE8F88359
:101A0000C4F30A01C1F500618908A7EB09039942F3
:101A100028BF19462846FFF7A5FF0028E6D18944CC
:101A200005EB8105D8E700BF00000E4000300E40F6
:101A3000234B41F671311A6C10B5196421494C6879
:101A40004968996841F00101996001211861D960E4
:101A5000D9694C0792B209D5996821F001019960C2
:101A60000AB100221A644FF0FF3010BD0221D96084
:101A70001549D869C00700D569B9D86910F00200C6
:101A80000BD0996821F0010199600AB100221A6413
:101A90006FF00100E9E70139EBE741B9986820F000
:101AA0000100986002B119646FF00200DDE79968E7
:101AB00021F0010199600AB90020D6E71864FBE71C
:101AC00000000E4000300E4080969800014B01222D
:101AD0009A60704700500E40134B1449F0B5002235
:101AE0005D68134E1046D6F8E8714C680B687F07A6
:101AF0000BD4B3F5006F06D012D8B3F5007F02D037
:101B0000B3F5806F01D144F480742B4202D02C4293
:101B100008BF18430132092A01F10801E3D1F0BDE1
:101B2000B3F5803FEEE700BF00500E409C5402002A
:101B30000040E00F8B784A789B0143EA82030A78E1
:101B40001343CA7843EA02130A7943EAC2234A7963
:101B500043EA02338A79043043EA42430001014AEE
:101B60001350704700200440014B1860704700BFBD
:101B700000008442437882789B0043EA0213027893
:101B80001343C27843EA4213027943EA02234279BB
:101B900043EA0233827943EAC233C27943EA024319
:101BA000027A43EA4243014A13607047002004402E
:101BB0000D4AD2F8E430D2F8E0109B0003F03C0369
:101BC000C1F381110B438370D2F8E03003F03F037F
:101BD0004370D2F8E830D2F8EC2003F0F003C2F3FF
:101BE000031213430370704700FF0FE0044BD3F858
:101BF000E4301B0E0A3303F01F03012098407047A6
:101C00000081E00F70B5054616461C4619B9144808
:101C1000FEF7D6FE0146402C1BD003D8DCB1202CA9
:101C20001BD070BD602CFCD1042303FB06F25308CB
:101C300003EB4113B3FBF2F30A4A203B02EAC3036E
:101C40002A6822F060022A602A6814432C606B61C3
:101C5000E7E70623E9E71023E7E70823E5E700BF06
:101C600040410500F8FF7F0040F6AA63C36041F2DF
:101C700005020023036042600D4A83604361C36430
:101C800082640C4A0366904243678367C3670DD042
:101C900002F58062904205D002F58062904205D044
:101CA0008365704703658365C36570470365F7E720
:101CB000F9FF01000000014038B5044620F01BFC8C
:101CC0000FCC044D0FC594E80F0085E80F000020ED
:101CD00038BD00BFB41D002047F6FF739A42F0B52F
:101CE00072D0062972D83A4B5B5C022B6ED8394D04
:101CF00005EBC304DF00A17815F83330012938BFA4
:101D00000121012B13D1E0780025401AA84202D806
:101D10000844C0B2F0BD431BA0EB5303666836F91C
:101D200013609642CCBF03F1FF301D46EEE76068BA
:101D30000028EFD0B0F90040944204DBB0F9024033
:101D40009442B8BF14468388FF2B04BFB0F9062025
:101D5000B0F908C03D440FBF01260026C8224FF04D
:101D6000280C131B93FBFCF333446E781BB29E428A
:101D700001DD002B01DA731E1BB201339BB24FF45D
:101D80007A7C071D5D1E2DB24FEAC50E00EBC5051E
:101D90009E42EA88AD6814FB025222EAE27202F126
:101DA0005C02B2FBFCF205DD37F83350954203F1DB
:101DB0000103E7D200EB0E039888904228BF10463B
:101DC000884238BF0846A4E7FF20A3E70020A1E728
:101DD000E4540200B41D00200629F0B561D8324B4E
:101DE000595C02295DD8314B13F83100012816D116
:101DF00003EBC1039C78D8785B68012C214638BF7F
:101E00000121904294BFC1EB0001C1EB0201CAB2B3
:101E1000001B8242C8BF002233F91200F0BD002A25
:101E20003DD003EBC103596800293AD0987890421D
:101E300002D3B1F90200F1E7DC78B1F90000944275
:101E4000ECD95C788B88A3F1FF06013C734201F169
:101E50000405E4B2734101F10C07DEB2B44216D8B6
:101E600005EBC3034FF47A75B3F902405B686A432C
:101E7000D21A04EBD47302EB630292FBF4F29042A9
:101E8000CCDBB1F902009042C8DC10B2C6E737F8EB
:101E900033C0944503F10106E2D33346DDE704483D
:101EA000BCE70448BAE700BFE4540200B41D0020B8
:101EB0000CFEFFFF0080FFFF08B50448FFF7FCFEA3
:101EC000BDE80840012020F03BBB00BFEC540200FD
:101ED0007FB51422002101A81FF05BFD044B029383
:101EE00001A94FF0FF3020F067FB07B05DF804FB5D
:101EF000006A1800024B03480122C3F8002670470D
:101F00000010C84300000F40094B98420ED003F563
:101F10008063984209D10122064B03EBC2035A6841
:101F2000054B13449B0000221A6070470022F3E720
:101F300000000F40A45502008005F21010B50446C1
:101F40002369DB07FCD404F180001CF0D4FB014BB7
:101F5000236510BD510545012DE9F043064689B0C2
:101F6000174698460C4600294DD1FFF7C3FF01469E
:101F7000044630461CF000FD4FF0010996F86C5005
:101F800006F15C01C5F10F06C5F10E03F6B22A4653
:101F90000DF1010001358DF800301FF00EFD3246C5
:101FA00000210DEB05001FF0F4FCC6F11000012329
:101FB0003246002168448DF80F301FF0EAFC1CF017
:101FC00042FB04F180060546694630461CF093FB4F
:101FD0000E4B23652369DB07FCD404A930461CF0B3
:101FE000A7FB28461CF033FB424604A938461FF0E5
:101FF000E4FCB9F1000F02D02046FFF785FF002076
:1020000009B0BDE8F0834FF00009B7E705510100C2
:102010002DE9F04F89B00546DDF8489016461F4679
:102020000C4639BBFFF766FF0146044628461CF004
:10203000A3FC4FF0010B6B6C33446B641CF003FB8F
:102040008246D6B950461CF002FBBBF1000F0ED001
:102050001CF0F9FA05F14C01064604F184001CF06D
:1020600067FB30461CF0F3FA2046FFF74DFF09B03E
:10207000BDE8F08F4FF0000BDDE72B79102EB04656
:1020800028BF4FF01008012B0DD110220021684607
:102090001FF07FFC3946424668461FF08EFC6946B9
:1020A0002046FFF74BFF394604F18C001CF023FB60
:1020B000124B2365012363652369DB07FCD404A964
:1020C00004F180001CF034FB04A9424648461FF08E
:1020D00074FC297961B9102268461FF05AFC494600
:1020E000424668461FF069FC69462046FFF726FF16
:1020F000C1444744A6EB0806A3E700BF48055903BF
:1021000070B5048804F4E043B3F5005F05461ED1C2
:10211000C4F30223042B1AD181F0AA6383F48073E1
:1021200033F47E13204821F47E1618D081F0AA6380
:1021300083F4007333F47E1311D0864230D1B4F5AA
:10214000105F0CBF6FF086006FF0850070BDB4F5B6
:10215000105F25D1144B21F47E119942F1E786429C
:102160004FEA1143C1F305411AD1B4F5105F17D1FD
:1021700004390C2911D813F001000ED1073A062AB0
:102180000BD86B88C02B0BD0B3F5807FDED0802BB3
:102190000CBF00206FF08600D8E76FF08600D5E70F
:1021A0006FF08500D2E700BF000140052DE9F04F38
:1021B000A7B0DDE93475DDF8D880DDF8EC90089241
:1021C00006461C468A4629B96FF08602104627B09B
:1021D000BDE8F08F0028F7D0309B002BF4D0329B65
:1021E00013B9339B002BEFD1002F7DD1002DEBD104
:1021F000389B002BE8D0B9F1000FE5D03A9B002BBB
:10220000E2D0399B002BDFD0338803F4E042B2F5F3
:10221000005F74D1C3F30222042A70D184F0AA6350
:1022200083F4807333F47E1306D084F0AA6383F4BE
:10223000007333F47E136BD1C4F30543319AC9F8AC
:102240000030214630460993FFF75AFF0246002826
:10225000BCD17288089BB3EBD20F4FEAD20BB3D339
:10226000379B9D425FD83A9A099B93425BD847457A
:1022700008D27B19984505D239462A4640461FF0B8
:102280006EFB4746702200210AA81FF082FB5A46C7
:1022900051460DF12D00CDF850B01FF08EFB234BB1
:1022A00024F47E149C423BD13388B3F5105F37D1C0
:1022B000D9F800300693399B0397CDE90483339B0B
:1022C0000293329B0193319B00932A46309B01215C
:1022D0000AA81CF06CFC0246E0B9389B1D60702116
:1022E0000AA81CF05CFC71E7002D81D0B8F1000F4A
:1022F0003FF46AAF379B002B7FF47AAF64E742F27A
:102300000402934204D184F0052383F4801390E700
:10231000002393E7389900230B60C9F80030DEE70B
:102320006FF08502DBE76FF089024FE7000140059F
:102330002DE9F04FABB0DDE938A4DDE93B65894616
:10234000099298460746002800F0A280002900F074
:102350009F80349B002B00F09B80369B1BB9379BE2
:10236000002B40F09580BAF1000F02D1002C40F014
:102370008F801DB93D9B002B40F08A803E9B002B37
:1023800000F086803A9B002B00F08280359A41460F
:102390003846FFF7B5FE0246002866D17A88099BC9
:1023A000B3EBD20F4FEAD20B72D33D9B9C4272D853
:1023B000AA4509D20AEB0402954205D251462246AB
:1023C00028461FF0CCFAAA46702200210EA81FF062
:1023D000E0FA5A4649460DF13D00CDF860B01FF0D5
:1023E000ECFA2E4A28F47E1800219045CDE90A1116
:1023F000CDE90C1149D13A88B2F5105F45D1379B30
:102400000293369B01930AAF359B00932246CDE998
:102410000457349B0696CDF80CA00EA81CF0C7FB01
:102420000246C8B93A9B384603EB060C90469C45D9
:102430001FD11EB1314638461CF0B1FBB8F1000F78
:1024400020D03E9A002313601CB1214628461CF080
:10245000A6FB6FF0940204E01EB1314638461CF032
:102460009EFB70210EA81CF09AFB10462BB0BDE815
:10247000F08F10F8011B13F801EB81EA0E0148EA16
:102480000108D4E73E9B1C60EBE76FF08502E8E7AC
:102490006FF08602E9E76FF08902E6E70001400588
:1024A0002DE9F04F8FB09846DDF86CA0049093466C
:1024B0000023B8F1000F16D0D8F800401029CDE95C
:1024C0000633CDE908330CBF0823102302930025FF
:1024D0005D450AD3B8F1000F01D0C8F800400020D4
:1024E0000FB0BDE8F08F4446E8E75CB1199B1A9A3B
:1024F0001B5D525D013453400AF8053004F00F04AF
:102500000135E5E7FFF7F6FC4FF440434460036014
:1025100006461CF098F8029A0499074630461CF0CB
:102520003CF906F184031846189901931CF0E3F86E
:102530003846ABEB05071CF08AF827F00F0706F1C9
:10254000A0032F440593AAF11009BD4234D11A9B70
:102550003B440AAD03F1100C186859682A4603C2BF
:10256000083363451546F7D10F2F0ED90AEB070341
:1025700006AD103B0DF1280C2A4603CA62451860CF
:102580005960154603F10803F6D106F1800357445C
:102590000AEB0B0903934F4536D11CF054F81899F8
:1025A000054601981CF0C4F828461CF050F8304647
:1025B000FFF7AAFC5D468BE71CF045F8224B039021
:1025C00033653369DA07FCD41A9B059859191CF056
:1025D00092F80F2D0ED90DF1180C09EB05020DF133
:1025E000280E634603CB7345106051609C4602F190
:1025F0000802F6D106A906F180001CF099F80398AC
:102600001CF025F81035A0E774B91CF01CF80E4B2F
:10261000336505463369DB07FCD4039819991CF030
:1026200087F828461CF013F804F138030DEB030279
:10263000199B12F8102C1B5D0134534007F8013B25
:1026400004F00F04A7E700BF480503012DE9F74F89
:10265000DDF848A0DDE90E74DDE9106883461D460B
:10266000894621B96FF0860003B0BDE8F08F002ADB
:10267000F8D00FB9002CF5D116B9B8F1000FF1D18F
:10268000BAF1000FEED02E4B9D4215D00BD82D4B3A
:1026900025F4807199420FD003F580639D420BD0E1
:1026A0006FF08500E0E7284B9D4205D025F40071CE
:1026B000A3F580739942F2E7BBF80030B3F5105FE1
:1026C000EED1BBF80230B2EBD30FE9D3802B02D0AE
:1026D000B3F5807FE4D124B3B7420AD23B199E42BE
:1026E00007D24445BED83946224630461FF037F956
:1026F0003746164BBBF802B09D424FEADB0BCFD1F9
:102700004445AFD814F00F05ACD1731900930122E2
:102710007B19594648461CF083FA30B91035AC4253
:10272000F3D8CAF8004000209EE742460021304618
:102730001FF02FF90023CAF800306FF0920093E7E2
:102740000010C004004040040012C00400444004D3
:102750002DE9F04F91B0DDE91A4ADDE91C56DDF8AC
:10276000789007469B46884629B96FF08608404610
:1027700011B0BDE8F08F002AF7D014B9BAF1000FFC
:10278000F3D10DB9002EF0D1B9F1000FEDD0574BB8
:102790009B4515D00BD8564B2BF4807199420FD026
:1027A00003F580639B450BD06FF08508DFE7514B45
:1027B0009B4505D02BF40071A3F580739942F2E795
:1027C0003B88B3F5105FEFD17B88B2EBD30FEBD32F
:1027D000802B02D0B3F5807FE6D1BAF1000F04D18F
:1027E000C9F800A04FF00008C1E7AC420BD204EBDF
:1027F0000A039D4207D2B245B7D821465246284621
:102800001FF0ADF82C46394B7F889B454FEAD70720
:1028100058D003F540739B4521D0374B9B45C3D11E
:10282000B245A2D81AF00F0B9FD140463B4608AAEA
:1028300039461CF02FFA8046002898D105EB0B038F
:102840000093002204EB0B03394608A81CF0E8F9BA
:10285000804670BB0BF1100BDA45EFD8C0E7AAF148
:102860000D0AB2453FD801238DF810300DF1110249
:10287000234604F10C0153F8040B42F8040B8B427D
:10288000F9D11B7813704FF48073ADF81E300D34FE
:1028900004ABCDE900334046CDE902450023524662
:1028A0003946FFF7FDFDC9F800A0804600283FF437
:1028B0005EAF3246002128461FF06BF80023C9F8AE
:1028C000003054E7AAF1100AB2453FF64EAF04AA11
:1028D00004F1100C20686168134603C30834644592
:1028E0001A46F7D1D4E76FF0890840E70010C0041A
:1028F000004040040012C004004440047FB5094B6E
:102900006A4603F11006154618685968144603C450
:102910000833B3422246F7D12846FEF7FDFE0020D9
:1029200004B070BDB455020070B5184B86B001AA52
:1029300003F11006154618685968144603C4083395
:10294000B3422246F7D11B882380114BD3F8B42021
:10295000120316D5A3F500434FF6FF721B8893426E
:1029600008BF4FF4B4730B48ADF80A30FDF7CCFD47
:102970002846FEF7D1FA3220FEF704F9002006B00F
:1029800070BDD3F8B830C3F30803ECE7C4550200B8
:102990000081E00F00F0490210B50C480C4C6FF0BC
:1029A0000403A02113F0800F03F1010207D1234497
:1029B0002F2A83F800131346F4D1002010BD03F032
:1029C0000F03043B034419761346EBE700ED00E0E8
:1029D00000E100E007B500F087FF6A4601F070F8FB
:1029E00018B1044852211CF0BFF9DDE9000103B021
:1029F0005DF804FBD655020008B500F0A9FE18B139
:102A000002487A211CF0B0F9002008BDD65502001A
:102A100008B500F04DF80D4A536A43F4E0235362C1
:102A2000EFF308830A4A043B4FF0CD31934209D2B9
:102A3000084B01221A61FFF7DFFFBDE80840064896
:102A4000FFF73AB943F80419F0E700BF00ED00E0E2
:102A50000000002000300E40EC54020007B50422B4
:102A60000DEB020100201FF023FD042804D00548CF
:102A700040F267111CF078F9019800F0C1F903B039
:102A80005DF804FBD655020010B50A0A414007481C
:102A9000C9B2082301F00104490804B14140013BD7
:102AA00013F0FF03F6D181EA020010BD2083B8EDD8
:102AB00010B5FFF711F80446FFF708F8E30721D433
:102AC00001221046114600FA01F3234002F10102EF
:102AD0001AD0214B33F811302049062B19D040F27F
:102AE0000722934212D14FF000524FF20F00548848
:102AF00084420BD11088984208D14CF23C33538069
:102B0000088010BD0021E4E7112ADBD1134A1380AD
:102B100012E04FF000534FF20F025888904218D144
:102B20001B88B3F5406F28BF4FF4C0630B804FF094
:102B300000534CF23C325A80084B1A8840F2017321
:102B40009A4201BF064A074BD2E90001C3E90001DE
:102B5000D7E74FF4C063E9E73A560200C2390020D4
:102B600090100020D41D002010B504461BF072FD0B
:102B70004FF000534FF20F021C805A80BFF35F8F5B
:102B8000BFF34F8F0549064BCA6802F4E062134356
:102B9000CB60BFF34F8F00BFFDE700BF00ED00E04B
:102BA0000400FA056B4A6C4B2DE9F04155685D65F0
:102BB000516A996569496A4CD1F80002D865D1F823
:102BC00004121966916A5966D16A9966116BD966C1
:102BD000516B1967D26B586B5A67D3E90E1210F01C
:102BE000040F18BF11465F4A1A6500209142D8644D
:102BF0005DD301F12000A04259D888691864C5F35B
:102C00000805CE695E64062D55D1574DA84252D3B2
:102C1000564DA8424FD205884DF6426085424AD1B2
:102C20001868C3F890005868C3F8940040F2017027
:102C3000A242154605D22E68B6F1CD3F02F104023C
:102C4000F6D00022C3E91E22C3E92022C3E92222D2
:102C5000641BDFF814C1424DDFF810E19C648D4223
:102C60002CD8D3E91EC7D3E92065D3E922414FF020
:102C7000000E013AD2B2FF2A3BD1BEF1000F05D0BF
:102C8000C3E91EC7C3E92065C3E92241B3F8543044
:102C9000C3F30803DA1E0F2A52D8DFE802F03458D3
:102CA000414451515151514E5151515151380021CE
:102CB000C3E910112B494FF42060B9E755F8044DD2
:102CC0006445CCD37445CAD2E607C8D5284F002640
:102CD00057F8048FA045C2D00136062EF8D132B184
:102CE000013AD2B202F11E0643F82640B7E70522A8
:102CF000F8E7E0464FF0010EBC4637462E46254623
:102D00000C464146B5E740F60120BDE8F081194B7D
:102D1000DB6913F0020F40F2025318BF1846F4E7C4
:102D200040F60320F1E740F2017240F60423B0F5CB
:102D3000206F14BF10461846E7E740F60520E4E789
:102D4000013B40F607223D2B98BF1046DDE740F6D9
:102D50000220DAE700ED00E00010002000E100E0D2
:102D60000010002000000020FC000000C053020002
:102D7000741000200020054000F00CB800F00AB8E4
:102D800000F008B800F006B800F004B800F002B88F
:102D900000F000B872B61EF0080F09D01EF0040F44
:102DA0000DD0DFF850E0AEE8FF1F6FF002000CE03E
:102DB000DFF840E0AEE8FF1F6FF00E0005E0DFF83F
:102DC00034E0AEE8FF1F6FF006006946EFF30982BA
:102DD0008EE8070086460848084C854501D3A5457E
:102DE00001D384F30888FFF7DDFE84F30888FFF73A
:102DF000BBFE00000010002040000020001000205A
:102E000083B24BF6EF62002B08BF1346044A000C56
:102E100013804FF6CE2308BF1846024B1880704728
:102E2000B4130020B21300200B4BB3F90020188814
:102E3000002AB8BF80F0620042001A80074AB2F947
:102E4000001013880029BCBF83F4805383F00B0368
:102E50005900118058407047B4130020B21300206D
:102E600008B501F019F860B10A4B0344072B0DD8DF
:102E7000072B0BD8DFE803F00C060A080A0A0A043D
:102E8000C12008BDC320FCE7C420FAE7C520F8E74D
:102E9000C220F6E7FF1FFF0F054B1A782AB95B78AF
:102EA000002B0CBF0320022070470120704700BF99
:102EB000123E00200329F8B598BF134B054698BF72
:102EC0005C5C0E4688BF0024032805D8DFE800F0CC
:102ED00002080B0E44F002040C4B1F684FB9F8BDFA
:102EE00044F00804F8E744F02004F5E744F08004D7
:102EF000F2E77B681A68144203D05B6831462846C3
:102F000098473F68EAE700BF62560200081E0020AB
:102F100038B5104D2B78ABB10F4C23781BB11BF09B
:102F20005AFF0023237000201BF056FF0B4C50B1BA
:102F300000F0D2FA002320782B700121FFF7BAFFAE
:102F40000123237038BD064B01221A70054B2278ED
:102F50001A70F7E70E3E00200C3E0020143E0020C1
:102F60000F3E0020103E002010B51BF06CFB064BFE
:102F70001B7804461BB1BDE810401BF068BBFFF78F
:102F8000C7FF2046F7E700BF0B3E0020094A137831
:102F900030B101331370084B1B78012B03D87047F5
:102FA000013B13707047054B1B780BB9FFF7B0BF9F
:102FB000704700BF123E0020143E00200F3E00204C
:102FC00070B5144E1BF03FFB33780546ABB900F0EB
:102FD000BFFB044620B128461BF039FB204670BDDC
:102FE000AFF300800C481BF0E9FA00F015FF0B4B23
:102FF0001C6000F093FC0A4B186000F0EFF91BF026
:10300000EDFE084B186001232846337000241BF0A6
:103010001EFBE3E7153E0020081E0020DC1D0020FB
:10302000041E0020E01D00202DE9F843284A013845
:10303000135C39B1274F397801330129135404D86F
:10304000BDE8F883013B1354FAE7FFF725FF012899
:10305000044635D8DFF888801BF0F5FA98F8003080
:10306000054613B31C4E33781BB9012232701B4A3C
:103070001370DFF8709099F8003023B11BF0ABFEAD
:10308000002389F8003028461BF0E1FA01201BF0EC
:10309000A3FE1BF0D8FA337805461BB100F01CFAEA
:1030A00000233370002388F8003028461BF0CFFA45
:1030B00038788442C4D02146FFF7FCFE3C70BFE75D
:1030C0000329F5D10228F3D100F052FAF0E700BF4E
:1030D000123E0020143E00200B3E00200F3E002038
:1030E0000E3E00200C3E002038B51BF0ACFA094B18
:1030F0001B78012B054604D81BF0A9FA00242046B2
:1031000038BD054B1C6800F025FA044428461BF026
:103110009EFAF4E7143E0020DC1D002038B5416023
:1031200004461BF090FA2146054604481BF049FA74
:103130002846BDE838401BF08ABA00BF081E0020B0
:10314000054B1B68584300F57420044B00F23F20E8
:10315000B0FBF3F0704700BF041E002040420F0098
:103160002DE9FF47EFF3108772B6AFF300801EF032
:103170003CFB002871D0714EDFF8E481337823B135
:103180000020FFF703FF00233370FFF785FE04469E
:10319000002869D0841EE4B2012C6CD9FFF77CFEB4
:1031A0000128674CDFF8BC91054600F28E8020783C
:1031B000A84205D099F80030002B00F0B2802570AD
:1031C000207800F0B1F999F8003013B15D4B1B780D
:1031D0002370AFF3008007B962B6EFF3108772B6C1
:1031E000594B1A7852B100221A70564B20781B782E
:1031F000984203D101212170FFF75CFE534800F093
:10320000E1FA1EF001FB05460028B7D1DFF858812E
:1032100098F80030A3B189F80000DFF8409199F8E0
:1032200000301BB11BF0D7FD89F8005000201BF0C7
:10323000D3FD002879D000F04FF9002388F8003042
:10324000337823B10020FFF7A1FE002333702078EC
:103250000021FFF72FFE00232370AFF3008007B992
:1032600062B604B0BDE8F0873378002B96D0FFF744
:103270008DFE347092E703A9002000F0F1FA0446B5
:1032800000288BD1D8F80030039A9A4205D8012043
:10329000FFF77CFE0123337080E72D4B1D6800F0A3
:1032A00059F9039B05449D42F1D200F077F9820061
:1032B0000399264842F0020292B2CDE90042234629
:1032C000244A491B1BF08EFD68E7DFF89CA09AF8A2
:1032D0000030CBB91BF07CFD2078854203D099F8F3
:1032E0000030D3B125709AF80030002B7FF468AF1E
:1032F000194B1B7823B91BF06DFD184B01221A7076
:1033000001238AF800305BE7207885423FF458AF0C
:1033100099F80030002B7FF452AF2946FFF7CAFD21
:10332000E0E72946FFF7C6FD49E7012000F0FCF879
:1033300007B962B6EFF3108772B677E70D3E00204B
:10334000143E0020103E0020093E0020E41D002015
:10335000DC1D0020692F0000113E00200C3E0020E3
:10336000E01D00200F3E00200E3E002010B51BF097
:103370006AF9054B00221C781A701BF068F900F0FE
:103380006BFC2043C0B210BD0A3E002073B5114E45
:103390003378834204460ED000230F4DADF804303D
:1033A00058B101A8FDF712FF1E20FFF7C9FE2B68D8
:1033B0001B1A2B60347002B070BD022301A88DF877
:1033C0000530FDF703FF1E20FFF7BAFE2B6803440C
:1033D000EFE700BFEA130020101E002073B5284C51
:1033E000002501A8636A636A8DF80450FDF7FCFFAD
:1033F0002846FFF7CBFFD4F8903003F00403AB422C
:10340000204B14BF01222A461A70D4F890301E4C6B
:10341000C3F30033237005D04FF41670FFF790FE0E
:103420001A4B186023781A4DEBB11120FDF7C8FA3A
:103430001349D1F80031C3F3042303FB000292B116
:103440004C6C144EC4F30B44002301341946501E37
:1034500004EB8404E4FB060105F08AF8FFF770FE34
:103460002B6803442B606420FFF76AFE2B6803443B
:103470002B60034BD3F89020074B1A6002B070BD4D
:1034800000400E40183E0020163E0020181E00206E
:10349000101E002040420F000C1E002008B50B4BF0
:1034A0001B7893B1022000F089FC70B100F008FA9B
:1034B00058B1002201210220FDF704FC1BF0D5FCCD
:1034C000034B1860034B01221A7008BD183E002000
:1034D000141E0020173E002038B50E4C0E4D2378E8
:1034E0002BB92B781BB11BF0C0FC0C4B18601BF0E8
:1034F000D4F92B786BB10A4AD2F890301B07FBD570
:103500001BF0B3FC054B1B68C01A064B1860002368
:10351000237038BD173E0020183E0020141E0020E6
:1035200000400E40181E002002280AD003280BD0AD
:1035300001280CD1064A136923F00403136130BF3C
:1035400070470020FDF754BE0020FDF787BE70478E
:1035500000ED00E0044B1B680BB103EBD303034AFF
:1035600010681844704700BF181E0020101E00206D
:10357000084B45F60E02D3F88011C3F88021064AA5
:10358000126802F4A0721A66CA0744BF0022C3F888
:103590008021704700400E400C1E0020014B18781F
:1035A000704700BF183E002038B500F0A5FB094C5D
:1035B000094B1A6823680025C31A2AB123B151693F
:1035C000994203D3C91A5161206038BD55615B1A15
:1035D0009268F2E7201E0020241E0020C38870B5E8
:1035E00004460D463BB9FFF77FFD8542064602D2F1
:1035F0001BF0E2FB35460E4965610B688BB90C6028
:10360000A3600DE0AD1A9A68656118466AB1134669
:103610005A69AA42F6D930B18460521BA3605A613C
:1036200070BD0020F4E70C60F7E79C60A260F7E74C
:10363000241E002038B5134D2B685B6993B1124AE4
:10364000146802201C4400F08BFB204600F05AFB5B
:103650000E492A6800230B70D088800709D5012302
:103660000B7038BD022000F07BFB022000F09EFBB7
:10367000EEE79268002AF4D050690344012BEBD99D
:10368000EFE700BF241E0020201E00201A3E00206D
:1036900070B516469DF814200271049A0260C0E9C4
:1036A00003360022BDF81830826004460D46C38000
:1036B000EEB900F021FB2844A0619DB12E461AF01E
:1036C000C2FF0546FFF770FF31462046FFF786FF31
:1036D000104B1B68A34201D1FFF7ACFF28461AF03C
:1036E000B6FF02E0E36865617BB9002070BD00F0C1
:1036F00003FB3044A061002DE0D1E3686561002B3D
:10370000DDD0216820469847D9E7216820469847B0
:10371000EBE700BF241E00200C490B6800227BB1A0
:1037200083420AD183687AB1936083681BB15A6976
:1037300041690A445A61002070471A469B68EEE7C7
:103740000028EFD0022070470B60EEE7241E002017
:1037500070B5154E1AF082FF34780546FCB9134B4C
:103760001C60134B1C60134B1C8000F081FA01207D
:1037700000F0F6FA00F04AFB0F4B0246186020B941
:1037800028461AF071FF232070BD23460B4840F2F3
:10379000E73104F0EDFE0A4B186001233370284630
:1037A0001AF062FF0020EFE71B3E0020241E0020DD
:1037B000201E0020C4390020281E002018FCFFFF16
:1037C0001C1E002070B5044640B31AF03CFF144E96
:1037D0000546FFF7E9FE3068A04209D02046FFF712
:1037E0009BFF0446B0B128461AF031FF204670BD59
:1037F000FFF792FF04460028F5D133683BB9022059
:1038000000F0BCFA28461AF022FF0024EEE7FFF78A
:1038100011FFF7E73368002BF4D1F0E72224E5E746
:10382000241E002038B50C460546A8B1A1B10023DE
:103830000B701AF013FF094B1B68012133B91AF002
:1038400013FF002038BD9D4204D121702278002A48
:10385000F9D0F4E79B68F1E72220F3E7241E00206B
:10386000F8B506460F461AF0F9FE134B1B680446DE
:10387000002523B920461AF0F7FE1B2011E05A69F3
:103880001544DA88B2420DD10C4E00F035FA336897
:10389000C01AA8420AD3002320463B601AF0E4FE77
:1038A0000020F8BDFF2EEFD09B68E2E700F024FA7D
:1038B00033682B441B1AEFE7241E0020201E002033
:1038C00008B5074B187848B11BF0CFFA054B1B68B9
:1038D0009B69C01A02288CBF0020012008BD00BFD0
:1038E0001A3E0020241E002070B51AF0B7FE0646CE
:1038F00000F002FA084B1D8804460120ADB200F02A
:103900005DFA18B100F0F8F90135044630461AF0B6
:10391000ABFE2046294670BDC4390020014B186813
:10392000704700BF281E002038B5074B1D680446AD
:10393000002140F2E7304FF47A720023E5FB0401E6
:1039400004F016FE38BD00BF281E0020F8B50C4B51
:103950001B68834205460E460FD30A4B00241F689E
:1039600040F2E73021464FF47A720023E5FB07016D
:1039700004F0FEFD30602046F8BD2120FCE700BFCA
:103980001C1E0020281E00202DE9F04186B098461C
:1039900000230D4617468DF81330064680B30DF10F
:1039A0001301FFF73FFF9DF813305BBB05A92846C5
:1039B000FFF7CCFF0446F8B9134B18684FF47A723E
:1039C0000023A5FB000104F0D3FDC2F57A7189B292
:1039D000B1F57A7FBDF83430F48308BF0021B1839C
:1039E000059A02939DF830301146CDE900833046A8
:1039F0003B46FFF74DFE0446204606B0BDE8F08189
:103A00002224F9E70224F7E7281E0020F0B50C462F
:103A100087B016461F46054630B305A92046FFF776
:103A200095FFF8B9114BE8831B685C434FF47A7338
:103A3000B4FBF3F203FB1244191B89B2994208BF8D
:103A40000021A9832846FFF7BDFEBDF83430059A52
:103A500002939DF830301146CDE900732846334675
:103A6000FFF716FE07B0F0BD2220FBE7281E00205E
:103A7000014B1868704700BF1C1E00200F4B1A68CE
:103A800010B59AB1531E4FF47A711342A0FB010195
:103A90000ED1B2FA82F2C2F11F04531CE040D243AD
:103AA00001FA03F3184321FA02F20243104610BD53
:103AB000002304F05DFD0246F8E700BF281E002049
:103AC00038B5154B8342154B8B41144621D3144B0B
:103AD0001A68F2B14FF47A75A0FB050305FB0131BA
:103AE000531E134211D1B2FA82F2C2F11F05531CC8
:103AF00001FA03F3D243E84021FA02F218431043DB
:103B0000E940C4E90001002038BD002304F030FD85
:103B1000F7E72120F8E700BFEFA7C64B3789410040
:103B2000281E0020C2072DE9F84304460BD5474A5A
:103B3000138801339BB21380FFF736FD444B1B689B
:103B40000BB1FFF777FDA3077DD51AF087FD05467A
:103B5000FFF72AFD4FF000083D4F46463C680CB188
:103B600063698BB13B4B0022012E1A7003D118F010
:103B7000020F18BF1E70002C61D0FFF75BFD2846B6
:103B8000BDE8F8431AF070BD23465A693AB91A796C
:103B90002179914288BF1C469B68002BF5D12846AD
:103BA0001AF062FD2569DDB100F0A6F8A269A0EB6C
:103BB00002084FEAE873A84573F1000311DB23699B
:103BC0001344A361E368B4F80680013613B1216899
:103BD000204698471AF042FD0546FFF7E5FCBDE791
:103BE000A8461AF03BFD81462046FFF795FD484662
:103BF0001AF03AFD2369002BE4D0A38BB5EB08053E
:103C000033B1E28B13449BB2B3F57A7F0FD2E383D7
:103C10001AF024FD294680462046FFF7DFFCA36901
:103C200022691344A36140461AF01EFDCAE7A3F5BA
:103C30007A73E383A369013B013DA361E8E70220B6
:103C400000F09CF89BE7BDE8F88300BFC439002072
:103C5000241E0020193E002010B51AF0FFFC034B73
:103C60001C781AF001FD204610BD00BF193E00204F
:103C700010B51D4B86B01868596803AA03C2197A9B
:103C8000D3F8090011700190B3F80D201748DB7BC1
:103C9000ADF8082001218DF80A300024FCF73CFD26
:103CA00003A88DF80C408DF81040FDF763FF01A9C3
:103CB00001208DF80440FDF73DFF0D4A536A23F4BF
:103CC000FF6323F00703536240F2FF731362012086
:103CD0009460FDF749FF074B4FF00042C3F8802185
:103CE0001A6006B010BD00BF66560200A00914009D
:103CF0000020044000E100E0014B9868704700BFDD
:103D00000020044010B504461AF09DFC124A936846
:103D1000516D9269520704D4CA1A032A01D89942F4
:103D20000DD1E21A022A98BFDC1C0B4BB4F1FF3F05
:103D300038BF013C5C655A6A42F004025A621AF0CC
:103D400086FC064A137833B103490B6D43F0020336
:103D50000B650023137010BD00200440EB130020FE
:103D60008207054A00F00103516A48BF43F004038B
:103D70000B435362704700BF00200440820700F0ED
:103D8000010309D5074A0121117007490A6D22F084
:103D9000030243F004030A6503494A6A22EA030363
:103DA0004B627047EB13002000200440830742BFA2
:103DB000014B0422DA61704700200440064B0128C1
:103DC0009B6904D0022805D1C3F38000704703F03B
:103DD00001007047002070470020044010B51AF021
:103DE0003DFC094A93690446590703F0010003F0BA
:103DF000070348BF40F002001362FFF793FE20461E
:103E0000BDE810401AF030BC002004400148FCF727
:103E1000D7BD00BFA00914000A4BD3F8883003F0C7
:103E20000703013B012B10B50BD81AF00CFC012144
:103E300004460220FFF7F8F82046BDE810401AF0CB
:103E400006BC10BD00400E401F282DE9F341054679
:103E500004D82C46204602B0BDE8F0810B4E0C4F32
:103E6000DFF8308000240023CDF8008038681A463F
:103E700019461EF0DCF88442EBD2202CE9D056F82B
:103E8000043BAB42E6D00134EDE700BF4C590200E1
:103E9000C8100020FFFF0F002DE9F04F644E654D64
:103EA0003168286889B005F091FE0446002827D0C3
:103EB00033689A69D3E900011268904733689B69B7
:103EC00004A89B68984733689B690220DB68984781
:103ED0000024326805985368B3FBF0F3E7B2BB42A5
:103EE000916904F101044DD8CB68002098473368EC
:103EF0009B695B6898473168286805F067FE04464F
:103F0000DFF84C914C4FDFF84C81DFF84CA10026D4
:103F1000F4B94A4B28689B5D002B00F08380D7F8EA
:103F200000B002AB03AA594606F092F8504507D0FC
:103F300070B9039B012B0BD02868594606F0CCF8CA
:103F4000D9F8003028681A68594605F0B1FF0446D0
:103F50000136202E09F1040907F1040708F10108D0
:103F6000D6D1374AB4FA84F35B0913702B681B7CF3
:103F700023B134484FF48B711AF0F6FE204609B095
:103F8000BDE8F08F12680B6907FB00209847A0E797
:103F90003B6803AA194402AB019106F059F8504559
:103FA000019903462ED028682BB30BF1010B009B1F
:103FB00028685FFA8BF19942EAD3234B9B5D002B73
:103FC000C6D0DDF800B028685FFA8BF37E2BBFD82F
:103FD000396802AB594403AA009106F039F85045FC
:103FE000B6D00099286806F077F80BF1010B04466B
:103FF0000028E8D0ACE7039B7BB998F80020029B2F
:104000009A42D2D098F80030D9F80020286805F0FC
:10401000B7FE0028C9D00446CFE7019106F05CF84E
:104020000199EFE7094B9B5D0093A346BFE700BFF3
:10403000A8100020C81000204C5902002A59020084
:104040001C3E0020CC5902000A590200CA58020046
:1040500078560200EA5802000BE000F0F8B50D4671
:1040600016461F46FFF7F0FE1F2804461CD8174BC4
:104070001B780BB3164B1868164B53F82410164BCD
:104080001B5D3BB1324605F05FFF0446A0B11AF05C
:1040900010FF12E07F2D08BF00253B46324651FA43
:1040A00085F105F0B7FEF0E7FF2808D981B23B465D
:1040B000EAB230461AF074FE00242046F8BD0748E4
:1040C0004FF4A6711AF050FEF6E700BF1C3E002028
:1040D000C81000204C5902002A590200CC59020095
:1040E000F8B50D4616461F46FFF7AEFE1F280446DC
:1040F0001CD8164B1B7803B3154B1868154B53F897
:104100002410154B1B5D3BB1326805F0D1FE04460F
:1041100098B11AF0CEFE11E07F2D08BF00253B4676
:10412000324651FA85F105F02BFEF0E7FF2807D95A
:104130003A46314680B21AF03CFE00242046F8BDD3
:1041400006484FF4C3711AF00FFEF6E71C3E00203C
:10415000C81000204C5902002A590200CC59020014
:1041600010B5FFF771FE0A4B1B7813B900242046E7
:1041700010BD084B53F82010074B0022186805F0BB
:1041800021FF04460028F1D01AF093FEEFE700BFAC
:104190001C3E00204C590200C810002073B5164682
:1041A0001D46002B73D04BF23463984210D1082D7A
:1041B00028BF082537492A4630461DF0FEFB364900
:1041C0002A4630461DF0BBFB30B3002002B070BD64
:1041D000C9B27F2980B208BF0021984218D17F223E
:1041E00041F20201684608231AF0DAFD2A49082242
:1041F00068461DF0A4FB30B908237F2241F2F0117C
:1042000068461AF0CDFD6B4603CB30607160DCE789
:1042100041F2F01398421ED1204B701ED3F8F010DB
:10422000D3F8F4202C1F2B46013B9C4200F8011FC1
:104230004FEA11210CD1002CC7D00423D9B2072991
:10424000F2544FEA1222C0D001339D42F6D1BCE7AE
:10425000002BE9D1B9E700F47043B3F5805F0AD1D0
:10426000C0F30B0404F17E642A4605FB014130468D
:104270001DF0A3FBA9E700F46043B3F5005FA4D1F0
:10428000C0F30B0404F17E6404F58044ECE72120C4
:104290009CE700BF0200E00F9E5A02000081E00F81
:1042A0002DE9F8431646C20704460F4604D52A48AE
:1042B00040F2D3111AF058FDF30704D526484FF405
:1042C000EA711AF051FD04F47043B3F5805F24D114
:1042D000C4F30B04214A04F17E64731E2344934209
:1042E00015D82546DFF8709005EB0608A84529D1BA
:1042F00056B17208394620461AF0F3FD20B116482F
:104300004FF402711AF030FD0020BDE8F883124826
:1043100040F2D9111AF028FDE3E704F46043B3F545
:10432000005F06D1C4F30B0404F17E6404F58044FD
:10433000D7E709484FF4F0711AF016FD6FF00F053A
:104340000024CFE715F8013BFF2BCFD04FF4F571D8
:1043500048461AF009FDC9E7325A0200FF07E00F8C
:10436000836970B513F00106044603F0020509D114
:10437000EDB9C3695BB30EF057FEE3692046BDE8B3
:10438000704018471DB11B489B211AF0EDFCA06935
:10439000C0F381001BF054FFE3691BB91548A3214A
:1043A0001AF0E2FC20460EF03FFE4DB916E0C3F3D2
:1043B00007201BF057FFE369B3B120460EF034FE2F
:1043C000E369607E9847BDE870401BF03FBF094835
:1043D000A3211AF0C9FC20460EF026FEE369204610
:1043E0009847002EEFD170BD0248A3211AF0BCFC03
:1043F000E3E700BFAE5A020008B50EF0AFFF28B1E8
:10440000BDE8084002483F211AF0AEBC08BD00BF1D
:10441000AE5A020010B5064C0460064CC26100237F
:10442000C0E9014303610123C160836110BD00BF86
:104430002C1E002061430000826938B502F002039F
:10444000D20704460D4620D553B9FF2921D1A369CF
:1044500013F00C0F17D01148FC211AF085FC12E064
:104460000E48ED211AF080FCFF2DF0D028461BF0FD
:1044700028FBFF28054603D10848F5211AF074FCF3
:104480002DB204EB4514204638BDFF29FBD0002B8C
:10449000ECD10248F2211AF067FCE7E7AE5A0200BD
:1044A00001481FF0E7B800BF2C1E002001481FF094
:1044B000EDB800BF2C1E002008B506481FF0AFF86D
:1044C0001AF07AFD1DF0CDF91DF0DDF9BDE80840C8
:1044D0001DF0DCB92C1E0020022808B503D11AF00B
:1044E00025FC014B186008BD5C1E002008B506F0D5
:1044F00073FB074B012018701AF06CFD02201AF0B4
:1045000069FDBDE8084003490348FEF707BE00BF48
:104510001E3E0020D4100020601E002038B50E4B37
:104520001C786CB9204638BD1BF0DEF904280FD08A
:104530001BF0DAF905461BF089FE052D0AD0F1E7DC
:1045400000201BF07DFE28B91BF0CEF90228EBD12C
:104550001BF07CFE0024E5E7EC13002008B5074BB8
:104560001B780BB1002008BDFFF7D8FF0028F9D158
:1045700000F0D6FE023818BF0120F4E71D3E0020EF
:1045800070B50EF053FF0446FFF7E8FF14F0070F75
:10459000204D0CD158B10EF049FF10BB4FF0FF3445
:1045A000FFF77EFF844228BF0446042C1DD82B78D9
:1045B00023B901201AF00EFD01232B701AF018FD0B
:1045C000044628B32B781BB91348F9211AF0CCFB09
:1045D0000EF094FE0446FFF763FF844228BF0446B2
:1045E00016E00EF08BFE0446DAE720461AF002FDD4
:1045F0000028DCD02B785BB11AF025F800210646A4
:104600000120FEF711FD30461AF021F800232B702F
:10461000204670BD1E3E0020215B02001FB5FFF743
:10462000AFFF0446FFF724FAA04228BF204688B116
:1046300003A9FFF78BF9034638B9CDE90000064A14
:10464000039906481AF0CEFB18B1054892211AF0DA
:104650008BFB012004B010BDD3EF01003C1E0020F5
:10466000215B02002DE9F34102AB03E90600044699
:1046700090460EF0BFFD054620460EF0CBFD384FAC
:104680009DF80060374BFDB1202C98F8002033F8DE
:10469000141037F8140008D9814253D34FF6FF7233
:1046A00091421DD102B0BDE8F081012A32D802EB5F
:1046B00042122D4822444FF6FF7530F81210A942DD
:1046C00002D0013120F8121033F8141037F814001A
:1046D000814237D34FF6FF7291424FF0010502D06D
:1046E000013123F8141004F0FD02092A2CD19A8A12
:1046F000B98A32448A42B4BF9A82998233F814301C
:104700008342CFD3002DCDD1204602B0BDE8F04189
:104710001AF0E3BE022AD7D1134A32F814104FF62A
:10472000FF70814204F121001CBF013122F81410F6
:1047300032F810104FF6FF75A9421CBF013122F864
:104740001010C1E70025CBE71D2CD7D15A8F911946
:104750008142BDBF02F1FF32B6185E875887CDE7B0
:104760004A3A00209C3A0020C639002002485222D2
:1047700000211DF00EB900BF9C3A002002485222D1
:10478000FF211DF006B900BF4A3A0020034B1B6809
:104790001878012808BF0220704700BFF41F0020CE
:1047A00001480DF099BF00BFEE3A002070B5094EE8
:1047B000094D0A4C337821782A7803F045FE00230E
:1047C00033702B702370BDE870400548FF211AF04C
:1047D000ECBB00BF3B3E0020303E0020313E0020BD
:1047E000681E002008B51048FF211AF0DEFB0F4BB1
:1047F0001B7813F020000CD000F068FB1FF0B4FA17
:104800000120FFF7D3FFBDE808404FF480601BF0A4
:10481000D3BCDB0603D5BDE8084000F05FBB012137
:10482000B4201AF0EDFEECE7681E00203B3E0020AD
:10483000024A03480021FFF7EDBD00BFE547000035
:10484000681E002008B5054B1B7823B19420FFF7A4
:10485000ADFF002008BD7020FCE700BF3B3E0020FC
:1048600010B5184C2378DA0625D51E280ED06528F9
:104870000CD0032820D143F020032370BDE8104062
:10488000114841F28832FF211AF07EBB23F0200349
:104890002370FEF7C9FA4FF4FA63B0FBF3F202FBA0
:1048A0001300C21892B20848FF211AF06DFB23785A
:1048B00023F01003237010BD1FF056FAAE20FFF74F
:1048C00075FFF4E73B3E0020681E002030B53B4CEE
:1048D0002378DD1F012B8FB0EDB255D0042B53D0C0
:1048E000032B41F6041252D0991F4B424B415B00FF
:1048F00013433348ADF80C301AF0F7FD48B9314B8B
:104900002F4A03F1100153F8040B42F8040B8B42B9
:10491000F9D12378032B3CD0062B3AD02A4B0DF14A
:104920000E0203F1100153F8040B42F8040B8B4202
:10493000F9D103A816F0CAFAB72804460BD1012D05
:104940001FD8BDF80C3003A823F40053ADF80C3089
:1049500016F0BCFA0446A4B9302016F091F90446CA
:1049600078B91AF0DDFD012D0BD8184A106851688E
:1049700001AB03C32246164901A81CF0EDF9A0B112
:10498000182420460FB030BD43F60412ACE70223D2
:10499000AEE70B4A0DF10E0302F1100152F8040BC1
:1049A00043F8040B8A42F9D1C3E70549224601A81E
:1049B0001CF0D2F90028E3D1E3E700BF3B3E002022
:1049C000203E0020935B0200A45B0200B55B020066
:1049D000BE5B02001FB50446252011F04FF81C22D3
:1049E00000210D481CF0D5FF0C4B1878FFF7CEFEC8
:1049F000022814BF0123042303208DF800301EF089
:104A00007FFE04238DF808306846054B019403931C
:104A100000F0ECF904B010BD881E00203B3E0020E1
:104A2000CD4B000008B50E490A78531CDBB2072BAA
:104A30000B7001D0092B04D19420FFF7B7FE94200E
:104A400008BD02F0FB02032A07D1064B18680028B4
:104A5000F2D0FFF7BFFF3D20F2E70020F0E700BFF4
:104A60003B3E0020DC10002070B5154C154E23682D
:104A70003268134321D0144B1B68F3B1134D2B78CC
:104A8000DBB91AF031FF90B94FF480601BF057FB8F
:104A9000246844B101232B7000F018FA2046BDE8C9
:104AA0007040FFF797BF042334682B70F4E7BDE82C
:104AB00070400121B4201AF0A3BD702070BD00BF6A
:104AC000E0100020DC100020F41F00203B3E0020FE
:104AD00070B5214D287838B12049214808221CF0B2
:104AE0002EFF003818BF01201E4C261D07E01B4971
:104AF0001B4808221CF023FF003818BF0120227A2F
:104B00002368D340DB0700D558B1304610F082FF50
:104B1000E8B92B78002BEAD1227A2368D340DA0750
:104B2000F3D5114B1878FFF731FE012303220F490B
:104B300010F0CCFA0E4A13780133137058B1BDE867
:104B40007040FFF733BEBDE8704000F013B8FFF7C8
:104B500069FF0028F7D070BD3A3E0020323E0020A9
:104B60009A1E0020881E00203B3E00208C1E002044
:104B7000303E002008B5FFF7A9FE88B90F4B1B781F
:104B8000032B12D89BB10E4B0E481B6840F8043B18
:104B900010F01EFF68B1BDE808400120FFF706BE17
:104BA000FFF740FF0028E6D008BD072BEBD0064BEF
:104BB000EAE7BDE80840FFF78BBF00BF3B3E00209F
:104BC000E0100020881E0020DC10002010B5134CDF
:104BD000237813B3838913F4407F1ED00368E3B9AD
:104BE00010F046FF0E4B187018B1BDE81040FFF7EB
:104BF000C1BF2378062B06D8032B06D9BDE8104089
:104C0000AB20FFF7D3BD082BF8D004232370054B4E
:104C1000BDE810401868FFF7DDBE10BD3B3E002028
:104C2000313E0020DC10002030B5394D2B7887B0A4
:104C300004462BBB01A81BF001FE022301A88DF83E
:104C400004301BF0D1FFB0B9324901A81CF033F891
:104C500088B1902C0FD1FEF7E7F847F23153B0FB43
:104C6000F3F202FB130000F51C50103080B200F08C
:104C700035F907B030BD912CFBD100F05BF9F8E7B6
:104C8000902824D1032B11D0062B0FD0224B1B7858
:104C9000DA070BD401A816F015F818B9BDF80430DE
:104CA0009B0703D42B7843F010032B70FEF7BCF85E
:104CB0004FF4FA63B0FBF3F202FB1300C21817487B
:104CC00092B2FF2107B0BDE830401AF05DB90EF096
:104CD0000BFB0028CDD12B78013B072B11D81048B6
:104CE00010F098FE40B1FFF79DFE0028C1D107B03B
:104CF000BDE83040FFF73EBF07B0BDE83040FFF7EA
:104D0000E7BEAE2007B0BDE83040FFF74FBD00BFA3
:104D10003B3E0020BE5B02001F3E0020681E0020BC
:104D20008C1E00201FB50F4C2478C4B142EA032228
:104D30009DF818308DF8051042EA43220A4BADF871
:104D40000C201A78094B8DF8061003EB0213079913
:104D500000908DF80400DB6802916846984704B023
:104D600010BD00BF3C3E00203E3E0020A41E00209F
:104D700073B51A4D1A48FF211AF017F92B7853B35F
:104D8000184C194E2378180106EB0313305C1A7A7D
:104D900059680EF04FFE4D281DD0E0B12278012356
:104DA0000021CDE900311201C0B2B25CFFF7BAFFB9
:104DB00023780B4801330A22DBB2B3FBF2F102FB8A
:104DC000113323702B78FF21013B2B7002B0BDE81B
:104DD00070401AF0E2B802B070BD00BF3C3E002047
:104DE000441F00203E3E0020A41E0020F8B5104FB6
:104DF0003E780A2E1AD00FC8DFF840C00D4D9CF83F
:104E0000004005EB0415013485E80F00E4B20A23E5
:104E10000948B4FBF3F2013603FB1244FF218CF87E
:104E200000403E701AF0B9F80020F8BD0120FCE700
:104E30003C3E0020A41E0020441F00203D3E0020D8
:104E4000024A03480021FFF7E5BA00BF714D000098
:104E5000441F002037B5134D00232A78CDE90033D5
:104E60000C461201104901238A5C01462046FFF7D7
:104E700059FFA4B90D490A788AB12B7801330A2069
:104E8000DBB2013AB3FBF0F400FB143308480A70BC
:104E9000FF212B7003B0BDE830401AF07EB803B09C
:104EA00030BD00BF3E3E0020A41E00203C3E00203E
:104EB000441F002008B5032015F020F910B9024B5B
:104EC00001221A7008BD00BF3F3E0020024B0022A5
:104ED00018781A70704700BF3F3E00200246FF213D
:104EE00001481AF051B800BF641F00200D4B1B7819
:104EF00010B583B90C48FF211AF057F8FFF7DAFF15
:104F0000044640B1094B1B78DB0604D51EF02CFF8C
:104F100020461AF0ECFA064BBDE810401868FFF77F
:104F2000DDBF00BF3F3E0020641F00203B3E00204D
:104F3000E41000200148FF211AF037B8641F002058
:104F4000054B1A7808462AB1032984BF00221A703B
:104F5000FFF786BC704700BF3F3E0020024A03486F
:104F60000021FFF757BA00BFED4E0000641F00207C
:104F7000014B1870704700BF403E0020024B18687C
:104F800000B14068704700BF841F00200B4B1B68B6
:104F900070B5044600257BB11E88002107E05A68E1
:104FA00002EB0110013145B9021B554255418AB24D
:104FB0009642F4D89B68EEE7184670BD841F002027
:104FC0002DE9F04F93B01E469DF874300593022EE4
:104FD0004FF00003DDF87090DDF880A0ADF81E30D2
:104FE00007468846144640F2B48099F800305A07C4
:104FF0002AD5042E40F2AD8099F804B0594B002513
:1050000033F83520002A00F0AA8001350A2DF7D1A7
:10501000BAF1000F40F0A180FF25002320798DF820
:105020001D3008AA0DF11D011BF0A9F878B1BDF8DB
:105030002C309DF81D0023801BF002F98DF81C0018
:10504000A0B113B0BDE8F08F99F802B0D6E720798F
:105050001AF037FD00287ED120791BF003F98DF876
:105060001C000028EDD1404B5B88238062884FF6FE
:10507000FF73002F08BF4346CDE90023002123889A
:10508000059A584601F042FB18B1E38843F020032B
:10509000E380059BCDF83C9007A90DA8CDE90DA4B0
:1050A000ADF84080ADF842608DF844708DF8453021
:1050B0001BF073F810B19DF81C00C2E7484601F0E0
:1050C00079FAA01D01F064FA2246414638461BF0E9
:1050D0003BFAB04208D274238DF81C30BAF1000FAD
:1050E00032D11BF0B3F8E6E79DF87C300393BDF8AE
:1050F000783002930DF11E03CDE900932246F3B2FE
:10510000414638461AF003FB8DF81C00BAF1000F37
:105110000FD070B9BDF81E203AB1092D05D8134B38
:1051200003EBC50143F835A08A8011201BF007F876
:10513000D7E7BA2808D1E388DB06D2D500230120BF
:105140008DF81C30FFF714FF9DF81C30002BC8D1E0
:10515000EBE7012075E7A32073E7B42071E7EDB218
:105160005BE700BF8C1F0020D81F0020881F002095
:1051700010B500201BF064F80B4B1B6863B1587826
:10518000052807D860B904460EF02EFA20460EF026
:1051900061F801E0FF2803D0BDE810401BF056B8CD
:1051A00005240220F0E700BFF41F002013B5124CC5
:1051B00000201BF045F823689BB101A81AF0D0FB32
:1051C00078B923681A789DF804309A4209D0D91E1C
:1051D000032906D9D11E012903D9012A07D1022B9F
:1051E00005D1032301A8ADF8043010F025F802B072
:1051F000BDE810401BF02AB8F41F00200023044A29
:10520000194601330A2B918042F8081BF9D17047E7
:10521000881F002030B50D4685B004460FF038FDDC
:105220008DB10A4B1A889B788DF80E300323ADF8A8
:105230000C200093002203AB36214FF6FC708DF852
:105240000D401BF076FA05B030BD00BFCE5B02000A
:105250002DE9F04F85B080468946BDF838A00F9EF5
:10526000BDF840102C481F461546002330F8332067
:105270008A4246D1294A52F833B0002330F83340ED
:105280008C424FEAC30242D1244900200A4441F82B
:105290003300908047B92B8833B9B5F90230002B21
:1052A00002DB08201AF04BFF01201AF085FF9EB1A7
:1052B0003478E30710D514F0040004D052460121DD
:1052C00030461AF0A1FFCDE90170009653462A46F8
:1052D000494640461AF038FCBBF1000F06D0CDE934
:1052E000006753462A4649464046D847CDE90067FD
:1052F00053462A464946404603F022F805B0BDE829
:10530000F08F01330A2BB1D14FF0000BB5E7013319
:105310000A2BB3D1BEE700BF8C1F0020881F0020DE
:10532000014B1878704700BF413E0020F8B5064693
:105330000C461AF022FF0546B0B930461AF0C1FB00
:1053400098B90B4B1F7B87B95A8822809A88628054
:105350009B7923710121304600F018FA39466071BB
:10536000304600F013FAA07101252846F8BD00BFB1
:10537000D81F002070B504460E4615461AF0A1FB52
:1053800010B14FF6FF7070BD084B1A7B002AF8D1A0
:1053900046B901222946204600F01AFA0028F0D02A
:1053A0000088F0E7012EECD1F4E700BFD81F002001
:1053B00013B5FF230DF1070104468DF807301AF0ED
:1053C000DAFE18B19DF8070002B010BD074B03EBE1
:1053D00004131B7B0BB1FF20F6E7204600F07EF89C
:1053E0000028F8D0204600F0CBF9EDE7D81F0020C8
:1053F00008B500F0A1FCFFF701FF00F051F8022111
:10540000084601F04BFAFFF7B3FE094B41F249029F
:105410001A80084A52231380074A4FF40040138031
:105420001DF05DFDBDE8084000201EF09AB900BFE8
:10543000E4130020E0130020DE13002001490822BD
:105440001CF08DBACB400020064A0123D15C81427A
:1054500002D1054AD05C704702335D2BF6D10020A3
:10546000704700BFD05B0200D15B020070B50A4BF1
:105470001D780A4B04460022D0B2854201D8FF2095
:1054800070BD1E78A64204D10029F9D05E7BF607D4
:10549000F6D401321033EFE7423E0020D81F00203F
:1054A000084B01221A70084B4FF482711A709A71DE
:1054B000064A59809A600A214FF4807299809A8135
:1054C000704700BF423E0020D81F00203C5C020015
:1054D000014B1878704700BF423E0020034B03EB9E
:1054E0000013587B00F00100704700BFD81F002058
:1054F000044A054B821A92105A43044892B2012181
:105500001AF057BA945C0200ABAAAAAA2E5C020059
:10551000044A054B821A92105A43044892B2012160
:105520001AF047BA445C0200CDCCCCCC345C02000B
:105530002DE9F04F8DB0DFF81C8202939DF85830B2
:105540000793804B06911B7808EB0313054616461C
:105550000A934FF000090A9B984501D1862068E024
:105560002B780393039A98F80030D8F808A0934258
:1055700040F0E08098F80D30DC0709D59AF8043047
:1055800009934FF0000B099A5FFA8BF3934202D311
:1055900008F11008DFE7DAF80070142303FB0B773B
:1055A000294638461AF02DFA002800F0BE803B89C3
:1055B0000893002308999AB2914202D80BF1010B8B
:1055C000E1E70C225A430B937B6804929C18214616
:1055D0002A46384605931AF02CFA22790B9B0028AC
:1055E00000F09A80069B03B11C60900624D4564BB1
:1055F00009EB03080BE01A79910642BFDA78904470
:105600001FFA88F80C339C42F5D8504B9844079BFE
:1056100063B3214638461AF0EBF9DDE90413B5F817
:1056200002905B5A0246494603981AF08DFD38B93C
:105630007E200DB0BDE8F08F454B4FF00008E2E74B
:105640002379DA0639D44346B0461E46029AA37837
:10565000002A43D1E278A3F14101012940D8013A5F
:10566000D2B2414630461AF09BFF00E00EB900204E
:10567000DFE7214638461AF0BBF9DDE90413B5F837
:1056800002905B5A0246494603981AF05BFD0028D7
:10569000CED02379DB06D9D5214638461AF0A8F9B1
:1056A00095F80080E2786D880346CDE900622946CE
:1056B000224640461AF05BFDBBE7214638461AF009
:1056C00097F995F800806D8816960346224629467C
:1056D00040460DB0BDE8F04F1AF04BBD029ABAE754
:1056E000433B012B06D8023A92B2414630461AF0AB
:1056F0006FFFBCE7079BE2781BB9029B0BB193429B
:105700001ED341463046B8F1000F02D11CF041F9DA
:10571000ADE71CF024F9AAE712F0300F02BFE278DF
:105720004A441FFA82F9013344E77B894B441FFA4C
:1057300083F943E7BAF806304B441FFA83F927E7A9
:10574000892076E7423E00208F3E0020433E002025
:10575000945C0200D81F002070B50C4615461E460A
:105760001AF0AFF940B9054833462A462146806809
:10577000BDE870401AF072B9002070BDD81F00203B
:10578000014B0001185C7047D81F002070B50C4613
:105790001AF097F9C0B90D4B9A682AB115790346EA
:1057A0001426D9B2A94200D370BD116806FB0311BB
:1057B000097B34B911F0800F1CBF0130C0B2013336
:1057C000EFE711F0400FF7E70020EDE7D81F0020CA
:1057D000F8B50D4616461AF074F9034640B90E4A5C
:1057E0009268177904464FF0140CE1B2B94201D324
:1057F0000020F8BD10680CFB0400017B46B911F0D5
:10580000800F03D09D42F4D00133DBB20134ECE7CA
:1058100011F0400FF5E700BFD81F00202DE9F04F31
:10582000414BDFF8088193F800A08BB006460024B6
:10583000544506D2FF2E28D030461AF042F90446CD
:1058400040B30BB0BDE8F08F1B68142202FB053596
:105850002B89B3F5967F01D919F0ADFA00274FF0E7
:105860000C0B2A89BBB29A421CD809F10109029B90
:1058700043445FFA89F59B681A79AA42E4D8FF2E5F
:10588000DFD10134E4B25445DBD208EB04131B7BB7
:10589000002B45D12301029308EB04134FF00009BC
:1058A0000393E4E7BAB268680BFB02FE00EB0E015B
:1058B0000B79DA062CD4039A059392F800C08DF880
:1058C0001CC013F0400FB5F800C030F80E20ADF842
:1058D0001EC0284614BF4FF0800C4FF0400C0491BE
:1058E0008DF820C0ADF822201AF082F8059B0499AB
:1058F000ADF824005B07C8780CD502288A6800D967
:105900001268012300930023194607A8FFF710FE31
:105910000137A6E702288CBF8A6801F10802F0E788
:105920000134E4B284E700BF423E0020D81F0020CB
:1059300070B5084D084E00242B78E0B2834200D8A1
:1059400070BD06EB0010437BDB0701D51AF080F930
:105950000134F1E7423E0020D81F00202DE9F84F26
:1059600092464D7D9B46002833D0002D36D0012D28
:1059700018BF04251E4C0026B1464FF6FF7723467C
:10598000228852451ED1E2782A421BD094F8028028
:10599000D84517D3B9F1000F01D0B04512D8D206BF
:1059A00010D5E21A1348C2F38F0202211AF001F84F
:1059B0000F4BB9F1000F13D0B04516D3B8423CBF1E
:1059C000464607460C4A04349442D9D13846BDE8CD
:1059D000F88F002D14BF04250825CBE70225C9E761
:1059E000464607464FF00109ECE746460746E9E719
:1059F000FC5C0200F45C0200105D02002DE9F04F37
:105A000085B0CDE90123BDF838909DF840A09DF800
:105A100044B04D7D0F4648B36DB3012D18BF04252A
:105A20001F4C00262388019A934217D1E2782A421C
:105A300014D094F80280D04510D3D206FB7B1CD53D
:105A400063B1174A3B8A17480393A21AC2F38F0225
:105A5000022119F0AEFF039B834210D0124B043495
:105A6000A342DFD1012005B0BDE8F08F002D14BFA7
:105A700004250825D4E70225D2E7002BEED1B34553
:105A80000CD0B1450AD9029B0F9A03F806800F9BF0
:105A90001B88013601331380B6B2DFE70020E2E74E
:105AA000FC5C0200F45C0200105D02002DE9F04F86
:105AB000B1F57C4F85B0CDE9023228BF2B4B019068
:105AC0004FF0000428BFB3F800A000940E4638BF82
:105AD0004FF0010AA1464FF6FF78544503D34046E4
:105AE00005B0BDE8F08FB6F57C4F0CD3204B029A81
:105AF000019803EB840331465B88FFF72DFE0546D2
:105B0000F0B1002718E0029A0198314619F0F7FF2A
:105B1000F5E70C23BCB25C43D5F804B0039B3BF81B
:105B2000040098420BEB040105D3009B5BB92846A7
:105B300019F05EFFA0B901372A89BCB2A242E8D8A9
:105B40000134A4B2C9E74845F5D8284619F050FFFA
:105B50000028F0D03BF80410494501D38045EAD92C
:105B600001233BF8049000938046E4E7325C020096
:105B7000345C02002DE9F0438FB01646BDF85C702E
:105B8000042F32D90DF1130403942125BDF8584098
:105B900000940DF114080295CDF804801AF002FA71
:105BA000044648B130461AF011FB204600F0B0F828
:105BB00020460FB0BDE8F0839DF813902A46414679
:105BC000484619F0D1FE0546304685B1043FAF4244
:105BD0000DD3114F1AF0FAFA3B88AA1CC3F15203F5
:105BE0009A4208DB892000F093F88924E0E71AF054
:105BF000EDFA8924D9E7204600F08AF8484600F0FB
:105C000087F83E8805482A46304441462E441BF01A
:105C1000D4FE3E80CCE700BFF23A0020903E002048
:105C200010B5044C20600448018004490A60044A0D
:105C3000136010BDF01F0020F03A0020EC1F002080
:105C4000E81F002008B410B587B009AB0C4653F824
:105C5000041B0092CDE9011302460B490B48059342
:105C60000988006800231AF0BDF9094B1B681880E9
:105C7000084B1B684FF48A525C80DA8007B0BDE89D
:105C8000104001B0704700BFF03A0020F01F002024
:105C9000EC1F0020E81F002007B5074B1B681B887E
:105CA0000192064A12680092054A126819F085FCB2
:105CB00003B05DF804FB00BFEC1F0020F01F0020C4
:105CC000E81F0020024B1B6818715971704700BF14
:105CD000E81F0020094B10B500241C7019F002FECB
:105CE000074B52221880214606481BF052FE064BF5
:105CF0001C80064B1C605C609C6010BDE43E002074
:105D0000F43A0020903E0020F23A0020F63A0020BB
:105D100007490B88512B9FBF064AD054581C80B2AC
:105D20009DBF088000F1FF3080180020704700BF41
:105D3000F23A0020903E0020024B034A1A600020F5
:105D4000704700BFF41F0020385C02002DE9F04FBF
:105D5000427D036890F8149090F813B086688489A7
:105D60005F88002A8BB014BF8022402205465879F4
:105D70000492C84600F0D4FB78B9BBF1050F05D8F2
:105D80006FF02D0343FA0BF3DB0706D5032F04D086
:105D9000012128461AF0D5FB76E0EB7B73BB687DCA
:105DA0009B4AB0FA80F040091380C000FFF7B0FFB3
:105DB000EB7B93B3288A1AF009FA8246A87CFFF796
:105DC000A7FFBBF1160F00F27C81DFE81BF0280073
:105DD00080019E006100BA019E007401C3017C0134
:105DE000CC01D501DE012301FC017A017A017A019F
:105DF00012026202120279022301FC012B8A002B9B
:105E000000F05F81687D824BB0FA80F0400900228B
:105E1000C0001A8040F00400C8E79A46CEE701208F
:105E2000FFF776FFDFF8E8A108F10209A14529D8BC
:105E30004146224630461AF0E7F92B6880465879E9
:105E4000BAF80030C3F152039BB201932B8A00933E
:105E50004246049B39461BF060FD10B11FFA89F8D9
:105E6000E2E72B685879BAF80030C3F152039BB2CD
:105E700001932B8A00934246049B3946FFF77AFE32
:105E80008928EBD11AF05AFB01200BB0BDE8F08F46
:105E90000420FFF73DFFE31E4FF000090693069B29
:105EA000984526D22246414630461AF0ADF908F10F
:105EB0000201224689B2824630461AF0ABF9069BAF
:105EC0000890A3EB080208F10301314492B2079154
:105ED00019F04AFDDDE907130590002853D1802011
:105EE000FFF716FF09F1010950465FFA89F91AF028
:105EF0006DF9B9F1000FC5D1EB7B95F81480002B3B
:105F0000434B0CBF022204221A800420FFF700FF3B
:105F1000002305939946E31E079308F1030A5445AD
:105F200065D92246414630461AF06EF908F1020161
:105F30000690224689B230461AF06CF9079B099008
:105F4000A3EB080206EB0A0192B2089119F00CFDCE
:105F50008246002841D02A68099B0899507901910E
:105F600002932B8A0093069A049B394619F0CBFFC3
:105F700048BB059B0133DBB205930AF1030AC24417
:105F80001FFA8AF8C9E72A685079CDE901132B8AEC
:105F900000935246049B394619F0F1FF079058B11F
:105FA000FFF7B6FE50461AF011F9079B09F10109F7
:105FB000802B5FFA89F99CD0059B03F1030AC24448
:105FC0001FFA8AF86BE7FFF7A3FE09F101090698AB
:105FD0005FFA89F91AF0FAF8CFE78720FFF798FE01
:105FE00009F1010906985FFA89F91AF0EFF8BBF197
:105FF000050F3FF449AFB9F1000F7FF443AF059BA4
:106000000BB98021C5E64846FFF782FE3AE700BF9C
:10601000F23A0020BBF10C0F0CBF0D201620FFF749
:1060200077FE2246494630461AF0EEF82246804670
:1060300009F1020130461AF0EDF8BBF10C0F0446ED
:1060400035D1192828BF1924EB7BE4B2B3B12E8ACD
:106050004FF6FF739E4211D12868049B4079424657
:106060003946FFF723FDB04208D0BAF1000F05D042
:1060700028828AF80000000A8AF801009B4B002061
:106080001E88FFF745FE2B68ABF1150C5879DCF143
:10609000000343EB0C03CDE901432B8A00934246F6
:1060A000049B394619F0F7FD914B9855EAE6132801
:1060B00028BF1324C8E728461AF04DF800287FF4BB
:1060C000E3AE812165E628461AF06BF8F6E70A2F61
:1060D000A4EB090A29D1DFF81CB29BF8003023B3E6
:1060E000EB7B13BBBAF1080F1FD12246494630465D
:1060F0001AF08AF8C8B9224609F1020130461AF0AE
:1061000089F8804688B9224609F1030130461AF021
:1061100081F8E22809D1224609F1040130461AF03B
:1061200070F81AF0FAF98BF800801FFA8AF206EB81
:10613000090138461BF0F3FB00287FF4A5AE0021CF
:1061400027E6A4EB090292B206EB090138461AF0E1
:1061500039F8F1E7A4EB090292B206EB09013846DF
:1061600019F0FBFFE8E7A4EB090292B206EB090184
:1061700038461AF018F8DFE7A4EB090292B206EBF2
:10618000090138461BF0CDFBD6E72246494630468A
:106190001AF040F82246804609F1010130461AF013
:1061A00039F82B68044658792B8A0193049B009395
:1061B00042463946234619F0ABFC22464146384652
:1061C00019F0CDFF60E62246494630461AF022F823
:1061D00009F10102A31AABF1160461426141009179
:1061E000011E9BB2324418BF0121384619F0B9FF95
:1061F000A2E72246494630461AF00CF8224680466D
:1062000009F1010130461AF005F8BBF1110F0446FF
:106210003AD11220FFF77CFD0026EB7BB3B1B5F835
:1062200010904FF6FF73994510D143463A462946E0
:106230003046FFF793FB484508D0BAF1000F05D070
:10624000030A28828AF800008AF80130DFF89C905F
:10625000DFF89CB0B9F800A0CDF80490CAF1510263
:1062600092B20AF1010300925B44CDE902843A46FE
:1062700029463046FFF7C2FBB9F800300BF80A0098
:106280000133A9F80030FDE51420FFF741FD012698
:10629000C3E722464946304619F0BCFF09F1010325
:1062A0009C4201D20020F0E5E41AA4B2021E009440
:1062B000298A334418BF0122384619F056FF3BE7BC
:1062C00022464946304619F0A5FF09F101039C42D8
:1062D000E8D3E41AA4B2021E0094298A334418BFFA
:1062E0000122384619F03FFF26E700BFF23A0020AE
:1062F000903E0020E23E00200948037873B9094A25
:106300001946D3720133042B11731170516011813E
:10631000917202F11002F4D101230370704700BFA3
:10632000E33E0020F81F002070B506460D46FFF73B
:10633000E3FF0A48002300EB0514A17AB14205D11E
:10634000217819B12B4400EB031070BD0133042BED
:1063500004F11004F1D10020F7E700BFF81F00207E
:1063600030B5044685B080B3007B19F069FF184B47
:10637000E07A002503EB40102570FF2118F015FE90
:10638000144B284602019A5C22B901300428F9D145
:1063900019F012FF616899B1B4F9083022899B1392
:1063A00003F002038DF80430C2F30E03ADF806309B
:1063B0004FF6FF73ADF808300023039301A8884718
:1063C00005B0BDE8304019F041BF05B030BD00BF99
:1063D00038200020F81F002010B50446FFF78CFF7E
:1063E0000E4B9C4212D003F12002944210D003F1D4
:1063F000400294420ED060339C420DD103230848E2
:1064000000EB0310BDE81040FFF7AABF0023F6E73A
:106410000123F4E70223F2E70020F3E7382000200D
:10642000F81F002070B5074D074E0024284632465D
:1064300000210134FDF7EEFF042C05F12005F5D114
:1064400070BD00BF38200020D963000008B5026885
:10645000154B11881980518859805179197111791A
:1064600059714FF48A51D980D28812F0200F0CBF95
:106470000A464FF48B52DA8081690C4A137831B99D
:106480000B49C088088023F00203137008BD43F055
:1064900002031370074B1522013118461BF05FFAF7
:1064A000002200F8012CF1E7F63A0020E43E00203B
:1064B000F43A0020033B002010B5174C23685879AC
:1064C00019F0FFFA00BB154B227F197B91421BD1BB
:1064D0005A88236819888A4205D04FF6FF70814296
:1064E00012D1120410D42279023A012A06D9A37BD0
:1064F00063B9BDE810400848FFF728BC19895879EE
:1065000019F062FE0028F2D1002010BDBDE8104055
:10651000014819F0DBBE00BFBC200020D81F0020BE
:1065200008B519F0CEFA10B9024B187808BD002052
:10653000FCE700BFE93E002008B5002019F080FE0E
:10654000FF2019F0DFFA19F081FEFEF7C1FF0121EB
:10655000024606481BF01DFA054B064A0648522122
:10656000FFF75EFBBDE80840FFF7E2B9E93E002017
:10657000F63A0020F23A0020903E0020034B1878B3
:106580000130C0B2187000F07F007047ED1300209A
:1065900038B1074B1B78012B04D1038843F040032B
:1065A00003807047022BFCD1038823F04003F7E7F8
:1065B000E73E002068B1074A1378012B07D1064B4C
:1065C0001B781370037843F01003037001E0022B73
:1065D000F8D07047E63E0020E53E002073B5244E1B
:1065E0003378D907024640D42249096881B1086846
:1065F000C1888D0641BF204CE18841F02001E18037
:10660000C1884C0641BF1C48C18841F04001C1808F
:106610001A4D1B492878097840074CBFE97069700A
:10662000184913F00204098809D0144A164819F0D1
:10663000AAFD337823F00203337002B070BD134B10
:1066400018884FF6FB73984208D8CDE900520B46E4
:10665000094A0146204618F0B0FFEEE70092074BCA
:106660000A46054918F097FFE7E70020E5E700BF75
:10667000E43E0020B8200020F63A0020903E0020A2
:10668000EE130020F23A0020023B0020F43A0020F2
:1066900070B50379012B04460D46164631D8836840
:1066A0001B78DB0600D561B3A37B13B9E37C0B2B0E
:1066B00027D0154B00221A80637DB3FA83F35B0960
:1066C000D800E37BABB9FFF723FBA07CFFF720FBEF
:1066D0000B20FFF71DFBE07CFFF71AFB2846FFF7B6
:1066E00017FB2046FFF7B2FE3046BDE87040FFF7CB
:1066F00075BF40F00400FFF70BFB208A19F066FD20
:10670000E3E7002070BD00BFF23A0020F0B4054678
:1067100018460F4B0F4E1B78012B0C46BDF810107E
:1067200001D0377827B1002333700020F0BC7047C8
:106730000CB9002AF9D143B14FF65743994204D01E
:106740002B462246F0BC19F004BD0120EEE700BF45
:10675000EF130020E83E00202DE9F04F484E494C51
:106760008446964698460F460FCE25460FC596E8B6
:106770000F0085B085E80F00DDF83CA0BDF838308B
:106780000093CDE901A4434672463946604619F0AC
:106790008AFFDFF80081814670B90025FFF79AFA79
:1067A0001622002138481BF0F4F800232846C8F8C8
:1067B000003005B0BDE8F08F344BA27C1A70204643
:1067C000C8F80040FFF742FE20461BF0A1F805463E
:1067D00030BBBAF1000F25D12168E0880B88019009
:1067E000BA1E49880091032A8CBF00220122E07C56
:1067F0000121FFF78BFF38B923685B79FF2B3AD073
:10680000FFF75AFE0546C9E72368DB8813F0200628
:10681000F2D11F4D01212046297019F092FE2E70F1
:106820004D46BBE7BAF814309B07E5D4B5E75846A8
:10683000FEF7A6FF82465846FEF750FE88B1236851
:10684000228A5988504619F03FF950B13846FFF76F
:10685000FDFD236889F804A083F805A0FFF72CFE4E
:1068600000B9284601360546FEF732FE5FFA86FB80
:106870005845DCD892E7034FDFF81C900026F3E779
:10688000545D0200BC200020023B0020EE130020DB
:10689000E83E0020B8200020F63A0020034B187094
:1068A000034B1970034B00221A707047EB3E002017
:1068B000EC3E0020EA3E00202DE9F74FDFF8908003
:1068C000224F98F800303C7805460E46002B3AD00F
:1068D0004FF6FB73984236D8DFF878A04FF0000BE4
:1068E00098F800309AF800005FFA8BF94B450ED902
:1068F00048446946C0B215F075FA08223146684628
:106900001BF01DF80BF1010B0028E9D14C463B7838
:10691000A34208D198F80020631CDBB29A423B7076
:1069200004BF00233B709AF800301C44E4B23146A7
:10693000204615F04BFB30B92946204603B0BDE890
:10694000F04F15F03BBA03B0BDE8F08FEA3E0020EF
:10695000EC3E0020EB3E0020034B18780130C0B223
:10696000187000F07F007047ED3E002030B585B014
:106970000024ADF80A20021D92B2012A1D46ADF88E
:106980000840ADF80610ADF8044003D94FF6FF7289
:10699000904207D1064A2B46127801A91DF046FF06
:1069A00005B030BD014601AA204612F063FAF7E7B0
:1069B000F0130020004870475A3D0020014B187822
:1069C000704700BF04140020014B1888704700BFB7
:1069D000BE130020014B1878704700BFFD13002044
:1069E000014B1878704700BFF13E0020014B18782A
:1069F000704700BFF813002008B5084B00221A604A
:106A00005A60FCF711FA064B1870FCF70DFA054BAB
:106A10001870054B1A78054B1A7008BD26390020EE
:106A2000163F0020153F0020F6130020143F0020E1
:106A300000B5002193B008466A460BF04FF90146B5
:106A4000C8B90E4B0E4A09930E4B0A930D920E4B8A
:106A50000E4A0B930E920E4B0E4A0C93CDE90F2368
:106A60000D4B11936A460BF019FC003818BF01203A
:106A700013B05DF804FB0120FAE700BF0138020003
:106A8000F56501008D39020061F20100493D010008
:106A90000B3A02000175010081620100074B187872
:106AA000112803D8064B0341DA0704D5A0F14303AC
:106AB0005842584170470120704700BF183F0020DE
:106AC000CBFFFDFF08B5064B1B78013B022B05D819
:106AD0000020FFF7E3FF0138C0B208BDFF20FCE74C
:106AE000193F00202DE9F74F3A4B3B4F93F80090A8
:106AF0003A4E3B4B3B4D3C4C3C483D49DFF8F8C0DF
:106B0000DFF800E1DFF814A1DFF814B101934FF0D2
:106B10000008019B203301935FFA88F3994507F140
:106B2000200706F1200605F1200504F1200400F1FC
:106B3000200001F120010FD82E4B2F4D1C782F4E35
:106B40002F4B304F00221146D0B2844203F1200374
:106B500038D803B0BDE8F08F2B4B2C4A47F81C3CCB
:106B6000002346E907232A4A47F820CC45E90723B2
:106B7000284A47F8103C44E90723274A46F820CC26
:106B800040E90723019A45F820CC47E9063E46E94B
:106B900005E345E905E344E905E340E905E341E9A7
:106BA00008CA41E9063E44F820CC40F820CC41F820
:106BB000103C08F1010842E908CB42E9063E42F8E0
:106BC000103CA6E743E9085643E9061743F8101CB2
:106BD0000132B9E707140020D42B0020B42B002089
:106BE000D42A0020942B0020342B0020142B0020CA
:106BF000F42A0020021400207C39002075A0010036
:106C0000542B0020BE820200553D0200593C020078
:106C1000116A010025840100F307020075E00100FC
:106C200035590100044B00F1100250F8041B43F8E1
:106C3000041B9042F9D170471A3F0020044B03F126
:106C4000100253F8041B40F8041B9342F9D170471B
:106C50001A3F0020F0B5071D0546002293B00C46F0
:106C6000384608211CF041FD6A7B0646D0070BD54B
:106C7000687808A91AF0FDF9DDF83D306B60DDF8A1
:106C800041307B6080B101E0910702D42D2013B028
:106C9000F0BDD20002F08002012138461AF0F0F96E
:106CA000FF286870F2D0E6B1192319466A7801A866
:106CB00018F069F89DF81C305B0604D50B484FF4BA
:106CC000C07118F051F8234603AD07AC2A4603CA39
:106CD000A24218605960154603F10803F6D100205E
:106CE000D5E708A91AF0C5F9CCE700BF835D02001B
:106CF0002DE9F04307468BB01D4888461646FFF73E
:106D00009DFF0025002D01AB194A0CBF36205C20E9
:106D10000024994612F8011B0134E4B24140102CC2
:106D200003F8011BF6D105A81DF098FA4A46214642
:106D300005A81DF097FABDB941463A4605A81DF0D1
:106D4000F8FA05AC32460DF1240C234603CB63451B
:106D5000106051601C4602F10802F6D115B10BB06B
:106D6000BDE8F0830125CDE732462146E6E700BFC6
:106D70004A3F00202DE9F04F99B0DFF8E880DDF8B8
:106D800090909DF88CB09DF8886088F800B0174608
:106D900082460C461D462022304B0F93002110A83E
:106DA0001AF0F7FD4F4504D02A46394648461AF0F6
:106DB000D6FD4FEA0B4303F47C1343F0A86343F47E
:106DC00080737819711B09EB050C6CB30DAACDE922
:106DD0000AB209EB060209920EAACDE907120D22AA
:106DE000CDE9051CCDE90350CDE900A21C4902976D
:106DF00010220FA8FBF7DAF907460FA81AF06DF971
:106E000017F1950F24D02FBB0E9B761BF6B29E4236
:106E100020D10CB398F800000D9B984214BF21209C
:106E2000002019B0BDE8F08F0EAACDE90912BA19F9
:106E3000CDE905120D22CDE90350CDE900A2CDE93F
:106E400007BC0749029710220FA8FBF771FAD3E796
:106E50002C20E6E72120E4E72046E2E7002480003A
:106E60004A3F002008140020F0B51B4B93B00026C9
:106E700007460C461546314620220AA8CDE908638C
:106E80001AF087FD08AB1022DFB1CDE90523CDE96B
:106E90000325CDE90164114B1149009609A8FBF7C0
:106EA000D5FB044609A81AF018F914B9089B102B51
:106EB00004D00C4840F23E2117F056FF002013B0DA
:106EC000F0BDCDE90323CDE90125044B044900942D
:106ED00009A8FBF73DFCE4E70024800000444004DF
:106EE0004A3F0020835D020030B5054689B06946FF
:106EF00019F00BFF6B8804ACABB1224629466846FB
:106F000019F07CFE0E4A08AD234603CBAB4210605D
:106F100051601C4602F10802F6D10948FFF782FED3
:106F2000002009B030BD064D6B461A4603CAA24286
:106F300028606960134605F10805F6D1EDE700BF4A
:106F40004A3F002050B10B4B0B4A03F1100153F89C
:106F5000040B42F8040B8B42F9D17047064B054AEB
:106F600003F1100153F8040B42F8040B8B42F9D1E2
:106F7000704700BF4A3F00202A3F002008B510227A
:106F800002481AF0ECFC002008BD00BF3A3F002088
:106F900008B50846102202491AF0E1FC002008BD9D
:106FA0003A3F0020F0B587B0054603A80C4613F021
:106FB00089FE0146002847D1BDF80C30980643D51C
:106FC000102220461AF0E5FC01A812F0EFFEB8B13D
:106FD0006E7B16F0020F05F1040706D0082201A906
:106FE00038461AF0ACFC00282CD101AB03CB46F09C
:106FF0000206686079606E73238843F0080323807B
:10700000238843F00203238012F0C6FA60601CF06C
:10701000BCFB30B10D4B1B68A360238843F0040315
:1070200023800B4B1A68D1035EBF238843F0100303
:107030002380130242BF238843F40063238000208F
:1070400007B0F0BD2D20FBE72420F9E7042C002039
:10705000082C0020014B01221A7070478F4000203D
:10706000034A136801331360024B1870704700BF66
:10707000A02C00206B3F002010B5054C206830B1DB
:107080001AF037F8236898422CBF0020012010BD69
:107090008C2C002070B5FCF727FC06460D46FCF74B
:1070A0003DFC094B1C68094B1B680246E41A30463C
:1070B0000023294601F05CFA054B064A204418607B
:1070C00013680133136070BDEC2C0020E82C002005
:1070D000E42C0020E02C002008B51AF018F848B184
:1070E000054B1B7803F0FF0023B1044B1878B0FA6E
:1070F00080F0400908BD00BF934000206A3F002097
:107100001A4A1B491368013313601A4B1A6802F0BC
:107110000F02072888541A6802F101021A60164B00
:10712000187004D1154A1368013313607047202882
:1071300018D006D8062811D0082809D0052809D06B
:107140007047252810D02C280AD0232804D0704757
:107150000B4AE8E70B4AE6E70B4AE4E70B4AE2E7AB
:107160000B4AE0E70B4ADEE70B4ADCE7002D002084
:107170006D3F0020C42C00206C3F0020C02C00205C
:10718000BC2C0020B82C0020B42C0020B02C0020F7
:10719000AC2C0020A82C0020A42C0020204A13682E
:1071A000022803F101032DE9F0410446136035D8AC
:1071B0001C4A13680133136019F09BFF0928054628
:1071C00012D85CBB184B01221A70184B1C70184B5C
:1071D0001C70184A136813B1EB1A022B1ED9164BF8
:1071E000156001221A7019E0012CDFF83C800F4F66
:1071F0000F4E0AD119F07DFF104B78301860002334
:1072000088F800403B703370E3E7012388F80030D2
:10721000022C4FF000033B703370DAD1BDE8F081EF
:107220009C2C0020942C00206A3F002093400020DA
:10723000693F0020902C0020683F00208C2C00200B
:1072400008B519F064FF28B9FFF716FF10B1024B1B
:1072500001221A7008BD00BF673F0020F8B5104D2D
:10726000D5F854310446D3B10E4E3378BBB10E4B32
:1072700014201F68FCF758FB0128A4EB070438BF53
:10728000012084420BDB09490A6801320A6008497F
:1072900000230A683370C5E9553301320A60F8BD2E
:1072A0002C310020823F0020F02C0020042D0020F3
:1072B000FC2C002070B5C4B01C46489B0D461146FE
:1072C0000BB12D4A13602D4A1368013313602C4B08
:1072D00018702C4B1D7000231A469EB2B44237D949
:1072E000042B30D1284BB4F5807F1A6029D8274A67
:1072F00013785E1C167021B300228DF808208DF8DB
:1073000009308DF80A0063BA22460DF10E008DF89F
:107310000B50ADF80C301AF050FB063402ABA4B29F
:10732000009301221A4B01944FF46F410920FEF79C
:1073300089FC01210846FEF7C5FC0021084618F02B
:10734000FBFE44B070BDCE5C013346EA0222C4E7C6
:107350000D4B1A600D4A13785E1C1670002CCAD1B2
:107360008DF808408DF809308DF80A008DF80B5023
:10737000ADF80C40D1E700BFC82C0020D02C002075
:107380007E3F00207D3F0020CC2C00207F3F00204E
:10739000F75D02002DE9F04186B0FCF7A5FA0E4634
:1073A0000746FCF7BBFA3D4B3D4D1A68B2F5803FEE
:1073B00036BF1A68FF22C2F307228DF80C201A6824
:1073C000B2F5803F36BF1B68FF23DBB28DF80D306E
:1073D000344B1A68B2F5803F36BF1A68FF22C2F3F9
:1073E00007228DF80E201A68B2F5803F36BF1B6861
:1073F000FF23DBB28DF80F302B4B1A68FF2A96BFA4
:107400001B68FF23DBB28DF81030284B1A68FF2A67
:1074100096BF1B68FF23DBB28DF81130244B1A682E
:10742000B2F5803F36BF1A68FF22C2F307228DF8FB
:1074300012201A68B2F5803F36BF1B68FF23DBB20B
:107440008DF813301B4B1B788DF8143080460123C8
:107450000A22294603A88DF815301AF070FAD0B127
:107460000024424623463846314601F081F8124B4B
:107470001A6882420FD83C30186003AB03CB1B88DC
:10748000286069602B8103AACDE900440A232146C4
:10749000CE20FFF70FFF06B0BDE8F081B02C002032
:1074A0005A3F0020AC2C0020A82C0020A42C002047
:1074B000A02C00206B3F00202C2C002070B50F4E1C
:1074C00017F0CCF8337804469BB917F0BCF80121CB
:1074D00005460846FBF7A8FD284617F0B8F8084A05
:1074E00001233370136801331360064B0222C3F883
:1074F00028242046BDE8704017F0B6B8813F002030
:107500000C2D002000A0004470B50D46044617F075
:10751000ACFC074B074E1860FFF7D0FF2544AC4288
:1075200000D170BD14F8011B304617F00DFAF6E7D4
:10753000F42C00200000014008B50B4BD3F81C24AC
:10754000C3F82424094A136801331360084A01234D
:107550001370084A137017F088FC074B1860BDE8D9
:107560000840FFF7ABBF00BF00A00040102D002077
:10757000853F0020843F0020F42C00202B4AF8B5E2
:1075800013682B4D2B4E013313602B691B0606D459
:1075900017F06BFC284B18600423AB64F8BD284639
:1075A00017F0CCF9044617F060FC244933880A68C8
:1075B00001320A60224A23491470234A10600F786E
:1075C000224A9BB217B300270F7021490C7054B1A7
:1075D000117869B10021552C117009D11D490A6833
:1075E00001320A6004E01C4F3968013139601278B9
:1075F0001A4A12889A1A92B2FF2A0DD9184A1368A9
:1076000001331360174B01221A70BEE7117800296D
:10761000EED0002CDED1EBE7DAB2134901338C5403
:1076200012499BB241F822003380AEE7202D0020A2
:10763000000001408A3D0020F42C0020242D002071
:10764000863F0020853F00201C2D0020843F002025
:107650000E140020142D0020182D0020883D00203D
:10766000F82C0020833F0020873F0020282D002099
:1076700038B5084B1860FCF737F905460C46FCF79F
:107680004DF9002302462146284600F071FF024BC7
:10769000186038BDEC2C0020E82C002038B5431EC3
:1076A000033312D8094C0A4B044420461D68FFF7E7
:1076B000DFFF084B084A1C6013680133136025B9CB
:1076C000BDE83840054800F043BC38BD80436D3804
:1076D000EC2C0020DC2C0020D82C00202C310020A9
:1076E000064A13681BB106490B6801330B6000237F
:1076F0001360044A1370FDF7A5B800BF8C2C00205E
:10770000842C0020673F00202DE9F74F1546234ABF
:10771000136810F0FB0F03F101030746884613605E
:1077200008D01F482B464246394603B0BDE8F04F0B
:1077300000F024BC052DF4D9DFF874B0194A8E1C72
:10774000A5F102097488337864BAA4B204F1040A7A
:10775000CA45E6D8CA2B15D1A4B1337912490B70AA
:10776000CBB1022B41F2707318BF4FF4FA63CBF820
:1077700000300023DBF800100C48CDE90033FCF7A3
:1077800045F9084AA9EB0404A4F10409B9F1030F6F
:107790005644D7D8C5E74FF47A73E8E7802C002029
:1077A0002C310020557000000D140020983300206B
:1077B000F410002070B5454B454A1A608AB0FFF7B7
:1077C0007DFE4448444DFDF739FE44480121F8F759
:1077D000A3FF43480121F8F79FFF0021084601233A
:1077E0000422FAF753F80023012211461846FAF74B
:1077F0004DF80FCD03AC0FC495E80700394D84E870
:10780000070003A9284617F05BF800240323AC67A0
:107810006B67EB6C43F00403EB64334E4FF480531F
:10782000336001250194009523462A4629462046C7
:10783000F9F7E8FF4FF4802333602C492C4800F01F
:1078400029FB42262A4800F063FB2A4B00960422BB
:107850002146284618F083FB274B05221870214645
:10786000264B0096284618F07AFB254B18703023DB
:107870000722214600932846224B18F070FB224B2A
:107880001870F8F78BFD03A92046F8F7ADFD1F4BE4
:1078900018601B682BB91E4B039A1A601D4B049A83
:1078A0001A6000242346CDE900441B4A1B4841F2DC
:1078B0007071FCF769F8CDE90044194A194823466C
:1078C0004FF4FA61FCF760F80AB070BD283100206F
:1078D000345E020087400020545E020000350A003A
:1078E000003204000000014000E100E0145E0200EC
:1078F0002C3100200D5E02000C140020005E0200FE
:107900000B140020FF5D02000A140020F01000207C
:107910007C2C0020782C002041720000582C002084
:1079200055700000983300202DE9F043A54AA64C7D
:107930001368A64FA64DA74E85B00133136017F00C
:10794000D3FFA54B1870A54819F020FDA44BC0B279
:107950001870A44819F0DAFD17F0C6FF431EDBB219
:10796000012B00F2B081022840F0898123681BB905
:1079700019F0BFFB206030B119F0BBFB2368C01ABF
:107980003B2840F27E81984B1A78002A40F096817D
:1079900017F06BFA3C68041B4FF4C870FBF7C4FF88
:1079A000A04200F27F812A88338892B29BB29A4229
:1079B00040F07881894B93F86232002B40F072815D
:1079C000FFF75AFB0446002840F06C81DFF88892EC
:1079D00016F044FE99F800300746BBB1834A0223F3
:1079E000C2F8243402F1C062C2F8283416F02BFE2B
:1079F000214680460120FBF717FB404616F027FE84
:107A00007B4A89F80040136801331360384616F04A
:107A10002BFE784B784F1A785AB100221A70774AA9
:107A20001368013313601CF09FF9754A012313702A
:107A30003B70DFF8288298F8003063B1704C2378EF
:107A40004BB119F064FB30B16E4B1B781BB10023B6
:107A500088F8003023703B7843B119F04AFB0446A4
:107A6000FFF70AFB002840F03381387017F03CFF25
:107A70000328654F40F0538119F03BFB3B680446F7
:107A8000002B40F045813860604B1A68A24209D84B
:107A90005F4A0A341C60136800210133012013601F
:107AA0001CF016F95B4A5C4B10681968884214D0C8
:107AB00012681A60594B5A4A1B78002B00F0328129
:107AC000584B1B78002B40F02D8113780133DBB22B
:107AD000022B137001D917F039F9534B1A7822B1E0
:107AE00000223E481A7000F033FA19F010FB08B972
:107AF0004E4B187019F00BFB002849D0FBF7F4FE31
:107B000007460C46FBF70AFF00230246214638468B
:107B100000F02EFD454B1F78044697B901222F48EF
:107B20001A7000F005FA424A13680133136003210A
:107B3000404A0523CC20CDE90077FFF7BBFBFFF7D8
:107B400029FCFFF727FC3C4B1A68A2421AD80F34D5
:107B50001C6002230024019303AB224600930A21F8
:107B6000364BADF80C402046FEF76CF80121084674
:107B7000FEF7A8F82146204618F0DEFA304A1368CE
:107B8000013313602F4B1B681D2B01D917F0DEF852
:107B90002D4F3B788BB116F061FD338800249BB2EA
:107BA0002B803C7016F060FD0C4B284AC3E955440D
:107BB000136801331360264B1C70264CDFF8A0803D
:107BC000064F4FE0542C0020482C0020F42C0020BD
:107BD000883D00208A3D0020091400202C3100201F
:107BE000663F00204C3100208F40002000A0004064
:107BF000082D0020683F0020673F0020982C0020BF
:107C0000693F0020934000203C2C0020382C0020AD
:107C1000882C0020BC330020342C00200F140020BE
:107C2000653F002092400020803F0020643F0020FC
:107C30004C2C0020F95D0200302C0020F75D020082
:107C4000D42C0020C0330020833F0020FC2C0020D7
:107C5000823F0020873F0020813F00206A3F0020B4
:107C6000282D00202A88338892B29BB29A425CD198
:107C700017F0FBF805B0BDE8F043FFF7EFBA0023BB
:107C80002360DFF8F08017F0F0F8D8F80030C31A5E
:107C9000002B044609DA17F0E8F84FF4C8703B6887
:107CA000FBF742FEFFF70AFCB3E6C820FBF73CFEF9
:107CB0002044C8F800000FF0C5F9ECE700221A7064
:107CC0000FF0C0F964E6254A002323601370E2E751
:107CD000DFF8A480D8F80030A3423FF6C7AE17F013
:107CE00003FE00287FF4C2AE05343870C8F80040A7
:107CF000FCF7A8FDFCF7B8FE194A1A4B106019688A
:107D000011B91168184A11601A6801321A60ADE69B
:107D1000C31A3B2B7FF6B8AE17F018F8B4E6002371
:107D20003B60BFE600231370D7E62B88DAB201333D
:107D3000A15C58F822908DF80C109BB248462B801D
:107D4000FFF78CFA012203A9384600F0E9F8074B47
:107D5000C3F80090064B01221A7083E78F40002081
:107D6000EC100020502C0020E8100020F02C002007
:107D7000823F0020442C0020402C0020A0F115035D
:107D8000DBB21C2B04D8064A42FA03F3DB0705D505
:107D9000363801288CBF0020012070470120704731
:107DA00006FFFFE7064B1B6810B433B15C6824B1D3
:107DB000DA6923465DF8044B18475DF8044B7047B9
:107DC000B8330020074B1B6813B54BB11C683CB19E
:107DD000DB69CDE900134388426841780078A04709
:107DE00002B010BDB8330020044B1B681BB19A6869
:107DF0000AB1D86910470020704700BFB83300208F
:107E000070B5044615461E4621B9FFF7B7FF08B105
:107E1000372C01D9002070BD2F2C0BD8152C1FD06A
:107E2000A4F11803042BF5D832462946204619F050
:107E3000D6F9F0E7303C072CECD801A353F824F036
:107E40006B7E0000757E0000157E0000157E000030
:107E5000157E0000157E00007F7E0000897E0000F8
:107E60003146284619F066F9D5E73146284619F01B
:107E700071F9D0E73146284619F094F9CBE731463D
:107E8000284619F018FAC6E73146284619F032FAA2
:107E9000C1E700BF70B54FF41B728AB00C460021D9
:107EA000064619F076FD0FCC35460FC594E80F0055
:107EB00085E80F000D4B1E60002304930C4B0093CC
:107EC0000C4B01930C4B02930C4B03930C4B0593FF
:107ED0000C4B06930C4B07930C4B694606F12000A4
:107EE000CDE9083619F0E8FB0AB070BDB8330020C0
:107EF000A57D0000E97D00006F130200C57D000034
:107F0000751302003F1302005713020063130200AF
:107F1000024B1860203019F023BB00BFB83300209B
:107F2000024B1860203019F0DABB00BFB8330020D4
:107F3000064B10B50446186019F01CFA28B104F17C
:107F40002000BDE8104019F008BB10BDB833002078
:107F5000094B10B50446186019F00CFA50B12034E2
:107F60002046002119F0EDFA20460321BDE810401B
:107F700019F0E7BA10BD00BFB83300202DE9F34176
:107F80001D46154B11F0FB070646144618601FD11D
:107F900019F0F0F9E0B1012D1AD9AB1E032B17D956
:107FA000A58894F80280E1786DBAADB22A1D9A4294
:107FB0000ED106342B4622464046FFF721FF38B14A
:107FC000009523463A46414606F1200019F0CDFAC5
:107FD00002B0BDE8F08100BFB83300201FB5002318
:107FE000CDE90033039355238DF8073004460C4B3D
:107FF000029308210DF1070019F0EDF98DF80F003B
:1080000064B1236853B11021684698472368102152
:1080100068469847236810216846984704B010BD09
:10802000AA0355AA2DE9F04FB1F80690B1F803B0B4
:1080300091F8058099FA99F5A7B0ABB203938369DB
:108040009BFA9BF604460F46B6B201F1080A1D469C
:1080500023B1436A039A51464046A847204619F087
:1080600047FAB8F1080F29D9A8F12003DAB20B2A90
:1080700006D9E369002B00F08C80616A40465FE01E
:108080000B2BF6D801A252F823F000BF8D8200001E
:108090007380000073800000118200009D81000049
:1080A000A1820000BB82000073800000738000008A
:1080B0007380000073800000BB820000B8F1080FDD
:1080C000D7D801A353F828F0ED8000000581000007
:1080D000498100005F81000073800000C1810000C1
:1080E0002D810000C9820000E5820000BBF1000F75
:1080F0004FD1CDF800B05B465A465946204619F09C
:108100009EF946E02369002B43D0B9F1000F40D01F
:10811000039A5244504612F8012C511E4A424A41D9
:108120000399013927B0BDE8F04F1847B9F5807FB2
:1081300002D13B7A102B2CD0E36953B3616A06203D
:1081400027B0BDE8F04F1847204619F03AF901234F
:1081500000938DF8180006AB02223146CEE70023CB
:108160008DF8183001230093032206AB31462046D8
:1081700019F065F9236A2BB1B9F1000F0CD0387AE8
:10818000616A9847204619F01CF90146204619F00B
:10819000D8F927B0BDE8F08FFF20F1E765680DB191
:1081A000A8470546A3680BB1984703462B441BBA62
:1081B0002ABA0793082306920093242206ABCCE741
:1081C00000270597B9F1000F08D120238DF813304F
:1081D0000123009305220DF11303BEE705AB0093C5
:1081E0000399102306AA504619F0F0F90028ECD0A4
:1081F0000DF11808059B9F4201D31023E6E7E368C1
:1082000013B1002140469847013708F10808F1E70B
:10821000039B042B07D820238DF8183001230093EB
:1082200006AB232299E707F1090019F0BAF83B7A67
:108230004FF00008012B8246CDF8148007D9202387
:108240008DF81330012300930DF11303E9E7B9F51D
:10825000A06FF4D0039B591F05AB009306AA10230F
:1082600089B207F10D0019F0B1F90028E7D006AF87
:10827000059B984501D31023E2E7E36813B151460B
:108280003846984708F101080837F1E7204619F009
:1082900098F80146204627B0BDE8F04F19F051B9D3
:1082A000204619F08EF8C31E58425841012300930E
:1082B0008DF8180006AB25224FE701238DF8183002
:1082C0000093424606AB48E706AA0399504619F0C8
:1082D000B3F90123C0F1030000938DF8140005AB3E
:1082E00007223AE7039B0B3B032B0FD8039B07F1B5
:1082F0000C00191F19F058F8C0F10300C0B2012397
:1083000000938DF8180006AB082226E70320F6E755
:1083100010B50A4C23680A2803F1010323600AD12F
:10832000072A08D90B7833B94B7823B98B7813B95E
:108330004868FFF7B3F9002010BD00BFCC33002020
:1083400010B50E489DF80C100368013303600C4B08
:1083500019700C4B49B90C4801240470196012B112
:108360000A4B52881A80002010BD18684FF6FE7123
:108370008842F4D819680131F0E700BFC433002007
:1083800010140020C033002093400020C2130020AE
:1083900010B5034610B90022104610BD016800292F
:1083A000F9D0154849880268144C01320260144A19
:1083B00001201070134AD87C1180134AB1F57C4F0C
:1083C00010709A7B227003D1002AE4D00122E3E7E7
:1083D000B1F56F4F0DD1002ADDD09A89197D9B68C8
:1083E0008A4286BF521A92B200221944FFF78CF9D2
:1083F000ECE71929D0D0CEE7C833002011140020B3
:1084000093400020C413002012140020912808B5C6
:108410000CD10B4B00221A7017F066FA28B918F02D
:1084200084FE10B1074B01221A7008BD9028FCD1C0
:10843000034B01221A70BDE80840FFF751B900BF95
:1084400093400020673F002030B40B4D2C6801346E
:108450002C600A4C20700A4C21700A490A700A4AA2
:108460001370012318B1094A137030BC7047084AD1
:10847000137030BCFFF734B9BC3300200F14002058
:10848000924000209140002090400020673F002053
:108490009340002038B5F8F7F3FC0E480E4D01214B
:1084A000F8F73AF90122012411461046F8F70AFCC0
:1084B000224621462046C5F88040F8F703FC2046B6
:1084C000C5F8844022462146F8F7FCFBC5F88840F1
:1084D000002038BD30253E0000400E401A4B07B545
:1084E00001225A641A6842F480721A6001A8F9F7EE
:1084F0005FFB9DF80530012B03D89DF80430022B5B
:108500000DD9124B4FF41872C3F88C22104AC3F8DD
:108510009022104AC3F8F0220F4AC3F8F822FAF763
:108520003BFAFAF7EBF9FAF7FFF9FFF7B3FF16F0AA
:10853000EAFBF7F733FFFAF76BFAF8F709F803B03D
:108540005DF804EBFAF73CBD00000E4000400E4021
:108550009A6F0500180100040084320808B502F083
:10856000CDF9024B00221A7008BD00BF94400020D4
:1085700053B94AB9002908BF00281CBF4FF0FF318A
:108580004FF0FF3000F06AB9ADF1080C6DE904CE90
:1085900000F006F8DDF804E0DDE9022304B07047DE
:1085A0002DE9F047089D0C46002B4ED194468C4592
:1085B0008646B2FA82F262D94AB1C2F120039140F2
:1085C00020FA03F30CFA02FC194300FA02FE4FEA08
:1085D0001C471FFA8CF6B1FBF7F44FEA1E4307FB6A
:1085E000141143EA014304FB06F199420AD91CEB3A
:1085F000030304F1FF3080F01381994240F21081AF
:10860000023C6344591A1FFA8EF3B1FBF7F007FBE3
:10861000101143EA014300FB06F69E420AD91CEB07
:10862000030300F1FF3180F0FD809E4240F2FA80AA
:10863000634402389B1B40EA044000211DB1D34033
:108640000022C5E90032BDE8F0878B4205D90DB1A3
:10865000C5E9000100210846F5E7B3FA83F10029D6
:1086600046D1A34202D39042C0F0F180861A64EB57
:1086700003030120002DE6D0C5E90063E3E7002AEB
:1086800040F09180A1EB0C044FEA1C481FFA8CF7D4
:108690000121B4FBF8F64FEA1E4308FB164443EAF7
:1086A000044307FB06F0984208D91CEB030306F1CC
:1086B000FF3402D2984200F2CE8026461C1A1FFADE
:1086C0008EF3B4FBF8F008FB104443EA044300FBCC
:1086D00007F79F4208D91CEB030300F1FF3402D2D5
:1086E0009F4200F2B1802046DB1B40EA0640A5E72E
:1086F000C1F120068B4022FA06F71F4320FA06FC40
:1087000004FA01F343EA0C03F44000FA01F8380CD0
:108710004FEA1349B4FBF0FE1FFA87FC00FB1E442E
:1087200049EA04440EFB0CF9A14502FA01F20AD908
:108730003C190EF1FF3A80F08580A14540F282801D
:10874000AEF1020E3C44A4EB09041FFA83F9B4FB1A
:10875000F0F300FB134449EA044403FB0CFCA4457A
:1087600007D93C1903F1FF3068D2A44566D9023B12
:108770003C4443EA0E40A0FB0293A4EB0C049C4251
:10878000CE469C4652D34FD055B1B8EB0E0364EBA6
:108790000C0404FA06F6CB40CC401E43C5E9006445
:1087A0000021BDE8F087C2F1200320FA03F10CFAA2
:1087B00002FC24FA03F394400C434FEA1C4800FAED
:1087C00002FE1FFA8CF7B3FBF8F008FB1031230C04
:1087D00043EA014300FB07F1994208D91CEB03036C
:1087E00000F1FF362CD299422AD9023863445B1A31
:1087F000A4B2B3FBF8F108FB113344EA034401FBD4
:1088000007F3A34208D91CEB040401F1FF3613D28D
:10881000A34211D902396444E41A41EA004138E71D
:108820000446EFE6084605E7C845ADD2B9EB020EAF
:1088300063EB070C0138A7E73146EDE7034698E7FD
:108840003046D4E7D6467EE7634402384CE7064616
:10885000234608460EE7023E63442FE7704700BFF9
:1088600008B5064B044613B10021AFF30080044B5A
:108870001B6803B19847204615F0A7FE00000000D2
:108880000C350020024B0146186800F033B800BFD9
:10889000F8100020014819F084B800BF954000206E
:1088A000014819F07FB800BF9540002070B50D4D0C
:1088B0000D4C641BA4100026A64209D10B4D0C4C94
:1088C0001CF07EFD641BA4100026A64205D170BDDD
:1088D00055F8043B98470136EEE755F8043B9847B6
:1088E0000136F2E75C1400205C1400205C140020C8
:1088F0006014002038B50546002941D051F8043CE9
:108900000C1F002BB8BFE418FFF7C4FF1D4A136803
:1089100033B9636014602846BDE83840FFF7C0BF34
:10892000A34208D9206821188B4201BF19685B68EF
:1089300009182160EDE71A465B680BB1A342FAD92A
:1089400011685018A0420BD120680144501883428E
:108950001160E0D118685B68536008441060DAE782
:1089600002D90C232B60D6E7206821188B4204BF64
:1089700019685B68636004BF091821605460CAE726
:1089800038BD00BFD03300202DE9F04F14469B4680
:10899000C36B87B005465B6960680E46012202A979
:1089A0009847EB6B01225B6903A93046984702A800
:1089B00019F0C1FB074648B10023A37563754FF05A
:1089C000FF33A360002007B0BDE8F08F03A819F0C3
:1089D000BFFB0123A375237E04EBC303DE611F8469
:1089E0006368B3420ED1206003A819F0D3FB4FF0A7
:1089F000FF332075A360237D043B022B25D8002381
:108A0000A375DFE723681A1A53425341A37503A8DD
:108A100019F0C0FB237D834218BFA77503A819F086
:108A20009BFB074602A819F097FB87421CBF002357
:108A3000A37503A819F098FB074602A819F094FB48
:108A400087421CBF0023A375D5E703A819F084FB58
:108A500080B1EB6B02225B6904A93046984704A8F9
:108A600019F089FB0346207D032839D8DFE800F0A0
:108A70003838040903A8F3E7237E04EBC303CC22B0
:108A80001A8401F037FC109B1870277E03A819F098
:108A900057FB04EBC70787F82200237E04EBC303D0
:108AA00003A8B3F8209093F8227019F055FB804684
:108AB00003A819F059FB8246B8F1000F15D0EB6BF3
:108AC00002225B6904A93046984704A819F018FBF4
:108AD0006075637D6BB90023A3754FF0000838E023
:108AE000227E04EBC2021384CBE703A819F0F3FA49
:108AF000EEE794F81680B8F1000FEED0B9F1000F50
:108B000009D1DFB10123E375637E002B4FD1012F23
:108B100042D1677614E06B6C06EB0A02594286EA92
:108B2000020008421CBF0021A175591E0A409B1A71
:108B30009945D0D8A37D002BE3D1CEE7E37D43B99F
:108B40004FF000084B4652463146284619F076F859
:108B5000A060A27D12B123694B4423611949237E91
:108B6000097899422AD901332376BBF1000F27D027
:108B700032B3E37D23B3B8F1000F21D1032F1FD00F
:108B8000A1684B1C1CD0109B009322460123284651
:108B9000FFF7FAFEA07513E095F8343063B9EB6A7D
:108BA0000133CFD1032FCDD10123A376C8E7012F05
:108BB000CFD0032FC4D1F7E79846C3E70023A375AE
:108BC000A07D00E7705402002DE9F04F8BB00E46F7
:108BD000044698464FF0FF310023104617468DF8A3
:108BE000133001F071FBB6F5801F3BD3B21C53D19B
:108BF000E56A6B1C57D1616A204618F065FF05468F
:108C0000B31C18BF0123DFF814910193636A626CEF
:108C10000293236802FB053AE36B05A95B69052211
:108C20005046984705A819F03FFB19F062FB5046E3
:108C300019F06AFB4FF0000B824601464B1C05D031
:108C4000636C81EA0A025B42134232D02946204615
:108C500018F03AFF029BAB424DD0BBF1000F4DD153
:108C60000546D3E7314605AA04F1080019F018FAC1
:108C70000146481C10D0384601F026FB0DF11303C5
:108C800001223946204619F054F828B19DF81330D6
:108C900088F80030002003E0237C002BA8D11D4879
:108CA0000BB0BDE8F08F2368ED1A636CB5FBF3F5EC
:108CB000A6E7484601F008FB0DF11303019A494667
:108CC000204619F036F8034690B1B21C03D0D9F80B
:108CD0000020B2420CD103930F4B9DF8132088F86B
:108CE000002049461A68384618F067FE039B9B46E9
:108CF000D9F80810A2E7BBF1000FD0D0B6F5801F5D
:108D0000C8D298F800307A68314604F1080001F0C2
:108D10001FFABFE70BE000F06C540200241D002096
:108D20002DE9F3410E461B4D816A044617469846CD
:108D3000E36A8B422AD04B1C18E0284601F0C4FAA3
:108D40000DF1070301222946204618F0F2FF30B149
:108D50009DF80720434629462046B847B0B1A96888
:108D60004A1C05D0012E0AD0E36A9942E5D10DE0F4
:108D70006968204618F035FF012E0146D8D16B688E
:108D800081EA0302636C5B421A42D1D002B0BDE8B3
:108D9000F08100BFF81C00202DE9F041036B07684B
:108DA0009046826B9A4288BF8363426C436A02FB9F
:108DB0000377C36B90B05B690E46052201A9044698
:108DC0003846984701A819F06FFA0128014630701B
:108DD00057D0656CE26B2368606AD2F814C005FB5B
:108DE0000030052206A9E04706A819F05DFA01281F
:108DF0004FF0000523D0D4E90A3201219342CDE996
:108E00000B458DF834800E958DF83C102AD119460B
:108E1000204618F0E6FE236B626CE06214339B1A66
:108E200023630C9B53B99DF83C303BB1626A616C83
:108E30002368E06B01FB023119F0EEF90C9DE36B46
:108E400005225B6901A93846984701A819F02CFA58
:108E50003070236BA26B28469A4288BFA36310B080
:108E6000BDE8F081237C33B91C490BAA04F108004A
:108E700001F0BEF9D5E71A4A0BAB2046FFF750FFC9
:108E8000CFE7237C23BB1749224604F1080001F0F9
:108E9000AFF9616A204618F038FE616A421C20462C
:108EA00018F001FE054620B9236B626C1344143B95
:108EB0002363A16A204618F094FE2368A062C01ABA
:108EC000636CB0FBF3F06062204618F0CDFEB6E7AD
:108ED000054A00232046FFF723FFDAE799980000B0
:108EE00015980000BB1D0200571D020073B50D460A
:108EF000D11E4A421C461B7E4A419A4226D129680D
:108F00002368994222D3636899421FD8114E0DF10C
:108F100007033246FFF758FEC0B972686B689A4281
:108F200014D19DF80730DA1E53425341227E9342FA
:108F30000CD1636901336361D4E90323934205D201
:108F4000A268296842F8231001332361012002B08E
:108F500070BD00BF501D00202DE9F04F8BB0DFF831
:108F600058B19A469DF850300293DBF810305345C3
:108F700080460D461646C0F09980DBF80430019318
:108F8000D146B9F1000F00F08D80D8F83C3001983F
:108F90005B69012207A9984707A819F0D9F8DBF8FF
:108FA0000030984240F0858007A819F0DDF80428C9
:108FB000074614D107A819F0DEF8019B029A04466F
:108FC0003B44002A3FD1864212D9361A14460199F1
:108FD000404618F006FEA9EB04090190D1E7D8F845
:108FE0003C3001985B69022208A9984708A8E2E78B
:108FF000841B544528BF5446032C03EB0607AAEBF9
:10900000040A4FEA94021CD9D8F83C3029465B691F
:109010003846984724F0030304F003061F441D4418
:10902000002ED4D0D8F83C3001225B6908A938461C
:1090300098473246284608A9354418F0BEFC002659
:10904000C5E72646ECE700F00302039203442A1822
:10905000074604920593049BDD1B059BD81B039BCD
:109060009F420FD1002FB2D0D8F83C30012208A97E
:109070005B6998473A4608A9284618F060FC78B919
:109080003D44A4E7D8F83C30012208A95B69984721
:10909000042208A9284618F052FC08B9043FDAE770
:1090A000DFF8189048460BB0BDE8F08FDFF810905D
:1090B000F8E7DFF81090F5E77C1D002012E000F0E3
:1090C00011E000F022E000F02DE9F0410F4688B0F9
:1090D00016469846044660B390F83450FDB101211D
:1090E00018F0B7FC0E9BCDF80480CDE902379DF84F
:1090F0003C308DF81C30237C04960021CDE905110D
:109100008BB90D4901AA04F1080001F071F8DDE9FD
:109110000553E06B002E08BF1D4618F05CFE284684
:1091200008B0BDE8F081054A01AB2046FFF7F8FD25
:10913000EDE70546F3E700BF851D0200ED8E000058
:109140007FB590F84260019204460DF10B030A4688
:109150003046124918F047FE012EE36B054619D13F
:109160005B69324603A998479DF80B10039B019A4F
:1091700059B19BB243EA02430393E36B9B6901221B
:1091800003A92846984704B070BD1B0C1B0492B27B
:109190001343F1E79B69012201A9F3E77C1D00203D
:1091A0002DE9F04F99B00F4609920A69416C0E9370
:1091B0001439D31DB3FBF1F3013302EBC302036B8C
:1091C00093420446C0F00D820023DFF820940D93F3
:1091D000E36A07931946484601F076F8D7E9033663
:1091E00004930E9B022B4ED1CC2E40F08A81099B1A
:1091F000002B42D03946204618F04CFE656C079A89
:1092000014906B1E1340ED1AE36B78685B690122C2
:1092100016A9984716A818F09FFF00280CBF042332
:109220000823782E06933DD90123002505934FF09E
:10923000080A3B6805990E98C9F80030C9F8106013
:1092400018F0ACFF4FEA9A031093DDF81CB089F8D0
:10925000140000230B930F9308930C93616C4A1E28
:109260000BEA02028B1A002E38D05544AB4240D88C
:10927000236B5B1A13442363ABE0049B1B681493BA
:1092800008230693D0E7656C079A6B1E1340782E6F
:10929000A5EB030516D8FB7D7BB9099B002BB3D149
:1092A00004230693331DAB4210D9A6B1082DBBD8B9
:1092B000042500230593AA46BBE7099B002BA3D1F5
:1092C0000823EEE7099B002B9ED1D9E700250595E1
:1092D0004FF0040AADE704250596F9E75345C7D3D7
:1092E0000BEB0A030393B046089B002B18BF032324
:1092F00013E0A3EB0A039E42B0460BEB0A0228BF21
:1093000098469E420392EFD9D9F810200123964245
:1093100089F8173071D1C9F804B0089399F817305B
:10932000002B6CD099F818200899D31C09EBC303C3
:109330000132C3F804B0A3F80880997289F81820A4
:10934000B8F1000F14D00E9B022B5BD10B9B7BB9A5
:109350000F9B4344032B0BD9E36B03989B690122BA
:1093600014A998470546002840F03D8101230B933E
:10937000089B0193059B009399F814203968434694
:1093800016A800F057FFE36B109A9B6916A9584680
:109390009847051E0D9B18BF5B460D9352464346EA
:1093A0005946204618F04AFC236BC9F8080008F11A
:1093B0000302A3EB0A0322F003029B1A2363002D8E
:1093C00040F011810F9BDDF80CB04344A6EB08067A
:1093D0000F935946204618F004FC00258346002EC2
:1093E0007FF43CAF814A39689368E36252680E9B10
:1093F00004F1080000F0ACFEDEE002238DE7C9F8BE
:1094000004B09DE7099B002B30D1049BB8F1030FFA
:1094100043440A9327D9E36BDDE903019B694FEAD3
:10942000980298470546002865D118F003025FD0DE
:10943000049B28F003052B440493039B1D444FF029
:10944000FF330499159315A818F0B7FAE36B284673
:109450009B69012215A998470A9B04930546002D94
:1094600086D0039B99E7039D4246E8E7039B0A9356
:1094700007F120031193FB7D78689BB13D7E0C9A28
:109480000023D9B28D4211D9119931F8331091428C
:1094900003F1010C26D907EBC3030699D8690A44E6
:1094A000104403E00C9B069A13441844E36B01221A
:1094B0005B6915A99847159B13930C9B0A98043375
:1094C0000C93E36B01229B6913A99847039B0A9AAB
:1094D00043449B1A042B054607D978B91346043335
:1094E0000A93C8E7521A6346CBE70A9B0393B6E791
:1094F0000A9B04933CE70A9B0493B2E70A9B0393FD
:10950000AFE73B4E04F1080303932368079A606CAE
:10951000A2EB030ABAFBF0FA00FB0A3018F0F4FEE3
:10952000E16A8046204618F05CFBA26A82424AD07B
:10953000626CD9F808302568E062511E0B40216B3F
:10954000891A0B4423630D9B5D1BB5FBF2F5AA45FD
:1095500036D1079BB3EB080A12D0E36B4FEA9A02AD
:109560009B6941469847E36A079A5344E362236B39
:109570009B1A434483462363039818F061FDDA463F
:109580002368616CE06B01FB053118F032FE204668
:1095900018F06AFA204618F067FB2063BAF1000F52
:1095A00011D03A69616CD31D1439B3FBF1F3013367
:1095B00002EBC3029042A8D2304619B0BDE8F08F4A
:1095C0004FF0000ADCE73A69616CD31D1439B3FB34
:1095D000F1F3013302EBC302236B9342BFF4F8AD06
:1095E000EAE7044EE8E72E468CE700BF241D002082
:1095F00023E000F006E000F02DE9F3471E46436942
:109600009DF82890B3420446884617463DD300256E
:109610008DF80750204618F0F3F9D4F830A08245B1
:109620000AD2236AB5EB430F06D200220DF10701DF
:109630002046FFF7B1FB30B39DF80730012B05D171
:1096400000220DF107012046FFF7A6FBB9F1030F39
:1096500006D03146204618F0BEF9256B854218D356
:109660000D4D4FF0FF31284600F02EFE4B460022F4
:1096700029462046C5E90376C5F8008002B0BDE85A
:10968000F047FFF78DBD0135C4E7044802B0BDE8DF
:10969000F0870348FAE700BF501D00200FE000F0FC
:1096A00006E000F02DE9F04790F8426086B0012E08
:1096B00005460391A1EB020715D1B7F5807F28BFBE
:1096C00003264FF06408DFF848A100244FF6FF7925
:1096D00095F84230012B14BF322364239C420AD3F5
:1096E0005FFA88F415E0B7F5803F34BF0126022603
:1096F0004FF03208E7E705AB22465146284618F0FE
:10970000A7FB95F84230012B059B34D14B452DD159
:10971000E4B295F84230012B0CBF64223222121BB6
:10972000B24217D3012E39D10022012B05978DF8B3
:10973000132027D1082205A90DF1130018F03BFDD5
:109740009DF81330059A42EA032221462846FFF786
:10975000F7FC40B102232E4900930968CC2303AAE9
:109760002846FFF749FF06B0BDE8F087DBB203B932
:1097700002340134ACE7591CCAD09BB2002BF8D19B
:109780000134F6E7102205A90DF1130018F013FDBE
:109790009DF81330059A42EA0342D6E7039A0592F0
:1097A000012B23D10823202205A90DF113008DF8E8
:1097B000133018F000FD9DF81320120221462846B0
:1097C000FFF7BEFC95F84230611C012BC9B21AD1DB
:1097D0000028BFD1BDF814202846FFF7B1FC0028AF
:1097E000B8D10234BDF81620E1B2AFE71023202231
:1097F00005A90DF113008DF8133018F0DCFC9DF86D
:1098000013201204DAE70028A4D1059A9EE700BFCE
:109810007C1D0020032A2DE9F34106460D4617461C
:109820001C4606D1237A012B23D0012002B0BDE8CB
:10983000F081DFF8608009680DF107034246FFF709
:10984000C3F960600028EDD19DF80720237A032A30
:10985000E8D0D8F804106A689142E3D1012B296955
:10986000D4F80CC007D172690CEB0103934202D902
:109870002074207CDAE708316144E1603B46012234
:1098800029463046FFF78CFC60600028CAD00020D3
:10989000CCE700BF501D00202DE9F341089C032AAE
:1098A0002668174606D1237A012B24D0012002B066
:1098B000BDE8F081DFF890800DF1070342463046A5
:1098C000FFF782F960600028EDD12568D8F8040020
:1098D000A96AD5F844C0227A4840CCF10003184068
:1098E000E1D1012A09D1E268D8F810301344726935
:1098F000934202D92074207CD9E72868EB6A1B1AAE
:10990000081AB3FBFCF3B0FBFCF083420BD1706C84
:10991000F36A421E1340326B121A13443363284613
:1099200018F05FF9E862D8F81020E368064920686B
:1099300008321344E36001223B46FFF731FC6060CC
:109940000028B0D00020B2E7501D00202DE9F04FD4
:109950004FF0FF334FF6FF72002500F10806C0E913
:10996000092387B00446C3620562056330460F468B
:1099700018F066FB204618F077F828BB20463946D9
:1099800018F0F2F8204618F06FF828BB8A4D2046F0
:1099900018F09DF9ECE0E26B2368606CD2F814C01B
:1099A00001A9052200FB0530E04701A818F07CFC66
:1099B000012828D12946204618F0A7F8421C29463C
:1099C000204618F070F80135E3699D42E3D3204644
:1099D00018F04AF80028D1D000254FF6FF73C4E9EB
:1099E00008534FF0FF39CA46A846E369984514D397
:1099F000A5EB0905012D37D8636A4FF6FF72934234
:109A000047D16E4DC3E718F079FC0028DBD029461A
:109A1000204618F07AF80246D1E72368E26B606CC2
:109A2000576901A9052200FB0830B84701A818F0C2
:109A30003BFC834601A818F00EFC0746584618F078
:109A400058FC70B15745236A38BFC4F82480B94523
:109A500003F1010328BFB946BD42236238BF3D462A
:109A6000BA4608F10108C0E74FF6FF7363620025AC
:109A7000E3699D42C0D2676C2068E36B05225B6995
:109A800001A907FB0500984701A818F0E4FB013580
:109A9000EEE7E26B676C2068556901A9052207FBB8
:109AA0000300A84701A818F0D6FB626A2368606C1F
:109AB000434D00FB023018F027FC4FF0FF33A0624B
:109AC000E3622A460DF103036FF001012046FFF720
:109AD0007BF8002850D1AD68E5622946204617F092
:109AE0009FFF206320B9E16A204618F07AF8E0620F
:109AF0002946204618F075F80546A36A9D423DD1D7
:109B00006569626CE91C143A2046B1FBF2F105EB81
:109B1000C1050335B5FBF2F518F0D9F80235A842B6
:109B200080463DD2616A204617F0CEFF00270646E8
:109B300004F1400A474512D3626C236802FB0639E0
:109B4000E36B05225B6901A94846984701A818F014
:109B500082FB534602464946E06B18F0D7FB31467C
:109B6000204617F0B1FF0137AF420646E2D3154D4C
:109B7000284607B0BDE8F08FA56AADE72946204624
:109B800017F04EFF236B0344294607462363204604
:109B900018F027F80546002FAFD1C4E90B07ACE752
:109BA000304618F04DFA0023074A19462046FFF7C1
:109BB000B7F80025EBE600BF03E000F016E000F088
:109BC000501D002013E000F0211D0200634A002315
:109BD0002DE9F041176813600E46044618B9604D30
:109BE0002846BDE8F08190F834500DB3096802684A
:109BF000914240F0AA8071684268914240F0A5808D
:109C0000B1688268914240F0A080F168C2689142D8
:109C100040F09B8031694269914240F09680B16981
:109C2000C26B914240F09180726982611D46D7E714
:109C300050222946D0F8388017F0ABFE33682360F5
:109C400073686360336963617369A361D6E9021263
:109C500004F10800C4F8388018F004FAB369E3632B
:109C600004F140009B68984794F8432020B1E561D7
:109C7000002AB4D03B4DB3E7656C002DF7D0666881
:109C8000B6FBF5F3E361002AA9D0B542F2D8226809
:109C9000B2FBF5F105FB1122002A58D105FB136335
:109CA000002B54D1204617F0ABFEA36904330344C4
:109CB0009E424ED3636940F63472CC3B93424AD8FD
:109CC000B5F5007FD6D30321204617F0C2FEE36B23
:109CD000D4E900011B689847E36B0546DB68022066
:109CE00098471DB1002384F834301EE039462046E1
:109CF000FFF72CFE1C4B9842054604D139462046FE
:109D0000FFF724FE0546636C143B002DEAD1226A5E
:109D1000204602FB03F617F073FEA36904330344E5
:109D20009E4206D284F83450104DE06B18F053F880
:109D300056E70F4A012384F834301368D4E9000150
:109D40000133136014F079FCEFE70A4D48E70A4D40
:109D500046E7064D44E7094D42E700BF14350020B1
:109D600009E000F004E000F013E000F002E000F091
:109D70001035002008E000F001E000F005E000F000
:109D80002DE9FF410F4690461E46054698B390F8D0
:109D9000343093B3B1F5801F31D21A4C022117F041
:109DA00058FE22460DF10F0339462846FEF70CFFF8
:109DB000024678B10123009342463346394628468D
:109DC000FFF71AFC0446E86B18F005F8204604B0CB
:109DD000BDE8F0819DF80F30012BEBD12169B14234
:109DE000E8D10093414633462846FFF7B5F80446CC
:109DF0000028DFD1E7E7044CE8E7044CE6E7044C31
:109E0000E4E700BF7C1D002009E000F007E000F05F
:109E10000AE000F02DE9FF410C4616461F460546B4
:109E200088B390F8343083B3B1F5801F2FD2DFF8B8
:109E30007C80012117F00DFE21460DF10F034246F3
:109E40002846FEF7C1FE044670B99DF80F30012B7D
:109E500011D1D8F81030BB4213D1009002463146E0
:109E60002846FFF779F80446E86B17F0B4FF204660
:109E700004B0BDE8F081074C074A022B08BF144626
:109E8000F2E7064CF0E7064CF1E7064CEFE7064C2C
:109E9000EDE700BF0BE000F00CE000F011E000F097
:109EA00009E000F007E000F00AE000F07C1D00206F
:109EB00070B586B00E4603920546A0B390F83430D4
:109EC0009BB3B1F5801F32D2022117F0C2FD194AAF
:109ED0000DF1170331462846FEF776FE044618B901
:109EE0009DF81730032B0ED10223009303AACC2335
:109EF00031462846FFF780FB0446E86B17F06BFFFE
:109F0000204606B070BD022B0BD10A49284617F037
:109F1000C1FF039981420246EFD02846FFF7C2FBFA
:109F2000EAE7054CE9E7054CEAE7054CE8E7054CAC
:109F3000E6E700BF7C1D00200DE000F009E000F026
:109F400007E000F00AE000F073B50C46164605463F
:109F500030B390F834302BB3B1F5801F24D20121F7
:109F600017F077FD2146114A0DF107032846FEF749
:109F70002BFE044680B99DF80730032B0CD0022B32
:109F80000CD10A49284617F085FF3060E86B17F0BE
:109F900022FF204602B070BD054CF7E7054CF5E7FF
:109FA000054CF6E7054CF4E7054CF2E77C1D002074
:109FB0000BE000F00DE000F009E000F007E000F039
:109FC0000AE000F0F7B50C461646054668B390F86F
:109FD000343063B3B1F5801F2BD2022117F039FD65
:109FE000154A0DF1070321462846FEF7EDFDC0B9DD
:109FF0009DF80730032B14D0022B14D10E492846AC
:10A0000017F048FF471C024639462846FFF74AFB2F
:10A01000044606B13760E86B17F0DDFE204603B05A
:10A02000F0BD064CF7E7064CF5E7064CF6E7064CA4
:10A03000F4E7064CF2E700BF7C1D00200BE000F0C7
:10A040000DE000F009E000F007E000F00AE000F0A9
:10A050002DE9F3411F4600230C4616463B6005469A
:10A0600050B390F834304BB3B1F5801F28D2DFF8ED
:10A070006480012117F0EDFC21460DF107034246F3
:10A080002846FEF7A1FD0446A0B99DF80730032B32
:10A0900010D0022B0AD10123336004233B60E86B0C
:10A0A00017F099FE204602B0BDE8F081D8F81030D4
:10A0B0003060F3E7034CF2E7034CF3E7034CF1E7BE
:10A0C000034CEFE70BE000F009E000F007E000F0E0
:10A0D0000AE000F07C1D002030B50C4685B0054636
:10A0E00028B390F8343023B3B1F5801F23D2022176
:10A0F00017F0AFFC0DF10F03104A21462846FEF77A
:10A1000063FD034688B99DF80F20032A0DD0032272
:10A110000092214602462846FFF76EFA0446E86B95
:10A1200017F059FE204605B030BD054CF7E7054C49
:10A13000F8E7054CF6E7054CF4E700BF7C1D00206E
:10A140000BE000F009E000F007E000F00AE000F0AA
:10A150002DE9F04346688EB3056898464FF0000C31
:10A16000A946AE4655F83C40C4F3130701340CF140
:10A17000010C01D0B94218D066450EF1080EF1D19C
:10A180002F46002403E0A64207F1080713D055F834
:10A190003430013304F10104F5D1C1F3130141EA74
:10A1A0000851C7E90012BDE8F08341EA0851CEE941
:10A1B0000012BDE8F083B8F1030F03D1012303724D
:10A1C000BDE8F083002303E09E4209F10809F5D0C1
:10A1D00055F83340C4F30754032C03F10103F3D1C2
:10A1E000C1F3130343EA0853C9E90032BDE8F08321
:10A1F0002DE9F043476883B0CFB1064688469146C3
:10A200000024336853F83450C5F30752C5F31301E3
:10A21000013503EBC403304604F1010405D05B684B
:10A22000CDF80090C04710B17768BC42E9D303B0C5
:10A23000BDE8F08373B5044622489DF81850012A02
:10A2400000EAC11123F07C4007D9961E012E28D9BF
:10A25000073303F07F03194308E09DF81C30DB0649
:10A260000A4303F0C053134343F060410023C4E9A1
:10A2700000108DF80730B5B1202221460DF10700FE
:10A2800017F099FF1A220DF10700211D17F093FF17
:10A2900063689DF8072043EA82636360082002B088
:10A2A00070BD1143E2E71B220DF10700214617F0B4
:10A2B00082FF23689DF8072043EAC26323600420DD
:10A2C000EDE700BF80FFFF0738B5094B04461A6869
:10A2D0000D46002117F05DFB00234FF0FF32238372
:10A2E000C4E900252361A260E382A37638BD00BFE4
:10A2F0006C5402000138C0B205289ABF014B185CAB
:10A3000001207047705E02002DE9F0410E46596849
:10A3100088B007461546490A0024012922464FEA1B
:10A32000510104F10104F8D8DC7899781B882403E2
:10A33000C90201F4006104F480540C43C3F30A031E
:10A340005203234492B29C18284B03934FF0000809
:10A3500025F0784302A90DF107001B2202938DF826
:10A36000078017F028FF9DF80720029B8DF80780D3
:10A37000ED4343EAC26302A90DF1070025F07845D9
:10A380001B220493029517F016FF9DF80720029BED
:10A390006FEA044443EAC26305936FEA14444FF042
:10A3A000FF3306930794BB6907A9012206F1100049
:10A3B0009847BB6905A90446012206F108009847A1
:10A3C000BB69404518BF044604A90122301D9847C7
:10A3D000BB69404518BF0446012203A9304698478F
:10A3E000404508BF204608B0BDE8F08101009AB2A0
:10A3F000431E033306D8044B984228BF18466428EE
:10A4000038BF6420704700BF40420F00F8B50546D2
:10A4100014F019F90F4B1E68074626B9384614F098
:10A4200016F9344611E0B4688CB194F810C01CF0F1
:10A43000010F0CD195E80F004CF0010C84E80F00DF
:10A4400084F810C0384614F002F92046F8BD36688A
:10A45000E3E700BF4C11002038B505460C4641B17A
:10A460000B6833B11B68013303D0CB680BB18B6829
:10A470004BB918F0DAF8BDE838404FF49272412138
:10A48000002000F0BBB9084600F008FC0023044A95
:10A4900085F8DC30C5E92343C2E9003338BD00BF8D
:10A4A000B814002010B5044618B9054B054A1360CE
:10A4B00010BD03F08BFFD4F89830002BF6D1F4E7F1
:10A4C0004123020048110020014B1868704700BF6B
:10A4D000B814002010B50C4603F0B6FF054B002160
:10A4E0005B68032098471CB105F0B4F80128FBD144
:10A4F00010BD00BF5411002008B502460868FFF7E0
:10A5000077FF08604868FFF773FF48608868FFF7C7
:10A510006FFF8860C868FFF76BFF0B69C860581C45
:10A5200003D00B48834228BF03460B614B69581C7C
:10A5300003D00748834228BF034688694B61FFF771
:10A5400057FFBDE808408861104604F0D9BD00BF40
:10A5500040420F002DE9F84FD0F8903006460F46E4
:10A5600013B1038B8B4244D0D6F88CB0BBF1000FF3
:10A5700042D0DBF80830002B3ED0DBF80C1000296D
:10A580003AD0D6F8A0A0BAF1000F38D04FF00009A9
:10A590004D46C84601E0DBF8083005EBC50203EB89
:10A5A00082040135E389BB4214D8238ABB4230467A
:10A5B00010D3B4F91220B6F924309342A04653DDEB
:10A5C00096F8D010F7F788FB337D834281464BD94C
:10A5D000DBF80C108D42DED3B8F1000F3ED0002323
:10A5E000424619463046D0473783C6F8908086F8F1
:10A5F000D9900020BDE8F88F0320BDE8F88FD14640
:10A600005446524647F6FF7504EBC40803EB88082E
:10A61000B8F80E30BB421BD8B8F81030BB4217D385
:10A62000B8F91220AA4207D14FF0FF093783C6F8C4
:10A63000908086F8D990DCE796F8D0103046F7F78E
:10A640004BFB337D834281464246EFD9DBF80C1049
:10A650000134A14204D9DBF80830D5E70120C9E76D
:10A66000002AFBD09046E1E7A046B8E72DE9F04785
:10A6700082B004468946164604F0BAFF3B4D08B145
:10A6800000236B602B68D4F88CA0D4F890700BB1C9
:10A6900053454BD04FF00008C5F8089004F0DAFF9E
:10A6A000012836D12B68DAF800103A6813B118681F
:10A6B000884246D0204618F0E2F9C5E900A7D4F850
:10A6C000A0508DF80760002D42D000220DF1070345
:10A6D00011462046A847204604F0E4F90546B8F1A3
:10A6E000000F00D08EB1B5FA85F040F2DE3240099D
:10A6F000332100F083F83146204604F0B3FB1C4BB5
:10A7000005461B68394620469847284602B0BDE8F2
:10A71000F087012003F098FE164B00215B680320B0
:10A72000984704F097FF0128FBD1BBE76B68002B2B
:10A73000B0D0BB42AED1AB68994514D04FF0010800
:10A74000AAE7696811B109689142B6D05968B1E7C2
:10A75000217D94F8D930994228BF194632462046C7
:10A7600004F074F9B7E70025CFE700BFB814002064
:10A770004811002054110020F8B505460E4613F08C
:10A7800062FF314607462846FFF7E4FE044620B143
:10A79000384613F05CFF2046F8BD04F00BFF22465C
:10A7A00031462846FFF762FF04460028F0D195F9AC
:10A7B0001030002BECDA284618F03CFA0028E7D0DD
:10A7C0002246A97D284618F087F90446E0E700BF35
:10A7D00013B50446694617F090FE204618F0B0F80D
:10A7E000FF28024606D09DF800102046F7F7F4FA3D
:10A7F00002B010BD0048FBE70080FFFF08B550B96C
:10A800000548064B01601A60054B1A68054B1A6033
:10A81000186806F053FD08BD501100201C350020BB
:10A82000EC350020183500202DE9F0411B4A8AB094
:10A8300001AC05460B4602F1200C27461068516812
:10A84000264603C6083262453446F7D1002B08BFBE
:10A850003B4610683060002703F10C061C46384662
:10A8600090B95FFA87F821884246284618F07BF9AC
:10A8700050B9E1884246284618F086F920B9424688
:10A880003146284618F092F90137032F06F10806E1
:10A8900004F10204E4D10AB0BDE8F0818C5E02004C
:10A8A000F0B589B005460E4618F08FF9044600BB96
:10A8B00006F10C070FCF01AC0FC497E8070084E83E
:10A8C000070001A92846FFF717FE311D284618F09A
:10A8D000E4F9044648B90849284604F0D3FB044685
:10A8E00018B9284604F03EFF044631682846FFF7B1
:10A8F0009BFF204609B0F0BD845E0200014917F0BD
:10A9000062BE00BF35F7000070B5164E03283378DD
:10A9100004460D461ED023FA04F202F00102AA42B8
:10A920001DD053B10122A24023EA0203A5402B43CC
:10A93000DBB233704BB1012070BD2DB10A4B012049
:10A940001B6898473378EDE73570074B00201B688C
:10A950009847F0E79A07DED003F0FC03E9E7002010
:10A9600070BD00BF964000205C35002038B504461D
:10A970000D4604F0B1FF60B104F050FE48B9012D5E
:10A9800007D8012018F0CAF80D4B1B6823B15B688B
:10A9900098470C4B1C7038BD14F067FA0A4B1A68C4
:10A9A000801A1860F9F76AF8084B1B684FF47A723E
:10A9B00002FB003017F005FE012004F037FEE8E747
:10A9C000DC350020141400205435002058350020B8
:10A9D000F8B5124F05460C4613F035FE3B78064697
:10A9E00033B1012D04D01CB90D48F8F7EBFE3C70D3
:10A9F00021462846FFF788FF0A4B1B7804463BB9DF
:10AA00003B782BB918F05DF810B1074B1B689847DD
:10AA1000304613F01CFE2046F8BD00BF97400020D2
:10AA2000303500209640002054110020054A0B4686
:10AA3000117831B100211170034A18785268012150
:10AA4000104770479740002054110020124B0239E4
:10AA5000012910B518701ED804F03EFFD8B104F0DB
:10AA6000DDFDC0B104F0ACFBA8B90C4B1C6834B1DF
:10AA700023689847BDE81040002018F04FB817F041
:10AA80009EFD074B186014F0F0F9064B1860204645
:10AA900004F0CCFDEEE710BD14140020DC350020DE
:10AAA000583500205435002038B5044680B113F0E5
:10AAB000CAFD012104460846F8F7B6FA0121084606
:10AAC0000A4A14F084F92046BDE8384013F0BFBDAF
:10AAD00013F0B9FD214605460120F8F7A5FA01203B
:10AAE000024A214614F073F92846EDE7B05E0200F1
:10AAF000F0B5324D85B013F0A6FD2B78044623B196
:10AB00002F48F8F75FFE00284AD1F8F707FF02AA9E
:10AB100003A917F0C0FF0346002832D017F0CFFF7B
:10AB2000029B98421ED10020264B03991B68264E9B
:10AB30009942307021D9C91A00270123CDE9007745
:10AB40001F482B70214A334614F06BF900282FD18F
:10AB50001F4A1378D90717D4204613F078FD002038
:10AB600005B0F0BD17F0A9FF029B98421ED0154B0F
:10AB7000154A1B680393002010700121FFF7C4FEE3
:10AB8000EAE720462B70E8E731780029E4D103F0AA
:10AB9000FE031370002BDFD10E4B1B689847DBE7D9
:10ABA000204613F054FD032005B0F0BD0220BBE7A2
:10ABB000032320462F703370F3E700BF9740002037
:10ABC0003035002050350020131400202DAA00003D
:10ABD000964000205C35002038B5134D13F033FD4E
:10ABE0002B780446C3B9114A11491370114B124A0C
:10ABF0001A601248124A5A60F8F790FA114912483E
:10AC0000F8F78CFA114B124A1A60124B1B68124B60
:10AC100002221A6001232B70AFF30080204613F04C
:10AC200016FD002038BD00BF98400020974000204E
:10AC3000B85E020054110020F1AA00002035002067
:10AC4000D1A90000C05E0200283500205C3500203C
:10AC5000A9AA000000300E4050350020431C08D047
:10AC6000044AD2F83C311B0C1B0480B20343C2F8E7
:10AC70003C3170470040084030B5074B85B00C466A
:10AC8000D3F8C05000950022694617F0BAFC0CB109
:10AC900000B9256005B030BD0081E00F054BD3F849
:10ACA000B400431C14BFC0F380700120A6223121E0
:10ACB000FFF7A4BD0081E00F034B1A689B88026078
:10ACC00083800020704700BFC61300200F4B06286A
:10ACD000D3F8883104D183F40013C3F34050704794
:10ACE000022805D113F4400F0CBF0120002070474B
:10ACF00050B9074AD2F8D40010F0010005D083F40F
:10AD00008003C3F3805070470020704700400E401E
:10AD10000081E00F0C4A5288B2F5E16F94BFC8225F
:10AD20005A2210B594BF7824502490428CBF172229
:10AD300010220A70054A0346107818B19C422CBFB5
:10AD40000020012010BD00BFC613002018140020F1
:10AD500013B5234B1B780E2B04463ED00DF1070193
:10AD6000FFF7D8FF1E2C8CBF1E4C1F4C9DF80730E0
:10AD70004FF001028CBF01210021C4F8082170B1FD
:10AD8000194A4DF60174C2F804411B0202F1007227
:10AD900043F44043C2F80431144AA2F8D430134AB1
:10ADA000134C92F8D83023F00103034323F002033D
:10ADB00043EA4103DBB282F8D83024786CB923F03F
:10ADC000040343EA800323F00803B2F8D440A2F856
:10ADD000D64043EAC10382F8D83002B010BD00BFAC
:10ADE000C61300200040084600400844001F002110
:10ADF0009B400020084B094AD3F88831DB4303F419
:10AE0000FE1343F40053B3FA83F30E33A3EB43135F
:10AE1000013B1370704700BF00400E401714002024
:10AE200002280CD0062802D020B100207047054B24
:10AE300018787047034B18780430C0B27047072069
:10AE4000704700BF171400202DE9F7433A4E3B4FDF
:10AE500096F8009015463A4AD2F8C820B9F1020F88
:10AE60000446884607EA02071AD147EA006788F8CD
:10AE70000000002372882B60B2F5E16F94BFC822F6
:10AE80005A2227F47F57944227F008079ABF380ABE
:10AE900000F47F5043F6C870384303B0BDE8F08338
:10AEA000284A1278904228BF144604EB83030B70A3
:10AEB000F4B1013CE4B24FF030632B606A4601A963
:10AEC000204617F0D7FBDDE9002347EA03671E4B56
:10AED00098F800101B7847EA823747F47F5747F00D
:10AEE00008073BB90029194B18BF4FF07F43C1E752
:10AEF000164BE2E7164B1748B9F1060F08BF034699
:10AF00002AB90029114B18BF4FF07F43B2E7B2FABC
:10AF100082F2C2F11F02D2B29B5CDBB239B15A1E7F
:10AF2000D2B2FD2A05D81B0643F00403A2E7074B63
:10AF3000A0E74FF07F439DE7C61300203F00C0E02D
:10AF4000001F0021171400209C4000200400000B6B
:10AF5000B883E00FB083E00F2DE9F3410446C82029
:10AF6000FFF7F6FE2B4B2C4E18780E2801D0FF2C45
:10AF700005D1FF243470204602B0BDE8F0810228DC
:10AF80002DD1072C204628BF072001284FF00003B1
:10AF900001AA0DF1030138BF0120FFF755FF054657
:10AFA0001E4B1F4FDDF80480C3F85881C7F8C85006
:10AFB0009DF8034034702046FFF7CAFE194A4FEA55
:10AFC000082303F4E063127843EA1863A7F8D0304B
:10AFD000002AD0D1C7F8CC50A7F8D230CBE7A0B91F
:10AFE000052C32BF002701270420201A3B4601AA66
:10AFF0000DF10301C0B2FFF727FF4FF480030546B0
:10B0000037B1094AC2F80831CAE700273846ECE7E9
:10B01000064AF7E7C6130020191400200040084034
:10B02000001F00219B4000200040084600400844CB
:10B0300008B501F0C1FA094B094A002818BF1A46A1
:10B04000136823F47F115B0803F4FE130B431360B2
:10B05000044B4FF00072DA6108BD00BF00410840A8
:10B06000184108400040084008B501F0A5FA064B19
:10B070004FF4001228B1C3F800214FF000621A62A9
:10B0800008BDC3F81821F8E700400844014B1868D0
:10B09000704700BF60350020436C012B38BF01238F
:10B0A0002DE9F0479A46464B464F9B69464E474D21
:10B0B00003F4E073A3F5C072804645485142514104
:10B0C00002685245434A0FD114788C420CD198F84B
:10B0D000D0C03C78A44507D198F815C03478A44571
:10B0E00002D1A888BDE8F087B3F5C07FC0F800A002
:10B0F00011704AD1D8F8944024B12368082B58D94C
:10B1000094F838400F21204617F096FABAFA8AF3DD
:10B11000002852D0B0FA80F29B1A002BC6BFD8404C
:10B12000C3F10F094FF00F09504501D909F1FF395B
:10B13000234B2004C3F8BC0003F1806340F6FF7288
:10B14000C3F8B82003F100734FEA0921C3F8B8101F
:10B1500017F0A3FAA88000F02BFF09F01F094FF4A5
:10B16000FA7304FA09F45C4341F66A03B0FBF3F0A6
:10B170000A23B4FBF0F45C43174B1C6098F8D03002
:10B180003B7098F815303370ABE798F8D030062B49
:10B1900006D1124B1B78002B0CBF9624C824B1E7B4
:10B1A000022B08D00D4B1B78002B0CBFB424F024CD
:10B1B000A8E70024A6E73224A4E74FF00F09B7E779
:10B1C000006008401614002015140020C61300204B
:10B1D0005C1100209E400020603500209C40002033
:10B1E00070B506460C46154617F024FD58B3F27CA0
:10B1F000D31E012B1ED9112A03D81D4BD340DB07C8
:10B2000018D41C4B1C4AC3F8502103F100730022D0
:10B21000C3F850210025174B40F2F712C3F8502114
:10B220002B01164A03F4F87305F007052B43C2F807
:10B2300050311AE00F4B104AC3F8502103F100734C
:10B240004FF44402E4E7FF2C0DD00A4B0A4AC3F83E
:10B25000502123042405094A03F4E02304F0F87480
:10B260002343C2F85031FF2DD5D1002070BD00BF5F
:10B2700084F60300004008440000F701004008463F
:10B28000F8B5134B134E1F68134D384601F080F983
:10B290003378C4B2A34201D12B78A3B1092C14D8BE
:10B2A0000E4B012C195D05D10D4B1B78022B01D1E2
:10B2B00041F0400101F00F0238460909FFF790FF05
:10B2C000002334702B700020F8BD0024FA21F1E730
:10B2D000EC3500209A40002099400020C85E020012
:10B2E000C613002038B5044600F00AFE14220021DF
:10B2F0002E4816F04EFB2E4B25781A782D49521BFE
:10B3000018BF01220A7022681A60C820A2889A8099
:10B31000FFF71EFD284BD3F8C820284BFF211970DA
:10B32000274B2849062D03EA0203274A1AD14FF476
:10B33000EE40C2F824014FF48A42C1F824210122D0
:10B3400043F08043C1F820211B4AC2F8C8301E4B8D
:10B350000322C3F85821FFF793FF1C4B01221A70F8
:10B36000002038BD022D4FF007000ED1C2F80C01AD
:10B370000620C1F80C011649C2F808114FF44041EB
:10B3800043F00303C2F80411DEE7C2F80C01052004
:10B39000C1F80C01C020C2F8080143F080438122AB
:10B3A00043F00403C1F80821CEE700BFC81F002105
:10B3B000C613002099400020001F0021191400200E
:10B3C0002800C0A000400846004008449D400020DE
:10B3D000C1004000014B1870704700BF9C40002026
:10B3E00073B5264B044618780E2841D0FF2C42D066
:10B3F00000283AD1052C32BF002301230420201A53
:10B4000001AA0DF10301C0B2FFF71EFD1C4EC6F8E4
:10B41000CC00019A96F8D850130203F4E06343EA93
:10B420001263A6F8D2309DF803400DF102012046C8
:10B43000FFF770FC05F0FB051E2C45EA800594BF64
:10B440000023012325F0080545EAC30586F8D850F6
:10B450009DF802200B4B43EA0223A6F8D6300123C5
:10B46000094A2046137002B070BD00231846C6E793
:10B470000023FF24F4E70023F2E700BFC6130020F7
:10B48000001F002100C0FFFF9B400020104A114B0D
:10B4900000201870D2F8C830C2F8CC30B2F8D030E2
:10B4A000A2F8D230B2F8D430A2F8D63092F8D83020
:10B4B00003F0FB03990001F004010B4303F0F703D1
:10B4C000990001F008010B4382F8D830704700BFA3
:10B4D000001F00219B4000202DE9F0472D4C2E4BF2
:10B4E000236000F065FD4FF4FA7307464FF47A7657
:10B4F000B0FBF6F629482A4A7343190E1B021818A6
:10B5000041F100010023FDF733F8A0F580730546F3
:10B51000A36220B966222B21FFF770F901254FF4B1
:10B520007A726A434FF0000A534650083102FDF721
:10B530001FF81C4B19601C4BB7F57A7F4FEA056862
:10B540008946044618604FEA152505D276222B213C
:10B550005046FFF753F901264FF47A73A8FB030115
:10B5600003FB05117308C01841F1000100233246A6
:10B57000FCF7FEFF0D4B023419600D4B49F1000939
:10B58000A408186044EA8974024B013C1C63BDE8BE
:10B59000F08700BF005008400211010020A1070001
:10B5A00040420F00703500206C35002068350020C7
:10B5B00064350020044B4FF00052C3F880211A601C
:10B5C000024B01225A60704700E100E00050084041
:10B5D000074B4FF00052C3F88021C3F88020BFF31F
:10B5E0004F8FBFF36F8F034B04225A60704700BF29
:10B5F00000E100E00050084010B50446A242A2EB72
:10B600000000A3EB010104D2034B1B6B0133184470
:10B61000013901F0030110BD0050084038B50201A6
:10B620000A4B01259D500A4A4FF4807383405366AC
:10B63000044613F008F8074A1378A54023EA0503E7
:10B640001370BDE8384013F002B800BF0051084441
:10B65000005008409F4000202DE9F0471546044661
:10B6600088461E4612F0EFFF022D00F0B880074614
:10B6700012F0F4FF6C4B6D4AD3F8189092F815A0B5
:10B68000DA6D5FFA8AFA520744BFD3F818900AF1CC
:10B69000010A12F0E9FF664B664A1B6811684FEA1F
:10B6A0008A7CA3FB093213F1004301FB09CCD8F8D3
:10B6B00000304CEB020C012D04BF01336344ACEBB2
:10B6C000030C08BFC8F80030BCF1804F0AF0030A31
:10B6D000C0F09880584AD2F800C0584AD2F800E02A
:10B6E000514A23F04041106B4FF000480022ECFB20
:10B6F00001820EFB012282424FEA937381BF013324
:10B700000130121A03F00303A3EB0A03914588BF2B
:10B710004549DFF848C184BF096B03F1FF3303F0EB
:10B7200003030CF80430A2EB0900A3B1F10742BFF8
:10B73000434B41F61F71D966B30742BF404B4149A5
:10B74000D966710742BF384B00211967330742BFE2
:10B75000354B00211965344B04F1100103EB041E35
:10B760000901CEF80C2111225A5037499A694FF03D
:10B77000010EA2EB090A0EFA04F8D3F85C900A78DD
:10B780005FFA88F848EA020282450A7026D34FF42D
:10B790008072A24019EA020F20D11CF80400002890
:10B7A0003FD10DB3F0071A6608D5254B274941F65E
:10B7B0001F7240F20110DA66C866DA66B10706D574
:10B7C0001F4B22491F4A2248DA66C866DA667207AA
:10B7D00042BF204B01229A60330719D4384612F039
:10B7E00036FF0120BDE8F0871B48240140F804E043
:10B7F0005A6612F028FF14490B7823EA08030B70ED
:10B8000012F025FF384612F022FF0020BDE8F08735
:10B81000212000F0B9FA044B4FF480325A603846C8
:10B82000DDE71A663846DAE700500840A835002000
:10B8300064350020683500206C350020703500200C
:10B840000050084400001F1F9F4000200050084681
:10B85000000001010040084000510844A0400020C1
:10B86000024B1878003818BF012070479F40002015
:10B870001030034B0001185800F00100704700BF62
:10B88000005008401030044B01F46001000141F009
:10B8900003011950704700BF0050084038B512F03E
:10B8A000DDFE084B084A9D69547DDA6D520748BF9A
:10B8B0009D69E4B248BF013412F0D6FE284604F078
:10B8C000030138BD00500840A835002038B50B4BA7
:10B8D00003EB001210300001D2F80C411D58FFF7A5
:10B8E000DDFFAB0706D5844200D90139204601F0BF
:10B8F000030138BD844238BF0131F7E700500840EA
:10B9000070B5184CE66B26BB202000F03DFA164BB4
:10B9100010251D6002F0DCFA144B8022C3F8802150
:10B9200001F082FC38B132460020082102F088FC88
:10B930000F4B65669D660F4A536803F07063B3F161
:10B94000807FF9D9074B0C4ADA6641F201421A6747
:10B9500070BD01F069FC0028F4D0054A074B63660E
:10B960009366EFE7005008400040084600E100E021
:10B970000050084600400840011B0118100000025A
:10B9800008B5212000F000FA024B4FF480325A60D3
:10B9900008BD00BF0050084008B5222000F0F4F9AF
:10B9A000024B4FF480225A6008BD00BF005008408F
:10B9B000064B1B68434303EB8171054B1B68A3FBDC
:10B9C000003013F1004341EB000070476835002060
:10B9D000643500200D4A10B5146820F0404301463C
:10B9E0004FF000420020E4FB0320094A126802FBEA
:10B9F0000300084B1B6B98424FEA917104D9013345
:10BA00000131C01A01F0030110BD00BF6C350020E8
:10BA10007035002000500840F8B5064603F0FEFDE2
:10BA2000044608B1FFF7D4FD084D094F00232B61F0
:10BA300030466B61AB617B75FFF7CCFFC9B279759E
:10BA4000A8610CB1FFF7B6FD0020F8BD005008401A
:10BA5000A83500202DE9F041224F0646386820F431
:10BA6000700040F4A00038609DF81C401D1E9DF839
:10BA700018304FEA042444EA036444EA021408BF7D
:10BA8000002144EA05440C43FC64D7F82C80B8F547
:10BA9000803F40F2B5224FF018012CBF002001205A
:10BAA000FEF7ACFEC7F83880CDB10F4BB468D3F8C1
:10BAB0008030412C38BF41245B0606D500F02CFBBA
:10BAC00018B10A4BB3FBF0F31C442046FFF782FF8A
:10BAD00001308045034B3ABF0022DA63D863BDE8EA
:10BAE000F08100BF005008400070084000093D0090
:10BAF000F8B5184DAB691B04044626D500F0F2FBDF
:10BB0000AB6913F0787FA0FB04464FEA9367C3F359
:10BB10004450C3F3044505D140F25E422B21FEF7A9
:10BB20006DFE0120AD01B5FBF0F010EB871005D1E3
:10BB300040F263422B21FEF761FE01200246002302
:10BB400020463146FCF714FDF8BD00F0E5FAA0FBF5
:10BB50000401F9E70070084030B50C4C02460120A2
:10BB6000A0F12003C0F1200524FA05F504FA03F33F
:10BB70002B4304FA00F595428B4100D330BD0F28CA
:10BB800001D00130ECE7FF20F8E700BF40420F0092
:10BB900010B50C46FFF7ACFFC30943EA4163C01A76
:10BBA00061EBD111FFF7D8FFFF2814D00C4B0F2207
:10BBB000C3F8802003F1007340F01000C3F8800048
:10BBC00003F17A439B69DBB2802B06D02046BDE8A7
:10BBD000104000F073BB012010BD0220FCE700BF45
:10BBE000007008443B4B082270B501210546C3F89C
:10BBF000C8203948394CF4F78FFD394B1D70237834
:10BC0000013B012B0CD8237CE07B01229A400C21C4
:10BC1000302313FB001303F1884303F520431A601C
:10BC2000304B00225A677DB92F4A4FF6FF71D1671A
:10BC300002F10072F821D1675D672C4B4FF0804212
:10BC4000C3F89420002070BD636853B300F0B0F9CE
:10BC5000626800EB5203B3FBF2F3013B1B0243F0BB
:10BC6000F80326782049224A022E1CD0032E1D48B4
:10BC70004FF6FF7521D0012E27D143F00203CD6787
:10BC8000D36707234367237CE07B01229A400C2182
:10BC9000302313FB001303F18C4303F520431A6098
:10BCA00011E0F823DDE743F001034FF6FF70C867AA
:10BCB000D3670C4B05225A67E5E743F00503CD67D0
:10BCC000D367012343670B4BB8E7CD67D3670023E6
:10BCD000F8E700BF00400E4600350A00743500202A
:10BCE000A54000200000084000000844004008442F
:10BCF0000000084600400846F8B5064604460FCE48
:10BD00001C4F3D460FC533682B601B4B1B48082258
:10BD1000C3F8C8200121F4F7FFFC194A0023536738
:10BD2000A37BE17A1B0443EA0123217A0B43936747
:10BD30003B78032B1BD8DFE803F01402080E617B6D
:10BD4000207B00230422F5F7A1FD217CE07B00236A
:10BD50000422F5F79BFDA17A607A01230422F5F70E
:10BD600095FD084B1878BDE8F840FFF73BBF012070
:10BD7000F8BD00BF7435002000400E4600350A00B3
:10BD800000000840A5400020044BD3F89430002B5D
:10BD9000BCBF034BC3F88000704700BF00400840A1
:10BDA0000000084008B5074B1B681A68064B920054
:10BDB00019684FF0045015F000FEBDE8084000F08F
:10BDC0003DBF00BF883500208C35002007B501A895
:10BDD000F5F7EEFE134B144AC3F8442148F2E6721D
:10BDE000C3F838214FF40862C3F834210F4AC3F86E
:10BDF000A0200F4A4AF63F41916002F580424FF081
:10BE0000C07191620022C3F8FC200A4AC3F89C204A
:10BE1000094B7F225A6203F1007323225A6203B056
:10BE20005DF804FB00400840C0E653517A27000F3C
:10BE300000300840806D630300300844064B1B78D7
:10BE40003BB1064B064A1A60064B074A1A600020AF
:10BE500070470220704700BFA64000208C350020AC
:10BE6000005F020088350020FC5E020038B51B4BE5
:10BE70000022C3F88820C3F88C20C3F89020184A09
:10BE80004FF400715162174A0121D1605A6812F0D3
:10BE9000706FC2F30365F9D14FF00452DA671249AB
:10BEA000124C0122C3F880201966227012F05FFD47
:10BEB0000F4B2570186820B10E4B1868003818BF5A
:10BEC000012040F27E525421FEF798FC0A4B1B6879
:10BED00098470A4B0122DA6038BD00BF0040084095
:10BEE0000000084000400846A01F0021A640002096
:10BEF0008C35002088350020601100200040084467
:10BF0000034BFD22C3F8C8200122C3F8CC207047A0
:10BF100000400E4638B5FFF7F3FF1B4B1B481C4C87
:10BF20001C490222C3F8C8201B4B1A6842B102EA1E
:10BF30000005A54204BF5D68156008338B42F4D14B
:10BF4000164B0222C3F8C820154B164AD3F83C11F1
:10BF50001160154AC3F8942000F0CCFBFFF736FFC0
:10BF6000124B0322C3F8D820A3F500530122C3F8D3
:10BF700094204FF46072DA604FF04072C3F8F820FA
:10BF8000C3F8102138BD00BF00400E460000FFFF7F
:10BF900000000840B081E00F0080E00F00400E4438
:10BFA00000400840641100200048F000006008468E
:10BFB00008B5F4F767FA044BD3F81031C3F308233C
:10BFC0000133B0FBF3F008BD00400E4070B50446ED
:10BFD00018B1284D2268531C00D170BDC2F3006314
:10BFE000110C35F8130011F0FE0F93B243EA004331
:10BFF000606818D00434CAB2022A216808D9D4E98A
:10C000000160033AC3E9001698600C340C33F3E77F
:10C0100004D16268C3E900120834DBE7012AD9D1F0
:10C0200004341960D6E7120F072AF5D8DFE802F0CA
:10C030000704090D1013181DC04303F18063186035
:10C04000EAE71A6842401A60E6E703F1C063F6E7E0
:10C0500016F051FBE0E70122824003F1C063F2E7F2
:10C060000122824003F18063EDE71A6830EA0202A0
:10C07000FBD1D1E7DA5E0200024B0122C3F8942023
:10C08000704700BF00400846024B0122C3F89420CD
:10C09000704700BF00400844024B4022C3F8942080
:10C0A000704700BF00400844024B4022C3F8942070
:10C0B000704700BF0040084608B50C4B1B68D3F81A
:10C0C000943023B11A68022A01D9186A08BDFFF713
:10C0D0006FFF074B1B6D024698B20028F6D0C3F3E2
:10C0E0000743D2085343B3FBF0F0EFE7EC350020F1
:10C0F00000600840064B5B68C3F30363984206D1B7
:10C10000044A536B23F0F00343EA01115163704773
:10C1100000400840001F00211F4B1B68D3F89430DB
:10C1200070B52BB11A680A2A02D91C6C204670BD62
:10C130001A4DAA6D6B6DC2F34544C2F3CD010134B3
:10C14000C3F3441601FB0444C3F3822103F01F032D
:10C1500006FB01335C4302F00702114B9B5C5C431E
:10C16000640004D0FFF724FF7043B0FBF4F4D5F86B
:10C17000E430190505D513F0FF021CBFE401B4FB40
:10C18000F2F41A01D2D5C3F30A43002BCED0A40295
:10C19000B4FBF3F4CAE700BFEC35002000600840B0
:10C1A000D25E020010B50446FFF786FF104AD2F8AF
:10C1B00030311B040F4B1B6C03F4C05348BF4008C5
:10C1C000B3F5805F0ABF136BC4F30113C3F341637C
:10C1D000022B05D0032B09D0012B00D1400810BD44
:10C1E000C4F3C4240134B0FBF4F0F8E78008F6E7A8
:10C1F00000600840000008402DE9F0470E4616F0A8
:10C2000064FADFF8B090DFF8B0A08046002512F0A5
:10C210001AFAD9F80430C3F30363012B07460BD194
:10C22000711C1AD016F051FAA0EB0805384612F02E
:10C230000EFAAE42EBD80DE0052BF1D00B2BEFD070
:10C24000023B012B0CD9013602D016F03EFA3846DB
:10C2500012F0FDF91648BDE8F08712F0F8F9D6E7BC
:10C26000DAF808301A04C3F389140FD4013602D067
:10C2700016F02BFA384612F0EAF924B2A4F1C800FD
:10C280006FF4FF739842B8BF1846E4E7731C03D0FD
:10C2900016F01BFAA0EB08056FEA84546FEA945479
:10C2A000384612F0D4F914F5007FC2D0E6E700BF9B
:10C2B00000FEFFFF004008400070084010F1800FB2
:10C2C00004D04D28DABF323040B27F20044BFF2229
:10C2D0009A6103F10073C0B298610020704700BFFB
:10C2E000007008440B4B0C499A6D70B502F00702C0
:10C2F0009E6D8C5C9D6DFFF75BFEC6F3CD0606FB65
:10C300000444C5F3454505FB04448001B0FBF4F04B
:10C3100070BD00BF00600840D25E0200084910B541
:10C32000D1F8703140B11C464A68D1F870319C4256
:10C33000F9D1C2F30362027003F00F0010BD00BF19
:10C3400000400840094BD3F8883001F0800103F425
:10C3500080030B4309D1064B4FF400129A61837F8F
:10C360001BB1044B0122C3F8F8207047004008407D
:10C3700000600844006008462DE9F0411F4CDFF8DA
:10C380009080069F0646A2FB03502C1960F1000E18
:10C390009C46A0454FF0000373EB0E0E07D24FF4FE
:10C3A000B4720E211846FEF729FA02201BE000297C
:10C3B000FBD0C6F3130601EB5C04B4FBFCF4A4FB56
:10C3C0000646E40C44EA46340D4E34600D4C2260BF
:10C3D0000D4A914209D10D4AA5FB025302FB0033DD
:10C3E0009B093B600020BDE8F081C4040A46E804D4
:10C3F00044EA5531FCF7BCF83860F3E700C9E87649
:10C40000903500209435002000F049020A3BB2DF4D
:10C410000046C32338B5164D2B780C4623B9154B6F
:10C420001B6D03F03F032B70134BD3F894305B0567
:10C430001CD5124BB0FBF3F040F24D534343A3F530
:10C4400046430C3B584300F5C91000F5556028B928
:10C4500040F21B322B21FEF7D1F901202B78084A3C
:10C460005343B3FBF0F30020236038BD0220FCE708
:10C47000AA400020003008400040084000366E010D
:10C480008096980070B5374C374B256B374C1B683E
:10C490002468ED024CBF1B191B1BB3F1804F04D85D
:10C4A000002B3AD1324E1C460AE0B3FA83F4314EE7
:10C4B000C4F10204E340304DAB4201D901345B08C2
:10C4C00003EB5605B5FBF6F52C4EB34234BF002600
:10C4D00001262403013D44EA86242C430C60D8B194
:10C4E000B3FBF0F1642400FB11336343984288BF2F
:10C4F00001F1FF314808013801390728204D214C4E
:10C500004FEA510311D9002129700621C4F8941073
:10C510001B0243EA0013136070BDB3FA83F4D4F135
:10C520000204134EC6D50024C5E71029EBD068B12C
:10C53000012129700621C4F89410134909780029B3
:10C54000E6D012490224C1F89440E1E7012914BF62
:10C550000121002129704FF00601C4F89410ECD19C
:10C56000D6E700BF00300840943500209035002009
:10C57000E0673500C0CF6A003FBE4025401B5F1317
:10C58000A740002000400844A84000200040084682
:10C59000084B5B6B03F00700C3F3C20213F0380FC4
:10C5A00018BF5043C3F3821213F4E07F18BF504307
:10C5B000704700BF00300840034BD3F8380180F0CB
:10C5C0001000C0F30010704700400840174B4FF4B4
:10C5D000002210B5C3F89420154C164BB0F1804FD3
:10C5E00088BF1C46144BDA6CD2071DD51B6F134A4B
:10C5F00004F5F42404F59074B4FBF2F4033CE4B2C3
:10C6000003F00703A34202D02046F5F771F80C4B64
:10C610001B784BB10B4B4FF47022C3F8942003F1FD
:10C6200000732404C3F8944010BD00BF00400846C6
:10C63000E0673500C0CF6A0000300E4040420F0076
:10C64000A9400020004008447FB50446F3F756FF98
:10C650001C4B06462C3358680093A3792268314658
:10C66000FFF78AFE054648BBA379012B14BF164984
:10C6700016491022C1F83821206815495843FFF7A0
:10C68000C9FE03AA02A93046FFF7FCFE0F4A43F693
:10C69000FF53C2F8A4300C4B0299C3F8A4104FF416
:10C6A000EE611163039A1A632068FFF78FFF094B4D
:10C6B000A2881A6203F5405300229A63284604B008
:10C6C00070BD00BF003008400040084600400844EC
:10C6D000503008400000084008B5044B01221A7091
:10C6E000034B1868FFF772FF002008BDA940002027
:10C6F00094350020024B4FF48062C3F894207047B9
:10C70000004008460D4BD3F80421D3F8B030D2B224
:10C71000FF2A03D043F30743591C01D19022192368
:10C72000074903EBD37302EB6302022381F8423023
:10C73000232381F8432081F8413070470081E00FC6
:10C74000001F0021044A5368C3F30363022B04BF94
:10C7500080239360002070470040084040B1036888
:10C76000012B05D90069034B002808BF1846704704
:10C7700000487047E05E020070B504461F480D4651
:10C78000FFF728F91E4BD3F8306116F400464FEA44
:10C79000C01015D000F574431A4C1B4A2433B3FB68
:10C7A000F2F32B60194B00EB5400B0FBF4F068601F
:10C7B0005B68D9020AD5002406B10334AC6070BDB1
:10C7C000002CEFD1114B5B68D802F7D4104B0F4906
:10C7D0001B68D1F8A820C3F3810312F4806403F12D
:10C7E000010309D1D2B2FF2AE6D0D1F8AC2052051C
:10C7F00048BF04EBC304DFE7DC00F3E740420F006F
:10C800000060084020A1070048E80100000008403F
:10C8100000200840084B1A68C117A2FB000310F162
:10C82000807002FB013343F10003400E40EAC31065
:10C83000803820EAE07070479C350020174B0722B3
:10C8400070B5C3F88420FFF7B3FB154B154A164E9D
:10C85000C408010B0546E005C01841F100010023A2
:10C86000FBF786FE114B18604EF66020FFF7D2FFF3
:10C870004042C6F89C000E48FFF7ACF8024658B19B
:10C88000E301500818184FEA15714FF0000341F109
:10C890000001FBF76DFE706770BD00BF00400840EF
:10C8A000B2E60E0065CD1D00001F00219C35002062
:10C8B00040420F002DE9F047064608469846FFF72C
:10C8C0004DFF15460746002E00F0B08018F0050F0A
:10C8D00063D03469002C00F0AB80FEF7D7FB4FF437
:10C8E0007A735C43201A7B68A0F6AC50C01AFFF73D
:10C8F00091FFB48B6862002C00F09D80FEF7C6FBB0
:10C900004FF47A735C43201A7B68A0F6AC50C01ACF
:10C91000FFF780FFA861614BF468D3F80090DFF85F
:10C920008CA1002C00F0B080FEF7B0FB4FF47A73BE
:10C930005C43241A7B68A4F6AC54E41A99F81130CD
:10C94000053B012B7AD8DAF80020A4F53E44EB3CF5
:10C95000E117A4FB023402FB014413F1807144F19E
:10C960000000490E41EAC0118039E9614C49A2FB3F
:10C9700001219B1A64EB010413F1807344F100045C
:10C980005B0E43EAC413803B2B62B469FEF77EFB67
:10C990000146204615F0FAFE286318F0020F29D050
:10C9A00073684FF47A7058435BB13B6803F51C53CE
:10C9B00010331844B37F002B46F2A81308BF00239E
:10C9C0001844FFF727FF7369E862002B5FD078688F
:10C9D0004FF47A7202FB0300B37FA0F50350002BE3
:10C9E000A0F1100046F2A81308BF0023C01AFFF7F9
:10C9F00011FFA86218F0040F18D0B068002849D0C1
:10CA00004FF47A735843A0F503501038FFF702FF34
:10CA1000286133684FF47A70584323B13B6803F5BB
:10CA20001C5310331844FFF7F5FE6861BDE8F0872A
:10CA30004CF250305BE74CF2503069E73B68E41A47
:10CA4000DAF80020E117A2FB044314F1807402FB22
:10CA5000013343F10003640E44EAC314803C114BDC
:10CA6000EC61114CD3F884302B622368002B8CD0FE
:10CA7000484616F075F8002887D02368D9F8480092
:10CA80002A463946984780E74CF25034D8E747F2B7
:10CA90003050ACE747F23050B8E700BFEC3500202B
:10CAA000101B0200001F0021983500209C3500203B
:10CAB000E0B5074608461E46154615F00DFE7B7C80
:10CAC000053B012B06440DD80C4B4BF6EB61002DBA
:10CAD00018BF19464FF4FA720A44094892FBF0F065
:10CAE0003044E0BD074B084AD3F8F800FFF736FEA4
:10CAF00001680029A8BF4FF4FA72EDE7FBD90200E4
:10CB000018FCFFFF001F00210CFEFFFF2DE9F04F76
:10CB1000384C0A4685B00D460021814614F039FF95
:10CB2000D4F8C83043F06C029A4204D0002528465D
:10CB300005B0BDE8F08F304BDB68D907F6D4FDF7C0
:10CB4000C3FC0028F2D0D4F81061C6F30826002EEA
:10CB5000ECD12A4C2A4BD3F81880D4F884300193B6
:10CB6000284B4FF060529A6103F100734FF000625E
:10CB70009A612423C4F88430234B04221A604FF4B2
:10CB8000804A4FF48053C4F868A0B3466362AB4553
:10CB900012D31E4B04221A60184A019BC2F884303B
:10CBA000184B4FF06051996108EA010318498B61F5
:10CBB0004FF480439366BAE7226E5204FCD5226894
:10CBC000D305F9D5C4F868A00136D4F888200392BB
:10CBD000012EDCD9A5EB0B07042FA8BF04273A468A
:10CBE00009EB0B0003A95F4414F0E7FE1FFA87FB73
:10CBF000CDE700BF00400E40004008400000084064
:10CC000000600840006008440040084600400844B6
:10CC100000600846074BD3F8D8304FF604014FF6B2
:10CC200005029BB28B4208BF1346034A012093655D
:10CC3000704700BF0081E00F0050084070B5194CEC
:10CC40000FCC86B001AD0FC5CC22236816482B60EF
:10CC5000002114F09EFE84220021144814F099FE55
:10CC6000134B144AC3F8F020FFF74CFD124B1B780E
:10CC70002BB101AD0FCD0B4E0FC62B6823600F4BB0
:10CC80000F4AC3F8DC2F0F4AC3F8E02F0E4AC3F84F
:10CC9000E42F02F1957202F24952C3F8E82F06B070
:10CCA00070BD00BFC81F0021341F0021B01E00212D
:10CCB000001F00213F0037009D4000200010002190
:10CCC0000200620609C8056E0704DC060A4B1978E3
:10CCD00001F0FF0229B10021197008499202C1F840
:10CCE000A020597801F0FF0229B100215970930268
:10CCF000024AC2F8A4307047AB400020000008464A
:10CD0000074BD3F8E00E074BD3F88C301A0103D44D
:10CD1000054B1B6E1B0401D500F58070704700BFEA
:10CD200000100021004008400000084008B511F044
:10CD30008AFC0F4B1A78B2B90E4A126812F4843F7B
:10CD400011D10D4A1021C2F894101B786BB9094B10
:10CD50001B68DB0509D4084B2022C3F89420BDE8EA
:10CD6000084011F074BC054AECE7044BF4E700BF3F
:10CD7000AF40002010160020004008440040084644
:10CD800010B511F060FC0E2104460320FFF7B2F944
:10CD9000044B40F2012220465A62BDE8104011F0D7
:10CDA00056BC00BF00000840044B00221A70044B20
:10CDB000197811B11A70FFF7B9BF7047AE40002063
:10CDC000AF40002008B511F03EFC234B4FF08052DD
:10CDD000C3F88020BFF34F8FBFF36F8F4FF4807283
:10CDE000C3F88020BFF34F8FBFF36F8F0222C3F8C9
:10CDF0008020BFF34F8FBFF36F8F1022C3F88020C6
:10CE0000BFF34F8FBFF36F8F2022C3F88020BFF393
:10CE10004F8FBFF36F8F4FF00052C3F88020BFF3E6
:10CE20004F8FBFF36F8F8022C3F88020BFF34F8FE7
:10CE3000BFF36F8F4022C3F88020BFF34F8FBFF343
:10CE40006F8F0122C3F88420BFF34F8FBFF36F8F22
:10CE5000BDE8084011F0FBBB00E100E008B511F0AF
:10CE6000F2FB0B4B4FF080521A604FF480721A6045
:10CE700010221A6020221A604FF000521A6080229D
:10CE80001A6040221A60BDE8084011F0E0BB00BF04
:10CE900000E100E070B5084C01232370074B1E68C9
:10CEA000074BD3E9005332401940284001F0C8F93C
:10CEB0000023237070BD00BFAD400020A4350020CA
:10CEC000101600202DE9F047DDF820A003EA010844
:10CED000099B06460D4602EA000703EA0A09BAF171
:10CEE000000F40F04D81031F0B4300F01381052814
:10CEF00071F1000380F0E78050EA010300F06081E7
:10CF0000431E0B4300F02181FFF75CFFAD4AD2E9DD
:10CF1000004323EA050324EA06043C4343EA0807E6
:10CF2000A94BDFF8F8821E6826EA0A0646EA0906D7
:10CF30001E60C2E90047FFF7F9FEA44814F02A4F2B
:10CF4000C26E14BF48F202034FF40043B50748BF56
:10CF500043F400539E4D83EA020122EA0302EA668B
:10CF60009C4A81660B40D366C4F3804212032003BF
:10CF700048BF42F48072E10648BF42F40052A30663
:10CF800048BF42F40072650648BF42F48062200642
:10CF90009148924DD0F80C3248BF42F4006282EAC8
:10CFA000030123EA0203C5F80C328D4BC0F80812C6
:10CFB000C7F340250A40AD04E10448BF45F480357D
:10CFC000C3F80C22A20348BF45F48015A30748BF4D
:10CFD00045F4800514F4001F06D0D8F8000015F0C1
:10CFE0002CFE08B945F40025E00248BF45F40035A1
:10CFF000F9067C497C4848BF45F40005620248BFF9
:10D0000045F400150A6A730748BF45F0040585EA30
:10D01000020323F001031A4002621D40CB61734BEF
:10D0200073481D62734B744A16F0010F18BF1A46FD
:10D03000836E7D0748BF42F40012704D82EA0301FF
:10D0400023EA0203AB666E4B41660A4000F50050CE
:10D050009A66C16B04F0010305F5005581EA0302ED
:10D0600021EA0301E96382631A40664BDA63D8F868
:10D070000020200248BF644B92F8E92058BF634B60
:10D08000610748BF43F4806322B114F4C06F18BF36
:10D0900043F480735E485F4CD0F8EC10320748BF11
:10D0A00043F0004383EA010222F4A0221140C4F8B5
:10D0B000EC101340C0F8E820574ABDE8F047C2F82A
:10D0C000EC30FFF7CBBEA0F580630B4306D020F415
:10D0D0008063A3F500730B437FF416AF11F0B3FA2E
:10D0E0003849D1E9003223EA060322EA050242EA7E
:10D0F00008023B43C1E90032484A126892F8E9202D
:10D100000AB313F4C06F1ED0434B4FF48072C3F8C0
:10D11000EC2014E011F097FA2A4AD2E9003123F00A
:10D1200004033B4341EA080157EA0807C2E900311A
:10D1300014BF394A374A4FF48063C2F8EC30BDE877
:10D14000F04711F084BA334BDFE711F07CFA1D4A47
:10D15000D2E9003123F001033B4341EA0801C2E96F
:10D1600000312F4A57EA08074FF0010315BF9363B8
:10D170002C4902F1C062CB6314BFD3639363DEE733
:10D1800050EA01037FF4C0AEBAF1010F7FF4BCAEE8
:10D1900011F059FA0C4A136823F0010343EA09031A
:10D1A0001360134A4FF48063B9F1000F04D0536643
:10D1B00002F1C0629366C2E710498B665366BEE710
:10D1C000BDE8F08710160020A435002000000840BC
:10D1D0000000084400000846006008400060084461
:10D1E00000600846004008400040084400400846EF
:10D1F00000500840041C500004185000005008441F
:10D2000000500846007008460D0A0A09090A0A0972
:10D21000001008400010084400100846EC350020BB
:10D220000070084000700844024B5868C0F3C0000A
:10D23000704700BF10160020024B186800F0010074
:10D24000704700BF10160020024B5868C0F3C03072
:10D25000704700BF1016002010B50446FEF75AFEB6
:10D26000FFF7B0FD04F14C0002F09AFCFEF7FEFD62
:10D27000FEF732F9FEF79EF9FFF7E0FA1049114A7E
:10D28000D1F8F810072304F1A400FFF713FB4FF4C3
:10D2900040010020FEF7F6FA4FF400110120FEF7DE
:10D2A000F1FAFFF7B7FC20B940F2E7221421FDF7AD
:10D2B000A5FAFFF711FABDE810400120FEF792BC75
:10D2C000001F0021681F0021084B8022C3F888201E
:10D2D00003F17E430822C3F88820054AD2F8B03E05
:10D2E00023F02003C2F8B03E704700BF004008465C
:10D2F0000010002108B511F0A6F9FFF7E5FF034B78
:10D3000001229A60BDE8084011F0A1B90040084030
:10D31000F8B5194C05462078B0FA80F040F2064284
:10D320003E214009FDF76AFA55B96078B0FA80F0FD
:10D33000BDE8F84040F206423E214009FDF75EBAE2
:10D340000E4F0F4DD7F8A0304FF44066C3F3812342
:10D350002370C5F8A0606078B0FA80F040F2064211
:10D360003E214009FDF74AFAD7F8A430C3F38123E0
:10D370006370C5F8A460F8BDAB4000200000084011
:10D3800000000844F8B50B4C0B4DD4F888300B4F17
:10D390000423C5F88830D4F888305B0300D4F8BD86
:10D3A0000426C7F88860022015F0A5F9C5F8886042
:10D3B000F1E700BF00400840004008460040084434
:10D3C0001C4B70B5D3F888601B4D03F18063A82215
:10D3D000C3F8882010221A60184A194B93666B66AE
:10D3E000FFF774FC174B1B7813B90320FEF716F9EF
:10D3F00000242C67FFF7C6FF134A144BD2F8E01E37
:10D400000B40C2F8E03E124B0422C3F88820114BB7
:10D41000B206C3F8B84008D503F580735B6CB3F56A
:10D42000817F22BF034B80229A60BDE8704001F0EB
:10D43000E5BE00BF004008400050084000500844CE
:10D4400010000002B240002000100021DF0000FFA9
:10D4500000400844001E002110B549B938B3164AEF
:10D4600053681B0E13F00E0F21D113689A061ED4B9
:10D47000FFF786FC104C0020FEF750FF032801D078
:10D48000092806D1D4F88C30DB03F4D4636F0C2B5D
:10D49000F1D9FFF777FF094B4FF400725A62084B3E
:10D4A0000122DA6003F17E430422C3F88820054B91
:10D4B0004FF4C0625A6210BD0040084000000840AE
:10D4C000004008460060084408B503210920FEF723
:10D4D00011FE024B20229A6008BD00BF00400840A8
:10D4E00038B5054611F0AFF8044602F015FB35B12A
:10D4F000FFF75AFC2046BDE8384011F0A8B8084BA9
:10D500001B78002BF6D0074B1D78002DF2D1FFF7CA
:10D510004BFC2A464FF480400021FFF7BBFCE9E7B3
:10D52000AE400020AD4000202DE9F84F584B064694
:10D53000D3F888300D461446002A40F0A58013F039
:10D54000A00F14BF4FF001094FF00009DFF85C8114
:10D55000504F01F053FEA023C8F888300320FEF797
:10D560005DF80420FEF75AF84FF0000AFFF71CFCA4
:10D57000494BFB66C7F870A0FFF704FF474BD3F891
:10D58000B02E42F02002C3F8B02EFF22C8F80020CF
:10D590003F4A4FF480719160D3F8E02E40494FF03C
:10D5A000040B1140C3F8E01EC8F888B0C3F8B8AE49
:10D5B000FB6813F0060F04D0FEF7EEF95846FEF7AD
:10D5C0002DF8B9F1000F08D0364B4FF40062C3F8C4
:10D5D0008820354B4FF400425A6666B1324B5B6C83
:10D5E000180701D4FFF7CCFBFFF76EFF0420FEF70E
:10D5F00015F8FFF76BFB264BDA68D1073FD55A6861
:10D6000012F0706FFBD1294B294AC3F88820294AB0
:10D61000536B23F0F003536315B12046FFF760FF0F
:10D62000254BD3F8B4305A1C01D05B0002D51F4BF8
:10D630000122DA601CB31C4BDA6E9A66144A136A34
:10D6400023F00103D3611D4BD3F80C22C3F8082249
:10D65000A3F54053DA6F9A67A3F50053D3F8EC2093
:10D66000C3F8E82003F5C043DA6B9A63A3F50053CF
:10D67000134A5A660D4B4FF60842C3F88820BDE89E
:10D68000F84F002002F05EB84FF000095EE700BFDF
:10D690000040084000500840000001010010002137
:10D6A000DF0000FF0040084600000840004008443A
:10D6B00010003000001F00210081E00F00600840D2
:10D6C0005000F0029A4B196EDA6E2DE9F04F01EA24
:10D6D0000209C3F8689003F5805385B0D3F8E06081
:10D6E000D3F8EC201640C3F8E86003F5A043D3F864
:10D6F0000012D3F80C2201EA020AC3F808A2A3F52B
:10D70000005359691A6A01EA02088A4A08EA0202C1
:10D71000DA61894BD3F80022910006D4D3F80031A6
:10D720009A00C3F3407740F1E18010F08CFF834B07
:10D73000DA68DF6D12F0060F9A6E07EA020727F427
:10D74000800222F4006214BF4FF0010B4FF0000B77
:10D750005A667B0704D57A4A537D0133DBB2537591
:10D7600010F075FFB9F1000F00F0DF8019F40044EC
:10D7700027D010F068FF0146FFF7C2FA6F4D04464C
:10D78000AA69AB699A42FCD0AA699342FCD0FFF720
:10D79000B7FAA04240F0AC80084610F058FF694B41
:10D7A0001C60694BD3F8885015F4E05240F0A28019
:10D7B00024F07F4424F0DF040CB9FFF701FE4FF0A2
:10D7C000807419F0020F4FF0000516D05E4B5F49D0
:10D7D000D3F8883003F46042C1F88820002A00F0B2
:10D7E0009E801D0400F19E8013F4005F0CBF4FF07B
:10D7F00000534FF000631C430025C9F340394FEA42
:10D800004909534B3340002B4AD016F4206F0AD0FD
:10D8100040F60F0206210020FCF7F0FF0020FFF782
:10D820005FFE26F48026F00506D5484BFF221A60DD
:10D8300044F4C064FFF7A4FA16F0090F0AD040F6CA
:10D84000240208210020FCF7D9FFFFF73DFE414BE1
:10D8500001229A6216F0106F0CD040F62D020921B9
:10D860000020FCF7CBFFFFF72FFE002211461046E9
:10D8700002F02AF916F4202F0AD040F635020721CB
:10D880000020FCF7BBFF0020FFF72AFE26F48026CD
:10D89000F10301D502F068FA002EB8BF49F008097B
:10D8A00072070DD52B4B5B6A13F4005F14BF2A4A35
:10D8B0002A4A4FF400531ABF536244F400045362DF
:10D8C000730548BF44F0040416F4802600F0AA80D3
:10D8D00002F014FA0138062842D8DFE810F02E01D1
:10D8E00031012E01340137013A013A01BB4639E7D3
:10D8F000044645E70192FFF763FD144B019AC3F814
:10D90000882015F4805307D115F4806F0CBF4FF0B9
:10D9100080544FF0806454E74FF0804451E74FF05B
:10D92000007368E74FF0004365E74C464D4668E7F3
:10D93000000008400000F7FF00E100E00050084050
:10D94000A8350020A03500200040084000400844D1
:10D95000090B0B890010084000100844001008460D
:10D9600040F6660203210020FCF748FF844A136E4C
:10D97000D2F8800003F007030633012101FA03F314
:10D98000C0F30C001B1A9BB2072B13D97D4BD3F8A5
:10D99000883058020ED47C48136B126DC06C58B19D
:10D9A00003F0070306339940C2F30C03C91A89B286
:10D9B000072901D844F40074744B1B78002B31D034
:10D9C0006F4BD3F8E03013F4A02F2BD1704B714A7A
:10D9D0001B7893B9F90410D4137873B1E3086E4936
:10D9E00043EA457383F00103D1F8E01E03F001031D
:10D9F0005B0021FA03F39B0714D10420FDF70EFE10
:10DA0000664B6749D966FFF7CFF9624A13782BB99D
:10DA1000644B654A1B682340134201D144F480449F
:10DA200027F48057BAF1000F1DD01AF4805F18BF99
:10DA300044F480241AF4807F18BF44F400241AF4BC
:10DA4000005F18BF44F010041AF4007F18BF44F0C0
:10DA500020041AF4806F18BF44F040041AF4006FD9
:10DA600018BF44F08004B8F1000F48D018F4802F9C
:10DA700018BF45F4007518F4803F18BF44F4805473
:10DA800018F4801F18BF44F4003418F4800F18BF36
:10DA900044F0020418F4003F09D03A4BD3F8883020
:10DAA000580059D5414B1B68984704430D4318F45F
:10DAB000000F18BF45F0100518F4002F1AD0364B90
:10DAC000D3F8B03E13F0C00F14D02E4B5A68C2F3F7
:10DAD0000362032A01D0072A07D1D3F88C20D1068C
:10DAE00003D4D3F89020120739D54FF40022DA611D
:10DAF00028F4002818F4001F18BF44F48004002FF5
:10DB000000F01381380540F18680294ADFF88CA0A7
:10DB1000D378002B52D0013B4FF40061DBB2CAF83E
:10DB20006410D37033B9234B1B78DBB1224B40F622
:10DB30000142DA66002300226BE044F4803415E7EA
:10DB400044F4006412E744F480640FE744F4807402
:10DB50000CE744F0080409E744F48014A7E744F410
:10DB60000014C7E7DAF8703013F4A05F15BF4FF464
:10DB7000807340F60143CAF85030CAF87030D9E7D4
:10DB8000001008400040084000000840AF4000205E
:10DB9000AE400020B040002000100021005008409E
:10DBA0000000010110160020088D01007C110020EA
:10DBB000A0400020B2400020005008460320FDF79E
:10DBC0002DFDDAF80C30AD48AD4913F0060F02BF59
:10DBD000AC4B41F61F72DA664FF40063CAF864304A
:10DBE000DAF80C3013F0060308BFCAF87030C38AA5
:10DBF00013F4006261D023F40063C3820B7803F056
:10DC0000FF0A002B5DD1FDF7C7FEFFF7D9FB534696
:10DC100020221C431543B9010BD52E20FEF7B4F882
:10DC2000984A4FF00073936602F17C4245F0080574
:10DC30005366FA0608D52B20FEF7A6F8914A102362
:10DC4000936602F17C42536617F4E00F05D1FB04A2
:10DC50005FD5BBF1000F00F0B780B80210D52920C6
:10DC6000FEF792F8FFF7E0FA40B18749874A884B00
:10DC700053668B6687494968490425D445F00405F5
:10DC800017F4800BDFF804A22AD00420FDF7C6FCAD
:10DC90002720FEF779F8FFF793FB4FF48003CAF8CB
:10DCA00064307D4BD3F8E02E520600F186807B4B2A
:10DCB00002221A6045F0020528E00B784FF4005369
:10DCC000A7E74FF4004336E76E4920208B66536682
:10DCD000FEF75AF82D2045F00C05FEF755F8CFE772
:10DCE000F80255D50420FDF799FC2820FEF74CF8E2
:10DCF000DAF87030002B48D1FFF762FB614A644BC1
:10DD0000936602F17C4245F0010553665F4B0022A9
:10DD10001A657A0509D5624A9378002B00F0A28033
:10DD2000013B9370002349EA03095B4BD3F8B03EF3
:10DD30001B0603D52046294601F00CFD4A46204625
:10DD40002946FFF7A7F80EB102F000F818F4002FEB
:10DD500000F08D804F4B4FF40022DA6118F0206FF5
:10DD600000F0898018F0007F01D0FDF761F918F00C
:10DD7000006F01D0FDF778F9002200204FF4006118
:10DD800005B0BDE8F04FFFF785B8CAF870B0B5E749
:10DD9000F904BBD50420FDF741FC424BCAF86C30B6
:10DDA000FDF7FAFDDAF85C3013F4A00FAED12A20AB
:10DDB000FDF7EAFFFFF704FB73E7D3F8B03E9806E0
:10DDC0003FF578AF384B73E7354A13794BB1013BD8
:10DDD000DBB2137113B92C4B344ADA6600231C43AF
:10DDE00097E70420FDF71AFC0320FDF717FC274BEB
:10DDF0002C4ADA6610F027FC82460DF10F00FEF780
:10DE00008DFA2B4B1B7883460BB1FEF7B9FFBBF1A4
:10DE1000030F0ED1DFF87CB00020FEF77FFA032855
:10DE200007D1DBF88C30D903F6D4DBF874300C2B37
:10DE3000F2D99DF80F30032B06D11E4B012250461C
:10DE40001A7010F004FCC9E71B4BD3F8E03013F450
:10DE5000A02FF2D1FEF7A8FF504610F0F8FB4FF4C8
:10DE60008043BCE70220FDF7D9FB01235BE7B8F153
:10DE7000000F7FF473AF05B0BDE8F08FA835002028
:10DE8000B2400020005008440050084600500840AE
:10DE9000100000020040084000100021004008442B
:10DEA000A040002000000101004008460000010DD4
:10DEB000B1400020AE40002000100840034A01237A
:10DEC000136202F17C42D361704700BF00400844F6
:10DED0000B4B10B55C691A6A1440A2B2DA61E20712
:10DEE00004D55868C0F30360FFF7E8FF630706D561
:10DEF000BDE81040042200200021FEF7CBBF10BD7A
:10DF0000004008400C4A08B5136BD16B0B4093637B
:10DF1000DB070FD5094B187840F6AC22122100F030
:10DF20000100FCF76BFCBDE8084000220120002145
:10DF3000FEF7B0BF08BD00BF0070084010160020FB
:10DF4000044BDA6FD207FCD41A6FD96F0A409A6774
:10DF5000704700BF0030084070B50D46144610F001
:10DF600072FB064BD3F8B06E74402C407440C3F87B
:10DF7000B04E10F06CFB05EA060070BD00100021E9
:10DF8000034BD3F8B03E99430CBF012000207047EB
:10DF9000001000212DE9F04117460A43012A9DF89F
:10DFA00018409DF81C60DDF820801D4629D8B44239
:10DFB00027D2082E25D8032B23D8B8F1000F20D064
:10DFC0000A46002101F082F8EB00FF219940DFF8BA
:10DFD00038C0C94308F1FF38FF00E2B2964202D8C8
:10DFE0000020BDE8F0813D190CEB850518F8010F04
:10DFF000D5F8E82098400A401043C5F8E8000134FD
:10E00000EBE70120EDE700BF001E002109490A4AA5
:10E01000D1F8EC0010B504230124C2F8EC308C6276
:10E020004FF400515162410744BF02F10072C2F83F
:10E03000EC3010BD00100840001008442DE9F743F3
:10E040008E780F2E80460C4603D9012003B0BDE820
:10E05000F08326B901232E4A00201370F6E70D78CD
:10E0600091F80190002D3BD1B9F1000FEDD194F959
:10E070000310E088FDF78CFD0128E6D055EA09037E
:10E08000A088244F32D1FDF7A5FC23498A6D4FF6B5
:10E09000040583B292B24FF60500AA4208BF0246B9
:10E0A0003A800825802201278F658A672A461A4907
:10E0B00003B1013B013ECB62F6B20023019300960F
:10E0C0000123294608F1A400FDF7C4FC1FB1134B3E
:10E0D0004FF48012DA64124BA2681A600223BAE786
:10E0E000082DB2D8B9F1080FAFD8C0E7FDF772FC20
:10E0F0003A884FF604039A421EBF07498A653B805F
:10E10000A9454A4683B238BF2A460027CFE700BF59
:10E11000B3400020CC1300200050084000500846B7
:10E12000C43500200C4BD0F8C42010B5C3F8B4207F
:10E13000027C0446120202F400624FF40061FFF711
:10E140000BFF237C13F0080F14BF044A044A4FF45A
:10E150000073C2F8883010BD001E00210040084640
:10E160000040084437B5204D0C4641B90A46072106
:10E17000FFF7F2FE1D4BEC625C6003B030BD07227E
:10E180001146FFF7E9FE1A4B07225A60237985F8FA
:10E190002C3063790193012101A814F076FE019BD4
:10E1A000C2B2D34000F00F0040EA031085F82D0002
:10E1B000A27985F82E20E27985F82F20206828633F
:10E1C00083B1028801218B4205D82379013B134496
:10E1D000084A9361D1E730F81150AA4228BF2A4675
:10E1E0000131F0E71A46F0E7001F00212C1F002143
:10E1F0000000084400000840431C07D0044B6FF0A7
:10E20000FF029A6103F1007310409861704700BFEC
:10E210000070084400F01803182B0AD003070AD432
:10E2200010F0100040F2011318BF1846034B986419
:10E2300070470020FAE70120F8E700BF001F002127
:10E24000344B2DE9F7431E6801F4007900F0010317
:10E25000174653EA090205460C462ED04FF0000837
:10E2600003B30023002201200021CDE90088FEF73E
:10E2700029FE41463046FDF7BFFF4146708301202D
:10E28000FCF728F9716B06F1A400FEF75BF8224950
:10E290000868FFF7B1FF4FF0FF330B60337C43F0AA
:10E2A00004033374B9F1000F07D00121304614F094
:10E2B00049F924F4007405430C43D6E93E232A406F
:10E2C000234052EA030103D01449304609688847C5
:10E2D000FB070FD51249134A086813680021116023
:10E2E000114A0121117003B19847104B00215B685E
:10E2F0000220984717F00E0F08D040F2F3123B218E
:10E30000002003B0BDE8F043FCF778BA03B0BDE8E5
:10E31000F08300BFEC35002074110020781100203C
:10E32000D4350020D8350020B640002054110020FC
:10E33000044B1868830654BFC0F30F204FF6FF70DC
:10E34000704700BFA0350020F7B50446D4E93EC7AA
:10E350001046DDE908268CEA020587EA0601054039
:10E36000194085EA0C057940C4E93E5123F4004187
:10E3700006EA010320F00100002543F40073024087
:10E3800043F00203CDE90055FEF79CFD237C9A077C
:10E3900017D5D4F8FC309B0513D54FF488112046CF
:10E3A00014F0D0F8237C65F341032374D4E93E23B1
:10E3B00002400B4052EA030103D00349204609689A
:10E3C0008847002003B0F0BD7811002038B1036801
:10E3D000044A002B08BF1346034A13607047014BE1
:10E3E000FAE700BFB927020078110020024B586BF2
:10E3F00000F00F00704700BF001F00210F2938B543
:10E4000005460C460ED801F025F901280CD1074A23
:10E41000536B23F00F0323435363284614F0E4FBAC
:10E42000002038BD0120FCE70220FAE7001F002190
:10E43000014B986B704700BF001F0021014B00206B
:10E4400099637047001F002103282DE9F7434CD83A
:10E45000274B13F80080274B1E5C274B13F80090C6
:10E4600010F0F1F80746FEF7E7FE054640B100233D
:10E47000CDE900330022002301200021FEF722FD18
:10E48000FEF7E2FE48B10023CDE90033002200236D
:10E4900000204FF40041FEF715FD26B3174B5C6CCE
:10E4A00004F00804164B31465C644046FEF7D4FF86
:10E4B0004A4631464046FFF737F8124B5C6465B177
:10E4C000114B1868416BA430FDF73CFF0F490868F9
:10E4D000FFF792FE4FF0FF330B60384603B0BDE804
:10E4E000F04310F0B4B83446DCE703B0BDE8F08385
:10E4F000F05E0200EC5E0200E85E020000000840F0
:10E500000000084400000846EC350020741100208B
:10E51000104AD2F8883013F0A00F16D1D2F88C0030
:10E5200010F0040013D10C4BD3F8E03E23F07F43EE
:10E5300023F0FF035BB15368C3F30362092A07D0DA
:10E54000B2F10C0018BF0120704700207047012075
:10E55000704700BF004008400010002170B50D4614
:10E56000064620B9194B1B68A3B1032011E001F046
:10E5700071F8012828D1164B93F90040C4F11C040E
:10E58000641BC4F11C03002BB8BF5B42232B0CDDC2
:10E59000012070BD81EAE173A3EBE173DBB2232BB1
:10E5A000F6D80B4B19700020F3E7B57410F04BF858
:10E5B000084A5369E40223F4FF2304F4FF241C43B4
:10E5C000546110F044F8EEE70220E2E7EC35002059
:10E5D000B44000200070084018B9034B93F90000C4
:10E5E000704790F912007047B440002010B50446FF
:10E5F00014F0B6FA10B1012001F0A4F82046FFF79C
:10E6000091FD10F020F8074AD2F8B03E23F0200325
:10E61000C2F8B03E10F01BF8034B02221A60002033
:10E6200010BD00BF001000210040084690F8C23025
:10E6300053B9074BDA69920208D49B6F13F4706FD9
:10E6400014BF012000207047002070470120704750
:10E6500000600840F8B5436B02EA010523EA0103B4
:10E660002B434363344A01F00B030C4623EA0501B4
:10E67000516402F100722B4061070646536411D5C4
:10E680000121FFF7D3FF68B1FEF77CFE15F0040F00
:10E6900014BF2A4A2A4A4FF40073D361294B04223B
:10E6A000C3F88820E20606D515F0100F264B14BFDC
:10E6B00000221B22DA6423061DD52F0616D51F4B18
:10E6C0004FF400129A6103F17E430122C3F8F8204F
:10E6D0000FF0B9FF0E2107460320FDF70BFD1A4B83
:10E6E00040F201225A6238460FF0B1FF294606F186
:10E6F000A400FDF727FEE00503D5E90516D5FDF7D3
:10E70000C3FCA20503D5AB0513D5FDF7CDFC14F072
:10E71000600F09D0D6F89410304614F04EF80B4B29
:10E7200058640B4B80229A600020F8BDFDF7A4FCD2
:10E73000E7E7FDF7B1FCEAE700000844006008469F
:10E74000006008440040084400000840001F002109
:10E7500000400840014B1868704700BFD0350020CA
:10E7600037B5012300240022CDE9003400231046F0
:10E770001946FEF7A7FB0220FCF750FF054D064B9C
:10E7800021461C6002206B6898472B6803B0BDE8E7
:10E790003040184754110020D83500202DE9FF41A2
:10E7A000022903900C461546984605D1FFF7D8FF7D
:10E7B000002004B0BDE8F081194E0FF044FF33682B
:10E7C00007463BB1AB4205D00FF041FF0023336059
:10E7D0000120EEE7134B3560C3F8008001230022CF
:10E7E000CDE90033002310461946FEF76BFB0E4BB4
:10E7F000002502201D70FCF711FF22462B4603A9BD
:10E800000220FCF729FF094B039A1A60084B1B688A
:10E810000446984738460FF01AFF002CC8D1D5E7B8
:10E82000D8350020D4350020B6400020D035002057
:10E8300054110020044BDB6D5B055ABF034B187865
:10E84000012000F00100704700500840B640002051
:10E85000014B9869FDF7A6BC00600840014B986920
:10E8600013F056BF00600840437C5A1F012A01D9AB
:10E87000082B05D14B7C8BB1012B11D0022B11D071
:10E88000D0F800311B0607D5836B03F0FD030D2B79
:10E8900002D18B8A1A2B07D814F008B803487047A6
:10E8A00003487047034870470348704720A107009A
:10E8B00048E8010040420F0080841E0070B50E46FB
:10E8C0000FF0C1FE054600F0E9FE044620B12846DF
:10E8D0000FF0BDFE204670BDFEF754FD114B32789F
:10E8E000D3F8E03E022A23F0F00316D0101F424274
:10E8F0004241520043EA02137278022A0FD0111FDC
:10E900004A424A41520043EA8213064AC2F8E03EB4
:10E91000054B0422C3F88820D9E70122EAE7012247
:10E92000F1E700BF001000210040084470B50E461A
:10E930000FF089FE054600F0C9FE044620B12846C6
:10E940000FF085FE204670BDFEF71CFD104B32789F
:10E95000D3F8E03E022A23F00F0315D0101F4242E5
:10E960004241520013437278022A0FD0111F4A42CB
:10E970004A41520043EA8203054AC2F8E03E054B91
:10E980000422C3F88820DAE70122EBE70122F1E74D
:10E990000010002100400844F8B50E7890F8D070BF
:10E9A000044630460D46FCF791F9002844D094F80F
:10E9B000D030B34208D1AA88636C9A4204D16A88E5
:10E9C000B4F8D2309A4235D084F8D060AB88A4F83D
:10E9D000D4306B88A4F8D230AB886364FF236375AE
:10E9E000304613F039FE04F1D00520752846FCF7B7
:10E9F00079FC10BB2846FCF75FF9F0B9D4F89030E9
:10EA000053B194F8D010B94206D0B3F91220204681
:10EA1000F3F762F984F8D9002046FCF73DFB094979
:10EA2000A4F8D400084AD1F8F810012304F1A40096
:10EA3000FDF740FF0020F8BD01200E2384F8D03000
:10EA4000F9E700BF001F0021681F002170B50546CF
:10EA500090F8D0000E280C461DD0FF291DD01AB109
:10EA60000F4B4FF0FF321A6013F0F6FD064695F893
:10EA7000D000FCF7D5F9844228BF0446E4B2B44282
:10EA800038BF3446E0B26875FCF766FAA0F1FF03C0
:10EA90005842584170BD0220FCE70120FAE700BF50
:10EAA0005C110020C36B012B01D10020704770B5B1
:10EAB000364BD0F89060D3F8F830C0F8943086B078
:10EAC0003146058B044613F048FEB3898DF80600E5
:10EAD000D6E90121EB1A9BB201FB03226846002113
:10EAE000ADF804300092FDF7AFFD38B9284B228B0A
:10EAF000DA63FCF7C5FB20B106B070BD022006B09A
:10EB000070BD227C60F34102227413F0FFFDD4F843
:10EB100090305969431EDBB209680291FD2B024611
:10EB20000BD9CD1C09D91B4B01311B680CD0D81C4B
:10EB300007D802A92046029301E002A9204613F05B
:10EB400060FD002006B070BDD91C04D802A9204683
:10EB5000029313F056FDD4F8FC309B0504D4237CBB
:10EB600043F002032374ECE74FF48031204613F0A6
:10EB7000E9FCD4E93E2302400B4052EA0301E0D015
:10EB80000549204609688847DBE700BF001F0021D0
:10EB900000300840641100207811002038B5054687
:10EBA0000C4641B113F0DCFF28B14FF40031284688
:10EBB000FFF7E6F904342046FCF70CFF024B404215
:10EBC000C3F8D00E002038BD0010002170B54C30C5
:10EBD000814214BF0C46002416460FF034FD0D4947
:10EBE0004A684FF49C53C2F30362D340DA070546E8
:10EBF00003D5D1F888309B030AD420460122314640
:10EC000000F062FF044628460FF021FD204670BD4B
:10EC10000324F8E7004008402DE9F74F0646154663
:10EC2000084619B9012003B0BDE8F08F002AF9D0D9
:10EC3000032904D8002101F0ABF80028F2D0827833
:10EC40000488037990F805B0C788B0F9000000285F
:10EC500002F00701C0F2D280A1F1070CDCF1000044
:10EC600040EB0C00052928738CBFC2F30010002074
:10EC7000C2F3801C6873900985F810C000F0020090
:10EC8000C2F3C00C40EA0C00C2F340126874AA74CC
:10EC9000AF820BB996F8CA30013BDBB2EB74736BF1
:10ECA000D80600F197800639012900F29380544B71
:10ECB000DB6C544B5A6B1B6B03F0070306334FF0AE
:10ECC000010909FA03F909F1FF39083C42F000583B
:10ECD00004EA0904002318F804A0AB60013404EA34
:10ECE0000904631D03EA09035A1C02EA090218F821
:10ECF000037018F80220BAF1800F47EA0227727CED
:10ED000018BFAAF1320A3BB214BF4FFA8AFA6FF069
:10ED10007F0AC7F30B079AB30020D6F89C300BB1DB
:10ED200051469847631C03EA0903E87385F80EA06F
:10ED300018F80310013303EA090318F8032001331C
:10ED400003EA090341EA022118F80320013303EA28
:10ED5000090341EA024118F803006A7C002341EAF2
:10ED600000613046FDF7A4FE2860737C042B03D1BC
:10ED7000042FDCBF033028600423AB71002052E76E
:10ED8000D90423D5D6F894309BB11A68022A10D939
:10ED900093F82400FB0008B1B3FBF0F39B45BBD80C
:10EDA000002BB9D0CBEB0B20B0FBF3F0C043C0B2CB
:10EDB000B3E729463046FFF757FD0190304613F080
:10EDC00065FD019BB3FBF0F0C0B2E3E718F8040067
:10EDD0004000ECE70023EB730B4BDA68C2F3072328
:10EDE000120448BF63F0FF035AB212F1800F1CBF38
:10EDF000323B5AB20023AA732B60BEE7022012E70F
:10EE000000000840001008400070084070B50A4B30
:10EE10000A4DD3F8EC604FF48064C5F8EC40002054
:10EE2000FEF75EFB4FF400536B65730544BF044B64
:10EE3000C3F8EC4070BD00BF00100840001008444B
:10EE40000010084611F5004F1FBF01F30E01044BDF
:10EE5000C1F30E01002014BF19640120704700BFE8
:10EE600000300840F8B504460E4611B9037C5A0636
:10EE70005FD4464BA18BD3F88420D4F8947012F45D
:10EE8000E05F04BF2022C3F810224FF6FF739942BF
:10EE900060D03F4B1B68002B5CD03E4D204698470E
:10EEA000D4F894102A688A4207D0204613F085FCD3
:10EEB000394B5864394B8020986097424FD0384B7B
:10EEC0001B684BB11FB13A68002A58D0BF68394659
:10EED00020469847D4F89410084613F086FC002882
:10EEE00049D03049FDF748FC07272046FCF7D4F805
:10EEF000002E36D02C4B94F9122093F900302B4978
:10EF0000D4F89400C3F11C039B1A4A69DB0222F473
:10EF1000FF2203F4FF231343254A4B61254B28604E
:10EF200006211167204601221A7013F05DFE0020B1
:10EF3000F8BD61F38613154A0374D2F88430D0F813
:10EF400094704FF6FF7113F4E05F818302D12023A8
:10EF5000C2F810320F4D2A68BA423946A5D10127AE
:10EF6000C3E70D4B0F4AD3F8F81004F1A4003B4659
:10EF7000FDF7A0FCBEE7204613F009FAB1E71746FB
:10EF8000394620469847D4F89410A5E70060084019
:10EF9000CC350020C0350020001F00210040084073
:10EFA000C8350020681F0021B440002000700840D0
:10EFB00000000844B540002002484822002112F019
:10EFC000E8BC00BFE41E0021002373B583746423F2
:10EFD000C0E92C33C0E92E334FF0FF35C0F8AC3018
:10EFE000A0F8C0300E264FF6FF73C0E9075580F831
:10EFF000D06045648582837504461120F1F738FCA2
:10F00000042834D11B4B5B6813F4403F2FD12046BA
:10F01000FEF722F92046FFF7CFFF94F912102046A1
:10F02000FFF79CFA144A6023536402F5805240F6BD
:10F03000FF7151625165114A5364114B4022C3F86C
:10F040008820626B29462046FFF704FB002240F22D
:10F05000022310461946CDE90066FDF733FFFBF7A2
:10F06000C9FE204602B0BDE8704000F06FBC02202F
:10F0700002B070BD00300E4000000840000008469D
:10F080000040084410B50C46FFF796FFBCB1A378CA
:10F09000082B16D8E278082A13D843EA021313F093
:10F0A000FF03094A14BF61681946C2F8E4102178C9
:10F0B00082F82811617882F8291182F82B3100201A
:10F0C00010BD0120FCE700BF001E0021012A10B581
:10F0D00012D8032B10D803EB8202084C0123934073
:10F0E00094F82A01DBB221B1034384F82A310020CD
:10F0F00010BD20EA0303F8E70120F9E7001E002114
:10F1000070B50C68B0F8D4208D680346013404BF94
:10F11000D3F8AC400C604C68013404BFD3F8B8405D
:10F120004C606E1C00F1A40038D1D3F8B440CE6816
:10F130008C60751C38D1D3F8B0500E69CD600136A3
:10F1400004BFD3F8A4600E614E69013604BFD3F842
:10F15000A8604E618E69013604BFD3F8BC608E6131
:10F160008E693EB34132B24238BF32460E688A6180
:10F17000C3F8B4404C68C3E92E420A69C3F8A4201E
:10F180004A690D49C3F8A820C3E92B650B4AD1F899
:10F19000F8100723FDF78EFB002070BD02F141043B
:10F1A000AC4238BF2C46C2E702F16405B54238BF15
:10F1B0003546C2E76422D9E7001F0021681F0021FD
:10F1C00070B50FF040FA0C4E054600F043FA0128E6
:10F1D00004D028460FF03BFA022070BD736813F08C
:10F1E000706FC3F30364F0D1F36BDB06EDD52846F3
:10F1F0000FF02DFA2046F0E70040084038B50FF038
:10F2000022FA0B4A13884FF6FF718B4203D10FF09D
:10F210001EFA032038BD074C074DE56504F1007464
:10F220001B04E36511800FF012FA0020F2E700BF23
:10F23000CE130020006008440000FFFF2DE9F341D9
:10F2400005460F461646FFF763F9A0B1DFF8548272
:10F25000D8F80C30DB0704D40324204602B0BDE804
:10F26000F0810FF0F0F904460320FCF701FB20B118
:10F2700020460FF0ECF90224EFE7D8F80C3013F039
:10F28000060FF5D120460FF0E2F97A4B4FF40061FA
:10F290002846D3F8E08ED3F8B84EFEF771FE40B1A1
:10F2A000754B4FF400720121C3F888200846FBF724
:10F2B00011F939462846FBF75FFA6E4BC3F8B84E92
:10F2C000C3F8E08E04460028C7D12B7CDF0601D4AA
:10F2D000002E58D0C6F34000FEF71AF816F4807FCF
:10F2E00014BF664A644A4FF002031BBFC2F888305D
:10F2F000634AC2F8883000211CBFD1609362FEF7D8
:10F3000041F816F0040F14BF5E4A5F4A4FF4806361
:10F31000D361594B042216F0400FC3F8882014BF64
:10F320005A4A5B4A40233046C2F88030FEF772FFEB
:10F33000284613F030FB40B116F0010F14BF4F4ABE
:10F340004D4A4FF48073C2F88830B00642D56B8CBA
:10F350004FF6FF7293420FD04E4A4F49D26D100CB8
:10F36000C2F30112088001324749B3FBF2F3454A68
:10F370004A48C8651B04D3652B7C003E18BF012694
:10F3800066F304132B74284613F0EAFBC0B3284637
:10F3900013F001FBD0B14FF400312846FEF7F0FD29
:10F3A000431C9BB20322364801A913F02AFD9DF8A5
:10F3B000042002F00703052B9DF8053013D1110737
:10F3C0000BD443F48073364AC2F8C030002013F0E7
:10F3D0002FF942E7FFF712FFCEE713F0040F09D130
:10F3E0009DF80630EDE703F03002202A05D113F036
:10F3F000010FF4E74FF48073E5E79DF80630E2E78C
:10F40000284613F017FC0028E0D0284613F0C3FA72
:10F410000028DBD0EB7CA3F10C02012A16D82B8B41
:10F42000032B19D01E4B93F8C93003F00703072BA9
:10F4300016D01348062113F0EDFC421C3FF40CAF2C
:10F4400000F00F00164B83F8C800BFE70F2BE6D083
:10F45000102BE4D00E2B01D1092102E0112BE0E7A3
:10F460000821074813F0D6FC431C3FF4F5AEC0B2A8
:10F47000E8E700BF001000210040084400400846B3
:10F48000001008400060084600600844007008460C
:10F490000070084400600840CE1300200000FFFF09
:10F4A000001E0021005008402DE9F3410646884621
:10F4B00015461F460FF0C7F804460320FCF7D8F99D
:10F4C00038B120460FF0C3F80324204602B0BDE84F
:10F4D000F0810420FCF7CCF90028F2D120460FF08F
:10F4E000B6F82A4641463046FFF7A8FE04460028F3
:10F4F000EBD1DFF8BC80002F38D088F80000394607
:10F500003046FEF79BFD002845D198F80030012BCE
:10F5100029D0224B2022C3F88820214B5B6CB3F505
:10F52000817F2BD2012013F0E6F80FF08CF81D4BF1
:10F530001B68019306464BB10420FCF76FF80023CB
:10F54000012201A90420FCF787F800B3FCF7D8F9E1
:10F550002B0617D5144B00221A67FCF711FA304618
:10F560000FF075F8B1E7FDF7C5FEAEE798F800308B
:10F57000012BF8D0002BCCD10124A6E70B4B802225
:10F580009A60CFE7FCF7FCF9FDF79EFEE7E7FDF791
:10F5900017FF0124E3E7044697E700BF0040084651
:10F5A000001F0021C43500200050084000400840E2
:10F5B000B340002008B50B4BD3F8B4305A1C0FD021
:10F5C0005B000DD40320FEF73FFF074B4FF0806236
:10F5D000C3F89420054A4FF4007151620122DA60A9
:10F5E00008BD00BF0081E00F004008460000084051
:10F5F000054BD3F8880003F180634FF40022C3F871
:10F600008820C0F3C040704700400840014B024AC8
:10F610001A607047C835002065E10000024BD868C9
:10F6200000F00100704700BF00500840084BDA6846
:10F63000D10707D508B9FBF7CBBFDB68DA0706D4DB
:10F64000FBF7B8BFDB68DB0701D40028F8D17047AF
:10F65000005008400F4B5B68C3F30363013B0B2B67
:10F660000FD8DFE803F006060C06060606080A08AF
:10F6700008080220704704207047052070470320C7
:10F680007047054BDB6813F0060F0CBF0120042008
:10F69000704700BF00400840005008400A4A5368C5
:10F6A000C3F303630B2B08D06FF49050184100F0A4
:10F6B000010080F0010040007047D2F8880010F48B
:10F6C0008030ECD1704700BF004008400C4A5368BE
:10F6D000C3F30363062B07D8042BD8B20CD8C31E80
:10F6E0005842584140007047072B07D1D2F84401D7
:10F6F00010F00050EBD17047022070470020704797
:10F70000004008400A4A5368C3F30363032B01D047
:10F71000072B0AD1D2F88C30DB0606D4D2F8900041
:10F7200080F00800C0F3C00070470020704700BFA1
:10F7300000400840024B0022196813F0F0B900BFE6
:10F74000A07D0200024B1B6803B11847704700BF41
:10F75000E4350020024B1B6803B11847704700BF17
:10F76000E035002010B5FF224FF6FF71044613F07C
:10F77000FAF968B9FF224FF6FF71204613F004FA38
:10F7800030B920460349BDE81040FF2213F00EBAFD
:10F7900010BD00BFF45E020010B55B0743EA0243F0
:10F7A0009DF80820520543EAC16302F0BC621A4387
:10F7B000064942F4C8720446FEF7CEFB0022114609
:10F7C0002046FFF703FA002010BD00BF9007E12D8F
:10F7D00008B5FFF797FFA8B10B4B5A69110311D574
:10F7E000D3F8882092030DD4D3F8903013F0100F83
:10F7F0004FF0100304D1054AC2F89030002008BD34
:10F80000034AF9E70220FAE70040084000400846B2
:10F810000040084438B5044608B3134A53691B0333
:10F820001FD5D2F88C50114BC5F38115032DB3F8B9
:10F83000BC300ED1083B9BB208220D48214613F084
:10F84000E0FA094B2572D3F890301B0A637200204E
:10F8500038BD022D05D1023B9BB22A46EDE70120BF
:10F86000F6E70220F4E700BF00400840001E002138
:10F8700030100840034B1868034B002808BF184697
:10F88000704700BFE8350020787D0200F8B50D46CE
:10F8900010B900242046F8BD0E4F3E68002EF8D166
:10F8A000FAF7B4FD04460028F3D03860FAF7FAFD01
:10F8B000204612F05CFD38B130463E60FAF7F2FDAA
:10F8C000204612F049FDE4E7002DE3D02046A8478A
:10F8D000E0E700BFEC350020024B1868003818BF85
:10F8E00001207047EC350020024B00215B68084680
:10F8F000184700BF5411002010B513F0E4F8044677
:10F9000018B9034B01215B689847204610BD00BF22
:10F910005411002010B5FFF7C7FD044618B9034B7A
:10F9200001215B689847204610BD00BF541100209C
:10F9300010B512F0AEFD044620B9034B01215B68FF
:10F9400008469847204610BD5411002007B54FF4D3
:10F9500000730A49ADF806300DF1060213F0E6F91E
:10F96000BDF80630B3F5007F05D1022808BF00209E
:10F9700003B05DF804FB0120FAE700BFF03500207A
:10F980000D4BD3F8E020D20314D50C494FF480324C
:10F99000C3F8E820C1F8EC209A6BD1B2C2F3072279
:10F9A00099679A6704229A6700229A679A679A670A
:10F9B0009A679A67704700BF001008400010084619
:10F9C000F8B50C4C0D46174606460EF03CFE0123DA
:10F9D000A362042327606660A560C4F8E830064B84
:10F9E0004FF48072C3F880210EF031FE0DB1022376
:10F9F000A362F8BD0010084000E100E0054B18606C
:10FA0000054B01229A6540F6FF72196358635A65E7
:10FA1000704700BFF4370020001008402DE9F04F78
:10FA2000042A83B0054639D90B7883614B7883610A
:10FA30008B788361CB7883610068D5F808B06E68F5
:10FA400000F007000123063003FA00F808F1FF393F
:10FA500009EA0B07A2F1040AA8EB0702924501F19B
:10FA6000040446F000560DD8F0192146524611F014
:10FA7000A4FF0AEB0B0248EA09031A40AA6003B08C
:10FA8000BDE8F08F2146F019019211F096FF019A1E
:10FA9000A118AAEB080230463A44E8E7013A032AE3
:10FAA000EDD8DFE802F00B08050211F8013B836195
:10FAB00011F8013BAB6111F8013BAB610B78AB6115
:10FAC00003B0BDE8F08F00BF38B50C46104B1546AB
:10FAD000014668B10122C3F8B8200E482246FFF75C
:10FAE0009DFF1DB10A4B0422C3F8B820002038BD89
:10FAF00064B1D3F89C20A24284BF0122C3F8B8208D
:10FB0000C3F898400222C3F8B820EAE70122FAE7D6
:10FB1000001008409010084010B50EF094FD184BEE
:10FB2000184901229A65C3F888201A66164A5A664F
:10FB30000722C3F884200A80144900220A804FF467
:10FB4000A021C3F8E81003F1C0630446C3F8EC1029
:10FB50000F4B1A600F4BD3F888305B020AD50E4B5F
:10FB600018680E4B4FF48002C3F88820416BA43014
:10FB7000FCF7E8FB2046BDE810400EF068BD00BF72
:10FB8000001008408E3D0020181600208C3D0020FB
:10FB9000F037002000400840EC35002000400844C9
:10FBA0000D4B07221A800D4B00221A800C4B0121AD
:10FBB000C3F8B810C3F890204FF40052C3F8940073
:10FBC000C3F8B420074BF0221A6403F10073A0229B
:10FBD0001A64FFF7A1BF00BF8E3D00208C3D0020BE
:10FBE00000100840000008442DE9F041044688B1A7
:10FBF000394E3A4F0EF027FD3388394A03F0780129
:10FC0000032C054603F07F0C114453D13C6824B902
:10FC10000EF01DFD0320BDE8F08124F001043868DA
:10FC200020F00100A0424AD100223A6022886FEA07
:10FC300042426FEA52428C42228036D1294CDFF890
:10FC4000B8C02788ACF180083A46083A92B201F170
:10FC50000800604528BF4046082A04D9B0F900E0F2
:10FC6000BEF1000F36DB22803B440C8888781E49A9
:10FC70009B1ADBB2C4F30C04CC6300F007003380A2
:10FC8000CB66C1F88420FFF77BFE04280DD1174B0B
:10FC9000D3F88830164B1868164B4FF48002C3F81F
:10FCA0008820416BA430FCF74DFB28460EF0CFFCBA
:10FCB0000020B0E7601E012898BF0C46AFE7094856
:10FCC00062440088A21A48BF803208389042ADDCF6
:10FCD00028469DE70146B8E78C3D0020F03700201C
:10FCE000181600208E3D00200010084000400840FB
:10FCF000EC35002000400844981600200E490F4BB8
:10FD00000A881B880E481344073B03F0780303441A
:10FD10000832987892B20A8000F007000949042856
:10FD2000C1F8842004D101F540514A681203FCD483
:10FD3000054A1360704700BF8E3D00208C3D0020B7
:10FD40001816002000100840F037002010B5054CB0
:10FD5000206828B1C30701D4FFF746FF00232360C2
:10FD600010BD00BFF0370020084B4FF48032C3F8BD
:10FD7000EC2003F17C43C3F8E420D3F88030C3F3D4
:10FD80000C03782B01D8FFF7FBBD70470010084427
:10FD90002DE9F84304460E460EF055FC504B514DEC
:10FDA0001A882D888146504802F07801032C02F011
:10FDB0007F03014417D14D4C24688CB92A44073A7B
:10FDC00002F0780284180344E31A48BF8033AB4240
:10FDD00010DB48460EF03BFC00242046BDE8F883CB
:10FDE00024F00104EFE7012C02D0022CEBD1083DF6
:10FDF0000C46E8E7002E41D08C423D4942D1D1F873
:10FE00003C800A6B02F00702063201279740D1F8C6
:10FE10008020C2F30C029A4247DDB4F900302588F5
:10FE2000002BD6DBA378C5F30C0503F007037A1E7D
:10FE3000A5EB08053A43052B337005EA02052CD8DB
:10FE40002DB2E84340F236420421C00FFAF7D6FC47
:10FE50007580E378274A337412687B1E03EA08032F
:10FE6000D118B160A9B213FA85F5BD4289BFFF1A56
:10FE70000023B780F2609CBFB180F36048460EF06B
:10FE8000E6FBAAE7A4F10802824238BF04F1780237
:10FE9000B2F80080C8F30C08B3E7174BDB6C003BEB
:10FEA00018BF0123A5EBC305CAE78B6B7A1EA3EB32
:10FEB00008033A431A40114B15B25B686AB9C3F3A1
:10FEC0000363D91E4B424B41DB0033700B4B7280F6
:10FED000D3F89030C3F30723BCE70823F5E700BF4E
:10FEE0008C3D00208E3D002018160020F0370020A9
:10FEF00000100840F437002000000840004008408F
:10FF000010B50EF0A0FB084B1B6804463BB19847A8
:10FF100028B1002200204FF48061FCF7BBFF20468F
:10FF2000BDE810400EF093BBF83700202DE9F74FE5
:10FF3000DFF8ECB08146DBF800A00F46FBF7AEFC23
:10FF40004FF0FF35CDE9000100202C46064606F1B2
:10FF500010031B015BF8033003F00308B8F1010F35
:10FF600015D13046FBF7B2FC02460B46DDE9000135
:10FF7000FBF742FBDBF85C3006F10802D340DB07FD
:10FF800037D5002F3ED000253E602C464046013636
:10FF9000052EDCD150B3224F396B0131A4FB014156
:10FFA00064190AF4403341F10001B3F5003F4FF00A
:10FFB00000022FD1FB6A0AF4405A013342F10006D5
:10FFC000BAF5805F21D1BD6A15F5807542F1000256
:10FFD0006E4303FB0266A5FB03323244594304FB24
:10FFE0000212A3FB04341444C9E9003403B0BDE891
:10FFF000F08FA84271EB0403C8D207B13E600546FA
:020000021000EC
:100000000C46C3E73D463C46C0E7320242EA136273
:100010001B02E3E7BB6A13F5807342F10002DDE7E0
:1000200000500840024B99685A690A401A617047AB
:100030000040044008B5FFF7F5FF054B5B7B01333B
:100040000122DBB202FA03F3024A136108BD00BFCA
:10005000A83500200040044038B504460D460EF097
:10006000FDFA064A13889BB22DB123431380BDE8E5
:1000700038400EF0F9BA23EA0403F7E7923D002076
:10008000034B002201214FF480701A70FFF7E4BF88
:10009000BD40002008B5054B186812F0DEFD00F0E9
:1000A0000300C31E5842584108BD00BF1438002049
:1000B000F0B585B00023CDE901330393124B134D06
:1000C000134E1B788DF804300EF0C8FA2A78337876
:1000D000104F9A4204460CD031783868297001AA32
:1000E000FFF726FC50B10C484FF41E610EF03CFEA9
:1000F00004E0386812F0B1FD0128EDD020460EF082
:10010000B3FA05B0F0BD00BF251400202214002072
:100110002314002014380020A280020038B50446C1
:1001200011F09AFB0C4B05461978987881420FD054
:10013000631E082B0CD8DFE803F0050D0B0D0B0D2B
:100140000D0D0D0000220146044B186812F083FDCE
:10015000284638BD0022F7E7251400201438002077
:10016000F8B52B4B1B7823B12A4840F6F6310EF038
:10017000FBFD0EF073FA284B1C8814F006040646AB
:1001800009D001214FF48070FFF766FF3046BDE8CB
:10019000F8400EF069BA21464FF48070FFF75CFF1B
:1001A000204602F013F802280AD180221B4B80213E
:1001B000186812F06CF90EF0CDFDFFF779FFE5E756
:1001C000204602F003F8054638B1012807D011484F
:1001D00040F638410EF0C8FDD8E70246E6E70F4F7B
:1001E0003868FFF781FB386812F037FD01280CD022
:1001F00038682A46294612F032FD21462C20FFF7A6
:100200008DFF21460A20FFF789FF0EF0A4FDBDE710
:10021000BD400020A2800200923D00201438002042
:1002200038B54FF0FF300C4615F0C5F80A4B0546BF
:10023000186815F0C0F8641B241A20B210F1630F7F
:1002400006DB10F1240F05DA64308000C0B238BD3F
:100250000020FCE7FF20FAE71438002010B50E4C10
:10026000236823B90D4840F6A7410EF07DFD2068B4
:10027000013012F090FE00F0070003280AD1246834
:1002800009220121204601F0B5F8205C031F5842E5
:10029000584110BD0020FCE704380020A280020075
:1002A00008B5134B1B78062B04D0124840F61401F6
:1002B0000EF05AFD104B1B881B0704D40D4840F666
:1002C00015010EF051FD0D4B2A201978FFF726FF7E
:1002D00000210820FFF7C0FE094B02221A70094BCB
:1002E0001868FFF701FBBDE808400FF0E3B800BF56
:1002F000BD400020A2800200923D0020BA400020B4
:1003000020140020143800200148002102F0F0BD24
:10031000C41100207F2837B5044612D119494FF681
:10032000FF730246ADF80630098802230DF106007E
:100330000EF036FDBDF80640E20554BF64B26FF022
:100340004A040EF08BF9104B1C70104B1B88DB0716
:10035000054610D50E4B1B78002B0E4B0CBF2146CB
:100360006FF07F01186812F0B3F820B10A484FF41B
:1003700069610EF0F9FC284603B0BDE830400EF08C
:1003800073B900BFAC5A02001A140020923D00203D
:10039000BE40002014380020A280020008B50A4B9D
:1003A0001B88DB0604D4094840F637010EF0DCFC5C
:1003B00000211020FFF750FE002001F069FEBDE88B
:1003C00008400FF077B800BF923D0020A2800200E5
:1003D000F7B5124CD4E9006586EA020C85EA0307FA
:1003E0000CEA000C0F405CEA070E15D086EA0C06FA
:1003F0007D40C4E90065CDE900230B46084902466B
:10040000086812F040F838B1064840F2FB1103B01A
:10041000BDE8F0400EF0A8BC03B0F0BD9816002077
:1004200014380020A280020010B50EF094FA60B1DA
:100430000EF093FA0B4A80B141F20D03BDE8104073
:10044000084841F20D01FFF7C3BF074B1A789B78AC
:100450009A4204D100220023F0E70D23EEE7034A7D
:10046000F9E700BF400D030025140020488D01006E
:1004700038B5294B1B889B07044647D5274B0022DC
:100480001868012112F075FC012C254B2DD119782B
:1004900059B30139C9B2197011B92020FFF7DCFD39
:1004A00000210220FFF7D8FD1E4B1F480422002127
:1004B0001A7002F01DFD1D4C2068013012F06BFD1A
:1004C00000F44060B0F5006F23D1246801210422BC
:1004D000204600F08FFF204412F05DFD0146BDE88C
:1004E00038400022202010F040B9114D0021022098
:1004F0001970FFF7B1FD2B78FF2B04D00D4840F2A7
:1005000085610EF031FC2C700EF0D4FF012CD2D09E
:1005100038BD4FF6FF71E2E7923D0020143800200D
:10052000BC400020BD400020A41100200438002061
:1005300021140020A280020038B5124C2388054601
:10054000580709D5FFF7A6FD01460720FFF7E6FD8E
:1005500000210420FFF780FD238899070AD50A4B64
:1005600019788A1F514251412846FFF7D7FD0120D3
:10057000FFF77EFF23881B0703D5BDE83840FFF750
:100580008FBE38BD923D0020BD4000202DE9F04FC8
:10059000570691B0804614461D4605D5FFF77AFDF3
:1005A00001460120FFF7BAFDEE0403D500212D20FE
:1005B000FFF7B4FDA00223D5404612F0B3FB01467D
:1005C000F0B94020FFF748FD0AA9404612F010F8A4
:1005D000B0B99DF83030022B65D1BDF8280014F079
:1005E000B9FBFF2808D1404612F000F840B90121BC
:1005F0004020FFF731FD03E014F0B2FB0028F2D1F8
:10060000A10305D5FFF746FD01460320FFF786FD50
:10061000E20104F080734CD5A44B1B889F072FD5B3
:10062000A34E306811F08AFF50BBA24BA24F187046
:100630003B78FF2B04D0A14840F22A610EF094FBD6
:10064000002102204FF00009FFF706FD87F8009017
:100650009B4F3B78062B07D101210820FFF7FCFCBC
:1006600049462820FFF75AFD3B78052B06D100218B
:100670002B20FFF753FD3068FFF736F90EF01AFF15
:10068000260740F1B0808A4F05AA3868032112F08E
:100690004FFB0646002849D1FFF7FCFC0146042029
:1006A000FFF73CFD9FE0032BAAD10AA814F041FB01
:1006B000A4E705F0020213430BD0814B19788E1F7B
:1006C000714271412620FFF729FD0120FFF7D0FE7E
:1006D000D6E704F080531A4309D0794B1978881F64
:1006E000414241412620FFF719FD0220EEE704F0C8
:1006F00088410B4306D0724B19788A1F51425141F1
:100700002720F0E705F008030B4302D02320FFF772
:1007100005FD6B0703D500212420FFF7FFFCEF0741
:10072000AED500212520FFF7F9FCA9E79DF814308C
:10073000072BB1D101460AAA386812F001FB002844
:10074000AAD1BDF81610386802310AAA89B212F08F
:10075000F9FA824600289FD100903868042304AA41
:10076000314612F013FB042896D1DFF8609199F816
:100770000030002B40F0AC800DF1110012F00BFCAA
:1007800000F00700022840F0A380FFF783FC014639
:100790000920FFF7C3FC4A4B1B78062B23D1494B9A
:1007A0009DF813201B789A421DD19DF8353023B94E
:1007B000424840F2E7610EF0D7FA0DF1110012F055
:1007C000EAFBC0F3001631462920FFF7A7FC002101
:1007D0000820FFF741FC3C4B1E70FFF73FFD10B9AE
:1007E0003868FFF781F8E20505D5FFF753FC0146AD
:1007F0000420FFF793FC14F4863F05D0FFF74AFC72
:1008000001460220FFF78AFCA30111D5FFF742FC45
:1008100001460820FFF782FC00210420FFF71CFCA2
:10082000274B1B78012B03D1214B1868FFF75CF88D
:1008300014F0084F09D0FFF72DFC01460720FFF701
:100840006DFC00210420FFF707FCA70009D5FFF786
:1008500021FC01460620FFF761FC00210420FFF780
:10086000FBFBA60705D5114B1B881C0701D5FFF71D
:1008700017FD680603D500210A20FFF74FFC290663
:1008800002D5012012F020FBEA0540F1C18040466C
:1008900012F0DFF9052800F2B1800138042800F2D7
:1008A000B780DFE800F0B2C2B2B2B200923D0020E1
:1008B00014380020BC40002021140020A280020037
:1008C000BD400020B840002020140020C04000207F
:1008D000BDF816000830012180B202F09DF90290A7
:1008E00000283FF4D9AE02F0D1F80799BDF81820DE
:1008F000064611F062F8089941B1BDF81800BDF83C
:100900001620121A92B2304411F057F899F80030BC
:10091000039303BB06F1010B584612F03CFB800623
:100920005BD5386812F0FEF90746FFF7B3FB0537D1
:100930000146F8B2FFF7F2FB584612F02CFB00F02C
:10094000070003283E4F2ED001210420FFF784FB2F
:1009500011F035FE38603B4ABDF816301278F2547B
:10096000F7189DF83630BB709DF83730FB700A9B46
:10097000FB711A0E3A711A0C7A711A0A99F8003042
:10098000BA7133B97378BAF1000F34D043F0200351
:100990007370002001F0AAFD7870029802F098F9B7
:1009A0000EF088FD1FE701210922304600F022FDEC
:1009B000305C04284FF00101C7D1FFF74DFB11F067
:1009C000FEFD214B38601B885906C4D50399402091
:1009D000FFF742FB4FF0010ABDE7FFF75BFB014663
:1009E0000920FFF79BFB194B1B78012BB3D138680B
:1009F000FEF77AFFAFE723F02003C9E7342804D0DD
:100A00000FD8142801D0242811D12620FFF794FDF7
:100A1000AB0512D50121802011B0BDE8F04FFFF7E2
:100A20001BBB00F0EF004428EEE72720EEE7084864
:100A300040F6D3010EF098F9EAE711B0BDE8F08F67
:100A40000038002022140020923D0020BD400020EC
:100A5000A2800200F8B5164E33780D4602F001046C
:100A600023B1144840F2A2310EF07EF9124B134F1D
:100A70001D60134DA4B1134B997801B101212020C1
:100A8000FFF7EAFA2B783B700F4B1C780F4B10489E
:100A90001C7004233370BDE8F840002102F028BA2E
:100AA00021462020FFF7D8FA2B783B70EEE700BFF5
:100AB000BD400020A280020004380020BA4000207F
:100AC0002414002008380020BB400020BC40002037
:100AD000C41100202DE9F843DFF8A481634C0DF028
:100AE000BDFDB8F8003013F4807F054603D02378AD
:100AF00073BBFFF735FB00210846FFF70FFB5C4B8C
:100B00001A78FF2A13D01A7802F0FF0632BBFF22B0
:100B10001A702378052B0AD10023284623700DF084
:100B2000A3FD304612F0C3F90DF098FD0546237879
:100B3000504E062B09D13378FF2B06D03378022B89
:100B400015D14D48002102F0D3F9FF2333702BE07B
:100B500000214FF48070FFF77FFACCE71A78012A62
:100B60004FF0FF021A7014BF33264C26D4E73378B7
:100B700013B13378012B22D1FFF770FB96F8009068
:100B800007463D4802F050FAFF235FFA89F93370B7
:100B900077B1B9F1010F44D1374884F8009064214E
:100BA00002F0A6F9FFF784FA28460DF05DFD06E095
:100BB000284627700DF058FD384612F078F9B8F83D
:100BC00000301B0605D500218020FFF745FA0EF006
:100BD00077FC02F08FF8294E308000B32778012F80
:100BE00042D101F053FF054610B3013012F0D3F9A2
:100BF00000F44060B0F5006F1AD10422394628464F
:100C000000F0F8FB284412F0C6F94FF6FF73984243
:100C10000ED13188002001F08DF900233380BDE82A
:100C2000F8830023284623700DF01EFD3F20C4E703
:100C3000114802F0F9F900210846217001F02CF961
:100C4000012523780BB9FFF78BFA3188002001F0DA
:100C500071F900233380002DE1D020780028DED107
:100C6000BDE8F84312F0E5BA0025EAE7BD400020F0
:100C70002114002020140020C4110020903D0020E9
:100C8000923D002008B513460A461946064B1868DF
:100C900011F0A0FC30B1BDE80840044840F2CC415E
:100CA0000EF062B808BD00BF14380020A280020018
:100CB00008B513460A461946064B186811F084FC1D
:100CC00030B1BDE80840044840F2D3410EF04CB8C2
:100CD00008BD00BF14380020A2800200024B187823
:100CE000B0FA80F040097047BD400020024B1878F0
:100CF000431E584258417047BD40002008B5064B7E
:100D00001B7823B1054840F2FC410EF02DF8FFF7A7
:100D100027FA002008BD00BFBD400020A2800200CD
:100D200008B5064B01EB81011868490011F0E7FB9B
:100D3000002814BF2120002008BD00BF1438002067
:100D400008B5044B1868F9F743FD0A2390FBF3F04C
:100D500040B208BD14380020014B1878704700BF1E
:100D60002314002008B5044B186811F014FBB0FAE6
:100D700080F0400908BD00BF1438002038B5124D7E
:100D80002B78012B0C4604D9104840F21D510DF070
:100D9000EBFF21460020FFF7E5FF90B10C4B1C70E4
:100DA0002B785BB9FFF7DCF90A4B93F900100A4B7B
:100DB000C901186811F069FB002038BDFFF778F908
:100DC000F2E72120F9E700BFBD400020A280020029
:100DD00023140020BF4000201438002008B5054B24
:100DE0000121186811F056FF0028B8BF033040F306
:100DF000870008BD1438002008B5074B186811F0AB
:100E0000C4FA30B1054BB3FBF0F083B20BB1184616
:100E100008BD0120FCE700BF1438002040420F004D
:100E200008B5074B186811F0B4FA30B1054BB3FBA5
:100E3000F0F083B20BB1184608BD0120FCE700BFFB
:100E40001438002040420F002DE9F347534F012092
:100E50000DF082FF3B88990704D4514840F6464183
:100E60000DF082FFDFF85C8198F80030053B012B24
:100E700004D94B4840F648410DF076FF494E33689F
:100E800023B9474840F64B410DF06EFF3C8814F003
:100E900020045CD001212220FFF740F94FF47A743E
:100EA000FFF7BEFF33681B780933434304EBC304E9
:100EB00098F80030062BA5B20BD1FFF79DFF044632
:100EC000FFF7AEFF602358430C2303FB04002844C4
:100ED00085B2D6F80090344B99F800801C78334ED8
:100EE00008F1FF381FFA88F8002C3FD13B885A05DB
:100EF00032D57378DFF8C8A026468AF80030CAF8E1
:100F000008500DF02EFD30B10DF029FD012814BF61
:100F1000102308231E43264D802349462868424655
:100F200011F002FF234B1978234B19703B889B0665
:100F30001FD5CDF800A0214B28683246FEF7EAFC09
:100F400010BB002002B0BDE8F0470DF005BF214600
:100F50002220FFF7E3F8A3E709F1010012F01BF8E4
:100F600010F020047378C5D00124C3E773780024FF
:100F7000C0E7134B28683246FEF7BEFC014618B99D
:100F80002520FFF7CBF8DCE721462620FFF7C6F83F
:100F9000034840F6EE310DF0E7FED2E7923D002027
:100FA000A280020004380020C04000202514002048
:100FB00014380020231400202214002008380020B8
:100FC00088110020BD40002008B5174B1B889B07E7
:100FD00004D4164840F6BE610DF0C6FE144B1B78D3
:100FE000053B012B04D9114840F6BF610DF0BCFE52
:100FF000104B1B6823B90D4840F6C1610DF0B4FEDB
:101000000D4B0E49002221201A70FFF787F818B9FE
:10101000BDE80840FFF718BF022803D1BDE808402B
:10102000FFF726BA08BD00BF923D0020A280020053
:10103000BD40002004380020B7400020D911010035
:10104000F8B5594C23889A0704D558484FF438719D
:101050000DF08AFE564801F0E7FF0DF0FFFA2388F5
:101060005B0705460BD511F0AAFA524B1B68C01A54
:10107000B0F5717F03D900210420FEF7EDFF28466B
:101080004D4D0DF0F1FA2B78042B32D10DF0E6FA2C
:1010900023885F07064608D54548002101F028FF50
:1010A0003046BDE8F8400DF0DFBA0DF0DDFA0DF086
:1010B000D5FA424B424F1B78064613B9238859058F
:1010C0000FD50523012102202B70FEF7C5FFFFF786
:1010D0007BFF30460DF0C8FA3B68DA78394B1A705E
:1010E000F8BD3868013011F056FF8206E9D50623B5
:1010F000E8E7062B4DD1344B1B78FF2BF0D1334E54
:101100000DF031FC3378002B3DD00DF0A7FA238889
:101110005B07054605D52648002101F0E9FE284673
:10112000BFE70DF0A1FA3378013B33700DF096FA6A
:10113000012104460220FEF78FFFFFF745FF2046FE
:101140001F4C0DF091FA2068013011F024FF00F4DB
:101150004060B0F5006F13D12468012104222046BD
:1011600000F048F9204411F016FF0146184B1A7898
:101170003378D21AD2B2BDE8F84004200FF0F5BAA5
:101180004FF6FF71F2E72B704020BDE8F84011F0F8
:101190008EBE012BA4D100232B700E4B1868FEF7D6
:1011A000A3FB3F20F1E700BF923D0020A280020098
:1011B000C411002000380020BD400020C0400020A5
:1011C00004380020B840002020140020BA4000203D
:1011D000241400201438002008B50A4B1A7882B96C
:1011E000012210281A7004D0074840F6B5610DF0AE
:1011F000BBFD00212020FEF72FFFBDE80840FFF7D0
:1012000023BE08BDB7400020A280020038B51020E0
:101210000C460121FEF720FF064B1D68FFF7ECFD91
:10122000054B00FB04F10122284611F01CFD0020B3
:1012300038BD00BF143800209D03010008B5094BDC
:101240001B88DB0604D4084840F293510DF08CFD56
:1012500010200021FEF700FF044B1868BDE808408D
:1012600011F00FBD923D0020A28002001438002032
:1012700010B5064C206811F086F9C30704D5206824
:10128000BDE8104011F081B910BD00BF1438002036
:1012900008B5094B01221868114611F0E0FC002145
:1012A0002C20FEF73BFF00210A20FEF737FFBDE8A8
:1012B00008400DF050BD00BF1438002001480DF06B
:1012C00053BD00BFBC800200014B4008185C704752
:1012D0001C14002008B513460A461946064B186828
:1012E00011F07EF930B1BDE80840044840F6EC4109
:1012F0000DF03ABD08BD00BF14380020A2800200E6
:1013000008B5044B186811F0A8FC013818BF01207B
:1013100008BD00BF1438002070B505460DF09EF9D9
:101320000E4B0F4E1B883570DA07044608D50D4B5F
:101330000D4D1B78012B08D90121286811F0F0FC14
:101340002046BDE870400DF08FB91BB10DF001FBD8
:10135000C305F1D4317881F00101EEE7923D002020
:101360001B140020BE400020143800200C4B1B88AA
:10137000DB0710B5044611D5FFF756F8094B84F08A
:1013800001021868D200082111F081F830B1BDE8DF
:101390001040054840F64D710DF0E6BC10BD00BF91
:1013A000923D002014380020A280020008B5044BB2
:1013B0000146186811F01FF9003818BF012008BD58
:1013C0001438002010B50A4C23787BB1FFF760FF7A
:1013D00000210420FEF740FE00210220FEF73CFE23
:1013E00000232370BDE81040FEF7BABE10BD00BF59
:1013F000BD400020032A134601D911F073BD014AF4
:10140000D05C7047C680020018B1034B1960002001
:101410007047024BFAE700BF183800201C38002044
:101420002DE9F8431046DFF82481174611F0B3FD8B
:10143000D8F8003005462BB9424B1B6813B9002081
:10144000BDE8F88315F4406905F040060FD136BBBE
:10145000B5F5804F52D24FF48074D8F80030002B8D
:1014600056D1384B1B68002BE9D0002262E0F81CF3
:1014700011F091FD4FF6FF73984214BF012402242E
:1014800086B1052605F44043B3F5004F44F0080447
:1014900024D0B5F5804F23D244F4807420E04C462C
:1014A0000326EFE7B5F5804F4FF00506F4D3B9F505
:1014B000406F14BF022008203044384411F06BFD07
:1014C000214BB3F85C3005F4404583420CBF44F037
:1014D000080444F00404B5F5004F01D144F0800441
:1014E000B9F5006F0ED1B81911F055FD164BB3F8D0
:1014F0005E308342B1D144F01004AEE74C4603267F
:101500000220D9E7B9F5406F08BF44F02004A4E7F2
:101510000022D1B233F8110033F911100029A0DBF9
:10152000A04202F10102F4D1012089E7A04202F1B8
:101530000102F9D0D1B233F8110033F911100029AA
:10154000F4DA7CE718380020BC3800201C38002072
:101550002DE9F04F104685B01646984611F01BFD58
:101560005D4F00F00803B7F85C100293044600F0EA
:101570000709F01C0391B7F85EB011F00CFD06F1FD
:10158000050A0546504611F006FD03464FF6FF706A
:10159000854218D00399A1EB050CDCF1000545EB61
:1015A0000C056D004FF6FF718B420ED145F004051E
:1015B00000F0ECF9029B6BB1B9F1000F11D04220A1
:1015C00005B0BDE8F08F0125ECE79B4508BF45F06D
:1015D0000805EDE7B9F1030FF1D8DFE809F0021BC8
:1015E000795D00F0D3F908B9A807E8D524F008041C
:1015F000A4B2B4F5004F05D0B4F5624F02D0B4F5F3
:10160000404FDCD1002597F8A8202946002011F092
:10161000D6FD3CE0D7F88030E3B9002132460846D9
:10162000FFF7FEFED8B924F038039BB248F641021A
:101630009342C4D10A2D49D0062DC0D197F87730F6
:10164000023B012BBBD8FFF751FB0028B7D140F676
:10165000040505E04146304698470028DDD00825BE
:10166000E20648BF45F08005A30648BF45F4805513
:1016700005F00C03042BC6D1F01D11F08CFC97F87B
:10168000A830009332462B46414611F06DFD08B359
:101690000E9B1880002093E7A90705D1B7F85C20BE
:1016A0004FF6FF739A428AD104F44063B3F5006F9A
:1016B0000AD0B3F5406F82D108490822504610F095
:1016C0003EF900287FF47BAF0C25C9E70425C7E766
:1016D000432075E7192073E7BC3800201C3900202F
:1016E000074A084900231360074A1360074A13603A
:1016F000074A1160074A01211170074A13607047B9
:101700002C3800201932020028380020243800200C
:10171000E411002028140020343800200E2A70B56F
:101720000C4606461546194603D9FFF7D9FF502047
:1017300070BD012807D10020FFF7F2FAF8B1FFF7DA
:10174000CFFF2120F4E7284B4FF4FE421A80274BAD
:101750007F221A70264B80221A70264B0021198096
:10176000254B1960254B1B684BB1342001F054FA0E
:10177000234B188018B9FFF7B3FF0120D8E724F0F6
:10178000FF6323F4FF231BB1FFF7AAFF4F20CFE72E
:101790007CB92046FFF7E0FA10F0800F43B24FF01B
:1017A00001041BBF00F01F039C409C4044F07844A0
:1017B0000325144B14491E70144B1D70144B24F058
:1017C00078441C60134B00201870134B1A6800F00B
:1017D000E3FA18B1FFF784FF0420A9E70F4B9DF847
:1017E00010201A70A4E700BF963D0020C2400020E0
:1017F000C1400020943D00203038002024380020D3
:10180000983D0020C7400020091C0100C540002071
:1018100034380020C64000202C380020C34000206F
:101820007FB5244B24481A7824490078012303FA11
:1018300002F21A4400250A60ADF80E5020B3984217
:1018400036D11F4C1F4B20781B681F4E0DF10E0127
:101850009847BDF80E20307092B11C4B0093019553
:1018600002232946284600F0D1FA3278237822B1A3
:10187000012A06BF0133DBB21B23237004B070BD05
:10188000013818BF0120F0E778235A43013A0A6073
:101890000F49082200F086FC0B49094A09781378A1
:1018A00021B1012906BF0133DBB21B231370E5E729
:1018B0001846E3E7C5400020C74000203838002024
:1018C000C6400020E411002028140020451C01001F
:1018D000D518010010B5244B244C1878002834D1B9
:1018E000FFF77CFA224A136801331360214A92F908
:1018F00000108142B8BF10701F4A92F90010814257
:10190000C8BF1070012B1D490DD10002088023684B
:101910000BBB1B4811F0A9FE014620BBBDE81040DF
:10192000174801F0E5BAB1F90020A2EB221303EB4E
:1019300000131BB20B801349A0EB2323A0EB222042
:101940000A8813FB00230B80E1E72368002BE0D01B
:101950004FF4707200E008220B49002000F022FCD6
:101960002368013B236010BDC740002038380020A9
:1019700030380020C1400020C2400020963D0020A9
:10198000E8110020943D0020D5180100054B1B688C
:101990002BB9054B1868003818BF0120704701208B
:1019A000704700BF283800202438002037B505468E
:1019B0001C46FFF7EBFF68B974B1084B1A60084B7F
:1019C0001C60012300930A4603232946FFF7A6FE65
:1019D00003B030BD4D20FBE72520F9E7203800207B
:1019E0002838002013B50446FFF7D0FF58B962B17C
:1019F000074B1A60012300930A4603232146FFF791
:101A00008DFE02B010BD4D20FBE72520F9E700BF99
:101A1000243800202DE9F0410446DDE906869DF8D2
:101A200020701D46FFF7B2FF88B99EB1A2B10B4BE3
:101A30001A600B4BC3F800800A4B0A461E60214611
:101A400006972B460120BDE8F041FFF767BE4D2009
:101A5000BDE8F0812520FBE72120F9E7E411002013
:101A60002C38002028380020014800F035BE00BF87
:101A7000983D00202DE9F0410020FFF7A3FC0F4B1B
:101A80000F4C1E680F4B20881D680F4B0F4FD3F86B
:101A9000008010B1397801F031F800203870FFF77C
:101AA0001FFE00F033FC0EB14046B0471DB1208848
:101AB000A84700232380BDE8F08100BF283800201C
:101AC000983D00202438002034380020C8400020F1
:101AD0002DE9F0473D4801F0A7FA3D4B1C78002C5A
:101AE00042D13C4F2046FFF737F93B680546002BB3
:101AF0003AD0394EDFF804A1DFF80481DFF8049111
:101B0000012B1EBF348803F1FF33B4FBF3F4334BD6
:101B100034801C6834B19AF9013098F9002099F9A1
:101B20000010A0472E4B1B688BB12E4C2378312B15
:101B30000DD82D4B188800F0A9FF23785A1C22706D
:101B400098F80020C25423785A1C2270C5544FF4D0
:101B5000FE43AAF800307F2389F80030802388F8FC
:101B60000030002333803B60204C23781A2B23D88D
:101B70001F4A1278012A09D11E4A1568002125FA48
:101B800003F0C007DAB20FD501B122700020FFF7D1
:101B9000E3F82178884213D1174B00221A70FFF71F
:101BA0003FFE48B9BDE8F0870133D8B21A284FF09C
:101BB0000101E4D90A442270BDE8F047FFF75ABF9B
:101BC0000020FFF7DBF80028E6D0F5E7E811002059
:101BD000C740002030380020943D002020380020ED
:101BE00024380020C8400020983D0020C640002036
:101BF0002814002034380020C4400020963D0020E6
:101C0000C1400020C240002008B50B4B187880B9B5
:101C10000221FFF773F8094B1B782BB100214FF617
:101C2000FF720846FFF744F8BDE808400448FFF794
:101C30004FBF00210846ECE7C7400020C34000200A
:101C4000E811002038B5144B1D78012D0C4621D128
:101C500081B90846FFF780F8104A1149136805FA60
:101C600000F023EA0003136020462A46BDE838400E
:101C700000F098BA0B4A13780133DBB2022B1370D1
:101C800004D9BDE838400848FFF722BFFFF7C8FD78
:101C90000028F6D138BD00BFC740002034380020EE
:101CA000D5180100C4400020E811002038B50948CB
:101CB000094D00F011FD002495F84430E0B2834254
:101CC00000D838BD05EBC000043000F005FD01343C
:101CD000F2E700BF5C390020BC38002008B503499A
:101CE000104648220FF069FE002008BD143900207C
:101CF00008B5054811F0B9FC014620B9BDE8084017
:101D0000014801F0F5B808BD0812002038B51C4B99
:101D100000221A701C4615460132082A5D609D801B
:101D200043F8085FF8D14822002116480FF031FE31
:101D30004FF6FE73A4F868307F226FF480330021E1
:101D40001148E3650FF025FE104B84F84450C4E9B8
:101D50002835C4E9125584F85050656584F8A850B8
:101D6000F1F762F80A4B18700A4BFF22012100209C
:101D70001A70EEF7C5F90020FFF7BAFF002038BD52
:101D8000BC380020143900203C3800200000FFFF40
:101D9000C94000200F410020094B10B5AC2404FBC2
:101DA0000030836C53B990F850403CB931B1C0E970
:101DB00012122046FFF79CFF204610BD2120FCE7B1
:101DC000BC38002070B5AC230A4E03FB00F5731934
:101DD00093F850405CB920460BF016FC735D20462A
:101DE00043F002037355FFF783FF204670BD0120C7
:101DF000FCE700BFBC380020AC23034A5843135C07
:101E000023F0030313547047BC38002070B5164606
:101E10001F4A12780446C2BB1E4DAC2101FB005183
:101E20008A6C92BB91F850203AB1022B2DD191F8D7
:101E30004410072907D91C2026E091F844100729EF
:101E4000F9D8012B08D0AC2000FB0450CA00011DBA
:101E50000C300FF084FD0021AC2303FB04F000EBF9
:101E6000C10129449DF81430CB71049B8B602B1861
:101E7000002493F844208E80013220468C7183F830
:101E80004420FFF735FF204670BD0120FCE700BF6E
:101E9000C0400020BC380020F8B5234B1B78044616
:101EA0000F46002B3ED1214DAC2303FB0053B3F86A
:101EB000A03023B91E4840F236310CF055FFAC2259
:101EC00002FB0452D2F8A46036B192F8A330B2F803
:101ED000A02039460020B047AC236343EA18002114
:101EE000A2F8A010C2F8A41092F8A820482101FB83
:101EF00002322A44D2F89820964213D0EB5C9B071A
:101F00000CD5AC2262432046AB5C23F0020343F0C5
:101F10000103AB54BDE8F840FFF7EABE0BF096FBB7
:101F20000028EED1F8BD00BFC0400020BC38002022
:101F3000078202002DE9F04F8BB00D46079008464E
:101F400000F0A4FD044618B921200BB0BDE8F08FC5
:101F5000284600F0B7FDC0B208382218215C92F87C
:101F600002B092F803A05268069200222678B4F8D4
:101F70000130ADF82620434A059192F80090B9F15E
:101F8000000F09D0404B1B6823B14FFA8BF251462A
:101F9000204698470020D8E703F00703022B6ED0B5
:101FA0000134092249462046FFF724FA023EF6B2E0
:101FB000331ADAB21B0607460392C5D4DFF8CC8089
:101FC000D8F890302BBB00210DF12609039BCDF8EA
:101FD000009022460846FFF7BBFAC3B20546002B25
:101FE00048D1BDF8260011F023F8C8B9BDF8260085
:101FF00011F007F90490BDF8260011F019F8D8B9CE
:10200000012332462146484600F08CFEC8B1192013
:102010009BE74A460121284698470028D3D193E7F9
:10202000D8F89430BDF82600002BDFD0E11998478E
:102030000028DBD1022088E7039A0498E1190FF009
:10204000BCFCBDF8260000F021FD059B8372069BB9
:10205000079A80F808A01BBAC360AC2303FB028375
:1020600080F809B093F85020BDF8260022B1DB6C4F
:1020700003B19847E8B268E7D8F87830F8E701206C
:1020800063E700BFC0400020FC370020BC380020C0
:1020900070B50A4CAC2303FB004305465E6D26B9C0
:1020A000074840F2F7310CF05FFEAC2303FB054418
:1020B000002363653346BDE870401847BC380020F4
:1020C000078202002DE9F84308460F46164602F142
:1020D000010911F09BF88046384610F0A2FF042851
:1020E00056D1384610F0C1FF2C4C4FF6FF7248F61F
:1020F000410348F66105904208BF1D46B4F85C10E4
:10210000301D10F04AFF384610F0AFFF0146B01DF9
:1021100010F043FFB4F85E1006F1080010F03DFF28
:1021200006F10A04384612F008FE10B145F0100519
:10213000ADB22946484610F030FF384611F061F83C
:102140004246014620460FF038FC3846012100F097
:1021500027FD4444074660B100F0B4FC054638460C
:1021600000F094FCEDB201462A4620460FF025FC13
:102170002C440B4A1378F370A41B591C01341170C2
:10218000347030460922BDE8F8430121FFF732B927
:10219000484610F000FF4C460546C3E7BC38002017
:1021A000C9400020084B10B40C461146AC2202FB7B
:1021B0000033586D20B95C655DF8044BFFF726B815
:1021C00002205DF8044B7047BC38002010B50B4B63
:1021D000AC2250431A18482492F8A81004FB0100BE
:1021E000034493F87700022806D092F850301BB9C8
:1021F000032818BF012010BD0020FCE7BC380020D8
:1022000070B508B1012070BD234C94F8A850002D82
:10221000F8D1B4F85C202946FEF74AFDB4F85E20F8
:1022200029462846FEF72EFD04F16002294628467D
:10223000FFF750F894F87730002BE3D0284694F855
:102240005860FEF789FD864215D1002094F95A5056
:10225000FEF776FD854216D10020FFF7B7FF044652
:102260000020FEF73BFD0028CDD021460020BDE830
:102270007040FEF743BD94F858102846FEF77EFDE7
:102280000028E2D0BFE794F95A100020FEF748FD7D
:102290000028E1D0B7E700BFBC38002010B51446D5
:1022A000174A0346AC2000FB032292F8770002286D
:1022B0000CD1E07F022809D141B1124909780129E6
:1022C00013D992F85810227891420ED121781846ED
:1022D000FEF748FD90B10C48482221460FF06DFBF7
:1022E0000020FEF7FBFC08B9002010BD044B93F85A
:1022F000A8000028F8D1FFF783FFF5E72120F4E7D5
:10230000BC380020EF3E00201439002008B5094BEE
:10231000AC2202FB003300205A6DD86483F85000D1
:1023200012B15865FEF78AFF0020FFF769FF002011
:1023300008BD00BFBC3800207FB51C4C94F8A83005
:1023400023B1002084F8A800FFF75AFFB4F8A0508A
:1023500094F85A308DF80F3025B9154840F2ED2128
:102360000CF002FD134A29460020FFF7ABFEE66F92
:10237000104C02469EB10DF10F0301930023009310
:1023800021462846B0470246247854B920462146C3
:10239000FFF782FD2046FFF7ABFC04B070BD0122C1
:1023A000F2E704490020FEF755FBF6E7BC380020B1
:1023B000078202003C38002038B5494B1C78002CBD
:1023C00058D1484800F030FE2046FEF787FC002830
:1023D00050D0454C2378D90733D594F850201AB102
:1023E00023F00303237045E023F0010323700BF077
:1023F00015F923789A07054601D50BF005F929460A
:1024000000200BF07FF840B9237843F001032370DC
:102410002846BDE838400BF0F7B8002384F8A33015
:1024200094F8A83084F8A250482202FB0343A4F891
:10243000A000D3F89830C4F8A430BDE83840FFF7C6
:102440007BBF94F84400B0B1251D95E8030004F16A
:10245000A00383E80300FFF76FFF94F8442004F122
:102460000C01D20028460FF07AFA94F84430013B70
:1024700084F8443038BDA26C62B99B0711D523782B
:1024800023F0020343F001032370BDE8384000202D
:10249000FFF72EBC012384F85030A06490472378C6
:1024A0009EE70BF0D3F80028E9D194F8A83073B177
:1024B000F4F708FB94F85030002BDBD1FF2818BF4D
:1024C00084F8A800BDE838400020FFF799BED4F892
:1024D0008C30002BECD098470028CBD1E8E700BF28
:1024E000C040002008120020BC380020034BAC2262
:1024F00002FB003393F8A800704700BFBC380020EF
:1025000070B504460020FEF7E9FB0C4EAC235C439B
:10251000351995F850300BB1002070BD0028FBD064
:10252000074811F0A2F80028F6D1335D002BF3D153
:1025300095F84400B0FA80F04009EEE7BC3800207E
:102540000812002028B1034B1B68C01A401001304C
:1025500080B270477839002030B1044B00F1004060
:102560001B68013803EB4000704700BF783900203A
:1025700010B5034610F065FE074A03EB40031468EC
:102580004FF6FF729C42184604D90188914203F12C
:102590000203F7D010BD00BF703900202DE9F047CD
:1025A000204F3B880546A3B3B0F90230002B30DB47
:1025B000DFF87C801C49D8F800000FF0F4F920B94E
:1025C0001A4840F2CD110CF0CFFBDFF860A0DFF825
:1025D000649000263A88B3B29A4204D840F2CF11F0
:1025E00050460CF0C1FBD9F80030D8F80010B2B258
:1025F00003EBC20453F8320068B943F83210A388E1
:102600000133A380284610F01CFEE38803EB40034F
:10261000E380BDE8F0870FF0C6F901360028D9D174
:10262000EDE700BF9A3D0020CA800200D48002007E
:10263000281200206C39002038B5094C094D226859
:102640002B689A4204D908484FF483710CF08CFB34
:1026500028682368C01A20F0010080B238BD00BF8E
:102660007039002074390020D480020008B50B4B6B
:102670000B4A1A600B4B0C491B6823F001031344EF
:102680000B600A4B1A60FFF7D7FF642805D8BDE836
:1026900008400748F0210CF067BB08BD78390020DE
:1026A000DC200020745D02007439002070390020A5
:1026B000D4800200064B1B68834206D8054B1B687A
:1026C000834294BF0020012070470020704700BF64
:1026D00078390020703900202DE9F0411D4B1B781E
:1026E000012B044624D10088FFF736FF0546D8B1F8
:1026F000DFF8648004262C460BF0B0FF0746204626
:10270000FFF74CFF638843EA08036380A05BFFF791
:1027100023FF044638460BF0A7FF1CB1B4F9023082
:10272000002BE9DA062E01D1BDE8F0810626E2E7AA
:10273000022BF9D10BF092FF02462088FFF70CFF25
:1027400018B10388C3F30E032380BDE8F04110469F
:102750000BF08ABFCA4000200080FFFF2DE9F04F38
:10276000BA4BDFF8FC82BA4F97B0002406461C80B3
:102770000BF074FF01233B70B8F80030ADF8163051
:10278000B44BA8F800401B6801930BF06DFFB24BEF
:102790001A88B24BD200186821460FF0FAF80DF1F2
:1027A0001600FFF799FF002E3CD1DFF8B892D9F858
:1027B00000404FF0000B0125019B9C4239D3BBF137
:1027C000000F39D1002DF2D0D9F80040DFF898A2DF
:1027D00025462246019B9A4273D302230DF116002F
:1027E0003B70FFF779FF002E40F08F80D9F8006032
:1027F0003246AA4280F0A2809088FFF7ADFE18B161
:102800000388C3F30E039380D088FFF7A5FE18B1A9
:102810000388C3F30E03D3801046FFF7A9FE0246D8
:10282000E7E79847E3B2013456F82330002BF8D19C
:10283000BBE7BBF1000F3ED00BF1FF335FFA83FB28
:1028400016AB03EB8B0252F8402CB2F90200518810
:102850000028B1DA4B04AFD4924641F48040931D76
:102860002AF8020F02933AF8020FFFF775FEF0B153
:10287000B0F902E0B0F802C0BEF1000F17DB6FEA5A
:102880004C4C6FEA5C4CA0F802C00390FFF786FE48
:10289000BBF10F0F9FBF16AB03EB8B00039A40F801
:1028A000402C9ABF0BF101035FFA83FB0025029BCA
:1028B0009A45D8D180E72046FFF75AFE22460446C3
:1028C000C3E7104610F0BDFC8346B2F90200118840
:1028D00000280AEA010108DA2046FFF733FE084320
:1028E00081B204EB4B0402EB4B0511801046FFF75D
:1028F0003FFE02466EE798475FFA8AF30AF1010A43
:1029000056F82330002BF6D170E74FF0000AF3E7BA
:102910003046FFF72DFE82467EB1B6F9023071884F
:10292000002B0ADA3088C0F30E00FFF715FE86424E
:1029300003462DD1C1F30D0171805646AE42E7D357
:10294000DFF81CA10BF08AFE00210646504610F06D
:1029500007FDFFF701FE0546002800F0878030469E
:102960000BF082FE284610F06CFC06462046FFF76E
:10297000E9FD760081463246294620460EF0EFFFFB
:10298000002249460DF1160010F090FC3444D9E7BE
:102990001BD9304610F055FCC1F30D014200718087
:1029A00092B2314618460EF0DAFFC6E75046FFF7FE
:1029B000DFFDD146854203D9B0F90230002B01DAA0
:1029C000824603E0FFF7D4FDF4E7B146554507D949
:1029D000BAF80000C0F30E00FFF7BEFD8245E5D354
:1029E000B9F1000F30D0B9F80000C0F30E00FFF7C6
:1029F000B3FD034638B93346CB46994513D8B145A4
:102A00009BD0D946ECE7484610F01BFCB9F80220F1
:102A1000C2F30D02A9F80220420092B249461846BC
:102A20000EF09DFFE7E718460193FFF7A1FD019B1C
:102A30009B46854203D9B0F90230002B01DA0346E8
:102A4000DBE7FFF795FDF4E7CB46DAE79C3D002096
:102A5000CA400020703900209A3D00206C390020C7
:102A60009E3D0020783900200080FFFFBDF8163021
:102A7000A8F80030044B387030461C600BF0F4FDB1
:102A800017B0BDE8F08F00BF7039002010B50446C4
:102A900008B9002010BD10F0E5FB20B9084840F24D
:102AA000C4410CF061F92046FFF756FD0028F0D034
:102AB0000388DB0B14BFD0F80A000830EAE700BF38
:102AC000D480020010B508B9002010BDFFF744FD06
:102AD000044610F0BEFB20B9074840F2DE410CF07E
:102AE00043F9002CF0D02388DB0B0ABF60882089D3
:102AF000C0F30C00E9E700BFD48002002DE9F041EB
:102B00000546FFF729FD0F460446D8B110F0A1FB9A
:102B100020B9214840F2F1410CF026F92846FFF790
:102B2000D1FF05462046FFF723FDBD42064609D0EA
:102B300004D8194840F2F9410CF016F92588ED0B3C
:102B400002D02781BDE8F0816780204610F079FB34
:102B5000074604EB40080BF081FD104B1A68B242A7
:102B60000AD1C3F800800BF07FFD2A464046FF21C2
:102B7000BDE8F0410EF00DBFA6EB0806B5B20BF0B4
:102B800073FD072DF1D90023083D44F81730C8F82C
:102B90000430A8F80250D5E7D48002007039002034
:102BA00038B5FFF7D9FC0D46044650B110F051FB83
:102BB00020B9044840F236510CF0D6F8023534F80A
:102BC000150038BDD480020070B5FFF7C5FC0C4677
:102BD00016460546B0B110F03CFB20B90D4840F256
:102BE00041510CF0C1F83046FFF7B6FC10F031FB54
:102BF00020B9084840F242510CF0B6F8023425F8EA
:102C0000146070BDBDE87040024840F246510CF0BF
:102C1000ABB800BFD48002002DE9F843C41CA4085F
:102C2000274B64000434B0F5005F1E6881460F46F0
:102C3000A4B204D3234840F272510CF095F80BF083
:102C40000DFD21490B6880467BB9204B1D68761B22
:102C5000C6F34F06B44223D9002540460BF004FDCD
:102C60002846BDE8F843FFF76DBC7FB1174A1568E9
:102C70005A1BC2F34F029442EED81448620005EB8F
:102C8000440404607FB913440B600CE0F61AC6F3E9
:102C90004F067EB90B4840F283510CF065F8DBE734
:102CA00005EB44041C600023A5F80290AB80EB8088
:102CB0002B80D2E7B442CFD8044A1568DDE700BFC5
:102CC00074390020D4800200683900207039002057
:102CD00038B505460BF0C2FC2946044600220448DC
:102CE00010F0E4FA2046BDE838400BF0BDBC00BF50
:102CF0009E3D002038B50BF0B1FC0021054604488C
:102D000010F02EFB044628460BF0AEFC204638BDE2
:102D10009E3D0020024B1888B0FA80F040097047B1
:102D20009E3D00202DE9F74F044600881F46FFF71F
:102D300013FC88461546064610F08BFA20B9404829
:102D400040F2DA610CF010F83388DB0B009306D008
:102D500033892B443381002003B0BDE8F08F2088F5
:102D6000DFF8E0B0FFF7AEFE82463046FFF700FC2A
:102D700001900BF073FCDBF80020019B9A42814626
:102D80001DD1FFF759FC854204D948460BF06CFC75
:102D90001A20E1E705EB0A0373803FB12088FFF7B3
:102DA00075FE2A46414650440EF007FE3046FFF7B6
:102DB000DFFBCBF8000048460BF056FCCBE70BF0EE
:102DC00053FC2088FFF77EFE2844009980B2FFF76D
:102DD00023FF06460028DBD0FFF758FE81462088F7
:102DE000FFF754FE82462088FFF76CFE51460246EC
:102DF00048460EF0E2FD3046AFB1FFF747FE07460A
:102E00002088FFF75FFE2A46414638440EF0D5FD84
:102E100001212088FFF7C4FE012102463046FFF75A
:102E2000D3FE268097E7FFF731FE80462088FFF724
:102E300049FE2A46394640440EF0ABFDE8E700BFA4
:102E4000D48002007039002038B50C460546FFF7E3
:102E500039FE844203D304482D210BF085FF284618
:102E6000FFF714FE204438BDE880020070B5064626
:102E70000D46FFF70BFE044648B13046FFF722FE31
:102E8000854203D3024835210BF06EFF605D70BDB3
:102E9000E880020070B50C4606461546FFF712FEA4
:102EA000844203D304483F210BF05EFF3046FFF716
:102EB000EDFD00B1055570BDE880020001483321E9
:102EC0000BF052BFFF800200036910B55BB182684E
:102ED000064B9A4201D1002010BD44690BF026FF39
:102EE000201AF9D5F7E74FF0FF30F5E7BD2E0100C6
:102EF00082684B4B9A422DE9F041056804460E4624
:102F000015D121B1474840F20F110BF02DFF0BF006
:102F1000A5FB23691BB92B682BB924612C60BDE884
:102F2000F0410BF0A1BB1A6922611C61F6E70BF0BE
:102F3000FDFE8046EEF730F820B13A484FF4937129
:102F40000BF012FF6FF000439E4221694BD22B7BA6
:102F500008EB0602002B4DD0AB6893424AD1531CBC
:102F6000002949D06169994242D01EB9521AB2F182
:102F7000004F3DD9636123696E689C4203D12948A3
:102F80009A210BF0F1FE2F460023B4420BD0002B08
:102F900041D172696169891AB1F1004F32D8326941
:102FA000944237462CD12269BD420CBF6A603A6117
:102FB0007BB92669B44203D11A48B5210BF0D4FE7F
:102FC0003B46012E05D062697169521AB2F1004F79
:102FD00023D99D420BBF6B681A69236122610CBF24
:102FE0006C601C6104E0434431B162699342C1D119
:102FF000BDE8F0811346B3E76A6822616C60B9E707
:103000001646C6E7A8EB0202B2F1004FC7D93B460D
:1030100037463669B9E71F46F9E733463669D0E7E0
:10302000BD2E0100FF80020082681C4B9A4270B5E1
:103030000568044619D10BF011FB236923B1A342A3
:1030400006D100222A601A61BDE870400BF00CBB6B
:103050001A4611461269A242FBD12A68A24208BF51
:1030600029600B6100232361EEE7036993B1984265
:103070006E6803D10A489A210BF076FE2B46B442C3
:1030800009D122699D4218BF1A614FF0000308BFA1
:103090006A60236170BD33463669F0E7BD2E0100DA
:1030A000FF8002002DE9F043174FDFF860808BB0FE
:1030B00006460025BC7814B90BB0BDE8F083B7F81C
:1030C00000908EB90096B8F8001023462A4603A84F
:1030D00010F00AFA234603AA314648460BF05CFE7C
:1030E0002544EDB20437E5E72346494603A800220C
:1030F0000BF049FE01230093B8F8001023462A463E
:1031000003A810F0F1F9EBE70E810200A03D0020CA
:103110000148FFF7E1BA00BFA03D0020F7B5154612
:10312000174A04460846118811B1164A1278CAB1E6
:10313000D4B10022294603B0BDE8F0400BF023BE15
:103140003A44D2B20436B778002FF1D0B6F800C0B6
:10315000AC45F5D184F0010400943B4610F0C4F96D
:1031600003B0F0BD084EEEE70246214628460BF0BC
:1031700013FE284603B0BDE8F0400CF0CBB800BF0A
:10318000A03D0020291400200E81020010B5074C3C
:10319000238843B10020FFF785FF054B0020FF2265
:1031A00020801A7010BD7020FCE700BFA03D0020F9
:1031B00029140020142810B518D8082805D10DF0BE
:1031C00030FBC401E4B2204610BD0E2802D10DF040
:1031D0002BFBF6E7064B53F82040002CF3D00A28CF
:1031E0002478F0D105F008FC0443EBE7FF24EAE77C
:1031F00038810200064A082312F8011B814205D0DB
:10320000013B13F0FF03F7D11846704701207047C8
:1032100095810200064A082312F8011B814205D05D
:10322000013B13F0FF03F7D11846704701207047A8
:103230008D810200014BB3F868007047BC38002054
:103240000048704726390020014B1878704700BFAE
:10325000143F0020014B1870704700BF143F00203E
:10326000184B022810B5187002D00438012819D85C
:10327000154B1B78042B03D014480021FFF738FEB0
:10328000134B1B689A0019D513F0805F0CBFBF2445
:10329000BC2420460DF002FF90B92046BDE8104046
:1032A0000BF05FBF0948FFF7BFFE0A48FFF7BCFEFF
:1032B000912410F064FB0DF0EBFEEAE79024E8E7C0
:1032C00010BD00BF183F0020193F00202C12002025
:1032D000082C0020742B0020024B187800F00F00FF
:1032E000704700BF183F0020034B187800F00F0014
:1032F000831E584258417047183F002008B510F00F
:1033000029FBA8B110F03FFB90B10A480FF0C3FFB2
:1033100070B109480FF0BFFF50B10DF08AFA38B113
:103320000DF0BEFE20B9BDE80840044810F0A2B977
:10333000002008BDA23D0020E63D00207C39002091
:10334000054B1878012805D000F0FD00A0F13103ED
:1033500058425841704700BF183F002010B5FFF792
:1033600085F90BF0FDFC1020FFF724FF04060DD5B6
:103370000020FFF71FFF000608D5284BD3F8EC20EC
:1033800012F0020F12D1B024204610BD1020FFF71A
:1033900011FF01060ED40020FFF70CFF020609D52D
:1033A0001E4BD3F8EC2012F0010FEBE7D3F8E83016
:1033B0009B07E8D51A480EF0CDFF01200FF08EFDD7
:1033C000EFF74EFD04460028DED100F013F9154852
:1033D00010F025F900F034F9EFF740FB0BF0BDFCDD
:1033E00008F08AFC08F0DCFCF3F77CFBF3F704FB45
:1033F000F3F71EFB03F068FC0DF015FA0DF016FA5A
:103400000DF051FE084811F08EFC06F079F80DF031
:1034100011FE0028B8D00DF00FFEB5E70081E00FD7
:10342000690345EC7C390020BDD6010010B510F0D1
:10343000A3FA70B301F046FA80F00104E4B2002070
:10344000FDF75EFF44EA800424B210F083FA10BB5B
:1034500002200443164810F008F944EA40141548C5
:1034600010F003F924B244EA0014134810F0FDF8F8
:1034700024B244EA8014114810F0F7F824B244EA68
:1034800040240F4810F0F1F824B244EAC02080B282
:1034900010BD0124D3E70B480FF0FDFE0028D7D064
:1034A00009480FF0F8FE80F00100C0B24000D0E7FC
:1034B0006C120020501300200C2C0020D012002091
:1034C00030130020A23D0020E63D002008B500F0AA
:1034D000E1FFFDF7FFFA14480FF0DDFE08B904F034
:1034E000CFFD12480FF0D7FE08B905F0F3FF02F048
:1034F00099FE0F4810F0CAF80E4B1B78043B022BC4
:1035000009D80D4810F0B1F828B1FFF78FFF102847
:1035100001D107F0E1FA0DF08EF910F033F9BDE8B2
:1035200008400648FFF71AB9A23D0020E63D0020FA
:103530007C390020193F002050130020A081020098
:1035400070B54FF6F773984286B004460D4643D8DF
:1035500010F01BF9A04207D12049082228460EF09E
:10356000FEF9002006B070BD1D4EB6F86830A342CB
:103570000AD10022082106F16A0010F0B6F818B945
:10358000082206F16A01E9E784B1002300930122D1
:103590001946204608F012FBFF2811D12946204683
:1035A00008F0D2FC80F00100C0B2DBE70D4B1B68D5
:1035B0009B07EAD4284606F0F9FB0028E5D0D0E7BF
:1035C00002A911F069FA0028E8D1DDF80D302B606E
:1035D000DDF811306B60C4E70120C3E7CB40002069
:1035E000BC380020082C0020014B1870704700BF29
:1035F000F713002010B50649064C09882046082319
:103600007F220BF0CDFB204610F0F9F810BD00BF73
:10361000A65A0200CB40002013B513460C461AB13F
:10362000022A0CBF134601230021044A0092019193
:103630002246FEF7EBFB02B010BD00BF0B3A0200C2
:1036400000B5002093B0FEF761FB1D4B188811F008
:103650006BFB1C490020FDF7D7FE34220021684691
:103660000EF097F90B238DF800306FF4803301933F
:103670004FF6FE73ADF8103003238DF81D30124B5A
:103680000893124B0993124B0D93124B124A0E934F
:10369000124B0F93124B106851681093114B1193FA
:1036A00002AB03C300216A460846FEF7F7FD6A46EF
:1036B00001210020FEF7F2FD13B05DF804FB00BF0E
:1036C000BA130020785D0200A13B0100013802001E
:1036D000F5650100493D0100CB4000200175010066
:1036E0000B3A02008162010070B504460FF053FCF2
:1036F0000422002106462046FDF77CFE20440FF000
:103700004AFC0322054600212046FDF773FE2044B3
:103710000FF041FC0540ADB24FF6FF739D4213D14F
:10372000F30711D5062200212046FDF763FE204451
:103730000FF031FC074B1B88834214BF0220062088
:10374000054B1B78184070BD20460BF0A0FEC00052
:10375000C0B2F5E7D0130020D34000202DE9F84F88
:10376000DFF83C91804608460F460FF014FCD9F86C
:103770000030054643B9484B1B682BB9474B1B68C3
:1037800013B9FF20BDE8F88F15F4406A05F0400634
:1037900010D13EBBB5F5804F53D24FF48074002357
:1037A000002B58D13C4A12688025002A69D000219C
:1037B00008465FE0F81C0FF0EEFB4FF6FF739842EF
:1037C00014BF0124022486B1052605F44043B3F555
:1037D000004F44F0080424D0B5F5804F23D244F4C0
:1037E000807420E054460326EFE7B5F5804F4FF094
:1037F0000506F4D3BAF5406F14BF02200820304408
:1038000038440FF0C8FB83460FF0DCFF05F4404559
:1038100058450CBF44F0080444F00404B5F5004FCB
:1038200001D144F08004BAF5006F0ED1B8190FF041
:10383000B2FB05460FF0A9FFA842B0D144F0100436
:10384000ADE7544603260220D9E7BAF5406F08BF1A
:1038500044F02004A3E7012B09BF104AD9F8002047
:103860001268402518BF10259FE7A74201F101010A
:103870000BD0C8B2CEB232F8167032F91660002EF4
:10388000F3DA0133032B8BD17BE7B8F1000F3FF460
:1038900079AF88F8005075E78C3900209039002006
:1038A00018380020034B1A78022A04BF09221A7024
:1038B000704700BFD5400020034B0C221A701A211C
:1038C0000022032001F02ABDD540002070B5054636
:1038D00038B90C4BBDE87040187800221A2101F06D
:1038E0001DBD094B074E1C78E1B21A29F1D825FA03
:1038F00004F3DB0703D53078362201F00FFD0134E5
:10390000F2E700BFD54000202B14002008B5064B7D
:103910000C221A70002210461A2101F0FFFC034B02
:1039200000221A6008BD00BFD54000209839002051
:1039300070B50E4B0C221E781A70054630B9304611
:103940000022BDE870401A2101F0E8BC084B1C7849
:10395000E1B21A29F3D825FA04F3DB0703D536229E
:10396000304601F0DBFC0134F2E700BFD540002017
:103970002B140020024B0C221A700DF08ABB00BFE2
:10398000D5400020F0B50C888BB005460E46E4B952
:103990004FF6FF77ADF824700DF090FB10B90220C0
:1039A0000BB0F0BDCDE90340CDE90544134A0294C4
:1039B000B2F85C300193603200923B4609AA4CF6A3
:1039C0000101FF2011F0DAF9308028460FF0F6FFF0
:1039D0000B4C70B1237863B1013BDBB228462370F6
:1039E0000FF0ECFF38B12078B0FA80F04009C0B297
:1039F000D6E70523F2E70120F9E700BFBC38002035
:103A00002A140020034B1B68114603B118470BF022
:103A1000B7BB00BF98390020024B0C221A7008F087
:103A2000D3BD00BFD54000200148FEF755BE00BF02
:103A3000A43D00207FB506460C461546FDF7A6FFBF
:103A400000287CD1062E03D85223F340DB071AD47A
:103A5000B4F1006F05D3E30E1C3B032B18D94F20A4
:103A60002BE0394B00221A60384B1E700FF061FEBC
:103A700003460A2E65D8DFE806F0361B4F5A1B2E88
:103A8000221F47523F0001F085FFB4F1006FE2D2E0
:103A90002D4B00221A602D4B042E1E70E6D12C48AF
:103AA00001F0CAF9022001F0FDF80FF042FE0346D2
:103AB00001220292274A05E0212004B070BD0122B4
:103AC0000292254A0192254A0092254A294620461B
:103AD000FDF7A0FFF1E7234A2946204604B0BDE8E0
:103AE0007040FDF77FBF204B204A2946204604B096
:103AF000BDE87040FDF75ABF002202921C4A0192B5
:103B0000164A00921B4AE1E7012202921A4A0192E8
:103B1000124A0092194AD9E70C4B02221A7000226D
:103B20001749104604B0BDE87040FEF735B90022D1
:103B30000292144A0192094A0092134AC6E74D20A4
:103B4000BBE70120B9E700BF98390020D54000202D
:103B5000D4400020313901009F390200A13B01000F
:103B6000F7390200193A01000D390100053A010048
:103B70007539010085390100CD380100A3390200F3
:103B8000A5380100B93801009B39020008B5FDF7DE
:103B900071FF024B0C221A70002008BDD540002096
:103BA000F0B585B0ADF8060018B9654890210BF066
:103BB000DBF8BDF806000FF034FA0446BDF8060045
:103BC0000FF02FFA082846D00C2CBDF8060042D181
:103BD0000FF017FB07460FF0DEF90DF10F01064657
:103BE000BDF806000CF012FE002879D00922002151
:103BF0003846FDF7FFFB9DF80F301033C518BDF8B0
:103C00000600FEF75FFFEDB2854269D22946BDF896
:103C10000600FFF72BF906F44C4416F440660546FF
:103C200014D0F81C0FF0B7F94FF6FF73984208BF95
:103C300044F04004B6F5006F08D1781D0FF0ABF9E1
:103C40004FF6FF73984208BF44F010049DF80F3000
:103C50005BB3072D44D1BDF806000FF0D8F9044638
:103C6000BDF806000FF0DDF9082817D0A30615D51A
:103C700024F0200189B2BDF806000FF0B3F9BDF8B9
:103C800006000FF0BEFA00210922FDF7B3FB00F198
:103C90001001C9B20DF106000FF00DFCBDF80610C1
:103CA000284800220FF002FB1AE0082D16D8BDB1FB
:103CB000013D072D14D801A353F825F0193D01004B
:103CC000253D0100E13C0100E53C0100E13C010033
:103CD000313D0100573C0100373D01007C2D24D0CF
:103CE00005B0F0BD24F48844A4B2B4F5084FF7D170
:103CF000BDF806000FF090F9BDF8061011F01BF8A2
:103D00000028A8D0BDF806000FF0DEF90022014619
:103D100002200CF02AFDE3E724F48064A4B2B4F599
:103D2000484F97E7B4F54C4F94E7B4F54C4F92D019
:103D30004CF6500301E04CF640439C428AE700BF3A
:103D400000820200A23D00202DE9F0410F4690467E
:103D50000646FEF79BFE04463046FEF7B3FEC5B2AC
:103D6000083D2C44084BE1781970084BA2781A7072
:103D7000314643463A4600200BF080F9003818BF20
:103D80000120BDE8F08100BFF0400020EF4000209E
:103D900070B50B4B1C780B4B0022D5B2AC4202D84D
:103DA0000C70002009E01E88864202F1010205D352
:103DB0000D701B881B1A5842584170BD1233ECE736
:103DC000123F0020483D00202DE9F04FDFF84081F0
:103DD000DFF8409198F8002099F800309A4285B0B9
:103DE000064604D343484FF48A710AF0BDFF0DF133
:103DF0000F013046FFF7CCFF20B13E4840F21711CB
:103E00000AF0B2FF98F800709DF80F403D1B15F0C6
:103E1000FF0530D0384B394A1B78184699F80030E6
:103E200001214FF0FF3CA1400CFA03FC002301F1FB
:103E3000FF3E01934FF6FF79C1F1000A9DF804306F
:103E4000984243D812202E4B04FB0000A0F112012F
:103E500005EBC5025200194404F1010918440DF0A4
:103E60007EFD4FEA89092748A9F104010144AA000F
:103E700048440DF074FD224904EBC40201EB4203F7
:103E800021F81260204A1278DA731A745A741202F6
:103E90005A801E4A12781A7110225A7100229A739F
:103EA000C3F80620C3F80A20164B013743F8242034
:103EB0004FF6FF710D2088F800700CF056FC0EB91B
:103EC00010F0B2FD204605B0BDE8F08F13884B45D9
:103ED0000AD053680AEA030B03EA0E030B4403EB10
:103EE0004B0343EA0C035360019B013308320193F7
:103EF000A4E700BF1382020003140020582A002008
:103F0000483D0020542A0020F0400020D6400020E8
:103F1000123F00200114002010B5074C2046FFF787
:103F200083F804F01FFA02F059FD20464FF47A514D
:103F3000BDE81040FEF7DCBF2C1200202DE9F04157
:103F40000B4B0C4E93F8008007460025ECB2A045C1
:103F500003D8FF242046BDE8F0810822B11D384671
:103F60000DF0EDFC01350028F4D01236EEE700BF6D
:103F7000123F0020483D002007B50DF10701FFF773
:103F800007FF30B19DF80730034803EBC30300EB94
:103F9000430003B05DF804FB483D00202DE9F843E1
:103FA000294E33785D1E2D1A83420446EDB204D8A3
:103FB000264840F23F110AF0D7FE254A92F800C089
:103FC000244A01231278A3405F1E4FF0FF30904037
:103FD0003B44214A00214FF6FF7E6FEA0308CBB233
:103FE0009C4523D8BDB127B204EBC4041B48640030
:103FF00005EBC50204F112010144520020440DF00A
:10400000AEFCBF001648AA00391D014402F0FC02B4
:1040100038440DF0A4FC3378013B3370BDE8F8431D
:1040200000224FF6FF710E200CF09FBB13887345E2
:1040300007D0536808EA03093B4003EB59030343E5
:10404000536008320131CAE7123F00201382020098
:104050000314002001140020582A0020483D0020AD
:10406000542A002010B50A4C207858B9094B1B7807
:104070001A2B03D9084894210AF076FE074B032235
:104080001A7010BD0138C0B2FFF788FFECE700BF1F
:10409000123F002001140020138202000E3F002076
:1040A0002DE9F04705460FF0DAFCFF28044624D13D
:1040B000DFF888901F4B99F800201B789A422BD28A
:1040C0002846BDE8F047FFF77FBE38883B7950456A
:1040D00018D86F2B4FEA131214D85B0710D0123781
:1040E00008F1010899F800105FFA88F6B142ECD89F
:1040F000114A0023DEB28E4214D32046BDE8F08779
:10410000022AECD910F0E5FD0028E8D12946304616
:10411000BDE8F0470FF0B0BC074F4FF000084FF676
:10412000F77ADFE710798F2803F10103EED8123216
:10413000E0E700BF01140020483D0020123F0020AE
:104140004FF6F773984210B514D8FFF7A9FFFF2870
:1041500010D0134C00B200EBC00004EB40040BF095
:10416000BAF9104938B962880B7802EB0313A3EB54
:104170001213638010BD227C637C0978E2739A423B
:104180002374617407D98B4203D213468B4228BF34
:104190000B461B02EDE78A42F8D31346F9E700BF4E
:1041A000483D0020F04000202DE9F0410F4DDFF8A0
:1041B000408006460F46002498F80030A34201D8FC
:1041C000BDE8F0810822294630460DF0B8FB40B921
:1041D00035F8063CBB4204D02046FFF7DFFE013C29
:1041E000E4B20134E4B21235E6E700BF4E3D0020F0
:1041F000123F0020F8B5054608460E46FFF79EFE22
:10420000FF2830D01D4B294653F820703046FFF769
:10421000CBFF2846FFF744FFFF28044625D110F0C6
:1042200073FDFF280AD1164C207838B1EEF7FCFD5B
:104230002378B0FBF3F202FB1300C0B229460FF063
:104240001BFC044623B20F4D03EBC30305EB4305F0
:1042500008223146A81D0DF082FB2B7903F00F03D5
:104260002B712046F8BD0027D3E7074B1B78002BA6
:10427000024B18BF002743F82070E3E7542A0020C0
:1042800001140020483D00202C14002038B50B4BB1
:104290001B78834204460D4604D8094840F25B214E
:1042A0000AF062FD074804EBC40400EB4400294611
:1042B0000822BDE8384006300DF051BB0114002043
:1042C00013820200483D002070B5044608460E46A1
:1042D0000FF0C5FBFF28054610D02046FFF72EFE45
:1042E000FF2807D0084B1B7823B9084B53F8202030
:1042F00043F8252021462846FFF7C8FF31462046CF
:10430000BDE87040FFF750BF2C140020542A002055
:104310002DE9F8430026134DDFF850908046012721
:10432000344699F80030A34210D83E430134E4B239
:104330001A2C4FEA470705F11205F2D10A4B1B78F8
:104340004FF0FF3098403043BDE8F8832B88434559
:10435000EBD028460FF0D9FB0328E6D82B796F2B3A
:10436000E3D8E3E7483D002001140020123F00207D
:1043700010B5084C00EBC00004EB400423795B0748
:1043800007D120460FF0C1FB237923F00703184320
:10439000207110BD483D0020084B1878084B0022C2
:1043A000D1B2884203F1120300D8704713F80D1CF4
:1043B00021F0100103F80D1C0132F1E7123F00203B
:1043C000483D00202DE9F047DFF86090DFF860807D
:1043D00099F800400226122700250CE007FB05F3A0
:1043E000002138F803A050460FF0A4FB10B15CB1D7
:1043F000013CE4B2013599F80030EAB29342EDD8BD
:10440000A34204D14FF6FF7A5046BDE8F087EEF79D
:104410000BFD99F800301B1B012E90FBF3F202FB01
:104420001300C4B2EED00126D6E700BF123F002031
:10443000483D0020F0B5134B1B780646FBB11248EF
:10444000DFF84CC090F800E01048077800251F44C2
:10445000E8B2864501D80020F0BD7C1B94FBF3F048
:1044600003FB10440CEBC4003CF83440B44204D1CC
:10447000002AF1D184788C42EED00135E8E7184665
:10448000EAE700BF03140020F42B0020103F0020B7
:10449000582A002070B50AF04DFC104E10493288A1
:1044A0000B7830809B1A03449BB21425B3FBF5F4C0
:1044B00005FB14330B700B490B78E2B293428ABFB1
:1044C0009B1A0023DBB20B700749032A9DBF0B68C0
:1044D000D200D34000230B6070BD00BFA63D00207A
:1044E000D84000200F3F0020F42B0020084B186814
:1044F000084B1B78C2B29A4208D2074B1B78C0F314
:104500000720984234BF00200120704701207047E7
:10451000F42B002003140020D7400020F8B50546F6
:104520001746FFF7E3FF064610B9184B1A783AB959
:10453000212001224FF6FF710CF017F90020F8BD81
:104540001348DFF854C003780133B3FBF2F402FBE5
:10455000143303700F48DCF8002020F8335000EBD0
:10456000C30402F10132A1703846CCF80020FFF7F5
:10457000CFFEE67060600FF008F9A84201D101207B
:10458000DDE7E3780133E370F9E700BF03140020AF
:10459000103F0020582A0020F42B002010B50B4CAF
:1045A0000B4A2378063B13700AF0C4FB094B1880B2
:1045B000094B0A4800221A602278FF21D2000DF030
:1045C000E8F9074B04221A7010BD00BF0314002045
:1045D000D7400020A63D0020F42B0020582A0020C0
:1045E0000F3F00202DE9F84307460AF09FFB0546E0
:1045F0001B480FF03AF81B4B60B31C683C1B2C4463
:10460000A4B2194BDFF868901B78184D99F8006038
:1046100003EB830305EB430500225FFA82F846456E
:104620000AD9AB88A34205F10A0016D9B21A0A23A7
:104630005A4329460DF093F9013689F80060AC80A1
:10464000B8F1000F03D106483946FEF751FC284661
:10465000BDE8F8831D603C46D3E701320546DCE740
:104660004C1200209C390020DA400020A83C002099
:10467000DB4000202DE9F74F0AF058FBDFF8BC9033
:104680002B4EDFF8BC80317898F800E0294D1FFAF6
:1046900080FC0746B9F80000ACEB00039BB2002495
:1046A0000093A0EB0C0001EB810305EB4303724682
:1046B000A2460190A3465FFA84FCF4451AD3BAF1EE
:1046C000000F00D03170724504D2002088F800201D
:1046D000FDF70EFB98F800303BB333781648C9F865
:1046E00000700A2202FB0355A98803B0BDE8F04F11
:1046F000FEF7FEBBB3F804C00098844510D893F8C9
:1047000002C0A3F804B00CF1FF3C0131013A83F878
:1047100002C0C9B2D2B24FF0010A0A330134CAE76B
:1047200001988444A3F804C0F7E703B0BDE8F08F14
:10473000DA400020A83C00204C1200209C390020C8
:10474000DB4000201FB51B4A1B4C1378013BDBB23A
:1047500013702068616801AA03C221891180174A79
:10476000127813440A225A4304F10A0120460DF03C
:10477000F6F89DF8063013F00F010BD11B09BDF8B8
:10478000040008BF9DF80C10002204B0BDE81040E2
:1047900002F07ABCBDF80800FFF724FF8288ADF86C
:1047A000082001AA034603CA1288186059601A81BA
:1047B00004B010BDDA400020A83C0020DB400020FF
:1047C000F8B5094D094F0A4E00243B783178E2B222
:1047D0000B449A4204F1010400DBF8BD2846FDF7C2
:1047E0007BFF0A35F1E700BFA83C0020DB4000203A
:1047F000DA400020F8B51E46114B07460D4610461C
:1048000010491A78104B09781B780B44934206DB49
:104810001F204FF6FF710BF0A8FF0020F8BDFFF737
:10482000E1FE01350780857004460AF07AFA6623B6
:10483000E080237200206672FDF75AFA0120EDE74E
:1048400000140020DB400020DA4000202DE9F04772
:10485000DFF86880DFF8689098F8007099F80050E9
:104860001449844607EB050E00230A22DCB2744586
:104870001DDA02FB04F6013331F806A0E24501EB34
:104880000600F3D1631CAEEB03030A365A433144EE
:104890000DF065F8A5428BBF05F1FF3507F1FF3735
:1048A00089F8005088F800700CB9034B1C70BDE803
:1048B000F08700BFA83C0020D9400020DB4000204A
:1048C000DA400020044B054A1B781278D3420CBF13
:1048D00001200020704700BFDA400020DB400020AC
:1048E000024B1878003818BF01207047DA400020CA
:1048F00008B50A4B0A48002119700A4B19700A4B77
:1049000019700A4B1A7802EB820252000DF041F83E
:10491000BDE808400648FEF787BB00BFDB4000202B
:10492000A83C0020DA400020D940002000140020DC
:104930004C12002010B50B4C23784BB10A4802F002
:104940008DFC58B1084B012118880FF00BF808B9FD
:10495000002010BD054B01221A70FAE7FFF7F2FEA6
:10496000EAE700BFDA400020A83C0020D940002040
:1049700010B50E4B1B78BBB10D4C238883424FF012
:10498000000311D10B4A2172137049B9A378103377
:10499000A3700FF0AFFA18B9A37823F00F03A37038
:1049A000FFF7D0FE012010BD1846FCE7DA400020DA
:1049B000A83C0020D940002010B50446014608223A
:1049C00009480CF0CCFF237B022B0AD8002B14BF24
:1049D0003122012205490B709423CB73044B1A70CA
:1049E00010BD00230122F5E7B23D0020AE3D0020BE
:1049F000183F002070B5064692B00D460020C97AD7
:104A0000FCF7B0F958B395F90A000EF079FE0446A8
:104A100038BB154BEA7A83F85820AA7A83F85A20D3
:104A200001466A46FDF75AF94FF6FE739E424FF073
:104A3000000118BF2B89ADF8066008BF4FF6FF7361
:104A40006A460846ADF80430FDF728FC28B9074B44
:104A50002A895A80204612B070BD0224FAE78A24BF
:104A6000F8E78B24F6E700BFBC380020AE3D0020FD
:104A7000014BD873704700BFAE3D0020014B187842
:104A8000704700BFAE3D002010B5054C2378112BB8
:104A900003D00448DB210AF067F94123237010BDDD
:104AA000183F00201E820200064B1B78042B014693
:104AB00004D1054A137C0533137470470348FEF78D
:104AC00017BA00BF193F0020AE3D00206C12002035
:104AD00008B50648FDF700FE0548FDF7FDFD0BF0A3
:104AE0009FFEBDE8084000F06DBF00BFA23D002062
:104AF000E63D0020064B1878332806D000F0EF0082
:104B0000A0F143035842584170470120704700BF4D
:104B1000183F002008B5084B00224FF6FE701A70AF
:104B20000EF03FFE4FF6FF700EF058FE034BD87BA1
:104B3000BDE808400AF015BB183F0020AE3D00203C
:104B40002DE9F0438BB007469DF8489015469846EE
:104B50000E4649B9104605AC10F0FCF8214610F09D
:104B6000DCF8932818BF2646B9F1000F0AD1124B82
:104B70001B781BB9284610F0FAF8D0B9284608F07F
:104B80001FFE02E0284610F0F2F880F00104E4B2C3
:104B90009DF8503002939DF84C300394CDE900937A
:104BA0002A464346314638460FF019F80BB0BDE8A7
:104BB000F0834C46ECE700BF143F0020014B00227D
:104BC0001A747047AE3D002008B5002008F0BAFF07
:104BD000024B00225A609A605A8008BDAE3D002008
:104BE00010B5144B1B78033B012B16D8124BB3F8AE
:104BF00068204FF6FF739A420FD10320FEF730FB77
:104C000001F0DEFEFFF7E0FF0020FCF767F878B167
:104C1000BDE8104000200EF00FBBFEF711FB04466C
:104C2000FEF708FB0146204606F098FE0220E5E765
:104C300010BD00BF193F0020BC38002008B5114A44
:104C4000114BD8731378032B1BD0D3B1332B01D066
:104C5000432B10D10D4B1B78033B012B05D80323AD
:104C60001370BDE808400AF07CBA0AF07AFABDE891
:104C70000840FFF7B5BF21231370BDE8084001F0DD
:104C800005BD08BD183F0020AE3D0020193F0020A3
:104C900008B50348FEF7C8F9FFF796FF702008BD76
:104CA000B42B002038B5114D2B78834218BF2870E3
:104CB00004460CF0FBF980B124B920460CF0F8F959
:104CC00002220DE001200CF0F3F92B781A1F012AC3
:104CD00005D9062BF4D1032202E0002CF5D10122E4
:104CE0000021BDE8384008460EF0A8BE193F00205C
:104CF00030B585B0044668460D460EF05AFF94B1B3
:104D000000212846144A0FF046F8144B20681B78FF
:104D10008DF80430124B61681B788DF8053002ABBA
:104D200003C305F019F80F4B93F8582093F85A3045
:104D30008DF803208DF802300EF044FDADF8000030
:104D40000EF023FD1023ADF806000722694600206F
:104D5000FEF7E4F905B030BD00F8FF07F7130020B7
:104D6000193F0020BC38002010B50F4B1A780F4BAC
:104D70000446002083F85820FBF7B0FF10B1002054
:104D80000EF05AFA00210846FFF7B2FF0CF080F946
:104D90002046FDF7BBFA9B200AF0E3F9044A002302
:104DA0001380044A138010BDDC400020BC38002072
:104DB000863D0020843D002010B5014604460020B9
:104DC000FBF7D0FF90B10C4B1B78023B032B0FD8A5
:104DD0000A4B1C70FCF7DAFD60B9094A0949FCF777
:104DE000DBFF002814BFA120002010BD8A20FCE7B3
:104DF0007020FAE73D20F8E7183F0020DC40002053
:104E0000A9750100694D0100F8B50646FCF7BEFD25
:104E1000044668B9FBF762FF50B1064D204695F88D
:104E2000587085F858600EF007FA10B185F8587080
:104E30003D20F8BDBC3800201FB5044668460EF082
:104E4000B8FE9DF805305A1E052A09D8054A9DF876
:104E500004101278914203D12370002004B010BDD9
:104E60009320FBE7F71300202DE9F041274B1D7835
:104E7000022D80460E46174606D0032D43D118B9A1
:104E8000234B1B689B073ED43320FEF7E9F901F062
:104E900049FAB6F1006F36BF1E4B05221A7831462B
:104EA0000620FEF7C7FD10F0FF0425D11A4D0120A2
:104EB0002C7300F0E3FD0EF085FC68802846B8F105
:104EC000000F0DD0022300F8043B0EF0F6FE6C73C9
:104ED000AF73394630460BF081FC2046BDE8F081C7
:104EE000012300F8043B0EF0E8FE6C73AF73394603
:104EF00030460BF072FCF0E72846FEF7B1F9B8F146
:104F0000000FF4D0E5E77024E7E700BF183F00206A
:104F1000082C00202D140020AE3D0020034B1878F3
:104F200018B9034B034A1B78D05C7047173F002029
:104F3000193F0020FA82020038B5437BDB070446A4
:104F400003D590F909000CF0A2F8104B002583F866
:104F500059502079FFF758FFFFF7E0FF6188248858
:104F600003462246284608F0F3FD044620B194206B
:104F7000FFF764FE204638BD054D06489423C8213E
:104F8000EB73FDF7B5FF03232B74F3E7BC38002068
:104F9000AE3D00206C120020F0B5184D93B00646CF
:104FA000A5F868000C4605F16A0709BBC5F86A1048
:104FB000796000216A460846FCF790FED5F86A3011
:104FC000CDF8123000217B68CDF816306A460846CD
:104FD000ADF81060FDF762F9B5F868004FF6FF73A1
:104FE000984203D014B106490BF0FBFB13B0F0BD9F
:104FF000082238460CF0B3FCDBE700BFBC380020C9
:10500000263900202DE9F041DFF8BC801F4698F8D2
:10501000003005460C4616461BB170252846BDE8F3
:10502000F081531E052BF8D8FCF7B0FC0028F4D112
:105030003B7B032B14D14FF6FE739C4212D1012E01
:1050400009D0022EE9D10EF0A0FB4FF6FB73984277
:1050500003D80EF09AFB044604E00EF0DDFFFAE7F9
:10506000012EDAD0EDB939462046FFF7C3FC0546DC
:105070000028D3D198F80030332B03D0532B1CBF1A
:105080000F4B98733046FFF70DFE00214FF6FF706F
:10509000FFF782FF0B4B1B78002BBFD00FF040FEB9
:1050A000BCE7397BCB1E594206F1FF3259415042D1
:1050B000504105F029FE05460028D4D0AEE700BFD8
:1050C000AE3D00202E140020183F0020F0B51E46F3
:1050D000184B074687B00C4601F1140051F8045BE9
:1050E00043F8045B8142F9D109881980D4F80E0095
:1050F000D4F8121023886D4603C5ADF80830237923
:105100008DF80B3000238DF80A208DF80C303A46CC
:105110006B464FF6FE710120FFF774FF40B96846F9
:10512000FFF74AFC2046FFF707FF08B9024B1E7045
:1051300007B0F0BDC03D0020E64000201FB5144B75
:105140001B88DB07044607D44FF6FF700021FFF7EA
:1051500023FF002004B010BD0A231A4601A9012034
:10516000FDF7DCFFBDF80C204FF6FF739A42EBD041
:105170000822FF2101A80EF0B8FA0028E4D10CB9EA
:105180000120E7E7BDF80C0001A9FFF705FFF7E7ED
:10519000DA3D002038B50C4615460EF002FB02F051
:1051A000D1FF29462046FFF7F7FE00F061FC48B129
:1051B000054BDB790E2B28BF0E230133DBB2034AEC
:1051C000137038BD0123FAE7C03D0020F3400020F2
:1051D00030B5012087B0FFF7B1FF154A044651688A
:1051E00010686B4603C384B904F0C4FD02A80EF036
:1051F000E0FCBDF80E004FF6FF7522462946FFF78A
:10520000C9FF0BF0F2FA07B030BD0A4AD2F86A00C3
:10521000D2F86E10B2F868506B4603C304F0AAFDD2
:1052200002A80EF0C6FCBDF80E006A46E6E700BF15
:10523000B55B0200BC38002037B5334B1B78044601
:105240001BB17024204603B030BDFCF79FFB002843
:10525000F7D100F01DFC14B12C4B22881A800DF1FF
:105260000700FFF7E9FD00284AD10EF017FD0446BC
:105270000028E7D1264D9DF80700FFF713FD2B7896
:10528000033B012B27D82046FFF758FF18B3FFF741
:105290009FFF01F009F8FFF7A3FC01200FF033FE98
:1052A00080BB1A4B1B889A0707D51A490522012093
:1052B00003B0BDE83040FFF7D7BD174D02230B22E6
:1052C00029460120FDF72AFF2B885B07BAD5204627
:1052D00000F0FEFFB6E72B78053B012BB2D8FFF7B5
:1052E00077FFFFF77DFC2B78052B0CBF04200520F2
:1052F000FDF7B6FF012003B0BDE830400FF003BE5C
:1053000093249FE704469DE7183F0020DA3D0020E4
:10531000193F002000F8FF07823D00202DE9F743E8
:10532000694D6A4E0123074668486B7388461446E8
:1053300000F04EFB0BF0ADFE38B9012F01D9042F60
:1053400010D12146404609F042FF102000210FF005
:105350000CFD002800F0B080002003B0BDE8F04351
:10536000FCF7C6BC002CF0D1594B1B78212B03D085
:10537000062B01D0532B02D101F088F9E5E7FDF7A8
:10538000DFFF0028E1D000F073FB38B92B7B002B46
:105390000CBFAB209420FFF751FCD6E74D4B019397
:1053A000304600F015FB20B14B4840F6690109F08A
:1053B000DBFC4549307B01AA0BF04BFE95F80080E1
:1053C000B8F1000F03D14148FFF7B6FDBDE7DDF8A6
:1053D00004900EF0DAF9737BDB07044603D596F9E7
:1053E00009000BF054FE0EF0D0F93C4B3C4F1880F6
:1053F0000EF0E8F93B4B1880FDF71CFF3A4B188084
:10540000FDF71EFF0822014638480CF0A8FA0EF0FE
:105410009CF9374B18703079FFF7F6FC7088002143
:10542000FFF7BAFDFDF78CFF60B1631E9BB24FF62C
:10543000F672934206D90EF0EFFDB7F8683083425A
:105440000446F8D020460EF0ACF930880EF0C6F9CC
:10545000B7F868004146C847044608B918209AE7DB
:10546000B7F868100DF017FE002387F859302B7835
:1054700003F0FB03022B02D020460EF0A0FB00231A
:105480001A4619462046FFF7B5F998B19423EB73F5
:10549000184B1B78042B06D11748C821FDF728FDAF
:1054A00003232B7451E714484FF41671FDF720FDC8
:1054B0000023F6E794206EE7FFF712FA00287FF446
:1054C0004BAF03B0BDE8F083AE3D0020C03D0020EF
:1054D000183F0020D73C02001E820200AC3D002095
:1054E000BC380020AA3D0020A83D0020DD4000205F
:1054F000E5400020193F00206C1200207FB5194EB6
:10550000194D00243278E3B29A4201D804B070BD3C
:10551000B5F868204FF6FF739A421AD0134B1B88D8
:10552000DB0714D5124AB5F8683010685168ADF839
:105530000C3001AB03C30A231A4601A90020FDF772
:10554000EDFD0C4902230B220020FDF7E7FD01349D
:10555000D8E70748002208210EF0C7F80028F6D146
:10556000DCE700BF02140020BC380020DA3D002038
:1055700026390020823D002010B500F0D3FE01F056
:10558000E5FBD8B10E480F4CFDF74EFD0E48017AF1
:105590000E30FFF7ADFB23781BB100F0FBF90023C1
:1055A00023700A4B00221A73FFF71AFB07F00AF95F
:1055B00000F01AFFBDE81040FFF7A0BF10BD00BF0C
:1055C0006C120020E6400020C03D0020AE3D0020CF
:1055D00010B52548FDF728FD01F0B8FB30B1234B8D
:1055E0001B781BB9BDE81040FFF7C6BF01F0AEFB4A
:1055F00078B11F4C237C83B11B48C821FDF778FC90
:10560000237C013B23740021BDE810400846FCF7D1
:10561000D9BBFDF795FE0028EBD1FDF791FE154BA8
:105620001B7858B9112B03D003F0FD03412B19D17E
:105630000F4BBDE81040D87BFFF700BB332BF7D1F1
:105640000D4B18880EF0ADF80C4B18880EF0C6F80C
:105650000B4B0C491888FFF79FFC0B4B1878FFF792
:10566000D3FBE5E710BD00BF6C120020143F002003
:10567000AE3D0020183F0020AC3D0020AA3D002098
:10568000A83D0020DD400020E54000202DE9F04F3E
:1056900085B00F4602AD04462946384691460FF0C4
:1056A0004EFD4FF0000B82463846CDF804B00DF0A9
:1056B000A8FD4678022C804606F0020609D85CB1A7
:1056C000FDF73EFE044600283CD1734B01241B78B5
:1056D00059E0043C022C2ED9FDF732FE38460DF07D
:1056E00009FD0024DFF8B4A10546A04638460DF0B8
:1056F00088FD50F8093001930DF105000DF04BFCC9
:105700009DF807B00746B8F1000F09D0BAF1000FB5
:1057100006D06249082250460CF011F9002851D1F8
:10572000BBF1000F34D14FF6F7739F4230D994206C
:10573000FFF784FA46E00EF08BFAFDF701FE04460F
:10574000F8B15C464EB1564B1B78012B02D0043B9E
:10575000012B0BD805B0BDE8F08F4F4B1B782BB158
:105760004F4B1B7803F0FB03022BF3D0BAF1000F71
:10577000404608BF00250FF0D5FC4FF001088246D7
:10578000B4E7454B1B78002BF0D0002EEED1E1E7BB
:10579000DFF8049199F8003003B11EB314B3414B04
:1057A0001B78022B1ED1BBF1000F14D138460DF02F
:1057B000F8FF58465946FFF79BFA07F003F899207F
:1057C00009F0CFFC0020FBF789FA0028C2D00020A6
:1057D0000DF032FDBEE7FDF7B3FD48B13248FDF7ED
:1057E00023FCA4E7FDF7ACFD10B1BBF1000FF5D130
:1057F000FDF7A6FD0028E5D02846FEF79FFBFF2811
:10580000DFF8A0A0294C03D09AF80030012B04D176
:10581000B4F868002946FEF7EDFCFEF7A9FD2A461C
:10582000B4F868103846FFF7B5FC214B214A93F9CC
:1058300006301B0213809AF80030012B18D0312B50
:1058400014BF432311238AF800301B4B16481968F4
:10585000134CFDF74DFB00F027FD99F800100023D5
:10586000237439B91048FDF743FBAD23E373A9E76F
:105870001123E8E7B8F1000F03D016B1FFF77CFE63
:10588000F3E70E4B1B78042BEFD107480521FDF7FA
:105890002FFB09232374E8E7143F0020CB400020AE
:1058A000AE3D0020183F00206C120020BC380020C4
:1058B000C03D0020D83D00208C120020193F002060
:1058C00070B508468AB00D460DF09BFC09220021F8
:1058D0000646FBF78FFD044628460DF00BFC0DF144
:1058E0000703052202A928460AF084FF02281AD0DD
:1058F0009DF807301C44E4B204F110020023D2B238
:1059000029460120365D09F0B9FB60B1022E0AD1AB
:10591000064B1B78012B06D1054B187818B9224687
:105920002946FFF7B3FE0AB070BD00BF183F002044
:10593000AE3D002008B5FDF777FB024B00221A7040
:1059400008BD00BF0C3F002084B010B502AC84E855
:105950000F000F4CBDF8082063889A4204D0002045
:10596000BDE8104004B070470822211D0DF116005B
:105970000BF0E5FF02460028F1D10821201D0DF0B3
:10598000B4FE0028EBD16088003818BF0120E7E79B
:10599000AE3D0020034A044800231380034A1370DD
:1059A000FDF742BBDC3D002090120020E8400020C3
:1059B00008B50348FDF738FBBDE80840FFF7EABF2C
:1059C000901200200148FCF787BE00BFDC3D00209C
:1059D00037B5054698B10C4B1B7893B100210B48A5
:1059E0000DF05EFC00240146162300942246284652
:1059F0000DF07AFD064B20461C7003B030BD02202E
:105A0000FBE77020F9E700BFE8400020DC3D002004
:105A1000E7400020F7B5054618B3134C1348237828
:105A2000124F0133002123700DF03AFC002601468D
:105A3000237819B9013B237001200AE0F2B29342A6
:105A400009D1002400941623224628460DF04CFD6F
:105A5000204603B0F0BD38460DF078FC0136014613
:105A6000E6E70220F5E700BFE7400020DC3D00202C
:105A7000014B1878704700BFE840002025289DBFE3
:105A8000024B187000200220704700BF2F14002026
:105A900007B5012318460D220DF10701FDF73EFB66
:105AA0009DF80720024B1A7003B05DF804FB00BF9D
:105AB000D213002084B010B502AC84E80F00254852
:105AC000089C08220DF116010BF039FF38BB9DF838
:105AD00015309B0705D4204B1B7803F0FD03312BB9
:105AE00023D11E496378097803F00F028A4203D05C
:105AF000012928D1022A18D12278B2B91B09022B18
:105B000013D194F90230002B21DB154BB3F8682038
:105B1000BDF80A309A4208D1FEF7ECFF06E00D48C6
:105B2000002208210DF0E1FD20B90020BDE8104061
:105B300004B070470B4BBDF808205B889A42C6D072
:105B4000002BC4D0F1E70229EFD1012AD3E70120CD
:105B5000ECE700BFB23D0020183F0020F713002003
:105B6000BC380020AE3D002084B02DE9F04F89B054
:105B700012AC84E80F00DFF84CC1504BBCF80200B7
:105B80009DF84D909DF95220BDF860E09DF865A00C
:105B90009DF966509DF868709DF96A10BDF848B08F
:105BA0009DF94E809DF850601B7810F001042DD0B7
:105BB0009DF86D00C0F34004C0F38000002B41D07D
:105BC0003F4B1B78012B00D1F4B1C0B19CF80030E1
:105BD0001E335BB2AB42ACBF002501259845D4BF54
:105BE00000230123AB4209D1914208DC0CD1B81B40
:105BF000C0B280288CBF0020012000E0284609B0F8
:105C0000BDE8F04F04B070470020F8E7840718D5CE
:105C1000C3B1490814BF01200020520814BF01235A
:105C200000238342EBD1BB1BDBB2802B0AD9BE42DF
:105C3000EAD1A84506DBE7D1D1452CBF00200120E1
:105C4000DDE70BB90120DAE7BE4216D018AD0FCD63
:105C500002AC0FC495E8030044F8040B2180DDE991
:105C6000160112AB0090ADF804100FCB0BF0EAF95F
:105C70000028E7D1BE42BAD1C1E7F34518D00DF1F3
:105C8000700B9BE8030018AC0090ADF8041094E88A
:105C90000F00FFF759FE0028D4D19BE803000090C5
:105CA000ADF8041094E80F00FFF74EFE0028C9D1AC
:105CB000A845C7DBCAD1D145C4D3C7E7E840002017
:105CC000183F0020D213002084B02DE9F04F8FB090
:105CD0006A4E18AC08AD84E80F0016220021284651
:105CE0000BF057FE33783BB90024654B32781B78B4
:105CF0009A4239D2002726E06248DFF888910021D5
:105D00000DF0CEFA00270446B846002C45D13FB12D
:105D10005C48224639460DF042FB3378013B337034
:105D20003378002BE0D05748DFF858B100210DF050
:105D3000B7FA4FF0000980464F46CA46B8F1000F47
:105D40006CD1002FD1D01621002218A80DF091FAA5
:105D5000014648B1002F00F08B804A4822460DF0E2
:105D6000CCFA337801333370454B32781B789A4242
:105D700007D94448002201880DF011FB3378013B1C
:105D800033703378012B03D13F494048FDF7B0F819
:105D90000FB0BDE8F04F04B0704700222146CDF8A7
:105DA0000080162328460DF09FFB1622294618A8CE
:105DB0000BF0C5FD0028EBD09DF864209DF8243041
:105DC0009A4225D1BDF86020BDF820309A421FD1FB
:105DD00008220DF12E010DF16E000BF0B0FDB8B9E7
:105DE0000DF1600CBCE80F0002AF0FC79CE8030088
:105DF00047F8040B0EAB398013E903000090ADF8AF
:105E0000041095E80F00FFF7AFFE0028C0D027462A
:105E1000214648460DF09AFA044676E716230022FA
:105E20004146CDF800A028460DF05EFB0DF1600C58
:105E3000BCE80F0002AF0FC79CE8030047F8040B53
:105E40000EAB398013E903000090ADF8041095E81B
:105E50000F00FFF789FE074620B1B9F1000F04BF1C
:105E600044468146414658460DF070FA804665E743
:105E700004483A460DF01AFA73E700BFE8400020E4
:105E80002F140020DC3D002020BF020090120020D3
:105E90002DE9F04F9FB010AF00210446162238467E
:105EA0000E91CDE90C11CDF83B100BF072FD0DF108
:105EB0001F03052216A920460AF09CFC02288046F2
:105EC00000F0FD8020460DF09CF906460DF063F8C9
:105ED0008146F01C0DF05FF8ADF84000701D0DF02C
:105EE0005AF8B8F1010FADF84200204640F0EA80C0
:105EF0000DF087F905462046FCF7C8FD0D352D1A33
:105F0000EAB23B462146082009F0B8F8002800F024
:105F1000D68020460DF07AF9B8F1010F9DF84D308A
:105F2000834640F0E88043F0010300258DF84D30B2
:105F300016AE04953388022B58D1F1780231C9B2DC
:105F40002046FCF793FF1B2850D1F1780331C9B2EA
:105F50002046FCF78BFF192848D1F1780431C9B2EB
:105F60002046FCF783FF4A2840D14FF0050AF1781C
:105F700001315144C9B22046FCF778FFF178514411
:105F80008046C9B22046FCF771FF00EB082083B2BF
:105F900000F03F02932B059240F09C8096F803801E
:105FA000D0445FFA88F808F10203DBB204930023BF
:105FB000049A009321460F230CA80DF095FA08F1DE
:105FC0001101C9B220460DF0DCFA08F113010546B3
:105FD000C9B220460DF0D5FAADF84200059B023358
:105FE00053445FFA83FA33795345C0D806360DF12E
:105FF0007603B3429ED19DF84D20C5F3C03363F3C1
:10600000410220468DF84D200DF092F88DF84400A5
:1060100020460DF082F88DF8450020460DF082F8FC
:106020009DF832308DF84600C3F3C3028DF8472047
:10603000DDF83320CDF84E20BBF1190FDDF8372005
:10604000CDF852208CBF9DF83E2000228DF84820CC
:1060500003F003028DF84A209DF84D20DB0963F31D
:1060600082026A4B8DF84D201B78022B58D1BDF867
:1060700040600DF0A7FB864252D108A80DF01DFE2E
:10608000BBF1190F49D908220DF14E0108A80BF0F8
:1060900056FC00283ED1B9F5004F02D0B9F5624F49
:1060A0000DD125F4404540F6FF739D4207D10022F3
:1060B00008210DF14E000DF018FB002840D01FB054
:1060C000BDE8F08F0DF09DF805462046FCF7DEFC9C
:1060D000073514E7412B81D1F17802315144C9B21F
:1060E0002046FCF7C3FE4A4B1B78C3F1B3031844A8
:1060F0008DF8490072E76FF30003F01D8DF84D3005
:106100000CF049FF0CA9054620460DF0F8FD0023D0
:10611000049370E700F008FDBDE700F005FDCEE751
:10612000B9F5004F02D0B9F5624FC8D125F440450A
:1061300040F6FF739D42C2D1BBF1190FBFD9B6E73C
:10614000BBF11A0F06D004991F313A46C9B2204656
:106150000AF07EFF2F4C304D637BDBB12B78012B97
:106160001DD1012323730CAB029314AC94E80300FC
:106170000090ADF8041097E80F00FFF79BFC90B17A
:1061800094E803000090ADF8041097E80F00FFF7C3
:106190009BFD08E0FDF7D4F80028DFD0E1E703F02D
:1061A000FD03042BDDD02B78012B01D0042B86D1ED
:1061B0001A4BDDF84E001B788DF82230BDF84030C8
:1061C000ADF820309DF84D30DDF85210C3F3400398
:1061D0008DF823309DF8313003F00F038DF82C300B
:1061E0009DF848308DF82D3009AB03C30C4B1B686C
:1061F0001BB1394608A8984761E79DF946209DF8EC
:10620000451008A808F0CEFF59E700BF183F00204E
:10621000EF400020AE3D0020D5400020EE400020A1
:106220009439002010B508F081FD114B1B78022B2A
:106230001CD1104A1468A04218D00F4910600A6897
:10624000121B10440D4A086012786AB1013A93405B
:106250003C2253434FF47A725343984206D9BDE827
:1062600010400320FCF7FCBF0A23F3E710BD00BF7A
:10627000183F0020002C0020FC2B0020F3130020EE
:10628000064B1B88DB0708D5054B002243F820206E
:10629000044A135C63F00F0313547047DE3D002083
:1062A000D02A0020F43E002008B508F03FFD034B43
:1062B0001860034B00221A6008BD00BF002C0020AC
:1062C000FC2B0020014B1868704700BFFC2B0020FE
:1062D00008B50C48FCF7A8FEFDF706F880B10A4B9C
:1062E0000322B3F8681001200AF0CEFE074B0548E0
:1062F0001B884FF47A715943BDE80840FCF7F8BD9C
:1063000008BD00BFB0120020BC380020B61300202A
:10631000034B1888C0F30E00003818BF01207047E7
:10632000823D002008B5FFF7F3FF30B1044900209B
:1063300002230B220880FCF7F1FE002008BD00BFFD
:10634000823D0020024B1888C0F30E00704700BF4A
:10635000823D0020084A094900231370084A13703F
:10636000084B094A1B7843F00403138001200223E1
:106370000B22FCF7D3BE00BFEB400020823D002083
:10638000EA400020F4130020DE3D002030B585B047
:106390000024114D019401210B2300918DF80C3044
:1063A0008DF80D000323B5F868008DF80E4003AAA0
:1063B0000EF055FE68B1B5F868100DF077FD40B1EC
:1063C000064B074805221A70064B64211C70FCF727
:1063D0008FFD05B030BD00BFBC380020EA40002072
:1063E000D0120020EB400020064B1B78033B012B12
:1063F00006D8054B1B781BB9044B1878FFF7C6BFAE
:10640000704700BF193F0020E9400020F31300202F
:1064100008B51548FCF708FE144B1978F9B9144A69
:1064200013787BB1013B1370124B1B78042B02D104
:106430000846FBF7C7FCBDE808400B484FF49671CF
:10644000FCF756BD0C4B1B8803F00303022B0AD14B
:10645000BDE80840094903220120FEF705BDBDE85B
:106460000840FFF7C1BF08BDD0120020EB4000205C
:10647000EA400020193F0020823D002000F8FF077D
:10648000084B1A785AB1013A022393404EF6602223
:10649000534303210448B3FBF1F1FCF729BD42F259
:1064A0001073F6E7F3130020D012002070B50546F4
:1064B0001748FCF7B9FD174B012228461A700EF059
:1064C000F2FD411C0446C9B22846FCF7CFFCA11CD2
:1064D0000646C9B22846FCF7C9FC0F4C02232080AF
:1064E0000B2221460020FCF719FE86B9238803F011
:1064F0000303022B03D1FFF7D7FEFFF7C1FF238869
:106500005B0704D5BDE870400448FFF7E1BE70BDED
:10651000D0120020EB400020823D0020B01200206D
:106520002DE9F0411A4C238886B005464BB3DFF8BD
:10653000688000214FF480700EF0EAFB98F800307C
:10654000DB071CD501212088FCF72AFB07462088A1
:106550000CF057FE02300CF01EFD03A90646208801
:106560000EF08BFE98F8003013F0020F18BF0025D4
:1065700000953B4603AA3146062008F05AFD002349
:106580002380044806B0BDE8F041FCF74DBD00BFD4
:10659000E23D0020F0120020EC40002010B504463F
:1065A000CA20FFF7BDFF01214FF480700EF0B0FB51
:1065B00058B1064B06481C80064B00221A70064B49
:1065C000BDE810401988FCF793BC10BDE23D0020E7
:1065D000F0120020EC400020BA130020044A137887
:1065E00018B943F001031370704743F00303FAE74F
:1065F000EC400020044B1B781BB9044A1380FEF7C3
:1066000099B90020704700BFD9400020E03D00202C
:1066100030B501F0400387B0002B4FF0040205466F
:1066200014BF012400248DF80C208DF80D1004D027
:1066300004A90EF093FB18B304ABCDE9004303AA01
:106640000223012128460EF00AFD0446D0B10E4B6C
:10665000B3F868100CF01FFD4FF6F7739D420AD98E
:106660000023322202212046FEF7C4F880F0010008
:10667000C0B207B030BD294620460DF017FCF5E743
:106680000120F6E71820F4E7BC38002010B5FFF72A
:1066900049FE04F05BF90DF08AFA00200EF050FB81
:1066A000FBF774F908B1FDF771FA1F4C2378532BEF
:1066B00010D103230021012023700DF009FB0020DD
:1066C000FAF70CFB10B100200CF0B6FDBDE810404D
:1066D0000AF0DEBC062B01D0212BF0D101200DF0F9
:1066E000C3FA4FF6FE700DF05CF84FF6FF700DF038
:1066F00075F80020FEF7CCFA0020FEF7D3FAFEF77B
:1067000063FA00F009FB0AF0C6FC2378212B02D1C2
:10671000FEF700FAD3E70020FCF7A2FD00214FF4BA
:1067200000400EF0F4F8CAE7183F002010B50A4CFC
:106730000A48FCF779FC2378062B02D101200DF0E2
:1067400093FA2378062B01D0532B03D1BDE81040D8
:10675000FFF79CBF10BD00BF183F002010130020A2
:106760002DE9F047DFF8C08004460E461746FFF7D4
:10677000D9FD98F8005015B97020BDE8F087212D9B
:10678000FAD028480CF071FF0028F5D114F020044D
:10679000DFF898A0DFF8989005F00F0539463046ED
:1067A0001BD00AF01DF8012D8AF80070A9F80060CE
:1067B00029D1212388F80030FFF768FF0020DCE7AB
:1067C000212388F80030FFF761FF00214FF6FE70AB
:1067D000FEF7E2FBFEF792FEF0E70AF000F8012D6B
:1067E0008AF80070A9F80060EAD0062321464FF627
:1067F000FD7088F80030FFF70BFF0A4840F22621B1
:10680000FCF776FBE1E7532321464FF6FD7088F84D
:106810000030FFF7FDFE034840F22621FCF768FB3D
:10682000CCE700BF10130020183F0020ED400020EF
:10683000D6130020F8B50D46511CC9B206462846AD
:10684000FCF714FB044628460CF0DBFC054602303E
:106850000CF0A1FB164B1B78022B074602D0043B21
:10686000012B23D8134B1B68580201D5A1061DD557
:1068700062061BD5104BB3F86830B34216D16B7863
:106880001B070FD528460EF04DFC0C4908220BF0D3
:1068900056F858B9314604F020000122BDE8F8400E
:1068A000FFF75EBF0CF071FFB842F3D0F8BD00BF38
:1068B000183F0020082C0020BC380020CB400020CE
:1068C00073B504460D460EF045FAFF28034625D061
:1068D000134A12784AB1134A32F81020520404D5F0
:1068E0000EF01DFA002002B070BD18460EF02AFA14
:1068F000694606460EF032FA40B1FCF7A5FC28B115
:10690000002302226946304604F0CEFF45F04001E4
:10691000204602B0BDE87040FFF77ABE0120E2E7F2
:10692000143F00207C3D002038B505460CF069FC82
:10693000044628460EF0B7FB411CC9B22846FCF7B6
:1069400095FA42060DD563781B070FD520460EF049
:10695000E9FB014600200EF0FBF9BDE838400EF0DF
:10696000DEB9BDE838400248FFF7E0BE38BD00BFE1
:106970001013002038B54FF6FF75A842044617D013
:106980000CF020FFA04213D00A4B19884FF6FD727D
:1069900091420DD9084A1288AA4201D0A24207D1D9
:1069A0001C800648BDE838404FF47A71FCF7A0BA65
:1069B00038BD00BFC0130020D8130020942B002046
:1069C00008B50448FCF730FB034B4FF6FF721A8002
:1069D00008BD00BF942B0020C0130020024A13788A
:1069E0000BB1013B137070470A3F002008B50CF053
:1069F000F5FE064B00214FF6FF7208461A80FEF79F
:106A000077F9BDE808409A2008F0ABBBC01300201E
:106A100008B5FCF709FB0A4B1B78023B032B08D88F
:106A2000084A10884FF6FE7398424FF6FF7301D163
:106A3000138008BD9842FCD0BDE80840FFF7D6BFE0
:106A4000183F0020C013002010B5084B1B78042B02
:106A50000AD00CF09AFE0021044608460DF087F992
:106A6000231A5842584110BD0020FCE7193F00206E
:106A7000F0B589B000260546CDE90566ADF81C6085
:106A80000EF011FB0A23024604460096294605A88B
:106A90000CF02AFD9DF815309DF814701F2B27D897
:106AA00003A80DF00AF908220DF1160103A80AF057
:106AB00046FF0646E0B9092F1CD1FFF7C5FFB8B164
:106AC000154B1B78A3B1154B1A884FF6FD739A42EC
:106AD0000ED9134C134A23780433DBB22370127897
:106AE000013AB3EB820F03DD58B208F09EFC26702A
:106AF00009B0F0BD04F10A01C9B22846FCF7B6F9A5
:106B00000DF058F904F10B01C9B228460CF039FD1B
:106B1000FFF730FFECE700BF06140020C013002091
:106B20000A3F0020F213002038B5134B1B78033BBB
:106B3000012B20D9114B1B784FF6FF71ABB1104DD3
:106B40002B888B4217D10CF03DFE4EF66021044697
:106B50000C48FCF7CDF94FF6FE732B80224600213E
:106B6000BDE8384009200DF033B9074A13888B423D
:106B70001CBF0133138038BD193F002006140020CC
:106B8000C0130020942B00207E3D002008B504484F
:106B9000FCF74AFA0021BDE808400846FBF712B9A5
:106BA0003013002010B5044661B1FF210CF0CAFA81
:106BB000002120460CF0CCFA0CF08EF9014620465C
:106BC0000CF0CCFA21460348BDE8104000220CF03E
:106BD0006DBB00BFE63D00202DE9F0410D46174694
:106BE00004460CF00EFB0678284606F067FD2946A1
:106BF000804620460CF04FFA0CF0C7FDA84206D1A3
:106C000020460121FFF7CEFF0120BDE8F081284694
:106C1000B8F1000F0BD006F0D3FD58B915493A462C
:106C200020460978BDE8F0410023FDF7E3BD0EF0F2
:106C30009EF8F2E706F00306012E08D00CF0A5FD41
:106C400000232246294602F097F90028D8D1204691
:106C50000CF0DDF9430505D520460021BDE8F041E3
:106C60000CF080BE20460EF060F8B0FA80F04009CB
:106C7000CBE700BFF113002010B586B004460EF03C
:106C800012FA104B0246186819790290D3F80500E1
:106C90005B7A8DF81430013200238DF80C100490CB
:106CA000009321460523D2B204A80CF01DFC052256
:106CB00004A902A80AF043FEB0FA80F0400906B029
:106CC00010BD00BF2C82020008B511480CF0ACFCCE
:106CD000104B1B78012B06D8FF200DF0F9FFFDF7B4
:106CE0005DFC0EF014F8FDF7BDF901F0C5FCFFF7EF
:106CF00031FB0EF055FB07F065FAFDF7F9FD07F0E3
:106D000099F809F06FFDBDE8084002F033BC00BF00
:106D10007C390020EF3E002008B5EFF7D3FEFF28B6
:106D200003D0094B1B78012B06D900200DF0D0FFB2
:106D3000FDF734FC0DF0EBFFFDF794F901F09CFC3E
:106D4000BDE8084002F016BCEF3E0020064B187864
:106D5000112806D000F0FD00A0F14103584258412F
:106D600070470120704700BF183F00202DE9F8430D
:106D70000446FDF7BBFB18B100263046BDE8F8839A
:106D80001A4BB3F868104FF6FF784145F4D020460F
:106D90000CF081F9164A0123128802212046FDF7E2
:106DA00029FD06460028E7D020460CF02AFA90F884
:106DB0000790054604300CF0EEF807460CF0E5FCB1
:106DC000494602463846FDF7A9FBA81C0CF0E3F83B
:106DD000404502D12046FFF7E1FB2B789B07CCD141
:106DE00001212046FFF7DEFEC7E700BFBC380020C8
:106DF000E43D0020F8B507460CF003FA05460430E0
:106E00000CF0C9F80646A81C0CF0C5F8044630463C
:106E10000DF0A0FF304606F051FC2B789B0701D106
:106E20000CF0B3FCAB790BB90320F8BD0CF0ADFC52
:106E3000A0420CD10CF0A9FC0446094B21461A785B
:106E40003846FFF7C9FE0028EED00020EDE7054BDD
:106E50001B78052B1CBF044BB3F86840EDE700BF5F
:106E6000E43D0020193F0020BC3800202DE9F0410E
:106E7000064610460D460EF016F9A0F11004E7B2D2
:106E800056FA84F4EA1B214604F10E000AF067FD6D
:106E90002823F355DFF8408098F80030637301F041
:106EA000FDFB611C024601200CF07BF80949082219
:106EB000601D0AF054FD98F800000DF084FD05F106
:106EC0000E0130463B460022C9B201F093FC12206D
:106ED000BDE8F081CB400020133F00202DE9F04FAA
:106EE00087B004460CF08DF9064620460CF0ECF80D
:106EF0000746301D0CF04FF88146B01C0CF04BF8E3
:106F0000384696F807A00DF034FF33789A0769D118
:106F10002146042001F076FD002863D020460EF0C3
:106F2000C2F801462046FBF7A1FF83075AD120464D
:106F30000EF0B9F801462046FBF798FF10F0030366
:106F400003934FD12046FFF797FE00284AD02046F2
:106F50000EF082F900F1010B05462046FBF7B2FD69
:106F60005FFA8BFB0BF10A03834264DA334A106841
:106F7000516804AB03C3A91CC9B22046FBF776FFD6
:106F8000594680462046FBF771FF05F10B0100EBE7
:106F900008201FFA80F8C9B22046FBF767FF039B61
:106FA0000093EA1C0823D2B22146834604A80CF0C1
:106FB0009BFA20460CF088F85A4641460AF072F8CF
:106FC000012204A9404601F07DF9A0BB022007F090
:106FD0009DF8022007F09AF8013003D104A9404639
:106FE000EFF76AFC0CF0D1FB48453A46514607D111
:106FF0000CF0C1FDF8B907B0BDE8F04F0DF00BB8CB
:1070000048460CF0B8FDB0B90D4B1B781BB939469A
:1070100048460CF023FF3A4651464846FDF77EFAB3
:1070200048B1317811F0030105D1204607B0BDE821
:10703000F04FFFF7B7BD07B0BDE8F08FB55B0200BA
:107040000F3F002038B50F4D2B78023B012B15D890
:107050000AF02AF8044698B9FFF7E4F82B78032BD6
:10706000214604D101200CF033FE012038BD20461A
:10707000FAF7A8FE003818BF0120F7E79320F5E7DC
:107080007020F3E7183F00202DE9F74306460D4630
:1070900014460BF0C6FF0C28304645D10CF0B1F871
:1070A00009220021FAF7A6F900F11001C9B2304611
:1070B000FBF7DCFE042813D07C282BD0012840F0FD
:1070C000A78045B9132130460CF05BFA03B0BDE848
:1070D000F0430CF083BB03B0BDE8F043FDF76EBD99
:1070E000594B1B78022B40F0938045B9FFF72AF9E2
:1070F000C3070AD5FFF7D8F8002C08BF312528466A
:1071000003B0BDE8F04308F09CB8FFF701F9002890
:10711000F0D0F1E701213046FBF742FD294603B0EC
:10712000BDE8F04308F038B90CF06BF88046043045
:107130000BF031FF074608F102000BF02CFF4FF671
:10714000F773984204460CD8404A138801339BB227
:1071500013800BB93E4A13801DB13D4A1388013399
:10716000138098F8009009F00309B9F1010F1DD1BF
:1071700030460DF098FF01463046FBF777FE0B28AE
:1071800009D00D2807D0042842D1304603B0BDE80D
:10719000F043FFF7C9BB2F4B1B78042B38D10021DC
:1071A000084603B0BDE8F043FAF70CBEB9F1000F92
:1071B0002ED12946304603F0A5FC4DB34FF6F773A8
:1071C0009C4225D898F8016016F00406204622D18A
:1071D0000DF08EFD054620467DB10DF0C8FD03463D
:1071E00000BB00900C22214638460CF0AAFF0C226E
:1071F000002300933946204608E00DF0B8FD034611
:10720000C8B9154A00901278214638460CF099FF0B
:1072100003B0BDE8F0830DF0AAFD034678B90090F5
:107220000B22F1E7062200963346214638460CF041
:1072300088FF0622DCE700952B460622E4E7CDF81E
:1072400000904B46F9E700BF183F0020863D002024
:10725000843D0020193F0020311400202DE9F04F1B
:1072600005888BB0044628460BF0CBFF0746043058
:107270000BF091FE8246B81C0BF08DFE05A98046EE
:1072800028460DF05CFF28460DF00DFF014606462E
:107290002846FBF7EBFD3B78009003F00303012B3E
:1072A0000CBF83464FF0FF0B07F03BFDE3880293D2
:1072B000637A0190D90700F186800CF066FAA0EBA2
:1072C0000A02D2F1000949EB0209FB790393504607
:1072D00000F05AFF002879D1404600F055FF002801
:1072E00040F08B80FDF7CAFB8046FCF729F810B907
:1072F000FFF72CFD30B1A8F104085FFA88F8B8F167
:10730000020F1BD90BF0FD03042B00F0B680FFF732
:107310001DFD20B1009B03F00303012B0ED0FBF7F2
:10732000E3FF28B9724B1B7803F00F03062B6BD1D8
:10733000704B2846B3F868100BF0ADFEBBF1010F9F
:1073400066D128460BF091FE4FF6FF73984240F04D
:107350009480002307AA314628460DF0D1FC074649
:10736000002845D042799DF82530934209D9711DF6
:10737000C9B22846FBF78EFDA37823F00F03023332
:10738000A370EBF751FD7E23B0FBF3F202FB130376
:1073900003F58073A3809DF8263013F0180F0AD0F0
:1073A000A3781B0707D1B9F1000F04D17A7905A999
:1073B000504607F067FF9DF82700003818BF0120EE
:1073C0000BB0BDE8F08F4FF001097EE728460BF0C7
:1073D00018FF02300BF0DFFD4FF6F773984207D924
:1073E000039B2BB92846FFF747FC00287FF474AFB6
:1073F000A37823F00F03A37008E040460DF0B9FC1A
:1074000000287FF46FAFF3E72823A3800020D7E79D
:10741000BBF1020F54D1012307AA314628460DF0D3
:107420006FFC80460CF0B1F9BDF8223098421FD1B4
:10743000B8F1000FDCD0B8F80230012231462846FE
:107440000DF05CFC2C4A13780133DBB2FB71137036
:10745000B8F80230BDF81E209A421FBFA37823F06F
:107460000F030233A3704FF4C873A3800120A7E772
:1074700018460DF07EFC0028DAD128460BF0F5FD09
:107480000CF076F9012808BF1C4BA27801BF1B78CD
:1074900003EB830303EB83039B0006BFFA339BB22A
:1074A000FA231209A4D1DDE90121521A92B29342C2
:1074B0009ED3EBF7B9FC00F01F001030A080D5E799
:1074C000BBF1030FD9D1B9F1000FD6D0711CC9B2ED
:1074D0002846FBF7CBFC0C28CFD1FCF773FF4FF607
:1074E000FF7398420146C8D028460BF0D4FDC4E78C
:1074F000183F0020BC380020163F00200014002058
:107500002DE9F04105460C460BF08BFD082802D111
:107510000120BDE8F081201D0BF03DFD0646284608
:1075200094F807800BF0D0FD074628460BF06FFD5E
:10753000010612D5184B1B78042B0ED1174B1B7864
:10754000022B0AD1164BB3F868204FF6FF739A420C
:1075500003D000210846FAF735FC124B1B78002BAC
:10756000D6D1A01C0BF017FD4FF6F773984202D846
:107570006378DA070DD523789B070AD13A4641464E
:1075800030460CF0F8FA80F00100C0B200F00100C3
:10759000BFE70120FAE700BF193F0020183F002095
:1075A000BC380020F24000202DE9F04F9BB004468B
:1075B0000BF037FD054620460BF033FD08284CD173
:1075C0002046ADF85840FBF77DFABDF85820A0F1F1
:1075D0001005EDB210461023009500210BF0BEFF00
:1075E000294616A80BF067FF2046FBF74FFA054621
:1075F0002046FBF767FAC1B22846FCF775F8ADF8EC
:107600005A408DF8590048B92046FBF73FFA014629
:107610000DF15900FCF7A2F88DF85800BDF858207C
:1076200048F201039A4202D1204609F0DDF89DF8A4
:107630005930402B05D1204609F0D6F81BB0BDE8E3
:10764000F08F802B03D016A807F0C0FEF6E716A82F
:1076500009F022FD0028F6D0F0E720460BF021FDCE
:10766000B0F5006F40F0FE8020460BF02DFD064681
:10767000042D40F0FA8020460BF0C9FC80F4006035
:10768000C0F3C02000223146400009F06EF8914B53
:107690001A78022A0DD0FFF759FB50B902F0FD030A
:1076A000312B06D0043A012A03D98B4B1B78002BCF
:1076B000C4D02146022001F0A5F905900028BDD0D4
:1076C0002046ADF842400BF09CFD0446BDF8420058
:1076D0000BF0FAFC0546201D0BF05DFCA31C834655
:1076E000184608930BF057FC11A90746BDF8420055
:1076F0000DF025FD2378069003F0030ABDF8420043
:10770000637809930DF0CFFC63780D930646284605
:1077100005F0D4FFBAF1010F0CBF032302230F932E
:107720006E4B0E901D80237803F03C030CBF4FF08E
:107730000B084FF00A08082B80D1BDF84200FBF778
:10774000C1F9B0427FF67AAFBAF1010F03D02378C6
:107750009B077FF473AF624BB3F86830AB420DD137
:10776000604A614BB2F9001093F90030002900F033
:10777000A18001EB0313A3EB21131380A6F11003E7
:10778000DBB20B938DF84130BDF842100DF141038F
:107790001022404607F072FC00283FF44FAF099BCF
:1077A00013F002030A9300F00C81504B1B78002B5E
:1077B0003FF444AFBDF8428040460DF074FC4FF0FA
:1077C000000907904046CDE91699CDF86090ADF8D4
:1077D00064900BF079FC079B039003F10E0189B2D2
:1077E00040460DF033FC00286ED00E23079ACDF8EA
:1077F0000090414616A80BF077FE0DF159010120CB
:107800000BF0DDFB9DF8653004939DF858300C902B
:10781000282B59D1364908220DF15D000AF08FF866
:10782000002851D004980DF0CEF8002866D1314BD5
:10783000049A1B78D31A1C0646D404F083F8012856
:107840003AD12D4E07F072FA3468054624B104F09F
:107850007FF82C1B844237D3002108460CF038FAFD
:10786000356031E04FF6FD7602E74FF6FF70301AD3
:1078700018BF012000223146400008F076FF0C2D91
:107880000DD12146012001F0BDF800283FF4D6AE0D
:10789000214600201BB0BDE8F04FFEF711B82DB90E
:1078A00020461BB0BDE8F04FFEF7F2BA042D7FF47E
:1078B000C5AEECE61B0260E704F044F8022803D1F1
:1078C00004F022F80028BCD003990022192008F007
:1078D0004CFFB3E6183F0020F2400020023E00209B
:1078E000BC380020D83D0020EF400020143F00208D
:1078F000CB400020133F0020A83900200123009333
:10790000079A4B46102140460CF09CFE0028DBD025
:10791000BD4B049A1B78934240F0A88003990DF167
:107920005D0213A805F0B2FE012113A805F01EFFA9
:1079300048F20301814613A805F08CFFB9F1000F4E
:1079400003D0082113A809F070FB40460DF0C9FBD5
:1079500003990DF15D0006F06DF9FE288146B3D064
:10796000FF280AD103980CF07AF8FF28814600F02E
:1079700085800DF15D01FCF789FCA34B049A1B780F
:10798000934200F0A1800C99484606F039F900288E
:107990003FF454AE48460C9906F044F92378980712
:1079A0000FD140460DF07FFB01464046FBF75EFAE3
:1079B00000F00300012804D103980DF15D01EEF7FA
:1079C0007BFFBDF842000BF022FB010440F18380F5
:1079D00020460BF0E0FA40F4007189B220460BF02B
:1079E000DCFABDF8420000224FF400410BF000FB2E
:1079F000DDF81480BDF842100F980DF141031022FC
:107A000007F03CFB00283FF419AE032866D120465E
:107A10000BF0C1FA40F4007189B220460BF0BDFAB8
:107A200028460DF0A6F9002840F0BC80DDF814804F
:107A3000BAF1010F40F0BC80BDF84210032000F005
:107A4000E1FF002840F0B4803146BDF84200FBF76A
:107A50000DFA0F2801467FF6F1AD4FF6F7739F42FE
:107A60003FF6ECAD28460CF066FAE7E504990120F4
:107A700003F0C6F900287FF451AF25E7237803F01F
:107A80000303012B08D140460DF00DFB0146404693
:107A9000FBF7ECF9082894D05C4B1A785C4B1B7808
:107AA0009A4209D20DF15D010398FCF7A3FB0398FC
:107AB0000BF0D5FF814660E708980BF06CFA4FF6A3
:107AC000F7739842EED9FFE6484606F013F900280E
:107AD0003FF459AF5EE74FF000088BE728460DF002
:107AE00048F90028A4D00A9B002B5DD1B8F1000F03
:107AF00058D1BAF1010FBDF842009DD03146FBF7D5
:107B0000B5F98146DFF8148198F80030002B5AD07F
:107B10000BF03BFE87427FF491ADBAF1010F40F0CC
:107B20008580B9F1070F7BD8B9F1050F7FF686ADD7
:107B3000384B1B78022B02D0043B012B03D898F85A
:107B40000030002B46D00D9B9A0640F1BA800E9B68
:107B5000002B40F0B28028460DF0FCF8FF2840F0E2
:107B6000AC805D457FF46AAD069B002B00F0A380DE
:107B700011AB46F204020126ADF85820019300969D
:107B8000022316AA314628460DF069FA0446002859
:107B90003FF454AD29460BF07EFA314620460BF0F7
:107BA000E1FE4BE5DDF8148028460DF0BBF83FE719
:107BB000BDF842003146FBF759F90A9B814613B9DB
:107BC000B8F1000F9ED0134B1B78022B02D0043B60
:107BD000012BB8D8284600F0D7FA804600287FF459
:107BE0002DAD0BF0D2FD854226D10B4BB3F868408A
:107BF0000BF0CBFDCDF80080014643460D22204618
:107C00000CF09FFA1AE500BF133F0020123F00203E
:107C100001140020183F0020BC380020143F002031
:107C2000A9F10E03DBB2012B82D907E509F00303AA
:107C3000012B7FF403AD7BE728460DF09AF858B985
:107C40000BF0C0FD4FF6FF73984205D0F9F79EFE8A
:107C500010B92846FCF774FA28460DF08AF888B166
:107C60000BF0B0FD4FF6FF7398420BD0F9F78EFE84
:107C700040B9BAF1010F02D1B9F1060F02D028467E
:107C80000DF04FF8069BA3B919460122584600F0A3
:107C900019FB804600287FF4D1AC20460DF042FA53
:107CA00042460146384600F00DFB00283FF44BAF3A
:107CB000C4E411A9E9E7069B5BE7637823F020039E
:107CC00063704FF6FC739F423FF4B8AC4FF6FD7300
:107CD0009F4204D1B04B1B78042B3FF4AFACA37987
:107CE0000BB1013BA37163785B0727D5002316AA6C
:107CF00013A9584616930CF0F5FF1698F0B10CF046
:107D0000EAFF804638460DF025F8169A13790146A9
:107D100003F03000102806D003F00C0008281CBF28
:107D200023F00C031371137903F03303202B05D1D7
:107D3000FF2903D0012240460CF0DCFF28460DF05D
:107D400009F8FF281EBF954B002243F82020099B0D
:107D500003F001084FF6F7739F4200F2F980B8F183
:107D6000000F40F0CF80294658460CF077F80BF012
:107D70000CFD874200F0F88038460CF0FAFF00282E
:107D800041D0BAF1010F27D1B9F1010F17D1BDF8D8
:107D90004200424631460CF0B0FF38460CF0E9FF95
:107DA0007F4B1B78002B72D158460CF0E2FF002865
:107DB00066D138460CF0DDFF002861D13EE438463C
:107DC0000CF0D7FF50B3B9F1030F27D1BDF8420033
:107DD00031460CF0EEF931E438460CF0CAFF384673
:107DE0000CF0C5FF002847D0BDF8422000233946DB
:107DF000584601F0C1F800283ED0BDF842000021ED
:107E0000FEF7D0FE1AE438460CF0B3FF18B1BAF111
:107E1000010FD8D0E3E7BAF1010FE0D1604B1B7836
:107E2000002BC1D0B9F1050F31D10BF0AEFC8DF8AC
:107E300058000BF0AAFC000A8DF859000123022219
:107E400016A90DF14200FAF76DFF00287FF4F6AB9A
:107E5000711CC9B2BDF84200FAF7F6FF037801338E
:107E600003706378590715D40BF08FFC834522D03B
:107E7000002239461C202AE5494B1B78002B93D061
:107E8000BAF1010FCED063785A0714D502E06378B7
:107E9000580718D5BDF8424020460DF0C6F8411CE1
:107EA000C9B22046FAF7D0FF0378BAF1010F03F107
:107EB000FF33037004D0BDF84200FEF79BFF09E0DA
:107EC000B9F1050FD0D0BDF84200FEF793FFB9F12C
:107ED000030FCDD00228CBD116AA002158460CF0B2
:107EE00004FF30B10379458003F03C0343F04003C5
:107EF000037100232B4A00931278394658460CF040
:107F000020F9B5E7BAF1010F40F0918009F1FF3394
:107F10000C2B00F2808001A252F823F0737F010045
:107F2000737F0100CD7D0100897F0100A97F0100E1
:107F30003D760100CD7F0100DD7F0100E97F01007A
:107F4000E97F01003D760100FF7F01000B80010009
:107F5000BAF1010F72D0B8F1000F68D1BDF842003C
:107F6000FEF7BCFFFFF76ABBBAF1010F7FF445AF24
:107F7000CCE7A9F102035A42BDF842005A4131460A
:107F80000CF0BBFEFFF75ABBBDF842103246584614
:107F9000FEF750FCFFF752BB193F0020D02A00200B
:107FA0000514002031140020711CBDF84200C9B234
:107FB000FAF75CFF0236F6B20246BDF84230009690
:107FC00011A9584606F05AFAFFF738BB0B9ABDF8CC
:107FD00042100120FDF75AFBFFF730BBBDF842000D
:107FE0000CF091FEFFF72ABBBDF84200FEF740FD02
:107FF000FFF724BBBDF84200FEF73AFDAEE7BDF83F
:108000004200FEF753FAFFF719BBBDF8420009F032
:108010003DF8FFF713BBBDF84210334622464846F1
:1080200009F00EF800287FF409AB49461AE5237AD7
:1080300003F00303012B7FF401AB8FE709F1FF335A
:108040000C2B3FF6FBAA01A252F823F0737F01002C
:10805000737F0100CD7D0100897F0100A97F0100B0
:108060003D760100CD7F0100DD7F0100F57F01003D
:10807000F57F01003D760100FF7F01000B800100CC
:1080800010B5124800210BF06BF90446E8B10BF073
:1080900044F80F4B187020460BF044F80D4B187045
:1080A00020460BF045F80C4B187020460BF045F8B5
:1080B0000A4B1860012006F04FFE2046FFF774FAC5
:1080C000BDE81040002006F047BE10BDA23D0020D4
:1080D000F0400020EF400020EE400020A0390020BA
:1080E00070B5144E336804460D46BBB10AF099FFD3
:1080F0000C2813D120460BF084F8092200210446F5
:10810000F9F778F9235C042B08D10B4C25B10B4B04
:1081100022781B789A4203D300232370002070BD7D
:1081200007483168FAF7E4FE237801332370012011
:10813000F5E700BFA4390020F140002030140020F2
:108140003013002070B50D4D00242C70EEF748FC64
:10815000E6B2B04208D80A4B00221A70094B1988BF
:1081600001B11A80012070BD30460CF0FBFDC30741
:1081700042BF2B7801332B700134E7E7113F002019
:108180000B3F0020803D002038B50B4B1B78054687
:1081900073B101335C08094B1888FAF777FC0023A8
:1081A00030F81320AA4205D00133DAB2A242F7D345
:1081B000002038BD0120FCE70B3F0020803D00205F
:1081C00030B5054685B008460C460CF0C5FDFF28C5
:1081D0000CD00BF021FF01220021CDE90112034652
:1081E000009221462A460720FCF7AAFC28460CF0FC
:1081F000B1FDFF2804460FD00CF0B4FDC2070DD529
:1082000020460CF0AFFD830708D40B4A32F8143037
:1082100043F4806322F8143005B030BD0BF0FCFE4F
:1082200001220021CDE901120346009207202A46CF
:10823000FCF786FCF0E700BF7C3D0020431E9BB2AC
:108240004FF6FA72934270B504462AD8FFF79CFFA6
:1082500038BB194B1B78042B23D020460BF0FFFBB7
:10826000FF2801D0FBF79AFE20460CF036FD08B13E
:108270000CF02DFD2046114E114D03F0DBFD204684
:1082800007F039F8317869B12888FAF7FFFB05461D
:1082900001461E22023009F062FB2C8033781E2B2F
:1082A00007D970BD2020FAF7B7FC28800028EBD151
:1082B000F7E702333370F4E7193F00200B3F00204B
:1082C000803D0020F7B504460D4617460BF05DFAD9
:1082D0000646002D41D04FF6FB739C423DD8204608
:1082E000FFF752FF08B1A64237D02046FFF74CFFF8
:1082F00010B1012003B0F0BD204608F077FAC0B1FC
:10830000A642F6D004B369462046FBF719F90246A7
:10831000D0B9082168460BF0E8F9A8B908226946E7
:10832000284609F00CFB78B1294620460BF0A4FE44
:10833000DFE7A642E6D10A490822284609F0FFFAFB
:1083400010B10CF0E3FCD4E73FB121462846FBF71F
:10835000BBFF2146284603F089FD0020CAE700BF85
:10836000CB400020044A13782BB1013BDBB21370E1
:108370000BB9024A138070470B3F0020803D00205C
:108380000148FAF7A9B900BF803D00202DE9F04768
:1083900080468CB017460D4661B903AE1B48DFF826
:1083A0006CA000210AF07CFF4FF0000904461CB9C4
:1083B00020461DE00E46F1E700222146CDF8009050
:1083C000242330460BF090F808224146304609F04D
:1083D000B6FAA8B9337C9BB96FB945B92A460B48A0
:1083E00021460AF0DCFF0A4A1388013B1380012072
:1083F0000CB0BDE8F0873B88B28953405B06ECD5F2
:10840000214650460AF0A2FF0446D0E7EA3D00208C
:10841000E83D0020024B1888003818BF0120704743
:10842000E83D00202DE9F0433048314D8DB0FAF79A
:10843000FBFD06F07BFC2B68C41A4FF47A73B4FB87
:10844000F3F4A4B214B106F071FC2860294FDFF8F0
:10845000A8803B88ADF80A3000233B804FF6FF76BA
:1084600000210DF10A000AF07BFF054658B9224BA6
:108470001B882BB14FF47A711C487143FAF738FD11
:108480000DB0BDE8F0834FF000092423CDF8009033
:108490004A46294603A80BF027F8BDF81A30A34234
:1084A00094BFDB1A1B1B9BB2ADF81A3063B9BDF841
:1084B00018301B0602D5089808F0D4FBB8F8003035
:1084C000013BA8F80030CBE79E4228BF1E4601239F
:1084D00000934A462946242303A80BF005F84A4690
:1084E000294638460AF0E2FEBAE700BF342B0020E6
:1084F000AC390020EA3D0020E83D0020F0B52D4ACF
:108500000446516810688DB001AB03C3A378012BFA
:108510004BD11422002107A809F03BFAD4F821100E
:10852000D4F81D0003AB03C32388190644BF626857
:108530000892DA050BD5221D08AE04F11407106865
:108540005168354603C50832BA422E46F7D1ADF818
:10855000183013F0040318BFA3690593164B0822C3
:108560001B88ADF81A3001A903A809F0E8F918B181
:1085700006A903A80BF09FFF0022242103A80AF0FC
:1085800078FE044698B10020FFF74CFF0B4800220C
:1085900021460AF08BFE0A4A13880020013313801B
:1085A000FFF740FF00200DB0F0BD7020FBE7182062
:1085B000F9E700BFB55B0200BC130020EA3D0020D4
:1085C000E83D0020F7B5044600200E46FFF72AFFDD
:1085D000104B1B88A34202D8022003B0F0BD00213B
:1085E0000D480D4F0AF05CFE002501460029F3D02E
:1085F000A54208D1002400942423224630460AF0E4
:1086000073FF2046E9E738460AF0A0FE013501462F
:10861000ECE700BFE83D0020EA3D00200148FAF702
:108620005BB800BFEA3D0020014B1888704700BFCF
:10863000E83D002070B50C4611460E4A23781278AA
:1086400013F0200542EA03020646227018BF611D9E
:10865000082209F084F9D4F80130B3602378337329
:10866000002D0CBF05200D2003F01803082B08BFB8
:10867000013070BD143F002007B504231A460DEBEE
:1086800003010120FAF74AFD019B034A1B03136013
:1086900003B05DF804FB00BFF82B002010B5064CBA
:1086A0002368C3F30B0313B9042006F077FB20689B
:1086B000431C236010BD00BFF82B0020014B18683D
:1086C000704700BFF82B002007B5064B002018604C
:1086D00004231A460DEB03010190FAF71FFD03B0C6
:1086E0005DF804FBF82B00207FB51123062201A9B9
:1086F0000120FAF713FD084B9DF814201A70074B60
:108700001B780BB1052B05D108F066F8012007B0E6
:108710005DF804FB0020FAE7133F0020143F00201F
:108720002DE9F04F0646CBB0884600880121174658
:10873000FAF736FA2E4B3188ADF816003A4606A8FD
:108740000BF055FF0DF1280BC4195A4641463088ED
:108750000BF0DAFEE4B208EB0003A34216BFA4EB71
:1087600008040446E4B205464FF004092346CDE967
:1087700000095A4601210BEB050ACDF808B02D1B64
:1087800006A8EEF7F7FAEDB20BEB040300930195A0
:1087900023465A46308841460BF0E4FE3488394679
:1087A0002046FAF763FB394600F0F8022046FAF754
:1087B00071FB01213088FAF7F3F901234A4651464B
:1087C00080B10DF11600FAF7ADFABDF81620044697
:1087D00001213088FAF7F8F9B4FA84F040094BB077
:1087E000BDE8F08F3046FAF79DFA0446F4E700BF83
:1087F000CB4000202DE9F04FC9B004468846924690
:10880000C118224A04A81F46FFF714FFC519EDB28C
:1088100008AB0293A5EB0A0BA8EB0A035FFA8BFBEC
:108820004FF00409A8EB0506DBB2F6B204EB0A022E
:108830000093CDF804905B46012104A8EEF79AFA64
:1088400006F590730DEB03025A44A2F5807208A856
:10885000136844F80830E35D23F00703E3552C4424
:108860003246214609F0A9F808ABCDE9019308AAE0
:1088700000230096012104A8EEF77CFA324608A9ED
:10888000204609F09AF849B0BDE8F08FCB400020AF
:10889000F8B506460CF0E0FC811C054689B230466E
:1088A0000CF0D4FBF0B1EDB129463046FAF7DEFA10
:1088B0001228074616D80C4B691C1C5CC9B23046FE
:1088C000FAF7D4FA2C44052FE4B205D1052809D8CB
:1088D000064B1B5C1C44E4B221463046BDE8F84020
:1088E0000CF0B4BB0020F8BD6E820200688202006A
:1088F000F8B505460CF0D7FB044628460AF081FC83
:10890000A11C074689B228460CF0A0FB00283ED0E7
:10891000002C3CD021462846FAF7A8FA611C0646EE
:10892000C9B22846FAF7A2FA0F2E30D8194B9B5D30
:10893000E118731E89B2092B0ED8DFE803F0090590
:108940000D0D120D0D181E1EC40644BF083189B24C
:10895000820601D5083189B22846BDE8F8400CF0FE
:1089600075BB7B78DB0612D501EB4001F3E700F025
:108970001F0000EB40000144EDE71F2805D8092E39
:1089800006BF400080B20220F5E7C828E4D00020EE
:10899000F8BD00BF81820200F8B506460AF031FC3E
:1089A000092200210546F8F725FD00F110042846AC
:1089B0000AF0F1FAE4B2074621463046FAF756FAD1
:1089C00005463046FAF77EF8BA05A0EB0403DBB2A1
:1089D0000AD47C2D0AD0082D0AD8064A505D984248
:1089E0008CBF00200120F8BD1220F8E70320F6E735
:1089F000FF20F4E792820200014B1878704700BF15
:108A00003214002038B5114B1B78044608469BB938
:108A1000012038BDA24205F101050FD103EBC103CE
:108A20005B6898470028F3D11E2022464FF6FF715D
:108A300007F09BFE0020ECE7054B0025E9B213F898
:108A40003120002AE6D11446EEE700BF32140020A0
:108A50003882020013B50F49002303807F220223CE
:108A6000098804460DF1060006F09AF99DF80630D3
:108A7000BDF806201BB1238843F001032380FF2AA1
:108A800088BF23884FF0000084BF43F00203238097
:108A900002B010BDA85A0200034B1B78002B14BF74
:108AA000442056200E307047143F00202DE9F04F2F
:108AB0008DB0CDE90423179C0394039CBDF858A006
:108AC000D58806460F4644B9EC0606D5CDF858A021
:108AD0000DB0BDE8F04F07F0AABEC5F380242B050A
:108AE0004FEA043448BF44F40064A80511D544F0AB
:108AF00080040A2E00F25E81DFE816F088004F0045
:108B00003B0059005C015C015900100088005900CD
:108B10003600E90548BF44F04004EAE7BB464FF0A1
:108B20000109022302934FF00008BAF1000F74D13B
:108B3000A24B18884FF6FF73984206D0A049FAF767
:108B4000FFFC10B124F48054A4B2059B00935A4654
:108B5000434644F40271504604F0B0FEADF82000E4
:108B600000286BD118204EE0BB464FF001090323CB
:108B7000D8E708A9F8B20BF08FFFDDF82500DDF883
:108B8000291006AB03C38F4B33F817B04FF0000921
:108B9000CDF808900DF11808C7E706A9F8B203F060
:108BA00021F90C23884A7B4332F803B0EEE74FF6F5
:108BB000F7739F4240F2FE8015F4026F40F0FA8096
:108BC000824B1B78022B03D0043B012B00F2F48074
:108BD000BAF1000F0BD1032E0CBF0C23082324F491
:108BE000C0740293A4B2BB464FF001099BE7504604
:108BF000F9F768FF0246FFF74FFF032E08BF013861
:108C00008242E8DD74200DB0BDE8F08F4FF000091E
:108C1000BB46CDF80890C84687E7049B1B8843B93C
:108C20001A465146062006F045FA002880D1192040
:108C3000E9E700231A4651460720F4E75F4A118806
:108C40004FF6FF7399421CD00AF0DBFA5B4A0346E9
:108C50001188059304300AF0A0F95D49059B097855
:108C6000D9715749554A14F4805F1FBF086898604E
:108C70004868D8604FF6FF7313804FF0FF330B60E6
:108C80004B60049A029908A804F0C6FE00283FF43D
:108C900069AF504C2378002B3DD1BAF1000F14D0AE
:108CA0005046F9F70FFF8046BDF82000F9F70AFF9C
:108CB0002378002B14BF122200228044EB1003F013
:108CC000040390444344842B9CDC15F400540AD0E4
:108CD000BDF8208040460AF09AF940F4806189B2DC
:108CE00040460AF07FF9A6F10803012B05D8BDF82C
:108CF0002000012210210AF07BF9039BBDF820809F
:108D00003BB3594640460AF0C6F9039ABDF82030F5
:108D10001380002077E7AA06BFD56B0103F020037C
:108D20000A2E14BF43F0010363F07E03DBB2B9F1F6
:108D3000000F08D000210091424608A800F0FCFD79
:108D40000028AAD05FE71A46414608A80BF087FD25
:108D5000F6E740460CF0A7F9039B02464146042083
:108D600006F0A8F900283FF462AF0A2E16D84FF497
:108D7000D963F340DB0711D5072E09D00A2E07D09F
:108D8000BDF820000BF07AF80028C2D1A1203AE704
:108D900008A808F062F90028F2D0F7E714B125F02E
:108DA0004005ADB2BDF820002B46FAB2314601F0C5
:108DB000EFFD28E7012026E7912024E7DA130020C1
:108DC000331400203C3C00207C3B0020183F002056
:108DD000FD400020143F002070B4084EBDF8104044
:108DE000308007481546057000201A469DF80C3063
:108DF000CDE9034070BC0620FFF758BEDA1300200F
:108E0000FD40002030B402460C48BDF808500580F3
:108E10000B489DF80C4004700A4804780020CDE906
:108E200002304FF6FD700B464FF6FF71002C08BF65
:108E3000014630BC0320FFF739BE00BFDA13002023
:108E4000FD400020EE3E002013B50246084804789D
:108E50000020CDE900300B464FF6FD704FF6FF7154
:108E6000002C08BF01460320FFF720FE02B010BD12
:108E7000EE3E0020F7B51E46234B1B78022B05461D
:108E80000C4617460AD1A6B13046F9F71BFE02463A
:108E9000FFF702FE82420CD9742008E0043B012B4C
:108EA000F1D9084608F0D6F80028ECD1912003B09B
:108EB000F0BD65B1022D1AD1EDF78CFDA04214D999
:108EC000124B33F814204FF6FD739A4202E04FF62E
:108ED000F7739C4209D80023CDE900633A46FF238B
:108EE00021462846FFF7E2FDE1E70120DFE7012DFB
:108EF000FBD1074B1B78A342F7D9E0B202F08AFFFF
:108F00004FF6FD739842E5E7183F00203C3C0020F7
:108F1000FB13002030B5104B87B005460C4618688F
:108F2000596803AA03C2986810609A88DB880B49C5
:108F3000ADF80E5023F04003ADF812300023CDE918
:108F4000004352BAADF810200988FF2303AA072076
:108F5000FFF7ACFD07B030BDF63D0020023E00201B
:108F6000034B1B7813B1034B18787047FF207047F1
:108F70000D4100200C4100202DE9F04F074689B03B
:108F8000104615461C468A460CF08DF801462846C8
:108F9000F9F76CFF064628460AF033F9043009F069
:108FA000FAFF80460AF0F1FB804551D0B2074FD15D
:108FB000DFF8AC8005A92846B8F800B00CF05DF9E0
:108FC0009DF81930A8F800700BBBBDF81430F3B948
:108FD00028460AF016F9023009F0DDFF4FF6F77364
:108FE000984204F1010494BF4FF000094FF00109C9
:108FF000E4B20123CDF800902A4605A93846039330
:1090000003F01CFC039B40B901339C421ED200209C
:10901000A8F800B009B0BDE8F08F022CF8D1012B00
:10902000F6D10C4A0C4BA3F800A01378591C117010
:109030000A4A7F3B16F00C01137007D1BDF81A30B5
:109040005B0603D5BDF81600FFF764FF0223D1E7E6
:109050000020DFE7163F0020DA130020FD4000204B
:10906000023E00202DE9F04F8BB08846ADF81E007F
:109070000AF0C7F800F1020A0646504609F08BFFD5
:10908000BDF81E40BB4D074620460CF00CF80146CB
:109090002046F9F7EBFE814600F00304301D09F08D
:1090A0007AFF28800AF071FBB8422DD04FF6F77393
:1090B0009F4229D87378DA0726D438460BF057FE3A
:1090C00030B1BDF81E20288801233946FFF754FF30
:1090D0000AF05BFBA74B1B8883420FD1BDF81E40F3
:1090E00020460BF0E0FF01462046F9F7BFFE10F0E6
:1090F0000C0103D1BDF81E0001F004FD9E4B0022BF
:109100001A600BB0BDE8F08F9C49BDF81E000CF052
:10911000B4F89B49BDF81E000CF011F8964A984B24
:10912000002808BF0023BDF81E00136009F0F5FFFA
:10913000944B1870BDF81E0009F0F4FF924B1870A4
:10914000BDF81E0009F0F9FF904B186000238DF860
:109150002230B8F1000F25D0884BDB889B0621D543
:109160008B4B1B689F071BD4012C14BF08231823AB
:109170000DF122020092002211460DF11E0000F0B6
:10918000DBFB78B1012CA3D1824B1B78112B9FD133
:109190000BF008FC00289BD1AF20FBF769FC97E798
:1091A0000823E5E7504609F0F6FE4FF6F7739842BC
:1091B00040F2F480012C00F0FC80022C00F0788159
:1091C000002C85D1DFF8B481BDF81E00B8F8063058
:1091D0000493ADF824000AF014F8BDF824600446A6
:1091E00030460BF060FF01463046F9F73FFE8DF840
:1091F0002300A01C667809F0CEFE07460AF0C5FAE7
:109200004FF6F7739F422D88B8F8024006F001062A
:10921000824600F2FE80002E0CBF082006200022AD
:10922000294607F0A2FABDF8249048460BF03BFF10
:10923000002302464946042005F020FF4FF6F7734D
:109240009F4281460BD8B8F90620B8F80630002AAC
:1092500005DB580603D500212046FFF75BFEB9F178
:10926000000F3FF435AFB8F80030002B5BD198F811
:109270000530002B57D14FF6F7739F4294BF002360
:1092800001230DF12601BDF8240003930BF04EFCE1
:10929000DFF8E0B000F1FF39BBF8003005935FFA6A
:1092A00089F9B8F80630BDF8260006934946F9F763
:1092B000DDFD0499069B019000930598039B2246CF
:1092C000C1F3401107F0D3FE00283FF401AF2B4B50
:1092D000BDF826104A46062005F0D0FE00283FF4CF
:1092E000F7AEB8F8022048F202039A4205D1BDF861
:1092F0002410BBF8000000F03FFFDFF8808009AACF
:1093000041460DF1230007F0B0FE034600287FF42C
:10931000DFAE2104BBF80000BDF824207BD5234636
:1093200041460BF018FCDFF8548036B99DF8233025
:1093300003F00C030C2B40F09280B8F808000BF0FF
:10934000D5FB00283FF4C4AEB8F80810002002F0A6
:109350000DFC114B18704FF6F773AA4514BF022588
:1093600003259F42BDF8240002D8002E00F0928011
:10937000012393E0023E0020B4390020F63D002096
:10938000F5400020F0400020EF400020A0390020F0
:10939000082C0020183F00200C410020022C00F077
:1093A0008780474BB3F90630002B25DA012C7FF478
:1093B00007AF0AF0EAF92B8883423FF489AEBDF883
:1093C0001E100520FFF71EFB00283FF481AE3C4A2B
:1093D000D3885B0607D50023CDE900330A2029880E
:1093E000FF23FFF763FB9DF822302988BDF81E009C
:1093F000424601F0FBFF6BE6BDF81E00F9F762FB89
:10940000A0F11001C9B2304600F086F80028CDD096
:109410005EE6062003E7DFF8B890022189F8001025
:1094200003990091414603F009FA132C3FF47BAFF6
:10943000B8F806305B043FF576AF224B1B78D807AF
:1094400004D599F80020022A3FF46DAF99077FF503
:109450003FAE99F80030012B7FF43AAE63E798F8FD
:1094600004301948009398F8053000883246314698
:1094700002F0A4FB154B18709DF82330BDF82400B2
:1094800003F00C03082B4FF6F7730CD035469F42C0
:109490003FF66EAFA4F138025342534108492A46C1
:1094A00003F07EFF14E6AA4514BF04250525EEE768
:1094B000BDF81E200249484601F096FA08E600BFB2
:1094C000F63D0020F23E0020023E00200C4100202C
:1094D000FE40002010B50948002109F041FF044674
:1094E00050B101460420FFF78DFA28B12046012132
:1094F000BDE81040FFF7B6BD10BD00BFE63D00203F
:10950000034B04481A78FF21920008F042BA00BFCA
:10951000FC130020402A002070B5451804464FF087
:10952000FF31AC4212D1104B10481A780546002387
:10953000934211DB0E4C2078431CB3FBF2F602FB86
:10954000163345F82010237000200CE014F8010BAE
:10955000E9F79AFA0146E4E750F8044BA14201D03A
:109560000133E5E7012070BDFC130020402A0020F4
:10957000FF40002007B5042301220DEB0301104634
:10958000F9F7CCFD019B034A1B03136003B05DF8A0
:1095900004FB00BFB0390020014B1868704700BFC2
:1095A000B0390020014B1868704700BFB039002067
:1095B00010B5064C2368C3F30B0313B9012005F063
:1095C000EDFB2068431C236010BD00BFB0390020B4
:1095D0002DE9F04F93B0DDE91C7903930023069346
:1095E000834699F8003004930DA80E46154607F0FF
:1095F00025F999F8003013F003043ED0039B8DF851
:1096000024300DF1250A0022082138460AF06DF8B1
:1096100000286FD0288809F0F4FD99F800301C0765
:109620004CBF0430023009F0B6FC07A9804604F0B4
:109630005BF89DF824300446980633D5288806F157
:109640000D010BF003FDB0B100230093721D2988BA
:109650000823D2B2384609F047FF99F8003003F0EA
:109660001803182B48D1B8F1000F45D0A74BB3F819
:109670006830434540D0A62326E02888711D0BF0B2
:10968000E5FC0028F7D0009405232988324609A874
:1096900009F02AFF9DF8243003F0180303930DF11D
:1096A000240AB0E70CBB39464046F9F749FF0028C9
:1096B000D3D099F800309907DDD0402322462146C7
:1096C00040460BF0F0FABE2399F8002012F0030494
:1096D00040F0F7802888039309F0F6FC2246014603
:1096E0001A2007F042F8039BEBE007AB03CB38608E
:1096F0007960B2E74FF6FF7807F09CFC044620B192
:109700000421384604F00CF804461E9B002B5AD066
:1097100009231E998DF834300DA807F0DBFA209B41
:109720000BB1209B0693039B002B40F08E800DA86D
:10973000EDF7DAFB99F800309A0700F09880FFF710
:1097400037FF51460246012009F02BFC99F8003002
:109750009B0710D5594628880BF055FD0BF10903DE
:1097600050FA83F35FFA83FB288859460BF020FDFB
:1097700000EB0B06F6B299F8003013F0C20F0AF1B5
:1097800004030DD09DF82420614942F020028DF899
:1097900024200A68CAF804204A685A600AF10C03B7
:1097A00009A8012200921B1A29883246DBB209F06F
:1097B0009BFE324659462846FEF7B2FF002800F0CD
:1097C000A38000237DE01F9B5BB19E46BEE80F0097
:1097D0000DF1340CACE80F00DEF80030CCF80030AE
:1097E0009DE7049B288803F0200359460493F9F76A
:1097F0003DFB10F0030F0CBF012300230593049BD6
:10980000059A1F99003B18BF012342EA43030093C6
:109810000DAA06AB384600F0E5FA049A034682B179
:10982000002880D0059B00930DAA06AB1F993846EF
:1098300000F0D8FA99F8002022F02002034689F8B7
:109840000020002B3FF46FAF3EE7039B102B06D1A7
:10985000BDF8363043F00103ADF8363067E7039BBF
:10986000182B4FD1BDF8363043F00203F4E70DF169
:109870002501012009F0A3FB99F8003013F0040F33
:109880008246288821D1069B1BB3002C35D009F0D5
:109890001BFC00220146162006F067FF84B17FB151
:1098A0004FF6FF7398450BD000231A460DA9384692
:1098B00007F014FB9DF835203946404607F0D0FBF1
:1098C0000123184613B0BDE8F08F002CDFD1104FF4
:1098D00001E0002CDBD10023009332463B46594681
:1098E0000AF0B0FE00283FF4C6AE002C3FF469AF8A
:1098F000069A0AF10103136063E71B685345C6D853
:109900000124E8E7A623DCE71823DAE7BC380020C7
:10991000CB40002007B5074A0023019313600423BE
:109920000DEB03027F21012005F036FA03B05DF84C
:1099300004FB00BFB03900202DE9F04FB1B0044660
:1099400000888DF82F3016468A463A9F0BF0ABFB05
:109950000146814620880BF02BFC00EB090820888B
:109960000BF07AFC9DF82F500790002315F0010BA7
:109970005FFA88F8ADF8363008D101460DF13602AD
:1099800020880BF01DFB08B1ADF836B016B9CDE953
:109990000E660EAEFEF73EFD18B145F020058DF8BF
:1099A0002F500023CDE9033302930DF12F03CDE9AE
:1099B00000632246534641464846FFF709FE0546E6
:1099C000002800F030819DF82F3013F0010B45D1B5
:1099D000B64A23F02003106851688DF82F3010AB81
:1099E00003C3184600F0E2F95D460890FEF71CFE3E
:1099F000ABB2984200F2B4800FB100233B70BDF8C7
:109A00003630CBB120880121F9F7CAF827880546FE
:109A1000002800F0368101213846F9F7C1F8BDF879
:109A2000367005463846F9F74DF8002300903A465F
:109A30001946284609F092FD0023CDE9033302932D
:109A40000DF12F03CDE900632246534641464846B7
:109A5000FFF7BEFD0546002800F0E5809DF82F3099
:109A600003F01103102B40F0F180914B1B78432B36
:109A700040F0EC808F4B1B685B0640F1E78020884C
:109A800008F105010BF0E2FA8346002800F0DE80C1
:109A900041462088F9F7EAF9874B10F0200F08BFFC
:109AA0001E4612A800F082F90822314612A807F0DB
:109AB00046FF002800F0F580314612A807F087FA2B
:109AC000012326AE00933246002314A912A800F009
:109AD00089F9002840F0BA8012AB0DF12F07CDE9CB
:109AE0000360029000930197534622464146484640
:109AF000FFF76EFD002800F0D680BDF89A3018AA56
:109B000043F0080314A91020ADF89A300AF073FC52
:109B1000002840F09B8012ABCDE90360CDE90170D5
:109B200000932246534641464846FFF751FD0546FD
:109B3000002840F08B8018AB4FF49071002012AADF
:109B400000F0BEF84FF0005100200AF0E0FEBBF13B
:109B5000000F7AD04FF0805100200AF0D8FE74E058
:109B600018AB14AA26A9E8B207F00DFA002875D19F
:109B7000082210A927A807F0E2FE089B8346002BC5
:109B800068D09DF8A530099313F0020F62D0082227
:109B900012A927A807F0D3FE00285BD1099B59071B
:109BA00058D50FB101233B7014AB0FCB0DF1740CE2
:109BB0008CE80F00BDF83630CBB120880121F8F7D2
:109BC000EFFFB4F800B000284DD001215846F8F757
:109BD000E7FFBDF83620099283461046F8F772FF7A
:109BE0000023099A00901946584609F0B7FC334BF8
:109BF0000493002303931DAB02930DF12F03CDE9D2
:109C000000632246534641464846FFF7E1FC28BB25
:109C1000089B002B33D012AA1DAB4FF482714FF476
:109C2000005000F04DF8234B1B689A070DD4FEF747
:109C3000F1FB50B11D4A1068516818AB03C30022F4
:109C400026A918A80AF0FAFB30BB0025284631B037
:109C5000BDE8F08F27B9BBF1000FA5D00135C5E6EF
:109C600000233B70F7E7BDF836200A9010460992B2
:109C7000F8F728FFDDE9092307990090B4E7089A6F
:109C8000CAE7BDF836B05846F8F71CFF07990090B0
:109C90002B465A463846CDE626A918A80AF00BFCF2
:109CA000CDE783460CE714AB46E700BFB55B020087
:109CB000183F0020082C002026390020042C00200A
:109CC000F0B591B00746164609A80D461C460AF0A5
:109CD00018FE3EB13368CDF826307368CDF82A30CF
:109CE00045F040051B4B1A6822EA070242EA0501CB
:109CF00019604B040DD5BDF824200B0A03F4E24390
:109D0000C9B222F4E3420B4322F07F021343ADF8C1
:109D100024301A23082209A90020F9F7FFF9B4B169
:109D200004A806F08BFD02236A468DF8103004F17A
:109D300010062346154618685968144603C40833AC
:109D4000B3422246F7D1294604A806F0C3FF11B05A
:109D5000F0BD00BF082C0020054B196847F2FF102A
:109D600041F48042014041F480411A600AF0CFBDC5
:109D7000082C002000B589B0FEF7B6FC01A80AF057
:109D8000C0FD0948BDF804200168130221F0FF015D
:109D900003F4E2030B43D2B2134343F48043036062
:109DA00009B05DF804FB00BF082C002010B50C4B77
:109DB00004461868830788B006D54FF0FF33236048
:109DC0006360012008B010BD10F04000FAD001A877
:109DD0000AF097FDDDF806302360DDF80A30EFE782
:109DE000082C00202DE9F04F99B082469DF888900C
:109DF0000C461E469046CAB11546284606F01EFD82
:109E000019F0020714D004B911AC6B46224629465A
:109E1000504607F096F80EB100233360002814BFB7
:109E2000A6270027384619B0BDE8F08F0CADE4E74F
:109E30006B4604AA2946504607F050F86B78FF2B72
:109E400009F0010923D000287AD15CB104AB0DF1EF
:109E5000200C1A4603CA624520606160134604F173
:109E60000804F6D126B16A78364B03EB82033360DF
:109E7000B9F1000FD6D0BDF80030D906D2D46A7837
:109E80004FF6FF71182006F070FCBB27CAE7DFF819
:109E9000BCB0DBF8003026B19A0756BF2A4A3760BB
:109EA000326003F03003102B01D0202B1FD111A8FA
:109EB0000AF027FD08220DF14601504607F03FFD4C
:109EC00028B1DBF8003003F04403402B0FD0B9F188
:109ED000000F0ED108A80AF01EFD02232B70CCB98A
:109EE000B8F1000F9ED0281DFFF760FF9AE7A62764
:109EF00098E7DBF80030DB03ECD508A80AF00BFD8F
:109F000002232B70D4B9B8F1000FB8D0281DFFF789
:109F10004DFFB4E7002608AB0DF1300C1A4603CA1A
:109F2000624520606160134604F10804F6D1281DE3
:109F3000FFF73CFF002E3FF475AFA0E70126EAE7EC
:109F400003276FE73C2A0020042C0020082C002067
:109F500049B9084B197849B14EF66023594328B1E5
:109F60000548F8F7C5BF41F28831F8E70248F9F72C
:109F70005BB800BFF03E0020542B002070B586B0C7
:109F80000546F9F761F910B9702006B070BD01A857
:109F9000FFF70CFF06460028F6D055B9304B1C6879
:109FA00014F0020433D14FF48163ADF80C30022178
:109FB00025E02C490822284607F0C1FC0028E3D000
:109FC000274B1C6814F0020406D0274B1B78112B7A
:109FD000DAD1264BB3F868400822294601A807F0D9
:109FE000AEFC0028DFD04FF40273ADF80C302B68C4
:109FF000CDF80E306B68CDF8123000260A21002211
:10A0000003A809F036F9024648B91820BDE7164BF7
:10A010001B78112BB8D1154BB3F86840C3E7104B30
:10A02000196801F03003102B17D0202B14BF012327
:10A030000323490001F004010B432046002100F0F6
:10A04000D3FF0028E1D000210120FFF781FF16B1E6
:10A05000074B01221A70002097E70323E9E700BFAE
:10A06000082C0020CB400020183F0020BC380020E6
:10A07000F440002030B51D4D85B00024CDE90044EA
:10A08000F8F7D2FF2B783BB319491A480A780078C1
:10A09000904221D90132012B0A700DD122464FF492
:10A0A000A071204602F04AFBB0B9134841F2883152
:10A0B000F8F71EFF05B030BD022B08D102A92046DB
:10A0C000F9F73EFA40B902A8FFF758FFECE7032B77
:10A0D00002D101F03DF9E7E7002108462970FFF7BA
:10A0E00037FF0421684605F045F9E3E70041002009
:10A0F000014100203B140020542B002070B5194A68
:10A10000194D51682E7886B00446106801AB03C320
:10A110001EB17024204606B070BDF9F7DDF80228A4
:10A12000F7D103A800F0CEFD082201A90DF10E0021
:10A1300007F005FCA0B10D4B32464FF4A07130463C
:10A140001C7002F0FBFA04460028E3D1084A0948D3
:10A15000012341F288312B701370F8F7C9FED9E75B
:10A16000B724D7E79B820200004100203B14002067
:10A1700001410020542B0020F0B52F4E9BB0074624
:10A180000C464922002107A8069107F002FC33780B
:10A19000012B37D1B7BB0DF10E0120460AF0C6FCEA
:10A1A0000546BDF80E00F8F78DFC441BE4B22A46C4
:10A1B000BDF80E100097234606A809F095F904A9EA
:10A1C0003846F9F7BDF90246E4B19DF819301A4353
:10A1D00012F0FF0216D1BDF8233003F47E43B3F52D
:10A1E000285F1ED3B3F5385F0ED31449BDF80E00B7
:10A1F0000B6843F400030B60294606F014FF18B106
:10A20000042333701BB0F0BD0D4B012204A81A705B
:10A21000FFF7B4FE0B4841F28831F8F769FE0223DC
:10A22000EFE7114610463270FFF792FE1E2104A898
:10A2300005F0A0F8E6E700BF00410020082C002050
:10A2400001410020542B0020014B1870704700BFC3
:10A2500001410020014B1878704700BF00410020E9
:10A26000014B1870704700BF004100202DE9F047F6
:10A270008CB00546B5294088ADF80A00884600F044
:10A28000878095F80890AE7908F0BBFF05A90446D1
:10A29000BDF80A00EF790AF0F0FFBDF80A0008F0F7
:10A2A000B6FE430542BFBDF81A3043F40053ADF883
:10A2B0001A30EB79D80642BFBDF81A3043F4805308
:10A2C000ADF81A30BDF81A30990613D5022E65D1B3
:10A2D00008A9287A0AF0E0FBDDF82500DDF829104E
:10A2E00003AB03C303AA0021009104230DF10A006C
:10A2F000FFF722FBBDF80A000121F8F751FC022EFE
:10A30000824657D1444B33F81940B8F1000F6DD055
:10A31000BDF81A305A0669D54FF6FB72944265D8DB
:10A320003E4AB2F86820A24260D0DB0502D5204642
:10A330000AF0E1FCBDF81A30D80457D5002E46D1FA
:10A34000BDF80A0008F063FEC10611D4CDF8008004
:10A35000534605AA2146304604F06BFE0B2017F049
:10A3600003021CBF02F1FF32D2B2214606F0FDF912
:10A37000BDF8162048F234039A4209D1284E3078AD
:10A38000FF2805D003222146FCF7EAF9FF233370AA
:10A3900000232B806B800CB0BDE8F087012E01BF3D
:10A3A0002B7A204A03EB430302EB83020CBF0232F9
:10A3B000002298E7012E05D10C231A4A03FB09F36A
:10A3C000D45AA2E7A01C08F0E6FD04469DE720460B
:10A3D00001F030FDBDF80A0008F019FEC206C7D42E
:10A3E000CDF80080534605AA4946B4E7BDF80A00F7
:10A3F00008F00DFEC306BBD4CDF80080534605AA75
:10A40000002E14BF49462146304604F012FEB8F132
:10A41000000FA3D10920A2E73C3C0020BC3800205B
:10A420003F1400207C3B002070B5114B114D0024DF
:10A430000A262A78A24205D8C2B9BDE870400E4863
:10A44000F8F7F2BD598869B9013AD2B2A2422A702E
:10A45000EFD0121B03F10A011846724307F07FFA8E
:10A460000346E6E701340A33E4B2E2E770BD00BF19
:10A47000183B0020044100205013002070B51A4BF7
:10A480001A4A1D780023DCB2A54200D870BD1446DC
:10A4900001336688864202F10A02F4D1E379A58885
:10A4A000617203F040028DB9CAB123F00403E37175
:10A4B00008F0A7FE037803F07F03037021880029CA
:10A4C000E4D1BDE870400A48F8F712BD002165806C
:10A4D000A180002AE9D1BDE87040FFF7A5BF204662
:10A4E000FFF7C4FEF7E700BF04410020183B00203F
:10A4F000501300202DE9F047044686B040880F46EF
:10A50000154608F07EFEA3798046082B51D8DFE877
:10A5100003F0052E1850505050500500023008F03E
:10A520003AFD002D4DD06946F9F70AF838B968466A
:10A5300001F02AFD00F0010006B0BDE8F087002020
:10A54000F8E702A9207A0AF0A7FADDF80D00DDF895
:10A550001110334A6B4603C3237A32F81390314A01
:10A56000D05C6E4675B131460AF0A5FAE4E7237A6D
:10A570002D4903EB430301EB830231F82390907ADA
:10A58000961CEFE74FF6FB7AD14514D930460AF016
:10A59000DCFB4FF6FF739842054614D00146304667
:10A5A00001F064FC554507D9E379DA060DD4CB23D5
:10A5B00063720020C0E74D46294608F1020008F00A
:10A5C000ECFC0120B8E74D46EEE74FF6FC78454538
:10A5D00011D103F00C030C2B1BD1D7B130464FF631
:10A5E000FD7101F043FCC82161722046FFF73EFE79
:10A5F000FFF71AFFDDE74FF6FD739D4209D10023F7
:10A6000019461A46304602F0FDF84146304601F040
:10A610002DFCE37943F00C03E371CC23C8E700BFC2
:10A620003C3C0020F53E00207C3B002073B50446F6
:10A6300040880E4608F0E5FD023008F0ACFC06F05C
:10A6400009FD18B1A11C201D06F009FDE6B1E57950
:10A650000135EDB2E57115F0400514D0ECF7B4F911
:10A660000122054600212046FFF744FF18B1394B6F
:10A670001B882B449DB2384B1B78042B01BF354BF4
:10A680001B885B199DB22580002231462046FFF7CA
:10A6900031FF20B3608808F0B4FDE2792F4922F041
:10A6A0000C03E3710B780133DBB20B70C3712C4BDD
:10A6B0001B780546A61C0BB3E37998061ED52949DD
:10A6C000097871B159060CD592070AD5002200927B
:10A6D000042311463046FFF72FF910B1607202B023
:10A6E00070BD00220092012311463046FFF724F985
:10A6F00020B1E37943F00303E371EFE7304606F05E
:10A70000ACFC10B10123E371E9E76088FCF772FB50
:10A710000328E4D8DFE800F0020D1B18E37943F0CA
:10A720000403E3711B06DAD50F4B1A780F4B1A702E
:10A73000D5E7CD236372E37943F00803E3712B7807
:10A7400003F07F032B70CAE7CE236372C7E7CF23E2
:10A75000FBE700BFB8130020193F0020163F002080
:10A76000143F00203C140020F33E00200341002051
:10A770002DE9F74F064604F0D4FA5D4B5D4AB3F875
:10A78000009018805B4BDFF880B11B78A0EB0904C8
:10A79000A4B2A34286BF1B1BDBB200231370A9EB3C
:10A7A000000305464FF000084FF6FF770093524B29
:10A7B00019785FFA88F291420ED80EB1FFF734FE95
:10A7C0004FF6FF739F4200F08D804C48394603B02E
:10A7D000BDE8F04FF8F78CBBBBF80220002A3CD054
:10A7E000474B9BF807201878BBF800A0042818D026
:10A7F0000020BAF1000F08BFA2462044504523D2E2
:10A80000BBF80010009B1944ABF80010002E4DD08F
:10A8100002F04802482A49D100215846FFF706FFB6
:10A8200044E00192F8F702FE30F01003019ADFD104
:10A83000FBF748FD334B019AB3F800C08445D7D9E4
:10A84000ACEB000080B2D4E702F00C00042807D182
:10A850000022ABF800200BF10A0B08F10108A6E773
:10A86000510602F0030C02F008000DD520B3BCF134
:10A87000030F24D1D6B19BF80910002908BFC921C4
:10A880005846FFF7F3FC11E040B3BCF1010F25D1AE
:10A890001206EFD44FF4C862ABF800209BF80720F3
:10A8A00022F0030242F002028BF80720BBF80020DE
:10A8B000974228BF1746CEE703208445DAD2130615
:10A8C0000ED50C4B1A780AEB0200844208DA4A448F
:10A8D000521B0AEB0201ABF80010E7E70120ECE79E
:10A8E00001219AE7054803B0BDE8F04FF8F79CBB9B
:10A8F000EC3D0020034100200441002050130020C3
:10A90000193F0020BA130020183B00202DE9F04128
:10A910000B4EDFF8348000250A273378ECB2A342CF
:10A9200004D8BDE8F0410748F7F7D6BE07FB04841A
:10A93000A01CF7F7D1FE201DF7F7CEFE0135ECE79E
:10A9400004410020E23D0020183B002070B50D4D71
:10A950000D4E00242B78A34208D81B1BDBB22B70B2
:10A9600073B9BDE870400948F8F75EBB04EB84009A
:10A97000CA2106EB40000134FFF778FCE4B2E9E7B6
:10A9800070BD00BF04410020183B00205013002080
:10A99000F8B5124F124D3E782D78DFF848C006EB1F
:10A9A0008604B5424FEA440E0CEB440414D003F481
:10A9B000835343EA13230025E37166236080A1716A
:10A9C000227228462CF80E500136A58063723E7024
:10A9D000FFF7CEFE2846F8BD7220FCE704410020B8
:10A9E000FA130020183B00202DE9F04F354B1C785E
:10A9F00085B00E4617465CB9B1F90680DFF8CC90F9
:10AA0000DFF8CCA0DFF8CCB099F80030A34202D830
:10AA100005B0BDE8F08F04EB84050AEB4505A88876
:10AA200000B9688801A90AF028FCB27A9DF80E30B6
:10AA30009A4244D1B8F1000F0FDA317A9DF80C2018
:10AA40003389914209D8204800780844824236DA96
:10AA5000521A1B0A1341D90731D538460AF0FCFBBC
:10AA6000BDF80A309A06044602D5F3889B06CFD576
:10AA7000EB7903F00C03042B08D16888F9F7E6FEA4
:10AA800000236A88194618460AF059F90021284619
:10AA9000FFF7ECFBFFF7C8FC3846F8F713F88442E1
:10AAA00008D22B7A8BF80030012200233146384639
:10AAB00002F076FCB8F1000FAADA0024A4E7013412
:10AAC000E4B2A1E702410020F91300200441002074
:10AAD000183B00200C41002008B504F022F9074B78
:10AAE0001B88C01A80B2B0F5807F05D9BDE8084048
:10AAF00003480021F8F7FCB908BD00BFEC3D002079
:10AB0000501300202DE9F04186B004460D460AF0AE
:10AB1000CAFA01462046F8F7A9F910F003034DD10F
:10AB200010F00C0F06D12946204606B0BDE8F041D2
:10AB3000FFF7A4BC204608F06AFAC30634D42046C6
:10AB40000AF0B1FA01462046F8F790F90646204689
:10AB500008F057FB0746023008F01DFA03A98046AB
:10AB600020460AF08AFB06F00C067B780C2E0CBF00
:10AB700003260626012113F0010F204618BF0326E5
:10AB8000F8F70EF8104A1288A24203460FD1B5FA20
:10AB900085F04009FBF722FD204608F066FA002206
:10ABA0000146072005F0E1FD06B0BDE8F081009503
:10ABB00003AA4146304604F03CFAEDE7012BF3D1FD
:10ABC00010F00C0FF0D1AEE7E23D002010B50A4BBB
:10ABD0001C780A4B0022D1B28C4201D8002010BD53
:10ABE000197A814202D19979022902D00A330132BD
:10ABF000F1E70120F3E700BF04410020183B0020EB
:10AC000010B5094B1C78094B01460022D0B2844292
:10AC100001D8002010BD187A884202D19879012805
:10AC2000F8D00A330132F1E704410020183B00203C
:10AC300010B40B4B1C780B4B0022D1B28C4203D8C2
:10AC40005DF8044BFFF7F0BB197A814205D1997981
:10AC5000012902BF0021198059800A330132ECE733
:10AC600004410020183B0020044B1B6813F0300FF8
:10AC700003D02021302009F04ABE7047082C002064
:10AC80000949002310B51A46044601EA00414FF075
:10AC90007F60FFF715F8E30703D50021302009F0A6
:10ACA00036FE002010BD00BF00007207044B5B8819
:10ACB00023F4784323F08D0303800020704700BF06
:10ACC000082C002008B503460022C3F80220C3F870
:10ACD00006200B4A1268D1B212F0200F18BF41F0C3
:10ACE00010011980930700F1020001D4FFF75EF80C
:10ACF000044B1B78023B032B8CBF9320002008BD24
:10AD0000082C0020183F002038B505460C46FDF7FA
:10AD1000EBFC98B10D4B187878B10D4B1B681A04F9
:10AD20000ED57CB113F0420F00D16DB103F4407326
:10AD3000B3F5407F0CBF0020B72038BD9520FCE75D
:10AD4000A820FAE72046F8E7B720F6E7143F0020EE
:10AD5000082C0020F0B58DB0044607A80D46164615
:10AD600005F06CFD1022002103A806F012FE5CB174
:10AD7000234603F1100703AC18685968224603C242
:10AD80000833BB421446F7D1012786EA070303A91B
:10AD900007A88DF81C708DF81D3005F08CFF80EA37
:10ADA000070401A8E4B205F05FFFB6B101A88DF871
:10ADB000065005F0E8FF64B1002303A907A88DF849
:10ADC0001D3005F087FF0C4B1B78432B01D102F09F
:10ADD000DFFE0A4B1D700DB0F0BD01A88DF80750C5
:10ADE00005F0D1FF002CF6D003A907A88DF81D703F
:10ADF00005F070FFEFE700BF183F0020133F002071
:10AE0000F0B593B007460DA801250C4605F016FDD8
:10AE100005A90DA8ADF8345005F077FF01A805F09D
:10AE200023FF09A90DA88DF835509DF8066005F09F
:10AE30006CFF0DA89DF8075005F0D6FE70BB731B84
:10AE4000DBB2802B28D91FB1A64225D0A54223D141
:10AE500005A90DA805F03EFF03A805F005FF03A80E
:10AE60008DF80F6005F08FFF0122294609A8FFF732
:10AE700071FF0AF093FA01214FF4007009F048FFC6
:10AE8000FDF71CFCB0F1004F01D9FDF71DFC044B90
:10AE9000187804F060FA012013B0F0BD0020FBE741
:10AEA000133F002070B50E46144605460320FFF7F9
:10AEB000D7F946F004022946204605F04DFF024B23
:10AEC00000221A6070BD00BF042C0020F0B587B0CE
:10AED000078805461022002102A806F05AFD3B4BC8
:10AEE0001B78002B6FD1B80557D407F08403842B4F
:10AEF0005CD0374C09F087FD17F4045F276005F13B
:10AF000002061CD0BA040AD5304602F0A3FA002883
:10AF10004AD1236823F4005343F4807323603046FE
:10AF200009F07EFD00283ED105F086FC18B92368A3
:10AF300043F480332360236843F0200323602268B6
:10AF400042F4004112F0400218BF05F123023346DB
:10AF500047F2FF102160FEF7B3FE0DF10600FFF788
:10AF6000A5FE236813F4805FBDF8063022D043F0BD
:10AF70002003ADF80630BDF80600FFF781FE236818
:10AF80009B0506D595F82210012205F11200FFF766
:10AF9000E1FE104B0020186006E005F1120009F0F8
:10AFA0003FFD0028A1D0B22007B0F0BDB907A0D561
:10AFB000B720F9E723F02003ADF80630FDF784FB56
:10AFC000FEF7A8FCD7E77020EEE700BF183F00208F
:10AFD000082C0020042C0020024B1868C0F30050FD
:10AFE000704700BF082C00202DE9F047064688B0C6
:10AFF00089461046002115469846F7F737FF102876
:10B0000007460AD8684B0341DB0706D4C8F340045F
:10B010009DB9002008B0BDE8F087644B1C78002C77
:10B02000F6D0FFF7D9FF00280CBF4FF4F0744FF4AF
:10B03000D074FC4004F00104EAE7002318F0010F8B
:10B040001A4629464FF005000CBF4FF0080A4FF48E
:10B05000027A04F02FF80028DBD0C8230093324690
:10B0600000235146284602F029FCADF80E000028C6
:10B07000CFD018F0080A4AD1A7F10F024FF6F773A4
:10B08000D2B29E428CBF09230123012A01D843F08A
:10B090004003474A8DF8103013788DF81130591C51
:10B0A0001170002C4FD09DF81030052F43F0200375
:10B0B0008DF8103033D03F4B1D78002D5AD04FF60D
:10B0C000F77300259E424FF00F0248D9012304A9CF
:10B0D0000DF10E00F7F726FE00289AD1002C4DD175
:10B0E000BAF10001BDF80E00CDF8009033463A46A3
:10B0F00018BF012105F0B8FFADF80E00002888D078
:10B1000018F0040F4DD0314608F0D0FE82E74946D2
:10B110000DF10E0009F030FE0028ADD179E70121D4
:10B12000BDF80E00F7F73CFD0121F7F79FFE012364
:10B13000834013F0620F1CD11E4B1B78E3B14FF616
:10B14000F7731825BEE71B4B1B7825460222002B00
:10B15000BCD04FF6F7739E42B8D8052FB6D0BAF1DF
:10B16000000FB3D19DF8103043F040038DF810303C
:10B17000ACE710250F22A9E71825FBE7BAF1000F6D
:10B180000AD0009002234A4629460DF10E00FEF730
:10B19000D3FB0028A4D03CE7CDF800A041235246C1
:10B1A000F2E708F06BFE35E79FFEFEFF143F00203C
:10B1B000153F0020093F00202DE9DF431E46144BB8
:10B1C0000A9C1B689B0780460F4691461CD420466C
:10B1D00014B105F033FFC0B2CDE902400622CDE93B
:10B1E00000890C493B46002008F00CFA024658B191
:10B1F000002E4FF000010CBF01230323084604B0CA
:10B20000BDE8D043FFF7F0BE002004B0BDE8D08316
:10B21000082C0020A38202002DE9F04F8DB081465A
:10B220009DF85C808A461F4693463AB903A8FEF70C
:10B23000BDFDA8BB00200DB0BDE8F08F1546002273
:10B240002321104608F015F8ADF80A000028F1D0C7
:10B25000F7F71CFC0446052318F0100F00F8023B1A
:10B2600067701FD01122002106F093FB04F1130632
:10B27000032F4FF0080236D15946304606F06FFBD7
:10B28000C8F3801306F10905337205F0D3FE0028D8
:10B290003DD000232B706B700123AB70033536E07B
:10B2A00003ADCCE716991022012606F058FB06FAEA
:10B2B00007F313F0620F02D104F11206D8E707A8D2
:10B2C00005F0BCFA05A88DF81C6005F0CDFC9DF8D2
:10B2D00016209DF8173018F0200F08BF134604F110
:10B2E0001306A374C4E75146304606F038FB06F156
:10B2F00008020123121B00932846BDF80A100823F8
:10B30000D2B208F0F1F8042F06F11005BDD02D1BC4
:10B31000E9B20DF10A0008F0CEF800288AD118F041
:10B32000040F0BD0484609F015FDFF281FBF074A40
:10B3300032F8103023F4804322F81030BDF80A2090
:10B34000434651464846FFF74FFE74E77C3D0020D8
:10B3500070B590B003268DF80760F7F775FF10B948
:10B36000702010B070BD02AD2846FEF71FFD00280A
:10B37000F6D01C4B1C6814F00204F1D11A4A40F2BA
:10B380000F43ADF824301368CDF8263004A8536875
:10B39000CDF82A3005F052FA95E8030005AB83E8B2
:10B3A0000300062304A88DF81D308DF81060EBF71C
:10B3B0009BFD0DF12E0201210DF10700EBF798FC2A
:10B3C00022461A2109A807F054FF024608B918209E
:10B3D000C7E7012329462046FFF706FE0028F6D0DE
:10B3E0002046BEE7082C0020CB4000202DE9F04F7E
:10B3F00091B004461F220D4608A800219B460791E4
:10B4000006F0C7FA204609F04EFE01462046F7F73F
:10B410002DFD8DF81300204607F0F3FE9DF8133044
:10B42000467899068146C6F34006204648BF46F056
:10B43000020609F011FF80462046F7F743FBA0EB18
:10B440000803DBB20022232B009228BF23234246AD
:10B45000214607A808F048F8002838D1A84B9DF8E5
:10B460001C701B789DF81DA0A3B3FFF7B5FD002845
:10B470000CBF4FF4F0734FF4D073FB40DA0729D5BB
:10B48000B30727D4082F20D1BAF1040F1FD1FBF73F
:10B490005DFCE0B90DF1130342462146052003F09F
:10B4A000EDFDA0B1053F0D2F11D8DFE817F0240006
:10B4B0001000A401B201BB01100010001000100028
:10B4C00010001000C101EF01EF01052F07D011B0EE
:10B4D000BDE8F08F102F05D1BBF1000FF7D0FBF7BF
:10B4E00035FCD7E7FBF732FC0028D3D0052FD1D0AD
:10B4F000112FCFD0EBE7BAF1050FE8D8204607F0BF
:10B50000E3FD029009F1020007F045FD824605A81F
:10B51000FFF7CCFB9DF81D80012303FA08F313F01D
:10B52000620303933ED0BDF814309D0733D5B407B2
:10B53000CDD5FBF70BFC0DF11E0009F071FAB8F147
:10B54000030F9DF82EB004463FD10DF12F0508F0F2
:10B550001CF9824500F0DE800027039B002B4FD1B1
:10B56000284608F010F94FF6FF739842064604D1BA
:10B57000284609F00EFDB042A9D0002C0CBF0423D0
:10B58000152301930DF11E0300933A4643462946C5
:10B59000FFF742FE9BE7FBF7D9FB0028CBD1002E3B
:10B5A00095D0C8E7FBF7D2FB60B10DF11E0009F0A2
:10B5B00037FAB8F1030F04464FF0000B7FD10DF1BD
:10B5C0002E05C4E7002E82D0EFE74E4B1B6898078C
:10B5D00028D5FF2208210DF1370008F086F88146B2
:10B5E00000BB034601460DF137020220FEF768FB5F
:10B5F00008F0CBF882450DF137070DF12F0520D06B
:10B600004FF6F7739A45ABD900220821284608F077
:10B610006CF80028A4D0002259460DF11E00FFF757
:10B6200099FB54E70DF137070DF12F05384609F066
:10B6300096F9002848D008F0A8F882458DD14FF03F
:10B64000000931490822284606F079F9002884D1FA
:10B65000B8F1010F6DD0B8F1040F7FF438AF09F0E5
:10B66000A1F910B1032E7FF432AF002C7FF42FAF7D
:10B670003A4602210DF11E00FFF714FC234B1B7804
:10B6800063B1FFF765FEFEF7E5FD022806D1012054
:10B69000FEF7DAFD01210846FEF75AFC1C4B1B7829
:10B6A000022B21D10321384603F064FEFEF7D2FDC0
:10B6B000014600287FF40BAFFEF74AFC07E70DF1C7
:10B6C00036070DF12E05B1E7114B1B78432B7FF4A4
:10B6D000FEAEB8F1010F7FF4FAAE08F056F88245DD
:10B6E0007FF43BAFC146ACE7412B7FF4F0AE054B96
:10B6F0001B6859057FF5EBAEF9F73EFFE7E600BFA3
:10B70000143F0020082C0020CB400020F4400020F3
:10B71000183F0020032E7FF4DAAE9DF83610003972
:10B720000DF11E0218BF01210DF12E0005F0A5FC40
:10B73000CDE6584D2B78022B21D02B78412B3FF4AE
:10B74000C6AE3CB9FBF702FB594602460DF11E009E
:10B75000FFF700FBFBF7FAFA00283FF4B8AE09F058
:10B7600021F94D4C90B123681B0502D42B78432B53
:10B770000CD1B0070AD4AC20F9F77AF9A7E609F0A2
:10B7800011F90028D9D0B207D7D4A0E6206810F06C
:10B79000020002D1029909F0B5FA2B78112B15D1CC
:10B7A0002368590512D50020FEF7E8FB044600285F
:10B7B0007FF48DAE08F04CFAAE20F9F759F9214626
:10B7C0002046FEF7C5FBF9F75FF980E6B20701D521
:10B7D000FFF74AFAB9F1000F8ED005F02DF818B92D
:10B7E0004FF4803109F093F82C4B002238461A6050
:10B7F00009F0ACF880E72A4908220DF11D0006F097
:10B800009EF800287FF463AE02222946FAF7A8FFCB
:10B810005DE6F3077FF55BAE324607A9284609F0DF
:10B82000AAFA54E69DF81D100120FFF7E9FA4EE64A
:10B83000184B1B78022B20D1002D7FF448AE05A8B1
:10B84000FEF7B4FA00283FF442AE164B1D709DF887
:10B850001D30002B14BF64246524FEF7FBFC032875
:10B8600006D128462946FEF773FB2846FEF7F8FC6A
:10B87000214605A803F07EFD29E6043B012BDBD918
:10B88000284605F0E7FB0028D6D120E6204605F043
:10B89000E3FB1CE6183F0020082C0020042C0020AD
:10B8A000CB400020F44000202DE9F34105460E4630
:10B8B0001746984609F076F8044640B1CDF8008066
:10B8C00001233A4631462846FFF776FC044609F044
:10B8D00069F830B1FFF780FB78B10A4B1B689B0118
:10B8E0000BD4CDF8008000233A4631462846FFF7B6
:10B8F00063FC002C0CBF0446012404F0010002B0DC
:10B90000BDE8F081082C002070B58AB005A804F0CD
:10B9100095FF02238DF81430094B01AA03F110069C
:10B92000154618685968144603C40833B3422246C2
:10B93000F7D1294605A805F0BEF90AB070BD00BFD1
:10B94000A9820200014B1878704700BF3D14002007
:10B95000014B1888704700BFDC1300202DE9F0432D
:10B960004FF6FF73994285B080460D4604D11E49BB
:10B97000082205F0E4FF58B11C4E00274FF6FD7970
:10B98000EBF728F8FCB2A04207D84FF6FF7019E099
:10B9900005B0BDE8F04307F0F8BE36F814304B456B
:10B9A00017D86946204609F040F8082241460DF1B3
:10B9B000050005F0C4FF4FF6FF7360B99D4204D146
:10B9C00036F8140005B0BDE8F08326F8145008F0EE
:10B9D000F9FF0137D4E79D42FBD036F81430AB4273
:10B9E00008BF26F81490F4E7CB4000203C3C002030
:10B9F0002DE9FF47DFF84480DFF844A006460F46F4
:10BA000000254FF6FD79EAF7E5FFECB2A04202D837
:10BA100004B0BDE8F08738F814304B450CD86946BF
:10BA2000204609F002F8082231460DF1050005F024
:10BA300086FF08B90AF804700135E4E73C3C0020B1
:10BA4000F53E0020014B33F8100070473C3C0020CD
:10BA5000F0B50E4F85B006460025EAF7BBFFECB205
:10BA6000A04201D805B0F0BD37F81430B3420BD175
:10BA70006946204609F010F89DF80030022B1CBFE3
:10BA80004FF6FD7327F814300135E6E73C3C002003
:10BA900030B585B00446EAF79DFFA04219D920468B
:10BAA000FFF794F80546B0B96946204608F0BDFF97
:10BAB0009DF800302BB1694620468DF8005008F003
:10BAC000D0FF064B4FF6FF7223F81420002005B07C
:10BAD00030BD6920FBE77520F9E700BF3C3C002042
:10BAE0002DE9F0410B7805460E461BB9BDE8F04143
:10BAF000FFF7CEBFEAF76EFFA8422ED92846FFF720
:10BB000065F860BB37464FF6FF7117F8058B38466E
:10BB1000FFF724FF0446384600F036FAB8F1000F6C
:10BB200015D0B8F1030F15D04FF6FF724FF6FD7325
:10BB3000944208BF1C460B4B23F815400A4B314674
:10BB40005855284608F08DFF0020BDE8F0814FF6DB
:10BB5000FF74F0E74FF6FE74EDE76920F5E7752016
:10BB6000F3E700BF3C3C0020F53E00202DE9FF41FB
:10BB7000114F0D460E0A04464FF6FE78EAF72AFFEB
:10BB8000A04204D8FF24204604B0BDE8F08137F875
:10BB9000143043450CD16946204608F046FF9DF815
:10BBA0000520EBB29A4203D19DF80630B342EAD0A9
:10BBB0000134E4B2E2E700BF3C3C00202DE9F04F45
:10BBC00087B0DFF86C909DF840A001900C461746B6
:10BBD000984600254FF6FD7BEAF7FCFEEEB2B04238
:10BBE00001D8FF2616E039F816205A451ED802A9BA
:10BBF000304608F01AFF3FB99DF80920424515D19B
:10BC00009DF80C20524511D144B939F81620019BFA
:10BC10009A420BD1304607B0BDE8F08F08220DF1F3
:10BC20000D01204605F08BFE0028F3D00135D3E747
:10BC30003C3C002010B5144608F0F7FE20460349AE
:10BC4000BDE81040082205F08ABE00BFCB400020AE
:10BC50002DE9FF47074615460846082224491E4697
:10BC600005F06DFE044600283FD1DFF888904FF6BE
:10BC7000FF7AEAF7AFFE5FFA84F840450BD885B348
:10BC8000384603F0B6FA01250C9B18703570012078
:10BC900004B0BDE8F08739F8183053451FD0694625
:10BCA000404608F0C2FE7A789DF801309A4216D1DB
:10BCB0007A88BDF802309A4211D13A799DF8043061
:10BCC0009A420CD108220DF10501781D05F037FECE
:10BCD00028B9002DD7D1404603F09FFAD3E70134AD
:10BCE000C7E7FF2003F099FACEE70020D0E700BFB6
:10BCF000CB4000203C3C0020F0B5164E164F85B0DE
:10BD00000025EAF767FEECB2A04201D805B0F0BD0D
:10BD10006946204608F089FE9DF80030032B06D9BD
:10BD20000023694620468DF8003008F09AFE9DF801
:10BD3000002062B14FF6FD734FF6FE71032A08BF73
:10BD40000B4626F8143000233B550135D9E74FF652
:10BD5000FF73F6E73C3C0020F53E0020F8B50E4BA3
:10BD60000E4D1B7803EB43030E4605EB830504469B
:10BD70004FF6FF77A54202D800242046F8BD23885D
:10BD8000BB4206D008223146A01C05F0D8FD002891
:10BD9000F3D00C34EEE700BFFB1300207C3B002007
:10BDA000044B05481A7802EB42029200FF2105F08D
:10BDB000F0BD00BFFB1300207C3B0020074A127837
:10BDC00082420AD900EB4003054A22F823104FF6BD
:10BDD000FF73994201D1FEF72BBF7047FB13002080
:10BDE0007C3B0020094A127803469A42084608D94B
:10BDF0000C21022211FB032305490822194405F0F6
:10BE0000AEBD00230B604B60704700BFFB130020EA
:10BE10007C3B0020054B1B78834281BF0C23584399
:10BE2000034B185A98BF4FF6FF707047FB13002062
:10BE30007C3B002038B50446FFF70AFE094B187812
:10BE4000094B00224FF6FD75D1B2884200D838BDAB
:10BE500033F80C1CA14208BF23F80C5C01320C33F0
:10BE6000F2E700BFFB130020883B002070B50546B9
:10BE70000E460846FFF7DEFF31462846FFF76EFD07
:10BE800006482946FFF76AFF00B970BD044624F84A
:10BE90000C6B08F097FD29462046F3E77C3B002019
:10BEA00010B5244986B00822044605F048FD20B9A3
:10BEB00006B0BDE8104007F068BC1F4908222046C4
:10BEC00005F03DFD20B91D4BB3F8680006B010BD6C
:10BED00000230093012221464FF6FF70FFF76EFE0C
:10BEE000FF2806D0164B33F810004FF6FB7398422C
:10BEF000ECD903A8FEF7E6FE58B9BDF80C305B0696
:10BF000007D5082221460DF10E0005F018FD002886
:10BF1000DCD00C482146FFF721FF40B100884FF6E6
:10BF2000FB724FF6FF73904288BF1846CEE74FF67C
:10BF3000FF70CBE7CB40002026390020BC38002022
:10BF40003C3C00207C3B002070B50D4B1D780D4B18
:10BF50000446002208464FF6FB76D1B28D4201D846
:10BF6000002009E01988B14207D8A14205D1082272
:10BF7000991C05F0F4FC012070BD0C330132ECE794
:10BF8000FB1300207C3B002037B5014605460D48D9
:10BF9000FFF7E4FE044630B1807A294603B0BDE8DD
:10BFA000304008F088BD03460090012229464FF634
:10BFB000FF70FFF703FEFF2816BF034B2046185CF7
:10BFC000EBE700BF7C3B0020F53E00202DE9F84365
:10BFD000164B1B78834207460E4623D9FEF710FE08
:10BFE000044608BB304607F0CEFB4FF00C084FF676
:10BFF000FF724FF6FD73904218BF03460C4D08FBCD
:10C0000007F23046AB5205EB0209FFF7BDFF89F896
:10C010000A00484608223146023005F0A0FC2046BE
:10C02000BDE8F8836A20FBE77620F9E7FB130020E0
:10C030007C3B002038B504460D46FFF7D9FC054887
:10C040002146FFF78BFE00B938BD857221460C30C2
:10C05000F7E700BF7C3B00202DE9F04192F8088013
:10C060001F4608F1FF33DBB2EF2B88B005460E46C2
:10C0700014460BD982238DF80E309DF80E30214ADC
:10C080003146284600F0A6FA012037E00E220021B2
:10C0900004A805F07EFCB4F80930ADF81230E37A5C
:10C0A0008DF8118003F07F02032A08D0012B24D1E0
:10C0B00003238DF81030A389ADF815300EE0032B63
:10C0C00014BF022301238DF81030E368CDF815303A
:10C0D0002369CDF81930237D8DF81430A7F12101A3
:10C0E0004A420DF10E034A41009321460DF10F0320
:10C0F00004A8FFF7ADFD0028BFD1002008B0BDE8BF
:10C10000F08100BFBD8202002DE9F04F95B01D788F
:10C1100004920024CDE90201CDE9005441492346AF
:10C120002246012007F06EFAADF81E00F8B1A346D2
:10C13000264627460DF120090DF1380AEAF74AFC98
:10C140005FFA84F8404516D8BDF81E003A46022131
:10C15000F6F7A0FEBDF81E0032460421F6F79AFE5F
:10C16000DDE90310BDF81E30002200F033FA012093
:10C1700015B0BDE8F08F4A460AA94046FFF75AFDC0
:10C180009DF8282022B12DB1013DEDB20137FFB25B
:10C190000134D3E7BBF1000FF8D199E803009DF813
:10C1A00029308AE803008DF84030BDF82A308DF838
:10C1B0004130032A4FEA13238DF8423016BF032380
:10C1C00001238DF84330DDF8311018BF9DF82C3075
:10C1D000DDF82D0014BF8DF84C308DF8433011ABD5
:10C1E00003C302980CBF4FF00E084FF0150808F07B
:10C1F00029FB0590BDF81E00F6F764FC059900EBDD
:10C20000080399420BDB0123424651460DF11E0003
:10C21000F6F788FD0028AAD10136F6B2B6E74FF04E
:10C22000010BB3E7BA820200074A00231370074AE2
:10C230001370074A118801B11380064B1A880AB19E
:10C2400000221A80704700BF0641002005410020EF
:10C25000F23D0020F03D00202DE9F04F3C4C87B02E
:10C260001D4623889DF840600746884610465BB906
:10C2700052B107F064F9208036484FF4FA6107B0F4
:10C28000BDE8F04FF6F734BEDFF8D890B9F80040BB
:10C29000002C4AD02046F6F715FCDFF8CCA0DFF8DA
:10C2A000CCB0C0F347062046F6F7F0FB0296BAF88A
:10C2B00000300193BBF800300093274904462B4619
:10C2C0000022012007F09EF9ADF81600F0B104EB52
:10C2D00046060125B4420DD1C5B9BDF81630ABB143
:10C2E0002A464146384600F075F9ABF80050AAF8E6
:10C2F00000500BE0012321461A460DF11600F6F717
:10C3000011FD10F0FF0504F10204E3D0134A0023ED
:10C31000A9F800301378013BDBB21370002BABD1CE
:10C3200007B0BDE8F04FFFF77FBF0D4C237823B96E
:10C33000F5F72CFB08B90123237032462946052066
:10C34000F7F778FB0028EBD1207007B0BDE8F08F3D
:10C35000F23D002070130020BF8202000641002041
:10C3600005410020F03D0020843D0020863D002056
:10C3700030B5154D2C8887B09CB923464FF4A07278
:10C3800048F2380103A808F073FC2146204607F064
:10C39000EEFC0E4B0094224603A9FFF75DFF07B0A9
:10C3A00030BD204606F02DFF043006F0F4FD03A951
:10C3B0000446288808F061FF002300932A8803A917
:10C3C000204600F03BFAEAE7F23D002000F8FF07C4
:10C3D00037B50F4C0F4D01A9002007F0C8FC23789A
:10C3E00001467BB10C4B019A187807F0D4FC2078F9
:10C3F000F8F7E2FC002323702B700848F6F714FED0
:10C4000003B030BD2B78002BF7D0FFF7B1FFF4E776
:10C410000841002006410020074100207013002041
:10C4200008B50548F6F758F90448F6F755F9BDE898
:10C4300008400348F6F750B9F23D0020F03D0020D7
:10C44000EE3D00202DE9F04F89B0CDE905239DF8A0
:10C450004870139E8946044630B316F801ABBAF112
:10C46000000F23D00AF1FF34A400E4B231460120CA
:10C4700006F0A5FDC00E1BD1DFF844B13146012006
:10C4800006F09DFD34449BF800502279BDB1002F89
:10C4900047D1CDE90277CDE90077424A059980235B
:10C4A000484600F097F83CE08246DFE75446DDE777
:10C4B0001B28ECD93146012006F081FDE7E7DFF8C3
:10C4C0000481FF2A00EA08080BD1E379A179607999
:10C4D00001EB0321424689B209B0BDE8F04F07F0F5
:10C4E0005ABC314909688B070AD5FE2A3AD1012383
:10C4F0000135EDB2202D4FEA43030AD1FF250AE0B2
:10C5000029462846079207F032FC4845BFD1079AD2
:10C51000EBE79845ECD1254B1B78FF2B04D0AB42C1
:10C5200004D009B0BDE8F08FFF2DFAD00020F4F759
:10C5300013FCA842F5D029460020F4F713FC00288C
:10C54000EFD09BF800306479002BEAD1FFF76CFE46
:10C5500017484FF41051F6F7CBFC164B8BF80050F0
:10C560001C70DEE7052A92D8BAF1010F8FD8B8F116
:10C57000000F8CD0002FD4D17379002BD1D00E496D
:10C58000098821B90D49082B28BF08230B70129286
:10C59000DDE905124346484609B0BDE8F04FFFF714
:10C5A0005BBE00BFBF820200082C00203E140020AA
:10C5B0007013002007410020F23D002006410020BA
:10C5C0000841002000F8FF07014B1880FFF7D0BE9C
:10C5D000F03D00200CB42DE9FF470CAA0E4652F89E
:10C5E000041B0392074600297ED1BDF83400ADF844
:10C5F0000A00002800F0918033794FF6F778002B7D
:10C6000076D147458CBF4FF009084FF00808454BDD
:10C610001C78FF2C74D1B6F90230002BA9BF424B15
:10C62000347A1C780134A2BFE4B21C7044F0800458
:10C63000DFF8009122460021F6F72CFC99F8002043
:10C64000BDF80A30002A5ED00193DFF8ECA0FF238A
:10C650000093BAF80000334622463946FCF7BCFB8B
:10C66000002389F800304FF6FF730546AAF8003022
:10C67000742D33D10DF10A0332463946404604F099
:10C68000F1FC00284BD04FF6F7739F4226D8B6F93D
:10C6900002307088002B21DA2449254B48F204022D
:10C6A000904214BF8946994607F06FF84FF0000892
:10C6B00003464946CDF800808A22012006F0A2FFF9
:10C6C000814658B122464146F6F7E4FBCDE9009891
:10C6D000FF23324639464046FCF7E8F9284604B0C5
:10C6E000BDE8F04702B07047012006F068FF7EE722
:10C6F0000023337147458CBF4FF00608984686E704
:10C70000FF221A7094E7CDE900323946FF23324602
:10C710004046FCF7CBF90546AAE71825DEE70546B3
:10C72000DCE700BF401400200A410020C98202005B
:10C73000C582020009410020F43D002070B588B098
:10C74000002416464FF40033ADF81A100DF10F0215
:10C7500004A905460593ADF81840ADF81C400494B3
:10C760008DF80F4004F05DFC9DF80F300193049BA1
:10C770000093044A334605A92846FFF72BFF08B06B
:10C7800070BD00BFCC82020030B587B04FF4803559
:10C79000CDE90012002403958DF81030BDF8285023
:10C7A000074A8DF81140034603A9BDF82C00ADF8E7
:10C7B0001250ADF81440FFF70DFF07B030BD00BFB9
:10C7C000D982020010B54FF4981286B04FF0806302
:10C7D000CDE903230023ADF8143006F0D6FF04465C
:10C7E000F8F79CFB054B01900093054A234603A9EB
:10C7F0004FF6FD70FFF7EEFE06B010BDCB400020F7
:10C80000CF82020030B587B0CDE9001200248DF848
:10C810001030094A8DF8114003464FF4806503A992
:10C820004FF6FD700394ADF81250ADF81440FFF7C9
:10C83000D1FE07B030BD00BFD38202002DE9F04F1A
:10C8400099B00E4605460CA91046CDE90A329DF86E
:10C85000887008F06BF9BDF8309080464846F6F7CE
:10C8600031F9B6F90230B6F806A0B6F802B0002BDE
:10C87000044604DA904B00221A7000204BE0484630
:10C88000F6F720F94045F5D3A4EB0804E3B2002FF6
:10C8900018BF4FF4A07A152B099328BF1523002445
:10C8A000013308F1FF32DBB2D2B24946009412A83C
:10C8B00006F01AFE81499DF8482008684968ADF8DD
:10C8C00040406FEA4B436FEA5343ADF83E300DAB47
:10C8D00003C3ADF83C40ADF842A0ADF84420BBF135
:10C8E000000F26D1764908220DF1490005F027F8FE
:10C8F000044698B906F049FF06460DF151080DF1BE
:10C9000049030A9A98F80090012A2CD14FB384F079
:10C91000010404F0010019B0BDE8F08F0DF14900E9
:10C9200008F013FA4FF6FF74011B4C4206464C41C7
:10C93000E3E7BBF1010F5AD1BDF8496006F025FFCE
:10C9400086420AD00DA9304608F008FA80F00104AA
:10C95000E4B20DF14B080DABD3E7594B0DF14B0889
:10C96000CFE70A9CD5E767B34CBBB9F1010F26D8D6
:10C9700032D106F00AFF06F008FF98F80110504B7C
:10C980000646224602910021CDE9006101204D4971
:10C9900006F038FEADF8320088B134BBB9F1010FB2
:10C9A0000CBF0D210C210DF1320006F084FD024672
:10C9B00028B9BDF832300FA92846FFF70BFE012039
:10C9C000A9E7B9F1010F05D1002CD2D098F80110D8
:10C9D0008122D7E7002CF9D1B9F1010F94BF0022D1
:10C9E000012298F80110D201CCE70C21DBE70A9B69
:10C9F000002B7FF442AF7388342B4CD1099B092B59
:10CA00007FF43BAF002F7FF438AF9DF951603A4679
:10CA1000B41008210DF1490004F0200406F065FE71
:10CA200030B9274908220DF1490004F088FF08BBFE
:10CA3000254B1B78012B3FF420AF244A244BB2F83E
:10CA400068201B68AA4208D0DA0006D5C823214A0C
:10CA50000FA92846FFF7BEFD0FE75B0201D5002EA8
:10CA600017DA00231B4A0FA92846FFF7B3FD1A4B1C
:10CA70001C7002E70DF1490008F067F94FF6FF73EB
:10CA80009842E3D02146F9F71BFF03460028DDD189
:10CA9000DDE78D23DBE7099B04930DF14903CDE925
:10CAA00005A2CDE90283CDE900790B9B0FAA31469F
:10CAB000284600F013F8E0E6FE400020B55B0200D7
:10CAC000CB400020D7820200193F0020BC38002054
:10CAD000082C0020BD8202003F1400202DE9F04FF9
:10CAE000A1B09946BDF8AC302D9F0D939DF8B030A4
:10CAF0000E93BDF8BC300F9304469DF8C0304E88AD
:10CB00009DF8A8B0109338468846154606F043FABB
:10CB1000112E824671D806F038FE504576D0062E8A
:10CB200010D14FF6FD72924526D0BBF1000F10D107
:10CB30000022CDE900A28023BD4A29462046FFF706
:10CB400049FD06E0BBF1000F03D1032E07D8012EEB
:10CB500009D8B84B00221A7021B0BDE8F08F043E0E
:10CB6000022EF6D8E4E7B44ACDF800A08023294687
:10CB70002046FFF72FFDECE7B04B1B785E074CD447
:10CB800006F003FE00260346A9490096324601201E
:10CB900006F038FD3B79ADF866000F930028DBD036
:10CBA000DDE90E320D9803EB42095FFA89F9F5F7DA
:10CBB00089FF09F105085FFA88F88045CCD2414623
:10CBC0000D98F6F753F9109008EB40080D98F5F71B
:10CBD00079FF8045C0DADDE90F321343DBB2002B69
:10CBE00040F03382BBF1000FB6D1D8464246BDF8C3
:10CBF00066000421F6F74EF974E1904A3A2E127855
:10CC000012D948F23B039E4207D013E08B4A1278B8
:10CC100050070BD5321F022A08D8B8F8063043F463
:10CC20008043A8F8063097E71B2E1DD8B21E91B29C
:10CC300013295FD9109B02930F9B0E9ACDE900B385
:10CC400049462346304604F0F3F90F2884D1794B46
:10CC500001221A70794B1B789B0740F12783BBF1A7
:10CC6000000F7FF479AFD8E7A6F11C011E29E1D8A7
:10CC700001A050F821F000BFC3D2010035CC010063
:10CC800035CC010059CB010035CC0100AFD00100FB
:10CC9000AFD0010035CC010035CC010035CC01000E
:10CCA00035CC010035CC010035CC010035CC01007C
:10CCB00035CC010035CC010035CC010035CC01006C
:10CCC00035CC010035CC010035CC0100E1D00100AC
:10CCD000E1D0010095D2010035CC010035CC010036
:10CCE000B7D2010035CC010019D301002FD30100C8
:10CCF0003DD30100132A9DD801A151F822F000BFB5
:10CD000051CD0100E1CD0100FFCD010017CF0100A1
:10CD100081CB010035CC010035CC010035CC0100C0
:10CD200035CC010035CC010035CC010035CC0100FB
:10CD300035CC010035CC010035CC010035CC0100EB
:10CD400035CC010059D0010035CC0100F5D20100ED
:10CD500000231A938DF866300DF166030E99009347
:10CD600022461AAB484604F05DF906F00EFD064671
:10CD7000E9F73CFE162894BF4FF002094FF0220954
:10CD8000F8F7CCF82E4B0746B3F800A0FBF784FE6B
:10CD90002C4B80464FF6FF70B3F800B007F08BFFC6
:10CDA000294B9DF866201988244B1B7813F0020349
:10CDB0001CBF264B1B780B921A9A0096CDE90932BC
:10CDC0004023CDE90701CDE90193CDE9058BCDE9FC
:10CDD000037A1F4A002329462046FFF7FBFBBBE6E8
:10CDE00006F0D3FC1B4B1C4A1B88CDE92A03002309
:10CDF0002946204621B0BDE8F04FFFF7EBBBBE78D7
:10CE0000731EDBB2EF2B1AA9304627D9F22E25D09C
:10CE100002F0A2FD822606F0B8FC0023CDE9000353
:10CE2000034A334629462046FFF7D4FB94E600BF69
:10CE3000C5820200FE400020C9820200F23E0020AE
:10CE4000E4130020E0130020DE1300200B4100203B
:10CE5000DD820200E2130020EA82020002F07CFD83
:10CE6000002856D006F091FC9DF86C200492BDF885
:10CE70006A200392BDF868209DF86E10CDE901622A
:10CE80009DF86D205200D2B24900C9B208320A445E
:10CE900003460092C7490022012006F0B3FB9DF82B
:10CEA0006D30ADF866008DF8633000283FF454AE65
:10CEB0004FF0000801231A460DF163010DF16600E1
:10CEC000F5F730FF074600287FF446AE9DF8633043
:10CED000FAB293420CD89DF86E308DF86330B8F1F9
:10CEE000000F02D0BDF8663036E04FF00108E1E7F0
:10CEF0004146304602F032FD0123ADF864000222C3
:10CF000019A90DF16600F5F70DFF01370028DDD0F6
:10CF100022E683267FE706F038FC064602F022FD73
:10CF2000A549009033460022012006F06BFB002843
:10CF30003FF412AE0027ADF868003E4602F012FD45
:10CF40005FFA87F840450DD8BDF8680032460421E5
:10CF5000F5F7A0FFBDF86830002229462046FFF70C
:10CF600039FBF9E5404602F0F5FCFF288DF8660034
:10CF70000BD0012301361A460DF166011AA8F6B24C
:10CF8000F5F7D0FE00287FF4E7AD0137D6E750462D
:10CF9000B7F8029002F0DEFCFF288DF8640000F084
:10CFA000E5811AA902F0D8FCBDF868304B4507D0DE
:10CFB0004FF6FF72914540F0D981190400F1D681F6
:10CFC0009DF86D3012930E9B0533DBB213930F9BCC
:10CFD000149300234FF0000911934B4612E017936E
:10CFE000139B0D9803EB4101C9B206F0CAFA179BD7
:10CFF00015904FF0000A12995FFA8AF28A4216D30E
:10D0000009F10109149A5FFA89F19142E7D39DF879
:10D010006E201292169A1392002B40F09981119B68
:10D02000002B40F0A381109B14930123D2E71199A8
:10D030009DF86400179302F091FC159A179B0AF172
:10D04000010A824208BF0123D5E709F106095FFA08
:10D0500089F3B04616938AE1BD1C29465046BC7A36
:10D0600003F0C6FB012229465046FBF72BF9504638
:10D0700007F035FE284607F068FE3A88824207D05E
:10D080004FF6FF72904203D007F064FE07F047FEB0
:10D0900084F00804C4F3C00421462846FEF7CAFF02
:10D0A0002146284621B0BDE8F04F03F0E8BFBBF1B0
:10D0B000000F7FF451AD12073FF5AFAD33463A464E
:10D0C00029462046FEF7C8FF00287FF445AD84239B
:10D0D0003A4A2946204621B0BDE8F04FFFF77ABA18
:10D0E0000F9897F8008007F0ADFB00210746204617
:10D0F00001F0FCF9312EA7EB0007FFB240F0D6801B
:10D100004FF0000ACDE9008A2D49534652460120CE
:10D1100006F078FAADF8660000283FF41DAD16223F
:10D120005146DFF8A8B01AA804F033FC1AA806F09C
:10D13000C4FD9BF800904FF0FF33CDE91C33B9F1EB
:10D14000000F02D14FF0010A56E01E4E33796F2BCB
:10D1500002D90026324625E01CA9504600F024FDE5
:10D160000028F6D0184BB6F80090B3F86830B9F143
:10D17000000F2DD1003B18BF01235B0143F00403D6
:10D180008DF87A3002238DF87B3073881B0A49466C
:10D190001EA88DF87D3005F000FFB8F1000F66D0B5
:10D1A00000260122BDF866000221F5F773FE324623
:10D1B0001DE500BFEE820200C5820200BD820200B2
:10D1C000BA820200483D0020BC380020123F0020F7
:10D1D000B3EB090318BF01235B0143F005038DF88E
:10D1E0007A3002238DF87B300F238DF87C30CCE72A
:10D1F0000AF1010A5FFA8AFA0AF1FF36F6B23046FE
:10D2000007F0B0FDC307F3D59BF8003019EB030F0F
:10D2100004D009F101095FFA89F9E9E75A4B187856
:10D2200030441CA9C0B200F0BFFC002891D03046A9
:10D2300007F088FD8146304607F094FDC0070FD403
:10D2400016238DF87A30514B1B780133DBB20F2B4C
:10D2500028BF0F238DF87C304D4B33F8163095E7FF
:10D26000304607F07FFD8107EAD41223E9E7BDF8D5
:10D270006600F5F727FC1630B84291DC0123162230
:10D280001AA90DF16600F5F74DFD00287FF464AC96
:10D2900001265FE712073FF5C0AC0F983B462246D8
:10D2A0002946FEF731FF00287FF456ACBBF1000F92
:10D2B0007FF452AC0BE7BBF1000F7FF44DAC802341
:10D2C00006E706F062FA50457FF446ACDFF8CC8002
:10D2D00008224146B81C04F032FB00287FF43CAC25
:10D2E00006F053FA064606F050FA2A4ACDE92A0813
:10D2F00033467DE5384605F04EFE07F0DCFC00289D
:10D300003FF42AAC244A2A9000232946204621B023
:10D31000BDE8F04FFFF75EB9CDE92AB74B462A4684
:10D320002146002021B0BDE8F04FFFF78BB8CDE9D2
:10D330002AB74B462A4621460120F3E75B464A4678
:10D34000294620462A9721B0BDE8F04F03F09ABE47
:10D3500001231A4619A90DF16600F5F7E3FC002830
:10D360007FF4FAAB08F101085FFA88F8013602F0A1
:10D37000F9FA5FFA86FA50453FF609AEB8F1000FA8
:10D380003FF430AC32E400BF01140020F340002031
:10D390007A3D0020F6820200C9820200CB400020C4
:10D3A00073B506460C46154607F056FF0DF106020A
:10D3B0000146304607F004FE0C4E034680B90122B8
:10D3C00032702288BDF8061022B10246072001F013
:10D3D00055FE28B1BDF806202146284601F015FE6D
:10D3E000034A00231360337002B070BD0D4100206A
:10D3F000B4390020024B1B7803700020704700BF37
:10D40000F0400020024B93F9003003700020704779
:10D41000EF400020044B1B7813B1044B1888704771
:10D420004FF6FF70704700BF0D410020023E002004
:10D4300008B5064B1B783BB1054B196821B1082292
:10D4400004F08DFA002008BD7020FCE70D4100209B
:10D45000B439002030B519498BB014237F220988D4
:10D4600005460DEB030001F08EFCBDF81430DA0721
:10D4700021D413F0060FC3F3410208BFC3F34122C6
:10D480000F4B9C5C0DF116012246684604F095FA9C
:10D4900004F12802BDF826306A44023402F8283C20
:10D4A0001B0A02F8273C69462A46E0B206F0A3FFB1
:10D4B00000200BB030BDB720FBE700BFAA5A020026
:10D4C0000183020010B58AB00446ADF82620002280
:10D4D000CDE9052204920CAA02924FF6FF72019246
:10D4E000074AAC2104FB0122012060320092039024
:10D4F0000DF126024CF6200107F040FC0AB010BDE9
:10D50000BC38002010B5204AB2F86800B2F85E10AE
:10D51000B2F85C308AB04FF6FF74A042ADF8260036
:10D52000ADF824104FF6FD7018D081424FF0000086
:10D53000CDE90500CDE90300CDE9010094BF09AABA
:10D540006032009294BF48F660014CF660010DF124
:10D550002602042007F012FC0AB010BD814288BFE9
:10D5600060324FF0000098BF09AA0092CDE9050093
:10D57000CDE90300CDE90100044A8CBF4CF66041BF
:10D5800048F66041E5E700BFBC380020263900209E
:10D5900000B54FF6FF738BB00022CDE90522CDE92F
:10D5A0000322CDE90132074A00924CF640010DF109
:10D5B00026020620ADF8263007F0E0FB0BB05DF840
:10D5C00004FB00BF1C39002000B50E4B8BB00022BD
:10D5D000B3F85E30ADF82430CDE90522CDE9032261
:10D5E000CDE9012209AA4FF6FF7300924FF40061C2
:10D5F0000DF126020720ADF8263007F0BFFB0BB077
:10D600005DF804FBBC380020034B1A781AB1FF2ADE
:10D6100004BF00221A7070470F41002070B5084CFB
:10D62000084E2378F55C1DB107483E2101F09CFBB4
:10D630002378FF22F25400232370284670BD00BFD8
:10D640000E4100200F41002006830200034B044AD4
:10D650001B78D05CFF3818BF012070470E410020B6
:10D660000F41002010B508490822044604F067F96C
:10D67000B0FA80F0228940094FF6FF7340009A42C9
:10D6800008BF40F0010010BD1A83020030B5044607
:10D6900085B00D4602B9084A1068516801AB03C352
:10D6A00001AB03CBADF80C501B88206020466160B5
:10D6B000238105B030BD00BFB55B02001FB5014638
:10D6C000002201A8FFF7E2FF064801A907F04BFC82
:10D6D00020B1F5F7DBF94089C0F3400005B05DF8F3
:10D6E00004FB00BFE613002030B585B00D460022D4
:10D6F000014601A8FFF7CAFF084801A907F033FC5B
:10D7000050B1F5F7C3F9044601460822284604F053
:10D7100026F96089C0F3400005B030BDE613002053
:10D72000F8B50546F8B11048002105F0B9FD0446EA
:10D73000A8B10D4F2046F5F7A9F90646FFF792FF6D
:10D74000830705D408222946304604F0F8F838B19A
:10D750002146384605F0FAFD04460028EAD10024A7
:10D76000201E18BF0120F8BDE613002010B50C469E
:10D770000146064807F0F7FB30B1F5F787F9438912
:10D780001C4214BF0120002010BD00BFE613002082
:10D790001FB51446024601A8FFF778FF074801A904
:10D7A00007F0E1FB40B134B1F5F770F914220146FE
:10D7B000204604F0D4F8012004B010BDE613002088
:10D7C0001FB50146002201A8FFF760FF094801A923
:10D7D00007F0C9FB58B1F5F759F94389024613F030
:10D7E000020004D0507B80F00800C0F3C00005B0F8
:10D7F0005DF804FBE6130020F7B59DF82440019482
:10D800009DF8204000940D4606461F4607F082FA18
:10D810004FF6FF718842044610D0BB0711D428464A
:10D82000F6F7C2FC204607F095FAFF281FBF084A0A
:10D8300032F8103023F4804322F81030204603B031
:10D84000F0BD02462946304607F0B2FBEAE700BFCA
:10D850007C3D002073B50E460146144807F083FB5B
:10D860000546D8B1F5F712F943893340044612D082
:10D870009B0736B20BD5002E09DAA17B437B0289C8
:10D88000007B0191012100912146FFF7B5FF6389DB
:10D8900023EA06036381628912B1012002B070BDE0
:10D8A0002946024805F07BFDF7E700BFE61300209C
:10D8B0000148F4F711BF00BFE61300202DE9F04343
:10D8C0008FB007469DF858800C4615461E46F8F75F
:10D8D0001FFD20B1F5F708FD08B144F400544A4B90
:10D8E0001B7813B924F40074A4B2200509D546B9F5
:10D8F00004A92846F5F724FE002840D024F400644B
:10D90000A4B2ADF81840ADF81A5005F03EFF3F4BF9
:10D91000ADF81C00B8F1000F02D01A78424501D2D0
:10D9200093F800803A4A8DF81E8013780133E105A0
:10D93000DBB213704CBF0DF1210108A922058DF84F
:10D940001F3004D533680B6073684B600831E30403
:10D9500005D5304A13680B6053684B6008310DF1F0
:10D960001808A1EB08005FFA80F900214846F5F796
:10D9700053F9064628B900200FB0BDE8F08304AE85
:10D98000BFE7F5F783F841464A4604F016F83046FB
:10D99000F5F798F880463046F5F778F80023024608
:10D9A00000935FFA88F104234FF6FF7005F0DCFB6B
:10D9B000ADF80E000028DED040F201131C421AD14F
:10D9C0004FF6F7739D4216D8F5F77CF80DF10E016E
:10D9D0000446284600F08AFDBDF80E00F5F772F8FF
:10D9E000E4B2A04207D9BDF80E0005F00AFC437866
:10D9F00043F004034370BDF80E003A460121F5F7E9
:10DA0000E3F8BDF80E00B7E7143F0020F51300203F
:10DA1000163F0020CB400020F0B50829D58889B0FA
:10DA200028D00C2926D0AE0424D405F040030B43A3
:10DA3000424C267816B105F0200423432FB2002F64
:10DA4000B8BF43F08003032920D11223AC068DF820
:10DA50000430937A10D48DF805300DF1060401A935
:10DA6000621A0123D2B2F5F75DF9B0FA80F04009ED
:10DA700009B0F0BD0B46DBE732228DF804208DF8AB
:10DA80000530002EE9D00DF11304E8E70C298DF8DC
:10DA9000043009BF138953798DF805301B0A0BBF79
:10DAA0008DF806308DF805300DF107030DF10603F2
:10DAB00054881C70240A5C7014889C700239240AF3
:10DAC000DC70012914791C7111D8917A5971002FD9
:10DAD00031DA1289DA710221120A997103F109040B
:10DAE0001A72002EBBD0AB06B9D50534B7E7A9072B
:10DAF0001AD4002F0CDA117A51B1917A5971118927
:10DB0000127A03F1080492B102229A71D971E8E7FE
:10DB10000B4C2178917201F1010C84F800C09C1D1E
:10DB2000002F5971DDDAEAE7917A9C1DF8E70122AE
:10DB30009A71090AEAE79C1DD3E700BF143F002051
:10DB4000153F0020014B1870704700BF0D3F0020AB
:10DB5000F7B50D4604460021284616461F46F7F73E
:10DB60001BFA0A4B002183F859402A460097334696
:10DB70002046FFF7A7FC014630B102222046F5F708
:10DB80004BFDC0B203B0F0BD0120FBE7BC38002064
:10DB9000034B04481A780021920003F0FABE00BF3C
:10DBA00001140020542A002010B5134B1B78834227
:10DBB00086B00C4612D9114900EBC00001EB4001C0
:10DBC00008220631204603F0CAFE00220821204622
:10DBD00005F08BFD80F00100C0B206E0C01A01A97B
:10DBE000C0B207F09AF810B1002006B010BD01AB2A
:10DBF00003CB20606160E8E701140020483D00206D
:10DC000008B5074B53F820308B42024606D9152041
:10DC10004FF6FF7102F0A9FD002008BD0120FCE7CE
:10DC2000542A0020024B013143F82010704700BFF6
:10DC3000542A00202DE9F3472B4EDFF8B4A081468B
:10DC40000C4600279AF80030FDB2AB4210D8694666
:10DC5000204607F083F8C0B308226946484603F01F
:10DC60006EFE90B34946204606F006FAFE2537E0E0
:10DC700006F1060808224146484603F060FE90B9C6
:10DC80004FF6FF739C422BD03388A34228D0204606
:10DC900007F060F8FF2814D14946204602B0BDE8DD
:10DCA000F047F6F7A7BA14B912360137CAE7338836
:10DCB000A342F9D100220821404605F016FD0028B4
:10DCC000F2D12846F6F76AF9CCE74946002007F07A
:10DCD0003FF8FF28054603D0044B1B780344DDB210
:10DCE000284602B0BDE8F087483D0020011400201E
:10DCF000123F00200F4B1B7883420CD8C01A0E4AEB
:10DD0000C0B232F81030D90411D443F4805322F851
:10DD1000103001207047094B00EBC00003EB4003BB
:10DD20005A79D10603D442F010025A71F1E700206B
:10DD3000704700BF011400207C3D0020483D0020BA
:10DD40002DE9F843074600F0F1FF05461B4805F0B2
:10DD50008CFC1B4B60B31C683C1B2C44A4B2194BBD
:10DD6000DFF868901B78184D99F8006003EB830387
:10DD700005EB430500225FFA82F846450AD9AB88D5
:10DD8000A34205F10A0016D9B21A0A235A432946BA
:10DD900003F0E5FD013689F80060AC80B8F1000FB2
:10DDA00003D106483946F5F7A3F82846BDE8F883BD
:10DDB0001D603C46D3E701320546DCE790130020A6
:10DDC000B839002010410020763C0020114100208D
:10DDD0001FB5154A154C1378013BDBB2137061680F
:10DDE000206801AA03C221891180114A1278D21831
:10DDF00005D00A235A43E118204603F0B0FD9DF8F0
:10DE000006301B070DD0BDF80C00FFF799FF828884
:10DE1000ADF8082001AA034603CA128818605960A9
:10DE20001A8104B010BD00BF10410020763C0020D4
:10DE30001141002008B5094B094800211970094B10
:10DE40001970094B1A7802EB8202520003F0A1FD0F
:10DE5000BDE808400548F5F7E7B800BF11410020CC
:10DE6000763C002010410020FF130020901300207A
:10DE7000F8B5094D094F0A4E00243B783178E2B2DB
:10DE80000B449A4204F1010400DBF8BD2846F4F784
:10DE900023FC0A35F1E700BF763C00201141002049
:10DEA0001041002010B5064C207828B1054806F036
:10DEB00000F810B1034B188810BDFFF789FFF3E796
:10DEC00010410020763C002008B50A4A034610782D
:10DED00060B1094A1088984209D121B9937810336A
:10DEE00023F00F039370FFF773FF012008BD00209C
:10DEF000FCE700BF10410020763C00202DE9F74FE1
:10DF000000F014FFDFF8F8803A4CB8F800C0DFF8F2
:10DF1000F490394D99F800701FFA80FEAEEB0C03B7
:10DF20009BB2019323780093002603EB830305EB58
:10DF300043033A46B246ACEB0E0CB3465FFA86FE9C
:10DF4000BE4515D3BAF1000F01D0009B2370BA4231
:10DF50002AD3002F37D02378C8F800000A2202FB0A
:10DF600003532648998803B0BDE8F04FF4F7C0BFCB
:10DF7000B3F804E001998E4512D8009993F802E0B5
:10DF8000A3F804B001310EF1FF3EC9B2013A83F8A3
:10DF900002E00091D2B24FF0010A0A330136CDE718
:10DFA000E644A3F804E0F8E789F800204AB12378B2
:10DFB000C8F800000A2202FB035310489988F4F7BE
:10DFC00097FF237813B903B0BDE8F08FFFF76AFF1E
:10DFD00006460028F5D005F048F80146304605F021
:10DFE00065FF20B100212888FFF76EFFE9E7662171
:10DFF000F9E700BF10410020763C0020901300207C
:10E00000B83900201141002038B50E4B05460E48A6
:10E010001C88F4F759FF012D0CD10C4B1C88FA21F8
:10E02000614358B1884209D28408012C204638BF88
:10E03000012038BD022D08BF0224F0E70248F4F7A2
:10E0400057FFF2E7723C0020F42A0020703C0020C9
:10E0500008B5064B064801221A700021F4F748FF64
:10E06000BDE808400020FFF7CFBF00BF003F002001
:10E07000F42A00201E4B1A8802F108039BB2012BE0
:10E0800073B502D81B4B1B7823B902B0BDE87040B2
:10E09000F4F7CABF184B194D00241C70184B1C70A4
:10E0A0002B787BB1174E4FF6FC73009330882346D4
:10E0B0002246214606F0E4FD4FF6FD732C703380B6
:10E0C00001200FE0104B1046197805F0EDFE0028F6
:10E0D000F6D10C4B1A884FF6FD739A42F0D001230B
:10E0E0002B70022002B0BDE87040FFF78DBF00BF6B
:10E0F000743C0020003F0020033F0020013F00202F
:10E10000023F00206E3C0020043F0020012808B59B
:10E110000AD002280CD020B9084B18700848F4F730
:10E1200083FF4FF0FF3008BDBDE80840FFF790BF08
:10E13000BDE808400020FFF767BF00BF003F002098
:10E14000F42A002002280CD859B1064A137801336A
:10E15000DBB21370044A12789A4202D80220FFF709
:10E16000D5BF7047023F0020053F002038B500F1C1
:10E170005703DBB2012B04460D4615D80D4A137820
:10E180000133DBB213700C4A12789A420CD80B4B55
:10E1900019884FF6FD72914201BF1D80084B002285
:10E1A0001A700020FFF730FF29462046BDE83840AE
:10E1B00001F07DB8033F0020063F00206E3C0020A8
:10E1C000013F0020064A00231370064A1370064AD6
:10E1D0004FF6FD711180054A1370054A13707047A0
:10E1E000033F0020023F00206E3C0020013F002042
:10E1F000003F002030B5094B1B78024633B1084B75
:10E20000084C19780023D8B2884201D3FF2004E0DB
:10E21000013334F823509542F5D130BDFE13002070
:10E22000083F00204E3C0020054B064800221A7093
:10E23000054BFF211970054B1A78920003F0A9BB1A
:10E24000083F0020523C0020073F0020FE13002022
:10E25000F7B58DF807100DF10701044600F074FFC3
:10E26000234B1D78002D41D02046FFF7C3FF214EE0
:10E27000214B3178FF2805D1204A107885422DD9CD
:10E28000451C1570884219D01C4A1B4D92F800C0DD
:10E290000022D7B2BC450CD92F46013297F803E0D3
:10E2A000864505F10405F4D102B203EB8202D2786F
:10E2B000FA7002B203EB8202D170307002B203EB4B
:10E2C000820123F82240FF228A709DF80720FF2A4E
:10E2D00002D003EB8203987003B0F0BD0A461046EB
:10E2E00003EB8202D278FF2AF9D1CBE7FF20F3E7D4
:10E2F000FE130020073F0020523C0020083F002072
:10E300002DE9F843FFF776FFFF2804466AD0364F21
:10E31000DFF8E080354E03B24FF6FF7227F8232076
:10E3200098F80050A54202D10020BDE8F88320B241
:10E330003378810007EB8000A34290F803E011D00E
:10E34000294A00235FFA83F94D45944607D99CF882
:10E350000390A14503F1010302F10402F2D18CF80C
:10E3600003E001E086F800E0013DEDB22A1BD2B2E5
:10E3700004319200394403F0F2FA88F800503378FF
:10E38000FF2B04D0A34224BF03F1FF333370164B9D
:10E3900000214FF6FF70CAB2AA420CD3144A0023E0
:10E3A0004FF6FF71DCB2AC42BAD2013332F823002F
:10E3B0008842F7D1B4E79A78A2420BD11880DA7874
:10E3C000FF2A04D0A24224BF02F1FF32DA700131E9
:10E3D0000433E0E7FF2AF2D0A24224BF02F1FF3269
:10E3E0009A70ECE70320A0E7523C0020073F002092
:10E3F0004E3C0020083F0020F8B51C4B1B7805461A
:10E40000084673B3FFF7F6FEFF28044629D02846D6
:10E41000FFF7F0FEFF2806D0154B164E1A780023A2
:10E42000D9B2914218D3FF212846FFF711FFFF28E8
:10E43000014616D0104F054623B207EB830237F88A
:10E4400023009678FFF704FFA84208BFFF25FF2EA0
:10E45000214608D12846F8BD013316F82310814221
:10E46000DED1FF25F6E73446E6E700BFFE130020C5
:10E47000083F0020503C0020523C00202DE9FF4185
:10E480004FF0000C9DF828508DF80FC00DF10F0CC7
:10E49000CDE9005C1F4606468846144600F024FE7F
:10E4A0009DF80F3093B941463046E8F705FA0E4B18
:10E4B0001B785BB10B2C09D83046FF21FFF7C8FE53
:10E4C00005EB44040646E4B2A54202D104B0BDE81F
:10E4D000F0812946384605F054F83146FFF7B8FE7A
:10E4E00002350646EDB2EFE7FE1300202DE9F347B3
:10E4F00000230DF107028DF8073004460E4600F0A8
:10E500000EFE9DF80730054663B92046FFF772FE00
:10E5100004465EB13088F4F7D5FA5FFA80F8FF2C34
:10E5200046D10025284602B0BDE8F087B046F6E7A0
:10E5300001320C2AF5D02DB207EB8505AD78FF2D01
:10E54000F6D112F0FF0AECD04FEA4A050235EDB2DF
:10E55000002EE7D008EB0501C9B2304604F0ABFF4E
:10E560000028DED1308852464146F4F793FC0AF188
:10E57000FF3208F1010108F102093088D2B2C9B2B4
:10E580005FFA89F9F4F786FC24B207EB8404A478D7
:10E59000FF2CC7D023B2308837F82320494605F036
:10E5A00000F80028BDD109F102095FFA89F9EBE70B
:10E5B000014F25460022BEE7523C002000230360A5
:10E5C000704703680B6001607047FEE7FEE74FF499
:10E5D000004070474FF47A707047704713B5044697
:10E5E00001A8E3F7E5FA9DF80630238040F2011315
:10E5F0006380E3F7FBFA6060002002B010BDE3F730
:10E600008FB908B5E3F77CF9002008BD10B50446C2
:10E6100044EA010313F00303084609D1934201D1F0
:10E62000002010BD54F8231040F823100133F5E703
:10E630009200214603F0C1F9F2E7704708B5E2F70E
:10E64000B1F8013008BDEFF3108072B6704700B921
:10E6500062B67047602383F311887047EFF311802F
:10E66000602383F31188704780F31188704784B06A
:10E670000B6800934B6801938B680293CB680393FC
:10E68000009B0360019B0360029B0360039B03608C
:10E690000023009301930293039304B0704784B066
:10E6A000036800930368019303680293036803936C
:10E6B000009B0B60019B4B60029B8B60039BCB60BC
:10E6C0000023009301930293039304B0704730B585
:10E6D000D1E90223D1E900540560046002600360BF
:10E6E00030BD30B50568046802680368C1E90054AC
:10E6F000C1E9022330BD7FB58A0704460B4610D01E
:10E700006D4601F11006186859682A4603C208339D
:10E71000B3421546F7D169462046FFF7D8FF04B04B
:10E7200070BD0091009904B0BDE87040FFF7CFBF05
:10E7300030B58B0785B00C4610D06946FFF7D1FF86
:10E740000D46234604AC2A4603CAA242186059600B
:10E75000154603F10803F6D105B030BD00910099CC
:10E7600005B0BDE83040FFF7BCBF00F1424303F500
:10E770008013102A10B54FEA43130AD101221A6000
:10E7800000F58870FFF773FF1031BDE81040FFF708
:10E790006EBF00221A602430F7E7F0B50B469907E8
:10E7A00089B0044615462DD0082A19D16D4603F1CB
:10E7B0001006186859682A4603C20833B342154642
:10E7C000F7D1082269462046FFF7CFFF03226B46A8
:10E7D0000020013A186003F10403FAD209B0F0BD39
:10E7E0006E4603F1200718685968324603C20833A1
:10E7F000BB421646F7D12A4669462046FFF7B5FFC9
:10E800000722E4E70093009909B0BDE8F040FFF764
:10E81000ACBF10B52030FFF742FF102A04D1BDE88D
:10E8200010401031FFF73BBF10BD30B58B0789B0EA
:10E830000C46154625D06946FFF7EBFF082D6A46C2
:10E8400013D104AD134603CBAB42206061601A467E
:10E8500004F10804F6D103226B460020013A186047
:10E8600003F10403FAD209B030BD08AD134603CB5F
:10E87000AB42206061601A4604F10804F6D1072219
:10E88000EAE70091009909B0BDE83040FFF7C1BF49
:10E89000704770477047E2F775BCE2F705BC70B58A
:10E8A00005460E461446FFF7CEFE2B685C4034400A
:10E8B0005C402C60BDE87040FFF7C9BEE3F778B854
:10E8C00038B5E3F7D1F98B7C04460D461BB10368DC
:10E8D00043F080430360EB7C1BB12B7D43F080034E
:10E8E000A3652A8A6B7B1343EA89134363602B7BFE
:10E8F000D5E901122046E3F785F96B7D1BB123684A
:10E9000043F480332360AB7D1BB1236843F40043A1
:10E910002360EB7D2A7E1B07120502F4E00203F060
:10E92000E04313432366636F23F030036367626F32
:10E930006B7E134363672B78E36038BD03691B0666
:10E94000FCD5C069C0B2704703695B06FCD5416362
:10E95000704700207047002070470020704701205A
:10E960007047012070470F207047ECF735B94FF022
:10E97000FF3003F0F6BC704770B504460D46FFF754
:10E9800062FEA36A102B064604F10501284614BF57
:10E9900010220822FFF701FF05F1840004F14C0169
:10E9A000FFF7A9FE3046BDE87040FFF750BE2DE9E5
:10E9B000F043074685B016461C460D4631B9E3F7CD
:10E9C00099FA054601463846FFF7D6FF44B3FFF7EC
:10E9D0003AFE97F842308046F3B10E2200210DF145
:10E9E000020002F0D6FF0E2CBB8DA14628BF4FF0CF
:10E9F0000E095BBA31464A460DF10200ADF800300F
:10EA000002F0DBFF69462846E3F798FA0023A4EBFF
:10EA100009044E4487F842302CB94046FFF717FEF0
:10EA200005B0BDE8F083102C27464FF0100228BF38
:10EA300010270021684602F0ACFF31463A4668468E
:10EA400002F0BBFF69462846E3F778FAE41B3E4430
:10EA5000E2E72DE9F04F8BB00546DDF85080169EB9
:10EA600017469A460C464FF0010900297BD1E3F77F
:10EA700041FACDF8009004462B6E2F714FF000093B
:10EA80005FFA88F7EB62C5F8449085F86C704246EF
:10EA9000514605F15C00019302F08FFF159A019B2E
:10EAA000C7F10F0B023AC7F10E07B3EB0903FFB230
:10EAB0004FEA520247EAC20218BF012342EA831317
:10EAC000514642460DF109008DF8083002F075FFFD
:10EAD00006AA4B465FFA8BFB9146D9B28B4547D8C5
:10EAE000002E59D166602660FFF7ADFDAB6A01903C
:10EAF000102B14BF10220822691D2046FFF74DFE7F
:10EB0000C4F8886002A9C4F888602046C4F8886008
:10EB1000C4F88860E3F712FA0198FFF798FD4246BF
:10EB200051460DF119008DF8187002F046FF08F1FA
:10EB300001005A463146484402F02BFF01238DF86C
:10EB40002730FFF780FD04F1840706464946384622
:10EB5000FFF7D1FD3046FFF77AFD009B6BB900202F
:10EB60000BB0BDE8F08F002380F84290009383E75C
:10EB700002F8016D0133360AAFE7FFF764FD05F1D6
:10EB80004C0106463846FFF7D3FD3046FFF75FFDE0
:10EB90002046E3F7B9F9E2E76FF08600E0E70144C9
:10EBA0000023884200D1704700F8013BF9E72DE9C6
:10EBB000FF47DDF83890DDF848800C4606461746DA
:10EBC0009A46E3F797F90C9BC6F8609022460093AB
:10EBD0000146CDE90187054653463046FFF739FF28
:10EBE0000446C8B90D9A4B4629463046FFF7DFFE6A
:10EBF0003FB1109B00933A460F9B29463046E3F7FE
:10EC000007FA119A434629463046E3F7A5F9044628
:10EC100010B92846E3F778F9204604B0BDE8F0873C
:10EC20002DE9F8431546894607469846E3F762F909
:10EC30000023436003600446FFF705FDB9F1100FA0
:10EC400014BF102208223946064604F180072046E8
:10EC5000FFF7A3FD41463846FFF74DFD3046FFF76D
:10EC6000F6FC012D0CBF05230623A360256915F0D2
:10EC70000205FBD1FFF7E7FC089906463846FFF787
:10EC800057FD3046FFF7E3FC2046E3F73DF9284601
:10EC9000BDE8F8832DE9F04190461E46054678B35D
:10ECA0008B422DD1E3F726F900234360036004462D
:10ECB000FFF7C9FC102E074614BF10220822294670
:10ECC0002046FFF76AFD3846FFF7C1FC0523A36025
:10ECD000256915F00205FBD1FFF7B5FC102E14BF16
:10ECE00010220822414607462046FFF79EFD38467F
:10ECF000FFF7ADFC2046E3F707F92846BDE8F081B1
:10ED00006FF08600FAE713B50223002468460094EA
:10ED10008DF804408DF80530E2F7E6FA204602B09F
:10ED200010BD08B5E3F756FE80B208BD08B5E3F79D
:10ED300051FE08BD08B5FFF7F9FFFA23B0FBF3F069
:10ED400080B208BD012070470420704740F2016086
:10ED5000E3F70ABF704770477047032000F01EB802
:10ED60000120704742DE704738B504460D4604F076
:10ED7000B8F800F020F8FFF76DFC29462046BDE802
:10ED80003840FFF7EFBF10B404460846114622464C
:10ED90005DF8044BE5F762B9E5F7A2B9E5F7E0B92C
:10EDA00010B404460846114622465DF8044BE5F7C8
:10EDB000F5B9E5F775BA704710B5FFF744FC04469E
:10EDC000E4F7A6F82046BDE81040FFF740BC7047C6
:10EDD000FFF761BD70477047012070474FF4167010
:10EDE000E4F7AEB92DE9FF410D4616461F4604462D
:10EDF000A8B14FF00008C0F81C80E4F7E3FCBDF8B0
:10EE00002C3002939DF828304246CDE90073294604
:10EE100033462046E4F73CFC04B0BDE8F0812220F4
:10EE2000FAE7F0B587B01F4600230D4616468DF869
:10EE300017300446A8B1C3610DF11701E4F7F2FCE5
:10EE40009DF817207AB9BDF8343002939DF8303020
:10EE50002946CDE9007320463346E4F719FC07B094
:10EE6000F0BD2220FBE70320F9E738B5FFF7F6FBFA
:10EE70000546E4F741FF04462846FFF7F5FB204628
:10EE800038BD08B5E9F72AFB02F089FC02F088FCDE
:10EE900002F08DFCBDE8084002F098BC08B502F015
:10EEA00096FC02F095FC02F094FCBDE8084002F0EC
:10EEB00097BC704707B503469B0753BF6FEA0141F4
:10EEC0004FF6FF7343EA01416FEA114104220191B9
:10EED00020F003000DEB0201FFF7F0FC03B05DF83A
:10EEE00004FB41EA000313F001032DE9F04104465D
:10EEF0000E4615463FD1002A3BD04FF6FF7234F83C
:10EF00001310914205D036F8131011B14B20BDE813
:10EF1000F0810133AB42F2D1E2F7F2FC012D01D0D6
:10EF2000A3070ED531882046FFF7C4FF10B1E2F7E2
:10EF3000F7FCEBE7013D012D04F1020406F10206A6
:10EF40000ED925F001084FEA48073A4631462046D7
:10EF5000FFF7B4FC0028EAD13C443E44A5EB080589
:10EF60002DB131882046FFF7A5FF0028DFD1E2F759
:10EF7000D7FC0020CBE70120C9E708B5FFF71BFF4E
:10EF8000BDE80840F4F7A2BA10B51446E5F754FA04
:10EF90002146BDE81040F3F7ABBF08B5E5F74CFAE2
:10EFA000BDE808400021F3F7A3BF08B5E5F744FA30
:10EFB000BDE80840F4F738B87047704708B5FFF768
:10EFC000FAFEFFF7FAFF02F06DFCBDE80840E5F736
:10EFD0006DBA704738B50546FFF735FB0121044689
:10EFE0002846E4F721F82046BDE83840FFF72FBB5C
:10EFF000012070470120704708B5E5F70FFB002896
:10F000000CBF0420012008BD704770B504460D46B2
:10F01000164601F019F932462946204602F043FC13
:10F02000324629462046FFF7EFFFBDE8704001F069
:10F030000DB92DE9F34104469DF820800D46164692
:10F040001F4601F001F9CDF800803B4632462946C3
:10F05000204600F01AFC02B0BDE8F04101F0F6B81D
:10F06000704708B501F0F0F802F020FCFFF7F8FF58
:10F07000BDE8084001F0EAB8012070472DE9F041F1
:10F0800004460D4616461F4601F0DEF83B46324662
:10F0900029462046FFF7F0FF3B4680463246294688
:10F0A000204602F005FC01F0D1F84046BDE8F081B1
:10F0B000012070472DE9F04104460D4616461F46D3
:10F0C00001F0C2F83B46324629462046FFF7F0FFE2
:10F0D0003B46804632462946204602F0EAFB01F0D4
:10F0E000B5F84046BDE8F0812DE9F743DDF82C90F6
:10F0F0009DF8288004460D4616461F4601F0A4F8E8
:10F10000CDE900893B4632462946204602F0D2FB33
:10F1100003B0BDE8F04301F099B800207047F8B59E
:10F1200004460D46164601F08FF832462946204621
:10F13000FFF7F3FF324607462946204602F0BBFBA5
:10F1400001F084F83846F8BD38B504460D4601F0A4
:10F150007BF82946204602F0AFFBBDE8384001F0BD
:10F1600075B810B5044601F06FF8204602F0A5FB13
:10F170002046E9F74BF9BDE8104001F067B8704749
:10F1800038B504460D4601F05FF82946204602F0E6
:10F190009DFB29462046FFF7F2FFBDE8384001F00D
:10F1A00055B8704770B504460D46164601F04CF848
:10F1B00032462946204602F08BFB3246294620463D
:10F1C000FFF7EFFFBDE8704001F040B8704738B579
:10F1D00004460D4601F038F82946204602F07AFB35
:10F1E00029462046FFF7F2FFBDE8384001F02EB86F
:10F1F000704738B5044601F027F8204600F0E3FADE
:10F200000546204602F068FB29462046FFF7F0FF3E
:10F2100001F01CF8284638BD704738B5044601F0A7
:10F2200013F8204600F0FDFA0546204602F055FB93
:10F2300029462046FFF7F0FF01F008F8284638BDC0
:10F24000704710B5044600F0FFFF204602F046FB71
:10F250002046FFF7F5FFBDE8104000F0F7BF70470C
:10F2600038B504460D4600F0EFFF2946204602F06F
:10F2700036FB29462046FFF7F2FFBDE8384000F094
:10F28000E5BF704770B504460D46164600F0DCFF3A
:10F2900032462946204602F023FB324629462046C4
:10F2A000FFF7EFFFBDE8704000F0D0BF704738B502
:10F2B00004460D4600F0C8FF2946204602F011FB27
:10F2C00029462046FFF7F2FFBDE8384000F0BEBFF8
:10F2D000704738B504460D4600F0B6FF2946204673
:10F2E00002F000FB29462046FFF7F2FFBDE8384058
:10F2F00000F0ACBF704710B5044600F0A5FF2046F3
:10F3000002F0F1FA2046FFF7F5FFBDE8104000F0EB
:10F310009DBF704710B5044600F096FF204602F0EE
:10F32000E3FA2046FFF7F5FFBDE8104000F08EBF7E
:10F33000704738B504460D4600F086FF2946204642
:10F3400002F0D3FA29462046FFF7F2FFBDE8384025
:10F3500000F07CBF704710B5044600F075FF2046F2
:10F3600002F0C4FA2046FFF7F5FFBDE8104000F0B8
:10F370006DBF704738B504460D4600F065FF29465D
:10F38000204602F0B4FA29462046FFF7F2FFBDE816
:10F39000384000F05BBF704770B504460D4600F082
:10F3A00053FF2946204602F0A4FA2046F3F78AFBD1
:10F3B00006462046F3F76AFBF1B202462846FFF7FD
:10F3C000EAFFBDE8704000F041BF704730B5044629
:10F3D00085B000F039FF204602F08CFA00230DF1D1
:10F3E0000F008DF80E308DF80F30FEF70BF80DF191
:10F3F0000E00FDF7FFFF6088F3F764FB05466088A9
:10F40000F3F744FBEDB2019000959DF90F309DF8A4
:10F410000E2061782078FFF7D8FF00F017FF05B0C5
:10F4200030BDB5207047B520704738B5044600F0B0
:10F430000BFF2046FFF7F7FF0546204602F05BFA78
:10F440002046FFF7EEFF00F001FF284638BD82B0EE
:10F4500002AB03E9060002B0704737B505466C46BB
:10F4600084E8060000F0F0FE94E80600284602F06A
:10F4700043FA94E806002846FFF7E9FF03B0BDE829
:10F48000304000F0E3BE002070470020704738B5E0
:10F49000044600F0D9FE2046FFF7F7FF0546204658
:10F4A00002F033FA2046FFF7EEFF00F0CFFE2846C9
:10F4B00038BD704708B502F029FAFFF7FAFF08BD1A
:10F4C00008B500F0C1FE02F022FA02F066F9BDE8CC
:10F4D000084000F0BBBE00207047704708B5E5F754
:10F4E00045F9BDE80840E5F749B900207047E5F760
:10F4F0005DB913B500230C46CDE9003301461A4629
:10F50000E0B2E5F70FFC02B010BD13B500231446BE
:10F51000019000930122E0B2E5F704FC02B010BDB7
:10F520007047194491420ADC4218002003B9704721
:10F5300012F8011D013B01EB0020DBB2F6E70020D1
:10F540007047982808B513D88F281ED900F170028B
:10F55000D2B20123934013F4A97F10D1DB0714D555
:10F56000902813D1F3F712FEBDE8084000F01EBE4C
:10F57000BC280BD007D85530C0B2042805D8BDE848
:10F58000084000F0CCBFBF2800D008BD00F00DFE41
:10F5900000F00CFEE8E710B586B0089C0494002447
:10F5A000CDE902440124CDE9003413460A46014660
:10F5B0000620E5F705FD06B010BDF0B502288BB0BA
:10F5C00005460E4614461F460AD106A9F0B205F0BC
:10F5D00063FA98B99DF8193023719DF81C30637156
:10F5E000119B04930023CDE902330193109B0093F8
:10F5F00022463B4631462846E5F7E2FC0BB0F0BD1B
:10F60000FE2828BFFE20E5F705BEB1F800C0F8B51A
:10F6100005460C4616461F46BCF1000F1AD102F0F3
:10F6200079F970B93B4632462146284602F074F912
:10F63000628848F221039A4203D17178284600F08B
:10F64000A6FD6388B3F5004F02D9082000F0B4FD91
:10F650000120F8BD0020FCE72DE9F04788B099466D
:10F660000C469246BDF84080119F0646FDF7D2FE3B
:10F67000CDE9034705468DF80860ADF81480ADF874
:10F6800016008DF818A08DF8199000F02FF98DF85C
:10F690001A0000F02DF900238DF81B0002A88DF848
:10F6A0001C3000F078FDA8B943463A46214628466A
:10F6B00000F04FFE70B943463A4621462846FFF710
:10F6C000A4FF38B9CDE9005043463A4631462046BA
:10F6D000E7F742F808B0BDE8F08770471FB50B4662
:10F6E0006A460146184604F086FE6A460823002052
:10F6F00032F8021B013B13F0FF0380EA0100F7D14F
:10F70000012838BF012080B205B05DF804FB2DE967
:10F71000F74F9846DDE90C3B07460E461446414636
:10F7200000221846BDF838909DF83CA0019303F0E4
:10F73000A0FD0546002840D0019B41461846FFF732
:10F74000CDFFABF80000062F3BD8DFE807F004043C
:10F75000040D162A21002B4622463146384603B0B6
:10F76000BDE8F04FF9F786BB0C222B461146204628
:10F7700003B0BDE8F04FF9F767BBE27A2B461146BC
:10F780002046CDE90C9A03B0BDE8F04FF9F73ABB3B
:10F790002B460C222146304603B0BDE8F04F05F061
:10F7A00045B80D95E37A0C935246234631464846B8
:10F7B00003B0BDE8F04FF9F70FBB182003B0BDE868
:10F7C000F08F0220FAE77FB5054603F0DEFF48B16F
:10F7D0006B88B3F5006F05D1681D04B0BDE87040BB
:10F7E00000F0D3BC284600F0E5FC0446B8B9E6B208
:10F7F0006946304605F050F99DF800301843C0B214
:10F8000048B929463046FCF76BF910B1752806D087
:10F810008C2004B070BD01340A2CE8D1F8E78D20AB
:10F82000F7E710B5044600F0C3FC08B18D2010BD09
:10F830002046FCF72DF90028F9D07528F6D088204D
:10F84000F5E72DE9F04385B005460DF10E001446AD
:10F850000E46FDF7CFFD0DF10F00FDF7D3FD20465D
:10F860009DF80E809DF90F90F3F72CF9074620467E
:10F87000F3F70CF94B46CDE9007042463146284675
:10F88000FFF7EAFE05B0BDE8F0832DE9FF47054626
:10F8900018461E4690460F469DF830A0F3F7F6F83E
:10F8A00081463046F3F70EF9044651462846E4B245
:10F8B000FEF748FC21464846FFF710FF5346CDE9C6
:10F8C00001904246394628460094E5F7C1FC33468C
:10F8D000424639462846CDF830A004B0BDE8F0478E
:10F8E00001F0E3BF03F051BFF3F7F6BCF9F738BB03
:10F8F0001FB56846FDF79CFDC8B902A9FCF772FA6E
:10F90000082269460DEB020002F019F810B9002038
:10F9100004B010BD02A90120FCF764FA0822694670
:10F920000DEB020002F00BF890B90120F0E7FDF7B3
:10F9300071FD4FF6FF739842044609D00020FCF792
:10F9400069FA8442E3D00120FCF764FA8442ECD0E7
:10F95000FF20DDE7E5F72CBDE5F7E8BCE5F70ABDDC
:10F96000F5F76ABAE5F7B4BD70B506460C4615461C
:10F9700000F032F860B10CB9002070BD002DFBD052
:10F98000204600F04DFC013080B2A842F4D8F4E7E4
:10F99000304600F027F840B1002CEDD0012DEBD916
:10F9A000204600F042FC0230EEE73046E5F74CFD21
:10F9B000EBE770B50023051F9CB2A14201D80020DF
:10F9C00007E05C1C35F82460964203D100EB83000D
:10F9D000408870BD2346EFE7413801288CBF0020E6
:10F9E00001207047433801288CBF00200120704758
:10F9F0000388B3F57C4F01D3E5F78ABD0846E5F7E8
:10FA000077BD10B50C46018862888A420DD1037B10
:10FA100021790B4009D0B2F57C4F08D3E5F778FD8A
:10FA200023891B1A5842584110BD0020FCE70120D1
:10FA3000FAE738B50D881446D28895420AD1038872
:10FA4000B3F57C4F08D2FFF7D3FF23891B1A584226
:10FA5000584138BD0020FCE70120FAE72DE9F84FB6
:10FA600090F804A0074689461546984600264FF0B0
:10FA7000140BF3B29A4501D8002418E03A680BFB46
:10FA800006F3D418D35A994519D12DB1802D11D12F
:10FA900094F90C20002A12DAB3F57C4F07D32046E4
:10FAA000E5F736FD804502D0B8F1000F07D12046BA
:10FAB000BDE8F88F402D02D1227B5206ECD40136EE
:10FAC000D7E70121E5F7D2BC08B513460022E5F7D8
:10FAD00043FE003818BF012008BD08B51346402278
:10FAE000E5F73AFE003818BF012008BD08B51346F7
:10FAF0008022E5F731FE003818BF012008BD002341
:10FB0000E5F72ABE0021E5F789BE7047002070475F
:10FB1000F8B516461F469DF81820BDF81C3005465E
:10FB2000E5F71AFE78B10421FFF7F0FF044650B163
:10FB3000284600F097FB3A4631462846A047BDE8E4
:10FB4000F84000F083BBF8BD2DE9F74FDDF83090A9
:10FB50009DF834B01E460746BDF838308846144636
:10FB60002AB3B9F1000F22D00EB392F804A099F88D
:10FB70000020618812F0080F0CBF802240225046FE
:10FB8000E5F7EAFD98B10821FFF7C0FF054670B11F
:10FB9000504600F067FBCDE9009B334622464146C4
:10FBA0003846A84703B0BDE8F04F00F04FBB03B0A4
:10FBB000BDE8F08FF8B5BDF8187016461A463B46FA
:10FBC0000446E5F7C9FDE0B177B90221FFF79EFFD2
:10FBD0000546B0B1204600F045FB31462046A84717
:10FBE000BDE8F84000F032BB1021FFF78FFF05465B
:10FBF00038B1204600F036FB3A4631462046A84749
:10FC0000EEE7F8BD73B5BDF8184016461A46234610
:10FC10000546E5F7A1FDB8B1C4B92021FFF776FF8D
:10FC2000044670B1284600F01DFB099B00939DF827
:10FC30001C209DF8203031462846A047044600F09D
:10FC400005FB204602B070BD8624FAE70024F8E7E1
:10FC50002DE9F04186680446007800F003FB00259A
:10FC600014273279EBB29A4203D8BDE8F04100F094
:10FC7000EDBA7B4332682078D15A02EB030800F0DA
:10FC800067FA01214046FFF741FF034608B120789B
:10FC900098470135E5E72DE9F04F89B01C46BDF8DE
:10FCA00048809DF84C3001939DF850300293924665
:10FCB0004346224607460D46E5F74EFD8DF8147083
:10FCC000ADF816508DF81840ADF81AA0ADF81C80AC
:10FCD000064618B9012009B0BDE8F08F05A9FFF765
:10FCE00090FE0028F6D000252F46A8462C4634E08A
:10FCF0000C2331881FFA85F903FB09F97368B1F504
:10FD00007C4F33F8092003EB090B1AD333F80900B1
:10FD100050452CD3019BA3422DD900F057FA9BF8F4
:10FD20000200E5F7F5FF029B43B19BF8043013F0A6
:10FD3000010F0CBF05200720E5F7EAFF0134A4B24C
:10FD400019E0ADF81A20594605AA30460393FFF78B
:10FD500070FE039B0028D9D101353289ABB29A429B
:10FD6000C6D804EB0800C31B58425841B3E708F15A
:10FD700001081FFA88F80137BFB2EDE72DE9F04F0F
:10FD80008FB098469DF8703005930023BDF860A0B1
:10FD90008DF82C00ADF82E10ADF8322000930546FA
:10FDA0000E46174608A91A460BA80893199C9DF8F9
:10FDB00068B09DF86C908DF83080ADF834A0E5F710
:10FDC000B7FB089B002B00F09680B9F1000F07D11C
:10FDD0009A785A4540F091801A79D10740F18F8086
:10FDE0001A79520733D59A68516892680A92099134
:10FDF000987800F052FC089A92F80390B9F1020F3B
:10FE0000034615D807904A46214609A800F001FC90
:10FE1000079B06904A4621460AA800F0FAFB069B7B
:10FE2000012B01D0013012D187200FB0BDE8F08F37
:10FE300006904A460998214600F0EBFB0128F3D0D2
:10FE4000069B0A984A46214600F0E3FBEAE7059B39
:10FE50000BB10020E9E7089B4FF6FF729878214626
:10FE6000FFF782FD00284CD05FFA80F9CDE90294BB
:10FE7000CDE900AB43463A463146284600F089F9C1
:10FE80000028D2D1CDE90294CDE900AB43463A46F1
:10FE900031462846FFF7B6FE0028C6D1012300935D
:10FEA000059B224619460BA8E5F742FB0028BCD16A
:10FEB000089B324629462046FFF727FE43463A462E
:10FEC00031462846CDE901B4CDF800A000F077F91D
:10FED00043463A4631462846CDE90294CDE900AB87
:10FEE00000F056F9CDF800A043463A463146284680
:10FEF000FFF760FEADE7862097E78D2095E7882025
:10FF000093E7012091E72DE9F04786B00446DDF83C
:10FF10003C909DF840A0BDF83880CDF80080CDE938
:10FF2000019A0D4616461F4600F00AF9A8B1431E75
:10FF3000DBB2012B0ED800230493831E5842584194
:10FF4000CDE902A0CDE900893B463246294620464C
:10FF5000FFF714FF06B0BDE8F0870120FAE730B5DF
:10FF600087B000240125CDE903549DF82850009462
:10FF7000CDE901354023FFF701FF07B030BD10B5D3
:10FF800086B04FF0010C0024CDE9034C9DF82840C9
:10FF90000294099C0194BDF820400094FFF7EEFE06
:10FFA00006B010BD30B587B000258DF81030BDF813
:10FFB00028308DF80C00ADF80E10ADF81220ADF819
:10FFC00014300B9ABDF83030009502A903A80D9C9F
:10FFD0000295E5F7ADFA18B914B1029B9B7823702E
:10FFE00007B030BD2DE9F84F02290C9D0746884621
:10FFF00004D84FF0000A5046BDE8F88F1BBB0270D2
:020000022000DC
:100000000124E6F7BBFA04F1020A385501349DF8E1
:1000100028303B554FF000090B9A5FFA89F3D45C06
:10002000002CE8D0732C18D82E464C2C56F804BB64
:1000300045D0532C1DD0622C4DD1AC8805F108065B
:1000400000231A461EE00429D3D942F0040243706B
:100050001B0A027083700324D3E7A4F17503032BFA
:10006000C7D8763C2E1D022C52D8DFE804F0565A31
:1000700058006A6894B2D2B2B2F1FF0305F10806E3
:1000800018BF01230AEB040119448845B1DB50462F
:100090001946002947D153441FFA83FA5CB1BBF1DA
:1000A000000FA6D0224607EB0A00594601F085FC56
:1000B00054441FFA84FA09F101093546ACE76A682D
:1000C0004FF6FF7394B205F1080622469C4214BF16
:1000D00002230023D6E76C2C05D1584600F0A5F882
:1000E000841CA4B2ACE7732C04D1584600F098F8F5
:1000F000441CF6E7A4F13003DAB2092A01D89CB215
:100100009EE7A4F14103062B3FF673AF373CE8E7C7
:10011000012300242A68A346B4E70223F9E7032356
:10012000F7E70423F5E700F1010C01393A54C9B2AD
:10013000120A1FFA8CF0ACE70022E5F7ADBD70475C
:10014000012070470120704701207047B52070479B
:100150007047002070470020704700207047002043
:100160007047002070470020704700207047012032
:100170007047012070470020704700207047002022
:10018000704700207047B520704784207047704743
:100190007047002070470020704700207047002003
:1001A000704700207047002070477047B5207047A7
:1001B000002070470020704770470020704770474C
:1001C00070477047002070470020704738B50546DB
:1001D000C0B2E5F79DFD0446280AE5F799FD14B184
:1001E000002808BF0024204638BD10B4CC18944223
:1001F00003DC5DF8044BFFF794B900205DF8044B75
:1002000070470423FFF7F1BF08B50223FFF7EDFFA6
:1002100080B208BD08B50123FFF7E7FFC0B208BDF3
:100220000078FF2808BF0020704708B5022200218F
:10023000FFF7EAFF4FF6FF73984208BF002008BDA2
:10024000002818BF702070470020704700207047BA
:1002500008B5FFF736FCFF284FF0FF3018BF00202D
:10026000C0B208BD08B5FFF7F3FFFF280CBFA320FD
:10027000002008BD73B50646E4F780FE81250446DC
:10028000019614B9284602B070BD2378B3B933681B
:1002900062685B889A4211D1A368F27B99B292B1ED
:1002A000328A91420AD1727DB2EB134F06D1E368D4
:1002B00001A90020984710F0FF05E3D02046E4F79D
:1002C00065FE0446DDE74FF6FF72EAE710B5036806
:1002D00004465879E6F724F940B923685B88032B74
:1002E00004D00121204600F02CF91BE0637D012B96
:1002F0000AD0637D33B92368228A59885879FFF779
:10030000ECFB48B9C321EDE72368228A5988587964
:10031000FFF7ECFB0028ECD02046FFF7ABFF0146CF
:100320000028DFD1012010BD38B5044643680846D7
:100330000D469847B4F90830002B02DB2B78042BCC
:1003400006D1002363602046BDE83840E6F708B8D0
:1003500038BD2DE9F043884610789DB00021144641
:100360001D46E5F7E1FF0746002800F0D480067837
:10037000002E75D0B8F80010002940F0CC80038919
:10038000B8F8022043F40040824240F0C480617813
:10039000002965D1A2F50042062A00F2BC80DFE800
:1003A00002F08787BABA049E6300E388E17AADF869
:1003B0001C302389ADF81E3063798DF820308B1DF9
:1003C0000D3D14F813208DF80C1015F001058DF873
:1003D000142045D109A8049004F10C0C80465FFA62
:1003E00085FE8E450CF1020C09D21CF8019C1CF80C
:1003F00002EC0EEB092E28F802EB0135EFE75B006B
:10040000013300EB41000A4403F0FF030690D2B22F
:100410008A420FD01CA800EB4105E018013190F88A
:1004200001C0E05C023300EB0C2025F84C0CC9B293
:10043000DBB2EDE7B7F908203B89002AB4BF0322FD
:100440000122C3F30E038DF80020ADF8023062885C
:10045000ADF8042003AB029369463846FFF764FF0A
:1004600030461DB0BDE8F083042DF9D92279053D51
:10047000ADB29542F4D16188E8B205341AB295B1B3
:10048000002AB4BF03220122C3F30E038DF80C002F
:1004900004948DF82420ADF82630ADF8281003AB75
:1004A0000B9309A9D9E7002AB4BF05220622EBE77E
:1004B0000B2DD5D9D4F80200D4F8061003AA03C234
:1004C00013F4004F14BF032204228DF82420C3F339
:1004D0000E036289ADF82820ADF82630DFE7042D41
:1004E000BED921796288ADF828204A1DD2B2AA422D
:1004F000B6D113F4004FC3F30E0314BF032201223D
:10050000ADF82630053403AB8DF824200B9304940A
:100510008DF80C10C5E70026A2E7FFF751BE08B51D
:10052000F4F7E8FA20B9F2F7D7FE08B9FFF70EFEA4
:10053000FFF73BFEBDE80840FFF743BE0020E6F7AB
:100540004DB80022E6F7A4B8D28812F0200F10B5FB
:1005500003460CBF522449240846510544BF083CB9
:10056000E4B2110544BF083CE4B2120444BF023CAB
:10057000E4B2032B11D8DFE803F005020A0EC0B283
:10058000FBF748FCFFF7FDFD201AC0B210BDC0B25A
:10059000FBF758FAF6E7013CE4B24FF6FD70F1E7DD
:1005A000F8B5064617460D4681B10C78FF2C0BD0E6
:1005B0000846FFF735FEB84228BF3846C4B2224687
:1005C000691C701C01F0CBF93470F8BD0C46FBE7D8
:1005D00070B5044615460E4611B94170017070BDE4
:1005E0000B78FF2B05D14B78FF2B02D103704370A2
:1005F000F5E73046FFF719FEA84228BF284685B226
:100600002A46B11CA01C01F0AAF925702D0A6570BC
:10061000E5E7F0B523B9013A531C2FD1002020E0C3
:10062000042AFBD80023551E1C466E1C1AD1042A2E
:1006300010D0D2000121501E01FA00F020421EBF4E
:10064000914049420C4318421EBF4FF0FF3101FA5E
:1006500002F213439C4216DCB4BF4FF0FF3000207F
:1006600040B2F0BD40B1465DEF00BE4034434E5D48
:10067000BE403343013DD8E70646F5E78C5C20B128
:10068000835CA34202D90120EBE70346A34202F1B7
:10069000FF32C1D24FF0FF30E3E7283807288CBF84
:1006A00000200120704738B515461A462B78069C65
:1006B00013F0040F0CBF03230523934201D900203C
:1006C00038BDBDF8103021712060E380A560A281A3
:1006D0002B7803F00103A3732B7803F00403002BA2
:1006E00014BF01210021E1732978C1F3C0016175B4
:1006F0004FF0010121751AD02846FFF785FD237DB3
:10070000208202332375237D5A1CD2B22275E95C04
:10071000A1740233DBB22375AA5CE274A2899A4207
:10072000CDD3059BA361002323770120C8E7238253
:10073000E9E72DE9F0411C469DF818800E46174662
:100740000546E6F709F9002220704146204602F0EE
:1007500090FD034630B13A4631462846BDE8F041A7
:10076000E6F704B91820BDE8F08130B589B0044639
:10077000ADF806108DF81020F2F73CFD0546204636
:10078000F2F748FD03469DB1BDF80600ABB902F093
:10079000EFFFFF2808BF00208DF80F000DF10F03B9
:1007A0000593DDE904122046FEF757FE09B030BD7F
:1007B0000028F6D00DF10603F2E702F0D9FFFF287A
:1007C000BDF80630ADF81A3008BF00208DF80F00D4
:1007D0008DF8180006ABE3E7704770477047704725
:1007E000704770470020704770477047002070477F
:1007F0007047704710B51C4602F003FD02F0CBFBBA
:1008000000232370C0F34020400010BD002208B533
:100810000B461146FFF7EEFF023818BF012008BD56
:100820007047002070477047002070477047B52020
:100830007047012070477047012070471422002143
:1008400001F0A7B8704730B54078012887B00C4652
:100850004FF0110301F1100516D1022201A9F2F7A0
:100860005DFC234601AC18685968224603C2083370
:10087000AB421446F7D11123022201A90020F2F75E
:100880004DFC002007B030BD062201A90120F2F77F
:1008900045FC234601AC18685968224603C2083358
:1008A000AB421446F7D111230622E6E730B5407873
:1008B00087B001280C464FF011030BBF022206221D
:1008C00001A901A918BF0120F2F728FC05AD01AA72
:1008D0002346144603CCAC4218605960224603F10B
:1008E0000803F6D1002007B030BD10B588B00C4623
:1008F0001A23082201A90120F2F710FC21460DF16C
:100900000E0304F1100251F8040B43F8040B91425A
:10091000F9D11A23082201A90020F2F7FFFB0020D9
:1009200008B010BDF0B58BB004460D4602F02DFFA7
:10093000B0B101A8F9F73AFA90B1667B16F0020F50
:1009400004F1040705D0082201A9384600F0F7FF9A
:10095000D0B901AB03CB46F00206606079606673E4
:100960001A23082203A90120F2F7D8FB0DF1160380
:1009700029460DF1260253F8040B41F8040B93426B
:10098000F9D100200BB0F0BD2D20FBE770B5054676
:100990008AB00C46252200210DF1030000F0F9FF7A
:1009A0006B68CDF81D30AB68CDF82130234603F1DC
:1009B000100601AC18685968224603C20833B342D6
:1009C0001446F7D16A7B012312F0040F8DF8023030
:1009D0000CBF4FF480734FF4A073110748BF43F46A
:1009E0008063ADF80030930748BFBDF8003068461B
:1009F00044BF43F00803ADF80030F7F77FFD00383F
:100A000018BF01200AB070BD30B5427B0D46D1073A
:100A10008BB0044607D5407801A9F7F7D3FDD8B1CC
:100A20002D200BB030BD9307FAD5C2F38003100719
:100A30004FEA8313ADF8023044BF43F48063ADF84E
:100A40000230BDF80220201D0AB10DF1020201A9F9
:100A500003F0EEFC0028E3D001AB03CB9DF814308B
:100A60002373BDF81030A160590648BF627B6060F7
:100A700044BF42F0040262735A0542BF627B42F0F7
:100A8000080262731B0742BF637B43F00203637378
:100A90002B4606AC0AAD224603CAAA42186059602A
:100AA000144603F10803F6D10020BAE7F0B5044676
:100AB00093B00D46252200210DF1230000F069FFBF
:100AC0006368CDF83D30A368CDF8413004F1040CE3
:100AD0002B4609AE05F1100718685968324603C263
:100AE0000833BB421646F7D105238DF82230637BCD
:100AF0005B0103F40073ADF820306378FF2B19D14C
:100B000000231A4601A9604600F0E8F99DF8053077
:100B1000FF2B0CD100231A46184601A900F0DEF97C
:100B20009DF80530FF2B02D11C2013B0F0BD9DF8BD
:100B300005306370617808AA002000F09CFA064630
:100B4000F0B919231946627801A8FEF71CF92B4663
:100B500003AD186859682A4603C20833BB421546DC
:100B6000F7D1637B6178DB0642BF9DF81C3063F0F0
:100B70007F038DF81C30192301AA1846FEF70CF9E3
:100B8000301E18BF0120D0E710B504468AB02422D9
:100B9000002101A800F0FDFE637B590744BF4022FD
:100BA000ADF810201A0742BFBDF8102042F4806251
:100BB000ADF81020DB070FD5607801A9F7F702FD2B
:100BC00010B12D200AB010BD01AB03CB637B606078
:100BD00043F00203A160637304A9201D03F02AFC03
:100BE0000028EED00020EDE71FB5694600F08DF833
:100BF000002818BF2D2005B05DF804FB73B50D4625
:100C000014460646E6F70EF86B881A071AD52246F0
:100C10003146102003F0EFFB2046E6F703F86B881F
:100C2000D90717D50023224601210DF107008DF8C1
:100C30000730E6F75DF86B88002B0CBF2120002001
:100C400002B070BDDE06EAD522460821281DE6F76F
:100C50004FF8E1E79A0701D50223E4E75B07EAD5FD
:100C60000323E0E70F20704710B586B0044601A9C2
:100C7000022211230120F2F751FA9DF81430E3709B
:100C800001A803F0CDFE80F00100062201A96070EA
:100C900011230120F2F742FA9DF81430A37001A845
:100CA00003F0BEFE80F001002070F7F707FD6060E2
:100CB000002006B010BD1FB50C46694600F025F8AF
:100CC00010222146684600F03AFEB0FA80F0400952
:100CD00004B010BDB8B1B1B14388A3B90378013BEA
:100CE000082B10D8DFE803F00507090B0F0F0F0FD3
:100CF0000D00FFF7A8BDFFF7F8BDFFF747BEFFF7F0
:100D0000D5BEE6F73BB92120704738B50D4609B38B
:100D100000B30378013B082B1AD8DFE803F0050D78
:100D20001013191919191600FFF7C0FD04462846BB
:100D300003F060FD204638BDFFF7F4FDF6E7FFF74E
:100D400063FEF3E7E5F786FFF0E7E6F721F9EDE765
:100D50002124ECE72124EDE770B5044686B001A814
:100D60000D461646FFF76AFD206861688DF8116030
:100D700003238DF8043002AB03C3294601A8FFF713
:100D8000A9FF06B070BD10B5044686B01123062237
:100D900001A90120F2F7C2F9A3789DF814209A4224
:100DA00007D08DF814300622112301A90020F2F794
:100DB000B5F91123022201A90120F2F7AFF9E37876
:100DC0009DF814209A4207D08DF814300222112386
:100DD00001A90020F2F7A2F906B010BD30B5437B9F
:100DE00013F001028BB004460D4607D0407801A9EC
:100DF000F7F7E8FB70B12D200BB030BD9B07FAD59B
:100E0000ADF8022001A90DF10202043003F010FB3D
:100E10000028F0D000210E22A81C00F0BAFDBDF879
:100E200010302B80039BAB60BDF81230AB819DF876
:100E30001430237301AB03CB6060A1600020DBE7BB
:100E400070B5437BDB078AB005460E4602D42D20E1
:100E50000AB070BD4078694600F00BF904460028DE
:100E6000F5D1DDF81D306B60DDF82130AB606B7BB8
:100E700043F002036B730E220146B01C00F089FDA3
:100E8000BDF80030069AB26043F004033380059B3E
:100E900073602046DCE70B4610B5044610220021A3
:100EA000184600F076FD2278032A09D0042A0DD0D6
:100EB000022A11D101462046BDE81040E6F772B87B
:100EC00001462046BDE81040FFF788BF0146204696
:100ED000BDE81040FFF7B4BF262010BDF8B50C46A2
:100EE000054608461F461646FFF7A8FC0423237054
:100EF00025B108222946E01800F031FD637B43F05C
:100F0000020363734EB932460121284600F0B8F857
:100F1000FF28607007D12D20F8BD31462046FFF72D
:100F2000F4FE0028F7D1637B43F0010363730DB92E
:100F30000020F1E7002FFBD039462046FFF7ABFF3A
:100F4000F6E7F8B50C460746084616461D46FFF775
:100F500075FC2046032300F8043B3946082200F0C4
:100F6000FEFC637B43F00203637331462046FFF7C8
:100F7000CCFE08B12D20F8BD29462046FFF78BFF97
:100F80000028F8D0F6E7F8B50C460746084616469E
:100F90001D46FFF753FC03232370637B677043F008
:100FA0000103637331462046FFF7AFFE08B12D20E1
:100FB000F8BD29462046FFF76EFF0028F8D0F6E777
:100FC00018B18022012100F05BB8FF20704730B5D6
:100FD00089B00D46FFF7F4FFFF28044612D019230D
:100FE0000246194601A8FDF7CEFE2868696801ABE4
:100FF00003C31923184601AA2146FDF7CDFE0020A0
:1010000009B030BD2D20FBE707B5002300931A4639
:101010001946F8F7E7FEB0FA80F0400903B05DF832
:1010200004FB704770470020704770470F207047DF
:101030000F207047002070470F2070470020704736
:101040000020704784B08DE80F00002004B0704786
:101050007047704700207047704700207047704706
:101060000020704701207047704700207047012022
:101070007047B5207047B520704700207047704713
:10108000FF207047704770470020704770477047D7
:10109000704700207047704700207047002070475D
:1010A000002070477047704700207047002070474D
:1010B000704700207047002070477047002070473D
:1010C00038B50546FDF7BFFA04462846E7F7DAFBD0
:1010D0002046BDE83840FDF7BABA10B50446C069ED
:1010E000FFF7EEFF20462422BDE81040002100F06B
:1010F00050BC38B5E2F7F8FB05460C46E2F70EFCAB
:101100000023024621462846E7F732FA38BD08B5E3
:10111000FEF7EAFB022806D00438C0B201288CBFD3
:101120000020012008BD0120FCE7E5F7A5BF00680D
:1011300000BA704768B106290AD1431E053013F87A
:10114000012F303A092A03D88342F8D10120704791
:1011500000207047034618B3152921D10278012ACF
:101160001ED14078E0B99A78012A1AD1DA7AFF2A9A
:1011700017D11A7BFF2A14D1D3F80320D3F8071014
:1011800012BA09BA91420CD903F10C02143312F8C5
:10119000011F3039092903D89A42F8D1012070473C
:1011A00000207047D0B10D2917D10378012B14D13D
:1011B000427892B98378012B0FD1C37A6BB9027B45
:1011C000012A0AD1831C0A3013F8012F303A092A68
:1011D00003D88342F8D1012070470020704708B53A
:1011E000002966D01838042861D8DFE800F0035CD5
:1011F0002F5C5C001B2A52D1881DFFF798FF034625
:1012000001F10A00FFF793FF834248D20B7D012BC7
:1012100045D88B7B002B42D1CA7BA2B90B7C002B1B
:101220003FD14A7C7AB98B7C002B3AD1CA7C52B927
:1012300001F114031A3113F8012F303A092A2ED87C
:101240008B42F8D1012303F0010008BD1B2A26D1EF
:10125000881DFFF76CFF034601F10A00FFF767FFE7
:1012600083421CD20B7D012B19D88B7BBBB9CA7B67
:10127000002AE8D10B7CA3B94A7C002AE3D18B7CFD
:101280007BB9CA7C002ADED101F114031A3113F8AC
:10129000012F303A092A02D88B42F8D1D2E7002335
:1012A000D1E71346CFE7931F58425841CDE70020BE
:1012B000CBE70846C9E70346D0B1072918D1027821
:1012C000013A022A14D842780AB1FE2A10D19A783B
:1012D000012A0DD1D87858B91A79012A09D15A7939
:1012E000032A06D19879A0F1E70358425841704784
:1012F000002070470346F0B108291CD10278013A5A
:10130000022A18D84278B2B98178012915D1C0785B
:1013100098B91A79012A11D1DA79012A0ED1B3F8D4
:10132000050040BA80B2013840F2E63398428CBFE3
:10133000002001207047002070471046704710B40D
:1013400033B1DC6824B1A446DB695DF8044B604727
:101350005DF8044B704719B10B690BB1C9691847A7
:10136000704719B14B690BB1C969184770474FF401
:10137000E140704708B538B183692BB1C06998471F
:10138000003818BF012008BD0120FCE708B58369BB
:101390002BB1C0699847003818BF012008BD012053
:1013A000FCE7006800BA704750B1014410F8013BF7
:1013B000303B092B03D88842F8D101207047002028
:1013C000704708B543690BB9032008BD406A9847C8
:1013D0000028F9D1F9E701440023884201D1D8B2AD
:1013E000704710F8012B1344F7E7F0B5C5B00E466F
:1013F00019464AF65523BDF82851ADF804300323A9
:101400008DF80630330A8DF807306BBA01AC074609
:1014100026716271E3801DB12A4603A800F0CDFA5F
:1014200005F1080631462046FFF7D5FF3B68A05579
:101430001BB105F109012046984745B0F0BD10B435
:10144000BDF8044048B1B4F5807F06D804B123B19B
:1014500001945DF8044BFFF7C8BF5DF8044B70477B
:101460002DE9F0411446054670B36AB308292BD91B
:101470000378552B28D14378AA2B25D18778032FC1
:1014800022D1B0F8068098FA98F81FFA88F3B3F5DD
:10149000807F19D808F109031BB2994214D14E1E5E
:1014A0003146FFF798FFAB5D83420DD12770B5F849
:1014B00003305BBA63806B7923710835A4F806802A
:1014C000A5600120BDE8F0810020FBE737B50C46A0
:1014D00060B1B3F5807F09D803B13AB1018D0093B3
:1014E0004D1C134605852246FFF7A9FF03B030BD0A
:1014F00090F842324BB1002380F8423200F59E72E0
:10150000B0F840320421FFF7E1BF704790F8422263
:10151000B2B190F843220132D2B2032A02D880F845
:1015200043227047002280F8432290F84422072A81
:1015300004D8013280F84422E6F750BDFFF7D8BF47
:10154000704707B501238DF807100DF1070206213A
:10155000FFF7BCFF03B05DF804FB0321FFF7F1BF09
:1015600000231A460121FFF7B1BF70B50E46BDF842
:1015700010501946044640B3FC2D26D8ADB980F86A
:101580003C6180F83D2180F83E5180F83F510123B5
:10159000A4F842320023043584F84432A4F84052BF
:1015A0002046BDE87040E6F719BD73B1002380F80E
:1015B0003C6180F83D2180F83E3180F83F512A4659
:1015C00000F5A07000F0F9F9E1E770BD2DE9F043F6
:1015D0009C46079B0BB100241C6000B102B931B9D5
:1015E00000242546A14205D823BB012000E00020AD
:1015F000BDE8F083261D8E42F9D86545F7D007195E
:1016000010F8049097F801807F887FBA1FFA87FE50
:101610000EF1040E74448C4202F10802E7D806442D
:10162000013502F8089C02F8078C22F8067C42F883
:10163000046CD7E71D60D8E72DE9F0470F46054653
:10164000C0B3BAB30E2935D900F1040908214846C0
:10165000FFF7AAFE0446C0B195F80C80B8F10A0F56
:1016600028D84FF0000A0D265FFA8AF398450FD864
:10167000BE421FD12846FFF794FEC2E900090D358E
:101680000D3E82F80880D56016822046BDE8F087BE
:10169000BE420FD2A95D4B1E072B06F1010009D8EF
:1016A0000E18BE4206D82844FFF77EFE0AF1010A52
:1016B0000028D9D10024E8E738B504460D4668B1C2
:1016C00061B14FF41272002100F063F90FCD0FC425
:1016D0000FCD0FC495E8030084E8030038BD2DE961
:1016E000FF470D46044648B101B93AB9AE18002784
:1016F0004FF001084FF05509B54202D104B0BDE8E2
:10170000F087D4F8343115F8012B33B9552AF3D1C9
:10171000C4F8348184F82A90EEE7012B0BD1AA2A71
:1017200005D10223C4F8343184F82B20E4E70023E8
:10173000C4E94D33EAE7B3F5847F2BD8591C234421
:101740000829C4F8341183F82A2009D1238E5BBA02
:101750009AB2B2F5807F1DD809331BB2C4F8383174
:10176000D4F83831002BC7D09942C5D104F12A0AE8
:1017700001AA5046FFF774FE40B1BDF80A30B3F538
:10178000807F03D851462046E6F74CFC0023C4E98D
:101790004D33B1E7C4E94D77AEE7EFF769BD704768
:1017A00008B5E1F7D5FFBDE80840FDF7E4B808B596
:1017B000E0F782FBFDF7D9F8E0F78AFBE2F71CFEC1
:1017C000E2F77AFEBDE80840E2F790BE7047704746
:1017D000704708B5FDF7D1FBBDE80840FDF7EEBB4B
:1017E0007047012070470120704738B5FDF7AAFA0D
:1017F0000546E2F713FF041E18BF2C46FFF7F1FF62
:10180000002818BF204638BD38B5E1F7AFFD0446C3
:10181000FDF79AFA042817D002284FF0000508BFF8
:101820000124FDF7E9FB042810D0022808BF012499
:10183000FFF7D9FF04280BD0022808BF0124002D90
:1018400018BF0024204638BD0125EAE70125EFE74F
:101850000024F7E7FF20704708B5FFF7FBFF0020E3
:1018600008BD08B50020FDF738FF0020E4F7DAFDD9
:101870000020E2F7DDFF0020E3F7E2FABDE80840D0
:101880000020E3F76BBB0120FDF728BE08B502205E
:10189000E3F7AEFD0220E4F74FFEBDE8084002206A
:1018A000E3F784BC7047FDF7CCBF7047E2F778BF21
:1018B0007047704770477047704710B50446FDF792
:1018C00040FE2046BDE81040E3F7AEB9FDF711BE7B
:1018D000FDF71BBEE3F7BEBA70477047704770470D
:1018E0007047704770477047704770477047E3F71D
:1018F00027BB70477047704782B06B4683E806008D
:1019000093E8060002B0E2F7ADBE7047704770473B
:10191000E6F73EBDFEF743BC704700207047E6F790
:10192000F7BCFEF74ABC08B5FDF7ABFAE5F742FF96
:10193000FDF7B4FAE5F7F8FFE1F712FCF8E710B5A8
:1019400001390244904201D1002005E0037811F8EA
:10195000014FA34201D0181B10BD0130F2E78842AD
:1019600010B501EB020402D98442234607D8431E76
:10197000A14208D011F8012B03F8012FF8E7024427
:1019800001468A4200D110BD13F8014D02F8014D05
:10199000F7E702440346934200D1704703F8011B66
:1019A000F9E77047704710F8012B11F8013B012A45
:1019B00028BF9A42F7D0D01A70470A44914200F1EA
:1019C000FF3300D1704710B511F8014B03F8014FF8
:1019D0009142F9D110BD4369406CDA1C1438B2FB56
:1019E000F0F203EBC203CA1DB2FBF0F2013201EBCD
:1019F000C2010333B3FBF0F3023300FB0310704763
:101A000038B5446905462146FFF7E5FF6A6CE31DDA
:101A1000143AB3FBF2F3013304EBC304204438BDA2
:101A200073B506460D460024F36B01225B6901A9DC
:101A300028199847019B013309D1736C043462194A
:101A40006A405B421A42EFD0204602B070BD0024CB
:101A5000FAE770B505460C46DEF7C4FDEB6B204691
:101A6000DB68BDE87040184770B5002586B00446B5
:101A70000562E369AB4202D8206A06B070BD666CAD
:101A80002068E36B05225B6901A906FB0500984706
:101A900001A800F009FC00F02CFC10B1236A01330E
:101AA00023620135E5E738B50446456C006804F16A
:101AB000400305FB0101E06B00F028FC05462046D1
:101AC000FFF7D2FF284638BDF0B5054687B000269F
:101AD000EC69013CB44203D80C46204607B0F0BD87
:101AE00001B14C1E6F6C2868EB6B05225B6901A984
:101AF00007FB0400984701A800F0D6FB00F0F9FBB3
:101B00000028EAD101362146E2E7F0B50446466CEA
:101B1000E36B00685B6987B00D46052201A906FBEF
:101B20000500984701A800F0BFFB00F0E2FB20B1E0
:101B300001A800F090FB07B0F0BD29462046FFF752
:101B4000C3FF676CE36B064620685B69052201A949
:101B500007FB0600984701A800F07DFB431CEAD074
:101B6000B54238BF0130E6E72DE9F043D0F82480D4
:101B70004FF6FF7987B004460E46C84514BF454668
:101B800000250027E369BB4202D807B0BDE8F08317
:101B9000E26B2368606CD2F814C001A9052200FB37
:101BA0000530E04701A800F07FFB022806D0C845B9
:101BB0000CD1721C29462046FFF775FFE3690135F9
:101BC0000137B5FBF3F203FB1255DBE7294620464C
:101BD000FFF79BFFB0F1FF3F14BF024632460132D0
:101BE000E8E7F0B5036887B006460025CC1A436CD9
:101BF000B4FBF3F4F3693768706C5A1E954208D34E
:101C0000706C336800FB043007B0BDE8F04000F0B2
:101C10007BBB0134B4FBF3F203FB1244F36B0522EC
:101C20005B6901A900FB0470984701A800F03CFB28
:101C300000F05FFB0028E3D10135DBE710B423F0AF
:101C4000030422449B070A44436C18BF04325B42DE
:101C500082EA0104234203D05DF8044BFFF7C1BFC1
:101C600010465DF8044B70472DE9F041D0E90A3683
:101C70009E4286B0044628D1C3694568142202FBFF
:101C80001355284606B0BDE8F0812068676CE26B0A
:101C9000331AD2F81480B3FBF7F3052201A907FB2E
:101CA0000300C04701A800F0FFFA012804D0636CCC
:101CB0001D44013B3340ED1A31462046FFF791FFAA
:101CC0000646A36AB342E0D1DBE70025F9E7F0B5A9
:101CD000002587B004462E46E369B34202D8284661
:101CE00007B0F0BD636C276803FB0677E36B052242
:101CF0005B6901A93846984701A800F0D5FA00F0C1
:101D0000F8FA58B1384600F0FFFA01462046FFF7CE
:101D100087FE636C143B834208BF01350136DBE765
:101D200008B508301346D1E90012E8F711FA01208E
:101D300008BD13B50C460021217600936168134657
:101D40002246E6F721FE18B1E37D03B1A07EA0751F
:101D5000A07D02B010BD73B500F1080516460C4613
:101D60000DF107020968284600F09AF9032E06D102
:101D70006368834203D12168284600F077F9012087
:101D800002B070BDD01E009B42424241187E82428A
:101D900011D11A688A420ED85A688A420BD35A69FE
:101DA00001325A61D3E9030282423FBF986840F88A
:101DB000221001321A610120704710B5032A029CDB
:101DC00007D1A26A5340626C5242134201D100F023
:101DD0004DF9012010BD08B5C36800209847BDE843
:101DE0000840DEF707BC70B5002401281C7014BF42
:101DF00004200220CC7D4243101D02F002024CB9A7
:101E00001AB1012220F003001A7000F1080348689B
:101E1000184470BD1AB1012220F003001A700C7E24
:101E2000002301F12005DAB2944201D80020F0E746
:101E300035F83320824203F1010606D901EBC303D2
:101E400000F10802D8691044E3E7801A3346EAE754
:101E500073B590F8426005461C4630460DF1030309
:101E6000FFF7C1FFEB6B012E5B690DD1324601A973
:101E700098479DF8033013B1BDF806300193BDF8C3
:101E80000430236002B070BD0122214602B0BDE8DB
:101E900070401847F0B5054687B04868EB6B0024E2
:101EA0005B6902940E46012202A908309847274632
:101EB00095F84230012B40F08480632C02D90298BF
:101EC00007B0F0BD612C08D805AB22463146284644
:101ED000FFF7BEFF9DF814301BB305AB2246314619
:101EE00028468DF81070FFF7B3FF95F84230012BAC
:101EF000059B55D14FF6FF72934200F09680082261
:101F000005A904A800F057F9059B9DF81010C3F32C
:101F10000722914240F08980DBB2029A1A44029271
:101F200083E095F84230012B30D103AB2246314695
:101F30002846FFF78DFF04AB621C31462846FFF7A9
:101F400087FF05ABA21C31462846FFF781FF102210
:101F500008230DEB02010DF107008DF8073000F0AA
:101F60002AF9102205A90DF1070000F024F9039BBE
:101F7000DAB2002A52D19DF80720B2EB132F4DD1CF
:101F8000DDE9043203EB0243029347E0302C2BD906
:101F900044E09DF80720B2EB134F3FD1049BF3E7D9
:101FA000013342D0102205A90DEB020000F003F925
:101FB000059B9DF81010C3F30742914235D19BB2A7
:101FC000ABE7312C3FF67BAF87D005AB22463146DD
:101FD0002846FFF73DFFBDF81430002B7FF47DAF9E
:101FE00095F84230012BA0D003AB2246314628465B
:101FF000FFF72EFF04AB621C31462846FFF728FF8F
:10200000102320220DEB03010DF107008DF807309E
:1020100000F0D1F8039B9AB2002ABAD095F842306A
:10202000012B14BF012302231C44013440E713B5E4
:1020300000240194049C0094E7F746F802B010BD18
:1020400030B5446800234FF0FF329C4202D1002398
:10205000037230BD016801EBC30541F833206A60AB
:102060000133F2E7C0E90012FFF7EABFF0B54568B7
:1020700000239D4211D0046854F83320B2F1FF3F91
:102080004FEAC30704EBC30608D0C2F31302914220
:1020900004D14FF0FF33E3517360F0BD0133E8E743
:1020A000F0B5456800239D4202D14FF0FF300FE0AC
:1020B000046854F83340671C4FEAC30609D0C4F3E0
:1020C0001307B94205D1240D1470036833445868CE
:1020D000F0BD0133E7E713B50446002301461B2298
:1020E0000DF107008DF8073000F065F822689DF8C3
:1020F0000730B3EBD26F0CBF0120002002B010BD3F
:1021000013B500230446014620220DF107008DF887
:10211000073000F050F80DF107001A22211D00F0E1
:102120004AF862689DF80730B3EB926F0CBF01204C
:10213000002002B010BD0068431C5842584170474F
:10214000006810F07E0F0CBFC0F3C1600020704724
:102150000068C0F3D3107047006800F07F000128CA
:102160008CBF002001207047036813F07E0F14BF5E
:10217000042008207047036813F07E0F03D14068E5
:1021800020F07C40704713F078001CBF03F07F0301
:10219000D81F7047006800F07F007047032809D0FF
:1021A000022803D1C1F10201C8B2704700290CBF57
:1021B0000720002070471F2A0B689EBF4FF0FF3199
:1021C00091408B43590801F055315B1A03F03331CC
:1021D0009B0803F033330B44017803EB13130A44D9
:1021E00003F00F334FF001314B43A2EB1362027047
:1021F000704737B501F10C04436905466946012271
:1022000020469847BDF8003001930122AB6901A92F
:102210002046984703B030BD37B501F10C0443693F
:1022200001226946054620469847009B4FF6FF72FB
:1022300099B291420DD11B0C1B0443F4254343F08A
:10224000A50301930122AB6901A92046984703B079
:1022500030BD0020FBE737B504461B22011D0025D9
:102260000DF107008DF80750FFF7A5FF60689DF896
:102270000720B2EBD06F03D120F0784003B030BD1F
:102280000DF107001B2204F108018DF80750FFF73C
:1022900092FFA0689DF80730B3EBD06F01D1C04327
:1022A000EAE74FF0FF30E9E703684BF29A22B2EB1E
:1022B000134F10B5044613D19BB2012B13D1FFF776
:1022C000CAFF01300CD0E0684FF6FF72B2EB104F3E
:1022D0004FEA104309D180B2C01A18BF012010BDC7
:1022E0002368013303D00420F9E70220F7E7032035
:1022F000F5E701288CBF0020012070470338012832
:102300008CBF002001207047143070472DE9F04148
:1023100005469846036908460E4617469847044600
:1023200038B943463A4631462846E7F7EDFF0446BA
:1023300018B131462846FFF75CFF2046BDE8F08122
:102340007047431E012B03D9031F58425841704761
:102350000120704700F06BB94FF4A4720021FFF721
:1023600018BB013001D1E9F769BD0120704710B5F4
:102370000021044600F09AF82046BDE81040ECF732
:1023800023BEECF73BB8ECF763BA00F07FBAECF78A
:1023900065BA00F08BBAD0F88C0070B5C468002321
:1023A00024259C4201D1012070BD826805FB0322D7
:1023B000D6898E4202D8128A8A4201D20133F0E7CE
:1023C0000020F1E7F8B505460E46E8F745F8D5F8E0
:1023D0008C307BB15B696BB1E9F7EAFDD5F88C30E5
:1023E0005B691B1A584240F26B124FF04201584190
:1023F000E8F704FAF76800224FF6FF734FF0240C59
:10240000D0B2B84208D31C4621462846E8F7B4F9B2
:1024100000F010F92046F8BDB1680CFB0011CC8922
:102420009C4202D2002CEFD023460132E8E7008B19
:1024300070470A7838B505461046FFF782FF60B14D
:102440004C782046FFF77DFF38B12243530704D470
:102450002846BDE83840ECF731BA012038BD10B548
:1024600004460878FFF76DFF58B14A781046FFF729
:1024700068FF30B1042A04D02046BDE81040ECF7D4
:1024800055BA012010BDEBF75FBFECF7DBBCECF7F2
:10249000E1B838B504460D46E8F76EF928B9294683
:1024A0002046BDE83840ECF7A1B838BDEDF7AEB82E
:1024B00070B516460C46FCF7C6F831460546204670
:1024C000EAF724FB04462846FCF7C1F8204670BD15
:1024D00000F0D6B938B5044648880D4600F0A8F893
:1024E000D4F8A0302BB929462046BDE83840ECF797
:1024F00053BA022038BD00F09CB800F018BA73B58A
:10250000044600200D4600F093F8D4F8A060694618
:102510002046FFF7F2FF5EB99DF800102A462046DC
:10252000DFF7DAFB0146204600F0CDF902B070BDBE
:1025300000231A4629462046B047F7E7EBF7F8BED6
:10254000E8F748BF38B505460C46FCF77CF82B6B1E
:102550001C40EB6A2343EB62FCF779F8211E18BF9D
:1025600001210020490238BD38B504460D46FCF76C
:102570006AF8236B1D40E36A23EA0505E562FCF770
:1025800066F8284638BDC06A704710B50121044678
:10259000FFF7EAFF2046BDE81040EAF7D3B838B5A8
:1025A00004460D464FF48811FFF7DEFF294620460A
:1025B000BDE83840E8F760BB0846E9F79DBB00F08E
:1025C00084B8E9F729BA0847022A01D800F0CBBA43
:1025D00001207047022A01D800F0D6BA01207047C6
:1025E000022A01D800F0E2BA01207047EDF7F0B8F6
:1025F0000846EDF70FB900F016BB00207047002029
:10260000704738B50D6804462846E8F727FBD4F82C
:10261000903043B15B6933B1013504BF6FF0010203
:102620000A600A681A60002038BDECF7C3BF704723
:10263000704770477047704738B50D460446E9F754
:10264000B7FCAC4042F2107364095C436423B0FBF6
:10265000F3F0B4FBF0F038BD022807D0062807D00D
:10266000003818BF01204042C0B2704701207047B7
:102670000020704730B51F23B0FBF3F35D1CEDB2B3
:102680004FF0FF34C3EB4313AC40C01AE4430130B6
:10269000E4B2C0B21460086030BD70B505460E46A5
:1026A000C0B201F00F01FFF7C7FFC6F303110446E4
:1026B000C5F30720FFF7C0FFC6F303210444C5F3A9
:1026C0000740FFF7B9FF204470BD08B5E9F7E6F809
:1026D000BDE80840E9F76CB910B50446E9F7DEF843
:1026E000844288BF01F1FF31204601F00301BDE8BB
:1026F0001040E9F75DB938B50446FFF7E6FF054637
:10270000FFF7E3FF431BA342FAD338BD0020704715
:1027100000F03003202B10B513D110F4E02FC0F3DC
:1027200002440AD010F4C01FC0F3C423B3FBF4F476
:1027300018BF6400052C0ED86408E9F733FD604328
:1027400010BDC0F382136FF012041C4104F00104A9
:10275000C4F10204F1E70424EFE710B5044651B1D7
:102760000B6843B15B6833B11A68032A03D99C6ACA
:10277000640E204610BDFBF766FF01462046E9F7D0
:1027800007FF04460846FBF762FFF2E738B14FF453
:102790007A735843A0F6AC50401AEAF73BB84CF2B3
:1027A0005030FAE7EAF78EBFEAF78CBFEAF78ABF44
:1027B000EAF788BFEAF786BF7047436B03F0600310
:1027C000402B0DD0602B03D0203B5842584170471E
:1027D00049B10B68012B06D9486940F001007047E8
:1027E00040F20110704700207047034670B1026844
:1027F000022A0BD9426A12F47F4FC2F3072006D097
:102800001B6AD2B25A43B2FBF0F070470020704707
:10281000F0B5144687B01E460F4619B9002420466D
:1028200007B0F0BD002AF9D00028F7D001A9EDF7D4
:10283000AFFA0028F2D0BDF80630BDF80850A21952
:102840009A42C4BF9B1B9CB2B54212D90399AD1BDF
:10285000ADB23144A5420391ADF808500DD22A46DD
:102860003846FFF7AAF80499621B7819FFF7A5F814
:10287000D5E70499761B3144049122463846F5E7A2
:102880000846E9F71BBD0220E8F7F2BFD0F8943004
:102890004BB11A68022A06D993F8250028B11B6AA1
:1028A000B3FBF0F07047FFF76EBD704708B5014607
:1028B000D0F89400FFF799FF20B9BDE8084008461A
:1028C000FFF765BD08BD10B590F8D0300E2B04465B
:1028D0002BD00175D0F8900020B3D4F8A0304BB9BC
:1028E00094F8D9308B420BD320460022BDE810402B
:1028F000ECF7ACB8B4F92420B0F912309A42F3DD09
:1029000094F8D91000222046ECF7A0F860B9C4F87A
:1029100090002046FFF78BFD01462046BDE81040A1
:10292000E7F72ABFFF23637510BD0220FCE70346CB
:10293000D0F8D0000860B3F8D4308B800020704706
:1029400090F8D0300E2B14BF407DFF207047F8B5B3
:102950000C4640210546EBF713FB4FF40061074698
:1029600006462846EBF70CFB30B17CB195F8CA302F
:1029700073B16FB93046F8BD22024FF4807128461A
:10298000EBF7EAFA061E18BF0126F3E72246F4E742
:102990004FF48072F1E74FF48071EBF7F1BA4A021D
:1029A0004FF40071EBF7D8BA8A024FF48061EBF76D
:1029B000D3BA4FF40071EBF7E3BA70B506468D88D1
:1029C0000C46EBF751FF727C053AEB00012A98BFE9
:1029D000033388B1B3F5803F0ED842094FF224414A
:1029E00001FB032322680009B3FBF0F31A44072319
:1029F0002260A371002070BD0220FCE73F2B084637
:102A000010B5114619D9B3FA83F3C3F11902D2B242
:102A1000062A01D8192B0ED0062A28BF0622931D9C
:102A2000DBB201249C40A4B2A14228BF2146ECF7AE
:102A3000C7FF204610BD0022F1E70024F9E7138804
:102A40003F2B10B5084616D9B3FA83F3C3F1190129
:102A5000C9B2062901D8192B0BD0062928BF062197
:102A60008C1DE4B20123A3401380ECF7C7FF0020C4
:102A700010BD0021F4E70120FAE7EBF7C7BA10B563
:102A8000084614460121E9F7A1FA20460121BDE8D4
:102A90001040E9F79BBAF8B504460E461746FBF717
:102AA000D2FD3A4605463146204600F0CEF90446AE
:102AB0002846FBF7CCFD2046F8BD022070470320D6
:102AC0007047E8F7CDBE10B5ECF7B8FB044608B97F
:102AD000EAF710FC204610BD38B50446817515464E
:102AE0004AB100F0A7F808B9002016E0237C43F0B3
:102AF00080032374F8E70846E8F772FCFF28A07506
:102B000008D0204600F096F80028EDD0237C65F32D
:102B1000C713EEE7E8F7BAFC012038BD704770B57F
:102B200005460E461446FFF786FD31462846FFF758
:102B300049FCFFF780FD04F00903082B04D10B2C9E
:102B40009CBF24F00804A4B221462846EBF776FC8B
:102B500000224FF400312846EBF7FEF9002070BD4B
:102B60008021EBF70DBA7FB5531C05AAADF8141000
:102B7000029202210022CDE90021DBB21146EBF7DF
:102B800009FA07B05DF804FB7FB5531C05AAADF840
:102B90001410029204210222CDE90021DBB20022AE
:102BA0000121EBF7F7F907B05DF804FB1FB5531CE3
:102BB000029100220821CDE900210122DBB2114659
:102BC000EBF7E8F905B05DF804FB07B591F828309C
:102BD000009391F82B3091F8292091F82A10ECF706
:102BE000DBFD03B05DF804FB38B50546EBF720FCD0
:102BF00004462846EBF7FAFB072811D1D5F89030A8
:102C0000DB6924F47F4121F0080103B15B7841EADC
:102C1000032141F020012846BDE83840EBF70EBC07
:102C200024F02001F7E7081E18BF0120704700209C
:102C3000002170474021EBF7A3B900207047022024
:102C40007047002070470120704700207047002027
:102C500070470120704700207047ECF7FBBC084626
:102C60001146E7F737BC70B505460C4611461A46C3
:102C7000ECF700FE06682B462046B446BDE87040DF
:102C8000604710B5ECF7F6FDBDE8104083681847C3
:102C9000E9F7B2BA4942FFF7FBBF73B50D780646B4
:102CA0000C4635B304238DF8043023798DF80530B4
:102CB00001A93046FFF7D3FB0546B8B92278A379BE
:102CC00052BB8DF80430E3798DF8053001A9304608
:102CD000FFF7AFFB054648B923783BB16188304622
:102CE000EBF75CFF01213046FFF731FE284602B0CA
:102CF00070BD2946FFF72BFE29463046FFF74FFEF1
:102D000029463046FFF750FE2378002BCAD123799D
:102D10008DF804306379C9E702228DF80420D3E7E7
:102D2000FFF73DBEFFF745BEFFF768BEFFF787BE62
:102D300008461146EDF72CB8C0F89C1000207047EB
:102D4000EBF76ABF70B5144686B005460E461222F0
:102D500000210DF10600FEF71CFE23680093694672
:102D60002846ADF80460FFF728FE009B236006B0FC
:102D700070BD38B50446154609B1FFF77EFE25B192
:102D80002046BDE83840ECF741B838BD084611464A
:102D90001A46BDF80030FFF73BBD2DE9F74F1C4642
:102DA0009DF830300193036803F0070306330125D3
:102DB0009D400646174605F1FF380B46A1B1416814
:102DC00004EA080BA5EB0B0A41F00059524509EB48
:102DD0000B0114D952461846FEF7EFFD7A1B5A44F0
:102DE00049465044FEF7E9FD019B2BB13C4448EABB
:102DF000050804EA0804F46003B0BDE8F08F184643
:102E0000F0E737B5002500951446FFF7C6FF2046CA
:102E100003B030BD026802F007020632012393407E
:102E2000026AC2F30C028A4210B584BF4468C268C9
:102E300003F1FF3388BF89189BB285BF44F000506F
:102E400019404FF0FF30405C10BDF7B505460F4606
:102E500068461146EDF76AF8064698B197B1DDE984
:102E600000311B0A43EA0163A5FB0343090A05FB82
:102E70000135E9F79DF80023024629462046E5F78B
:102E800077FB3860304603B0F0BD00228A4202D1A1
:102E90004FF0FF30704750F8223093FAA3F30BB98C
:102EA0000132F3E7B3FA83F000EB4210704710B53C
:102EB0000446EDF755F921460020EEF7EDFFBDE899
:102EC0001040002000F0B5B9704708B5EFF722FFB9
:102ED00080F00100C0B208BDFFF771BB7047002051
:102EE0007047704770B5144681F0010519B90D2A75
:102EF00007D1FF2018E00D2A03D100780538C0B2B1
:102F000012E0084400F047F8C5F1040110F44066EF
:102F10000246C9B209D1042C084605D0052C16D1A9
:102F200012F0400F18BF084670BDC5F10603042C0F
:102F3000D8B2F9D0B6F5006F03D1C5F10805E8B2F3
:102F4000ECE7B6F5406FE9D1C5F10E05F7E712F4ED
:102F5000404107D1062CE7D0072CE5D0082C13D12F
:102F60000130CCE755065CBF831CD8B2062CDBD001
:102F7000B1F5004F02D1831CD8B2EDE7B1F5404F57
:102F8000EAD100F10803F7E7130744BF0530C0B2E8
:102F90000C2CC9D9ADE7008870470170090A41704F
:102FA000704710B50024E3B210B9C3F10303DBB2DC
:102FB0000134042CCA544FEA1222F4D110BD10B5CA
:102FC0000B784C788A78C97828B91046224604468E
:102FD00008461946034642EA012043EA042343EA2D
:102FE000004010BD10B50C46EFF750FD048010BD39
:102FF00038B50C461546EFF749FD03881DB11C4353
:10300000A1B2018038BD23EA040189B2F9E708B50D
:10301000EFF73CFD008808BD08B5EFF737FDC07835
:1030200008BD08B5EFF732FD008800F00C0008BDC0
:1030300008B5EFF72BFD008800F00C00031F584285
:10304000584108BD38B50546EFF720FD044628462F
:10305000FFF7EEFF30B904F11000FFF79CFF00F41A
:10306000406038BD4FF40060FBE738B50546EFF728
:103070000DFD04462846FFF7DBFF014648B9103432
:1030800020460422EEF7B6F92044BDE83840FFF7A9
:1030900082BFA08838BD10B50C46EFF7F7FC8480DE
:1030A00010BD38B50546EFF7F1FC04462846FFF79A
:1030B000BFFF30B904F11000FFF76DFF00F440408E
:1030C00038BD4FF40060FBE738B50546EFF7DEFC8E
:1030D00004462846FFF7ACFF014648B910342046A5
:1030E0000622EEF787F92044BDE83840FFF753BFCA
:1030F000A08838BD38B50546EFF7C8FC0446284619
:10310000FFF796FF014608B1201D38BD1034062296
:103110002046EEF76FF92044F7E708B5EFF7B6FC65
:10312000007A08BD08B5EFF7B1FC90F9090008BDB9
:1031300008B5EFF7ABFC807A08BD08B5EFF7A6FC41
:10314000C06808BD10B50C46EFF7A0FC047210BDB6
:1031500010B50C46EFF79AFC447210BD10B50C4642
:10316000EFF794FCC46010BD2DE9F8430F4680468C
:10317000002107F1100016469946EFF74DFD044671
:10318000D0B1EFF783FC05462046EFF79BFC00210A
:1031900002462846FEF7FDFB0023AB7049F0040110
:1031A0002046FFF71FFFA5F804802EB13A463146AE
:1031B00005F11000FEF701FC2046BDE8F883F8B5E4
:1031C00005460F4610200021EFF726FD0446B0B15A
:1031D000EFF75CFC06462046EFF774FC0021024640
:1031E0003046FEF7D6FB0023B37039462046FFF782
:1031F000F9FE25B12A4601212046EFF7E5FC2046DD
:10320000F8BD08B5EFF742FC103008BD08B5EFF780
:1032100059FC1038C0B208BD10B50C46098821B958
:103220000846FAF7D1F9208008B1012010BD02202C
:10323000FCE70020EEF75CBD08B5EEF7E1FF0020EB
:1032400008BD4088C0F30C00033080084000043003
:10325000704708B520B1EFF72DFA00F0010008BD66
:103260000120FAE708B5EFF777F9BDE80840FFF766
:10327000F0BF70B50E46054611463046EFF7CCFC60
:10328000044635B128B1EFF701FC32462946FEF776
:1032900066FB204670BD0088B0FA80F04009704798
:1032A000008810B1C9B2EFF77BBC70472DE9F0413F
:1032B000B0F8008006460C46D5B2B8F1000F11D028
:1032C00029464046EFF76CFC224607462946404611
:1032D000EFF77AFC3A4629462046EFF775FC348032
:1032E000BDE8F0810F46F5E738B5058800220446B1
:1032F000FFF7DCFF05B1258038BDF8B507460D4660
:10330000008800211646EFF74BFCB042044605D179
:1033100029463846BDE8F840FFF7E6BF00212046C1
:10332000EFF73EFCB04205D020460021EFF738FC15
:103330000446F3E72A4620460021EFF745FC3246D3
:1033400028460021BDE8F840EFF73EBC034608469A
:103350001B888B4202D00021EFF722BC002070476F
:10336000F8B5058807467DB1CCB221462846EFF76F
:1033700017FC8542064609D100233B8000222146E6
:103380003046EFF721FC35462846F8BD2146EFF7D9
:1033900007FC214602462846EFF716FCEEE72DE92A
:1033A000F04707888246884614465FB33846EFF7F1
:1033B00089FB3D460646E4B221462846EFF7F0FB7E
:1033C0004045814616D12146EFF7EAFB21460246E9
:1033D0002846EFF7F9FB474504D1454508BF0025CE
:1033E000AAF80050002221464046EFF7EDFB304698
:1033F000BDE8F0878742FAD0EFF764FB304486B22D
:103400004D46D9E73E46F2E72DE9F04780460F46A4
:1034100002F1FF3906460024BC4202D219F8015FCE
:1034200025B9A6EB0800C0B2BDE8F0879A46A5F121
:103430003102012A5AF8041B10D83246322D02F804
:10344000011B06D10134E4B2A74232D30912B21CE7
:1034500071700134E4B253461646DDE7342D0CD1C9
:103460000334BC42DDDA0B0A317073700B0C090EA9
:10347000B370321DF170E4B2EBE7A5F13302062A16
:103480000DD8303DEDB22B19BB42CADA2A46304680
:10349000013CFEF764FA55FA84F47219EBE7A5F1E2
:1034A0004102062A01D8373DECE71D7903F1080AED
:1034B000E9E71646B5E770B5054600880C46EFF714
:1034C00001FB844228880AD9EFF7FCFA0023221A6C
:1034D000D2B228461946BDE87040EFF723BC21461A
:1034E000EFF70CFB002070BD2DE9F84307460846B6
:1034F00016469DF8209088461C46EFF7C7FA8519B6
:10350000CCB1C5B14046EFF7DDFA2644864214DC63
:103510002246B9F1000F06D129463846FEF71FFAB8
:103520000020BDE8F883B9F1010F39462846F5D0EF
:10353000FEF743FAF4E72120F3E71D20F1E738B561
:103540000546EFF7A3FA04462846EFF7BBFA002238
:1035500001462046BDE83840FFF78BBEF8B5164659
:103560000C461D46BDF81870EFF790FA044430463B
:10357000EFF78CFA3A4641192046BDE8F840FEF7CD
:10358000EEB970B50C460131C9B20646EFF76EFCD4
:10359000214605463046EFF769FC00EB052080B276
:1035A00070BD1FB50123ADF80C2000930A4602231D
:1035B000014603A8FFF798FF05B05DF804FB73B55B
:1035C00004460D46402000211646EFF725FBADF8D6
:1035D0000600EFF75BFABDF8063013B9002002B021
:1035E00070BD402133462A462044FFF70DFF2118C5
:1035F000C9B20DF10600FFF75EFF0028EED1BDF85D
:103600000600ECE70EB403B503AA52F8041B0192BE
:10361000FFF7D5FF02B05DF804EB03B0704700225E
:103620000123C0E900237047F8B5044601270026AE
:10363000FBF714F823683BB9FBF716F86368002220
:10364000012B0ED16360F8BD1D691F612660FBF779
:103650000BF8012DF2D02B462D691E61012DFAD1F8
:10366000E6E719691A610B46EAE70069003818BFF6
:1036700001207047036823B94068012803D0EFF7A1
:1036800023BC002070474FF0FF307047F8B5054667
:10369000FBF74CFB01230646A8602B730027FAF7C3
:1036A000DDFF2B6802467BB11C692169A1420CBF7A
:1036B0002F60196127611046FAF7D6FF012C08D058
:1036C000636820469847EAE76C68012C04D1FAF752
:1036D000CBFF00232B73F8BD6169711AB1F1004F64
:1036E000F5D8216969602361E5E70144884201D189
:1036F0000120704710F8013B9342F7D0002070473B
:1037000030B5014693B005460020EDF709FB10F0F7
:10371000FF040BD16A4621462046EEF7DFFA6A46DF
:10372000214620468DF80250EEF7B8FD204613B032
:1037300030BD00B5002193B06A460846EEF7CEFAD8
:103740009DF9020013B05DF804FB00B5002193B0B1
:103750006A460846EEF7C2FA9DF8000013B05DF81D
:1037600004FB08B5EDF722FE003818BF012008BDA4
:103770000020704770477047704770477047704728
:10378000704770477047F8F78BBB00B5002193B0C6
:103790006A460846EEF7A2FABDF8060013B05DF8D7
:1037A00004FB10B5002192B004466A460846EEF7C5
:1037B00095FA00216A460846ADF80640EEF76EFD20
:1037C00012B010BD00B5002193B06A460846EEF76E
:1037D00085FABDF8040013B05DF804FB10B50021B4
:1037E00092B004466A460846EEF778FA00216A4627
:1037F0000846ADF80440EEF751FD12B010BD704719
:103800002DE9F04F85B00C4691468046FFF709FC44
:10381000671C05463846FFF7BEFB042D40F08B8041
:103820004046FFF7EEFC037803F00303012B4FF053
:1038300009024FF00101204614BF4FF0020B4FF078
:10384000030BEDF7D7FD0922002105462046EDF7D1
:10385000D1FD21788DF80F000139002289B2204670
:10386000FFF707FD04EB090A0646D0B12A460146D8
:103870000DF10F035846FBF71DFC0228054626D123
:103880003046EFF71FF9C0B22070002301380093D3
:103890000122C3B231463846FFF726FE23780133B2
:1038A00023704046FFF7B3FB020424D49AF801309A
:1038B00021789B071FD50139A1EB09014246C9B206
:1038C0005046F3F7D3FA23781844207013E020B958
:1038D0002070284605B0BDE8F08F032809D1504676
:1038E000FFF759FB20F4007189B25046FFF755FBF2
:1038F000D7E70428D5D10125217800222046FFF7FB
:10390000B8FC06460028E4D00023014601221846F0
:10391000FBF7D0FB022819D13046EFF7D3F8C0B23D
:1039200020700023013800930122C3B2314638468B
:10393000FFF7DAFDCDE780F0800520F0800081B24E
:103940003846C5F3C015FFF728FBD5E70028C0D1DE
:103950002070BEE708B50020FFF7B7FA80F001003D
:10396000C0B208BD0A4608B501460020EFF754FE74
:10397000B0FA80F0400908BD0020EEF7C1BD00217B
:103980000846EEF739BA0020EDF7A8B908B5EFF709
:10399000ABFE003818BF012008BD01207047EFF7CB
:1039A000C7BF10B50C46098821B90846F9F7F0FDE4
:1039B000208008B1012010BD0220FCE710B50446AC
:1039C000FDF777FB08B9FDF776FB03050FD40C2351
:1039D0001B2B01D1002009E020FA03F1C90703F1F4
:1039E000010206D5DBB2E31A5842584110BD0B2341
:1039F000F9E71346ECE710B50C46098819B90846F3
:103A0000F9F7E2FD2080012010BD402908B51046DD
:103A100004D009D811B13F290CD0C9B200F0ACFADA
:103A2000BDE80840FBF746BD412905D04C29F4D13B
:103A30008D21F3E73121F1E74221EFE770B592B034
:103A400004460D4616466A46EEF748F96A46294688
:103A500020468DF81F60EEF721FC12B070BD07B54F
:103A60000DF10701F0F794F920B19DF8070003B0BC
:103A70005DF804FBFF20FAE710B50C46F0F78EFA6C
:103A80002046BDE81040F0F79FB90129F8B505467A
:103A90000C461DD003291ED0052920D0072922D08D
:103AA0000026002400270120EDF70EFC304485425B
:103AB0001DDA0320EDF708FC2044854219DA0520C1
:103AC000EDF702FC38448542B4BF07200520F8BD5D
:103AD0006FF00406E5E76FF004040526E2E7002630
:103AE0006FF00407DFE7002426460527DBE7012007
:103AF000EDE70320EBE738B14379490023F00C03ED
:103B000001F00C010B434371704710B5044678B1C6
:103B100041794088490801F006010131000AFFF7A8
:103B2000B4FF024601462046FFF7E5FF104610BDF0
:103B30000722FBE738B50D46F0F71EFA044608B930
:103B4000002038BDFFF7E1FF002DFAD1237913F0F3
:103B50000703F5D0984238BF1846C0B2F1E70022FB
:103B6000F0F768BC002108B50122F0F763FC401AA9
:103B700018BF012008BD38B51546FFF7F0FF044611
:103B80002846FFF76CFF84B1FF2804D0626822FA50
:103B900000F3DB0701D5012038BD01238340134327
:103BA0006360E3780133E370F5E72046F4E7F0F76C
:103BB0009FBE0146102307220120EFF7AFBA10B5D0
:103BC000EEF764FF00F110042046FFF7E4F920F45B
:103BD000007189B22046BDE81040FFF7DEB92DE93B
:103BE000FF418DF80D301B0A15468DF80E300191FE
:103BF0009DF82C308DF80C0001218DF80F300091CC
:103C0000042303AA28469DF828809DF830709DF86B
:103C1000346001F024FA044670B12946FFF73BFAFC
:103C2000B8F1000F02D12046FFF7C9FF2FB146B906
:103C30003146204601F07BF80024204604B0BDE860
:103C4000F08100231A4619462046F0F7D3FDF3E72A
:103C50004FF47A70F0F728BF08B5EFF7E5F9BDE843
:103C600008400020F1F714B81FB504466846FFF776
:103C7000A0FF54B100238DF80530102307226946B8
:103C80000020EFF74BFA04B010BDFFF77EFDADF852
:103C90000600FFF797FDADF80000EEE700B58BB02A
:103CA0006846FFF786FF009BBDF80600069304A94F
:103CB000F0F7A0FE0BB05DF804FB1FB504466846A4
:103CC000FFF777FF02AB03CB2060616004B010BD4B
:103CD000FF22F1F7C9B81FB5062304468DF80C3052
:103CE000F1F71CF90023CDE900338DF80D00022314
:103CF00003AA0121204601F0B2F904B010BDF8B5C5
:103D00000E460746FFF77DFA0546FFF744F900F433
:103D10004040B0F5404F14BF0022062202F10A03D2
:103D20000B32EB5C5C0004F00E045B08144403F0FF
:103D3000380338461C44FFF769FA844208D2001B56
:103D4000C2B20F2A28BF0F2229193046FDF735FECF
:103D50002046F8BDEFF768B9D020F2F7E1BBFF22AB
:103D60004FF6FF71F2F7FCBC0020FFF7F8BF37B544
:103D7000082305460C46092269460120EFF7CEF9D3
:103D800015B19DF806302B700CB1009B2360BDF877
:103D9000040003B030BD07B508238DF80600ADF868
:103DA00004100092694609220020EFF7B7F903B02A
:103DB0005DF804FB13B5044601A90020FFF7D7FF07
:103DC000019A01462046FFF7E6FF204602B010BDEB
:103DD000F0B50F46002187B0044608461646FFF7A7
:103DE000C6FF012305460DF10A008DF808408DF845
:103DF0000930FFF762FF092C1DD131460DF1120089
:103E0000FFF7CBF805AB02AA9B1A0021CDE9001100
:103E10002846DBB2642101F022F90546E0B1092C05
:103E200015D1F2F711FE044688B12846F2F720FEBC
:103E3000204607B0F0BD31460DF113008DF8127029
:103E40004FF6FF75FFF7A9F80DF11503DBE72846DC
:103E500000F014F80446EBE70446E9E738B50446F9
:103E60000D4600F086FF40B1AC4206D0204600F07F
:103E700071FFBDE8384000F052BF38BD10B50446B0
:103E8000FFF7BFF90230FFF786F84FF6F773984255
:103E9000204603D9BDE81040F2F768BFF2F7AAFF49
:103EA000B0FA80F0400910BD012070470022F2F7FF
:103EB00093BE70B504460088FFF7A3F905460430A9
:103EC000FFF769F80646A81CFFF765F80546FAF7FC
:103ED00028FF3046F4F758F930B92846F4F754F97A
:103EE00010B1284600F045FFA37823F00F03A3701C
:103EF000002070BD70B50546FFF783F906462846D9
:103F000001F0D1F801462846EEF7B0FF04462846F6
:103F1000FFF7ABF84FF6F773984208D8337803F001
:103F20000303012B05D1A31E5842584170BD012047
:103F3000FCE70020FAE730B585B041F203330D46C7
:103F4000ADF808300446FFF720FC8DF80A00FFF7B3
:103F50001CFC0021000A8DF80B00CDE9001105239F
:103F600002AA20468DF80C5001F079F810B12146D4
:103F7000FFF79CFF05B030BD70B504460D4691B10A
:103F800031294FF0000600D135462046FFF749F8A9
:103F900008280AD101212046EEF702FE2946BDE895
:103FA0007040FBF7C6B90126EFE72046FFF739F866
:103FB000024630B9BDE870404FF6FF710120FCF7B2
:103FC000D4BB2046FFF73EF8B0F5006F0ED1204677
:103FD000FFF74BF84FF6FF739842014617D0002DBC
:103FE0000CBF032005200022FCF7BFFB294620461A
:103FF000F0F7BEFC68B929462046F4F771F840B9DD
:10400000324629462046BDE87040F3F73DB801200E
:10401000E9E770BD7047704737B54FF6F675DEF7C4
:1040200003FF431E9BB2AB420446F8D8EFF7A4FF50
:104030000028F4D169462046EFF782FA0028EED036
:10404000204600F04DFE0028E9D12046FFF78AFD0A
:104050000028E4D12046F4F797F80028DFD1204665
:1040600000F087FE0028DAD12046FCF7BFFB0028CD
:10407000D5D1204603B030BD73B504460E46F4F7E3
:1040800083F8054688B92046F4F7D8F8214600950C
:104090002B460D224FF6FD7000F053F831462046B6
:1040A00002B0BDE87040F4F78BB802B070BD37B510
:1040B000054614460C2914D8DFE801F0291329130A
:1040C000131307131313132424006946EFF738FA68
:1040D00018B901216846F7F7ADFF42202946FAF7E3
:1040E00045F8BCB12046FFF78CF80230FEF753FFCD
:1040F0004FF6F77398420DD9204603B0BDE8304023
:10410000F2F7ECBE0B2914BFAA20A920E6E700F0C5
:10411000EEFDE6E703B030BD1FB5034608460321B8
:104120008DF80C108DF80D3000210123CDE9003100
:10413000ADF80E20042303AA00F091FF05B05DF84E
:1041400004FB2DE9F34106469DF820800F461446F6
:104150001D46FFF71AFBB04207D100222146384620
:1041600002B0BDE8F041FFF7A2BF3A463146204613
:10417000FFF7D2FFADF8060060B10D2C05D100228B
:104180004FF6FF712820FCF7F0FA35B9BDF80600AC
:10419000FFF774FE02B0BDE8F081012342462946D4
:1041A0000DF10600EEF7BEFDBDF80630002BEDD197
:1041B000F0E7F7B50C460546FFF723F8611CC9B2D6
:1041C00006462846EEF752FEA11C0746C9B228460D
:1041D000FFF7D7F9014604463846FBF77AF80D2F6A
:1041E00034D12046F3F7D0FF78B1301DFEF7D3FE6F
:1041F00004462846F679FEF767FF31460246204618
:1042000003B0BDE8F040FFF7B6BCB01CFEF7C3FE3C
:104210004FF6F773984202D92846F2F75FFE204620
:10422000F4F70CF8FFF7B1FAA04205D1002003B073
:10423000BDE8F040FFF7EEBEB068F1686B4603C31F
:1042400069462046F3F7BCFF03B0F0BD2A46394665
:10425000204603B0BDE8F040FFF729BF142200213B
:10426000FDF797BB2DE9F0470B078EB004460E46CD
:1042700015465CD10120E2F765FE09A8FCF7DEFADD
:10428000092309A88DF82430FCF7DCFA09A8E2F725
:104290002BFE01A909A8FCF738FD26F00F072F44D3
:1042A00004F1100804F10F09BD4211D12369334410
:1042B000236101A909A8FCF70DFD0020E2F742FEE9
:1042C000B6F1005F2CBFB12000200EB0BDE8F08732
:1042D00005AA23469646186859689446ACE8030038
:1042E000083343456246F6D12B46224605F1100AB3
:1042F00053F8041B42F8041B5345F9D1714609A831
:10430000FCF7E8FC09A8E2F7EFFD22462146012070
:10431000E2F7AAFD013D631E13F8012F15F8011FF6
:104320004B4582EA01021A70F6D15546BCE770206F
:10433000CBE7F0B585B0174605460C4610220021A4
:104340006846FDF726FBBFB3C4B30F2C04F00F067D
:1043500008D924F00F043A4621462846FFF782FF89
:1043600040BB2744324639466846FDF726FB2F6995
:1043700006F1100337446B448022B7F5005F03F861
:10438000102C2F61C6F110061AD3062E1FDDFB007C
:104390001A0E8DF80A201A0C5BBA8DF80B20ADF8B6
:1043A0000C306A4610212846FFF75CFF2B69103B52
:1043B0002B61002005B0F0BD3E46D8E72646D6E783
:1043C000022E04DDFB005BBAADF80E30E9E76A4669
:1043D00010212846FFF746FF2B69A3F110042C613A
:1043E000102200216846FDF7D4FAB7F5005F4FEAC6
:1043F000C403CDD2E7E770B586B00E46054601A8E6
:104400001446FFF72BFF3246294601A8FFF791FF1C
:1044100005AE054601AB22461C4603CCB4421060F3
:104420005160234602F10802F6D1284606B070BD5D
:10443000F3F7ACBF0A460021F3F7A8BFF0B58BB085
:104440000C4601A9F3F7A2FF054688B325220021F7
:10445000E01CFDF79EFABDF810700123A370FA0569
:104460004FF00E03238010D523464FF4877223F8B4
:10447000042B06AE0DF1280C324603CA62451860C3
:104480005960164603F10803F6D13B0605D523888B
:1044900043F080032380069B636001AB03CB039B47
:1044A000C4F81D00C4F82110A361F5F77BF8606122
:1044B00028460BB0F0BD30B5054687B001A80C46C4
:1044C000FCF7BCF92868696802AB03C39DF811309A
:1044D00043F002028DF8112074B12288510644BFC6
:1044E00043F006038DF81130530542BF9DF811309B
:1044F00043F008038DF8113001A8FCF745FBB0FA32
:1045000080F0400907B030BD2DE9F3410F46054664
:104510001646EEF7D7FAC41BE4B24FF0000829465E
:10452000CDF8008023463A463046FEF7DDFF0121F4
:104530002846EEF735FB88B101212846EEF730FB1F
:104540000746EEF7BFFAC5B22B463019CDF800800A
:1045500042463946FEF7C8FF2544ECB2204602B079
:10456000BDE8F0812DE9F74F0C9E9DF83480894617
:10457000054693461C46EEF7A5FA012723464A4610
:104580002946824600975846FEF7AEFF3946284630
:10459000EEF706FB4C4428B339462846EEF700FBFD
:1045A0005FFA8AFA5445814611DAE4B2AAEB040BA9
:1045B0005FFA8BFB2246304600975B46294644440F
:1045C000FEF792FFA4EB0A045E4404F0FF08012307
:1045D0000C93002243464946304603B0BDE8F04FF5
:1045E000FEF782BF0C974346E2B22946F4E72DE975
:1045F000F04186B00026074608460C461546984608
:10460000CDE9026604968DF81460EEF75BFA411B63
:10461000CBB20D2B28BF0D2300962A46214602A8B7
:10462000FEF762FF424602A93846F4F703F89DF808
:104630000820064629462046EEF72CFC304606B0F8
:10464000BDE8F0812DE9F04F0E46CBB001210546C3
:1046500017461C46EEF7A4FA23463A4629468146F9
:1046600006A8FFF7C4FF0DF1280A00EB070B5FFA5D
:104670008BFB524631462846FFF746FFB34503D22F
:1046800000204BB0BDE8F08FABEB06085FFA88F86E
:1046900008F104039842F3DB331F1844C4B2042327
:1046A0000193A31BDBB20093CDF808A0434652460A
:1046B000002106A8E2F75EFBC0B20028E0D1A4EB1F
:1046C0000B040AEB0803E4B2524628460093314635
:1046D00043460194FFF746FF39462846EEF7C6FBEE
:1046E000394600F0F8022846EEF7D4FB01212846AF
:1046F000EEF756FA002818BF4D462846ADF816507A
:10470000EEF7E0F9011FC9B20DF11600FEF7D3FE76
:104710000120B6E72DE9F041044600F0C4FC411C3D
:10472000074689B2204600F091FC98B397B339460A
:104730002046EEF79BFB00F00C03042B054629D026
:1047400000F00308B8F1020F00D11BBB284600F0AF
:1047500015FD2B060744BEB216D5711C89B2204642
:1047600000F074FCB0B1F9B22046EEF77FFBB8F16F
:10477000010F014600F003030CD0032B0AD028469A
:1047800000F00BFD304486B231462046BDE8F041D2
:1047900000F05CBC0020BDE8F081F8B5064600F0F2
:1047A00044FC054604463046FEF72BFD43785B0784
:1047B00018D5AC1CA4B22146304600F047FCB8B175
:1047C00029463046EEF752FB691C0746C9B230460F
:1047D000EEF74CFB1FB1874201D8FF2808D104EB4C
:1047E0004704A4B221463046BDE8F84000F02EBC94
:1047F0000020F8BD13B5044601A8F4F72BF9BDF865
:104800000430DA0710D49B0707D410220021204679
:1048100002B0BDE81040FDF7BCB82246214610208A
:10482000FFF7E9FD0028F0D102B010BD13B5002458
:10483000CDE9003413460A4601460620F4F736F95E
:1048400002B010BD08B50246F4F726F9510544BF81
:104850000838C0B2130544BF0838C0B208BDF0B56F
:10486000D3078BB005460C4649D5008800F01BFCE9
:1048700000230646029314B9CDE9034403AC002299
:1048800008212046FEF731FFA0B12888FEF7B9FCC9
:104890000230FEF780FB21460746EEF751FE48B195
:1048A000002240231146384600F0FDF9BE25284677
:1048B0000BB0F0BD31462888EEF7D8FA10F0030FA0
:1048C0000CBF01260026F3F7A5FD46EA4000C0B262
:1048D000009002AB05AA00212046F5F783FA0546B1
:1048E000F3F798FD0028E2D0002DE0D0009602AB4F
:1048F00005AA00212046F5F775FA0546D7E7A62553
:10490000D5E701461A2308220120EEF707BC002351
:104910001A46F5F7D5B930B58BB005AD0446284633
:10492000FBF78CFF022301A928468DF81430FCF711
:10493000ECF901AA2346144603CCAC421860596036
:10494000224603F10803F6D10BB030BD08B50023B1
:10495000024619461846F5F7B3F9012008BD37B5E8
:1049600004466846F5F722FA054648B10822214672
:104970006846FCF7E4FFB0FA80F0400903B030BDB0
:10498000FF2208212046FEF7B0FE034628B106218B
:104990002846FFF7BCFF0120F0E722460146F5F765
:1049A0008FF9F8E707B56846F5F700FA10B16846E1
:1049B000FCF72AFB00F0010003B05DF804FB0120C6
:1049C000F5F7D6BE704730B589B0054603A8FBF7AA
:1049D00035FF012401A88DF80C40FCF745F99DF83E
:1049E00006209DF80730AA4209D0AB4209D103A89E
:1049F0008DF80D40E2F778FA012009B030BD0024AF
:104A0000F5E70020F9E708B5002211461046F6F751
:104A1000A1F9BDE8084000214FF6FF70FFF777BF0E
:104A200000221021FEF761BE70477FB502460D4699
:104A30000D2317216846FAF7A6F902AE6B462A46FF
:104A40001C4603CCB44210605160234602F10802B8
:104A5000F6D1206810602379137100236B7304B0C2
:104A600070BDF0B585B06C4606460B4601F10807EF
:104A7000224618685968254603C50833BB422C46B0
:104A8000F7D1186828601B792B7131460D23172048
:104A9000FAF782F905B0F0BD38B504460D46E1F7E6
:104AA00099FFA04205D920462946FFF7BEFF002006
:104AB00038BD6920FCE738B50446002000F048F90D
:104AC000FF2805460FD000F04DF910F0010009D085
:104AD000284600F047F9400840EAC17080F0010024
:104AE00000F0010038BD04F00100FBE7F8B5014615
:104AF00006460020F7F73AF8FF2801D00120F8BD5C
:104B0000E1F758FF00240546871CE1F757FFE3B2A1
:104B1000984201D80020F2E735F82430B34203D19F
:104B200017F82430002BE9D10134EEE738B50D46F3
:104B300001210446EEF734F830B101212046EEF7AA
:104B40002FF82880012038BD2C80204600F084FBFF
:104B50000130C0B2F7E72DE9F04788B00746894633
:104B600010460DF10A011D469046FFF7DFFFBDF824
:104B70000A6004464FF0000A3046CDE905AACDF898
:104B80001BA0EDF79FFF031BDBB20B2B28BF0B23F2
:104B9000CDF800A02246314605A8FEF7A5FC48F254
:104BA0001F039D4243D00BD885F40043012B15D938
:104BB00000972346424649462846FCF737FA33E039
:104BC00048F23A039D42F3D1FEF7DFFDB8422BD005
:104BD0002246414605A8FCF756FA25E09DF8143018
:104BE00013BBBDF81D40DDF81500DDF8191003AB4F
:104BF00003C303A92046E1F75FFE012203A9204673
:104C0000F3F760FBA74206460ED0012103A8F7F791
:104C100011FA48F201039D4206D12EB933463246BD
:104C20003946204600F0BEFB08B0BDE8F0879DF88D
:104C30001450002DF8D102349DF81570E4B2A84646
:104C4000EBB2BB42F0D2224608233146CDF80080B9
:104C500003A8CDE90388FEF747FC03A800F075F828
:104C600000F078F8083400F05AF80135E4B2E7E7CC
:104C700010B50024848041800480C280038110BD6F
:104C800013B5BDF81040CDE900340023F7F77CFDE3
:104C900002B010BD13B5BDF8104001900094F7F7B5
:104CA00073FD02B010BD07B500930123FFF7F2FFBB
:104CB00003B05DF804FB38B50546F1F7C5FE0446C0
:104CC000E1F794FEA40144EA4020284038BD704733
:104CD000704700207047FF207047002070477047E2
:104CE000002070474FF6FF707047002070477047F4
:104CF00000207047704700207047704700207047C1
:104D00000020704770477047002070477047704719
:104D1000002070474FF6FF70704793207047704730
:104D200070477047704770477047012070470120F7
:104D30007047002070470020704700207047704780
:104D4000704770474FF6FF7070474FF6FF7070471F
:104D5000FF207047FF207047FF20704700207047FA
:104D6000002070470020002170470020704700207D
:104D70007047002070477047002070472DE9F04FC2
:104D8000002785B081460C467E203946BDF83CB0F0
:104D90009DF844A0BDF84C5001929846ADF80E70B5
:104DA000EDF73AFF0646002800F0AA80EDF76EFE08
:104DB00039467E22FCF7EDFD3046EDF767FE0090A8
:104DC0003046EDF763FEB9F1FF0F14BF44F003075F
:104DD00027463B0A14F44062077043705FD1C31C3E
:104DE0004FF00808184601994246FCF7B8FD04F454
:104DF00040440346434484B1790606D419464FEA39
:104E00001B2201F802BB5A700B46B4F5004F56D076
:104E1000A4F5404254425441E400224618460E99FB
:104E2000FCF79DFD009A03462044A0EB02085FFAC0
:104E300088F89DB14FF47C521A53841C2846EDF734
:104E400025FE83462846EDF73DFEC5B22A46594663
:104E50002046FCF7B2FD60190235EDB2B9F1FF0F43
:104E60002FD0109900F8019B5246FCF7A6FD08F1DF
:104E700001015AFA81F129443046EDF73FFE0C2139
:104E8000FF00002207F0800739431046FEF797F92C
:104E9000ADF80E00E8B9002005B0BDE8F08FB2F51E
:104EA000006F80F803804FEA182880F8048000F132
:104EB000050314BF4FF008084FF0020892E70224E0
:104EC000ABE708EB0A0129443046EDF717FE08214D
:104ED000D6E73046EDF7DAFD04463046EDF7F2FD51
:104EE0000123C2B221460DF10E00EDF71BFF002891
:104EF000D1D1BDF84820BDF80E000121EDF764FEC8
:104F0000BDF80E00C8E700207047F8B506460D460C
:104F1000F8F7A8FB0328044621D02846F8F7A2FB9F
:104F2000032807461BD010F0020318D1A0070DD5A7
:104F3000F90716D401233C43E20704D431892A89B6
:104F4000914218BF002303F00100F8BD0822294652
:104F50003046FCF7F4FCB0FA80F35B09EBE7002085
:104F6000F3E71846F1E770B50D4600210646FEF757
:104F700097F9044630B1EDF789FD01462846FFF761
:104F8000C4FF08B1204670BD21463046FEF7DEF969
:104F9000EFE77FB54FF6FF7101AAF8F7F9FB20B1F3
:104FA000BDF80C0007B05DF804FB4FF6FF70F9E7A1
:104FB00008B51046EFF71EF9BDE80840EFF7D8B97D
:104FC0002DE9F7430F46012181461646EDF7E8FD2E
:104FD000054658B1FEF7B3FA308088B92846EDF798
:104FE00071FD68B1182003B0BDE8F0834846EDF7C5
:104FF00069FDFF2FA0EB0704E4B214D014B934808C
:105000000020F0E72A4621462846FEF732F980467E
:105010000028E7D000943B464A462946FEF79EFA10
:10502000A6F80080ECE70120DDE708B5FEF7E9F817
:10503000437803F001001A074CBF10300830DB063C
:1050400044BF0830C0B21030C0B208BD10B50C4625
:10505000EDF738FDA04234BF0020012010BD7FB520
:105060009DF820600091144641F20921024641F664
:105070000920002E18BF01461D460020099BF8F7A5
:105080001DFCADF80E0010B9002004B070BD012366
:105090002A4621460DF10E00EDF744FE0028F3D11B
:1050A000BDF80E00F1E738B50546FFF7BEFF044630
:1050B0002846EDF707FD631C9BB283420FD82846B4
:1050C000FEF79FF843785B0707D521462846EDF7A2
:1050D000CDFE013004EB4004E4B2204638BD00248C
:1050E000FBE730B585B0ADF80E00EDF7EBFC0446FC
:1050F000BDF80E00FFF7D7FF00F10E03DBB2E5B2FB
:10510000BDF80E20ED1AADB2014600951046FEF72F
:1051100025FAA4F10E01C9B20DF10E00FEF7CBF98C
:1051200005B030BD4278034612F0080006D0D20721
:1051300002D403F10800704703F10900704737B546
:1051400005460C46FEF75DF8437813F0100211D0C7
:1051500094B103F001021B074FF00003009354BF0A
:1051600018322032082329462046FEF7BDF90120D7
:1051700003B030BD1046FBE72046F9E700F003031B
:10518000012B08D0C30606D400F00C000C2814BF75
:1051900008200920704702207047034611F00300E1
:1051A00005D003F00303022B14BF02200320704735
:1051B0002DE9F0414E1C07460D46EDF783FC864273
:1051C00003D900242046BDE8F08129463846EDF792
:1051D0004DFE8046FFF7D2FF18F0800F0446F1D055
:1051E00006443846EDF76EFCB6B28642E9D8291976
:1051F000C9B23846EDF73AFE01464046FFF7CDFF0B
:105200002044C4B2DEE7F8B506460D46FFF7D0FFEE
:10521000044610B900242046F8BD29463046EDF773
:1052200025FE8206F7D53046EDF74CFC6F1C27446F
:10523000BFB28742EED82919C9B23046EDF716FE43
:1052400000F01803082B14BF05340634E4B28306BB
:1052500044BF0834E4B2DEE738B50546FFF723FF64
:10526000044608B9002038BD01462846FFF7CBFFA9
:105270000028F7D02044C0B2F5E72DE9F04387B00D
:1052800005460C46FDF7BDFF8046FDF784FE074648
:105290002846FFF708FF064601462846FFF788FF25
:1052A0000022034600922946324602A8FEF71CF966
:1052B0009DF8086006F00C030C2B06F003090BD0D8
:1052C000B9F1010F59D0F10657D49DF809300DF10D
:1052D0000A056371002007E0FF2363710DF10900E7
:1052E000FDF759FE0DF10B05208198F80130DA0722
:1052F00004D508F10200FDF74EFE2081B9F1010F3F
:105300005FFA89F83DD0F3063BD42846FDF743FE0B
:105310006080A81CFDF73FFE053515F8013C208094
:1053200023712B78A372B00606F0400348BF43F008
:105330002003390627D543F40073F80448BF43F42B
:105340008063390548BF43F400633206E38011D51A
:105350006A7812F003020DD0A9786FEA43436FEA2E
:105360005343B8F1020FE3800B4611D1EB7841EAC9
:105370000321218107B0BDE8F083FF230DF109056A
:10538000A7E7FF23CCE77A0648BF43F48073D4E74E
:10539000012A04BF0B029BB22381EBE7EEF7FCBFAF
:1053A000F8F742BF0BB1F8F7ABBF0AB9F9F724B869
:1053B000FF21F8F74DBF431C08BF0020E9F70CB9E7
:1053C000F8B500BFF8BC08BC9E467047F8B500BFF2
:1053D000F8BC08BC9E4670475FF800F045140020FA
:1053E00000000000000000000000000000000000BD
:1053F00000000000000000000000000000000000AD
:1054000013B779FAC925DDB7ADF3CFE0F1B614B81B
:105410000102000000000000FFFFFFFF010000008C
:10542000010000000000000000000000000000007B
:10543000000000000000000000000000000000006C
:10544000000000000000000000000000000000005C
:1054500003E60100FFE50100DDE50100DBE50100F9
:10546000A10500000DE60100650500002C0000000C
:105470000200000040787D0100000000005A620236
:1054800000010000C0CF6A0002000000809FD5002C
:1054900002010000002D31010202000001000000A5
:1054A00000000000040000000100000008000000EF
:1054B00001000000100000000100000000010000D9
:1054C00001000000000800001D00000000020000B4
:1054D0001D000000000400001D000000000001008D
:1054E0001D0000000003010303030200000800FC8C
:1054F00060550200010001070C550200000800F889
:105500001C550200000000000000000083FFBFFFE8
:10551000E2FFF1FFF9FFFEFF00000000C800FCFE03
:10552000F800C50A571EFBFF7B0095047C02FFFFB5
:105530004A00B60246DFFFFF2D00AD01412F0000FB
:105540001C000701854700001200A70097460000D5
:105550000B0067001A3C00000600220068230000D0
:10556000C800FCFEFC00D80A066CFBFF880037056B
:1055700018E2FEFF53000403F5E3FFFF3200B90118
:105580009D43000029005701F85700001600D10084
:10559000585700000E007C00D0490000070028008A
:1055A0001729000000000F400000000000040F4019
:1055B00001000000000108070F000A00C8002000D9
:1055C000A000010000000000A00068010A200706FA
:1055D000020A04070000433A2F55736572732F4186
:1055E000657269616C2F53696D706C696369747958
:1055F00053747564696F2F53444B732F6765636BE6
:105600006F5F73646B2F706C6174666F726D2F7354
:105610006572766963652F6C65676163795F686140
:105620006C2F7372632F626173652D7265706C618C
:1056300063656D656E742E63000001040000050B48
:10564000060B070B00000000000001030109060023
:105650000105000000000000000003060000E40C4B
:105660000A000104104001000000050000000002D3
:105670000000030000000000C8580200C4580200E7
:10568000B0580200AC580200A8580200A45802000A
:1056900092580200825802006858020060580200C6
:1056A00056580200545802003C5802003958020073
:1056B000315802002058020010580200FE57020024
:1056C000E4570200DC570200D0570200CC5702001A
:1056D000CA570200BD570200B25702009957020094
:1056E0003D5702003C5702002C57020004570200AD
:1056F000F9560200F85602000F00000000000000FA
:105700000000000000000000000000000000000099
:105710000000000000000000000000000000000089
:105720000000000000000000000000000100000078
:105730000000000000000000000000000F0000005A
:105740000000000000000000000000000000000059
:105750000000000000000000000000000000000049
:105760000000000000000000000000000000000039
:105770000000000000000000000000000000000029
:105780000000000000000000000000000000000019
:105790000000000000000000000000000000000009
:1057A00000000000000000000000000000000000F9
:1057B00000000000000000000000000000000000E9
:1057C00000000000000000000000000000000000D9
:1057D000FFFFFFFFFFFFFFFFFFFF000000000000D3
:1057E00000000000000000000000000000000000B9
:1057F00000000000000000000000000000000000A9
:105800000000000000000000000000000000000098
:105810000000000000000000000000000000000088
:105820000000000000000000000000000000000078
:1058300000FFFFFFFFFFFFFFFF9C0000FF000000D5
:105840000000000000000000000000000000000058
:10585000800000000000FFFFFFFFFFFFFFFFFFFFD2
:1058600000000000FFFF000000000000000000003A
:105870000000000000000000000000000000000028
:105880000000FFFFFF00000000000000000000001B
:105890000000000000000000000000000000000008
:1058A00000000000000000000000000000000000F8
:1058B00000000000000000000000000000000000E8
:1058C0000000000000000000FC03010101010101D3
:1058D00001010101010101010100000000000001BE
:1058E000000A00000000010100000204110404028B
:1058F00011101A080A021801081110111A080A04D6
:10590000020D0B195C0110280B01000000000000C3
:105910000000000000000000000101010101010081
:10592000010101010101000001010001000101006C
:105930000000000000000000000000000000000166
:1059400000000000000000000000000001FF010056
:1059500023E1010075E4010063E2010063E5010059
:1059600062E1010079EB010064EE010024E1010035
:1059700025E1010026E1010027E1010028E1010005
:1059800029E101002AE1010000000100800001007E
:1059900000010100800101000002010080020100FD
:1059A00020E2010000030100000501008005010064
:1059B00000060100800601000007010001E501006A
:1059C00002E501000008010080080100433A2F555C
:1059D000736572732F41657269616C2F53696D70C5
:1059E0006C696369747953747564696F2F53444BA0
:1059F000732F6765636B6F5F73646B2F706C61747B
:105A0000666F726D2F736572766963652F746F6B45
:105A1000656E5F6D616E616765722F7372632F7360
:105A20006C5F746F6B656E5F6D616E616765722E22
:105A30006300433A2F55736572732F416572696134
:105A40006C2F53696D706C696369747953747564F4
:105A5000696F2F53444B732F6765636B6F5F73647C
:105A60006B2F706C6174666F726D2F7365727669DF
:105A700063652F746F6B656E5F6D616E61676572D4
:105A80002F7372632F736C5F746F6B656E5F6D61E4
:105A90006E75666163747572696E672E6300FFFFD1
:105AA000FFFFFFFFFFFF34B684327032F610433A37
:105AB0002F55736572732F41657269616C2F53693D
:105AC0006D706C696369747953747564696F2F5371
:105AD000444B732F6765636B6F5F73646B2F7072DA
:105AE0006F746F636F6C2F7A69676265652F617081
:105AF000702F6672616D65776F726B2F636F6D6D5E
:105B00006F6E2F7A69676265655F6170705F66723C
:105B1000616D65776F726B5F636F6D6D6F6E2E6316
:105B200000433A2F55736572732F41657269616C3A
:105B30002F53696D706C6963697479537475646906
:105B40006F2F53444B732F6765636B6F5F73646B89
:105B50002F70726F746F636F6C2F7A6967626565FF
:105B60002F6170702F6672616D65776F726B2F6336
:105B70006F6D6D6F6E2F7A69676265655F617070BA
:105B80005F6672616D65776F726B5F736C65657070
:105B90002E6300D0D1D2D3D4D5D6D7D8D9DADBDC96
:105BA000DDDEDF005A6967426565416C6C69616ED4
:105BB0006365303900FFFFFFFFFFFFFFFF005A69F9
:105BC00067426565416C6C69616E636530390000E0
:105BD00001080109020A030B040C050D060E070F4C
:105BE000081001180119021A031B041C051D061ECA
:105BF000071F08200121022203230424052506266D
:105C0000072708280129022A032B042C052D062E1C
:105C1000072F0830013102380239043A08E004E164
:105C200004E204E802E902EA04F008F110000700C7
:105C3000491001000300491004050000445C020003
:105C40000400000000000000945C02000500000059
:105C500040000000000000000A000000D05C0200CC
:105C600001000000800000000000000000EF0000C4
:105C7000DC5C0200010000004000000000000000A9
:105C800000FC0000E85C0200010000004000000091
:105C900000000000000020012000000008000000BB
:105CA0000400422120000000105D02000500422196
:105CB00020000000315D02000700300120000000DC
:105CC00003000000FDFF210220000000030000008F
:105CD000FDFF21026000000002000000FDFF210224
:105CE0002000000001000000FDFF2102280000004C
:105CF00001000000030049100400491000EF0008F3
:105D000000EF010200EF040800FC071800FC08186F
:105D100004547579610000000000000000000000DC
:105D20000000000000000000000000000000000073
:105D3000000C5459304130312D54595A533500001C
:105D40000000000000000000000000000000000053
:105D50000000000000000000000000000000000043
:105D60000000000000000000000000000000000033
:105D7000000000006009000000800000000000003A
:105D8000000000433A2F55736572732F41657269A5
:105D9000616C2F53696D706C6963697479537475A4
:105DA00064696F2F53444B732F6765636B6F5F7329
:105DB000646B2F70726F746F636F6C2F7A69676298
:105DC00065652F737461636B2F7365637572697496
:105DD000792F7A69676265652D7365637572697479
:105DE000792D6D616E616765722D6E6F2D766175AF
:105DF0006C742E630000006200312E302E320003DE
:105E00000C5459304130312D54595A53350454757E
:105E100079610000B57200000975000095700000FE
:105E200001710000617000009D710000D9700000D8
:105E3000000000004B4147454C2D54595A53352D15
:105E4000535250545756414B2D53544147453247B6
:105E500000000000050000000000000000C201007A
:105E6000000500000010000000000000000000001D
:105E700002020300000000000000000048010000D2
:105E8000C81400200000020800000000FFFFFFFF10
:105E9000FFFFFFFFFFFFFFFF00000000000000000A
:105EA00000000000000000000000000000000000F2
:105EB0005241494C00000000A00000006DA9000004
:105EC000500000004DAA0000FA04FA000033330A23
:105ED0000A0A030404080808080808400021000012
:105EE00000000000000000000000000100000101AF
:105EF0000001010100000000000000009E070000FA
:105F000048700C0E4470980D3070DC123C70DC163A
:105F10003870F40D34701A0E30706A0F2C706A0FDE
:105F20002870541124706C112070FE0D1C70F81133
:105F300018706A121470FA0DB110076001D80A7156
:105F400008B87F78020C7E78641000C6A01F00217C
:105F50008CB8707801B007680F305CB30F33011153
:105F6000C048069846022FB006D80C7109DD0871AA
:105F700000B853A809BB11100768016821480760E1
:105F800004100112FF322150076051480760008859
:105F90000698861300C43C1F002103DD087214BA62
:105FA000281400A000BA03DF107109DF06720298FE
:105FB000E8058CB8507800A04413281441158110CE
:105FC000076002D8147110880698F81B00C00C7086
:105FD00008400698521E009106985C020060B83096
:105FE00020D8067190BC637C084D5412F03240DE1C
:105FF0000472404804DB08720DDD0C72044BEF3074
:10600000144806989E0700C4E01008404412076236
:1060100001322140084C287C811140D91C72B112F8
:106020003032CF4A013AB1DA107208D8067104D87A
:106030000871B04C237C3E70684C4412FF328722BA
:10604000047580B8D84C81D8307140D90472237C53
:10605000084B06989E0704BA88B9767900C1186083
:1060600008403579E049007906B904A901D86C7275
:10607000BC4C307C02982E0208D83C7100C14C0008
:106080000840141110D93071104C00C114000840A0
:1060900014111814076100C5206008405415FF351D
:1060A000047110491814A84C441207620132067199
:1060B00002981201B84C08D80C7107BA24D80471A0
:1060C00006BA187004D80C7101BA40D80E7102BA21
:1060D0000A7005BA20D8047203BA604C4411404CCF
:1060E0001814076118149111383111429111076980
:1060F00010D90472EF3200C1006008401411103151
:10610000016911422814A111076118140698381E5C
:10611000181400C10060084014110769FF311814F9
:1061200000C13C300840141118140761181430885D
:10613000024806984806009308DB047101F800A0A5
:106140005CB00F3000A01088B111076980D90A71C6
:1061500000C1800008400811009100A000C40001A7
:106160000840441000A000C020300E40041104106C
:106170001050F47200A05415504512710698A807EB
:106180000698380718B8707800B8417806983C032C
:1061900090BA5B7A5C7A5D7A00C21850084024128B
:1061A00000C14C1F002128110698021C208800887D
:1061B00000C5401F002154155112FF350762FF3200
:1061C0000698660201595129047511590090212938
:1061D00020750698FA0406982A050698F602009299
:1061E00003D80C728111076102D90472FF0FBA70D3
:1061F00018B8727800F804D842710088308800C05E
:10620000FC1F0021041000C14C1F00211412012AA0
:10621000215A00C3185008403413312A1A7500C09F
:106220000060084004100730FE200C76381108B8D2
:106230007F78020C7E780093009000A000C0F41FCD
:106240000021041000BB1DB400A000C1DC1F002110
:1062500014111088FF3100C5FFFF000031120762E2
:106260000762513A513B0E720698140D11590112F2
:1062700001131E703114008831100698140D115945
:10628000415C41280698160D513801130090012BEE
:1062900000902088076001140760FF30215D4112E3
:1062A00007620762312D0876FF34415C4128015DA9
:1062B00031100698160DFF303088011300C0E01F22
:1062C00000210410512B0C76076801150768FF3573
:1062D0006070315BFF32212B0C7507600115076080
:1062E000FF354E7000C5E41F002154150765076592
:1062F0005112FF35FF30012B0875211007603270F5
:1063000021100768FF30012B0A7521100760076014
:10631000207000C2E81F00212412211007600760CE
:10632000FF30012B087521100768067021100760E7
:10633000FF300093009200C10060084014142C4903
:106340000734FE242A761415F0BC076C513C07680C
:1063500003680154107100C4FF0FFFFF513C01445A
:106360004811311200C5E81F00215415FF3507629E
:1063700007622143544914122155FF355152281107
:1063800000A000DF0672011314703111312B112BA4
:10639000016300C1FF070000113B012B00C278FE22
:1063A000FFFF05B86EBD312A207505B8C8BDE822CB
:1063B0001875DCBD06B8DC22107507B8F0220A7526
:1063C00008B8E822047509B800C10060084014123A
:1063D0002C490732FE2216760768036800C2FF0FB9
:1063E000FFFF1414213C0144481150BD54491412BC
:1063F0002155FF355152281100A001D82C71008879
:1064000000C00470084004108020FF301A7100C1E1
:10641000B01E00211411076120D90871069882046A
:10642000067006984A03009000A002D8047200A0EB
:106430000088069838071DB428B9112C408800C37D
:10644000EC1F0021341440445A7144130698A805E7
:10645000411500C00060084004100730FD2044755D
:1064600000C20870084024100760FF3080DC3471DF
:106470000698500D01591C4A241007600260FF3035
:106480000698500D0158B220012954133110069876
:10649000500D11280A75042554155045EE720698C2
:1064A000A8050094009000A07FB9066100C01C60A0
:1064B000084006988C1304155153113B3155581060
:1064C00002988613EBBD00C03C1F00210411113D52
:1064D00010D91271FF33076B00C190400846381184
:1064E00018B97479581000A006985C028024E4243E
:1064F0000D300472044800C11C510840141100C33F
:10650000D81E0021911504351A72181388BB08D8BB
:1065100004716C7B04D804716A7B8CBB2F7C5B7B21
:106520001670044B181388BB08D804716F7B04D80D
:1065300004716D7B217C0C3001600698240706985D
:106540000A0C0698D40700B8B111076940D9067241
:106550000298080701BC00C20060084000DC0A7114
:1065600024150165604A0A701C4A241507657C4A97
:10657000043508D920712024512A241200C180003A
:106580000840320C2811076228110762281107629F
:106590002811500C00C1341F0021141200DC34718A
:1065A00020D8067101B80C70F0DA0C720CDB08719F
:1065B00002B806982C07482400C330610840341301
:1065C000076380DB0E7102B9911308DB047203B913
:1065D00006700C49141100C380000840FFB8012068
:1065E00011410871014118130824014200C1200023
:1065F000084014110141036D514191152035016D81
:10660000514118132813481300C37C00084034106C
:1066100003D80C71073005DC0671084B227B8CB85F
:10662000507800B800C1341F0021141203682150B3
:10663000F0300152281100A04024066400C0FFFF82
:106640000100013C1DB002200158402806751EAC17
:1066500001EC00A0208800C01850084004121DB4AE
:10666000211304123052F871066C402400C3741FC9
:106670000021341014110698800D066900921159FA
:106680002129067600BB11590698380D80B80158AB
:10669000013A0662313B0472215A412A00A000C22D
:1066A00000010840317A00A0308880B9076900C332
:1066B0000000C0FF3110312800BC002D0C751154B2
:1066C0001EAC01EC312DF470066C51134155312C88
:1066D000009300A000C028400E4004133151076110
:1066E0000C3107691153381000A00698EC0800C05F
:1066F000F41F002104110698D407217A237A00C3DD
:10670000000010000698140800C0541F00211DB19D
:10671000181000A000C0501F00211DB1181000C0AB
:106720009C1F00210410002D067500B826A80698AD
:10673000A80700C09C1F00210410012C06750698B4
:10674000380728B010B9115911380EB9114028A8CE
:1067500080B800C144300840081100C1F01F00217A
:106760001410303B06710760076000C40830084011
:1067700044111150FF30015118146FB8076826A852
:10678000217A050C21102048267800C063EF000014
:10679000314026A8050C20ECB11140D90872247AAA
:1067A00020EC217A184826A828B00AB901510F31E7
:1067B000115028A8050C207A20EC0F0C98B84678C8
:1067C00041780698660200C2401F00212410015142
:1067D000FF311150081200A00698EC0800B826A856
:1067E00000C0581F00211DB1181000A030B840781B
:1067F0000DB101D9FC72427800C074300E40041112
:106800004CBA407A1810144804115C7A1810A4BBD2
:10681000707B4E7B4F7B00C20430084000A006987E
:10682000EC08217A227A00BB0698140800C0641F85
:1068300000211DB11810A4BB00C040300E4004114F
:10684000033101492872B11207620762304804110E
:1068500021510F3118726E7B6F7B104804114CBAB6
:106860007C7A181014480411607A1810B11002D8FC
:106870001071707B30B8627860780DB001D8FC710F
:1068800000C0F8600840041101D90C7100C0180064
:10689000084002B9181008B86E780EB84EB110D979
:1068A0000C723EA8140C0FB83EA8107044A8140C2B
:1068B00001B800C1AC300E40081100C077801F0045
:1068C0003DB201423DAA00C0FFFFFFFC013A3DAAD4
:1068D000140C00C077E01F0001423DAAFFB845201C
:1068E0007D7808B87E7800C12460084014110761E3
:1068F0000631087100B90698D21006988C13B111B0
:1069000001D90E7106985E1E02D906720698500CC7
:1069100006988613511406983807F4B845780A0C7F
:1069200000C0601F00211DB118100298AC10FFB804
:1069300045205D7803B8076044A83EA800C1AC308C
:106940000E40081110B807683DB101393DA908B8DB
:106950006F7800A046A800C0FFFF0000013B07635E
:1069600056AB94BA437A01D91471013C47B300C0C5
:10697000FE20FFFF013B314447AC637AFFB8212082
:10698000407802D90471607800A0C8BC066C415CF4
:10699000512C06750698380706982E0EB110076818
:1069A00005D8347140BA06985C1308B86578911020
:1069B00004D8187188B86E78577800C06400084011
:1069C00021780698FA1001400A728CB8427806982D
:1069D00098130298E20B08B86C7820B859785B7865
:1069E00000C0F44008407878797800C1C81F0021C1
:1069F000141040A8184914130449408814140C4971
:106A000014118112076A006A01DA187188B8577880
:106A100000C0CC1F002104100161076307630764F5
:106A200007640698540A00944EB010D842724DB1D3
:106A300061B80158113840B102D90A72604804BBEC
:106A400041540870204802BB02BC4DA8F8B87078C9
:106A5000190C3EB141413EA9F4B97379737871784C
:106A600000C4F840084000C200410840227000C243
:106A70000000010044AA230C00C200000B0044AA3D
:106A800000C41041084000C21841084004BB587CB3
:106A9000050C597C0C240F0C2FAB050CB11008D839
:106AA0001471647A657A1CB879787B7820B8797823
:106AB0007B78607CF424411306989E07511440446F
:106AC000067506983807727BFFB84D20050C68786C
:106AD00040EC00C05C1F00211DB11810911004D8BB
:106AE000147100C0B01E0021041080D806711CB8BB
:106AF000737800F818B800C1D41E002100C21850E5
:106B0000084024122811777800F800C0B8600840C7
:106B100004110761076180D9047240EC00C4F84099
:106B200008404EB010D80471182441130C23527C35
:106B3000407B11512FA9050C797C0A0C00C0000084
:106B400001020814787C050C507C08B86D7800A010
:106B500000C0287008400411108800C100180040CF
:106B600018104448041110887848041110880088CF
:106B70004CBA757A18103DB11088F4B842784420A8
:106B8000727828487378F8B873784FB200C4FFFF62
:106B90008080413A4FAA01BC01644113076300C0E1
:106BA0006C70084003B918100110011001B91810D9
:106BB000011001100110011068480411076101B8AB
:106BC0000160003A0471044904D90472415207601B
:106BD000003A0471084908D9047231520460003B3C
:106BE0000E7200630064314241424FAAB2704FAA54
:106BF000F8B85378182053782848527800913DA966
:106C000000900091181000917848181000914448A5
:106C1000181000A0115910D906710760076008D933
:106C20000471076004D90471036002D90471016022
:106C300001D90471006000A000BA01D806710148B2
:106C4000112A0069006001D8F6720138F67200A0BE
:106C50008020FF30FF48812000A002EC00CA02EC37
:106C600000C8076A014202EC00C8076A014202EC50
:106C700000C8076A014200A000C218500840241250
:106C800011592129127300210E7100C230500840A1
:106C900024120121212900A00698EC0888B8577811
:106CA00000C57C1F00215088044D88BC00C0BC1E5C
:106CB0000021811101D91E71407C009501157C4D88
:106CC0005088044DFFBB076B315B04110698780DAB
:106CD0003129F87506984C1D541506985E1E01D989
:106CE000087206981E0906700698800988BB547BB6
:106CF000009500F806982E0A0E7006980A0C069861
:106D00002E0A0698D8110698D8089112211900C0A9
:106D1000246008400A78097800F810B901BA06988A
:106D200052130698AC1000C57C1F002100F8911288
:106D3000033288B900C3B01E0021341300C4A81068
:106D400008408CB84278707903DE067144786E7022
:106D50007179A11020D806710298760F80DB5071EE
:106D600002D84C7205B830880763076302DB2A71CA
:106D700000C3AC0008403413066380DB0472804813
:106D800000C3102008403413315B0472404831289E
:106D9000312802600814076800930814A11010300D
:106DA0000248081400B808149110076008148CB841
:106DB0006278A11000DC0676517900BA80DB3A7166
:106DC00000C000000200003B307150884110344880
:106DD00003DE04719048041508200411F8205810AF
:106DE0001C20217800C0A40008400E7810D904723D
:106DF0002E780698A2160095911120310269911003
:106E000004D80E7200C1481F0021141101D90A7163
:106E100020880698D210009200C11800084005335F
:106E2000054B1872184C03DE0471904C441400C3D7
:106E3000FF1F0000413BFF233811B84900C33061F8
:106E400008403413076380DB0E7103BA076A0698A3
:106E50005E0F00BA0870076A06985E0F0449087949
:106E6000097914102140081100A000BD06984002C5
:106E700010B903DC047100B901BA0698521302D9A3
:106E8000067100404E7201B107690F310698FA1081
:106E9000FFD82872811008D8187106DD0A7106988B
:106EA000400203DC0C7206984011069898130C708F
:106EB00006DD107106984611487020B802A806DD5C
:106EC000107206982E0A0698D80801F840B802A851
:106ED00000F800C0B01E00210413076301DB22711B
:106EE00091100111076911388CB910D808714479D3
:106EF0000298760F02DBFA72A11328DBF47203BD4D
:106F00000698A01006982E0A8CBA7F7A06989E07DB
:106F100000C5801F00210698400200BA03DC4A72B7
:106F2000044DA11002D804710C4D00C0140008409B
:106F30000410026800C3701F00213411112800C121
:106F4000306108401411076180D90C71911108D982
:106F50000671FC230C4DFC2334110698380D00C13A
:106F60000C510840069854075415212D00C0F860B4
:106F70000840041101D9227100C0381F00210410FB
:106F8000033001DC147200C0140008400411FB211E
:106F9000087607BA076A212D0698EA0702988A0A36
:106FA0009110015503355150011900A000C1441F33
:106FB0000021141001D8427101480760FE200E75AF
:106FC000811020D8087100C1481F0021141101D977
:106FD000287100C0246008400412215107610F315C
:106FE00007691152281000C0006008400411911276
:106FF000215120311152211900A0811380DB06722A
:1070000001B800A000C30C500840341006303072A4
:107010007C4B34122C4B34100760076040302072D8
:10702000811080D8DC713410014A0762036080301F
:1070300021508C480A717F2355233410013000A061
:1070400000BD0698A01088B847784578437800B806
:10705000447800A006982E0A0698401100C58C1F9F
:10706000002154150698EA0702988A0A00C37400A2
:107070000840027B06988C1350BA06985C13069859
:10708000FA10FFD84A71911004D848728110076035
:107090001CD8407220D938721112FF32215134713C
:1070A00080218021111400C0E01E00210413FFBACA
:1070B0003151113A215111538CB938107B79404428
:1070C0000E7200B900C2B81E00211812067008B86E
:1070D00060780698861300F800B900C29C1008403A
:1070E0001812244A0AB9181288BA507A517A577A73
:1070F0008CB942795F7900A00698400207DC1072D3
:10710000911000200A750698D8110298260E06984C
:10711000D80801B9911004D8047100B910BA0698C2
:10712000521300BA00402A7100C0B01E00210411A1
:10713000076101D9127104D9E2728110076001D888
:10714000DA718CB8647800C11C5108400698540765
:107150000698D81100C5901F00215415212D0698BE
:107160001E0900C5941F002100F800BC811108D938
:10717000167280D9207201B910BA069852130040D5
:107180000E7101BC1070069840110698981320B833
:1071900002A800F80698D81181110231127100B9C5
:1071A00000C20C1008401812244A02B9181206989E
:1071B000401100C5981F002154150698D61D02984D
:1071C0008A0A04110121147188BA737A0420041206
:1071D0002811042004110121F47200A006989E07D2
:1071E00001F8911010D8347106983C030698FA04FF
:1071F00006982A0500C51C51084054110698780DC0
:1072000000C5D01E002154155129E27518B87678B2
:107210008CB8447801B802A800F8B110076810D8FB
:107220002E7100C04810084000C30000084031140F
:10723000884C44113411076101D9FA7144122810A5
:10724000076228100762281007622810E870029869
:10725000760206985C0211380472016A00BB00C114
:10726000E01E0021141120390C72911210DA0672FE
:10727000417B00A006988C1300C2B01E002124128E
:1072800020DA0472617B88BA527A00A088BA727AD6
:10729000811204DAFC7200A088B86B78577800C0BD
:1072A000640008402F7800A00698E6100763076383
:1072B00090B9637900B902DB227102EC00C909B808
:1072C00001D9507200C2AC0008400E7A10D9047285
:1072D0002E7A0698A216E031076102EC00CD114526
:1072E00002EC00CC01DB087100BB0298001803B867
:1072F00041110731FA211C760621911210DA08712A
:1073000002DD10721E7020B80698140D3038147209
:1073100008B80698240700C024000840297820787F
:1073200000F8046020D8067102985A1502EC00CAD1
:1073300005B823DA187104DBDA7120DAD67110DAB5
:10734000D27290B8617800B801DA067202EC00C817
:10735000911110D9267100C1C01E002114111150C5
:10736000FF300C720661A110115002300A7180DBEF
:107370000A720AB89E708CB97C7907689111114025
:107380002111C0311140011990B8411108D904717F
:10739000667820D904726578A11002D80672C0DA26
:1073A0001E7190B8273123DD087210DB10726078EF
:1073B00025DD0A7121DD087208DB0471627803B8EB
:1073C000411107310872A1152035AA7102DD327210
:1073D000A11120D9A07102D92872CCDA987241117A
:1073E00040D9927206B802DB1071046500C110200A
:1073F00008401411112D112D054D5C720298E813EF
:1074000021114049C0D94E71A03141154035016567
:1074100051410361076308DA1E7204DA38721049B9
:10742000A1150235067110DB0E7201340A7108DBFA
:10743000247190B86778CC3211101A300ADC0872C7
:10744000CCDE0471FD3100C00D0F0C0D0698160D39
:1074500001D8607207B80298121400BA411108D915
:107460000C7102EC00CA05B830DAEC720734F03166
:10747000026101DA0471014900C0F300A3E3069838
:10748000160D01D8D07100C0981440680698160DEA
:107490004030014440DA0471204C04320162204A39
:1074A0001110063000680142183102691142029839
:1074B0003014204A00C0051708500698160D1130E8
:1074C00001422088FFBB0DDA507100C1DE1B25018F
:1074D00080BC04DA107208DA0A7200C1208410003D
:1074E000E024A02407634143016401DA06711E49C8
:1074F000024B00C0281F002107633810BC2002DAAD
:10750000127101B91159A11380DB087100C100FC8F
:10751000FF01181002988C1700C4B01E00214410FF
:1075200080D87C710092D0DA06710DDA0C7190BDB2
:10753000437DEFBD0698C60503620DDA8672A11180
:1075400005D95C7100C23810084024120C2428149C
:1075500001D9067202D9327140D91E7102EC00CAFB
:10756000211018320471FA2220D804720822FE2257
:10757000087502EC00C8F87001D90E7102EC00C861
:1075800002D9067204DC187200C0B01E002104107B
:10759000026801D8067190B8647818B873780298B8
:1075A000001800C50020084000C00417000008D9DA
:1075B00004720A480815104D00B808D90472FF205B
:1075C0000815084D00C00884000008D9087200C0E2
:1075D0002083B8ED0815104D207D00A000B8011AD9
:1075E00000C074000840027891101030011905BAEB
:1075F00006985C1302D9067101B802A800C0B01E3B
:107600000021041380DB06710298A81340DB067189
:10761000029840198CBA7C7A01DB6C7100C22C1F75
:10762000002124111114FF3402EC00C8FF24FA7663
:1076300007610698240D036111380F30036111149E
:10764000011141100698240D01D8087203B8029860
:1076500012141C4A02DB2471241011281128041270
:10766000023006710762076200C0FFFF0000213888
:1076700000C218000840FF20081241100760069859
:10768000240D01D87C7120BC1033767100BB00C181
:10769000281F00211415C021112C5112076A0F3226
:1076A0000E714088511406985618414300945112A7
:1076B0000765036A0F320E7141115114069856186E
:1076C000036C41430765513B00C1E41E00211411C6
:1076D000111231100F30127100BA046101D8047117
:1076E000114200600FD8F472311002601E30047233
:1076F00001B8003A087204B80298121402981816D9
:1077000000C1306108401411076180D91A7102EC80
:107710001DB002EC1DB101581128A0B91159112852
:1077200006758CBA637A00C0341F002104110F3132
:1077300003DD1A7200C000600840041007D80E7202
:1077400000C01040084004B9181000F80698E61070
:107750000698C40500F830885088FF34087102ECA0
:10776000FF24F87002EC00CD141001BB5150FFD87B
:10777000047131440760006B10DBF2710421FF22B9
:10778000E4720F4C0095009300A000C01860084000
:1077900004100560073000A00CB802983C1902ECF8
:1077A00000CAFFBC80BD06988A180448187202EC13
:1077B00000C92115F03500650F32076A114200C477
:1077C000FF0F000000C1C01E002114103111011371
:1077D000413B02EC10D90871211400CA2C703052C0
:1077E00006714052B472211407600760FF3055DC07
:1077F000187100CA005212710ADE0E714ADE0A7157
:1078000055DE06713052927200C1C41E00211088EC
:107810000698381E0731114507650765414500C3C5
:107820000C70084034130763FF3307633145009140
:1078300058110849281118B875780BB80298121415
:107840000763076302EC00CA02DB127155DE0672A1
:1078500002989E1854DE067202989E1801DB12717F
:1078600006985E0D06985A0D02EC00CA02980018A0
:1078700000C1BC1E002114147C4906985E0D4052C4
:107880002E7204DBE07190B8637806988A18044879
:107890006E7200BA06985E0D2113141000C1FF0F1E
:1078A0000000113A105254710152113A067104B895
:1078B0008C7000BA06985E0D2111FF320761111419
:1078C000911010D82271073103DD1C7200C1C81E4F
:1078D00000211411FF31115206710AB8D4708CB90D
:1078E0007C79029800184110813081DC0E72076AA1
:1078F000034A076A0F4A06981A1B029800181410C8
:10790000FFBC013C0698C01B02EC00CA02EC00C997
:1079100002EC00CB076A3142076A21410F3302ECC7
:1079200000CD02EC00CA00400872211302EC00CA2C
:1079300007621142911110D92A7121110F3103DD13
:10794000227200C1C81E00211411FF31076A0023F2
:107950000C71115308710AB80298B0198CB97C796E
:10796000147021110F31076A02DD5A7101DD0671B1
:1079700003DD4A7200880AB90698041B00902111A1
:10798000FF32FFDE387120543872FC25187202EC89
:1079900000CA01DE107202EC00CA18DE087288B854
:1079A00077781A70066100400472006180D90E7108
:1079B0004CBA477A06985C1B90B843780298001836
:1079C00004B89670FF32FF24F8750BB90698041BB3
:1079D0002110E03001584128E875F83002601F326C
:1079E000215A0125212DDA75012AD67602EC00CA2A
:1079F000FF20FA764111073101B80698140D003ABC
:107A0000C071BA70004008710698941B047002217E
:107A100006B81159112DAC7500A000C5A81008407A
:107A200031100360081501110760076007690F3006
:107A3000F0311140081507630363381528150762F4
:107A40002815076228157FBA281500BA28157FBAAD
:107A5000281590B8437818B8737800A00698D01B02
:107A600011140CB900400A7100640AB90698941BFD
:107A700003BD514400C5A8100840202A04752815EC
:107A80004815076448151815004004723815076436
:107A9000481500A00088408800C0C81E00210410BE
:107AA0000760073000C4200008404414412C0472D1
:107AB000012441384050047201210094009000A03C
:107AC00000C0C81E0021041007600730074800A04E
:107AD00000C2C01E002124122114076AFF320CDEEE
:107AE00012710DDE0E710FDE0A7110DE0671215A61
:107AF00000A0FF34411200A000C1B41E00211411E7
:107B000000A0308806980E1E8111076102D9067206
:107B10000298EA1C88BB557B076120D90671029840
:107B2000DA1C0088A11007680698F81B08211415B4
:107B3000FC2590BB5C7B5D7B00C10060084014119C
:107B40000731FE21307608D82A725113FC233413F2
:107B500004DB2071076BFF33315B00C10870084004
:107B60001411076180490C71FF313029607590BB99
:107B70007B7B1C707B7B7C7B00DD04717D7B01BB90
:107B800038158113076B4033067118BB717BEC25E8
:107B9000541300DF5471042505DF5471541521116D
:107BA00020880698780D009251293E7500C100602A
:107BB0000840141102DB0C710731315B31292A7640
:107BC0000C7004DF0872006180D91E720698F81BE1
:107BD00000C0087008400698521E0698F81B141141
:107BE000FFD960720298301D0090009300A05415D8
:107BF000A111076910D9A672082508D8A071082517
:107C000010D89A71208821110698780DFC255412FD
:107C1000112AF82554110C2520D80871F02554118B
:107C200010252029047621591815009202989C1CD1
:107C300018B97179811010D80A7188B8447800B8E1
:107C4000417888B9747908B9677900F88110A0D8AB
:107C5000087188B9497900A0076002D8FA710698BE
:107C6000F81B108806988C130762076210DA0871F7
:107C700008211415F025541100C20020FEFF202910
:107C8000127506985E1E01D90A7206982E0A069889
:107C9000D80800941CBB41100C200698C212411158
:107CA000082114100698C2123128441111120761DC
:107CB000FF31FF3201221052107207691814042498
:107CC0004413042438140C70076921411814082443
:107CD0000814029886134044147100C1B81E002194
:107CE00014155113036B0FDB0C72066D0698A80771
:107CF000411500A00698D80806988C1308BB5114AB
:107D00000698961D4415FC2554150298EA0788B973
:107D100000C3B01E00213413076308DB1A718113FE
:107D2000A0DB0671497910706979076302DB08727C
:107D300008B9677900F800A08111076102D91071B4
:107D400088B975790698F81B1411FF3100A0FFB9A6
:107D500000A0041008211411F421081100A08111C1
:107D60000761076110310E710698F81B0821141184
:107D7000F821141100A000009DE7000055E7000065
:107D800061E7000035E80000872802003F2C020070
:107D9000432C02004F2C0200472C02004B2C020007
:107DA000A47D0200647E020000000000BC7D020091
:107DB000010000000000000000F04902E07D020028
:107DC0004063598F404B4C000B000B001A00FF7FA3
:107DD00080110020000000000000000000000000F2
:107DE000F81F010130800200DC1F0401020062065E
:107DF00009C8056E0704DC0650070607F41F0101D9
:107E000001000000FC1F01010000000020600100D3
:107E1000237000002C6002000050010F40B80040A9
:107E2000786001005063820BE8600100590B00008C
:107E30001470011000F8070014700130F500000004
:107E400018700110FF0000001870013000180000C9
:107E500070700300030101000F9C030006E049005D
:107E6000FFFFFFFFF01F01013F0037000400020089
:107E7000018014007F0000001800020000000000D4
:107E800000000000280007000000000000000000C3
:107E900000000000000000000000000000000000E2
:107EA000A00700004800010000000000540002008C
:107EB0000000000000000000A000040000400000DE
:107EC000FF4C000000410000FF4D000000200100B9
:107ED000040700001020010000000000182001002D
:107EE000088400000830010013AC000130300200AB
:107EF0002449100001000000403001000000000093
:107F0000A04001007A27000FB840010000C0A30084
:107F1000F4400100201000003441020080080000FD
:107F2000E6870000404102006D008800C0E6524D27
:107F30006041040000000000000000000600000096
:107F400006000000146003001000000020F9130474
:107F50000B0072002460020000800000000000039B
:107F600050600600FC0069004108000001000000AC
:107F7000B0070700700A0000000000007C600B00E2
:107F80009BC34A74F003000003800000BE0A000097
:107F90000101103050707F7F0000000000000000E1
:107FA000000000000000000000000000E46001008C
:107FB0008000D78BEC600500640483078813C83AFF
:107FC0009C20060000612000B75685200461030054
:107FD000383E12002030000088BB00002061010004
:107FE000001E000030610800E853FA0000000000A5
:107FF0000000000000000000000000000000000081
:1080000000000000010000001C7005006000050574
:10801000030050AB8200000000008001D50000008A
:10802000487002003C3D0000BC190000FFFFFFFF4C
:1080300010000000D75403000000000088800200F8
:108040008080020000000000001A9A00005A6202BC
:1080500080841E000420000024490002000000006B
:108060000000000000000000000000000000000010
:10807000D1841E000000000000000000000000008D
:10808000ED17000000000000193F01060410010078
:108090000001010600102700000900000000000098
:1080A00000006C6F7765722D6D61632D7261696C74
:1080B0002D3830322E31352E342E63006C696272C9
:1080C00061696C2E610000010304756E636C616967
:1080D0006D6564006275666665722D6D616E6167BF
:1080E000656D656E742E63006C65676163792D70D4
:1080F00061636B65742D6275666665722E630065DB
:1081000076656E742D71756575652E6300000700C8
:10811000100008001A0006001100020011000400FF
:10812000040001000400090008000A000A000B0016
:108130000200000000000000FF820200B98202007D
:108140000000000000830200F55D02000000000056
:108150007D5D02007F5D020000000000815D020085
:108160009182020005830200F65D02007E5D02003E
:1081700000000000825D02008C8102007A5D020036
:108180007C5D0200805D02007B5D02000002030452
:108190000508090A0B0001020304051D2000000068
:1081A000434D0200AD1C0100C147010071DE01001A
:1081B000D14A01007B3702007D370200813702007F
:1081C000833702007F3702000DA90100818301007F
:1081D00021C40100691A0100293A01007537020023
:1081E0001D86010077370200113101007937020046
:1081F000BB100200B1D8010063F0010000000000D4
:108200007A69676265652D75707065722D6D616341
:108210002E63006E65696768626F722E630061731A
:10822000736F63696174696F6E2E630000130000E1
:10823000000000000000000001000000998901001A
:10824000020000009B47020003000000F1880100CB
:10825000040000001547020005000000918801009D
:1082600000000000000000000023001B2200FF00AF
:10827000000000000C090202000000001C1A0B03A1
:1082800003FF06080402020204020A0B03030203AE
:108290000480FF0204FF010101010800000000004A
:1082A0000000003138323173005A69674265654118
:1082B0006C6C69616E636530398031313131003108
:1082C0003432323100313231003132003273003217
:1082D000383100383131003138323131003132310A
:1082E0003131323132323231730031323200313297
:1082F00031313232310032323800008F8E8C808042
:108300008006080C10806D61632D6D756C74692D8D
:108310006E6574776F726B2E6300FFFFFFFFFFFFC8
:04832000FFFFFFFF5D
:08832400FC7FFD7F0100000059
:0C832C003883020098100020F3000000CD
:10833800C0EA2101C0EA21010080000000F04902E2
:10834800AC1000200070070000900000B816002054
:10835800C8000000FE0000000000000050540200A9
:1083680068140020C0EA21015C56020033000000B6
:10837800D94400000030E70400C81803005C260553
:1083880019FCFFFF19FCFFFFEE000000D0070000FA
:10839800FC10002000000000D43300203C340020F2
:1083A800A4340020000000000000000000000000CD
:1083B80000000000000000000000000000000000B5
:1083C80000000000000000000000000000000000A5
:1083D8000000000000000000000000000000000095
:1083E80041230200785E0200FFFFFFFFFF25020025
:1083F800FB250200FFFFFFFFA5BD0000FFFFFFFFF9
:10840800FFFFFFFFFFFFFFFFFFFFFFFFFFFFFFFF74
:10841800B92702002F2C0200FFFFFFFF0000000019
:108428006400000020A10700000000008D05010085
:1084380000000000B9400020000000007C39002046
:1084480009030100BD2E0100BE82020000000000E9
:108458000000000000000000000000007C3900203F
:108468004110010000000000BE8202000000000070
:1084780000000000000000000000000019320200A7
:108488007C390020D11A0100BD2E0100BE820200F5
:1084980000000000000000000000000000000000D4
:1084A8007C390020B9230100BD2E0100BE820200E4
:1084B80000000000000000000000000000000000B4
:1084C800CA8002007C390020193F0100000000002A
:1084D800BE82020000000000000000000000000052
:1084E800000000007C3900207546010000000000F3
:1084F800BE82020000000000000000000000000032
:10850800000000007C390020D15501000000000067
:10851800BE82020000000000000000000000000011
:1085280000000000B80B00007C390020B1590100A0
:1085380000000000BE8202000000000000000000F1
:1085480000000000000000007C390020D16201001A
:1085580000000000BE8202000000000000000000D1
:1085680000000000000000007C39002011640100B8
:1085780000000000BE8202000000000000000000B1
:1085880000000000000000007C390020593D020076
:1085980000000000BE820200000000000000000091
:1085A80000000000000000007C3900202D67010059
:1085B80000000000BE820200000000000000000071
:1085C80000000000000000007C3900208D6B0100D5
:1085D80000000000BE820200000000000000000051
:1085E80000000000000000007C390020BF490200A4
:1085F80000000000BE820200000000000000000031
:1086080000000000000000007C390020D1C30100F8
:1086180000000000BE820200000000000000000010
:1086280000000000000000007C390020FDDE010091
:1086380000000000BE8202000000000000000000F0
:108648000000000000000000FFFFCEFAEFBE2C0182
:10865800001E001E2C014006FFFFFFFFFFFF0E005B
:108668000000000004F8FFFFFDFF9C000000FDFF74
:10867800FFFFFFFF60EA8000800010C1CDAB000063
:108688004000010101FFFF02FF0F0208031E05025F
:1086980016010A0C050A07051001010F080101015E
:1086A80004EEEEEEEE01FFEEEEFFFF0301FF0EFE1D
:1086B80001FF7F0150403000FFFFFF0B03FF64FF05
:1086C80001FF050B01030105020201FFFFFFFFFF88
:1086D800FFFFFF010102FFFFFF00000030BF422340
:1086E800013BFDD1024A5368DB00FCD4704700BF50
:0C86F80000300E40FD020000D502000022
:040000030000041DD8
:00000001FF
