:10000000002000201D170000A94F0000AD4F000088
:1000100055990200B14F0000B94F000055990200F8
:100020005599020055990200559902005599020010
:10003000BD4F0000BC4F03005599020055990200C6
:100040005599020055E202005599020055990200A7
:100050002924010065E2020061E20200352C010062
:1000600059E2020015190000559902005599020045
:100070005D0E000055990200559902005599020045
:1000800055990200559902005599020055990200B0
:1000900055990200559902005599020055990200A0
:1000A0005599020055990200559902005599020090
:1000B000692C01005DE20200994D010061620000BF
:1000C000A52C010055990200654C010055990200CC
:1000D0005599020055990200559902005599020060
:1000E0005599020055990200559902005599020050
:1000F0005599020055990200559902000000000030
:100100002DE9F04F93B0CDE90A329DED1C7BDDE97E
:100110001E530E9353EC172BCDE9080110461946D8
:100120008DED067B209E28F079FC80B1DDE906018B
:10013000C94B4FF0FF3228F099FC40B9DDE90601C8
:100140004FF0FF326FF4801328F072FC80B10E9BE9
:100150002096CDE91E539DED067BDDE90A32DDE9EF
:1001600008018DED1C7B13B0BDE8F04F00F08CB999
:10017000DDE906010022002328F05AFC002800F0E7
:100180003681DDE906A303F1004BCBF30A5016F4E8
:100190008063A0F2FF3008BF06250F9328F06CF9AA
:1001A0009DA3D3E9002328F0D1F99DA3D3E900232F
:1001B00028F016F8CBF31304894644F07F518046AB
:1001C000A64B0022504641F4401128F007F896A3B0
:1001D000D3E9002328F0BAF902460B4640464946C7
:1001E00027F0FEFF28F04CFC044628F045F990A3C8
:1001F000D3E900238046894628F0A8F9984B0022CD
:1002000027F0EEFF28F03CFC8BA3D3E90023074640
:100210004946404628F09AF980463846894628F0F3
:100220002BF987A3D3E9002328F090F902460B4667
:100230004046494627F0D2FF02460B46CDE90C2343
:1002400028F084F9DDE90C238046894610461946DA
:1002500027F0C6FF834BCDE91001002240464946F6
:1002600028F09EFA804B002227F0BAFF02460B4688
:100270004046494628F094FA7C4B002227F0B0FF14
:1002800002460B464046494628F08AFADDE90C232F
:100290008046894600204FF0804127F09FFF0246AC
:1002A0000B464046494627F09BFF02460B46DDE9D8
:1002B000100128F075FA07F2FF376D4B002227F086
:1002C0008FFF00223B0528F041F952465B468046ED
:1002D000894628F0CBFB002840F08C80CDE90C89C2
:1002E00004F16303C72B34BF0427052731051ED54E
:1002F00055A3D3E900235046594628F0ADFB00280A
:1003000000F0828052A3D3E900235046594628F0DA
:100310008FFB002878D0A542C8BF2C1B4FF00007E8
:10032000CCBF04F1FF35002546F480663C460E9BA9
:100330009F4234BFA3EB07084FF0000816F00209F4
:1003400003D0002F18BF4FF000083CB1504659466B
:10035000DDE90C2328F024FA82468B46DDE906010C
:100360000022002328F064FB10B10BF100439B46F0
:1003700026F40063CDE90383CDE900ABDDE90A3261
:10038000DDE90801029500F07FF802465FB316F040
:10039000200F00F10105DDE909130CBF65204520A0
:1003A000089EB0470523059300220A23002CCDE9BF
:1003B000023207F1FF374FEAD473B8BF64420193AA
:1003C0002A46DDE908010A9B049700942CF0A9FF56
:1003D0000246B9F1000F06D00B9BC41A0B9B1A19E9
:1003E0000E9BA34246D8104613B0BDE8F08FDDE95E
:1003F00006ABCAE61C4B00224046494628F0D0F91D
:10040000013CCDE90C016BE7002D90D00F9B002B38
:100410008DD0013D8BE700BFFB799F501344D33F44
:10042000B3C8608B288AC63F61436F63A787D23FFA
:1004300071A379094F930A401655B5BBB16B0240C1
:10044000EF39FAFE422EE63F2D431CEBE2361A3F0F
:100450000000000080842E41FFFFEF7F0000F83F86
:100460000000E03F00002C40000024400000184045
:100470000000F03FDDE90913089D2020A847013462
:10048000ACE700BF000000002DE9F04F97B0DDE9B8
:1004900020ABCDE90501CDE90723504652465B4626
:1004A0005946DDE92257249E28F0B8FA70B9032393
:1004B000CDE922762193B44B2093DDE90501DDE9F6
:1004C000072317B0BDE8F04F2CF04BBE4FF0FF32C2
:1004D0006FF480135046594628F0AAFA28B1042335
:1004E0002193CDE92276A94BE6E7A94B4FF0FF32E5
:1004F0005046594628F0BAFA68B1A64A06F00403F5
:10050000002B08BF0322A44B1CBF13460422CDE9D5
:1005100022762192D0E798A3D3E90023504659468A
:1005200028F0A4FA38B996A3D3E9002350465946D7
:1005300028F07EFA68B1DDE90723DDE90501CDE9A0
:100540002376CDE920AB229517B0BDE8F04FFFF739
:10055000D7BD002200235046594628F069FA0028EA
:1005600000F09A805B4652460020002127F036FEBC
:10057000012382468B46099316F4806400F08E8036
:10058000092D40F28E800EABA5F109020024302126
:100590000134202C03F8011BA5EB040901D094427F
:1005A000F6D15946504628F06BFA7C4B03EBC90351
:1005B00093ED007B05468DED0A7B27F05DFF02463B
:1005C0000B465046594627F009FEDDE90A2327F07D
:1005D000BDFF02460B46CDE90C2328F079FA804690
:1005E00027F03AFF02460B46DDE90C0127F0F6FD45
:1005F00002460B46CDE90C23694B002228F036FA5F
:10060000002851D008F10108404627F025FF024696
:100610000B46DDE90A0128F015FA10B101354FF05B
:100620000008B9F1000F50D1284627F025FF0246F7
:100630000B465046594627F0D1FD594B00228046C3
:10064000894628F0F5F930B1554B0022404649461D
:1006500028F00CFA10B1E80700D501350EAB1A19D5
:100660000A21202C0AD095FBF1F001FB1055303502
:1006700002F8015B013405460028F2D106F00302BE
:10068000012A5FD1002F5DD0099A12B916F00C0F24
:1006900000D0013F302244E009906DE74FF0060999
:1006A0007FE7A94600247CE7DDE90C013C4B0022F2
:1006B00028F0BEF90028B4D1B8F1000F02D018F02C
:1006C000010FAED008F10108ABE70EAB23440A21BD
:1006D000202C0DD0B8FBF1F001FB10823032B8F1C4
:1006E000090F03F8012B09F1FF3904F1010411D8B6
:1006F000A1440EAA3021202CB0D0A14504F1010361
:100700000AD11C4609F158030DEB03092E2309F801
:10071000203CA3E78046DBE7A1541C46EBE71A55D3
:100720000134A7420ED9202CF9D1CDE90034CDE90E
:100730000276DDE90723DDE905012CF012FD17B093
:10074000BDE8F08F202CF0D0099A3AB104F158029C
:100750006A442D2102F8201C0134E6E7710704D514
:1007600004F158026A442B21F4E73207DDD504F185
:1007700058026A442021EDE70000000065CDCD411C
:100780000000000065CDCDC1F2950300F695030091
:10079000FFFFEF7FE9950300EE950300009603004D
:1007A0000000E03F0000000070B58EB02C22002158
:1007B00003A830F0ADFE64234FF00232CDE90523EB
:1007C00008930B238DF83430514B1B880121D80737
:1007D0008DF8101000F19680084614F0EFFA4D4B9A
:1007E0004D494E484E4C0A221A704FF42873ADF80A
:1007F000123013F0FDFE206020B94A4840F25B2120
:1008000004F0D0FA206805212DF00EFB20B14548F8
:1008100040F26B2104F0C6FA206800F06FFF424BF3
:10082000206819682DF0A9FB15F0AAF90C2568437A
:10083000099015F0A5F9684307900DEB05012068B4
:100840000EF0E0FE20B137484FF4207104F0AAFA10
:100850003649206800222DF01BFC20B1314840F2BF
:10086000822104F09FFA324E324D96F9000040F298
:1008700003532B807F284FF00503AB7001D114F098
:10088000FBFB3378EB7015F07BF900EB8000800008
:10089000A88015F075F90023C000E880AB604FF028
:1008A000FF3019A3D3E900234FF0FF3114F042FCCD
:1008B000214920682DF098FF206802A92DF0C2FB85
:1008C00020B1184840F2BB2104F06CFA04222068E1
:1008D0000DEB02012DF03FFB042804D0114840F23B
:1008E000BE2104F05FFA01A901202EF0C0F804F047
:1008F0009FFB012015F0E2FB29F07DFA15F008FCC2
:1009000014F0E0FA0EB070BD0A0020FF42030000B0
:1009100018520020BC550020E54D01003C2200206B
:100920004049002082B8030004210020CA5500205D
:100930008025002034490020854F01000348044BE6
:10094000834202D0034B03B118477047D0250020E3
:10095000D0250020000000000548064B1B1AD90FC7
:1009600001EBA301491002D0034B03B118477047B4
:10097000D0250020D02500200000000010B5064C36
:10098000237843B9FFF7DAFF044B13B10448AFF300
:1009900000800123237010BD985200200000000049
:1009A00048BC030008B5054B1BB105490548AFF32A
:1009B0000080BDE80840FFF7CFBF00BF0000000087
:1009C000C028002048BC0300A3F5803A704700BF50
:1009D000174B002B08BF134B9D46FFF7F5FF002177
:1009E0008B460F461348144A121A30F091FD0E4BF5
:1009F000002B00D098470D4B002B00D098470020CB
:100A0000002104000D000D48002802D00C48AFF36F
:100A1000008028F0C3FB2000290028F079FC28F092
:100A2000EFF900BF00000800000000000000000017
:100A300000200020D02500202056002000000000CB
:100A40000000000010B50A4C23680A2803F10103D6
:100A500023600AD1072A08D90B7833B94B7823B918
:100A60008B7813B9486800F035FA002010BD00BF3C
:100A7000E828002010B50E489DF80C1003680133DB
:100A800003600C4B19700C4B49B90C4801240470DD
:100A9000196012B10A4B52881A80002010BD1868E4
:100AA0004FF6FE718842F4D819680131F0E700BFB3
:100AB000E028002029250020DC2800209C5200206E
:100AC000E824002010B5034608B9002010BD0168D5
:100AD0000029FAD0194849880268194C013202608D
:100AE000184A01201070184AD87C1180174AB1F5B5
:100AF0007C4F10709A7B22700ED1002AE5D09A8923
:100B0000197D9B688A4286BF521A92B2002219440C
:100B100000F016FA0120D9E7B1F56F4FD5D1002AC0
:100B2000D3D09A89197D9B688A4286BF521A92B2A5
:100B30000022194400F014FAECE700BFE42800207A
:100B40002A2500209C520020EA2400202B2500208A
:100B5000912808B50CD10B4B00221A702AF0BDFE6B
:100B600028B928F0A7FB10B1074B01221A7008BD65
:100B70009028FCD1034B01221A70BDE8084000F018
:100B8000CBB900BF9C5200209F52002037B5114DB9
:100B900004462868013028600F4804700F4801702F
:100BA0000F490A700F4A13700F4B00930F4A104BF6
:100BB00001940121042008F0D9F901231CB10D4A48
:100BC000137003B030BD0C4A137003B0BDE8304061
:100BD00000F0A2B9D8280020282500209B52002030
:100BE0009A5200209952002081900300E5150300DD
:100BF000E01503009F5200209C52002010B5054CC8
:100C0000206830B128F03AFB236898422CBF0020BE
:100C1000012010BD3429002070B505F0EBF8064620
:100C20000D4605F001F9094B1C68094B1B6802468B
:100C3000E41A30460023294627F06AFF054B064A8E
:100C40002044186013680133136070BD80290020B0
:100C50007C290020782900207429002008B528F07C
:100C60001BFB48B1054B1B7803F0FF0023B1044B7D
:100C70001878B0FA80F0400908BD00BF9C520020EF
:100C8000A252002070B5064E04464518AC4200D171
:100C900070BD14F8011B304629F0A6F8F6E700BF36
:100CA000000001400F4B10491A6802F00F0207289C
:100CB00088541A6802F101021A600C4B187004D1B2
:100CC0000B4A1368013313607047082801D1094AA1
:100CD000F7E7052801D1084AF3E72328F4D1074AAA
:100CE000EFE700BF58290020A4520020A3520020A3
:100CF00054290020502900204C2900204829002098
:100D00001A4A136801332DE9F0411360431E012B89
:100D1000054614D8164A13680133136028F0AEFA5A
:100D2000092804460BD9012DDFF85C80114F124EC3
:100D300007D0012388F8003000233B703370BDE8F2
:100D4000F08128F09BFA0D4B0D4A78301860002393
:100D500088F800503B703370136813B1E31A022B0C
:100D6000EDD9084B146001221A70E8E744290020ED
:100D70003C2900209C520020A15200203429002050
:100D800038290020A0520020A252002008B528F0E7
:100D900083FA28B9FFF732FF10B1024B01221A7013
:100DA00008BD00BF9F520020F0B5C5B01C464A9B4D
:100DB0000E4611460BB1224A1360224A13680133D2
:100DC0001360214B1870214B1E7000231A469DB2F0
:100DD000AC4201D9042B2ED11D4BB4F5807F1A6093
:100DE00027D81C4A8DF80A0000238DF808301378A4
:100DF0008DF809305F1C63BA02AD1770EE70AB80DE
:100E000024B122460DF10E0030F0A8FB0634A4B246
:100E1000114B01224FF46F41CDE9005409200AF033
:100E200015FA012108460AF051FA002108462BF074
:100E3000CEF845B0F0BDCD5C013345EA0222C6E7ED
:100E40005C29002064290020B5520020B452002003
:100E500060290020B6520020FB15030070B50D4C30
:100E60000D4D0E4E23691B0602D40423A36470BDEE
:100E7000204628F0B3FF2B889BB25A1CDBB292B2FB
:100E80002A80F054064A136801331360054B18702A
:100E9000E8E700BF00000140364C0020B9520020B6
:100EA00084290020B852002038B5084B186004F09F
:100EB000A1FF05460C4604F0B7FF00230246214679
:100EC000284627F025FE024B186038BD80290020F7
:100ED0007C29002038B5431E033312D8094C0A4B35
:100EE000044420461D68FFF7DFFF084B084A1C60DA
:100EF00013680133136025B9BDE83840054800F098
:100F000069BA38BD80436D388029002070290020DF
:100F10006C29002088290020064A13681BB1064965
:100F20000B6801330B6000231360044A137008F050
:100F300017BA00BF342900202C2900209F5200201E
:100F400030B4054D2C68013413462C600A4630BC81
:100F50000146024800F0CCBA282900208829002048
:100F600030B4054D2C68013413462C600A4630BC61
:100F70000146024800F044BA2429002088290020B4
:100F800030B58BB028F0AFFD01210446084604F0CF
:100F9000D1FA204628F0ABFD2A482B4D09F0C0FBC2
:100FA0002A48012100F0D2FD2948012100F0CEFDA0
:100FB000002108460123042201F03EFE0023012205
:100FC0001146184601F038FE0FCD03AC0FC495E86A
:100FD0000700204D84E8070003A9284628F0C0FE3A
:100FE00000240323AC676B67EB6C43F00403EB64F2
:100FF000194B4FF480521A60184D1949284600F0D9
:101000008FF92846422500F0C5F92146154B009579
:10101000042201202AF000FF134B214618700522FC
:10102000124B009501202AF0F7FE114B114A18705F
:1010300041F27071CDE9004423460F4804F018FFD7
:101040000BB030BDB95300203416030000350A0040
:10105000003204000000014000E100E08829002087
:1010600018160300071603002E250020FD150300A7
:101070002D2500208D0D0000042900207FB56B4A2E
:101080006B4D1368013313602AF027FC694B18700D
:10109000694828F032F9694BC0B21870684828F0E6
:1010A00091F9684B1A785AB100221A70664A13688F
:1010B000013313602EF059FC644A012313702B7026
:1010C000634E33785BB1614C237843B128F0E4F888
:1010D00028B1604B1B7813B10023337023702B7839
:1010E0003BB128F0CBF80446FFF788FD002872D109
:1010F00028702AF0F2FB03280FD128F0BFF8564BD6
:101100001A68824209D8554A0A30186013680021CB
:101110000133012013602EF0A2FB514B1A7822B14B
:10112000002245481A7000F055F928F0B5F808B9C2
:101130004C4B187028F0B0F8002841D004F05AFE4B
:101140000C46064604F070FE002302462146304657
:1011500027F0DEFC434B1A78044642B90122364898
:101160001A7000F027F9404A1368013313603F4BAF
:101170001A68A2421AD80F341C600223002401937B
:1011800003AB224600930A21394BADF80C402046B0
:101190000AF05CF8012108460AF098F8214620463A
:1011A0002AF015FF334A136801331360324B1A6873
:1011B0001D2A05D900221A602EF0D7FB01232B70BF
:1011C0002E4C2F4D2F4E22882B8892B29BB29A42E2
:1011D0001CD104B070BD2C4E3368A34289D82AF0CC
:1011E0007CFB002885D105342870346008F0B8F8FD
:1011F00008F00EFA254A264B1060196811B91168DB
:10120000244A11601A6801321A6072E723880A487A
:101210009BB25A1C92B2DBB22280F35C8DF80C3088
:10122000012203A900F0BEF8CDE700BF002900208D
:101230009F5200202C250020882900209E5200204B
:10124000A4290020A052002040290020A152002003
:10125000A25200209C520020F028002030290020BB
:10126000B75200209D520020F8280020EC280020D2
:10127000FB15030068290020DC280020344C0020E6
:10128000364C0020B9520020F42800209C20002079
:10129000FC28002098200020064B1B6810B433B1B6
:1012A0005C6824B19A6923465DF8044B18475DF8E1
:1012B000044B7047EC2B0020074B1B6813B54BB158
:1012C0001C683CB19B69CDE90013438842684178B2
:1012D0000078A04702B010BDEC2B0020044B1B6827
:1012E0001BB19A680AB1986910470020704700BF87
:1012F000EC2B002030B5094A002312F81350854228
:1013000002EB430404D16078431A5842584130BD7F
:101310000133132BF1D10020F9E700BF5016030071
:1013200070B54FF419728AB00C460021064630F0B1
:10133000EFF80FCC35460FC50E4B1E60002305930A
:101340000D4B01930D4B02930D4B039394E8070053
:101350000C4B04930C4B06930C4B07930C4B85E8FA
:10136000070001A906F11C00CDE9083628F0AEF906
:101370000AB070BDEC2B002099120000DD120000B5
:10138000DD920200B9120000E3920200B99202005D
:10139000D1920200024B18601C3028F03DB800BF0B
:1013A000EC2B0020024B18601C3028F09EB900BFC7
:1013B000EC2B0020064B10B50446186027F091FF77
:1013C00028B104F11C00BDE8104028F022B810BD7F
:1013D000EC2B0020094B10B50446186027F081FF64
:1013E00050B11C342046002128F007F82046032184
:1013F000BDE8104028F001B810BD00BFEC2B002064
:101400002DE9F74F1D461C4B11F0FB0F0746144604
:1014100018600CD127F065FF48B1012D07D90234BF
:10142000023D07F11C086FF00309032D02D803B039
:10143000BDE8F08F668894F800A0617876BAB6B2FD
:1014400006F1040BAB45F2D8BAF1C80F07D1384604
:10145000FFF7C0FFA9EB06065C443544E5E75046BC
:10146000FFF748FF0028F5D00A460096231D514695
:10147000404627F0D6FFEDE7EC2B0020F0B51D46E7
:101480001A4B8FB004460E461746186027F029FF06
:1014900010B900200FB0F0BD00211820FFF72AFF7F
:1014A0000028F6D0FFF71AFF9DF858200392C319C1
:1014B000159A02921D449DF8502001920095B4F8AF
:1014C0006022314604A827F0D4FF0028E1D0B4F808
:1014D00060320133A4F860320022009004AB04F1C2
:1014E0001C00182127F09DFF0120D3E7EC2B0020E2
:1014F0002DE9FF411D46224B072907461446186077
:1015000004D008291FD004B0BDE8F08127F0E9FE1F
:101510000028F8D0032DF6D9668894F80080617809
:1015200076BAB6B2331DAB42EDD84046FFF7E2FEC5
:101530000028E8D00A460096231D414607F11C000A
:1015400027F06FFFDFE727F0CCFE0028DBD00B2D64
:10155000D9D9E07A2188D4F80220D4F80630A67AC6
:1015600000F10C0CAC45CED80C3449BA0290CDE950
:1015700000641BBA12BA89B23846FFF77FFFC2E790
:10158000EC2B00201FB50D4AAA230446082101A810
:10159000CDE9012327F0C8FE23688DF80C0053B174
:1015A000092101A898472368092101A898472368C1
:1015B000092101A8984704B010BD00BF55AA0355E2
:1015C00030B50A4C0A4B22680A4D1A6085B00A4BA6
:1015D0002B600A4B019303F0DDF82B68029001A900
:1015E0002068039328F000FE05B030BDAC20002039
:1015F0004C37002048370020A0200020054E030073
:10160000014B186828F004BEAC20002038B5084D06
:1016100003F0C0F82B680446D3F8B00203F0AEF82C
:10162000286828F008FE2046BDE8384003F0A6B838
:10163000AC20002038B500F03DFE0E480E4D0121D3
:1016400000F084FA012201241146104600F054FDF6
:10165000224621462046C5F8804000F04DFD204638
:10166000C5F884402246214600F046FDC5F8884072
:10167000002038BD30253E0000400E401A4B07B513
:1016800001225A641A6842F480721A6001A801F0BB
:1016900065FC9DF80530012B03D89DF80430022B22
:1016A0000DD9124B4FF41872C3F88C22104AC3F8AC
:1016B0009022104AC3F8F0220F4AC3F8F82203F030
:1016C0003FF802F0EFFF03F003F8FFF7B3FF29F054
:1016D00016F900F0BDF803F09BF800F053F903B0E1
:1016E0005DF804EB03F0F2BE00000E4000400E4037
:1016F0009A6F0500180100040084320808B50DF047
:10170000AFFF024B00221A7008BD00BFC15300207A
:10171000014828F061B900BF244E030008B500F06D
:1017200083F8124B12498B4212D3124B12490020FC
:101730008B4218D3FFF74CF9186850F822405868CC
:1017400040F82240013298688242F5D30C33EAE730
:101750000022F8E71C6844F8220001325C68A242CB
:10176000F8D30833E4E70022F8E700BF50BC0300D9
:101770005CBC03005CBC03005CBC03000048704719
:1017800000F04902104AD2F8943003F00703023BFC
:10179000032B13D8DFE803F00C14020E0B4B1B686D
:1017A000D2F80001C0F304200130B3FBF0F0704721
:1017B000074BF4E7074B1B685B08F1E7054BEEE7C7
:1017C0004FF40043ECE700BF00400E40D42000205F
:1017D000D8200020CC20002008B5FFF7D3FF054B10
:1017E000D3F80831C3F308230133B0FBF3F0024B05
:1017F000186008BD00400E40D0200020014B186842
:10180000704700BFD8200020054B1860054BD3F867
:10181000943003F00703022B01D1FFF7DDBF7047BF
:10182000D820002000400E40044B054A9A60D3F8AF
:10183000882042F47002C3F88820704700ED00E071
:1018400000000000014B1868704700BFD420002042
:101850000F4BD3F82838A3F17E62A2F58432B2F59B
:10186000605F10B511D219680A4A91420DD10A4C35
:10187000227812F0FD0F01D0002010BDDB699847DF
:101880000028FAD101232370F6E74FF48170F4E7C2
:101890000000E10F07B0CD5EC253002070B5D0B19B
:1018A000C9B10E4E431E013913F8014F325D02F0EB
:1018B0000302012A11F8012FB55C05F0030520464B
:1018C00008BF04F12000012D08BF2032801A01D189
:1018D000002CE9D170BD0120FCE700BF45BB03002F
:1018E00010B501210446094800F030F908480121EB
:1018F00000F02CF9A37820786178B3FA83F35B09C0
:10190000042201F099F9002010BD00BF40410500FC
:1019100000350A002DE9F041DFF86480D8F86070E6
:10192000D8F86C301F4000D5FEE7134C0126002587
:10193000374218D02368C8F86860A3B1A16862680C
:101940000131A16028469847637B012B0BD150B928
:101950000A4B03EB45131A7B60F341021A731A7F9B
:1019600060F341021A770135082D4FEA460604F16B
:101970001004DDD1BDE8F081AC2F0020AC2E00209A
:1019800000200E40024B1968024B18680CF0D0BFC3
:10199000DC200020FC20002070B594002246054683
:1019A0000E4628F0DBF9431C0AD058B922463146CE
:1019B00028462FF083FD0028034808BF002070BD93
:1019C0000248FCE70248FAE710E000F021E000F0EE
:1019D00024E000F010B5044601F000FA431C10D0DA
:1019E00088B901F0D9FA20F0030023462044984238
:1019F00001D1002010BD53F8042B0132F7D0034869
:101A0000F8E70348F6E70348F4E700BF0EE000F00C
:101A100021E000F024E000F008B528F064F8014B64
:101A2000186008BD1C370020014B186828F05FB80B
:101A30001C3700200C4B984205D90C4B984210D80B
:101A40000122012301E00022134609490B640949E0
:101A5000D1F8003123F0807343EA0263C1F800310A
:101A600070470222EDE700BF0048E8010090D00374
:101A70000000C84300400E400F4B5B680F4B30B571
:101A800000221C46C9B21D798D4202D11D688542D3
:101A90000DD20132052A03F10803F4D10321064ACD
:101AA000536823F0407343EA0163536030BD04EB95
:101AB000C2046179F3E700BF00000E40305003001C
:101AC00038B5074C41F67133256C2364FFF756FE99
:101AD000ADB20021FFF7D0FF0DB10023236438BD64
:101AE00000000E40044BDB6B5B0604D4034AD2F8C3
:101AF000C830002BFBD1704700300E400000C643B9
:101B000008B5FFF7EFFF024B5868C0F3014008BD6E
:101B100000300E40044BD3F84421D20703D4D3F84D
:101B200040211042FBD1704700400E4038B5064CB2
:101B3000256C41F671332364ADB2FFF79DFF0DB103
:101B40000023236438BD00BF00000E4038B5C0F349
:101B50000323013B092B11D8DFE803F00527101000
:101B60002B221D101511154DC0F3043405F142450B
:101B700005F5801504EBC5008000016038BD104DEF
:101B8000C0F30434F2E70F4DC0F304344FF4803057
:101B9000FFF7C0FFEAE7C0F304340B4D1020F7E76E
:101BA000C0F30434094D0120F2E7094DC0F30434B9
:101BB000DCE7084DC0F30434D8E700BF00400E4016
:101BC00050410E40F0400E40E8400E40E0400E40D4
:101BD000C0400E40B0400E40C0F30313013B092B40
:101BE0002AD8DFE803F0050B0F1929291F23374BEB
:101BF000274BD3F80001C0F304207047244BD3F8DF
:101C00001401F8E7224BD3F80031C3F3006301332A
:101C100001209840013870471D4BD3F80C01C0F3E8
:101C2000082070471A4BD3F80801F8E7194B98427F
:101C300004D0194B984207D000207047144BD3F8BA
:101C4000203103F00F03E3E7114BD3F82031C3F346
:101C50000113DDE7114B98420CD003F5B01303F5E7
:101C600080539842E8D10A4BD3F82831C3F30123BB
:101C70000433CDE7064BD3F82831E8E7084B984208
:101C8000DAD1034BD3F8300100F00300704700BFF6
:101C900000400E408006160080162E0090171A0095
:101CA000A009140000F00F000138072852D8DFE81F
:101CB00000F004152251313951412C4BD3F89430A6
:101CC00003F00703023B052B06D8DFE803F04B299E
:101CD000410305450B20704705207047234BD3F87F
:101CE000803003F00703013B042B17D8DFE803F033
:101CF0001830163638001D4BD3F8843003F0070334
:101D0000013B042B0AD8DFE803F00B2303292B0047
:101D100006207047154BD3F88830E2E70120704762
:101D200003207047114B1B6F13F0010F0CBF0720EE
:101D3000092070470D4BD3F85C3103F03003202BA2
:101D400010D0302B10D0102B0CBF07200120704773
:101D500002207047002070470C2070470A2070470F
:101D60000D207047042070470820704700400E4047
:101D700008B50146FFF796FF1A4B994212D01A4B4D
:101D8000994213D0194B994204D1194BD3F88000D2
:101D900000F007000138042822D8DFE800F00B0F1C
:101DA00017130B00124BD3F88400F1E7104BD3F854
:101DB0008800EDE7BDE8084027F0CDBDBDE808404C
:101DC000FFF740BDBDE8084027F0C8BDFFF7DAFCCB
:101DD000074BD3F80031C3F300630133D84008BD8B
:101DE0000020FCE7030020000500240002001E0084
:101DF00000400E4000F47813B3F5B01F10B5044650
:101E000074D025D8B3F5402F5ED010D8B3F5802F0D
:101E100049D005D83BB1B3F5003F4FD0002010BDED
:101E2000B3F5202FFAD1BDE81040FFF7ABBCB3F5F6
:101E3000801F00F08480B3F5A01F4DD0B3F5602F54
:101E4000ECD14A48FFF72EFF072878D00928E9E7A8
:101E5000B3F5381F53D013D8B3F5001F58D00AD8A4
:101E6000B3F5D01F56D0B3F5F01FD7D14048BDE829
:101E70001040FFF77DBFB3F5101FCFD13D48F6E707
:101E8000B3F5481F4DD0B3F5781F65D0B3F5401FAB
:101E9000C4D13948FFF76CFF384BD3F82831C3F36E
:101EA0000123043320E0FFF76DFC344BD3F80C31F1
:101EB000C3F308230133B0FBF3F0B0E7FFF762FC94
:101EC0002E4BD3F80831F3E7FFF75CFC2B4BD3F82C
:101ED0001431C3F30423EDE72648FFF749FF274BEE
:101EE000D3F8303103F00303D84098E72048FFF7D8
:101EF0003FFF224BD3F8203103F00F03F4E71C48D7
:101F0000FFF736FF1D4BD3F82031C3F30113EBE786
:101F10001948ACE71848FFF72BFF184BD3F82831C6
:101F2000F3E71748FFF7BEFE072808D0082809D0B6
:101F300004287FF473AFBDE81040FFF75FBC114B7E
:101F400018686CE7FFF71EFC0C4BD3F80031C3F3A5
:101F5000042303FB000062E7FFF714FC0146204660
:101F600027F0BCFDB1FBF0F059E700BF06000E0002
:101F700002001E00050024000300200000400E4067
:101F8000B80032000021002010B5FFF799FD094B81
:101F900007225A67FFF7F6FBFFF74CFDFFF71CFC23
:101FA0000446FFF7ADFD01462046BDE81040FFF7AF
:101FB000BDBD00BF00400E40014B1880704700BF00
:101FC000EC24002010B5042813D8DFE800F0470304
:101FD0002F132100294AC1F30801D2F86838002BD9
:101FE000FBD1274A136A23F4FF7323F001030B4349
:101FF000136210BD214A01F07F01D2F86038002B36
:10200000FBD11F4A136923F07F030B431361F0E7F1
:102010001A4A01F07F01D2F86438002BFBD1184A2C
:10202000936923F07F030B439361E2E7144AD2F8EC
:102030009030536A23F0300343F010035362146B63
:10204000104BC1F3C31003300F2803EA040328BF69
:102050000F200B4343EA00731363CAE74F29074A73
:1020600028BF4F21D2F87438002BFBD1044A936B60
:1020700023F07F030B439363BBE700BF0020C843FB
:1020800000400E4000F8FF0F104A536A13F0300F63
:1020900018D0202913D0302914D000290C4B08BFA8
:1020A0004FF44003D2F8901033EA0101FAD15B02F9
:1020B00046BFD2F8A000C0F38020012070474FF443
:1020C0000003EFE74FF44003ECE700BF00400E4091
:1020D000FFF3E17F02280AD129B1064B4FF480605B
:1020E000C3F8A800596612B10220FFF7CDBF012046
:1020F000704700BF00400E40F7B507460C46154636
:10210000072800F28680DFE800F029303C41368461
:10211000840401A800F022FF9DF80530012B03D8AC
:102120009DF80430022B18D9002C74D14FF40041D3
:102130000E240F23474801220166A240D0F89010D8
:102140001142FBD1002D64D00122424902FA03F36F
:10215000D1F890201A42FBD15BE0FEE7002960D164
:102160004FF4007108240923E4E700295ED180219F
:1021700006240723DEE700295CD12021042405235F
:10218000D8E741B9082102240323D3E7002955D118
:1021900002210123CEE72F4A536A13F0300F51D1A9
:1021A0002D4BDB6B536ADB0741BF536A23F03003CF
:1021B00043F010035362042602230321254A1666C6
:1021C000264A13449B0018680028FCD00DB3114424
:1021D0008D002B68002BFCD0022F1AD1CCB11D4CE6
:1021E000616A11F0010131D0012220213846FFF748
:1021F00071FFD4F89C70012200210220FFF77CFFC0
:10220000C7F30A010220FFF7DDFE26662B68002BCC
:10221000FCD003B0F0BD4FF480460E230F21002404
:10222000CCE74FF4807608230921F8E740260623FF
:102230000721F4E7102604230521F0E701260023F7
:102240003146ECE7042602230321E8E73846FFF78E
:102250001BFFCEE700400E4000300E408004F2101D
:1022600010B50246B8B901221146FFF745FFFFF746
:1022700027FC0F4B04225A67FFF784FAFFF7DAFBBB
:10228000FFF7AAFA0446FFF73BFC01462046BDE8EB
:102290001040FFF74BBC012807D10146FFF72CFF88
:1022A000FFF70EFC024B0322E5E7FFF709FCE3E72B
:1022B00000400E4038B5FFF7A1FA0021044600F0B7
:1022C00087FA1248FFF7B6FB012211460220FFF7FA
:1022D00013FFFFF7F5FB0CB1FFF704FC0C4B0222D8
:1022E0005A67FFF74FFAFFF7A5FBFFF775FA0546A8
:1022F000FFF706FC01462846FFF718FC2CB92046DC
:102300000121BDE8384000F063BA38BD0148E8015A
:1023100000400E40012210B511460320FFF7ECFEED
:10232000FFF7CEFB084B05225A67FFF72BFAFFF7A2
:1023300081FBFFF751FA0446FFF7E2FB0146204616
:10234000BDE81040FFF7F2BB00400E4010B5044658
:102350001120FFF7A7FC002101220220FFF7CCFE8D
:10236000184A217C536A23F00103022908BF43F075
:1023700001035362144B2178C3F8A014637AA18837
:1023800043EAC123D362136BA07A217A03F07F63FF
:102390000343E08843EAC02343EAC11303310F2912
:1023A00028BF0F2143EA01731363A37B617B1B01E9
:1023B00043EA0133E17B0B43217B43EA014353634F
:1023C00010BD00BF00400E400000C843034B5868DA
:1023D000C0F30800003818BF0120704700ED00E08E
:1023E000034BD86B80F04000C0F38010704700BFF3
:1023F00000300E4042EA0322B2F5007F10B5194CBE
:1024000029D00AD8B2F5807F22D040F201139A4237
:1024100015D062B9D4F81C320BE0B2F5407F1DD064
:1024200040F201339A4210D0D4F8283201E0D4F8B7
:102430002432C3F30722DBB203600A6010BDD4F874
:1024400024321A0EC3F30743F6E7D4F82832F8E72C
:10245000D4F81C32F5E7D4F82032EAE7D4F8203279
:10246000EFE700BF0081E00F08B5FFF7B9FF20B12B
:10247000024AD2F8C830002BFBD108BD0000C64389
:1024800008B5FFF7ADFF80B1FFF7EEFF074B196806
:102490005A68C1F30121C2F3014291421A688CBF0C
:1024A00042F0100222F010021A6008BD00300E4007
:1024B000064B1B68DB0608D5054B1B69C3F30443B9
:1024C000082B02BF034B044A1A60704700300E40CD
:1024D00000400E40CC200020C0EA210170B5FFF77B
:1024E0007FFF38B12D4B1A781023C2F102029340BE
:1024F0002B4A13612B492C4DD1F8804145F60E0330
:10250000C1F880312B6823F0AA03DB05DB0D0B66D5
:10251000FFF7AAFF224B1B68D80604F0010415D56B
:10252000D1F84031DA01FBD4204B1B680B61204B02
:102530001B78052B0AD11F4B1E68FFF795FF184B20
:1025400059683046C1F30141FFF7F0FA184B1B7888
:10255000023B0A2B0AD8DFE803F006151709090920
:102560000909091A1D000020FFF77AFE2B68DB0716
:102570005EBF0C4B02221A661CB10A4B0022C3F844
:10258000802170BD0120EFE7FFF794FEEEE7FFF733
:10259000C1FEEBE7FFF7F8FCE8E700BFC3530020FC
:1025A00000300E4000400E4024370020203700202D
:1025B000C4530020CC20002010B50B4C0B4BD4F89A
:1025C00090201A601120FFF76DFB094B1870FFF780
:1025D0004BFF084B084A5B68C3F301431370074B7A
:1025E00022691A6010BD00BF00400E402437002051
:1025F000C453002000300E40C35300202037002079
:10260000064942780B6823F4407343EA0223022A06
:102610000B6004BF024B5B6A704700BF00300E4086
:1026200000400E4010B5044608B1FFF7C5FFFFF7A4
:1026300027FF144A136943F00403136127F078FB62
:1026400027F077FB104B114AC3F8242403F55923D4
:102650001B68DB060ED527F046FA2EF0ADFF27F0FB
:1026600046FA27F067FB03F09FF92CB1BDE8104054
:10267000FFF734BF30BFF4E7FFF71AFFBDE81040A3
:10268000FFF7AAB800ED00E000A000400000FFFF47
:1026900010B5044608B1FFF78FFFFFF7F1FE1A4BA4
:1026A000D3F8802145F60E01D207C3F8801148BF48
:1026B00000224FF42071196648BFC3F88021134AE5
:1026C000136943F004031361114B124AC3F8242425
:1026D00027F02EFB104B1B68DB060CD527F003FA06
:1026E0002EF06AFF27F003FA03F05EF92CB1BDE883
:1026F0001040FFF7F3BE30BFF6E7FFF7D9FEBDE8A5
:102700001040FFF769B800BF00400E4000ED00E048
:1027100000A000400000FFFF00300E400E4A037989
:10272000916921F03F010B43017843EA810341782D
:1027300043EA4103817843EAC103C178012908BF14
:1027400043F0010393611368417923F4403343EA72
:1027500001431360704700BF00300E402DE9F04187
:1027600004460D46FFF73CFE60B3DFF86080FFF7DC
:102770007BFED8F80430C3F301439C4222D0124BB5
:10278000D3F80031FEF7FEFF022C07464FF010068B
:1027900009D12146FFF7CAF9C8F8106095B1BDE824
:1027A000F041FFF761BEC4F102039E40C8F810601B
:1027B0000DB1FFF759FE2CB921463846BDE8F0416E
:1027C000FFF7B4B9BDE8F08100400E4000300E4084
:1027D00038B505460C46FFF703FEB8B145B90C4BBA
:1027E000D3F80051FEF7CEFFC5F3042505FB000525
:1027F000084B1B7821463BB1074B9D4204D8022071
:10280000BDE83840FFF7AABF0020F9E738BD00BF98
:1028100000400E40C5530020002D3101034B0278CB
:102820001A7001210020FFF7D3BF00BFC55300205D
:10283000174B4AF6E85210B5596B5A639A6FD40792
:10284000FCD41B6C13F0030306D0124A01249842F7
:10285000C2F8B44A05D110BD18B90E4BC3F8B40A7A
:10286000F9E70B4B9A6FD207FCD41A6C22F00302E3
:1028700002431A649A6F12F00102FBD10038054C32
:1028800018BF01200129C4F8B40A08BF5A63E2E75F
:1028900000300E400000C6432DE9F04F00238BB0FE
:1028A000CDE90433CDE90633CDE90833A0F5E16382
:1028B000B3F5966F05460191934603D900200BB0FE
:1028C000BDE8F08F624BDFF88C81D3F81842B0F589
:1028D000E16F15BF4FEA146AC4F3072AC4F3074433
:1028E000E4B20694CDF824A0D8F84C60C6F3017683
:1028F0008CBF01220022334607A904A815BF4FF45C
:10290000E1674FF496674FF496694FF41679039296
:10291000FFF770FDD8F8E030039AC3F3012308A94C
:1029200005A80293FFF766FDA5EB070CAAEB0402CE
:102930000CFB02F2B2FBF9F214445445079F0498D1
:10294000089A0599BAD8A2EB010E0CFB0EFEBEFB4D
:10295000F9FE11EB0E012CBF4FF0010E4FF0000EEF
:102960008A42ABD3BEF1000FA8D13A1A0CFB02F297
:10297000B2FBF9F280182CBF0122002287429DD3BE
:10298000002A9BD1029BBBF1000F0FD0D8F85C202E
:10299000B5F5E16722F4FE4218BF012722F00202DA
:1029A00042EA470242EA0422C8F85C20019A0AB9C6
:1029B000012084E7264A022ED2F830223ED0032E90
:1029C0003FD0012E14BFD2B2C2F30722120312F479
:1029D000702F7FF473AF1F4EF46E24F470442243C3
:1029E000F2661B4A022BD2F830222CD0032B2DD0BA
:1029F000012B14BFD2B2C2F30722120312F4702FBC
:102A00007FF45CAF134CD4F8E03023F470431343ED
:102A1000C4F8E030636E884238BF084623F4FF7381
:102A2000E72823F0010328BFE720B5F5E16F18BFC1
:102A300043F0010343EA40036366B9E7C2F3074288
:102A4000C4E7120EC2E7C2F30742D6E7120ED4E77C
:102A50000081E00F00300E402F4B1A6FD96C11F03F
:102A6000010F02F0060242D0002A40D013284FD9AD
:102A7000143813288CBF102308232749013BCA6C44
:102A8000180322F47F4240EA03231343CB64234B11
:102A9000CA6C1B88C2F303222833013202EB820086
:102AA00003EB5303B3FBF0F3C86C013B072B28BFC8
:102AB000072320F0EE6040EA036343F48013CB6405
:102AC000174BB3F90030002B10DB2833500800EB14
:102AD000420203EB5303B3FBF2F30A6D072B28BF4B
:102AE000072322F0700242EA03130B657047D96C8A
:102AF00001F00101114304D1092809D90A38092834
:102B0000B8E7DB6C13F00103B7D01AB92728B1E797
:102B10000423B2E70023B0E700300E403C4C002015
:102B2000384C0020064A074BD3F88039136F23F046
:102B3000070303431367044B1888FFF78DBF00BFDB
:102B400000300E400000C6433A4C00202DE9F04111
:102B5000C288B0F808808588B0F90C6047784A2AA6
:102B600004464FD9B2F5FA7F4ED340F6C3139A42CA
:102B70008CBF4FF040524FF000522849CB6C23F0ED
:102B8000405323F00103002EA8BF43F00103134379
:102B9000CB64D1F8E03043F44073C1F8E030204B0F
:102BA0001D80CB6E43F08073CB661E4BD3F880093B
:102BB00000B10420FFF7B6FF1B4BA3F800801B4BAE
:102BC00028461E80FFF748FFA37B03B3012B22D0CA
:102BD000012260881146FFF75FFE054678B10F4A73
:102BE000D36B43F48063D3633846FFF721FEA37AA7
:102BF000A3F12002534253410A4AC2F894372846AF
:102C0000BDE8F0810022B8E74FF08052B5E7034BF2
:102C1000074A9A65DCE7014B064AFAE700300E40A6
:102C20003A4C00200000C6433C4C0020384C0020A9
:102C300077402057372110B700EB4000F8B50D461C
:102C40001F46040116463AB1154801238B40204423
:102C5000C7B100F1C0600360072D4FF00F0114D819
:102C6000AB00104806FA03F29940204427F067F8B9
:102C70003EB90B4A0123AB40224477B102F1C06256
:102C80001360F8BD00F18060E5E7A5F108039B0043
:102C9000054806FA03F29940E7E702F18062EFE7A0
:102CA0000CA0004004A0004008A00040054B5A685A
:102CB0005B68054B41F671321A649A6822F0010292
:102CC0009A60704700300E4000000E40034B9A6837
:102CD00022F001029A6000221A64704700000E4040
:102CE000094A0A4BD969C90705D512B96FF0020024
:102CF0007047013AF6E7002AF8D001221861DA603D
:102D0000D86940F3800070478096980000000E401C
:102D100070B509B9002070BD0E4A0023082550F88F
:102D2000234094610C4CD5600133D669F60705D574
:102D300014B96FF00200EEE7013CF6E7002CF8D082
:102D4000D469A40702D49942E9D1E3E76FF0010006
:102D5000E1E700BF00000E40809698002DE9F8439F
:102D60001C4B0D4641F671311E6C19641A498046A0
:102D700048684968996841F00101B6B299609708BE
:102D80004FF00009B94501D3002005E008EB8904A4
:102D90002046FFF7A5FF48B10E4B9A6822F00102CA
:102DA0009A600EB100221A64BDE8F883C4F30A01E8
:102DB000C1F500618908A7EB0903994228BF1946AC
:102DC0002846FFF7A5FF0028E6D1894405EB8105D9
:102DD000D8E700BF00000E4000300E40234B41F604
:102DE00071311A6C10B5196421494C6849689968A9
:102DF00041F00101996001211861D960D9694C073E
:102E000092B209D5996821F0010199600AB10022B6
:102E10001A644FF0FF3010BD0221D9601549D869FE
:102E2000C00700D569B9D86910F002000BD09968C5
:102E300021F0010199600AB100221A646FF00100CB
:102E4000E9E70139EBE741B9986820F001009860A3
:102E500002B119646FF00200DDE7996821F0010109
:102E600099600AB90020D6E71864FBE700000E401D
:102E700000300E4080969800014B01229A60704706
:102E800000500E40134B1449F0B500225D68134EFC
:102E90001046D6F8E8714C680B687F070BD4B3F581
:102EA000006F06D012D8B3F5007F02D0B3F5806F63
:102EB00001D144F480742B4202D02C4208BF184345
:102EC0000132092A01F10801E3D1F0BDB3F5803FD9
:102ED000EEE700BF00500E40585003000040E00FE6
:102EE0008B784A789B0143EA82030A781343CA78B5
:102EF00043EA02130A7943EAC2234A7943EA0233D6
:102F00008A79043043EA42430001014A1350704772
:102F100000200440014B1860704700BF000084424D
:102F2000437882789B0043EA021302781343C27805
:102F300043EA4213027943EA0223427943EA023325
:102F4000827943EAC233C27943EA0243027A43EA0E
:102F50004243014A13607047002004400D4AD2F8F2
:102F6000E430D2F8E0109B0003F03C03C1F3811180
:102F70000B438370D2F8E03003F03F034370D2F884
:102F8000E830D2F8EC2003F0F003C2F3031213434D
:102F90000370704700FF0FE0044BD3F8E4301B0EC2
:102FA0000A3303F01F030120984070470081E00FAF
:102FB00070B5054616461C4619B91448FEF71AFFA7
:102FC0000146402C1BD003D8DCB1202C1BD070BD97
:102FD000602CFCD1042303FB06F2530803EB4113DE
:102FE000B3FBF2F30A4A203B02EAC3032A6822F049
:102FF00060022A602A6814432C606B61E7E70623AD
:10300000E9E71023E7E70823E5E700BF40410500B3
:10301000F8FF7F0040F6AA63C36041F20502002377
:10302000036042600D4A83604361C36482640C4A5A
:103030000366904243678367C3670DD002F58062E1
:10304000904205D002F58062904205D083657047BA
:1030500003658365C36570470365F7E7F9FF010002
:103060000000014038B504462AF098FF0FCC044D0B
:103070000FC594E80F0085E80F00002038BD00BFA1
:103080002837002047F6FF739A42F0B572D0062920
:1030900072D83A4B5B5C022B6ED8394D05EBC304FA
:1030A000DF00A17815F83330012938BF0121012B49
:1030B00013D1E0780025401AA84202D80844C0B2D3
:1030C000F0BD431BA0EB5303666836F913609642CC
:1030D000CCBF03F1FF301D46EEE760680028EFD05B
:1030E000B0F90040944204DBB0F902409442B8BF0A
:1030F00014468388FF2B04BFB0F90620B0F908C03E
:103100003D440FBF01260026C8224FF0280C131B98
:1031100093FBFCF333446E781BB29E4201DD002B1F
:1031200001DA731E1BB201339BB24FF47A7C071D88
:103130005D1E2DB24FEAC50E00EBC5059E42EA8822
:10314000AD6814FB025222EAE27202F15C02B2FBA9
:10315000FCF205DD37F83350954203F10103E7D265
:1031600000EB0E039888904228BF1046884238BF73
:103170000846A4E7FF20A3E70020A1E7A050030032
:10318000283700200629F0B561D8324B595C022956
:103190005DD8314B13F83100012816D103EBC10380
:1031A0009C78D8785B68012C214638BF0121904279
:1031B00094BFC1EB0001C1EB0201CAB2001B824205
:1031C000C8BF002233F91200F0BD002A3DD003EB46
:1031D000C103596800293AD09878904202D3B1F9D6
:1031E0000200F1E7DC78B1F900009442ECD95C7898
:1031F0008B88A3F1FF06013C734201F10405E4B2A0
:10320000734101F10C07DEB2B44216D805EBC303DB
:103210004FF47A75B3F902405B686A43D21A04EB43
:10322000D47302EB630292FBF4F29042CCDBB1F96F
:1032300002009042C8DC10B2C6E737F833C09445AC
:1032400003F10106E2D33346DDE70448BCE7044856
:10325000BAE700BFA0500300283700200CFEFFFF94
:103260000080FFFF08B50448FFF7FCFEBDE80840FA
:1032700001202AF0B8BE00BFA85003007FB5142279
:10328000002101A82EF044F9044B029301A94FF04C
:10329000FF302AF0E4FE07B05DF804FB006A180076
:1032A000024B03480122C3F8002670470010C843B0
:1032B00000000F40094B98420ED003F580639842FE
:1032C00009D10122064B03EBC2035A68054B134494
:1032D0009B0000221A6070470022F3E700000F40B5
:1032E000605103008005F21010B504462369DB0726
:1032F000FCD404F1800026F04EFC014B236510BD88
:10330000510545012DE9F043064689B01746984618
:103310000C4600294DD1FFF7C3FF01460446304655
:1033200026F07AFD4FF0010996F86C5006F15C0129
:10333000C5F10F06C5F10E03F6B22A460DF10100E4
:1033400001358DF800302EF009F9324600210DEBE1
:1033500005002EF0DDF8C6F11000012332460021F1
:1033600068448DF80F302EF0D3F826F0BCFB04F142
:10337000800605466946304626F00DFC0E4B236557
:103380002369DB07FCD404A9304626F021FC28463B
:1033900026F0ADFB424604A938462EF0DFF8B9F11D
:1033A000000F02D02046FFF785FF002009B0BDE8DE
:1033B000F0834FF00009B7E7055101002DE9F04F08
:1033C00089B00546DDF8489016461F460C4639BBC5
:1033D000FFF766FF01460446284626F01DFD4FF024
:1033E000010B6B6C33446B6426F07DFB8246D6B9CF
:1033F000504626F07CFBBBF1000F0ED026F073FB8D
:1034000005F14C01064604F1840026F0E1FB30464C
:1034100026F06DFB2046FFF74DFF09B0BDE8F08FA9
:103420004FF0000BDDE72B79102EB04628BF4FF090
:103430001008012B0DD11022002168462EF068F8EB
:103440003946424668462EF089F869462046FFF71D
:103450004BFF394604F18C0026F09DFB124B23658F
:10346000012363652369DB07FCD404A904F1800010
:1034700026F0AEFB04A9424648462EF06FF82979A3
:1034800061B9102268462EF043F849464246684624
:103490002EF064F869462046FFF726FFC1444744F2
:1034A000A6EB0806A3E700BF4805590370B50488DA
:1034B00004F4E043B3F5005F05461ED1C4F30223D4
:1034C000042B1AD181F0AA6383F4807333F47E1342
:1034D000204821F47E1618D081F0AA6383F400738B
:1034E00033F47E1311D0864230D1B4F5105F0CBF97
:1034F0006FF086006FF0850070BDB4F5105F25D1C8
:10350000144B21F47E119942F1E786424FEA1143B0
:10351000C1F305411AD1B4F5105F17D104390C2954
:1035200011D813F001000ED1073A062A0BD86B8888
:10353000C02B0BD0B3F5807FDED0802B0CBF0020DA
:103540006FF08600D8E76FF08600D5E76FF0850052
:10355000D2E700BF000140052DE9F04FA7B0DDE93B
:103560003475DDF8D880DDF8EC90089206461C46EC
:103570008A4629B96FF08602104627B0BDE8F08F61
:103580000028F7D0309B002BF4D0329B13B9339B2B
:10359000002BEFD1002F7DD1002DEBD1389B002BDC
:1035A000E8D0B9F1000FE5D03A9B002BE2D0399B6F
:1035B000002BDFD0338803F4E042B2F5005F74D112
:1035C000C3F30222042A70D184F0AA6383F48073C7
:1035D00033F47E1306D084F0AA6383F4007333F4CB
:1035E0007E136BD1C4F30543319AC9F800302146EC
:1035F00030460993FFF75AFF02460028BCD1728873
:10360000089BB3EBD20F4FEAD20BB3D3379B9D424B
:103610005FD83A9A099B93425BD8474508D27B19F9
:10362000984505D239462A4640462DF057FF474671
:10363000702200210AA82DF06BFF5A4651460DF169
:103640002D00CDF850B02DF089FF234B24F47E14CB
:103650009C423BD13388B3F5105F37D1D9F80030A5
:103660000693399B0397CDE90483339B0293329BE6
:103670000193319B00932A46309B01210AA826F032
:10368000E6FC0246E0B9389B1D6070210AA826F0CE
:10369000D6FC71E7002D81D0B8F1000F3FF46AAF7E
:1036A000379B002B7FF47AAF64E742F20402934227
:1036B00004D184F0052383F4801390E7002393E77B
:1036C000389900230B60C9F80030DEE76FF08502FF
:1036D000DBE76FF089024FE7000140052DE9F04F6D
:1036E000ABB0DDE938A4DDE93B658946099298462F
:1036F0000746002800F0A280002900F09F80349B3C
:10370000002B00F09B80369B1BB9379B002B40F0B1
:103710009580BAF1000F02D1002C40F08F801DB9C6
:103720003D9B002B40F08A803E9B002B00F0868062
:103730003A9B002B00F08280359A41463846FFF7CD
:10374000B5FE0246002866D17A88099BB3EBD20FFA
:103750004FEAD20B72D33D9B9C4272D8AA4509D244
:103760000AEB0402954205D25146224628462DF026
:10377000B5FEAA46702200210EA82DF0C9FE5A46B9
:1037800049460DF13D00CDF860B02DF0E7FE2E4A20
:1037900028F47E1800219045CDE90A11CDE90C11DD
:1037A00049D13A88B2F5105F45D1379B0293369BD9
:1037B00001930AAF359B00932246CDE90457349B11
:1037C0000696CDF80CA00EA826F041FC0246C8B91A
:1037D0003A9B384603EB060C90469C451FD11EB120
:1037E0003146384626F02BFCB8F1000F20D03E9A27
:1037F000002313601CB12146284626F020FC6FF000
:10380000940204E01EB13146384626F018FC7021BF
:103810000EA826F014FC10462BB0BDE8F08F10F86F
:10382000011B13F801EB81EA0E0148EA0108D4E715
:103830003E9B1C60EBE76FF08502E8E76FF08602C5
:10384000E9E76FF08902E6E7000140052DE9F04F56
:103850008FB09846DDF86CA0049093460023B8F131
:10386000000F16D0D8F800401029CDE90633CDE975
:1038700008330CBF08231023029300255D450AD3AB
:10388000B8F1000F01D0C8F8004000200FB0BDE82B
:10389000F08F4446E8E75CB1199B1A9A1B5D525DB4
:1038A000013453400AF8053004F00F040135E5E710
:1038B000FFF7F6FC4FF4404344600360064626F0F1
:1038C00012F9029A04990746304626F0B6F906F135
:1038D000840318461899019326F05DF93846ABEB3E
:1038E000050726F004F927F00F0706F1A0032F447F
:1038F0000593AAF11009BD4234D11A9B3B440AAD8D
:1039000003F1100C186859682A4603C2083363454E
:103910001546F7D10F2F0ED90AEB070306AD103B62
:103920000DF1280C2A4603CA6245186059601546F5
:1039300003F10803F6D106F1800357440AEB0B09A3
:1039400003934F4536D126F0CEF8189905460198D5
:1039500026F03EF9284626F0CAF83046FFF7AAFCC2
:103960005D468BE726F0BFF8224B03903365336941
:10397000DA07FCD41A9B0598591926F00CF90F2D7B
:103980000ED90DF1180C09EB05020DF1280E634656
:1039900003CB7345106051609C4602F10802F6D1DA
:1039A00006A906F1800026F013F9039826F09FF887
:1039B0001035A0E774B926F096F80E4B336505462E
:1039C0003369DB07FCD40398199926F001F92846DE
:1039D00026F08DF804F138030DEB0302199B12F861
:1039E000102C1B5D0134534007F8013B04F00F0419
:1039F000A7E700BF480503012DE9F74FDDF848A010
:103A0000DDE90E74DDE9106883461D46894621B95B
:103A10006FF0860003B0BDE8F08F002AF8D00FB930
:103A2000002CF5D116B9B8F1000FF1D1BAF1000FA1
:103A3000EED02E4B9D4215D00BD82D4B25F4807126
:103A400099420FD003F580639D420BD06FF0850043
:103A5000E0E7284B9D4205D025F40071A3F5807363
:103A60009942F2E7BBF80030B3F5105FEED1BBF836
:103A70000230B2EBD30FE9D3802B02D0B3F5807FB5
:103A8000E4D124B3B7420AD23B199E4207D244453F
:103A9000BED83946224630462DF020FD3746164B1B
:103AA000BBF802B09D424FEADB0BCFD14445AFD803
:103AB00014F00F05ACD17319009301227B195946FC
:103AC000484626F0FDFA30B91035AC42F3D8CAF8B2
:103AD000004000209EE74246002130462DF018FDB0
:103AE0000023CAF800306FF0920093E70010C00482
:103AF000004040040012C004004440042DE9F04F8F
:103B000091B0DDE91A4ADDE91C56DDF878900746E8
:103B10009B46884629B96FF08608404611B0BDE83B
:103B2000F08F002AF7D014B9BAF1000FF3D10DB914
:103B3000002EF0D1B9F1000FEDD0574B9B4515D0B9
:103B40000BD8564B2BF4807199420FD003F580634C
:103B50009B450BD06FF08508DFE7514B9B4505D0A7
:103B60002BF40071A3F580739942F2E73B88B3F51B
:103B7000105FEFD17B88B2EBD30FEBD3802B02D059
:103B8000B3F5807FE6D1BAF1000F04D1C9F800A0E7
:103B90004FF00008C1E7AC420BD204EB0A039D4290
:103BA00007D2B245B7D82146524628462DF096FC9A
:103BB0002C46394B7F889B454FEAD70758D003F5F1
:103BC00040739B4521D0374B9B45C3D1B245A2D80A
:103BD0001AF00F0B9FD140463B4608AA394626F003
:103BE000A9FA8046002898D105EB0B030093002228
:103BF00004EB0B03394608A826F062FA804670BB36
:103C00000BF1100BDA45EFD8C0E7AAF10D0AB24567
:103C10003FD801238DF810300DF11102234604F135
:103C20000C0153F8040B42F8040B8B42F9D11B78BA
:103C300013704FF48073ADF81E300D3404ABCDE932
:103C400000334046CDE90245002352463946FFF78E
:103C5000FDFDC9F800A0804600283FF45EAF324663
:103C6000002128462DF054FC0023C9F8003054E709
:103C7000AAF1100AB2453FF64EAF04AA04F1100CA7
:103C800020686168134603C3083464451A46F7D1B7
:103C9000D4E76FF0890840E70010C00400404004FA
:103CA0000012C0040044400410B54FF42F720446C3
:103CB00000212DF02DFC8023C4F88C30054BC4F876
:103CC0008430012384F8883004F19C00BDE8104062
:103CD00025F047BE7051030010B5D0F8A0400A4649
:103CE00084B926F032FC044610B90024204610BDE9
:103CF0002D2896BF064B074953F82010064826F09A
:103D00006BFDF3E7D0F8A4101046A047EDE700BF25
:103D10001852030073510300C8770300F8B590F8F8
:103D20008060044616B100263046F8BD26F03EFA03
:103D30000028F8D1012384F8803094F8883033B11A
:103D4000D4F88410194884F8886026F045FD4FF0B7
:103D5000FF37D4F8B402421C1CD0C4F8B47210F07F
:103D6000FF0520D0204626F01EFA2946204600F006
:103D7000AFFB0028EDD0204626F023FA94F88830D7
:103D80006BB1D4F88410094826F026FD002384F88E
:103D9000883004E026F005FD431CE0D10126002315
:103DA00084F88030C0E70126D3E700BF82740300A7
:103DB000F8B50B78302B04460D46164604D14B78E7
:103DC00003F0DF03582B11D0284F6A1E12F8011F91
:103DD000002935D128460A2225F0D0F9202C0346A7
:103DE0000D4632D1B1FA81F040091BE04A1C1F494F
:103DF00012F8013F93B928462DF0BEFB1C4B23401F
:103E0000032BA0F1020012D10134A41084420AD184
:103E1000A87837288CBF0020012003E0CB5C13F08A
:103E20004400E5D1F8BDCCBF01200020FAE7002C0A
:103E3000B8BF0334B0EBA40FD4BF01200020F1E7DA
:103E40007B5C13F00400C1D1ECE726B1084302D03B
:103E5000013B61F100050122A240013A1A40002D08
:103E600008BF9A420CBF01200020DBE745BB0300DE
:103E700003000080F0B503787B2B014617D10D4F6E
:103E800006460224002216F8015F7D2D05D10B5D48
:103E90006BB9D24302F0010008E07B5D13F04400EF
:103EA00002D001320134EEE7202DFBD0F0BD00201E
:103EB000FCE700BF45BB030070B506460D462DF07C
:103EC0005BFB0446304626F087FC044EAC4200D330
:103ED00070BD304626F080FC0134F7E7A86B030084
:103EE0002DE9F84F044602216048FFF7E5FF1E2147
:103EF0002068FFF7E1FF6368586826F06DFC5C48B6
:103F000026F06AFC67683B7BFD2B12D8D7F8088047
:103F1000DFF85891DFF8B4A1DFF870B140462DF01A
:103F20002BFB0C3706464FF0FF3417F8013BFF2BF5
:103F300001D1BDE8F88F212B14D8212B14D8DFE84C
:103F400003F0178C8884807C787413131313131375
:103F50001313706C6864605C5854131313131313B9
:103F60001313504CFE2B34D006B10134414D02E006
:103F700006B10134404D02214846FFF79DFF1E2146
:103F80004846FFF799FF504626F026FC594628463A
:103F90002DF0DAFA3949002818BF2946384826F0AA
:103FA0001BFC3B78202B02D12B2026F009FC354846
:103FB00026F012FC4EB118F804301F2B05D018F86B
:103FC00004001F2801D0B4424BDB294826F004FC32
:103FD000ABE706B101342C4DCDE706B101342B4DD2
:103FE000C9E7002EA1D001349FE706B10134284D66
:103FF000C1E706B10134274DBDE706B10134264DB6
:10400000B9E706B10134254DB5E706B10134244DB9
:10401000B1E706B10134234DADE706B10134224DBD
:10402000A9E706B10134214DA5E706B10134204DC1
:10403000A1E706B101341F4D9DE706B101341E4DC5
:1040400099E706B101341D4D95E706B101341C4DC9
:1040500091E706B101341B4D8DE706B101341A4DCD
:1040600089E726F0ADFB0134A9E700BF4753030001
:104070004F570300DD520300D75203002E530300B5
:1040800082740300356603007B180300E5520300C9
:10409000EE520300F5520300005303000A530300DD
:1040A00014530300FF52030009530300135303008A
:1040B0001C5303002053030028530300D152030074
:1040C000D852030027530300D05203008078030026
:1040D0002DE9F04F9BB005468B46009204932DF0DE
:1040E0004BFA249F049B059000241C600AAA3C60A4
:1040F00009A9284626F091FB064658B90A982DF0E2
:104100003BFA049B1860D5F89C3003933446B146C3
:10411000039B1BB920461BB0BDE8F08F039B9B6837
:104120000193002B69D02E4416F8013B202B12D0AE
:1041300000260C23019A734302EB030AD35802931F
:10414000002B55D0DDF82480C84551DB9AF80830A3
:104150002BB1721C35E03B6801333B60E4E73B6800
:10416000D5F894200299D21A049B1A601AAB03EB7B
:10417000890353F8403C069318462DF0D1F9079077
:104180000028E6D102982DF0F7F9DAF80410079A22
:10419000D7F800A00346087BFE2816D108F1FF38A7
:1041A000C8452ED00B680698029201932DF0E4F9D1
:1041B0000AF10103029A0344E95C21B13B6009F171
:1041C00001091646B5E70133F6E7D5F89420A2EBCE
:1041D0000A029A42BDDC584606932DF0CDF9069BA3
:1041E00003447B2B1DD91F4A0099584625F0E0FB5C
:1041F000059A2B462A449A422AD1039B1B680393B3
:1042000086E7D5F89420A2EB0A029A42E3DDD1F8C2
:10421000008058F80C2B82B9059B3B60049B1A6008
:10422000E6E7029A0099584625F0C2FB0E4A00992B
:104230005846013425F0BCFB8BE70099584625F021
:10424000B7FB094A0099584625F0B2FB0134E0E774
:1042500013F8011B0029CED14FF0200103F8011CF7
:10426000C9E700BF30530300A86B03002DE9F047F6
:1042700086B0DDE90EA800241C60064689468AF84F
:1042800000401168154888F8004017461D468DF813
:104290001740FDF703FB18B92B6801332B6001248D
:1042A000D6F89C60002036B914B1012388F800309C
:1042B00006B0BDE8F087B06868B14B46CDE902A80A
:1042C000CDE900750DF11702002126F0DDF89DF80B
:1042D0001730002BE8D13668E5E700BF35530300FF
:1042E0002DE9F0430026ADF5457D04467C2231469C
:1042F00005A802AF04962DF00BF9009703AB8022BE
:1043000004A92046FFF7E4FE01283ED104A82DF0C1
:1043100033F903993B68A0EB01080B44234428EAD6
:10432000E878054604A80144424618462DF016F9DF
:1043300000F80860D4F89060039B3968D4F89020A6
:104340001944B14212DCD4F89410E81A0244C4F8BB
:104350009020014404AAC4F89410D41825182B1BEB
:10436000002B0DDC0DF5457DBDE8F083A05C26F04B
:1043700027FAD4F890300133C4F890300136DBE7E7
:1043800014F8010B26F01CFAE9E7EBDD24AD8022DE
:10439000314628462DF0BCF844AB4FF4007231464C
:1043A00018462DF0B5F80DF1100903464A464FF0B6
:1043B0000108314612F8016B002E49D104A843F8D8
:1043C00028102DF0D9F82946334619F8016B0DF560
:1043D000887C5CF8042B824243D10133984501F874
:1043E000016BF2DAD4F89060039BB34242DC364AA8
:1043F0003648234604A926F0EFF928462DF0BCF8EC
:10440000039B3F6806461F44F61AE0191D4426EA3E
:10441000E67204F198031744984204EB07014ED268
:1044200004F1900399424AD96A1E81190B1A002B94
:1044300039DD12F8013F00F8013BD4F89030013328
:10444000C4F89030D4F894300133C4F89430EDE7D8
:10445000202E01F1010104BF43F8281008F10108E2
:10446000A8E70DF1100E7244D25CB242B1D0002226
:10447000EA54B7E7D4F89030E05C26F0A1F9D4F81C
:1044800090300133C4F890300136ADE7D4F8902075
:104490000132C4F89020D4F894200132C4F894205A
:1044A000013B002BF2DC0023E3552E44731B002B51
:1044B0007FF758AF15F8010B26F082F9F6E7294689
:1044C0002DF04CF83346ECE7705103003A530300EB
:1044D0002DE9F843D0E9245604460F46002294F80B
:1044E0009830012B07D10A2F07D1002384F8983088
:1044F0000020BDE8F88300F29F801B2F01D102232A
:10450000F4E70D2F0DD1012384F898300D2026F00B
:1045100057F90A2026F054F90023C4E92433012076
:10452000E7E74FF00008082F84F8988034D145451C
:1045300030DDB5420FD1384626F042F9013D20204A
:1045400026F03EF9384626F03BF904F80580013E96
:10455000C4E92456CCE7FBDA05F1FF39384626F0EA
:104560002FF904EB0903A6EB0902611918462CF098
:10457000B5FF04F806800146484826F02DF9013EB3
:1045800035464D4501DC4D46E2E7082026F018F996
:10459000013DF6E7ACD0DBE77F2F1CD1002EA7DD75
:1045A000B542A5DA6319691C2144721B18462CF028
:1045B00095FF04F806800146394826F00DF90820D9
:1045C000013E26F0FDF8B542F9D1D4F89430013B14
:1045D000C4F894308CE70A2F98D0092F03D12046D5
:1045E000FFF77EFE84E7D4F88C30013BB3427FF7BF
:1045F0007FAFB54204EB050805F101090CDB88F833
:104600000070D4F89430C4F890900133C4F894301A
:10461000384626F0D5F86BE7721B414604EB0900DB
:104620002CF05CFF404626F0D7F80820013E26F02B
:10463000C7F8B542F9DDE2E7022B06D15B2F01D1C5
:10464000032353E784F8982049E7032B7FF450AF06
:10465000413F84F89820032F3FF64AAFDFE807F088
:1046600002070A160121204626F05BF840E74FF0CA
:10467000FF31F8E7B542BFF63BAF605D26F0A0F82A
:10468000D4F890300133C4F8903031E7002D7FF733
:104690002FAF013DC4F890500820BAE74353030000
:1046A0001A6703007FB5094B6A4603F110061546E9
:1046B00018685968144603C40833B3422246F7D138
:1046C0002846FEF743FA002004B070BD48530300AB
:1046D00070B5184B86B001AA03F11006154618688C
:1046E0005968144603C40833B3422246F7D11B88E5
:1046F0002380114BD3F8B420120316D5A3F5004341
:104700004FF6FF721B88934208BF4FF4B4730B48F7
:10471000ADF80A30FDF778F82846FDF717FE32208D
:10472000FDF74AFC002006B070BDD3F8B830C3F3E3
:104730000803ECE7585303000081E00F00F0490242
:1047400010B50C480C4C6FF00403A02113F0800F3F
:1047500003F1010207D123442F2A83F800131346E3
:10476000F4D1002010BD03F00F03043B034419767D
:104770001346EBE700ED00E000E100E010B5044671
:1047800025F0B1F9024B1C6025F0B1F9002010BDF5
:104790005037002010B525F0A6F9034B1C6825F012
:1047A000A6F9204610BD00BF5037002038B50C4692
:1047B0001546014610B9FFF7EDFF01462B4622468C
:1047C000034808F083FF0028D4BF3720002038BDFD
:1047D00083A9020007B501F00DFB6A4601F0B2FBA8
:1047E00018B10448522100F0DDFADDE9000103B000
:1047F0005DF804FB6A53030008B501F02FFA18B105
:1048000002487A2100F0CEFA002008BD6A53030066
:1048100008B500F025FA0D4A536A43F4E0235362C9
:10482000EFF308830A4A043B4FF0CD31934209D29B
:10483000084B01221A61FFF7DFFFBDE80840064878
:10484000FEF710BC43F80419F0E700BF00ED00E0EC
:104850000000002000300E40A850030007B50422DD
:104860000DEB0201002029F076FB042804D0054856
:1048700040F2671100F096FA019800F0D9FB03B0FE
:104880005DF804FB6A53030010B50A0A414007486B
:10489000C9B2082301F00104490804B14140013BB9
:1048A00013F0FF03F6D181EA020010BD2083B8EDBA
:1048B0002DE9F843134C144EDFF85480134FDFF802
:1048C0005490002523780BB9BDE8F88356F8043BD3
:1048D00022464146002026F05DF822782346013426
:1048E000002AFAD15B7853B105F00303032B0CBF08
:1048F00039464946002026F04DF80135E2E73946B1
:10490000F8E700BFE6580300002000204E570300E0
:10491000CB5303009F8B03006B4B1B8840F6052293
:1049200093422DE9F0410ED8B3F5206F0DD840F237
:104930000252934218D040F20172934220D040F2CA
:10494000015293420AD0BDE8F081A3F602235F4CE6
:10495000032B1ED8DFE803F0376396B25C490020D2
:10496000BDE8F04126F016B85A49002026F012F8AA
:10497000564B1A6C5849BDE8F041002026F00AB8A1
:10498000524A5649BDE8F041D2E92423002026F0DE
:1049900001B85349002025F0FDFF94F868309E07C8
:1049A00003D55049002025F0F5FF94F86B305D06E3
:1049B00003D54D49002025F0EDFF94F96B30002B15
:1049C000C1DA4A49CBE74A49002025F0E3FF94F8D1
:1049D0006430980704D0226C3F49002025F0DAFFAC
:1049E00094F96430002B04DA226F4249002025F04C
:1049F000D1FF414FDFF80C8100250126626E06FAD7
:104A000005F3134207D057F8252013781BB1414610
:104A1000002025F0BFFF0135082DEFD193E737497E
:104A2000002025F0B7FF2C49226C002025F0B2FFB2
:104A300094F86530590703D53149002025F0AAFFC5
:104A400094F96530002B04DA226F2A49002025F002
:104A5000A1FF294E2B4F0825636EEB40DA0707D5DF
:104A600056F8252013781BB13946002025F092FF17
:104A70000135102DF0D194F8640000287FF463AF65
:104A800021496DE721491C4E1E4F002025F082FF71
:104A9000226C1149002025F07DFF1025636EEB404C
:104AA000DB0707D556F8252013781BB139460020BF
:104AB00025F070FF01351A2DF0D144E7144900208C
:104AC00025F068FF226C55E73E4C002000200020B6
:104AD000D553030013540300445403005F540300F0
:104AE0007B54030094540300CF5403000355030088
:104AF0004055030066550300046003008D55030014
:104B0000A555030084550300EC5503001D56030012
:104B1000375603002DE9F04F424CD4E90D32D4E969
:104B2000121B580748BF0026D4F83CA05DBFD4F83C
:104B300050803D4EDFF81C91DFF81C915ABF8B4628
:104B40009246B04613F0080F384B394A394918BF1E
:104B50001A46B6EB080718BF7D0885B01BBF642353
:104B600003FB0B553D46B5FBF7F54B4618BFADB201
:104B7000CDE9016ACDF800800020BFB225F00AFF20
:104B8000CDE900972C492B461FFA8BF2002025F027
:104B900001FFB24501D8C24504D228494A46002047
:104BA00025F0F8FED4E91703184338D02449254FDF
:104BB000DFF8A880002025F0EDFE00250126E26D3B
:104BC00006FA05F3134207D057F8252013781BB1D6
:104BD0004146002025F0DEFE0135202DEFD11A4F91
:104BE000DFF8788000250126226E06FA05F31342CD
:104BF00007D057F8252013781BB14146002025F037
:104C0000C9FE01350E2DEFD11049002025F0C2FE5E
:104C10000E49002005B0BDE8F04F25F0BBBE0C49A1
:104C2000F4E700BF00200020002000205E560300B3
:104C3000655603006D5603009F560300D9560300C6
:104C4000F85603004C5F0300CC5F03004F5703008E
:104C50002857030059560300287F0300817403007E
:104C600010B5FEF70FF90446FEF706F9E30721D465
:104C700001221046114600FA01F3234002F101021D
:104C80001AD0214B33F811302049062B19D040F2AD
:104C90000722934212D14FF000524FF20F00548876
:104CA00084420BD11088984208D14CF23C33538097
:104CB000088010BD0021E4E7112ADBD1134A1380DC
:104CC00012E04FF000534FF20F025888904218D173
:104CD0001B88B3F5406F28BF4FF4C0630B804FF0C3
:104CE00000534CF23C325A80084B1A8840F2017350
:104CF0009A4201BF064A074BD2E90001C3E900010D
:104D0000D7E74FF4C063E9E7C45803003E4C0020E6
:104D10009020002054370020014B1888704700BFB6
:104D20003E4C0020014B1888000A70473E4C002082
:104D3000044B05481B881A0AB3F5406F38BF00EBD7
:104D4000820070473E4C002094580300044B1888A2
:104D5000044B020AC0B253F8223003EB80007047C4
:104D60003E4C00206458030010B5044624F0C2FEF7
:104D70004FF000534FF20F021C805A80BFF35F8F39
:104D8000BFF34F8F0549064BCA6802F4E062134334
:104D9000CB60BFF34F8F00BFFDE700BF00ED00E029
:104DA0000400FA0538B504460D4629F0F2FD08491D
:104DB0002B462246002025F0EDFD25F044FE24F090
:104DC00099FE29462046BDE8384025F022BE00BFA6
:104DD0003E5703006B4A6C4B2DE9F04155685D6509
:104DE000516A996569496A4CD1F80002D865D1F8D1
:104DF00004121966916A5966D16A9966116BD9666F
:104E0000516B1967D26B586B5A67D3E90E1210F0C9
:104E1000040F18BF11465F4A1A6500209142D864FA
:104E20005DD301F12000A04259D888691864C5F308
:104E30000805CE695E64062D55D1574DA84252D360
:104E4000564DA8424FD205884DF6426085424AD160
:104E50001868C3F890005868C3F8940040F20170D5
:104E6000A242154605D22E68B6F1CD3F02F10402EA
:104E7000F6D00022C3E91E22C3E92022C3E9222280
:104E8000641BDFF814C1424DDFF810E19C648D42D1
:104E90002CD8D3E91EC7D3E92065D3E922414FF0CE
:104EA000000E013AD2B2FF2A3BD1BEF1000F05D06D
:104EB000C3E91EC7C3E92065C3E92241B3F85430F2
:104EC000C3F30803DA1E0F2A52D8DFE802F0345881
:104ED000414451515151514E51515151513800217C
:104EE000C3E910112B494FF42060B9E755F8044D80
:104EF0006445CCD37445CAD2E607C8D5284F0026EE
:104F000057F8048FA045C2D00136062EF8D132B131
:104F1000013AD2B202F11E0643F82640B7E7052255
:104F2000F8E7E0464FF0010EBC4637462E462546D0
:104F30000C464146B5E740F60120BDE8F081194B2B
:104F4000DB6913F0020F40F2025318BF1846F4E772
:104F500040F60320F1E740F2017240F60423B0F579
:104F6000206F14BF10461846E7E740F60520E4E737
:104F7000013B40F607223D2B98BF1046DDE740F687
:104F80000220DAE700ED00E00020002000E100E070
:104F90000020002000000020FC000000A0150300FD
:104FA000742000200020054000F00CB800F00AB882
:104FB00000F008B800F006B800F004B800F002B83D
:104FC00000F000B872B61EF0080F09D01EF0040FF2
:104FD0000DD0DFF850E0AEE8FF1F6FF002000CE0EC
:104FE000DFF840E0AEE8FF1F6FF00E0005E0DFF8ED
:104FF00034E0AEE8FF1F6FF006006946EFF3098268
:105000008EE8070086460848084C854501D3A5452B
:1050100001D384F30888FFF7DDFE84F30888FFF7E7
:10502000A3FE0000002000204000002000200020FF
:1050300083B24BF6EF62002B08BF1346044A000C04
:1050400013804FF6CE2308BF1846024B18807047D6
:10505000F0240020EE2400200B4BB3F90020188828
:10506000002AB8BF80F0620042001A80074AB2F9F5
:10507000001013880029BCBF83F4805383F00B0316
:105080005900118058407047F0240020EE24002081
:1050900008B501F043F960B10A4B0344072B0DD862
:1050A000072B0BD8DFE803F00C060A080A0A0A04EB
:1050B000C12008BDC320FCE7C420FAE7C520F8E7FB
:1050C000C220F6E7FF1FFF0FF0B551B1002807DA45
:1050D0002D23B0F1004F137000D04042012100E0B9
:1050E000002100250E4F2C4657F8046B002301E0E9
:1050F000801B6346864203F1010CF9D913F0FF03CC
:1051000000D125B14D1C30335354E9B2012501348F
:10511000E4B2092CE8D130305054481CC0B2F0BD84
:10512000746003002DE9F04F002495B021468046BD
:10513000164603A8442202949A462CF0E9F9A146A7
:10514000274602AC2546317859B9641BE4B22246A1
:1051500029460020C047002840F08F803819C0B28F
:105160008CE0252918D0B9F1000F19D104F8011BE2
:1051700012AB9C42C0F0D380641BE4B229462246A5
:105180000020C0470146002877D13C4448222846E9
:10519000E7B22CF0BDF9C1E0B9F1000F00D1013642
:1051A0003278622A47D021D8252A3ED004D8002A56
:1051B000CBD04FF00009DBE7392A15D82F2AF8D9D0
:1051C000717801F0DF01582940F0D880322A06F1C9
:1051D000010940F0C08020463AF8041B042225F063
:1051E00039FC04464E46E4E7582A15E0632A6BD0A2
:1051F000A2F1640C5FFA8CFCBCF1140FD9D8614B9E
:10520000012101FA0CF010EA030940F08A8010F441
:10521000104060D1BCF1140FCBD120461AF8041B0A
:10522000022225F017FC0446C3E7214601F8022BB1
:1052300062700C46BDE7DAF800300193DAF804300A
:1052400000934FF000090DF1480B009B994502D1E6
:105250000AF1080AADE7019B204613F80910022263
:1052600025F0F8FB5845044612D3441BE4B2294606
:1052700022460020C047014618B1002015B0BDE805
:10528000F08F482228462CF043F93C44E7B22C46E4
:10529000009B5A1E4A4584BF202204F8012B5C451E
:1052A0000FD3641BE4B2294622460020C0470146C2
:1052B0000028E2D1482228462CF02AF93C44E7B2E3
:1052C0002C4609F10109C0E7534653F8042B04F8B2
:1052D000012B9A466DE7641BE4B2224629464846F4
:1052E0005AF804BBC0470028C7D13C44482249466D
:1052F0002846E4B22CF00CF95FFA89F34F461BF80C
:10530000030009F101090028F6D1FFB23A465946D7
:10531000C0470028B1D13C44E7B281462C46013653
:1053200011E76C2ADAF800000AF104090FD173784A
:10533000752B01D0642B04D1B3F1750118BF012185
:1053400001362246FFF7C0FECA46044431E7752AFB
:1053500008BF0021F5E7342A10D15646042256F83A
:1053600004AB20464FEA1A4125F074FB1FFA8AF17C
:10537000042225F06FFBB246044633E74FF00109E3
:10538000F6E600BF0101020008B5054813460A46CB
:105390000021FFF7C7FEB0FA80F0400908BD00BF4A
:1053A00049AA0200054B1A782AB95B78002B0CBF7A
:1053B0000320022070470120704700BFCF53002018
:1053C0000329F8B598BF134B054698BF5C5C0E46A1
:1053D00088BF0024032805D8DFE800F002080B0E80
:1053E00044F002040C4B1F684FB9F8BD44F00804A8
:1053F000F8E744F02004F5E744F08004F2E77B6826
:105400001A68144203D05B683146284698473F68C3
:10541000EAE700BF986003008837002038B5104DD8
:105420002B78ABB10F4C23781BB125F034FB002354
:105430002370002025F030FB0B4C50B100F0D2FA65
:10544000002320782B700121FFF7BAFF012323707E
:1054500038BD064B01221A70054B22781A70F7E707
:10546000CB530020C9530020D1530020CC5300203F
:10547000CD53002010B524F036FB064B1B780446B4
:105480001BB1BDE8104024F032BBFFF7C7FF204638
:10549000F7E700BFC8530020094A137830B1013341
:1054A0001370084B1B78012B03D87047013B137016
:1054B0007047054B1B780BB9FFF7B0BF704700BFB3
:1054C000CF530020D1530020CC53002070B5144E90
:1054D00024F009FB33780546ABB900F0BFFB044666
:1054E00020B1284624F003FB204670BDAFF30080B6
:1054F0000C4824F036FA00F0D1FE0B4B1C6000F093
:1055000093FC0A4B186000F0EFF925F0C7FA084B3E
:105510001860012328463370002424F0E8FAE3E7FA
:10552000D2530020883700205C37002084370020C9
:10553000603700202DE9F843284A0138135C39B15F
:10554000274F397801330129135404D8BDE8F88373
:10555000013B1354FAE7FFF725FF0128044635D82D
:10556000DFF8888024F0BFFA98F80030054613B3BE
:105570001C4E33781BB9012232701B4A1370DFF8BE
:10558000709099F8003023B125F085FA002389F84E
:105590000030284624F0ABFA012025F07DFA24F0F3
:1055A000A2FA337805461BB100F01CFA00233370D1
:1055B000002388F80030284624F099FA387884428D
:1055C000C4D02146FFF7FCFE3C70BFE70329F5D1AC
:1055D0000228F3D100F052FAF0E700BFCF530020C9
:1055E000D1530020C8530020CC530020CB530020BF
:1055F000C953002038B524F076FA094B1B78012BEB
:10560000054604D824F073FA0024204638BD054B23
:105610001C6800F025FA0444284624F068FAF4E7F0
:10562000D15300205C37002038B54160044624F097
:105630005AFA21460546044824F096F92846BDE862
:10564000384024F054BA00BF88370020054B1B684F
:10565000584300F57420044B00F23F20B0FBF3F0F8
:10566000704700BF8437002040420F002DE9FF47FC
:10567000EFF3108772B6AFF3008024F0B6F800287D
:1056800071D0714EDFF8E481337823B10020FFF749
:1056900003FF00233370FFF785FE0446002869D01E
:1056A000841EE4B2012C6CD9FFF77CFE0128674C04
:1056B000DFF8BC91054600F28E802078A84205D024
:1056C00099F80030002B00F0B2802570207800F0AF
:1056D000B1F999F8003013B15D4B1B782370AFF32B
:1056E000008007B962B6EFF3108772B6594B1A788B
:1056F00052B100221A70564B20781B78984203D181
:1057000001212170FFF75CFE534800F0E1FA24F01C
:1057100080F805460028B7D1DFF8588198F80030A6
:10572000A3B189F80000DFF8409199F800301BB16F
:1057300025F0B1F989F80050002025F0ADF90028D6
:1057400079D000F04FF9002388F80030337823B186
:105750000020FFF7A1FE0023337020780021FFF71F
:105760002FFE00232370AFF3008007B962B604B0A8
:10577000BDE8F0873378002B96D0FFF78DFE3470AC
:1057800092E703A9002000F0F1FA044600288BD12B
:10579000D8F80030039A9A4205D80120FFF77CFE22
:1057A0000123337080E72D4B1D6800F059F9039BEE
:1057B00005449D42F1D200F077F982000399264812
:1057C00042F0020292B2CDE900422346244A491B2C
:1057D00025F068F968E7DFF89CA09AF80030CBB9AB
:1057E00025F056F92078854203D099F80030D3B1DE
:1057F00025709AF80030002B7FF468AF194B1B78A6
:1058000023B925F047F9184B01221A7001238AF8B1
:1058100000305BE7207885423FF458AF99F80030BC
:10582000002B7FF452AF2946FFF7CAFDE0E7294677
:10583000FFF7C6FD49E7012000F0FCF807B962B6A2
:10584000EFF3108772B677E7CA530020D1530020D8
:10585000CD530020C6530020643700205C37002061
:1058600075540000CE530020C9530020603700203B
:10587000CC530020CB53002010B524F034F9054B55
:1058800000221C781A7024F032F900F027FC204323
:10589000C0B210BDC753002073B5114E3378834298
:1058A00004460ED000230F4DADF8043058B101A8C6
:1058B000FCF7A6FE1E20FFF7C9FE2B681B1A2B6003
:1058C000347002B070BD022301A88DF80530FCF7DA
:1058D00097FE1E20FFF7BAFE2B680344EFE700BFD8
:1058E000322500209037002073B5284C002501A8F0
:1058F000636A636A8DF80450FCF790FF2846FFF74F
:10590000CBFFD4F8903003F00403AB42204B14BF1C
:1059100001222A461A70D4F890301E4CC3F300338B
:10592000237005D04FF41670FFF790FE1A4B1860E5
:1059300023781A4DEBB11120FCF75CFA1349D1F82A
:105940000031C3F3042303FB000292B14C6C144EEC
:10595000C4F30B44002301341946501E04EB8404A5
:10596000E4FB060123F0D4F8FFF770FE2B68034434
:105970002B606420FFF76AFE2B6803442B60034B07
:10598000D3F89020074B1A6002B070BD00400E4063
:10599000D5530020D35300209837002090370020A3
:1059A00040420F008C37002008B50B4B1B7893B199
:1059B000022000F045FC70B100F008FA58B1002256
:1059C00001210220FCF798FB25F0AFF8034B18608B
:1059D000034B01221A7008BDD553002094370020D4
:1059E000D453002038B50E4C0E4D23782BB92B78AC
:1059F0001BB125F09AF80C4B186024F09EF92B7817
:105A00006BB10A4AD2F890301B07FBD525F08DF810
:105A1000054B1B68C01A064B18600023237038BD65
:105A2000D4530020D55300209437002000400E406E
:105A30009837002002280AD003280BD001280CD167
:105A4000064A136923F00403136130BF7047002036
:105A5000FCF7E8BD0020FCF71BBE704700ED00E03E
:105A6000044B1B680BB103EBD303034A10681844C3
:105A7000704700BF9837002090370020084B45F64C
:105A80000E02D3F88011C3F88021064A126802F48E
:105A9000A0721A66CA0744BF0022C3F8802170476B
:105AA00000400E408C370020014B1878704700BF33
:105AB000D553002038B500F061FB094C094B1A683A
:105AC00023680025C31A2AB123B15169994203D32F
:105AD000C91A5161206038BD55615B1A9268F2E7BE
:105AE000A0370020A4370020C38870B504460D46B7
:105AF0003BB9FFF77FFD8542064602D224F0BCFF8A
:105B000035460E4965610B688BB90C60A3600DE0EA
:105B1000AD1A9A68656118466AB113465A69AA4275
:105B2000F6D930B18460521BA3605A6170BD002069
:105B3000F4E70C60F7E79C60A260F7E7A437002069
:105B400038B5134D2B685B6993B1124A1468022073
:105B50001C4400F047FB204600F016FB0E492A6863
:105B600000230B70D088800709D501230B7038BD46
:105B7000022000F037FB022000F05AFBEEE79268AB
:105B8000002AF4D050690344012BEBD9EFE700BFA2
:105B9000A4370020A0370020D753002070B5164648
:105BA0009DF814200271049A0260C0E903360022B5
:105BB000BDF81830826004460D46C380EEB900F08F
:105BC000DDFA2844A0619DB12E4623F08CFF0546E6
:105BD000FFF770FF31462046FFF786FF104B1B682A
:105BE000A34201D1FFF7ACFF284623F080FF02E07B
:105BF000E36865617BB9002070BD00F0BFFA3044F6
:105C0000A061002DE0D1E3686561002BDDD0216843
:105C100020469847D9E7216820469847EBE700BF20
:105C2000A43700200C490B6800227BB183420AD1C3
:105C300083687AB1936083681BB15A6941690A44E9
:105C40005A61002070471A469B68EEE70028EFD0A3
:105C5000022070470B60EEE7A437002070B5154EA8
:105C600023F04CFF34780546FCB9134B1C60134BF2
:105C70001C60134B1C8000F03DFA012000F0B2FACA
:105C800000F006FB0F4B0246186020B9284623F0AF
:105C90003BFF232070BD23460B4840F2E73122F042
:105CA00037FF0A4B186001233370284623F02CFF7E
:105CB0000020EFE7D8530020A4370020A0370020B1
:105CC000404C0020A837002018FCFFFF9C37002024
:105CD00070B5044640B323F006FF144E0546FFF7A7
:105CE000E9FE3068A04209D02046FFF79BFF04463A
:105CF000B0B1284623F0FBFE204670BDFFF792FFAF
:105D000004460028F5D133683BB9022000F078FA48
:105D1000284623F0ECFE0024EEE7FFF711FFF7E73B
:105D20003368002BF4D1F0E72224E5E7A437002004
:105D300038B50C460546A8B1A1B100230B7023F07D
:105D4000DDFE094B1B68012133B923F0DDFE002085
:105D500038BD9D4204D121702278002AF9D0F4E7A1
:105D60009B68F1E72220F3E7A4370020F8B5064648
:105D70000F4623F0C3FE134B1B680446002523B9CE
:105D8000204623F0C1FE1B2011E05A691544DA8831
:105D9000B2420DD10C4E00F0F1F93368C01AA8429E
:105DA0000AD3002320463B6023F0AEFE0020F8BD5E
:105DB000FF2EEFD09B68E2E700F0E0F933682B4458
:105DC0001B1AEFE7A4370020A037002008B5074BC7
:105DD000187848B124F0A9FE054B1B689B69C01ACE
:105DE00002288CBF0020012008BD00BFD75300202F
:105DF000A437002070B523F081FE064600F0BEF9FE
:105E0000084B1D8804460120ADB200F019FA18B104
:105E100000F0B4F901350446304623F075FE204603
:105E2000294670BD404C0020014B1868704700BFE8
:105E3000A8370020F8B50C4B1B68834205460E4678
:105E40000FD30A4B00241F6840F2E73021464FF47D
:105E50007A720023E5FB070122F05AFE30602046EB
:105E6000F8BD2120FCE700BF9C370020A8370020A8
:105E70002DE9F04186B0984600230D4617468DF86F
:105E80001330064680B30DF11301FFF751FF9DF863
:105E900013305BBB05A92846FFF7CCFF0446F8B9D1
:105EA000134B18684FF47A720023A5FB000122F00F
:105EB0002FFEC2F57A7189B2B1F57A7FBDF8343020
:105EC000F48308BF0021B183059A02939DF8303016
:105ED0001146CDE9008330463B46FFF75FFE04469E
:105EE000204606B0BDE8F0812224F9E70224F7E756
:105EF000A8370020014B1868704700BF9C3700206E
:105F00000F4B1A6810B59AB1531E4FF47A711342B1
:105F1000A0FB01010ED1B2FA82F2C2F11F04531CA0
:105F2000E040D24301FA03F3184321FA02F202439C
:105F3000104610BD002322F0EBFD0246F8E700BF3B
:105F4000A837002038B5154B8342154B8B411446BA
:105F500021D3144B1A68F2B14FF47A75A0FB0503F4
:105F600005FB0131531E134211D1B2FA82F2C2F184
:105F70001F05531C01FA03F3D243E84021FA02F251
:105F800018431043E940C4E90001002038BD002354
:105F900022F0BEFDF7E72120F8E700BFEFA7C64BD0
:105FA00037894100A8370020C2072DE9F84304468D
:105FB0000BD5474A138801339BB21380FFF77AFD54
:105FC000444B1B680BB1FFF7BBFDA3077DD523F046
:105FD00095FD0546FFF76EFD4FF000083D4F464624
:105FE0003C680CB163698BB13B4B0022012E1A70E7
:105FF00003D118F0020F18BF1E70002C61D0FFF7FC
:106000009FFD2846BDE8F84323F07EBD23465A692C
:106010003AB91A792179914288BF1C469B68002BB6
:10602000F5D1284623F070FD2569DDB100F0A6F812
:10603000A269A0EB02084FEAE873A84573F10003D8
:1060400011DB23691344A361E368B4F806800136C9
:1060500013B121682046984723F050FD0546FFF70D
:1060600029FDBDE7A84623F049FD81462046FFF7FC
:10607000D9FD484623F048FD2369002BE4D0A38BCB
:10608000B5EB080533B1E28B13449BB2B3F57A7FCD
:106090000FD2E38323F032FD294680462046FFF7E6
:1060A00023FDA36922691344A361404623F02CFD1C
:1060B000CAE7A3F57A73E383A369013B013DA361BA
:1060C000E8E7022000F09CF89BE7BDE8F88300BFFA
:1060D000404C0020A4370020D653002010B523F0F8
:1060E0000DFD034B1C7823F00FFD204610BD00BFB3
:1060F000D653002010B51D4B86B01868596803AA06
:1061000003C2197AD3F8090011700190B3F80D2079
:106110001748DB7BADF8082001218DF80A300024F8
:10612000FBF714FD03A88DF80C408DF81040FCF728
:10613000F7FE01A901208DF80440FCF7D1FE0D4ABD
:10614000536A23F4FF6323F00703536240F2FF73A3
:10615000136201209460FCF7DDFE074B4FF0004214
:10616000C3F880211A6006B010BD00BF9C60030018
:10617000A00914000020044000E100E0014B9868F1
:10618000704700BF0020044010B5044623F0ABFC6C
:10619000124A9368516D9269520704D4CA1A032AAD
:1061A00001D899420DD1E21A022A98BFDC1C0B4B90
:1061B000B4F1FF3F38BF013C5C655A6A42F004020B
:1061C0005A6223F094FC064A137833B103490B6DED
:1061D00043F002030B650023137010BD0020044040
:1061E000332500208207054A00F00103516A48BFA9
:1061F00043F004030B435362704700BF0020044088
:10620000820700F0010309D5074A012111700749EF
:106210000A6D22F0030243F004030A6503494A6A47
:1062200022EA03034B62704733250020002004401C
:10623000830742BF014B0422DA617047002004400B
:10624000064B01289B6904D0022805D1C3F38000C6
:10625000704703F0010070470020704700200440A1
:1062600010B523F04BFC094A93690446590703F023
:10627000010003F0070348BF40F002001362FFF77C
:1062800093FE2046BDE8104023F03EBC00200440B1
:106290000148FBF7AFBD00BFA00914000A4BD3F8BB
:1062A000883003F00703013B012B10B50BD823F016
:1062B0001AFC012104460220FFF73CF92046BDE804
:1062C000104023F014BC10BD00400E401F282DE9E3
:1062D000F341054604D82C46204602B0BDE8F081C3
:1062E0000B4E0C4FDFF8308000240023CDF80080E7
:1062F00038681A46194627F0EDFB8442EBD2202C71
:10630000E9D056F8043BAB42E6D00134EDE700BFDC
:1063100080630300FC200020FFFF0F002DE9F04FF9
:10632000644E654D3168286889B008F001FB044669
:10633000002827D033689A69D3E900011268904792
:1063400033689B6904A89B68984733689B6902205F
:10635000DB6898470024326805985368B3FBF0F374
:10636000E7B2BB42916904F101044DD8CB6800202B
:10637000984733689B695B6898473168286808F0DC
:10638000D7FA0446DFF84C914C4FDFF84C81DFF828
:106390004CA10026F4B94A4B28689B5D002B00F005
:1063A0008380D7F800B002AB03AA594608F002FD7B
:1063B000504507D070B9039B012B0BD02868594674
:1063C00008F03CFDD9F8003028681A68594608F0F2
:1063D00021FC04460136202E09F1040907F10407C7
:1063E00008F10108D6D1374AB4FA84F35B09137077
:1063F0002B681B7C23B134484FF48B71FEF7D2FC21
:10640000204609B0BDE8F08F12680B6907FB002039
:106410009847A0E73B6803AA194402AB019108F032
:10642000C9FC5045019903462ED028682BB30BF1C7
:10643000010B009B28685FFA8BF19942EAD3234B4A
:106440009B5D002BC6D0DDF800B028685FFA8BF3A7
:106450007E2BBFD8396802AB594403AA009108F0DB
:10646000A9FC5045B6D00099286808F0E7FC0BF16C
:10647000010B04460028E8D0ACE7039B7BB998F8F1
:106480000020029B9A42D2D098F80030D9F8002020
:10649000286808F027FB0028C9D00446CFE70191FF
:1064A00008F0CCFC0199EFE7094B9B5D0093A346F4
:1064B000BFE700BFDC200020FC2000208063030039
:1064C0005E630300D9530020006403003E630300B1
:1064D000FE620300AC6003001E6303000BE000F0EB
:1064E000F8B50D4616461F46FFF7F0FE1F28044676
:1064F0001CD8174B1B780BB3164B1868164B53F868
:106500002410164B1B5D3BB1324608F0CFFB04460E
:10651000A0B124F02EFB12E07F2D08BF00253B46E2
:10652000324651FA85F108F027FBF0E7FF2808D939
:1065300081B23B46EAB2304624F07AFA0024204683
:10654000F8BD07484FF4A671FEF72CFCF6E700BF34
:10655000D9530020FC200020806303005E63030009
:1065600000640300F8B50D4616461F46FFF7AEFE61
:106570001F2804461CD8164B1B7803B3154B18680C
:10658000154B53F82410154B1B5D3BB1326808F0D6
:1065900041FB044698B124F0ECFA11E07F2D08BFCE
:1065A00000253B46324651FA85F108F09BFAF0E7A8
:1065B000FF2807D93A46314680B224F042FA002437
:1065C0002046F8BD06484FF4C371FEF7EBFBF6E733
:1065D000D9530020FC200020806303005E63030089
:1065E0000064030010B5FFF771FE0A4B1B7813B966
:1065F0000024204610BD084B53F82010074B002202
:10660000186808F091FB04460028F1D024F0B1FA94
:10661000EFE700BFD953002080630300FC20002077
:1066200073B516461D46002B73D04BF23463984267
:1066300010D1082D28BF082537492A4630462AF0B0
:106640008DFF36492A4630462AF038FF30B3002005
:1066500002B070BDC9B27F2980B208BF0021984244
:1066600018D17F2241F202016846082324F0E0F9A4
:106670002A49082268462AF021FF30B908237F22E0
:1066800041F2F011684624F0D3F96B4603CB306039
:106690007160DCE741F2F01398421ED1204B701E6E
:1066A000D3F8F010D3F8F4202C1F2B46013B9C426A
:1066B00000F8011F4FEA11210CD1002CC7D0042390
:1066C000D9B20729F2544FEA1222C0D001339D42B9
:1066D000F6D1BCE7002BE9D1B9E700F47043B3F57C
:1066E000805F0AD1C0F30B0404F17E642A4605FBE7
:1066F000014130462AF032FFA9E700F46043B3F5C8
:10670000005FA4D1C0F30B0404F17E6404F580445F
:10671000ECE721209CE700BF0200E00FCE640300FD
:106720000081E00F2DE9F8431646C20704460F46E4
:1067300004D52A4840F2D311FEF734FBF30704D501
:1067400026484FF4EA71FEF72DFB04F47043B3F5CD
:10675000805F24D1C4F30B04214A04F17E64731ECC
:106760002344934215D82546DFF8709005EB0608C0
:10677000A84529D156B172083946204624F011FAAD
:1067800020B116484FF40271FEF70CFB0020BDE863
:10679000F883124840F2D911FEF704FBE3E704F452
:1067A0006043B3F5005F06D1C4F30B0404F17E64CB
:1067B00004F58044D7E709484FF4F071FEF7F2FA88
:1067C0006FF00F050024CFE715F8013BFF2BCFD06A
:1067D0004FF4F5714846FEF7E5FAC9E76464030033
:1067E000FF07E00F10B511F0FFFD27F040FCBDE8FA
:1067F00010400346024A0121022002F0B7BB00BF4D
:10680000E064030013B5D0E9023253F822301C785B
:10681000204628F02CFD044A009023460121022046
:1068200002F0A4FB02B010BDF4640300014B187821
:1068300025F056BCDA5300202DE9F04F8FB0FF232E
:1068400008A88DF8133024F0FAFEB34A08AB0021F3
:10685000022002F08BFBB14A41F2490301210220E0
:1068600002F084FB06A803F05BFF08A90DF11300FA
:1068700025F06FF80220AA4A002102F077FB0020E1
:1068800025F060FC10B106A804F078FD9DF92A30CF
:10689000A44A009301219DF82B30022002F066FBF0
:1068A00028F0ECFC831EDBB2FC2B05462DD89E4A5B
:1068B0009E4E9F4FDFF8E0820121022002F056FB3E
:1068C0000124234632460021022002F04FFB05A995
:1068D000E0B211F065FC00F0FD02912A034600F0E1
:1068E000A780002840F0AA809DF9143001939DF8FC
:1068F000163000938F4A9DF815300121022002F0D6
:1069000035FB0134E3B29D42DBD8BDF8284024F0CA
:10691000E0FF894A009023460021022002F026FB76
:106920000220864A002102F021FB002025F00AFC0B
:1069300010B108A804F022FD814A0121022002F0D2
:1069400015FB17F0A3FE044617F09AFE23467D4A76
:1069500000900121022002F009FB03F0E7FE7A4AD1
:106960000021022002F002FB9DF81330FF2B6BD0B8
:10697000764A0021022002F0F9FA714ADFF81C82FF
:106980000121022002F0F2FA24F0EFFF704A0346E0
:106990000121022002F0EAFA11F09EFB6D4A034643
:1069A0000021022002F0E2FA24F0E5FF044624F080
:1069B000E8FF694A009023460121022002F0D6FA3E
:1069C00024F041F803F0FEFE644A03460121022050
:1069D00002F0CCFA002503F0F5FEECB2A04239D863
:1069E00024F031F8012319465D4A5E4C022002F082
:1069F000BDFA002025F074FB5B4B00935B4A00233B
:106A00000121022002F0B2FA236863B11B78584AD0
:106A10000121022002F0AAFA2368564A5B7801217C
:106A2000022002F0A3FA25F061FB0FB0BDE8F08F61
:106A30003A460121022002F099FA62E7424601211A
:106A4000022002F093FA5CE74B4A0021022002F098
:106A50008DFA92E7494B4A4F03EB04162046D6F8CD
:106A6000089003F0E7FF8246204603F0B1FE0028BD
:106A70000CBFC346BB46204603F0DCFF05F052FCCA
:106A8000002808BF4746CDE900B73E4ADFF810B1FD
:106A900053460021022002F069FAB3790293B388C9
:106AA000019373880093337B374A0121022002F05F
:106AB0005DFA002699F80430F4B2A34203D823F01B
:106AC000C2FF013587E7D9F8007014235C4307EB58
:106AD000040A3A5B9AF90C3000922C4A32EA2302FB
:106AE00028BF5A4613460220294A002102F03EFAE6
:106AF000002025F027FB38B150463C5B24F085FF91
:106B00000146204605F05AFC224A0121022002F0EB
:106B10002DFA0136CEE700BF35650300446503005A
:106B2000606503008C650300676503007D650300F5
:106B3000A165030084650300B8650300D865030000
:106B400011670300E1650300036603002D6803007D
:106B50000E660300226603003866030047660300E2
:106B6000BE66030074390020D6660300CA660300BF
:106B7000E4660300F8660300DD5203005839002084
:106B80000C6503005266030072660300296503006A
:106B9000A666030047530300AC65030014650300B9
:106BA0001D6503002DE9F743134EDFF85C800025D7
:106BB00003F008FEECB2A04202D803B0BDE8F083B7
:106BC0002701204616F8079003F002FE0B4A002822
:106BD00008BF42464B46002100920220084A02F0BC
:106BE000C5F9F05D24F0D5FE064A0121022002F02D
:106BF000BDF90135DCE700BF58390020C29303001E
:106C00001367030047530300CC93030008B5836860
:106C10005A681178C26853F82230A1F165025142D6
:106C20005141187803F0F0FF30B9BDE80840034A3D
:106C30000121022002F09AB908BD00BF1E670300BF
:106C4000024A0021022002F091B900BF3867030018
:106C5000024A0021022002F089B900BF66670300E2
:106C600010B586B004461822002168462AF050FC70
:106C7000684625F0D5F9D4E9022052F8203002EB1D
:106C800080021B788DF80B30516891F900108DF857
:106C90000A1091680988ADF808106168091A03297B
:106CA00007DDD268127803F01F0343EA42138DF820
:106CB0000B30684603F056FA034A034600210220CF
:106CC00002F054F906B010BD8267030007B528F042
:106CD0004CFE054B0090054A0021022002F046F9C7
:106CE00003B05DF804FB00BF981703008F67030033
:106CF00007B5D0E9023253F8221003EB820308787B
:106D00005B681968094B002908BF1946003818BF8D
:106D10000120A22213F098FB054B0090054A0121A7
:106D2000042002F023F903B05DF804FB00F8FF072C
:106D3000B18803009A67030013B5D0E9023203EB70
:106D4000820153F82230D1E90114187822780968B9
:106D5000003818BF012028F085FD044B0090044A3C
:106D60000121042002F002F902B010BDA467030063
:106D7000B967030008B50D4A0123002125F080FB07
:106D80000A4825F06FF90020094904F085FB00202E
:106D900025F0D8F910B1054804F0F0FABDE8084034
:106DA000044A0121042002F0E1B800BFF65400209B
:106DB000C16703004753030010B524F0E8FD034604
:106DC00030B1BDE81040064A0121042002F0CEB8DF
:106DD000BDE81040034A0121042002F0C7B800BFFB
:106DE000CF670300E067030010B525F03DF9BDE86B
:106DF00010400346024A0121022002F0B7B800BF4A
:106E0000EB67030010B525F001F9BDE8104003461B
:106E1000024A0121022002F0A9B800BF0168030064
:106E200037B5D0E9023253F822301D78012404FA34
:106E300005F10023FE224FF6FF701CF0D3FB044A3D
:106E400000902B462146042002F090F803B030BD9C
:106E500015680300D0E9023253F822301B7823B1C1
:106E6000034A0121022002F081B8024A13707047E0
:106E700034680300DA53002007B5684603F050FC7D
:106E800024F027FD094A03460121022002F06EF892
:106E9000684604F073FA24F01EFD054A03460121FA
:106EA000022002F063F803B05DF804FB4A680300B7
:106EB0006468030037B5D0E90245406854F82530CE
:106EC00004EB8504401B032819786368C8BFE06899
:106ED0001A78A368C8BF007893F90030D8BF0020A3
:106EE0000090012028F07EF938B9094A01210220DA
:106EF00003B0BDE8304002F039B8064B0190009372
:106F0000054A064B0121022002F030F803B030BDE3
:106F1000756803007D680300916803004C1A030044
:106F200007B5012028F060F948B90090094B0A4ADA
:106F30000121022002F01AF803B05DF804FB054BB2
:106F400001900093054A064B0121022002F00EF841
:106F5000F2E700BF7D680300A868030091680300A2
:106F60005C1A030008B5D0E9023253F822301878D1
:106F700014F048FF30B9044ABDE80840012104205C
:106F800001F0F4BF014AF7E7BD680300D9680300C8
:106F900008B5D0E9023253F82230188814F02CFFDB
:106FA00030B9044ABDE808400121042001F0DEBFE9
:106FB000014AF7E7F86803002869030073B503780E
:106FC00013F0050F04460ED04588062D17D18368AF
:106FD000184A5B681B780193838800930121164B44
:106FE000042001F0C3FF2378012B20D0124B134A59
:106FF0000121042002B0BDE8704001F0B7BF35B9EF
:1070000083880F4A0121042001F0B0FFEBE7012D36
:10701000E9D186680B49002004F03EFA304604F0BE
:10702000ADF9094A2946042001F0A0FFDBE702B0D0
:1070300070BD00BF5E69030055690300B0690300BD
:107040007B69030098690300475303002DE9F04F63
:10705000374DDFF8F8900FCD8FB009AC0FC42B6817
:10706000344A23600121022001F080FF00263446CB
:1070700024F07FFCF5B2A8420BD824F07AFC2E4A0B
:10708000009023460121022001F070FF0FB0BDE8FF
:10709000F08F05A9284629F02EFB0346002841D190
:1070A0009DF81430032B39D904238DF81430234A6A
:1070B0002B460021022001F059FF9DF814300EAA42
:1070C00002EB8303002153F8143C4A46022001F0EE
:1070D0004DFF28469DF821A09DF815B09DF8187029
:1070E000BDF816801BF0E6FACDE900B7CDE90280C5
:1070F000134A02205346002101F038FF01340020DA
:10710000E4B225F01FF818B10DF1190004F036F9BA
:107110000C4A0021022001F029FF01E0002BC6D11A
:107120000136A5E7084A0021022001F01FFFF7E71A
:107130003C6B0300C2690300346A03007F650300EF
:10714000EF6903004F570300166A030082740300BF
:10715000C3688268013BDBB2022052F823301B78FF
:10716000652B064B0BBF064A002201211A701ABF7D
:107170000121044A197001F0F9BE00BF5525002015
:107180004B6A0300596A0300D0E9023253F82230F7
:107190001A88014B1A807047F224002007B5D0E905
:1071A000023103EB810253F82130526819880548F7
:1071B000054B128800930088012304F0EDFD03B015
:1071C0005DF804FBF2240020BD6F0000C3688268F4
:1071D000013BDBB252F823305B78A3F166025342E5
:1071E0005341014A137070475825002030B5D0E94B
:1071F000023253F8223089B01D780123194602AAC1
:10720000044625F03DF90123009310230DEB030202
:107210002046022125F015F904AA02A9284625F0E6
:1072200084FD00284FF0000014BFB324002424F094
:1072300089FF18B10548214602F076FF044A012172
:10724000042001F093FE09B030BD00BF686A03005E
:107250004753030070B58EB00026122309AA0221FD
:107260000096054625F0EDF805AA014609A802F0AA
:1072700053FD044698B1BD2805D1154A01210420CB
:1072800001F074FE09E0022801D1124AF6E7034634
:10729000114A0121042001F069FE0EB070BD0123E6
:1072A000194603AA284625F0EBF8224605A903A8AB
:1072B00025F053FD0028304618BF182424F042FF63
:1072C00018B10648214602F02FFF054AD6E700BF55
:1072D000756A0300986A0300D36A0300F26A030028
:1072E00047530300D0E90232F0B553F8221003EB04
:1072F000820387B09B680E781F780546384624F0D5
:1073000001FF044608BBD5E90221012319448DF889
:10731000083052F8210002EB810200888DF80970D4
:107320009268ADF80A0012788DF80C2004210DF156
:107330000D02284625F0A4F802A930468DF8154024
:107340001BF006FA044624F0D1FE044A00943346AA
:107350000121042001F00AFE07B0F0BD076B030015
:107360002DE9F041284A294E294FDFF8B4808EB02C
:107370000121022001F0FAFD05AB01AA09A90020B4
:1073800025F02EFE002504461CB128460EB0BDE8AF
:10739000F08102202B463246214601F0E7FD2046CF
:1073A00024F0D0FE10B10AA803F0E8FF9DF83030B9
:1073B0003A460021022001F0D9FD079B42460021F8
:1073C000022001F0D3FDBDF82030124A0021022036
:1073D00001F0CCFDBDF814300F4A0021022001F06D
:1073E000C5FD013501A824F0A8FEEDB20B4A01212C
:1073F000022001F0BBFD05AB01AA09A9284625F032
:10740000EFFD0446C0E700BF506B0300966B03001E
:107410009E6B03006E680300B36B030047530300C9
:10742000AA6B03002DE9F04F064699B0C0B924F0CD
:107430009EFA07460EA825F0EAF9404ADFF80481D3
:10744000DFF80491DFF804A10121022001F08EFD94
:1074500000252C46BC4205D3284619B0BDE8F08F64
:107460000127E7E713A825F0D2F9002E4BD04FF003
:10747000020B06A913A88DF84CB025F02FFC04468A
:10748000002859D102A913A825F015FD9DF85930FF
:107490002B4A43F00103214658468DF8593001F03C
:1074A00065FDFE249DF859300AA943F0010313A895
:1074B0008DF8593025F0FFFC002024F043FE10B178
:1074C00014A803F05BFF0C9B42460021022001F050
:1074D0004DFDBDF8282012F4007F14BF41234C233A
:1074E00012F0100F0CBF6E227922009200214A4642
:1074F000022001F03BFD06A824F01FFE0135EDB28D
:107500000134E4B2A6E70AAB06AA13A9204625F087
:10751000F5FC0028F4D102A913A825F0CCFC9DF8B5
:10752000593043F001038DF8593052462346314615
:10753000022001F01BFDB5E7FE24E1E7BD6B03006F
:10754000F26B0300AA6B0300F96B0300966B030058
:1075500030B599B00EA825F05AF9012413A88DF87A
:10756000384017F0B1FEC0B9BDF84C1011EA04055F
:1075700013D1454A2146022001F0F8FC434A29462E
:10758000022001F0F3FC404A2146022001F0EEFC0B
:107590003D4A2146022001F0E9FC06A90EA825F08B
:1075A0009DFB20B11022FF2106A829F0B1FF04A8FD
:1075B00025F043FB059B364A00930121354B022001
:1075C00001F0D4FC9DF81230334A00930121314B75
:1075D000022001F0CBFC2F4B304A0021022001F0A9
:1075E000C5FC06A824F0A9FD13A825F010F9022374
:1075F0000AA913A88DF84C3025F05DFC00283FD176
:107600000B9B0093264A274B0121022001F0AEFC80
:10761000244B254A0121022001F0A8FC0120FFF79C
:1076200001FF204B214A0121022001F09FFC002094
:10763000FFF7F8FE044624F09AF9234600901C4A0E
:107640000121022001F092FC1A4B184A012102206C
:1076500001F08CFCFFF784FE1749184A0228034604
:10766000174828BF0A460849009228BF0146CDE9BD
:107670000131144A0121022001F078FC19B030BD1B
:107680004FF0FF33BDE700BF475303000C6C03000E
:107690004A6C0300426C03005A6C03006B6C0300DD
:1076A000706C03003A7F0300806C0300876C03005A
:1076B000906C0300A46C0300086C0300871C03009B
:1076C00083740300B26C0300D0E9023210B553F8A2
:1076D00022301C78201E18BF012013F045FD054AFA
:1076E000054B0649002C18BF1A460020BDE8104083
:1076F00003F0B8BEDF6C0300DA6C0300E86C030033
:10770000D0E9023253F8223003491A88034B002093
:107710001A8003F0A7BE00BF296D03000C250020CE
:10772000D0E9023253F822100878044903EB8203AF
:1077300008705B681A78024B1A7070470C5500206D
:107740000B55002037B5044610F0C6FC014638B191
:107750000D4A0E49002003B0BDE8304003F082BE60
:10776000E368A2680A48013BDBB252F82330094AB9
:107770001D78012300936C2D08BF0246102320467C
:1077800024F05FFE03B030BD776D03007F6D030012
:10779000442500203425002013B583689A681278A8
:1077A000672A22D101A817F08FFD0446A8B9BDF8B9
:1077B0000420174903F056FEBDF80430DA070AD456
:1077C00013F0020F134B144A18BF1A461349002036
:1077D00003F048FE19E0124AF8E70246114900207A
:1077E00003F040FE10492246F1E7C26853F8220038
:1077F00003EB820300685B6801A91B68ADF80430E5
:1078000017F032FD04460028ECD102B010BD00BFD5
:10781000B76D0300AA6D0300956D0300D06D0300E2
:107820009A6D0300E26D03000E6E0300034A0449E3
:107830001388C85401331380704700BF504C002098
:10784000E053002073B5164D164E2B78164A13F0F0
:10785000040F4FF001040CBF02230423147032887C
:107860000192EB5C0093114B114A5B882146022088
:1078700001F07CFB0F4A0021022001F077FB0E4B48
:107880000093328829462346022001F0B9FB0B4AB7
:107890002146022002B0BDE8704001F067BB00BF86
:1078A000E0530020504C0020DF530020424C0020C9
:1078B0001D6E0300426E0300646E03004753030015
:1078C000134B70B516464FF48A52DA805980114B2B
:1078D000114D1B881A1E18BF012240EA82000F4A70
:1078E0001278003A18BF012240EA0210287063B1F2
:1078F0006B701B0AAB70032404F080FD631C2855D9
:10790000EE54074B02341C8070BD0124F4E700BF25
:10791000424C00204E4C0020E0530020DE5300205B
:10792000504C002038B5D1E9023253F822300C46D1
:1079300019880D4B024605461878FFF7C1FFE3682A
:10794000A268013352F82330188823F09EF94DB114
:10795000E368A268023352F823301878BDE8384053
:10796000FFF764BF38BD00BFDB530020F0B505460C
:1079700085B0EB68AA68264E264F0233084652F8B7
:1079800023301C782946FFF7CDFF204624F029F844
:1079900078B3204624F031F803AA441C032128467A
:1079A00022F006FC32880399E4B2C2F152031B1B99
:1079B0009BB28B4222443CBFC2F15203039301238A
:1079C000032100933A449DF80C30284624F039FDF9
:1079D000039A3388022C08BF0F48FA5404BF110AD7
:1079E000C15413441C44348005B0BDE8F040FFF797
:1079F00029BF204602F0A2FE3288012300930446EC
:107A000003463A440321284624F01BFD3388E9E766
:107A1000504C0020E0530020E153002007B505231F
:107A20000093054A054B0121022001F09FFA03B0A3
:107A30005DF804EBFFF78CBD526E03004B6E030044
:107A400013B5044625F050FB38B1CDE90040044B96
:107A5000044A0121022001F089FA02B010BD00BFE2
:107A6000776D0300696E0300194B1B7837B53BB97E
:107A7000184A0121022003B0BDE8304001F076BA77
:107A8000D0E9023253F82230134C1D7863880093FA
:107A9000124A2B460121022001F068FA104B257191
:107AA0001B78104D63B1104A0121022001F05EFAEB
:107AB0000E4A2988204603B0BDE8304023F008BDB7
:107AC0000A4A2988204603B0BDE8304023F0B4BDFF
:107AD000DF530020806E0300424C00208E6E0300B6
:107AE000DC530020504C0020A56E0300E053002022
:107AF000D0E9023253F8221003EB8203F0B55A6842
:107B00000C7816889A68DB6817881D78344A354BDC
:107B10008FB0CDE9016700940021022001F026FA20
:107B20008DB37923304A0121022001F01FFA40234E
:107B30000DF11302029205AD232201922046009519
:107B40003A46314624F08BF9044600283FD19DF88F
:107B5000130023F04CFF0646E8B1284624F0B0FAA3
:107B60002128224B0093A8BF2120234682B20DF189
:107B70001501022001F044FA1D4A0121022001F002
:107B8000F5F90FB0F0BD6E23174A0121022001F074
:107B9000EDF98023CCE79DF8130023F02EFF60B1B0
:107BA000284624F092FA2128104B0093A8BF2120E8
:107BB000334682B20DF11601DBE79DF8130002F0A7
:107BC000BDFD0C4B0093024601232946D1E70090EE
:107BD000094B0A4A0121022001F0C8F9D1E700BF90
:107BE000BF6E0300D67F0300E46E0300EB6E03005C
:107BF00047530300646E03001B760300EE6E030020
:107C0000D0E9023253F8221003EB82032DE9F04F42
:107C10005A680F78B2F800809A68B2F80090DA6873
:107C20001B6992F800A01D78314A324B91B00021B7
:107C3000CDE9018904460097022001F097F9BAF1D5
:107C4000000F14BF79236E232B4A009501210220D7
:107C50000DF11C0B01F08AF923220021584629F06E
:107C600057FC284623F0C3FE064610B300230093BA
:107C70000DF11D0221230521204624F0E2FB8DF8A1
:107C80001C00BAF1000F0CBF802340234A46414636
:107C9000CDE900B5384624F0AFF80146154802F0AA
:107CA00043FA164A0121022001F060F911B0BDE843
:107CB000F08F284623F0A1FE60B1009621230DF13C
:107CC0001E020521204624F0BCFB8DF81D608DF8B6
:107CD0001C00D6E70590284602F030FD059A009278
:107CE00003465A460521204624F0ABFBC9E700BFF6
:107CF000BF6E0300C97F0300FF6E030047530300FC
:107D00002DE9FF475F681C46DB680025FF1A0395D5
:107D1000FFF7D6FDFFB2A846EBB29F4245D90C9BB8
:107D200013F80830A3F12102D1B2072925D9A3F114
:107D3000310013280BD8DFE800F0515A637D383842
:107D400038380A0A0A0A0A0A0A0A0A0AAA9008F12C
:107D50000108142B5FFA88F825D833B3013B132BA5
:107D600023D8DFE803F03B444D272222222222229F
:107D70002222222222223B444D67232A15D8DFE803
:107D800002F02D363F19141414141414141414147E
:107D900014142D363F5914141414141414141414F8
:107DA0001414866C866C2329E7D9FFF74BFD04B0C9
:107DB000BDE8F087E368A2682B444FF0040952F84D
:107DC00023301E68F0B209F1FF39FFF72FFD19F0DB
:107DD000FF094FEA1626F5D101359DE7E368A26851
:107DE0002B4452F823301878FFF720FDF4E7E368BE
:107DF000A2682B4452F82330188822F046FFEBE7A4
:107E0000E368A2682B4452F823301E68B6F1807FE5
:107E100009D2F0B2FFF70AFDC6F30720FFF706FD0F
:107E2000C6F30740E0E7274A2B460121082001F06E
:107E30009DF8BAE7E368A2682B444FF0040952F8B2
:107E400023301E68F0B209F1FF39FFF7EFFC19F09B
:107E5000FF094FEA1626F5D1BEE71B4E03AA2946B5
:107E6000204622F0A5F93388184ADDF80C9000214D
:107E700002EB030CCAB2914501F1010102D84B4457
:107E80003380A9E710F802A00CF802A0F2E70E4E2A
:107E9000DFF838A03288C2F151039BB2FF2B28BF14
:107EA000FF23002101320091DBB2524469B2204627
:107EB00024F0A3FA33880AF8030001331844308011
:107EC0008AE700BF186F0300504C0020E0530020E9
:107ED000094B1B7823B1094A0121082001F046B85B
:107EE000D0E9023253F82230054A1B881380012161
:107EF000044A082001F03AB8DF5300203E6F030027
:107F00004E4C0020806F0300D0E9023253F822303B
:107F1000054A1B78003B18BF012313700121034A57
:107F2000082001F023B800BFDD530020A66F030036
:107F3000D0E9023253F82230034A1B781370012132
:107F4000024A082001F012B8DE530020D56F03006A
:107F5000D0E9023210B553F8223019880C4B044690
:107F600013221878FFF7ACFCE368A268013352F8DB
:107F700023301878FFF75AFCE368A268023352F8FE
:107F800023301878FFF752FCBDE81040FFF75ABCC9
:107F9000DB530020D0E9023210B553F822301988A3
:107FA0000C4B044611221878FFF78AFCE368A2689C
:107FB000013352F823301878FFF738FCE368A268E1
:107FC000023352F823301878FFF730FCBDE8104038
:107FD000FFF738BCDB530020D0E9023253F82230DF
:107FE000034A1B78003B18BF0123DB001370704766
:107FF000DB530020D0E9023210B553F82230198843
:108000000E4B044606221878FFF75AFC0120FFF7B2
:108010000DFCE368A268034452F82330188822F06C
:1080200034FEE368A268023352F82330188822F045
:108030002CFEBDE81040FFF705BC00BFDB5300205D
:10804000D0E9023201322DE9F04153F8221003EB5E
:1080500082038EB05A680D8817889A6853F8043CDA
:1080600014781878002C0DF113034FF0210805AE99
:108070000293CDF804800CBF8023402300963A463B
:10808000294623F0ECFE034638B1194A01210820A5
:1080900000F06CFF0EB0BDE8F081201E18BF01207B
:1080A0000A222946C000FFF70BFC384622F0EDFDFE
:1080B0009DF81300FFF7BAFB9DF8130042463146C6
:1080C00023F06AFC044628B10A4F3D88C5F15203EB
:1080D000984202DD084A2346D8E70246074831465F
:1080E0002844254429F03AFA3D80FFF7ABFBD1E75D
:1080F0000B700300504C002027700300E053002059
:10810000D0E9023210B553F8223019880C4B0446DE
:1081100008221878FFF7D4FBE368A268023352F80C
:1081200023301878FFF782FBE368A268013352F826
:108130002330188822F0A9FDBDE81040FFF782BB6C
:10814000DB530020D0E90232023273B553F822101B
:1081500003EB82030C7853F8042C53F8083C168880
:108160001988234B054606221878FFF7A9FB002043
:10817000FFF75CFB304622F088FD2046FFF756FBF8
:10818000EB68AA68033352F82330188822F07DFD8B
:10819000EB68AA68043352F82330188822F075FD82
:1081A000204604F015FBE8B9204602F0C7FA052185
:1081B0000446019001AA284621F0FAFF019B9C4247
:1081C000014606D0224631460A4805F05DFA02B063
:1081D00070BD094D09482E8822463044344429F0A8
:1081E0007DF92C8002B0BDE87040FFF72BBB00BFCB
:1081F000DB53002053700300504C0020E05300205C
:10820000D0E9023273B553F82230114D1A88114B60
:108210004FF48A51D9805A80002300932A46522372
:10822000012124F00EF92B7813F0040F0A4B1B7870
:1082300004460CBF0126032613B104F0DFF8A8554D
:10824000064B1C8002B0BDE87040FFF7FBBA00BFD0
:10825000E0530020424C0020DD530020504C002011
:10826000D0E9023253F82230034A1B78003B18BF92
:1082700001231370704700BFDC53002010B50C467B
:1082800008B903F067F8024B18715C7110BD00BFAC
:10829000424C00202DE9F341D0E90253024655F843
:1082A000231052680C882A4E05EB8301D21A013B39
:1082B000DBB2022A4868C8BF8A6855F82380337841
:1082C0000078CCBF1178FF213BB9224A012102205E
:1082D00002B0BDE8F04100F049BEFFF7CFFF1E4FEE
:1082E0001E4D23F0F6FA3B88009301462B461C48AE
:1082F000224623F0A0FEB0B998F804303A885F2BEC
:1083000014D117492B46204623F0DBF828B1034649
:10831000144A0121022000F029FE134A0023138091
:10832000124A3370137002B0BDE8F0814FF6FB7350
:108330009C4205D90A492B46204623F014F9E5E76B
:1083400013460095064A214623F037F9DEE700BFC1
:10835000DF5300209E700300504C0020E0530020AB
:10836000424C0020A57003004E4C0020DE5300203C
:1083700010B5002204460A211046FFF7A1FA00209A
:1083800022F083FC044B01221A70FFF75BFA2046AF
:10839000BDE81040FFF77EBFF454002038B51C46FE
:1083A00015460123224624F06BF828B921462846B9
:1083B00010F03CF8044610B90024204638BD034AAA
:1083C0000121042000F0D2FDF7E700BFCC700300CC
:1083D0002DE9F04315461F46D0E902230C4652F81A
:1083E000231002EB83020E88936893F80080D36811
:1083F0008BB0B3F80090324606AB0121FFF7CEFFF9
:10840000F0B90DF1200CF4B12A8801234021CDE907
:108410000471CDE902C2CDE9009306AA43462221A8
:10842000304624F064F80B4B0B4A00930B4B019041
:10843000002C08BF13460121094A042000F096FDD4
:108440000BB0BDE8F08328686968624603C2032365
:108450002246DBE729710300107103000A71030053
:108460001871030007B501236A46002124F008F8BB
:108470000349684603F00CFD03B05DF804FB00BF40
:10848000BD6F0000D0E9023253F82230014918884C
:1084900003F0D0BCBD6F0000D0E9023210B503EB91
:1084A000820153F822304968188809784FF48A52BB
:1084B00024F00DF8BDE810400346024A01210420D3
:1084C00000F054BD33710300D0E9023253F822307A
:1084D00010B518884FF48A52022123F0EAFFBDE854
:1084E00010400346024A0121042000F03FBD00BFB6
:1084F0004C710300D0E902322DE9F04353F8221009
:1085000003EB82030E885A6817789A68DB6892F842
:108510000090B3F800808BB006AB324604210446CD
:10852000FFF73CFF28BB08AD01232A460521204662
:1085300023F0A6FF38B904200F4A012100F016FDF0
:10854000284602F0EDF84FF48A53CDE90493002356
:10855000CDE902530323CDE9008306AA3B4621213E
:10856000304623F0C4FF054A03460121042000F0F1
:10857000FDFC0BB0BDE8F083637103009271030052
:1085800038B5D0E9024303F18043023B0F4954F868
:10859000230002229D0028F091FF60B90C4B0D4989
:1085A0001A78042A0BD82C44A068008821F81200FD
:1085B00001321A7038BD084B08491A78F1E7BDE856
:1085C0003840074A0121042000F0D0BC5B5603006C
:1085D000335400205C4C002032540020524C0020C8
:1085E000A471030008B5C3688068084903F180439B
:1085F000023B022250F8230028F060FF10B9044B20
:10860000187008BD034B00221A70FAE75B5603008E
:10861000335400203254002037B5D0E9023153F8EA
:10862000212015784268521A012A4FEA810410DD90
:10863000234429465B681C78204623F0B8FED0B15D
:10864000164A009523460121042000F08FFC03B058
:1086500030BD6C0944F0180405F01F05294620467A
:1086600023F0A5FE0028EBD10121A9400023FE2222
:1086700041EAC46105E00121A940002CF4D1234660
:10868000FE224FF6FF701AF0ADFF054A03460121A6
:10869000042003B0BDE8304000F068BCBA710300AC
:1086A000DA71030070B5D0E9021551F8253001EBFD
:1086B0008501044618884B681A788B68052A1B8840
:1086C00002D85E1E072E0BD90D4A0121042000F0AE
:1086D0004DFCBDE870400B4A0121042000F046BC6F
:1086E0006468641B032CCABFC968074909681AF08B
:1086F00079FFBDE8704002460449002002F0CCBE7C
:10870000F87103001872030000F8FF0735720300C8
:1087100008B5D0E9023253F8220003EB8203FF22AE
:108720005968038809684FF6FF701AF05BFFBDE8CF
:10873000084002460149002002F0AEBE4672030026
:1087400008B5D0E9023253F82230052118884022BA
:1087500023F0AFFEBDE8084002460249002002F0C7
:108760009BBE00BF6572030008B5D0E9023203EB7F
:108770008201486853F8221002780988402331208A
:1087800023F0EAFEBDE8084002460249002002F05C
:1087900083BE00BF8472030008B5D0E9023203EB48
:1087A0008201486853F82210027809884023332058
:1087B00023F0D2FEBDE8084002460249002002F044
:1087C0006BBE00BF9C7203001FB5D0E9023253F8A4
:1087D000221003EB82030C889B680C491A78086806
:1087E0004968003A18BF012202AB03C3D20102A9B3
:1087F0004023204623F0BFFE054B0090054A01218F
:10880000042000F0B3FB04B010BD00BF37730300B9
:1088100029710300B872030007B5D0E9023253F89A
:10882000223003211888402223F043FE044B00909D
:10883000044A0121042000F099FB03B05DF804FB19
:1088400029710300C5720300C36837B50533826818
:1088500052F8233004211D786A460123044623F090
:108860000FFE38B90420074A012100F07FFB68465B
:1088700001F056FF2B466A4600212046FFF7A8FD6F
:1088800003B030BDDD72030007B5D0E9023203EB5F
:108890008201486853F82210027809884023322068
:1088A00023F05AFE044B0090044A0121042000F0FA
:1088B0005DFB03B05DF804FB297103000E73030038
:1088C0001FB5D0E9023203EB820153F82230496828
:1088D000188809880A4A4FF48A530293094B019376
:1088E000094B0093094B12781B7822F023FA084AAF
:1088F00003460121042005B05DF804EB00F036BB0F
:1089000033540020524C00205C4C00203254002094
:1089100021730300836970B513F00106044603F068
:10892000020509D1EDB9C3695BB30FF069FAE369D8
:108930002046BDE8704018471DB11B489B21FCF73D
:1089400031FAA069C0F3810023F0CAFBE3691BB9C7
:108950001548A321FCF726FA20460FF051FA4DB92D
:1089600016E0C3F3072023F0CDFBE369B3B1204643
:108970000FF046FAE369607E9847BDE8704023F047
:10898000B5BB0948A321FCF70DFA20460FF038FAD1
:10899000E36920469847002EEFD170BD0248A3211D
:1089A000FCF700FAE3E700BF3F73030008B50FF0E0
:1089B00025FC28B1BDE8084002483F21FCF7F2B988
:1089C00008BD00BF3F73030010B5064C0460064CA1
:1089D000C2610023C0E9014303610123C1608361D7
:1089E00010BD00BFAC37002015890000826938B582
:1089F00002F00203D20704460D4620D553B9FF29E1
:108A000021D1A36913F00C0F17D01148FC21FCF7FA
:108A1000C9F912E00E48ED21FCF7C4F9FF2DF0D0A2
:108A2000284623F05BF8FF28054603D10848F521C6
:108A3000FCF7B8F92DB204EB4514204638BDFF29E8
:108A4000FBD0002BECD10248F221FCF7ABF9E7E7B1
:108A50003F730300014826F08ABB00BFAC370020FB
:108A6000014826F090BB00BFAC37002013B5164874
:108A700026F052FB22F0C3F920F003FF20F013FF91
:108A800020F014FFFCF748F90446FCF75FF90F4AA1
:108A9000009023460121042000F068FAFCF742F917
:108AA0000123834040F2A17213420BD00020FCF757
:108AB00031F80020FBF730FF002002B0BDE8104085
:108AC000FBF7F6BE02B010BDAC370020B073030058
:108AD000022808B503D121F06FFF014B186008BDD3
:108AE000DC37002008B506F029FF074B012018707D
:108AF00022F093F9022022F090F9BDE808400349E2
:108B00000348FCF791BD00BF355400200821002028
:108B1000E0370020014B1870704700BF345400202C
:108B200038B50E4B1C786CB9204638BD22F0D5FE06
:108B300004280FD022F0D1FE054623F0D7FA052DE8
:108B40000AD0F1E7002023F0CBFA28B922F0C5FEC5
:108B50000228EBD123F0CAFA0024E5E754250020CF
:108B600008B5074B1B780BB1002008BDFFF7D8FFF5
:108B70000028F9D101F018FD023818BF0120F4E7F0
:108B80003454002070B50FF0A1FB0446FFF7E8FF56
:108B900014F0070F204D0CD158B10FF097FB10BB0C
:108BA0004FF0FF34FFF756FF844228BF0446042CE1
:108BB0001DD82B7823B9012022F02FF901232B7027
:108BC00022F039F9044628B32B781BB91348F92150
:108BD000FCF7E8F80FF092FA0446FFF73BFF8442F7
:108BE00028BF044616E00FF089FA0446DAE720466B
:108BF00022F023F90028DCD02B785BB120F073FF42
:108C0000002106460120FCF795FC304620F06FFF5E
:108C100000232B70204670BD35540020D073030014
:108C20001FB5FFF7AFFF0446FDF764F9A04228BF68
:108C3000204688B103A9FDF7FDF8034638B9CDE910
:108C40000000064A0399064821F02CFF18B1054898
:108C50009221FCF7A7F8012004B010BD19AE020064
:108C6000BC370020D07303000D4B0E4A1B7870B543
:108C70000D4D0E4C0121002B0CBF2B46234602202C
:108C800000F074F90A4B0B4A1B780121002B0CBF32
:108C90002B4623460220BDE8704000F067B900BFB4
:108CA00054250020477403004474030040740300FB
:108CB000345400206674030010B5D0E9023253F832
:108CC00022301B78002B14BF012400244FF0020037
:108CD00014BF054A054A012100F048F92046BDE8C5
:108CE0001040FFF717BF00BF85740300A274030094
:108CF000D0E9023253F82230034A1B78003B18BFF8
:108D000001231370704700BF542500202DE9F34163
:108D10000C4E0D4DDFF838800C4F002456F8043B04
:108D20000BB9D8F8003035F8022B009239462246AC
:108D30000020013402F096FB292CEFD102B0BDE8EF
:108D4000F08100BF142100203C4D0020C1740300BD
:108D50001021002007B5D0E9023253F822301A78EA
:108D6000282A0DD8084B53F822300BB9074B1B6843
:108D7000074931F8121000910020064902F072FBF9
:108D800003B05DF804FB00BF142100201021002077
:108D90003C4D0020C174030038B5D0E9023253F8CD
:108DA000221003EB82030C785B6805491D880020C4
:108DB00002F058FB29462046BDE8384000F0BAB81A
:108DC000CC7403002DE9F3410C4E0D4DDFF83880D3
:108DD0000C4F002456F8043B0BB9D8F8003035F896
:108DE000022B0092394622460020013402F03AFB61
:108DF000292CEFD102B0BDE8F08100BF1421002082
:108E0000EA4C0020C1740300102100202DE9F34139
:108E100002AB03E90600044690460FF0D7F805467A
:108E200020460FF0E3F8384F9DF80060374BFDB156
:108E3000202C98F8002033F8141037F8140008D9C3
:108E4000814253D34FF6FF7291421DD102B0BDE86B
:108E5000F081012A32D802EB42122D4822444FF60B
:108E6000FF7530F81210A94202D0013120F812101B
:108E700033F8141037F81400814237D34FF6FF72DD
:108E800091424FF0010502D0013123F8141004F093
:108E9000FD02092A2CD19A8AB98A32448A42B4BF87
:108EA0009A82998233F814308342CFD3002DCDD1EA
:108EB000204602B0BDE8F04122F098BA022AD7D18C
:108EC000134A32F814104FF6FF70814204F121006A
:108ED0001CBF013122F8141032F810104FF6FF7544
:108EE000A9421CBF013122F81010C1E70025CBE7D1
:108EF0001D2CD7D15A8F91198142BDBF02F1FF328B
:108F0000B6185E875887CDE7EA4C00203C4D00201C
:108F1000664C002002485222002128F0F9BA00BF16
:108F20003C4D002002485222FF2128F0F1BA00BF38
:108F3000EA4C0020014B23F810107047EA4C002047
:108F400008280ED84FF48B73C340DB0709D5064AB7
:108F5000136819B1034313600020704723EA00032C
:108F6000F9E72120704700BFBC2100200CB408287D
:108F700013B50C4611D84FF48B73C340DB070CD5E7
:108F8000084B1B68184208D005A90498019104F009
:108F90008FFB14B1044824F05FFA02B0BDE8104022
:108FA00002B07047BC210020B4770300034610B51F
:108FB000D3E9023253F822301C780846211E18BF2C
:108FC0000121FFF7BDFF014650B9094A094B0220B4
:108FD000002C08BF1346BDE81040074AFFF7C6BF84
:108FE000BDE81040054A00210220FFF7BFBF00BFC7
:108FF000146503000C650300B6770300CC7703000B
:109000002DE9F041DFF8308005461F460C468E18EA
:10901000B44201D1BDE8F08114F8013B069A002169
:109020002846FFF7A3FF002FF2D042460021284632
:10903000FFF79CFFECE700BFA86B0300034B1B6826
:109040001878012808BF0220704700BF743900203B
:10905000D0E9023253F822301A78024B1A7000F02D
:10906000D7BA00BF3654002070B5D0E902456B1E58
:10907000DBB21D4954F82300032228F01FFA54F8EC
:10908000253004EB8504197863681A78A2F10B0384
:109090000F2B05D91549BDE87040002002F0E2B958
:1090A00001290FD1124C9140236840B90B43114A5A
:1090B0002360BDE870401049002002F0D3B923EAD4
:1090C0000103F4E702290CD10C49012303FA02F24F
:1090D0000B6818B913430A4A0B60EAE723EA020354
:1090E000F9E70A460749D6E7FA170300DD770300D8
:1090F000C4210020F3770300FB770300C021002088
:109100000D7803001778030007B5D0E9023103EBAF
:10911000810253F821300B491B785268012B0A4B0E
:10912000126808BF0B464FF000001A600092074A11
:10913000074B084918BF1346074A02F093F903B0DA
:109140005DF804FBC4210020C02100203278030018
:109150002A7803003C7803003A7D030038B5254A9D
:10916000254B264C2649274D002002F07BF9264945
:10917000002002F077F922682449002002F08CF9DF
:109180002068234C02F048F92146002002F06AF9D9
:109190002A682049002002F07FF9286802F03CF993
:1091A0002146002002F05EF91B4B1C491A781C4B2B
:1091B000002053F8223002F055F900F027F9194940
:1091C0000246002002F04EF9174B18491A78002089
:1091D00002F048F9164B17491A78002002F042F9BC
:1091E00022F07BFBBDE8384002461349002002F024
:1091F00039B900BF3A7D030055780300C42100202F
:109200005C780300C02100206478030072780300BA
:109210001167030082780300525400209278030003
:10922000C8210020A378030048540020B778030029
:1092300047540020C9780300DB78030007B500F02D
:109240008FF8054B0090054A0549002002F00AF905
:1092500003B05DF804FB00BFEF7803003A7D030024
:10926000F47803000149002002F0FCB80179030002
:1092700001480EF01DB900BF8E4D0020F8B50C4F0F
:109280000C4E0D4D0D4A0E490446002002F0EAF83E
:109290003B78297832782046F7F778FC00233B703A
:1092A00033702B70BDE8F8400648FF2121F0A0BDC7
:1092B0005254002047540020485400203A7D0300B7
:1092C000A0790300E837002037B51948FF2121F0C5
:1092D0008FFD184B1B7813F0200013D000F068FCB2
:1092E00026F043FB0020144B144A154902F0BAF84B
:1092F0000120FFF7C3FF4FF4806003B0BDE83040AA
:1093000022F0ACBE13F0100404D003B0BDE830402E
:1093100000F056BC0121B42000F0C6FF094B0090BC
:109320000546064A0849204602F09CF82846E0E730
:10933000E837002052540020B77903003A7D03003B
:10934000E0790300E7790300007A0300024A03484A
:109350000021FFF739BB00BFC9920000E8370020A9
:1093600008B5054B1B7823B19420FFF787FF002039
:1093700008BD7020FCE700BF5254002037B51E4CDA
:109380002378DB0605462FD500901C4B1C4A1D494F
:10939000002002F067F81E2D10D0652D0ED0032D91
:1093A00024D12378184843F0200341F28832FF216A
:1093B000237003B0BDE8304021F009BD237823F0CD
:1093C00020032370FBF748FE4FF4FA63B0FBF3F27F
:1093D00002FB1300C21892B20B48FF2121F0F7FCE8
:1093E000237823F01003237003B030BD26F0BDFABC
:1093F000AE20FFF743FFF3E7525400200D7A03003D
:109400003A7D0300007A0300E8370020014B187A08
:10941000704700BF0838002070B5424E3378DD1F1A
:10942000012B8EB0EDB258D0042B56D0032B41F651
:10943000041255D0991F4B424B415B0013433A48ED
:10944000ADF80C3021F0F7FF48B9384B364A03F13C
:10945000100153F8040B42F8040B8B42F9D1337816
:10946000032B3FD0062B3DD0314B0DF10E0203F103
:10947000100153F8040B42F8040B8B42F9D103A8F6
:1094800018F02EFAB728044610D1012D36D8294AF3
:109490002949002001F0E6FFBDF80C3003A823F4B1
:1094A0000053ADF80C3018F01BFA04467CBB30209A
:1094B00018F0F0F8044650BB21F0DFFF012D26D84C
:1094C0001E4A1068516801AB03C322461C4901A81B
:1094D00023F043FCF0B1182419E043F60412A9E785
:1094E0000223ABE7104A0DF10E0302F1100152F80E
:1094F000040B43F8040B8A42F9D1C0E73378012BFF
:1095000001D0042B03D10F49002001F0ABFF20460E
:109510000EB070BD0449224601A823F01EFC0028AD
:10952000D9D1F4E75254002037540020D27A0300F6
:10953000E37A03003A7D0300317A0300F47A0300F2
:109540002A7D0300847A030030B5044687B02520C5
:1095500011F0C8FE1C220021144827F0D9FF144B3B
:109560001878FFF76BFD022814BF012304230A209B
:109570008DF8083025F04AFE04238DF8103002A83B
:109580000C4B0593039400F0A3FA0B4B0B4A19689C
:109590000B4B0094A14218BF13460546094A0A49DD
:1095A000002001F05FFF284607B030BD08380020DA
:1095B000525400204D980000C4210020327803004E
:1095C0002A7803003A7D0300FD7A030008B50E49AE
:1095D0000A78531CDBB2072B0B7001D0092B04D186
:1095E0009420FFF74BFE942008BD02F0FB02032AF3
:1095F00007D1064B18680028F2D0FFF7A5FF3D20E1
:10960000F2E70020F0E700BF52540020C021002004
:1096100073B51C4C1C4E23683268134330D01B4B6F
:109620001B6833B31A4D2B781BBB22F056F9D8B9FF
:109630004FF4806022F0CEFC24688CB101232B70A3
:1096400000F0B6FA2046FFF77FFF0446114B124A9E
:1096500012490094002001F005FF204602B070BDC1
:10966000042334682B70EBE70121B42000F01CFECA
:10967000EBE7094A0A49002001F0F4FE7024E5E70F
:109680007024EAE7C4210020C021002074390020A2
:1096900052540020447B03003A7D0300F478030019
:1096A0002A7B03002DE9F341374C3849227AA388FD
:1096B000002001F0D7FE2268207A22FA00F010F094
:1096C000010002D1324901F0CDFE324D287838B187
:1096D00031493248082227F0F1FE003818BF012036
:1096E0002F4E2D4F06F10E0807E00822394640465E
:1096F00027F0E4FE003818BF0120227A2368D34007
:10970000DB0700D560B1304611F0B8FD00282DD13F
:109710002B78002BE9D1227A2368D340DA07F2D5DF
:10972000237A0093A3881F4A1F49002001F09AFE64
:109730001E4B1878FFF782FC01230A22184910F00B
:10974000C3FF1B4A137801331370044610B902B0EB
:10975000BDE8F081134A17492346002001F082FE3C
:10976000204602B0BDE8F041FFF788BD1249002055
:1097700001F078FEFFF72AFF0028E8D102B0BDE82B
:10978000F04100F01BB800BF083800204A7B0300FE
:109790007A7B030051540020495400201A380020DD
:1097A0000C3800203A7D0300467C03005254002010
:1097B00047540020E97B0300107C030070B51B4C6C
:1097C0001B4B22781B4953F822301B4A1A4D1B4E63
:1097D000002001F047FEFFF71FFE034683B9237800
:1097E000032B19D8D3B1164B16481B6840F8043B1D
:1097F00011F022FDA0B1BDE870400120FFF73EBD91
:109800002A463146002001F02DFEFFF7DFFE58B951
:10981000FFF702FE0346E1E7072BE4D00A4BE3E73C
:10982000BDE87040FFF73EBF70BD00BF525400203E
:10983000C8210020657C03003A7D0300727C030090
:10984000C421002008380020C021002070B51A4C27
:10985000237883B3838913F4407F2CD0056835B116
:109860002A461649BDE87040002001F0FBBD11F00A
:1098700033FD134E134A307003461349284601F056
:10988000F1FD33781BB1BDE87040FFF797BF237837
:10989000062B06D8032B06D9BDE87040AB20FFF796
:1098A000EDBC082BF8D004232370084BBDE87040B2
:1098B0001868FFF749BE70BD525400209B7C03001E
:1098C000485400203A7D0300C67C0300C0210020DC
:1098D00030B5434D434A4449034687B0044600200F
:1098E00001F0C0FD2B782BBB01A822F090FF0223D2
:1098F00001A88DF8043023F060F9B0B93B4901A804
:1099000023F0C2F988B1902C0FD1FBF7A5FB47F2E9
:109910003153B0FBF3F202FB130000F51C50103082
:1099200080B200F04DF907B030BD912CFBD100F0B2
:1099300081F9F8E7902C2AD12A4A2D49002001F01C
:1099400091FD2B78032B11D0062B0FD0294B1B78C0
:10995000DA070BD401A817F0BFFE18B9BDF8043020
:109960009B0703D42B7843F010032B70FBF774FB99
:109970004FF4FA63B0FBF3F202FB1300C2181E4867
:1099800092B2FF2107B0BDE8304021F020BA0EF0BE
:10999000ABFB04460028C6D12B78013B072B19D816
:1099A000104A164901F05EFD154811F067FC60B1E0
:1099B0001449204601F056FDFFF708FE0028B2D1F9
:1099C00007B0BDE83040FFF7F9BE07B0BDE8304052
:1099D000FFF768BEAE2007B0BDE83040FFF74EBCD1
:1099E000525400203A7D0300EA7C03002A7D0300E4
:1099F000FF7C030036540020E8370020127D03006E
:109A00000C380020107C03001FB50F4C2478C4B123
:109A100042EA03229DF818308DF8051042EA4322ED
:109A20000A4BADF80C201A78094B8DF8061003EBA1
:109A30000213079900908DF80400DB6802916846D4
:109A4000984704B010BD00BF535400205554002067
:109A50002438002073B51A4D1A48FF2121F0C8F9A7
:109A60002B7853B3184C194E2378180106EB0313C7
:109A7000305C1A7A59680EF06DFF4D281DD0E0B1A8
:109A8000227801230021CDE900311201C0B2B25C7D
:109A9000FFF7BAFF23780B4801330A22DBB2B3FB8E
:109AA000F2F102FB113323702B78FF21013B2B7065
:109AB00002B0BDE8704021F093B902B070BD00BFA4
:109AC00053540020C438002055540020243800206E
:109AD000F8B5104F3E780A2E1AD00FC8DFF840C0F4
:109AE0000D4D9CF8004005EB0415013485E80F008E
:109AF000E4B20A230948B4FBF3F2013603FB124433
:109B0000FF218CF800403E7021F06AF90020F8BD7A
:109B10000120FCE75354002024380020C4380020E2
:109B200054540020024A03480021FEF74DBF00BFF5
:109B3000559A0000C438002037B5134D00232A7809
:109B4000CDE900330C461201104901238A5C01461D
:109B50002046FFF759FFA4B90D490A788AB12B783E
:109B600001330A20DBB2013AB3FBF0F400FB1433FB
:109B700008480A70FF212B7003B0BDE8304021F087
:109B80002FB903B030BD00BF555400202438002049
:109B900053540020C438002008B5032016F058FFA5
:109BA00010B9024B01221A7008BD00BF56540020A4
:109BB000024B002218781A70704700BF56540020DC
:109BC0000246FF21014821F002B900BFE43800201D
:109BD000114B37B51D78BDB9FF21104821F008F9A8
:109BE000FFF7DAFF0E4B009004460E4A0E49284656
:109BF00001F038FC44B10D4B1B78DB0604D525F091
:109C0000B4FE204621F019FC094B186803B0BDE8EA
:109C10003040FFF7D5BF00BF56540020E438002085
:109C2000027F0300307F0300007A030052540020BB
:109C3000EC2100200148FF2121F0DAB8E4380020AF
:109C400070B5194E337805460C4663B3174A184968
:109C5000002001F021FC032C01D0652C1FD11549F7
:109C6000002001F019FC22461349002001F0FAFB04
:109C70001249002001F010FC01232946082200208F
:109C800001F06EFB00200E4901F0ECFB032C84BFB9
:109C9000002333702046BDE87040FFF76FBB012CF6
:109CA000E1D00849DCE770BD56540020307F030046
:109CB00060780300437F03004A8A0300617F03004A
:109CC00047530300597F0300014B1860704700BFE2
:109CD000EC210020024A03480021FEF775BE00BFB8
:109CE000D19B0000E4380020F8B5084B084E1D68F1
:109CF000084F0024E3B29D4204F1010400D8F8BDEE
:109D000056F82300394620F013FCF3E71C4E0300FD
:109D1000204E0300B02000202DE9F743254B01938E
:109D20000D461646044650B14AB101AA042312F862
:109D3000011BA94235D0013B13F0FF03F7D10220EC
:109D400003B0BDE8F08317F8010F90FAA0F0000E01
:109D500020F050FE014608EB07039945F3DCCAB238
:109D6000C1F30F2392FAA2F293FAA3F3120E1B0E81
:109D700003EB02236219DB4312F8020C99B2DBB247
:109D800098420CD112F8013CB3EB112F07D13246A7
:109D90002146284603B0BDE8F04326F02DB9BD208A
:109DA000CEE7671E4FF6FF71A5F10209C4F1010865
:109DB000D1E700BF080A0E122DE9F04186B0154622
:109DC0000F469846064622F08FF9184B03A81C78D8
:109DD00017F082FC15F0FD0F26D0F8B9BDF80C3055
:109DE0009B071BD5032D08BF03242B46424639464B
:109DF0003046009422F03AF90D4B0E4A53F82430C5
:109E000052F825200C49CDE90046002001F02AFB3C
:109E100022F06CF9204606B0BDE8F081032DE4D1B4
:109E2000042C08BF0024E0E70324DEE75754002099
:109E30001C8903000C89030042880300014B187041
:109E4000704700BF58540020024B186800B14068AA
:109E5000704700BF043900200B4B1B6870B50446E7
:109E600000257BB11E88002107E05A6802EB011033
:109E7000013145B9021B554255418AB29642F4D888
:109E80009B68EEE7184670BD043900202DE9F04FBD
:109E900093B01E469DF874300593022E4FF00003D8
:109EA000DDF87090DDF880A0ADF81E3007468846DA
:109EB000144640F2B48099F800305A072AD5042E8F
:109EC00040F2AD8099F804B0594B002533F83520A5
:109ED000002A00F0AA8001350A2DF7D1BAF1000F4F
:109EE00040F0A180FF25002320798DF81D3008AABD
:109EF0000DF11D0122F092F878B1BDF82C309DF8DB
:109F00001D00238022F0ECF88DF81C00A0B113B0E6
:109F1000BDE8F08F99F802B0D6E7207921F0DEFD98
:109F200000287ED1207922F0EDF88DF81C00002861
:109F3000EDD1404B5B88238062884FF6FF73002F82
:109F400008BF4346CDE9002300212388059A5846DF
:109F500002F02EFB18B1E38843F02003E380059B59
:109F6000CDF83C9007A90DA8CDE90DA4ADF840802F
:109F7000ADF842608DF844708DF8453022F05FF8FE
:109F800010B19DF81C00C2E7484602F065FAA01D1A
:109F900002F050FA22464146384622F059F9B042C2
:109FA00008D274238DF81C30BAF1000F32D122F0A0
:109FB0009DF8E6E79DF87C300393BDF87830029376
:109FC0000DF11E03CDE900932246F3B24146384617
:109FD00021F0A4FB8DF81C00BAF1000F0FD070B96E
:109FE000BDF81E203AB1092D05D8134B03EBC5016E
:109FF00043F835A08A80112021F0ECFFD7E7BA287A
:10A0000008D1E388DB06D2D5002301208DF81C306F
:10A01000FFF714FF9DF81C30002BC8D1EBE701209F
:10A0200075E7A32073E7B42071E7EDB25BE700BFEB
:10A030000C39002058390020083900209D2837B5F8
:10A0400004462AD8902812D856D121F042FC2B4B36
:10A0500000902B4A2B49002001F004FA902C29D1C2
:10A060000DF080FF03B0BDE8304021F0F1BF00F1FA
:10A070006F03DBB201259D4015F0A90528D19D286D
:10A0800033D09C2838D121F082FC1F490246284653
:10A0900003B0BDE8304001F0E5B9BC28D5D007D801
:10A0A0005534E4B2042C27D8184B154A184914E04B
:10A0B000BF28C9E7174B184A1849BC2C08BF1A46D5
:10A0C000002001F0CFF921F0C2FF21F0C1FFC9E764
:10A0D0009128E9D1094B0A4A1149002001F0C2F93F
:10A0E00003B0BDE8304022F09EB80E49284603B0C8
:10A0F000BDE8304001F0B6B903B030BD358903008A
:10A100004B6E03003E8903008589030074890300B8
:10A110007C89030047530300308903004B89030007
:10A120006B890300A289030007B5094A034610881A
:10A1300031B9084A084903B05DF804EB01F0ACB945
:10A140000091064A064901F0A7F903B05DF804FB47
:10A15000A24D002077750300E07903001B76030011
:10A16000B78903000D4B1B6837B504469BB11D78BA
:10A1700003890093C37A0A4A0A49012D4FF000006F
:10A1800008BF022501F06EF92146284603B0BDE85C
:10A19000304025F08CBB702003B030BD74390020F6
:10A1A000E0150300E189030010B5002021F098FFBD
:10A1B0000D4B1B688BB15A78052A08D88AB914460A
:10A1C00010460EF0A1F920460DF036FF05E0FF2AFB
:10A1D00007D00649002001F045F9BDE8104021F004
:10A1E00085BF05240222EBE774390020318A030081
:10A1F00013B5124C002021F073FF23689BB101A816
:10A2000021F0B1FB78B923681A789DF804309A429E
:10A2100009D0D91E032906D9D11E012903D9012A43
:10A2200007D1022B05D1032301A8ADF8043010F0AB
:10A2300057FB02B0BDE8104021F058BF7439002030
:10A240000023044A194601330A2B918042F8081B67
:10A25000F9D17047083900207FB50E4605460FF04A
:10A26000D9FF0F49044603462A46002001F0FAF8B8
:10A2700096B10C4B1A889B788DF80E300323ADF8FD
:10A280000C200093002203AB36214FF6FC708DF8B2
:10A290000D5022F023FA0446204604B070BD00BFE2
:10A2A000508A0300688C0300FF2810B50C4604D1C7
:10A2B0000020044901F0D6F8FE202146BDE81040F8
:10A2C000FFF7CABF678A0300F8B51F460B8806462A
:10A2D0000C461546002B5DD14A88B1F902100029C1
:10A2E000B8BF6B782C49002001F0BCF86288132AB3
:10A2F0001DD002F5FF417F3189B205291FD8A2F593
:10A300000042013A052A1AD8DFE802F0153B19038A
:10A310003809224A2249002001F0A4F80FE0214A1E
:10A320001F49002001F0B8F82A791F49F3E7B5F872
:10A3300001201E49EFE71E49002001F093F83B463B
:10A340002A46214630461FF0FCFA70B93B462A46A1
:10A35000214630461FF0F7FA628848F221039A42FC
:10A3600003D16978304621F062FE6388B3F5004F6F
:10A3700002D9082021F072FE0120F8BD2A790D498A
:10A38000C9E70D4A0649002001F086F8B5F801201A
:10A390000A49C0E70020F0E7A28A0300C78A030049
:10A3A000CE8A0300DF8A0300E58A0300F38A0300F4
:10A3B0000A8B0300248B0300468B03004B8B0300A6
:10A3C000F0B585B004AB03E90300184A9DF80D60B1
:10A3D0009DF80E7000231C46D9B202EBC1004568FF
:10A3E000EDB99DF80C3000939DF80A209DF80B30D4
:10A3F0000F49284601F050F826B10E49324628464A
:10A4000001F04AF80C4ABDF808300C49002C18BF7E
:10A410002246002005B0BDE8F04001F023B812F854
:10A4200031100133B94208BF2C46D5E7208C030018
:10A430005C8B03006D8B0300E6740300718B0300DB
:10A440002DE9F04F85B08046BDF838700F9DBDF8FE
:10A4500040B0894614461E46002B2FD0454A464937
:10A46000002001F019F82388002B74D040F2091263
:10A47000934272D0414A4249B3F5827F18BF0A46DF
:10A4800001976188009100203E4901F005F823887A
:10A4900083B1022F0ED92B783B493C4A13F0010FB0
:10A4A00008BF0A4659074CBF2B79AB7838490020C2
:10A4B00000F0F2FF3749002000F0D4FF36490023B6
:10A4C00031F833205A454AD1344A52F833A0002398
:10A4D00031F8330058454FEAC30246D12F490020D6
:10A4E0000A4441F83300908046B9238833B9B4F95F
:10A4F0000230002B02DB082021F06CFD012021F04E
:10A50000ADFD9DB12A78D30710D512F0040004D018
:10A510003A460121284621F0CDFDCDE901600095A4
:10A520003B4622464946404621F01BFBBAF1000F4C
:10A5300006D0CDE900563B46224649464046D04724
:10A54000CDE900563B46224649464046F6F792FA88
:10A5500005B0BDE8F08F124A92E7124A90E7013346
:10A560000A2BADD14FF0000AB1E701330A2BAFD16E
:10A57000BAE700BF776D0300988B0300868B03005A
:10A58000E7740300A28B0300918B0300898B030007
:10A59000D18B0300475303000C39002008390020F9
:10A5A0007F8B0300838B0300014B1878704700BF3B
:10A5B00059540020F8B506460C4621F02DFD0546FD
:10A5C000B0B9304621F08AFA98B90B4B1F7B87B996
:10A5D0005A8822809A8862809B79237101213046B3
:10A5E00000F02EFA39466071304600F029FAA07169
:10A5F00001252846F8BD00BF5839002070B5044633
:10A600000E46154621F06AFA10B14FF6FF7070BD84
:10A61000084B1A7B002AF8D146B901222946204668
:10A6200000F030FA0028F0D00088F0E7012EECD1DD
:10A63000F4E700BF5839002013B5FF230DF10701DF
:10A6400004468DF8073021F0E5FC18B19DF80700AD
:10A6500002B010BD074B03EB04131B7B0BB1FF20B3
:10A66000F6E7204600F0B4F80028F8D0204600F0C5
:10A67000E1F9EDE75839002010B5FAF753FB04462D
:10A68000FAF756FB224603461049002000F0EAFE86
:10A6900000F056FEFFF7D4FD00F07CF802210846DA
:10A6A00002F05CF9FFF780FD094B41F249021A8084
:10A6B000084A52231380084A4FF40040138024F0C4
:10A6C00066F9BDE81040002024F0D1BD6B8C03007A
:10A6D000222500201E2500201C25002038B5054617
:10A6E00021F0B8FC80B9284618F00AF8044618B1E1
:10A6F000752814BF88248D24044923462A46002047
:10A7000000F0B0FE204638BD8D24FBE7818C0300AD
:10A710000249102309887F2220F08AB9DE640300F1
:10A720000149082226F0DABECA550020024B1868FB
:10A730005968FFF745BE00BF7EB90300064A0123F2
:10A74000D15C814202D1054AD05C704702335D2B57
:10A75000F6D10020704700BF968C0300978C030051
:10A7600070B50A4B1D780A4B04460022D0B28542D0
:10A7700001D8FF2070BD1E78A64204D10029F9D06F
:10A780005E7BF607F6D401321033EFE75A5400200F
:10A7900058390020084B01221A70084B4FF482717F
:10A7A0001A709A71064A59809A604FF6FF714FF4F9
:10A7B000807299809A8170475A540020583900203D
:10A7C000FC8C0300014B1878704700BF5A540020DE
:10A7D000034B03EB0013587B00F00100704700BFF0
:10A7E000583900202DE9F04F8DB0DFF81C8202931C
:10A7F0009DF858300793804B06911B7808EB0313A4
:10A80000054616460A934FF000090A9B984501D168
:10A81000862068E02B780393039A98F80030D8F8E4
:10A8200008A0934240F0E08098F80D30DC0709D58D
:10A830009AF8043009934FF0000B099A5FFA8BF3F2
:10A84000934202D308F11008DFE7DAF8007014230E
:10A8500003FB0B772946384621F0E2F8002800F088
:10A86000BE803B890893002308999AB2914202D88E
:10A870000BF1010BE1E70C225A430B937B68049226
:10A880009C1821462A463846059321F0E0F82279A3
:10A890000B9B002800F09A80069B03B11C60900679
:10A8A00024D4564B09EB03080BE01A79910642BFFA
:10A8B000DA7890441FFA88F80C339C42F5D8504B54
:10A8C0009844079B63B32146384621F0A0F8DDE9A0
:10A8D0000413B5F802905B5A02464946039821F0EA
:10A8E0007EFB38B97E200DB0BDE8F08F454B4FF0B0
:10A8F0000008E2E72379DA0639D44346B0461E461B
:10A90000029AA378002A43D1E278A3F141010129F8
:10A9100040D8013AD2B24146304621F0C5FC00E0B1
:10A920000EB90020DFE72146384621F070F8DDE956
:10A930000413B5F802905B5A02464946039821F089
:10A940004CFB0028CED02379DB06D9D521463846EA
:10A9500021F05DF895F80080E2786D880346CDE936
:10A96000006229462246404621F04CFBBBE72146C7
:10A97000384621F04CF895F800806D88169603460D
:10A980002246294640460DB0BDE8F04F21F03CBBC1
:10A99000029ABAE7433B012B06D8023A92B24146EB
:10A9A000304621F099FCBCE7079BE2781BB9029B7B
:10A9B0000BB193421ED341463046B8F1000F02D18D
:10A9C00026F0A6FDADE726F089FDAAE712F0300FCC
:10A9D00002BFE2784A441FFA82F9013344E77B89D7
:10A9E0004B441FFA83F943E7BAF806304B441FFA89
:10A9F00083F927E7892076E75A540020A1540020E4
:10AA00005B540020188D03005839002070B50C46A7
:10AA100015461E4621F062F840B9054833462A46DD
:10AA200021468068BDE8704021F025B8002070BD47
:10AA300058390020014B0001185C7047583900203C
:10AA400070B50C4621F04AF8C0B90D4B9A682AB18E
:10AA5000157903461426D9B2A94200D370BD1168F6
:10AA600006FB0311097B34B911F0800F1CBF0130C4
:10AA7000C0B20133EFE711F0400FF7E70020EDE738
:10AA800058390020F8B50D46164621F027F8034640
:10AA900040B90E4A9268177904464FF0140CE1B29F
:10AAA000B94201D30020F8BD10680CFB0400017B03
:10AAB00046B911F0800F03D09D42F4D00133DBB2D0
:10AAC0000134ECE711F0400FF5E700BF58390020E2
:10AAD0002DE9F04F3F4BDFF8008193F800A089B0DB
:10AAE00006460024544506D2FF2E28D0304620F0DA
:10AAF000F5FF044640B309B0BDE8F08F1B6814228F
:10AB000002FB05352B89B3F5967F01D91FF09BFF1A
:10AB100000274FF00C0B2A89BBB29A421CD809F1CE
:10AB20000109029B43445FFA89F59B681A79AA429E
:10AB3000E4D8FF2EDFD10134E4B25445DBD208EB78
:10AB400004131B7B002B41D12301029308EB041358
:10AB50004FF000090393E4E7BBB268680BFB03FE08
:10AB600000EB0E010A79D30628D4039B93F800C0AA
:10AB70008DF814C012F0400FB5F800C030F80E3058
:10AB8000ADF816C0284614BF4FF0800C4FF0400CB3
:10AB9000ADF81A308DF818C020F039FF5207CB7885
:10ABA000ADF81C000CD5022B8A6800D9126801236D
:10ABB00000930023194605A8FFF714FE0137AAE702
:10ABC000022B8CBF8A6801F10802F0E70134E4B27D
:10ABD00088E700BF5A5400205839002070B5084D4E
:10ABE000084E00242B78E0B2834200D870BD06EBFB
:10ABF0000010437BDB0701D521F037F80134F1E782
:10AC00005A54002058390020F8B50C46002105465A
:10AC1000FFF7A6FDFF2827D0144A02EB0016737B2E
:10AC200003F001012CB143F00103737331B1012032
:10AC3000F8BD74730029FAD014270FE000B202EBBC
:10AC4000001021F012F8F2E711687B43CA18284679
:10AC5000127BC95AD20920F046FD0134B26811793D
:10AC6000E3B29942F0D8E2E70846E1E7583900201C
:10AC70002DE9F04FB1F57C4F85B0CDE9023228BF08
:10AC80002B4B01904FF0000428BFB3F800A00094B4
:10AC90000E4638BF4FF0010AA1464FF6FF785445E3
:10ACA00003D3404605B0BDE8F08FB6F57C4F0CD31A
:10ACB000204B029A019803EB840331465B88FFF72F
:10ACC000A5FE0546F0B1002718E0029A019831462A
:10ACD00020F022FFF5E70C23BCB25C43D5F804B0AA
:10ACE000039B3BF8040098420BEB040105D3009B47
:10ACF0005BB9284620F08BFEA0B901372A89BCB287
:10AD0000A242E8D80134A4B2C9E74845F5D828469C
:10AD100020F07DFE0028F0D03BF80410494501D317
:10AD20008045EAD901233BF8049000938046E4E78C
:10AD3000F48C0300F68C03002DE9F04F8FB0984699
:10AD40009DF8703005930023BDF860A08DF82C00AD
:10AD5000ADF82E10ADF8322005460E46174600938A
:10AD60001A4608A90BA8199C9DF868B09DF86C902C
:10AD700008938DF83080ADF834A0FFF733FD0898C4
:10AD800050B9CDE90067594A59492B4600F06AFB92
:10AD900086200FB0BDE8F08FB9F1000F14D1837891
:10ADA0005B4506D04846514A524900F05BFB8D2076
:10ADB000EFE7037913F0010306D118464B4A4E49D9
:10ADC00000F050FB8820E4E703795B0731D5836806
:10ADD0005A689B6809920A93807821F0E2FA089AEF
:10ADE00092F80390B9F1020F034613D807904A4630
:10ADF000214609A821F091FA079B06904A46214670
:10AE00000AA821F08AFA069B012B01D0013010D14B
:10AE10008720BEE706904A460998214621F07DFA30
:10AE20000128F5D0069B0A984A46214621F075FA7A
:10AE3000ECE7059B002B51D1089B4FF6FF729878E9
:10AE4000214620F0A9FD00284DD05FFA80F9CDE918
:10AE50000294CDE900AB43463A463146284621F0FC
:10AE6000E8F8002895D1CDE90294CDE900AB43463E
:10AE70003A463146284620F0D2FE002889D10123E7
:10AE80000093059B224619460BA8FFF7ABFC002850
:10AE90007FF47FAF089B32462946204620F042FED1
:10AEA00043463A4631462846CDE901B4CDF800A0E4
:10AEB00021F0D7F843463A4631462846CDE9029478
:10AEC000CDE900AB21F0B4F8CDF800A043463A46F6
:10AED0003146284620F07BFE00205AE70749002033
:10AEE00000F0C0FAF8E7012053E700BF968D030099
:10AEF000A28D0300CA8D0300DE8D0300F28D0300D6
:10AF000070B586B000258DF81030BDF828308DF86A
:10AF10000C00ADF80E10ADF81220ADF814300B9AFD
:10AF2000BDF83030009502A903A80D9E0295FFF7E9
:10AF300059FC044630B916B1029B9B783370204609
:10AF400006B070BD8928FAD10249284600F08AFA75
:10AF5000F5E700BF0F8E03002DE9F04F4FF0000A18
:10AF600091B0FFF72FFC5FFA8AF6B04202D811B019
:10AF7000BDE8F08F5B4B5C49360100209A5D00F024
:10AF800071FA5A49002000F06DFA00230593554BE1
:10AF90009DF8144033449B681A79A24202D80AF102
:10AFA000010ADEE71B68142202FB04344FF000099B
:10AFB00022891FFA89F39A4202D8059B0133E5E7FB
:10AFC000D4F804B00C231FFA89F803FB08F80BEB44
:10AFD00008051FF038FD2B794549228813F0400FF2
:10AFE0003BF8083000934FF00000424B18BF0B466F
:10AFF000414900F051FA2946204620F008FD074655
:10B0000000283CD13D4900F047FA2979DFF814C106
:10B010003B48AA78EB7811F0010F08BF604611F0A9
:10B02000020F32D1DFF800C111F0100F354918BFFF
:10B030006146CDE900013449002000F02DFA2B795A
:10B040003BF808202188274813F0400F4FF0000BF1
:10B050004FF021030DF11C08CDE9023BCDE900784A
:10B060000CBF40238023805DFFF74AFF86280ED166
:10B070002649002000F0F6F909F1010998E7024697
:10B080002349002000F008FABFE72249D1E7A87859
:10B0900020F0ADFCD8B1404621F012F8421C92B22B
:10B0A00001234146002000F05BF92088394601F079
:10B0B00067F94FF6FF73984207D0174B174903EB18
:10B0C000C00300205A6800F0CDF91549D1E7A878EF
:10B0D00020F093FC20B1404620F0F7FF821CDEE711
:10B0E000EA78DDE758390020618E03006D8E030099
:10B0F000398E03003E8E0300AD8E0300BF8E030029
:10B10000438E0300498E0300C48E0300DC8E0300CF
:10B1100019930300518E0300789303007C8C030085
:10B1200047530300468E0300598E03002DE9F04F6C
:10B130008FB00446BDF86480BDF860B0B8F1040F6C
:10B140000F4615469A4635D9CDE9013B00920B468C
:10B1500002463049002000F085F921260DF1130345
:10B160000DF1140903932046CDE900B90296534628
:10B170002A463946FFF7C4FE044638BB9DF813A0A3
:10B1800032464946504620F007FC064628469EB106
:10B19000A8F10408B0450FD3DFF888B020F06CFFA9
:10B1A000BBF80030B21CC3F152039A4219DB89206C
:10B1B00000F0B2F8892405E020F05EFF89242046E3
:10B1C00000F0AAF820460FB0BDE8F08F00901249B9
:10B1D0002B463A46002000F045F9284620F04CFF67
:10B1E000EDE7204600F098F8504600F095F8BBF8DF
:10B1F00000800A48324649464044B04426F0AEF941
:10B20000ABF80080064900962B463A46204600F0EF
:10B2100029F9D7E7E88E03001C8F0300A254002011
:10B220003F8F0300924D002010B5044C206004486D
:10B23000018004490A60044A136010BD703900207F
:10B24000904D00206C3900206839002008B410B5FA
:10B2500087B009AB0C4653F8041B0092CDE90113EB
:10B2600002460B490B48059309880068002320F02B
:10B2700004FE094B1B681880084B1B684FF48A5268
:10B280005C80DA8007B0BDE8104001B0704700BFB5
:10B29000904D0020703900206C3900206839002062
:10B2A00007B5074B1B681B880192064A126800927B
:10B2B000054A126820F05EF903B05DF804FB00BF98
:10B2C0006C3900207039002068390020024B1B685F
:10B2D00018715971704700BF68390020094B10B5CB
:10B2E00000241C7020F0F5FA074B522218802146EA
:10B2F000064826F00DF9064B1C80064B1C605C606E
:10B300009C6010BDFE540020944D0020A2540020EB
:10B31000924D0020964D002007490B88512B9FBF6E
:10B32000064AD054581C80B29DBF088000F1FF30FF
:10B3300080180020704700BF924D0020A2540020CA
:10B34000024B034A1A600020704700BF7439002086
:10B35000FA8C0300014B1878704700BF5839002061
:10B3600030B4044D044C002B0CBF2B46234630BC9C
:10B3700020F0D0BE22900300698F030000B589B091
:10B38000037806934378059383780493C3780393F3
:10B39000037902934379019383790093C379044835
:10B3A000044900883E2200F077F809B05DF804FBFC
:10B3B000A24D00206D8F03002DE9F047DFF84C808F
:10B3C000DFF84CA0DFF84C9005460E4617460024E7
:10B3D000AC4201D1BDE8F087B8F8000006EBC4012B
:10B3E0005346082220F096FE0134B8F800003FB919
:10B3F000044AA54208BF4A46034900F04DF8E7E772
:10B400004A46F9E7475303006E7C0300A24D002033
:10B41000698F03004E5703002DE9F0410E4E04469C
:10B42000308820F08FFEA8B10C4FDFF83480002563
:10B43000E3070AD518B93088414600F02DF8308866
:10B440002A46394600F028F8002001351B2D4FEA26
:10B450005404EDD1BDE8F081A24D00204466030004
:10B460009F8B03000EB417B505AA044652F8041BBF
:10B4700001920120F9F788FF054A01210220FDF71A
:10B4800075FD044B1C8003B0BDE8104003B070474D
:10B490004E570300A24D00200EB417B505AA04466E
:10B4A00052F8041B01920120F9F76EFF034B1C8038
:10B4B00003B0BDE8104003B0704700BFA24D0020AC
:10B4C00013B503680446587900F02CFF80B923684F
:10B4D0005A88032A0CD0E17C5B79CDE9002114491C
:10B4E000144AFFF7BFFF0121204620F0AEFE1BE00B
:10B4F000637D012B0AD0637D33B92368228A598882
:10B50000587920F0F7FA48B9C321EDE72368228A79
:10B510005988587920F0F7FA0028ECD0204620F01E
:10B5200013FE01460028DFD1012002B010BD00BF8C
:10B53000828F030061190300002970B50F49104E76
:10B540001D46104B14460CBF6E227922002808BFFE
:10B550000B460D490020FFF79FFF2544AC4205D163
:10B56000BDE8704009490020FFF77CBF14F8012BAB
:10B5700031460020FFF790FFF0E700BFB68F0300D1
:10B58000F38F0300AC8F0300BF8F03009E7903008D
:10B590002DE9F04F427D036890F8149090F813B0B5
:10B5A000866885895F88002A8BB014BF802240227C
:10B5B000044658790592C84600F0B4FE98B9BBF12C
:10B5C000050F05D86FF02D0343FA0BF3DB070AD5FF
:10B5D000032F08D0AF490020FFF744FF0121204688
:10B5E00020F033FE7CE0E37B73BB607DAA4AB0FAB7
:10B5F00080F040091380C000FFF78EFEE37B93B319
:10B60000208A20F039FD8246A07CFFF785FEBBF141
:10B61000160F00F2B281DFE81BF02800B6017D00B2
:10B620006700EA017D00AA01F301B201FC010502F5
:10B630000E024D012502B001B001B00138028202B4
:10B6400038029F024D012502238A002B00F09581CC
:10B65000607D914BB0FA80F040090022C0001A8052
:10B6600040F00400C8E79A46CEE78C4A8C49DFF8E0
:10B6700028A23B460020FFF7F5FE0120FFF74CFE15
:10B6800008F10209A94529D841462A46304620F04A
:10B6900011FD236880465879BAF80030C3F152038F
:10B6A0009BB20193238A00934246059B39461EF0C4
:10B6B0004BF910B11FFA89F8E2E723685879BAF814
:10B6C0000030C3F152039BB20193238A0093424698
:10B6D000059B3946FFF72AFD8928EBD120F0B2FD02
:10B6E00001200BB0BDE8F08F0420FFF715FEEB1E24
:10B6F0004FF0000A0893089B984550D3BAF1000F09
:10B70000ECD1E37B94F81480002B634B0CBF022236
:10B7100004221A800420FFF7FFFD002306939946B8
:10B7200008F1030A554540F2A1802A4641463046B9
:10B7300020F0C0FC06EB0803EA1E9B780790B24499
:10B74000A2EB080292B251461846099320F024F960
:10B75000089000287BD02268099B5079079ACDE990
:10B7600001A3238A00933946059B20F019FB079B10
:10B770004C4982463A460020FFF78EFEBAF1000F90
:10B7800055D1069B48490133DBB250460693FFF77B
:10B7900069FE089B033343441FFA83F8C0E72A4637
:10B7A0004146304620F086FC06EB080308F1030111
:10B7B00093F80290089B0690A3EB0802314492B2E2
:10B7C0004846099120F0E8F8079068B32368099982
:10B7D0005879CDF808900191238A00933946DDE924
:10B7E000053220F029FB8146C0B14846FFF794FDA1
:10B7F000069820F041FC069B2A493A460020FFF7B4
:10B8000031FE2A494A460020FFF72CFE0AF1010AC0
:10B81000B9F1800F5FFA8AFA3FF470AF079B0333E8
:10B8200043441FFA83F866E74FF08009DDE750468E
:10B83000FFF772FD079820F01FFC09F101091B4971
:10B84000524600205FFA89F9FFF70CFEA1E7872036
:10B85000FFF762FD079820F00FFC09F10109134979
:10B86000089887225FFA89F9FFF7FCFDBBF1050F05
:10B870003FF436AFB9F1000F7FF430AF069B2BB920
:10B880000B491846FFF7EEFD8021A8E64846FFF772
:10B8900043FD23E714650300924D0020F98F030058
:10B8A0004290030003900300668F03001D90030085
:10B8B00025900300BBF1150F00974CD00020B54B2D
:10B8C000B54AB649FFF7CEFD0D20FFF725FD2A4604
:10B8D0004946304620F0EEFBB144BBF10C0F99F81D
:10B8E000026005463FD1192E28BF1926E37BBBB164
:10B8F000B4F810804FF6FF73984511D12068059B6E
:10B9000040792A463946FFF7B3F9404508D0BAF1E5
:10B91000000F05D020828AF80000000A8AF8010092
:10B920009F4B0020B3F80080FFF7F6FC2368ABF1D3
:10B93000150C5879DCF1000343EB0C03CDE90163EE
:10B94000238A00932A46059B394620F0B6F9954B89
:10B9500003F80800C2E60020934B8F4A8F49FFF797
:10B9600081FD1620B1E7132E28BF1326BEE720461F
:10B9700020F03CFB00287FF4B3AE81212FE6204667
:10B9800020F061FBF6E70A2F06EB0908A5EB090A90
:10B9900022D1DFF818B29BF80030EBB1E37BDBB9C2
:10B9A000BAF1080F18D12A464946304620F082FBEA
:10B9B00090B998F802307BB998F80320E22A0BD1AD
:10B9C0002A4609F104013046059320F070FB20F06F
:10B9D00026FC059B8BF800301FFA8AF24146384658
:10B9E0001DF0B4FF00287FF47BAE0021F7E5A5EB46
:10B9F000090292B206EB0901384620F039FBF1E763
:10BA0000A5EB090292B206EB0901384620F0F0FAE4
:10BA1000E8E7A5EB090292B206EB0901384620F0EF
:10BA200014FBDFE7A5EB090292B206EB09013846E9
:10BA30001DF08EFFD6E716F80950236809F10109B9
:10BA4000587916F80960238A0193059B00932A46CA
:10BA50003946334620F069F832462946384620F008
:10BA6000C9FA3DE609F1010216F80910AB1AABF16B
:10BA7000160568426841003900909BB2324418BFF5
:10BA80000121384620F0B8FAACE716F80950B14465
:10BA9000BBF1110F99F801603BD11220FFF73CFC7C
:10BAA0004FF00008E37BB3B1B4F810904FF6FF738A
:10BAB000994510D12B463A462146404620F0F8F8E9
:10BAC000484508D0BAF1000F05D020828AF800005E
:10BAD000000A8AF80100DFF8C890DFF8C8B0B9F8AA
:10BAE00000A0CDF80490CAF1510292B20AF101030C
:10BAF00000925B44CDE902563A462146404620F08A
:10BB0000DAF8B9F800300BF80A000133A9F8003070
:10BB1000E4E51420FFF700FC4FF00108C2E709F14B
:10BB200001039D4234D316F809801E44B8F1000881
:10BB3000A5EB030318BF4FF001089DB22B46324618
:10BB400041460020FFF7F8FC0095218A3346424623
:10BB5000384620F055FA45E709F101039D4217D315
:10BB600016F80980ED1AB8F1000818BF4FF0010867
:10BB70001E44ADB22B46324641460120FFF7DCFCA5
:10BB80000095218A33464246384620F037FA29E7A5
:10BB90000020A6E5475303003690030040900300C1
:10BBA000924D0020A25400204F900300F454002036
:10BBB00038B54FF6FB750446A9429DF81000626047
:10BBC00098BF43F40043012121702381A0720A4AE7
:10BBD0000A4902230020FFF745FCE07A084B40F6B3
:10BBE000CA0203EB4010FF211FF0F1F8BDE8384016
:10BBF000042020F0EFB900BF549003005F900300D1
:10BC0000B839002030B5054685B028B91D4905B0C2
:10BC1000BDE83040FFF726BC0024007B20F060FA2E
:10BC2000194A1A492C702046FFF71CFC184BE87A79
:10BC3000FF2103EB40101FF0DBF8164B20460201FA
:10BC40009A5C22B901300428F9D120F007FA69681A
:10BC500099B1B5F908302A899B1303F002038DF8D6
:10BC60000430C2F30E03ADF806304FF6FF73ADF8A3
:10BC700008300023039301A8884705B0BDE8304091
:10BC800020F034BA8A90030054900300BC90030063
:10BC9000B8390020783900200948037873B9094A77
:10BCA0001946D3720133042B117311705160118145
:10BCB000917202F11002F4D101230370704700BFAA
:10BCC000F55400207839002008B5FFF7E5FF064954
:10BCD00000231A0101EB03108A5C1AB10133042B13
:10BCE000F7D1002008BD00BF7839002070B50646A6
:10BCF0000D46FFF7D1FF0A48002300EB0514A17A97
:10BD0000B14205D1217819B12B4400EB031070BD6D
:10BD10000133042B04F11004F1D10020F7E700BF38
:10BD20007839002010B50446FFF7B6FF0E4B9C4251
:10BD300012D003F12002944210D003F14002944249
:10BD40000ED060339C420DD10323084800EB031052
:10BD5000BDE81040FFF756BF0023F6E70123F4E7E4
:10BD60000223F2E70020F3E7B839002078390020F9
:10BD700070B5074D074E0024284632460021013495
:10BD8000FCF722FE042C05F12005F5D170BD00BFA3
:10BD9000B839002025BD00002DE9F34105460C46C9
:10BDA00017469846FFF790FF064640B91C4A1D49C2
:10BDB000FFF758FB7024204602B0BDE8F0814FF633
:10BDC000FB739D420AD94FF6FD739D4204D0144A7D
:10BDD00015490020FFF746FB4FF6FD754346214607
:10BDE0003A46284620F0F1F9044600F015FE804658
:10BDF00034B10B4A0D4923460020FFF733FBDAE745
:10BE00003B462046064A0A49FFF72CFB089ACDF824
:10BE10000080062329463046FFF7CAFECBE700BF65
:10BE200054900300C9900300F3900300289103008D
:10BE30004F910300F7B506460F46FFF745FF05464D
:10BE400038B9104A1049FFF70DFB7024204603B0A3
:10BE5000F0BD002240231146304624F06FFD044619
:10BE600017F0EEFD34B1074A084923460020FFF7DA
:10BE7000F9FAEBE7009001233A4631462846FFF7EE
:10BE800097FEE3E754900300C99003007691030006
:10BE900073B504460E46FFF717FF054638B9104A3A
:10BEA0001049FFF7DFFA7024204602B070BD00226F
:10BEB0002046114624F04AFD044617F0C1FD34B176
:10BEC000074A094923460020FFF7CCFAECE7009027
:10BED000234632464FF6FC712846FFF769FEE3E73A
:10BEE00054900300C9900300A29103002DE9F04390
:10BEF000884610789FB0002114461D46FFF7F6FED5
:10BF00000646002800F001810778002F7ED0B8F89F
:10BF10000010002940F0F9800389B8F8022043F4AA
:10BF20000040824240F0F180617800296ED1A2F594
:10BF30000042062A00F2E980DFE812F0A400A40023
:10BF4000E700E7000700BB006C00E388E17AADF88A
:10BF500024302389ADF8263063798DF828308B1D85
:10BF60000D3D14F813208DF8141015F001058DF80F
:10BF70001C2046D10BA8069004F10C0C80465FFAF9
:10BF800085FE8E450CF1020C09D21CF8019C1CF8B0
:10BF900002EC0EEB092E28F802EB0135EFE75B000F
:10BFA000013300EB41000A4403F0FF030890D2B2D2
:10BFB0008A420FD01EA800EB4105E018013190F82D
:10BFC00001C0E05C023300EB0C2025F84C0CC9B238
:10BFD000DBB2EDE7B6F908203389002AB4BF0322AB
:10BFE0000122C3F30E038DF80820ADF80A306288F1
:10BFF000ADF80C2005AB049302A9304620F0D0F830
:10C0000004E0434A43490020FFF72CFA38461FB0AA
:10C01000BDE8F083042D02D83D4A3F49F3E7237978
:10C02000B4F80280053DADB29D4202D0384A3B498A
:10C03000E9E73B4A3B4B3C49CDF80080002D18BF57
:10C0400013460020324AFFF70DFA05348DF81450DC
:10C05000B6F90830069485B1002BACBF0123032349
:10C060008DF82C303389ADF83080C3F30E03ADF872
:10C070002E3005AB0D930BA9BFE7002BACBF0623F9
:10C080000523EDE70B2DC7D9D4F80200D4F806102C
:10C0900005AA03C213F4004F14BF032204228DF833
:10C0A0002C20C3F30E036289ADF83020ADF82E309A
:10C0B000DFE7042DB0D96388ADF83030237905333C
:10C0C000DBB29D4206D0124A184900950020FFF7C6
:10C0D000C9F99BE70E4A16490020FFF7C3F93389D7
:10C0E000B6F90820C3F30E03ADF82E3005AB002AD5
:10C0F0000D9304F10503B4BF0322012206932379B3
:10C100008DF82C208DF81430B5E700277EE700BFAE
:10C1100054900300CD910300F591030009920300B0
:10C1200047530300E36C0300309203004C9203007A
:10C130008D920300334BB0FBF3F2F0B503FB12001A
:10C140004FF46165B0FBF5F3DCB205FB13033C254E
:10C15000B3FBF5F3DBB24B71A0EB0410C3EB03139D
:10C16000A0EB83004FF4FA630B8040F201134B8085
:10C17000254E887101230C7100201F4664259042D2
:10C1800029D091F802C043B1BCF1020F05D14FF0A4
:10C190001D0E06E04FF0010C002306EB0C0414F812
:10C1A00001ECCC78744513BF01340CF1010C01246F
:10C1B000E4B208BF81F802C0CC708C780D2C00F17D
:10C1C0000100DCD10B888F7001339BB29C070B8080
:10C1D00002D08242DED1F0BDB3FBF5F405FB14348E
:10C1E000A4B224B18242F6D001239C46D5E74FF495
:10C1F000C874B3FBF4FC04FB1C339BB2B3FA83F3A7
:10C200005B09BCE780510100C892030010B588B0FB
:10C2100006A90446FFF78EFF9DF81E3003939DF894
:10C220001D3002939DF81C3001930748BDF818306B
:10C23000009304949DF81B309DF81A200349008850
:10C24000FFF710F908B010BDA24D0020A692030020
:10C2500008B50268154B11881980518859805179A9
:10C260001971117959714FF48A51D980D28812F01D
:10C27000200F0CBF0A464FF48B52DA8081690C4ABA
:10C28000137831B90B49C088088023F0020313707A
:10C2900008BD43F002031370074B15220131184605
:10C2A00025F01CF9002200F8012CF1E7964D002042
:10C2B000FE540020944D0020A54D002010B5174CD1
:10C2C000236858791FF00AFC00BB154B227F197BAD
:10C2D00091421BD15A88236819888A4205D04FF6AB
:10C2E000FF70814212D1120410D42279023A012A3D
:10C2F00006D9A37B63B9BDE810400848FFF748B9E9
:10C30000198958791FF0B6FE0028F2D1002010BD1F
:10C31000BDE810400148FFF7D3B800BF3C3A002009
:10C320005839002008B51FF0D9FB10B9024B187816
:10C3300008BD0020FCE700BF0355002008B5002021
:10C340001FF0CEFEFF201FF0EAFB1FF0CFFEFEF72E
:10C3500039FA01210246064825F0DAF8054B064A6B
:10C3600006485221FEF760FFBDE80840FEF736BCE4
:10C3700003550020964D0020924D0020A25400202D
:10C38000F0B50D4F044600224FF6FF7590B20346FC
:10C3900037F83060AE4201D12846F0BDA64209D13F
:10C3A000B4F57C4FF9D307EBC3035B888B42F4D021
:10C3B0000029F2D00132E9E77893030010B5044672
:10C3C000FFF7DEFF094A034610884FF6FF729342DB
:10C3D00017BF074A0749084902EBC3030CBF2246AF
:10C3E0005A68BDE81040FFF757B800BFA24D0020C3
:10C3F00078930300D49203007C8C0300034B1878DD
:10C400000130C0B2187000F07F0070475625002040
:10C41000044A137818B143F001031370704703F016
:10C42000FE03FAE7FE540020014B1870704700BF6E
:10C430000155002038B1074B1B78012B04D103882C
:10C4400043F0400303807047022BFCD1038823F0A4
:10C450004003F7E70155002068B1074A1378012B24
:10C4600007D1064B1B781370037843F01003037059
:10C4700001E0022BF8D0704700550020FF54002047
:10C4800073B5244E3378D907024640D4224909684F
:10C4900081B10868C1888D0641BF204CE18841F018
:10C4A0002001E180C1884C0641BF1C48C18841F091
:10C4B0004001C1801A4D1B492878097840074CBFBC
:10C4C000E9706970184913F00204098809D0144A08
:10C4D00016481FF0A8FD337823F00203337002B032
:10C4E00070BD134B18884FF6FB73984208D8CDE9FE
:10C4F00000520B46094A014620461FF03BF8EEE782
:10C500000092074B0A4605491FF01BF8E7E7002099
:10C51000E5E700BFFE540020383A0020964D002089
:10C52000A254002057250020924D0020A44D002049
:10C53000944D002070B50379012B04460D46164634
:10C5400031D883681B78DB0600D561B3A37B13B9B0
:10C55000E37C0B2B27D0154B00221A80637DB3FAA6
:10C5600083F35B09D800E37BABB9FEF7D5FEA07C73
:10C57000FEF7D2FE0B20FEF7CFFEE07CFEF7CCFEEE
:10C580002846FEF7C9FE2046FFF762FE3046BDE8AA
:10C590007040FFF775BF40F00400FEF7BDFE208A33
:10C5A0001FF06AFDE3E7002070BD00BF924D002040
:10C5B000F0B4054618460F4B0F4E1B78012B0C4666
:10C5C000BDF8101001D0377827B100233370002058
:10C5D000F0BC70470CB9002AF9D143B14FF657436C
:10C5E000994204D02B462246F0BC1FF0FDBC01202E
:10C5F000EEE700BF58250020025500202DE9F04F3E
:10C60000664E674C8446964698460F460FCE2546A2
:10C610000FC596E80F0085B085E80F00DDF83C9067
:10C62000BDF838300093CDE901944346724639464F
:10C63000604600F0DBF8DFF89081064670B900250F
:10C64000FEF74CFE16220021564824F061FF00231D
:10C650002846C8F8003005B0BDE8F08F524BA27CE8
:10C660001A70524BC8F800401B78002B36D01FF0D0
:10C67000D8FD4F4902460020FEF70EFF22684D49C3
:10C680005379528800920020A289FEF705FF00200E
:10C690001FF058FD20B12368218A5888FFF78EFECD
:10C6A000E37B23B1228A44490020FEF7F5FEA3680C
:10C6B00042491A78E37C0093A37C0020FEF7ECFE4D
:10C6C000207DA289A168121A01440123002092B2A0
:10C6D000FEF746FE3A490020FEF7C4FE3048FFF759
:10C6E000B7FD2F481DF02BF9054630BBB9F1000FFF
:10C6F00025D12168E0880B880190BA1E49880091F5
:10C70000032A8CBF00220122E07C0121FFF750FFA9
:10C7100038B923685B79FF2B3AD0FFF7CFFD054688
:10C720008EE72368DB889A06F3D4264C1C48012147
:10C7300021701FF08AFD84F80090354680E7B9F833
:10C7400014309B07E5D47AE75846FEF773F9824622
:10C750005846FEF73DF888B12368228A598850462A
:10C760001FF0BFF950B13846FFF772FD236889F812
:10C7700004A083F805A0FFF7A1FD00B92846013603
:10C780000546FEF71FF85FFA86FB5845DCD857E7E9
:10C79000034FDFF838900026F3E700BF5093030003
:10C7A0003C3A0020A44D00205725002055250020AC
:10C7B000EC920300F4920300129303001D93030014
:10C7C0001167030002550020383A0020964D0020E2
:10C7D000054A0023D15C814202D31A445078704745
:10C7E0000233DBB2F6E700BF3B93030073B5154697
:10C7F000089C2E7816F0040F0CBF032605269E42D7
:10C800001A4608D9224A234900960020FEF72AFE3C
:10C81000002002B070BDBDF8183021712060E380A7
:10C82000A560A2812B7803F00103A3732B7803F09A
:10C830000403002B14BF01210021E1732978C1F307
:10C84000C00161754FF00101217518D028461FF015
:10C8500031FC237D208202332375227D531CDBB201
:10C860002375A95CA1740232D2B22275EB5CE37429
:10C87000A3899A4205D900920749054AC5E7238250
:10C88000EBE7079BA361002323770120C1E700BFEB
:10C89000776D030088930300A49303002DE9F3410F
:10C8A000244E254FDFF8B0800024E0B20BF06EFB81
:10C8B000FF2805460ED1214A234601210220FCF71C
:10C8C00055FB307801341EF093F8152CEDD102B0F1
:10C8D000BDE8F081020657F8243010D5184A0092BE
:10C8E0000121184A0220FCF741FB84B9EB074CBF39
:10C8F000154A164A01210220FCF738FBE1E7114AEC
:10C90000CDF8008001210220FCF730FBD9E7032C91
:10C91000ECD00A2CD5D10E4B0E4A15F0010F18BFE2
:10C920001A4601210220FCF721FB30781EF060F846
:10C930000B24BAE75925002014950300D593030072
:10C9400047530300FD93030012940300289403004F
:10C95000C0930300CA930300E36C0300034B1870F9
:10C96000034B1970034B00221A70704705550020C5
:10C9700006550020045500202DE9F74FDFF8908080
:10C98000224F98F800303C7805460E46002B3AD0EE
:10C990004FF6FB73984236D8DFF878A04FF0000BC3
:10C9A00098F800309AF800005FFA8BF94B450ED9E1
:10C9B00048446946C0B216F04DF808223146684630
:10C9C00024F07CFD0BF1010B0028E9D14C463B78AB
:10C9D000A34208D198F80020631CDBB29A423B7056
:10C9E00004BF00233B709AF800301C44E4B2314687
:10C9F000204616F023F930B92946204603B0BDE899
:10CA0000F04F16F013B803B0BDE8F08F04550020C6
:10CA10000655002005550020024B187800F07F00D5
:10CA2000704700BF07550020034B18780130C0B293
:10CA3000187000F07F0070470755002030B585B0B2
:10CA40000024ADF80A20021D92B2012A1D46ADF85D
:10CA50000840ADF80610ADF8044003D94FF6FF7258
:10CA6000904207D1064A2B46127801A923F0FCFC1C
:10CA700005B030BD014601AA204612F035FEF7E7A9
:10CA80005A250020004870471C510020014B18789F
:10CA9000704700BF71250020014B1888704700BF08
:10CAA000FA240020014B1878704700BF6A25002047
:10CAB000014B1878704700BF61250020014B1878A2
:10CAC000704700BF6425002008B5084B00221A609B
:10CAD0005A60F8F7C1FA064B1870F8F7BDFA054B23
:10CAE0001870054B1A78054B1A7008BD524A002081
:10CAF0005155002050550020622500204F55002040
:10CB000000B5002193B008466A4609F0B9FF014616
:10CB1000C8B90E4B0E4A09930E4B0A930D920E4B59
:10CB20000E4A0B930E920E4B0E4A0C93CDE90F2337
:10CB30000D4B11936A460AF083FA003818BF0120A2
:10CB400013B05DF804FB0120FAE700BF0BF302000D
:10CB500001C3010097F40200FFB00200698C0100DC
:10CB600015F50200D9D9010069BD0100074B1878FD
:10CB7000112803D8064B0341DA0704D5A0F143037B
:10CB80005842584170470120704700BF535500205C
:10CB9000CBFFFDFF08B5064B1B78013B022B05D8E8
:10CBA0000020FFF7E3FF0138C0B208BDFF20FCE71B
:10CBB000545500202DE9F74F414B0193414B424A18
:10CBC0001B78DFF84491DFF84481DFF844E1DFF8B7
:10CBD00044C13E4F3E4E3F4D3F49404802EB431A51
:10CBE000019B524503F1200309F1200908F12008B7
:10CBF0000EF1200E0CF1200C07F1200706F12006A3
:10CC000005F1200501930FD1354B334D1C78354E7E
:10CC1000354B324F00221146D0B2844203F120033B
:10CC200046D803B0BDE8F08F304B314C5360002341
:10CC300049E907432F4CDFF8E0B0116048E90743AA
:10CC40002D4C13614EE907432C4C49F8201C4CE94C
:10CC500007432B4C48F8201C47E90743294C4EF862
:10CC6000201CC2E9023049E9050348E905034EE901
:10CC700005034CE9050347E905034CF8201C47F878
:10CC8000201C46F8201C46E90743019C45F8201C5F
:10CC900045E907B3DFF884B044F8201C46E90503F2
:10CCA00045E9050344E907B344E90503203297E762
:10CCB00043E9085643E9061743F8101C0132ABE775
:10CCC000C444002077250020E445002024450020AE
:10CCD00004450020E4440020A84A002047530300F4
:10CCE0006F250020B9090200644500201DB5010030
:10CCF000E7F7020011C9010081540200F90803009E
:10CD0000BDEB0100B1C70200C4450020A4450020CE
:10CD10008445002044450020697C02009DB101004B
:10CD2000044B00F1100250F8041B43F8041B90421E
:10CD3000F9D1704755550020044B03F1100253F808
:10CD4000041B40F8041B9342F9D17047555500204D
:10CD5000014B93F95A007047E8490020F0B5071DD0
:10CD60000546002293B00C463846082122F040FACE
:10CD70006A7B0646D0070BD5687808A920F0AEF983
:10CD8000DDF83D306B60DDF841307B6080B101E063
:10CD9000910702D42D2013B0F0BDD20002F0800222
:10CDA0000121384620F0A5F9FF286870F2D0E6B1DD
:10CDB000192319466A7801A81DF02DFE9DF81C3034
:10CDC0005B0604D50B484FF4C071F7F7EBFF234621
:10CDD00003AD07AC2A4603CAA24218605960154643
:10CDE00003F10803F6D10020D5E708A920F076F971
:10CDF000CCE700BF779503002DE9F04307468BB0E1
:10CE00001D4888461646FFF797FF0025002D01AB09
:10CE1000194A0CBF36205C200024994612F8011BE9
:10CE20000134E4B24140102C03F8011BF6D105A8EF
:10CE300023F015F84A46214605A823F014F8BDB999
:10CE400041463A4605A823F075F805AC32460DF187
:10CE5000240C234603CB6345106051601C4602F14D
:10CE60000802F6D115B10BB0BDE8F0830125CDE77E
:10CE700032462146E6E700BF855500202DE9F04FF8
:10CE800099B0DFF8E880DDF890909DF88CB09DF8BF
:10CE9000886088F800B0174682460C461D4620225E
:10CEA000304B0F93002110A824F032FB4F4504D0E3
:10CEB0002A463946484624F011FB4FEA0B4303F457
:10CEC0007C1343F0A86343F480737819711B09EB5A
:10CED000050C6CB30DAACDE90AB209EB0602099262
:10CEE0000EAACDE907120D22CDE9051CCDE90350AC
:10CEF000CDE900A21C49029710220FA8F6F72CFBDF
:10CF000007460FA820F020F917F1950F24D02FBB6A
:10CF10000E9B761BF6B29E4220D10CB398F800000F
:10CF20000D9B984214BF2120002019B0BDE8F08F5E
:10CF30000EAACDE90912BA19CDE905120D22CDE9E3
:10CF40000350CDE900A2CDE907BC074902971022A2
:10CF50000FA8F6F7C3FBD3E72C20E6E72120E4E790
:10CF60002046E2E700248000855500207825002037
:10CF7000F0B51B4B93B0002607460C4615463146CC
:10CF800020220AA8CDE9086324F0C2FA08AB1022D7
:10CF9000DFB1CDE90523CDE90325CDE90164114BCE
:10CFA0001149009609A8F6F727FD044609A820F0C4
:10CFB000CBF814B9089B102B04D00C4840F23E214A
:10CFC000F7F7F0FE002013B0F0BDCDE90323CDE963
:10CFD0000125044B0449009409A8F6F78FFDE4E706
:10CFE000002480000044400485550020779503000C
:10CFF00030B5054689B069461FF070FE6B8804ACF9
:10D00000ABB12246294668461FF0E1FD0E4A08AD45
:10D01000234603CBAB42106051601C4602F108026C
:10D02000F6D10948FFF77CFE002009B030BD064D5F
:10D030006B461A4603CAA24228606960134605F18E
:10D040000805F6D1EDE700BF8555002050B10B4B28
:10D050000B4A03F1100153F8040B42F8040B8B4206
:10D06000F9D17047064B054A03F1100153F8040B40
:10D0700042F8040B8B42F9D1704700BF8555002060
:10D080006555002008B51022024824F027FA002038
:10D0900008BD00BF7555002008B50846102202499A
:10D0A00024F01CFA002008BD75550020F0B587B0AB
:10D0B000054603A80C4614F00FFB0146002847D193
:10D0C000BDF80C30980643D51022204624F020FAF3
:10D0D00001A813F0B3FAB8B16E7B16F0020F05F198
:10D0E000040706D0082201A9384624F0E7F90028F1
:10D0F0002CD101AB03CB46F00206686079606E73F9
:10D10000238843F008032380238843F0020323800D
:10D1100012F080FE606022F0BDF830B10D4B1B684C
:10D12000A360238843F0040323800B4B1A68D103C8
:10D130005EBF238843F010032380130242BF23887D
:10D1400043F400632380002007B0F0BD2D20FBE7EF
:10D150002420F9E714460020184600202DE9F04F5E
:10D1600091B09B460B1E0A93AC4B1A9E904614BF7F
:10D170008146994600249BF8000060B944450A990D
:10D180002CBF08F1FF32224643460020C847204604
:10D1900011B0BDE8F08F25280BF1010B06D0224617
:10D1A0000A99651C4346C8472C46E4E700230DE076
:10D1B0002D2A2AD0302A06D0303A092A4FF000070B
:10D1C00011D80A2532E043F001038B46594611F885
:10D1D000012B2B2A1CD0EBD8202A1CD0232A1DD0AF
:10D1E0002A2A2BD000279BF800202E2A64D19BF8F6
:10D1F0000110A1F1300009280BF1010243F4806312
:10D2000051D800254FF00A0C26E043F00203DCE77A
:10D2100043F00403D9E743F00803D6E743F01003D3
:10D22000D3E705FB0722A2F130078B46594611F8D8
:10D23000012BA2F130000928F3D9D4E756F8047B7A
:10D24000002FBCBF43F002037F428B46CBE70CFBB1
:10D250000511A1F130050246104610F8011BA1F19D
:10D26000300EBEF1090FF2D9114611F8010B6C28EE
:10D270002CD024D8682830D06A2837D011468B4665
:10D280001BF8010B672875D857284BD8452807D0BD
:10D2900085D9462800F03181472880D143F40063C6
:10D2A00043F0200341E12A2907D156F8045B0BF132
:10D2B000020225EAE575D7E75A460025D4E7742827
:10D2C00001D07A28DAD143F48073D8E750786C28FB
:10D2D000F9D143F44073911CD1E75078682802D00B
:10D2E00043F08003CBE743F0C003F4E743F400735B
:10D2F000C5E70A2A00F06681072A7FF450AF43F0A1
:10D30000210305930823CDE903531023CDE901132D
:10D3100056F8043B00930A9943462246484620F0BB
:10D3200000F8FCE0A0F158020F2A3FF638AF01A147
:10D3300051F822F0A5D300009FD100009FD100003A
:10D340009FD100009FD100009FD100009FD100001D
:10D350009FD100009FD100009FD10000A5D3000005
:10D360004DD50000A5D3000023D50000FFD4000058
:10D3700023D50000A0F16902D2B20F2A3FF60FAF09
:10D380000121914049F2410C11EA0C01B1D07828F9
:10D3900003F4806122D1002900F0908023F00D0277
:10D3A000102307E0622803F4806220D142BB23F0FF
:10D3B0000C02022312F4007100F08380CDE90772A1
:10D3C0000022CDE9043206F1070A2AF0070A069581
:10D3D0000292FAE80223CDE900233DE06F2812D142
:10D3E00023F00C0209B123F00D020823E2E75828CC
:10D3F00016D1002A39D123F00C0242F02002CFE7E7
:10D4000023F00D02D5E7692823F0100230D023F075
:10D410001C0209B123F01D020A23CBE761D10200EF
:10D4200042BB23F01002930527D5073626F00706E6
:10D43000B24671685AF8083B0695CDE907720A268C
:10D44000CA0F00270029CDE90467029202DA5B4285
:10D4500061EB4101CDE900310A9943462246484635
:10D460001FF0A2FF0446564685E623F00D02C4E7EE
:10D470000029D8D023F01102D5E7D00506F1040A1F
:10D4800001D5336802E0510613D533780395CDE911
:10D4900004720A220292002B4FEAD3720192B8BFA3
:10D4A0005B4200930A994346224648461FF039FFE3
:10D4B000D8E71306E5D5B6F90030E7E723F00C020C
:10D4C0006EE7D00506F1040A06D5CDE90472CDE970
:10D4D000023501913368E4E7510608D53178CDE98A
:10D4E00002350023CDE90472CDE90013DAE7316893
:10D4F00012F0800F18BF89B2F1E743F02003CDE9A5
:10D500000373073626F007060295F6E802230A9908
:10D51000CDE90023484643462246F2F7B5FF0446CC
:10D5200029E6672801D143F40063CDE90373073688
:10D5300026F007060295F6E802230A99CDE90023B2
:10D54000484643462246F2F7DBFDE8E713F00205C2
:10D5500023D04FF0010A631C0B930A9916F8040BB1
:10D5600043462246C8475DB30B9A54461EE00A99CB
:10D5700043462020C8470AEB04020AF1010A574536
:10D58000F5D8002F07F1FF3308BF002307F1010A88
:10D590001C4408BF4FF0020ADDE7AA46EBE7551C22
:10D5A0000A9943462020C84701342A46BC42F6D394
:10D5B0000B9AA7EB0A03574538BF00231A440B9276
:10D5C0000B9CD8E53246002D52F8046B0B9214BF29
:10D5D00029464FF0FF3131443246107808B18A4273
:10D5E00011D1A2EB060A13F480620C9202D0AA4574
:10D5F00028BFAA4613F002030D931BD1AAEB040324
:10D6000022460F9308E00132E7E7531C0E930A9974
:10D6100043462020C8470E9A0F9BD3189F42F4D848
:10D62000A7EB0A03574538BF00230AF101021C4447
:10D6300003EB020AA31B0E9304E01D460A9943461E
:10D640002246C8470E9BF41816F8010B28B10C9B14
:10D65000002BF3D06B1E002DEFD10D9B93B1224612
:10D66000AAEB040505E0561C0A9943462020C8474A
:10D67000324653199F42F6D8A7EB0A03574538BFE5
:10D6800000231C440B9E76E50FB41FB506AA02A921
:10D6900052F8043B0392009204484FF0FF32FFF728
:10D6A0005DFD05B05DF804EB04B0704747D402009F
:10D6B0001FB5034600914FF0FF3203A90248FFF760
:10D6C0004DFD05B05DF804FB47D402001FB5CDE960
:10D6D0000201009302A9134603484FF0FF32FFF7FF
:10D6E0003DFD05B05DF804FB4FD402002DE9F04F7D
:10D6F00014469B46C36B87B005465B6960680E465F
:10D70000012202A99847EB6B01225B6903A930460D
:10D71000984702A820F062FA074648B10023A37593
:10D7200063754FF0FF33A360002007B0BDE8F08FB2
:10D7300003A820F060FA0123A375237E04EBC30342
:10D74000DE611F846368B3420ED1206003A820F01D
:10D7500074FA4FF0FF332075A360237D043B022B46
:10D7600025D80023A375DFE723681A1A53425341D3
:10D77000A37503A820F061FA237D834218BFA77523
:10D7800003A820F03CFA074602A820F038FA8742A6
:10D790001CBF0023A37503A820F039FA074602A88E
:10D7A00020F035FA87421CBF0023A375D5E703A8F4
:10D7B00020F025FA80B1EB6B02225B6904A93046A8
:10D7C000984704A820F02AFA0346207D032839D878
:10D7D000DFE800F03838040903A8F3E7237E04EB00
:10D7E000C303CC221A8401F037FC109B1870277EEB
:10D7F00003A820F0F8F904EBC70787F82200237E7E
:10D8000004EBC30303A8B3F8209093F8227020F030
:10D81000F6F9804603A820F0FAF98246B8F1000F25
:10D8200015D0EB6B02225B6904A93046984704A827
:10D8300020F0B9F96075637D6BB90023A3754FF0D3
:10D84000000838E0227E04EBC2021384CBE703A871
:10D8500020F094F9EEE794F81680B8F1000FEED0BE
:10D86000B9F1000F09D1DFB10123E375637E002B0D
:10D870004FD1012F42D1677614E06B6C06EB0A02A0
:10D88000594286EA020008421CBF0021A175591EB8
:10D890000A409B1A9945D0D8A37D002BE3D1CEE74F
:10D8A000E37D43B94FF000084B46524631462846C7
:10D8B0001FF017FFA060A27D12B123694B442361C2
:10D8C0001949237E097899422AD901332376BBF17D
:10D8D000000F27D032B3E37D23B3B8F1000F21D17D
:10D8E000032F1FD0A1684B1C1CD0109B0093224615
:10D8F00001232846FFF7FAFEA07513E095F83430AF
:10D9000063B9EB6A0133CFD1032FCDD10123A376C5
:10D91000C8E7012FCFD0032FC4D1F7E79846C3E75C
:10D920000023A375A07D00E72C5003002DE9F04FE4
:10D930008BB00E46044698464FF0FF310023104648
:10D9400017468DF8133001F071FBB6F5801F3BD3FD
:10D95000B21C53D1E56A6B1C57D1616A20461FF097
:10D9600006FE0546B31C18BF0123DFF8149101938E
:10D97000636A626C0293236802FB053AE36B05A9B4
:10D980005B6905225046984705A820F0E0F920F091
:10D9900003FA504620F00BFA4FF0000B8246014686
:10D9A0004B1C05D0636C81EA0A025B42134232D001
:10D9B000294620461FF0DBFD029BAB424DD0BBF158
:10D9C000000F4DD10546D3E7314605AA04F1080002
:10D9D00020F0B9F80146481C10D0384601F026FB6B
:10D9E0000DF113030122394620461FF0F5FE28B140
:10D9F0009DF8133088F80030002003E0237C002BD2
:10DA0000A8D11D480BB0BDE8F08F2368ED1A636CF8
:10DA1000B5FBF3F5A6E7484601F008FB0DF113034B
:10DA2000019A494620461FF0D7FE034690B1B21C2A
:10DA300003D0D9F80020B2420CD103930F4B9DF8CC
:10DA4000132088F8002049461A68384623F086FDDE
:10DA5000039B9B46D9F80810A2E7BBF1000FD0D07A
:10DA6000B6F5801FC8D298F800307A68314604F1C4
:10DA7000080001F01FFABFE70BE000F02850030098
:10DA8000983600202DE9F3410E461B4D816A04466D
:10DA900017469846E36A8B422AD04B1C18E028466A
:10DAA00001F0C4FA0DF107030122294620461FF0B8
:10DAB00093FE30B19DF80720434629462046B847DB
:10DAC000B0B1A9684A1C05D0012E0AD0E36A994278
:10DAD000E5D10DE0696820461FF0D6FD012E014614
:10DAE000D8D16B6881EA0302636C5B421A42D1D0E1
:10DAF00002B0BDE8F08100BF6C3600202DE9F04196
:10DB0000036B07689046826B9A4288BF8363426CBE
:10DB1000436A02FB0377C36B90B05B690E46052234
:10DB200001A904463846984701A820F010F90128B9
:10DB30000146307057D0656CE26B2368606AD2F89A
:10DB400014C005FB0030052206A9E04706A820F016
:10DB5000FEF801284FF0000523D0D4E90A32012154
:10DB60009342CDE90B458DF834800E958DF83C102D
:10DB70002AD1194620461FF087FD236B626CE062B4
:10DB800014339B1A23630C9B53B99DF83C303BB173
:10DB9000626A616C2368E06B01FB023120F08FF850
:10DBA0000C9DE36B05225B6901A93846984701A8E3
:10DBB00020F0CDF83070236BA26B28469A4288BFC4
:10DBC000A36310B0BDE8F081237C33B91C490BAAD4
:10DBD00004F1080001F0BEF9D5E71A4A0BAB204664
:10DBE000FFF750FFCFE7237C23BB1749224604F100
:10DBF000080001F0AFF9616A20461FF0D9FC616AA4
:10DC0000421C20461FF0A2FC054620B9236B626C23
:10DC10001344143B2363A16A20461FF035FD23689B
:10DC2000A062C01A636CB0FBF3F0606220461FF084
:10DC30006EFDB6E7054A00232046FFF723FFDAE72B
:10DC4000FDE5000079E5000061D80200FDD7020083
:10DC500073B50D46D11E4A421C461B7E4A419A426C
:10DC600026D129682368994222D3636899421FD834
:10DC7000114E0DF107033246FFF758FEC0B9726826
:10DC80006B689A4214D19DF80730DA1E5342534113
:10DC9000227E93420CD1636901336361D4E903238B
:10DCA000934205D2A268296842F823100133236108
:10DCB000012002B070BD00BFC43600202DE9F04F36
:10DCC0008BB0DFF858B19A469DF850300293DBF8DC
:10DCD0001030534580460D461646C0F09980DBF85B
:10DCE00004300193D146B9F1000F00F08D80D8F8CF
:10DCF0003C3001985B69012207A9984707A81FF0EB
:10DD00007AFFDBF80030984240F0858007A81FF0CA
:10DD10007EFF0428074614D107A81FF07FFF019B50
:10DD2000029A04463B44002A3FD1864212D9361A51
:10DD30001446019940461FF0A7FCA9EB0409019085
:10DD4000D1E7D8F83C3001985B69022208A99847CE
:10DD500008A8E2E7841B544528BF5446032C03EB74
:10DD60000607AAEB040A4FEA94021CD9D8F83C3003
:10DD700029465B693846984724F0030304F00306FC
:10DD80001F441D44002ED4D0D8F83C3001225B69DA
:10DD900008A9384698473246284608A9354423F052
:10DDA000DDFB0026C5E72646ECE700F00302039200
:10DDB00003442A18074604920593049BDD1B059B28
:10DDC000D81B039B9F420FD1002FB2D0D8F83C3014
:10DDD000012208A95B6998473A4608A9284623F01A
:10DDE0006DFB78B93D44A4E7D8F83C30012208A97E
:10DDF0005B699847042208A9284623F05FFB08B90D
:10DE0000043FDAE7DFF8189048460BB0BDE8F08F22
:10DE1000DFF81090F8E7DFF81090F5E7F036002013
:10DE200012E000F011E000F022E000F02DE9F041F6
:10DE30000F4688B016469846044660B390F83450B2
:10DE4000FDB101211FF058FB0E9BCDF80480CDE9F8
:10DE500002379DF83C308DF81C30237C049600215D
:10DE6000CDE905118BB90D4901AA04F1080001F0B3
:10DE700071F8DDE90553E06B002E08BF1D461FF069
:10DE8000FDFC284608B0BDE8F081054A01AB2046FC
:10DE9000FFF7F8FDEDE70546F3E700BF2BD80200DA
:10DEA00051DC00007FB590F84260019204460DF10C
:10DEB0000B030A46304612491FF0E8FC012EE36BC3
:10DEC000054619D15B69324603A998479DF80B10A6
:10DED000039B019A59B19BB243EA02430393E36B5C
:10DEE0009B69012203A92846984704B070BD1B0C0A
:10DEF0001B0492B21343F1E79B69012201A9F3E7E6
:10DF0000F03600202DE9F04F99B00F4609920A69CA
:10DF1000416C0E931439D31DB3FBF1F3013302EBC3
:10DF2000C302036B93420446C0F00D820023DFF866
:10DF300020940D93E36A07931946484601F076F85A
:10DF4000D7E9033604930E9B022B4ED1CC2E40F022
:10DF50008A81099B002B42D0394620461FF0EDFCF8
:10DF6000656C079A14906B1E1340ED1AE36B78688A
:10DF70005B69012216A9984716A81FF040FE0028E9
:10DF80000CBF04230823782E06933DD901230025D6
:10DF900005934FF0080A3B6805990E98C9F80030C0
:10DFA000C9F810601FF04DFE4FEA9A031093DDF898
:10DFB0001CB089F8140000230B930F9308930C9363
:10DFC000616C4A1E0BEA02028B1A002E38D05544AF
:10DFD000AB4240D8236B5B1A13442363ABE0049B32
:10DFE0001B68149308230693D0E7656C079A6B1E91
:10DFF0001340782EA5EB030516D8FB7D7BB9099B52
:10E00000002BB3D104230693331DAB4210D9A6B124
:10E01000082DBBD8042500230593AA46BBE7099B1E
:10E02000002BA3D10823EEE7099B002B9ED1D9E753
:10E03000002505954FF0040AADE704250596F9E79C
:10E040005345C7D30BEB0A030393B046089B002B41
:10E0500018BF032313E0A3EB0A039E42B0460BEB69
:10E060000A0228BF98469E420392EFD9D9F81020A1
:10E070000123964289F8173071D1C9F804B008938A
:10E0800099F81730002B6CD099F818200899D31CF8
:10E0900009EBC3030132C3F804B0A3F808809972F6
:10E0A00089F81820B8F1000F14D00E9B022B5BD119
:10E0B0000B9B7BB90F9B4344032B0BD9E36B03985A
:10E0C0009B69012214A998470546002840F03D812C
:10E0D00001230B93089B0193059B009399F814204F
:10E0E0003968434616A800F057FFE36B109A9B6906
:10E0F00016A958469847051E0D9B18BF5B460D9301
:10E1000052464346594620461FF0EBFA236BC9F8A6
:10E11000080008F10302A3EB0A0322F003029B1A92
:10E120002363002D40F011810F9BDDF80CB04344B8
:10E13000A6EB08060F93594620461FF0A5FA0025C6
:10E140008346002E7FF43CAF814A39689368E362CE
:10E1500052680E9B04F1080000F0ACFEDEE00223E2
:10E160008DE7C9F804B09DE7099B002B30D1049BD3
:10E17000B8F1030F43440A9327D9E36BDDE90301A8
:10E180009B694FEA980298470546002865D118F028
:10E1900003025FD0049B28F003052B440493039BE8
:10E1A0001D444FF0FF330499159315A823F0D6F9B9
:10E1B000E36B28469B69012215A998470A9B0493A3
:10E1C0000546002D86D0039B99E7039D4246E8E76C
:10E1D000039B0A9307F120031193FB7D78689BB1A1
:10E1E0003D7E0C9A0023D9B28D4211D9119931F894
:10E1F0003310914203F1010C26D907EBC3030699B2
:10E20000D8690A44104403E00C9B069A134418444E
:10E21000E36B01225B6915A99847159B13930C9B2F
:10E220000A9804330C93E36B01229B6913A9984766
:10E23000039B0A9A43449B1A042B054607D978B9D5
:10E24000134604330A93C8E7521A6346CBE70A9B86
:10E250000393B6E70A9B04933CE70A9B0493B2E757
:10E260000A9B0393AFE73B4E04F108030393236833
:10E27000079A606CA2EB030ABAFBF0FA00FB0A30C3
:10E280001FF095FDE16A804620461FF0FDF9A26A65
:10E2900082424AD0626CD9F808302568E062511E8B
:10E2A0000B40216B891A0B4423630D9B5D1BB5FB4F
:10E2B000F2F5AA4536D1079BB3EB080A12D0E36BFF
:10E2C0004FEA9A029B6941469847E36A079A53448A
:10E2D000E362236B9B1A43448346236303981FF036
:10E2E00002FCDA462368616CE06B01FB05311FF02C
:10E2F000D3FC20461FF00BF920461FF008FA2063DC
:10E30000BAF1000F11D03A69616CD31D1439B3FB17
:10E31000F1F3013302EBC3029042A8D2304619B0A8
:10E32000BDE8F08F4FF0000ADCE73A69616CD31D5D
:10E330001439B3FBF1F3013302EBC302236B9342B5
:10E34000BFF4F8ADEAE7044EE8E72E468CE700BFDD
:10E350009836002023E000F006E000F02DE9F347B6
:10E360001E4643699DF82890B342044688461746E6
:10E370003DD300258DF8075020461FF094F8D4F8BF
:10E3800030A082450AD2236AB5EB430F06D20022A1
:10E390000DF107012046FFF7B1FB30B39DF80730C0
:10E3A000012B05D100220DF107012046FFF7A6FB46
:10E3B000B9F1030F06D0314620461FF05FF8256BF8
:10E3C000854218D30D4D4FF0FF31284600F02EFE48
:10E3D0004B46002229462046C5E90376C5F8008051
:10E3E00002B0BDE8F047FFF78DBD0135C4E7044832
:10E3F00002B0BDE8F0870348FAE700BFC43600204A
:10E400000FE000F006E000F02DE9F04790F84260E0
:10E4100086B0012E05460391A1EB020715D1B7F591
:10E42000807F28BF03264FF06408DFF848A100244E
:10E430004FF6FF7995F84230012B14BF3223642345
:10E440009C420AD35FFA88F415E0B7F5803F34BFE9
:10E45000012602264FF03208E7E705AB2246514677
:10E4600028461FF048FA95F84230012B059B34D11D
:10E470004B452DD1E4B295F84230012B0CBF6422FC
:10E480003222121BB24217D3012E39D10022012BA6
:10E4900005978DF8132027D1082205A90DF1130047
:10E4A0001FF0DCFB9DF81330059A42EA0322214657
:10E4B0002846FFF7F7FC40B102232E490093096874
:10E4C000CC2303AA2846FFF749FF06B0BDE8F08732
:10E4D000DBB203B902340134ACE7591CCAD09BB299
:10E4E000002BF8D10134F6E7102205A90DF1130035
:10E4F0001FF0B4FB9DF81330059A42EA0342D6E7B9
:10E50000039A0592012B23D10823202205A90DF19E
:10E5100013008DF813301FF0A1FB9DF81320120299
:10E5200021462846FFF7BEFC95F84230611C012BBE
:10E53000C9B21AD10028BFD1BDF814202846FFF770
:10E54000B1FC0028B8D10234BDF81620E1B2AFE723
:10E550001023202205A90DF113008DF813301FF0B0
:10E560007DFB9DF813201204DAE70028A4D1059A58
:10E570009EE700BFF0360020032A2DE9F34106464E
:10E580000D4617461C4606D1237A012B23D00120C5
:10E5900002B0BDE8F081DFF8608009680DF1070383
:10E5A0004246FFF7C3F960600028EDD19DF80720CF
:10E5B000237A032AE8D0D8F804106A689142E3D19C
:10E5C000012B2969D4F80CC007D172690CEB010347
:10E5D000934202D92074207CDAE708316144E1607B
:10E5E0003B46012229463046FFF78CFC606000283C
:10E5F000CAD00020CCE700BFC43600202DE9F3418B
:10E60000089C032A2668174606D1237A012B24D0BA
:10E61000012002B0BDE8F081DFF890800DF1070322
:10E6200042463046FFF782F960600028EDD1256848
:10E63000D8F80400A96AD5F844C0227A4840CCF141
:10E6400000031840E1D1012A09D1E268D8F810305E
:10E6500013447269934202D92074207CD9E7286858
:10E66000EB6A1B1A081AB3FBFCF3B0FBFCF0834205
:10E670000BD1706CF36A421E1340326B121A1344B2
:10E68000336328461FF000F8E862D8F81020E368EA
:10E690000649206808321344E36001223B46FFF735
:10E6A00031FC60600028B0D00020B2E7C436002002
:10E6B0002DE9F04F4FF0FF334FF6FF72002500F1C8
:10E6C0000806C0E9092387B00446C36205620563F2
:10E6D00030460F461FF007FA20461EF018FF28BBF1
:10E6E000204639461EF093FF20461EF010FF28BB3F
:10E6F0008A4D20461FF03EF8ECE0E26B2368606C28
:10E70000D2F814C001A9052200FB0530E04701A89A
:10E710001FF01DFB012828D1294620461EF048FF86
:10E72000421C294620461EF011FF0135E3699D4237
:10E73000E3D320461EF0EBFE0028D1D000254FF693
:10E74000FF73C4E908534FF0FF39CA46A846E3698E
:10E75000984514D3A5EB0905012D37D8636A4FF608
:10E76000FF72934247D16E4DC3E71FF01AFB00289A
:10E77000DBD0294620461EF01BFF0246D1E7236866
:10E78000E26B606C576901A9052200FB0830B847AD
:10E7900001A81FF0DCFA834601A81FF0AFFA074674
:10E7A00058461FF0F9FA70B15745236A38BFC4F8CC
:10E7B0002480B94503F1010328BFB946BD42236255
:10E7C00038BF3D46BA4608F10108C0E74FF6FF736F
:10E7D00063620025E3699D42C0D2676C2068E36BE9
:10E7E00005225B6901A907FB0500984701A81FF0F6
:10E7F00085FA0135EEE7E26B676C2068556901A97F
:10E80000052207FB0300A84701A81FF077FA626AF8
:10E810002368606C434D00FB02301FF0C8FA4FF0D4
:10E82000FF33A062E3622A460DF103036FF001019A
:10E830002046FFF77BF8002850D1AD68E5622946F5
:10E8400020461EF040FE206320B9E16A20461EF0FB
:10E850001BFFE062294620461EF016FF0546A36A0C
:10E860009D423DD16569626CE91C143A2046B1FBBA
:10E87000F2F105EBC1050335B5FBF2F51EF07AFFA9
:10E880000235A84280463DD2616A20461EF06FFEE6
:10E890000027064604F1400A474512D3626C2368FC
:10E8A00002FB0639E36B05225B6901A948469847DC
:10E8B00001A81FF023FA534602464946E06B1FF0B9
:10E8C00078FA314620461EF052FE0137AF42064626
:10E8D000E2D3154D284607B0BDE8F08FA56AADE735
:10E8E000294620461EF0EFFD236B034429460746C8
:10E8F000236320461EF0C8FE0546002FAFD1C4E9B1
:10E900000B07ACE730461FF0EEF80023074A194624
:10E910002046FFF7B7F80025EBE600BF03E000F064
:10E9200016E000F0C436002013E000F0C7D7020064
:10E93000634A00232DE9F041176813600E46044630
:10E9400018B9604D2846BDE8F08190F834500DB3F9
:10E9500009680268914240F0AA8071684268914259
:10E9600040F0A580B1688268914240F0A080F168D3
:10E97000C268914240F09B8031694269914240F007
:10E980009680B169C26B914240F091807269826158
:10E990001D46D7E750222946D0F8388022F0B8FD2E
:10E9A0003368236073686360336963617369A3616B
:10E9B000D6E9021204F10800C4F838801FF0A5F867
:10E9C000B369E36304F140009B68984794F84320DF
:10E9D00020B1E561002AB4D03B4DB3E7656C002D52
:10E9E000F7D06668B6FBF5F3E361002AA9D0B5421B
:10E9F000F2D82268B2FBF5F105FB1122002A58D1AA
:10EA000005FB1363002B54D120461EF04CFDA36977
:10EA1000043303449E424ED3636940F63472CC3BC8
:10EA200093424AD8B5F5007FD6D3032120461EF085
:10EA300063FDE36BD4E900011B689847E36B05466F
:10EA4000DB68022098471DB1002384F834301EE0B3
:10EA500039462046FFF72CFE1C4B9842054604D150
:10EA600039462046FFF724FE0546636C143B002D13
:10EA7000EAD1226A204602FB03F61EF014FDA369C8
:10EA8000043303449E4206D284F83450104DE06BA8
:10EA90001EF0F4FE56E70F4A012384F83430136861
:10EAA000D4E90001013313601BF017F8EFE70A4DBA
:10EAB00048E70A4D46E7064D44E7094D42E700BFE7
:10EAC0004046002009E000F004E000F013E000F010
:10EAD00002E000F03C46002008E000F001E000F019
:10EAE00005E000F02DE9FF410F4690461E46054621
:10EAF00098B390F8343093B3B1F5801F31D21A4CEB
:10EB000002211EF0F9FC22460DF10F03394628467A
:10EB1000FEF70CFF024678B10123009342463346CC
:10EB200039462846FFF71AFC0446E86B1EF0A6FE9D
:10EB3000204604B0BDE8F0819DF80F30012BEBD1E9
:10EB40002169B142E8D10093414633462846FFF798
:10EB5000B5F804460028DFD1E7E7044CE8E7044CA9
:10EB6000E6E7044CE4E700BFF036002009E000F0DF
:10EB700007E000F00AE000F02DE9FF410C461646E0
:10EB80001F46054688B390F8343083B3B1F5801F33
:10EB90002FD2DFF87C8001211EF0AEFC21460DF162
:10EBA0000F0342462846FEF7C1FE044670B99DF8A1
:10EBB0000F30012B11D1D8F81030BB4213D1009087
:10EBC000024631462846FFF779F80446E86B1EF006
:10EBD00055FE204604B0BDE8F081074C074A022BE1
:10EBE00008BF1446F2E7064CF0E7064CF1E7064C86
:10EBF000EFE7064CEDE700BF0BE000F00CE000F0A3
:10EC000011E000F009E000F007E000F00AE000F099
:10EC1000F036002070B586B00E4603920546A0B3CC
:10EC200090F834309BB3B1F5801F32D202211EF030
:10EC300063FC194A0DF1170331462846FEF776FEAC
:10EC4000044618B99DF81730032B0ED10223009308
:10EC500003AACC2331462846FFF780FB0446E86B25
:10EC60001EF00CFE204606B070BD022B0BD10A49E7
:10EC700028461EF062FE039981420246EFD02846E4
:10EC8000FFF7C2FBEAE7054CE9E7054CEAE7054C6C
:10EC9000E8E7054CE6E700BFF03600200DE000F0A5
:10ECA00009E000F007E000F00AE000F073B50C4660
:10ECB0001646054630B390F834302BB3B1F5801FBB
:10ECC00024D201211EF018FC2146114A0DF1070340
:10ECD0002846FEF72BFE044680B99DF80730032B2B
:10ECE0000CD0022B0CD10A4928461EF026FE3060BB
:10ECF000E86B1EF0C3FD204602B070BD054CF7E77F
:10ED0000054CF5E7054CF6E7054CF4E7054CF2E752
:10ED1000F03600200BE000F00DE000F009E000F01C
:10ED200007E000F00AE000F0F7B50C46164605468D
:10ED300068B390F8343063B3B1F5801F2BD2022151
:10ED40001EF0DAFB154A0DF1070321462846FEF7AF
:10ED5000EDFDC0B99DF80730032B14D0022B14D160
:10ED60000E4928461EF0E9FD471C02463946284652
:10ED7000FFF74AFB044606B13760E86B1EF07EFDE4
:10ED8000204603B0F0BD064CF7E7064CF5E7064C0D
:10ED9000F6E7064CF4E7064CF2E700BFF036002039
:10EDA0000BE000F00DE000F009E000F007E000F0FB
:10EDB0000AE000F02DE9F3411F4600230C461646F9
:10EDC0003B60054650B390F834304BB3B1F5801F2B
:10EDD00028D2DFF8648001211EF08EFB21460DF160
:10EDE000070342462846FEF7A1FD0446A0B99DF858
:10EDF0000730032B10D0022B0AD1012333600423E8
:10EE00003B60E86B1EF03AFD204602B0BDE8F081A1
:10EE1000D8F810303060F3E7034CF2E7034CF3E727
:10EE2000034CF1E7034CEFE70BE000F009E000F0E2
:10EE300007E000F00AE000F0F036002030B50C46A4
:10EE400085B0054628B390F8343023B3B1F5801F60
:10EE500023D202211EF050FB0DF10F03104A214670
:10EE60002846FEF763FD034688B99DF80F20032A64
:10EE70000DD003220092214602462846FFF76EFA83
:10EE80000446E86B1EF0FAFC204605B030BD054C88
:10EE9000F7E7054CF8E7054CF6E7054CF4E700BF4B
:10EEA000F03600200BE000F009E000F007E000F091
:10EEB0000AE000F02DE9F04346688EB305689846F5
:10EEC0004FF0000CA946AE4655F83C40C4F313077A
:10EED00001340CF1010C01D0B94218D066450EF195
:10EEE000080EF1D12F46002403E0A64207F10807DF
:10EEF00013D055F83430013304F10104F5D1C1F3D6
:10EF0000130141EA0851C7E90012BDE8F08341EA64
:10EF10000851CEE90012BDE8F083B8F1030F03D128
:10EF200001230372BDE8F083002303E09E4209F150
:10EF30000809F5D055F83340C4F30754032C03F106
:10EF40000103F3D1C1F3130343EA0853C9E90032C3
:10EF5000BDE8F0832DE9F043476883B0CFB10646A2
:10EF6000884691460024336853F83450C5F307525D
:10EF7000C5F31301013503EBC403304604F101046A
:10EF800005D05B68CDF80090C04710B17768BC42EF
:10EF9000E9D303B0BDE8F08373B5044622489DF879
:10EFA0001850012A00EAC11123F07C4007D9961EAF
:10EFB000012E28D9073303F07F03194308E09DF899
:10EFC0001C30DB060A4303F0C053134343F0604197
:10EFD0000023C4E900108DF80730B5B12022214686
:10EFE0000DF107001EF03AFE1A220DF10700211D57
:10EFF0001EF034FE63689DF8072043EA8263636075
:10F00000082002B070BD1143E2E71B220DF107009A
:10F0100021461EF023FE23689DF8072043EAC263C1
:10F0200023600420EDE700BF80FFFF0738B5094BE0
:10F0300004461A680D46002122F06AFA00234FF0B8
:10F04000FF322383C4E900252361A260E382A37613
:10F0500038BD00BF285003000138C0B205289ABF50
:10F06000014B185C01207047509603002DE9F041D8
:10F070000E46596888B007461546490A00240129FA
:10F0800022464FEA510104F10104F8D8DC7899785E
:10F090001B882403C90201F4006104F480540C436A
:10F0A000C3F30A035203234492B29C18284B0393E0
:10F0B0004FF0000825F0784302A90DF107001B224C
:10F0C00002938DF807801EF0C9FD9DF80720029B72
:10F0D0008DF80780ED4343EAC26302A90DF10700F2
:10F0E00025F078451B22049302951EF0B7FD9DF88C
:10F0F0000720029B6FEA044443EAC26305936FEA68
:10F1000014444FF0FF3306930794BB6907A901220B
:10F1100006F110009847BB6905A90446012206F1D3
:10F1200008009847BB69404518BF044604A901225E
:10F13000301D9847BB69404518BF0446012203A90A
:10F1400030469847404508BF204608B0BDE8F081EA
:10F1500001009AB2431E033306D8044B984228BFDD
:10F160001846642838BF6420704700BF40420F0033
:10F17000F8B505461AF0B7FC0F4B1E68074626B9CE
:10F1800038461AF0B4FC344611E0B4688CB194F8F7
:10F1900010C01CF0010F0CD195E80F004CF0010CD1
:10F1A00084E80F0084F810C038461AF0A0FC20460E
:10F1B000F8BD3668E3E700BFF421002038B5054606
:10F1C0000C4641B10B6833B11B68013303D0CB68E7
:10F1D0000BB18B684BB91EF080FFBDE838404FF48F
:10F1E00092724121002000F0BBB9084600F008FCF3
:10F1F0000023044A85F8DC30C5E92343C2E9003323
:10F2000038BD00BFC826002010B5044618B9054B0C
:10F21000054A136010BD03F08BFFD4F89830002B23
:10F22000F6D1F4E7E7DD0200F0210020014B186879
:10F23000704700BFC826002010B50C4603F0B6FF8B
:10F24000054B00215B68032098471CB105F0B4F81A
:10F250000128FBD110BD00BFFC21002008B50246EB
:10F260000868FFF777FF08604868FFF773FF48609A
:10F270008868FFF76FFF8860C868FFF76BFF0B694E
:10F28000C860581C03D00B48834228BF03460B615B
:10F290004B69581C03D00748834228BF034688693E
:10F2A0004B61FFF757FFBDE808408861104604F046
:10F2B000D9BD00BF40420F002DE9F84FD0F8903083
:10F2C00006460F4613B1038B8B4244D0D6F88CB060
:10F2D000BBF1000F42D0DBF80830002B3ED0DBF84A
:10F2E0000C1000293AD0D6F8A0A0BAF1000F38D0FF
:10F2F0004FF000094D46C84601E0DBF8083005EB49
:10F30000C50203EB82040135E389BB4214D8238A8A
:10F31000BB42304610D3B4F91220B6F924309342E0
:10F32000A04653DD96F8D010F3F7ACFE337D834250
:10F3300081464BD9DBF80C108D42DED3B8F1000FBB
:10F340003ED00023424619463046D0473783C6F8A0
:10F35000908086F8D9900020BDE8F88F0320BDE8A2
:10F36000F88FD1465446524647F6FF7504EBC40861
:10F3700003EB8808B8F80E30BB421BD8B8F8103041
:10F38000BB4217D3B8F91220AA4207D14FF0FF09A8
:10F390003783C6F8908086F8D990DCE796F8D010CD
:10F3A0003046F3F76FFE337D834281464246EFD904
:10F3B000DBF80C100134A14204D9DBF80830D5E7A2
:10F3C0000120C9E7002AFBD09046E1E7A046B8E754
:10F3D0002DE9F04782B004468946164604F0BAFF8C
:10F3E0003B4D08B100236B602B68D4F88CA0D4F897
:10F3F00090700BB153454BD04FF00008C5F8089002
:10F4000004F0DAFF012836D12B68DAF800103A68E8
:10F4100013B11868884246D020461FF088F8C5E925
:10F4200000A7D4F8A0508DF80760002D42D000222C
:10F430000DF1070311462046A847204604F0E4F9E1
:10F440000546B8F1000F00D08EB1B5FA85F040F254
:10F45000DE324009332100F083F83146204604F0C3
:10F46000B3FB1C4B05461B68394620469847284687
:10F4700002B0BDE8F087012003F098FE164B002192
:10F480005B680320984704F097FF0128FBD1BBE796
:10F490006B68002BB0D0BB42AED1AB68994514D09D
:10F4A0004FF00108AAE7696811B109689142B6D026
:10F4B0005968B1E7217D94F8D930994228BF19469F
:10F4C0003246204604F074F9B7E70025CFE700BFC5
:10F4D000C8260020F0210020FC210020F8B50546B8
:10F4E0000E461AF000FB314607462846FFF7E4FEB9
:10F4F000044620B138461AF0FAFA2046F8BD04F066
:10F500000BFF224631462846FFF762FF04460028DB
:10F51000F0D195F91030002BECDA28461FF0E2F814
:10F520000028E7D02246A97D28461FF02DF8044682
:10F53000E0E700BF13B5044669461EF031FD2046E2
:10F540001EF056FFFF28024606D09DF80010204608
:10F55000F3F718FE02B010BD0048FBE70080FFFF84
:10F5600008B550B90548064B01601A60054B1A688A
:10F57000054B1A60186806F065FD08BDF8210020EB
:10F580004846002018470020444600202DE9F0415D
:10F590001B4A8AB001AC05460B4602F1200C2746F7
:10F5A00010685168264603C6083262453446F7D1D2
:10F5B000002B08BF3B4610683060002703F10C06A3
:10F5C0001C46384690B95FFA87F82188424628469B
:10F5D0001FF021F850B9E188424628461FF02CF868
:10F5E00020B94246314628461FF038F80137032F2C
:10F5F00006F1080604F10204E4D10AB0BDE8F08186
:10F600006C960300F0B589B005460E461FF035F83C
:10F61000044600BB06F10C070FCF01AC0FC497E8FE
:10F62000070084E8070001A92846FFF717FE311DEF
:10F6300028461FF08AF8044648B90849284604F0CD
:10F64000D3FB044618B9284604F03EFF044631684F
:10F650002846FFF79BFF204609B0F0BD64960300E3
:10F6600001491EF003BD00BF9944010070B5164E5C
:10F670000328337804460D461ED023FA04F202F024
:10F680000102AA421DD053B10122A24023EA020383
:10F69000A5402B43DBB233704BB1012070BD2DB1BF
:10F6A0000A4B01201B6898473378EDE73570074B0C
:10F6B00000201B689847F0E79A07DED003F0FC03B0
:10F6C000E9E7002070BD00BF955500208846002066
:10F6D00038B504460D4604F0B1FF60B104F050FEA9
:10F6E00048B9012D07D801201EF070FF0D4B1B6893
:10F6F00023B15B6898470C4B1C7038BD1BF015FAA2
:10F700000A4B1A68801A1860F6F7FAFB084B1B6858
:10F710004FF47A7202FB00301EF0A6FC012004F0C8
:10F7200037FEE8E7084700207A25002080460020C1
:10F7300084460020F8B5124F05460C461AF0D3F95E
:10F740003B78064633B1012D04D01CB90D48F6F7BD
:10F75000BFFA3C7021462846FFF788FF0A4B1B780A
:10F7600004463BB93B782BB91EF003FF10B1074BA1
:10F770001B68984730461AF0BAF92046F8BD00BF1A
:10F78000965500205C46002095550020FC21002065
:10F79000054A0B46117831B100211170034A1878DF
:10F7A000526801211047704796550020FC21002027
:10F7B000124B0239012910B518701ED804F03EFF13
:10F7C000D8B104F0DDFDC0B104F0ACFBA8B90C4B1E
:10F7D0001C6834B123689847BDE8104000201EF033
:10F7E000F5BE1EF03FFC074B18601BF09EF9064B60
:10F7F0001860204604F0CCFDEEE710BD7A2500200D
:10F8000008470020844600208046002038B5044682
:10F8100080B11AF068F9012104460846F5F78AFE1E
:10F82000012108460A4A1BF032F92046BDE838405B
:10F830001AF05DB91AF057F9214605460120F5F78F
:10F8400079FE0120024A21461BF021F92846EDE706
:10F8500090960300F0B5324D85B01AF044F92B783C
:10F86000044623B12F48F6F733FA00284AD1F6F7B9
:10F87000DBFA02AA03A91EF066FE0346002832D076
:10F880001EF075FE029B98421ED10020264B039964
:10F890001B68264E9942307021D9C91A00270123CE
:10F8A000CDE900771F482B70214A33461BF019F928
:10F8B00000282FD11F4A1378D90717D420461AF0F1
:10F8C00016F9002005B0F0BD1EF04FFE029B9842D5
:10F8D0001ED0154B154A1B680393002010700121A0
:10F8E000FFF7C4FEEAE720462B70E8E731780029ED
:10F8F000E4D103F0FE031370002BDFD10E4B1B6825
:10F900009847DBE720461AF0F2F8032005B0F0BD77
:10F910000220BBE7032320462F703370F3E700BFBC
:10F92000965500205C4600207C460020792500206A
:10F9300091F70000955500208846002038B5134DFA
:10F940001AF0D1F82B780446C3B9114A1149137043
:10F95000114B124A1A601248124A5A60F5F764FEB7
:10F9600011491248F5F760FE114B124A1A60124B0A
:10F970001B68124B02221A6001232B70AFF3008028
:10F9800020461AF0B4F8002038BD00BF975500207B
:10F990009655002098960300FC21002055F80000A1
:10F9A0004C46002035F70000A09603005446002086
:10F9B000884600200DF8000000300E407C460020F4
:10F9C000431C08D0044AD2F83C311B0C1B0480B203
:10F9D0000343C2F83C3170470040084030B5074B44
:10F9E00085B00C46D3F8C0500095002269461EF041
:10F9F00060FB0CB100B9256005B030BD0081E00F9F
:10FA0000054BD3F8B400431C14BFC0F38070012031
:10FA1000A6223121FFF7A4BD0081E00F034B1A6835
:10FA20009B88026083800020704700BF0025002073
:10FA30000F4B0628D3F8883104D183F40013C3F3A5
:10FA400040507047022805D113F4400F0CBF01202D
:10FA50000020704750B9074AD2F8D40010F00100D6
:10FA600005D083F48003C3F38050704700207047B3
:10FA700000400E400081E00F0C4A5288B2F5E16F61
:10FA800094BFC8225A2210B594BF782450249042C3
:10FA90008CBF172210220A70054A0346107818B14D
:10FAA0009C422CBF0020012010BD00BF002500207B
:10FAB0007E25002013B5234B1B780E2B04463ED029
:10FAC0000DF10701FFF7D8FF1E2C8CBF1E4C1F4CF9
:10FAD0009DF807304FF001028CBF01210021C4F8CE
:10FAE000082170B1194A4DF60174C2F804411B0295
:10FAF00002F1007243F44043C2F80431144AA2F800
:10FB0000D430134A134C92F8D83023F00103034346
:10FB100023F0020343EA4103DBB282F8D8302478B1
:10FB20006CB923F0040343EA800323F00803B2F81E
:10FB3000D440A2F8D64043EAC10382F8D83002B0DC
:10FB400010BD00BF002500200040084600400844CA
:10FB5000001F00219A550020084B094AD3F888312C
:10FB6000DB4303F4FE1343F40053B3FA83F30E3381
:10FB7000A3EB4313013B1370704700BF00400E40DE
:10FB80007D25002002280CD0062802D020B10020BC
:10FB90007047054B18787047034B18780430C0B293
:10FBA00070470720704700BF7D2500202DE9F743EF
:10FBB0003A4E3B4F96F8009015463A4AD2F8C82084
:10FBC000B9F1020F0446884607EA02071AD147EA4C
:10FBD000006788F80000002372882B60B2F5E16F9F
:10FBE00094BFC8225A2227F47F57944227F008076F
:10FBF0009ABF380A00F47F5043F6C870384303B008
:10FC0000BDE8F083284A1278904228BF144604EBDE
:10FC100083030B70F4B1013CE4B24FF030632B600E
:10FC20006A4601A920461EF07DFADDE9002347EA75
:10FC300003671E4B98F800101B7847EA823747F499
:10FC40007F5747F008073BB90029194B18BF4FF001
:10FC50007F43C1E7164BE2E7164B1748B9F1060F91
:10FC600008BF03462AB90029114B18BF4FF07F4344
:10FC7000B2E7B2FA82F2C2F11F02D2B29B5CDBB2EF
:10FC800039B15A1ED2B2FD2A05D81B0643F004032F
:10FC9000A2E7074BA0E74FF07F439DE70025002038
:10FCA0003F00C0E0001F00217D2500209B55002063
:10FCB0000400000BB883E00FB083E00F2DE9F3419F
:10FCC0000446C820FFF7F6FE2B4B2C4E18780E2862
:10FCD00001D0FF2C05D1FF243470204602B0BDE8CE
:10FCE000F08102282DD1072C204628BF07200128AB
:10FCF0004FF0000301AA0DF1030138BF0120FFF707
:10FD000055FF05461E4B1F4FDDF80480C3F8588190
:10FD1000C7F8C8509DF8034034702046FFF7CAFE6C
:10FD2000194A4FEA082303F4E063127843EA1863A0
:10FD3000A7F8D030002AD0D1C7F8CC50A7F8D230DD
:10FD4000CBE7A0B9052C32BF002701270420201AD9
:10FD50003B4601AA0DF10301C0B2FFF727FF4FF4A4
:10FD60008003054637B1094AC2F80831CAE70027BF
:10FD70003846ECE7064AF7E7002500207F250020FB
:10FD800000400840001F00219A550020004008460E
:10FD90000040084408B501F0C1FA094B094A00289F
:10FDA00018BF1A46136823F47F115B0803F4FE138F
:10FDB0000B431360044B4FF00072DA6108BD00BFC3
:10FDC00000410840184108400040084008B501F0D3
:10FDD000A5FA064B4FF4001228B1C3F800214FF0EA
:10FDE00000621A6208BDC3F81821F8E70040084411
:10FDF000014B1868704700BF8C460020436C012BF4
:10FE000038BF01232DE9F0479A46464B464F9B6980
:10FE1000464E474D03F4E073A3F5C0728046454853
:10FE20005142514102685245434A0FD114788C42E5
:10FE30000CD198F8D0C03C78A44507D198F815C0EB
:10FE40003478A44502D1A888BDE8F087B3F5C07F17
:10FE5000C0F800A011704AD1D8F8944024B12368AA
:10FE6000082B58D994F838400F2120461EF03CF951
:10FE7000BAFA8AF3002852D0B0FA80F29B1A002B0B
:10FE8000C6BFD840C3F10F094FF00F09504501D943
:10FE900009F1FF39234B2004C3F8BC0003F1806350
:10FEA00040F6FF72C3F8B82003F100734FEA09214E
:10FEB000C3F8B8101EF049F9A88000F02BFF09F034
:10FEC0001F094FF4FA7304FA09F45C4341F66A031C
:10FED000B0FBF3F00A23B4FBF0F45C43174B1C6057
:10FEE00098F8D0303B7098F815303370ABE798F83D
:10FEF000D030062B06D1124B1B78002B0CBF96245A
:10FF0000C824B1E7022B08D00D4B1B78002B0CBF87
:10FF1000B424F024A8E70024A6E73224A4E74FF095
:10FF20000F09B7E7006008407C2500207B250020F2
:10FF300000250020042200209D5500208C46002032
:10FF40009B55002070B506460C4615461EF0CAFBB0
:10FF500058B3F27CD31E012B1ED9112A03D81D4B96
:10FF6000D340DB0718D41C4B1C4AC3F8502103F1C3
:10FF700000730022C3F850210025174B40F2F712FE
:10FF8000C3F850212B01164A03F4F87305F0070556
:10FF90002B43C2F850311AE00F4B104AC3F85021DE
:10FFA00003F100734FF44402E4E7FF2C0DD00A4B39
:10FFB0000A4AC3F8502123042405094A03F4E02324
:10FFC00004F0F8742343C2F85031FF2DD5D100203E
:10FFD00070BD00BF84F60300004008440000F70134
:10FFE00000400846F8B5134B134E1F68134D3846B2
:10FFF00001F080F93378C4B2A34201D12B78A3B1C8
:020000021000EC
:10000000092C14D80E4B012C195D05D10D4B1B7812
:10001000022B01D141F0400101F00F0238460909DD
:10002000FFF790FF002334702B700020F8BD0024F0
:10003000FA21F1E718470020995500209855002033
:10004000A89603000025002038B5044600F00AFEFB
:10005000142200212E4821F05BFA2E4B25781A78C5
:100060002D49521B18BF01220A7022681A60C8204D
:10007000A2889A80FFF71EFD284BD3F8C820284B92
:10008000FF211970274B2849062D03EA0203274A4E
:100090001AD14FF4EE40C2F824014FF48A42C1F85D
:1000A0002421012243F08043C1F820211B4AC2F8D9
:1000B000C8301E4B0322C3F85821FFF793FF1C4B97
:1000C00001221A70002038BD022D4FF007000ED11A
:1000D000C2F80C010620C1F80C011649C2F808113B
:1000E0004FF4404143F00303C2F80411DEE7C2F8C5
:1000F0000C010520C1F80C01C020C2F8080143F032
:100100008043812243F00403C1F80821CEE700BFF9
:10011000C81F00210025002098550020001F002145
:100120007F2500202800C0A0004008460040084469
:100130009C550020C1004000014B1870704700BF63
:100140009B55002073B5264B044618780E2841D0E5
:10015000FF2C42D000283AD1052C32BF00230123C6
:100160000420201A01AA0DF10301C0B2FFF71EFD01
:100170001C4EC6F8CC00019A96F8D850130203F42E
:10018000E06343EA1263A6F8D2309DF803400DF114
:1001900002012046FFF770FC05F0FB051E2C45EA26
:1001A000800594BF0023012325F0080545EAC30517
:1001B00086F8D8509DF802200B4B43EA0223A6F89C
:1001C000D6300123094A2046137002B070BD0023C7
:1001D0001846C6E70023FF24F4E70023F2E700BF38
:1001E00000250020001F002100C0FFFF9A550020BD
:1001F000104A114B00201870D2F8C830C2F8CC3029
:10020000B2F8D030A2F8D230B2F8D430A2F8D6305A
:1002100092F8D83003F0FB03990001F004010B437E
:1002200003F0F703990001F008010B4382F8D8307E
:10023000704700BF001F00219A5500202DE9F047AC
:100240002D4C2E4B236000F065FD4FF4FA730746EA
:100250004FF47A76B0FBF6F629482A4A7343190E12
:100260001B02181841F10001002318F051FCA0F501
:1002700080730546A36220B966222B21FFF770F92F
:1002800001254FF47A726A434FF0000A5346500832
:10029000310218F03DFC1C4B19601C4BB7F57A7FFE
:1002A0004FEA05688946044618604FEA152505D2CD
:1002B00076222B215046FFF753F901264FF47A732B
:1002C000A8FB030103FB05117308C01841F10001ED
:1002D0000023324618F01CFC0D4B023419600D4B04
:1002E00049F10009A408186044EA8974024B013CF2
:1002F0001C63BDE8F08700BF0050084002110100F8
:1003000020A1070040420F009C4600209846002094
:100310009446002090460020044B4FF00052C3F852
:1003200080211A60024B01225A60704700E100E010
:1003300000500840074B4FF00052C3F88021C3F82B
:100340008020BFF34F8FBFF36F8F034B04225A609F
:10035000704700BF00E100E00050084010B50446BF
:10036000A242A2EB0000A3EB010104D2034B1B6BE2
:1003700001331844013901F0030110BD0050084059
:1003800038B502010A4B01259D500A4A4FF480738B
:1003900083405366044619F0A6FB074A1378A5402C
:1003A00023EA05031370BDE8384019F0A0BB00BF75
:1003B00000510844005008409E5500202DE9F047A8
:1003C0001546044688461E4619F08DFB022D00F0A6
:1003D000B880074619F092FB6C4B6D4AD3F8189021
:1003E00092F815A0DA6D5FFA8AFA520744BFD3F883
:1003F00018900AF1010A19F087FB664B664A1B68E0
:1004000011684FEA8A7CA3FB093213F1004301FB18
:1004100009CCD8F800304CEB020C012D04BF01339D
:100420006344ACEB030C08BFC8F80030BCF1804F4C
:100430000AF0030AC0F09880584AD2F800C0584A1F
:10044000D2F800E0514A23F04041106B4FF00048D1
:100450000022ECFB01820EFB012282424FEA9373E1
:1004600081BF01330130121A03F00303A3EB0A0327
:10047000914588BF4549DFF848C184BF096B03F146
:10048000FF3303F003030CF80430A2EB0900A3B11F
:10049000F10742BF434B41F61F71D966B30742BF14
:1004A000404B4149D966710742BF384B002119675B
:1004B000330742BF354B00211965344B04F110015D
:1004C00003EB041E0901CEF80C2111225A503749C2
:1004D0009A694FF0010EA2EB090A0EFA04F8D3F85C
:1004E0005C900A785FFA88F848EA020282450A704E
:1004F00026D34FF48072A24019EA020F20D11CF8D3
:10050000040000283FD10DB3F0071A6608D5254B2B
:10051000274941F61F7240F20110DA66C866DA66B2
:10052000B10706D51F4B22491F4A2248DA66C86622
:10053000DA66720742BF204B01229A60330719D452
:10054000384619F0D4FA0120BDE8F0871B48240191
:1005500040F804E05A6619F0C6FA14490B7823EA09
:1005600008030B7019F0C3FA384619F0C0FA0020DE
:10057000BDE8F087212000F0B9FA044B4FF4803237
:100580005A603846DDE71A663846DAE70050084018
:10059000D446002090460020944600209846002033
:1005A0009C4600200050084400001F1F9E5500205C
:1005B0000050084600000101004008400051084476
:1005C0009F550020024B1878003818BF0120704753
:1005D0009E5500201030034B0001185800F0010018
:1005E000704700BF005008401030044B01F4600118
:1005F000000141F003011950704700BF005008404E
:1006000038B519F07BFA084B084A9D69547DDA6DBC
:10061000520748BF9D69E4B248BF013419F074FA2B
:10062000284604F0030138BD00500840D44600209D
:1006300038B50B4B03EB001210300001D2F80C411F
:100640001D58FFF7DDFFAB0706D5844200D90139FD
:10065000204601F0030138BD844238BF0131F7E77D
:100660000050084070B5184CE66B26BB202000F007
:100670003DFA164B10251D6002F0DCFA144B802267
:10068000C3F8802101F082FC38B1324600200821F5
:1006900002F088FC0F4B65669D660F4A536803F0B5
:1006A0007063B3F1807FF9D9074B0C4ADA6641F2E7
:1006B00001421A6770BD01F069FC0028F4D0054AB8
:1006C000074B63669366EFE700500840004008461A
:1006D00000E100E00050084600400840011B0118FE
:1006E0001000000208B5212000F000FA024B4FF480
:1006F00080325A6008BD00BF0050084008B5222073
:1007000000F0F4F9024B4FF480225A6008BD00BF9C
:1007100000500840064B1B68434303EB8171054BB7
:100720001B68A3FB003013F1004341EB000070474E
:1007300094460020904600200D4A10B5146820F021
:10074000404301464FF000420020E4FB0320094AE9
:10075000126802FB0300084B1B6B98424FEA917131
:1007600004D901330131C01A01F0030110BD00BFEB
:10077000984600209C46002000500840F8B50646E8
:1007800003F0FEFD044608B1FFF7D4FD084D094F04
:1007900000232B6130466B61AB617B75FFF7CCFFAB
:1007A000C9B27975A8610CB1FFF7B6FD0020F8BD9C
:1007B00000500840D44600202DE9F041224F064663
:1007C000386820F4700040F4A00038609DF81C40A8
:1007D0001D1E9DF818304FEA042444EA036444EADD
:1007E000021408BF002144EA05440C43FC64D7F816
:1007F0002C80B8F5803F40F2B5224FF018012CBF95
:1008000000200120FEF7ACFEC7F83880CDB10F4BB9
:10081000B468D3F88030412C38BF41245B0606D53C
:1008200000F02CFB18B10A4BB3FBF0F31C4420463C
:10083000FFF782FF01308045034B3ABF0022DA63A5
:10084000D863BDE8F08100BF005008400070084048
:1008500000093D00F8B5184DAB691B04044626D5C8
:1008600000F0F2FBAB6913F0787FA0FB04464FEA7F
:100870009367C3F34450C3F3044505D140F25E428D
:100880002B21FEF76DFE0120AD01B5FBF0F010EB62
:10089000871005D140F263422B21FEF761FE012053
:1008A000024600232046314618F032F9F8BD00F028
:1008B000E5FAA0FB0401F9E70070084030B50C4CE4
:1008C00002460120A0F12003C0F1200524FA05F51D
:1008D00004FA03F32B4304FA00F595428B4100D34D
:1008E00030BD0F2801D00130ECE7FF20F8E700BF52
:1008F00040420F0010B50C46FFF7ACFFC30943EAB6
:100900004163C01A61EBD111FFF7D8FFFF2814D063
:100910000C4B0F22C3F8802003F1007340F010004D
:10092000C3F8800003F17A439B69DBB2802B06D0C9
:100930002046BDE8104000F073BB012010BD02202E
:10094000FCE700BF007008443B4B082270B5012152
:100950000546C3F8C8203948394CF1F7F7F8394B48
:100960001D702378013B012B0CD8237CE07B0122F6
:100970009A400C21302313FB001303F1884303F545
:1009800020431A60304B00225A677DB92F4A4FF638
:10099000FF71D16702F10072F821D1675D672C4BBE
:1009A0004FF08042C3F89420002070BD636853B3B9
:1009B00000F0B0F9626800EB5203B3FBF2F3013BC5
:1009C0001B0243F0F80326782049224A022E1CD04D
:1009D000032E1D484FF6FF7521D0012E27D143F07D
:1009E0000203CD67D36707234367237CE07B0122A3
:1009F0009A400C21302313FB001303F18C4303F5C1
:100A000020431A6011E0F823DDE743F001034FF6BD
:100A1000FF70C867D3670C4B05225A67E5E743F0C0
:100A20000503CD67D367012343670B4BB8E7CD6759
:100A3000D3670023F8E700BF00400E4600350A00E8
:100A4000A0460020A45500200000084000000844F3
:100A5000004008440000084600400846F8B5064635
:100A600004460FCE1C4F3D460FC533682B601B4B11
:100A70001B480822C3F8C8200121F1F767F8194A7A
:100A800000235367A37BE17A1B0443EA0123217A05
:100A90000B4393673B78032B1BD8DFE803F014026A
:100AA000080E617B207B00230422F2F7C5F8217C2D
:100AB000E07B00230422F2F7BFF8A17A607A0123D9
:100AC0000422F2F7B9F8084B1878BDE8F840FFF7B0
:100AD0003BBF0120F8BD00BFA046002000400E46ED
:100AE00000350A0000000840A4550020044BD3F84C
:100AF0009430002BBCBF034BC3F88000704700BF8D
:100B0000004008400000084008B5074B1B681A6801
:100B1000064B920019684FF0045020F01FFDBDE80D
:100B2000084000F03DBF00BFB4460020B84600209A
:100B300007B501A8F2F712FA134B144AC3F844217F
:100B400048F2E672C3F838214FF40862C3F8342142
:100B50000F4AC3F8A0200F4A4AF63F41916002F5C0
:100B600080424FF0C07191620022C3F8FC200A4A13
:100B7000C3F89C20094B7F225A6203F100732322A1
:100B80005A6203B05DF804FB00400840C0E65351D0
:100B90007A27000F00300840806D6303003008445E
:100BA000064B1B783BB1064B064A1A60064B074AB8
:100BB0001A60002070470220704700BFA555002032
:100BC000B8460020E0960300B4460020DC960300FF
:100BD00038B51B4B0022C3F88820C3F88C20C3F81B
:100BE0009020184A4FF400715162174A0121D160D8
:100BF0005A6812F0706FC2F30365F9D14FF00452D6
:100C0000DA671249124C0122C3F88020196622705B
:100C100019F0FDF80F4B2570186820B10E4B1868BD
:100C2000003818BF012040F27E525421FEF798FC94
:100C30000A4B1B6898470A4B0122DA6038BD00BF97
:100C4000004008400000084000400846A01F002166
:100C5000A5550020B8460020B446002008220020F8
:100C600000400844034BFD22C3F8C8200122C3F80A
:100C7000CC20704700400E4638B5FFF7F3FF1B4B02
:100C80001B481C4C1C490222C3F8C8201B4B1A6885
:100C900042B102EA0005A54204BF5D681560083351
:100CA0008B42F4D1164B0222C3F8C820154B164ACA
:100CB000D3F83C111160154AC3F8942000F0CCFB26
:100CC000FFF736FF124B0322C3F8D820A3F50053D9
:100CD0000122C3F894204FF46072DA604FF0407242
:100CE000C3F8F820C3F8102138BD00BF00400E46FD
:100CF0000000FFFF00000840B081E00F0080E00F1F
:100D000000400E44004008400C2200200048F00043
:100D10000060084608B5F0F735FD044BD3F81031F4
:100D2000C3F308230133B0FBF3F008BD00400E40CD
:100D300070B5044618B1284D2268531C00D170BD0F
:100D4000C2F30063110C35F8130011F0FE0F93B2DB
:100D500043EA0043606818D00434CAB2022A21680A
:100D600008D9D4E90160033AC3E9001698600C344D
:100D70000C33F3E704D16268C3E900120834DBE7FF
:100D8000012AD9D104341960D6E7120F072AF5D801
:100D9000DFE802F00704090D1013181DC04303F12A
:100DA00080631860EAE71A6842401A60E6E703F1D8
:100DB000C063F6E71DF0F7F9E0E70122824003F196
:100DC000C063F2E70122824003F18063EDE71A6815
:100DD00030EA0202FBD1D1E7BA960300024B0122AE
:100DE000C3F89420704700BF00400846024B012220
:100DF000C3F89420704700BF00400844024B4022D3
:100E0000C3F89420704700BF00400844024B4022C2
:100E1000C3F89420704700BF0040084608B50C4B4B
:100E20001B68D3F8943023B11A68022A01D9186AD2
:100E300008BDFFF76FFF074B1B6D024698B20028F5
:100E4000F6D0C3F30743D2085343B3FBF0F0EFE708
:100E50001847002000600840064B5B68C3F303633B
:100E6000984206D1044A536B23F0F00343EA011180
:100E70005163704700400840001F00211F4B1B6852
:100E8000D3F8943070B52BB11A680A2A02D91C6CB9
:100E9000204670BD1A4DAA6D6B6DC2F34544C2F376
:100EA000CD010134C3F3441601FB0444C3F3822192
:100EB00003F01F0306FB01335C4302F00702114BF2
:100EC0009B5C5C43640004D0FFF724FF7043B0FBDD
:100ED000F4F4D5F8E430190505D513F0FF021CBF72
:100EE000E401B4FBF2F41A01D2D5C3F30A43002B98
:100EF000CED0A402B4FBF3F4CAE700BF1847002029
:100F000000600840B296030010B50446FFF786FF64
:100F1000104AD2F830311B040F4B1B6C03F4C05342
:100F200048BF4008B3F5805F0ABF136BC4F30113D9
:100F3000C3F34163022B05D0032B09D0012B00D151
:100F4000400810BDC4F3C4240134B0FBF4F0F8E74A
:100F50008008F6E700600840000008402DE9F047EF
:100F60000E461DF00AF9DFF8B090DFF8B0A0804619
:100F7000002518F0B8FDD9F80430C3F30363012B42
:100F800007460BD1711C1AD01DF0F7F8A0EB08052D
:100F9000384618F0ACFDAE42EBD80DE0052BF1D091
:100FA0000B2BEFD0023B012B0CD9013602D01DF0E8
:100FB000E4F8384618F09BFD1648BDE8F08718F0B5
:100FC00096FDD6E7DAF808301A04C3F389140FD473
:100FD000013602D01DF0D1F8384618F088FD24B251
:100FE000A4F1C8006FF4FF739842B8BF1846E4E755
:100FF000731C03D01DF0C1F8A0EB08056FEA845400
:101000006FEA9454384618F072FD14F5007FC2D090
:10101000E6E700BF00FEFFFF004008400070084008
:1010200010F1800F04D04D28DABF323040B27F205B
:10103000044BFF229A6103F10073C0B29861002053
:10104000704700BF007008440B4B0C499A6D70B597
:1010500002F007029E6D8C5C9D6DFFF75BFEC6F390
:10106000CD0606FB0444C5F3454505FB0444800159
:10107000B0FBF4F070BD00BF00600840B296030002
:10108000084910B5D1F8703140B11C464A68D1F812
:1010900070319C42F9D1C2F30362027003F00F0079
:1010A00010BD00BF00400840094BD3F8883001F064
:1010B000800103F480030B4309D1064B4FF4001267
:1010C0009A61837F1BB1044B0122C3F8F82070475B
:1010D0000040084000600844006008462DE9F041E7
:1010E0001F4CDFF89080069F0646A2FB03502C1988
:1010F00060F1000E9C46A0454FF0000373EB0E0E0E
:1011000007D24FF4B4720E211846FEF729FA0220D6
:101110001BE00029FBD0C6F3130601EB5C04B4FB13
:10112000FCF4A4FB0646E40C44EA46340D4E34605D
:101130000D4C22600D4A914209D10D4AA5FB025384
:1011400002FB00339B093B600020BDE8F081C40432
:101150000A46E80444EA553117F0DAFC3860F3E750
:1011600000C9E876BC460020C046002000F04902D5
:101170000A3BB2DF0046C32338B5164D2B780C4628
:1011800023B9154B1B6D03F03F032B70134BD3F8A2
:1011900094305B051CD5124BB0FBF3F040F24D537D
:1011A0004343A3F546430C3B584300F5C91000F5F3
:1011B000556028B940F21B322B21FEF7D1F90120EE
:1011C0002B78084A5343B3FBF0F30020236038BD6B
:1011D0000220FCE7A95500200030084000400840EC
:1011E00000366E018096980070B5374C374B256BF2
:1011F000374C1B682468ED024CBF1B191B1BB3F155
:10120000804F04D8002B3AD1324E1C460AE0B3FA84
:1012100083F4314EC4F10204E340304DAB4201D9B6
:1012200001345B0803EB5605B5FBF6F52C4EB342D3
:1012300034BF002601262403013D44EA86242C43C2
:101240000C60D8B1B3FBF0F1642400FB11336343AD
:10125000984288BF01F1FF31480801380139072859
:10126000204D214C4FEA510311D90021297006214C
:10127000C4F894101B0243EA0013136070BDB3FA64
:1012800083F4D4F10204134EC6D50024C5E7102917
:10129000EBD068B1012129700621C4F894101349DC
:1012A00009780029E6D012490224C1F89440E1E708
:1012B000012914BF0121002129704FF00601C4F853
:1012C0009410ECD1D6E700BF00300840C0460020A3
:1012D000BC460020E0673500C0CF6A003FBE402515
:1012E000401B5F13A655002000400844A75500206E
:1012F00000400846084B5B6B03F00700C3F3C202D3
:1013000013F0380F18BF5043C3F3821213F4E07F79
:1013100018BF5043704700BF00300840034BD3F85C
:10132000380180F01000C0F3001070470040084002
:10133000174B4FF4002210B5C3F89420154C164BF0
:10134000B0F1804F88BF1C46144BDA6CD2071DD514
:101350001B6F134A04F5F42404F59074B4FBF2F403
:10136000033CE4B203F00703A34202D02046F1F7A6
:10137000D9FB0C4B1B784BB10B4B4FF47022C3F8CD
:10138000942003F100732404C3F8944010BD00BFFF
:1013900000400846E0673500C0CF6A0000300E40CC
:1013A00040420F00A8550020004008447FB5044685
:1013B000F0F724FA1C4B06462C3358680093A379A7
:1013C00022683146FFF78AFE054648BBA379012B08
:1013D00014BF164916491022C1F838212068154952
:1013E0005843FFF7C9FE03AA02A93046FFF7FCFEE7
:1013F0000F4A43F6FF53C2F8A4300C4B0299C3F8CE
:10140000A4104FF4EE611163039A1A632068FFF78A
:101410008FFF094BA2881A6203F5405300229A639A
:10142000284604B070BD00BF0030084000400846A8
:1014300000400844503008400000084008B5044B04
:1014400001221A70034B1868FFF772FF002008BDD5
:10145000A8550020C0460020024B4FF48062C3F81C
:1014600094207047004008460D4BD3F80421D3F870
:10147000B030D2B2FF2A03D043F30743591C01D145
:1014800090221923074903EBD37302EB6302022373
:1014900081F84230232381F8432081F8413070479E
:1014A0000081E00F001F0021044A5368C3F3036367
:1014B000022B04BF80239360002070470040084047
:1014C00040B10368012B05D90069034B002808BF10
:1014D0001846704700487047C096030070B5044630
:1014E0001F480D46FFF728F91E4BD3F8306116F45C
:1014F00000464FEAC01015D000F574431A4C1B4A41
:101500002433B3FBF2F32B60194B00EB5400B0FB18
:10151000F4F068605B68D9020AD5002406B1033490
:10152000AC6070BD002CEFD1114B5B68D802F7D4D2
:10153000104B0F491B68D1F8A820C3F3810312F4A4
:10154000806403F1010309D1D2B2FF2AE6D0D1F8B9
:10155000AC20520548BF04EBC304DFE7DC00F3E72F
:1015600040420F000060084020A1070048E8010049
:101570000000084000200840084B1A68C117A2FB71
:10158000000310F1807002FB013343F10003400EB1
:1015900040EAC310803820EAE0707047C846002057
:1015A000174B072270B5C3F88420FFF7B3FB154B28
:1015B000154A164EC408010B0546E005C01841F156
:1015C0000001002317F0A4FA114B18604EF66020BA
:1015D000FFF7D2FF4042C6F89C000E48FFF7ACF878
:1015E000024658B1E301500818184FEA15714FF040
:1015F000000341F1000117F08BFA706770BD00BF66
:1016000000400840B2E60E0065CD1D00001F00211D
:10161000C846002040420F002DE9F0470646084624
:101620009846FFF74DFF15460746002E00F0B080A4
:1016300018F0050F63D03469002C00F0AB80FEF782
:10164000D7FB4FF47A735C43201A7B68A0F6AC504A
:10165000C01AFFF791FFB48B6862002C00F09D80E8
:10166000FEF7C6FB4FF47A735C43201A7B68A0F642
:10167000AC50C01AFFF780FFA861614BF468D3F843
:101680000090DFF88CA1002C00F0B080FEF7B0FBDA
:101690004FF47A735C43241A7B68A4F6AC54E41AC2
:1016A00099F81130053B012B7AD8DAF80020A4F51F
:1016B0003E44EB3CE117A4FB023402FB014413F16E
:1016C000807144F10000490E41EAC0118039E9619E
:1016D0004C49A2FB01219B1A64EB010413F18073B6
:1016E00044F100045B0E43EAC413803B2B62B469EF
:1016F000FEF77EFB014620461CF0A0FD286318F093
:10170000020F29D073684FF47A7058435BB13B687D
:1017100003F51C5310331844B37F002B46F2A81373
:1017200008BF00231844FFF727FF7369E862002B06
:101730005FD078684FF47A7202FB0300B37FA0F5A4
:101740000350002BA0F1100046F2A81308BF00239D
:10175000C01AFFF711FFA86218F0040F18D0B06884
:10176000002849D04FF47A735843A0F5035010383D
:10177000FFF702FF286133684FF47A70584323B1B2
:101780003B6803F51C5310331844FFF7F5FE6861FE
:10179000BDE8F0874CF250305BE74CF2503069E71F
:1017A0003B68E41ADAF80020E117A2FB044314F1C5
:1017B000807402FB013343F10003640E44EAC31456
:1017C000803C114BEC61114CD3F884302B622368C0
:1017D000002B8CD048461CF01BFF002887D02368C4
:1017E000D9F848002A463946984780E74CF25034E9
:1017F000D8E747F23050ACE747F23050B8E700BFC7
:1018000018470020101B0200001F0021C4460020C2
:10181000C8460020E0B5074608461E4615461CF09F
:10182000B3FC7B7C053B012B06440DD80C4B4BF6DF
:10183000EB61002D18BF19464FF4FA720A440948AB
:1018400092FBF0F03044E0BD074B084AD3F8F800B3
:10185000FFF736FE01680029A8BF4FF4FA72EDE7E2
:10186000FBD9020018FCFFFF001F00210CFEFFFF48
:101870002DE9F04F384C0A4685B00D4600218146CF
:101880001FF046FED4F8C83043F06C029A4204D0F0
:101890000025284605B0BDE8F08F304BDB68D9073E
:1018A000F6D4FDF7C3FC0028F2D0D4F81061C6F3DB
:1018B0000826002EECD12A4C2A4BD3F81880D4F8F5
:1018C00084300193284B4FF060529A6103F100730A
:1018D0004FF000629A612423C4F88430234B042221
:1018E0001A604FF4804A4FF48053C4F868A0B3469E
:1018F0006362AB4512D31E4B04221A60184A019B47
:10190000C2F88430184B4FF06051996108EA010326
:1019100018498B614FF480439366BAE7226E5204F4
:10192000FCD52268D305F9D5C4F868A00136D4F8EF
:1019300088200392012EDCD9A5EB0B07042FA8BF4A
:1019400004273A4609EB0B0003A95F441FF006FE8B
:101950001FFA87FBCDE700BF00400E400040084063
:10196000000008400060084000600844004008464D
:101970000040084400600846074BD3F8D8304FF6C3
:1019800004014FF605029BB28B4208BF1346034A7F
:1019900001209365704700BF0081E00F00500840B0
:1019A00070B5194C0FCC86B001AD0FC5CC222368A1
:1019B00016482B6000211FF0ABFD84220021144843
:1019C0001FF0A6FD134B144AC3F8F020FFF74CFD9F
:1019D000124B1B782BB101AD0FCD0B4E0FC62B68F0
:1019E00023600F4B0F4AC3F8DC2F0F4AC3F8E02FD8
:1019F0000E4AC3F8E42F02F1957202F24952C3F87D
:101A0000E82F06B070BD00BFC81F0021341F0021A1
:101A1000B01E0021001F00213F0037009C55002010
:101A2000001000210200620609C8056E0704DC06EA
:101A30000A4B197801F0FF0229B1002119700849F9
:101A40009202C1F8A020597801F0FF0229B10021CB
:101A500059709302024AC2F8A4307047AA55002078
:101A600000000846074BD3F8E00E074BD3F88C3044
:101A70001A0103D4054B1B6E1B0401D500F58070C1
:101A8000704700BF001000210040084000000840DF
:101A900008B518F028F80F4B1A78B2B90E4A126838
:101AA00012F4843F11D10D4A1021C2F894101B7812
:101AB0006BB9094B1B68DB0509D4084B2022C3F81E
:101AC0009420BDE8084018F012B8054AECE7044B32
:101AD000F4E700BFAE550020202800200040084455
:101AE0000040084610B517F0FEFF0E210446032003
:101AF000FFF7B2F9044B40F2012220465A62BDE8DA
:101B0000104017F0F4BF00BF00000840044B002253
:101B10001A70044B197811B11A70FFF7B9BF7047EA
:101B2000AD550020AE55002008B517F0DCFF234B63
:101B30004FF08052C3F88020BFF34F8FBFF36F8FF9
:101B40004FF48072C3F88020BFF34F8FBFF36F8FC5
:101B50000222C3F88020BFF34F8FBFF36F8F102294
:101B6000C3F88020BFF34F8FBFF36F8F2022C3F8DD
:101B70008020BFF34F8FBFF36F8F4FF00052C3F839
:101B80008020BFF34F8FBFF36F8F8022C3F8802078
:101B9000BFF34F8FBFF36F8F4022C3F88020BFF396
:101BA0004F8FBFF36F8F0122C3F88420BFF34F8F95
:101BB000BFF36F8FBDE8084017F099BF00E100E068
:101BC00008B517F090FF0B4B4FF080521A604FF49E
:101BD00080721A6010221A6020221A604FF00052A0
:101BE0001A6080221A6040221A60BDE8084017F08F
:101BF0007EBF00BF00E100E070B5084C01232370F8
:101C0000074B1E68074BD3E9005332401940284068
:101C100001F0C8F90023237070BD00BFAC5500204F
:101C2000D0460020202800202DE9F047DDF820A034
:101C300003EA0108099B06460D4602EA000703EA8B
:101C40000A09BAF1000F40F04D81031F0B4300F069
:101C50001381052871F1000380F0E78050EA010349
:101C600000F06081431E0B4300F02181FFF75CFF11
:101C7000AD4AD2E9004323EA050324EA06043C43C3
:101C800043EA0807A94BDFF8F8821E6826EA0A062D
:101C900046EA09061E60C2E90047FFF7F9FEA448BC
:101CA00014F02A4FC26E14BF48F202034FF40043EF
:101CB000B50748BF43F400539E4D83EA020122EA70
:101CC0000302EA669C4A81660B40D366C4F38042F5
:101CD0001203200348BF42F48072E10648BF42F479
:101CE0000052A30648BF42F40072650648BF42F4A2
:101CF000806220069148924DD0F80C3248BF42F4E1
:101D0000006282EA030123EA0203C5F80C328D4B1C
:101D1000C0F80812C7F340250A40AD04E10448BFEB
:101D200045F48035C3F80C22A20348BF45F4801562
:101D3000A30748BF45F4800514F4001F06D0D8F867
:101D400000001CF0D2FC08B945F40025E00248BFB1
:101D500045F40035F9067C497C4848BF45F4000548
:101D6000620248BF45F400150A6A730748BF45F090
:101D7000040585EA020323F001031A4002621D40B4
:101D8000CB61734B73481D62734B744A16F0010F9D
:101D900018BF1A46836E7D0748BF42F40012704D8B
:101DA00082EA030123EA0203AB666E4B41660A40F6
:101DB00000F500509A66C16B04F0010305F500556B
:101DC00081EA030221EA0301E96382631A40664B58
:101DD000DA63D8F80020200248BF644B92F8E9206B
:101DE00058BF634B610748BF43F4806322B114F4CA
:101DF000C06F18BF43F480735E485F4CD0F8EC109E
:101E0000320748BF43F0004383EA010222F4A022D4
:101E10001140C4F8EC101340C0F8E820574ABDE860
:101E2000F047C2F8EC30FFF7CBBEA0F580630B4360
:101E300006D020F48063A3F500730B437FF416AF44
:101E400017F051FE3849D1E9003223EA060322EAAD
:101E5000050242EA08023B43C1E90032484A1268DF
:101E600092F8E9200AB313F4C06F1ED0434B4FF42D
:101E70008072C3F8EC2014E017F035FE2A4AD2E94C
:101E8000003123F004033B4341EA080157EA080705
:101E9000C2E9003114BF394A374A4FF48063C2F8AF
:101EA000EC30BDE8F04717F022BE334BDFE717F008
:101EB0001AFE1D4AD2E9003123F001033B4341EAF7
:101EC0000801C2E900312F4A57EA08074FF0010321
:101ED00015BF93632C4902F1C062CB6314BFD36377
:101EE0009363DEE750EA01037FF4C0AEBAF1010F5D
:101EF0007FF4BCAE17F0F7FD0C4A136823F0010322
:101F000043EA09031360134A4FF48063B9F1000FE9
:101F100004D0536602F1C0629366C2E710498B6633
:101F20005366BEE7BDE8F08720280020D046002099
:101F30000000084000000844000008460060084017
:101F40000060084400600846004008400040084423
:101F50000040084600500840041C5000041850007F
:101F60000050084400500846007008460D0A0A094F
:101F7000090A0A0900100840001008440010084629
:101F8000184700200070084000700844024B586851
:101F9000C0F3C000704700BF20280020024B186823
:101FA00000F00100704700BF20280020024B586855
:101FB000C0F3C030704700BF2028002010B5044691
:101FC000FEF75AFEFFF7B0FD04F14C0002F09AFC58
:101FD000FEF7FEFDFEF732F9FEF79EF9FFF7E0FA95
:101FE0001049114AD1F8F810072304F1A400FFF7B3
:101FF00013FB4FF440010020FEF7F6FA4FF40011F6
:102000000120FEF7F1FAFFF7B7FC20B940F2E72212
:102010001421FDF7A5FAFFF711FABDE810400120E1
:10202000FEF792BC001F0021681F0021084B802290
:10203000C3F8882003F17E430822C3F88820054AAC
:10204000D2F8B03E23F02003C2F8B03E704700BF84
:10205000004008460010002108B517F044FDFFF7C6
:10206000E5FF034B01229A60BDE8084017F03FBD31
:1020700000400840F8B5194C05462078B0FA80F0C9
:1020800040F206423E214009FDF76AFA55B96078F0
:10209000B0FA80F0BDE8F84040F206423E21400927
:1020A000FDF75EBA0E4F0F4DD7F8A0304FF44066E3
:1020B000C3F381232370C5F8A0606078B0FA80F084
:1020C00040F206423E214009FDF74AFAD7F8A43013
:1020D000C3F381236370C5F8A460F8BDAA5500203E
:1020E0000000084000000844F8B50B4C0B4DD4F834
:1020F00088300B4F0423C5F88830D4F888305B0350
:1021000000D4F8BD0426C7F8886002201CF04BF804
:10211000C5F88860F1E700BF00400840004008466D
:10212000004008441C4B70B5D3F888601B4D03F188
:102130008063A822C3F8882010221A60184A194B1D
:1021400093666B66FFF774FC174B1B7813B903207B
:10215000FEF716F900242C67FFF7C6FF134A144B4D
:10216000D2F8E01E0B40C2F8E03E124B0422C3F846
:102170008820114BB206C3F8B84008D503F5807328
:102180005B6CB3F5817F22BF034B80229A60BDE870
:10219000704001F0E5BE00BF00400840005008401C
:1021A0000050084410000002B1550020001000212A
:1021B000DF0000FF00400844001E002110B549B9AF
:1021C00038B3164A53681B0E13F00E0F21D1136853
:1021D0009A061ED4FFF786FC104C0020FEF750FF35
:1021E000032801D0092806D1D4F88C30DB03F4D4BD
:1021F000636F0C2BF1D9FFF777FF094B4FF4007297
:102200005A62084B0122DA6003F17E430422C3F8CC
:102210008820054B4FF4C0625A6210BD0040084050
:1022200000000840004008460060084408B503214B
:102230000920FEF711FE024B20229A6008BD00BF64
:102240000040084038B5054617F04DFC044602F042
:1022500015FB35B1FFF75AFC2046BDE8384017F0B2
:1022600046BC084B1B78002BF6D0074B1D78002D81
:10227000F2D1FFF74BFC2A464FF480400021FFF7D4
:10228000BBFCE9E7AD550020AC5500202DE9F84F27
:10229000584B0646D3F888300D461446002A40F0C5
:1022A000A58013F0A00F14BF4FF001094FF00009F3
:1022B000DFF85C81504F01F053FEA023C8F888304E
:1022C0000320FEF75DF80420FEF75AF84FF0000AED
:1022D000FFF71CFC494BFB66C7F870A0FFF704FF33
:1022E000474BD3F8B02E42F02002C3F8B02EFF22A5
:1022F000C8F800203F4A4FF480719160D3F8E02E77
:1023000040494FF0040B1140C3F8E01EC8F888B0F4
:10231000C3F8B8AEFB6813F0060F04D0FEF7EEF971
:102320005846FEF72DF8B9F1000F08D0364B4FF4A0
:102330000062C3F88820354B4FF400425A6666B1FC
:10234000324B5B6C180701D4FFF7CCFBFFF76EFF35
:102350000420FEF715F8FFF76BFB264BDA68D10770
:102360003FD55A6812F0706FFBD1294B294AC3F848
:102370008820294A536B23F0F003536315B120469C
:10238000FFF760FF254BD3F8B4305A1C01D05B0037
:1023900002D51F4B0122DA601CB31C4BDA6E9A6621
:1023A000144A136A23F00103D3611D4BD3F80C22A6
:1023B000C3F80822A3F54053DA6F9A67A3F50053D8
:1023C000D3F8EC20C3F8E82003F5C043DA6B9A6336
:1023D000A3F50053134A5A660D4B4FF60842C3F853
:1023E0008820BDE8F84F002002F05EB84FF00009E9
:1023F0005EE700BF004008400050084000000101B7
:1024000000100021DF0000FF0040084600000840E7
:102410000040084410003000001F00210081E00F40
:10242000006008405000F0029A4B196EDA6E2DE9F8
:10243000F04F01EA0209C3F8689003F5805385B0B4
:10244000D3F8E060D3F8EC201640C3F8E86003F559
:10245000A043D3F80012D3F80C2201EA020AC3F811
:1024600008A2A3F5005359691A6A01EA02088A4AC8
:1024700008EA0202DA61894BD3F80022910006D4FF
:10248000D3F800319A00C3F3407740F1E18017F0B0
:102490002AFB834BDA68DF6D12F0060F9A6E07EAAB
:1024A000020727F4800222F4006214BF4FF0010BF0
:1024B0004FF0000B5A667B0704D57A4A537D0133EF
:1024C000DBB2537517F013FBB9F1000F00F0DF809A
:1024D00019F4004427D017F006FB0146FFF7C2FAB3
:1024E0006F4D0446AA69AB699A42FCD0AA6993422F
:1024F000FCD0FFF7B7FAA04240F0AC80084617F0D6
:10250000F6FA694B1C60694BD3F8885015F4E05219
:1025100040F0A28024F07F4424F0DF040CB9FFF7E0
:1025200001FE4FF0807419F0020F4FF0000516D035
:102530005E4B5F49D3F8883003F46042C1F88820CD
:10254000002A00F09E801D0400F19E8013F4005FBD
:102550000CBF4FF000534FF000631C430025C9F33C
:1025600040394FEA4909534B3340002B4AD016F407
:10257000206F0AD040F60F0206210020FCF7F0FF82
:102580000020FFF75FFE26F48026F00506D5484BB5
:10259000FF221A6044F4C064FFF7A4FA16F0090F92
:1025A0000AD040F6240208210020FCF7D9FFFFF7EB
:1025B0003DFE414B01229A6216F0106F0CD040F69E
:1025C0002D0209210020FCF7CBFFFFF72FFE002290
:1025D0001146104602F02AF916F4202F0AD040F6D0
:1025E000350207210020FCF7BBFF0020FFF72AFE81
:1025F00026F48026F10301D502F068FA002EB8BF58
:1026000049F0080972070DD52B4B5B6A13F4005F84
:1026100014BF2A4A2A4A4FF400531ABF536244F4A3
:1026200000045362730548BF44F0040416F4802686
:1026300000F0AA8002F014FA0138062842D8DFE838
:1026400010F02E0131012E01340137013A013A0117
:10265000BB4639E7044645E70192FFF763FD144B9B
:10266000019AC3F8882015F4805307D115F4806FC0
:102670000CBF4FF080544FF0806454E74FF080441B
:1026800051E74FF0007368E74FF0004365E74C46B1
:102690004D4668E7000008400000F7FF00E100E059
:1026A00000500840D4460020CC460020004008409E
:1026B00000400844090B0B89001008400010084432
:1026C0000010084640F6660203210020FCF748FF90
:1026D000844A136ED2F8800003F007030633012109
:1026E00001FA03F3C0F30C001B1A9BB2072B13D99A
:1026F0007D4BD3F8883058020ED47C48136B126D92
:10270000C06C58B103F0070306339940C2F30C03C1
:10271000C91A89B2072901D844F40074744B1B7894
:10272000002B31D06F4BD3F8E03013F4A02F2BD116
:10273000704B714A1B7893B9F90410D4137873B1B4
:10274000E3086E4943EA457383F00103D1F8E01EC4
:1027500003F001035B0021FA03F39B0714D104206B
:10276000FDF70EFE664B6749D966FFF7CFF9624A5F
:1027700013782BB9644B654A1B682340134201D17F
:1027800044F4804427F48057BAF1000F1DD01AF4A6
:10279000805F18BF44F480241AF4807F18BF44F48B
:1027A00000241AF4005F18BF44F010041AF4007FEC
:1027B00018BF44F020041AF4806F18BF44F040049E
:1027C0001AF4006F18BF44F08004B8F1000F48D02D
:1027D00018F4802F18BF45F4007518F4803F18BF17
:1027E00044F4805418F4801F18BF44F4003418F4E3
:1027F000800F18BF44F0020418F4003F09D03A4B90
:10280000D3F88830580059D5414B1B68984704438A
:102810000D4318F4000F18BF45F0100518F4002FF1
:102820001AD0364BD3F8B03E13F0C00F14D02E4B55
:102830005A68C2F30362032A01D0072A07D1D3F8EA
:102840008C20D10603D4D3F89020120739D54FF449
:102850000022DA6128F4002818F4001F18BF44F49D
:102860008004002F00F01381380540F18680294A4A
:10287000DFF88CA0D378002B52D0013B4FF40061DD
:10288000DBB2CAF86410D37033B9234B1B78DBB1C9
:10289000224B40F60142DA66002300226BE044F44A
:1028A000803415E744F4006412E744F480640FE7D1
:1028B00044F480740CE744F0080409E744F48014FD
:1028C000A7E744F40014C7E7DAF8703013F4A05F08
:1028D00015BF4FF4807340F60143CAF85030CAF870
:1028E0007030D9E700100840004008400000084060
:1028F000AE550020AD550020AF550020001000213E
:10290000005008400000010120280020088D01002F
:10291000242200209F550020B15500200050084679
:102920000320FDF72DFDDAF80C30AD48AD4913F06A
:10293000060F02BFAC4B41F61F72DA664FF400631C
:10294000CAF86430DAF80C3013F0060308BFCAF88E
:102950007030C38A13F4006261D023F40063C38231
:102960000B7803F0FF0A002B5DD1FDF7C7FEFFF7E0
:10297000D9FB534620221C431543B9010BD52E2009
:10298000FEF7B4F8984A4FF00073936602F17C4268
:1029900045F008055366FA0608D52B20FEF7A6F881
:1029A000914A1023936602F17C42536617F4E00FBC
:1029B00005D1FB045FD5BBF1000F00F0B780B80272
:1029C00010D52920FEF792F8FFF7E0FA40B18749C9
:1029D000874A884B53668B6687494968490425D4E2
:1029E00045F0040517F4800BDFF804A22AD0042078
:1029F000FDF7C6FC2720FEF779F8FFF793FB4FF4AD
:102A00008003CAF864307D4BD3F8E02E520600F103
:102A100086807B4B02221A6045F0020528E00B7885
:102A20004FF40053A7E74FF4004336E76E492020E8
:102A30008B665366FEF75AF82D2045F00C05FEF71D
:102A400055F8CFE7F80255D50420FDF799FC28206A
:102A5000FEF74CF8DAF87030002B48D1FFF762FB34
:102A6000614A644B936602F17C4245F0010553666E
:102A70005F4B00221A657A0509D5624A9378002BCC
:102A800000F0A280013B9370002349EA03095B4BED
:102A9000D3F8B03E1B0603D52046294601F00CFDB5
:102AA0004A4620462946FFF7A7F80EB102F000F883
:102AB00018F4002F00F08D804F4B4FF40022DA61A4
:102AC00018F0206F00F0898018F0007F01D0FDF72A
:102AD00061F918F0006F01D0FDF778F900220020AD
:102AE0004FF4006105B0BDE8F04FFFF785B8CAF8B4
:102AF00070B0B5E7F904BBD50420FDF741FC424BAB
:102B0000CAF86C30FDF7FAFDDAF85C3013F4A00F68
:102B1000AED12A20FDF7EAFFFFF704FB73E7D3F8F5
:102B2000B03E98063FF578AF384B73E7354A1379D6
:102B30004BB1013BDBB2137113B92C4B344ADA664B
:102B400000231C4397E70420FDF71AFC0320FDF740
:102B500017FC274B2C4ADA6616F0C5FF82460DF1AA
:102B60000F00FEF78DFA2B4B1B7883460BB1FEF757
:102B7000B9FFBBF1030F0ED1DFF87CB00020FEF7E8
:102B80007FFA032807D1DBF88C30D903F6D4DBF8C1
:102B900074300C2BF2D99DF80F30032B06D11E4B4D
:102BA000012250461A7016F0A2FFC9E71B4BD3F85A
:102BB000E03013F4A02FF2D1FEF7A8FF504616F034
:102BC00096FF4FF48043BCE70220FDF7D9FB0123B9
:102BD0005BE7B8F1000F7FF473AF05B0BDE8F08F8D
:102BE000D4460020B155002000500844005008464B
:102BF0000050084010000002004008400010002172
:102C0000004008449F550020000001010040084694
:102C10000000010DB0550020AD5500200010084007
:102C2000034A0123136202F17C42D361704700BF63
:102C3000004008440B4B10B55C691A6A1440A2B2FC
:102C4000DA61E20704D55868C0F30360FFF7E8FFD4
:102C5000630706D5BDE81040042200200021FEF7DE
:102C6000CBBF10BD004008400C4A08B5136BD16BB8
:102C70000B409363DB070FD5094B187840F6AC2265
:102C8000122100F00100FCF76BFCBDE808400022B7
:102C900001200021FEF7B0BF08BD00BF0070084052
:102CA00020280020044BDA6FD207FCD41A6FD96FAA
:102CB0000A409A67704700BF0030084070B50D4663
:102CC000144616F010FF064BD3F8B06E74402C403B
:102CD0007440C3F8B04E16F00AFF05EA060070BD56
:102CE00000100021034BD3F8B03E99430CBF0120E4
:102CF00000207047001000212DE9F04117460A43DB
:102D0000012A9DF818409DF81C60DDF820801D46C2
:102D100029D8B44227D2082E25D8032B23D8B8F1BE
:102D2000000F20D00A46002101F082F8EB00FF21BD
:102D30009940DFF838C0C94308F1FF38FF00E2B21C
:102D4000964202D80020BDE8F0813D190CEB8505C4
:102D500018F8010FD5F8E82098400A401043C5F84C
:102D6000E8000134EBE70120EDE700BF001E002181
:102D700009490A4AD1F8EC0010B504230124C2F82D
:102D8000EC308C624FF400515162410744BF02F1B4
:102D90000072C2F8EC3010BD00100840001008446A
:102DA0002DE9F7438E780F2E80460C4603D901207B
:102DB00003B0BDE8F08326B901232E4A002013702A
:102DC000F6E70D7891F80190002D3BD1B9F1000F95
:102DD000EDD194F90310E088FDF78CFD0128E6D0D1
:102DE00055EA0903A088244F32D1FDF7A5FC2349F9
:102DF0008A6D4FF6040583B292B24FF60500AA42DF
:102E000008BF02463A800825802201278F658A671D
:102E10002A461A4903B1013B013ECB62F6B20023B8
:102E2000019300960123294608F1A400FDF7C4FC94
:102E30001FB1134B4FF48012DA64124BA2681A6070
:102E40000223BAE7082DB2D8B9F1080FAFD8C0E70E
:102E5000FDF772FC3A884FF604039A421EBF0749F9
:102E60008A653B80A9454A4683B238BF2A46002777
:102E7000CFE700BFB25500200625002000500840D3
:102E800000500846F04600200C4BD0F8C42010B586
:102E9000C3F8B420027C0446120202F400624FF42C
:102EA0000061FFF70BFF237C13F0080F14BF044AE7
:102EB000044A4FF40073C2F8883010BD001E002190
:102EC000004008460040084437B5204D0C4641B943
:102ED0000A460721FFF7F2FE1D4BEC625C6003B06F
:102EE00030BD07221146FFF7E9FE1A4B07225A6050
:102EF000237985F82C3063790193012101A81BF017
:102F00001CFD019BC2B2D34000F00F0040EA031049
:102F100085F82D00A27985F82E20E27985F82F20FA
:102F20002068286383B1028801218B4205D8237968
:102F3000013B1344084A9361D1E730F81150AA428B
:102F400028BF2A460131F0E71A46F0E7001F0021AA
:102F50002C1F00210000084400000840431C07D03B
:102F6000044B6FF0FF029A6103F100731040986107
:102F7000704700BF0070084400F01803182B0AD0F7
:102F800003070AD410F0100040F2011318BF1846CE
:102F9000034B986470470020FAE70120F8E700BF70
:102FA000001F0021344B2DE9F7431E6801F400791E
:102FB00000F00103174653EA090205460C462ED0DD
:102FC0004FF0000803B30023002201200021CDE9C7
:102FD0000088FEF729FE41463046FDF7BFFF414617
:102FE00070830120FCF728F9716B06F1A400FEF74D
:102FF0005BF822490868FFF7B1FF4FF0FF330B6021
:10300000337C43F004033374B9F1000F07D001217E
:1030100030461AF0EAFF24F4007405430C43D6E965
:103020003E232A40234052EA030103D0144930468C
:1030300009688847FB070FD51249134A08681368C7
:1030400000211160114A0121117003B19847104B02
:1030500000215B680220984717F00E0F08D040F25D
:10306000F3123B21002003B0BDE8F043FCF778BA2F
:1030700003B0BDE8F08300BF184700201C220020E9
:10308000202200200047002004470020B5550020E2
:10309000FC210020044B1868830654BFC0F30F20A6
:1030A0004FF6FF70704700BFCC460020F7B50446CE
:1030B000D4E93EC71046DDE908268CEA020587EA16
:1030C00006010540194085EA0C057940C4E93E51E6
:1030D00023F4004106EA010320F00100002543F437
:1030E0000073024043F00203CDE90055FEF79CFD5A
:1030F000237C9A0717D5D4F8FC309B0513D54FF4E1
:10310000881120461AF071FF237C65F34103237474
:10311000D4E93E2302400B4052EA030103D00349A5
:10312000204609688847002003B0F0BD2022002017
:1031300038B10368044A002B08BF1346034A1360E2
:103140007047014BFAE700BF69E20200202200202D
:10315000024B586B00F00F00704700BF001F0021AA
:103160000F2938B505460C460ED801F025F901287F
:103170000CD1074A536B23F00F03234353632846B4
:103180001BF08AFA002038BD0120FCE70220FAE794
:10319000001F0021014B986B704700BF001F0021EA
:1031A000014B002099637047001F002103282DE97F
:1031B000F7434CD8274B13F80080274B1E5C274B56
:1031C00013F8009016F08FFC0746FEF7E7FE054661
:1031D00040B10023CDE9003300220023012000216B
:1031E000FEF722FDFEF7E2FE48B10023CDE90033F1
:1031F0000022002300204FF40041FEF715FD26B306
:10320000174B5C6C04F00804164B31465C64404676
:10321000FEF7D4FF4A4631464046FFF737F8124BD7
:103220005C6465B1114B1868416BA430FDF73CFF3D
:103230000F490868FFF792FE4FF0FF330B603846E6
:1032400003B0BDE8F04316F052BC3446DCE703B0EF
:10325000BDE8F083D0960300CC960300C896030027
:1032600000000840000008440000084618470020FD
:103270001C220020104AD2F8883013F0A00F16D17B
:10328000D2F88C0010F0040013D10C4BD3F8E03EC0
:1032900023F07F4323F0FF035BB15368C3F3036262
:1032A000092A07D0B2F10C0018BF01207047002096
:1032B00070470120704700BF004008400010002107
:1032C00070B50D46064620B9194B1B68A3B1032003
:1032D00011E001F071F8012828D1164B93F9004054
:1032E000C4F11C04641BC4F11C03002BB8BF5B4277
:1032F000232B0CDD012070BD81EAE173A3EBE173A8
:10330000DBB2232BF6D80B4B19700020F3E7B57412
:1033100016F0E9FB084A5369E40223F4FF2304F49E
:10332000FF241C43546116F0E2FBEEE70220E2E7C3
:1033300018470020B35500200070084018B9034B0F
:1033400093F90000704790F912007047B3550020C0
:1033500010B504461BF05CF910B1012001F0A4F88F
:103360002046FFF791FD16F0BEFB074AD2F8B03EAB
:1033700023F02003C2F8B03E16F0B9FB034B022243
:103380001A60002010BD00BF001000210040084658
:1033900090F8C23053B9074BDA69920208D49B6F98
:1033A00013F4706F14BF0120002070470020704795
:1033B0000120704700600840F8B5436B02EA010540
:1033C00023EA01032B434363344A01F00B030C4609
:1033D00023EA0501516402F100722B4061070646A1
:1033E000536411D50121FFF7D3FF68B1FEF77CFECE
:1033F00015F0040F14BF2A4A2A4A4FF40073D36110
:10340000294B0422C3F88820E20606D515F0100FD8
:10341000264B14BF00221B22DA6423061DD52F067B
:1034200016D51F4B4FF400129A6103F17E4301221F
:10343000C3F8F82016F057FB0E2107460320FDF7CE
:103440000BFD1A4B40F201225A62384616F04FFB30
:10345000294606F1A400FDF727FEE00503D5E9059E
:1034600016D5FDF7C3FCA20503D5AB0513D5FDF7B3
:10347000CDFC14F0600F09D0D6F8941030461AF045
:10348000F4FE0B4B58640B4B80229A600020F8BD71
:10349000FDF7A4FCE7E7FDF7B1FCEAE7000008440C
:1034A00000600846006008440040084400000840EE
:1034B000001F002100400840014B1868704700BF02
:1034C000FC46002037B5012300240022CDE900345A
:1034D000002310461946FEF7A7FB0220FCF750FF19
:1034E000054D064B21461C6002206B6898472B68EF
:1034F00003B0BDE830401847FC21002004470020FD
:103500002DE9FF41022903900C461546984605D146
:10351000FFF7D8FF002004B0BDE8F081194E16F087
:10352000E2FA336807463BB1AB4205D016F0DFFA4A
:10353000002333600120EEE7134B3560C3F80080B1
:1035400001230022CDE90033002310461946FEF77F
:103550006BFB0E4B002502201D70FCF711FF22466D
:103560002B4603A90220FCF729FF094B039A1A6096
:10357000084B1B6804469847384616F0B8FA002CEA
:10358000C8D1D5E70447002000470020B5550020EA
:10359000FC460020FC210020044BDB6D5B055ABF7C
:1035A000034B1878012000F00100704700500840DC
:1035B000B5550020014B9869FDF7A6BC0060084096
:1035C000014B98691AF0FCBD00600840437C5A1F0B
:1035D000012A01D9082B05D14B7C8BB1012B11D0CD
:1035E000022B11D0D0F800311B0607D5836B03F0F6
:1035F000FD030D2B02D18B8A1A2B07D81AF0AEBE11
:1036000003487047034870470348704703487047B2
:1036100020A1070048E8010040420F0080841E00FE
:1036200070B50E4616F05FFA054600F0E9FE044656
:1036300020B1284616F05BFA204670BDFEF754FD17
:10364000114B3278D3F8E03E022A23F0F00316D073
:10365000101F42424241520043EA02137278022A8A
:103660000FD0111F4A424A41520043EA8213064AD0
:10367000C2F8E03E054B0422C3F88820D9E70122B6
:10368000EAE70122F1E700BF0010002100400844F2
:1036900070B50E4616F027FA054600F0C9FE04463E
:1036A00020B1284616F023FA204670BDFEF71CFD17
:1036B000104B3278D3F8E03E022A23F00F0315D0E6
:1036C000101F42424241520013437278022A0FD027
:1036D000111F4A424A41520043EA8203054AC2F896
:1036E000E03E054B0422C3F88820DAE70122EBE72D
:1036F0000122F1E70010002100400844F8B50E78DF
:1037000090F8D070044630460D46FCF791F9002839
:1037100044D094F8D030B34208D1AA88636C9A425E
:1037200004D16A88B4F8D2309A4235D084F8D06097
:10373000AB88A4F8D4306B88A4F8D230AB8863642B
:10374000FF23637530461AF0DFFC04F1D0052075C5
:103750002846FCF779FC10BB2846FCF75FF9F0B966
:10376000D4F8903053B194F8D010B94206D0B3F9E0
:1037700012202046EFF786FC84F8D9002046FCF79B
:103780003DFB0949A4F8D400084AD1F8F8100123F8
:1037900004F1A400FDF740FF0020F8BD01200E2336
:1037A00084F8D030F9E700BF001F0021681F002116
:1037B00070B5054690F8D0000E280C461DD0FF29A4
:1037C0001DD01AB10F4B4FF0FF321A601AF09CFC5B
:1037D000064695F8D000FCF7D5F9844228BF044688
:1037E000E4B2B44238BF3446E0B26875FCF766FA1A
:1037F000A0F1FF035842584170BD0220FCE70120B0
:10380000FAE700BF04220020C36B012B01D1002086
:10381000704770B5364BD0F89060D3F8F830C0F8E8
:10382000943086B03146058B04461AF0EEFCB3891D
:103830008DF80600D6E90121EB1A9BB201FB0322A9
:1038400068460021ADF804300092FDF7AFFD38B9AD
:10385000284B228BDA63FCF7C5FB20B106B070BDA4
:10386000022006B070BD227C60F3410222741AF07F
:10387000A5FCD4F890305969431EDBB20968029167
:10388000FD2B02460BD9CD1C09D91B4B01311B68FE
:103890000CD0D81C07D802A92046029301E002A947
:1038A00020461AF006FC002006B070BDD91C04D8D2
:1038B00002A9204602931AF0FCFBD4F8FC309B05C9
:1038C00004D4237C43F002032374ECE74FF48031EB
:1038D00020461AF08AFBD4E93E2302400B4052EA0C
:1038E0000301E0D00549204609688847DBE700BFAF
:1038F000001F0021003008400C2200202022002060
:1039000038B505460C4641B11AF082FE28B14FF495
:1039100000312846FFF7E6F904342046FCF70CFF97
:10392000024B4042C3F8D00E002038BD00100021E9
:1039300070B54C30814214BF0C460024164616F078
:10394000D2F80D494A684FF49C53C2F30362D34046
:10395000DA07054603D5D1F888309B030AD4204600
:103960000122314600F062FF0446284616F0BFF8F7
:10397000204670BD0324F8E7004008402DE9F74FCA
:1039800006461546084619B9012003B0BDE8F08F78
:10399000002AF9D0032904D8002101F0ABF800284F
:1039A000F2D082780488037990F805B0C788B0F91E
:1039B0000000002802F00701C0F2D280A1F1070C3C
:1039C000DCF1000040EB0C00052928738CBFC2F32A
:1039D00000100020C2F3801C6873900985F810C0A5
:1039E00000F00200C2F3C00C40EA0C00C2F3401227
:1039F0006874AA74AF820BB996F8CA30013BDBB287
:103A0000EB74736BD80600F197800639012900F238
:103A10009380544BDB6C544B5A6B1B6B03F00703C6
:103A200006334FF0010909FA03F909F1FF39083C9F
:103A300042F0005804EA0904002318F804A0AB601F
:103A4000013404EA0904631D03EA09035A1C02EA6B
:103A5000090218F8037018F80220BAF1800F47EA3B
:103A60000227727C18BFAAF1320A3BB214BF4FFA88
:103A70008AFA6FF07F0AC7F30B079AB30020D6F8D3
:103A80009C300BB151469847631C03EA0903E87365
:103A900085F80EA018F80310013303EA090318F89B
:103AA0000320013303EA090341EA022118F8032045
:103AB000013303EA090341EA024118F803006A7C72
:103AC000002341EA00613046FDF7A4FE2860737CC4
:103AD000042B03D1042FDCBF033028600423AB7117
:103AE000002052E7D90423D5D6F894309BB11A6848
:103AF000022A10D993F82400FB0008B1B3FBF0F3BD
:103B00009B45BBD8002BB9D0CBEB0B20B0FBF3F01F
:103B1000C043C0B2B3E729463046FFF757FD0190D6
:103B200030461AF00BFC019BB3FBF0F0C0B2E3E7A8
:103B300018F804004000ECE70023EB730B4BDA6845
:103B4000C2F30723120448BF63F0FF035AB212F115
:103B5000800F1CBF323B5AB20023AA732B60BEE712
:103B6000022012E7000008400010084000700840E2
:103B700070B50A4B0A4DD3F8EC604FF48064C5F879
:103B8000EC400020FEF75EFB4FF400536B657305BD
:103B900044BF044BC3F8EC4070BD00BF00100840A8
:103BA000001008440010084611F5004F1FBF01F334
:103BB0000E01044BC1F30E01002014BF1964012053
:103BC000704700BF00300840F8B504460E4611B9F2
:103BD000037C5A065FD4464BA18BD3F88420D4F8DB
:103BE000947012F4E05F04BF2022C3F810224FF655
:103BF000FF73994260D03F4B1B68002B5CD03E4D59
:103C000020469847D4F894102A688A4207D0204664
:103C10001AF02BFB394B5864394B8020986097423F
:103C20004FD0384B1B684BB11FB13A68002A58D0AF
:103C3000BF68394620469847D4F8941008461AF0D1
:103C40002CFB002849D03049FDF748FC07272046C7
:103C5000FCF7D4F8002E36D02C4B94F9122093F9AF
:103C600000302B49D4F89400C3F11C039B1A4A6915
:103C7000DB0222F4FF2203F4FF231343254A4B61A6
:103C8000254B286006211167204601221A701AF080
:103C900003FD0020F8BD61F38613154A0374D2F8C2
:103CA0008430D0F894704FF6FF7113F4E05F818395
:103CB00002D12023C2F810320F4D2A68BA42394689
:103CC000A5D10127C3E70D4B0F4AD3F8F81004F133
:103CD000A4003B46FDF7A0FCBEE720461AF0AAF878
:103CE000B1E71746394620469847D4F89410A5E71F
:103CF00000600840F8460020EC460020001F00212C
:103D000000400840F4460020681F0021B355002001
:103D10000070084000000844B455002002484822C2
:103D200000211DF0F5BB00BFE41E0021002373B588
:103D300083746423C0E92C33C0E92E334FF0FF3580
:103D4000C0F8AC30A0F8C0300E264FF6FF73C0E9C3
:103D5000075580F8D060456485828375044611203C
:103D6000EDF7A0FF042834D11B4B5B6813F4403FF0
:103D70002FD12046FEF722F92046FFF7CFFF94F916
:103D800012102046FFF79CFA144A6023536402F590
:103D9000805240F6FF7151625165114A5364114BD4
:103DA0004022C3F88820626B29462046FFF704FBB7
:103DB000002240F2022310461946CDE90066FDF7C5
:103DC00033FFFBF7C9FE204602B0BDE8704000F0AB
:103DD0006FBC022002B070BD00300E4000000840F1
:103DE000000008460040084410B50C46FFF796FF57
:103DF000BCB1A378082B16D8E278082A13D843EA76
:103E0000021313F0FF03094A14BF61681946C2F890
:103E1000E410217882F82811617882F8291182F85B
:103E20002B31002010BD0120FCE700BF001E002147
:103E3000012A10B512D8032B10D803EB8202084CCC
:103E40000123934094F82A01DBB221B1034384F8A3
:103E50002A31002010BD20EA0303F8E70120F9E72A
:103E6000001E002170B50C68B0F8D4208D680346A0
:103E7000013404BFD3F8AC400C604C68013404BF7B
:103E8000D3F8B8404C606E1C00F1A40038D1D3F8D0
:103E9000B440CE688C60751C38D1D3F8B0500E6930
:103EA000CD60013604BFD3F8A4600E614E690136BF
:103EB00004BFD3F8A8604E618E69013604BFD3F801
:103EC000BC608E618E693EB34132B24238BF324629
:103ED0000E688A61C3F8B4404C68C3E92E420A698F
:103EE000C3F8A4204A690D49C3F8A820C3E92B658B
:103EF0000B4AD1F8F8100723FDF78EFB002070BDA8
:103F000002F14104AC4238BF2C46C2E702F164051D
:103F1000B54238BF3546C2E76422D9E7001F002109
:103F2000681F002170B515F0DEFD0C4E054600F04F
:103F300043FA012804D0284615F0D9FD022070BDAF
:103F4000736813F0706FC3F30364F0D1F36BDB0697
:103F5000EDD5284615F0CBFD2046F0E7004008409F
:103F600038B515F0C0FD0B4A13884FF6FF718B4230
:103F700003D115F0BCFD032038BD074C074DE565A6
:103F800004F100741B04E365118015F0B0FD0020FE
:103F9000F2E700BF08250020006008440000FFFF92
:103FA0002DE9F34105460F461646FFF763F9A0B128
:103FB000DFF85482D8F80C30DB0704D40324204601
:103FC00002B0BDE8F08115F08EFD04460320FCF739
:103FD00001FB20B1204615F08AFD0224EFE7D8F856
:103FE0000C3013F0060FF5D1204615F080FD7A4B0A
:103FF0004FF400612846D3F8E08ED3F8B84EFEF7B0
:1040000071FE40B1754B4FF400720121C3F8882056
:104010000846FBF711F939462846FBF75FFA6E4B65
:10402000C3F8B84EC3F8E08E04460028C7D12B7CF5
:10403000DF0601D4002E58D0C6F34000FEF71AF870
:1040400016F4807F14BF664A644A4FF002031BBF18
:10405000C2F88830634AC2F8883000211CBFD160A2
:104060009362FEF741F816F0040F14BF5E4A5F4AF0
:104070004FF48063D361594B042216F0400FC3F80C
:10408000882014BF5A4A5B4A40233046C2F8803029
:10409000FEF772FF28461AF0D6F940B116F0010F6C
:1040A00014BF4F4A4D4A4FF48073C2F88830B006AF
:1040B00042D56B8C4FF6FF7293420FD04E4A4F4958
:1040C000D26D100CC2F30112088001324749B3FBD4
:1040D000F2F3454A4A48C8651B04D3652B7C003E71
:1040E00018BF012666F304132B7428461AF090FAC1
:1040F000C0B328461AF0A7F9D0B14FF400312846D2
:10410000FEF7F0FD431C9BB20322364801A91AF0CA
:10411000D0FB9DF8042002F00703052B9DF8053025
:1041200013D111070BD443F48073364AC2F8C03060
:10413000002019F0D5FF42E7FFF712FFCEE713F09A
:10414000040F09D19DF80630EDE703F03002202A74
:1041500005D113F0010FF4E74FF48073E5E79DF804
:104160000630E2E728461AF0BDFA0028E0D02846DB
:104170001AF069F90028DBD0EB7CA3F10C02012ACC
:1041800016D82B8B032B19D01E4B93F8C93003F094
:104190000703072B16D0134806211AF093FB421C85
:1041A0003FF40CAF00F00F00164B83F8C800BFE7D8
:1041B0000F2BE6D0102BE4D00E2B01D1092102E009
:1041C000112BE0E7082107481AF07CFB431C3FF461
:1041D000F5AEC0B2E8E700BF00100021004008447F
:1041E000004008460010084000600846006008448F
:1041F0000070084600700844006008400825002050
:104200000000FFFF001E0021005008402DE9F3418F
:104210000646884615461F4615F065FC04460320F1
:10422000FCF7D8F938B1204615F061FC032420468C
:1042300002B0BDE8F0810420FCF7CCF90028F2D1EF
:10424000204615F054FC2A4641463046FFF7A8FEAA
:1042500004460028EBD1DFF8BC80002F38D088F866
:10426000000039463046FEF79BFD002845D198F8FE
:104270000030012B29D0224B2022C3F88820214B6B
:104280005B6CB3F5817F2BD2012019F08CFF15F008
:104290002AFC1D4B1B68019306464BB10420FCF71A
:1042A0006FF80023012201A90420FCF787F800B36E
:1042B000FCF7D8F92B0617D5144B00221A67FCF728
:1042C00011FA304615F013FCB1E7FDF7C5FEAEE775
:1042D00098F80030012BF8D0002BCCD10124A6E7B0
:1042E0000B4B80229A60CFE7FCF7FCF9FDF79EFEAE
:1042F000E7E7FDF717FF0124E3E7044697E700BF70
:1043000000400846001F0021F046002000500840F1
:1043100000400840B255002008B50B4BD3F8B4302C
:104320005A1C0FD05B000DD40320FEF73FFF074B54
:104330004FF08062C3F89420054A4FF40071516237
:104340000122DA6008BD00BF0081E00F004008468E
:1043500000000840054BD3F8880003F180634FF458
:104360000022C3F88820C0F3C040704700400840D6
:10437000014B024A1A607047F4460020C92E010022
:10438000024BD86800F00100704700BF00500840A1
:10439000084BDA68D10707D508B9FBF7CBBFDB6854
:1043A000DA0706D4FBF7B8BFDB68DB0701D40028C7
:1043B000F8D17047005008400F4B5B68C3F30363AC
:1043C000013B0B2B0FD8DFE803F006060C060606B0
:1043D00006080A08080802207047042070470520D4
:1043E000704703207047054BDB6813F0060F0CBFC6
:1043F00001200420704700BF0040084000500840E2
:104400000A4A5368C3F303630B2B08D06FF4905030
:10441000184100F0010080F0010040007047D2F820
:10442000880010F48030ECD1704700BF0040084095
:104430000C4A5368C3F30363062B07D8042BD8B286
:104440000CD8C31E5842584140007047072B07D173
:10445000D2F8440110F00050EBD1704702207047B1
:1044600000207047004008400A4A5368C3F30363C2
:10447000032B01D0072B0AD1D2F88C30DB0606D4EF
:10448000D2F8900080F00800C0F3C0007047002010
:10449000704700BF00400840024B002219681AF024
:1044A00096B800BF80B50300024B1B6803B11847E4
:1044B000704700BF10470020024B1B6803B118472C
:1044C000704700BF0C47002010B5FF224FF6FF7168
:1044D00004461AF0A0F868B9FF224FF6FF71204693
:1044E0001AF0AAF830B920460349BDE81040FF226F
:1044F0001AF0B4B810BD00BFD496030010B55B0726
:1045000043EA02439DF80820520543EAC16302F0E2
:10451000BC621A43064942F4C8720446FEF7CEFB59
:10452000002211462046FFF703FA002010BD00BF0D
:104530009007E12D08B5FFF797FFA8B10B4B5A691B
:10454000110311D5D3F8882092030DD4D3F89030FD
:1045500013F0100F4FF0100304D1054AC2F8903049
:10456000002008BD034AF9E70220FAE700400840AE
:10457000004008460040084438B5044608B3134AD2
:1045800053691B031FD5D2F88C50114BC5F381150D
:10459000032DB3F8BC300ED1083B9BB208220D4866
:1045A00021461AF086F9094B2572D3F890301B0A80
:1045B0006372002038BD022D05D1023B9BB22A4612
:1045C000EDE70120F6E70220F4E700BF00400840D5
:1045D000001E002130100840034B1868034B0028D0
:1045E00008BF1846704700BF1447002058B50300A5
:1045F000F8B50D4610B900242046F8BD0E4F3E68B0
:10460000002EF8D1FAF7B4FD04460028F3D0386044
:10461000FAF7FAFD204619F0FDFB38B130463E604E
:10462000FAF7F2FD204619F0EAFBE4E7002DE3D0AB
:104630002046A847E0E700BF18470020024B186853
:10464000003818BF0120704718470020024B002196
:104650005B680846184700BFFC21002010B519F020
:104660008AFF044618B9034B01215B68984720462E
:1046700010BD00BFFC21002010B5FFF7C7FD0446A8
:1046800018B9034B01215B689847204610BD00BF55
:10469000FC21002010B519F04FFC044620B9034B53
:1046A00001215B6808469847204610BDFC21002088
:1046B00007B54FF400730A49ADF806300DF1060254
:1046C0001AF08CF8BDF80630B3F5007F05D102284A
:1046D00008BF002003B05DF804FB0120FAE700BF2B
:1046E0001C4700200D4BD3F8E020D20314D50C4911
:1046F0004FF48032C3F8E820C1F8EC209A6BD1B2B5
:10470000C2F3072299679A6704229A6700229A6780
:104710009A679A679A679A67704700BF00100840C7
:1047200000100846F8B50C4C0D461746064615F025
:10473000DAF90123A362042327606660A560C4F848
:10474000E830064B4FF48072C3F8802115F0CFF9A2
:104750000DB10223A362F8BD0010084000E100E0A3
:10476000054B1860054B01229A6540F6FF721963EC
:1047700058635A65704700BF204900200010084068
:104780002DE9F04F042A83B0054639D90B788361AF
:104790004B7883618B788361CB7883610068D5F82F
:1047A00008B06E6800F007000123063003FA00F835
:1047B00008F1FF3909EA0B07A2F1040AA8EB070286
:1047C000924501F1040446F000560DD8F019214637
:1047D00052461CF0C3FE0AEB0B0248EA09031A40DA
:1047E000AA6003B0BDE8F08F2146F01901921CF0D9
:1047F000B5FE019AA118AAEB080230463A44E8E750
:10480000013A032AEDD8DFE802F00B08050211F89F
:10481000013B836111F8013BAB6111F8013BAB61D6
:104820000B78AB6103B0BDE8F08F00BF38B50C4624
:10483000104B1546014668B10122C3F8B8200E4856
:104840002246FFF79DFF1DB10A4B0422C3F8B82092
:10485000002038BD64B1D3F89C20A24284BF01225D
:10486000C3F8B820C3F898400222C3F8B820EAE79A
:104870000122FAE7001008409010084010B515F02A
:1048800032F9184B184901229A65C3F888201A6634
:10489000164A5A660722C3F884200A801449002267
:1048A0000A804FF4A021C3F8E81003F1C063044666
:1048B000C3F8EC100F4B1A600F4BD3F888305B0233
:1048C0000AD50E4B18680E4B4FF48002C3F88820AF
:1048D000416BA430FCF7E8FB2046BDE8104015F022
:1048E00006B900BF001008401452002028280020FC
:1048F000125200201C4900200040084018470020A8
:10490000004008440D4B07221A800D4B00221A80EC
:104910000C4B0121C3F8B810C3F890204FF400529B
:10492000C3F89400C3F8B420074BF0221A6403F1D3
:104930000073A0221A64FFF7A1BF00BF1452002029
:104940001252002000100840000008442DE9F041F8
:10495000044688B1394E3A4F15F0C5F83388394AC4
:1049600003F07801032C054603F07F0C114453D16A
:104970003C6824B915F0BBF80320BDE8F08124F0B1
:104980000104386820F00100A0424AD100223A60B8
:1049900022886FEA42426FEA52428C42228036D12C
:1049A000294CDFF8B8C02788ACF180083A46083AAD
:1049B00092B201F10800604528BF4046082A04D998
:1049C000B0F900E0BEF1000F36DB22803B440C88DA
:1049D00088781E499B1ADBB2C4F30C04CC6300F048
:1049E00007003380CB66C1F88420FFF77BFE0428E4
:1049F0000DD1174BD3F88830164B1868164B4FF46F
:104A00008002C3F88820416BA430FCF74DFB284698
:104A100015F06DF80020B0E7601E012898BF0C4625
:104A2000AFE7094862440088A21A48BF80320838BC
:104A30009042ADDC28469DE70146B8E712520020BF
:104A40001C49002028280020145200200010084093
:104A5000004008401847002000400844A8280020D3
:104A60000E490F4B0A881B880E481344073B03F07E
:104A7000780303440832987892B20A8000F0070065
:104A800009490428C1F8842004D101F540514A683D
:104A90001203FCD4054A1360704700BF1452002073
:104AA0001252002028280020001008401C49002035
:104AB00010B5054C206828B1C30701D4FFF746FFA5
:104AC0000023236010BD00BF1C490020084B4FF499
:104AD0008032C3F8EC2003F17C43C3F8E420D3F820
:104AE0008030C3F30C03782B01D8FFF7FBBD704770
:104AF000001008442DE9F84304460E4614F0F3FF75
:104B0000504B514D1A882D888146504802F078014B
:104B1000032C02F07F03014417D14D4C24688CB95B
:104B20002A44073A02F0780284180344E31A48BF83
:104B30008033AB4210DB484614F0D9FF00242046F6
:104B4000BDE8F88324F00104EFE7012C02D0022C29
:104B5000EBD1083D0C46E8E7002E41D08C423D49A0
:104B600042D1D1F83C800A6B02F0070206320127DD
:104B70009740D1F88020C2F30C029A4247DDB4F985
:104B800000302588002BD6DBA378C5F30C0503F095
:104B900007037A1EA5EB08053A43052B337005EA97
:104BA00002052CD82DB2E84340F236420421C00F52
:104BB000FAF7D6FC7580E378274A337412687B1EB7
:104BC00003EA0803D118B160A9B213FA85F5BD4212
:104BD00089BFFF1A0023B780F2609CBFB180F360E9
:104BE000484614F084FFAAE7A4F10802824238BFC5
:104BF00004F17802B2F80080C8F30C08B3E7174B51
:104C0000DB6C003B18BF0123A5EBC305CAE78B6B28
:104C10007A1EA3EB08033A431A40114B15B25B68A6
:104C20006AB9C3F30363D91E4B424B41DB003370B7
:104C30000B4B7280D3F89030C3F30723BCE70823F3
:104C4000F5E700BF1252002014520020282800204F
:104C50001C490020001008402049002000000840A6
:104C60000040084010B514F03EFF084B1B68044696
:104C70003BB1984728B1002200204FF48061FCF737
:104C8000BBFF2046BDE8104014F031BF244900208E
:104C90002DE9F74FDFF8ECB08146DBF800A00F46B6
:104CA000FBF7AEFC4FF0FF35CDE9000100202C46AC
:104CB000064606F110031B015BF8033003F00308FE
:104CC000B8F1010F15D13046FBF7B2FC02460B4696
:104CD000DDE90001FBF742FBDBF85C3006F108027E
:104CE000D340DB0737D5002F3ED000253E602C4651
:104CF00040460136052EDCD150B3224F396B0131CD
:104D0000A4FB014164190AF4403341F10001B3F5F9
:104D1000003F4FF000022FD1FB6A0AF4405A0133E2
:104D200042F10006BAF5805F21D1BD6A15F58075A4
:104D300042F100026E4303FB0266A5FB03323244DC
:104D4000594304FB0212A3FB04341444C9E90034A0
:104D500003B0BDE8F08FA84271EB0403C8D207B1DD
:104D60003E6005460C46C3E73D463C46C0E732027E
:104D700042EA13621B02E3E7BB6A13F5807342F158
:104D80000002DDE700500840024B99685A690A406A
:104D90001A6170470040044008B5FFF7F5FF054B66
:104DA0005B7B01330122DBB202FA03F3024A136197
:104DB00008BD00BFD44600200040044038B504467A
:104DC0000D4614F09BFE064A13889BB22DB1234377
:104DD0001380BDE8384014F097BE23EA0403F7E7D8
:104DE00018520020034B002201214FF480701A70EA
:104DF000FFF7E4BFBC55002008B5054B186819F053
:104E000084FC00F00300C31E5842584108BD00BF97
:104E100040490020F0B585B00023CDE9013303936C
:104E2000124B134D134E1B788DF8043014F066FEB0
:104E30002A783378104F9A4204460CD0317838687B
:104E4000297001AAFFF726FC50B10C4840F6F31177
:104E5000EFF7A8FF04E0386819F057FC0128EDD0FF
:104E6000204614F051FE05B0F0BD00BF8B25002098
:104E700088250020892500204049002082B80300B1
:104E800038B5044614F0EDFC0C4B054619789878BB
:104E900081420FD0631E082B0CD8DFE803F0050D0C
:104EA0000B0D0B0D0D0D0D0000220146044B186873
:104EB00019F029FC284638BD0022F7E78B25002091
:104EC00040490020F8B52B4B1B7823B12A4840F607
:104ED000E531EFF767FF14F011FE284B1C8814F042
:104EE0000604064609D001214FF48070FFF766FFE3
:104EF0003046BDE8F84014F007BE21464FF48070FC
:104F0000FFF75CFF204602F033F802280AD1802226
:104F10001B4B8021186819F00DF815F061FDFFF7A3
:104F200079FFE5E7204602F023F8054638B101286D
:104F300007D0114840F62741EFF734FFD8E7024683
:104F4000E6E70F4F3868FFF781FB386819F0DDFBA3
:104F500001280CD038682A46294619F0D8FB21468A
:104F60002C20FFF78DFF21460A20FFF789FF15F05F
:104F700038FDBDE7BC55002082B803001852002060
:104F80004049002038B54FF0FF300C461CF0FCFAC9
:104F90000A4B054618681CF0F7FA641B241A20B265
:104FA00010F1630F06DB10F1240F05DA6430800086
:104FB000C0B238BD0020FCE7FF20FAE740490020DE
:104FC00010B50E4C236823B90D4840F69641EFF713
:104FD000E9FE2068013019F036FD00F007000328D3
:104FE0000AD1246809220121204601F0D5F8205C6D
:104FF000031F5842584110BD0020FCE730490020F3
:1050000082B8030008B5134B1B78062B04D0124856
:1050100040F62701EFF7C6FE104B1B881B0704D490
:105020000D4840F62801EFF7BDFE0D4B2A201978F8
:10503000FFF726FF00210820FFF7C0FE094B0222E0
:105040001A70094B1868FFF701FBBDE8084016F01D
:10505000BAB900BFBC55002082B803001852002026
:10506000B955002086250020404900200148002134
:1050700002F02ABE6C2200207F2837B5044612D1E8
:1050800019494FF6FF730246ADF80630098802232E
:105090000DF1060015F0CCFCBDF80640E20554BF4A
:1050A00064B26FF04A0414F029FD104B1C70104BD1
:1050B0001B88DB07054610D50E4B1B78002B0E4BCB
:1050C0000CBF21466FF07F01186818F054FF20B123
:1050D0000A4840F67F61EFF765FE284603B0BDE859
:1050E000304014F011BD00BFDC64030080250020B7
:1050F00018520020BD5500204049002082B803000E
:1051000008B50A4B1B88DB0604D4094840F64A015F
:10511000EFF748FE00211020FFF750FE002001F0BD
:1051200089FEBDE8084016F04EB900BF18520020B5
:1051300082B80300F7B5124CD4E9006586EA020C88
:1051400085EA03070CEA000C0F405CEA070E15D055
:1051500086EA0C067D40C4E90065CDE900230B46D4
:1051600008490246086818F0E1FE38B106484FF4D5
:10517000FD7103B0BDE8F040EFF714BE03B0F0BD21
:10518000A82800204049002082B8030010B514F080
:1051900032FE60B114F031FE0B4A80B141F20D03D2
:1051A000BDE81040084841F20D01FFF7C3BF074BAF
:1051B0001A789B789A4204D100220023F0E70D234D
:1051C000EEE7034AF9E700BF400D03008B250020FE
:1051D000488D010038B5294B1B889B07044647D5ED
:1051E000274B00221868012119F01BFB012C254BCD
:1051F0002DD1197859B30139C9B2197011B92020CC
:10520000FFF7DCFD00210220FFF7D8FD1E4B1F48F1
:10521000042200211A7002F057FD1D4C2068013055
:1052200019F011FC00F44060B0F5006F23D1246840
:1052300001210422204600F0AFFF204419F003FCB6
:105240000146BDE838400022202017F063BA114D16
:10525000002102201970FFF7B1FD2B78FF2B04D03D
:105260000D484FF4D361EFF79DFD2C7016F0ABF8AD
:10527000012CD2D038BD4FF6FF71E2E71852002062
:1052800040490020BB550020BC5500204C22002086
:10529000304900208725002082B8030038B5124C21
:1052A00023880546580709D5FFF7A6FD01460720C4
:1052B000FFF7E6FD00210420FFF780FD2388990712
:1052C0000AD50A4B19788A1F514251412846FFF7E7
:1052D000D7FD0120FFF77EFF23881B0703D5BDE81C
:1052E0003840FFF78FBE38BD18520020BC55002053
:1052F0002DE9F04F570691B0804614461D4605D55E
:10530000FFF77AFD01460120FFF7BAFDEE0403D551
:1053100000212D20FFF7B4FDA00223D5404619F04F
:1053200059FA0146F0B94020FFF748FD0AA9404666
:1053300018F0B6FEB0B99DF83030022B6DD1BDF833
:1053400028000FF023FEFF2808D1404618F0A6FEE3
:1053500040B901214020FFF731FD03E00FF04EFE80
:105360000028F2D1A10305D5FFF746FD0146032031
:10537000FFF786FDE20104F0807354D5AD4B1B8826
:105380009F072FD5AC4E306818F02BFE50BBAB4BAF
:10539000AB4F18703B78FF2B04D0AA4840F23E6117
:1053A000EFF700FD002102204FF00009FFF706FD96
:1053B00087F80090A44F3B78062B07D101210820E5
:1053C000FFF7FCFC49462820FFF75AFD3B78052BE8
:1053D00006D100212B20FFF753FD3068FFF736F987
:1053E00015F0F1FF260740F1C180934F05AA3868F8
:1053F000032119F0F5F9064620B992484FF4D96116
:10540000EFF7D0FC9DF81430072B49D0FFF7F4FCE0
:1054100001460420FFF734FDA8E0032BA2D10AA81F
:105420001BF09AFA9CE705F0020213430BD0864B5F
:1054300019788E1F714271412620FFF721FD01204E
:10544000FFF7C8FECEE704F080531A4309D07E4B25
:105450001978881F414241412620FFF711FD0220A3
:10546000EEE704F088410B4306D0774B19788A1F8A
:10547000514251412720F0E705F008030B4302D0C9
:105480002320FFF7FDFC6B0703D500212420FFF745
:10549000F7FCEF07A6D500212520FFF7F1FCA1E7D7
:1054A00038680AAA314619F0A3F920B1654840F2DC
:1054B000CF61EFF777FCBDF81610386802310AAA01
:1054C00089B219F097F920B15E4840F2DE61EFF73A
:1054D00069FC002300933868042304AA314619F0BC
:1054E000ADF9042804D0574840F2E461EFF75AFCC4
:1054F000DFF8609199F80030002B40F0AD800DF19D
:10550000110019F0A0FA00F00700022840F0A48072
:10551000FFF772FC01460920FFF7B2FC4A4B1B78EB
:10552000062B23D1494B9DF813201B789A421DD19D
:105530009DF8353023B9434840F2FA61EFF732FC69
:105540000DF1110019F07FFAC0F300163146292041
:10555000FFF796FC00210820FFF730FC3C4B1E7043
:10556000FFF72EFD10B93868FFF770F8E20505D592
:10557000FFF742FC01460420FFF782FC14F4863F4B
:1055800005D0FFF739FC01460220FFF779FCA301A3
:1055900011D5FFF731FC01460820FFF771FC00210F
:1055A0000420FFF70BFC284B1B78012B03D1224B67
:1055B0001868FFF74BF814F0084F09D0FFF71CFCF0
:1055C00001460720FFF75CFC00210420FFF7F6FBF3
:1055D000A70009D5FFF710FC01460620FFF750FC95
:1055E00000210420FFF7EAFBA60705D5114B1B8815
:1055F0001C0701D5FFF706FD680603D500210A2028
:10560000FFF73EFC290602D5012019F0B5F9EA059D
:1056100040F1C180404619F074F8052800F2B180CD
:105620000138042800F2B780DFE800F0B2C2B2B25D
:10563000B20000BF1852002040490020BB55002096
:105640008725002082B80300BC550020B7550020F4
:1056500086250020BF550020BDF816000830012126
:1056600080B202F0C5F9039000283FF4CFAE02F0FB
:10567000F9F80799BDF8182006461BF06FFF089946
:1056800041B1BDF81800BDF81620121A92B230448C
:105690001BF064FF99F800A0BAF1000F20D106F1C9
:1056A000010B584619F0CFF9800659D5386819F022
:1056B00091F80746FFF7A0FB05370146F8B2FFF760
:1056C000DFFB584619F0BFF900F0070003283E4FF2
:1056D0002DD001210420FFF771FB18F0C3FC3860C6
:1056E00000223A49BDF816300978F154F7189DF8B0
:1056F0003630BB709DF83730FB700A9BFB71190E7A
:105700003971190C7971190A99F80030B97123B9F6
:1057100073789AB343F020037370002001F0B8FD52
:105720007870039802F0C0F915F04DFE1EE70121D4
:105730000922304600F030FD305C04284FF00101B2
:10574000C8D1FFF73BFB18F08DFC214B38601B885C
:105750005906C5D551464020FFF730FB0122C0E76E
:10576000FFF74AFB01460920FFF78AFB194B1B781C
:10577000012BB5D13868FEF769FFB1E723F02003AC
:10578000CAE7342804D00FD8142801D0242811D116
:105790002620FFF783FDAB0512D50121802011B033
:1057A000BDE8F04FFFF70ABB00F0EF004428EEE73A
:1057B0002720EEE7084840F6E601EFF7F3FAEAE7BC
:1057C00011B0BDE8F08F00BF2C49002088250020D3
:1057D00018520020BC55002082B80300F8B5164EC0
:1057E00033780D4602F0010423B1144840F2B6317B
:1057F000EFF7D8FA124B134F1D60134DA4B1134BA2
:10580000997801B101212020FFF7D8FA2B783B705D
:105810000F4B1C780F4B10481C7004233370BDE8ED
:10582000F840002102F050BA21462020FFF7C6FAC6
:105830002B783B70EEE700BFBC55002082B8030018
:1058400030490020B95500208A2500203449002025
:10585000BA550020BB5500206C2200202DE9F843EA
:10586000DFF8A481634C14F049F9B8F8003013F460
:10587000807F054603D0237873BBFFF723FB00210D
:105880000846FFF7FDFA5C4B1A78FF2A13D01A7806
:1058900002F0FF0632BBFF221A702378052B0AD1D3
:1058A00000232846237014F02FF9304619F057F8DA
:1058B00014F024F905462378504E062B09D133788D
:1058C000FF2B06D03378022B15D14D48002102F072
:1058D000FBF9FF2333702BE000214FF48070FFF7BA
:1058E0006DFACCE71A78012A4FF0FF021A7014BF44
:1058F00033264C26D4E7337813B13378012B22D1E9
:10590000FFF75EFB96F8009007463D4802F078FAF4
:10591000FF235FFA89F9337077B1B9F1010F44D1F0
:10592000374884F80090642102F0CEF9FFF772FA4C
:10593000284614F0E9F806E02846277014F0E4F849
:10594000384619F00CF8B8F800301B0605D50021D0
:105950008020FFF733FA15F03CFD02F0B7F8294E2E
:10596000308000B32778012F42D101F07BFF05463C
:1059700010B3013019F067F800F44060B0F5006F23
:105980001AD104223946284600F006FC284419F0B2
:105990005AF84FF6FF7398420ED13188002001F07B
:1059A0009BF900233380BDE8F88300232846237049
:1059B00014F0AAF83F20C4E7114802F021FA0021B0
:1059C0000846217001F03AF9012523780BB9FFF759
:1059D00079FA3188002001F07FF900233380002D0F
:1059E000E1D020780028DED1BDE8F84319F08CB969
:1059F0000025EAE7BC5500208725002086250020E9
:105A00006C220020165200201852002008B51346C0
:105A10000A461946064B186818F034FB30B1BDE849
:105A2000084004484FF49C61EFF7BCB908BD00BFC3
:105A30004049002082B8030008B513460A461946BB
:105A4000064B186818F018FB30B1BDE80840044850
:105A500040F2E741EFF7A6B908BD00BF404900207A
:105A600082B80300024B1878B0FA80F04009704702
:105A7000BC550020024B1878431E584258417047CD
:105A8000BC55002008B5064B1B7823B105484FF4E0
:105A9000A261EFF787F9FFF715FA002008BD00BFF4
:105AA000BC55002082B8030008B5064B01EB81010C
:105AB0001868490018F076FA002814BF2120002049
:105AC00008BD00BF4049002008B5044B1868F9F72D
:105AD00031FD0A2390FBF3F040B208BD404900209D
:105AE000014B1878704700BF8925002008B5044B8A
:105AF000186818F0A3F9B0FA80F0400908BD00BF9B
:105B00004049002038B5124D2B78012B0C4604D9A2
:105B1000104840F23151EFF745F921460020FFF7D8
:105B2000E5FF90B10C4B1C702B785BB9FFF7CAF9FD
:105B30000A4B93F900100A4BC901186818F0F8F9DC
:105B4000002038BDFFF766F9F2E72120F9E700BF32
:105B5000BC55002082B8030089250020BE550020D6
:105B60004049002008B5054B0121186818F0EAFDEE
:105B70000028B8BF033040F3870008BD404900202B
:105B800008B5074B186818F053F930B1054BB3FB53
:105B9000F0F083B20BB1184608BD0120FCE700BF4E
:105BA0004049002040420F0008B5074B186818F024
:105BB00043F930B1054BB3FBF0F083B20BB118469B
:105BC00008BD0120FCE700BF4049002040420F0013
:105BD0002DE9F347534F012014F004FF3B88990748
:105BE00004D4514840F63541EFF7DCF8DFF85C812A
:105BF00098F80030053B012B04D94B4840F637415B
:105C0000EFF7D0F8494E336823B9474840F63A4198
:105C1000EFF7C8F83C8814F020045CD00121222062
:105C2000FFF72EF94FF47A74FFF7BEFF33681B7845
:105C30000933434304EBC30498F80030062BA5B2A4
:105C40000BD1FFF79DFF0446FFF7AEFF60235843DB
:105C50000C2303FB0400284485B2D6F80090344B93
:105C600099F800801C78334E08F1FF381FFA88F845
:105C7000002C3FD13B885A0532D57378DFF8C8A095
:105C800026468AF80030CAF8085014F0BAF830B145
:105C900014F0B5F8012814BF102308231E43264D25
:105CA000802349462868424618F096FD234B197810
:105CB000234B19703B889B061FD5CDF800A0214BC4
:105CC00028683246FEF7D8FC10BB002002B0BDE8C1
:105CD000F04714F087BE21462220FFF7D1F8A3E752
:105CE00009F1010018F0AFFE10F020047378C5D060
:105CF0000124C3E773780024C0E7134B28683246B9
:105D0000FEF7ACFC014618B92520FFF7B9F8DCE72F
:105D100021462620FFF7B4F8034840F6DD31EFF7BF
:105D200041F8D2E71852002082B803003049002021
:105D3000BF5500208B2500204049002089250020E8
:105D4000882500203449002030220020BC55002046
:105D500008B5174B1B889B0704D4164840F6AD6165
:105D6000EFF720F8144B1B78053B012B04D91148A1
:105D700040F6AE61EFF716F8104B1B6823B90D48DB
:105D80004FF46B61EFF70EF80D4B0E490022212006
:105D90001A70FFF775F818B9BDE80840FFF718BF8B
:105DA000022803D1BDE80840FFF714BA08BD00BFC0
:105DB0001852002082B80300BC5500203049002052
:105DC000B6550020615F0100F8B5594C23889A0749
:105DD00004D5584840F2DF21EEF7E4FF564802F0C0
:105DE0000FF813F08BFE23885B0705460BD518F0E0
:105DF00039F9524B1B68C01AB0F5717F03D90021E5
:105E00000420FEF7DBFF28464D4D13F07DFE2B7876
:105E1000042B32D113F072FE23885F07064608D5A3
:105E20004548002101F050FF3046BDE8F84013F02E
:105E30006BBE13F069FE13F061FE424B424F1B78BC
:105E4000064613B9238859050FD5052301210220E1
:105E50002B70FEF7B3FFFFF77BFF304613F054FEC5
:105E60003B68DA78394B1A70F8BD3868013018F0A1
:105E7000EAFD8206E9D50623E8E7062B4DD1344B2F
:105E80001B78FF2BF0D1334E13F0BDFF3378002B7E
:105E90003DD013F033FE23885B07054605D5264821
:105EA000002101F011FF2846BFE713F02DFE3378E3
:105EB000013B337013F022FE012104460220FEF75D
:105EC0007DFFFFF745FF20461F4C13F01DFE2068A5
:105ED000013018F0B8FD00F44060B0F5006F13D148
:105EE000246801210422204600F056F9204418F0CD
:105EF000AAFD0146184B1A783378D21AD2B2BDE8FF
:105F0000F840042016F006BC4FF6FF71F2E72B7044
:105F10004020BDE8F84018F022BD012BA4D1002399
:105F20002B700E4B1868FEF791FB3F20F1E700BF86
:105F30001852002082B803006C2200202C49002057
:105F4000BC550020BF55002030490020B755002027
:105F500086250020B95500208A25002040490020D0
:105F600008B50A4B1A7882B9012210281A7004D099
:105F7000074840F6A461EEF715FF00212020FEF748
:105F80001DFFBDE80840FFF723BE08BDB655002041
:105F900082B8030038B510200C460121FEF70EFF31
:105FA000064B1D68FFF7ECFD054B00FB04F10122D9
:105FB000284618F0B0FB002038BD00BF4049002043
:105FC0000151010008B5094B1B88DB0604D40848C1
:105FD00040F2A751EEF7E6FE10200021FEF7EEFE9C
:105FE000044B1868BDE8084018F0A3BB1852002005
:105FF00082B803004049002010B5064C206818F014
:1060000015F8C30704D52068BDE8104018F010B893
:1060100010BD00BF4049002008B5094B0122186897
:10602000114618F074FB00212C20FEF729FF0021F7
:106030000A20FEF725FFBDE8084014F0D2BC00BFDF
:10604000404900200148EEF7ADBE00BF9CB80300F8
:10605000014B4008185C70478225002008B51346A4
:106060000A461946064B186818F012F830B1BDE818
:106070000840044840F6DB41EEF794BE08BD00BF7F
:106080004049002082B8030008B5044B186818F096
:106090003CFB013818BF012008BD00BF404900206B
:1060A000054B10B54C0022460146186817F053FF07
:1060B000031B5842584110BD4049002070B50546A9
:1060C00013F01CFD0E4B0F4E1B883570DA0704468B
:1060D00008D50D4B0D4D1B78012B08D901212868DF
:1060E00018F076FB2046BDE8704013F00DBD1BB1E3
:1060F00013F07FFEC305F1D4317881F00101EEE7A2
:106100001852002081250020BD5500204049002064
:106110000C4B1B88DB0710B5044611D5FFF736F88A
:10612000094B84F001021868D200082117F002FF21
:1061300030B1BDE81040054840F63C71EEF732BE84
:1061400010BD00BF185200204049002082B8030053
:1061500008B5044B0146186817F0A5FF003818BFB2
:10616000012008BD4049002010B50A4C23787BB1BE
:10617000FFF752FF00210420FEF720FE002102203D
:10618000FEF71CFE00232370BDE81040FEF79ABE08
:1061900010BD00BFBC550020032A134601D918F0DA
:1061A000F9BB014AD05C7047A6B8030018B1034B95
:1061B000196000207047024BFAE700BF44490020F5
:1061C000484900202DE9F8431046DFF8248117469E
:1061D00018F039FCD8F8003005462BB9424B1B6843
:1061E00013B90020BDE8F88315F4406905F04006B6
:1061F0000FD136BBB5F5804F52D24FF48074D8F82A
:106200000030002B56D1384B1B68002BE9D0002200
:1062100062E0F81C18F017FC4FF6FF73984214BFA9
:106220000124022486B1052605F44043B3F5004F4E
:1062300044F0080424D0B5F5804F23D244F4807490
:1062400020E04C460326EFE7B5F5804F4FF00506FA
:10625000F4D3B9F5406F14BF02200820304438440D
:1062600018F0F1FB214BB3F85C3005F44045834254
:106270000CBF44F0080444F00404B5F5004F01D10C
:1062800044F08004B9F5006F0ED1B81918F0DBFBAB
:10629000164BB3F85E308342B1D144F01004AEE740
:1062A0004C4603260220D9E7B9F5406F08BF44F0F9
:1062B0002004A4E70022D1B233F8110033F9111001
:1062C0000029A0DBA04202F10102F4D1012089E7FC
:1062D000A04202F10102F9D0D1B233F8110033F932
:1062E00011100029F4DA7CE744490020E849002035
:1062F000484900202DE9F04F104685B016469846D3
:1063000018F0A1FB5D4F00F00803B7F85C10029392
:10631000044600F00709F01C0391B7F85EB018F0CE
:1063200092FB06F1050A0546504618F08CFB034621
:106330004FF6FF70854218D00399A1EB050CDCF1F4
:10634000000545EB0C056D004FF6FF718B420ED139
:1063500045F0040500F0ECF9029B6BB1B9F1000FB8
:1063600011D0422005B0BDE8F08F0125ECE79B4538
:1063700008BF45F00805EDE7B9F1030FF1D8DFE8F4
:1063800009F0021B795D00F0D3F908B9A807E8D538
:1063900024F00804A4B2B4F5004F05D0B4F5624F60
:1063A00002D0B4F5404FDCD1002597F8A82029464B
:1063B000002018F06FFC3CE0D7F88030E3B90021F2
:1063C00032460846FFF7FEFED8B924F038039BB2E8
:1063D00048F641029342C4D10A2D49D0062DC0D1BE
:1063E00097F87730023B012BBBD8FFF743FB00281F
:1063F000B7D140F6040505E04146304698470028ED
:10640000DDD00825E20648BF45F08005A30648BF59
:1064100045F4805505F00C03042BC6D1F01D18F08F
:1064200012FB97F8A830009332462B46414618F0ED
:1064300006FC08B30E9B1880002093E7A90705D13E
:10644000B7F85C204FF6FF739A428AD104F4406398
:10645000B3F5006F0AD0B3F5406F82D10849082226
:1064600050461BF02BF800287FF47BAF0C25C9E7C2
:106470000425C7E7432075E7192073E7E8490020A2
:10648000484A0020074A084900231360074A13605E
:10649000074A1360074A1160074A01211170074A31
:1064A0001360704758490020EFEC02005449002067
:1064B000504900208C2200208E25002060490020B9
:1064C0000E2A70B50C4606461546194603D9FFF745
:1064D000D9FF502070BD012807D10020FFF7E4FA52
:1064E000F8B1FFF7CFFF2120F4E7284B4FF4FE422D
:1064F0001A80274B7F221A70264B80221A70264B57
:1065000000211980254B1960254B1B684BB13420A5
:1065100001F06EFA234B188018B9FFF7B3FF012082
:10652000D8E724F0FF6323F4FF231BB1FFF7AAFF92
:106530004F20CFE77CB92046FFF7D2FA10F0800F4A
:1065400043B24FF001041BBF00F01F039C409C406E
:1065500044F078440325144B14491E70144B1D70ED
:10656000144B24F078441C60134B00201870134B1C
:106570001A6800F0E3FA18B1FFF784FF0420A9E7D6
:106580000F4B9DF810201A70A4E700BF1C5200208A
:10659000C1550020C05500201A5200205C4900203F
:1065A000504900201E520020C6550020AD69010050
:1065B000C455002060490020C555002058490020DE
:1065C000C25500207FB5244B24481A78244900780E
:1065D000012303FA02F21A4400250A60ADF80E50B6
:1065E00020B3984236D11F4C1F4B20781B681F4E9A
:1065F0000DF10E019847BDF80E20307092B11C4B82
:106600000093019502232946284600F0D1FA3278FA
:10661000237822B1012A06BF0133DBB21B2323708A
:1066200004B070BD013818BF0120F0E778235A4349
:10663000013A0A600F49082200F086FC0B49094A1A
:106640000978137821B1012906BF0133DBB21B237E
:106650001370E5E71846E3E7C4550020C65500204F
:1066600064490020C55500208C2200208E25002082
:10667000E96901007966010010B5244B244C1878B3
:10668000002834D1FFF76EFA224A136801331360F1
:10669000214A92F900108142B8BF10701F4A92F946
:1066A00000108142C8BF1070012B1D490DD100029E
:1066B000088023680BBB1B4818F054FD014620BB23
:1066C000BDE81040174801F0FFBAB1F90020A2EB75
:1066D000221303EB00131BB20B801349A0EB2323FF
:1066E000A0EB22200A8813FB00230B80E1E723683C
:1066F000002BE0D04FF4707200E008220B4900201C
:1067000000F022FC2368013B236010BDC655002029
:10671000644900205C490020C0550020C15500207C
:106720001C520020902200201A520020796601009D
:10673000054B1B682BB9054B1868003818BF0120A2
:1067400070470120704700BF544900205049002085
:1067500037B505461C46FFF7EBFF68B974B1084B27
:106760001A60084B1C60012300930A460323294644
:10677000FFF7A6FE03B030BD4D20FBE72520F9E76B
:106780004C4900205449002013B50446FFF7D0FFC0
:1067900058B962B1074B1A60012300930A460323DC
:1067A0002146FFF78DFE02B010BD4D20FBE72520EE
:1067B000F9E700BF504900202DE9F0410446DDE92A
:1067C00006869DF820701D46FFF7B2FF88B99EB17E
:1067D000A2B10B4B1A600B4BC3F800800A4B0A4660
:1067E0001E60214606972B460120BDE8F041FFF7C9
:1067F00067BE4D20BDE8F0812520FBE72120F9E7A9
:106800008C2200205849002054490020014800F003
:106810004FBE00BF1E5200202DE9F0410020FFF7BF
:10682000A3FC0F4B0F4C1E680F4B20881D680F4BAD
:106830000F4FD3F8008010B1397801F04BF80020E9
:106840003870FFF71FFE00F033FC0EB14046B04732
:106850001DB12088A84700232380BDE8F08100BF38
:10686000544900201E520020504900206049002059
:10687000C75500202DE9F0473D4801F0C1FA3D4BD6
:106880001C78002C42D13C4F2046FFF729F93B6889
:106890000546002B3AD0394EDFF804A1DFF8048119
:1068A000DFF80491012B1EBF348803F1FF33B4FBE2
:1068B000F3F4334B34801C6834B19AF9013098F901
:1068C000002099F90010A0472E4B1B688BB12E4C6D
:1068D0002378312B0DD82D4B188800F0C3FF237877
:1068E0005A1C227098F80020C25423785A1C227037
:1068F000C5544FF4FE43AAF800307F2389F80030D6
:10690000802388F80030002333803B60204C2378BC
:106910001A2B23D81F4A1278012A09D11E4A15685A
:10692000002125FA03F0C007DAB20FD501B12270B9
:106930000020FFF7D5F82178884213D1174B0022A9
:106940001A70FFF73FFE48B9BDE8F0870133D8B2AF
:106950001A284FF00101E4D90A442270BDE8F0473B
:10696000FFF75ABF0020FFF7CDF80028E6D0F5E783
:1069700090220020C65500205C4900201A520020B9
:106980004C49002050490020C75500201E520020CD
:10699000C55500208E25002060490020C3550020E9
:1069A0001C520020C0550020C155002008B50B4BDB
:1069B000187880B90221FFF765F8094B1B782BB1D5
:1069C00000214FF6FF720846FFF736F8BDE8084091
:1069D0000448FFF74FBF00210846ECE7C6550020EA
:1069E000C25500209022002038B5144B1D78012D8F
:1069F0000C4621D181B90846FFF772F8104A1149B7
:106A0000136805FA00F023EA0003136020462A46C3
:106A1000BDE8384000F098BA0B4A13780133DBB276
:106A2000022B137004D9BDE838400848FFF722BF95
:106A3000FFF7C8FD0028F6D138BD00BFC6550020BD
:106A40006049002079660100C35500209022002093
:106A500038B50948094D00F02BFD002495F8443065
:106A6000E0B2834200D838BD05EBC000043000F02E
:106A70001FFD0134F2E700BF884A0020E8490020EA
:106A800008B50349104648221AF068FD002008BDE9
:106A9000404A002008B5054818F064FB014620B9BB
:106AA000BDE80840014801F00FB908BDB022002040
:106AB00038B51C4B00221A701C4615460132082AB4
:106AC0005D609D8043F8085FF8D148220021164898
:106AD0001AF01EFD4FF6FE73A4F868307F226FF4A3
:106AE000803300211148E3651AF012FD104B84F841
:106AF0004450C4E92835C4E9125584F850506565FE
:106B000084F8A850EEF7A8FA0A4B18700A4BFF2237
:106B1000012100201A70E9F747FE0020FFF7BAFFB5
:106B2000002038BDE8490020404A00206849002084
:106B30000000FFFFC85500201C560020094B10B56F
:106B4000AC2404FB0030836C53B990F850403CB93E
:106B500031B1C0E912122046FFF79CFF204610BD5C
:106B60002120FCE7E849002070B5AC230A4E03FB66
:106B700000F5731993F850405CB9204610F0CCFA38
:106B8000735D204643F002037355FFF783FF2046F1
:106B900070BD0120FCE700BFE8490020AC23034A98
:106BA0005843135C23F0030313547047E849002053
:106BB00070B516461F4A12780446C2BB1E4DAC2162
:106BC00001FB00518A6C92BB91F850203AB1022B24
:106BD0002DD191F84410072907D91C2026E091F8FF
:106BE00044100729F9D8012B08D0AC2000FB045031
:106BF000CA00011D0C301AF071FC0021AC2303FB0C
:106C000004F000EBC10129449DF81430CB71049BC2
:106C10008B602B18002493F844208E80013220468C
:106C20008C7183F84420FFF735FF204670BD0120AA
:106C3000FCE700BFBF550020E8490020F8B5234B12
:106C40001B7804460F46002B3ED1214DAC2303FB9D
:106C50000053B3F8A03023B91E4840F23631EEF7A6
:106C6000A1F8AC2202FB0452D2F8A46036B192F82B
:106C7000A330B2F8A02039460020B047AC236343CC
:106C8000EA180021A2F8A010C2F8A41092F8A820D7
:106C9000482101FB02322A44D2F89820964213D0B0
:106CA000EB5C9B070CD5AC2262432046AB5C23F027
:106CB000020343F00103AB54BDE8F840FFF7EABE1E
:106CC00010F04CFA0028EED1F8BD00BFBF550020EF
:106CD000E8490020EFB903002DE9F04F8BB00D46D5
:106CE0000790084600F0BEFD044618B921200BB0FD
:106CF000BDE8F08F284600F0D1FDC0B20838221858
:106D0000215C92F802B092F803A052680692002229
:106D10002678B4F80130ADF82620434A059192F860
:106D20000090B9F1000F09D0404B1B6823B14FFA16
:106D30008BF25146204698470020D8E703F007031E
:106D4000022B6ED00134092249462046FFF724FA6F
:106D5000023EF6B2331ADAB21B0607460392C5D4D6
:106D6000DFF8CC80D8F890302BBB00210DF126093C
:106D7000039BCDF8009022460846FFF7BBFAC3B24A
:106D80000546002B48D1BDF8260017F0A9FEC8B96A
:106D9000BDF8260017F0A0FF0490BDF8260017F0FC
:106DA0009FFED8B9012332462146484600F0A6FE90
:106DB000C8B119209BE74A46012128469847002878
:106DC000D3D193E7D8F89430BDF82600002BDFD05C
:106DD000E11998470028DBD1022088E7039A04983C
:106DE000E1191AF0BBFBBDF8260000F03BFD059B46
:106DF0008372069B079A80F808A01BBAC360AC2375
:106E000003FB028380F809B093F85020BDF82600F8
:106E100022B1DB6C03B19847E8B268E7D8F8783064
:106E2000F8E7012063E700BFBF5500202849002094
:106E3000E849002070B50A4CAC2303FB004305462B
:106E40005E6D26B9074840F2F731EDF7ABFFAC2392
:106E500003FB0544002363653346BDE870401847D3
:106E6000E8490020EFB903002DE9F84308460F4632
:106E7000164602F1010917F034FF8046384617F034
:106E800028FE042856D1384617F047FE2C4C4FF602
:106E9000FF7248F6410348F66105904208BF1D465F
:106EA000B4F85C10301D17F0D0FD384617F035FEF1
:106EB0000146B01D17F0C9FDB4F85E1006F10800D8
:106EC00017F0C3FD06F10A0438460DF059FE10B163
:106ED00045F01005ADB22946484617F0B6FD3846D4
:106EE00017F0FAFE4246014620461AF037FB3846B4
:106EF000012100F041FD4444074660B100F0CEFCA2
:106F00000546384600F0AEFCEDB201462A46204662
:106F10001AF024FB2C440B4A1378F370A41B591C61
:106F200001341170347030460922BDE8F843012164
:106F3000FFF732B9484617F086FD4C460546C3E7D1
:106F4000E8490020C8550020084B10B40C461146F3
:106F5000AC2202FB0033586D20B95C655DF8044B30
:106F6000FFF718B802205DF8044B7047E84900208D
:106F700010B50B4BAC2250431A18482492F8A810B5
:106F800004FB0100034493F87700022806D092F82E
:106F900050301BB9032818BF012010BD0020FCE7AA
:106FA000E849002070B508B1012070BD234C94F869
:106FB000A850002DF8D1B4F85C202946FEF73CFD1E
:106FC000B4F85E2029462846FEF720FD04F1600251
:106FD00029462846FFF742F894F87730002BE3D093
:106FE000284694F85860FEF77BFD864215D10020B4
:106FF00094F95A50FEF768FD854216D10020FFF73C
:10700000B7FF04460020FEF72DFD0028CDD0214615
:107010000020BDE87040FEF735BD94F858102846B2
:10702000FEF770FD0028E2D0BFE794F95A10002067
:10703000FEF73AFD0028E1D0B7E700BFE84900209D
:1070400010B51446174A0346AC2000FB032292F801
:10705000770002280CD1E07F022809D141B1124902
:107060000978012913D992F85810227891420ED14B
:1070700021781846FEF73AFD90B10C484822214687
:107080001AF06CFA0020FEF7EDFC08B9002010BDE4
:10709000044B93F8A8000028F8D1FFF783FFF5E729
:1070A0002120F4E7E84900205C250020404A002028
:1070B00008B5094BAC2202FB003300205A6DD8649E
:1070C00083F8500012B15865FEF77CFF0020FFF7EF
:1070D00069FF002008BD00BFE84900207FB51C4CB7
:1070E00094F8A83023B1002084F8A800FFF75AFFD5
:1070F000B4F8A05094F85A308DF80F3025B91548DF
:1071000040F2ED21EDF74EFE134A29460020FFF72D
:10711000ABFEE66F104C02469EB10DF10F030193DA
:107120000023009321462846B0470246247854B9EC
:1071300020462146FFF782FD2046FFF7ABFC04B056
:1071400070BD0122F2E704490020FEF747FBF6E795
:10715000E8490020EFB903006849002038B5494BE1
:107160001C78002C58D1484800F04AFE2046FEF713
:1071700079FC002850D0454C2378D90733D594F8B2
:1071800050201AB123F00303237045E023F00103DC
:1071900023700FF0CBFF23789A07054601D50FF037
:1071A000BBFF294600200FF0B7FE40B9237843F01B
:1071B000010323702846BDE838400FF0ADBF00231F
:1071C00084F8A33094F8A83084F8A250482202FB37
:1071D0000343A4F8A000D3F89830C4F8A430BDE865
:1071E0003840FFF77BBF94F84400B0B1251D95E807
:1071F000030004F1A00383E80300FFF76FFF94F896
:10720000442004F10C01D20028461AF067F994F8E2
:107210004430013B84F8443038BDA26C62B99B070E
:1072200011D5237823F0020343F001032370BDE856
:1072300038400020FFF72EBC012384F85030A064B2
:10724000904723789EE70FF089FF0028E9D194F852
:10725000A83073B1F5F79EFC94F85030002BDBD1C9
:10726000FF2818BF84F8A800BDE838400020FFF7C9
:1072700099BED4F88C30002BECD098470028CBD1A5
:10728000E8E700BFBF550020B0220020E8490020F9
:10729000034BAC2202FB003393F8A800704700BFF9
:1072A000E849002070B504460020FEF7DBFB0C4ED9
:1072B000AC235C43351995F850300BB1002070BDFC
:1072C0000028FBD0074817F04DFF0028F6D1335DAA
:1072D000002BF3D195F84400B0FA80F04009EEE7B6
:1072E000E8490020B022002028B1034B1B68C01AD7
:1072F0004010013080B27047A44A002030B1044BE6
:1073000000F100401B68013803EB4000704700BFEC
:10731000A44A002010B5034617F0FEFC074A03EB11
:10732000400314684FF6FF729C42184604D9018846
:10733000914203F10203F7D010BD00BF9C4A002028
:107340002DE9F047204F3B880546A3B3B0F9023042
:10735000002B30DBDFF87C801C49D8F800001AF0E5
:10736000F3F820B91A4840F2CD11EDF71BFDDFF814
:1073700060A0DFF8649000263A88B3B29A4204D83D
:1073800040F2CF115046EDF70DFDD9F80030D8F896
:107390000010B2B203EBC20453F8320068B943F8EC
:1073A0003210A3880133A380284617F0B5FCE38888
:1073B00003EB4003E380BDE8F0871AF0C5F801361F
:1073C0000028D9D1EDE700BF20520020AAB8030061
:1073D000B4B80300D0220020984A002038B5094CE8
:1073E000094D22682B689A4204D908484FF48371EA
:1073F000EDF7D8FC28682368C01A20F0010080B29D
:1074000038BD00BF9C4A0020A04A0020B4B8030049
:1074100008B50B4B0B4A1A600B4B0C491B6823F049
:10742000010313440B600A4B1A60FFF7D7FF64286F
:1074300005D8BDE808400748F021EDF7B3BC08BD0A
:10744000A44A00205C3A002068950300A04A00206E
:107450009C4A0020B4B8030038B5094C094D226895
:107460002B689A4204D308484FF48671EDF79AFCD2
:1074700028682368C01A20F0010080B238BD00BF20
:10748000A44A0020A04A0020B4B80300064B1B68A1
:10749000834206D8054B1B68834294BF002001201D
:1074A00070470020704700BFA44A00209C4A00207B
:1074B0002DE9F0411D4B1B78012B044624D1008897
:1074C000FFF71CFF0546D8B1DFF8648004262C4680
:1074D00012F014FB07462046FFF732FF638843EAA9
:1074E00008036380A05BFFF709FF0446384612F0EB
:1074F0000BFB1CB1B4F90230002BE9DA062E01D1E6
:10750000BDE8F0810626E2E7022BF9D112F0F6FA87
:1075100002462088FFF7F2FE18B10388C3F30E037A
:107520002380BDE8F041104612F0EEBAC9550020A4
:107530000080FFFF2DE9F04FBA4BDFF8FC82BA4F15
:1075400097B0002406461C8012F0D8FA01233B7045
:10755000B8F80030ADF81630B44BA8F800401B68FE
:10756000019312F0D1FAB24B1A88B24BD2001868CC
:10757000214619F0CDFF0DF11600FFF799FF002EFF
:107580003CD1DFF8B892D9F800404FF0000B01254C
:10759000019B9C4239D3BBF1000F39D1002DF2D0B1
:1075A000D9F80040DFF898A225462246019B9A426E
:1075B00073D302230DF116003B70FFF779FF002E05
:1075C00040F08F80D9F800603246AA4280F0A28055
:1075D0009088FFF793FE18B10388C3F30E039380DE
:1075E000D088FFF78BFE18B10388C3F30E03D38056
:1075F0001046FFF78FFE0246E7E79847E3B20134F3
:1076000056F82330002BF8D1BBE7BBF1000F3ED07A
:107610000BF1FF335FFA83FB16AB03EB8B0252F8DF
:10762000402CB2F9020051880028B1DA4B04AFD4E3
:10763000924641F48040931D2AF8020F02933AF8D3
:10764000020FFFF75BFEF0B1B0F902E0B0F802C044
:10765000BEF1000F17DB6FEA4C4C6FEA5C4CA0F8F0
:1076600002C00390FFF76CFEBBF10F0F9FBF16AB7C
:1076700003EB8B00039A40F8402C9ABF0BF10103F7
:107680005FFA83FB0025029B9A45D8D180E720460C
:10769000FFF740FE22460446C3E7104617F03CFBC6
:1076A0008346B2F90200118800280AEA010108DACB
:1076B0002046FFF719FE084381B204EB4B0402EBAE
:1076C0004B0511801046FFF725FE02466EE79847EE
:1076D0005FFA8AF30AF1010A56F82330002BF6D13B
:1076E00070E74FF0000AF3E73046FFF713FE8246DB
:1076F0007EB1B6F902307188002B0ADA3088C0F307
:107700000E00FFF7FBFD864203462DD1C1F30D01AC
:1077100071805646AE42E7D3DFF81CA112F0EEF9B5
:1077200000210646504617F098FBFFF7E7FD054697
:10773000002800F08780304612F0E6F9284617F05E
:10774000EBFA06462046FFF7CFFD7600814632462B
:107750002946204619F0C2FE002249460DF11600C6
:1077600017F00FFB3444D9E71BD9304617F0D4FA91
:10777000C1F30D014200718092B23146184619F0F2
:10778000ADFEC6E75046FFF7C5FDD146854203D999
:10779000B0F90230002B01DA824603E0FFF7BAFDB0
:1077A000F4E7B146554507D9BAF80000C0F30E001A
:1077B000FFF7A4FD8245E5D3B9F1000F30D0B9F849
:1077C0000000C0F30E00FFF799FD034638B93346B9
:1077D000CB46994513D8B1459BD0D946ECE74846EE
:1077E00017F09AFAB9F80220C2F30D02A9F80220A4
:1077F000420092B24946184619F070FEE7E7184673
:107800000193FFF787FD019B9B46854203D9B0F9A1
:107810000230002B01DA0346DBE7FFF77BFDF4E7DC
:10782000CB46DAE722520020C95500209C4A0020AE
:1078300020520020984A002024520020A44A002010
:107840000080FFFFBDF81630A8F80030044B3870F8
:1078500030461C6012F058F917B0BDE8F08F00BF39
:107860009C4A002010B5044608B9002010BD17F04E
:1078700064FA20B9084840F2C441EDF793FA204673
:10788000FFF73CFD0028F0D00388DB0B14BFD0F8D5
:107890000A000830EAE700BFB4B8030010B508B921
:1078A000002010BDFFF72AFD044617F03DFA20B96D
:1078B000074840F2DE41EDF775FA002CF0D023883E
:1078C000DB0B0ABF60882089C0F30C00E9E700BF2A
:1078D000B4B803002DE9F0410546FFF70FFD0F4650
:1078E0000446D8B117F020FA20B9214840F2F141FE
:1078F000EDF758FA2846FFF7D1FF05462046FFF777
:1079000009FDBD42064609D004D8194840F2F941A4
:10791000EDF748FA2588ED0B02D02781BDE8F0810C
:107920006780204617F0F8F9074604EB400812F08C
:10793000E5F8104B1A68B2420AD1C3F8008012F081
:10794000E3F82A464046FF21BDE8F04119F0E0BDCA
:10795000A6EB0806B5B212F0D7F8072DF1D900232F
:10796000083D44F81730C8F80430A8F80250D5E7AD
:10797000B4B803009C4A002038B5FFF7BFFC0D46A1
:10798000044650B117F0D0F920B9044840F23651FE
:10799000EDF708FA023534F8150038BDB4B8030025
:1079A00070B5FFF7ABFC0C4616460546B0B117F0B4
:1079B000BBF920B90D4840F24151EDF7F3F93046DB
:1079C000FFF79CFC17F0B0F920B9084840F242518B
:1079D000EDF7E8F9023425F8146070BDBDE8704099
:1079E000024840F24651EDF7DDB900BFB4B80300DC
:1079F0002DE9F843C41CA408274B64000434B0F5F7
:107A0000005F1E6881460F46A4B204D3234840F2AB
:107A10007251EDF7C7F912F071F821490B688046F1
:107A20007BB9204B1D68761BC6F34F06B44223D9A1
:107A30000025404612F068F82846BDE8F843FFF7F5
:107A400053BC7FB1174A15685A1BC2F34F029442C8
:107A5000EED81448620005EB440404607FB9134477
:107A60000B600CE0F61AC6F34F067EB90B4840F2E5
:107A70008351EDF797F9DBE705EB44041C60002325
:107A8000A5F80290AB80EB802B80D2E7B442CFD830
:107A9000044A1568DDE700BFA04A0020B4B803001F
:107AA000944A00209C4A002038B5054612F026F87A
:107AB000294604460022044817F063F92046BDE831
:107AC000384012F021B800BF2452002038B512F01F
:107AD00015F800210546044817F0BFF9044628466A
:107AE00012F012F8204638BD24520020024B1888AC
:107AF000B0FA80F040097047245200202DE9F74F7A
:107B0000044600881F46FFF7F9FB884615460646DF
:107B100017F00AF920B9404840F2DA61EDF742F96E
:107B20003388DB0B009306D033892B44338100204C
:107B300003B0BDE8F08F2088DFF8E0B0FFF7AEFEBD
:107B400082463046FFF7E6FB019011F0D7FFDBF8E5
:107B50000020019B9A4281461DD1FFF73FFC8542E0
:107B600004D9484611F0D0FF1A20E1E705EB0A03DB
:107B700073803FB12088FFF775FE2A464146504486
:107B800019F0ECFC3046FFF7C5FBCBF80000484687
:107B900011F0BAFFCBE711F0B7FF2088FFF77EFEA8
:107BA0002844009980B2FFF723FF06460028DBD067
:107BB000FFF758FE81462088FFF754FE8246208852
:107BC000FFF76CFE51460246484619F0C7FC3046A6
:107BD000AFB1FFF747FE07462088FFF75FFE2A4652
:107BE0004146384419F0BAFC01212088FFF7C4FE51
:107BF000012102463046FFF7D3FE268097E7FFF7C4
:107C000031FE80462088FFF749FE2A463946404427
:107C100019F07EFCE8E700BFB4B803009C4A0020DE
:107C200038B50C460546FFF739FE844203D30448B5
:107C30002D21EDF7B7F82846FFF714FE204438BD94
:107C4000C8B8030070B506460D46FFF70BFE0446A4
:107C500048B13046FFF722FE854203D30248352162
:107C6000EDF7A0F8605D70BDC8B8030070B50C46B4
:107C700006461546FFF712FE844203D304483F210F
:107C8000EDF790F83046FFF7EDFD00B1055570BDFA
:107C9000C8B8030001483321EDF784B8DFB803000A
:107CA000036910B55BB18268064B9A4201D100208E
:107CB00010BD446912F080FE201AF9D5F7E74FF0A5
:107CC000FF30F5E7957C010082684B4B9A422DE925
:107CD000F041056804460E4615D121B1474840F2EF
:107CE0000F11EDF75FF811F009FF23691BB92B683D
:107CF0002BB924612C60BDE8F04111F005BF1A6971
:107D000022611C61F6E712F057FE8046EAF75EFB3F
:107D100020B13A484FF49371EDF744F86FF0004307
:107D20009E4221694BD22B7B08EB0602002B4DD0E3
:107D3000AB6893424AD1531C002949D061699942EA
:107D400042D01EB9521AB2F1004F3DD96361236986
:107D50006E689C4203D129489A21EDF723F82F46FB
:107D60000023B4420BD0002B41D172696169891A9A
:107D7000B1F1004F32D83269944237462CD1226992
:107D8000BD420CBF6A603A617BB92669B44203D137
:107D90001A48B521EDF706F83B46012E05D0626979
:107DA0007169521AB2F1004F23D99D420BBF6B6823
:107DB0001A69236122610CBF6C601C6104E04344BA
:107DC00031B162699342C1D1BDE8F0811346B3E796
:107DD0006A6822616C60B9E71646C6E7A8EB020242
:107DE000B2F1004FC7D93B4637463669B9E71F465F
:107DF000F9E733463669D0E7957C0100DFB8030028
:107E000082681C4B9A4270B50568044619D111F07E
:107E100075FE236923B1A34206D100222A601A61AC
:107E2000BDE8704011F070BE1A4611461269A242B8
:107E3000FBD12A68A24208BF29600B61002323619D
:107E4000EEE7036993B198426E6803D10A489A211C
:107E5000ECF7A8FF2B46B44209D122699D4218BF16
:107E60001A614FF0000308BF6A60236170BD33469A
:107E70003669F0E7957C0100DFB803002DE9F04397
:107E8000174FDFF860808BB006460025BC7814B928
:107E90000BB0BDE8F083B7F800908EB90096B8F843
:107EA000001023462A4603A817F09BF8234603AA8E
:107EB0003146484612F0B8FD2544EDB20437E5E7F7
:107EC0002346494603A8002212F0A5FD0123009392
:107ED000B8F8001023462A4603A817F082F8EBE70B
:107EE000EEB80300265200200148FFF7E1BA00BFB8
:107EF00026520020F7B51546174A04460846118851
:107F000011B1164A1278CAB1D4B10022294603B081
:107F1000BDE8F04012F07FBD3A44D2B20436B778E3
:107F2000002FF1D0B6F800C0AC45F5D184F00104C3
:107F300000943B4617F055F803B0F0BD084EEEE74D
:107F400002462146284612F06FFD284603B0BDE8E0
:107F5000F04013F02EB900BF265200208F250020DC
:107F6000EEB8030010B5074C238843B10020FFF79B
:107F700085FF054B0020FF2220801A7010BD702065
:107F8000FCE700BF265200208F250020142810B5E2
:107F900018D8082805D114F02BFCC401E4B22046FF
:107FA00010BD0E2802D114F026FCF6E7064B53F85C
:107FB0002040002CF3D00A282478F0D107F026F9CD
:107FC0000443EBE7FF24EAE718B90300064A082355
:107FD00012F8011B814205D0013B13F0FF03F7D1DA
:107FE000184670470120704775B90300064A0823F8
:107FF00012F8011B814205D0013B13F0FF03F7D1BA
:1080000018467047012070476DB90300014BB3F863
:1080100068007047E849002000487047524A002035
:10802000014B1878704700BF4C550020014B187861
:10803000704700BF4F550020014B1870704700BFBC
:108040004F5500201F4B022810B51F4C187002D04E
:108050000438012820D82378042B0BD01B4800219A
:10806000FFF732FE2378033B012B03D91848002188
:10807000FFF72AFE174B1B689A0020D513F0805F8C
:108080000CBFBF24BC24204615F041F8C8B92046D7
:10809000BDE8104012F0A2BF0C48FFF7B1FE0C483B
:1080A000FFF7AEFE17F0F0F92378033B012B03D85E
:1080B00015F027F89124E6E70DF044FDFAE7902447
:1080C000E1E710BD5355002054550020D422002074
:1080D0008445002018460020024B187800F00F005D
:1080E000704700BF53550020034B187800F00F0075
:1080F000831E5842584170475355002008B517F069
:10810000AEF9A8B117F0C4F990B10A4816F02EFEE6
:1081100070B1094816F02AFE50B114F071FB38B165
:1081200014F0F7FF20B9BDE80840044817F01FB865
:10813000002008BD285200206E520020A84A0020CE
:1081400030B5182293B00021044619F0E1F9FFF789
:10815000CBFF20B9114B1B78033B022B1CD800210D
:108160006A460846FEF78CFCBDF8043023819DF872
:108170000230A3729DF80030E3722046002517F00C
:1081800063FB257304F1140104F1100017F0F0FBF8
:10819000E081284613B030BD9320FBE75355002003
:1081A00030B593B005460C46FFF79EFF20B90B4B48
:1081B0001B78033B022B0ED86A4600212846FEF7A7
:1081C0005FFC9DF80230237000209DF80030607045
:1081D000A37013B030BD9320FBE700BF53550020C0
:1081E000054B1878012805D000F0FD00A0F13103FF
:1081F00058425841704700BF5355002010B5FFF753
:1082000007F912F0F3FB1020FFF7C0FE04060DD5AE
:108210000020FFF7BBFE000608D5284BD3F8EC2062
:1082200012F0020F12D1B024204610BD1020FFF72B
:10823000ADFE01060ED40020FFF7A8FE020609D508
:108240001E4BD3F8EC2012F0010FEBE7D3F8E83027
:108250009B07E8D51A4815F0D0FD012016F096FBD3
:10826000ECF716FF04460028DED100F053F915485C
:1082700016F052FF00F074F9ECF7F0FA12F0B3FBCD
:108280000AF072FB0AF0C4FBF4F794FCF4F71CFC50
:10829000F4F736FC04F0A0FC14F0ACFA14F0ADFADC
:1082A00014F03AFF08480CF023FB07F067FD14F0C8
:1082B000F4FE0028B8D014F0F2FEB5E70081E00F1C
:1082C000690345ECA84A00206172020010B517F05E
:1082D000D8F870B301F0DEFB80F00104E4B20020B6
:1082E000FDF7D2FE44EA800424B217F0B8F810BBC0
:1082F00002200443164816F035FF44EA401415489E
:1083000016F030FF24B244EA0014134816F02AFF96
:1083100024B244EA8014114816F024FF24B244EA3F
:1083200040240F4816F01EFF24B244EAC02080B259
:1083300010BD0124D3E70B4816F018FD0028D7D054
:10834000094816F013FD80F00100C0B24000D0E7EC
:1083500014230020F82300201C460020782300204E
:10836000D8230020285200206E52002008B501F0CA
:1083700069F90EF0BDF8FDF771FA154816F0F6FC34
:1083800008B906F015F9134816F0F0FC08B907F023
:10839000DFFC03F051FC0CF05DFC0F4816F0F3FE1F
:1083A0000E4B1B78043B022B09D80D4816F0DAFE61
:1083B00028B1FFF78BFF102801D109F06FF814F0F6
:1083C00021FA16F066FFBDE808400648FFF7B2B88C
:1083D000285200206E520020A84A00205455002048
:1083E000F823002088B90300014B1868704700BFCC
:1083F0004049002038B50C4B1B78033B012B044649
:1084000004D82046BDE838400AF082BB0CF06CFD71
:108410004FF6FF739842054604D1204600F02AFD2E
:10842000A842EED038BD00BF5455002070B54FF6BD
:10843000F773984286B004460D465AD816F02AFFC4
:10844000A04207D12C490822284619F047F80020FD
:1084500006B070BD294EB6F86830A3420AD100229A
:10846000082106F16A0016F0C3FE18B9082206F1C9
:108470006A01E9E7ACB1224B1B78033B012B1AD808
:10848000002300930122194620460AF0CFF9FF2865
:1084900023D1294620460AF08FFB80F00100C0B2AC
:1084A000D6E7184B1B689B07E5D4284608F0C6F8AA
:1084B0000028E0D0CBE7204600F096FFFF2806D149
:1084C000294620460FF070F80028D9D1BFE7294689
:1084D00000F0ACFF0028F3D0B9E702A918F00BF9BF
:1084E0000028D6D1DDF80D302B60DDF811306B603F
:1084F000ADE70120ACE700BFCA550020E8490020E5
:108500005455002018460020014B1870704700BFDA
:108510006325002010B50649064C0988204608232B
:108520007F2212F085FA204616F0EEFE10BD00BF45
:10853000D6640300CA55002013B513460C461AB181
:10854000022A0CBF134601230021044A0092019124
:108550002246FEF72DFB02B010BD00BF15F502004C
:1085600000B5002093B0FEF7A3FA1D4B18880CF05D
:10857000C5F91C490020FDF719FE34220021684688
:1085800018F0C6FF0B238DF800306FF48033019391
:108590004FF6FE73ADF8103003238DF81D30124BEB
:1085A0000893124B0993124B0D93124B124A0E93E0
:1085B000124B0F93124B106851681093114B11938B
:1085C00002AB03C300216A460846FEF739FD6A463E
:1085D00001210020FEF734FD13B05DF804FB00BF5D
:1085E000F62400206C950300C18A01000BF3020001
:1085F00001C30100698C0100CA550020D9D90100CE
:1086000015F5020069BD010070B5044616F01BFAAD
:108610000422002106462046FDF7BEFD204416F048
:1086200012FA0322054600212046FDF7B5FD20443D
:1086300016F009FA0540ADB24FF6FF739D4213D113
:10864000F30711D5062200212046FDF7A5FD2044A1
:1086500016F0F9F9074B1B88834214BF022006204D
:10866000054B1B78184070BD204612F099FEC000E3
:10867000C0B2F5E70A250020D25500202DE9F84FB9
:10868000DFF83C91804608460F4616F0DCF9D9F831
:108690000030054643B9484B1B682BB9474B1B6854
:1086A00013B9FF20BDE8F88F15F4406A05F04006C5
:1086B00010D13EBBB5F5804F53D24FF480740023E8
:1086C000002B58D13C4A12688025002A69D000212D
:1086D00008465FE0F81C16F0B6F94FF6FF739842B3
:1086E00014BF0124022486B1052605F44043B3F5E6
:1086F000004F44F0080424D0B5F5804F23D244F451
:10870000807420E054460326EFE7B5F5804F4FF024
:108710000506F4D3BAF5406F14BF02200820304498
:10872000384416F090F9834616F0D1FD05F4404523
:1087300058450CBF44F0080444F00404B5F5004F5C
:1087400001D144F08004BAF5006F0ED1B81916F0CB
:108750007AF9054616F09EFDA842B0D144F0100407
:10876000ADE7544603260220D9E7BAF5406F08BFAB
:1087700044F02004A3E7012B09BF104AD9F80020D8
:108780001268402518BF10259FE7A74201F101019B
:108790000BD0C8B2CEB232F8167032F91660002E85
:1087A000F3DA0133032B8BD17BE7B8F1000F3FF4F1
:1087B00079AF88F8005075E7B84A0020BC4A00201D
:1087C00044490020034B1A78022A04BF09221A7078
:1087D000704700BFD4550020034B0C221A701A2199
:1087E0000022032002F0FCB8D455002070B50546E5
:1087F00038B90C4BBDE87040187800221A2102F0FD
:10880000EFB8094B074E1C78E1B21A29F1D825FAC6
:1088100004F3DB0703D53078362202F0E1F80134A7
:10882000F2E700BFD45500209125002008B5064B83
:108830000C221A70002210461A2102F0D1F8034BC4
:1088400000221A6008BD00BFD4550020C44A002091
:1088500070B50E4B0C221E781A70054630B93046A2
:108860000022BDE870401A2102F0BAB8084B1C780B
:10887000E1B21A29F3D825FA04F3DB0703D536222F
:10888000304602F0ADF80134F2E700BFD4550020C5
:1088900091250020024B0C221A7014F033BC00BF4B
:1088A000D4550020F0B50C888BB005460E46E4B9CF
:1088B0004FF6FF77ADF8247014F037FC10B90220A2
:1088C0000BB0F0BDCDE90340CDE90544134A029455
:1088D000B2F85C300193603200923B4609AA4CF634
:1088E0000101FF2018F05FFA3080284616F0EBFDFA
:1088F0000B4C70B1237863B1013BDBB22846237087
:1089000016F0E1FD38B12078B0FA80F04009C0B22D
:10891000D6E70523F2E70120F9E700BFE849002088
:1089200090250020034B1B68114603B1184712F035
:1089300064BB00BFC44A0020024B0C221A700AF02C
:108940009FBC00BFD45500200148FEF7B1BD00BF59
:108950002A5200207FB506460C461546FDF7E8FE74
:1089600000287CD1062E03D85223F340DB071AD40B
:10897000B4F1006F05D3E30E1C3B032B18D94F2035
:108980002BE0394B00221A60384B1E7016F057FC52
:1089900003460A2E65D8DFE806F0361B4F5A1B2E19
:1089A000221F47523F0002F029FCB4F1006FE2D2CF
:1089B0002D4B00221A602D4B042E1E70E6D12C4840
:1089C00001F02AFD022001F053FC16F038FC0346AA
:1089D00001220292274A05E0212004B070BD012245
:1089E0000292254A0192254A0092254A29462046AC
:1089F000FDF7E2FEF1E7234A2946204604B0BDE830
:108A00007040FDF7C1BE204B204A2946204604B0E5
:108A1000BDE87040FDF79CBE002202921C4A019204
:108A2000164A00921B4AE1E7012202921A4A019279
:108A3000124A0092194AD9E70C4B02221A700022FE
:108A40001749104604B0BDE87040FEF777B8002221
:108A50000292144A0192094A0092134AC6E74D2035
:108A6000BBE70120B9E700BFC44A0020D45500206D
:108A7000D355002051880100A9F40200C18A0100E9
:108A800001F50200398901002D88010025890100C6
:108A900095880100A5880100ED870100ADF4020072
:108AA000C5870100D9870100A5F4020008B5FDF7CC
:108AB000B3FE024B0C221A70002008BDD4550020D2
:108AC000F0B585B0ADF8060018B965489021ECF70F
:108AD00069F9BDF8060015F0FCFF0446BDF8060074
:108AE00015F0F7FF082846D00C2CBDF8060042D13F
:108AF00016F0F2F8074615F0A6FF0DF10F01064635
:108B0000BDF8060013F061FE002879D0092200218B
:108B10003846FDF741FB9DF80F301033C518BDF8FE
:108B20000600FEF7BBFEEDB2854269D22946BDF8CC
:108B30000600FFF787F806F44C4416F44066054635
:108B400014D0F81C15F07FFF4FF6FF73984208BF52
:108B500044F04004B6F5006F08D1781D15F073FF9E
:108B60004FF6FF73984208BF44F010049DF80F3091
:108B70005BB3072D44D1BDF8060015F0A0FF0446F5
:108B8000BDF8060015F0A5FF082817D0A30615D5D7
:108B900024F0200189B2BDF8060015F07BFFBDF876
:108BA000060016F099F800210922FDF7F5FA00F108
:108BB0001001C9B20DF1060016F0FAF9BDF8061061
:108BC0002848002216F0DDF81AE0082D16D8BDB1AD
:108BD000013D072D14D801A353F825F0398C01006D
:108BE000458C0100018C0100058C0100018C010005
:108BF000518C0100778B0100578C01007C2D24D013
:108C000005B0F0BD24F48844A4B2B4F5084FF7D100
:108C1000BDF8060015F058FFBDF806100BF008FF70
:108C20000028A8D0BDF8060015F0B9FF00220146C3
:108C3000022013F06FFDE3E724F48064A4B2B4F5DE
:108C4000484F97E7B4F54C4F94E7B4F54C4F92D0AA
:108C50004CF6500301E04CF640439C428AE700BFCB
:108C6000E8B90300285200202DE9F0410F46904654
:108C70000646FEF7F7FD04463046FEF70FFEC5B286
:108C8000083D2C44084BE1781970084BA2781A7003
:108C9000314643463A46002012F02DF9003818BFFD
:108CA0000120BDE8F08100BFF9550020F8550020F3
:108CB00070B50B4B1C780B4B0022D5B2AC4202D8DE
:108CC0000C70002009E01E88864202F1010205D3E3
:108CD0000D701B881B1A5842584170BD1233ECE7C7
:108CE0004D550020EA4F00202DE9F04FDFF840817C
:108CF000DFF8409198F8002099F800309A4285B04A
:108D0000064604D343484FF48A71ECF74BF80DF153
:108D10000F013046FFF7CCFF20B13E4840F217115B
:108D2000ECF740F898F800709DF80F403D1B15F0E7
:108D3000FF0530D0384B394A1B78184699F8003077
:108D400001214FF0FF3CA1400CFA03FC002301F18C
:108D5000FF3E01934FF6FF79C1F1000A9DF8043000
:108D6000984243D812202E4B04FB0000A0F11201C0
:108D700005EBC5025200194404F10109184418F02A
:108D8000ADFB4FEA89092748A9F104010144AA0073
:108D9000484418F0A3FB224904EBC40201EB420350
:108DA00021F81260204A1278DA731A745A74120287
:108DB0005A801E4A12781A7110225A7100229A7330
:108DC000C3F80620C3F80A20164B013743F82420C5
:108DD0004FF6FF710D2088F8007013F09BFC0EB960
:108DE00008F014FE204605B0BDE8F08F13884B450F
:108DF0000AD053680AEA030B03EA0E030B4403EBA1
:108E00004B0343EA0C035360019B01330832019387
:108E1000A4E700BFFBB90300702500203044002008
:108E2000EA4F0020D4430020F9550020D5550020FA
:108E30004D5500206E2500202DE9F0410B4B0C4EC6
:108E400093F8008007460025ECB2A04503D8FF2424
:108E50002046BDE8F0810822B11D384618F02EFBEF
:108E600001350028F4D01236EEE700BF4D55002042
:108E7000EA4F002008B5FFF7DFFFFF281DBF00B253
:108E8000044B00EBC0004FF6FF7018BF33F8100022
:108E900008BD00BFEA4F002007B50DF10701FFF73D
:108EA00007FF30B19DF80730034803EBC30300EB25
:108EB000430003B05DF804FBEA4F00202DE9F843BE
:108EC000294E33785D1E2D1A83420446EDB204D834
:108ED000264840F23F11EBF765FF254A92F800C0A3
:108EE000244A01231278A3405F1E4FF0FF309040C8
:108EF0003B44214A00214FF6FF7E6FEA0308CBB2C4
:108F00009C4523D8BDB127B204EBC4041B486400C0
:108F100005EBC50204F1120101445200204418F08F
:108F2000DDFABF001648AA00391D014402F0FC0218
:108F3000384418F0D3FA3378013B3370BDE8F84376
:108F400000224FF6FF710E2013F0E4BB1388734527
:108F500007D0536808EA03093B4003EB5903034376
:108F6000536008320131CAE74D550020FBB90300B8
:108F7000702500206E25002030440020EA4F00209C
:108F8000D443002010B50A4C207858B9094B1B78FF
:108F90001A2B03D908489421EBF704FF074B03224F
:108FA0001A7010BD0138C0B2FFF788FFECE700BFB0
:108FB0004D5500206E250020FBB9030049550020C7
:108FC0002DE9F047054616F0CFFAFF28044624D1D4
:108FD000DFF888901F4B99F800201B789A422BD21B
:108FE0002846BDE8F047FFF77FBE38883B795045FB
:108FF00018D86F2B4FEA131214D85B0710D0123712
:1090000008F1010899F800105FFA88F6B142ECD82F
:10901000114A0023DEB28E4214D32046BDE8F08709
:10902000022AECD90DF0A0F90028E8D129463046F3
:10903000BDE8F04716F0A5BA074F4FF000084FF60D
:10904000F77ADFE710798F2803F10103EED81232A7
:10905000E0E700BF6E250020EA4F00204D550020BC
:109060004FF6F773984210B514D8FFF7A9FFFF2801
:1090700010D0134C00B200EBC00004EB400412F01F
:10908000B3F9104938B962880B7802EB0313A3EBEC
:109090001213638010BD227C637C0978E2739A42CC
:1090A0002374617407D98B4203D213468B4228BFC5
:1090B0000B461B02EDE78A42F8D31346F9E700BFDF
:1090C000EA4F0020F95500202DE9F0410F4DDFF85F
:1090D000408006460F46002498F80030A34201D88D
:1090E000BDE8F08108222946304618F0E7F940B97A
:1090F00035F8063CBB4204D02046FFF7DFFE013CBA
:10910000E4B20134E4B21235E6E700BFF04F0020CC
:109110004D550020F8B5054608460E46FFF78CFE73
:10912000FF2830D01D4B294653F820703046FFF7FA
:10913000CBFF2846FFF744FFFF28044625D10CF05B
:1091400047F8FF280AD1164C207838B1EBF784FF96
:109150002378B0FBF3F202FB1300C0B2294616F0ED
:1091600010FA044623B20F4D03EBC30305EB43058E
:1091700008223146A81D18F0B1F92B7903F00F032E
:109180002B712046F8BD0027D3E7074B1B78002B37
:10919000024B18BF002743F82070E3E7D4430020B8
:1091A0006E250020EA4F00209225002038B50B4B99
:1091B0001B78834204460D4604D8094840F25B21DF
:1091C000EBF7F0FD074804EBC40400EB440029462C
:1091D0000822BDE83840063018F080B96E2500201E
:1091E000FBB90300EA4F002070B5044608460E465E
:1091F00016F0BAF9FF28054610D02046FFF71CFEEE
:10920000FF2807D0084B1B7823B9084B53F82020C0
:1092100043F8252021462846FFF7C8FF314620465F
:10922000BDE87040FFF750BF92250020D4430020D6
:109230002DE9F8430026134DDFF8509080460127B2
:10924000344699F80030A34210D83E430134E4B2CA
:109250001A2C4FEA470705F11205F2D10A4B1B7889
:109260004FF0FF3098403043BDE8F8832B884345EA
:10927000EBD0284616F0DDF90328E6D82B796F2BC2
:10928000E3D8E3E7EA4F00206E2500204D5500208B
:1092900010B5084C00EBC00004EB400423795B07D9
:1092A00007D1204616F0C5F9237923F007031843A8
:1092B000207110BDEA4F0020014B1878704700BFA5
:1092C00093250020014B1878704700BF922500209D
:1092D00070B51A48FEF794FD194B1B78033B012B20
:1092E00028D805F033FB03F0F9FABDE870401348C5
:1092F0004FF47A51FEF7E8BC23798F2B4FEA131114
:1093000011D80131204616F0C4F9062901D80329E5
:1093100009D1237923F00703237100224FF6FF714F
:109320000F2013F0F7F9123401353278EBB29A427C
:10933000E2D8D6E7034C044E0025F6E7D4220020FD
:1093400054550020EA4F00204D550020084B187856
:10935000084B0022D1B2884203F1120300D87047B3
:1093600013F80D1C21F0100103F80D1C0132F1E778
:109370004D550020EA4F00202DE9F047DFF86090BE
:10938000DFF8608099F800400226122700250CE0E3
:1093900007FB05F3002138F803A0504616F05EF9EC
:1093A00010B15CB1013CE4B2013599F80030EAB289
:1093B0009342EDD8A34204D14FF6FF7A5046BDE860
:1093C000F087EBF749FE99F800301B1B012E90FB4C
:1093D000F3F202FB1300C4B2EED00126D6E700BFC1
:1093E0004D550020EA4F002010B5044616F0BCF899
:1093F000FF2808D120460BF0C9FDFF281FBF024BF4
:109400001B78C018C0B210BD6E250020044B054863
:109410001A78054B1B781A449200002118F078B88E
:109420006E250020D44300207525002010B5134B75
:109430001B78834286B00C4612D9114900EBC0005C
:1094400001EB400108220631204618F047F80022BF
:109450000821204615F0CCFE80F00100C0B206E0E5
:10946000C01A01A9C0B20CF0E9F910B1002006B091
:1094700010BD01AB03CB20606160E8E76E250020E2
:10948000EA4F002008B5074B53F820308B420246C4
:1094900006D915204FF6FF7113F03CF9002008BDE6
:1094A0000120FCE7D4430020024B013143F8201097
:1094B000704700BFD44300202DE9F3472B4EDFF85F
:1094C000B4A081460C4600279AF80030FDB2AB42AA
:1094D00010D86946204617F054FAC0B308226946EE
:1094E000484617F0EBFF90B34946204616F0C5FBFF
:1094F000FE2537E006F1060808224146484617F0E7
:10950000DDFF90B94FF6FF739C422BD03388A34206
:1095100028D020460BF03AFDFF2814D149462046BA
:1095200002B0BDE8F047FFF7F5BD14B912360137B8
:10953000CAE73388A342F9D100220821404615F03A
:1095400057FE0028F2D12846FFF7B8FCCCE7494681
:1095500000200BF0EBFCFF28054603D0044B1B78E2
:109560000344DDB2284602B0BDE8F087EA4F002090
:109570006E2500204D55002008B5FFF7E7FE054B8E
:109580001B78013B012B03D8BDE808400CF042B921
:1095900008BD00BF545500200F4B1B7883420CD8E8
:1095A000C01A0E4AC0B232F81030D90411D443F4B4
:1095B000805322F8103001207047094B00EBC000A7
:1095C00003EB40035A79D10603D442F010025A71DA
:1095D000F1E70020704700BF6E250020FA510020FF
:1095E000EA4F0020F0B5134B1B780646FBB112483A
:1095F000DFF84CC090F800E01048077800251F44C1
:10960000E8B2864501D80020F0BD7C1B94FBF3F046
:1096100003FB10440CEBC4003CF83440B44204D1CA
:10962000002AF1D184788C42EED00135E8E7184663
:10963000EAE700BF70250020044600204B550020BB
:109640003044002070B511F0BBF9104E104932883B
:109650000B7830809B1A03449BB21425B3FBF5F4BE
:1096600005FB14330B700B490B78E2B293428ABFAF
:109670009B1A0023DBB20B700749032A9DBF0B68BE
:10968000D200D34000230B6070BD00BF2C520020DD
:10969000D85500204A55002004460020084B186881
:1096A000084B1B78C2B29A4208D2074B1B78C0F312
:1096B0000720984234BF00200120704701207047E6
:1096C0000446002070250020D7550020F8B5054637
:1096D0001746FFF7E3FF064610B9184B1A783AB958
:1096E000212001224FF6FF7113F014F80020F8BD7D
:1096F0001348DFF854C003780133B3FBF2F402FBE4
:10970000143303700F48DCF8002020F8335000EBCE
:10971000C30402F10132A1703846CCF80020FFF7F3
:1097200087FDE670606015F0B5FDA84201D101200B
:10973000DDE7E3780133E370F9E700BF702500202F
:109740004B550020304400200446002010B50B4C3F
:109750000B4A2378063B137011F032F9094B18803D
:10976000094B0A4800221A602278FF21D20017F024
:10977000CFFE074B04221A7010BD00BF70250020D9
:10978000D75500202C5200200446002030440020F1
:109790004A55002048B139B1044B1B780B70044B7B
:1097A0001B7803700120704708467047D65500208B
:1097B000942500202DE9F843074611F0FDF80546F1
:1097C0001B4815F0CFFC1B4B60B31C683C1B2C44A2
:1097D000A4B2194BDFF868901B78184D99F8006017
:1097E00003EB830305EB430500225FFA82F846454D
:1097F0000AD9AB88A34205F10A0016D9B21A0A2386
:109800005A43294617F06AFE013689F80060AC8099
:10981000B8F1000F03D106483946FEF755FA28463D
:10982000BDE8F8831D603C46D3E701320546DCE71E
:10983000F4220020C84A0020DA5500204A4F0020B8
:10984000DB5500202DE9F74F11F0B6F8DFF8BC909A
:109850002B4EDFF8BC80317898F800E0294D1FFAD4
:1098600080FC0746B9F80000ACEB00039BB2002473
:109870000093A0EB0C0001EB810305EB4303724660
:10988000A2460190A3465FFA84FCF4451AD3BAF1CC
:10989000000F00D03170724504D2002088F80020FB
:1098A000FDF7F8F898F800303BB333781648C9F85C
:1098B00000700A2202FB0355A98803B0BDE8F04FEF
:1098C000FEF702BAB3F804C00098844510D893F8A4
:1098D00002C0A3F804B00CF1FF3C0131013A83F857
:1098E00002C0C9B2D2B24FF0010A0A330134CAE74A
:1098F00001988444A3F804C0F7E703B0BDE8F08FF3
:10990000DA5500204A4F0020F4220020C84A0020E7
:10991000DB5500201FB51B4A1B4C1378013BDBB203
:1099200013702068616801AA03C221891180174A57
:10993000127813440A225A4304F10A01204617F010
:10994000CDFD9DF8063013F00F010BD11B09BDF8BA
:10995000040008BF9DF80C10002204B0BDE81040C0
:1099600003F09CBCBDF80800FFF724FF8288ADF827
:10997000082001AA034603CA1288186059601A8198
:1099800004B010BDDA5500204A4F0020DB550020FE
:10999000F8B5094D094F0A4E00243B783178E2B200
:1099A0000B449A4204F1010400DBF8BD2846FDF7A0
:1099B0007FFD0A35F1E700BF4A4F0020DB5500204C
:1099C000DA550020F8B51E46114B07460D461046E5
:1099D00010491A78104B09781B780B44934206DB28
:1099E0001F204FF6FF7112F095FE0020F8BDFFF723
:1099F000E1FE013507808570044610F0D8FF66232C
:109A0000E080237200206672FDF744F80120EDE744
:109A10006D250020DB550020DA5500202DE9F047A8
:109A2000DFF86880DFF8689098F8007099F80050C7
:109A30001449844607EB050E00230A22DCB2744564
:109A40001DDA02FB04F6013331F806A0E24501EB12
:109A50000600F3D1631CAEEB03030A365A433144CC
:109A600017F03CFDA5428BBF05F1FF3507F1FF372D
:109A700089F8005088F800700CB9034B1C70BDE8E1
:109A8000F08700BF4A4F0020D9550020DB55002049
:109A9000DA550020044B054A1B781278D3420CBFDC
:109AA00001200020704700BFDA550020DB55002060
:109AB000024B1878003818BF01207047DA55002093
:109AC00008B50A4B0A48002119700A4B19700A4B55
:109AD00019700A4B1A7802EB8202520017F018FD37
:109AE000BDE808400648FEF78BB900BFDB550020F3
:109AF0004A4F0020DA550020D95500206D2500205E
:109B0000F422002010B50B4C23784BB10A4803F027
:109B100055FD58B1084B0121188815F0A8FC08B96B
:109B2000002010BD054B01221A70FAE7FFF7F2FE84
:109B3000EAE700BFDA5500204A4F0020D95500203F
:109B400010B50E4B1B78BBB10D4C238883424FF0F0
:109B5000000311D10B4A2172137049B9A378103355
:109B6000A37015F0CAFF18B9A37823F00F03A370F0
:109B7000FFF7D0FE012010BD1846FCE7DA550020A3
:109B80004A4F0020D955002010B50446014608224E
:109B9000094817F0A3FC237B022B0AD8002B14BF23
:109BA0003122012205490B709423CB73044B1A70A8
:109BB00010BD00230122F5E7385200203452002066
:109BC0005355002070B5064692B00D460020C97A64
:109BD000FBF78CFF58B395F90A0015F017FB044604
:109BE00038BB154BEA7A83F85820AA7A83F85A20B2
:109BF00001466A46FCF744FF4FF6FE739E424FF063
:109C0000000118BF2B89ADF8066008BF4FF6FF733F
:109C10006A460846ADF80430FDF712FA28B9074B3A
:109C20002A895A80204612B070BD0224FAE78A249D
:109C3000F8E78B24F6E700BFE84900203452002003
:109C4000014BD873704700BF34520020014B187885
:109C5000704700BF3452002010B5054C2378112BFB
:109C600003D00448DB21EBF79DF84123237010BD9E
:109C70005355002006BA0300064B1B78042B0146FF
:109C800004D1054A137C0533137470470348FEF76B
:109C90001BB800BF5455002034520020142300206C
:109CA00008B50648FDF704FC0548FDF701FC12F075
:109CB00096FDBDE8084001F0B9BA00BF2852002067
:109CC0006E520020064B1878332806D000F0EF00C3
:109CD000A0F143035842584170470120704700BF2C
:109CE0005355002008B5084B00224FF6FE701A703D
:109CF00015F0DCFA4FF6FF7015F0F5FA034BD87B40
:109D0000BDE8084011F06AB95355002034520020D4
:109D100008B5064B187838B10548FDF7C1FF4FF478
:109D20007A73B0FBF3F0C0B208BD00BF4855002005
:109D3000C44500202DE9F0438BB007469DF84890BC
:109D4000154698460E4649B9104605AC0BF01EF96B
:109D500021460BF073FD932818BF2646B9F1000F7A
:109D60000AD1124B1B781BB9284616F02FFED0B92A
:109D700028460DF003FB02E0284616F027FE80F08F
:109D80000104E4B29DF8503002939DF84C300394E6
:109D9000CDE900932A4643463146384615F0C0FCCB
:109DA0000BB0BDE8F0834C46ECE700BF4F550020F8
:109DB0002DE9F04F99B09A46BDF888B09DF89030E3
:109DC000239D0A930E469DF89430069211A9584699
:109DD000099317F0CFF905B3002800F01C816B78C8
:109DE000C3F34003059311AC8C4B1B781AF0800F22
:109DF0000CBF4AF080075746022B17D04FF6FF786A
:109E0000002D40F07D810225584614F05DFE2B4662
:109E10004246214617F036FBB9E0584614F0D5FE0D
:109E20000446002800F0F7800595DDE71EB97C4B5D
:109E30001B78002BE2D02046FEF7DCFA804658461D
:109E400014F0D6FE012838BF0120C3B2079395B3A2
:109E5000281D14F0F8FD81460AF0020320460893FD
:109E600017F0ABF821460B90824600200BF05EF80D
:109E7000089A0B9B0ABBFF281FD1F2F719FE694A0B
:109E80001278824200F029810B9B4FF6FF729342B9
:109E900013D10DF017FA002800F01F814FF6F77369
:109EA000994522D915F0B9FE13A98246FEF7BEFAEC
:109EB0000028F7D02DE0C146CEE74FF6F772914566
:109EC00020D8934211D899450FD0194622460CA8A4
:109ED0000DF0AEF90C980D9915AB03C30221BDF836
:109EE00038201A8015A80DF02BFB13A94846FEF761
:109EF0009DFA024628B9082113A815F079F900281F
:109F000064D0CA460AF1FF339BB24FF6F672934211
:109F1000C8D8059B1BB9444B1B78002B5FD1584612
:109F200014F0D2FD079B01930123009352463B4658
:109F300021460DF0D7FA4FF6FF739842804600F0A5
:109F4000CC80014600220CA80DF072F90C980D99F6
:109F500015AB03C30221BDF838201A8015A80DF0F7
:109F6000EFFA002D3FF450AF002E40F0CB80454675
:109F70000123CDE90163C7F3C007059B0093424667
:109F8000069803972B46214615F0CAFBA846059B69
:109F90007BB14FF6FF7398450BD040460AF0F6FFB1
:109FA000FF281FBF214A32F8103023F4804322F8E3
:109FB00010300A9B7BB315F06DF9269B0093014688
:109FC0002346099842460CF0AFFC24E0082213A96E
:109FD000204617F073FA00287FF464AF91E7002D54
:109FE0005ED0134B1B68980727D5069B0F2B21D0FB
:109FF000281D14F028FD02230121CDE90131C7F30A
:10A00000C007002302460093069803974FF6FF739C
:10A01000214615F085FB19B0BDE8F08F535500209F
:10A02000485500204C5500204F550020FA51002083
:10A0300018460020099B012BDAD1281D14F003FDDE
:10A0400081460AF0A3FF0B90484615F08DFA4FF6B3
:10A05000FF72904552D0C8450B9B4FD1FF2B46D085
:10A06000184616F0D0FC784010F0EF0F14BF012313
:10A07000002340460B930AF089FF0890404615F0F4
:10A0800073FA0B9B56B14FF6FF71884506D0C84551
:10A0900004D0089A0240D2B2FF2AA9D1002BA7D13E
:10A0A000224651460CA80DF0C3F80C980D9915AB3B
:10A0B00003C35846BDF838201A8014F005FD079BED
:10A0C00001463A4615A80DF0D7F930B9BDF85C80C5
:10A0D0004FF6FF7398457FF444AF4FF6FF789DB17C
:10A0E0000126281D14F0AFFC4546804640E7FF28B6
:10A0F00004D0089BB3FA83F35B09BAE70023B8E7FF
:10A100000226EEE70026ECE701257DE6014B002262
:10A110001A7470473452002008B50B4B1B78022B81
:10A1200010D10A4B1B78033B012B0BD9084B187835
:10A1300000F001000DF0A2FB064B00225A609A606D
:10A140005A8008BD0020F3E75355002054550020E5
:10A15000485500203452002038B5174D2B78033B6A
:10A16000012B1CD8154BB3F868204FF6FF739A42A9
:10A1700015D10320FDF766FF02F0A2FBFFF7CCFF2D
:10A180002B78033B012B01D909F080F80020FBF765
:10A1900069FC78B1BDE83840002014F0B8BDFDF787
:10A1A0003BFF0446FDF732FF0146204608F00EFA59
:10A1B0000220DFE738BD00BF54550020E8490020E9
:10A1C00008B5114A114BD8731378032B1BD0D3B1A8
:10A1D000332B01D0432B10D10D4B1B78033B012BAC
:10A1E00005D803231370BDE8084010F0F7BE10F047
:10A1F000F5FEBDE80840FFF7AFBF21231370BDE8AF
:10A20000084002F073B908BD5355002034520020B5
:10A210005455002038B504461248FDF7F1FD124BA5
:10A220001B78013B012B1BD8104D54B92B781BB167
:10A230002C709D2010F0D2FE0024FFF76DFF204609
:10A2400038BDFF2C05D04FF47A7106486143FDF705
:10A250003BFD2B78002BEFD101232B709C20E9E7ED
:10A260007024EAE7C44500205455002048550020DA
:10A2700038B5114D2B78834218BF2870044612F070
:10A280004CFF80B124B9204612F049FF02220DE0B4
:10A29000012012F044FF2B781A1F012A05D9062B42
:10A2A000F4D1032202E0002CF5D101220021BDE807
:10A2B0003840084615F047B95455002030B585B0F0
:10A2C000044668460D4615F015FA94B1002128465B
:10A2D000144A15F06CFB144B20681B788DF8043081
:10A2E000124B61681B788DF8053002AB03C306F092
:10A2F0007BF90F4B93F8582093F85A308DF80320D0
:10A300008DF8023014F0E3FFADF8000014F0C2FF46
:10A310001023ADF80600072269460020FDF7EAFD8C
:10A3200005B030BD00F8FF0763250020545500201C
:10A33000E849002010B5134B1A78134B044600204F
:10A3400083F85820FBF78EFB10B1002014F0DFFCDF
:10A3500000210846FFF7B2FF0C4B1B78033B012B93
:10A360000DD812F0CEFE2046FCF7A2FE9B2010F086
:10A3700035FE074A00231380064A138010BD0BF0F8
:10A38000E1FBF0E7DC550020E849002054550020AF
:10A39000105200200E52002010B501460446002045
:10A3A000FBF7A4FB90B10C4B1B78023B032B0FD89F
:10A3B0000A4B1C70FCF7BCF960B9094A0949FCF763
:10A3C000BDFB002814BFA120002010BD8A20FCE79F
:10A3D0007020FAE73D20F8E753550020DC550020B7
:10A3E00081DA010035A30100F8B50646FCF7A0F9B3
:10A3F000044668B9FBF736FB50B1064D204695F888
:10A40000587085F8586014F082FC10B185F85870C7
:10A410003D20F8BDE84900201FB50446684615F008
:10A4200069F99DF805305A1E052A09D8054A9DF894
:10A4300004101278914203D12370002004B010BDA3
:10A440009320FBE7632500202DE9F041294B1B7881
:10A45000012B80460E46174649D0274B1D78022D0A
:10A4600006D0032D43D118B9244B1B689B073ED45B
:10A470003320FDF7E7FD01F0DDFCB6F1006F36BFDC
:10A480001F4B05221A7831460620FEF763FA10F0BA
:10A49000FF0425D11B4D01202C7300F023FF14F085
:10A4A00016FF68802846B8F1000F0DD0022300F88F
:10A4B000043B15F0C9F96C73AF733946304612F09E
:10A4C0006AF92046BDE8F081012300F8043B15F04D
:10A4D000BBF96C73AF733946304612F05BF9F0E7A5
:10A4E0002846FDF7AFFDB8F1000FF4D0E5E7702482
:10A4F000E7E700BF545500205355002018460020C0
:10A500009525002034520020034B187818B9034BCE
:10A51000034A1B78D05C70475255002054550020E8
:10A52000FBBA030038B5174B1B78033B012B0446DD
:10A5300006D8437BDB0703D590F9090012F0E0FD54
:10A54000114B002583F859502079FFF74DFFFFF795
:10A55000DBFF618824880346224628460DF0A8F9CF
:10A56000044620B19420FFF72BFE204638BD074D4E
:10A5700007489423C821EB73FDF7A6FB03232B7434
:10A58000F3E700BF54550020E84900203452002072
:10A5900014230020F0B5184D93B00646A5F86800C6
:10A5A0000C4605F16A0709BBC5F86A1079600021FD
:10A5B0006A460846FCF764FAD5F86A30CDF81230DE
:10A5C00000217B68CDF816306A460846ADF8106069
:10A5D000FCF736FDB5F868004FF6FF73984203D0DC
:10A5E00014B1064912F0DAF813B0F0BD082238466B
:10A5F00016F074FFDBE700BFE8490020524A002054
:10A600002DE9F041DFF8BC801F4698F80030054680
:10A610000C4616461BB170252846BDE8F081531E36
:10A62000052BF8D8FCF784F80028F4D13B7B032BEA
:10A6300014D14FF6FE739C4212D1012E09D0022E86
:10A64000E9D114F027FE4FF6FB73984203D814F0BB
:10A6500021FE044604E015F0E0FAFAE7012EDAD014
:10A66000EDB939462046FFF7ADFA05460028D3D1AB
:10A6700098F80030332B03D0532B1CBF0F4B98732B
:10A680003046FFF7F5FD00214FF6FF70FFF782FF20
:10A690000B4B1B78002BBFD00BF028FABCE7397BA3
:10A6A000CB1E594206F1FF3259415042504107F04A
:10A6B00035F805460028D4D0AEE700BF345200205C
:10A6C0009625002053550020F0B51E46184B07462E
:10A6D00087B00C4601F1140051F8045B43F8045BA9
:10A6E0008142F9D109881980D4F80E00D4F81210EB
:10A6F00023886D4603C5ADF8083023798DF80B30FB
:10A7000000238DF80A208DF80C303A466B464FF640
:10A71000FE710120FFF774FF40B96846FFF734FA75
:10A720002046FFF7FFFE08B9024B1E7007B0F0BDD0
:10A7300046520020E65500201FB5144B1B88DB074E
:10A74000044607D44FF6FF700021FFF723FF0020D7
:10A7500004B010BD0A231A4601A90120FDF7CAFB67
:10A76000BDF80C204FF6FF739A42EBD00822FF2170
:10A7700001A814F03DFD0028E4D10CB90120E7E761
:10A78000BDF80C0001A9FFF705FFF7E760520020B4
:10A7900038B50C46154614F089FD03F07DFF2946B7
:10A7A0002046FFF7F7FE00F097FD48B1074BDB7935
:10A7B0000E2B28BF0E230133DBB2054A137038BDC0
:10A7C000044B1B78013B18BF0123F6E746520020DB
:10A7D000FD5500205455002038B5002208210446BC
:10A7E00014F006FD0546C8B914F054FD2A464FF68C
:10A7F000FF71FFF7CDFF217C2046FFF75FFD626907
:10A80000E189207C15F0D3F8054B1B78012B01D191
:10A8100007F0ECF8FFF7A0FC002038BD0120FCE7B2
:10A820005455002038B51D46FFF7EAFE0446D0B95E
:10A830002B7B032B284603D1BDE83840FFF7CCBF64
:10A84000FFF7A2F9094B9C8114F005FD084B01218B
:10A850001A7881400620FEF77DF8254610F0FF04A7
:10A860001CBF044B1D70204638BD00BF3452002071
:10A87000952500205355002030B5012087B0FFF703
:10A880005BFF154A0446516810686B4603C384B9E0
:10A8900005F0B8FE02A814F02DFFBDF80E004FF62B
:10A8A000FF7522462946FFF773FF11F07DFF07B0C1
:10A8B00030BD0A4AD2F86A00D2F86E10B2F8685079
:10A8C0006B4603C305F09EFE02A814F013FFBDF80B
:10A8D0000E006A46E6E700BFF47A0300E84900206C
:10A8E00073B53A4B1B7804461BB17024204602B066
:10A8F00070BDFBF71DFF0028F7D100F0FDFC14B17F
:10A90000334B22881A800DF10700FFF785FD0028E0
:10A9100058D114F08AFF04460028E7D12D4D9DF848
:10A920000700FFF7A5FC2B785A1E012A1FD8FFF756
:10A93000A3FF2B78033B012B01D801F029FAFFF785
:10A940000BFC012014F052FC00283DD12B78033B76
:10A95000012BCBD81E4B188810F0020524D01E49BD
:10A960000522012002B0BDE87040FFF76DBD033B3A
:10A97000012B04D82046FFF7DFFE0028D7D12B7823
:10A98000053B012BB2D8FFF777FFFFF7E5FB2B78EC
:10A99000052B0CBF04200520FDF754FB012002B05D
:10A9A000BDE8704014F022BC0C4E02230B2231464D
:10A9B0000120FDF79FFA33885B0797D5284601F001
:10A9C000FBF993E7932491E704468FE75355002062
:10A9D000605200205455002000F8FF070C52002060
:10A9E0002DE9F3476D4D6E4E012307466C486B739E
:10A9F0008846144600F020FC12F084FB38B9012F81
:10AA000001D9042F10D12146404610F01DFB102023
:10AA100000210AF0C1FB002800F0B780002002B03E
:10AA2000BDE8F047FCF736B8002CF0D15D4B1B7841
:10AA3000212B03D0062B01D0532B02D101F056FD60
:10AA4000E5E7FDF7CDFB0028E1D000F045FC38B983
:10AA50002B7B002B0CBFAB209420FFF7B1FBD6E77C
:10AA6000514B0193304600F0E7FB20B14F4840F6D0
:10AA70006901EAF797F94949307B01AA12F01EFBF8
:10AA800095F80090B9F1000F03D14548FFF74AFD52
:10AA9000BDE7DFF83881DDF804A014F0FBFB98F87F
:10AAA0000030033B012B044606D8737BDB0703D53C
:10AAB00096F9090012F024FB14F0ECFB3C4B3D4FDF
:10AAC000188014F004FC3C4B1880FDF79FFA3B4BB8
:10AAD0001880FDF7A1FA08220146394816F0FEFC5D
:10AAE00014F0B9FB374B18703079FFF77DFC708894
:10AAF0000021FFF74FFDFDF773FB60B1631E9BB2B2
:10AB00004FF6F672934206D915F087F8B7F8683019
:10AB100083420446F8D0204614F0C8FB308814F075
:10AB2000E2FBB7F868004946D047044608B9182048
:10AB300093E7B7F8681014F006F8002387F8593047
:10AB40002B7803F0FB03022B02D0204614F0D8FD33
:10AB500000231A4619462046FEF734FF98B1942385
:10AB6000EB7398F80030042B06D11748C821FDF785
:10AB7000ABF803232B744AE713484FF41671FDF723
:10AB8000A3F80023F6E7942067E7FEF791FF00287B
:10AB90007FF444AF02B0BDE8F08700BF345200201C
:10ABA000465200205355002087F8020006BA0300E1
:10ABB00032520020E8490020305200202E5200205E
:10ABC000DD550020E55500201423002054550020B9
:10ABD0007FB5194E194D00243278E3B29A4201D85C
:10ABE00004B070BDB5F868204FF6FF739A421AD0D2
:10ABF000134B1B88DB0714D5124AB5F86830106870
:10AC00005168ADF80C3001AB03C30A231A4601A901
:10AC10000020FDF76FF90C4902230B220020FDF7FD
:10AC200069F90134D8E707480022082114F0E0FA56
:10AC30000028F6D1DCE700BF6F250020E84900209E
:10AC400060520020524A00200C52002010B501F042
:10AC5000F1F802F003F8D8B10E480F4CFDF7D0F828
:10AC60000E48017A0E30FFF729FB23781BB100F064
:10AC7000C5FA002323700A4B00221A73FFF76CFAFF
:10AC800008F008FD01F060F9BDE81040FFF7A0BF33
:10AC900010BD00BF14230020E655002046520020BE
:10ACA0003452002010B52548FDF7AAF801F0D6FF70
:10ACB00030B1234B1B781BB9BDE81040FFF7C6BF6E
:10ACC00001F0CCFF78B11F4C237C83B11B48C82115
:10ACD000FCF7FAFF237C013B23740021BDE8104000
:10ACE0000846FBF741BFFDF77BFA0028EBD1FDF7E3
:10ACF00077FA154B1B7858B9112B03D003F0FD03DD
:10AD0000412B19D10F4BBDE81040D87BFFF758BA43
:10AD1000332BF7D10D4B188814F0C8FA0C4B188858
:10AD200014F0E1FA0B4B0C491888FFF733FC0B4B7E
:10AD30001878FFF759FBE5E710BD00BF142300208A
:10AD40004F5500203452002053550020325200202D
:10AD5000305200202E520020DD550020E555002005
:10AD60002DE9F04F85B00F4602AD0446294638461E
:10AD7000914616F0FFF94FF0000B82463846CDF8A9
:10AD800004B013F0A9FF4678022C804606F00206B4
:10AD900009D85CB1FDF724FA044600283CD1734B76
:10ADA00001241B7859E0043C022C2ED9FDF718FA37
:10ADB000384613F00AFF0024DFF8B4A10546A04688
:10ADC000384613F089FF50F8093001930DF1050062
:10ADD00013F039FE9DF807B00746B8F1000F09D00F
:10ADE000BAF1000F06D062490822504616F066FB01
:10ADF000002851D1BBF1000F34D14FF6F7739F42B9
:10AE000030D99420FFF7DCF946E014F0C2FCFDF7DE
:10AE1000E7F90446F8B15C464EB1564B1B78012B5E
:10AE200002D0043B012B0BD805B0BDE8F08F4F4B8F
:10AE30001B782BB14F4B1B7803F0FB03022BF3D095
:10AE4000BAF1000F404608BF002516F086F94FF012
:10AE500001088246B4E7454B1B78002BF0D0002E4A
:10AE6000EED1E1E7DFF8049199F8003003B11EB3A9
:10AE700014B3414B1B78022B1ED1BBF1000F14D130
:10AE8000384614F013FA58465946FFF717FA08F0F7
:10AE900001FC992010F0A2F80020FAF7E3FD002849
:10AEA000C2D0002013F033FFBEE7FDF799F948B197
:10AEB0003248FCF7A5FFA4E7FDF792F910B1BBF10A
:10AEC000000FF5D1FDF78CF90028E5D02846FDF7F5
:10AED000B3FFFF28DFF8A0A0294C03D09AF8003078
:10AEE000012B04D1B4F868002946FEF713F9FEF7E8
:10AEF000CFF92A46B4F868103846FFF749FC214BD1
:10AF0000214A93F906301B0213809AF80030012B76
:10AF100018D0312B14BF432311238AF800301B4B68
:10AF200016481968134CFCF7CFFE00F031FF99F872
:10AF300000100023237439B91048FCF7C5FEAD2377
:10AF4000E373A9E71123E8E7B8F1000F03D016B1C6
:10AF5000FFF77CFEF3E70E4B1B78042BEFD107487D
:10AF60000521FCF7B1FE09232374E8E74F550020C3
:10AF7000CA550020345200205355002014230020CD
:10AF8000E8490020465200205E5200203423002071
:10AF9000545500202DE9F04308468FB00D4613F0BC
:10AFA0009BFE092200218046FBF7F6F8044628465E
:10AFB00013F00BFE0DF10D030746052206A92846E6
:10AFC00011F0F7FB022881461CD09DF80D301C447F
:10AFD000E4B204F110020023D2B22946012018F88D
:10AFE00004600FF088FF68B1072E09D856B1013E02
:10AFF000062E07D8DFE806F00918067B0625410073
:10B000007C2E45D00FB0BDE8F083534B1B78013B3D
:10B01000012BF7D8284613F057FD002300942A4649
:10B02000194614F0BAFBEDE74C4B1B78012BE9D124
:10B030004B4B18780028E5D122462946FFF790FEB1
:10B04000E0E7454B1B78013B012BDBD8384609F084
:10B050004BFF4FF6FF739842044606D0284613F084
:10B0600033FD2246394616F0FCF93C4B1B78022B87
:10B07000C8D1384610F066F9C4E7374B1B78013B5E
:10B08000012BBFD806AA4946284600F047F9B9E780
:10B09000314B1B78013B012BB4D8A04498F8012018
:10B0A00098F80230652AADD16D2BABD12846FCF75C
:10B0B000F5FB1334E4B28442A4D20822394604A832
:10B0C00016F00CFA0DF10E022146284615F093FFFA
:10B0D000002897D1BDF80E10002993D0214C0123F0
:10B0E00004A8237010F0A7F8002323708AE71A4BF6
:10B0F0001B78013B012B85D8062200214046FBF737
:10B100004BF8404413F09FFC07460CF0A9F80446A6
:10B1100000287FF477AF284613F0D1FCC3047FF5F5
:10B1200071AF46F20403ADF81030CDE900440223BC
:10B1300004AA0121384615F0ADFF064600283FF469
:10B1400061AF394613F0FFFC284613F0BDFC2246E0
:10B150003146FDF7F1F955E75455002053550020CD
:10B160003452002018560020064B187040B1064B90
:10B170001B882BB14FF47A7104485943FCF7A4BDE6
:10B18000704700BF465500200C250020C444002015
:10B19000014B1878704700BF4655002008B5FCF7F2
:10B1A0002FFE024B00221A7008BD00BF465500203A
:10B1B00084B010B502AC84E80F000F4CBDF8082035
:10B1C00063889A4204D00020BDE8104004B0704764
:10B1D0000822211D0DF1160016F070F90246002814
:10B1E000F1D10821201D14F003F80028EBD160886C
:10B1F000003818BF0120E7E734520020034A044812
:10B2000000231380034A1370FCF7FABD625200203A
:10B2100038230020F155002008B50348FCF7F0FD65
:10B22000BDE80840FFF7EABF382300200148FCF7DB
:10B230003FB900BF6252002037B5054698B10C4BAC
:10B240001B7893B100210B4813F095FD00240146B3
:10B25000162300942246284613F0C3FE064B2046D0
:10B260001C7003B030BD0220FBE77020F9E700BF7F
:10B27000F155002062520020E7550020F7B5054641
:10B2800018B3134C13482378124F01330021237055
:10B2900013F071FD00260146237819B9013B237094
:10B2A00001200AE0F2B2934209D10024009416234F
:10B2B0002246284613F095FE204603B0F0BD3846DE
:10B2C00013F0AFFD01360146E6E70220F5E700BFC7
:10B2D000E755002062520020014B1878704700BFEC
:10B2E000F155002025289DBF024B18700020022038
:10B2F000704700BF9825002007B5012318460D228E
:10B300000DF10701FCF7F6FD9DF80720024B1A70BE
:10B3100003B05DF804FB00BF0E250020F8B507461A
:10B320000E46144613F051FC194B1B78022B0546B0
:10B330002CD1184813F016FF40BB284611F054FAE0
:10B3400020B322463146384611F04AFAF0B1E9F707
:10B3500083FE0446384613F0B7FB0F4B1A780F23D1
:10B3600093409BB2B4FBF3F203FB12440134012E71
:10B37000A1B206D1094B0A4A1E702B6813606B6894
:10B380005360BDE8F8400348FCF79EBCF8BD00BF21
:10B3900053550020E445002097250020F05500205B
:10B3A000E855002084B010B502AC84E80F002848AE
:10B3B000089C08220DF1160116F080F808BB9DF8D4
:10B3C00015309A0705D4234B1B7803F0FD03312B6E
:10B3D0001DD121496378097803F00F028A4203D016
:10B3E000012922D1022A12D1227882B91B09022B0B
:10B3F0000DD11A4BA0781B78022B1AD1C0F3800014
:10B4000006E013480022082113F0F2FE20B90020C4
:10B41000BDE8104004B07047114BBDF808205B88B0
:10B420009A42CCD0002BCAD0F1E70229EFD1012AF1
:10B43000D9E7030609D40B4BB3F86820BDF80A30EE
:10B440009A42E4D1FEF73EFCE2E70120E0E700BFCC
:10B450003852002053550020632500205455002009
:10B4600034520020E8490020F0B5284B87B05D88B1
:10B4700000238DF80830264B1B780DF10B0043F0AC
:10B4800020038DF8093014F0DFF96FF07F43ADF839
:10B4900013308DF8153014F07FFA1E4B8DF816001E
:10B4A0001B78DB00DCB2F1F703FB1B4B1B7805F0CC
:10B4B0000107834205F010062CBF44F0040344F05A
:10B4C00084032FB1A9061ED426B143F0020301E084
:10B4D000AA07F9D4002108468DF80A30FCF788FA4B
:10B4E000ADF8060058B101230F2202A90DF10600A4
:10B4F000FCF704FB18B90DF1060011F0DCFDBDF8F6
:10B50000060007B0F0BD43F00103DDE70E25002083
:10B5100063250020FD5500204C55002010B5FCF798
:10B520006FFC0A4B1B78022B0CD1094B1B78033B99
:10B53000012B07D9074C207828B1002011F057F9CA
:10B540000023237010BD15F062FFF9E7535500206A
:10B5500054550020F055002084B02DE9F04F89B0FB
:10B5600012AC84E80F00DFF860C1544BBCF8020055
:10B570009DF84DA09DF95220BDF860E09DF86590C2
:10B580009DF966509DF868709DF96A10BDF848B045
:10B590009DF94E809DF850601B7810F0010434D066
:10B5A0009DF86D00C0F34004C0F38000002B48D02C
:10B5B000434B1B78022B09D18A4242DB23D1B81BB3
:10B5C000C0B280288CBF0020012015E03D4B1B78C5
:10B5D000012B00D1BCB178B19CF800301E335BB2B6
:10B5E0009D42D4BF002501259845D4BF00230123E7
:10B5F000AB4206D18A42E1DA09B0BDE8F04F04B0AF
:10B6000070472846F8E70020F6E7840718D5C3B14D
:10B61000490814BF01200020520814BF0123002351
:10B620008342E9D1BB1BDBB2802B0AD9BE42EAD1EF
:10B63000A84506DBE7D1D14594BF00200120DBE718
:10B640000BB90120D8E7BE4216D018AD0FCD02AC21
:10B650000FC495E8030044F8040B2180DDE91601CE
:10B6600012AB0090ADF804100FCB11F01EFD0028B6
:10B67000E7D1BE42A3D1BFE7F34518D00DF1700B5F
:10B680009BE8030018AC0090ADF8041094E80F009C
:10B69000FFF78EFD0028D4D19BE803000090ADF8A1
:10B6A000041094E80F00FFF783FD0028C9D1A845D6
:10B6B000C7DBCAD1D145C4D8C7E700BFF1550020C8
:10B6C00054550020535500200E25002084B02DE94C
:10B6D000F04F8FB06A4E18AC08AD84E80F00162208
:10B6E0000021284615F014FF33783BB90024654B40
:10B6F00032781B789A4239D2002726E06248DFF878
:10B700008891002113F037FB00270446B846002C2F
:10B7100045D13FB15C482246394613F0BDFB337832
:10B72000013B33703378002BE0D05748DFF858B135
:10B73000002113F020FB4FF0000980464F46CA4617
:10B74000B8F1000F6CD1002FD1D01621002218A81B
:10B7500013F0FAFA014648B1002F00F08B804A48F6
:10B76000224613F035FB337801333370454B327882
:10B770001B789A4207D944480022018813F08CFBB9
:10B780003378013B33703378012B03D13F49404874
:10B79000FCF79AFA0FB0BDE8F04F04B070470022F2
:10B7A0002146CDF800801623284613F01AFC1622F5
:10B7B000294618A815F082FE0028EBD09DF86420D9
:10B7C0009DF824309A4225D1BDF86020BDF8203084
:10B7D0009A421FD108220DF12E010DF16E0015F0D5
:10B7E0006DFEB8B90DF1600CBCE80F0002AF0FC7D9
:10B7F0009CE8030047F8040B0EAB398013E9030003
:10B800000090ADF8041095E80F00FFF7A5FE0028A2
:10B81000C0D027462146484613F003FB044676E78E
:10B82000162300224146CDF800A0284613F0D9FB8C
:10B830000DF1600CBCE80F0002AF0FC79CE80300DD
:10B8400047F8040B0EAB398013E903000090ADF804
:10B85000041095E80F00FFF77FFE074620B1B9F10D
:10B86000000F04BF444681464146584613F0D9FABA
:10B87000804665E704483A4613F083FA73E700BF51
:10B88000F1550020982500206252002020BF0200C0
:10B89000382300202DE9F04F9FB010AF002104465F
:10B8A000162238460E91CDE90C11CDF83B1015F05B
:10B8B0002FFE0DF11F03052216A9204610F079FF77
:10B8C0000228804600F00381204613F005FA064660
:10B8D00013F0B9F88146F01C13F0B5F8ADF840004C
:10B8E000701D13F0B0F8B8F1010FADF8420020461A
:10B8F00040F0F08013F0F0F905462046FBF7B2FF68
:10B900000D352D1AEAB23B46214608200FF0F3FA16
:10B91000002800F0DC80204613F0E3F9B8F1010FB5
:10B920009DF84D30834640F0EF8043F00103002541
:10B930008DF84D3016AE04953388022B58D1F1782E
:10B940000231C9B22046FCF77DF91B2850D1F178AD
:10B950000331C9B22046FCF775F9192848D1F178AE
:10B960000431C9B22046FCF76DF94A2840D14FF0A6
:10B97000050AF17801315144C9B22046FCF762F959
:10B98000F17851448046C9B22046FCF75BF900EBE0
:10B99000082083B200F03F02932B059240F0A28072
:10B9A00096F80380D0445FFA88F808F10203DBB20E
:10B9B00004930023049A009321460F230CA813F04C
:10B9C00010FB08F11101C9B2204613F057FB08F132
:10B9D00013010546C9B2204613F050FBADF84200F2
:10B9E000059B023353445FFA83FA33795345C0D839
:10B9F00006360DF17603B3429ED19DF84D20C5F376
:10BA0000C03363F3410220468DF84D2013F0FBF85C
:10BA10008DF84400204613F0EBF88DF845002046E1
:10BA200013F0EBF89DF832308DF84600C3F3C302F3
:10BA30008DF84720DDF83320CDF84E20BBF1190FEB
:10BA4000DDF83720CDF852208CBF9DF83E20002233
:10BA50008DF8482003F003028DF84A206F4A1278CF
:10BA6000022A9DF84D200CBFC3F38003DB0963F36A
:10BA700082026B4B8DF84D201B78022B59D1BDF8FB
:10BA8000406013F024FC864253D108A813F0DCFE7A
:10BA9000BBF1190F4AD908220DF14E0108A815F083
:10BAA0000DFD00283FD1B9F5004F02D0B9F5624F26
:10BAB0000DD125F4404540F6FF739D4207D1002289
:10BAC00008210DF14E0013F093FB002841D01FB068
:10BAD000BDE8F08F13F000F905462046FBF7C2FEE3
:10BAE00007350EE7412B7FF47BAFF17802315144EB
:10BAF000C9B22046FCF7A6F84A4B1B78C3F1B30342
:10BB000018448DF849006BE76FF30003F01D8DF8C2
:10BB10004D3012F098FF0CA90546204613F0DCFECC
:10BB20000023049369E700F07FFFBCE700F07CFF8F
:10BB3000CDE7B9F5004F02D0B9F5624FC7D125F472
:10BB4000404540F6FF739D42C1D1BBF1190FBED9EC
:10BB5000B5E7BBF11A0F06D004991F313A46C9B2B6
:10BB6000204611F0AAFA304C304D637BDBB12B78C4
:10BB7000012B1DD1012323730CAB029314AC94E869
:10BB800003000090ADF8041097E80F00FFF70AFCDF
:10BB900090B194E803000090ADF8041097E80F000E
:10BBA000FFF794FD08E0FCF71BFB0028DFD0E1E77E
:10BBB00003F0FD03042BDDD02B78012B01D0042BE7
:10BBC00085D11B4BDDF84E001B788DF82230BDF877
:10BBD0004030ADF820309DF84D30DDF85210C3F301
:10BBE00040038DF823309DF8313003F00F038DF8BA
:10BBF0002C309DF848308DF82D3009AB03C30D4B28
:10BC00001B681BB1394608A8984760E79DF9462094
:10BC10009DF8451008A80FF002FA58E75455002087
:10BC200053550020F855002034520020D4550020F0
:10BC3000F7550020C04A00202DE9F043424B434C09
:10BC40001B78033B012B85B022D80EF0B5FE23787C
:10BC5000022B31D13E4A1468A0422DD03D491060DC
:10BC60000A68121B10443C4A0860127872B1013A0B
:10BC700093403C2253434FF47A72534398421BD96A
:10BC8000032005B0BDE8F043FCF7DCB90A23F2E776
:10BC90000EF092FE2378022B0ED12D4A1568A84291
:10BCA0000AD0DFF8C0802D4E1060451B002798F8A1
:10BCB0000030FCB2A34202D805B0BDE8F08356F8CC
:10BCC00024302B4446F82430204609F0EFF9C3070E
:10BCD0004FF0000910D5204609F0B6F970B156F8BA
:10BCE0002430242B08D9CDF80090102200232046C0
:10BCF00009F0FAF946F824900137D8E7184B1B5D94
:10BD000013F00F031FBF03F1FF32022393403C22C5
:10BD100014BF53430A234FF47A72534356F8242036
:10BD20009A42E9D9204609F0AFF802A914F029FE99
:10BD300028B1204609F0A8F802A910F030FD2046ED
:10BD400014F0B4FED8E700BF54550020535500202E
:10BD5000104600200C4600205E250020A84400204C
:10BD60000E55002075250020064B1B88DB0708D5E3
:10BD7000054B002243F82020044A135C63F00F03B4
:10BD80001354704764520020A84400200E55002030
:10BD900008B50EF011FE034B1860034B00221A6029
:10BDA00008BD00BF104600200C460020014B18685B
:10BDB000704700BF0C46002008B50C48FCF720F87F
:10BDC000FCF792F980B10A4B0322B3F86810012006
:10BDD00011F093F9074B05481B884FF47A715943CA
:10BDE000BDE80840FBF770BF08BD00BF5823002026
:10BDF000E8490020F4240020014B188000207047FF
:10BE000012250020044A054B1870138823F0030301
:10BE10001843108000207047645200205F250020E6
:10BE2000034B1888C0F30E00003818BF012070477C
:10BE30000C52002008B5FFF7F3FF30B10449002091
:10BE400002230B220880FCF755F8002008BD00BF34
:10BE50000C520020024B1888C0F30E00704700BF40
:10BE60000C520020084A094900231370084A137035
:10BE7000084B094A1B7843F0040313800120022376
:10BE80000B22FCF737B800BFF45500200C520020FD
:10BE9000F35500205F2500206452002013B514469E
:10BEA0008DF80710CAB9CAB20E2A16D80D4B1B88D6
:10BEB0001341DB0711D509F069F8FF2801460ED0C0
:10BEC000094B9DF807201A5401230DF107021B208E
:10BED0000EF0AAFD204602B010BD0124FAE70224AC
:10BEE000F8E700BF122500200E55002030B585B0C0
:10BEF0000024114D019401210B2300918DF80C3089
:10BF00008DF80D000323B5F868008DF80E4003AAE4
:10BF100015F0C0F868B1B5F8681013F0EBFD40B14A
:10BF2000064B074805221A70064B64211C70FBF76C
:10BF3000CBFE05B030BD00BFE8490020F35500201E
:10BF400078230020F4550020064B1B78033B012B7F
:10BF500006D8054B1B781BB9044B1878FFF7C6BFF2
:10BF6000704700BF54550020F25500205E25002088
:10BF700008B51548FBF744FF144B1978F9B9144A72
:10BF800013787BB1013B1370124B1B78042B02D149
:10BF90000846FAF7E9FDBDE808400B484FF49671F2
:10BFA000FBF792BE0C4B1B8803F00303022B0AD154
:10BFB000BDE80840094903220120FEF745BABDE863
:10BFC0000840FFF7C1BF08BD78230020F4550020CA
:10BFD000F3550020545500200C52002000F8FF07B4
:10BFE0001FB50C238DF80C300B4B8DF80D001B8802
:10BFF00023F004030C468DF80E3001210023CDE917
:10C00000001303AA0323204615F044F810B121467B
:10C0100013F070FD04B010BD64520020F8B5064660
:10C0200012F0BDFD0546304615F058F8411C044697
:10C03000C9B23046FBF706FE02340746E1B230468D
:10C04000FBF700FE394602462846FFF727FF022885
:10C0500016D02946FFF7C4FF0A4B1B8803F00303E1
:10C06000022B0DD1284608F091FFFF2808D0064B7F
:10C07000002243F82020054A135C63F00F03135499
:10C08000F8BD00BF64520020A84400200E550020D7
:10C09000084B1A785AB1013A022393404EF66022B7
:10C0A000534303210448B3FBF1F1FBF70DBE42F209
:10C0B0001073F6E75E2500207823002070B5054652
:10C0C0001748FBF79DFE174B012228461A7015F002
:10C0D00005F8411C0446C9B22846FBF7B3FDA11C74
:10C0E0000646C9B22846FBF7ADFD0F4C022320805F
:10C0F0000B2221460020FBF7FDFE86B9238803F0C2
:10C100000303022B03D1FFF743FEFFF7C1FF238890
:10C110005B0704D5BDE870400448FFF74DBE70BD15
:10C1200078230020F45500200C52002058230020D2
:10C130002DE9F0411A4C238886B005464BB3DFF851
:10C14000688000214FF4807009F08EFA98F8003072
:10C15000DB071CD501212088FBF70EFC0746208851
:10C1600012F0BAFD023012F06EFC03A906462088D8
:10C1700015F0BCF898F8003013F0020F18BF002536
:10C1800000953B4603AA314606200EF075FE0023BB
:10C190002380044806B0BDE8F041FBF731BE00BF84
:10C1A0006A52002098230020F55500202DE9F04721
:10C1B000384F3E8880460C4615469946002E48D09A
:10C1C000104612F097FCB0F5006F42D1284612F0ED
:10C1D000A4FC824608F0DAFEFF283AD02CB12E4AA1
:10C1E00032F81030334322F81030B6F5007F44D0D7
:10C1F000B6F5806F41D0B6F5807F2AD1274B1B88DA
:10C20000AB422AD14FF6FF718A4522D0284612F060
:10C210009AFC304609F056FA78B9402C1BD008D861
:10C22000CCB13F2C08BF312018BFD220FFF780FFD0
:10C2300009E04C2C08BF8D20F6E70220002108F011
:10C24000ABFF0028E9D1164A00231380154A3B8032
:10C250001370BDE8F0872046E8E7114C2388AB4215
:10C26000F7D14FF6FF718A45F3D025B1284612F079
:10C270006AFC002323800023E8E70A4A00231370A6
:10C280003B802A464B4621464046BDE8F04713F026
:10C2900041B900BF66520020FA5100206A520020C6
:10C2A00068520020D955002010B50446CA20FFF777
:10C2B0003FFF01214FF4807009F0D6F958B1064BC9
:10C2C00006481C80064B00221A70064BBDE8104041
:10C2D0001988FBF7F9BC10BD6A5200209823002092
:10C2E000F5550020F6240020044A137818B943F0CD
:10C2F00001031370704743F00303FAE7F55500207C
:10C300002DE9F04FDFF84C9199F8006087B0002ECE
:10C3100040F08C80DFF840B1DFF840A19BF800309E
:10C32000F4B2A34207D8434B00221A8007B0BDE8FD
:10C33000F04FFDF7E7BB20463AF8145008F084FEB2
:10C340008046002860D0204608F09EFD15F400715C
:10C35000074645D001464FF6FF720E2013F0DDFC74
:10C360000546002850D0394612F0EDFB4FF400731B
:10C37000304E33803AF81420002722EA03032AF8CB
:10C380001430102200230097204608F0ADFE2A4BFF
:10C390001B88DB0707D5294B294A43F82470135D16
:10C3A00063F00F0313551820264B009360430021C0
:10C3B000254C01910123205C2A46FAF7F9FB00285D
:10C3C00014BF0123002389F8003005D13388B3F569
:10C3D000807F01D11D4B1880404607B0BDE8F08F2B
:10C3E000680513D5059113F018FC05990122034641
:10C3F0000092CDE901113A460720FDF79BFC4FF46E
:10C4000080630546002DB3D1013687E7104B1888AD
:10C410000028F9D0EA05F7D5394612F094FB0C4B09
:10C420001D880A4B1D804FF48073EBE74FF0000826
:10C43000D2E700BF6652002064520020A8440020CA
:10C440000E550020ADC101002026002068520020BA
:10C450006A520020D955002075250020FA5100208D
:10C4600030B501F0400387B0002B4FF004020546C1
:10C4700014BF012400248DF80C208DF80D1004D079
:10C4800004A914F07EFA40B304ABCDE9004303AA3B
:10C4900002230121284614F0FDFD0446F8B1114B9A
:10C4A0001B78033B012B04D80F4BB3F8681012F034
:10C4B0004AFB4FF6F7739D420AD90023322202212C
:10C4C0002046FDF77FFA80F00100C0B207B030BD12
:10C4D0002946204613F00EFBF5E70120F6E7182069
:10C4E000F4E700BF54550020E849002010B5FFF7DD
:10C4F000A1FC04F0E1FE13F0FBF8002014F038FA80
:10C50000FAF716F908B1FCF7D1FA1F4C2378532B30
:10C5100010D1032300210120237013F0A0F9002083
:10C52000F9F7A0FA10B1002012F0F1FBBDE81040BD
:10C5300010F0E7BD062B01D0212BF0D1012013F024
:10C540005AF94FF6FE7012F0B1FE4FF6FF7012F07E
:10C55000CAFE0020FDF75EFE0020FDF789FEFDF714
:10C56000DBFD00F061FB10F0CFFD2378212B02D121
:10C57000FDF7B8FBD3E70020FBF764FD00214FF483
:10C58000004013F0E2FFCAE75355002010B50A4CF3
:10C590000A48FBF735FC2378062B02D1012013F063
:10C5A0002AF92378062B01D0532B03D1BDE8104084
:10C5B000FFF79CBF10BD00BF53550020B8230020DB
:10C5C0002DE9F84FDFF8CC8004460E461746FFF7FA
:10C5D00031FC98F8005015B97020BDE8F88F212D76
:10C5E000FAD0DFF8B49099F80030012B01D1A306FE
:10C5F000F2D4274812F0B6FD0028EDD114F0200443
:10C60000DFF898B0DFF898A005F00F0539463046FE
:10C610001BD010F0C2F8012D8BF80070AAF8006052
:10C6200033D1212388F80030FFF760FF0020D4E7E2
:10C63000212388F80030FFF759FF00214FF6FE70E4
:10C64000FDF7A8FFFEF7C4FAF0E710F0A5F8012DFA
:10C650008BF80070AAF80060EAD0062321464FF656
:10C66000FD7088F80030FFF7FBFE99F800300848AD
:10C67000033B40F6020240F22621012B88BF1146FF
:10C68000FBF722FB002CD1D1D7E75323E6E700BF0D
:10C69000B82300205355002054550020F6550020A3
:10C6A000142500202DE9F3410F46511CC9B205465F
:10C6B0003846FBF7C7FA0446384612F00DFB06462B
:10C6C000023012F0C0F9414B1B78022B804604F077
:10C6D000400202D0043B012B06D83D4B1B68580298
:10C6E00005D5A10603D48AB302B0BDE8F0816AB3D0
:10C6F000384A1278D11E01291CD8374BB3F868305C
:10C70000AB42F1D173781F0719D5304614F025FDDF
:10C710003249082214F0D2FEB0FA80F04009002815
:10C72000E2D00122294604F0200002B0BDE8F04129
:10C73000FFF746BF022AD7D1DB01D5D4E2E712F0DA
:10C74000A9FDA0EB080670427041E8E7214B1B7879
:10C75000013B012BC8D87378D906C5D56946384640
:10C7600014F008FD6946002008F0E0FBFF280646AB
:10C770000BD0A20601D413F0DDF8304608F084FB9C
:10C7800004F0BCFD304614F091F9284612F0ECFE9E
:10C79000FF280DD0FCF792FB14F0200608D112F010
:10C7A00079FD28B1334602226946284605F0B4FED9
:10C7B00012F070FD002897D1A30695D44FF6FF73B1
:10C7C0000222694628460EF06EFB8DE75355002085
:10C7D0001846002054550020E8490020CA55002082
:10C7E00038B504460D4608F0D1FBFF28034615D0A6
:10C7F0000B4A127842B10B4A32F81020520403D58A
:10C8000014F054F9002038BD184613F093F845F0A1
:10C8100040012046BDE83840FFF722BE0120F2E784
:10C820004F550020FA51002038B5054612F054FA51
:10C830000446284614F052FC411CC9B22846FBF7B6
:10C8400001FA42060DD563781B070FD5204614F078
:10C8500084FC0146002008F069FBBDE8384014F074
:10C8600025B9BDE838400248FFF790BE38BD00BF8B
:10C87000B823002038B54FF6FF75A842044617D0FC
:10C8800012F025FDA04213D00A4B19884FF6FD7215
:10C8900091420DD9084A1288AA4201D0A24207D17A
:10C8A0001C800648BDE838404FF47A71FBF70CBA9B
:10C8B00038BD00BFFE24002016250020A44500201E
:10C8C00008B50448FBF79CFA034B4FF6FF721A8039
:10C8D00008BD00BFA4450020FE240020024A1378B2
:10C8E0000BB1013B137070474255002008B512F0A0
:10C8F000FAFC064B00214FF6FF7208461A80FDF73E
:10C90000DDFCBDE808409A200EF068BBFE24002044
:10C9100008B5FBF775FA0A4B1B78023B032B08D8C6
:10C92000084A10884FF6FE7398424FF6FF7301D104
:10C93000138008BD9842FCD0BDE80840FFF7D6BF81
:10C9400053550020FE24002010B5084B1B78042B03
:10C950000AD012F09FFC00210446084613F008F8A4
:10C96000231A5842584110BD0020FCE754550020BE
:10C97000F0B589B000260546CDE90566ADF81C6026
:10C9800014F0ACFB0A23024604460096294605A88B
:10C9900012F027FB9DF815309DF814701F2B27D837
:10C9A00003A812F051FF08220DF1160103A814F09C
:10C9B00085FD0646E0B9092F1CD1FFF7C5FFB8B1C8
:10C9C000154B1B78A3B1154B1A884FF6FD739A428D
:10C9D0000ED9134C134A23780433DBB22370127838
:10C9E000013AB3EB820F03DD58B20EF098FC2670CB
:10C9F00009B0F0BD04F10A01C9B22846FBF722F9DB
:10CA000012F0E4FF04F10B01C9B2284612F036FB24
:10CA1000FFF730FFECE700BF76250020FE24002062
:10CA2000425500205D25002038B5134B1B78033B91
:10CA3000012B20D9114B1B784FF6FF71ABB1104D74
:10CA40002B888B4217D112F042FC4EF6602104462F
:10CA50000C48FBF739F94FF6FE732B802246002174
:10CA6000BDE83840092012F0BFBF074A13888B4247
:10CA70001CBF0133138038BD54550020762500209B
:10CA8000FE240020A44500200852002010B50446D2
:10CA900061B1FF2112F0C1F80021204612F0C3F865
:10CAA00011F072FF0146204612F0C3F821460348F8
:10CAB000BDE81040002212F064B900BF6E520020A1
:10CAC0002DE9F0410D461746044612F005F90678A7
:10CAD00028460AF0C5FB29468046204612F033F866
:10CAE00012F0D8FBA84206D120460121FFF7CEFF65
:10CAF0000120BDE8F0812846B8F1000F0BD00AF004
:10CB00003DFC58B915493A4620460978BDE8F04140
:10CB10000023FCF757BF13F059FFF2E706F00306B6
:10CB2000012E08D012F0B6FB00232246294602F05F
:10CB30005DFE0028D8D1204611F0C1FF430505D580
:10CB400020460021BDE8F04112F091BC204613F0D0
:10CB500000FFB0FA80F04009CBE700BF5B25002062
:10CB600010B586B0044614F0B9FA104B02461868A6
:10CB700019790290D3F805005B7A8DF814300132F0
:10CB800000238DF80C100490009321460523D2B2A7
:10CB900004A812F026FA052204A902A814F08EFCBB
:10CBA000B0FA80F0400906B010BD00BF14BA03000F
:10CBB00008B50748FBF724F9064B1B78033B012B0C
:10CBC00005D80021BDE808400846F9F7CDBF08BDEB
:10CBD000D82300205455002008B5114812F0A1FABE
:10CBE000104B1B78012B06D8FF2009F015FCFCF731
:10CBF000ADFD08F0BDFCFCF7C5F902F047F9FFF701
:10CC000031F914F050FC0BF0D7F8FCF759FF0AF09B
:10CC1000E9FE0FF0C6FDBDE8084003F0E9B800BF2B
:10CC2000A84A00205C25002008B5EFF7B3FFFF28D5
:10CC300003D0094B1B78012B06D9002009F0ECFB2F
:10CC4000FCF784FD08F094FCFCF79CF902F01EF957
:10CC5000BDE8084003F0CCB85C250020064B1878EE
:10CC6000112806D000F0FD00A0F1410358425841C0
:10CC700070470120704700BF535500202DE9F04157
:10CC80000446FCF70BFD18B100263046BDE8F081E4
:10CC90001D4B1B78033B012B09D81C4BB3F86810C4
:10CCA0004FF6FF739942EFD0204611F04CFF184A1F
:10CCB0000123128802212046FCF784FE0646002844
:10CCC000E2D0204612F008F890F8078005460430BC
:10CCD00011F0B9FE074612F0DDFA41460246384629
:10CCE000FCF7F4FCA81C11F0AEFE4FF6FF7398425F
:10CCF00002D12046FFF7D8FA2B789B07C5D1012136
:10CD00002046FFF7C3FEC0E754550020E849002045
:10CD10006C5200202DE9F04F85B0002507460395A1
:10CD200011F0DAFF0646043011F08DFE8046B01C8B
:10CD300011F089FE337800930446404608F026F946
:10CD4000824640460AF08CFA3378BAF1FF0F0CBFE6
:10CD500083464FF0010B9A070AD112F09BFA404527
:10CD600014BFD9464FF00109B3791BB90320B8E0CD
:10CD7000A946F9E712F08EFAA04205D112F08AFA1C
:10CD80000446994B1B7836E0984B1B78052BF8D05E
:10CD9000033B012B03D8964BB3F86840F1E72046DC
:10CDA00013F02AFE737840B313F00402DFF83882E0
:10CDB0000BD198F800301A44D2B221463846FFF71A
:10CDC0007FFE0028D2D000208BE0384614F048F9CE
:10CDD000014605463846FAF735FF421C520002F07C
:10CDE000FE022946384612F045FE737823F004030C
:10CDF000737098F800300022DDE75B0726D53846CF
:10CE000014F02EF9014606463846FAF71BFF06F1E4
:10CE100001095FFA89F9824649463846FAF712FF56
:10CE2000DFF8C481BAF1000F01D0FF2805D100223C
:10CE300049463846FAF71AFFDBE7B11C01EB40011F
:10CE4000C9B2384612F01AF90446D2E703AA02A979
:10CE5000204613F009FF0546B9F1000F49D0009BA9
:10CE600003F0C003802B0ED1FF2320468DF809303C
:10CE70000AF0BAFFFF281BD00DF109020DF10A01DB
:10CE80000BF096F914E0402B33D19DF8083083B3B2
:10CE9000FF2320468DF809300AF0A6FFFF2807D0AF
:10CEA0000DF109020DF10A010BF082F903281BD1E3
:10CEB000337803F03F033370404613F09DFD10B903
:10CEC00012F0E8F9804642460021204608F066FE4E
:10CED00000283FF44BAFC822072138460AF0BAFDBC
:10CEE000012005B0BDE8F08F9DF80930FF2BDFD1A0
:10CEF0002546039838B99DF80820002A62D13A4B9C
:10CF00002C461B7857E709F04BFA039AFF28127951
:10CF1000034608D1CDE9002040F2BF113548E7F7BC
:10CF200041FFDDE90023B9F1000FE4D002F0300247
:10CF3000102A0AD0202ADED1BBF1000F24D051469E
:10CF4000184609F031FC0028D5D1DFF8AC9099F8EB
:10CF50000030012B45D0204610F0B1F828B9F37904
:10CF60002A462146404613F002FEA54212D1039AFA
:10CF7000137923F00C0313719DF80830ABB91A4BE9
:10CF80001B782C46302216E7039B1B7913F00C0FFD
:10CF9000DBD1B0E799F80030022BE8D0039A13797F
:10CFA00023F00C0343F00403E5E70121204612F0CF
:10CFB00055FB20B920460AF017FFFF280FD00A4B77
:10CFC0001B78DFE70121204612F048FB00287FF4A0
:10CFD000D8AE20460AF008FFFF287FF4D2AE022028
:10CFE0007FE7A542D9E700BF6C52002054550020CE
:10CFF000E84900202FBB0300FA55002038B50D4B3F
:10D000001B78033B012B04460D460FD900F10803A2
:10D010009BB2012B0CD812F03DF92946024620465E
:10D0200008F0BCFD80F00100C0B238BD0120FCE773
:10D030007020FAE7545500202DE9F04106461046CD
:10D040000D4614F04BF8A0F11004E7B256FA84F440
:10D05000EA1B214604F10E0014F040FA2823F35590
:10D06000DFF8408098F80030637301F021FF611C05
:10D070000246012011F0EDFC09490822601D14F060
:10D080002DFA98F8000013F0CEFA05F10E013046A3
:10D090003B460022C9B201F0B7FF1220BDE8F08183
:10D0A000CA5500204E5500202DE9F04F89B00446A6
:10D0B00011F012FE0546204611F071FD0746281DAD
:10D0C00011F0C1FC8146A81C11F0BDFC8246384617
:10D0D00095F807B013F090FC2B78039099076CD16A
:10D0E0002146042002F098F8002866D0204613F06C
:10D0F000F5FF01462046FAF7A5FD82075DD12046DF
:10D1000013F0ECFF01462046FAF79CFD10F00303F4
:10D11000049352D12046FFF723FD00284DD020462E
:10D1200014F0D3F800F1010806462046FAF7B6FBE2
:10D130005FFA88F808F10A03834280F2A580544A16
:10D140001068516806AB03C3B11CC9B22046FAF798
:10D1500079FD414605902046FAF774FD059B06F1DE
:10D160000B0100EB03201FFA80F8C9B22046FAF742
:10D1700069FD049B0590F21CD2B22146009306A8DB
:10D18000082311F02EFF204611F009FD059A4146B3
:10D190000FF0C1FF012206A9404601F07DFB0028E7
:10D1A00072D102200AF0ACFD02200AF0A9FD013084
:10D1B00003D106A94046EFF7DFFB12F06BF84845B4
:10D1C0003A46594608D112F077FA00285CD109B0E6
:10D1D000BDE8F04F01F056BB484612F06DFA00284A
:10D1E00052D12C4B1B781BB93946484612F05CFCD7
:10D1F0003A4659464846FCF769FA002844D029784F
:10D2000011F0030102D12046FFF740FCAB79002B5F
:10D210003AD0214B1B78033B012B35D96B78DB07C8
:10D220000DD550462E7A13F0A5FA10B3F30803F08B
:10D230001C0326F01F06334343F001032B724FF605
:10D24000FF71204611F07FFC039BDBB9E7F704FF79
:10D2500000F03F02002302212046FCF7B3FB4FF60B
:10D26000FF739A4510D1204609B0BDE8F04FFFF793
:10D270001BB806F01C031C2BE1D0042B04D9043E80
:10D280002E72DCE70022E5E709B0BDE8F08F00BFB1
:10D29000F47A03004A550020545500202DE9F0434C
:10D2A00085B005460C46174611F013FC0C2828469D
:10D2B0007CD111F011FD09220021F8F76DFF00F17A
:10D2C00010010646C9B22846FAF7BCFC042854D01F
:10D2D00006D8012810D002281DD005B0BDE8F08383
:10D2E0007C28FAD101212846FAF746FB214605B0F1
:10D2F000BDE8F0430DF0CABF44B91321284611F030
:10D30000BDFE05B0BDE8F04311F0EDBF05B0BDE8CE
:10D31000F043FCF7FBBEA24B1B78013B012BDCD892
:10D3200006F11301C9B22846FAF78CFC44EA000260
:10D3300012F0FF0411D106F11101C9B2284611F013
:10D340009DFE2946064613F05CF922463146102020
:10D3500005B0BDE8F0430FF0DDB9002408232946ED
:10D36000009415220DEB030011F03BFE02A92046AC
:10D3700007F0DCFD13F09AFBAFE78A4B1B78022B1A
:10D38000ABD144B9FEF766FDC2070AD5FEF700FD32
:10D39000002F08BF3124204605B0BDE8F0430DF052
:10D3A0009FBEFEF73DFD0028F0D0F1E711F094FCA0
:10D3B0008046043011F047FB074608F1020011F0E7
:10D3C00042FB4FF6F773984206460CD8764A13880C
:10D3D00001339BB213800BB9744A13801CB1734A9A
:10D3E00013880133138098F8009009F00309B9F10C
:10D3F000010F40F08580284613F070FE0146284654
:10D40000FAF720FC043809283FF667AF01A353F868
:10D4100020F000BF3DD40100DBD20100DBD20100CF
:10D4200061D40100DBD20100DBD20100DBD20100BC
:10D4300049D40100DBD2010049D40100284605B0DF
:10D44000BDE8F043FFF7F0B9554B1B78042B7FF490
:10D4500044AF0021084605B0BDE8F043F9F784BBAE
:10D460004F4B1B78013B012B3FF637AF404613F083
:10D4700074FE4F4B00275B89ADF808308DF80A70B9
:10D48000014600283FF429AF384607F04FFD064615
:10D49000284613F023FE421C03230097D2B22946EC
:10D4A00002A811F09EFD3F4B1B78022B9DF80A301D
:10D4B0001AD11C43E4B2BCB9FF2EBDF808400AD013
:10D4C0003C4A32F8163023F4806322F816302146A5
:10D4D000304613F0CBFA204613F0A7FB002221467A
:10D4E00010200FF017F9F8E6022B3FF4F6AE2BB937
:10D4F000304B33F816305B053FF5EFAE304639E779
:10D50000B9F1000F7FF4E9AE2146284603F0DCFFB5
:10D51000002C3FF4E2AE4FF6F7739E423FF6DDAECD
:10D5200098F8015015F00405304620D113F0CAFBDD
:10D53000044630467CB113F049FA0346F0B9009036
:10D540000C223146384612F0FDFB0C2200230093DA
:10D550003946304608E013F039FA0346B8B9164A9E
:10D56000009012783146384612F0ECFBB5E613F025
:10D570002DFA034678B900900B22F3E706220095B6
:10D580002B463146384612F0DDFB0622DEE70094DA
:10D5900023460622E6E7CDF800904B46F9E700BFA8
:10D5A0005455002053550020105200200E520020E8
:10D5B00014BA0300FA5100209A2500202DE9F04FFB
:10D5C00005888BB00446284611F086FB07460430D8
:10D5D00011F039FA0090B81C11F035FA05A9019044
:10D5E000284613F0C7FD284613F078FD014606468D
:10D5F0002846FAF727FB3B78029003F00303012B40
:10D600000CBF82464FF0FF0A0DF0D1F9637AB4F8EF
:10D6100006B0DB07814647D411F03CFE009BC01AE0
:10D62000D0F1000848EB0008FB790098039301F063
:10D6300061F800283BD1019801F05CF800284CD13A
:10D64000FCF704FBA9EB0B0B1FFA8BFB8146FAF7E7
:10D65000C7FD002847D1FFF701FB002843D1A24BAB
:10D660001B78033B012B45D8BAF1060F00F0BE80B2
:10D67000BAF1040F00F0BA80FFF7F0FA20B1029B74
:10D6800003F00303012B35D0FAF72EFD28B9974B91
:10D690001B7803F00F03062B71D1954B2846B3F886
:10D6A000681011F050FA25E04FF00108BCE7284659
:10D6B00011F012FB023011F0C6F94FF6F7739842E1
:10D6C00006D9039B23B92846FFF74AFA0028B2D1AE
:10D6D000A37823F00F03A37053E0019813F08CF9A3
:10D6E0000028ADD1F4E7A9F104095FFA89F9B9F18D
:10D6F000020FB4D8BAF1010F40F09F80284611F014
:10D700000CFA4FF6FF73984268D1002307AA3146FE
:10D71000284613F0EDF907460028D9D042799DF844
:10D720002530934209D9711DC9B22846FAF79EFAED
:10D73000A37823F00F030233A370E7F78DFC7E2359
:10D74000B0FBF3F202FB130303F58073A3809DF893
:10D75000263013F0180F0AD0A378190707D1B8F1B3
:10D76000000F04D17A79009805A90DF0DAFC9DF834
:10D770002700003818BF01200BB0BDE8F08F282328
:10D78000A3800020F8E7584B1B78033B012B5CD9A2
:10D7900040F6B8339B459BD8E7F75EFC00F03F00AE
:10D7A000C0F5FA70FF23A0808DF8133007A900237D
:10D7B0000DF113008DF81C30FBF7ECFFF9790546ED
:10D7C000009811F06DFF002D82D09DF81C20013AC9
:10D7D000032A7BD8DFE802F0807A697D019A4FF650
:10D7E000F7739A4223D87B78DA0720D4284611F0C1
:10D7F00094F911F045FD012808BF3E4BA27801BF06
:10D800001B7803EB830303EB83039B0006BFFA3310
:10D810009BB2FA2312097FF45BAF5B45FFF458AF6C
:10D82000E7F71AFC00F01F001030A08054E02E4BE8
:10D830001B78033B012BABD8D8E7019A4FF6F7735F
:10D840009A42A0D87B78DB079DD4BAF1020F55D15C
:10D85000012307AA3146284613F04AF9804611F001
:10D8600019FDBDF82230984238D1B8F1000F3FF4CD
:10D870002FAFB8F8023001223146284608F012FBDB
:10D880001D4A13780133DBB2FB711370B8F8023014
:10D89000BDF81E209A421FBFA37823F00F03023366
:10D8A000A3704FF4C873A38016E0B8F1000F13D132
:10D8B00000283FF40DAF426801323FF409AFC2784F
:10D8C0009DF813309A42BFF403AF05E0B8F1000FA2
:10D8D00002D1A2781209EBD101204DE7184613F0CE
:10D8E0008BF80028C1D181E7545500205355002002
:10D8F000E84900206D25002051550020BAF1030FA2
:10D900007FF474AFB8F1000F3FF470AF711CC9B26F
:10D910002846FAF797F90C287FF468AFFBF72CFD3F
:10D920004FF6FF73984201463FF460AF284611F06E
:10D930000AF95BE72DE9F3410446008811F0CCF9C0
:10D940000546043011F07FF80646A81C11F07BF85C
:10D9500007460DF02CF805463046B4F8068000F076
:10D96000C9FE064648B9384600F0C4FE58B9194AFF
:10D97000A3781278033A012A0BD8A37823F00F0377
:10D98000A370002621E0384613F036F80028EED1C7
:10D99000F3E71B09F1D1A5EB0805ADB2B5F5C86FEA
:10D9A000EBD80DF1030101AA3846019313F05CF99D
:10D9B0009DF80350014645B94FF6FF73984204D0D5
:10D9C000208811F0C0F80126A580304602B0BDE8DD
:10D9D000F08100BF545500202DE9F04105460C466A
:10D9E00011F077F8082802D10120BDE8F081201D50
:10D9F00011F029F80646284694F8078011F0CFF870
:10DA00000746284611F05BF8010612D5184B1B7823
:10DA1000042B0ED1174B1B78022B0AD1164BB3F8EF
:10DA200068204FF6FF739A4203D000210846F9F7A9
:10DA30009BF8124B1B78002BD6D1A01C11F003F8D9
:10DA40004FF6F773984202D86378DA070DD523783A
:10DA50009B070AD13A464146304611F02DFE80F030
:10DA60000100C0B200F00100BFE70120FAE700BFEB
:10DA70005455002053550020E8490020FC55002053
:10DA80002DE9F04F99B0044611F023F805462046E1
:10DA900011F01FF808283DD110220021204611F076
:10DAA000E9FF2046F9F7DEFE05462046F9F7F6FEC7
:10DAB000C1B22846FAF7A8FDADF852408DF85100E2
:10DAC00048B92046F9F7CEFE01460DF15100FAF7AC
:10DAD000D5FD8DF85000BDF8502048F201039A4260
:10DAE00002D120460EF05FFE9DF85130402B05D14B
:10DAF00020460EF058FE19B0BDE8F08F802B03D001
:10DB000014A80DF0DDFBF6E714A80FF0FEFA0028CC
:10DB1000F6D0F0E7204611F02FF8B0F5006F40F096
:10DB2000FC80204611F03BF80646042D40F0F880BA
:10DB3000204610F0C4FF80F40060C0F3C020002233
:10DB4000314640000EF0E6FD904B1A78022A0DD0C7
:10DB5000FFF784F850B902F0FD03312B06D0043AE8
:10DB6000012A03D98A4B1B78002BC4D021460220FE
:10DB700001F052FB04900028BDD02046ADF83A4099
:10DB800011F0AAF80446BDF83A0011F008F805466D
:10DB9000201D10F058FFA31C83461846029310F076
:10DBA00052FF0FA90646BDF83A0013F0E3FA637876
:10DBB0000590BDF83A002778089313F08FFA637840
:10DBC0000B938246284609F04BFB07F00307012F11
:10DBD0000CBF032302230D936E4B0C901D80237802
:10DBE00003F03C030CBF4FF00B084FF00A08082B62
:10DBF00081D1BDF83A00F9F751FE50457FF67BAF71
:10DC0000012F03D0237898077FF475AF624BB3F8E8
:10DC10006830AB420DD1614A614BB2F9001093F903
:10DC20000030002900F0A18001EB0313A3EB2113C6
:10DC30001380AAF11003DBB206938DF83930BDF8DA
:10DC40003A100DF13903102240460DF054F9002826
:10DC50003FF451AF089B13F00203099300F00D81CC
:10DC6000504B1B78002B3FF446AFBDF83A8040463E
:10DC700013F034FA4FF0000907904046CDE91499AB
:10DC8000CDF85890ADF85C9010F089FF079B02909A
:10DC900003F10E0189B2404613F0F3F900286ED06B
:10DCA0000E23079ACDF80090414614A811F099F977
:10DCB0000DF15101012010F0DAFE9DF85D30039363
:10DCC0009DF850300A90282B59D1374908220DF180
:10DCD000550013F0F3FB002851D0039812F0A3FC79
:10DCE000002867D1314B039A1B78D31A190646D402
:10DCF00004F060FC01283AD12D4E0CF05DFE346832
:10DD0000054624B104F05CFC2C1B844237D300216F
:10DD1000084611F0A4FD356031E04FF6FD7604E7CA
:10DD20004FF6FF70301A18BF012000223146400024
:10DD30000EF0F0FC0C2D0DD12146012001F06CFA03
:10DD400000283FF4D8AE2146002019B0BDE8F04FBE
:10DD5000FDF720B92DB9204619B0BDE8F04FFDF709
:10DD600099BD042D7FF4C7AEEEE61B0260E704F018
:10DD700021FC022803D104F0FFFB0028BCD002994B
:10DD8000002219200EF0C6FCB5E600BF5355002056
:10DD9000FC5500208A520020E84900205E520020F5
:10DDA000F85500204F550020CA5500204E55002040
:10DDB000D44A002001230093079A4B461021404685
:10DDC00012F05EFA0028DAD0BE4B039A1B78934219
:10DDD00040F0A78002990DF1550211A809F028FA28
:10DDE000012111A809F0A0FA48F20301814611A807
:10DDF00009F0A6FBB9F1000F03D0082111A80FF01C
:10DE000041F9404613F088F902990DF15500FBF7EE
:10DE100053FBFE288146B2D0FF280AD1029811F0A8
:10DE2000A3FBFF28814600F084800DF15501FBF72C
:10DE3000BDF9A44B039A1B78934200F0A0800A9985
:10DE40004846FBF71FFB00283FF455AE0A994846A9
:10DE5000FBF72AFB23789A070FD1404613F03EF9CF
:10DE600001464046F9F7EEFE00F00300012804D118
:10DE700002980DF15501EEF77FFDBDF83A0010F064
:10DE80001EFE030440F18280204610F0DCFD40F4C9
:10DE9000007189B2204610F0D8FDBDF83A0000228A
:10DEA0004FF4004110F0FCFDDDF81080BDF83A1091
:10DEB0000D980DF1390310220DF01DF800283FF4E4
:10DEC0001AAE032865D1204610F0BDFD40F4007164
:10DED00089B2204610F0B9FD284612F08DFD0028C9
:10DEE00040F0BA80DDF81080012F40F0BB80BDF813
:10DEF0003A10032001F090F9002840F0B380514619
:10DF0000BDF83A00F9F79EFE0F2801467FF6F3AD03
:10DF10004FF6F7739E423FF6EEAD284611F00EFE27
:10DF2000E9E50399012003F075FC00287FF452AF66
:10DF300025E7237803F00303012B08D1404613F0B3
:10DF4000CDF801464046F9F77DFE082895D05E4B96
:10DF50001A785E4B1B789A4209D20DF1550102984E
:10DF6000FBF7D8F8029811F0FFFA814661E7A01C90
:10DF700010F069FD4FF6F7739842EED9FFE6484678
:10DF8000FBF70AFB00283FF45AAF5FE74FF00008A9
:10DF90008CE7284612F030FD0028A5D0099B002B05
:10DFA0005CD1B8F1000F57D1012FBDF83A009ED0D7
:10DFB0005146F9F747FE8146DFF8208198F8003096
:10DFC000002B5AD011F066F986427FF494AD012FF0
:10DFD00040F08D80B9F1070F00F28280B9F1050F92
:10DFE0007FF689AD3A4B1B78022B02D0043B012B04
:10DFF00003D898F80030002B46D00B9B980640F1D0
:10E00000C4800C9B002B40F0BC80284606F0BEFF6D
:10E01000FF2840F0B6805D457FF46DAD059B002B79
:10E0200000F0AD800FAB46F204020126ADF850209F
:10E0300001930096022314AA3146284613F02AF8C9
:10E04000044600283FF457AD294610F07CFD3146C8
:10E05000204611F00CFA4EE5DDF81080284607F056
:10E060007BFD41E7BDF83A005146F9F7EBFD099B0E
:10E07000814613B9B8F1000F9ED0154B1B78022BC7
:10E0800002D0043B012BB8D8284600F033FB804671
:10E0900000287FF430AD11F0FDF8854231D10D4BF1
:10E0A0001B78033B012B28D80B4BB3F8684011F0C9
:10E0B000F1F8CDF80080014643460D22204611F0CC
:10E0C00041FE18E54E5500204D5500206E250020DC
:10E0D0005355002054550020E84900204F5500209A
:10E0E000A9F10E03DBB2012B7FF67CAF03E509F04B
:10E0F0000303012B7FF4FFAC74E7012000F098FBD1
:10E10000F9E4284612F078FC58B911F0E0F84FF61F
:10E11000FF73984205D0F8F70BFB10B92846FAF7C1
:10E120009FFF284612F068FC80B111F0D0F84FF63E
:10E13000FF7398420AD0F8F7FBFA38B9012F02D1E1
:10E14000B9F1060F02D0284607F074FA059BA3B96F
:10E1500019460122584600F09FFB804600287FF4B4
:10E16000CAAC204612F0F9FF42460146304600F0A4
:10E1700093FB00283FF441AFBDE40FA9E9E7059BFD
:10E1800051E7637823F0200363704FF6FC739E42DF
:10E1900074D1B54B1B78033B012B7FF6ACACA37954
:10E1A0000BB1013BA3716378590727D5002314AA4B
:10E1B00011A95846149312F057FD1498F0B108F0C5
:10E1C000EFF88046304606F0E1FE149A13790146D6
:10E1D00003F03000102806D003F00C0008281CBF04
:10E1E00023F00C031371137903F03303202B05D1B3
:10E1F000FF2903D00122404608F09EFA284606F087
:10E20000C5FEFF281EBF994B002243F82020089B23
:10E2100003F001084FF6F7739E4200F20181B8F156
:10E22000000F40F0D7802946584611F03DFC11F010
:10E2300031F8864200F00181304612F0DDFB002803
:10E2400048D0012F30D1B9F1010F20D1BDF83A00EB
:10E250004246514607F082FE304612F0CDFB844B19
:10E260001B78002B6AD1584612F0C6FB002863D1F8
:10E27000304612F0C1FB00285ED13CE44FF6FD733E
:10E280009E428CD1784B1B78042B88D133E43046E6
:10E2900012F0B2FB38B3B9F1030F24D1BDF83A0044
:10E2A000514611F087FD26E4304612F0A5FB3046BA
:10E2B00012F08CFB00283BD0BDF83A2000233146F9
:10E2C000584601F093FA98B3BDF83A000021FEF7E2
:10E2D000DDFB10E4304612F08FFB10B1012FDAD0D5
:10E2E000E5E7012FE3D1624B1B78002BBBD0B9F1DE
:10E2F000050F23D110F0CEFF8DF8500010F0CAFFAB
:10E30000000A8DF851000123022214A90DF13A00F0
:10E31000F9F7F4FB00287FF4EEAB0AF10101BDF838
:10E320003A00C9B2F9F77CFC03780133037005E0C9
:10E330004F4B1B78002B96D0012FD8D063785A070B
:10E340000CD5BDF83A40204612F08AFE411CC9B2F5
:10E350002046F9F765FC0378013B0370424B1B78BC
:10E36000033B012B2FD8012F06D1B9F1050F1FD187
:10E3700010F090FF834522D1BDF83A00FEF7CAFCA9
:10E3800002281CD114AA0021584608F055F930B1D2
:10E390000379458003F03C0343F0400303710023FD
:10E3A000344A009312783146584611F0CBFC06E00F
:10E3B000BDF83A00FEF7AEFCB9F1030FE0D1002240
:10E3C00031461C20DEE4BDF83A00FEF7A3FC012F25
:10E3D000D6D1F1E7012F40F0BF8009F1FF330C2BBC
:10E3E00000F2AE8001A252F823F000BF43E4010026
:10E3F00043E401009DE2010059E4010079E40100D9
:10E40000A1E40100C3E40100EFE4010005E501001F
:10E4100005E5010011E5010029E5010035E50100F0
:10E42000012F00F0A080B8F1000F40F09580BDF8FA
:10E430003A00FEF739FEFFF75EBB012F7FF444AFD1
:10E44000CBE7A9F102035A42BDF83A005A415146BE
:10E4500007F084FDFFF74FBBBDF83A10524658460F
:10E46000FEF720F9FFF747BB54550020A8440020D1
:10E47000742500209A2500200AF10101BDF83A0018
:10E48000C9B2F9F7DFFB0AF10203DBB202460093DF
:10E490000FA9BDF83A30584609F0EAFDFFF72BBB4B
:10E4A000424B1B78013B012B3FF625AB069B0093AB
:10E4B000BDF83A2023460121002011F06EF9FFF744
:10E4C0001ABB3A4B1B785A1E012A07D9069ABDF887
:10E4D0003A100120FCF744FCFFF70DBB022B7FF440
:10E4E0000AABF9F77DFE0028F0D1FFF704BBBDF8B9
:10E4F0003A0006F0A3FEFFF7FEBABDF83A00FEF7B9
:10E5000037FA94E7BDF83A00FEF732FAFFF7F3BAAC
:10E51000264B1B78013B012B3FF6EDAABDF83A00D4
:10E52000FDF77CFDFFF7E7BABDF83A00FDF7C6FD41
:10E53000FFF7E1BABDF83A000EF0E1FDFFF7DBBAF4
:10E54000BDF83A105346224648460EF0ACFD00286E
:10E550007FF4D1AA4946E0E4237A03F00303012BB8
:10E560007FF4C9AA63E709F1FF330C2B3FF6C3AA76
:10E5700001A252F823F000BF43E4010043E401008C
:10E580009DE2010059E4010079E40100A1E40100E9
:10E59000C3E40100EFE40100FBE40100FBE401003F
:10E5A00011E5010029E5010035E501005455002081
:10E5B00010B51248002110F050FC0446E8B110F0EC
:10E5C00017FB0F4B1870204610F017FB0D4B1870FF
:10E5D000204610F018FB0C4B1870204610F018FB6A
:10E5E0000A4B186001200CF0FDF92046FFF748FAAD
:10E5F000BDE8104000200CF0F5B910BD28520020F5
:10E60000F9550020F8550020F7550020CC4A00208D
:10E6100070B5164E336804460D46E3B110F059FA52
:10E620000C2818D1204610F057FB0922002104467F
:10E63000F7F7B2FD235C042B0DD10D4B1B78033B88
:10E64000012B08D80B4C25B10B4B22781B789A4232
:10E6500003D300232370002070BD08483168F9F708
:10E6600033FB2378013323700120F5E7D04A0020E3
:10E6700054550020FB55002099250020D823002068
:10E68000014B93F9010070475E520020014BB3F833
:10E6900068007047E849002070B5124D00242C70C6
:10E6A000EEF706FAE6B2B04212D80F4B1B78013BE8
:10E6B000012B04D800214FF6FF70FBF76BFF0B4BCB
:10E6C00000221A700A4B198801B11A80012070BD0E
:10E6D000304606F0EBFCC30742BF2B7801332B70AA
:10E6E0000134DDE74C5500205455002043550020EF
:10E6F0000A52002038B50B4B1B78054673B1013325
:10E700005C08094B1888F9F7ADF8002330F813209E
:10E71000AA4205D00133DAB2A242F7D3002038BDB5
:10E720000120FCE7435500200A52002030B5054681
:10E7300085B008460C4612F020F9FF280CD011F0E5
:10E740006CFA01220021CDE9011203460092214614
:10E750002A460720FBF7EEFA284606F017FCFF28AA
:10E7600004460FD006F0A2FCC2070DD5204606F0E5
:10E770009DFC830708D40B4A32F8143043F48063BD
:10E7800022F8143005B030BD11F047FA0122002103
:10E79000CDE901120346009207202A46FBF7CAFA88
:10E7A000F0E700BFFA510020431E9BB24FF6FA7209
:10E7B000934270B504462AD8FFF79CFF38BB194B2B
:10E7C0001B78042B23D0204610F0CEFEFF2801D06A
:10E7D000FAF774FB204612F020FA08B107F0F6FDB4
:10E7E0002046114E114D04F05DF920460CF0D2FC8C
:10E7F000317869B12888F9F735F8054601461E22B7
:10E80000023012F06BFE2C8033781E2B07D970BDBE
:10E810002020F9F7EDF828800028EBD1F7E7023344
:10E820003370F4E754550020435500200A5200206D
:10E8300037B5134B1B78022B05461ED110F02AFD6D
:10E84000044610F027FDFFF7AFFF11F0E6F910F0D6
:10E850002DFD002010F0CFFF99200CF0BFFB3DB143
:10E86000002300930D2221464FF6FD7011F06AFA45
:10E8700003B0BDE8304004F00DBF03B030BD00BFB1
:10E8800054550020034B1B7813B90120FFF7D0BF6C
:10E89000704700BF4A550020F7B504460D4617469D
:10E8A00010F0F8FC0646002D49D04FF6FB739C4251
:10E8B00045D82046FFF71EFF30B1A64204D1214BB8
:10E8C0001B78033B012B3AD92046FFF713FF10B109
:10E8D000012003B0F0BD20460DF067FFC0B1A64295
:10E8E000F6D01CB369462046F9F7A0FD0246E8B908
:10E8F0000821684610F07CFCC0B908226946284609
:10E9000012F0DCFD90B12946204611F0B6F9DFE7A0
:10E91000A642E6D10C490822284612F0CFFD28B1C4
:10E920000120FFF785FF06F015FED1E73FB1214634
:10E930002846FAF759FC2146284604F0CFF8002073
:10E94000C7E700BF54550020CA550020044A137879
:10E950002BB1013BDBB213700BB9024A1380704735
:10E96000435500200A5200200148F8F7A1BD00BF1E
:10E970000A5200202DE9F04780468CB017460D461C
:10E9800061B903AE1B48DFF86CA0002110F0F3F969
:10E990004FF0000904461CB920461DE00E46F1E781
:10E9A00000222146CDF800902423304610F019FBB8
:10E9B00008224146304612F081FDA8B9337C9BB94C
:10E9C0006FB945B92A460B48214610F065FA0A4A44
:10E9D0001388013B138001200CB0BDE8F0873B8811
:10E9E000B28953405B06ECD52146504610F019FA27
:10E9F0000446D0E77252002070520020024B188863
:10EA0000003818BF01207047705200202DE9F043F4
:10EA100097B04023064611A88946ADF80E3004ACE5
:10EA20000DF0F5FE02238DF84430214600233046D8
:10EA300004936360F9F7FAFC0546002840F08680ED
:10EA400030460EF03CFB804610F024FC002840F0DD
:10EA5000AD8099F80130042B40F0AA80554F3B78E7
:10EA6000022B76D13B78022B7FD194E8030003235D
:10EA70008DF8443012AB83E803009DF8513000213B
:10EA800043F0060310220DA88DF8513012F040FD1E
:10EA90000DA911A80EF022F9BDF8463009A943F0DE
:10EAA000040311A8ADF846300EF06EF9102209F1FA
:10EAB0000A0109A812F002FD002870D13B78022B50
:10EAC00006D10DAA2146FF200EF02FF900286AD1A9
:10EAD0004FF034093B78022B08D19DF851301B07C9
:10EAE00004D40DF10E01204611F0E6FA4946204605
:10EAF00011F00BFB2F464D4610238DF818300423E0
:10EB00008DF81A30234603CB0022CDF81B00CDF838
:10EB10001F1006A80B218DF8197010F015F9024688
:10EB200038B1002F14BF012303232146304602F0E1
:10EB3000AFFFB8F1000F09D0342D07D106A8224647
:10EB4000314608F075FB06A80EF09FFA17B0BDE835
:10EB5000F08300952B4611AA2946204601F09CFD22
:10EB600000283FF47FAFAD27C6E7012B94D1124BAD
:10EB70001B6803F08403842B8ED1022394E80300E6
:10EB80008DF844301023ADF8463012AB83E8030013
:10EB90009DF8513043F002038DF851307CE74FF07F
:10EBA0003309AD2596E74FF0050993E7A327A3E7BF
:10EBB000AA27A1E70C550020184600202DE9F043B4
:10EBC0003648374D8DB0F9F71BF90BF0F5FE2B6881
:10EBD000C41A4FF47A73B4FBF3F4A4B214B10BF07B
:10EBE000EBFE28602F4FDFF8C0803B88ADF80A307D
:10EBF00000233B804FF6FF7600210DF10A0010F054
:10EC00002CF9054658B9284B1B882BB14FF47A7163
:10EC100022487143F9F758F80DB0BDE8F0834FF082
:10EC200000092423CDF800904A46294603A810F095
:10EC3000D8F9BDF81A30A34294BFDB1A1B1B9BB254
:10EC4000ADF81A30CBB910F025FBBDF8183003F041
:10EC50004003184380B218B9322103A80CF0D9FA46
:10EC6000BDF818301B0602D508980DF0E4FFB8F87F
:10EC70000030013BA8F80030BEE79E4228BF1E4688
:10EC8000012300934A462946242303A810F0A9F93A
:10EC90004A462946384610F074F8ADE7244500206E
:10ECA000D84A00207252002070520020F0B52F4A3E
:10ECB0000446516810688DB001AB03C3A378012BE3
:10ECC00050D11422002107A812F022FCD4F8211000
:10ECD000D4F81D0003AB03C32388190644BF626840
:10ECE0000892DA050BD5221D08AE04F1140710684E
:10ECF0005168354603C50832BA422E46F7D1ADF801
:10ED0000183013F0040318BFA3690593184B1B8830
:10ED1000ADF81A3010F0BEFAE0B906A903A811F058
:10ED2000CBF90022242103A810F00EF80446D8B134
:10ED30000020FFF743FF0F480022214610F021F882
:10ED40000D4A1388002001331380FFF737FF00209E
:10ED50000DB0F0BD082201A903A812F0AFFB0028F6
:10ED6000DFD0DAE77020F3E71820F1E7F47A030048
:10ED7000F82400207252002070520020F7B504469B
:10ED800000200E46FFF71AFF104B1B88A34202D843
:10ED9000022003B0F0BD00210D480D4F0FF0EBFF36
:10EDA000002501460029F3D0A54208D10024009493
:10EDB00024232246304610F014F92046E9E738466D
:10EDC00010F02FF801350146ECE700BF705200202B
:10EDD000725200200148F8F76BBB00BF725200204E
:10EDE000014B1888704700BF7052002030B5154A9B
:10EDF0008DB051680546106801AB03C307A80DF03C
:10EE000006FDDDE9010108AC84E8030003238DF869
:10EE10001C309DF8293003A943F0020307A88DF8A0
:10EE200029300DF05BFF10B103200DB030BD286814
:10EE30006968234603C303A907A80DF034FF00281F
:10EE4000F3D0F1E7F47A030070B50C4611460E4A90
:10EE50002378127813F0200542EA03020646227056
:10EE600018BF611D082212F039FBD4F80130B360DD
:10EE700023783373002D0CBF05200D2003F01803F9
:10EE8000082B08BF013070BD4F55002007B5042383
:10EE90001A460DEB03010120F9F72CF8019B034AF8
:10EEA0001B03136003B05DF804FB00BF084600209D
:10EEB00010B5064C2368C3F30B0313B904200BF001
:10EEC000B5FD2068431C236010BD00BF084600202C
:10EED000014B1868704700BF0846002007B5064B75
:10EEE0000020186004231A460DEB03010190F9F786
:10EEF00001F803B05DF804FB084600207FB511233C
:10EF0000062201A90120F8F7F5FF084B9DF814200F
:10EF10001A70074B1B780BB1052B05D10DF031FC96
:10EF2000012007B05DF804FB0020FAE74E550020F1
:10EF30004F5500202DE9F04F0646CBB0884600889B
:10EF400001211746F8F718FD2E4B3188ADF8160051
:10EF50003A4606A811F069F90DF1280BC4195A4672
:10EF60004146308811F0EEF8E4B208EB0003A3420A
:10EF700016BFA4EB08040446E4B205464FF00409AA
:10EF80002346CDE900095A4601210BEB050ACDF8CD
:10EF900008B02D1B06A8EDF771FFEDB20BEB0403D3
:10EFA0000093019523465A463088414611F0F8F8FF
:10EFB000348839462046F8F745FE394600F0F80215
:10EFC0002046F8F753FE01213088F8F7D5FC0123DD
:10EFD0004A46514680B10DF11600F8F78FFDBDF895
:10EFE0001620044601213088F8F7DAFCB4FA84F0E0
:10EFF00040094BB0BDE8F08F3046F8F77FFD04467E
:10F00000F4E700BFCA5500202DE9F04FC9B004460F
:10F0100088469246C118224A04A81F46FFF714FFEB
:10F02000C519EDB208AB0293A5EB0A0BA8EB0A03D6
:10F030005FFA8BFB4FF00409A8EB0506DBB2F6B2D2
:10F0400004EB0A020093CDF804905B46012104A86A
:10F05000EDF714FF06F590730DEB03025A44A2F589
:10F06000807208A8136844F80830E35D23F00703B2
:10F07000E3552C443246214612F070FA08ABCDE934
:10F08000019308AA00230096012104A8EDF7F6FEDB
:10F09000324608A9204612F061FA49B0BDE8F08F67
:10F0A000CA550020F8B5064612F00FF9811C054636
:10F0B00089B2304611F0E5FFF0B1EDB12946304696
:10F0C000F8F7C0FD1228074616D80C4B691C1C5CCB
:10F0D000C9B23046F8F7B6FD2C44052FE4B205D18D
:10F0E000052809D8064B1B5C1C44E4B22146304677
:10F0F000BDE8F84011F0C5BF0020F8BD5ABA0300C2
:10F1000054BA0300F8B5054611F0E8FF0446284656
:10F110000FF0E2FDA11C074689B2284611F0B1FFAD
:10F1200000283ED0002C3CD021462846F8F78AFD26
:10F13000611C0646C9B22846F8F784FD0F2E30D868
:10F14000194B9B5DE118731E89B2092B0ED8DFE8BD
:10F1500003F009050D0D120D0D181E1EC40644BF47
:10F16000083189B2820601D5083189B22846BDE846
:10F17000F84011F086BF7B78DB0612D501EB400129
:10F18000F3E700F01F0000EB40000144EDE71F280B
:10F1900005D8092E06BF400080B20220F5E7C82836
:10F1A000E4D00020F8BD00BF6DBA0300F8B50646F4
:10F1B0000FF092FD092200210546F6F7EDFF00F160
:10F1C000100428460FF03FFCE4B2074621463046C3
:10F1D000F8F738FD05463046F8F760FBBA05A0EBB6
:10F1E0000403DBB20AD47C2D0AD0082D0AD8064AC3
:10F1F000505D98428CBF00200120F8BD1220F8E736
:10F200000320F6E7FF20F4E77EBA0300014B1878ED
:10F21000704700BF9B25002038B5114B1B78044672
:10F2200008469BB9012038BDA24205F101050FD166
:10F2300003EBC1035B6898470028F3D11E202246E8
:10F240004FF6FF710DF066FA0020ECE7054B002544
:10F25000E9B213F83120002AE6D11446EEE700BFE8
:10F260009B25002024BA030013B50023ADF8043019
:10F27000134B984221D10B88DA0702D5B72002B090
:10F2800010BD9B0744BF4FF47F43ADF804300D4BD6
:10F290001C887F22022321460DF106000BF0C8FBDB
:10F2A000BDF806204FF6FF739A42E7D120460222AE
:10F2B00001A90BF0C6FB0020E1E70220DFE700BF59
:10F2C0001FD1BACAD864030013B50F4900230380C5
:10F2D0007F220223098804460DF106000BF0A8FBEB
:10F2E0009DF80630BDF806201BB1238843F00103CA
:10F2F0002380FF2A88BF23884FF0000084BF43F09B
:10F300000203238002B010BDD8640300034B1B78B6
:10F31000002B14BF442056200E3070474F5500205C
:10F320002DE9F04F8DB0CDE90423179C0394039C85
:10F33000BDF858A0D58806460F4644B9EC0606D558
:10F34000CDF858A00DB0BDE8F04F0DF057BAC5F399
:10F3500080242B054FEA043448BF44F40064A80518
:10F3600011D544F080040A2E00F25E81DFE816F029
:10F3700088004F003B0059005C015C0159001000FF
:10F38000880059003600E90548BF44F04004EAE728
:10F39000BB464FF00109022302934FF00008BAF177
:10F3A000000F74D1A24B18884FF6FF73984206D015
:10F3B000A049F9F73BF810B124F48054A4B2059B9E
:10F3C00000935A46434644F40271504608F00AF945
:10F3D000ADF8200000286BD118204EE0BB464FF05E
:10F3E00001090323D8E708A9F8B211F084F9DDF880
:10F3F0002500DDF8291006AB03C38F4B33F817B097
:10F400004FF00009CDF808900DF11808C7E706A9DC
:10F41000F8B203F01FFB0C23884A7B4332F803B099
:10F42000EEE74FF6F7739F4240F2FE8015F4026F4D
:10F4300040F0FA80824B1B78022B03D0043B012B57
:10F4400000F2F480BAF1000F0BD1032E0CBF0C2395
:10F45000082324F4C0740293A4B2BB464FF0010900
:10F460009BE75046F8F71AFA0246FFF74FFF032EC4
:10F4700008BF01388242E8DD74200DB0BDE8F08F8E
:10F480004FF00009BB46CDF80890C84687E7049BBB
:10F490001B8843B91A46514606200BF048FD002848
:10F4A00080D11920E9E700231A4651460720F4E7E6
:10F4B0005F4A11884FF6FF7399421CD00FF00CFC85
:10F4C0005B4A03461188059304300FF0BEFA5D498C
:10F4D000059B0978D9715749554A14F4805F1FBFBD
:10F4E000086898604868D8604FF6FF7313804FF043
:10F4F000FF330B604B60049A029908A808F028F9C2
:10F5000000283FF469AF504C2378002B3DD1BAF16D
:10F51000000F14D05046F8F7C1F98046BDF820001E
:10F52000F8F7BCF92378002B14BF12220022804484
:10F53000EB1003F0040390444344842B9CDC15F44B
:10F5400000540AD0BDF8208040460FF0B8FA40F4CD
:10F55000806189B240460FF09DFAA6F10803012BA5
:10F5600005D8BDF82000012210210FF099FA039B65
:10F57000BDF820803BB3594640460FF0E4FA039AA9
:10F58000BDF820301380002077E7AA06BFD56B01B5
:10F5900003F020030A2E14BF43F0010363F07E033F
:10F5A000DBB2B9F1000F08D000210091424608A853
:10F5B00000F000FE0028AAD05FE71A46414608A8DE
:10F5C00010F06BFFF6E7404611F088FD039B024602
:10F5D000414604200BF0ABFC00283FF462AF0A2E3A
:10F5E00016D84FF4D963F340DB0711D5072E09D0A5
:10F5F0000A2E07D0BDF8200010F066FA0028C2D10C
:10F60000A1203AE708A80DF05DFD0028F2D0F7E749
:10F6100014B125F04005ADB2BDF820002B46FAB27A
:10F62000314601F097FE28E7012026E7912024E7E4
:10F63000182500209C250020DE4E00201E4E0020B4
:10F6400053550020075600204F55002070B4084E37
:10F65000BDF81040308007481546057000201A4656
:10F660009DF80C30CDE9034070BC0620FFF758BE72
:10F67000182500200756002030B402460C48BDF87B
:10F68000085005800B489DF80C4004700A48047827
:10F690000020CDE902304FF6FD700B464FF6FF71AA
:10F6A000002C08BF014630BC0320FFF739BE00BF65
:10F6B00018250020075600200855002013B50246E3
:10F6C000084804780020CDE900300B464FF6FD7065
:10F6D0004FF6FF71002C08BF01460320FFF720FE04
:10F6E00002B010BD08550020F7B51E46234B1B780D
:10F6F000022B05460C4617460AD1A6B13046F8F74C
:10F70000CDF80246FFF702FE82420CD9742008E0D1
:10F71000043B012BF1D908460DF0D1FC0028ECD1B7
:10F72000912003B0F0BD65B1022D1AD1EDF7BAF901
:10F73000A04214D9124B33F814204FF6FD739A42AD
:10F7400002E04FF6F7739C4209D80023CDE900632D
:10F750003A46FF2321462846FFF7E2FDE1E7012074
:10F76000DFE7012DFBD1074B1B78A342F7D9E0B2AD
:10F7700003F088F94FF6FD739842E5E753550020F2
:10F78000DE4E00206825002030B5104B87B00546BE
:10F790000C461868596803AA03C2986810609A88D2
:10F7A000DB880B49ADF80E5023F04003ADF8123062
:10F7B0000023CDE9004352BAADF810200988FF2399
:10F7C00003AA0720FFF7ACFD07B030BD7E52002032
:10F7D0008A520020034B1B7813B1034B18787047F3
:10F7E000FF20704718560020175600202DE9F04FD3
:10F7F000074689B0104615461C468A4611F06EFC35
:10F8000001462846F8F71EFA064628460FF064FA25
:10F8100004300FF018F980460FF03CFD804551D0C0
:10F82000B2074FD1DFF8AC8005A92846B8F800B080
:10F8300011F05CFD9DF81930A8F800700BBBBDF805
:10F840001430F3B928460FF047FA02300FF0FBF8F6
:10F850004FF6F773984204F1010494BF4FF000098A
:10F860004FF00109E4B20123CDF800902A4605A922
:10F870003846039303F04AFF039B40B901339C428F
:10F880001ED20020A8F800B009B0BDE8F08F022C0D
:10F89000F8D1012BF6D10C4A0C4BA3F800A0137839
:10F8A000591C11700A4A7F3B16F00C01137007D1E6
:10F8B000BDF81A305B0603D5BDF81600FFF764FFEC
:10F8C0000223D1E70020DFE7515500201825002052
:10F8D000075600208A5200202DE9F04F8BB0884651
:10F8E000ADF81E000FF0F8F900F1020A0646504686
:10F8F0000FF0A9F8BDF81E40BD4D0746204611F097
:10F90000EDFB01462046F8F79DF9814600F003041F
:10F91000301D0FF098F828800FF0BCFCB8422DD0B5
:10F920004FF6F7739F4229D87378DA0726D4384602
:10F9300011F04CF830B1BDF81E202888012339465B
:10F94000FFF754FF0FF0A6FCA94B1B8883420FD191
:10F95000BDF81E40204611F0C1FB01462046F8F7D5
:10F9600071F910F00C0103D1BDF81E0001F0ACFDDF
:10F97000A04B00221A600BB0BDE8F08F9E49BDF885
:10F980001E0011F0B3FC9D49BDF81E0011F0F2FB02
:10F99000984A9A4B002808BF0023BDF81E00136048
:10F9A0000FF026F9964B1870BDF81E000FF025F9E0
:10F9B000944B1870BDF81E000FF02AF9924B186096
:10F9C00000238DF82230B8F1000F28D08A4BDB8855
:10F9D0009B0624D50FF05EFCF8B18C4B1B689F078B
:10F9E0001BD4012C14BF082318230DF1220200920E
:10F9F000002211460DF11E0000F0DCFB78B1012C55
:10FA0000A0D1834B1B78112B9CD110F0E9FD00286D
:10FA100098D1AF20FAF714F994E70823E5E75046A8
:10FA20000FF011F84FF6F773984240F2F580012C71
:10FA300000F0FD80022C00F07981002C82D1DFF8EB
:10FA4000B881BDF81E00B8F806300493ADF8240064
:10FA50000FF042F9BDF824600446304611F03EFB39
:10FA600001463046F8F7EEF88DF82300A01C6678C2
:10FA70000EF0E9FF07460FF00DFC4FF6F7739F42BB
:10FA80002D88B8F8024006F00106824600F2FF8099
:10FA9000002E0CBF08200620002229460CF03AFE5A
:10FAA000BDF82490484611F019FB00230246494650
:10FAB00004200BF020FA4FF6F7739F4281460BD8D3
:10FAC000B8F90620B8F80630002A05DB580603D539
:10FAD00000212046FFF758FEB9F1000F3FF432AF86
:10FAE000B8F80030002B5BD198F80530002B57D1C7
:10FAF0004FF6F7739F4294BF002301230DF12601B7
:10FB0000BDF82400039310F055FEDFF8E4B000F1D7
:10FB1000FF39BBF8003005935FFA89F9B8F8063071
:10FB2000BDF8260006934946F8F78CF80499069B21
:10FB3000019000930598039B2246C1F340110DF0FC
:10FB4000CBFA00283FF4FEAE2B4BBDF826104A46F8
:10FB500006200BF0D0F900283FF4F4AEB8F80220EC
:10FB600048F202039A4205D1BDF82410BBF8000008
:10FB700000F0B0FFDFF8808009AA41460DF12300B4
:10FB80000DF0A8FA034600287FF4DCAE2104BBF890
:10FB90000000BDF824207CD52346414610F01FFE0E
:10FBA000DFF8548036B99DF8233003F00C030C2B9A
:10FBB00040F09380B8F8080010F0DCFD00283FF416
:10FBC000C1AEB8F80810002002F008FE114B187002
:10FBD0004FF6F773AA4514BF022503259F42BDF8CF
:10FBE000240002D8002E00F09380012394E000BF8F
:10FBF0008A520020E04A00207E520020FF5500205B
:10FC0000F9550020F8550020CC4A00201846002065
:10FC10005355002017560020022C00F08780474BD8
:10FC2000B3F90630002B25DA012C7FF406AF0FF074
:10FC300031FB2B8883423FF485AEBDF81E100520B2
:10FC4000FFF7EAFA00283FF47DAE3C4AD3885B0612
:10FC500007D50023CDE900330A202988FF23FFF7C9
:10FC60005FFB9DF822302988BDF81E00424602F055
:10FC700015F967E6BDF81E00F7F710FEA0F11001B8
:10FC8000C9B2304600F086F80028CDD05AE60620EA
:10FC900002E7DFF8B890022189F80010039900917B
:10FCA000414603F033FD132C3FF47AAFB8F8063029
:10FCB0005B043FF575AF224B1B78D80704D599F844
:10FCC0000020022A3FF46CAF99077FF53BAE99F80C
:10FCD0000030012B7FF436AE62E798F80430194803
:10FCE000009398F8053000883246314602F09EFDB8
:10FCF000154B18709DF82330BDF8240003F00C0359
:10FD0000082B4FF6F7730CD035469F423FF66DAF88
:10FD1000A4F138025342534108492A4604F01EFC1C
:10FD200010E6AA4514BF04250525EEE7BDF81E2000
:10FD30000249484601F03AFB04E600BF7E5200202B
:10FD40000A5500208A52002017560020085600202D
:10FD500010B5094800210FF080F8044650B1014663
:10FD60000420FFF759FA28B120460121BDE81040D0
:10FD7000FFF7B2BD10BD00BF6E520020034B044818
:10FD80001A78FF21920011F0C3BB00BF6925002043
:10FD9000C043002070B5451804464FF0FF31AC4217
:10FDA00012D1104B10481A7805460023934211DBFC
:10FDB0000E4C2078431CB3FBF2F602FB163345F8D9
:10FDC0002010237000200CE014F8010BE4F75CFD18
:10FDD0000146E4E750F8044BA14201D00133E5E7C6
:10FDE000012070BD69250020C04300200956002075
:10FDF00007B5042301220DEB03011046F8F77AF84A
:10FE0000019B034A1B03136003B05DF804FB00BFB2
:10FE1000DC4A0020014B1868704700BFDC4A002014
:10FE2000014B1868704700BFDC4A002010B5064C33
:10FE30002368C3F30B0313B901200AF0F7FD206810
:10FE4000431C236010BD00BFDC4A00202DE9F04FA9
:10FE500093B0DDE91C79039300230693834699F858
:10FE6000003004930DA80E4615460CF0D0FC99F80E
:10FE7000003013F003043ED0039B8DF824300DF1C5
:10FE8000250A0022082138460FF0B2F900286FD069
:10FE900028880EF021FF99F800301C074CBF043071
:10FEA00002300EF0D0FD07A9804607F0EFF99DF86B
:10FEB00024300446980633D5288806F10D0111F048
:10FEC000E0F8B0B100230093721D29880823D2B254
:10FED00038460FF086F899F8003003F01803182B15
:10FEE00048D1B8F1000F45D0A74BB3F8683043456F
:10FEF00040D0A62326E02888711D11F0C2F8002802
:10FF0000F7D0009405232988324609A80FF069F834
:10FF10009DF8243003F0180303930DF1240AB0E791
:10FF20000CBB39464046F8F781FA0028D3D099F83F
:10FF300000309907DDD0402322462146404610F08C
:10FF4000FDFCBE2399F8002012F0030440F0F78076
:10FF5000288803930EF023FE224601461A200CF057
:10FF6000D9FB039BEBE007AB03CB38607960B2E7CA
:10FF70004FF6FF780DF091F8044620B10421384681
:10FF800007F0ACF904461E9B002B5AD009231E999A
:10FF90008DF834300DA80CF086FE209B0BB1209B11
:10FFA0000693039B002B40F08E800DA8EDF720F800
:10FFB00099F800309A0700F09880FFF737FF514614
:10FFC000024601200EF045FD99F800309B0710D540
:10FFD0005946288811F050F90BF1090350FA83F3C0
:10FFE0005FFA83FB2888594611F01BF900EB0B06DA
:10FFF000F6B299F8003013F0C20F0AF104030DD0E5
:020000022000DC
:100000009DF82420614942F020028DF824200A68DE
:10001000CAF804204A685A600AF10C0309A80122B0
:1000200000921B1A29883246DBB20EF0DAFF324604
:1000300059462846FEF77EFF002800F0A3800023E3
:100040007DE01F9B5BB19E46BEE80F000DF1340CB6
:10005000ACE80F00DEF80030CCF800309DE7049BE0
:10006000288803F0200359460493F7F7EBFD10F0BE
:10007000030F0CBF012300230593049B059A1F99CE
:10008000003B18BF012342EA430300930DAA06ABCD
:10009000384600F001FB049A034682B1002880D064
:1000A000059B00930DAA06AB1F99384600F0F4FAA1
:1000B00099F8002022F02002034689F80020002B46
:1000C0003FF46FAF3EE7039B102B06D1BDF83630EF
:1000D00043F00103ADF8363067E7039B182B4FD18F
:1000E000BDF8363043F00203F4E70DF1250101209D
:1000F0000EF0BDFC99F8003013F0040F82462888FA
:1001000021D1069B1BB3002C35D00EF048FD0022F8
:10011000014616200CF0FEFA84B17FB14FF6FF7352
:1001200098450BD000231A460DA938460CF003FF62
:100130009DF83520394640460CF0C7FF012318468C
:1001400013B0BDE8F08F002CDFD1104F01E0002C80
:10015000DBD10023009332463B46594610F090F81D
:1001600000283FF4C6AE002C3FF469AF069A0AF1AE
:100170000103136063E71B685345C6D80124E8E711
:10018000A623DCE71823DAE7E8490020CA55002057
:1001900007B5074A00230193136004230DEB030204
:1001A0007F2101200AF040FC03B05DF804FB00BF92
:1001B000DC4A00202DE9F04FB1B0044600888DF8EC
:1001C0002F3016468A463A9F10F088FF0146814636
:1001D000208811F026F800EB0908208811F075F846
:1001E0009DF82F500790002315F0010B5FFA88F857
:1001F000ADF8363008D101460DF13602208810F0F6
:10020000FAFE08B1ADF836B016B9CDE90E660EAEFD
:10021000FEF7F4FB18B145F020058DF82F500023B0
:10022000CDE9033302930DF12F03CDE9006322469C
:10023000534641464846FFF709FE0546002800F0B0
:10024000B8809DF82F3013F0010B46D123F0200326
:100250008DF82F300FF01EF870B1754A1068516894
:1002600010AB03C3184600F0E9F95D460890FEF7AD
:10027000B7FDABB2984239D80FB100233B70BDF83F
:100280003630CBB120880121F7F776FB2788054669
:10029000002800F0BC8001213846F7F76DFBBDF85F
:1002A000367005463846F7F7F9FA002300903A46CB
:1002B000194628460EF0CFFE0023CDE90333029302
:1002C0000DF12F03CDE900632246534641464846CF
:1002D000FFF7BCFD054600286BD00EF0DBFF0028C1
:1002E00040F0AC80284631B0BDE8F08F18AB14AABE
:1002F00026A9E8B20CF074FE002875D1082210A9D6
:1003000027A811F0DBF8089B8346002B68D09DF8E6
:10031000A530099313F0020F62D0082212A927A872
:1003200011F0CCF800285BD1099B590758D50FB1C3
:1003300001233B7014AB0FCB0DF1740C8CE80F0054
:10034000BDF83630CBB120880121F7F715FBB4F8A2
:1003500000B000284DD001215846F7F70DFBBDF83D
:100360003620099283461046F7F798FA0023099A37
:100370000090194658460EF06EFE2E4B0493002353
:1003800003931DAB02930DF12F03CDE900632246C9
:10039000534641464846FFF759FD28BB089B002BB2
:1003A00033D012AA1DAB4FF482714FF4005000F00D
:1003B000CFF80EF06FFF88B11F4B1B689A070DD462
:1003C000FEF71CFB50B11A4A1068516818AB03C302
:1003D000002226A918A80FF032FE18BB002581E7DD
:1003E00027B9BBF1000FA5D0013540E700233B70D2
:1003F000F7E7BDF836200A9010460992F7F74EFA53
:10040000DDE9092307990090B4E7089ACAE7BDF827
:1004100036B05846F7F742FA079900902B465A46ED
:10042000384647E726A918A80FF046FED0E700BFD8
:10043000F47A030014460020184600209DF82F305F
:1004400003F01103102B7FF44DAF3E4B1B78432B71
:100450007FF448AF3C4B1B685B067FF543AF2088B9
:1004600008F1050110F00DFE834600283FF43AAF75
:1004700041462088F7F7E6FB344B10F0200F08BF09
:100480001E4612A800F0DAF80822314612A811F030
:1004900015F8002852D0314612A80CF0C5FD0123F2
:1004A00026AE00933246002314A912A800F0F4F8F7
:1004B00000287FF417AF12AB0DF12F07CDE90360D1
:1004C0000290009301975346224641464846FFF763
:1004D000BDFCA8B3BDF89A3018AA43F0080314A9CC
:1004E0001020ADF89A300FF087FD00287FF4FAAEA7
:1004F00012ABCDE90360CDE901700093224653466B
:1005000041464846FFF7A2FC054600287FF4EAAEC4
:1005100018AB4FF49071002012AA00F019F84FF0B8
:100520000051002010F011F8BBF1000F3FF456AF5E
:100530004FF08051002010F008F84FE78346AEE7F7
:1005400014ABE6E75355002018460020524A00201D
:10055000F0B591B00746164609A80D461C460FF0A7
:10056000EEFF3EB13368CDF826307368CDF82A30FF
:1005700045F040051B4B1A6822EA070242EA0501D2
:1005800019604B040DD5BDF824200B0A03F4E24397
:10059000C9B222F4E3420B4322F07F021343ADF8C9
:1005A00024301A23082209A90020F7F7A3FCB4B1CC
:1005B00004A80CF02CF902236A468DF8103004F1DF
:1005C00010062346154618685968144603C40833B4
:1005D000B3422246F7D1294604A80CF064FB11B0BF
:1005E000F0BD00BF18460020054B196847F2FF1008
:1005F00041F48042014041F480411A600FF0A5BFF0
:100600001846002000B589B0FEF778FC01A80FF06D
:1006100096FF0948BDF804200168130221F0FF018C
:1006200003F4E2030B43D2B2134343F48043036069
:1006300009B05DF804FB00BF1846002010B50C4B54
:1006400004461868830788B006D54FF0FF3323604F
:100650006360012008B010BD10F04000FAD001A87E
:100660000FF06DFFDDF806302360DDF80A30EFE7AC
:100670001846002008B5074B1B6813F040030246DC
:1006800005D118461946FFF763FF012008BD002079
:10069000FCE700BF184600202DE9F04F9FB08046D0
:1006A0009DF8A0A00C461D469346CAB1164630469A
:1006B0000CF0ADF81AF0020714D004B917AC01AB76
:1006C0002246314640460CF069FC0DB100232B60F8
:1006D000002814BFA627002738461FB0BDE8F08FBA
:1006E0000DAEE4E701AB05AA314640460CF023FC11
:1006F0007378FF2B0AF0010A24D0002840F0BD8057
:100700005CB105AA0DF1240C134603CB63452060B0
:1007100061601A4604F10804F6D125B17278584B8D
:1007200003EB82032B60BAF1000FD5D0BDF8043083
:10073000D906D1D472784FF6FF7118200BF0EAFF7A
:10074000BB27C9E7DFF8409145B10EF0A3FD18B112
:10075000D9F800309A072DD500232B60D9F8003046
:1007600003F03003102B01D0202B25D117A80FF058
:10077000E6FE08220DF15E01404610F09FFE28B112
:10078000D9F8003003F04403402B15D0BAF1000F24
:1007900014D109A80FF0DDFE02233370002C51D1D3
:1007A000BBF1000F98D00EF075FD70B3301DFFF750
:1007B00045FF91E7334BD0E7A6278DE7D9F8003006
:1007C000DB03E6D509A80FF0C4FE022333709CBBFF
:1007D000BBF1000FAED00EF05DFD08B3301DFFF78A
:1007E0002DFFA7E7D9F8003003F08403842B30D025
:1007F00009AB0DF1340C1A4603CA624520606160F2
:10080000134604F10804F6D106E0D9F80030254675
:1008100003F08403842B2AD0301DFFF70FFF28E05C
:10082000D9F80030012503F08403F3E7D9F800304C
:10083000012503F08403D9E70EF02CFD0028F5D044
:100840000125D5E70EF026FD05460028CAD0002573
:10085000CEE712A80BF0DBFF022312A88DF8483078
:10086000ECF7C6FB224608214046ECF7C5FA1023F8
:100870007380002D3FF430AF5CE703272CE700BF07
:10088000BC430020144600201846002049B9084BFC
:10089000197849B14EF66023594328B10548F7F756
:1008A00013BA41F28831F8E70248F7F7A9BA00BF56
:1008B000095500206445002070B586B005460EF04D
:1008C000E9FC10B9702006B070BDF7F7AFFB002847
:1008D000F8D001A8FFF7B2FE06460028F2D055B9BD
:1008E000304B1C6814F0020433D14FF48163ADF82F
:1008F0000C30022125E02C490822284610F0DEFDAC
:100900000028DFD0274B1C6814F0020406D0274BC8
:100910001B78112BD6D1264BB3F868400822294604
:1009200001A810F0CBFD0028DFD04FF40273ADF822
:100930000C302B68CDF80E306B68CDF812300026E5
:100940000A21002203A80EF0FFF9024648B9182038
:10095000B9E7164B1B78112BB4D1154BB3F868408F
:10096000C3E7104B196801F03003102B17D0202B70
:1009700014BF01230323490001F004010B43204667
:10098000002101F085F80028E1D000210120FFF7C7
:100990007DFF16B1074B01221A70002093E7032355
:1009A000E9E700BF18460020CA5500205355002033
:1009B000E8490020FE55002030B5002485B0CDE97F
:1009C0000044F7F71DFA0EF065FC1D4D60B906F006
:1009D0007DF80D24002108462970FFF757FF2146B6
:1009E00068460AF016FC17E02B783BB31549164809
:1009F0000A780078904221D90132012B0A700DD17A
:100A000022464FF4A071204602F0A8FDB0B90F486D
:100A100041F28831F7F758F905B030BD022B08D103
:100A200002A92046F7F702FD40B902A8FFF744FFEC
:100A3000ECE7032B02D101F0DFF9E7E70424C9E773
:100A40000A5600200B560020A425002064450020F3
:100A500070B51B4A1B4D51682E7886B0044610684D
:100A600001AB03C31EB17024204606B070BDF7F77A
:100A700033FB0228F7D10EF00DFC0028F3D003A8B9
:100A800000F02AFE082201A90DF10E0010F016FD5B
:100A9000A0B10D4B32464FF4A07130461C7002F0ED
:100AA0005DFD04460028DFD1084A0948012341F2D0
:100AB00088312B701370F7F707F9D5E7B724D3E720
:100AC00087BA03000A560020A42500200B560020F8
:100AD00064450020F0B52F4E9BB007460C464922D6
:100AE000002107A8069110F013FD3378012B37D1B0
:100AF000B7BB0DF10E0120460FF05CFE0546BDF8B8
:100B00000E00F6F7CBFE441BE4B22A46BDF80E10E9
:100B10000097234606A80EF064FA04A93846F7F7B2
:100B200085FC0246E4B19DF819301A4312F0FF0229
:100B300016D1BDF8233003F47E43B3F5285F1ED3EE
:100B4000B3F5385F0ED31449BDF80E000B6843F4BB
:100B500000030B6029460CF093FA18B1042333709C
:100B60001BB0F0BD0D4B012204A81A70FFF7A4FEC4
:100B70000B4841F28831F7F7A7F80223EFE7114657
:100B800010463270FFF782FE1E2104A80AF041FBD6
:100B9000E6E700BF0A560020184600200B5600204A
:100BA00064450020014B1870704700BF0B560020B1
:100BB000014B1878704700BF0A560020014B18708F
:100BC000704700BF0A5600202DE9F0478CB005465B
:100BD000B5294088ADF80A00884600F08C8095F869
:100BE0000890AE790EF078F805A90446BDF80A0021
:100BF000EF7910F07BFBBDF80A000DF060FF4205B5
:100C000042BFBDF81A3043F40053ADF81A30EB7907
:100C1000DB0642BFBDF81A3043F48053ADF81A30FA
:100C2000BDF81A30980613D5022E6AD108A9287A81
:100C30000FF061FDDDF82500DDF8291003AB03C3DB
:100C400003AA0021009104230DF10A00FFF7B2FA74
:100C5000BDF80A000121F6F78FFE022E82465CD114
:100C6000474B33F81940B8F1000F72D0BDF81A2085
:100C700051066ED54FF6FB739C426AD8414B1B78E8
:100C8000033B012B04D8404BB3F86830A34260D03B
:100C9000D30502D520460FF020FFBDF81A30D80446
:100CA00057D5002E46D1BDF80A000DF008FFC10649
:100CB00011D4CDF80080534605AA214630460AF0EB
:100CC000DBF80B2017F003021CBF02F1FF32D2B297
:100CD00021460BF01FFDBDF8162048F234039A425E
:100CE00009D12A4E3078FF2805D003222146FBF790
:100CF00067FCFF23337000232B806B800CB0BDE8B2
:100D0000F087012E01BF2B7A214A03EB430302EB4C
:100D100083020CBF0232002293E7012E05D10C237F
:100D20001B4A03FB09F3D45A9DE7A01C0DF08BFE70
:100D3000044698E7204601F0B5FEBDF80A000DF024
:100D4000BEFEC206C7D4CDF80080534605AA494668
:100D5000B4E7BDF80A000DF0B2FEC306BBD4CDF86F
:100D60000080534605AA002E14BF4946214630464E
:100D70000AF082F8B8F1000FA3D10920A2E700BF62
:100D8000DE4E002054550020E8490020A825002010
:100D90001E4E002070B5114B114D00240A262A78F2
:100DA000A24205D8C2B9BDE870400E48F7F728B88E
:100DB000598869B9013AD2B2A2422A70EFD0121B07
:100DC00003F10A011846724310F088FB0346E6E778
:100DD00001340A33E4B2E2E770BD00BFBA4D00202F
:100DE0000E560020F823002070B51A4B1A4A1D78C1
:100DF0000023DCB2A54200D870BD144601336688DA
:100E0000864202F10A02F4D1E379A588617203F007
:100E100040028DB9CAB123F00403E3710DF05CFF09
:100E2000037803F07F03037021880029E4D1BDE833
:100E300070400A48F6F748BF00216580A180002A6B
:100E4000E9D1BDE87040FFF7A5BF2046FFF7BCFE23
:100E5000F7E700BF0E560020BA4D0020F82300200F
:100E60002DE9F047044686B040880F4615460DF040
:100E700033FFA3798046082B51D8DFE803F0052E15
:100E8000185050505050050002300DF0DCFD002D80
:100E90004DD06946F7F7CAFA38B9684601F0ACFE9A
:100EA00000F0010006B0BDE8F0870020F8E702A9D5
:100EB000207A0FF020FCDDF80D00DDF81110334A28
:100EC0006B4603C3237A32F81390314AD05C6E46E6
:100ED00075B131460FF033FCE4E7237A2D4903EB7B
:100EE000430301EB830231F82390907A961CEFE7DD
:100EF0004FF6FB7AD14514D9304603F0F5FF4FF693
:100F0000FF739842054614D00146304601F0E6FDD5
:100F1000554507D9E379DA060DD4CB236372002057
:100F2000C0E74D46294608F102000DF08EFD012074
:100F3000B8E74D46EEE74FF6FC78454511D103F092
:100F40000C030C2B1BD1D7B130464FF6FD7101F0CD
:100F5000C5FDC82161722046FFF736FEFFF71AFF74
:100F6000DDE74FF6FD739D4209D1002319461A466D
:100F7000304602F0AFFB4146304601F0AFFDE37969
:100F800043F00C03E371CC23C8E700BFDE4E002022
:100F9000155500201E4E002073B5044640880E46AD
:100FA0000DF09AFE02300DF04EFD0CF088F818B1ED
:100FB000A11C201D0CF088F8E6B1E5790135EDB2F1
:100FC000E57115F0400514D0EBF766FD01220546EA
:100FD00000212046FFF744FF18B1394B1B882B44F2
:100FE0009DB2384B1B78042B01BF354B1B885B1916
:100FF0009DB22580002231462046FFF731FF20B305
:1010000060880DF069FEE2792F4922F00C03E3714C
:101010000B780133DBB20B70C3712C4B1B78054688
:10102000A61C0BB3E37998061ED52949097871B13E
:1010300059060CD592070AD50022009204231146C6
:101040003046FFF7B7F810B1607202B070BD0022F1
:101050000092012311463046FFF7ACF820B1E37946
:1010600043F00303E371EFE730460CF02BF810B1C7
:101070000123E371E9E76088FBF74CFE0328E4D81D
:10108000DFE800F0020D1B18E37943F00403E3717D
:101090001B06DAD50F4B1A780F4B1A70D5E7CD2304
:1010A0006372E37943F00803E3712B7803F07F0365
:1010B0002B70CAE7CE236372C7E7CF23FBE700BFDD
:1010C000F624002054550020515500204F55002093
:1010D000A52500200D5500200D5600202DE9F74FC5
:1010E000064609F064FC5D4B5D4AB3F80090188039
:1010F0005B4BDFF880B11B78A0EB0904A4B2A342DC
:1011000086BF1B1BDBB200231370A9EB000305464F
:101110004FF000084FF6FF770093524B19785FFAB3
:1011200088F291420ED80EB1FFF734FE4FF6FF73EE
:101130009F4200F08D804C48394603B0BDE8F04F27
:10114000F6F7C2BDBBF80220002A3CD0474B9BF803
:1011500007201878BBF800A0042818D00020BAF1A6
:10116000000F08BFA2462044504523D2BBF8001010
:10117000009B1944ABF80010002E4DD002F048023D
:10118000482A49D100215846FFF706FF44E0019262
:10119000F7F79CF830F01003019ADFD1FAF706FE5A
:1011A000334B019AB3F800C08445D7D9ACEB0000AB
:1011B00080B2D4E702F00C00042807D10022ABF87B
:1011C00000200BF10A0B08F10108A6E7510602F016
:1011D000030C02F008000DD520B3BCF1030F24D19D
:1011E000D6B19BF80910002908BFC9215846FFF75E
:1011F000EBFC11E040B3BCF1010F25D11206EFD496
:101200004FF4C862ABF800209BF8072022F00302DD
:1012100042F002028BF80720BBF80020974228BF5B
:101220001746CEE703208445DAD213060ED50C4BC1
:101230001A780AEB0200844208DA4A44521B0AEB8D
:101240000201ABF80010E7E70120ECE701219AE783
:10125000054803B0BDE8F04FF6F7D2BD7452002048
:101260000D5600200E560020F82300205455002073
:10127000F6240020BA4D00202DE9F0410B4EDFF896
:10128000348000250A273378ECB2A34204D8BDE8A5
:10129000F0410748F6F70CB907FB0484A01CF6F7E9
:1012A00007F9201DF6F704F90135ECE70E5600208A
:1012B0006A520020BA4D002070B50D4D0D4E00242D
:1012C0002B78A34208D81B1BDBB22B7073B9BDE887
:1012D00070400948F6F794BD04EB8400CA2106EB80
:1012E00040000134FFF770FCE4B2E9E770BD00BFD5
:1012F0000E560020BA4D0020F82300202DE9F041C1
:101300000025124CDFF8488006462F4698F800204A
:10131000EBB29A4203D8BDE8F041FFF73BBD6088CD
:101320000DF0DAFC02300DF08EFBB0420AD160887D
:10133000F8F774FB00236288B521184603F0D0F952
:10134000278067800A340135E0E700BFBA4D0020EE
:101350000E560020F8B5124F124D3E782D78DFF86A
:1013600048C006EB8604B5424FEA440E0CEB440439
:1013700014D003F4835343EA13230025E371662357
:101380006080A171227228462CF80E500136A5808B
:1013900063723E70FFF7A2FE2846F8BD7220FCE79C
:1013A0000E56002067250020BA4D00202DE9F04F91
:1013B000354B1C7885B00E4617465CB9B1F90680EE
:1013C000DFF8CC90DFF8CCA0DFF8CCB099F8003093
:1013D000A34202D805B0BDE8F08F04EB84050AEB08
:1013E0004505A88800B9688801A90FF07FFFB27A87
:1013F0009DF80E309A4244D1B8F1000F0FDA317ADD
:101400009DF80C203389914209D82048007808447F
:10141000824236DA521A1B0A1341D90731D53846AF
:101420000FF053FFBDF80A309A06044602D5F38840
:101430009B06CFD5EB7903F00C03042B08D1688809
:10144000F8F7ECFA00236A881946184603F048F9C1
:1014500000212846FFF7B8FBFFF79CFC3846F6F75B
:101460001DFA844208D22B7A8BF800300122002327
:101470003146384603F072F8B8F1000FAADA0024BA
:10148000A4E70134E4B2A1E70C5600206625002051
:101490000E560020BA4D00201756002008B509F05E
:1014A00086FA074B1B88C01A80B2B0F5807F05D939
:1014B000BDE8084003480021F6F706BC08BD00BFA0
:1014C00074520020F82300202DE9F04786B004462E
:1014D0000D460FF003FE01462046F6F7B3FB10F071
:1014E000030373D110F00C0F06D12946204606B035
:1014F000BDE8F047FFF778BC20460DF0E0FAC106E2
:1015000057D420460FF0EAFD01462046F6F79AFB35
:10151000074620460DF0E0FB064602300DF093FA38
:1015200003A98046204607F00C0796F806900FF0B6
:10153000DDFE73780C2F0CBF03270627012113F063
:10154000010F204618BF0327F6F716FA224B1B7827
:10155000033B012B82461BD9B9F1010F18D94FF675
:10156000F773984502D8337A1F2B11D9301D0DF02F
:101570006AFAF17981460EF093F806464846F7F785
:1015800057FECEB173685A1C02D0834308BFD125E1
:10159000124B1B88A34211D1B5FA85F04009FAF726
:1015A000A3FE20460DF0B9FA0022014607200BF0F9
:1015B000B1F806B0BDE8F087D125E9E700955346BC
:1015C00003AA4146384609F057FCEAE7012BF0D15F
:1015D00010F00C0FEDD188E7545500206A5200201E
:1015E00010B50A4B1C780A4B0022D1B28C4201D8AC
:1015F000002010BD197A814202D19979022902D0C6
:101600000A330132F1E70120F3E700BF0E56002054
:10161000BA4D002010B5094B1C78094B0146002239
:10162000D0B2844201D8002010BD187A884202D17D
:1016300098790128F8D00A330132F1E70E560020DC
:10164000BA4D002010B40B4B1C780B4B0022D1B2CA
:101650008C4203D85DF8044BFFF79CBB197A81429A
:1016600005D19979012902BF0021198059800A33D7
:101670000132ECE70E560020BA4D0020044B1B68E7
:1016800013F0300F03D0202130200EF05EBF7047E2
:10169000184600200949002310B51A46044601EAFD
:1016A00000414FF07F60FEF753FFE30703D50021B1
:1016B00030200EF04AFF002010BD00BF000072076E
:1016C000044B5B8823F4784323F08D0303800020D0
:1016D000704700BF1846002008B503460022C3F833
:1016E0000220C3F806200B4A1268D1B212F0200F74
:1016F00018BF41F010011980930700F1020001D4D6
:10170000FEF79CFF044B1B78023B032B8CBF9320FE
:10171000002008BD184600205355002038B5054666
:101720000C46FDF7EBFB98B10D4B187878B10D4BDB
:101730001B681A040ED57CB113F0420F00D16DB1B5
:1017400003F44073B3F5407F0CBF0020B72038BDD1
:101750009520FCE7A820FAE72046F8E7B720F6E74F
:101760004F55002018460020F0B58DB0044607A85C
:101770000D4616460BF04BF81022002103A80FF07F
:10178000C7FE5CB1234603F1100703AC1868596823
:10179000224603C20833BB421446F7D1012786EA2A
:1017A000070303A907A88DF81C708DF81D300BF0F6
:1017B0006BFA80EA070401A8E4B20BF03EFAB6B176
:1017C00001A88DF806500BF0EEFA64B1002303A9CE
:1017D00007A88DF81D300BF066FA0C4B1B78432BD5
:1017E00001D1F7F713FE0A4B1D700DB0F0BD01A833
:1017F0008DF807500BF0D7FA002CF6D003A907A8F4
:101800008DF81D700BF04FFAEFE700BF5355002025
:101810004E550020F0B593B007460DA801250C46A3
:101820000AF0F5FF05A90DA8ADF834500BF056FAF3
:1018300001A80BF002FA09A90DA88DF835509DF802
:1018400006600BF04BFA0DA89DF807500BF0B5F9A8
:1018500070BB731BDBB2802B28D91FB1A64225D0E9
:10186000A54223D105A90DA80BF01DFA03A80BF082
:10187000E4F903A88DF80F600BF095FA01222946D0
:1018800009A8FFF771FFF7F777FE01214FF4007009
:1018900003F0EAFEFDF71CFBB0F1004F01D9FDF7A4
:1018A0001DFB044B187809F0A5FC012013B0F0BD16
:1018B0000020FBE74E55002070B50E461446054645
:1018C0000320FFF77BF946F00402294620460BF07F
:1018D00044FA024B00221A6070BD00BF144600207B
:1018E000F0B587B0078805461022002102A80FF046
:1018F0000FFE3B4B1B78002B6FD1B80557D407F078
:101900008403842B5CD0374C0EF0ADFE17F4045FDB
:10191000276005F102061CD0BA040AD5304605F04E
:1019200081FA00284AD1236823F4005343F48073DA
:10193000236030460EF0A4FE00283ED10AF063FF7B
:1019400018B9236843F480332360236843F02003ED
:101950002360226842F4004112F0400218BF05F1F2
:101960002302334647F2FF102160FEF7F1FD0DF12F
:101970000600FFF7A5FE236813F4805FBDF806306C
:1019800022D043F02003ADF80630BDF80600FFF783
:1019900081FE23689B0506D595F82210012205F1EA
:1019A0001200FFF7E1FE104B0020186006E005F181
:1019B00012000EF065FE0028A1D0B22007B0F0BDE5
:1019C000B907A0D5B720F9E723F02003ADF806301A
:1019D000FDF784FAFEF7DCFBD7E77020EEE700BFE7
:1019E00053550020184600201446002008B5054B2A
:1019F0001B7833B1FFF742FEBDE808400248FEF70E
:101A000039BE08BD4F550020CA55002010B5154BF2
:101A10001B78D3B1144B1B78033B012B15D9002045
:101A20000FF0FBF8044698B1027912F0300F0CD198
:101A30000E4B1B784BB1012B02F0CF0206D0991E42
:101A40004B424B415B011A43227110BD1023FAE750
:101A5000F7F722FA0028F8D021462046BDE81040CA
:101A600004F098B94F5500205455002065250020FA
:101A700008B50DF00FFC054B18B91868C0F38000CD
:101A800008BD1868C0F30050FAE700BF18460020F0
:101A90002DE9F047064688B08946104600211546D4
:101AA0009846F6F7CFF8102807460AD8684B034146
:101AB000DB0706D4C8F340049DB9002008B0BDE898
:101AC000F087644B1C78002CF6D0FFF7D1FF00287C
:101AD0000CBF4FF4F0744FF4D074FC4004F00104D8
:101AE000EAE7002318F0010F1A4629464FF00500D7
:101AF0000CBF4FF0080A4FF4027A09F018FA0028D8
:101B0000DBD0C8230093324600235146284605F017
:101B100069FDADF80E000028CFD018F0080A4AD1B0
:101B2000A7F10F024FF6F773D2B29E428CBF092382
:101B30000123012A01D843F04003474A8DF81030B1
:101B400013788DF81130591C1170002C4FD09DF86E
:101B50001030052F43F020038DF8103033D03F4B69
:101B60001D78002D5AD04FF6F77300259E424FF096
:101B70000F0248D9012304A90DF10E00F5F7BEFFAD
:101B800000289AD1002C4DD1BAF10001BDF80E0009
:101B9000CDF8009033463A4618BF01210BF099FA70
:101BA000ADF80E00002888D018F0040F4DD0314653
:101BB0000DF0A0FF82E749460DF10E0005F012F985
:101BC0000028ADD179E70121BDF80E00F5F7D4FE6C
:101BD0000121F6F737F80123834013F0620F1CD17F
:101BE0001E4B1B78E3B14FF6F7731825BEE71B4B6E
:101BF0001B7825460222002BBCD04FF6F7739E427D
:101C0000B8D8052FB6D0BAF1000FB3D19DF8103077
:101C100043F040038DF81030ACE710250F22A9E700
:101C20001825FBE7BAF1000F0AD0009002234A46BC
:101C300029460DF10E00FEF7BDFA0028A4D03CE7BE
:101C4000CDF800A041235246F2E70DF03DFF35E705
:101C50009FFEFEFF4F5500205055002041550020AB
:101C60002DE9DF431E46144B0A9C1B689B078046E8
:101C70000F4691461CD4204614B10BF012FAC0B2A4
:101C8000CDE902400622CDE900890C493B460020FF
:101C90000DF035FA024658B1002E4FF000010CBF8E
:101CA00001230323084604B0BDE8D043FFF7F0BE8C
:101CB000002004B0BDE8D083184600208FBA03008E
:101CC0002DE9F04F8DB081469DF85C808A461F4615
:101CD00093463AB903A8FEF7B1FCA8BB00200DB0AB
:101CE000BDE8F08F15460022232110460DF02CF898
:101CF000ADF80A000028F1D0F5F7B4FD044605233D
:101D000018F0100F00F8023B67701FD0112200215D
:101D10000FF0FEFB04F11306032F4FF0080236D13B
:101D2000594630460FF0DAFBC8F3801306F1090577
:101D300033720BF0B2F900283DD000232B706B708A
:101D40000123AB70033536E003ADCCE716991022C2
:101D500001260FF0C3FB06FA07F313F0620F02D15E
:101D600004F11206D8E707A80AF051FD05A88DF87E
:101D70001C600AF062FF9DF816209DF8173018F0DD
:101D8000200F08BF134604F11306A374C4E751469D
:101D900030460FF0A3FB06F108020123121B00934B
:101DA0002846BDF80A100823D2B20DF01AF9042F04
:101DB00006F11005BDD02D1BE9B20DF10A000DF0A2
:101DC000F7F800288AD118F0040F0BD0484603F02A
:101DD000DDF8FF281FBF074A32F8103023F4804394
:101DE00022F81030BDF80A20434651464846FFF716
:101DF0004FFE74E7FA51002070B590B003268DF8BD
:101E000007600DF047FA10B9702010B070BDF6F7FA
:101E10000DF90028F8D002AD2846FEF70FFC002887
:101E2000F2D01C4B1C6814F00204EDD11A4A40F2A7
:101E30000F43ADF824301368CDF8263004A853685A
:101E4000CDF82A300AF0E3FC95E8030005AB83E8FF
:101E50000300062304A88DF81D308DF81060EBF701
:101E6000C7F80DF12E0201210DF10700EAF7C4FFBA
:101E700022461A2109A80CF067FF024608B918206B
:101E8000C3E7012329462046FFF702FE0028F6D0CB
:101E90002046BAE718460020CA5500202DE9F04F29
:101EA00099B006461F220F4610A8002103930F91F8
:101EB0000FF02EFB30460FF011F901463046F5F7D2
:101EC000C1FE8DF81B0030460CF006FF9DF81B305C
:101ED00045788146C5F340059806304648BF45F031
:101EE00002050FF0F2F904463046F5F7D7FC001B67
:101EF0005FFA80FA002300935346232B28BF232345
:101F0000224631460FA80DF06CF800283ED1AC4BAC
:101F10009DF83C801B789DF83DB0002B39D0FFF731
:101F2000A7FD00280CBF4FF4F0734FF4D07323FAD1
:101F300008F3D9072DD5AA072BD4B8F1080F22D161
:101F4000BBF1040F22D1FAF789FEF8B90DF11B039A
:101F500022463146052008F0CEFFB8B1A8F10508A9
:101F6000B8F10D0F12D8DFE818F028009701BE0174
:101F7000E401ED011100110011001100F3018602CE
:101F8000A102CF02CF02B8F1050F08D019B0BDE809
:101F9000F08FB8F1100F05D1039B002BF6D0FAF7A4
:101FA0005DFED3E7FAF75AFE0028CFD0B8F1050F4F
:101FB000CCD0B8F1110FC9D0E8E7BBF1050FE5D8D7
:101FC00030460CF0ECFD059009F102000CF03BFDF1
:101FD000814608A8FFF774FB9DF83D700123BB40C4
:101FE00013F06203039305D0BDF820309B0701D5A1
:101FF000AE07CBD50DF04EF90028C7D0FAF72EFE6C
:1020000008B9002DC2D00DF13E0A50460EF038FB43
:10201000039B049043B3032F9DF84EB02BD10DF1D9
:102020004F040DF037F9814500F0BB800026039B7B
:10203000002B3BD12046F6F7DDF94FF6FF739842AF
:10204000054604D120460EF0B8FFA8429ED0049B5E
:10205000002B0CBF04231523CDE900A332463B46D9
:102060002146FFF72DFE91E7032FDDF80CB079D163
:102070000DF14E04D5E7534B1B689C0727D5FF2273
:1020800008210DF157000DF0B3F88046F8B903466A
:1020900001460DF157020220FEF75AFA0DF0FAF848
:1020A00081450DF157060DF14F041FD04FF6F77320
:1020B0009945BFD90022082120460DF099F8002843
:1020C000B8D0002259465046FFF74EFB5EE70DF1AF
:1020D00057060DF14F0430460EF05FFA002846D047
:1020E0000DF0D8F88145A2D14FF0000836490822FA
:1020F00020460FF0E3F9002899D1012F6AD0042F70
:102100007FF444AF0EF06CFA10B1032D7FF43EAFB4
:10211000049B002B7FF43AAF324602215046FFF772
:10212000CBFB2A4B1B7863B1FFF766FEFEF740FD41
:10213000022806D10120FEF735FD01210846FEF7F1
:10214000A5FB234B1B78022B20D10321304609F03D
:1021500060F8FEF72DFD014600287FF417AFFEF76B
:1021600095FB13E70DF156060DF14E04B3E7184B3E
:102170001B78432B7FF40AAF012F7FF407AF0DF0DC
:1021800089F881457FF453AFB846AFE7412B7FF420
:10219000FDAE0C4B1B6858057FF5F8AEF8F756FD01
:1021A000F4E6032D7FF4F2AE9DF856100039524646
:1021B00018BF01210DF14E000AF098FFE6E600BFBE
:1021C0004F55002018460020CA550020FE5500201B
:1021D00053550020AE4C2378022B21D02378412B7D
:1021E0003FF4D4AE049B33B9FAF738FD59460246A2
:1021F0005046FFF7B9FAFAF731FD00283FF4C6AEB2
:102200000EF0EEF9A34F90B13B681A0502D4237883
:10221000432B0CD1AB070AD4AC20F7F711FDB5E680
:102220000EF0DEF90028D9D0A907D7D4AEE6386879
:1022300010F0020002D1059903F0ACFD2378112BB8
:1022400015D13B685F0512D50020FEF735FB04462B
:1022500000287FF49BAE0DF09CFAAE20F7F7F0FC5F
:1022600021462046FEF712FBF7F7F6FC8EE6AC0798
:1022700001D5FFF703FAB8F1000F8FD00AF0C3FAC7
:1022800018B94FF480310EF060F9834B00223046CC
:102290001A600EF079F981E70CF0FCFF00287FF45A
:1022A00075AE7E4B1B78002B3FF470AEA80704D4AC
:1022B000784B1B6899013FF569AEBAF10C0F0DF12F
:1022C000450094BF002412AC0CF0BDFB02469DF803
:1022D000470003283FF65AAE00940DF13D033946FE
:1022E00004F022FB52E66E4908220DF13D000FF08A
:1022F000E5F820B902223946FAF762F946E6694B59
:102300001B78013B012B3FF641AE0DF13D0002F081
:10231000EBFD4FF6FF739842044606D10DF13D00E8
:102320000EF04BFEA0423FF431AE0021FAF758FA0E
:102330002CE6EA077FF52AAE2A460FA9384604F0B4
:10234000D1FB23E69DF83D100120FFF763FA1DE65F
:10235000544B1B78013B012B3FF618AEEB077FF582
:1023600015AE0DF13D0002F0BFFD4FF6FF73984230
:102370000546804671D10DF13D000EF01EFE404530
:102380000546074669D10DF13D00F6F773FDB842E9
:1023900005463FF4FBAD3046F5F780FA0934E4B268
:1023A000071B0022FFB2394610460CF0CDFCADF8F9
:1023B0001C0000283FF4EAAD4FF00109CDF8009071
:1023C00000232A46082105F00DF9ADF81E0000286B
:1023D0003FF4DCAD214630460EF04EFF4FF0000AD0
:1023E00080461622514609A8CDF820A00FF090F89B
:1023F000434622463146CDF800A008A80CF0F1FD76
:102400004B46424608A90DF11E00F5F777FB002860
:102410007FF4BCADA7EB0807FFB2394607A80CF064
:10242000C7FD284602F0B2FDFF281FBF1E4A32F842
:10243000103023F4804322F810304444E4B2BDF855
:102440001C0000972346324600210CF004FEBDF824
:102450001E0029460DF04EFB98E5284602F096FD39
:10246000FF28074697D0F6F72DFF002893D038466F
:1024700003F0BEF98FE70B4B1B78013B012B3FF6B6
:1024800085AD2A460FA93846FCF7C0FA7EE500BFA5
:102490005355002018460020144600204F550020B8
:1024A000CA55002054550020FA510020184B1B78C3
:1024B000022B20D1002F7FF469AD08A8FEF7BEF8EB
:1024C00000283FF463AD134B1F709DF83D30002B87
:1024D00014BF64246524FEF76BFB032806D138463D
:1024E0003946FEF7D3F93846FEF768FB214608A8BF
:1024F00008F08FFE4AE5043B012BDBD938460AF091
:10250000DEFD0028D6D141E530460AF0DAFD3DE592
:1025100053550020FE5500202DE9F34105460E4697
:10252000174698460EF05CF8044640B1CDF800809E
:1025300001233A4631462846FFF792FB04460EF047
:102540004FF830B1FFF794FA78B10A4B1B689B0142
:102550000BD4CDF8008000233A4631462846FFF7D9
:102560007FFB002C0CBF0446012404F0010002B0E4
:10257000BDE8F0811846002070B58AB005A80AF0C1
:1025800046F902238DF81430094B01AA03F1100615
:10259000154618685968144603C40833B3422246E6
:1025A000F7D1294605A80AF06FFB0AB070BD00BF3D
:1025B00095BA0300014B1878704700BFA62500208C
:1025C000014B1888704700BF1A2500202DE9F04301
:1025D0004FF6FF73994285B080460D4604D11E49DF
:1025E00008220EF06BFF58B11C4E00274FF6FD7904
:1025F000EAF758FAFCB2A04207D84FF6FF7019E08C
:1026000005B0BDE8F0430CF045BE36F814304B453C
:1026100017D8694620460EF037F8082241460DF1DA
:1026200005000EF04BFF4FF6FF7360B99D4204D1D9
:1026300036F8140005B0BDE8F08326F814500DF00C
:10264000DFFF0137D4E79D42FBD036F81430AB42B0
:1026500008BF26F81490F4E7CA550020DE4E00208B
:102660002DE9FF47DFF84480DFF844A006460F4617
:1026700000254FF6FD79EAF715FAECB2A04202D830
:1026800004B0BDE8F08738F814304B450CD86946E3
:1026900020460DF0F9FF082231460DF105000EF03D
:1026A0000DFF08B90AF804700135E4E7DE4E00209A
:1026B00015550020014B33F810007047DE4E002006
:1026C000F0B50E4F85B006460025EAF7EBF9ECB2FF
:1026D000A04201D805B0F0BD37F81430B3420BD199
:1026E000694620460EF007F89DF80030022B1CBF0B
:1026F0004FF6FD7327F814300135E6E7DE4E002073
:1027000030B585B00446EAF7CDF9A04219D9204684
:10271000FEF766FF0546B0B9694620460DF0B4FFE6
:102720009DF800302BB1694620468DF800500DF021
:10273000C7FF064B4FF6FF7223F81420002005B0A8
:1027400030BD6920FBE77520F9E700BFDE4E0020B1
:102750002DE9F0410B7805460E461BB9BDE8F04166
:10276000FFF7CEBFEAF79EF9A8422ED92846FEF71A
:1027700037FF60BB37464FF6FF7117F8058B3846B9
:10278000FFF724FF0446384600F036FAB8F1000F90
:1027900015D0B8F1030F15D04FF6FF724FF6FD7349
:1027A000944208BF1C460B4B23F815400A4B314698
:1027B000585528460DF084FF0020BDE8F0814FF603
:1027C000FF74F0E74FF6FE74EDE76920F5E775203A
:1027D000F3E700BFDE4E0020155500202DE9FF4134
:1027E000114F0D460E0A04464FF6FE78EAF75AF9E5
:1027F000A04204D8FF24204604B0BDE8F08137F899
:10280000143043450CD1694620460DF03DFF9DF83C
:102810000520EBB29A4203D19DF80630B342EAD0CC
:102820000134E4B2E2E700BFDE4E00202DE9F04FB4
:1028300087B0DFF86C909DF840A001900C461746D9
:10284000984600254FF6FD7BEAF72CF9EEB2B04230
:1028500001D8FF2616E039F816205A451ED802A9DD
:1028600030460DF011FF3FB99DF80920424515D1C2
:102870009DF80C20524511D144B939F81620019B1E
:102880009A420BD1304607B0BDE8F08F08220DF117
:102890000D0120460EF012FE0028F3D00135D3E7DB
:1028A000DE4E002010B514460DF0EEFE2046034922
:1028B000BDE8104008220EF011BE00BFCA5500202E
:1028C0002DE9FF47074615460846082224491E46BB
:1028D0000EF0F4FD044600283FD1DFF888904FF653
:1028E000FF7AEAF7DFF85FFA84F840450BD885B342
:1028F000384608F0CDFB01250C9B1870357001207F
:1029000004B0BDE8F08739F8183053451FD0694648
:1029100040460DF0B9FE7A789DF801309A4216D102
:102920007A88BDF802309A4211D13A799DF8043084
:102930009A420CD108220DF10501781D0EF0BEFD62
:1029400028B9002DD7D1404608F0B6FBD3E70134B3
:10295000C7E7FF2008F0B0FBCEE70020D0E700BFBC
:10296000CA550020DE4E0020F0B5164E164F85B039
:102970000025EAF797F8ECB2A04201D805B0F0BD07
:10298000694620460DF080FE9DF80030032B06D9E5
:102990000023694620468DF800300DF091FE9DF829
:1029A000002062B14FF6FD734FF6FE71032A08BF97
:1029B0000B4626F8143000233B550135D9E74FF676
:1029C000FF73F6E7DE4E002015550020F8B50E4BDC
:1029D0000E4D1B7803EB43030E4605EB83050446BF
:1029E0004FF6FF77A54202D800242046F8BD238881
:1029F000BB4206D008223146A01C0EF05FFD002825
:102A0000F3D00C34EEE700BF682500201E4E0020F6
:102A1000044B05481A7802EB42029200FF210EF0A7
:102A200077BD00BF682500201E4E0020074A12789F
:102A300082420AD900EB4003054A22F823104FF6E0
:102A4000FF73994201D1FEF7FDBD70476825002054
:102A50001E4E0020094A127803469A42084608D9B9
:102A60000C21022211FB03230549082219440EF010
:102A700035BD00230B604B60704700BF6825002008
:102A80001E4E0020054B1B78834281BF0C23584308
:102A9000034B185A98BF4FF6FF7070476825002007
:102AA0001E4E002038B50446FFF70AFE094B187881
:102AB000094B00224FF6FD75D1B2884200D838BDCF
:102AC00033F80C1CA14208BF23F80C5C01320C3314
:102AD000F2E700BF682500202A4E002070B50546A9
:102AE0000E460846FFF7DEFF31462846FFF76EFD2B
:102AF00006482946FFF76AFF00B970BD044624F86E
:102B00000C6B0DF07DFD29462046F3E71E4E00209C
:102B100010B5244986B0082204460EF0CFFC20B937
:102B200006B0BDE810400CF0B5BB1F490822204696
:102B30000EF0C4FC20B91D4BB3F8680006B010BD00
:102B400000230093012221464FF6FF70FFF76EFE2F
:102B5000FF2806D0164B33F810004FF6FB7398424F
:102B6000ECD903A8FEF7B8FD58B9BDF80C305B06E8
:102B700007D5082221460DF10E000EF09FFC00281B
:102B8000DCD00C482146FFF721FF40B100884FF60A
:102B9000FB724FF6FF73904288BF1846CEE74FF6A0
:102BA000FF70CBE7CA550020524A0020E8490020B8
:102BB000DE4E00201E4E002070B50D4B1D780D4BD3
:102BC0000446002208464FF6FB76D1B28D4201D86A
:102BD000002009E01988B14207D8A14205D1082296
:102BE000991C0EF07BFC012070BD0C330132ECE728
:102BF000682500201E4E002037B5014605460D48C9
:102C0000FFF7E4FE044630B1807A294603B0BDE800
:102C100030400DF094BD03460090012229464FF646
:102C2000FF70FFF703FEFF2816BF034B2046185C1A
:102C3000EBE700BF1E4E0020155500202DE9F8439C
:102C4000164B1B78834207460E4623D9FEF7E2FC5B
:102C5000044608BB3046F5F7CDFB4FF00C084FF6A5
:102C6000FF724FF6FD73904218BF03460C4D08FBF0
:102C700007F23046AB5205EB0209FFF7BDFF89F8BA
:102C80000A0048460822314602300EF027FC204652
:102C9000BDE8F8836A20FBE77620F9E76825002085
:102CA0001E4E002038B504460D46FFF7D9FC0548F6
:102CB0002146FFF78BFE00B938BD857221460C30E6
:102CC000F7E700BF1E4E00202DE9F04192F8088082
:102CD0001F4608F1FF33DBB2EF2B88B005460E46E6
:102CE00014460BD982238DF80E309DF80E30214A00
:102CF0003146284600F07EFB012037E00E220021FD
:102D000004A80EF005FCB4F80930ADF81230E37AEF
:102D10008DF8118003F07F02032A08D0012B24D103
:102D200003238DF81030A389ADF815300EE0032B86
:102D300014BF022301238DF81030E368CDF815305D
:102D40002369CDF81930237D8DF81430A7F12101C6
:102D50004A420DF10E034A41009321460DF10F0343
:102D600004A8FFF7ADFD0028BFD1002008B0BDE8E2
:102D7000F08100BFF68B03002DE9F04F95B01D7870
:102D800004920024CDE90201CDE9005441492346D3
:102D9000224601200CF0B3F9ADF81E00F8B1A346AD
:102DA000264627460DF120090DF1380AE9F77AFE8B
:102DB0005FFA84F8404516D8BDF81E003A46022155
:102DC000F4F754FFBDF81E0032460421F4F74EFF1D
:102DD000DDE90310BDF81E30002200F00BFB0120DE
:102DE00015B0BDE8F08F4A460AA94046FFF75AFDE4
:102DF0009DF8282022B12DB1013DEDB20137FFB27F
:102E00000134D3E7BBF1000FF8D199E803009DF836
:102E100029308AE803008DF84030BDF82A308DF85B
:102E20004130032A4FEA13238DF8423016BF0323A3
:102E300001238DF84330DDF8311018BF9DF82C3098
:102E4000DDF82D0014BF8DF84C308DF8433011ABF8
:102E500003C302980CBF4FF00E084FF015080DF099
:102E60000FFB0590BDF81E00F4F718FD059900EB67
:102E7000080399420BDB0123424651460DF11E0027
:102E8000F4F73CFE0028AAD10136F6B2B6E74FF0BF
:102E9000010BB3E7A6BA0300074A00231370074AE1
:102EA0001370074A118801B11380064B1A880AB1C2
:102EB00000221A80704700BF105600200F560020D5
:102EC0007A520020785200202DE9F04F4D4C89B005
:102ED0009B46238805909DF848900F4610465BB9A5
:102EE00052B10CF0A9F8208047484FF4FA6109B0BC
:102EF000BDE8F04FF4F7E8BEDFF82081B8F80050E5
:102F0000002D6BD02846F4F7C9FCDFF81491DFF8E8
:102F100014A1C0F347042846F4F7A4FC0294B9F8BE
:102F200000300193BAF800300093384905465B46FB
:102F3000002201200CF0E3F8ADF81E0018B305EBF9
:102F4000440B01245D4512D1ECB9BDF81E50D5B13A
:102F50002F4B1B7833BB05982B460022394600F0D7
:102F600049FA0023AAF80030A9F800300BE0012349
:102F700029461A460DF11E00F4F7C0FD10F0FF04BB
:102F800005F10205DED0234A0023A8F800301378AB
:102F9000013BDBB21370002BA6D109B0BDE8F04FA6
:102FA000FFF77ABF0CF057F901462846F4F74AFEBE
:102FB0000A2183462846F4F745FE0646A64202D873
:102FC000FF2CCED1C7E704F10B01C9B22846F4F7B4
:102FD00039FE8345BFD80134E4B2EFE70E4C2378C5
:102FE00023B9F3F7A5FB08B9012323704A465946D4
:102FF0000520F5F7AFFC0028CFD1207009B0BDE85F
:10300000F08F00BF7A52002018240020ABBA0300D2
:1030100011560020105600200F5600207852002034
:103020000E5200201052002030B5154D2C8887B06C
:103030009CB923464FF4A07248F2380103A80DF062
:1030400062FC214620460CF093FC0E4B0094224675
:1030500003A9FFF739FF07B030BD20460BF03CFE57
:1030600004300BF0F0FC03A9044628880EF03EF96A
:10307000002300932A8803A9204600F047FBEAE7D3
:103080007A52002000F8FF0737B50F4C0F4D01A909
:1030900000200CF06DFC237801467BB10C4B019AAB
:1030A00018780CF084FC2078F7F776F90023237069
:1030B0002B700848F4F7A4FE03B030BD2B78002B2A
:1030C000F7D0FFF7B1FFF4E71356002010560020A9
:1030D000125600201824002008B50548F4F7E8F936
:1030E0000448F4F7E5F9BDE808400348F4F7E0B90F
:1030F0007A52002078520020765200202DE9F04FBD
:1031000089B0CDE905239DF84870139E8946044691
:1031100030B316F801ABBAF1000F23D00AF1FF3437
:10312000A400E4B2314601200BF0A1FCC00E1BD17B
:10313000DFF844B1314601200BF099FC34449BF890
:1031400000502279BDB1002F47D1CDE90277CDE9FA
:103150000077424A05998023484600F04BF93CE04D
:103160008246DFE75446DDE71B28ECD931460120D3
:103170000BF07DFCE7E7DFF80481FF2A00EA08088E
:103180000BD1E379A179607901EB0321424689B241
:1031900009B0BDE8F04F0CF00ABC314909688B0753
:1031A0000AD5FE2A3AD101230135EDB2202D4FEA8E
:1031B00043030AD1FF250AE02946284607920CF06E
:1031C000D7FB4845BFD1079AEBE79845ECD1254B93
:1031D0001B78FF2B04D0AB4204D009B0BDE8F08FC0
:1031E000FF2DFAD00020F2F77BFCA842F5D029464B
:1031F0000020F2F77BFC0028EFD09BF800306479C8
:10320000002BEAD1FFF748FE17484FF41051F4F7AE
:103210005BFD164B8BF800501C70DEE7052A92D838
:10322000BAF1010F8FD8B8F1000F8CD0002FD4D194
:103230007379002BD1D00E49098821B90D49082B8B
:1032400028BF08230B701292DDE905124346484659
:1032500009B0BDE8F04FFFF737BE00BFABBA0300BF
:1032600018460020A7250020182400201256002010
:103270007A520020105600201356002000F8FF0755
:10328000014B1880FFF7D0BE7852002037B5174B9E
:103290001B78022B03D09325284603B030BD0DF1D7
:1032A0000700F7F7B9F805460028F4D1104B1B7852
:1032B000013B012B01D97025EEE7F4F7B1FE0028A0
:1032C000F9D0E1F7C9FE0446F4F7AAFE094B1870DD
:1032D0000B23B4FBF3F203FB12440A34A4B24FF401
:1032E0007A7105486143F4F7EFFCD5E753550020A8
:1032F0005455002044550020444500202DE9F0435A
:10330000384B394F1E783D78A5B04FF4F8130024A0
:103310000393ADF81040F7F7F7F8BDF90E30ADF8AC
:103320001200A342ADF8144006DB304B1C78013488
:10333000E4B21C7044F080048DF82C408DF82D60B0
:10334000A94602244FF00008B14529D300222146A6
:103350000BA83D708DF82D800BF0F6FCE8B1B8F1AC
:10336000000F09D00023CDE9000303AAFF234FF685
:10337000FC710620FBF7D4FFB5422FD2E1F76CFEBB
:103380000B23B0FBF3F202FB13000A3080B24FF4C0
:103390007A7141431648F4F797FC25B0BDE8F083F5
:1033A00006A9484602F04AFA98B9512C11D804F1FE
:1033B00090030DEB030206AB03CB0834013508F193
:1033C000010842F8640C42F8601CE4B2EDB25FFA06
:1033D00088F809F101095FFA89F9B5E70448F4F7BB
:1033E0000FFDDAE744550020455500201556002012
:1033F000444500200CB42DE9FF470CAA0E4652F8B4
:10340000041B0392074600297ED1BDF83400ADF8B5
:103410000A00002800F0918033794FF6F778002BEE
:1034200076D147458CBF4FF009084FF00808454B4F
:103430001C78FF2C74D1B6F90230002BA9BF424B87
:10344000347A1C780134A2BFE4B21C7044F08004CA
:10345000DFF8009122460021F4F708FC99F80020DB
:10346000BDF80A30002A5ED00193DFF8ECA0FF23FC
:103470000093BAF80000334622463946FCF7E6F8D6
:10348000002389F800304FF6FF730546AAF8003094
:10349000742D33D10DF10A0332463946404609F006
:1034A00016FE00284BD04FF6F7739F4226D8B6F988
:1034B00002307088002B21DA2449254B48F204029F
:1034C000904214BF894699460BF0E4FE4FF0000885
:1034D00003464946CDF800808A2201200BF00FFEFA
:1034E000814658B122464146F4F7C0FBCDE9009829
:1034F000FF23324639464046FBF712FF284604B008
:10350000BDE8F04702B0704701200BF0D5FD7EE723
:103510000023337147458CBF4FF00608984686E775
:10352000FF221A7094E7CDE900323946FF23324674
:103530004046FBF7F5FE0546AAE71825DEE70546F7
:10354000DCE700BFA925002015560020BCBA030007
:10355000B1BA0300145600207C52002070B588B028
:10356000002416464FF40033ADF81A100DF10F0287
:1035700004A905460593ADF81840ADF81C40049425
:103580008DF80F4009F07AFD9DF80F300193049BF0
:103590000093044A334605A92846FFF72BFF08B0DD
:1035A00070BD00BFB5BA030030B587B04FF48035A9
:1035B000CDE90012002403958DF81030BDF8285095
:1035C000074A8DF81140034603A9BDF82C00ADF859
:1035D0001250ADF81440FFF70DFF07B030BD00BF2B
:1035E000C1BA03002DE9F043B1F1006F8BB014466E
:1035F0001D4628BF39224FF0000336BF38224FF056
:1036000001099946ADF81E20FF2C4FF480020646B2
:10361000ADF81C300892ADF824304FEA11471FFA7C
:1036200081F80FD10CF0B8F9B9F1000F19D1154A92
:10363000CDE90205CDE90074434607A93046FFF7FE
:10364000D9FE1AE0FE2C0AD10CF0A6F90130C0B266
:103650000CF0BCF9B9F1000F12D00B4A02E0E8B24D
:10366000F8E70A4ACDF80080CDE90305CDE90174F9
:10367000012307A93046FFF7BDFE0BB0BDE8F0837C
:10368000034AD5E7B9BA0300BFBA0300B8BA0300CA
:10369000C0BA030010B54FF4981286B04FF08063A3
:1036A000CDE903230023ADF814300BF0F3FD0446FD
:1036B000F6F72AFF054B01900093054A234603A91C
:1036C0004FF6FD70FFF796FE06B010BDCA550020FC
:1036D000C5BA030030B587B0CDE9001200248DF8DB
:1036E0001030094A8DF8114003464FF4806503A954
:1036F0004FF6FD700394ADF81250ADF81440FFF78B
:1037000079FE07B030BD00BFC9BA03002DE9F04F04
:103710009BB00E4605460EA91046CDE90A329DF82B
:1037200090700DF047F8BDF838A080465046F4F789
:10373000B5F8B6F90230B6F80690B6F802B0002B2C
:10374000044604DAAB4B00221A7000204BE05046CE
:10375000F4F7A4F84045F5D3A4EB0804E3B2002F36
:1037600018BF4FF4A079152B099328BF1523002407
:10377000013308F1FF32DBB2D2B25146009414A8F3
:103780000BF02FFC9C499DF8502008684968ADF863
:1037900048406FEA4B436FEA5343ADF846300FABF6
:1037A00003C3ADF84440ADF84A90ADF84C20BBF1EE
:1037B000000F26D1914908220DF151000DF07EFE37
:1037C000044698B90BF066FD06460DF1590A0DF155
:1037D00051030A9A9AF80080012A2DD157B384F038
:1037E000010404F001001BB0BDE8F08F0DF15100A1
:1037F00001F07AFB4FF6FF74011B4C4206464C4128
:10380000E3E7BBF1010F40F09480BDF851600BF08D
:1038100041FD86420AD00FA930460DF0B2F880F083
:103820000104E4B20DF1530A0FABD2E7734B0DF173
:10383000530ACEE70A9CD4E797B3002C75D1B8F1B0
:10384000010F72D837D10BF025FD0BF023FD9AF84C
:1038500001706A4B064622460021CDE900610297BD
:10386000674901200BF04BFCADF83A0000285CD012
:10387000002C53D1B8F1010F50D1DFF89CA126469E
:103880009AF800305FFA84F8434538D9404601F091
:103890000DFCC20702D5BFB1013FFFB20134EFE713
:1038A000B8F1010F05D1002CCDD09AF8017081221A
:1038B000D2E7002CF9D1B8F1010F94BF0022012208
:1038C0009AF80170D201C7E7404601F0DDFA012302
:1038D000ADF8340002220DA90DF13A00F4F70EF90B
:1038E00018BBBDF83A00F3F7D9FF804648460CF004
:1038F000C7FD08F1010801368045F6B2CEDBB6B14E
:10390000BDF83A0032460C21F4F7B0F9BDF83A3070
:10391000002211A92846FFF76DFD06E00C210DF1EC
:103920003A000BF045FB0028F0D001205BE70D21A9
:10393000F5E70A9B002B7FF408AF7388342B6DD119
:10394000099B092B7FF401AF002F7FF4FEAE9DF998
:1039500059603A46B41008210DF1510004F02004DA
:103960000BF046FC30B9254908220DF151000DF04D
:10397000A5FD70BB234B1B78012B3FF4E6AE022B59
:1039800013D1214B1B6813F0807F11D11E4B1B6894
:103990005B0201D5002E2BDA00231C4A11A9284610
:1039A000FFF728FD1A4B1C70CFE6033B012B06D90D
:1039B000C823164A11A92846FFF71CFDC5E6154B7A
:1039C000B3F86830AB42E1D00F4B1B6813F0805F57
:1039D000DBE70DF1510001F087FA4FF6FF739842D3
:1039E000E6D02146F8F7FCFE03460028E0D1E0E7E8
:1039F0008D23DEE708560020F47A0300CA55002024
:103A0000CDBA03005455002018460020F68B030061
:103A1000A8250020E849002075250020099B049373
:103A20000DF15103CDE90592CDE90283CDE9007A8C
:103A30000B9B11AA3146284600F022F885E600BF0C
:103A4000024B187840F08000704700BF15560020E8
:103A500038B50A4B1C78054624B10BF01BFCB0FAB4
:103A600080F46409F8F770FF08B144F04004E9F706
:103A700025F844EA4020284038BD00BF4F550020BB
:103A80002DE9F04FB7B08346439C0D93BDF8043148
:103A90000E93BDF814310F9320469DF81831B1F8FC
:103AA00002909DF800519DF8086110938846924657
:103AB0000AF0C9FFB9F1110F074600F289800BF037
:103AC000E9FBB84200F08E80B9F1060F19D14FF62C
:103AD000FD739F423ED0DDB9BC4B1B78033B012BED
:103AE00036D9384601F052FAFF2814BF89238123C2
:103AF0000022CDE900725146B54A5846FFF77AFCDC
:103B000006E02DB9B9F1030F08D8B9F1010F0AD8B1
:103B1000B04B00221A7037B0BDE8F08FA9F1040352
:103B2000022BF5D8D8E7A94B1B78033B012B0DD905
:103B3000384601F02BFAFF2814BF89238123A64AB7
:103B4000009751465846FFF755FCE1E78023F6E71A
:103B50008023CDE7A14B1B7859074BD40BF09AFB80
:103B6000002703469A4900973A4601200BF0C7FA0E
:103B70002379ADF86C000F930028CCD006EB4309F5
:103B80000E98F3F78BFE5FFA89F909F105085FFAE1
:103B900088F88045BFD241460E98F4F753F810904C
:103BA00008EB40080E98F3F779FE8045B3DADDE9BB
:103BB0000F321343DBB2002B40F03182002DAAD12B
:103BC000A8464246BDF86C000421F4F74FF878E1AE
:103BD000824BB9F13A0F1B7813D948F23B03994550
:103BE00008D016E07D4B1B785A070DD5A9F10403C8
:103BF000022B09D8B8F8063043F48043A8F8063001
:103C000089E7B9F11B0F1ED8A9F102039AB2132A52
:103C10005ED9109B02930F9B0D99CDE9005332465C
:103C20005B46484609F037FA0F287FF474AF694BBA
:103C300001221A70694B1B789B0740F1D682002D38
:103C40007FF469AFD6E7A9F11C021E2AE1D801A1D1
:103C500051F822F075440200133C0200133C0200AC
:103C600095400200133C02007341020073410200C0
:103C7000133C0200133C0200133C0200133C020000
:103C8000133C0200133C0200133C0200133C0200F0
:103C9000133C0200133C0200133C0200133C0200E0
:103CA000133C0200133C0200A3410200A3410200A6
:103CB00011440200133C0200133C02002B4402009A
:103CC000133C0200C9440200DF440200ED4402003C
:103CD000132B9ED801A252F823F000BF2D3D020005
:103CE000F53D0200133E0200F13E02005D3B020082
:103CF000133C0200133C0200133C0200133C020080
:103D0000133C0200133C0200133C0200133C02006F
:103D1000133C0200133C0200133C0200133C02005F
:103D20002D400200133C0200A54402001BAB0D987D
:103D3000009300241DAB5A4631461D948DF86C400B
:103D400009F09DF90BF0A6FA204B1B78012B0546D4
:103D500003D0022B14BF02240124E8F7AFFE16287B
:103D600094BF0020012044EA4014F6F7CDFB1C4B21
:103D70000646B3F80080FBF7C9FA1A4B07464FF620
:103D8000FF70B3F80090FFF763FE174B9DF86C20AF
:103D90001988124B1B7813F002031CBF134B1B78BE
:103DA0000B921D9A0095CDE909324023CDE9070118
:103DB000CDE90143CDE90579CDE903680C4A00233B
:103DC00051465846FFF716FBA5E600BF54550020A4
:103DD000B1BA030008560020BCBA03000A550020FF
:103DE000222500201E2500201C250020165600201C
:103DF000D3BA03000BF04EFAA24BA34A1B88CDE9BD
:103E0000400300235146584637B0BDE8F04FFFF756
:103E1000F1BAA478631EDBB2EF2B1DA9204610D99E
:103E2000F22C0ED007F091FD82240BF033FA002320
:103E3000CDE90003954A234651465846FFF7DAFA82
:103E400069E607F082FD002850D00BF023FA9DF8B8
:103E500078200492BDF876200392BDF874209DF876
:103E60007A10CDE901429DF879205200D2B2490082
:103E7000C9B208320A440346009285490022012053
:103E80000BF03DF99DF87930ADF86C008DF8673096
:103E900000283FF440AE002601231A460DF16701C9
:103EA0001BA8F3F72BFE054600287FF434AE9DF8DF
:103EB0006730EAB2934209D89DF87A308DF86730BE
:103EC00016B1BDF86C3033E00126E5E731462046F7
:103ED00007F03DFD0123ADF8680002221AA91BA8D6
:103EE000F3F70CFE01350028E1D014E683249CE7AB
:103EF0000BF0D0F9044607F04DFD644900902346CD
:103F0000002201200BF0FBF800283FF404AE00254E
:103F1000ADF874002C4607F03DFDEEB2B0420DD86E
:103F2000BDF8740022460421F3F7A0FEBDF87430FA
:103F3000002251465846FFF75DFAECE5304607F09F
:103F400002FDFF288DF86C000AD0012301341A46C7
:103F50001BA91DA8E4B2F3F7D1FD00287FF4DBAD67
:103F60000135D8E71846B4F8029007F0ECFCFF28BA
:103F70008DF8680000F0D1821DA907F0E6FCBDF8BD
:103F800074304B4507D04FF6FF72914540F0C58223
:103F90001B0400F1C2829DF879301293731DDBB2CD
:103FA00013930F9B1493002311934FF00009CDF846
:103FB00034900EE0139B0E9803EB4101C9B20BF055
:103FC0005DF8002315901299DAB28A4218D309F1EC
:103FD0000109149B5FFA89F19942EBD39DF87A307D
:103FE0001293169B13930D9B002B40F08982119B1B
:103FF000002B40F0928201231193109B1493D4E77D
:1040000011999DF86800179307F0A1FC0D9B159A74
:10401000824208BF01230D93179B0133D3E709F1B7
:1040200006095FFA89F3B846169377E2A61C314673
:104030003846A57A08F0BBFB012231463846FAF72C
:104040002BFC38460CF0F1FD304600F04DFF228885
:10405000824207D04FF6FF72904203D000F096FFE5
:104060000CF024FD85F00804C4F3C004214630465A
:10407000FEF718FE2146304637B0BDE8F04F09F094
:1040800037B800BF20250020E0BA0300B1BA030012
:10409000E4BA0300AD4B1B78033B012B7FF63BAD2D
:1040A0000BF0F8F858453FF436ADE0F7D5FF0B2399
:1040B000B0FBF3F202FB13000A3080B24FF47A71C6
:1040C0004143A348F3F700FEF3F7AAFF00283FF4AB
:1040D00022AD01239F4994F80090002218460BF06E
:1040E0000EF8ADF8680000283FF415AD0027013642
:1040F000F2B23D463C460DF16C083E46FBB2994596
:1041000014D8002C3FF407AD01232A461DA91AA894
:10411000F3F7F4FC00287FF4FEACBDF868002246FB
:104120000221F3F7A3FDBDF8683001E70E99009670
:10413000082340460D920AF054FF4146002000F04B
:10414000F5FEFF280D9A0FD0834B1B5C0F2B0BD96C
:1041500005F1D80398E803006B44643B83E803004F
:1041600008350134EDB2E4B202F108030137DAB2E6
:10417000C4E7002D7FF4CFAC18073FF53BAD4B46AD
:10418000224651465846FEF79FFD00287FF4C3ACF7
:104190008423724A5146584637B0BDE8F04FFFF7C6
:1041A00029B923780F9810930CF06AF9002106467C
:1041B000584603F095FF654B1B78B9F1310F074660
:1041C000A3F103030BD1012B13D9654B654A1B786F
:1041D00012781344DBB20D9316230E930DE0012BDE
:1041E00003D9614B1B780D9353BB002D7FF493AC27
:1041F000CEE701231621CDE90D310024109B009359
:104200005A4901942346224601200AF078FF0028EB
:104210003FF481ACF61BF3B2554FDFF86081119388
:10422000ADF86C000F9426460D9BE5B2AB4209D861
:104230003246BDF86C000221F3F718FD0F9AC1E475
:104240000523CAE7162200211DA80DF061F9B9F176
:10425000320F3DD13B7903F00302032A21D18DF8BF
:104260007620109B0136F6B2B34215D2BDF86C0031
:10427000F3F714FB0E9B1844119B98420CDC0E9A2A
:1042800001231DA91BA8F3F739FC00287FF443ACD8
:104290000F9B0133DBB20F930134083708F112088A
:1042A000C2E7B9790029DCD13249C3F3C2031DA8A2
:1042B000CB5C3988012A08BF43F001038DF87630C2
:1042C0000AF0C3FB79880DF177000AF0BEFBC8E75E
:1042D0001DA80BF0B9FA4FF0FF33CDE91F33204B87
:1042E0001B78AB4262D998F804306F2BD4D81FA941
:1042F0002846F5F79BF80028CED01F4BB8F80020D1
:10430000B3F8683092B9003B18BF01235B0143F05A
:1043100004038DF8863002238DF88730B8F8023018
:104320001B0A8DF88930114621A8CEE79B1A18BFC9
:1043300001235B0143F005038DF8863002238DF8DD
:1043400087300F238DF88830E8E700BF54550020F0
:1043500044450020A8BA03000E550020F68B030048
:104360004D5500204C55002073250020A6BA0300AF
:1043700064510020F0BA0300E8490020EA4F002011
:104380000132D2B2551EEDB228461393129200F0BC
:104390008DFE10F0010FDDE91223F1D06649097896
:1043A000611A994205D00133DBB2E9E7012200230B
:1043B000E8E7624B187828441FA9C0B2F5F736F831
:1043C00000283FF469AF284600F05EFD12902846B1
:1043D00000F06CFE10F0010F129A0FD116238DF829
:1043E0008630574B1B780133DBB20F2B28BF0F23CE
:1043F0008DF88830534B33F8153091E728461292E8
:1044000000F054FE10F0020F129AE7D11223E6E7F3
:104410001A073FF5EFAB0F9823465A465146FEF771
:10442000ABFC00287FF477ABDFE695B1464B1B78F9
:10443000033B012B7FF66FAB0AF02CFF18B9BBF1E1
:10444000000F7FF468AB207837B0BDE8F04FF5F788
:10445000E1BE0AF01FFF20B13B4B1B78033B012B51
:1044600001D8802395E6394A2B4651465846FEF737
:10447000C1FFE8E70AF00EFFB8427FF44CAB344DC1
:1044800008222946A01C0DF019F800287FF443AB40
:104490000AF000FF04460AF0FDFE2E4ACDE9400571
:1044A0002346AFE420460AF0CEFAFFF7D1FA0028FF
:1044B0003FF431AB284A409000235146584637B06C
:1044C000BDE8F04FFEF796BFCDE940540D9B524634
:1044D0005946002037B0BDE8F04FFEF70FBECDE9DA
:1044E00040540D9B524659460120F3E70D9A4094E3
:1044F0002B465146584637B0BDE8F04F08F0FBBD9B
:1045000001231A461AA91BA8F3F7F8FA00287FF42A
:1045100002AB08F101085FFA88F80137FBB20D938E
:1045200007F038FA0D9B98423FF61CADB8F1000F2A
:104530003FF444ABFFF745BB4D5500206E250020EE
:10454000FD550020EC51002054550020F68B03004F
:10455000CA550020ECBA0300BCBA030073B5064686
:104560000C4615460CF0B1FE0DF106020146304630
:104570000CF041FD0C4E034680B9012232702288B6
:10458000BDF8061022B10246072006F0B4FC28B19F
:10459000BDF806202146284606F05AFC034A0023AF
:1045A0001360337002B070BD18560020E04A00203E
:1045B000024B1B7803700020704700BFF9550020A4
:1045C000024B93F90030037000207047F85500202B
:1045D000044B1B7813B1044B188870474FF6FF70DB
:1045E000704700BF185600208A52002008B5064BBD
:1045F0001B783BB1054B196821B108220CF06EFF06
:10460000002008BD7020FCE718560020E04A00207A
:1046100073B5ADF806000DF106000AF0A7FB0146E0
:1046200008B102B070BD0DF106000AF016FC044698
:10463000F3F718F9C67A002EEDD120460CF0B2F946
:10464000FF28E8D000F01AFD054BD3F88850002D64
:10465000E1D03346224641213046A847DBE700BF80
:10466000E849002073B5002200210C2000F068FD0D
:104670001948194E00210AF07EFB0125044684B139
:1046800020460CF08FF9FF2805D1214630460AF06C
:10469000C8FB0446F3E700950422002300F024FD44
:1046A000F3E721460D480D4E0AF065FB012504464F
:1046B0000CB902B070BD20460CF074F9FF2804D08C
:1046C00000950822002300F00FFD214630460AF035
:1046D000A8FB0446ECE700BF8E5200209052002059
:1046E0002DE9F84F10460E46174699460AF002FA91
:1046F000254A264BDFF898B0B0F5006F14BF9046FE
:104700009846002140460AF036FB4FF0000A044666
:104710000CB9BDE8F88FBC4228D12046F3F7A2F8C7
:10472000857A80F80BA0013DEDB2857216B13F2E5F
:1047300000D02DBB05F0E2F9054620460AF0DAF973
:10474000B0F5006F4FF00002214615D10F480AF076
:10475000A3FBFFF787FF284605F0D6F9DBF8885062
:1047600025B14B463A4631460020A84721464046EF
:104770000AF057FB0446CBE703480AF08DFBEAE753
:10478000FFF770FFF2E700BF905200208E5200202A
:10479000E84900202DE9F34700232A4CDFF8A890D0
:1047A000ADF8063006460F464FF6FF7820460AF071
:1047B000DDFA054648B9294620460AF0DCFA824669
:1047C000F3F750F80389B34217D94C4501D1FFF7ED
:1047D00049FF002120460AF0CEFA07F1FF3A0546CC
:1047E0005FFA8AFAD5B94C4516D1BDF80600FFF735
:1047F0000FFF404602B0BDE8F0877B1EDBB2FD2B09
:10480000D4D9294620460AF028FB2A4651460DF104
:1048100006000AF0B6FAC9E74C46C7E7BAF1FD0F41
:1048200009D92846F3F71EF803899B1B9BB29845CC
:10483000038128BF9846294620460AF0F2FA054629
:10484000D0E700BF905200208E52002008B506F03D
:10485000AEF80B4A13881080C31AFF2198B2FFF7F5
:1048600099FF4FF6FF7301469942064803D1BDE810
:104870000840F3F7C5BABDE80840F3F725BA00BF12
:104880009252002038240020174B2DE9F0410028D7
:10489000164D18BF1D460F4628464FF000010CBFAD
:1048A0004FF008084FF002080AF065FA044610B904
:1048B0002046BDE8F0812046F2F7D4FFC37A0646D1
:1048C00023B1214628460AF0ACFAEFE720460AF069
:1048D00040F94246014638460CF0F0FD0028F0D180
:1048E000B378002BEDD1E3E78E52002090520020E8
:1048F000014B1860704700BFE44A002010B5044621
:104900000548F3F77DFA054A00231380044A138013
:10491000044B1C8010BD00BF3824002090520020A2
:104920008E5200208C52002008B50448F2F7C0FDDA
:10493000BDE808400248F2F7BBBD00BF905200201E
:104940008E5200202DE9F3410446884606F02FF8E8
:10495000324B074620461E880CF024F805462046B8
:104960000AF0C8F8B0F5006F32D1FF2D06D0012350
:10497000009304220023284600F0B6FBB8F1000F94
:104980001DD105F0BBF80546254821460AF017FA67
:10499000284605F0B9F823480AF0E4FB224BA8B3F7
:1049A0001988711A17FA81F086B22046F2F75AFF79
:1049B000032306818372002002B0BDE8F08105F078
:1049C0009DF805461648002221460AF0DAF9DFE78D
:1049D00016480AF030FA04281ED8FF2D06D001230D
:1049E000009308220023284600F07EFBB8F1000F58
:1049F00005D105F083F8214605460C48C6E705F0C9
:104A00007DF80022054621460848DEE705481F805C
:104A10003146F3F759F9C8E71C20CDE78C52002046
:104A20008E52002038240020925200209052002004
:104A30002DE9FF4708460C460AF041F800F480587B
:104A400020460AF0C2F8054620460AF095F8B0F56F
:104A5000404F1BD1B8F1000F14D029460020FFF7BA
:104A600013FF054670B1F2F7FDFE414A81780092CE
:104A70000023044601932A461846F2F799F808B92C
:104A80000123E372012004B0BDE8F087284609F055
:104A9000DAFF814600F07AFAFF28074637D0354919
:104AA0000125A0F12006C0F1200325FA03F305FA41
:104AB00006F61E43D1E9002385402A433343C1E96A
:104AC000002300F09BFA044638B1384600F0EEFAB5
:104AD00010F00C0F14BF01240024B8F1000FD1D046
:104AE0004FF0000A03A90120ADF80C90FFF7CCFEAF
:104AF0008146F2F7B7FE8046B9F1000F1ED1BAF138
:104B0000000F14D1FF2FBDD0002CBBD128E01A4BD1
:104B10001B684BB148469847044628B1B8F1000FCE
:104B2000B0D000252E46DBE7B8F1000F01D1002000
:104B3000A9E7002501242E46A246D3E774B10C4A0A
:104B400081780092002301934A461846F2F730F824
:104B5000002897D1012388F80B3093E7FF2F91D0DD
:104B6000064BD3E9001229433243C3E9001289E717
:104B7000E1460200B8280020E44A0020B0280020C6
:104B800038B5044609F0B6FF0546204609F0E1FFB6
:104B9000A5F500630446014658425841FFF774FEEC
:104BA000B0B9B5F5006F01D0002038BD204609F03E
:104BB0004AFF00F0EBF9FF28F6D0064B00B21B6865
:104BC00033F8100000F4E260003818BF0120ECE771
:104BD0000120EAE7E84A00202DE9F7434FF00009F9
:104BE0000746ADF8049000F061FA10F00C0F29D0E0
:104BF000164D4FF002082B88ADF80630A5F800904E
:104C00000DF106000AF0B2F8044630B1B8F1010F18
:104C100014D00F4D4FF00108EDE721460DF10600CD
:104C20000AF01BF906460BF0BDFEB842224631469B
:104C30000CBF01A828460AF0A4F8E1E7BDF804007B
:104C4000FFF7E6FC03B0BDE8F08300BF9052002000
:104C50008E5200202DE9F04FDFF82081D8E9003294
:104C6000134385B07CD105B0BDE8F08F02EA0401A2
:104C700003EA0700014327D022EA040223EA0703DC
:104C8000C8E90023DAE9002302EA040503EA070C75
:104C900055EA0C056FEA04006FEA070124D130469B
:104CA00000F004FAC2070FD5304600F0E7F9DBF850
:104CB0009C30002B45D11D46304600F0E5F8DBF86E
:104CC00084300BB12946984724197F4109F1010925
:104CD000284B1B785FFA89F6B342C4D9D8E9002380
:104CE00052EA0301C2D1BEE702400B403046CAE996
:104CF000002300F0DBF9C307E6D51F4B1B6833F830
:104D0000163003F48873102B304610D000F0B6F93B
:104D1000DBF89C3013BB1D460123009310220023B7
:104D2000304600F0E1F90020F1F7B4FEC4E700F0EE
:104D3000A5F9DBF89C300125002BBDD0039501229D
:104D400002E0002503952A46039200213046984749
:104D5000039A002AB0D0002DAED1DDE70025EDE7A3
:104D60004FF00009DFF818A0DFF818B001244F4613
:104D7000AEE700BFAA250020E84A0020B82800209E
:104D8000B0280020E8490020F8B50346084613B3D0
:104D900009B3402A1FD811490B6011490860114915
:104DA0000A7000210433002600270C464FF0FF351F
:104DB0008A4205DC520000210CF0AAFB0020F8BD5D
:104DC000C3E9036703F8044C23F8024C1D605D60DF
:104DD00001311833ECE72120F1E700BFEC4A002055
:104DE000E84A0020AA250020F0B5144C2568DDE92A
:104DF0000567EDB1F0B91248007888421AD901EB85
:104E000041014FEAC10C05EBC10415F8311011B98D
:104E10002169C90710D4002005F80C0062801A68C7
:104E2000626046F001065A68A260C4E90467F0BDFA
:104E30000220FCE72120FAE72E20F8E7EC4A0020C8
:104E4000AA2500200E4B1A6830B5A2B10D4B1B7875
:104E5000834212D900EB4000C10002EBC0030024E2
:104E600000200025C3E9044550544FF0FF3258801C
:104E70005A609A6030BD0220FCE72120FAE700BFAB
:104E8000EC4A0020AA250020094B1B6863B1094A9F
:104E90001278824208D900EB400003EBC0031A6984
:104EA000D20701D5588870474FF6FF70704700BF92
:104EB000EC4A0020AA250020094A0346106870B178
:104EC000084A12789A4209D903EB430300EBC30363
:104ED000186910F0010002D0181D704700207047BB
:104EE000EC4A0020AA250020F8B50E4B1C680546A8
:104EF00034B128B10C4B1F780026F3B29F4202D880
:104F00004FF6FF7009E008222946201D0CF0D6FA62
:104F100020B92369DB0701D56088F8BD0136183454
:104F2000EBE700BFEC4A0020AA250020F8B5154B9E
:104F30001D6804460E46E5B1134B1F78874218D909
:104F400000EB400305EBC30526B92B69DA0712D441
:104F50002046F8BD08223146281D0CF0AFFA50B9A2
:104F60002B69DB07F4D40134E4B2A74205F118053C
:104F7000F0D1FF24ECE70134E4B2A74205F11805B3
:104F8000E2D1F6E7EC4A0020AA2500200A4B1B6874
:104F900030B501462BB1094A14780022D0B28442C0
:104FA00001D8FF2030BD5D888D4202D11D69ED071B
:104FB000F8D401321833F1E7EC4A0020AA2500208A
:104FC0000C4B1B689BB14FF6F77291420DD80A4A01
:104FD0001278824209D900EB400003EBC0031A6942
:104FE000D20704D559800020704721207047022045
:104FF000704700BFEC4A0020AA2500200F4A034654
:105000001068D0B10E4A12789A4215D919B203EB42
:10501000430300EBC300036913F001000DD0094AFC
:10502000126832F8112002F4E2622AB913F00C0F70
:1050300014BF01200020704701207047EC4A002077
:10504000AA250020E84A00200A4A0346106878B1E1
:10505000094A12789A420AD903EB430300EBC300D2
:10506000036913F0010003D0C3F300107047002060
:10507000704700BFEC4A0020AA250020094B1B689E
:105080006BB1094A1278824209D900EB4000C20094
:1050900003EBC0000169C90701D5985C7047FF2088
:1050A000704700BFEC4A0020AA2500200C4A0346A6
:1050B000106890B10B4A12789A420DD903EB430362
:1050C00000EBC300D0E9043213F001004FF00001FF
:1050D00004D018461146704700200146704700BFB3
:1050E000EC4A0020AA25002070B51C46124B9DF802
:1050F00010601968D1B1114B1B78834218D900EBAD
:105100004000551E01EBC0012543D1E9040301D045
:10511000C5070FD52EB110432343C1E90403002076
:1051200070BD20EA020023EA0403F6E70220F7E755
:105130002120F5E72D20F3E7EC4A0020AA250020E6
:10514000134B1B68F0B503B3124C277800266FEAA7
:10515000000C6FEA010EF4B2A74201D80020F0BDA6
:10516000D3E9044514F0010F07D014F0020F04D165
:1051700032B104430D43C3E9044501361833EAE76D
:105180000CEA04040EEA0505F5E70220E7E700BF94
:10519000EC4A0020AA2500200B4B1B6870B52BB1F0
:1051A0000A4A16780024E2B2964201D8002070BD67
:1051B000D3E9042502400D402A4304F1010403F120
:1051C0001803F0D00120F2E7EC4A0020AA250020C5
:1051D0002DE9F0470026174DDFF85C80B246FF2727
:1051E00098F800305FFA86F94B4502D83846BDE89A
:1051F000F0872B792F2B0FD928460AF01AFA2B7932
:105200006C7903F0070304F0030483422CBFE41815
:105210002418E4B2A24506D95446B94612350136DF
:10522000A2464F46DCE7288801F09EF80028F3D11B
:10523000F4E700BFEA4F00204D5500202DE9F04F64
:1052400089B0824609F0ABFC029050460BF046FF55
:10525000411C0546C9B25046F2F7F4FC00F01F00AD
:10526000023500EB40000026EAB27F4F50FA85F588
:10527000EDB23446B346B146B046AA4276D97B4E2B
:105280003378002B6FD0A400B4FBF3F4E4B2042C09
:10529000029808BF0324F3F7FFFD054600283FD11D
:1052A000FFF796FFFF285ED0714B049005B2187887
:1052B0006D4F0AF0A5F905EBC50580452CBF04EB41
:1052C00008012118B8F1000F14BF0123022307EBD6
:1052D000450553FA81F3284603930AF0AAF995F895
:1052E00004C06B79039A0CF0070103F003038842B2
:1052F0002CBF1B185B18DBB29A4234DA049AB8F15F
:10530000000F04D119B13378033B5B452BDC0299C4
:1053100010460AF036F905B205EBC50507EB450561
:105320002B791E09B8F1000F7ED0414628460AF0BD
:10533000AAF9032128460AF0ACF9B9F1000F09D106
:10534000002E40F08480DFF787FEC0F30B01494850
:10535000F2F7BAFC6B7923F003031C446C715046DE
:1053600009F0B2FBA87309B0BDE8F08F4ED0424BF4
:1053700003921B88ADF81C304FF000038DF81E30EF
:10538000002300935146032307A809F02AFE9DF845
:105390001E30BDF81C10039A03921B0918BF09F1B7
:1053A0000109CDE9041318BF5FFA89F909F072FF0A
:1053B0000499039A059B884203D19DF81E8008F04A
:1053C0000F082E4890F800C014E017F80E0C10F0EB
:1053D000070003D00BF1010B5FFA8BFBAA4207D049
:1053E00037F812EC8E4503D113B108B10134E4B2A1
:1053F0000136F6B2AA4207F112070BD1B4450FD914
:1054000017F80E0C10F00700E4D1F1E700234FF677
:10541000FF71D6E737F8120C884201D8B445D4D8CA
:105420000332123FD2B228E7022E14D95B0707D00D
:10543000414628460AF02DF9B9F1000F83D089E7DB
:10544000032128460AF025F9B9F1000F82D1062E72
:105450003FF679AF7EE7314628460AF01AF959EA55
:1054600006063FF470AF75E7EA4F00206E25002076
:10547000F955002084450020F8BA03004D5500205E
:105480002DE9F04385B0082300248DF80830CDE9DC
:1054900000440646022302AA01214FF6FC700BF0DD
:1054A000F9FDADF80A00E0B1DFF8A080DFF8A090C8
:1054B000274699F80020E3B29A4225D8BDF80A4061
:1054C00020460BF00BFE411C47F06002C9B220469B
:1054D000F2F7CCFB0023BDF80A001A461946F4F790
:1054E00071FADFF7B9FD184AC0F30B01137801F523
:1054F0005A51013113B1013B89081370304605B090
:10550000BDE8F043F2F7E0BB18F80E5C6F2D17D83A
:1055100040462D0130F8123DADF80C300AF089F804
:1055200005F0700528448DF80E000123032203A91D
:105530000DF10A00F2F7E2FA0028D2D10137FFB2EA
:10554000013408F11208B4E749550020FC4F00204F
:105550004D55002010B5054C2046F2F751FC204671
:105560000021BDE81040F2F7AFBB00BF844500202A
:105570002DE9F043284D294FDFF8B080DFF8B090D7
:1055800087B0F6F705FC2A7824492548FFF7FCFB8D
:105590002A78244809210BF0BBFF00262B78F4B2AF
:1055A000A34202D807B0BDE8F0830B23224618219E
:1055B00003A805F030FABDF814209DF81630511EEE
:1055C00089B24FF6F670814216D8C3F3C003DB18D8
:1055D0004FF0000040EB0001CDE9003103AB214664
:1055E000FFF702FC0028DDD14FF4805327F8143078
:1055F00048F8240029F81400012322461B210DF14C
:105600000A0005F008FA074BBDF80A201A55064BA8
:1056100080221A550136C1E775250020FA51002075
:10562000202600200E5500203A550020A8440020D6
:10563000EC51002010B50A4B1C78FFF7A7FCFF289F
:105640000DD0084A012C32F8101038BF0124230273
:1056500019B101EB1313A3EB111322F8103010BD95
:10566000F9550020EC5100202DE9F0470025DFF826
:105670004C90DFF84C8006460F46AA4699F8003059
:10568000ECB2A34202D85046BDE8F0872046FFF7AF
:105690000DFDC2070CD52046FFF708FD830707D490
:1056A00038F8143037B1334328F814304FF0010A7A
:1056B0000135E3E723EA0603F6E700BF752500207E
:1056C000FA51002010B5094B094A1C780023D9B2C1
:1056D0008C4201D8002010BD32F8021B30EA0101D3
:1056E00003F10103F3D10120F5E700BF7525002088
:1056F000FA510020F0B50C4687B04FF6F7718A4298
:105700009DF8306086461D4602D9002007B0F0BDE6
:10571000596818680DF10C0CACE803002A49ADF883
:1057200014200978A142F0D98DF81660B610002136
:1057300006F002060191009621467046FFF754FBE1
:105740000028E2D1214B224A43F824009DF838304A
:10575000204E1B0222F814304FF4A04326F81430D8
:1057600003AA0B232146182005F05EF99DF834307A
:10577000194A13F0040F1BBF01231355174B36F8BA
:10578000143007BF1B78135543F0080326F8143074
:105790002244012321461B2005F046F9104B114AF3
:1057A0001B782344002142F823102846E7F7D0FA5B
:1057B0000D4B1855284607F019F80C4A1378013399
:1057C00013700120A2E700BF75250020A844002027
:1057D000EC510020FA5100200E5500205E250020DB
:1057E0006E250020D44300203A5500204C5500205F
:1057F000054B1B78834206D9044B054A1B780344AA
:10580000002142F823107047752500206E250020E6
:10581000D4430020074B084A18780023D9B28842A5
:1058200000D87047118821F4805122F8021B0133FF
:10583000F4E700BF75250020FA51002030B585B08F
:1058400004460D46E7F734F9A04202D8932005B08C
:1058500030BD2046FFF72AFCC007F7D50B232246B0
:10586000182101A805F0D7F801AB03CB9DF80E2055
:1058700069609107286030D412F0080F0CBF042330
:1058800003232B722046FFF7FFFA154B68811B5D3F
:105890006B732046FFF7F2FB124A2873135D03F087
:1058A0000F03AB73135D13F00F031FBF03F1FF3240
:1058B000022393403C2218BF53430B4A08BF0A23DC
:1058C00052F824204FF47A71B2FBF1F29A4234BFBD
:1058D0009B1A00232B610020B9E70223D1E700BF08
:1058E0003A5500200E550020A8440020F8B51F4E60
:1058F00033788342044637D0FFF7C6FA4FF6FF7776
:10590000B84231D020463470FFF766F92046FFF7E1
:10591000BBFA054609F0BEFC012301461A4628469B
:105920000BF0C3FD2046FFF78DFA0546E0B9104A9B
:105930001378013B1370F4F7EFFB294620460BF078
:1059400095F80C4B23F814500B4B80221A550B4B37
:10595000204623F814500BF0EBFA2A463946112062
:1059600006F0D8FEFF233370F8BD00BFAB25002042
:105970004C550020FA5100203A550020EC510020EF
:105980002DE9F04F8BB01F469DF850B09DF8543074
:10599000059382460E4615464FF000084E4B1B7885
:1059A0005FFA88F4A34207D84FF6F7739D421AD8DE
:1059B00017F002083ED018E02046FFF765FA0B23E7
:1059C00081462246182107A805F025F84FF6FF73F7
:1059D0007EB9994516D19DF826304FF6F77295425B
:1059E00003F0EF0311D94FF6FF7528460BB0BDE861
:1059F000F08F994506D0082207A930460BF05EFDCE
:105A00000028E8D008F10108C8E79F4207F0020922
:105A10002DD0F3F757FC00285BD1304B304A1B7870
:105A200053FA88F312F8238020460BF03FF8B9F1BF
:105A3000000FDAD1E7F73CF82A4B1B788342D2D02B
:105A400000210846FFF772FAFF280446CBD0059BD9
:105A50000097CDE901B3014633462A465046FFF789
:105A600049FE0028BFD0F4F757FBC14612E020469C
:105A7000FFF70AFAA842CCD1B9F1000FB5D13046F0
:105A8000E7F766F95FFA88F8174B03F80800304625
:105A900006F0ACFE594620460AF0C1FF2046FFF74B
:105AA000F3F9054609F0F6FB0023014601222846DA
:105AB0000BF0FBFCF3F706FC28B9084B084A1B78EF
:105AC000234442F8239020460BB0BDE8F04FFFF787
:105AD000DBB94FF00008A7E7752500206E250020F0
:105AE000D44300204C5500203A550020F8B5114F02
:105AF00000263C78F5B2AC420FD800250E4B0F487B
:105B00001D706400224629460BF002FD22462946FC
:105B10000B48BDE8F8400BF0FBBC2846FFF75CF8EB
:105B2000002128460AF0A2FF2846FFF78BF901362C
:105B3000DFE700BF752500204C550020FA510020FA
:105B4000EC510020024B03481A7880210BF0E0BC96
:105B5000752500203A55002038B5FFF717FAFF28C1
:105B6000044614D00A4D35F810301B070FD5094BE9
:105B7000094A1B7813540146012302441B2004F0F8
:105B800053FF35F8143023F0080325F8143038BDDE
:105B9000FA5100205E2500200E5500202DE9F04F1F
:105BA000784B1B78022B8BB005468A46174604D0EB
:105BB000002630460BB0BDE8F08F0AF01DFF064608
:105BC0000028F5D14FF6F9739D4263D04FF6F87374
:105BD0009D4277D02B0A0DF11E0128468DF81C300E
:105BE0008DF81B50F2F722FC0028834615BFB04603
:105BF0004FF0200806230E2318BFB3460222294681
:105C00003846039300F0ECFC039B04460122002875
:105C100040F0B580DFF878918DF8182099F80020D1
:105C20008DF81A20CDE900008DF81D00514606AA16
:105C30004FF6FC708DF819800BF02CFA8246002884
:105C4000B6D009F027FBB8420FD0504609F044F80F
:105C50003946043008F0F9FE04A938460AF091FEEE
:105C600070B104A950460BF0A4FA474B1B78033BD4
:105C7000012B2BD84FF6FF71504609F03BFF06462B
:105C800099F80030FF2B1ABF0133DBB2012389F8EA
:105C900000308EE74FF008084FF0200B3A4B1B788E
:105CA000033B012B84D909F0F5FAB84280D109F001
:105CB000F1FAFC238DF81B30FF238DF81C300546CC
:105CC00006239BE74FF01008C346E7E70AF0B6FF4C
:105CD00080460028D4D009F0DDFAA84202D12B4B2F
:105CE0001B7843B108F107025946284600F0A4FC8E
:105CF00004460028C4D0002350461A460321F3F777
:105D000061FE824620B399F8003088F80430002301
:105D1000A8F8007088F8053088F8083009F0BAFA59
:105D2000A84202D1194B1B7853B109F0B3FAB8421B
:105D300006D12CB1237923F0030343F0010323712F
:105D400000224FF6FF710C2006F0E4FC564697E760
:105D5000002C95D0237903F00303012B90D109F097
:105D600099FAA84203D1094B1B78002B88D02379DC
:105D700043F0030323714FF6FF73238080E7164639
:105D800017E700BF5355002054550020AC250020D4
:105D90001956002013B50D4B1B78033B012B0C4605
:105DA00010D90B4B1B78012B0ED09A1E5342534136
:105DB00059010DF1070200F03FFC18B144800021A9
:105DC0000AF023FF02B010BD1021F2E75455002065
:105DD000652500202DE9F0438BB0857AB0F8069058
:105DE00004460E46174609F055FA814505F0400570
:105DF000804642D16088002109F030FC0246002E26
:105E000045D1082304A9C14501EB03060CBF244971
:105E100002A90868496803C6AAB302218DF81010C8
:105E2000217A8DF81210A1888DF813108DF81720A3
:105E3000090A012200268DF81410E1888DF815104A
:105E4000CDE90026090A45F020058DF81610608876
:105E50008DF81150083304AA31460BF01BF90546A2
:105E600088B1618808F06FFE79003346324601F050
:105E7000FE012846F3F7A6FD06E0E08802A90AF035
:105E800080FD0028B6D100200BB0BDE8F08330685B
:105E9000716806AB03C345F010051023B2E700BFDD
:105EA000CA5500202DE9F74388461E46074691460D
:105EB00008F012FF00210446304609F0CFFB08F13C
:105EC00007010546C9B23846F1F7AAFE7DB1B9F11E
:105ED000000F02D103781D44EDB2057063781A07F4
:105EE00016D569463046F2F7A1FA024618B10020ED
:105EF00003B0BDE8F0830821684609F079F900286D
:105F0000F5D120460BF029F9082269460BF0E6FA94
:105F100009F0C0F90146201D08F097FD6378DB0603
:105F200003D50C4938460BF044F93146A01C08F063
:105F30008CFD3146384608F006FE074A13780133D7
:105F4000DBB21370E371A3790BB10120D0E7012319
:105F5000A371FAE7CA550020515500202DE9F04FF2
:105F60008FB0FF23814605918DF8223016461AB373
:105F700001230BAA0AF0BCFD9DF83650EF0604463B
:105F800025D5059BBDF83080002703F10802D2B269
:105F900049460097082309A8CDE9097709F021F8B7
:105FA0003A4609A94046F8F777FC002840F08C8073
:105FB000A90627D510210DE013460BAA0AF098FD7B
:105FC0009DF836500446A80663D5062102E0AA06CD
:105FD00018D50821059ABDF8327000231144CAB2C1
:105FE000CDE9093300934946082309A808F0F9FFD1
:105FF00086F0010209A93846F8F74EFC002863D163
:10600000002E46D0BDF8307009F044F9874249D0DF
:1060100038460AF0F1FC8046002E45D1BDF82EB07E
:106020000021584609F01AFBBDF82C3003901846A1
:1060300006930AF0E1FC064609F02CF9069B834220
:1060400042D0B74B1B78033B012B3DD915F04003E1
:10605000049339D1039B0BB9002E35D09DF83570D0
:10606000039B05F018051F44FFB2082D8DF835700D
:106070006CD120230493002C40F044810AF0DEFD13
:10608000054608B3002E40F0B38033460126B246E1
:1060900074E0BDF8327009F0FDF88742B8D14FF0D6
:1060A0000108BBE74FF00108002C43D09D4BE2797B
:1060B000678803EBC20633F83220BDF832309A42CB
:1060C00005D04FF6FF7323800FB0BDE8F08FBDF809
:1060D0002EA0B8F1000F08D0002130460AF095FD3F
:1060E000A6F802A00AF08CFAEEE7BDF830000AF03C
:1060F00094FD4146054630460AF087FDA6F802A009
:10610000894E2DB1414628460AF07FFD63886B8099
:106110000AF076FA3378002BD6D005993B46002258
:106120004846FFF7BFFE0028CED03946484609F062
:10613000E1FCC9E70AF064FA7B4B1B78002BC3D063
:10614000B8F1000FC0D14FF6FF77E6E7102D01D16F
:10615000049590E7B8F1000F8DD1002C3BD0C246DA
:10616000BDF832000DF12202002100F065FA03466D
:106170000028A9D0002E40F0CD8025460499BDF816
:10618000300007930DF1230200F056FA0446002870
:106190009AD0654A079B1278002A7BD0BAF1000F8B
:1061A00027D102462C466179B94240F28180A4F899
:1061B00002B0677125461446002B00F0A0809DF8C0
:1061C0002230EA799A4200F09A80002E40F09080C6
:1061D000EB71002541E00AF031FD044600283FF450
:1061E00073AF4FF0010ABBE7002201261346DAE73E
:1061F0000126B8F1000F20D1DEF72EFF05997E238E
:106200000531B0FBF3F202FB1300C9B23A465FFA64
:1062100080FA4846F1F72AFD4FF6FF71484608F02C
:1062200092FC039B032B2DD9AAF17E0A5FFA8AF216
:10623000002302214846F3F7C5FB069B2B809DF8FF
:1062400034302B710023A5F802B06F712B72002E31
:1062500042D19DF82230EB710125B8F1000F3FF4D7
:1062600033AF09A948460AF085FF00283FF42CAF58
:106270002A4609A90BA8FFF7ADFD25E7002625460C
:106280003446B9E7039B012B94BF0AF1020A0AF1D5
:10629000420ACBE7BAF1000FCFD16979B94209D9E7
:1062A000A5F802B06F71002B89D1002E91D024E0A7
:1062B00025461446049A002A3FF406AF8F427FF425
:1062C00003AF0393DEF7C8FE83077FF4FDAE039BA5
:1062D000A5F802B06F716FE7FF23EB71002CBBD004
:1062E00001252379A4F802B023F003032371B4E756
:1062F000FF23EB71002C3FF46CAF0025F1E7002C7D
:10630000D3D166E7002E7FF46FAFB2462546012653
:10631000534633E7BAF1000FB0D15646524642E732
:1063200054550020645100207425002070B50C4B9A
:1063300002460C481C784FF6FF7500239C4201D1A1
:10634000002005E00688964206D1AA4201D10B70D2
:1063500070BD8679002EFAD001330830DBB2EDE74C
:10636000732500206451002010B50B4B1C780B4B9B
:106370000022D1B28C4201D8002010BD5988814240
:1063800004D11979890701D1997911B10833013202
:10639000EFE70120F1E700BF7325002064510020E2
:1063A00010B5084B084A1C7801460023D8B2844235
:1063B00001D8FF2010BD914203F10103FAD0083249
:1063C000F4E700BF732500206451002038B504466F
:1063D000FFF7E6FFFF28054603D10C483F21DEF713
:1063E000E1FC4FF6FF732380A371204603210AF0DE
:1063F0000CFC074B07481A780732D21002FB050045
:106400000021BDE838400BF083B800BF00BB03009B
:106410007525002029550020F8B5134D134F04466B
:1064200000263A78F3B29A4209D8114B1D78114BE5
:1064300000224FF6FF71D0B285420BD8F8BDFF2C79
:1064400002D0AB79A34202D12846FFF7BFFF08353F
:106450000136E6E7FF2C02D0187AA04201D119805C
:1064600019720A330132E6E76451002073250020D7
:10647000722500203C510020FF28F8B504462CD09E
:10648000164B1B78834203D815488021DEF78AFC1F
:10649000144A02EBC40032F8341003794FF6FF754A
:1064A000A94203F0030318D0012B16D10E4B1F781D
:1064B0000E4B0022D6B2B74203D8BDE8F840FFF732
:1064C00085BF1E88AE4205D093F807C0A44504D00E
:1064D000B14202D00A330132ECE7F8BD7325002047
:1064E00000BB030064510020722500203C510020B5
:1064F0002DE9F74304F064FA324B1B78033B012B80
:1065000021D9314B1D88451BADB2E5B12F4A18800A
:1065100013782B44C3F3C81403F07F0313702C4B80
:106520002C4A1E7800204FF6FF77C3B29E420DD84A
:10653000294CDFF8A89000264FF6FF7799F8002045
:10654000F3B29A4216D803B0BDE8F0831388BB4279
:106550000DD0137999070AD104EB9311022928BFB2
:10656000022189B203F03F0343EA81131371083219
:106570000130DAE734F80A8CB84506D014F8043C48
:10658000AB4205D95B1B04F8043C01360A34D5E75D
:1065900008F080FE804534F80A3C04F8027C24F8B8
:1065A0000A7C09D00DF107011846FFF7BFFE18B1AC
:1065B0009DF80700FFF760FF14F8030CFFF75CFF7E
:1065C000E3E700BF54550020945200201A560020E3
:1065D00073250020645100204651002072250020C0
:1065E000F0B503461148DFF84CC006781048002487
:1065F0004FF6FF77E5B2AE4201D800200FE00588E4
:106600009D4210D13AB1012A16BFC57905793CF8EF
:106610003550A94207D1BB4202D114238371F0BD8A
:10662000057A002DFBD00A300134E3E77225002003
:106630003C51002064510020F8B50D461146074634
:106640001646FFF773FE002837D1214B214C1978ED
:1066500002464FF6FF7CD3B2994206D81D4C002368
:106660008B4222D1F8BD0834F5E7B4F800E0E645E6
:1066700002F10102F7D13370012327802371002139
:10668000A17165B1144B1A7845F00805D31D257129
:10669000DA103078114B02FB00300AF039FF237911
:1066A00003F03F0323712046DCE722799209022A96
:1066B000E1D001330834DBB2D2E703799A071EBF79
:1066C00023F0030343F0010303710446D7E700BF3F
:1066D00073250020645100207525002029550020D5
:1066E00073B50DF107010546FFF720FE40B10379B0
:1066F0009A0705D113F0300404D043F0030303716B
:1067000002B070BD28460AF090FA094B9DF8076068
:10671000084A1D784FF6FF712346D8B28542EFD95B
:10672000D079B04204BF1180117201330A32F4E70C
:10673000722500203C51002030B50A4B0A4D1B78D1
:106740000733CC08DB1000FB034001F007010123F5
:106750008B402C5CDBB212B11C432C5430BD24EABC
:106760000304FAE7752500202955002070B50B4B6E
:106770001B788342044604D8094840F24B21DEF7D7
:1067800011FB084E00253378E8B2834200D870BD73
:1067900000222146FFF7D0FF0135F4E775250020E0
:1067A00000BB030073250020FF2810D0FF290ED066
:1067B000084B1B780733CA08DB1000FB0323064A8B
:1067C000D05C01F00701C84000F0010070470020D4
:1067D000704700BF75250020295500200148F0F7BB
:1067E00067BE00BF965200202DE9F0471E464D4B74
:1067F0008CB01B689DF8509015460746884603F0FC
:10680000080A08F047FDA8423FD1B9F1000F14D0A3
:106810006EB9ADF806603D4604242246414628463E
:106820000AF09FFA00F001000CB0BDE8F0870023E9
:10683000ADF806303D4606243AE03846FEF7A6FBA2
:10684000FF28044605D0F2F73DFD10B12046FEF7C3
:10685000CFFF96B10023ADF80630F8F7CFF8002847
:10686000E8D006240DF1060202A9404609F0E7FB34
:10687000D8B94046F8F7BAFA17E0ADF80660F8F76D
:10688000BDF80028C7D00424ECE73EB3BAF1000FEE
:106890002ED00023ADF806300B24B9F1000F0AD139
:1068A000F8F7ACF82F460028DCD13D46002EB4D0D6
:1068B000BAF1000FB1D004F0040242F011024146D7
:1068C00028460AF04EFA22460646414628460AF075
:1068D00048FA002814BF30460020A3E7BAF1000FA1
:1068E00014D0ADF806600124B9F1000F95D1D7E7B7
:1068F0000B2402A92846F1F799FD074668B902A8BA
:1069000006F0AFFB20B9ADF80600EDE70124F0E793
:1069100044F00204ADF80670E6E70023ADF8063057
:10692000E2E700BF184600202DE9F0471E46644B01
:106930008CB01B78DDF8508007460D461446BBB37B
:1069400008F0A8FC30B35F4B1B68980722D44FF6C1
:10695000F7739C422CD843463A4631462046FBF713
:10696000DBFD08F097FC854200F0A6803046FEF77C
:10697000BBFAA04203D1FEF709FB0AF097F8BA1E52
:10698000534253412946002220460CB0BDE8F0474F
:106990000AF08BBDA7B1F91ED1F1000949EB01093D
:1069A0004FF6F7739C420ED90321204605F0F8FEFE
:1069B00008F070FCA8427FD04FF6FF739C42D3E7EB
:1069C0004FF00109ECE72B463A463146204604F0E9
:1069D0006AFA2146CDE900082B463246384606F0D1
:1069E00055FB80460146204605F0DAFEB8F1000F5F
:1069F00051D1B9F1000F3FD0002F3DD0324B03AA47
:106A000003F1100E9246186859689446ACE80300EA
:106A1000083373456246F6D107A805F0F8FE3068E2
:106A2000716803238DF81C3008AB03C39DF829302F
:106A300007A843F002038DF8293006F0BEF888B1AC
:106A40003068716808AB03C3042307A88DF81C30B5
:106A500006F0B3F830B1022307A88DF81C3006F019
:106A6000ACF848B9514607A806F00EF920B1F4F782
:106A70008FFB00283FF475AF88F0010303F001039A
:106A80002A463146CDF800902046FFF7ADFE08F0CB
:106A900001FCA84268E7B8F1010FEDD0B8F1020F90
:106AA0007FF45FAF07A92846F1F7C0FC20B9324652
:106AB00007A928460AF01CF90CB0BDE8F08700BF12
:106AC0004F5500201846002010BB0300044B1A88C5
:106AD0000AB100221A8000210846F9F7D7BE00BF8C
:106AE000965200202DE9F04F00238FB0CDE90333FB
:106AF0004E7804460D4608F0CDFB50B1B34B1B68F1
:106B00009B0706D4092103A804F083FB0FB0BDE85E
:106B1000F08F03A92046F1F789FC0346002840F0D6
:106B20005181022E38D0042EECD1A94A1278002AC5
:106B300042D0022A40F0218109AF0246394606F0D0
:106B4000FAF9012103A89DF8255006F0C9FA28405A
:106B5000FF2800F0338105AD284608F054FB0028DB
:106B600040F02E8195E80F0087E80F003246394645
:106B700003A806F0F2F80246002840F01F81032324
:106B800003A9CDE9005320463346FBF799F80028C6
:106B90000CBF13210621B6E78C4B1F6817F00207C4
:106BA000B0D102358B48082229460AF087FC00281C
:106BB000A8D0894B1B780BB91121A4E7874B884ECD
:106BC0001B782BBBFFF782FF3088002868D10DF1BE
:106BD0000C082946404605F018FE002800F0CA803F
:106BE0002846F1F707FC4FF6FF739842814600F004
:106BF000BD800DF1240B584608F005FB002840F03D
:106C0000B580002F7AD14246AA4648463B4681E0ED
:106C10003088002844D139463846F0F7E9FE308004
:106C200000283BD00123082203A93046F0F766FF75
:106C3000A0BB0123082229463046F0F75FFF68BB5E
:106C400001236748ADF82440022209A9F0F756FF56
:106C50000346308823B1002848D04FF0100A21E0C5
:106C6000F0F71CFE5E498046204601F039FA308874
:106C7000F0F714FE5FFA88F8804509D1FF238DF8FC
:106C80002430012356481A4609A9F0F737FF28B9DE
:106C900000210120F9F7FAFD0C2134E73088DAE70A
:106CA0004FF0070AF0F7DEFD80463088F0F7DAFD96
:106CB000348800F1080911212046F0F7C3FF1021A4
:106CC00083462046F0F7BEFF0822044603A9484643
:106CD0000AF0F4FB002877D10822294640460AF042
:106CE000EDFB002870D1BAF1070F01D010210AE79F
:106CF00004EB0B24A4B24D466BE70127308828B182
:106D00001221F0F79FFFFF28814615D12A46C2467F
:106D10002046402343F00303CDE900B3514603234B
:106D2000FAF7CEFF10B30721504604F072FA002F95
:106D3000E3D0FFF7CBFEE9E600210846F0F758FE66
:106D4000ADF8140048B105A9204601F0C9F9BDF815
:106D50001400F0F7A3FD0028D8D114230093338842
:106D60004A464146204601F083F9CFE7FFF7AEFEE1
:106D70000F21C8E6FFF7AAFE1EE7012A01D006216F
:106D8000C1E605AD02460090294603A8F9F784FC48
:106D9000024608B10A21B6E60C4B1B685B0003F003
:106DA000040343F00303CDE9005303A9334620460F
:106DB000FAF786FF0028E2D11321A4E60521A2E616
:106DC0001221A0E60B219EE60E219CE6184600202B
:106DD0000C550020CA5500200B55002009550020F5
:106DE0009652002030B50E4C85B022788DF80520E3
:106DF0000123D5180E228DF806200A68CDF8072049
:106E00004A68CDF80B2001A90B228DF804302570BB
:106E1000F0F774FEB0FA80F0400905B030BD00BF55
:106E20005055002030B519498BB014237F220988B2
:106E300005460DEB030003F0EEFDBDF81430DA0754
:106E400021D413F0060FC3F3410208BFC3F341225C
:106E50000F4B9C5C0DF11601224668460AF07EFB42
:106E600004F12802BDF826306A44023402F8283CB6
:106E70001B0A02F8273C69462A46E0B209F0BCF832
:106E800000200BB030BDB720FBE700BFDA64030081
:106E900020BB030010B58AB00446ADF826200022BE
:106EA000CDE9052204920CAA02924FF6FF720192DC
:106EB000074AAC2104FB01220120603200920390BA
:106EC0000DF126024CF6200109F06DFF0AB010BD4D
:106ED000E849002000B58BB00320ADF824309DF8C0
:106EE000303003900B498DF8263009A80023CDE9F6
:106EF0000130CDE90533049301F160030093B1F84B
:106F00005C3002204CF6604109F04DFF0BB05DF89B
:106F100004FB00BFE849002010B5204AB2F8680021
:106F2000B2F85E10B2F85C308AB04FF6FF74A0423F
:106F3000ADF82600ADF824104FF6FD7018D0814250
:106F40004FF00000CDE90500CDE90300CDE90100D7
:106F500094BF09AA6032009294BF48F660014CF6D3
:106F600060010DF12602042009F01DFF0AB010BDDA
:106F7000814288BF60324FF0000098BF09AA00929A
:106F8000CDE90500CDE90300CDE90100044A8CBF3D
:106F90004CF6604148F66041E5E700BFE849002053
:106FA000524A002000B54FF6FF738BB00022CDE9A6
:106FB0000522CDE90322CDE90132074A00924CF6C1
:106FC00040010DF126020620ADF8263009F0EBFE57
:106FD0000BB05DF804FB00BF484A002000B50E4B23
:106FE0008BB00022B3F85E30ADF82430CDE9052235
:106FF000CDE90322CDE9012209AA4FF6FF730092E1
:107000004FF400610DF126020720ADF8263009F09B
:10701000CAFE0BB05DF804FBE849002030B58BB028
:1070200010498DF825301B0A8DF82630002391F881
:107030005840CD6DB1F85C000493CDE905330723CA
:107040000393603108ABCDE9010300914FF6FF7364
:107050004CF62041082008958DF8244009F0A3FE45
:107060000BB030BDE849002070B52A4CB4F85E1072
:1070700094F85C001D464FF6FE76B4F85C30B142E1
:10708000A2B04FEA132321D14FF440416034ADF850
:1070900008108DF80B0003CC8DF80C30CDF80D00E6
:1070A000CDF811100DF115042270120A6270002241
:1070B000A270E27011461046ADF8062007F0EAFD16
:1070C000ADF8060090B9002022B070BD4FF4004426
:1070D0008DF80D10090AADF808408DF80B008DF8F9
:1070E0000C308DF80E100DF10F04DDE7043402A909
:1070F000621A0123D2B20DF10600F0F7FFFC00285E
:10710000E1D1BDF806002A460121F0F749FCBDF89F
:107110000600D9E7E8490020034B1A781AB1FF2A84
:1071200004BF00221A7070471C56002070B5084C2E
:10713000084E2378F55C1DB107483E21DDF732FE8D
:107140002378FF22F25400232370284670BD00BF2D
:107150001B5600201C56002025BB0300034B044A8D
:107160001B78D05CFF3818BF012070471B560020E9
:107170001C56002010B50849082204460AF09EF962
:10718000B0FA80F0228940094FF6FF7340009A421E
:1071900008BF40F0010010BD3ABB03002DE9F341E8
:1071A0000E460021054607F0E6FD134FADF8060038
:1071B00000232B800DF1060007F0D8FD044610B126
:1071C00002B0BDE8F08121460DF1060007F045FE52
:1071D0008046F0F747FB438AB34207D99B1B4382A3
:1071E00022464146284607F0CCFDE3E743895B078A
:1071F000E0D53B88F3E700BFFC24002008B50A482F
:10720000F0F7FEFD09484FF47A71FFF7C7FF074812
:1072100007F0ACFD30B9BDE8084003484FF47A717F
:10722000F0F752BD08BD00BF5824002024250020DF
:1072300030B5044685B00D4602B9084A1068516859
:1072400001AB03C301AB03CBADF80C501B8820602E
:1072500020466160238105B030BD00BFF47A030091
:107260001FB50146002201A8FFF7E2FF064801A969
:1072700009F08DFE20B1F0F7F5FA4089C0F3400027
:1072800005B05DF804FB00BF2425002030B585B0B3
:107290000D460022014601A8FFF7CAFF084801A9D0
:1072A00009F075FE50B1F0F7DDFA044601460822F8
:1072B00028460AF013F96089C0F3400005B030BDDC
:1072C0002425002010B5044C204607F0B4FD638847
:1072D000181A80B210BD00BF24250020F8B505465D
:1072E000F8B11048002107F046FD0446A8B10D4F43
:1072F0002046F0F7B7FA0646FFF73CFF830705D4B0
:107300000822294630460AF0D9F838B121463846D5
:1073100007F087FD04460028EAD10024201E18BF8C
:107320000120F8BD2425002010B50C460146064872
:1073300009F02DFE30B1F0F795FA43891C4214BFD5
:107340000120002010BD00BF242500201FB51446D9
:10735000024601A8FFF76CFF074801A909F017FED4
:1073600040B134B1F0F77EFA1422014620460AF00B
:10737000B5F8012004B010BD242500201FB501463A
:10738000002201A8FFF754FF094801A909F0FFFDF9
:1073900058B1F0F767FA4389024613F0020004D0AF
:1073A000507B80F00800C0F3C00005B05DF804FB1E
:1073B000242500200146014809F00EBE24250020A6
:1073C000F8B504460E4614200021F0F711FB0546DF
:1073D000204607F030FD6388834225D925B3314626
:1073E000204609F0F9FD08BB2846F0F73BFA0A22CF
:1073F000074631460AF072F8082206F10A0107F141
:107400000A000AF06BF80A4B1B887B82238823B999
:1074100008484FF47A71F0F757FC204600222946BD
:1074200007F0AFFC0020F8BD1C20FCE72E20FAE797
:10743000FC2400205824002010B5044686B0B0B1CA
:10744000FFF798FE10F0020011D1CDF80E00616830
:10745000CDF81200ADF816002068228901AB03C3F5
:1074600004481A8001A9FFF7ABFF06B010BD212028
:10747000FBE700BF24250020F8B50D4616461F4641
:10748000044648B3FFF776FE30BB2046FFF792FF75
:10749000E0B12146114809F07AFDF0F7E3F943899C
:1074A00005734673877343F00203218943812046A5
:1074B000F2F702F8FF28044606D0F1F703FF18B1EF
:1074C000074B002243F82420002004E02046FFF769
:1074D000B3FF0028DDD0F8BD2120FCE724250020E3
:1074E000D4430020F7B59DF8244001949DF8204036
:1074F00000940D4606461F46FEF742FA4FF6FF710E
:107500008842044610D0BB0711D42846F1F7DCFDB1
:107510002046FDF73BFDFF281FBF084A32F8103018
:1075200023F4804322F81030204603B0F0BD024619
:107530002946304609F057FDEAE700BFFA5100201E
:1075400073B50E460146144809F021FD0546D8B131
:10755000F0F788F943893340044612D09B0736B2CE
:107560000BD5002E09DAA17B437B0289007B0191B8
:10757000012100912146FFF7B5FF638923EA060345
:107580006381628912B1012002B070BD29460248B0
:1075900007F082FCF7E700BF242500200148EFF741
:1075A00087BF00BF242500201FB50C4A0C460146AA
:1075B00001A8FFF73DFE01A8FFF7FCFE60B101A99D
:1075C000074809F0E4FCF0F74DF9036823604368CD
:1075D0006360002004B010BD2D20FBE73ABB030020
:1075E000242500202DE9F0431E46544B1B788FB014
:1075F000033B012B9DF8588007460C46154607D8DB
:10760000F4F70EFC20B1F0F76FFD08B144F400541C
:107610004B4B1B7813B924F40074A4B2200509D590
:1076200046B904A92846F0F701FF002840D024F409
:107630000064A4B2ADF81840ADF81A5007F02AFE65
:10764000404BADF81C00B8F1000F02D01A7842454B
:1076500001D293F800803C4A8DF81E8013780133E4
:10766000E105DBB213704CBF0DF1210108A9220521
:107670008DF81F3004D533680B6073684B60083198
:10768000E30405D5314A13680B6053684B60083139
:107690000DF11808A1EB08005FFA80F900214846B7
:1076A000F0F7A6F9064628B900200FB0BDE8F08330
:1076B00004AEBFE7F0F7D6F841464A4609F04EFF60
:1076C0003046F0F7EBF880463046F0F7CBF8002371
:1076D000024600935FFA88F104234FF6FF7007F02B
:1076E000AEFAADF80E000028DED040F201131C42C5
:1076F0001AD14FF6F7739D4216D8F0F7CFF80DF177
:107700000E010446284600F0EBFCBDF80E00F0F731
:10771000C5F8E4B2A04207D9BDF80E0007F0DCFAC4
:10772000437843F004034370BDF80E003A4601214C
:10773000F0F736F9BDF80E00B7E700BF545500204A
:107740004F5500206025002051550020CA550020CB
:10775000F0B50829D58889B028D00C2926D0AE04E8
:1077600024D405F040030B43424C267816B105F0B3
:10777000200423432FB2002FB8BF43F08003032916
:1077800020D11223AC068DF80430937A10D48DF8F2
:1077900005300DF1060401A9621A0123D2B2F0F7F7
:1077A000ADF9B0FA80F0400909B0F0BD0B46DBE757
:1077B00032228DF804208DF80530002EE9D00DF12D
:1077C0001304E8E70C298DF8043009BF13895379B5
:1077D0008DF805301B0A0BBF8DF806308DF805308B
:1077E0000DF107030DF1060354881C70240A5C7028
:1077F00014889C700239240ADC70012914791C71E8
:1078000011D8917A5971002F31DA1289DA71022177
:10781000120A997103F109041A72002EBBD0AB064B
:10782000B9D50534B7E7A9071AD4002F0CDA117AB5
:1078300051B1917A59711189127A03F1080492B108
:1078400002229A71D971E8E70B4C2178917201F10B
:10785000010C84F800C09C1D002F5971DDDAEAE7A5
:10786000917A9C1DF8E701229A71090AEAE79C1DAA
:10787000D3E700BF4F55002050550020014B187032
:10788000704700BF47550020074B1A7844F6FF7039
:1078900040F6FF73012A18BF1846044B1B780BB142
:1078A00040F40040704700BF545500204755002069
:1078B000F7B50D4604460021284616461F46F2F746
:1078C00069FE0A4B002183F859402A460097334647
:1078D0002046FFF7DFFA014630B102222046F0F7DA
:1078E0002BFEC0B203B0F0BD0120FBE7E849002049
:1078F0002DE9F843074603F05FF805461B4807F0FB
:1079000031FC1B4B60B31C683C1B2C44A4B2194BCC
:10791000DFF868901B78184D99F8006003EB83033B
:1079200005EB430500225FFA82F846450AD9AB8889
:10793000A34205F10A0016D9B21A0A235A4329466E
:1079400009F0CCFD013689F80060AC80B8F1000F79
:1079500003D106483946F0F7B7F92846BDE8F88361
:107960001D603C46D3E701320546DCE77824002061
:10797000F04A00201D560020184F00201E560020FF
:107980001FB5154A154C1378013BDBB213706168C3
:10799000206801AA03C221891180114A1278D218E5
:1079A00005D00A235A43E118204609F097FD9DF8B7
:1079B00006301B070DD0BDF80C00FFF799FF828839
:1079C000ADF8082001AA034603CA1288186059605E
:1079D0001A8104B010BD00BF1D560020184F0020B2
:1079E0001E56002008B5094B094800211970094BA3
:1079F0001970094B1A7802EB8202520009F088FDD7
:107A0000BDE808400548F0F7FBB900BF1E5600204E
:107A1000184F00201D5600206C25002078240020DF
:107A2000F8B5094D094F0A4E00243B783178E2B28F
:107A30000B449A4204F1010400DBF8BD2846EFF73D
:107A400037FD0A35F1E700BF184F00201E56002011
:107A50001D560020F8B50D4B16460D4A1B781278BE
:107A600013440C4A1278934207460D460CD0304618
:107A7000FFF73EFF0135068107808570044602F05E
:107A800096FFE0800120F8BD0020FCE71D56002095
:107A90001E5600206C25002010B5064C207828B119
:107AA0000548F5F747FF10B1034B188810BDFFF7E5
:107AB00067FFF3E71D560020184F002008B50A4A5B
:107AC0000346107860B1094A1088984209D121B95B
:107AD0009378103323F00F039370FFF751FF0120C9
:107AE00008BD0020FCE700BF1D560020184F0020F5
:107AF0002DE9F74F02F060FFDFF8F8803A4CB8F854
:107B000000C0DFF8F490394D99F800701FFA80FE3C
:107B1000AEEB0C039BB2019323780093002603EB9A
:107B2000830305EB43033A46B246ACEB0E0CB34677
:107B30005FFA86FEBE4515D3BAF1000F01D0009B57
:107B40002370BA422AD3002F37D02378C8F8000018
:107B50000A2202FB03532648998803B0BDE8F04F80
:107B6000F0F7B2B8B3F804E001998E4512D8009945
:107B700093F802E0A3F804B001310EF1FF3EC9B260
:107B8000013A83F802E00091D2B24FF0010A0A33C1
:107B90000136CDE7E644A3F804E0F8E789F80020D1
:107BA0004AB12378C8F800000A2202FB03531048A8
:107BB0009988F0F789F8237813B903B0BDE8F08FFE
:107BC000FFF76AFF06460028F5D006F0A6FF01463B
:107BD000304607F08FFF20B100212888FFF76EFFA5
:107BE000E9E76621F9E700BF1D560020184F002085
:107BF00078240020F04A00201E56002038B50E4B95
:107C000005460E481C88F0F74BF8012D0CD10C4BA3
:107C10001C88FA21614358B1884209D28408012C9A
:107C2000204638BF012038BD022D08BF0224F0E7EE
:107C30000248F0F749F8F2E7144F0020E44400202E
:107C4000124F002008B5064B064801221A70002189
:107C5000F0F73AF8BDE808400020FFF7CFBF00BFBB
:107C600020550020E44400201E4B1A8802F108032E
:107C70009BB2012B73B502D81B4B1B7823B902B002
:107C8000BDE87040F0F7BCB8184B194D00241C70CB
:107C9000184B1C702B787BB1174E4FF6FC7300937A
:107CA000308823462246214608F035FE4FF6FD7304
:107CB0002C70338001200FE0104B10461978F5F737
:107CC0009DF90028F6D10C4B1A884FF6FD739A42A5
:107CD000F0D001232B70022002B0BDE87040FFF706
:107CE0008DBF00BF164F00202055002023550020D7
:107CF0002155002022550020104F0020245500203F
:107D0000012808B50AD002280CD020B9084B1870F9
:107D10000848F0F775F84FF0FF3008BDBDE808409F
:107D2000FFF790BFBDE808400020FFF767BF00BF26
:107D300020550020E444002002280CD859B1064AFE
:107D400013780133DBB21370044A12789A4202D8D6
:107D50000220FFF7D5BF704722550020255500208F
:107D600038B500F15703DBB2012B04460D4615D898
:107D70000D4A13780133DBB213700C4A12789A4221
:107D80000CD80B4B19884FF6FD72914201BF1D8034
:107D9000084B00221A700020FFF730FF29462046CA
:107DA000BDE8384003F0D2B9235500202655002005
:107DB000104F002021550020064A00231370064A68
:107DC0001370064A4FF6FD711180054A1370054A7B
:107DD000137070472355002022550020104F0020BB
:107DE000215500202055002030B5094B1B78024654
:107DF00033B1084B084C19780023D8B2884201D31C
:107E0000FF2004E0013334F823509542F5D130BD12
:107E10006B25002028550020F04E0020054B064819
:107E200000221A70054BFF211970054B1A78920039
:107E300009F06EBB28550020F44E00202755002085
:107E40006B250020F7B58DF807100DF107010446EA
:107E500003F0B7F8234B1D78002D41D02046FFF7E3
:107E6000C3FF214E214B3178FF2805D1204A1078DD
:107E700085422DD9451C1570884219D01C4A1B4DCE
:107E800092F800C00022D7B2BC450CD92F4601326F
:107E900097F803E0864505F10405F4D102B203EB3F
:107EA0008202D278FA7002B203EB8202D170307093
:107EB00002B203EB820123F82240FF228A709DF870
:107EC0000720FF2A02D003EB8203987003B0F0BDB5
:107ED0000A46104603EB8202D278FF2AF9D1CBE79B
:107EE000FF20F3E76B25002027550020F44E0020EB
:107EF000285500202DE9F843FFF776FFFF280446B8
:107F00006AD0364FDFF8E080354E03B24FF6FF728D
:107F100027F8232098F80050A54202D10020BDE8A0
:107F2000F88320B23378810007EB8000A34290F8F9
:107F300003E011D0294A00235FFA83F94D459446A6
:107F400007D99CF80390A14503F1010302F1040253
:107F5000F2D18CF803E001E086F800E0013DEDB2DB
:107F60002A1BD2B204319200394409F0B7FA88F8DA
:107F700000503378FF2B04D0A34224BF03F1FF331A
:107F80003370164B00214FF6FF70CAB2AA420CD3D1
:107F9000144A00234FF6FF71DCB2AC42BAD201336F
:107FA00032F823008842F7D1B4E79A78A2420BD185
:107FB0001880DA78FF2A04D0A24224BF02F1FF32EF
:107FC000DA7001310433E0E7FF2AF2D0A24224BF85
:107FD00002F1FF329A70ECE70320A0E7F44E002094
:107FE00027550020F04E002028550020F8B51C4BE6
:107FF0001B780546084673B3FFF7F6FEFF280446D4
:1080000029D02846FFF7F0FEFF2806D0154B164E64
:108010001A780023D9B2914218D3FF212846FFF7DE
:1080200011FFFF28014616D0104F054623B207EB7B
:10803000830237F823009678FFF704FFA84208BFB1
:10804000FF25FF2E214608D12846F8BD013316F83A
:1080500023108142DED1FF25F6E73446E6E700BF74
:108060006B25002028550020F24E0020F44E002001
:108070002DE9FF414FF0000C9DF828508DF80FC0FE
:108080000DF10F0CCDE9005C1F46064688461446EC
:1080900002F067FF9DF80F3093B941463046E4F790
:1080A0006BFC0E4B1B785BB10B2C09D83046FF21C3
:1080B000FFF7C8FE05EB44040646E4B2A54202D130
:1080C00004B0BDE8F0812946384606F0D7FF3146B6
:1080D000FFF7B8FE02350646EDB2EFE76B2500204C
:1080E0002DE9F34700230DF107028DF80730044610
:1080F0000E4602F051FF9DF80730054663B9204651
:10810000FFF772FE04465EB13088EFF7C7FB5FFAF7
:1081100080F8FF2C46D10025284602B0BDE8F08744
:10812000B046F6E701320C2AF5D02DB207EB8505F3
:10813000AD78FF2DF6D112F0FF0AECD04FEA4A05D8
:108140000235EDB2002EE7D008EB0501C9B230468A
:1081500006F02EFF0028DED1308852464146EFF768
:1081600085FD0AF1FF3208F1010108F102093088AA
:10817000D2B2C9B25FFA89F9EFF778FD24B207EB02
:108180008404A478FF2CC7D023B2308837F823208A
:10819000494606F083FF0028BDD109F102095FFAC4
:1081A00089F9EBE7014F25460022BEE7F44E002097
:1081B000FF2810B51FBF064B03EB800433F82030B7
:1081C0000B801DBFA37813700020032010BD00BFDB
:1081D000F44E002081F0004102E000BF83F0004334
:1081E00030B54FEA41044FEA430594EA050F08BF52
:1081F00090EA020F1FBF54EA000C55EA020C7FEA16
:10820000645C7FEA655C00F0E2804FEA5454D4EB92
:108210005555B8BF6D420CDD2C4480EA020281EA5C
:10822000030382EA000083EA010180EA020281EA94
:108230000303362D88BF30BD11F0004F4FEA0131E6
:108240004FF4801C4CEA113102D0404261EB4101F5
:1082500013F0004F4FEA03334CEA133302D052427B
:1082600063EB430394EA050F00F0A780A4F1010437
:10827000D5F1200E0DDB02FA0EFC22FA05F2801871
:1082800041F1000103FA0EF2801843FA05F3594157
:108290000EE0A5F120050EF1200E012A03FA0EFCD6
:1082A00028BF4CF0020C43FA05F3C01851EBE37100
:1082B00001F0004507D54FF0000EDCF1000C7EEB1D
:1082C00000006EEB0101B1F5801F1BD3B1F5001F5B
:1082D0000CD349085FEA30004FEA3C0C04F101047A
:1082E0004FEA445212F5800F80F09A80BCF1004FA3
:1082F00008BF5FEA500C50F1000041EB045141EA25
:10830000050130BD5FEA4C0C404141EB0101013CED
:1083100028BFB1F5801FE9D291F0000F04BF0146DC
:108320000020B1FA81F308BF2033A3F10B03B3F1AE
:1083300020020CDA0C3208DD02F1140CC2F10C023E
:1083400001FA0CF021FA02F10CE002F11402D8BF9C
:10835000C2F1200C01FA02F120FA0CFCDCBF41EA68
:108360000C019040E41AA2BF01EB0451294330BD37
:108370006FEA04041F3C1CDA0C340EDC04F1140414
:10838000C4F1200220FA04F001FA02F340EA0300EB
:1083900021FA04F345EA030130BDC4F10C04C4F131
:1083A000200220FA02F001FA04F340EA0300294611
:1083B00030BD21FA04F0294630BD94F0000F83F45B
:1083C000801306BF81F480110134013D4EE77FEA3E
:1083D000645C18BF7FEA655C29D094EA050F08BF8A
:1083E00090EA020F05D054EA000C04BF194610466B
:1083F00030BD91EA030F1EBF0021002030BD5FEAAF
:10840000545C05D14000494128BF41F0004130BDD6
:1084100014F580043CBF01F5801130BD01F000452A
:1084200045F0FE4141F470014FF0000030BD7FEA9D
:10843000645C1ABF194610467FEA655C1CBF0B4698
:10844000024650EA013406BF52EA033591EA030FAF
:1084500041F4002130BD00BF90F0000F04BF0021A7
:10846000704730B54FF4806404F132044FF00005DA
:108470004FF0000150E700BF90F0000F04BF002153
:10848000704730B54FF4806404F1320410F00045B9
:1084900048BF40424FF000013EE700BF42004FEAB4
:1084A000E2014FEA31014FEA02701FBF12F07F4331
:1084B00093F07F4F81F06051704732F07F4208BFE8
:1084C000704793F07F4F04BF41F40021704730B5EF
:1084D0004FF4607401F0004521F000411CE700BF3B
:1084E00050EA010208BF704730B54FF000050AE0BE
:1084F00050EA010208BF704730B511F0004502D5BF
:10850000404261EB41014FF4806404F132045FEAC0
:10851000915C3FF4D8AE4FF003025FEADC0C18BF69
:1085200003325FEADC0C18BF033202EBDC02C2F15B
:10853000200300FA03FC20FA02F001FA03FE40EAED
:108540000E0021FA02F11444BDE600BF70B54FF0F1
:10855000FF0C4CF4E06C1CEA11541DBF1CEA1355CF
:1085600094EA0C0F95EA0C0F00F0DEF82C4481EA37
:10857000030621EA4C5123EA4C5350EA013518BF57
:1085800052EA033541F4801143F4801338D0A0FB44
:1085900002CE4FF00005E1FB02E506F00042E0FBF1
:1085A00003E54FF00006E1FB03569CF0000F18BFF7
:1085B0004EF0010EA4F1FF04B6F5007F64F540749F
:1085C00004D25FEA4E0E6D4146EB060642EAC62132
:1085D00041EA55514FEAC52040EA5E504FEACE2E9F
:1085E000B4F1FD0C88BFBCF5E06F1ED8BEF1004FA2
:1085F00008BF5FEA500E50F1000041EB045170BD1E
:1086000006F0004646EA010140EA020081EA030161
:10861000B4EB5C04C2BFD4EB0C0541EA045170BD5D
:1086200041F480114FF0000E013C00F3AB8014F1D7
:10863000360FDEBF002001F0004170BDC4F1000420
:10864000203C35DA0C341BDC04F11404C4F12005A1
:1086500000FA05F320FA04F001FA05F240EA0200FC
:1086600001F0004221F0004110EBD37021FA04F632
:1086700042EB06015EEA430E08BF20EAD37070BDEC
:10868000C4F10C04C4F1200500FA04F320FA05F04B
:1086900001FA04F240EA020001F0004110EBD3704D
:1086A00041F100015EEA430E08BF20EAD37070BDBD
:1086B000C4F1200500FA05F24EEA020E20FA04F396
:1086C00001FA05F243EA020321FA04F001F0004145
:1086D00021FA04F220EA020000EBD3705EEA430EB6
:1086E00008BF20EAD37070BD94F0000F0FD101F0E5
:1086F0000046400041EB010111F4801F08BF013C1E
:10870000F7D041EA060195F0000F18BF704703F05B
:108710000046520043EB030313F4801F08BF013DE2
:10872000F7D043EA0603704794EA0C0F0CEA13559E
:1087300018BF95EA0C0F0CD050EA410618BF52EA58
:108740004306D1D181EA030101F000414FF000005E
:1087500070BD50EA410606BF1046194652EA43066C
:1087600019D094EA0C0F02D150EA013613D195EAE0
:108770000C0F05D152EA03361CBF104619460AD128
:1087800081EA030101F0004141F0FE4141F4700132
:108790004FF0000070BD41F0FE4141F4780170BD22
:1087A00070B54FF0FF0C4CF4E06C1CEA11541DBF87
:1087B0001CEA135594EA0C0F95EA0C0F00F0A7F889
:1087C000A4EB050481EA030E52EA03354FEA0131B6
:1087D00000F088804FEA03334FF0805545EA1313C9
:1087E00043EA12634FEA022245EA111545EA106591
:1087F0004FEA00260EF000419D4208BF964244F128
:10880000FD0404F5407402D25B084FEA3202B61A46
:1088100065EB03055B084FEA32024FF480104FF41A
:10882000002CB6EB020E75EB030E22BFB61A75468E
:1088300040EA0C005B084FEA3202B6EB020E75EB21
:10884000030E22BFB61A754640EA5C005B084FEA89
:108850003202B6EB020E75EB030E22BFB61A754656
:1088600040EA9C005B084FEA3202B6EB020E75EB61
:10887000030E22BFB61A754640EADC0055EA060E22
:1088800018D04FEA051545EA16754FEA06164FEA65
:10889000C30343EA52734FEAC2025FEA1C1CC0D111
:1088A00011F4801F0BD141EA00014FF000004FF09E
:1088B000004CB6E711F4801F04BF01430020B4F15F
:1088C000FD0C88BFBCF5E06F3FF6AFAEB5EB030C17
:1088D00004BFB6EB020C5FEA500C50F1000041EB14
:1088E000045170BD0EF0004E4EEA113114EB5C04E1
:1088F000C2BFD4EB0C0541EA045170BD41F48011B4
:108900004FF0000E013C90E645EA060E8DE60CEABB
:10891000135594EA0C0F08BF95EA0C0F3FF43BAFD8
:1089200094EA0C0F0AD150EA01347FF434AF95EA8F
:108930000C0F7FF425AF104619462CE795EA0C0F73
:1089400006D152EA03353FF4FDAE1046194622E740
:1089500050EA410618BF52EA43067FF4C5AE50EA1A
:1089600041047FF40DAF52EA43057FF4EBAE12E70A
:108970004FF0FF3C06E000BF4FF0010C02E000BFEB
:108980004FF0010C4DF804CD4FEA410C7FEA6C5CCE
:108990004FEA430C18BF7FEA6C5C1BD001B050EA71
:1089A000410C0CBF52EA430C91EA030F02BF90EA5C
:1089B000020F0020704710F1000F91EA030F58BF1B
:1089C000994208BF90422CBFD8176FEAE37040F07D
:1089D000010070474FEA410C7FEA6C5C02D150EA1B
:1089E000013C07D14FEA430C7FEA6C5CD6D152EAD6
:1089F000033CD3D05DF8040B704700BF844610469B
:108A000062468C461946634600E000BF01B5FFF799
:108A1000B7FF002848BF10F1000F01BD4DF808ED69
:108A2000FFF7F4FF0CBF012000205DF808FB00BF3A
:108A30004DF808EDFFF7EAFF34BF012000205DF894
:108A400008FB00BF4DF808EDFFF7E0FF94BF0120E1
:108A500000205DF808FB00BF4DF808EDFFF7CEFFE2
:108A600094BF012000205DF808FB00BF4DF808ED21
:108A7000FFF7C4FF34BF012000205DF808FB00BFF2
:108A80004FEA410212F5001215D211D56FF4787336
:108A9000B3EB625212D94FEAC12343F0004343EAD9
:108AA000505311F0004F23FA02F018BF40427047B4
:108AB0004FF00000704750EA013005D111F000403E
:108AC00008BF6FF0004070474FF00000704700BFD4
:108AD0004A0011D212F5001211D20DD56FF478733D
:108AE000B3EB62520ED44FEAC12343F0004343EA92
:108AF000505323FA02F070474FF00000704750EADD
:108B0000013002D14FF0FF3070474FF00000704746
:108B100053B94AB9002908BF00281CBF4FF0FF31E4
:108B20004FF0FF3000F06AB9ADF1080C6DE904CEEA
:108B300000F006F8DDF804E0DDE9022304B0704738
:108B40002DE9F047089D0C46002B4ED194468C45EC
:108B50008646B2FA82F262D94AB1C2F1200391404C
:108B600020FA03F30CFA02FC194300FA02FE4FEA62
:108B70001C471FFA8CF6B1FBF7F44FEA1E4307FBC4
:108B8000141143EA014304FB06F199420AD91CEB94
:108B9000030304F1FF3080F01381994240F2108109
:108BA000023C6344591A1FFA8EF3B1FBF7F007FB3E
:108BB000101143EA014300FB06F69E420AD91CEB62
:108BC000030300F1FF3180F0FD809E4240F2FA8005
:108BD000634402389B1B40EA044000211DB1D3408E
:108BE0000022C5E90032BDE8F0878B4205D90DB1FE
:108BF000C5E9000100210846F5E7B3FA83F1002931
:108C000046D1A34202D39042C0F0F180861A64EBB1
:108C100003030120002DE6D0C5E90063E3E7002A45
:108C200040F09180A1EB0C044FEA1C481FFA8CF72E
:108C30000121B4FBF8F64FEA1E4308FB164443EA51
:108C4000044307FB06F0984208D91CEB030306F126
:108C5000FF3402D2984200F2CE8026461C1A1FFA38
:108C60008EF3B4FBF8F008FB104443EA044300FB26
:108C700007F79F4208D91CEB030300F1FF3402D22F
:108C80009F4200F2B1802046DB1B40EA0640A5E788
:108C9000C1F120068B4022FA06F71F4320FA06FC9A
:108CA00004FA01F343EA0C03F44000FA01F8380C2B
:108CB0004FEA1349B4FBF0FE1FFA87FC00FB1E4489
:108CC00049EA04440EFB0CF9A14502FA01F20AD963
:108CD0003C190EF1FF3A80F08580A14540F2828078
:108CE000AEF1020E3C44A4EB09041FFA83F9B4FB75
:108CF000F0F300FB134449EA044403FB0CFCA445D5
:108D000007D93C1903F1FF3068D2A44566D9023B6C
:108D10003C4443EA0E40A0FB0293A4EB0C049C42AB
:108D2000CE469C4652D34FD055B1B8EB0E0364EB00
:108D30000C0404FA06F6CB40CC401E43C5E900649F
:108D40000021BDE8F087C2F1200320FA03F10CFAFC
:108D500002FC24FA03F394400C434FEA1C4800FA47
:108D600002FE1FFA8CF7B3FBF8F008FB1031230C5E
:108D700043EA014300FB07F1994208D91CEB0303C6
:108D800000F1FF362CD299422AD9023863445B1A8B
:108D9000A4B2B3FBF8F108FB113344EA034401FB2E
:108DA00007F3A34208D91CEB040401F1FF3613D2E8
:108DB000A34211D902396444E41A41EA004138E778
:108DC0000446EFE6084605E7C845ADD2B9EB020E0A
:108DD00063EB070C0138A7E73146EDE7034698E758
:108DE0003046D4E7D6467EE7634402384CE7064671
:108DF000234608460EE7023E63442FE7704700BF54
:108E000008B5064B044613B10021AFF30080044BB4
:108E10001B6803B19847204600F0DDFD000000000C
:108E2000304C0020024B0146186800F0DBB900BF4F
:108E300098240020014808F085BB00BF1F56002081
:108E4000014808F080BB00BF1F560020242B2DE9ED
:108E5000F0478646904601D8012B06D100F098F9DC
:108E6000162303600020BDE8F08736480D462A46E9
:108E700015F8014B065D16F00806F8D12D2C24D10B
:108E80002C780126951C2BBB302C30D00A2306F100
:108E9000004C0CF1FF3C0022BCFBF3F9104603FB35
:108EA00019CAA4F13007092F28D83C46A34234DD63
:108EB000571C07D081452DD301D1A2452ADB00FBE9
:108EC0000340012215F8014BEBE72B2C04BF2C7853
:108ED000951CD8E7102BDAD1302CD8D12A7802F0A3
:108EE000DF02582AD3D16C7810230235CFE72B78D4
:108EF00003F0DF03582BF6D00823C8E7A4F141079D
:108F0000192F01D8373CD1E7A4F16107192F04D8F4
:108F1000573CCBE74FF0FF32D4E7531C08D1222354
:108F2000CEF800306046B8F1000F9CD0691E06E014
:108F300006B14042B8F1000F95D0002AF6D1C8F82A
:108F4000001090E745BB030013460A46014602485D
:108F50000068FFF77BBF00BF982400202DE9F04395
:108F6000364E86460D46284615F8014B375D17F0FC
:108F70000807F8D12D2C26D12C780127851C3BBB66
:108F8000302C32D00A234FF0FF380026B8FBF3F81C
:108F900003FB08F96FEA09093046A4F1300CBCF173
:108FA000090F29D86446A34237DDB6F1FF3F07D049
:108FB00080452FD301D1A1452CDB00FB03400126C6
:108FC00015F8014BE9E72B2C04BF2C78851CD6E75C
:108FD000102BD8D1302CD6D1287800F0DF005828BB
:108FE000D1D16C7810230235CDE72B7803F0DF0365
:108FF000582BF6D00823C6E7A4F1410CBCF1190F99
:1090000001D8373CCFE7A4F1610CBCF1190F04D8AB
:10901000573CC8E74FF0FF36D2E7731C06D1222336
:10902000CEF80030304632B9BDE8F08307B1404297
:10903000002AF9D006B1691E1160F5E745BB0300AF
:1090400013460A46014602480068FFF787BF00BF83
:10905000982400202DE9F04F85B09046464A0290B2
:1090600089461E460D462B4615F8014B175D17F035
:109070000807F8D12D2C41D12C7801279D1C002EFA
:1090800041D1302C4CD00A2607F1004A07F1FF3BB2
:109090000AF1FF3AF3173246584651460393FFF759
:1090A00037FD019200228E46844611461046A4F1F7
:1090B0003003092B05D9A4F14103192B37D8A4F1AA
:1090C00037039E423DDD541C15D084457EEB0102E2
:1090D00034D38E4508BF844502D1019A9A422DDBD4
:1090E000039A714300FB0211A6FB00020A44181800
:1090F00042EBE371012215F8014BD8E72B2C04BF9A
:109100002C789D1CBBE7102EBED1302CBCD12B7807
:1091100003F0DF03582BB7D16C7810260235B3E784
:109120002B7803F0DF03582BF6D00826ACE7A4F128
:109130006103192B05D8A4F15703C2E74FF0FF32A2
:10914000D9E7531C0AD1029A22231360584651468C
:10915000B8F1000F0AD105B0BDE8F08F17B1404259
:1091600061EB4101B8F1000FF5D00AB105F1FF390B
:10917000C8F80090EFE700BF45BB030013460A465E
:10918000014602480068FFF765BF00BF9824002031
:10919000014B1868704700BF9824002070B50D4D32
:1091A0000D4C641BA4100026A64209D10B4D0C4C9B
:1091B00008F0F6F9641BA4100026A64205D170BD84
:1091C00055F8043B98470136EEE755F8043B9847BD
:1091D0000136F2E7C8250020C8250020C825002058
:1091E000CC25002038B50546002941D051F8043C73
:1091F0000C1F002BB8BFE418FFF71CFE1D4A1368B4
:1092000033B9636014602846BDE83840FFF718BEE4
:10921000A34208D9206821188B4201BF19685B68F6
:1092200009182160EDE71A465B680BB1A342FAD931
:1092300011685018A0420BD1206801445018834295
:109240001160E0D118685B68536008441060DAE789
:1092500002D90C232B60D6E7206821188B4204BF6B
:1092600019685B68636004BF091821605460CAE72D
:1092700038BD00BFF44A0020ECF7BEBE38B5DCF7BD
:10928000B9FD05460C46DCF7CFFD0023024621461A
:109290002846FFF73DFC38BD08B502F01EFB02284A
:1092A00006D00438C0B201288CBF0020012008BDC0
:1092B0000120FCE7D7F7A2BC10B433B1DC6824B1BD
:1092C000A4469B695DF8044B60475DF8044B70470A
:1092D00019B10B690BB18969184770474FF4615098
:1092E000704708B538B143692BB180699847003899
:1092F00018BF012008BD0120FCE708B543692BB168
:1093000080699847003818BF012008BD0120FCE79C
:1093100008B501F016FCD7F733FE01F01FFCD7F7B4
:10932000ADFEDCF7A3F9F8E701440023884201D140
:10933000D8B2704710F8012B1344F7E770B5C2B0EC
:1093400005461C464AF65523ADF8003003238DF838
:109350000230AB8C8DF80430084611465A1CAA84A2
:109360001A0A63BA8DF803208DF80500ADF80630AF
:1093700024B119B1224602A808F0F0F804F1080659
:1093800031466846FFF7D0FF2B680DF806001BB189
:1093900004F109016846984742B070BDB3F5807F7B
:1093A00001D8FFF7CBBF704790F83E324BB1002396
:1093B00080F83E3200F59C72B0F83C320421FFF791
:1093C000EDBF704790F83E22B2B190F83F220132D3
:1093D000D2B2032A02D880F83F227047002280F8D8
:1093E0003F2290F84022072A04D8013280F8402218
:1093F000D8F7C8B8FFF7D8BF704707B501238DF875
:1094000007100DF107020621FFF798FF03B05DF882
:1094100004FB0321FFF7F1BF00231A460121FFF7E8
:109420008DBF38B5BDF81050B5F5807F04460846AD
:1094300019461DD82B0A84F8380184F8392184F89C
:109440003A3184F83B512DB121B12A4604F59E7082
:1094500008F084F80123A4F83E320023043584F890
:109460004032A4F83C522046BDE83840D8F78AB8CC
:1094700038BD2DE9F041069D9DF824800F46164623
:10948000089950B308F1FF320F2A4FF0000426D894
:109490003A0A02700122C270320A02711A0E8271F7
:1094A0001A0CC27143721A0A2B0E83722B0CC372F0
:1094B0002B0A03739DF81C3047708470467102724A
:1094C00045738373C0F80F40A0F8134019B14246AA
:1094D000153008F043F808F11500BDE8F08120468A
:1094E000FBE72DE9F041002405462046261D8E426B
:1094F00001D8984201D1BDE8F0812F1915F80480F8
:1095000097F801E07F887FBA1FFA87FC0CF1040C02
:1095100064448C4202F10802EDD82E44013002F876
:10952000088C02F807EC22F8067C42F8046CDDE7B0
:109530002DE9F047B1F80690D0F818A04D7999FAC6
:1095400099F6A2B004460F46B6B201F10808BAF186
:10955000000F04D0036A324641462846D0472046D1
:10956000FFF722FF082D09D865B16B1E072B09D81C
:10957000DFE803F00B1E2B085F08A5A5232D73D091
:10958000242D41D022B0BDE8F0872369002BF9D00B
:10959000B9F1000FF6D008EB0602404612F8012C94
:1095A000511E4A424A41711E22B0BDE8F047184799
:1095B00063691BB1206A9847014600B10321204628
:1095C00022B0BDE8F047FFF718BF00238DF8083040
:1095D00002AA012303212046FFF7B0FEE3692BB165
:1095E000B9F1000F0ED0387A216A9847636923B128
:1095F000206A9847002808BF002529462046FFF723
:10960000FCFEBFE7FF20EFE765680DB1A847054600
:10961000A3680BB198470346EB1A1BBA02932DBA05
:10962000082303950DEB030224212046FFF786FE55
:10963000A8E73146102302AA4046FFF752FF02ADC9
:1096400007460026B74207D110238DF807300DF1E9
:10965000070201230521E8E7E36813B1002128464A
:10966000984701360835EDE7B9F1000F8AD0387A0E
:10967000012818D1042E17D9D7F8095005202DBA82
:10968000311A102302AA89B24044FFF72AFF0026AC
:109690000746B7420AD110238DF807300DF10702B3
:1096A00001232321C1E701200025E9E7E36823B175
:1096B00002AA294602EBC60098470136E9E70223D1
:1096C0008DF8083002AA01232946AEE738B54FF4D9
:1096D00011720D460021044607F01AFF0FCD0FC48A
:1096E0000FCD0FC42B68236038BD2DE9F84F044619
:1096F0008A468E1800274FF001084FF05509B245F1
:1097000001D1BDE8F88FD4F830211AF8011B32B925
:109710005529F4D1C4F8308184F82690EFE7012A66
:109720000BD1AA2905D10223C4F8303184F82710BF
:10973000E5E70023C4E94C33EAE7B2F5847F27D29A
:10974000551C2244082DC4F8305182F8261009D146
:10975000A28D52BA91B2B1F5807F19D8093212B2F6
:10976000C4F83421D4F83421002AC8D09542C6D197
:10977000013D04F1260B29465846FFF7D5FD631934
:1097800093F82630834203D159462046FFF7D0FE96
:10979000C4E94C77B3E7D7F7BBBF08B5DCF75EFA8F
:1097A00000F039FBBDE80840D7F70ABF08B5D9F784
:1097B00059FD00F02AFBD9F761FDDFF7F7F8DFF775
:1097C00055F9BDE80840DFF78DB970477047D7F706
:1097D0001DBF08B501F0F4FABDE8084001F011BB67
:1097E0007047012070470120704738B5D7F708FF50
:1097F000044601F0EDF8051E18BF2546DFF710FA04
:10980000041E18BF2C46FFF7ECFF002818BF2046A7
:1098100038BD38B5DCF730F8044601F0DBF8042831
:1098200017D002284FF0000508BF012401F007FB04
:10983000042810D0022808BF0124FFF7D4FF042811
:109840000BD0022808BF0124002D18BF0024204699
:1098500038BD0125EAE70125EFE70024F7E7FF20FF
:10986000704708B5FFF7FBFF002008BD07B50022D1
:109870000346009211460120DEF742FA03B05DF87C
:1098800004FB08B5002001F02DFF0020E2F770FA7C
:109890000020DFF75BFD0020E0F744F9BDE8084059
:1098A0000020E0F717BA012001F0AFBD08B5022093
:1098B000E0F7E2FE0220E0F717FA0220E2F73EFDB1
:1098C000BDE808400220E0F793BC704701F0B0BF4C
:1098D00070477047DFF7CCBC7047704770477047E0
:1098E000704710B50446E0F7A9FB2046BDE81040DC
:1098F000DFF7EEBF01F0A3BD01F0ADBDE0F71CB98D
:10990000704770477047704770477047704770479F
:109910007047704770477047E0F792B970477047DB
:1099200070477047704782B06B4683E8060093E843
:10993000060002B0DFF76ABA704770477047D7F782
:10994000C1B802F07EBB704700207047D7F77AB8E5
:1099500002F085BBFEE74FF4004070474FF47A7089
:10996000704700230360704703680B600160704715
:1099700010B538B132B129B100230139D45C14B922
:109980000023037010BD8B42FAD200F8014B013363
:10999000F4E7034638B10020814204D01A5C02B9D2
:1099A00070470130F8E770474FF0FF31FFF7F1BF24
:1099B00070B50C461646054660B15AB151B1FFF775
:1099C000F3FF844206D9211A32462844BDE870408C
:1099D000FFF7CEBF70BDFEE7D0E90003184743781C
:1099E00010B5012204780C219A40302313FB041394
:1099F000817803F1804303F5204319B903F18063B3
:109A00001A6010BD03F1C063FAE7437810B5012274
:109A100004780C219A40302313FB0413817803F15E
:109A2000804303F5204319B903F1C0631A6010BDE8
:109A300003F18063FAE74178037801228A403021FC
:109A40004B4303F1804303F520439A61704702467C
:109A500000780C21302313FB001303F104735178B9
:109A600003F5204301EBC3039B0018689378C0B251
:109A700013B9B0FA80F040097047704713B5044637
:109A800001A8D9F76BFA9DF80630238040F2011344
:109A90006380D9F781FA6060002002B010BDD9F769
:109AA00015B908B5D9F702F9002008BD10B504466C
:109AB00044EA010313F00303084609D1934201D19C
:109AC000002010BD54F8231040F823100133F5E7AF
:109AD0009200214607F042FDF2E7704708B5D8F73B
:109AE0007BF8013008BDEFF3108072B6704700B903
:109AF00062B67047602383F311887047EFF31180DB
:109B0000602383F31188704780F31188704784B015
:109B10000B6800934B6801938B680293CB680393A7
:109B2000009B0360019B0360029B0360039B036037
:109B30000023009301930293039304B0704784B011
:109B40000368009303680193036802930368039317
:109B5000009B0B60019B4B60029B8B60039BCB6067
:109B60000023009301930293039304B0704730B530
:109B7000D1E90223D1E9005405600460026003606A
:109B800030BD30B50568046802680368C1E9005457
:109B9000C1E9022330BD7FB58A0704460B4610D0C9
:109BA0006D4601F11006186859682A4603C2083349
:109BB000B3421546F7D169462046FFF7D8FF04B0F7
:109BC00070BD0091009904B0BDE87040FFF7CFBFB1
:109BD00030B58B0785B00C4610D06946FFF7D1FF32
:109BE0000D46234604AC2A4603CAA24218605960B7
:109BF000154603F10803F6D105B030BD0091009978
:109C000005B0BDE83040FFF7BCBF00F1424303F5AB
:109C10008013102A10B54FEA43130AD101221A60AB
:109C200000F58870FFF773FF1031BDE81040FFF7B3
:109C30006EBF00221A602430F7E7F0B50B46990793
:109C400089B0044615462DD0082A19D16D4603F176
:109C50001006186859682A4603C20833B3421546ED
:109C6000F7D1082269462046FFF7CFFF03226B4653
:109C70000020013A186003F10403FAD209B0F0BDE4
:109C80006E4603F1200718685968324603C208334C
:109C9000BB421646F7D12A4669462046FFF7B5FF74
:109CA0000722E4E70093009909B0BDE8F040FFF710
:109CB000ACBF10B52030FFF742FF102A04D1BDE839
:109CC00010401031FFF73BBF10BD30B58B0789B096
:109CD0000C46154625D06946FFF7EBFF082D6A466E
:109CE00013D104AD134603CBAB42206061601A462A
:109CF00004F10804F6D103226B460020013A1860F3
:109D000003F10403FAD209B030BD08AD134603CB0A
:109D1000AB42206061601A4604F10804F6D10722C4
:109D2000EAE70091009909B0BDE83040FFF7C1BFF4
:109D3000704770477047D8F73FBCD8F7CFBB70B5B6
:109D400005460E461446FFF7CEFE2B685C403440B5
:109D50005C402C60BDE87040FFF7C9BED8F7FEBF7D
:109D600038B5D9F757F98B7C04460D461BB103680B
:109D700043F080430360EB7C1BB12B7D43F08003F9
:109D8000A3652A8A6B7B1343EA89134363602B7BA9
:109D9000D5E901122046D9F70BF96B7D1BB1236879
:109DA00043F480332360AB7D1BB1236843F400434D
:109DB0002360EB7D2A7E1B07120502F4E00203F00C
:109DC000E04313432366636F23F030036367626FDE
:109DD0006B7E134363672B78E36038BD03691B0612
:109DE000FCD5C069C0B2704703695B06FCD541630E
:109DF0007047002070470020704700207047012006
:109E00007047012070470F207047E5F797BD4FF06E
:109E1000FF3003F0F9BF704770B504460D46FFF7F9
:109E200062FEA36A102B064604F10501284614BF02
:109E300010220822FFF701FF05F1840004F14C0114
:109E4000FFF7A9FE3046BDE87040FFF750BE2DE990
:109E5000F043074685B016461C460D4631B9D9F782
:109E60001FFA054601463846FFF7D6FF44B3FFF711
:109E70003AFE97F842308046F3B10E2200210DF1F0
:109E8000020007F045FB0E2CBB8DA14628BF4FF00A
:109E90000E095BBA31464A460DF10200ADF80030BA
:109EA00007F05CFB69462846D9F71EFA0023A4EBAD
:109EB00009044E4487F842302CB94046FFF717FE9C
:109EC00005B0BDE8F083102C27464FF0100228BFE4
:109ED00010270021684607F01BFB31463A466846CA
:109EE00007F03CFB69462846D9F7FEF9E41B3E44DF
:109EF000E2E72DE9F04F8BB00546DDF85080169E65
:109F000017469A460C464FF0010900297BD1D9F734
:109F1000C7F9CDF8009004462B6E2F714FF0000961
:109F20005FFA88F7EB62C5F8449085F86C7042469A
:109F3000514605F15C00019307F010FB159A019B57
:109F4000C7F10F0B023AC7F10E07B3EB0903FFB2DB
:109F50004FEA520247EAC20218BF012342EA8313C2
:109F6000514642460DF109008DF8083007F0F6FA27
:109F700006AA4B465FFA8BFB9146D9B28B4547D870
:109F8000002E59D166602660FFF7ADFDAB6A0190E7
:109F9000102B14BF10220822691D2046FFF74DFE2A
:109FA000C4F8886002A9C4F888602046C4F88860B4
:109FB000C4F88860D9F798F90198FFF798FD4246F0
:109FC00051460DF119008DF8187007F0C7FA08F125
:109FD00001005A463146484407F09AFA01238DF8A9
:109FE0002730FFF780FD04F18407064649463846CE
:109FF000FFF7D1FD3046FFF77AFD009B6BB90020DB
:10A000000BB0BDE8F08F002380F84290009383E707
:10A0100002F8016D0133360AAFE7FFF764FD05F181
:10A020004C0106463846FFF7D3FD3046FFF75FFD8B
:10A030002046D9F73FF9E2E76FF08600E0E70144F8
:10A040000023884200D1704700F8013BF9E72DE971
:10A05000FF47DDF83890DDF848800C460646174685
:10A060009A46D9F71DF90C9BC6F8609022460093DA
:10A070000146CDE90187054653463046FFF739FFD3
:10A080000446C8B90D9A4B4629463046FFF7DFFE15
:10A090003FB1109B00933A460F9B29463046D9F7B3
:10A0A0008DF9119A434629463046D9F72BF90446D3
:10A0B00010B92846D9F7FEF8204604B0BDE8F0876D
:10A0C0002DE9F8431546894607469846D9F7E8F83A
:10A0D0000023436003600446FFF705FDB9F1100F4C
:10A0E00014BF102208223946064604F18007204694
:10A0F000FFF7A3FD41463846FFF74DFD3046FFF719
:10A10000F6FC012D0CBF05230623A360256915F07D
:10A110000205FBD1FFF7E7FC089906463846FFF732
:10A1200057FD3046FFF7E3FC2046D9F7C3F8284631
:10A13000BDE8F8832DE9F04190461E46054678B308
:10A140008B422DD1D9F7ACF800234360036004465D
:10A15000FFF7C9FC102E074614BF1022082229461B
:10A160002046FFF76AFD3846FFF7C1FC0523A360D0
:10A17000256915F00205FBD1FFF7B5FC102E14BFC1
:10A1800010220822414607462046FFF79EFD38462A
:10A19000FFF7ADFC2046D9F78DF82846BDE8F081E1
:10A1A0006FF08600FAE77047002070470020704784
:10A1B000C3681944836853F8210030F8023B1360E8
:10A1C000704710B5012380F888300378044653B1F6
:10A1D00000F064FA21462046D9F77EFD2046BDE80E
:10A1E000104000F050BA10BD38B50D460446D9F7FE
:10A1F0005BFD6B68C4F8B032A968204600F098F99E
:10A200004FF0FF33C4F8B4322046FFF7CDFF38BD1E
:10A21000D0F8B432013310B5044601D0002010BD8F
:10A2200000F0BFFAC4F8B4020130F7D194F8B802D4
:10A2300080F00100F3E708B5D9F770FD08BD0A7892
:10A240002D2A08BF012200F1FF300CBF891800221F
:10A25000D9F7AEBD07281BD8DFE800F0060A0D10BD
:10A26000131504170120704700220820D9F7A0BD5C
:10A2700000221020FAE700222020F7E70820FFF74D
:10A28000DEBF1020FBE72020F9E70846D9F7F2BD32
:10A29000002070472DE9F7430728DDE90A760C46D0
:10A2A00090461D4608D8013806280AD8DFE800F095
:10A2B0001D27303A44574A00212850D003B0BDE84A
:10A2C000F083002211462046FEF7BAFE3368C0B282
:10A2D00005EB83013A6845F82300013348F8221062
:10A2E00033603B6801333B60E8E7002211462046BB
:10A2F000FEF7A6FE336880B205EB8301EAE7002291
:10A3000011462046FEF79CFE336805EB8301E1E72A
:10A31000002211462046FEF717FE336840B205EBD7
:10A320008301D7E7002211462046FEF70DFE336871
:10A3300000B205EB8301CDE7002211462046FEF76F
:10A3400003FEE1E700238DF8063089461E461D46D0
:10A3500019F8013F7D2B06D125702D0A65703B68E9
:10A3600048F82340BDE7202BF2D006F00102013669
:10A3700012B98DF80430EBE71022002101A88DF806
:10A380000530FEF7E1FD631901359870ADB2DFE7E6
:10A390002DE9F04F9B4685B000238B45CDE9023374
:10A3A0008146884692466BDC1A461E4619F80340E1
:10A3B000FF2C08D15B4496B1013B434516DD2B20B1
:10A3C00005B0BDE8F08F172C04D8102C28BF01224F
:10A3D0000133EBE7203C012C98BF0126F8E762B17E
:10A3E000013B4345EBDC3546374602E000252F466E
:10A3F0002E46454504DB0020E2E79845F3D0DEE732
:10A400005D453BDB19F80730202B18D109EB07031A
:10A410005B78FF2BD3D1CEB95AF825102046FFF731
:10A4200019FF78B303AB019302AB00935AF82510E0
:10A43000DDE90E232046FFF72DFF0135D9E7212B5B
:10A440000ED109EB07035B78FF2BB8D1029B0E9965
:10A450005AF8252041F82320013302930126ECE726
:10A46000A3F11004072C02D901371C46D3E709EBEE
:10A4700007035B78FF2BA2D1E4B2CCE70624CAE73E
:10A4800021209DE726209BE72DE9F04F85B0DDE9EF
:10A490000FABDDF8449007460E4615469846044635
:10A4A000206808B3DAF80020D8F800108A421BDAD6
:10A4B0000E9B53F82210D7F7F1F948BBDAF80020C9
:10A4C0000132CAF800206268117BFE291BD10E9B65
:10A4D00010680093CDE902B9CDF804A043462A469E
:10A4E0000121FFF7D1FF04462B7843B999F80030DA
:10A4F0002BB97EB1012389F800303C462B702046F1
:10A5000005B0BDE8F08F01238BF800302B70EBE72E
:10A510000C34C5E73446F2E710B50446236803B9A6
:10A5200010BD237A13B92046D9F7DAFC0C34F5E7CD
:10A5300010B541B10A7932B901249C300C71FFF792
:10A5400013FA204610BD0020FCE72DE9F041BAB017
:10A5500005460AAA084603A900F05FF90446B0B907
:10A560000DF10A0301930DF10B038DF80A0000931E
:10A570000AAA04AB03A92846D9F778FE9DF80A2059
:10A58000B2B19DF80B2048B12AB1D9F7A9FC2046F9
:10A590003AB0BDE8F081FFF7BFFFF8E7D5F89C506F
:10A5A000002DF4D0A86808B1FFF7B6FF2D68F7E7D3
:10A5B00000B3466803991AAB06F10C082AAF019361
:10A5C0000097049B0AAA4046FFF7E2FE04460028D3
:10A5D000DDD1039B0595CDE90637049B05A8CDE9A0
:10A5E0000838DCF723F905A83368984705A800F078
:10A5F00024FBCCE72D24CAE710B50446AC3006F0A6
:10A60000BBFF04F1AB031A180020934200D110BD28
:10A6100013F8011F0029FAD00A2908BF0130F4E716
:10A620000023F0B50B6013600646D0F8AC0278B199
:10A6300096F8AC0060B1012406F1AC07D6F8AC0284
:10A64000844211D306F1AC00B3F5007F11D3012091
:10A65000F0BD0D6801350D60156801351560F85CB9
:10A660000A2803F1010302D0B3F5007FF1D30134CE
:10A67000E4E7C15C0A29EAD00029E8D01168013179
:10A6800011600133E0E710B5D0F88C2000210446BA
:10A6900006F03EFF0023C4E9243310BD73B5044621
:10A6A00000F1AC0580212046FFF773F94FF40071EB
:10A6B00006462846FFF76DF90136C0F50070864260
:10A6C00020461FD806F058FF0646284606F054FFDD
:10A6D0000136421C2946A81906F000FF204606F064
:10A6E0004BFF21460246284606F038FF204606F07A
:10A6F00043FF20440A2380F8AC300023C4F8AC3276
:10A7000002B070BDFFF778FF01AAC4F8AC02694639
:10A710002046FFF785FF009B2344002283F8AC20EE
:10A72000C0E773B50D460446FFF766FF6B1C1FD1EB
:10A73000D4F8AC3213B1013BC4F8AC32002520464A
:10A7400006F01AFFA8421BD82046FFF79CFFD4F85A
:10A75000AC325BB101AA69462046FFF761FF28B120
:10A76000009D04F1AC06019BAB4214D802B070BD51
:10A77000012DFBD1D4F8AC328342F7D20133DBE7B1
:10A78000082000F01DF8202000F01AF8082000F042
:10A7900017F80135D3E7715D2046D9F799FE0135E9
:10A7A000E1E707B500200DF1070100F0EFF820B94F
:10A7B0009DF8070003B05DF804FB4FF0FF30F9E7A8
:10A7C00010B5C1B20446002000F0D0F800280CBF3C
:10A7D00020464FF0FF3010BD0FB407B504A951F863
:10A7E000040B0191E2F764FF002003B05DF804EB75
:10A7F00004B0704710B54C1C0B460119045D222CA7
:10A8000003D07B2C01D05C2C05D1D21A184406F061
:10A8100065FE012010BD0020FCE72DE9F04705464C
:10A820009146884606F0A8FE2A460646134601329F
:10A8300019782029FAD0C9F800305C1B0123C8F828
:10A8400000306FF0404AA64201D8002015E02F5D8D
:10A850007B2F05EB040112D0222F2ED1D8F8003027
:10A86000621C53442A4449F82320012C09D911F8C9
:10A87000013C13F0DF0F04D02120BDE8F0877D27D5
:10A88000F3E701342B5DBB4209D12B195B7813F040
:10A89000DF03F1D1222F00D12B550134D3E75C2BFC
:10A8A00007D1324621462846FFF7A4FF0028E3D00F
:10A8B000013E0134A642E5D8DEE75C2F08D13246DE
:10A8C00021462846FFF796FF0028D5D0013EE4E751
:10A8D000202FE2D1631C0022B3420A70DDD2EA18B5
:10A8E000EB5C202BD9D0D8F800300F2B05DC49F8D1
:10A8F00023200133C8F80030CFE71E20BDE713B591
:10A9000002230024684600948DF804408DF8053039
:10A91000D7F704FF204602B010BD70B50C461546AF
:10A9200010B9D9F737FF38B143682BB12A46214611
:10A930000068BDE870401847232070BDF7B50D468C
:10A9400016461C4648B103B901AC87685FB123467F
:10A95000324629460068B84706E0D9F71BFF04B91C
:10A9600001AC0028F1D1232003B0F0BD07B50122CE
:10A970008DF807100DF10701FFF7CFFF03B05DF869
:10A9800004FB0B4601461846FFF7F0BF00230122E7
:10A99000FFF7D4BF0EB403B503AA52F8041B01920B
:10A9A000D9F704FF02B05DF804EB03B0704708B5B7
:10A9B000D9F710FF80B208BD08B5D9F70BFF08BD65
:10A9C00008B5FFF7F9FFFA23B0FBF3F080B208BD3A
:10A9D000012070470420704740F20160DAF7C4B9E3
:10A9E000704770477047032000F020B8012070477F
:10A9F0000020704749BA89B280EA0103C3F3031209
:10AA00005340180380B258405B0103F4FF53584091
:10AA1000704742DE704710B404460846114622468D
:10AA20005DF8044BDBF75CBDDBF79CBDDBF7DABD03
:10AA300010B404460846114622465DF8044BDBF785
:10AA4000EFBDDBF76FBE704708B50846E2F71CFEA6
:10AA5000002008BD104430B5054602B930BD01F0F4
:10AA60000F030A2B34BF302437242344013A05F85E
:10AA7000013D0909D2B2F0E710B5FFF734F80446FA
:10AA8000DAF7CCFC2046BDE81040FFF730B870473D
:10AA9000FFF751B970477047012070474FF41670A7
:10AAA000DAF7D4BD2DE9FF410D4616461F46044690
:10AAB000A8B14FF00008C0F81C80DBF709F9BDF819
:10AAC0002C3002939DF828304246CDE90073294688
:10AAD00033462046DBF762F804B0BDE8F08122205F
:10AAE000FAE7F0B587B01F4600230D4616468DF8ED
:10AAF00017300446A8B1C3610DF11701DBF718F94F
:10AB00009DF817207AB9BDF8343002939DF83030A3
:10AB10002946CDE9007320463346DBF73FF807B0FE
:10AB2000F0BD2220FBE70320F9E738B5FEF7E6FF8A
:10AB30000546DBF723FB04462846FEF7E5FF2046E3
:10AB400038BD08B5D6F79AFDFEF725FEFEF725FEBF
:10AB5000FEF72CFEBDE80840FEF737BE08B5FEF74D
:10AB600035FEFEF734FEFEF734FEBDE80840FEF782
:10AB700037BE704707B503469B0753BF6FEA0141D5
:10AB80004FF6FF7343EA01416FEA1141042201913C
:10AB900020F003000DEB0201FFF7E0F803B05DF8D1
:10ABA00004FB41EA000313F001032DE9F0410446E0
:10ABB0000E4615463FD1002A3BD04FF6FF7234F8BF
:10ABC0001310914205D036F8131011B14B20BDE897
:10ABD000F0810133AB42F2D1D8F768F8012D01D0F2
:10ABE000A3070ED531882046FFF7C4FF10B1D8F770
:10ABF0006DF8EBE7013D012D04F1020406F10206B8
:10AC00000ED925F001084FEA48073A46314620465A
:10AC1000FFF7A4F80028EAD13C443E44A5EB080520
:10AC20002DB131882046FFF7A5FF0028DFD1D8F7E6
:10AC30004DF80020CBE70120C9E701F057BADFF754
:10AC400075BDFFF7C9BED0E9023253F822300021AA
:10AC50001878DFF701BB704705F05CBD01F0F8B96B
:10AC6000C3688268013BDBB252F823305B78652B06
:10AC700002D10020E1F7D8BB6E2B01D10120F9E70A
:10AC8000662B01D10220F5E7704710B50446C0B22B
:10AC9000DCF7CCFD200ABDE81040DCF7C7BDD0E9E9
:10ACA000023253F822301878DCF7CABE7047E0F75A
:10ACB00053B908B501F0B5FABDE80840E1F7A6BA06
:10ACC000D0E9023253F82230186801F0A8BA002007
:10ACD000E1F79EBB0120E1F79BBB0221DCF746BEFA
:10ACE0000321DCF743BE0521DCF740BE08B5014671
:10ACF0000C20DCF717FEBDE80840DCF7A3BD08B563
:10AD000001460020DCF70EFEBDE80840DCF79ABDE6
:10AD100007B5C26883680432012153F822301B88CA
:10AD2000ADF806300DF106020023DDF751FB03B04C
:10AD30005DF804FB2DE9F04F87B0002503908946AC
:10AD40001E46ADF81450ADF816504FF018081446D2
:10AD50001AB3DDF840B00DF1140A04E0DDF844B098
:10AD600034460DF1160A00210846ECF741FEAAF818
:10AD7000000008B300273BF81730ADF8103002226E
:10AD8000012304A95046ECF7B9FE10F0FF0813D1D7
:10AD90000137FAB2A242EED315B90125002EDDD15A
:10ADA000BDF848300093BDF81420BDF81630039864
:10ADB000494601F0F4FB8046404607B0BDE8F08FFD
:10ADC00008B5FFF740FEBDE80840EDF7CFBA10B573
:10ADD0001446DDF70BFE2146BDE81040ECF774BFCA
:10ADE00008B5DDF703FEBDE808400021ECF76CBFB5
:10ADF00008B5DDF7FBFDBDE80840EDF701B8704789
:10AE0000704708B5FFF71FFEFFF7FAFFFEF75DFD7D
:10AE1000BDE80840DDF724BE704738B50546FEF7AB
:10AE200062FE012104462846DAF784FB2046BDE88D
:10AE30003840FEF75CBE012070470120704708B51E
:10AE4000DDF7EEFE00280CBF0420012008BD70478E
:10AE500070B504460D46164601F046F932462946BD
:10AE60002046FEF733FD324629462046FFF7EFFF26
:10AE7000BDE8704001F03AB92DE9F34104469DF870
:10AE800020800D4616461F4601F02EF9CDF80080B1
:10AE90003B4632462946204600F0EEFC02B0BDE8B3
:10AEA000F04101F023B92DE9F04104460D46164664
:10AEB0001F4601F019F93B46324629462046DEF787
:10AEC0007BFF3B468046324629462046FEF701FD81
:10AED00001F00CF94046BDE8F081704708B501F07B
:10AEE00003F9FEF7F7FCFFF7F8FFBDE8084001F0B3
:10AEF000FDB8012070472DE9F04104460D46164685
:10AF00001F4601F0F1F83B46324629462046FFF73E
:10AF1000F0FF3B468046324629462046FEF7DCFCE1
:10AF200001F0E4F84046BDE8F081012070472DE9CA
:10AF3000F04104460D4616461F4601F0D5F83B4643
:10AF4000324629462046FFF7F0FF3B468046324610
:10AF500029462046FEF7C1FC01F0C8F84046BDE88E
:10AF6000F0812DE9F743DDF82C909DF82880044608
:10AF70000D4616461F4601F0B7F8CDE900893B465D
:10AF8000324629462046FEF7A9FC03B0BDE8F0434F
:10AF900001F0ACB800207047F8B504460D461646DF
:10AFA00001F0A2F8324629462046FFF7F3FF324669
:10AFB000074629462046FEF792FC01F097F83846EE
:10AFC000F8BD38B504460D4601F08EF829462046F6
:10AFD000FEF786FCBDE8384001F088B810B504469D
:10AFE00001F082F82046FEF77CFC2046D5F7B0FD44
:10AFF000BDE8104001F07AB8704738B504460D46F8
:10B0000001F072F829462046FEF774FC29462046D6
:10B01000FFF7F2FFBDE8384001F068B8704770B53F
:10B0200004460D46164601F05FF832462946204692
:10B03000FEF762FC324629462046FFF7EFFFBDE8E7
:10B04000704001F053B8704738B504460D4601F022
:10B050004BF829462046FEF751FC29462046FFF7CB
:10B06000F2FFBDE8384001F041B8704738B50446FA
:10B070000D4601F039F829462046FEF741FC2946E5
:10B080002046FFF7F2FFBDE8384001F02FB87047C7
:10B0900038B5044601F028F8204600F09BFB054631
:10B0A0002046FEF72EFC29462046FFF7F0FF01F070
:10B0B0001DF8284638BD704738B5044601F014F82D
:10B0C0002046DFF70BFB05462046FEF71BFC294612
:10B0D0002046FFF7F0FF01F009F8284638BD704719
:10B0E00010B5044601F000F82046FEF70CFC20469F
:10B0F000FFF7F5FFBDE8104000F0F8BF704738B526
:10B1000004460D4600F0F0FF29462046FEF7FCFB02
:10B1100029462046FFF7F2FFBDE8384000F0E6BFC1
:10B12000704770B504460D46164600F0DDFF324606
:10B1300029462046FEF7E9FB324629462046FFF71E
:10B14000EFFFBDE8704000F0D1BF704738B504464E
:10B150000D4600F0C9FF29462046FEF7D7FB2946D9
:10B160002046FFF7F2FFBDE8384000F0BFBF704750
:10B1700038B504460D4600F0B7FF29462046FEF7D5
:10B18000C6FB29462046FFF7F2FFBDE8384000F035
:10B19000ADBF704710B5044600F0A6FF2046FEF78D
:10B1A000B7FB2046FFF7F5FFBDE8104000F09EBF5B
:10B1B000704710B5044600F097FF2046FEF7A9FB44
:10B1C0002046FFF7F5FFBDE8104000F08FBF704745
:10B1D00038B504460D4600F087FF29462046FEF7A5
:10B1E00099FB29462046FFF7F2FFBDE8384000F002
:10B1F0007DBF704710B5044600F076FF2046FEF78D
:10B200008AFB2046FFF7F5FFBDE8104000F06EBF57
:10B21000704738B504460D4600F066FF29462046C3
:10B22000FEF77AFB29462046FFF7F2FFBDE83840DB
:10B2300000F05CBF70477FB50C46054600F054FF38
:10B2400021462846FEF76AFB00230DF10F008DF81A
:10B250000E308DF80F30F9F7B3F90DF10E00F9F754
:10B26000A7F92046ECF71AFB06462046ECF7FAFA57
:10B270009DF90F209DF80E100090F3B22846FFF7BD
:10B28000D9FF00F033FF04B070BD704770B50446BD
:10B290000D4600F029FF29462046FEF740FB2046D8
:10B2A000ECF7FCFA06462046ECF7DCFAF1B202466F
:10B2B0002846FFF7EAFFBDE8704000F017BF70476F
:10B2C00030B5044685B000F00FFF2046FEF728FB9E
:10B2D00000230DF10F008DF80E308DF80F30F9F7C7
:10B2E0006FF90DF10E00F9F763F96088ECF7D6FA03
:10B2F00005466088ECF7B6FAEDB2019000959DF92D
:10B300000F309DF80E2061782078FFF7D8FF00F00D
:10B31000EDFE05B030BDB5207047B520704738B59B
:10B32000044600F0E1FE2046FFF7F7FF0546204601
:10B33000FEF7F7FA2046FFF7EEFF00F0D7FE2846AB
:10B3400038BD704710B5044600F0CEFE2046FEF72B
:10B35000E9FA2046FFF7F5FFBDE8104000F0C6BE51
:10B3600082B002AB03E9060002B0704737B505466C
:10B370006C4684E8060000F0B7FE94E80600284614
:10B38000FEF7D1FA94E806002846FFF7E9FF03B07C
:10B39000BDE8304000F0AABE002070470020704792
:10B3A00038B5044600F0A0FE2046FFF7F7FF05463B
:10B3B0002046FEF7C1FA2046FFF7EEFF00F096FEAA
:10B3C000284638BD704708B5FEF7B7FAFFF7FAFF11
:10B3D00008BD08B500F088FEFEF7B0FAFDF74CFF97
:10B3E000BDE8084000F082BE00207047704708B5F5
:10B3F000DDF78CFCBDE80840DDF78CBDDDF786BCD1
:10B400007047DDF787BDDDF78DBD08B5DDF782FD3F
:10B41000BDE80840DDF786BD0121DDF7C7BD02218B
:10B42000DDF7C4BD0421DDF7C1BD0821DDF7BEBDD8
:10B430001021DDF7BBBD00207047DDF71FBF13B53E
:10B4400000230C46CDE9003301461A46E0B2DEF790
:10B45000DBFA02B010BD13B500231446019000932F
:10B460000122E0B2DEF7D0FA02B010BDD0E902321C
:10B4700053F822301868DEF727BC70471944914210
:10B480000ADC4218002003B9704712F8011D013B85
:10B4900001EB0020DBB2F6E70020704710B586B064
:10B4A0000881089C04940024CDE902440124CDE9DC
:10B4B000003413460A4601460320DEF7E7FC06B0D7
:10B4C00010BD13B500240094FFF7E8FF02B010BDD3
:10B4D0002DE9FF410E461746054680B379B372B396
:10B4E0004FF0000869465FFA88F005F004F9044659
:10B4F00040B99DF80030032B08D008F10108B8F1DD
:10B500000A0FEFD1204604B0BDE8F0819DF801207C
:10B510002B799A42F1D1BDF802206B889A42ECD186
:10B520009DF80430BDF805006B7128813B4632461A
:10B530002946FFF7C6FF0028DFD00446E2E70224D1
:10B54000E0E710B586B0089C04940024CDE90244DD
:10B550000124CDE9003413460A4601460620DEF7F1
:10B5600095FC06B010BD13B500240094FFF7E9FF69
:10B5700002B010BDF0B502288BB005460E46144649
:10B580001F460AD106A9F0B205F0B5F898B99DF8A2
:10B59000193023719DF81C306371119B04930023B3
:10B5A000CDE902330193109B009322463B4631467E
:10B5B0002846DEF76BFC0BB0F0BD13B500240194F8
:10B5C000049C0094FFF7D6FF02B010BD2DE9F043B4
:10B5D00005468BB00F4690469946002606A9F0B264
:10B5E00005F089F8044630B99DF81830012B06D0D3
:10B5F00001360A2EF2D120460BB0BDE8F0839DF84B
:10B6000019202B799A42F3D1BDF81A206B889A42FF
:10B61000EED19DF81C306B712A46CDE90309CDE9C6
:10B620000100CDF800803B46B1B20220DEF72EFCCF
:10B630000028DDD00446DEE70023FFF7C7BF10B5C2
:10B640000446DFF765F8631E04F10F02002113F8CA
:10B65000010FFF2808BF19709342F8D1002323740B
:10B6600010BD2DE9F04788B099460C469246BDF8CA
:10B670004080119F0646F8F7ABFFCDE9034705462A
:10B680008DF80860ADF81480ADF816008DF818A09C
:10B690008DF8199000F023F98DF81A0000F021F9C7
:10B6A00000238DF81B0002A88DF81C3000F0C5FCAB
:10B6B000A8B943463A4621462846E0F717FC70B938
:10B6C00043463A4621462846DEF7FEFD38B9CDE925
:10B6D000005043463A4631462046E0F78FFF08B017
:10B6E000BDE8F0877047022070471FB50B466A46D9
:10B6F0000146184604F080FC6A460823002032F810
:10B70000021B013B13F0FF0380EA0100F7D101287F
:10B7100038BF012080B205B05DF804FB2DE9F74F7A
:10B720009846DDE90C3B07460E461446414600228A
:10B730001846BDF838909DF83CA0019303F004FB37
:10B740000546002840D0019B41461846FFF7CDFF33
:10B75000ABF80000062F3BD8DFE807F00404040D27
:10B76000162A21002B4622463146384603B0BDE852
:10B77000F04FF3F7B9BF0C222B461146204603B019
:10B78000BDE8F04FF3F79ABFE27A2B461146204608
:10B79000CDE90C9A03B0BDE8F04FF3F76DBF2B462F
:10B7A0000C222146304603B0BDE8F04F04F05CBEE9
:10B7B0000D95E37A0C93524623463146484603B032
:10B7C000BDE8F04FF3F742BF182003B0BDE8F08F9B
:10B7D0000220FAE77FB5054603F05CFD48B16B88AF
:10B7E000B3F5006F05D1681D04B0BDE8704000F0EE
:10B7F0001CBC284600F030FC0446B8B9E6B26946E5
:10B80000304604F078FF9DF800301843C0B248B9C4
:10B8100029463046F6F79CFF10B1752806D08C20DB
:10B8200004B070BD01340A2CE8D1F8E78D20F7E7A9
:10B830002DE9F04385B005460DF10E0014460E4685
:10B84000F8F7B6FE0DF10F00F8F7BAFE20469DF8A6
:10B850000E809DF90F90ECF721F807462046ECF793
:10B8600001F84B46CDE90070424631462846FFF7C5
:10B87000F8FE05B0BDE8F0832DE9FF470546184600
:10B880001E4690460F469DF830A0EBF7EBFF814631
:10B890003046ECF703F8044651462846E4B2FCF77C
:10B8A0004BFA21464846FFF720FF5346CDE9019069
:10B8B0004246394628460094DEF7C2FD33464246EA
:10B8C00039462846CDF830A004B0BDE8F047FDF772
:10B8D000FFBF03F0DFBC03F0FABCECF7FDBBF3F7EE
:10B8E00079BF1FB56846F8F781FEC8B902A9F7F716
:10B8F000B1F8082269460DEB020005F0DFFD10B932
:10B90000002004B010BD02A90120F7F7A3F8082217
:10B9100069460DEB020005F0D1FD90B90120F0E77A
:10B92000F8F756FE4FF6FF739842044609D0002000
:10B93000F7F7A8F88442E3D00120F7F7A3F8844290
:10B94000ECD0FF20DDE7DEF777BEDEF733BEDEF7B3
:10B9500055BE10B504460846ECF7F2FB2046BDE89C
:10B960001040EEF759BDEEF757BDECF75FBB002076
:10B9700070470A20704708B5EBF730FDC0F3471059
:10B9800008BD08B5EBF768FDC0F3471008BDEEF73A
:10B99000BFB97047DEF716BF70B506460C461546B0
:10B9A00000F025F860B10CB9002070BD002DFBD06F
:10B9B000204600F085FB013080B2A842F4D8F4E7BD
:10B9C000304600F01AF840B1002CEDD0012DEBD933
:10B9D000204600F07AFB0230EEE73046DEF7AEFE9E
:10B9E000EBE7413803288CBF002001207047413825
:10B9F00001288CBF002001207047433801288CBFEC
:10BA00000020012070470020704700207047038805
:10BA1000B3F57C4F01D3FFF7F8BF0846FFF7F3BF3C
:10BA200010B54A880488A2420DD1037B0C792340CB
:10BA300009D0B2F57C4F08D3FFF7E7FF0B891B1A3B
:10BA40005842584110BD0020FCE70120FAE738B504
:10BA50000D88D488A5420AD10388B3F57C4F08D25B
:10BA6000FFF7D5FF13891B1A5842584138BD0020F3
:10BA7000FCE70120FAE72DE9F041077906460025A9
:10BA80004FF01408E8B2874201D800241AE0D6F833
:10BA900000C008FB05F00CEB00043CF800008142FC
:10BAA0001AD132B1802A10D194F90CC0BCF1000F28
:10BAB00012DAB0F57C4F05D32046FFF7A6FF83428C
:10BAC00000D04BB92046BDE8F081402A04D194F85B
:10BAD0000CC01CF0400FECD10135D3E70121DEF79B
:10BAE0003FBE08B513460022DEF790FF003818BFAE
:10BAF000012008BD08B513464022DEF787FF003855
:10BB000018BF012008BD08B513468022DEF77EFF6E
:10BB1000003818BF012008BD0023DEF777BF0021E1
:10BB2000DEF7D6BF704700207047F8B516461F46AF
:10BB30009DF81820BDF81C300546DEF767FF78B188
:10BB40000421FFF7F0FF044650B1284600F0DAFA6E
:10BB50003A4631462846A047BDE8F84000F0C6BA4C
:10BB6000F8BD2DE9F74FDDF830909DF834B01E4652
:10BB70000746BDF83830884614462AB3B9F1000F9D
:10BB800022D00EB392F804A099F80020618812F038
:10BB9000080F0CBF802240225046DEF737FF98B1D5
:10BBA0000821FFF7C0FF054670B1504600F0AAFA21
:10BBB000CDE9009B3346224641463846A84703B0AC
:10BBC000BDE8F04F00F092BA03B0BDE8F08FF8B5D1
:10BBD000BDF8187016461A463B460446DEF716FFB7
:10BBE000E0B177B90221FFF79EFF0546B0B12046CC
:10BBF00000F088FA31462046A847BDE8F84000F03A
:10BC000075BA1021FFF78FFF054638B1204600F0C6
:10BC100079FA3A4631462046A847EEE7F8BD73B5B3
:10BC2000BDF8184016461A4623460546DEF7EEFED6
:10BC3000B8B1C4B92021FFF776FF044670B1284699
:10BC400000F060FA099B00939DF81C209DF82030BD
:10BC500031462846A047044600F048FA204602B084
:10BC600070BD8624FAE70024F8E72DE9F0418668E4
:10BC70000446007800F046FA002514273279EBB22A
:10BC80009A4203D8BDE8F04100F030BA7B433268F5
:10BC90002078D15A02EB030800F0A5F901214046B3
:10BCA000FFF741FF034608B1207898470135E5E7E3
:10BCB0004FF6FF707047012070472DE9F04F89B0B3
:10BCC0001C46BDF848809DF84C3001939DF85030DB
:10BCD000029392464346224607460D46DEF796FEFD
:10BCE0008DF81470ADF816508DF81840ADF81AA004
:10BCF000ADF81C80064618B9012009B0BDE8F08FE8
:10BD000005A9FFF78DFE0028F6D000252F46A8468E
:10BD10002C4634E00C2331881FFA85F903FB09F91E
:10BD20007368B1F57C4F33F8092003EB090B1AD384
:10BD300033F8090050452CD3019BA3422DD900F0C4
:10BD40009BF99BF80200DFF7E7FA029B43B19BF8EF
:10BD5000043013F0010F0CBF05200720DFF7DCFAD9
:10BD60000134A4B219E0ADF81A20594605AA3046AC
:10BD70000393FFF76CFE039B0028D9D1013532896C
:10BD8000ABB29A42C6D804EB0800C31B58425841D4
:10BD9000B3E708F101081FFA88F80137BFB2EDE7F1
:10BDA0002DE9F04786B00446DDF83C909DF840A0B0
:10BDB000BDF83880CDF80080CDE9019A0D461646D1
:10BDC0001F4600F008F9A8B1431EDBB2012B0ED8C4
:10BDD00000230493831E58425841CDE902A0CDE9C7
:10BDE00000893B46324629462046DEF7A5FF06B0CD
:10BDF000BDE8F0870120FAE730B587B000240125BF
:10BE0000CDE903549DF82C5002950A9DCDE90045DB
:10BE1000DEF792FF07B030BD30B587B000240125B2
:10BE2000CDE903549DF828500094CDE90135402315
:10BE3000DEF782FF07B030BD10B586B04FF0010CC1
:10BE40000024CDE9034C9DF828400294099C0194FC
:10BE5000BDF820400094DEF76FFF06B010BD1FB59F
:10BE6000089C03949DF81C400294069C01940024B5
:10BE70000094DFF745F804B010BD2DE9F84F022912
:10BE80000C9D0746884604D84FF0000A5046BDE88E
:10BE9000F88F1BBB02700124E0F7B0FA04F1020A2C
:10BEA000385501349DF828303B554FF000090B9A66
:10BEB0005FFA89F3D45C002CE8D0732C18D82E4696
:10BEC0004C2C56F804BB45D0532C1DD0622C4DD1C0
:10BED000AC8805F1080600231A461EE00429D3D9D0
:10BEE00042F0040243701B0A027083700324D3E7FC
:10BEF000A4F17503032BC7D8763C2E1D022C52D813
:10BF0000DFE804F0565A58006A6894B2D2B2B2F12F
:10BF1000FF0305F1080618BF01230AEB04011944C9
:10BF20008845B1DB50461946002947D153441FFAD2
:10BF300083FA5CB1BBF1000FA6D0224607EB0A00E2
:10BF4000594605F00BFB54441FFA84FA09F1010924
:10BF50003546ACE76A684FF6FF7394B205F1080600
:10BF600022469C4214BF02230023D6E76C2C05D145
:10BF7000584600F0AAF8841CA4B2ACE7732C04D194
:10BF8000584600F09DF8441CF6E7A4F13003DAB2FD
:10BF9000092A01D89CB29EE7A4F14103062B3FF683
:10BFA00073AF373CE8E7012300242A68A346B4E7CF
:10BFB0000223F9E70323F7E70423F5E700F1010C77
:10BFC00001393A54C9B2120A1FFA8CF0ACE70022C8
:10BFD000DFF766B9704701207047012070470120E4
:10BFE0007047B520704770470020704700207047A9
:10BFF00000207047002070470020704700207047E5
:10C00000002070470120704701207047B52070471D
:10C0100000207047002070470020704700207047C4
:10C02000704700207047B5207047842070477047E4
:10C0300070470020704700207047002070470020A4
:10C0400070470020704700207047002070477047FD
:10C05000B5207047002070470020704770470020CF
:10C060007047704770477047B520704770477047FA
:10C07000002070470020704738B50546C0B2DFF792
:10C080004BF90446280ADFF747F914B1002808BF26
:10C090000024204638BD10B4CC18944203DC5DF86F
:10C0A000044BFFF7EBB900205DF8044B7047042305
:10C0B000FFF7F1BF08B50223FFF7EDFF80B208BD1F
:10C0C0000078FF2808BF0020704708B50222002131
:10C0D000FFF7F0FF4FF6FF73984208BF002008BD3E
:10C0E000002818BF7020704700207047002070475C
:10C0F00008B5FFF7F3FCFF284FF0FF3018BF002012
:10C10000C0B208BD08B5FFF7F3FFFF280CBFA3209E
:10C11000002008BDF8B506460C4615461F4600F03F
:10C1200011F810B12544AC4200D1F8BD14F8012B30
:10C1300039463046DFF7B0F9F5E701460022022024
:10C14000DFF73AB90120704773B50646DDF77CFE8C
:10C1500081250446019614B9284602B070BD2378A3
:10C16000B3B9336862685B889A4211D1A368F27BE5
:10C1700099B292B1328A91420AD1727DB2EB134FD9
:10C1800006D1E36801A90020984710F0FF05E3D02D
:10C190002046DDF761FE0446DDE74FF6FF72EAE771
:10C1A00038B50446436808460D469847B4F9083048
:10C1B000002B02DB2B78042B06D100236360204682
:10C1C000BDE83840DFF71EBD38BDF0B5044685B088
:10C1D0000D462020002117461E46EBF709FCADF85E
:10C1E0000E00D0B102210DF10E0002F0E1FE3A4640
:10C1F0000021BDF80E0002F051FFBDF80E20002E08
:10C200004FF48A53009329460ABF134600230022A5
:10C21000204600F0C4F905B0F0BD1820FBE7FFF799
:10C2200022BFFFF7F5BE08B5EDF74CFD20B9EBF7DF
:10C2300053FF08B9FFF7D5FEFFF709FFBDE8084037
:10C24000FFF715BF0020E0F71BB90022E0F772B935
:10C25000D28812F0200F10B503460CBF5224492497
:10C260000846510544BF083CE4B2110544BF083CF0
:10C27000E4B2120444BF023CE4B2032B11D8DFE85D
:10C2800003F005020A0EC0B2F6F7FCFBFFF7C9FE89
:10C29000201AC0B210BDC0B2F6F70CFAF6E7013CA6
:10C2A000E4B24FF6FD70F1E7F8B5064617460D46C5
:10C2B00081B10C78FF2C0BD00846FFF701FFB84284
:10C2C00028BF3846C4B22246691C701C05F006F926
:10C2D0003470F8BD0C46FBE770B5044615460E46B3
:10C2E00011B94170017070BD0B78FF2B05D14B78EF
:10C2F000FF2B02D103704370F5E73046FFF7E5FEF0
:10C30000A84228BF284685B22A46B11CA01C05F0C9
:10C31000E5F825702D0A6570E5E7F0B523B9013A17
:10C32000531C2FD1002020E0042AFBD80023551EE7
:10C330001C466E1C1AD1042A10D0D2000121501EB6
:10C3400001FA00F020421EBF914049420C431842BE
:10C350001EBF4FF0FF3101FA02F213439C4216DC7C
:10C36000B4BF4FF0FF30002040B2F0BD40B1465D99
:10C37000EF00BE4034434E5DBE403343013DD8E73D
:10C380000646F5E78C5C20B1835CA34202D901200C
:10C39000EBE70346A34202F1FF32C1D24FF0FF3078
:10C3A000E3E7283807288CBF0020012070471D28AC
:10C3B00013D004D860B11C2805D08A2070471E38DD
:10C3C000C0B20128F9D81B2934BF00208A20704749
:10C3D0000B390F2988BF8A2070470929F4E738B53F
:10C3E000C36819448368144653F821501AB128468B
:10C3F00005F0C2F82070284638BD2DE9F3411646F5
:10C400000DF107021C469DF82050FFF7E8FF9DF84C
:10C410000730A34288BF8DF807409DF8077080461B
:10C420000DB1E41BE5B22A460021304605F070F854
:10C430003A464146701905F051F8384602B0BDE859
:10C44000F0812DE9F341164601AA1D469DF82040D2
:10C45000FDF7AEFE019B9D4238BF0195019F8046CE
:10C4600004B1EC1B22460021304605F051F83A4653
:10C470004146301905F032F8F8B202B0BDE8F0815B
:10C4800073B51546002401AA1E460194FDF790FEDF
:10C49000019B072B0AD92146CCB216B1C4F107047F
:10C4A000E4B2425C2A5501310829F5D1D8B202B074
:10C4B00070BD1FB5030A8DF80E300323009303AB44
:10C4C0008DF80D0000F00AF905B05DF804FB1FB50A
:10C4D000030A8DF80F1004218DF80E30009103AB84
:10C4E0008DF80D0000F0FAF805B05DF804FBF0B52A
:10C4F00089B016689DF83C50CDF809608DF8113070
:10C500005668BDF83830109FBDF84440CDF80D6036
:10C51000012DADF812308DF8145014D0032D19D11F
:10C520003B68CDF815307B68CDF819309DF8483060
:10C530008DF81D3016230093BDF84C2002AB00F09F
:10C54000CDF809B0F0BD8DF81540240A8DF81640DD
:10C550000F23F0E70120F4E71FB504460846114613
:10C560001A4602238DF80D100093214603AB00F00C
:10C57000B5F804B010BD10B586B014461A460B6865
:10C58000CDF80D304B68CDF811300A2300933421DB
:10C5900003AB8DF8154000F0A1F806B010BD2DE9F1
:10C5A000F04F89B00D4601901C4616463AB310462E
:10C5B000EBF774F9C0F347091CB32046EBF76EF9AB
:10C5C000C0F34707E0F730FA019B8DF818008DF8AB
:10C5D00019308DF81B501B0A2D0A0022062106A8CF
:10C5E0008DF81A308DF81C508DF81D9002F0ACFBC0
:10C5F000ADF8160038B9182009B0BDE8F08F9146A3
:10C60000DAE72746DEE74FEA4901C9B28B1D073159
:10C610005FFA81F801EB4701DBB2C9B20DF11600F8
:10C62000029302F0C5FC82460028E4D103460625A9
:10C63000D9B28945BDF816B012D802993A46584683
:10C64000EBF714FB5FFA8AF5AF42BDF8166025D808
:10C65000BDF84820019833460621E0F7EFF9CBE713
:10C66000490001F0FE0130460393EBF7EBFA29464F
:10C6700002465846EBF7FAFA691FC9B23046BDF8D0
:10C6800016B0EBF7DFFA691C0246C9B25846EBF761
:10C69000EDFA039B02350133EDB2C9E76D00EDB24F
:10C6A00029462046EBF7CEFA414602463046EBF7E4
:10C6B000DDFA691CC9B22046BDF81660EBF7C2FA74
:10C6C00008F101010246C9B2304608F10208EBF751
:10C6D000CDFA0AF1010A5FFA88F8B3E72DE9F041D3
:10C6E0001C469DF818800E4617460546E0F79CF953
:10C6F000002220704146204602F026FB034630B15E
:10C700003A4631462846BDE8F041E0F797B918208F
:10C71000BDE8F08130B589B00446ADF806108DF85B
:10C720001020EBF753FC05462046EBF75FFC034671
:10C730009DB1BDF80600ABB902F0A2FDFF2808BF0D
:10C7400000208DF80F000DF10F030593DDE90412B1
:10C750002046FEF70BFE09B030BD0028F6D00DF1E3
:10C760000603F2E702F08CFDFF28BDF80630ADF8B5
:10C770001A3008BF00208DF80F008DF8180006ABA6
:10C78000E3E7704708B5E9F78BFC00280CBFA5204C
:10C79000002008BD7047704770477047704770476A
:10C7A00070470020704770477047002070477047FF
:10C7B000704710B51C4602F08FFA02F044F90023CE
:10C7C0002370C0F34020400010BD002208B50B4686
:10C7D0001146FFF7EEFF023818BF012008BD704771
:10C7E000B1FA81F0400970470120704770477047E7
:10C7F000002070477047002070477047B520704791
:10C8000001207047704701207047012070471422B3
:10C81000002104F07DBE704730B54078012887B014
:10C820000C464FF0110301F1100516D1022201A9A7
:10C83000EBF760FB234601AC18685968224603C237
:10C840000833AB421446F7D11123022201A900207C
:10C85000EBF750FB002007B030BD062201A90120F4
:10C86000EBF748FB234601AC18685968224603C21F
:10C870000833AB421446F7D111230622E6E730B560
:10C88000407887B001280C464FF011030BBF0222FD
:10C89000062201A901A918BF0120EBF72BFB05AD6A
:10C8A00001AA2346144603CCAC42186059602246C4
:10C8B00003F10803F6D1002007B030BD10B588B0F1
:10C8C0000C461A23082201A90120EBF713FB21468D
:10C8D0000DF10E0304F1100251F8040B43F8040BA0
:10C8E0009142F9D11A23082201A90020EBF702FB9B
:10C8F000002008B010BDF0B58BB004460D4602F024
:10C90000C9FCB0B101A8F3F799FE90B1667B16F0AF
:10C91000020F04F1040705D0082201A9384604F0EB
:10C92000CDFDD0B901AB03CB46F002066060796063
:10C9300066731A23082203A90120EBF7DBFA0DF135
:10C94000160329460DF1260253F8040B41F8040B97
:10C950009342F9D100200BB0F0BD2D20FBE770B55C
:10C9600005468AB00C46252200210DF1030004F093
:10C97000CFFD6B68CDF81D30AB68CDF82130234674
:10C9800003F1100601AC18685968224603C2083347
:10C99000B3421446F7D16A7B012312F0040F8DF8DD
:10C9A00002300CBF4FF480734FF4A073110748BFDF
:10C9B00043F48063ADF80030930748BFBDF8003002
:10C9C000684644BF43F00803ADF80030F2F76EF953
:10C9D000003818BF01200AB070BD30B5427B0D464B
:10C9E000D1078BB0044607D5407801A9F2F7C6F904
:10C9F000D8B12D200BB030BD9307FAD5C2F3800318
:10CA000010074FEA8313ADF8023044BF43F480634C
:10CA1000ADF80230BDF80220201D0AB10DF102026E
:10CA200001A903F006FB0028E3D001AB03CB9DF87E
:10CA300014302373BDF81030A160590648BF627BE3
:10CA4000606044BF42F0040262735A0542BF627BD9
:10CA500042F0080262731B0742BF637B43F002038C
:10CA600063732B4606AC0AAD224603CAAA4218607D
:10CA70005960144603F10803F6D10020BAE7F0B577
:10CA8000044693B00D46252200210DF1230004F049
:10CA90003FFD6368CDF83D30A368CDF8413004F127
:10CAA000040C2B4609AE05F1100718685968324688
:10CAB00003C20833BB421646F7D105238DF8223056
:10CAC000637B5B0103F40073ADF820306378FF2BC8
:10CAD00019D100231A4601A9604600F02CFA9DF8EE
:10CAE0000530FF2B0CD100231A46184601A900F08F
:10CAF00022FA9DF80530FF2B02D11C2013B0F0BDA7
:10CB00009DF805306370617808AA002000F0EAFA09
:10CB10000646F0B919231946627801A8FDF77BFF94
:10CB20002B4603AD186859682A4603C20833BB4236
:10CB30001546F7D1637B6178DB0642BF9DF81C3058
:10CB400063F07F038DF81C30192301AA1846FDF706
:10CB50006BFF301E18BF0120D0E710B504468AB025
:10CB60002422002101A804F0D3FC637B590744BFB1
:10CB70004022ADF810201A0742BFBDF8102042F441
:10CB80008062ADF81020DB070FD5607801A9F2F7BD
:10CB9000F5F810B12D200AB010BD01AB03CB637BBB
:10CBA000606043F00203A160637304A9201D03F0D9
:10CBB00042FA0028EED00020EDE71FB5694600F0EC
:10CBC0008DF8002818BF2D2005B05DF804FB73B563
:10CBD0000D4614460646E0F7A3F86B881A071AD5E7
:10CBE00022463146102003F007FA2046E0F798F875
:10CBF0006B88D90717D50023224601210DF10700C4
:10CC00008DF80730E0F7F8F86B88002B0CBF212077
:10CC1000002002B070BDDE06EAD522460821281D9C
:10CC2000E0F7EAF8E1E79A0701D50223E4E75B07BA
:10CC3000EAD50323E0E70F20704710B586B004461D
:10CC400001A9022211230120EBF754F99DF81430B9
:10CC5000E37001A803F014FD80F00100062201A991
:10CC6000607011230120EBF745F99DF81430A37093
:10CC700001A803F005FD80F001002070F2F728F90B
:10CC80006060002006B010BD1FB50C46694600F07C
:10CC900025F810222146684604F010FCB0FA80F016
:10CCA000400904B010BDB8B1B1B14388A3B903784D
:10CCB000013B082B10D8DFE803F00507090B0F0F25
:10CCC0000F0F0D00FFF7A8BDFFF7F8BDFFF747BE38
:10CCD000FFF7D5BEE0F7D6B92120704738B50D462D
:10CCE00009B300B30378013B082B1AD8DFE803F03F
:10CCF000050D1013191919191600FFF7C0FD044688
:10CD0000284603F095FB204638BDFFF7F4FDF6E713
:10CD1000FFF763FEF3E7E0F721F8F0E7E0F7BCF98F
:10CD2000EDE72124ECE72124EDE770B586B0064657
:10CD300001A80C461546FFF76AFD04238DF8043060
:10CD40001CB12068616802AB03C3294601A88DF8B5
:10CD50000560FFF7A8FF06B070BD70B5044686B049
:10CD600001A80D461646FFF752FD206861688DF850
:10CD7000116003238DF8043002AB03C3294601A8D8
:10CD8000FFF791FF06B070BD30B585B00D4669461E
:10CD90000446FFF7A3FF20B92A4621466846FFF75D
:10CDA00016FF05B030BD10B5044686B0112306222B
:10CDB00001A90120EBF79EF8A3789DF814209A4270
:10CDC00007D08DF814300622112301A90020EBF7BB
:10CDD00091F81123022201A90120EBF78BF8E378E7
:10CDE0009DF814209A4207D08DF8143002221123A6
:10CDF00001A90020EBF77EF806B010BD30B5437BEB
:10CE000013F001028BB004460D4607D0407801A90B
:10CE1000F1F7B4FF70B12D200BB030BD9B07FAD5F0
:10CE2000ADF8022001A90DF10202043003F001F96E
:10CE30000028F0D000210E22A81C04F069FBBDF8E8
:10CE400010302B80039BAB60BDF81230AB819DF896
:10CE50001430237301AB03CB6060A1600020DBE7DB
:10CE600070B5437BDB078AB005460E4602D42D2001
:10CE70000AB070BD4078694600F030F904460028D9
:10CE8000F5D1DDF81D306B60DDF82130AB606B7BD8
:10CE900043F002036B730E220146B01C04F038FB12
:10CEA000BDF80030069AB26043F004033380059B5E
:10CEB00073602046DCE70B4610B5044610220021C3
:10CEC000184604F025FB2278032A09D0042A0DD045
:10CED000022A11D101462046BDE81040E0F7E6B82D
:10CEE00001462046BDE81040FFF788BF01462046B6
:10CEF000BDE81040FFF7B4BF262010BDF8B50C46C2
:10CF00000746084616461D46FFF781FC042323709A
:10CF1000637B677043F00103637331462046FFF77C
:10CF2000DDFE08B12D20F8BD29462046FFF7C3FFDE
:10CF30000028F8D0F6E7F8B50C46054608461F4627
:10CF40001646FFF764FC0423237025B10822294606
:10CF5000E01804F0C3FA637B43F0020363734EB935
:10CF600032460121284600F0C4F8FF28607007D13E
:10CF70002D20F8BD31462046FFF7B0FE0028F7D13E
:10CF8000637B43F0010363730DB90020F1E7002FC9
:10CF9000FBD039462046FFF78EFFF6E7F8B50C4682
:10CFA0000746084616461D46FFF731FC2046032378
:10CFB00000F8043B3946082204F090FA637B43F002
:10CFC0000203637331462046FFF788FE08B12D2027
:10CFD000F8BD29462046FFF76EFF0028F8D0F6E797
:10CFE000F8B50C460746084616461D46FFF70FFCE7
:10CFF00003232370637B677043F00103637331463F
:10D000002046FFF76BFE08B12D20F8BD29462046CB
:10D01000FFF751FF0028F8D0F6E718B18022012170
:10D0200000F067B8FF20704730B589B00D46FFF7B4
:10D03000F4FFFF28044612D019230246194601A81E
:10D04000FDF7E9FC2868696801AB03C3192318469A
:10D0500001AA2146FDF7E8FC002009B030BD2D20D3
:10D06000FBE707B5002300931A461946F3F714FBB4
:10D07000B0FA80F0400903B05DF804FB70477047D8
:10D080000020704770470F20704770479DF80000E0
:10D0900070470F2070470F207047002070470F2007
:10D0A0007047002070470020704784B08DE80F0063
:10D0B000002004B070470020704770477047002080
:10D0C000704770470020704770470020704701206C
:10D0D000704770470020704701207047B5207047A7
:10D0E000FF207047B5207047B5207047002070477B
:10D0F0007047FF20704770477047002070477047A7
:10D10000704770470020704770470020704700202C
:10D110007047002070477047704700207047704785
:10D12000002070470020704770470020704738B5D6
:10D130000546FCF7D8FC04462846FBF773FE20465C
:10D14000BDE83840FCF7D3BC10B50446C069FFF712
:10D15000EEFF20462422BDE81040002104F0D8B99B
:10D1600070472DE9F84F98460D9B15469A07DDE963
:10D170000B4906460F4623D02A460A9B03EB040AB6
:10D180001444A24220D10D9B9B0705D5A2EB050AB2
:10D19000D14505EB0A0420D82046BDE8F88F434668
:10D1A00039462020B0470AF1010ACA450AEB0B02B2
:10D1B000F5D3A9EB04024C4588BF00222A44DCE7E2
:10D1C000A246A5EB040BF0E702F1010B1AF8010DE2
:10D1D00043463946B0475A46D3E743462246394686
:10D1E0002020B0470AF1010AD2E72DE9F0479E4618
:10D1F000DDE90D3C1CF0020FDDE90874DDE90B658B
:10D200009DF828801FD10CF001094BB1B9F1000F36
:10D2100006D0B8F1000F02D11CF00C0F00D0013B7A
:10D220004FF0300A02E007F804A00134A54201D90A
:10D23000202CF8D1B9F1000F05D04FF03009A342EE
:10D2400001D9202C1BD11CF0100F15D01CF4806FBD
:10D2500032D1C4B1AC4201D09C422DD1651E12D056
:10D26000102E3FD11CF0200FA4F1020456D17826D5
:10D270003E5530267E556C1C202C29D00DE007F839
:10D2800004900134DBE7102E10D11CF0200F2FD1B9
:10D2900078243C7030247C700224B8F1000F31D027
:10D2A0002D253D55013414E06224F2E7022EFBD017
:10D2B00030243C700124F0E7102E1BD11CF0200F0D
:10D2C0002AD1202C04D0651C78263E55202DD0D1A3
:10D2D0002024CDE90A3CCDE908747346BDE8F04747
:10D2E000FFF73FBF022EC4D162247C550135EDE724
:10D2F0005824CEE7022E03D1202CE9D02546F3E7AF
:10D300002546E3E71CF0040F01D02B25C9E71CF0EC
:10D31000080FDED02025C4E7202CD9D0651C582664
:10D32000D3E72DE9F04391B0189D1A9F1D9E2DB9AA
:10D3300026F0100416F4806F264622D116F0200F36
:10D3400014BF4FF0410E4FF0610EAC460DF12008B6
:10D350000025AEF10A0EBCFBF7F907FB19C95FFA0D
:10D3600089F4B9F1090F94BF30347444E4B2BC4578
:10D3700008F8014BBCFBF7F405F1010501D3202DA2
:10D3800010D11C9C05941B9C0696CDE903749DF856
:10D390006440CDE9015408AC0094FFF726FF11B0BA
:10D3A000BDE8F083A446D6E72DE9F04F95B0DDE95E
:10D3B0001E76CDE90A2357EA0603CDE90801DDE927
:10D3C000229B269C05D124F0100314F4806F1C4688
:10D3D00037D114F0200F14BF412361230DF1300A1F
:10D3E0000025A3F10A0831464A465B463846FBF75A
:10D3F0008FFBD2B2092A94BF303242444F45D2B299
:10D4000076EB0B060AF8012B05F1010501D3202D5F
:10D4100014D1259B0593249B0694CDE903939DF895
:10D420008030CDE901530CAB0093DDE90801DDE963
:10D430000A23FFF7DAFE15B0BDE8F08F07460E4667
:10D44000D1E70025E5E708B100F014B8704710B146
:10D45000D1E900311847704738B5441E14F8015F10
:10D4600025B90A2000F006F8284638BD284600F005
:10D4700001F8F3E701460020FDF778BA4369406CF4
:10D48000DA1C1438B2FBF0F203EBC203CA1DB2FB84
:10D49000F0F2013201EBC2010333B3FBF0F30233CC
:10D4A00000FB0310704738B5446905462146FFF775
:10D4B000E5FF6A6CE31D143AB3FBF2F3013304EBAE
:10D4C000C304204438BD73B506460D460024F36BF3
:10D4D00001225B6901A928199847019B013309D1F1
:10D4E000736C043462196A405B421A42EFD02046E2
:10D4F00002B070BD0024FAE770B505460C46D4F7BB
:10D500008BFAEB6B2046DB68BDE87040184770B5BE
:10D51000002586B004460562E369AB4202D8206A62
:10D5200006B070BD666C2068E36B05225B6901A9DB
:10D5300006FB0500984701A800F009FC00F02CFC50
:10D5400010B1236A013323620135E5E738B504469B
:10D55000456C006804F1400305FB0101E06B00F03D
:10D5600028FC05462046FFF7D2FF284638BDF0B517
:10D57000054687B00026EC69013CB44203D80C464E
:10D58000204607B0F0BD01B14C1E6F6C2868EB6BF4
:10D5900005225B6901A907FB0400984701A800F078
:10D5A000D6FB00F0F9FB0028EAD101362146E2E77C
:10D5B000F0B50446466CE36B00685B6987B00D46C6
:10D5C000052201A906FB0500984701A800F0BFFB52
:10D5D00000F0E2FB20B101A800F090FB07B0F0BD25
:10D5E00029462046FFF7C3FF676CE36B06462068B9
:10D5F0005B69052201A907FB0600984701A800F016
:10D600007DFB431CEAD0B54238BF0130E6E72DE987
:10D61000F043D0F824804FF6FF7987B004460E46D9
:10D62000C84514BF454600250027E369BB4202D820
:10D6300007B0BDE8F083E26B2368606CD2F814C0D9
:10D6400001A9052200FB0530E04701A800F07FFB9F
:10D65000022806D0C8450CD1721C29462046FFF787
:10D6600075FFE36901350137B5FBF3F203FB125592
:10D67000DBE729462046FFF79BFFB0F1FF3F14BFD1
:10D68000024632460132E8E7F0B5036887B0064645
:10D690000025CC1A436CB4FBF3F4F3693768706C63
:10D6A0005A1E954208D3706C336800FB043007B0F3
:10D6B000BDE8F04000F07BBB0134B4FBF3F203FBA8
:10D6C0001244F36B05225B6901A900FB04709847C3
:10D6D00001A800F03CFB00F05FFB0028E3D101351E
:10D6E000DBE710B423F0030422449B070A44436C95
:10D6F00018BF04325B4282EA0104234203D05DF882
:10D70000044BFFF7C1BF10465DF8044B70472DE98D
:10D71000F041D0E90A369E4286B0044628D1C3695A
:10D720004568142202FB1355284606B0BDE8F08177
:10D730002068676CE26B331AD2F81480B3FBF7F3FE
:10D74000052201A907FB0300C04701A800F0FFFA6A
:10D75000012804D0636C1D44013B3340ED1A31466F
:10D760002046FFF791FF0646A36AB342E0D1DBE70C
:10D770000025F9E7F0B5002587B004462E46E36999
:10D78000B34202D8284607B0F0BD636C276803FB9C
:10D790000677E36B05225B6901A93846984701A823
:10D7A00000F0D5FA00F0F8FA58B1384600F0FFFA68
:10D7B00001462046FFF787FE636C143B834208BF97
:10D7C00001350136DBE708B508301346D1E9001210
:10D7D000E1F770FB012008BD13B50C46002121764E
:10D7E0000093616813462246DFF780FF18B1E37D9E
:10D7F00003B1A07EA075A07D02B010BD73B500F18D
:10D80000080516460C460DF107020968284600F087
:10D810009AF9032E06D16368834203D12168284612
:10D8200000F077F9012002B070BDD01E009B42428B
:10D830004241187E824211D11A688A420ED85A6833
:10D840008A420BD35A6901325A61D3E903028242F8
:10D850003FBF986840F8221001321A6101207047DA
:10D8600010B5032A029C07D1A26A5340626C52424F
:10D87000134201D100F04DF9012010BD08B5C36875
:10D8800000209847BDE80840D4F7CEB870B5002412
:10D8900001281C7014BF04200220CC7D4243101DBF
:10D8A00002F002024CB91AB1012220F003001A70F2
:10D8B00000F108034868184470BD1AB1012220F035
:10D8C00003001A700C7E002301F12005DAB29442A5
:10D8D00001D80020F0E735F83320824203F1010639
:10D8E00006D901EBC30300F10802D8691044E3E74D
:10D8F000801A3346EAE773B590F8426005461C4645
:10D9000030460DF10303FFF7C1FFEB6B012E5B699E
:10D910000DD1324601A998479DF8033013B1BDF8E7
:10D9200006300193BDF80430236002B070BD0122BF
:10D93000214602B0BDE870401847F0B5054687B0F3
:10D940004868EB6B00245B6902940E46012202A931
:10D9500008309847274695F84230012B40F08480E4
:10D96000632C02D9029807B0F0BD612C08D805AB32
:10D97000224631462846FFF7BEFF9DF814301BB300
:10D9800005AB2246314628468DF81070FFF7B3FFED
:10D9900095F84230012B059B55D14FF6FF7293420B
:10D9A00000F09680082205A904A800F057F9059B0D
:10D9B0009DF81010C3F30722914240F08980DBB23A
:10D9C000029A1A44029283E095F84230012B30D13A
:10D9D00003AB224631462846FFF78DFF04AB621C9D
:10D9E00031462846FFF787FF05ABA21C3146284683
:10D9F000FFF781FF102208230DEB02010DF1070054
:10DA00008DF8073000F02AF9102205A90DF1070062
:10DA100000F024F9039BDAB2002A52D19DF80720C6
:10DA2000B2EB132F4DD1DDE9043203EB0243029335
:10DA300047E0302C2BD944E09DF80720B2EB134F80
:10DA40003FD1049BF3E7013342D0102205A90DEB2F
:10DA5000020000F003F9059B9DF81010C3F3074284
:10DA6000914235D19BB2ABE7312C3FF67BAF87D0EB
:10DA700005AB224631462846FFF73DFFBDF814307E
:10DA8000002B7FF47DAF95F84230012BA0D003AB83
:10DA9000224631462846FFF72EFF04AB621C314672
:10DAA0002846FFF728FF102320220DEB03010DF17C
:10DAB00007008DF8073000F0D1F8039B9AB2002AD6
:10DAC000BAD095F84230012B14BF012302231C4425
:10DAD000013440E713B500240194049C0094E0F75E
:10DAE000A5F902B010BD30B5446800234FF0FF32F5
:10DAF0009C4202D10023037230BD016801EBC305D3
:10DB000041F833206A600133F2E7C0E90012FFF701
:10DB1000EABFF0B5456800239D4211D0046854F86F
:10DB20003320B2F1FF3F4FEAC30704EBC30608D02E
:10DB3000C2F31302914204D14FF0FF33E3517360FB
:10DB4000F0BD0133E8E7F0B5456800239D4202D1FE
:10DB50004FF0FF300FE0046854F83340671C4FEA81
:10DB6000C30609D0C4F31307B94205D1240D1470BC
:10DB7000036833445868F0BD0133E7E713B5044642
:10DB8000002301461B220DF107008DF8073000F03D
:10DB900065F822689DF80730B3EBD26F0CBF012007
:10DBA000002002B010BD13B5002304460146202218
:10DBB0000DF107008DF8073000F050F80DF1070067
:10DBC0001A22211D00F04AF862689DF80730B3EB75
:10DBD000926F0CBF0120002002B010BD0068431CF2
:10DBE000584258417047006810F07E0F0CBFC0F3D8
:10DBF000C160002070470068C0F3D3107047006810
:10DC000000F07F0001288CBF0020012070470368CE
:10DC100013F07E0F14BF042008207047036813F030
:10DC20007E0F03D1406820F07C40704713F07800ED
:10DC30001CBF03F07F03D81F7047006800F07F000F
:10DC40007047032809D0022803D1C1F10201C8B2EC
:10DC5000704700290CBF0720002070471F2A0B685F
:10DC60009EBF4FF0FF3191408B43590801F0553171
:10DC70005B1A03F033319B0803F033330B44017814
:10DC800003EB13130A4403F00F334FF001314B43FE
:10DC9000A2EB13620270704737B501F10C044369BF
:10DCA00005466946012220469847BDF80030019399
:10DCB0000122AB6901A92046984703B030BD37B5B2
:10DCC00001F10C0443690122694605462046984744
:10DCD000009B4FF6FF7299B291420DD11B0C1B04B1
:10DCE00043F4254343F0A50301930122AB6901A945
:10DCF0002046984703B030BD0020FBE737B5044607
:10DD00001B22011D00250DF107008DF80750FFF7BC
:10DD1000A5FF60689DF80720B2EBD06F03D120F01B
:10DD2000784003B030BD0DF107001B2204F108015B
:10DD30008DF80750FFF792FFA0689DF80730B3EB0E
:10DD4000D06F01D1C043EAE74FF0FF30E9E7036845
:10DD50004BF29A22B2EB134F10B5044613D19BB28B
:10DD6000012B13D1FFF7CAFF01300CD0E0684FF64A
:10DD7000FF72B2EB104F4FEA104309D180B2C01AC4
:10DD800018BF012010BD2368013303D00420F9E738
:10DD90000220F7E70320F5E701288CBF00200120CF
:10DDA0007047033801288CBF0020012070471430D1
:10DDB00070472DE9F04105469846036908460E462E
:10DDC00017469847044638B943463A4631462846EE
:10DDD000E1F74CF9044618B131462846FFF75CFFDD
:10DDE0002046BDE8F0817047431E012B03D9031F75
:10DDF0005842584170470120704700F070B94FF405
:10DE0000A472002103F084BB013001D1E2F7C8BE47
:10DE10000120704710B50021044600F09AF8204612
:10DE2000BDE81040E5F782BFE5F79AB9E5F7C2BB58
:10DE300000F084BAE5F7C4BB00F090BAD0F88C00CB
:10DE400070B5C468002324259C4201D1012070BD17
:10DE5000826805FB0322D6898E4202D8128A8A4242
:10DE600001D20133F0E70020F1E7F8B505460E4690
:10DE7000E1F7A4F9D5F88C307BB15B696BB1E2F7BF
:10DE800049FFD5F88C305B691B1A584240F26B127F
:10DE90004FF042015841E1F763FBF76800224FF66B
:10DEA000FF734FF0240CD0B2B84208D31C46214671
:10DEB0002846E1F713FB00F015F92046F8BDB168DC
:10DEC0000CFB0011CC899C4202D2002CEFD02346DF
:10DED0000132E8E7008B70470A7838B505461046EE
:10DEE000FFF782FF60B14C782046FFF77DFF38B125
:10DEF0002243530704D42846BDE83840E5F790BBD9
:10DF0000012038BD10B504460878FFF76DFF58B101
:10DF10004A781046FFF768FF30B1042A04D0204643
:10DF2000BDE81040E5F7B4BB012010BDE5F7BEB871
:10DF3000E5F73ABEE5F740BA38B504460D46E1F7D5
:10DF4000CDFA28B929462046BDE83840E5F700BAA1
:10DF500038BDE6F70DBA70B516460C46FBF7C3FDA3
:10DF6000314605462046E3F783FC04462846FBF786
:10DF7000BEFD204670BD00F0DBB938B504464888C8
:10DF80000D4600F0ADF8D4F8A0302BB92946204654
:10DF9000BDE83840E5F7B2BB022038BD00F0A1B8BB
:10DFA00000F01DBA73B5044600200D4600F098F845
:10DFB000D4F8A06069462046FFF7F2FF5EB99DF8ED
:10DFC00000102A462046D5F75DF80146204600F0AD
:10DFD000D2F902B070BD00231A4629462046B04748
:10DFE000F7E7E5F757B8E2F7A7B838B505460C46A6
:10DFF000FBF779FD2B6B1C40EB6A2343EB62FBF7CD
:10E0000076FD211E18BF01210020490238BD38B518
:10E0100004460D46FBF767FD236B1D40E36A23EAC8
:10E020000505E562FBF763FD284638BDC06A704709
:10E0300010B501210446FFF7EAFF2046BDE8104075
:10E04000E3F732BA38B504460D464FF48811FFF7AE
:10E05000DEFF29462046BDE83840E1F7BFBC084650
:10E06000E2F7FCBC00F089B8E2F788BB084708B5C6
:10E07000E5F790F880B208BD022A01D800F0CBBACB
:10E0800001207047022A01D800F0D6BA012070475B
:10E09000022A01D800F0E2BA01207047E6F74ABA36
:10E0A0000846E6F769BA00F016BB0020704700206A
:10E0B000704738B50D6804462846E1F781FCD4F86E
:10E0C000903043B15B6933B1013504BF6FF0010299
:10E0D0000A600A681A60002038BDE6F71DB970476B
:10E0E000704770477047704738B50D460446E2F7F1
:10E0F00011FEAC4042F2107364095C436423B0FB30
:10E10000F3F0B4FBF0F038BD022807D0062807D0A2
:10E11000003818BF01204042C0B27047012070474C
:10E120000020704730B51F23B0FBF3F35D1CEDB248
:10E130004FF0FF34C3EB4313AC40C01AE44301304B
:10E14000E4B2C0B21460086030BD70B505460E463A
:10E15000C0B201F00F01FFF7C7FFC6F30311044679
:10E16000C5F30720FFF7C0FFC6F303210444C5F33E
:10E170000740FFF7B9FF204470BD08B5E2F740FA49
:10E18000BDE80840E2F7C6BA10B50446E2F738FA2F
:10E19000844288BF01F1FF31204601F00301BDE850
:10E1A0001040E2F7B7BA38B50446FFF7E6FF054678
:10E1B000FFF7E3FF431BA342FAD338BD00207047AB
:10E1C00000F03003202B10B513D110F4E02FC0F372
:10E1D00002440AD010F4C01FC0F3C423B3FBF4F40C
:10E1E00018BF6400052C0ED86408E2F78DFE60436A
:10E1F00010BDC0F382136FF012041C4104F001043F
:10E20000C4F10204F1E70424EFE710B5044651B16C
:10E210000B6843B15B6833B11A68032A03D99C6A5F
:10E22000640E204610BDFBF75EFC01462046E3F776
:10E2300061F804460846FBF75AFCF2E738B14FF4A0
:10E240007A735843A0F6AC50401AE3F795B94CF2F4
:10E250005030FAE7E4F7E8B8E4F7E6B8E4F7E4B8F2
:10E26000E4F7E2B8E4F7E0B87047436B03F060030B
:10E27000402B0DD0602B03D0203B584258417047B3
:10E2800049B10B68012B06D9486940F0010070477D
:10E2900040F20110704700207047034670B10268D9
:10E2A000022A0BD9426A12F47F4FC2F3072006D02C
:10E2B0001B6AD2B25A43B2FBF0F07047002070479D
:10E2C000F0B5144687B01E460F4619B90024204603
:10E2D00007B0F0BD002AF9D00028F7D001A9E6F771
:10E2E00009FC0028F2D0BDF80630BDF80850A2198C
:10E2F0009A42C4BF9B1B9CB2B54212D90399AD1B75
:10E30000ADB23144A5420391ADF808500DD22A4672
:10E31000384603F023F90499621B781903F01EF9BB
:10E32000D5E70499761B3144049122463846F5E737
:10E330000846E2F775BE0220E2F74CB9D0F89430F7
:10E340004BB11A68022A06D993F8250028B11B6A36
:10E35000B3FBF0F07047FFF769BD704708B50146A1
:10E36000D0F89400FFF799FF20B9BDE808400846AF
:10E37000FFF760BD08BD10B590F8D0300E2B0446F5
:10E380002BD00175D0F8900020B3D4F8A0304BB951
:10E3900094F8D9308B420BD320460022BDE81040C0
:10E3A000E5F706BAB4F92420B0F912309A42F3DD49
:10E3B00094F8D91000222046E5F7FAF960B9C4F8BC
:10E3C00090002046FFF786FD01462046BDE810403C
:10E3D000E1F784B8FF23637510BD0220FCE7034614
:10E3E000D0F8D0000860B3F8D4308B80002070479C
:10E3F00090F8D0300E2B14BF407DFF207047F8B549
:10E400000C4640210546E4F76DFC4FF400610746D9
:10E4100006462846E4F766FC30B17CB195F8CA3070
:10E4200073B16FB93046F8BD22024FF480712846AF
:10E43000E4F744FC061E18BF0126F3E72246F4E782
:10E440004FF48072F1E74FF48071E4F74BBC4A025D
:10E450004FF40071E4F732BC8A024FF48061E4F7B4
:10E460002DBC4FF40071E4F73DBC70B506468D88B5
:10E470000C46E5F7ABF8727C053AEB00012A98BF31
:10E48000033388B1B3F5803F0ED842094FF22441DF
:10E4900001FB032322680009B3FBF0F31A440723AE
:10E4A0002260A371002070BD0220FCE73F2B0846CC
:10E4B00010B5114619D9B3FA83F3C3F11902D2B2D8
:10E4C000062A01D8192B0ED0062A28BF0622931D32
:10E4D000DBB201249C40A4B2A14228BF2146E6F74A
:10E4E00021F9204610BD0022F1E70024F9E7138846
:10E4F0003F2B10B5084616D9B3FA83F3C3F11901BF
:10E50000C9B2062901D8192B0BD0062928BF06212C
:10E510008C1DE4B20123A3401380E6F721F900200B
:10E5200010BD0021F4E70120FAE7E4F721BC10B5A3
:10E53000084614460121E2F7FBFB20460121BDE815
:10E540001040E2F7F5BBF8B504460E461746FBF758
:10E55000CAFA3A4605463146204600F0CEF904464E
:10E560002846FBF7C4FA2046F8BD02207047032076
:10E570007047E2F727B810B5E5F712FD044608B971
:10E58000E3F76AFD204610BD38B50446817515468F
:10E590004AB100F0A7F808B9002016E0237C43F048
:10E5A00080032374F8E70846E1F7CCFDFF28A07547
:10E5B00008D0204600F096F80028EDD0237C65F3C3
:10E5C000C713EEE7E1F714FE012038BD704770B5C0
:10E5D00005460E461446FFF786FD31462846FFF7EE
:10E5E00044FCFFF780FD04F00903082B04D10B2C39
:10E5F0009CBF24F00804A4B221462846E4F7D0FDCD
:10E6000000224FF400312846E4F758FB002070BD8B
:10E610008021E4F767BB7FB5531C05AAADF8141041
:10E62000029202210022CDE90021DBB21146E4F77B
:10E6300063FB07B05DF804FB7FB5531C05AAADF87A
:10E640001410029204210222CDE90021DBB2002243
:10E650000121E4F751FB07B05DF804FB1FB5531C23
:10E66000029100220821CDE900210122DBB21146EE
:10E67000E4F742FB05B05DF804FB07B591F82830DC
:10E68000009391F82B3091F8292091F82A10E5F7A2
:10E6900035FF03B05DF804FB38B50546E4F77AFDB5
:10E6A00004462846E4F754FD072811D1D5F89030E8
:10E6B000DB6924F47F4121F0080103B15B7841EA72
:10E6C000032141F020012846BDE83840E4F768BD49
:10E6D00024F02001F7E7081E18BF01207047002032
:10E6E000002170474021E4F7FDBA00207047022066
:10E6F00070470020704701207047002070470020BD
:10E7000070470120704700207047E5F755BE084666
:10E710001146E0F791BD70B505460C4611461A4604
:10E72000E5F75AFF06682B462046B446BDE8704020
:10E73000604710B5E5F750FFBDE810408368184703
:10E74000E2F70CBC4942FFF7FBBF73B50D780646F4
:10E750000C4635B304238DF8043023798DF8053049
:10E7600001A93046FFF7CEFB0546B8B92278A37958
:10E7700052BB8DF80430E3798DF8053001A930469D
:10E78000FFF7AAFB054648B923783BB161883046BC
:10E79000E5F7B6F801213046FFF731FE284602B012
:10E7A00070BD2946FFF72BFE29463046FFF74FFE86
:10E7B00029463046FFF750FE2378002BCAD1237933
:10E7C0008DF804306379C9E702228DF80420D3E77D
:10E7D000FFF73DBEFFF745BEFFF768BEFFF787BEF8
:10E7E00008461146E6F786B9C0F89C10002070472D
:10E7F000E5F7C4B870B5144686B005460E46122239
:10E8000000210DF1060002F083FE236800936946A3
:10E810002846ADF80460FFF728FE009B236006B091
:10E8200070BD38B50446154609B1FFF77EFE25B127
:10E830002046BDE83840E5F79BB938BD084611468B
:10E840001A46BDF80030FFF73BBD2DE9F74F1C46D7
:10E850009DF830300193036803F007030633012568
:10E860009D400646174605F1FF380B46A1B14168A9
:10E8700004EA080BA5EB0B0A41F00059524509EBDD
:10E880000B0114D95246184602F068FE7A1B5A440E
:10E890004946504402F062FE019B2BB13C4448EAD9
:10E8A000050804EA0804F46003B0BDE8F08F1846D8
:10E8B000F0E737B5002500951446FFF7C6FF204660
:10E8C00003B030BD026802F0070206320123934014
:10E8D000026AC2F30C028A4210B584BF4468C2685F
:10E8E00003F1FF3388BF89189BB285BF44F0005005
:10E8F00019404FF0FF30405C10BDF7B505460F469C
:10E9000068461146E6F7C4F9064698B197B1DDE9C5
:10E9100000311B0A43EA0163A5FB0343090A05FB17
:10E920000135E2F7F7F90023024629462046FAF7B7
:10E93000EFF83860304603B0F0BD00228A4202D1C1
:10E940004FF0FF30704750F8223093FAA3F30BB921
:10E950000132F3E7B3FA83F000EB4210704710B5D1
:10E960000446E6F7AFFA21460020E8F767F9BDE86C
:10E970001040002000F0C8B9704708B5E9F7B6F8B4
:10E9800080F00100C0B208BDFFF76CBB70470020EB
:10E990007047704770B5144681F0010519B90D2A0A
:10E9A00007D1FF2018E00D2A03D100780538C0B246
:10E9B00012E0084400F047F8C5F1040110F4406685
:10E9C0000246C9B209D1042C084605D0052C16D13F
:10E9D00012F0400F18BF084670BDC5F10603042CA5
:10E9E000D8B2F9D0B6F5006F03D1C5F10805E8B289
:10E9F000ECE7B6F5406FE9D1C5F10E05F7E712F483
:10EA0000404107D1062CE7D0072CE5D0082C13D1C4
:10EA10000130CCE755065CBF831CD8B2062CDBD096
:10EA2000B1F5004F02D1831CD8B2EDE7B1F5404FEC
:10EA3000EAD100F10803F7E7130744BF0530C0B27D
:10EA40000C2CC9D9ADE7008870470170090A4170E4
:10EA5000704710B50024E3B210B9C3F10303DBB271
:10EA60000134042CCA544FEA1222F4D110BD10B55F
:10EA70000B784C788A78C97828B910462246044623
:10EA800008461946034642EA012043EA042343EAC2
:10EA9000004010BD10B50C46E8F7E4FE048010BD40
:10EAA00038B50C461546E8F7DDFE03881DB11C435A
:10EAB000A1B2018038BD23EA040189B2F9E708B5A3
:10EAC000E8F7D0FE008808BD08B5E8F7CBFEC078AF
:10EAD00008BD08B5E8F7C6FE008800F00C0008BDC8
:10EAE00008B5E8F7BFFE008800F00C00031F58428D
:10EAF000584108BD38B50546E8F7B4FE0446284637
:10EB0000FFF7EEFF30B904F11000FFF79CFF00F4AF
:10EB1000406038BD4FF40060FBE738B50546E8F7C4
:10EB2000A1FE04462846FFF7DBFF014648B9103432
:10EB300020460422E7F730FB2044BDE83840FFF7C9
:10EB400082BFA08838BD10B50C46E8F78BFE8480E4
:10EB500010BD38B50546E8F785FE04462846FFF7A0
:10EB6000BFFF014608B1201D38BD103404222046E5
:10EB7000E7F712FB2044F7E738B50546E8F772FEE1
:10EB800004462846FFF7ACFF30B904F11000FFF748
:10EB90005AFF00F4404038BD4FF40060FBE738B541
:10EBA0000546E8F75FFE04462846FFF799FF014651
:10EBB00048B9103420460622E7F7EEFA2044BDE8B3
:10EBC0003840FFF740BFA08838BD38B50546E8F7A4
:10EBD00049FE04462846FFF783FF014608B1201D81
:10EBE00038BD103406222046E7F7D6FA2044F7E76E
:10EBF00008B5E8F737FE007A08BD08B5E8F732FE39
:10EC000090F9090008BD08B5E8F72CFE807A08BD28
:10EC100008B5E8F727FEC06808BD10B50C46E8F750
:10EC200021FE047210BD10B50C46E8F71BFE4472BD
:10EC300010BD10B50C46E8F715FEC46010BD2DE9F7
:10EC4000F8430F468046002107F11000164699460A
:10EC5000E8F7CEFE0446D0B1E8F704FE05462046AC
:10EC6000E8F71CFE00210246284602F051FC002372
:10EC7000AB7049F004012046FFF70CFFA5F80480B3
:10EC80002EB13A46314605F1100002F067FC2046ED
:10EC9000BDE8F883F8B505460F4610200021E8F7D7
:10ECA000A7FE0446B0B1E8F7DDFD06462046E8F7CA
:10ECB000F5FD00210246304602F02AFC0023B37025
:10ECC00039462046FFF7E6FE25B12A4601212046B7
:10ECD000E8F766FE2046F8BD08B5E8F7C3FD10303A
:10ECE00008BD08B5E8F7DAFD1038C0B208BD10B5A8
:10ECF0000C46098821B90846F8F770F9208008B158
:10ED0000012010BD0220FCE70020E7F7C3BE08B5D4
:10ED1000E8F748F9002008BD4088C0F30C00033034
:10ED2000800840000430704708B520B1E8F7AEFB1A
:10ED300000F0010008BD0120FAE708B5E8F7DEFAA7
:10ED4000BDE80840FFF7F0BF70B50E460546114616
:10ED50003046E8F74DFE044635B128B1E8F782FDAC
:10ED60003246294602F0BAFB204670BD0088B0FA50
:10ED700080F040097047008810B1C9B2E8F7FCBDC7
:10ED800070472DE9F041B0F8008006460C46D5B238
:10ED9000B8F1000F11D029464046E8F7EDFD2246B4
:10EDA000074629464046E8F7FBFD3A4629462046F5
:10EDB000E8F7F6FD3480BDE8F0810F46F5E738B599
:10EDC000058800220446FFF7DCFF05B1258038BD29
:10EDD000F8B507460D46008800211646E8F7CCFD39
:10EDE000B042044605D129463846BDE8F840FFF751
:10EDF000E6BF00212046E8F7BFFDB04205D020461F
:10EE00000021E8F7B9FD0446F3E72A462046002131
:10EE1000E8F7C6FD324628460021BDE8F840E8F78D
:10EE2000BFBD034608461B888B4202D00021E8F78D
:10EE3000A3BD0020704738B5044638B10021FFF764
:10EE40009AFF002301465D1C09B998B238BD2046DF
:10EE5000FFF7E7FF2B460146F5E7F8B505880746BB
:10EE60007DB1CCB221462846E8F786FD85420646AC
:10EE700009D100233B80002221463046E8F790FD6F
:10EE800035462846F8BD2146E8F776FD214602467C
:10EE90002846E8F785FDEEE72DE9F047078882462A
:10EEA000884614465FB33846E8F7F8FC3D46064608
:10EEB000E4B221462846E8F75FFD4045814616D179
:10EEC0002146E8F759FD214602462846E8F768FD45
:10EED000474504D1454508BF0025AAF80050002247
:10EEE00021464046E8F75CFD3046BDE8F0878742A2
:10EEF000FAD0E8F7D3FC304486B24D46D9E73E4617
:10EF0000F2E72DE9F04780460F4602F1FF39064649
:10EF10000024BC4202D219F8015F25B9A6EB080013
:10EF2000C0B2BDE8F0879A46A5F13102012A5AF82D
:10EF3000041B10D83246322D02F8011B06D10134D1
:10EF4000E4B2A74232D30912B21C71700134E4B2A8
:10EF500053461646DDE7342D0CD10334BC42DDDACE
:10EF60000B0A317073700B0C090EB370321DF17007
:10EF7000E4B2EBE7A5F13302062A0DD8303DEDB23D
:10EF80002B19BB42CADA2A463046013C02F0A6FAE7
:10EF900055FA84F47219EBE7A5F14102062A01D86B
:10EFA000373DECE71D7903F1080AE9E71646B5E7B6
:10EFB00070B5054600880C46E8F770FC8442288846
:10EFC0000AD9E8F76BFC0023221AD2B22846194668
:10EFD000BDE87040E8F792BD2146E8F77BFC0020D1
:10EFE00070BD2DE9F8430746084616469DF8209067
:10EFF00088461C46E8F736FC8519CCB1C5B14046B9
:10F00000E8F74CFC2644864214DC2246B9F1000F96
:10F0100006D12946384602F061FA0020BDE8F8839F
:10F02000B9F1010F39462846F5D002F097FAF4E716
:10F030002120F3E71D20F1E738B50546E8F712FC7B
:10F0400004462846E8F72AFC002201462046BDE88F
:10F050003840FFF779BEF8B516460C461D46BDF898
:10F060001870E8F7FFFB04443046E8F7FBFB3A462C
:10F0700041192046BDE8F84002F030BA70B50C46A0
:10F080000131C9B20646E8F7DDFD214605463046A6
:10F09000E8F7D8FD00EB052080B270BD1FB5012355
:10F0A000ADF80C2000930A460223014603A8FFF79F
:10F0B00098FF05B05DF804FB73B504460D4640208B
:10F0C00000211646E8F794FCADF80600E8F7CAFB05
:10F0D000BDF8063013B9002002B070BD40213346A0
:10F0E0002A462044FFF70DFF2118C9B20DF1060092
:10F0F000FFF75EFF0028EED1BDF80600ECE70EB486
:10F1000003B503AA52F8041B0192FFF7D5FF02B022
:10F110005DF804EB03B0704700220123C0E900232F
:10F120007047F8B5044601270026FAF7E7FC236884
:10F130003BB9FAF7E9FC63680022012B0ED163604A
:10F14000F8BD1D691F612660FAF7DEFC012DF2D0C3
:10F150002B462D691E61012DFAD1E6E719691A6166
:10F160000B46EAE70069003818BF012070470368C2
:10F1700023B94068012803D0E8F792BD002070470A
:10F180004FF0FF307047F8B50546FBF715FC01233B
:10F190000646A8602B730027FAF7B0FC2B680246DE
:10F1A0007BB11C692169A1420CBF2F6019612761E5
:10F1B0001046FAF7A9FC012C08D06368204698474E
:10F1C000EAE76C68012C04D1FAF79EFC00232B734C
:10F1D000F8BD6169711AB1F1004FF5D82169696014
:10F1E0002361E5E77020704770207047002070476A
:10F1F0000144884201D10120704710F8013B93423D
:10F20000F7D0002070470821FDF7BCBA30B50146A1
:10F2100093B005460020E6F747FC10F0FF040BD141
:10F220006A4621462046E7F72BFC6A4621462046DF
:10F230008DF80250E7F704FF204613B030BD00B54B
:10F24000002193B06A460846E7F71AFC9DF90200D0
:10F2500013B05DF804FB00B5002193B06A46084680
:10F26000E7F70EFC9DF8000013B05DF804FB08B54D
:10F27000E6F76EFF003818BF012008BD0120704777
:10F28000002070477047704770477047704770475D
:10F290007047704700B5002193B06A460846E7F70B
:10F2A000EFFBBDF8060013B05DF804FB10B50021BC
:10F2B00092B004466A460846E7F7E2FB00216A4638
:10F2C0000846ADF80640E7F7BBFE12B010BD00B52A
:10F2D000002193B06A460846E7F7D2FBBDF8040068
:10F2E00013B05DF804FB10B5002192B004466A46E5
:10F2F0000846E7F7C5FB00216A460846ADF804401A
:10F30000E7F79EFE12B010BD70472DE9F04F85B0B3
:10F310000C4691468046FFF7DCFB671C05463846E5
:10F32000FFF791FB042D40F08B804046FFF7D4FCA3
:10F33000037803F00303012B4FF009024FF00101A2
:10F34000204614BF4FF0020B4FF0030BE6F724FFEB
:10F350000922002105462046E6F71EFF21788DF898
:10F360000F000139002289B22046FFF7EDFC04EBC3
:10F37000090A0646D0B12A4601460DF10F03584648
:10F38000FBF7D5FD0228054626D13046E8F786FA78
:10F39000C0B220700023013800930122C3B231466D
:10F3A0003846FFF71EFE2378013323704046FFF7EF
:10F3B00086FB020424D49AF8013021789B071FD5DC
:10F3C0000139A1EB09014246C9B25046EDF734FEBE
:10F3D00023781844207013E020B92070284605B027
:10F3E000BDE8F08F032809D15046FFF72CFB20F42D
:10F3F000007189B25046FFF728FBD7E70428D5D122
:10F400000125217800222046FFF79EFC06460028B1
:10F41000E4D00023014601221846FBF788FD0228AC
:10F4200019D13046E8F73AFAC0B22070002301380B
:10F4300000930122C3B231463846FFF7D2FDCDE733
:10F4400080F0800520F0800081B23846C5F3C015F9
:10F45000FFF7FBFAD5E70028C0D12070BEE708B55A
:10F460000020FFF78AFA80F00100C0B208BD0A460A
:10F4700008B501460020E9F75FF8B0FA80F04009CE
:10F4800008BD0020E7F70EBF00210846E7F786BB5E
:10F490000020E6F7E7BA08B5E9F7B6F8003818BF74
:10F4A000012008BD01207047E9F7D2B910B50C461C
:10F4B000098821B90846F7F775FD208008B10120B9
:10F4C00010BD0220FCE710B50446FDF729FE08B97F
:10F4D000FDF728FE03050FD40C231B2B01D10020C0
:10F4E00009E020FA03F1C90703F1010206D5DBB2F6
:10F4F000E31A5842584110BD0B23F9E71346ECE7D5
:10F5000010B50C46098819B90846F7F767FD208041
:10F51000012010BD402908B5104604D009D811B10A
:10F520003F290CD0C9B200F02AFBBDE80840FBF728
:10F530004ABF412905D04C29F4D18D21F3E731216F
:10F54000F1E74221EFE770B592B004460D4616464A
:10F550006A46E7F795FA6A46294620468DF81F6005
:10F56000E7F76EFD12B070BD07B50DF10701E9F7C1
:10F570009FFB20B19DF8070003B05DF804FBFF205E
:10F58000FAE710B50C46E9F799FC2046BDE81040B3
:10F59000E9F7AABB0129F8B505460C461DD0032999
:10F5A0001ED0052920D0072922D0002600240027BC
:10F5B0000120E6F74DFD304485421DDA0320E6F7D1
:10F5C00047FD2044854219DA0520E6F741FD38441D
:10F5D0008542B4BF07200520F8BD6FF00406E5E7BB
:10F5E0006FF004040526E2E700266FF00407DFE76A
:10F5F000002426460527DBE70120EDE70320EBE7A3
:10F6000038B5054600242046E6F722FD0134A8421D
:10F61000E4B202D9062CF6D10724204638BD38B111
:10F620004379490023F00C0301F00C010B434371B3
:10F63000704710B5044678B141794088490801F017
:10F6400006010131000AFFF7A5FF024601462046E8
:10F65000FFF7E5FF104610BD0722FBE738B50D4662
:10F66000E9F71AFC044608B9002038BDFFF7E1FFAE
:10F67000002DFAD1237913F00703F5D0984238BF53
:10F680001846C0B2F1E7037923F00703194301716B
:10F690007047037903F00F0343EA011303717047C6
:10F6A0000022E9F79FBF002108B50122E9F79AFF80
:10F6B000401A18BF012008BD38B51546FFF7F0FF06
:10F6C00004462846FFF750FF84B1FF2804D0626843
:10F6D00022FA00F3DB0701D5012038BD0123834066
:10F6E00013436360E3780133E370F5E72046F4E702
:10F6F000EAF7E6B90146102307220120E8F7FABB32
:10F7000010B5E8F7AFF800F110042046FFF79BF9B9
:10F7100020F4007189B22046BDE81040FFF795B98A
:10F720002DE9FF418DF80D301B0A15468DF80E307E
:10F7300001919DF82C308DF80C0001218DF80F30CF
:10F740000091042303AA28469DF828809DF8307074
:10F750009DF8346001F09EFC044670B12946FFF725
:10F76000F2F9B8F1000F02D12046FFF7C9FF2FB11F
:10F7700046B931462046F5F7E5F80024204604B0A6
:10F78000BDE8F08100231A4619462046EAF71AF927
:10F79000F3E74FF47A70EAF76FBAF0B5064687B030
:10F7A00010461C460F461546FFF796FA9DF8303076
:10F7B00018444378A4B1617811F0020F4FF00102B0
:10F7C0000CBF032100210020CDE90310CDE9014247
:10F7D0000095072239463046EAF7EAFA07B0F0BD4D
:10F7E00022462146EFE708B5E8F70AFBBDE80840E6
:10F7F0000020EAF70FBD1FB504466846FFF77AFF01
:10F8000054B100238DF805301023072269460020EB
:10F81000E8F770FB04B010BDFFF73CFDADF8060043
:10F82000FFF755FDADF80000EEE700B58BB0684678
:10F83000FFF760FF009BBDF80600069304A9EAF7F6
:10F84000C1F90BB05DF804FB1FB504466846FFF72D
:10F8500051FF02AB03CB2060616004B010BDFF22FA
:10F86000EAF7F2BD38B5D31E012B04460D4610460B
:10F8700007D8EAF7FDFC29462046BDE83840FFF7E7
:10F88000EEBF022038BD1FB5062304468DF80C30AC
:10F89000EAF73AFE0023CDE900338DF80D0002238C
:10F8A00003AA0121204601F0F5FB04B010BD70B59C
:10F8B0000C4605460120EBF715FD237B4BB1FFF706
:10F8C000E9FC014623462A460120BDE87040EAF7DC
:10F8D000A9BF4FF6FE71F5E7F8B50E460746FFF7EC
:10F8E000FBF90546FFF7AFF800F44040B0F5404F94
:10F8F00014BF0022062202F10A030B32EB5C5C000B
:10F9000004F00E045B08144403F0380338461C442A
:10F91000FFF7E7F9844208D2001BC2B20F2A28BFC2
:10F920000F222919304601F019FE2046F8BDD020DB
:10F93000ECF7FEBB13B5F5F7A7FA6946044601F0EC
:10F9400020F858B1FFF7A6FC40B1E8F76FFB28B1EB
:10F950000023022269462046F2F7DEFD02B010BD08
:10F96000FF224FF6FF71ECF72BBE0020FFF7F8BF28
:10F9700037B5082305460C46092269460120E8F7F9
:10F98000B9FA15B19DF806302B700CB1009B2360BD
:10F99000BDF8040003B030BD07B500210DF107002C
:10F9A000FFF7E6FF9DF8070003B05DF804FB07B51D
:10F9B00008238DF80600ADF804100092694609226C
:10F9C0000020E8F797FA03B05DF804FB13B504468E
:10F9D00001A90020FFF7CCFF019A01462046FFF75E
:10F9E000E6FF204602B010BDF0B50F46002187B0FB
:10F9F000044608461646FFF7BBFF012305460DF1F6
:10FA00000A008DF808408DF80930FFF71DFF092C1A
:10FA10001DD131460DF11200FFF717F805AB02AA10
:10FA20009B1A0021CDE900112846DBB2642101F0C8
:10FA300031FB0546E0B1092C15D1ECF785FF0446F2
:10FA400088B12846ECF794FF204607B0F0BD314658
:10FA50000DF113008DF812704FF6FF75FEF7F5FFEC
:10FA60000DF11503DBE7284600F02EF80446EBE71E
:10FA70000446E9E77FB50D461646ADF80E00E7F7F8
:10FA80000DFF841BE4B2BDF80E20631B9BB2104631
:10FA9000009329467319FFF7DEFA21460DF10E0097
:10FAA000FFF786FA04B070BD38B504460D4600F085
:10FAB000A3FF40B1AC4206D02046F5F767FABDE897
:10FAC000384000F0F3BF38BD10B50446FFF704F925
:10FAD0000230FEF7B8FF4FF6F7739842204603D97D
:10FAE000BDE81040EDF7CAB8EDF714F9B0FA80F0B0
:10FAF000400910BD0022ECF7E3BF70B50546FFF7E3
:10FB0000EBF80646284601F0E9FA01462846E8F7F0
:10FB100099F804462846FFF700F84FF6F773984225
:10FB200008D8337803F00303012B05D1A31E5842F4
:10FB3000584170BD0120FCE70020FAE730B585B0E0
:10FB400041F203330D46ADF808300446FFF7A2FB3F
:10FB50008DF80A00FFF79EFB0021000A8DF80B00CC
:10FB6000CDE90011052302AA20468DF80C5001F0C2
:10FB700091FA10B12146FFF7BDFF05B030BD70B559
:10FB800004460D4691B131294FF0000600D13546AB
:10FB90002046FEF79EFF08280AD101212046E7F7FC
:10FBA000EBFE2946BDE87040FBF712BB0126EFE7EC
:10FBB0002046FEF78EFF024630B9BDE870404FF692
:10FBC000FF710120FCF7A6BD2046FEF793FFB0F5BC
:10FBD000006F0ED12046FEF7A0FF4FF6FF7398424C
:10FBE000014617D0002D0CBF032005200022FCF792
:10FBF00091FD29462046E9F7A3FF68B9294620462A
:10FC0000EEF706FD40B9324629462046BDE8704071
:10FC1000EDF744BB0120E9E770BD37B54FF6F67547
:10FC2000D5F71AFA431E9BB2AB420446F8D8E9F75F
:10FC300033F90028F4D169462046E8F7F7FB00289D
:10FC4000EED0204601F000F80028E9D12046FFF769
:10FC50002AFD0028E4D12046EEF74CFD0028DFD134
:10FC6000204600F0C9FE0028DAD12046FCF79DFDB1
:10FC70000028D5D1204603B030BD73B504460E46EA
:10FC8000EEF738FD054688B92046EEF78DFD214692
:10FC900000952B460D224FF6FD7000F053F83146CB
:10FCA000204602B0BDE87040EEF740BD02B070BD26
:10FCB00037B5054614460C2914D8DFE801F029139E
:10FCC0002913131307131313132424006946E8F7A9
:10FCD000ADFB18B901216846F2F7E4FF422029463E
:10FCE000F8F73EF8BCB12046FEF7F6FF0230FEF70B
:10FCF000AAFE4FF6F77398420DD9204603B0BDE82F
:10FD00003040EDF7D1B90B2914BFAA20A920E6E7AE
:10FD1000F6F7E6FCE6E703B030BD1FB5034608463C
:10FD200003218DF80C108DF80D3000210123CDE951
:10FD30000031ADF80E20042303AA01F0ABF905B0A1
:10FD40005DF804FB2DE9F34106469DF820800F463F
:10FD500014461D46FFF79EFAB04207D10022214605
:10FD6000384602B0BDE8F041FFF7A2BF3A4631463F
:10FD70002046FFF7D2FFADF8060060B10D2C05D18B
:10FD800000224FF6FF712820FCF7C4FC35B9BDF8FE
:10FD90000600FFF799FE02B0BDE8F081012342465C
:10FDA00029460DF10600E7F7A9FEBDF80630002B45
:10FDB000EDD1F0E7F7B50C460546FEF78DFF611C67
:10FDC000C9B206462846E7F73DFFA11C0746C9B25F
:10FDD0002846FFF753F9014604463846FBF7C8F9B1
:10FDE0000D2F34D12046EEF785FC78B1301DFEF79B
:10FDF0002AFE04462846F679FEF7D1FE3146024631
:10FE0000204603B0BDE8F040FFF756BCB01CFEF73B
:10FE10001AFE4FF6F773984202D92846EDF744F9D7
:10FE20002046EEF7C1FCFFF735FAA04205D10020CD
:10FE300003B0BDE8F040EEF7FBBCB068F1686B467C
:10FE400003C369462046EEF771FC03B0F0BD2A46B5
:10FE50003946204603B0BDE8F040FFF729BF142221
:10FE6000002101F055BB2DE9F0470B078EB0044689
:10FE70000E4615465CD10120DDF7E8F809A8FCF72D
:10FE8000C6FC092309A88DF82430FCF7C4FC09A896
:10FE9000DDF7AEF801A909A8FCF720FF26F00F074F
:10FEA0002F4404F1100804F10F09BD4211D1236958
:10FEB0003344236101A909A8FCF7F5FE0020DDF712
:10FEC000C5F8B6F1005F2CBFB12000200EB0BDE830
:10FED000F08705AA23469646186859689446ACE808
:10FEE0000300083343456246F6D12B46224605F10E
:10FEF000100A53F8041B42F8041B5345F9D171460C
:10FF000009A8FCF7D0FE09A8DDF772F822462146C1
:10FF10000120DDF72DF8013D631E13F8012F15F8C0
:10FF2000011F4B4582EA01021A70F6D15546BCE723
:10FF30007020CBE7F0B585B0174605460C46102279
:10FF40000021684601F0E4FABFB3C4B30F2C04F0FB
:10FF50000F0608D924F00F043A4621462846FFF739
:10FF600082FF40BB274432463946684601F0F6FA24
:10FF70002F6906F1100337446B448022B7F5005F08
:10FF800003F8102C2F61C6F110061AD3062E1FDDC0
:10FF9000FB001A0E8DF80A201A0C5BBA8DF80B20A4
:10FFA000ADF80C306A4610212846FFF75CFF2B693C
:10FFB000103B2B61002005B0F0BD3E46D8E7264639
:10FFC000D6E7022E04DDFB005BBAADF80E30E9E7A0
:10FFD0006A4610212846FFF746FF2B69A3F110045B
:10FFE0002C6110220021684601F092FAB7F5005FFB
:10FFF0004FEAC403CDD2E7E770B586B00E4605469A
:020000023000CC
:1000000001A81446FFF72BFF3246294601A8FFF747
:1000100091FF05AE054601AB22461C4603CCB44217
:1000200010605160234602F10802F6D1284606B05E
:1000300070BDEEF79FBC0A460021EEF79BBCF0B501
:100040008BB00C4601A9EEF795FC054688B3252236
:100050000021E01C01F05CFABDF810700123A370D0
:10006000FA054FF00E03238010D523464FF4877214
:1000700023F8042B06AE0DF1280C324603CA624564
:1000800018605960164603F10803F6D13B0605D502
:10009000238843F080032380069B636001AB03CB7E
:1000A000039BC4F81D00C4F82110A361EFF7B8FE4C
:1000B000606128460BB0F0BD30B5054687B001A899
:1000C0000C46FCF7A4FB2868696802AB03C39DF8E3
:1000D000113043F002028DF8112074B122885106CC
:1000E00044BF43F006038DF81130530542BF9DF81D
:1000F000113043F008038DF8113001A8FCF72DFDF5
:10010000B0FA80F0400907B030BD70B58AB00D4636
:10011000002201A90446EEF72DFC88B104A920466F
:10012000FFF7CAFF60B1BDF81060FFF7B3F838B948
:10013000720601D5730503D529462046FBF769F8F9
:100140000AB070BD2DE9F3410F4605461646E7F7A4
:10015000A5FBC41BE4B24FF000082946CDF800808F
:1001600023463A463046FEF73CFF01212846E7F792
:1001700003FC88B101212846E7F7FEFB0746E7F7B5
:100180008DFBC5B22B463019CDF80080424639466A
:10019000FEF727FF2544ECB2204602B0BDE8F0810F
:1001A0002DE9F74F0C9E9DF834808946054693460D
:1001B0001C46E7F773FB012723464A462946824639
:1001C00000975846FEF70DFF39462846E7F7D4FB5F
:1001D0004C4428B339462846E7F7CEFB5FFA8AFA43
:1001E0005445814611DAE4B2AAEB040B5FFA8BFBAB
:1001F0002246304600975B4629464444FEF7F1FE0E
:10020000A4EB0A045E4404F0FF0801230C930022CF
:1002100043464946304603B0BDE8F04FFEF7E1BE25
:100220000C974346E2B22946F4E72DE9F04186B047
:100230000026074608460C4615469846CDE9026654
:1002400004968DF81460E7F729FB411BCBB20D2B08
:1002500028BF0D2300962A46214602A8FEF7C1FEBC
:10026000424602A93846EEF7EFFD9DF80820064603
:1002700029462046E7F7FAFC304606B0BDE8F08193
:100280002DE9F04F0E46CBB00121054617461C461E
:10029000E7F772FB23463A462946814606A8FFF750
:1002A000C4FF0DF1280A00EB070B5FFA8BFB5246E7
:1002B00031462846FFF746FFB34503D200204BB036
:1002C000BDE8F08FABEB06085FFA88F808F104038D
:1002D0009842F3DB331F1844C4B204230193A31BD9
:1002E000DBB20093CDF808A043465246002106A891
:1002F000DCF7C4FDC0B20028E0D1A4EB0B040AEB8C
:100300000803E4B25246284600933146434601941E
:10031000FFF746FF39462846E7F794FC394600F0D8
:10032000F8022846E7F7A2FC01212846E7F724FB5C
:10033000002818BF4D462846ADF81650E7F7AEFA2C
:10034000011FC9B20DF11600FEF732FE0120B6E71B
:100350002DE9F041044600F0C1FE411C074689B278
:10036000204600F08EFE98B397B339462046E7F753
:1003700069FC00F00C03042B054629D000F00308AB
:10038000B8F1020F00D11BBB284600F030FF2B064E
:100390000744BEB216D5711C89B2204600F071FE2A
:1003A000B0B1F9B22046E7F74DFCB8F1010F0146B4
:1003B00000F003030CD0032B0AD0284600F026FFE0
:1003C000304486B231462046BDE8F04100F059BEC7
:1003D0000020BDE8F081F8B5064600F041FE054674
:1003E00004463046FEF778FC43785B0718D5AC1C12
:1003F000A4B22146304600F044FEB8B1294630464A
:10040000E7F720FC691C0746C9B23046E7F71AFC3B
:100410001FB1874201D8FF2808D104EB4704A4B2DA
:1004200021463046BDE8F84000F02BBE0020F8BD64
:1004300013B5044601A8EEF747FFBDF80430DA070C
:1004400010D49B0707D410220021204602B0BDE83B
:10045000104001F05DB8224621461020FFF7CCFD88
:100460000028F0D102B010BD13B50024CDE900344E
:1004700013460A4601460620EEF752FF02B010BDB1
:1004800008B50246EEF742FF510544BF0838C0B236
:10049000130544BF0838C0B208BDF0B5D3078BB010
:1004A00005460C4649D5008800F018FE0023064694
:1004B000029314B9CDE9034403AC0022082120467D
:1004C000FEF796FEA0B12888FEF706FC0230FEF784
:1004D000BAFA21460746E7F7A9FF48B100224023B0
:1004E0001146384600F02AFABE2528460BB0F0BD6A
:1004F00031462888E7F7A6FB10F0030F0CBF012652
:100500000026EEF77BFA46EA4000C0B2009002AB4C
:1005100005AA00212046F0F7BFF80546EEF76EFA6F
:100520000028E2D0002DE0D0009602AB05AA002101
:100530002046F0F7B1F80546D7E7A625D5E70146EE
:100540001A2308220120E7F7D5BC00231A46EFF74B
:10055000FFBF30B58BB005AD04462846FCF757F910
:10056000022301A928468DF81430FCF7B7FB01AA35
:100570002346144603CCAC4218605960224603F16E
:100580000803F6D10BB030BD08B50023024619466A
:100590001846EFF7DDFF012008BD37B50446684671
:1005A000F0F74CF8054648B108222146684600F0AD
:1005B00085FFB0FA80F0400903B030BDFF2208216A
:1005C0002046FEF715FE034628B106212846FFF710
:1005D000BCFF0120F0E722460146EFF7B9FFF8E73C
:1005E00007B56846F0F72AF810B16846FCF739FD00
:1005F00000F0010003B05DF804FB0120F0F76EBDD0
:10060000704737B504460846FEF7A3FA0546FEF7DD
:1006100041FE00230146009322462B460120F6F7B7
:1006200083F903B030BD30B589B0054603A8FCF7A7
:10063000EEF8012401A88DF80C40FCF7FEFA9DF8B5
:1006400006209DF80730AA4209D0AB4209D103A881
:100650008DF80D40DCF7CCFC012009B030BD002442
:10066000F5E70020F9E708B5002211461046F1F73A
:100670007BF8BDE8084000214FF6FF70FFF765BF2B
:1006800000221021FEF7B4BD7FB502460D460D23B2
:1006900017216846FAF7BFF902AE6B462A461C4698
:1006A00003CCB44210605160234602F10802F6D137
:1006B000206810602379137100236B7304B070BD40
:1006C000F0B585B06C4606460B4601F10807224698
:1006D00018685968254603C50833BB422C46F7D134
:1006E000186828601B792B7131460D231720FAF703
:1006F0009BF905B0F0BD38B504460D46DCF7D2F9DC
:10070000A04205D920462946FFF7BEFF002038BD8C
:100710006920FCE730B585B000248DF80040DCF797
:10072000C1F9E5B2A84204D8F2F71EF9002005B0DD
:1007300030BD69462846FFF7C3FF0134EFE738B5FF
:1007400004460020F4F7F2FBFF2805460FD0F4F72B
:10075000ADFC10F0010009D02846F4F7A7FC4008D2
:1007600040EAC17080F0010000F0010038BD04F0E3
:100770000100FBE7F8B5014606460020F2F72EF827
:10078000FF2801D00120F8BDDCF77CF900240546E4
:10079000871CDCF77BF9E3B2984201D80020F2E72E
:1007A00035F82430B34203D117F82430002BE9D1B7
:1007B0000134EEE738B50D4601210446E7F7DCF8D1
:1007C00030B101212046E7F7D7F82880012038BD55
:1007D0002C80204600F079FD0130C0B2F7E72DE90A
:1007E000F04788B00746894610460DF10A011D46BC
:1007F0009046FFF7DFFFBDF80A6004464FF0000A9D
:100800003046CDE905AACDF81BA0E7F747F8031B52
:10081000DBB20B2B28BF0B23CDF800A022463146BC
:1008200005A8FEF7DEFB48F21F039D4243D00BD81C
:1008300085F40043012B15D90097234642464946CB
:100840002846FCF726FC33E048F23A039D42F3D1F8
:10085000FEF720FDB8422BD02246414605A8FCF702
:100860004BFC25E09DF8143013BBBDF81D40DDF8AE
:100870001500DDF8191003AB03C303A92046DCF70C
:100880007BF8012203A92046EEF706F8A7420646A8
:100890000ED0012103A8F2F705FA48F201039D42A8
:1008A00006D12EB9334632463946204600F0FDFDCA
:1008B00008B0BDE8F0879DF81450002DF8D102343F
:1008C0009DF81570E4B2A846EBB2BB42F0D22246C6
:1008D00008233146CDF8008003A8CDE90388FEF750
:1008E00080FB03A8F4F700FBF4F750FB083400F09A
:1008F000DDF80135E4B2E7E708B5E7F781FABDE8CE
:100900000840F2F7FBBC10B50024848041800480CD
:10091000C280038110BD13B5BDF81040CDE900348D
:100920000023F2F741FE02B010BD13B5BDF8104030
:1009300001900094F2F738FE02B010BD07B50093A5
:100940000123FFF7F2FF03B05DF804FB0123F2F788
:10095000C1BE0121F3F7F6BF08B500F00EF8FF287D
:1009600004D0F4F7A3FBC0F3C00008BD0120FCE7EE
:1009700001464FF6FF70F3F70DBF01460020F4F774
:10098000D5BA10B50C46F4F701FBFF2808D0F4F7F0
:1009900093FA20B10368236043686360012010BDAF
:1009A0000020FCE710B50446FEF7A4F8B0F5006F90
:1009B000204605D1FEF7B1F8BDE81040F4F7E6BADD
:1009C000FEF7C7F8BDE81040FFF7D7BF08B5F4F74A
:1009D000DDFAFF280CD0F4F769FB10F0010309D011
:1009E000400840EAC17080F0010000F0010008BD3D
:1009F0000020FCE71846FAE708B5F4F7C7FAFF3815
:100A000018BF012008BD1FB502460B2301A81821FD
:100A1000FAF701F89DF80E0005B05DF804FB30B55B
:100A200011F0010587B0044616D001A9F4F706FFBE
:100A300090B92046F4F73AFB10F0010109D02046A6
:100A4000F4F734FB430843EAC17383F0010303F076
:100A5000010101A8F2F726F92046F5F787FE29469D
:100A6000204607B0BDE83040FAF700BB30B585B08E
:100A70000C460546F4F708FAA04215D04FF6F77376
:100A80009C4211D80B232A46182101A8F9F7C3FF6D
:100A9000294618200B2301AAADF80C40F9F7C4FF32
:100AA00021462846F4F78CFA05B030BD10B504464F
:100AB000DBF7FEFFA0420FD92046F4F7E5F94FF629
:100AC000FF73984208D020460021FFF7A8FF204678
:100AD000BDE81040F4F70ABF10BD10B50446FEF79C
:100AE000D9FB002102462046BDE81040F5F756B874
:100AF0002DE9F04114460F4605469846FEF7ECF8FE
:100B000006460430FDF79FFF20802846FEF747F891
:100B10006080B379E372791CC9B22846E7F792F88E
:100B2000B91CA072C9B22846E7F78CF8FE1C2072E7
:100B3000F6B2B8F1000F18D031462846FEF79EFAFB
:100B40000537FEB2A08031462846FEF797FAB11C61
:100B5000E080C9B22846E7F775F86072217AA0886C
:100B60000122BDE8F041F5F73BBD2088EAE72DE919
:100B7000F04186B090461E4604460D46FEF78AFBBD
:100B80004FF6F7739845074632D8A0424FF0050359
:100B90008DF80C304FF0010214BF012300234FF0F9
:100BA0000001CDE900211ABF8DF80D30ADF80E001F
:100BB0008DF80D30284614BF0423022303AA00F049
:100BC00069FA0546A0B1A7421AD0FEF785F8074694
:100BD00021460430803EFDF738FFFE7104A920460F
:100BE000FFF7CFFE40B904A92046F6F74FFB18B92E
:100BF000002006B0BDE8F08104A9284600F0D9FA2B
:100C000041462846FEF776FFF3E7037923F0030316
:100C1000194301F03F010171704707B50DF107015C
:100C2000F5F784FB03B05DF804FB08B5FFF7F5FFAB
:100C300018B1BDE80840F5F7C9BB08BD0022114650
:100C40004FF6FF70F5F7CCBC10B50446FFF7E5FF93
:100C5000024638B901462046F5F7C2FC003818BFF5
:100C6000012010BD0120FCE7F8B5174604460E46EA
:100C7000FFF7D3FF0546386068B1037903F003033B
:100C8000337023B93A68137903F03F0313713B685B
:100C90005C882046F8BD01462046FEF7DFFC07468B
:100CA00028B1E8F709FB874201D83570F1E73146F2
:100CB0002046FCF7E8F90028EBD0032333704FF609
:100CC000FF74E6E707B501AA0DF10301FFF7CCFFBA
:100CD0009DF8033053B9019828B1037913F0300F10
:100CE00014BF0120002003B05DF804FB0020FAE7E8
:100CF0002DE9FF410646104688461546F4F7F4F8FC
:100D00000746FEF7C7FA044648BB4FF6FF739E42FC
:100D100025D09F4206D00146384604B0BDE8F041D8
:100D2000EBF75EBD07238DF804302B68CDF8053056
:100D300002466B68CDF80930092101A8FEF704F8D6
:100D4000024618B9182004B0BDE8F08101234146DD
:100D50003046F0F79DFE0028F4D02046F3E77020DF
:100D6000F1E72DE9F04391B0064603AD0BA890469C
:100D70000F464FF00109FBF74AFD29460BA8ADF8D5
:100D80002C90FBF7ABFF95E80F0007AC84E80F0051
:100D9000CDE900484B46002239463046F0F790FF37
:100DA00011B0BDE8F0832DE9F04F002785B08146F2
:100DB0000C467E203946BDF83CB09DF844A0BDF8F5
:100DC0004C5001929846ADF80E70E6F711FE0646BB
:100DD000002800F0AA80E6F745FD39467E2200F0A3
:100DE00097FB3046E6F73EFD00903046E6F73AFDC9
:100DF000B9F1FF0F14BF44F0030727463B0A14F470
:100E00004062077043705FD1C31C4FF0080818465A
:100E10000199424600F062FB04F440440346434417
:100E200084B1790606D419464FEA1B2201F802BBA9
:100E30005A700B46B4F5004F56D0A4F540425442C8
:100E40005441E400224618460E9900F047FB009AF0
:100E500003462044A0EB02085FFA88F89DB14FF4E6
:100E60007C521A53841C2846E6F7FCFC834628462D
:100E7000E6F714FDC5B22A465946204600F06EFB3F
:100E800060190235EDB2B9F1FF0F2FD0109900F8BB
:100E9000019B524600F062FB08F101015AFA81F110
:100EA00029443046E6F716FD0C21FF00002207F02A
:100EB000800739431046FDF7EDFEADF80E00E8B9A6
:100EC000002005B0BDE8F08FB2F5006F80F8038018
:100ED0004FEA182880F8048000F1050314BF4FF092
:100EE00008084FF0020892E70224ABE708EB0A017A
:100EF00029443046E6F7EEFC0821D6E73046E6F70F
:100F0000B1FC04463046E6F7C9FC0123C2B22146D3
:100F10000DF10E00E6F7F2FD0028D1D1BDF8482012
:100F2000BDF80E000121E6F73BFDBDF80E00C8E755
:100F30007047F8B506460D46F6F71CF90328044637
:100F400021D02846F6F716F9032807461BD010F0E3
:100F5000020318D1A0070DD5F90716D401233C438D
:100F6000E20704D431892A89914218BF002303F093
:100F70000100F8BD08222946304600F09FFAB0FA79
:100F800080F35B09EBE70020F3E71846F1E770B563
:100F90000D4600210646FDF7EEFE044630B1E6F7A9
:100FA00061FC01462846FFF7C4FF08B1204670BD2A
:100FB00021463046FDF735FFEFE77FB54FF6FF716D
:100FC00001AAF6F7C3F920B1BDF80C0007B05DF82F
:100FD00004FB4FF6FF70F9E708B5FFF7D8FF0038BC
:100FE00018BF012008BD08B51046E8F793F8BDE822
:100FF0000840E8F74DB92DE9F7430F460121814636
:101000001646E6F7B9FC054658B1FEF715F83080EC
:1010100088B92846E6F742FC68B1182003B0BDE85D
:10102000F0834846E6F73AFCFF2FA0EB0704E4B252
:1010300014D014B934800020F0E72A46214628460F
:10104000FDF782FE80460028E7D000943B464A46E2
:101050002946FEF700F8A6F80080ECE70120DDE75E
:1010600008B5FDF739FE437803F001001A074CBFBD
:1010700010300830DB0644BF0830C0B21030C0B2B8
:1010800008BD10B50C46E6F709FCA04234BF0020AD
:10109000012010BD7FB59DF820600091144641F2FB
:1010A0000921024641F60920002E18BF01461D46BF
:1010B0000020099BF6F796FAADF80E0010B9002053
:1010C00004B070BD01232A4621460DF10E00E6F75B
:1010D00015FD0028F3D1BDF80E00F1E738B505463F
:1010E000FFF7BEFF04462846E6F7D8FB631C9BB219
:1010F00083420FD82846FDF7EFFD43785B0707D5FD
:1011000021462846E6F79EFD013004EB4004E4B298
:10111000204638BD0024FBE730B585B0ADF80E00A1
:10112000E6F7BCFB0446BDF80E00FFF7D7FF00F161
:101130000E03DBB2E5B2BDF80E20ED1AADB20146EA
:1011400000951046FDF787FFA4F10E01C9B20DF11D
:101150000E00FDF72DFF05B030BD4278034612F0BA
:10116000080006D0D20702D403F10800704703F14B
:101170000900704737B505460C46FDF7ADFD4378CD
:1011800013F0100211D094B103F001021B074FF0CD
:101190000003009354BF183220320823294620460A
:1011A000FDF71FFF012003B030BD1046FBE72046CE
:1011B000F9E773B505460C46FDF78EFD437813F04D
:1011C000100210D08CB103F0010201261B0754BF9E
:1011D000183220320096082329462046FDF701FFE9
:1011E000304602B070BD1046FBE72046F9E700F03C
:1011F0000303012B08D0C30606D400F00C000C2812
:1012000014BF08200920704702207047034611F0E0
:10121000030005D003F00303022B14BF02200320B8
:1012200070472DE9F0414E1C07460D46E6F736FBA8
:10123000864203D900242046BDE8F081294638467D
:10124000E6F700FD8046FFF7D2FF18F0800F044656
:10125000F1D006443846E6F721FBB6B28642E9D81B
:101260002919C9B23846E6F7EDFC01464046FFF7BA
:10127000CDFF2044C4B2DEE7F8B506460D46FFF7C1
:10128000D0FF044610B900242046F8BD2946304658
:10129000E6F7D8FC8206F7D53046E6F7FFFA6F1C72
:1012A0002744BFB28742EED82919C9B23046E6F7C3
:1012B000C9FC00F01803082B14BF05340634E4B24F
:1012C000830644BF0834E4B2DEE738B50546FFF7CD
:1012D00005FF044608B9002038BD01462846FFF73F
:1012E000CBFF0028F7D02044C0B2F5E72DE9F0434A
:1012F00087B005460C46FDF7EFFC8046FDF7A3FBE3
:1013000007462846FFF7EAFE064601462846FFF74D
:1013100088FF0022034600922946324602A8FDF7C4
:1013200060FE9DF8086006F00C030C2B06F0030924
:101330000BD0B9F1010F59D0F10657D49DF80930FF
:101340000DF10A056371002007E0FF2363710DF1C1
:101350000900FDF778FB0DF10B05208198F80130AD
:10136000DA0704D508F10200FDF76DFB2081B9F121
:10137000010F5FFA89F83DD0F3063BD42846FDF70C
:1013800062FB6080A81CFDF75EFB053515F8013C8B
:10139000208023712B78A372B00606F0400348BF6B
:1013A00043F02003390627D543F40073F80448BFFF
:1013B00043F48063390548BF43F400633206E38099
:1013C00011D56A7812F003020DD0A9786FEA434371
:1013D0006FEA5343B8F1020FE3800B4611D1EB786B
:1013E00041EA0321218107B0BDE8F083FF230DF11D
:1013F0000905A7E7FF23CCE77A0648BF43F48073CB
:10140000D4E7012A04BF0B029BB22381EBE770B53E
:101410000646F6F739FA04463046EAF725F822463A
:10142000034600213046F5F71FFE0546C0B1FDF723
:1014300053FC04462846E6F715FAE21D121A00236B
:10144000D2B229460820F9F772FD0138C0B201284E
:1014500006D8294630460122BDE87040E7F76CB84F
:1014600070BD10B513460A4600210446F5F7D6FDB7
:10147000014628B102222046E7F75EF8C0B210BD4F
:101480000120FCE707B5009313460A460021F5F753
:1014900021FD30B10021F3F755FAC0B203B05DF879
:1014A00004FB0120FAE7F6F7B9BC0BB1F6F722BD51
:1014B0000AB9F6F79BBDFF21F6F7C4BC10B5013998
:1014C0000244904201D1002005E0037811F8014F59
:1014D000A34201D0181B10BD0130F2E7884210B5BD
:1014E00001EB020402D98442234607D8431EA142DD
:1014F00008D011F8012B03F8012FF8E70244014648
:101500008A4200D110BD13F8014D02F8014DF7E7F2
:1015100002440346934200D1704703F8011BF9E7E8
:1015200010B56AB10139841810F8012B11F8013F88
:101530009A4203D1A04201D0002AF5D1D01A10BDA1
:101540001046FCE77047704710F8012B11F8013B7B
:10155000012A28BF9A42F7D0D01A70470A44914214
:1015600000F1FF3300D1704710B511F8014B03F8BB
:10157000014F9142F9D110BD034613F8012B002A07
:10158000FBD1181A01387047431C08BF0020E1F74F
:10159000D5BE0000000000000000000000000000B8
:1015A000F8B500BFF8BC08BC9E467047F8B500BF50
:1015B000F8BC08BC9E4670475FF800F0B1250020DB
:1015C000000000000000000000000000000000001B
:1015D000000000000000000000000000000000000B
:1015E0004A6F696E002573206E6574776F726B2089
:1015F00025733A20307825303258006200094C4378
:101600004B2D42493430300D536D617274486F6D0B
:1016100065506C7573000000A90D0000850C00007A
:10162000190C0000A50C0000010D00005D0C00006D
:1016300000000000050000000000000000C20100E2
:101640000005000000100000000000000000000085
:1016500015001701180019001A001B001C002700B4
:1016600030003100360037003A003B003C004400B7
:10167000450046005D00696E666F006C696273002C
:101680006273656E640072657365740072617700E1
:1016900073656E645F6D756C7469636173740073F8
:1016A000656E642D7573696E672D6D756C746963F5
:1016B0006173742D62696E64696E670074696D652B
:1016C00073796E63006765742D7074692D7261643F
:1016D000696F2D636F6E66696700636F6E66696719
:1016E0002D6363612D6D6F64650076657273696F3C
:1016F0006E006576656E74730073656375726974E8
:1017000079007A69676265655F7072696E740070EE
:101710006C7567696E006E6574006B657973006F38
:101720007074696F6E00706C7567006368616E67D6
:10173000656B6579006368616E67656B007A646FDD
:10174000007072696E742072656C617465642063E8
:101750006F6D6D616E64732E0061747472007469D4
:101760006D65005A646F2072656C617465642063F6
:101770006F6D6D616E64732E00726F7574650070AD
:101780006F776572006D676D742D6C7169006D67A0
:101790006D742D62696E64006C65617665006E6FB4
:1017A00064650073696D706C650069656565006EE0
:1017B000776B00756E62696E64006E776B2D757065
:1017C00064006F75742D636C2D6C69737400696EA1
:1017D0002D636C2D6C697374005A646F20696E2DD3
:1017E000636C2D6C6973742072656C617465642020
:1017F000636F6D6D616E64732E00616464005A6482
:101800006F206F75742D636C2D6C69737420726515
:101810006C6174656420636F6D6D616E64732E001E
:101820005A646F206E776B2D7570642072656C61E1
:1018300074656420636F6D6D616E64732E007363F5
:10184000616E2D6368616E2D6D61736B00736361F2
:101850006E006368616E5067006368616E005A6471
:101860006F20756E62696E642072656C6174656468
:1018700020636F6D6D616E64732E0067726F75709B
:1018800000756E6963617374006368616E67656B90
:1018900065792072656C6174656420636F6D6D613C
:1018A0006E64732E006C696E6B004F7074696F6E9E
:1018B0002072656C6174656420636F6D6D616E6428
:1018C000732E007265676973746572007461726764
:1018D0006574006469736300696E7374616C6C2D68
:1018E000636F64650062696E64696E672D7461621E
:1018F0006C65007072696E742D72782D6D736773EC
:101900000061707372657472790041505320726582
:1019100074727920666C616720666F7263652063FC
:101920006F6D6D616E64730064656661756C7400E3
:10193000456E61626C65732F44697361626C657397
:10194000207072696E74696E67206F66205278200D
:101950006D657373616765732E00656E61626C659A
:101960000064697361626C650042696E64696E67E8
:10197000207461626C652072656C617465642063BB
:101980006F6D6D616E64732E00536563757269745B
:1019900079206B6579732072656C6174656420636E
:1019A0006F6D6D616E64732E0064656C65746500A7
:1019B0004E6574776F726B2072656C61746564201C
:1019C000636F6D6D616E64732E00666F726D007271
:1019D000656A6F696E2D646966662D6465766963F4
:1019E000652D747970650065787470616E69640046
:1019F00069736F70656E0062726F61642D706A6FDB
:101A0000696E006368616E67652D6368616E6E65FF
:101A10006C00696E6974006368616E67652D6B6543
:101A200065702D616C6976652D6D6F6465007469F4
:101A30006D656F75742D6F7074696F6E2D6D617348
:101A40006B006D756C74692D7068792D737461729B
:101A500074006D756C74692D7068792D73746F7076
:101A60000066696E64006E6574776F726B206669DC
:101A70006E6420636F6D6D616E64732E006A6F69B2
:101A80006E61626C6500756E757365640069646C87
:101A9000652D736C65657000636F756E7465727328
:101AA000006E6574776F726B2D7374656572696E05
:101AB00067007570646174652D74632D6C696E6B5D
:101AC0002D6B6579007570646174652D74632D6C80
:101AD000696E6B2D6B65792072656C61746564202D
:101AE000636F6D6D616E64730074696D6572006E15
:101AF0006574776F726B2D7374656572696E67209C
:101B000072656C6174656420636F6D6D616E647382
:101B10002E007072652D636F6E66696775726564FD
:101B20002D6B65792D736574006D61736B20726523
:101B30006C6174656420636F6D6D616E642E0073FB
:101B40007562747261637400656E61626C655F7466
:101B500079706500737461636B00617070007A6303
:101B60006C006C65676163795F61665F646562756F
:101B70006700636F756E746572732072656C617453
:101B8000656420636F6D6D616E64732E00707269A1
:101B90006E742D636F756E7465722D747970650047
:101BA00073696D706C652D7072696E740070726906
:101BB0006E742D7468726573686F6C6473007365FE
:101BC000742D7468726573686F6C640072657365F8
:101BD000742D7468726573686F6C64730073656EDE
:101BE000642D7265717565737400736563757269D0
:101BF00074792072656C6174656420636F6D6D61CA
:101C00006E6473007365742D616C6C6F772D7472E4
:101C10007573742D63656E7465722D72656A6F6974
:101C20006E2D7573696E672D77656C6C2D6B6E6F9D
:101C3000776E2D6B6579007365742D616C6C6F77B1
:101C40002D74727573742D63656E7465722D726573
:101C50006A6F696E2D7573696E672D77656C6C2D73
:101C60006B6E6F776E2D6B65792D74696D656F7511
:101C700074007365742D6B65792D7265717565736C
:101C8000742D706F6C696379006D66672D746F6B6E
:101C9000656E0061707300536563757269747920B5
:101CA0006170732072656C6174656420636F6D6D23
:101CB000616E64732E004765742F736574204D4602
:101CC0004720746F6B656E2E00656E64706F696E71
:101CD000742072656C6174656420636F6D6D616EF4
:101CE00064732E00436F6D6D616E647320746F209A
:101CF000636F6E74726F6C2069646C696E672F73AA
:101D00006C656570696E67206F6620746865206415
:101D1000657669636500666F7263652D6177616BD7
:101D200065006177616B652D7768656E2D6E6F74E8
:101D30002D6A6F696E6564005072696E74732074E9
:101D4000696D652E005072696E74732061747472CF
:101D500069627574652E00436C65617273207468E6
:101D600065205A444F206C697374206F6620636C41
:101D700069656E742028696E2920636C75737465BB
:101D800072732E004164647320636C7573746572A2
:101D90007320746F20746865206B6E6F776E20639C
:101DA0006C69656E742028696E2920636C75737484
:101DB000657273206F6E207468697320646576693C
:101DC00063652E00436C6561727320746865205AE8
:101DD000444F206C697374206F6620636C69656E74
:101DE0007420286F75742920636C75737465727321
:101DF0002E004164647320636C7573746572732084
:101E0000746F20746865206B6E6F776E20636C69E9
:101E1000656E7420286F75742920636C7573746502
:101E20007273206F6E2074686973206465766963CD
:101E3000652E0053656E647320616E207570646159
:101E40007465206368616E6E656C2072657175657E
:101E500073742E006368616E6E656C1F0053656E4F
:101E6000647320616E2075706461746520636861BD
:101E70006E6E656C2070616765207265712E2054EE
:101E8000686520737461636B2073656E6473206E84
:101E9000776B20656E68616E636564207570646140
:101EA00074652072657120666F72206E6F6E2D7A78
:101EB00065726F20706167652E006368616E6E6584
:101EC0006C1F706167651F00506572666F726D737D
:101ED00020616E20656E65726779207363616E2E76
:101EE000007461726765744E6F646549641F736343
:101EF000616E4475726174696F6E1F7363616E43C6
:101F00006F756E741F0042726F61646361737473E6
:101F100020746865204944206F6620746865206ECF
:101F20006577206E6574776F726B206D616E616787
:101F3000657220616E6420616374697665206368F0
:101F4000616E6E656C732E006E776B4D67654964CC
:101F50001F6368616E6E656C4D61736B1F00506529
:101F600072666F726D7320616E20656E657267793F
:101F7000207363616E206F6E20676976656E2063E3
:101F800068616E6E656C206D61736B2E007461729A
:101F90006765744E6F646549641F7363616E447551
:101FA000726174696F6E1F7363616E436F756E74D7
:101FB0001F6368616E6E656C4D61736B1F005365C6
:101FC0006E64732061206E6574776F726B2061643C
:101FD0006472657373207265717565737420666FC2
:101FE000722074686520676976656E2049454545AD
:101FF00020616464726573732E00696565651F00F6
:10200000526571756573747320616E20494545454D
:102010002061646472657373206261736564206F0C
:102020006E206120676976656E206E6F6465204959
:10203000442E006E6F646549641F0053656E6473BF
:1020400020612073696D706C6520646573637269CB
:1020500070746F72207265717565737420666F722B
:10206000207468652073686F72742061646472659F
:10207000737320616E6420656E64706F696E742086
:102080007370656369666965642E00646573741FA7
:10209000746172676574456E64706F696E741F0059
:1020A00053656E64732061206D6174636844657369
:1020B00063726970746F72735265717565737420A1
:1020C000746F2074686520676976656E2064657337
:1020D00074696E6174696F6E2077697468207468C2
:1020E0006520676976656E2070726F66696C652E13
:1020F000006E6F646549641F70726F66696C651F5E
:102100000053656E64732061206E6F6465206465A2
:102110007363726970746F72207265717565737420
:1021200020746F206120676976656E207461726724
:102130006574206465766963652E007461726765F5
:10214000741F0053656E64732061205A444F20420F
:10215000696E6420636F6D6D616E6420746F2061C1
:102160002064657669636520737065636966696577
:102170006420696E2074686520636F6D6D616E64A4
:1021800020617267756D656E74732E00446573749B
:10219000696E6174696F6E1F536F75726365206538
:1021A0006E64706F696E741F44657374696E6174D8
:1021B000696F6E20656E64706F696E741F636C75F5
:1021C0007374657249441F72656D6F746545554936
:1021D00036341F6465737445554936341F005365A2
:1021E0006E647320616E2061637469766520656E2C
:1021F00064706F696E742072657175657374207494
:102200006F207468652064657669636520776974FA
:10221000682074686520676976656E2073686F72E0
:10222000742049442E0053656E647320616E2075DE
:102230006E62696E64207265717565737420666F75
:1022400072206120756E69636173742062696E64C7
:10225000696E6720746F20746865207461726765A9
:1022600074206465766963652E00746172676574B5
:102270001F736F757263652065756936341F736FE0
:102280007572636520656E64706F696E741F636C30
:10229000757374657249441F64657374696E617403
:1022A000696F6E45554936341F64657374696E6194
:1022B00074696F6E20656E64706F696E741F005371
:1022C000656E647320616E20756E62696E64207243
:1022D00065717565737420666F722061206D756C11
:1022E0007469636173742062696E64696E672074D7
:1022F0006F20746865207461726765742064657608
:102300006963652E007461726765741F736F7572FF
:1023100063652065756936341F736F757263652058
:10232000656E64706F696E741F636C75737465722B
:1023300049441F67726F7570416464726573731FDF
:102340000053656E64732061205A444F204D616EC6
:102350006167656D656E74204C6561766520636F9D
:102360006D6D616E6420746F207468652074617295
:10237000676574206465766963652E0074617267B1
:1023800065741F72656D6F76654368696C6472650C
:102390006E1F72656A6F696E1F0053656E647320ED
:1023A00061205A444F204D474D542D42696E6420A0
:1023B0002842696E64696E67205461626C652920E9
:1023C0005265717565737420746F2074686520742C
:1023D0006172676574206465766963652E00746157
:1023E000726765741F7374617274496E6465781FD7
:1023F0000053656E64732061205A444F204D474D51
:10240000542D4C514920284C5149205461626C652F
:1024100029205265717565737420746F2074686526
:1024200020746172676574206465766963652E0047
:1024300053656E64732061205A444F20506F776556
:10244000722044657363726970746F722052657193
:102450007565737420746F20746865207461726789
:102460006574206465766963652E0053656E6473D8
:102470002061205A444F20726F7574652072657117
:102480007565737420636F6D6D616E6420746F2069
:10249000746865207461726765742E007461726778
:1024A00065741F696E6465781F00696E6465781FC6
:1024B00065756936341F696E7374616C6C436F6443
:1024C000651F00696E6465781F65756936341F6B1A
:1024D00065791F005443206C696E6B206B65792011
:1024E0007265717565737420706F6C6963791F41D3
:1024F0007070206C696E6B206B65792072657175E8
:1025000065737420706F6C6963791F00426F6F6C24
:102510003A20616C6C6F77207472757374206365F8
:102520006E7465722072656A6F696E207573696E6C
:10253000672077656C6C2D6B6E6F776E206B65799D
:102540001F0070726F66696C6549641F636C7573F8
:1025500074657249641F0074617267657449641F11
:1025600000456E61626C6573207072696E74696E8D
:1025700067206F66205278206D657373616765739D
:102580002E0053657473207468652062696E6469F7
:102590006E67207461626C6500696E6465781F63A4
:1025A0006C75737465721F6C6F63616C45701F721C
:1025B000656D6F746545701F65756936341F00431E
:1025C0006C65617273207468652062696E64696EFF
:1025D00067207461626C652E005072696E7473209E
:1025E0007468652062696E64696E67207461626CEC
:1025F0006520746F2074686520636F6D6D616E6413
:10260000206C696E652E00436C6561727320616C8D
:102610006C207365637572697479206B6579732EAC
:102620000044656C6574652074686520737065632B
:102630006966696564206C696E6B206B65792069D9
:102640006E6465782E005072696E747320616C6CD4
:10265000207365637572697479206B6579732E00D8
:102660005465726D696E6174657320746865206D60
:10267000756C74692D50485920696E746572666175
:102680006365005573656420746F207374617274A0
:10269000206D756C74692D50485920696E7465728F
:1026A00066616365206F74686572207468616E206E
:1026B0006E617469766520616E6420666F726D204C
:1026C000746865206E6574776F726B2E2054686530
:1026D00020737461636B20757365732073616D651E
:1026E0002050616E4964206173206E617469766563
:1026F00020726164696F206E6574776F726B2E0053
:10270000706167651F6368616E6E656C1F706F77BF
:1027100065721F6F7074696F6E734D61736B2028E3
:102720004269742030203D20526F757465727320A9
:10273000616C6C6F7765642C204269742031203D98
:102740002042726F61646361737420616C6C6F7797
:102750006564291F00417474656D70747320746F13
:10276000206368616E676520746865206368696CC2
:10277000642074696D656F7574206F7074696F6E15
:10278000206D61736B20746F2066696C74657220B4
:102790006F757420756E646573697261626C652013
:1027A00076616C7565732028652E672E206E6F200C
:1027B0006D6F7265207468616E2033206461797377
:1027C000292E0074696D656F7574206F7074696F60
:1027D0006E206D61736B1F00537769746368657356
:1027E000206265747765656E2064696666657265EA
:1027F0006E74206B65657020616C697665206D6F05
:1028000064657320737570706F727465642062798B
:10281000206120726F757465722E004B65657020A3
:10282000616C697665206D6F64651F005072696E1A
:102830007473207468652063757272656E74204EBF
:102840006F64652049442C2045554936342C20615D
:102850006E642050616E2049442E00496E6974698F
:10286000616C697A65732061206E6574776F726B35
:102870003B207468697320697320612074657374E8
:1028800020636F6D6D616E64207573656420666F83
:10289000722074632D737761702D6F757420746569
:1028A0007374696E672E00536574732074686520B5
:1028B0006E6574776F726B20696E646578207573CE
:1028C000656420627920616C6C2066757475726530
:1028D00020434C4920636F6D6D616E64732E202020
:1028E0004265666F726520657865637574696E67A9
:1028F000206120434C4920636F6D6D616E642C2014
:10290000746865206672616D65776F726B2073778E
:1029100069746368657320746F2074686973206ECE
:102920006574776F726B2E20204166746572207417
:10293000686520636F6D6D616E642066696E697392
:1029400068657320657865637574696E672C20749B
:102950006865206672616D65776F726B2073776949
:102960007463686573206261636B20746F207468A0
:10297000652070726576696F7573206E6574776F08
:10298000726B2E202054686520434C492075736576
:1029900073207468652073616D65206E6574776F50
:1029A000726B20696E64657820756E74696C207432
:1029B0006865206465766963652072657365747304
:1029C000206F72206974206973206368616E676587
:1029D00064207468726F7567682074686973206317
:1029E0006F6D6D616E642E00417474656D707473EB
:1029F00020746F206368616E676520646576696323
:102A000065206F76657220746F2061206469666648
:102A10006572656E74206368616E6E656C206769AF
:102A200076656E20696E20746865206368616E6EDD
:102A3000656C20617267756D656E742E00546865F3
:102A4000206368616E6E656C20746F206368616ED0
:102A5000676520746F1F0066696E64556E757365D7
:102A60006450616E49640066696E644A6F696E61A4
:102A7000626C654E6574776F726B005065726D693C
:102A80007473206A6F696E696E67206F6E20746858
:102A900065206E6574776F726B20666F722061209F
:102AA000676976656E206E756D626572206F66204F
:102AB0007365636F6E647320414E442062726F6170
:102AC0006463617374732061205A444F204D676DB5
:102AD00074205065726D6974204A6F696E696E6703
:102AE000207265717565737420746F20616C6C2041
:102AF000726F75746572732E00412073696E676C16
:102B000065206279746520696E6469636174696EB9
:102B10006720686F77206C6F6E672074686520642B
:102B200065766963652073686F756C64206861768B
:102B300065207065726D6974206A6F696E696E6771
:102B4000207475726E6564206F6E20666F722E2021
:102B5000412076616C7565206F662030786666204E
:102B60007475726E73206F6E207065726D6974205B
:102B70006A6F696E20696E646566696E6974656CFA
:102B8000792E1F00436865636B73206E6574776FE1
:102B9000726B20706A6F696E207374617475732E26
:102BA0000057726974657320746865206578746570
:102BB0006E6465642070616E20494420666F7220E7
:102BC000746865206465766963652E006578747045
:102BD000616E69641F0052656A6F696E7320616E71
:102BE000206578697374696E67206E6574776F729B
:102BF0006B20696E206120736563757265206F724A
:102C000020696E736563757265206D616E6E6572A5
:102C10002077697468206120646966666572656EF4
:102C2000742064657669636520747970652E00424E
:102C30006F6F6C65616E206E6574776F726B206B61
:102C4000657920617661696C6162696C6974791F6C
:102C50004368616E6E656C206D61736B1F416E2001
:102C6000656E756D65726174696F6E20696E6469F9
:102C7000636174696E672074686520646576696352
:102C800065207479706520746F2072656A6F696E53
:102C90002061732E54686520737461636B206F6EBE
:102CA0006C79206163636570747320454D424552B1
:102CB0005F454E445F44455649434520616E64205C
:102CC000454D4245525F534C454550595F454E4432
:102CD0005F4445564943452E1F0052654A6F696E51
:102CE000732061206E6574776F726B2E00426F6F78
:102CF0006C65616E206E6574776F726B206B6579A1
:102D000020617661696C6162696C6974791F4368DE
:102D1000616E6E656C206D61736B1F004C65617632
:102D200065732061206E6574776F726B2E00547529
:102D3000726E73207065726D6974206A6F696E6956
:102D40006E67206F6E20666F722074686520616DFB
:102D50006F756E74206F662074696D6520696E648E
:102D60006963617465642E00412073696E676C65E8
:102D7000206279746520696E6469636174696E6745
:102D800020686F77206C6F6E6720746865206465BB
:102D9000766963652073686F756C64206861766519
:102DA000207065726D6974206A6F696E696E672044
:102DB0007475726E206F6E20666F722E20412076C1
:102DC000616C7565206F6620307866662074757258
:102DD0006E73207065726D6974206A6F696E206908
:102DE0006E646566696E6974656C792E1F004A6F42
:102DF000696E732061206E6574776F726B206F6EE1
:102E0000206120676976656E206368616E6E656C0F
:102E10002C2077697468206120676976656E20547C
:102E20005820506F77657220616E642050414E20AB
:102E300049442E00546865206368616E6E656C209D
:102E40006F6E20776869636820746F206A6F696E9F
:102E500020746865206E6574776F726B1F4F6E65A6
:102E60002D62797465207369676E65642076616C84
:102E7000756520696E6469636174696E6720746842
:102E80006520545820506F776572207468617420F3
:102E900074686520726164696F2073686F756C6413
:102EA0002062652073657420746F1F54686520501C
:102EB000414E204944206F6E207768696368207412
:102EC0006F206A6F696E20746865206E6574776F15
:102ED000726B1F00466F726D732061206E65747790
:102EE0006F726B206F6E206120676976656E20635C
:102EF00068616E6E656C2C2077697468206120674C
:102F00006976656E20545820506F77657220616E27
:102F1000642050414E2049442E0054686520636867
:102F2000616E6E656C206F6E2077686963682074CF
:102F30006F20666F726D20746865206E6574776FA0
:102F4000726B1F4F6E652D62797465207369676EB1
:102F500065642076616C756520696E64696361746F
:102F6000696E672074686520545820506F776572C9
:102F700020746861742074686520726164696F20D0
:102F800073686F756C642062652073657420746F5C
:102F90001F5468652050414E204944206F6E2077B1
:102FA0006869636820746F20666F726D207468654D
:102FB000206E6574776F726B1F005468697320739D
:102FC000657473207468652074686520616D6F7521
:102FD0006E74206F662074696D6520626574776514
:102FE000656E2073756273657175656E7420747299
:102FF0007573742063656E746572206C696E6B20E6
:103000006B6579207570646174657320696E206DDD
:10301000696C6C697365636F6E64732E00546865C8
:1030200020616D6F756E74206F662074696D652008
:103030006265747765656E20737562736571756519
:103040006E742074727573742063656E746572207B
:103050006C696E6B206B6579207570646174657343
:1030600020696E206D696C6C697365636F6E647343
:103070001F0053756274726163747320612063680A
:10308000616E6E656C2066726F6D2065697468652F
:103090007220746865207072696D617279206F7238
:1030A000207365636F6E64617279206368616E6E10
:1030B000656C206D61736B206F6620746865206E8F
:1030C0006574776F726B2D7374656572696E6720B6
:1030D000636F6D706F6E656E742E0054686520634B
:1030E00068616E6E656C206D61736B20746F207308
:1030F0007562747261637420746865206368616EC0
:103100006E656C2066726F6D1F5468652063686120
:103110006E6E656C20746F20737562747261637477
:1031200020746865206D61736B2066726F6D1F007F
:10313000416464732061206368616E6E656C207405
:103140006F206569746865722074686520707269A3
:103150006D617279206F72207365636F6E64617246
:1031600079206368616E6E656C206D61736B206F92
:103170006620746865206E6574776F726B2D73744A
:10318000656572696E6720636F6D706F6E656E74D2
:103190002E00546865206368616E6E656C206D61F9
:1031A000736B20746F206164642061206368616EBA
:1031B0006E656C20746F1F546865206368616E6E65
:1031C000656C20746F2061646420746F207468657E
:1031D000206D61736B1F005365747320656974689B
:1031E000657220746865207072696D617279206FF4
:1031F00072207365636F6E64617279206368616EBB
:103200006E656C206D61736B2E0054686520636879
:10321000616E6E656C206D61736B20746F207375C9
:1032200062747261637420746865206368616E6E95
:10323000656C2066726F6D1F5468652076616C75D1
:103240006520746F207365742074686520636861FD
:103250006E6E656C206D61736B20746F2E1F005352
:1032600065747320746865207072652D636F6E6677
:10327000696775726564206B657920736F20746867
:10328000617420746865206A6F696E696E67206476
:1032900065766963652063616E20656E7465722072
:1032A000746865206E6574776F726B2E0053657459
:1032B000732074686520707265636F6E66696775E8
:1032C000726564206B65791F0053746F707320748E
:1032D0006865206E6574776F726B207374656572B4
:1032E000696E672070726F636573732E005374612B
:1032F00072747320746865206E6574776F726B20CA
:103300007374656572696E672070726F636573733D
:103310002E0041206D61736B206F66206F707469A1
:103320006F6E7320666F7220696E64696361746981
:103330006E672073706563696669632062656861A2
:1033400076696F722077697468696E207468652089
:103350006E6574776F726B2D7374656572696E67D5
:103360002070726F636573732E1F00446973706CF5
:10337000617973207468652063757272656E74205C
:10338000737461747573206F6620746865206E6550
:1033900074776F726B207374656572696E672070E5
:1033A000726F636573732E00456E61626C652F6486
:1033B000697361626C6520646562756720606C6525
:1033C0006761637920617070206672616D65776FE7
:1033D000726B20646562756760207072696E74201C
:1033E000747970652E00456E61626C652F64697337
:1033F00061626C651F00456E61626C652F64697364
:1034000061626C6520646562756720607A636C60D8
:10341000207072696E7420747970652E00456E613B
:10342000626C652F64697361626C652064656275A6
:1034300067206061707060207072696E74207479AA
:1034400070652E00456E61626C652F646973616200
:103450006C652064656275672060636F72656020CB
:103460007072696E7420747970652E00456E6162A9
:103470006C652F64697361626C6520646562756751
:103480002060737461636B60207072696E74207465
:103490007970652E0053656E6473206120726571CA
:1034A0007565737420666F72204F544120636F7589
:1034B0006E746572732E0052657365747320616C4F
:1034C0006C207468726573686F6C64732076616CCD
:1034D00075657320746F203078464646462E00533B
:1034E0006574732061207468726573686F6C642002
:1034F00076616C756520666F7220612070617274F0
:103500006963756C61722074797065206F662063E1
:103510006F756E7465722E0054797065206F662029
:10352000636F756E7465721F5468726573686F6C33
:10353000642056616C75651F005072696E7473204B
:10354000746865207468726573686F6C6473206F4B
:103550006620616C6C2074686520636F756E74659D
:1035600072732E00436C6561727320616C6C206312
:103570006F756E7465722076616C7565732E005080
:1035800072696E747320616C6C20636F756E746504
:10359000722076616C7565732E005072696E74735B
:1035A000207468652076616C7565206F662074688C
:1035B000697320706172746963756C617220636FE6
:1035C000756E7465722E0054686520636F756E7435
:1035D0006572207479706520746F207072696E74E2
:1035E0001F005072696E747320616C6C20636F757C
:1035F0006E7465722076616C75657320616E6420EF
:10360000636C65617273207468656D2E0053657418
:10361000204D464720746F6B656E2C2043414E4E03
:103620004F5420424520554E534554204259204383
:103630004C492E005072696E74204D464720746FBD
:103640006B656E2E005072696E74206163746976CA
:1036500065206576656E74732E0044697361626CD3
:10366000652074686520656E64706F696E7420668D
:103670006F72205A434C206D657373616765732EBA
:1036800000456E64706F696E7420696E6465781FA2
:1036900000456E61626C65732074686520656E64B8
:1036A000706F696E7420666F72205A434C206D658E
:1036B0007373616765732E005072696E7420737442
:1036C00061747573206F6620656E64706F696E74C7
:1036D000732E0053686F7773207468652076657267
:1036E00073696F6E206F662074686520736F6674EF
:1036F000776172652E005365742074686520636F6E
:103700006E66696775726564203830322E31352EE9
:103710003420434341206D6F646520696E207468D6
:103720006520726164696F2E2053656520646F6344
:10373000756D656E746174696F6E20726567617214
:1037400064696E67205241494C5F494545453830B0
:10375000323135345F4363614D6F64655F742E00B1
:1037600041205241494C5F49454545383032313559
:10377000345F4363614D6F64655F742076616C757F
:10378000651F0052657475726E7320505449207223
:103790006164696F20636F6E66696720696E666F2A
:1037A000726D6174696F6E20746F206465746572E8
:1037B0006D696E6520746865205048592074797071
:1037C00065206265696E6720757365642062792083
:1037D0005241494C2E2072657475726E2076616C70
:1037E000756520697320656E756D205241494C5F87
:1037F000494545453830323135345F50746952613E
:1038000064696F436F6E6669675F7420652E672019
:10381000205241494C5F49454545383032313534B5
:103820005F5054495F524144494F5F434F4E4649B0
:10383000475F32503447485A203D20307830305569
:10384000205241494C5F4945454538303231353485
:103850005F5054495F524144494F5F434F4E464980
:10386000475F32503447485A5F414E5444495620CE
:103870003D203078303155205241494C5F49454513
:10388000453830323135345F5054495F52414449F4
:103890004F5F434F4E4649475F32503447485A5F67
:1038A000434F4558203D2030783032552052414911
:1038B0004C5F494545453830323135345F505449C5
:1038C0005F524144494F5F434F4E4649475F325034
:1038D0003447485A5F414E544449565F434F455818
:1038E000203D2030783033550053656E647320617D
:1038F0002072656164206174747220666F72207436
:1039000068652074696D65206F6620746865206441
:103910006576696365207370656369666965642EA1
:103920002049742073657473206120666C61672080
:10393000736F207768656E206974206765747320E3
:1039400074686520726573706F6E7365206974208A
:10395000777269746573207468652074696D652079
:10396000746F20697473206F776E2074696D6520A1
:10397000617474722E0049641F737263456E6470C3
:103980006F696E741F64657374456E64706F696EE1
:10399000741F005768656E2073656E64696E6720DA
:1039A0007573696E6720612062696E64696E672C49
:1039B00020737065636966696573207768657468EC
:1039C00065722061206D756C746963617374206227
:1039D000696E64696E672073686F756C64206265D8
:1039E00020757365642E007573654D756C7469631D
:1039F00061737442696E64696E671F0053656E641B
:103A0000732061207072652D6275666665726564EB
:103A1000206D756C746963617374206D6573736177
:103A2000676520746F206120676976656E20677214
:103A30006F75702049442066726F6D206120676940
:103A400076656E20656E64706F696E742E006772A5
:103A50006F757049641F7372632D656E64706F6952
:103A60006E741F00437265617465732061206D651B
:103A70007373616765206279207370656369667925
:103A8000696E672074686520726177206279746559
:103A9000732E20557365207468652073656E6420ED
:103AA000636F6D6D616E6420746F2073656E64204A
:103AB000746865206D657373616765206F6E6365FB
:103AC00020697420686173206265656E2063726589
:103AD000617465642E2045783A20726177203078D1
:103AE00030303046207B30302030412030302031A3
:103AF000312032322033332034342035357D207369
:103B0000656E64732061206D6573736167652074F1
:103B10006F20636C7573746572203135202830789E
:103B20003030304629206F66206C656E67746820DF
:103B30003820776869636820696E636C75646573A3
:103B400020746865205A434C206865616465722E54
:103B500000436C757374657249641F446174611F1E
:103B60000052657365747320746865206E6F6465B8
:103B70002E005772697465732061206D65737361DF
:103B800067652E00456E64706F696E741F436C75B7
:103B9000737465722049441F41747472696275744C
:103BA000652049441F4D61736B1F4461746120742B
:103BB0007970651F4461746120627974651F0052D9
:103BC000656164732061206D6573736167652E00A4
:103BD000456E64706F696E741F436C7573746572A3
:103BE0002049441F417474726962757465204944A8
:103BF0001F31206966207365727665722064697270
:103C0000656374696F6E2C203020696620636C696F
:103C1000656E7420646972656374696F6E1F00530A
:103C2000656E64732061206D6573736167652E0036
:103C300044657374696E6174696F6E1F536F75723A
:103C4000636520656E64706F696E741F446573747C
:103C5000696E6174696F6E20656E64706F696E74F1
:103C60001F00536F7572636520656E64706F696EB7
:103C7000741F004C69737473207768696368206FE0
:103C80007074696F6E616C206C69627261726965D3
:103C900073206F662074686520737461636B2061A4
:103CA000726520696D706C656D656E746564206FFA
:103CB0006E2074686973206465766963652E0050B0
:103CC00072696E747320696E666F726D6174696F6C
:103CD0006E2061626F757420746865206E657477FC
:103CE0006F726B2073746174652C20636C757374D0
:103CF0006572732C20616E6420656E64706F696EEE
:103D000074732E00536574206F7220636C6561724A
:103D10002073746179206177616B65207768656EC7
:103D2000206E6F74206A6F696E656400536574203D
:103D30006F7220636C65617220666F7263652061CB
:103D400077616B6500446973706C61792074686594
:103D500020736C6565702073746174757300000066
:103D600076160300C84D0300000000007B16030018
:103D7000B84D03000000000080160300A84D0300AA
:103D80000000000081160300984D030000000000B1
:103D9000D67F0300844D030000000000C97F0300AC
:103DA000704D03000000000086160300604D030004
:103DB000000000008C160300504D030000000000BE
:103DC00090160300404D0300000000009F16030002
:103DD000304D030000000000BC160300204D03001E
:103DE00000000000C5160300104D03000000000095
:103DF000DA160300004D030000000000EA1603007D
:103E0000F04C030000000000F2160300B04C030069
:103E10000000000026920300784603000000000026
:103E2000F9160300B8450300000000000217030064
:103E3000BC440300000000000F170300B043030060
:103E400000000000D8790300884203000000000051
:103E50001617030088420300010000001A17030030
:103E600048420300000000001F1703000C4103003C
:103E700000000000055303000C4103000100000096
:103E80000F170300B04303000000000026170300D3
:103E9000B0430300010000002B170300D8400300CB
:103EA0000000000035170300D840030001000000A7
:103EB0003D170300083F030000000000536A0300A1
:103EC000D43E0300000000000000000000000000DD
:103ED00000000000E43E03004117030047530300C5
:103EE000FE0000005917030008470300000000000F
:103EF0005E170300F8460300000000000000000009
:103F00000000000000000000183F030063170300DA
:103F100047530300FE0000007917030088480300A0
:103F2000000000007F170300784803000000000035
:103F30008517030068480300000000008E17030087
:103F40005848030000000000981703004848030089
:103F500000000000A56503001048030000000000F9
:103F6000BA6E0300FC470300000000009E17030028
:103F7000EC47030000000000926A0300DC470300E6
:103F800000000000A3170300CC470300000000005E
:103F9000AA170300BC47030000000000AF1703008E
:103FA000AC47030000000000B3170300A440030067
:103FB00000000000BA1703004C400300000000009E
:103FC000C21703001840030000000000CE170300D2
:103FD000E43F0300000000000000000000000000BB
:103FE00000000000F43F0300D9170300475303000B
:103FF000FE000000FA17030028470300000000003D
:10400000DE880300184703000000000000000000E5
:10401000000000000000000028400300FE1703001D
:1040200047530300FE000000FA170300484703004F
:1040300000000000DE880300384703000000000095
:104040000000000000000000000000005C400300D1
:104050002018030047530300FE0000003E18030031
:104060009847030000000000251B03008847030059
:10407000000000004D180300784703000000000016
:10408000521803006847030000000000591803009D
:10409000584703000000000000000000000000007E
:1040A00000000000B44003005E1803004753030003
:1040B000FE0000007B1803003448030000000000ED
:1040C00081180300204803000000000000000000E9
:1040D0000000000000000000E84003008918030011
:1040E00047530300FE000000A5180300C848030062
:1040F00000000000D8790300B84803000000000069
:104100000000000000000000000000001C4103004F
:10411000AA18030047530300FE000000C318030061
:104120007849030000000000CC1803006849030030
:1041300000000000D31803005849030000000000ED
:10414000A5180300A848030000000000D8180300C9
:104150009848030000000000E5180300084203002F
:1041600000000000F3180300D44103000000000029
:10417000011903009441030000000000F916030038
:10418000B84503000000000000000000000000002F
:1041900000000000A44103000A1903004753030074
:1041A000FE0000008E4E030048490300000000009E
:1041B0009F4E030038490300000000002819030047
:1041C000284903000000000000000000000000007B
:1041D00000000000E44103003019030047530300CE
:1041E000FE0000005A190300984903000000000077
:1041F000611903008849030000000000000000006E
:1042000000000000000000001842030069190300CC
:1042100047530300FE000000536A0300CC4903002B
:1042200000000000DE880300BC490300000000001D
:10423000251B0300A8490300000000000000000047
:10424000000000000000000058420300891903002C
:1042500047530300FE000000536A0300FC490300BB
:1042600000000000A9190300EC4903000000000051
:10427000DE880300DC4903000000000000000000AD
:10428000000000000000000098420300B019030085
:1042900047530300FE000000CA190300304B03001F
:1042A0000000000096880300204B0300000000007F
:1042B000FD190300104B03000000000098170300D5
:1042C000004B030000000000B1880300F04A030027
:1042D00000000000CF190300E04A030000000000C6
:1042E000E7190300D04A030000000000F0190300A2
:1042F000C04A030000000000F7190300B04A0300A1
:1043000000000000031A0300804A030000000000C0
:10431000251B0300704A030000000000121A03006E
:10432000604A030000000000ED190300504A03003A
:1043300000000000171A0300404A030000000000BC
:104340002E1A0300304A030000000000421A030046
:104350001C4A030000000000521A03000C4A03002C
:1043600000000000611A03007C430300000000000D
:104370000000000000000000000000008C4303006B
:10438000661A030047530300FE0000007D1A030075
:10439000A04A030000000000861A0300904A0300B0
:1043A000000000000000000000000000000000000D
:1043B000C04303004753030047530300FE000000BF
:1043C0008D1A0300B846030000000000981A03008D
:1043D0003C45030000000000A11A03002444030030
:1043E00000000000B21A0300FC43030000000000BC
:1043F0000000000000000000000000000C4403006A
:10440000C51A030047530300FE000000E91A030029
:10441000404B03000000000000000000000000000E
:104420000000000034440300EF1A03004753030068
:10443000FE0000002A7A0300B04B030000000000D9
:104440004C1A0300A04B0300000000005C1A03009C
:10445000904B030000000000121B0300804B030080
:1044600000000000481803007C4403000000000026
:104470000000000000000000000000008C44030069
:10448000291B030047530300FE000000251B030007
:10449000704B030000000000FA170300604B03009C
:1044A000000000003F1B0300504B03000000000011
:1044B000000000000000000000000000CC440300E9
:1044C0004753030047530300FE000000481B03004E
:1044D000E4440300000000000000000000000000B1
:1044E00000000000F4440300475303004753030057
:1044F000FE000000541B0300004C030000000000FD
:10450000C9940300F04B0300000000005A1B030095
:10451000E04B0300000000005E1B0300D04B0300D3
:1045200000000000621B0300C04B030000000000FD
:104530000000000000000000000000004C450300E7
:10454000721B030047530300FE000000536A030080
:10455000804C0300000000008D1B0300704C030022
:1045600000000000A01B0300604C030000000000DE
:10457000DE880300504C030000000000AD1B030068
:10458000404C030000000000BE1B0300304C030041
:1045900000000000CC1B0300204C030000000000C2
:1045A000DD1B0300104C03000000000000000000B1
:1045B0000000000000000000C8450300EA1B0300E3
:1045C00047530300FE000000041C0300F8480300EA
:1045D00000000000371C0300E84803000000000052
:1045E000721C0300D848030000000000891C03006F
:1045F0004446030000000000931C03001046030023
:1046000000000000000000000000000000000000AA
:1046100020460300971C030047530300FE000000E0
:104620008E4E030018490300000000009F4E030057
:104630000849030000000000000000000000000026
:104640000000000054460300B61C0300475303005B
:10465000FE000000CF180300A04C03000000000083
:10466000251B0300904C0300000000000000000028
:10467000000000000000000088460300C91C030081
:1046800047530300FE000000536A0300E04C0300A0
:10469000000000005A190300D04C03000000000085
:1046A00061190300C04C030000000000000000007E
:1046B0000000000000000000C8460300E41C0300E6
:1046C00047530300FE0000002A7A0300F84D030060
:1046D00000000000161D0300E84D0300000000006C
:1046E000221D0300D84D0300000000000000000060
:1046F0000000000000000000B3AC0200381D030001
:1047000047530300FF000000AFAC0200451D03004B
:1047100047530300FF000000E5850000571D03001C
:1047200047530300FF00000081850000841D030043
:104730004C25030001FF0000E5850000C41D0300B7
:1047400047530300FF00000081850000F21D0300B5
:104750004C25030001FF000019860000331E0300F2
:10476000541E030000FF0000198600005D1E0300B8
:10477000BA1E03000000FF00A5860000C81E03004B
:10478000E11E0300010001FF11870000061F030066
:10479000481F03000102FF00A58600005E1F030002
:1047A0008D1F030001000102FF000000658400006E
:1047B000BE1F0300FA1F030007FF000085840000EE
:1047C000002003003320030001FF00009984000053
:1047D0003B2003008B2003000100FF00C188000084
:1047E000A0200300F12003000101FF00C9840000A4
:1047F000012103003B21030001FF0000F5840000BC
:10480000432103008C210300010000010707FF0082
:1048100041870000DE2103003320030001FF000078
:1048200049880000262203006A22030001070001D4
:104830000700FF0011AD0200BF22030005230300A3
:104840000107000101FF0000C987000041230300A8
:104850007C230300010000FF998700009A230300D6
:10486000DE2303000100FF0069870000F12303003D
:10487000DE2303000100FF0019880000302403003C
:104880003B21030001FF0000898800006B24030026
:104890009C2403000100FF005572000047530300F1
:1048A000AA240300000707FFED710000475303002F
:1048B000C3240300000707FF4577000047530300A8
:1048C000CF24030007FF0000457700004753030093
:1048D000CF24030007FF00002177000047530300A7
:1048E000D42403000000FF000177000047530300B9
:1048F000EA82030001FF0000C9760000475303006D
:104900000C25030000FF0000CD7100004753030099
:1049100047530300FF000000CD7100004753030020
:1049200047530300FF00000061AC0200475303003F
:1049300047530300FF00000061AC0200475303002F
:1049400047530300FF00000061AC0200475303001F
:1049500047530300FF0000009D7100004753030010
:10496000422503000101FF00897100004753030045
:104970005725030001FF00005DAC02004753030010
:1049800047530300FF000000517100003819030075
:1049900047530300FF000000517100006125030030
:1049A00047530300FF000000E5720000822503006A
:1049B000992503000001000007FF000059AC020028
:1049C000BF25030047530300FF0000004D700000A7
:1049D000D925030047530300FF000000ADAC0200DF
:1049E0000726030047530300FF0000009FAC0200AE
:1049F00021260300A324030000FF00001D7A00000D
:104A00004626030047530300FF000000216F00000B
:104A10006026030047530300FF000000B56E00004E
:104A2000832603000027030000000310FF0000009E
:104A3000916F000055270300C327030001FF00000A
:104A4000656F0000D82703001B28030000FF00004B
:104A5000796E00002C28030047530300FF0000007C
:104A600057AC02005B28030047530300FF0000001F
:104A7000556E0000A7280300A324030000FF0000D8
:104A8000216E0000E82903003D2A030000FF00001A
:104A9000056E0000572A030047530300FF00000083
:104AA000E96D0000672A030047530300FF00000080
:104AB00047AC02007B2A0300F92A030000FF000034
:104AC000B96D0000842B030047530300FF00000072
:104AD000756D0000A12B0300CC2B030007FF000025
:104AE000396D0000D62B03002F2C0300000500FFBA
:104AF000F16C0000DA2C0300ED2C03000002FF0033
:104B0000CD6C00001C2D030047530300FF00000084
:104B100047AC02002E2D0300682D030000FF0000AB
:104B2000616C0000EE2D0300342E0300000301FF32
:104B3000516C0000D42E03001A2F0300000301FF64
:104B40006DB40200BA2F03001D30030002FF000005
:104B50006990000072300300DB3003000000FF00AA
:104B60006990000030310300923103000000FF0023
:104B700009910000D73103000A3203000002FF0050
:104B8000659200005F320300AD32030007FF0000B2
:104B90003D920000C932030047530300FF000000AC
:104BA00051900000ED3203001233030000FF0000BB
:104BB0005D9100006B33030047530300FF000000CA
:104BC00031B40200A8330300E633030000FF000005
:104BD0002BB40200F6330300E633030000FF0000AD
:104BE00025B402001D340300E633030000FF00007B
:104BF0001FB4020044340300E633030000FF00004A
:104C000019B402006C340300E633030000FF000017
:104C100001B402009534030047530300FF00000075
:104C200007B40200B734030047530300FF0000003D
:104C3000998D0000DF340300183503000001FF00E8
:104C4000C58D00003935030047530300FF00000005
:104C500003B402006435030047530300FF00000063
:104C6000FDB302007F35030047530300FF0000003F
:104C7000558D00009A350300C735030000FF000082
:104C8000EFB30200E235030047530300FF000000CA
:104C9000997700000D36030047530300FF00000022
:104CA000997700003436030047530300FF000000EB
:104CB000416C00004536030047530300FF0000002D
:104CC0000D6C00005A3603008136030000FF00001F
:104CD0000D6C0000913603008136030000FF0000D8
:104CE000A56B0000B836030047530300FF00000027
:104CF0003FAC0200D336030047530300FF0000001F
:104D000005680000F63603006037030000FF00006E
:104D1000E56700008337030047530300FF000000EE
:104D200071830000E938030076390300010000FFB9
:104D30006182000093390300E739030000FF00009F
:104D400095820000FC3903004E3A03000100FF0089
:104D500001820000643A0300513B03000107FF0099
:104D600043AC0200613B030047530300FF00000017
:104D7000017C0000723B0300843B03000001010042
:104D80000007FF00F17A0000BF3B0300D03B0300A7
:104D900000010100FF000000958200001F3C03009D
:104DA000303C0300010000FF697A00001F3C030053
:104DB000623C030000FF00009DC80000733C03003C
:104DC00047530300FF00000039680000BF3C0300A8
:104DD00047530300FF000000F18C0000043D030076
:104DE0005327030000FF0000B98C00002C3D030096
:104DF0005327030000FF0000698C0000453D0300BD
:104E000047530300FF434C4920696E7374616E631E
:104E100065206578616D706C650000000100000020
:104E2000F02B00202F250020E1180000DF99020060
:104E30000B9A0200379A02004F9A02005A434C2004
:104E4000636F6D6D616E64730062617369630067A7
:104E50006C6F62616C006D66672D636F64650075D1
:104E600073652D6E6578742D73657175656E6365F8
:104E700000782D64656661756C742D7265737000C1
:104E8000746573742D726573706F6E73652D6F6EBC
:104E900000746573742D726573706F6E73652D6F1A
:104EA0006666005A434C20626173696320636C75C7
:104EB0007374657220636F6D6D616E6473007274DC
:104EC000666400436F6D6D616E6420746861742068
:104ED00072657365747320616C6C2061747472699F
:104EE000627574652076616C75657320746F2066D9
:104EF0006163746F72792064656661756C742E00ED
:104F00005E1B0300BC200020000000000000000029
:104F10000000000000000000494E0300844F030021
:104F2000000000004F4E03006486030000000000F4
:104F3000564E030034880300000000005E17030093
:104F400024880300000000005F4E03001488030063
:104F500000000000714E0300048803000000000000
:104F6000804E0300F487030000000000914E030010
:104F7000E4870300000000000000000000000000C3
:104F800000000000944F0300A34E030047530300AA
:104F9000FE000000BE4E0300AC4F03000000000006
:104FA0000000000000000000000000006D980200FA
:104FB000C34E030047530300FF00000013B779FA04
:104FC000C925DDB7ADF3CFE0F1B614B8010200009A
:104FD00000000000FFFFFFFF0100000001000000D3
:104FE00000000000000000000000000000000000C1
:104FF00000000000000000000000000000000000B1
:10500000000000000000000000000000A39A020061
:105010009F9A02007D9A02007B9A0200D519000037
:10502000AD9A0200991900002C0000000200000057
:1050300040787D0100000000005A6202000100007B
:10504000C0CF6A0002000000809FD500020100006E
:10505000002D3101020200000100000000000000EC
:105060000400000001000000080000000100000032
:10507000100000000100000000010000010000001D
:10508000000800001D000000000200001D000000DC
:10509000000400001D000000000001001D000000D1
:1050A0000003010303030200000800FC1C5103007D
:1050B00001000107C8500300000800F8D8500300A1
:1050C000000000000000000083FFBFFFE2FFF1FFCF
:1050D000F9FFFEFF00000000C800FCFEF800C50A52
:1050E000571EFBFF7B0095047C02FFFF4A00B602BF
:1050F00046DFFFFF2D00AD01412F00001C0007011E
:10510000854700001200A700974600000B006700CB
:105110001A3C00000600220068230000C800FCFEC4
:10512000FC00D80A066CFBFF8800370518E2FEFF7A
:1051300053000403F5E3FFFF3200B9019D43000073
:1051400029005701F85700001600D10058570000F9
:105150000E007C00D049000007002800172900003D
:1051600000000F400000000000040F40010000009C
:105170003E2000556E6B6E6F776E206572726F7297
:10518000004D6178696D756D206E756D6265722078
:105190006F6620617267756D656E747320657863E4
:1051A00065656465640054686520617267756D6546
:1051B0006E74206973206E6F7420666F726D6174F7
:1051C00074656420636F72726563746C7900496EF4
:1051D000636F727265637420617267756D656E745A
:1051E000207479706500496E636F72726563742014
:1051F0006E756D626572206F6620617267756D6590
:105200006E7473004E6F20636F6D6D616E64206607
:105210006F756E6400000000475303007351030074
:105220007351030073510300735103007351030062
:105230007351030073510300735103007351030052
:105240007351030073510300735103007351030042
:105250007351030073510300735103007351030032
:105260007351030073510300735103007351030022
:105270007351030073510300735103007351030012
:105280007351030073510300735103007351030002
:10529000815103007351030073510300A6510300B1
:1052A00073510300735103007351030073510300E2
:1052B000CE51030073510300735103007351030077
:1052C00073510300E65103007351030004520300BD
:1052D00075696E7431360075696E743800756E6B61
:1052E0006E6F776E0077696C6463617264006865E5
:1052F000786F707400737472696E676F7074007584
:10530000696E7433326F70740075696E7431366F04
:1053100070740075696E74386F7074006865780019
:10532000737472696E670075696E743332002A0097
:105330002E2E2E200068656C70000A25730A2573D6
:105340002573002573200800000108070F000A00DC
:10535000C8002000A000010000000000A0006801BB
:105360000A200706020A04070000433A2F55736516
:1053700072732F4D61696E2F53696D706C6963692B
:10538000747953747564696F2F53444B732F676539
:10539000636B6F5F73646B2F706C6174666F726D9B
:1053A0002F736572766963652F6C65676163795FDA
:1053B00068616C2F7372632F626173652D72657003
:1053C0006C6163656D656E742E63002573203D20EE
:1053D00025346C780052657365742063617573655C
:1053E0003A205761746368646F67206578706972EA
:1053F00065642C206E6F2072656C6961626C65203B
:10540000657874726120696E666F726D6174696F20
:105410006E0A0052657365742063617573653A2086
:105420005761746368646F6720636175676874208F
:105430007769746820656E68616E63656420696E63
:10544000666F0A00496E737472756374696F6E20BB
:10545000616464726573733A2025346C780A005273
:10546000657365742063617573653A204173736574
:1054700072742025733A256C640A00526573657452
:105480002063617573653A204861726420466175D6
:105490006C740A00484653522E5645435454424CAD
:1054A0003A206572726F722072656164696E67205E
:1054B000766563746F72207461626C6520666F72CA
:1054C00020616E20657863657074696F6E0A0048AC
:1054D0004653522E464F524345443A20636F6E6600
:1054E0006967757261626C65206661756C742063B2
:1054F0006F756C64206E6F7420616374697661747B
:10550000650A00484653522E444542554745565475
:105510003A206661756C742072656C6174656420F4
:10552000746F206465627567202D20652E672E2CB0
:1055300020657865637574656420424B50540A0099
:1055400052657365742063617573653A204D656DAE
:105550006F7279204D616E6167656D656E7420466E
:1055600061756C740A00496C6C6567616C206163DD
:105570006365737320616464726573733A202534C4
:105580006C780A00434653522E25730A0052657305
:1055900065742063617573653A20427573204661B6
:1055A000756C740A004164647265737320697320BA
:1055B0006F6620616E20696E737472756374696FB3
:1055C0006E20616674657220627573206661756C09
:1055D00074206F636375727265642C206E6F742023
:1055E0007468652063617573652E0A0043465352E3
:1055F0002E286E6F6E6529206C6F6164206F72209B
:1056000073746F726520617420616E20696C6C65C3
:1056100067616C20616464726573730A005265731C
:1056200065742063617573653A2055736167652001
:105630004661756C740A0052657365742063617508
:1056400073653A204465627567204D6F6E69746FAB
:1056500072204661756C740A006D61696E00546851
:10566000726561640048616E646C65720025732028
:105670006D6F6465207573696E6720257320737480
:1056800061636B202825346C7820746F2025346C7E
:1056900078292C205350203D2025346C780A002591
:1056A000752062797465732075736564202825758B
:1056B00025252920696E20257320737461636B2072
:1056C000286F7574206F6620257520627974657364
:1056D00020746F74616C290A005350206973206F25
:1056E00075747369646520257320737461636B201E
:1056F00072616E6765210A00496E74657272757019
:1057000074732061637469766520286F72207072EB
:10571000652D656D7074656420616E6420737461BD
:10572000636B6564293A0A004E6F20696E74657276
:105730007275707473206163746976650A000D0A6E
:105740005B4153534552543A25733A25645D0D0A23
:1057500000554E4B00474F200042544C00474F32FB
:1057600000474F3300474F3400474F3500474F360F
:1057700000474F3700474F3800474F3900474F41E8
:1057800000474F4200474F4300474F4400474F45B3
:1057900000474F46004A4D50004244520055505277
:1057A0000042544D004D534D0046544C00554E4B55
:1057B00000474F200042544C004241440046544CA4
:1057C00000465243004F54410044534C00554E4B49
:1057D0000050494E00454D3400554E4B0048562070
:1057E00000554E4B00455850004C574D00554E4B00
:1057F000005242540044534C00454D3400554E4B2A
:105800000041535400554E4B0056465900494E48EE
:1058100000554E4B004C434B0058544C004F4246F1
:1058200000554E4B00485244004D454D00425553E3
:10583000005553470044424700444D4100564354ED
:1058400000554E4B00555020005250200041503022
:105850000041503100415020004450200044454355
:10586000000000005157030055570300AD570300D7
:10587000CD570300D9570300E1570300ED5703004C
:10588000FD57030005580300115803002158030079
:1058900041580300554E4B004649420042544C00CB
:1058A0004558540050575200574447002053570062
:1058B000435253004653480042414400464C540072
:1058C00042524F0001040000050B060B070B0000BD
:1058D00000000000010301090600010500000000AE
:1058E00000000000030652300052310052320052D4
:1058F00033005234005235005236005237005238CD
:1059000000523900523130005231310052313200F0
:10591000523133284C5229004D53500050535000FF
:1059200050430078505352004D53502075736564B6
:105930000050535020757365640043535441434BEA
:1059400020626F74746F6D00494353520053484393
:10595000535200494E545F41435449564530004923
:105960004E545F414354495645310043465352001B
:10597000484653520044465352004D4D41522F4227
:105980004641520041465352005265743000526500
:10599000743100526574320052657433005265747C
:1059A00034005265743500446174300044617431D0
:1059B0000000454D555F4952516E004652435F50BD
:1059C00052495F4952516E0057444F47305F495228
:1059D000516E0057444F47315F4952516E00465255
:1059E000435F4952516E004D4F44454D5F495251FE
:1059F0006E005241435F5345515F4952516E005210
:105A000041435F52534D5F4952516E0042554643E8
:105A10005F4952516E004C444D415F4952516E00F6
:105A20004750494F5F4556454E5F4952516E0055AC
:105A300053415254305F52585F4952516E00555392
:105A4000415254305F54585F4952516E0041434DAA
:105A500050305F4952516E00414443305F495251CA
:105A60006E0049444143305F4952516E0049324310
:105A7000305F4952516E004750494F5F4F44445F79
:105A80004952516E0054494D4552315F4952516E51
:105A9000005553415254315F52585F4952516E0084
:105AA0005553415254315F54585F4952516E004C26
:105AB0004555415254305F4952516E0050434E5447
:105AC000305F4952516E00434D555F4952516E004F
:105AD0004D53435F4952516E0043525950544F3019
:105AE0005F4952516E004C4554494D4552305F4913
:105AF00052516E004147435F4952516E0050524F20
:105B000054494D45525F4952516E0050524F5254C4
:105B1000435F4952516E00525443435F4952516EA4
:105B20000053594E54485F4952516E004352594FE9
:105B300054494D45525F4952516E00524653454EAD
:105B400053455F4952516E0046505545485F495292
:105B5000516E00534D555F4952516E005754494D97
:105B60004552305F4952516E005553415254325F95
:105B700052585F4952516E005553415254325F544E
:105B8000585F4952516E00493243315F4952516E5C
:105B90000056444143305F4952516E004353454ED5
:105BA0005F4952516E004C4553454E53455F495233
:105BB000516E0043525950544F315F4952516E005B
:105BC00054524E47305F4952516E0049414343564B
:105BD000494F4C3A20617474656D70746564206936
:105BE0006E737472756374696F6E20666574636832
:105BF0002066726F6D2061206E6F2D65786563750C
:105C00007465206164647265737300444143435654
:105C1000494F4C3A20617474656D70746564206CF2
:105C20006F6164206F722073746F726520617420DD
:105C3000616E20696C6C6567616C2061646472657B
:105C40007373004D554E53544B4552523A20756E66
:105C5000737461636B2066726F6D20657863657025
:105C600074696F6E2072657475726E2063617573EE
:105C70006564206163636573732076696F6C61741A
:105C8000696F6E004D53544B4552523A2073746104
:105C9000636B696E672066726F6D206578636570EF
:105CA00074696F6E206361757365642061636365F9
:105CB00073732076696F6C6174696F6E004D4D412E
:105CC0005256414C49443A204D4D415220636F6E2B
:105CD0007461696E732076616C6964206661756CAD
:105CE0007420616464726573730049425553455270
:105CF000523A20696E737472756374696F6E2070A6
:105D0000726566657463682063617573656420629B
:105D10007573206661756C74005052454349534554
:105D200052523A20707265636973652064617461D0
:105D300020627573206661756C7400494D50524540
:105D40004349534552523A20696D707265636973D5
:105D500065206461746120627573206661756C747E
:105D600000554E53544B4552523A20756E73746130
:105D7000636B696E67206F6E206578636570746908
:105D80006F6E2072657475726E20636175736564E1
:105D9000206461746120627573206661756C7400A3
:105DA00053544B4552523A20737461636B696E676A
:105DB000206F6E20657863657074696F6E20656E04
:105DC0007472792063617573656420646174612005
:105DD000627573206661756C74004246415256418B
:105DE0004C49443A204246415220636F6E746169C7
:105DF0006E732076616C6964206661756C742061D5
:105E000064647265737300554E444546494E53545D
:105E1000523A20747269656420746F2065786563F6
:105E200075746520616E20756E646566696E656463
:105E300020696E737472756374696F6E00494E5693
:105E400053544154453A20696E76616C696420452B
:105E5000505352202D20652E672E2C2074726965B8
:105E60006420746F2073776974636820746F2041B5
:105E7000524D206D6F646500494E5650433A20657F
:105E80007863657074696F6E2072657475726E20C8
:105E9000696E7465677269747920636865636B7392
:105EA000206661696C6564004E4F43503A2061740E
:105EB00074656D7074656420746F206578656375B2
:105EC0007465206120636F70726F636573736F72A6
:105ED00020696E737472756374696F6E00554E41FC
:105EE0004C49474E45443A20617474656D70746541
:105EF0006420616E20756E616C69676E6564206DEB
:105F0000656D6F72792061636365737300444956F0
:105F100042595A45524F3A20617474656D707465E8
:105F20006420746F206578656375746520534449F7
:105F300056206F7220554449562077697468206452
:105F4000697669736F72206F66203000B259030062
:105F5000BB590300C8590300D3590300DE5903009D
:105F6000E7590300F2590300FF5903000C5A0300DC
:105F7000165A0300205A0300E85A03002F5A030060
:105F80003E5A03004D5A0300585A0300625A030058
:105F90006D5A0300775A0300855A0300915A030093
:105FA000A05A0300AF5A0300BC5A0300C75A0300AB
:105FB000D05A0300D95A0300E65A0300F45A0300EA
:105FC000FD5A03000B5B0300175B0300215B03001A
:105FD0002C5B03003B5B0300485B0300535B030047
:105FE0005C5B0300695B0300785B0300875B030075
:105FF000915B03009C5B0300A65B0300B35B0300A3
:10600000C05B0300CB5B03000B5C03004753030042
:10601000435C0300845C03004753030047530300C1
:10602000BD5C0300EA5C0300195D03003B5D0300F7
:10603000615D0300A05D0300475303004753030065
:10604000DA5D0300075E03003D5E0300785E030037
:10605000A85E030047530300475303004753030060
:1060600047530300DD5E03000D5F03000000E40CF6
:106070000A00000000CA9A3B00E1F50580969800EE
:1060800040420F00A086010010270000E803000036
:10609000640000000A00000001041040010000003C
:1060A000050000000002000003000000FC62030085
:1060B000F8620300E4620300E0620300DC620300B4
:1060C000D8620300C6620300B66203009C6203004C
:1060D000946203008A620300886203007062030016
:1060E0006D620300656203005462030044620300B2
:1060F00032620300186203001062030004620300AE
:1061000000620300FE610300F1610300E661030029
:10611000CD610300716103007061030060610300E1
:10612000386103002D6103002C6103000F000000A3
:10613000000000000000000000000000000000005F
:10614000000000000000000000000000000000004F
:10615000000000000000000000000000000000003F
:10616000010000000000000000000000000000002E
:106170000F00000000000000000000000000000010
:10618000000000000000000000000000000000000F
:1061900000000000000000000000000000000000FF
:1061A00000000000000000000000000000000000EF
:1061B00000000000000000000000000000000000DF
:1061C00000000000000000000000000000000000CF
:1061D00000000000000000000000000000000000BF
:1061E00000000000000000000000000000000000AF
:1061F000000000000000000000000000000000009F
:1062000000000000FFFFFFFFFFFFFFFFFFFF000098
:10621000000000000000000000000000000000007E
:10622000000000000000000000000000000000006E
:10623000000000000000000000000000000000005E
:10624000000000000000000000000000000000004E
:10625000000000000000000000000000000000003E
:106260000000000000FFFFFFFFFFFFFFFF9C00009A
:10627000FF0000000000000000000000000000001F
:1062800000000000800000000000FFFFFFFFFFFF94
:10629000FFFFFFFF00000000FFFF00000000000004
:1062A00000000000000000000000000000000000EE
:1062B000000000000000FFFFFF00000000000000E1
:1062C00000000000000000000000000000000000CE
:1062D00000000000000000000000000000000000BE
:1062E00000000000000000000000000000000000AE
:1062F000000000000000000000000000FC0301019D
:106300000101010101010101010101010100000080
:1063100000000001000A060000060101000002045E
:106320001104040211101A080A02180108111011B0
:106330001A080A04020D0B195C0110280B01000059
:10634000000000000000000000000000000101014A
:106350000101010001010101010100000101000131
:10636000000101000000000000000000000000002B
:10637000000000010000000000000000000000001C
:1063800001FF010023E1010075E4010063E2010067
:1063900063E5010062E1010079EB010064EE0100B8
:1063A00024E1010025E1010026E1010027E10100CF
:1063B00028E1010029E101002AE1010000000100BB
:1063C00080000100000101008001010000020100C5
:1063D0008002010020E2010000030100000501002D
:1063E0008005010000060100800601000007010091
:1063F00001E5010002E5010000080100800801003C
:10640000433A2F55736572732F4D61696E2F53692F
:106410006D706C696369747953747564696F2F5317
:10642000444B732F6765636B6F5F73646B2F706C86
:106430006174666F726D2F736572766963652F7410
:106440006F6B656E5F6D616E616765722F737263EE
:106450002F736C5F746F6B656E5F6D616E616765E6
:10646000722E6300433A2F55736572732F4D616925
:106470006E2F53696D706C696369747953747564B8
:10648000696F2F53444B732F6765636B6F5F736442
:106490006B2F706C6174666F726D2F7365727669A5
:1064A00063652F746F6B656E5F6D616E616765729A
:1064B0002F7372632F736C5F746F6B656E5F6D61AA
:1064C0006E75666163747572696E672E6300FFFF97
:1064D000FFFFFFFFFFFF34B684327032F6101A1050
:1064E00043757272656E7420436F6E6669673A20F9
:1064F0002530780053657420434341206D6F6465F7
:1065000020746F2025643A2025307800656E616222
:106510006C65640064697361626C6564006F7574B6
:1065200028636C69656E742900696E202873657232
:1065300076657229004D464720537472696E673A3A
:10654000202573004170704275696C646572204D3E
:10655000464720436F64653A203078253034580030
:106560006E6F6465205B004164646974696F6E617D
:106570006C20696E74657266616365730020202506
:10658000643A200070616765205B25645D20636864
:10659000616E205B25645D20707772205B25645DF1
:1065A000006E6F7420616374697665006572726F46
:1065B000722030782532580070616E4944205B307B
:1065C00078253034585D206E6F64654944205B3017
:1065D00078253034585D20007870616E205B30780B
:1065E00000706172656E744944205B3078253034E8
:1065F000585D20706172656E7452737369205B25FB
:10660000645D006E6F646554797065205B0053654E
:10661000637572697479206C6576656C205B25788A
:106620005D006E6574776F726B20737461746520A2
:106630005B253032585D200042756666733A20252E
:1066400064202F20256400457020636E743A202555
:1066500064006570202564205B656E64706F696EF0
:10666000742025732C206465766963652025735D2D
:1066700020006E776B205B25645D2070726F666909
:106680006C65205B3078253034585D206465764930
:1066900064205B3078253034585D20766572205B4D
:1066A000307825785D0020202020257320636C75CC
:1066B000737465723A2030782530345820004E7754
:1066C0006B20636E743A202564006E776B2025641E
:1066D000205B25735D005072696D617279202870AE
:1066E000726F290020206E6F646554797065205B9D
:1066F0003078253032585D002020736563757269EB
:10670000747950726F66696C65205B307825303221
:10671000585D0045502025643A20257320004572BD
:10672000726F723A2020556E6B6E6F776E20656EB9
:1067300064706F696E742E00456E61626C652065D1
:1067400076656E7420646562756720696E666F2079
:10675000696E20436F726520434C4920636F6D70F2
:106760006F6E656E74006F6E6C7920636F6F72640C
:10677000696E61746F72732063616E20666F726DF3
:106780000A006A6F696E203078253032580A002579
:1067900073203078253032580A0025732030782550
:1067A0003032780072656A6F696E44696666446566
:1067B0007669636554797065002573203078257893
:1067C000006578742E2050414E2049443A20004EF6
:1067D000574B206F70656E3A2025752073656300F6
:1067E0004E574B20636C6F7365640066696E64205E
:1067F0006A6F696E61626C653A2030782530325874
:106800000066696E6420756E757365643A20307831
:1068100025303258004368616E67696E6720746F77
:10682000206368616E6E656C2025643A203078259F
:1068300030325800696E76616C6964206E657477D9
:106840006F726B20696E6465780053686F72742094
:1068500049443A203078253034582C204555493663
:10686000343A20002C2050616E2049443A20307880
:10687000253034580053746172746564206D756CF2
:1068800074692D70687920696E74657266616365DC
:10689000004661696C656420746F20257320257340
:1068A00020307825303258005465726D696E6174FD
:1068B000656420257320307825303258004B65659B
:1068C0007020616C69766520737570706F727420CA
:1068D000656E61626C65642E006661696C6564203A
:1068E000746F20736574206B65657020616C6976C8
:1068F00065206D6F64652E007375636365737366E1
:10690000756C6C79207365742074686520636869A0
:106910006C642074696D656F7574206F7074696F35
:106920006E206D61736B2E006661696C6564207406
:106930006F2073657420746865206368696C6420D7
:1069400074696D656F7574206F7074696F6E206DFA
:1069500061736B2E00646973636F766572004D61BD
:10696000746368202570792066726F6D20307825F9
:106970003034582C206570202564004E574B204140
:1069800064647265737320726573706F6E73653AB9
:10699000203078253034580049454545204164640D
:1069A0007265737320726573706F6E73653A200041
:1069B000536572766963652025737920646F6E650F
:1069C0002E00232020747970652020206E776B20A4
:1069D000206C6F6320202072656D202020636C7511
:1069E000732020206E6F646520202065756900206B
:1069F0002025642020202030782530345820203075
:106A0000782530345820203078253034582030789C
:106A1000253034582000656D62657247657442699F
:106A20006E64696E67204572726F723A2030782505
:106A300032580A002564206F662025642062696E42
:106A400064696E6773207573656400656E61626C5E
:106A50006564207072696E740064697361626C654C
:106A600064207072696E7400616464206C696E6B7E
:106A7000206B6579004552523A2043616C63756C16
:106A8000617465642043524320646F6573206E6FA8
:106A900074206D61746368004552523A20496E73E8
:106AA00074616C6C20436F6465206D757374206233
:106AB0006520382C2031302C2031342C206F72206E
:106AC000313820627974657320696E206C656E6759
:106AD0007468004552523A204145532D4D4D4F2088
:106AE00068617368206661696C65643A2030782556
:106AF0007800536574206A6F696E696E67206C69EF
:106B00006E6B206B6579007365742062696E64201A
:106B100025643A2030782530327800454D5054595C
:106B200000554E494341004D324F4E45004D554CA6
:106B30005449003F20202020000000001B6B030070
:106B4000216B0300276B03002D6B0300336B0300E5
:106B5000496E646578204945454520416464726505
:106B600073732020202020202020204E574B496E78
:106B70006465782020496E20464320202020205440
:106B8000544C28732920466C6167202020204B65D7
:106B90007920202020002564202020202000202093
:106BA0002564202020202020200020202530385857
:106BB00020200020307825303458202000496E6491
:106BC00065782049454545204164647265737320AA
:106BD0002020202020202020496E204643202020F5
:106BE00020205479706520204175746820204B6501
:106BF00079002D2020202020002563202020202027
:106C00002563202020202000696573005741524EE3
:106C1000494E473A202052454144494E47204F466D
:106C2000204B45592056414C55455320444953412A
:106C3000424C4544204259204D464720544F4B4535
:106C40004E004E574B204B6579002573206F7574AD
:106C50002046433A2025303858002573207365714B
:106C6000206E756D3A20307825780025733A200023
:106C70002573206F75742046433A202530387800FC
:106C8000544320257320002573205461626C6500F5
:106C900025642F256420656E747269657320757391
:106CA00065642E005472616E7369656E74204B6565
:106CB0007900256420656E7472257320636F6E738E
:106CC000756D696E67202564207061636B65742043
:106CD00062756666657225732E0057494C4C0057E5
:106CE000494C4C204E4F54005472757374204365C8
:106CF0006E74657220257020616C6C6F77207472E1
:106D00007573742063656E7465722072656A6F694D
:106D10006E73207573696E672077656C6C2D6B6E72
:106D20006F776E206B65792E005365742074696DE2
:106D3000656F757420666F7220547275737420438A
:106D4000656E7465722072656A6F696E7320757303
:106D5000696E672077656C6C2D6B6E6F776E206C3B
:106D6000696E6B206B657920746F202564207365D4
:106D7000636F6E64732E004552524F523A200025C5
:106D800070737461636B206D757374206265206429
:106D90006F776E2E004E4F4E450052656164696EEE
:106DA0006720416C6C6F7765640048617368696E39
:106DB00067206F6E6C7900456D6265724B65795323
:106DC000657474696E67733A2030782530345800E2
:106DD00020205065726D697373696F6E733A202558
:106DE00073004572726F723A204661696C65642067
:106DF000746F2067657420636F6E6669672C2073FB
:106E000074617475733A20307825303258004661C9
:106E1000696C65643A20307825303258004D7367CC
:106E20003A20636C7573203078253034582C2063F9
:106E30006D64203078253032582C206C656E20250A
:106E400064006275666665723A2000454D4245529F
:106E50005F00257353454355524954595F4C45567D
:106E6000454C3A20253032580025736572617365B0
:106E7000206B65792025643A20307825303258001F
:106E8000636D64206E6F74206275696C7400737238
:106E90006320657020253032782C20636C75732058
:106EA000253034780073656E64696E6720746F20D6
:106EB0006D756C7469636173742062696E6400251A
:106EC000733A2065703A2025642C20636C3A203098
:106ED00078253034582C20617474723A203078252B
:106EE000303458002C207376723A202563002573C5
:106EF0003A20726561643A20307825303278002C6F
:106F0000207376723A2025632C2064747970653A78
:106F10002030782530325800417267756D656E7487
:106F200020617420696E6465783A20256420697355
:106F3000206F7574206F662072616E676500436F05
:106F40006D6D616E6420616C72656164792062753B
:106F5000696C742E202043616E6E6F7420736574AB
:106F6000204D464720737065636966696320636FCF
:106F7000646520666F7220636F6D6D616E642E00B4
:106F80004D464720436F64652053657420666F72D9
:106F9000206E65787420636F6D6D616E643A203089
:106FA000782530345800557365204E657874205329
:106FB000657175656E63652053657420666F722018
:106FC0006E65787420636F6D6D616E643A20307801
:106FD000253032580044697361626C6520446566EF
:106FE00061756C7420526573706F6E7365205365A4
:106FF0007420666F72206E65787420636F6D6D61AA
:107000006E643A20307825303258004552523A208A
:1070100072656164696E6720617474726962757407
:10702000652025303278004552523A2061747472DE
:1070300069627574652073697A6520256420746FB0
:107040006F206C6172676520666F7220627566667C
:107050006572004572726F723A206174747269626F
:107060007574652049442030782530345820726585
:10707000706F727461626C65206368616E67652011
:1070800069732073697A65202564422C20627574C7
:107090002025644220656E74657265640A006E6F17
:1070A00020636D64004572726F723A20434C492030
:1070B00053656E64206661696C65642C207374612D
:1070C0007475733A20307825303258004572726FEB
:1070D000723A2020455549363420617267756D65D6
:1070E0006E7420697320656D70747920616E642000
:1070F0006C6F6F6B7570206279206E6F64652049CC
:1071000044206661696C65642E0047726F7570007B
:10711000556E696361737400556E62696E642025F3
:10712000702025703078255800526571756573742C
:107130003A20005A444F2073696D706C6520646575
:107140007363207265712025303278005A444F20D5
:107150006E6F6465206465736320726571202530ED
:107160003278005573696E67206D79206C6F6361AA
:107170006C20455549363420666F722064657374FF
:1071800020455549363420696E2062696E64696E07
:1071900067005A444F2062696E6420726571202531
:1071A00030327800636C7573746572206C696D6938
:1071B00074207265616368656400696E76616C69EC
:1071C0006420706167653A202564206F72206368CF
:1071D000616E6E656C3A202564004368616E676578
:1071E000206368616E6E656C207374617475733AA8
:1071F00020307825303278006475726174696F6E62
:10720000206D75737420626520696E2072616E67EF
:10721000652030202D203500636F756E74206D75EC
:10722000737420626520696E2072616E676520311B
:10723000202D2038007363616E2073746174757340
:107240002030782578006E6574776F726B207570CA
:107250006461746520736574207374617475732040
:107260003078257800416374697665204550207236
:10727000657175657374207374617475733A203029
:10728000782558004C5149205461626C6520726524
:1072900071756573743A20307825580042696E64C0
:1072A000696E67205461626C6520726571756573E3
:1072B000743A2030782558004C6561766520257039
:1072C0003078255800506F7765722044657363727B
:1072D0006970746F72202570307825580055736975
:1072E0006E67206D79206C6F63616C20455549365F
:1072F0003420666F722064657374204555493634B6
:1073000020696E20756E62696E64696E6700526FE7
:10731000757465205461626C65202570307825583D
:10732000005A444F206D6174636820646573632064
:107330007265712025780000000000000000004305
:107340003A2F55736572732F4D61696E2F53696DB6
:10735000706C696369747953747564696F2F5344F1
:107360004B732F6765636B6F5F73646B2F70726F06
:10737000746F636F6C2F7A69676265652F617070D7
:107380002F6672616D65776F726B2F636F6D6D6FB6
:107390006E2F7A69676265655F6170705F667261A2
:1073A0006D65776F726B5F636F6D6D6F6E2E6300CF
:1073B000457874656E6465642052657365742069F0
:1073C0006E666F3A203078253258202825732900C0
:1073D000433A2F55736572732F4D61696E2F536950
:1073E0006D706C696369747953747564696F2F5338
:1073F000444B732F6765636B6F5F73646B2F7072A1
:107400006F746F636F6C2F7A69676265652F617047
:10741000702F6672616D65776F726B2F636F6D6D24
:107420006F6E2F7A69676265655F6170705F667203
:10743000616D65776F726B5F736C6565702E63004D
:10744000796573006E6F0053746179206177616BA9
:1074500065207768656E206E6F74206A6F696E654F
:10746000643A20257300466F72636564207374610B
:1074700079206177616B653A202020202020202030
:107480002020257300466F7263696E6720646576FD
:1074900069636520746F2073746179206177616B13
:1074A0006500416C6C6F77696E672064657669630F
:1074B0006520746F20676F20746F20736C65657032
:1074C000002575292025703A2025750053657474B0
:1074D000696E67205468726573686F6C6420636FAF
:1074E0006D6D616E64003F3F3F004D6163205278D7
:1074F000204263617374004D6163205478204263BD
:10750000617374004D616320527820556361737418
:10751000004D6163205478205563617374004D61A0
:1075200063205478205563617374205265747279B6
:10753000004D616320547820556361737420466167
:10754000696C00415053205278204263617374008B
:10755000415053205478204263617374004150536A
:107560002052782055636173740041505320547841
:1075700020556361737420537563636573730041B1
:10758000505320547820556361737420526574728F
:10759000790041505320547820556361737420461C
:1075A00061696C00526F757465204469736320498A
:1075B0006E69746961746564004E65696768626FBD
:1075C00072204164646564004E65696768626F7229
:1075D0002052656D6F766564004E65696768626FFD
:1075E00072205374616C65004A6F696E20496E6445
:1075F00069636174696F6E004368696C64204D6FE4
:1076000076656400415348204F766572666C6F77EB
:1076100000415348204672616D65204572726F7259
:1076200000415348204F76657272756E2045727224
:107630006F72004E574B204643204661696C75724D
:107640006500415053204643204661696C75726560
:107650000041534820584F66660041505320556EF4
:10766000617574686F72697A6564204B6579004E44
:10767000574B2044656372797074204661696C755C
:1076800072657300415053204465637279707420B1
:107690004661696C75726573005061636B65742037
:1076A00042756666657220416C6C6F63617465201B
:1076B0004661696C757265730052656C61796564C9
:1076C0002055636173740050687920746F204D41B8
:1076D00043207175657565206C696D6974207265EC
:1076E0006163686564005061636B65742056616C0A
:1076F00069646174652064726F7020636F756E7465
:10770000004E574B207265747279206F76657266F1
:107710006C6F7700434341204661696C75726573F5
:107720000042726F616463617374207461626C659E
:107730002066756C6C00505441204C6F205072696B
:1077400020526571005054412048692050726920D0
:1077500052657100505441204C6F20507269204492
:10776000656E696564005054412048692050726913
:107770002044656E69656400505441204C6F205070
:10778000726920547820416272740050544120483C
:1077900069205072692054782041627274004164FB
:1077A000647265737320436F6E666C6963742053F3
:1077B000656E74000D004465627567207072696EB5
:1077C000742067726F75702025730A0057726F6E90
:1077D0006720706172616D657465720A004368614B
:1077E0006E6E656C206E6F742076616C69643A20F1
:1077F0002564005072696D617279002570206D6199
:10780000736B206E6F772030782534580053656392
:107810006F6E64617279004D61736B206E6F7420BE
:1078200076616C69643A202564007072696D6172DA
:1078300079007365636F6E646172790025703A2018
:10784000536574202570206D61736B20746F203038
:1078500078253458005374617475730025703A208C
:1078600025703A004368616E6E656C206D61736BC4
:107870003A00202020202831292030782534582033
:107880005B00202020202832292030782534582001
:107890005B0053746174653A2030782558202825A0
:1078A00073290043757272656E74206368616E6E31
:1078B000656C3A20256400546F74616C20626561C8
:1078C000636F6E733A202564004A6F696E2061749D
:1078D00074656D7074733A202564004E6574776F1B
:1078E000726B2073746174653A20307825580053A8
:1078F000746F700025733A2025733A20307825582C
:1079000000556E737570706F727465642066656182
:1079100074757265207768656E207573696E67206F
:107920006F7074696D697A6564207363616E732E1C
:1079300020546F20757365206120636F6E666967E0
:1079400075726564206B6579207768656E206A6F53
:10795000696E696E672C2061646420746865206BB1
:10796000657920746F20746865207472616E736924
:10797000656E74206B6579207461626C6520757327
:10798000696E67207468652077696C6463617264EE
:10799000204555492028616C6C20464673292E00ED
:1079A00025702053746F702E2020436C65616E69C2
:1079B0006E672075702E004B65792076657269665A
:1079C00069636174696F6E206661696C65642E20FD
:1079D0004C656176696E67206E6574776F726B00B7
:1079E00025703A2025700042726F61646361737480
:1079F000696E67207065726D6974206A6F696E00C8
:107A000025703A2025703A20307825580054727538
:107A100073742063656E746572206C696E6B206B85
:107A20006579207570646174652073746174757311
:107A30000025733A205741524E494E473A20656D12
:107A4000626572536574496E697469616C536563EC
:107A500075726974795374617465206661696C65C7
:107A6000642E20436F6E74696E75696E6720776946
:107A700074686F757420696E7374616C6C20636FC9
:107A800064652E004572726F723A20696E7374617C
:107A90006C6C20636F64652073657475702066611B
:107AA000696C65642E20497320616E20696E737461
:107AB000616C6C20636F646520666C6173686564DB
:107AC000206F6E746F2074686520646576696365E5
:107AD0003F00D0D1D2D3D4D5D6D7D8D9DADBDCDDAC
:107AE000DEDF005A6967426565416C6C69616E63EF
:107AF00065303900FFFFFFFFFFFFFFFF0025733AEE
:107B00002069737375696E67207363616E206F6E91
:107B1000202573206368616E6E656C7320286D612B
:107B2000736B203078253458290025732069732021
:107B3000616C726561647920696E2070726F677222
:107B4000657373005374617274004578616D696E7A
:107B5000696E6720626561636F6E206F6E20636877
:107B6000616E6E656C202564207769746820706191
:107B70006E49642030782532580054686973206259
:107B80006561636F6E206973206E6F74207061721F
:107B900074206F66207468652063757272656E74F8
:107BA000206368616E6E656C206D61736B20283098
:107BB00078253458292E2047657474696E67206EC5
:107BC00065787420626561636F6E2077686F736596
:107BD000206368616E6E656C206269746D61736BA1
:107BE000206973207365742E004572726F723A209B
:107BF000257020636F756C64206E6F7420617474DF
:107C0000656D7074206A6F696E3A2030782558006F
:107C10004E6F20626561636F6E73206C65667420C1
:107C20006F6E2063757272656E74206D61736B2E5A
:107C3000204D6F76696E6720746F206E65787420B2
:107C40007374617465002570206A6F696E696E6770
:107C5000203078253278206F6E206368616E6E6503
:107C60006C2025640025702053746174653A2025CA
:107C700070004572726F723A20257020636F756CC8
:107C800064206E6F742073657475702073656375FE
:107C9000726974793A2030782558004572726F7293
:107CA0003A205363616E20636F6D706C657465205C
:107CB00068616E646C65722072657475726E65645D
:107CC0002030782558002573207363616E20636F20
:107CD0006D706C6574652E20426561636F6E7320F4
:107CE00068656172643A20256400257320737461AD
:107CF000636B207374617475732030782558002588
:107D000070206E6574776F726B206A6F696E656440
:107D10002E00257020747279696E67206E65787404
:107D2000206E6574776F726B2E005A6967426565C5
:107D3000416C6C69616E636530394E574B205374EA
:107D4000656572696E67004E6F6E65005363616EA4
:107D5000205072696D617279204368616E6E656C46
:107D60007320616E642075736520496E7374616C55
:107D70006C20436F6465005363616E205072696DBF
:107D8000617279204368616E6E656C7320616E6408
:107D9000205573652043656E7472616C697A656401
:107DA000204B6579005363616E205072696D61727A
:107DB00079204368616E6E656C7320616E64205536
:107DC0007365204469737472696275746564204BCD
:107DD0006579005363616E205365636F6E646172F1
:107DE00079204368616E6E656C7320616E642075E6
:107DF000736520496E7374616C6C20436F64650019
:107E00005363616E205365636F6E646172792043C2
:107E100068616E6E656C7320616E642055736520B9
:107E200043656E7472616C697A6564204B65790094
:107E30005363616E205365636F6E64617279204392
:107E400068616E6E656C7320616E64205573652089
:107E50004469737472696275746564204B65790056
:107E60005363616E205072696D617279204368615D
:107E70006E6E656C7320616E642055736520416C75
:107E80006C204B6579732028696E7374616C6C206B
:107E9000636F64652C2063656E7472616C697A65CA
:107EA000642C206469737472696275746564290056
:107EB0005363616E205365636F6E64617279204312
:107EC00068616E6E656C7320616E64205573652009
:107ED000416C6C204B6579732028696E7374616CFA
:107EE0006C20636F64652C2063656E7472616C69CD
:107EF0007A65642C20646973747269627574656450
:107F000029005374617274696E67207570646174BE
:107F1000652074727573742063656E746572206C6D
:107F2000696E6B206B65792070726F636573730087
:107F3000557064617465205443204C696E6B204B0E
:107F4000657900204E6577206B65792065737461D3
:107F5000626C69736865643A00204572726F723AA8
:107F600000506172746E65723A20005A434C20676B
:107F70006C6F62616C20636C757374657220636FE3
:107F80006D6D616E647300646972656374696F6EB0
:107F900000646973632D636F6D2D67656E0064699E
:107FA00073632D636F6D2D72656300657870656313
:107FB000742D7265706F72742D66726F6D2D6D65A4
:107FC00000757772697465006E7772697465007206
:107FD00065706F72742D726561640073656E642DD7
:107FE0006D652D612D7265706F72740043726561ED
:107FF000746573206120676C6F62616C20646973C3
:10800000636F76657220636F6D6D616E6420666F5D
:108010007220746865206173736F6369617465644D
:108020002076616C7565732E00636C757374657270
:1080300049641F61747472696275746549641F6D67
:1080400061784E756D626572546F5265706F7274AF
:108050001F0043726561746573206120676C6F62F5
:10806000616C2073656E64206D652061207265709F
:108070006F727420636F6D6D616E6420666F722025
:10808000746865206173736F6369617465642076D9
:10809000616C7565732E00636C75737465724964E9
:1080A0001F61747472696275746549641F646174D8
:1080B00061547970651F6D696E5265706F7274548A
:1080C000696D651F6D61785265706F727454696D6A
:1080D000651F7265706F727461626C654368616E72
:1080E00067651F0043726561746573206120676C6A
:1080F0006F62616C2072656164207265706F72746A
:10810000696E6720636F6D6D616E6420666F7220AB
:10811000746865206173736F63696174656420635B
:108120006C75737465722C206174747269627574F5
:108130006520616E64207365727665722F636C6969
:10814000656E7420646972656374696F6E2E006376
:108150006C757374657249641F61747472696275B9
:10816000746549641F646972656374696F6E1F008A
:10817000476C6F62616C207265706F7274696E67B4
:1081800020636F6D6D616E6400656E64706F696E03
:10819000741F636C757374657249641F61747472C3
:1081A000696275746549641F6D61736B1F0043726A
:1081B0006561746573206120676C6F62616C207209
:1081C00065616420636F6D6D616E64206D657373AE
:1081D00061676520746F20726561642066726F6DDF
:1081E0002074686520636C757374657220616E64B9
:1081F0002061747472696275746520737065636957
:10820000666965642E00636C757374657249641FDA
:1082100061747472696275746549641F00437265A4
:1082200061746573206120676C6F62616C20777286
:1082300069746520636F6D6D616E64206D65737325
:1082400061676520746F20777269746520746F2090
:1082500074686520636C757374657220616E642048
:1082600061747472696275746520737065636966A0
:1082700069656400636C757374657249641F617429
:108280007472696275746549641F747970651F64DE
:108290006174611F004372656174652061206578B7
:1082A000706563742D7265706F72742D66726F6D78
:1082B0002D6D65206D6573736167652077697468DE
:1082C000206173736F6369617465642076616C7596
:1082D00065732E00636C757374657249641F6174F5
:1082E0007472696275746549641F74696D656F7530
:1082F000741F004372656174652061204469736373
:108300006F76657220436F6D6D616E647320476593
:108310006E65726174656420636F6D6D616E64205B
:1083200077697468206173736F6369617465642031
:1083300076616C7565732E00636C75737465724934
:10834000641F7374617274436F6D6D616E64496410
:108350001F6D6178436F6D6D616E6449641F0053DA
:108360006574732074686520646972656374696FED
:108370006E20666F7220676C6F62616C20636F6D38
:108380006D616E64732C2065697468657220636C1E
:1083900069656E7420746F20736572766572206FE4
:1083A000722073657276657220746F20636C6965E4
:1083B0006E742E0053657473206120666C616720B3
:1083C000736F207468617420746865206170706CCC
:1083D00069636174696F6E206672616D65776F7233
:1083E0006B2057494C4C204E4F5420726573706F70
:1083F0006E6420746F20746865206E657874205AEE
:10840000434C206D657373616765207468617420E7
:10841000636F6D657320696E206F76657220746876
:1084200065206169722E0053657473206120666C4B
:10843000616720736F2074686174207468652061BF
:1084400070706C69636174696F6E206672616D65CE
:10845000776F726B2057494C4C20726573706F6E4A
:108460006420746F20746865206E657874205A43A8
:108470004C206D6573736167652074686174206357
:108480006F6D657320696E206F7665722074686504
:10849000206169722E0053657473207468652044EE
:1084A000697361626C652044656661756C74205205
:1084B0006573706F6E7365204672616D6520436FE2
:1084C0006E74726F6C2062697420746F20757365AE
:1084D00020666F7220746865206E65787420636F03
:1084E0006D6D616E642069662074686520636F6DD0
:1084F0006D616E64206973206E6F7420616C7265AB
:10850000616479206275696C742E006469736162BC
:108510006C6544656661756C74526573706F6E73DB
:10852000651F00536574732074686520666C61670D
:1085300020746F207573652074686520696E63729E
:10854000656D656E7465642073657175656E6365D0
:10855000206E756D6265722066726F6D207468653D
:10856000206672616D65776F726B20666F72207422
:108570006865206E6578742072617720636F6D6D19
:10858000616E642E007573654E6578745365717500
:10859000656E63651F00436C6920636F6D6D616E6E
:1085A0006420746F2063616C6C20656D626572413C
:1085B0006653657454696D652066756E6374696F82
:1085C0006E20646F63756D656E74656420696E20DE
:1085D00061662E680075746354696D651F0053658C
:1085E0007473207468652074776F206279746520D5
:1085F0006D616E7566616374757265722073706506
:108600006369666963206964656E74696669657229
:1086100020746F2075736520666F72207468652002
:108620006E65787420636F6D6D616E64206966207D
:1086300074686520636F6D6D616E64206973206E70
:108640006F7420616C7265616479206275696C7405
:108650002E006D6667537065636966696349641FC0
:1086600000000000748603006B7F03004753030083
:10867000FE000000877F0300D48703000000000095
:10868000917F0300C4870300000000009E7F030069
:10869000B487030000000000AB7F0300A487030041
:1086A00000000000C97F0300908703000000000065
:1086B000C17F03007C87030000000000C87F030027
:1086C0006887030000000000D67F0300588703007E
:1086D00000000000E57F0300448703000000000065
:1086E000CF7F03003487030000000000DB7F03001E
:1086F0002087030000000000556903001087030075
:108700000000000000000000000000000000000069
:10871000EDAC0200EC7F030029800300010100FFA3
:108720004581000052800300978003000101000191
:108730000107FF0001810000E48003004F81030076
:10874000010100FF41800000708103008981030066
:1087500000010100FF000000FFAC0200AE81030039
:10876000068203000101FF00E7AC02001D82030046
:108770007482030001010207FF000000E1AC020067
:108780001D8203007482030001010207FF00000044
:10879000DBAC02001D8203007482030001010207AA
:1087A000FF000000F57F000095820300D4820300E3
:1087B000010101FF957F0000F3820300388303006D
:1087C000010000FF517F0000F382030038830300A3
:1087D000010000FFD97F00005F8303006581030073
:1087E00000FF0000D5AC0200B48303005327030050
:1087F000FF000000CFAC02002784030053270300D2
:10880000FF000000317F0000968403000B85030009
:1088100000FF0000097F0000238503008585030019
:1088200000FF0000C1AC020096850300D58503005F
:1088300002FF0000D17E0000DE85030052860300A7
:1088400001FF54727573742043656E746572204A1B
:108850006F696E2048616E646C65723A2073746152
:10886000747573203D2025702C20646563697369DD
:108870006F6E203D20257020282578292C207368D4
:108880006F7274696420307825327800554E7365B4
:108890006375726564206A6F696E006465766963EA
:1088A00065206C65667400554E736563757265640A
:1088B0002072656A6F696E007573652070726563FA
:1088C0006F6E66696775726564206B6579007365A4
:1088D0006E64206B657920696E2074686520636C16
:1088E0006561720064656E79206A6F696E006E6FF3
:1088F00020616374696F6E00616C6C6F77207265C4
:108900006A6F696E73206F6E6C790000A98803002E
:108910008C8803009B880300A7880300B8880300A5
:10892000CE880300E4880300EE880300F888030083
:108930006E6F7420004E4554574F524B5F002570A8
:108940002570555020307825325800547275737454
:108950002043656E74657220455549206861732017
:1089600025736368616E6765642E00257025704409
:108970004F574E005F4641494C45440025704A4FD1
:10898000494E257000454D4245525F4E4554574F64
:10899000524B5F4F50454E45443A20256420736545
:1089A0006300454D4245525F4E4554574F524B5F11
:1089B000434C4F5345440025703A2025703A2030EF
:1089C00078257800646973747269627574656400EF
:1089D00063656E7472616C697A656400466F726D6E
:1089E000002570696E67206F6E2063682025642CF7
:1089F0002070616E496420307825325800457272CB
:108A00006F723A2044657669636520646F657320F0
:108A10006E6F7420737570706F7274202573206E82
:108A20006574776F726B20666F726D6174696F6EBB
:108A300000496E76616C6964205365637572697470
:108A4000792050726F66696C653A2030782558003D
:108A5000704A6F696E20666F7220256420736563AB
:108A60003A2030782578004C696D6974696E67200A
:108A70006475726174696F6E206F66207065726DC7
:108A80006974206A6F696E2066726F6D20666F72FE
:108A90006576657220283235352920746F2032358D
:108AA000340052583A205A444F2C20636F6D6D6148
:108AB0006E642030782532782C207374617475735D
:108AC0003A20307825580053696D706C6500525813
:108AD0003A20257020446573632052657370004D01
:108AE00061746368002C204D6174636865733A207B
:108AF00025640044657669636520416E6E6F756E0E
:108B000063653A2030782532780052583A2049453A
:108B10004545204164647265737320526573706FBC
:108B20006E73650052583A2041637469766520453A
:108B30005020526573706F6E73652C20436F756E95
:108B4000743A202564004E6F6465002C204D6174DA
:108B5000636865733A2030782532780073746163F6
:108B60006B207665722E205B25642E25642E25648D
:108B700000202570206275696C642025645D005AB0
:108B8000444F00534500484100436C75737465724F
:108B900000476C6F62616C00257074782025782C1A
:108BA000200050726F66696C653A2025702028306D
:108BB00078253258292C20436C75737465723A20DD
:108BC00030782532582C2025642062797465732C06
:108BD00000205A434C20257020436D642049443ABC
:108BE000202564005072652D52656C6561736500C7
:108BF000416C706861203100416C70686120320006
:108C0000416C70686120330042657461203100421C
:108C10006574612032004265746120330047410071
:108C200000000000E48B030011000000F08B030043
:108C300012000000F88B030013000000008C0300FA
:108C400021000000088C0300220000000F8C0300AC
:108C500023000000168C0300AA0000001D8C0300F6
:108C6000FF00000000000000000001526573657401
:108C700020696E666F3A2030782578202825702983
:108C80000064656C6574652062696E64696E673A3C
:108C900020257820257800080109020A030B040C1E
:108CA000050D060E070F081001180119021A031B03
:108CB000041C051D061E071F082001210222032394
:108CC000042405250626072708280129022A032B44
:108CD000042C052D062E072F0830013102380239E9
:108CE000043A08E004E104E204E802E902EA04F0DC
:108CF00008F110000000000000000205048D0300D0
:108D00000100000000000000188D030005000000B5
:108D100040000000000000000000200120000000D2
:108D2000080000000400422120000000548D0300D0
:108D30000500422120000000758D0300070030016E
:108D40002000000000000000FDFF210220000000C4
:108D5000030000000D536D617274486F6D65506CB7
:108D6000757300000000000000000000000000001B
:108D70000000000000094C434B2D424934303000C4
:108D800000000000000000000000000000000000E3
:108D90000000000000005752495445204552523A05
:108DA00020002570657020257820636C7573202560
:108DB0003278206174747220253278206E6F7420AE
:108DC000737570706F72746564002570696E76617A
:108DD0006C69642064617461207479706500257029
:108DE00061747472206E6F74207772697461626C42
:108DF000650057524954453A206E6F207772697466
:108E0000652C206A75737420612074657374005238
:108E10004541443A206174747269627574652073C7
:108E2000697A6520746F6F206C6172676520666F68
:108E3000722063616C6C657200636C6E7400737297
:108E4000767200525700524F00202052414D202090
:108E50000020746F6B656E200065787465726E20FB
:108E600000454E44504F494E5420257800636C75A0
:108E700073202F2073696465202F20617474722021
:108E80002F206D666720202F74797065286C656EC1
:108E9000292F207277202F2073746F7261676520ED
:108EA0002F2064617461202872617729002532784F
:108EB000202F202570202F20253278202F20002DD4
:108EC0002D2D2D00202F2025782028257829202FB2
:108ED000202570202F202570202F2000556E7375BF
:108EE00070706F72746564004F5441205245414464
:108EF0003A2065703A2578206369643A25327820F3
:108F000061747469643A253278206D736B3A257800
:108F1000206D66636F64653A25327800524541449E
:108F20003A20636C7573202532782C20617474723A
:108F300020253278206661696C65642025780052AE
:108F40004541443A20636C7573202532782C2061AA
:108F5000747472202532782C20646174614C656EC3
:108F60003A2025782C204F4B0025782000282563B7
:108F70002925582558255825582558255825582538
:108F800058002570642C2064726F7070696E6720C1
:108F90006570203078257820636C757320307825D3
:108FA000327820636D6420307825780047656E65DF
:108FB0007261746564005265636569766564004436
:108FC0006973636F76657220436F6D6D616E647354
:108FD00020726573706F6E73652028636F6D706C9F
:108FE0006574653A202563292C2025732049447334
:108FF0003A2000307825582000524541445F4154C2
:1090000054520057524954453A20636C75732025D9
:1090100032782061747472202532782000464149EC
:109020004C2025780057524954453A20746F6F20E0
:1090300073686F727400444953435F415454520043
:10904000257025703A20636C757320253278005F97
:109050004558540053766320446973633A200025D1
:109060007057616974696E67202564207365632099
:10907000666F7220646973636F7665727920746FAE
:1090800020636F6D706C6574650053746174652046
:10909000636F72726573706F6E64696E6720746F50
:1090A00020746865207468652072657175657374D5
:1090B000206E6F7420666F756E640A002570636F92
:1090C0006D706C6574652E0A002570536572766943
:1090D000636520446973636F7665727920537461A8
:1090E0007465206C696D697473207265616368656D
:1090F000640A002570496C6C6567616C2062726F50
:1091000061646361737420616464726573732C209D
:1091100072656D617070696E6720746F2076616C26
:109120006964206F6E652E0025704661696C656408
:1091300020746F2073656E64206D617463682064B1
:109140006973636F766572793A20307825780025E7
:10915000705374617274696E6720646973636F76AB
:1091600065727920666F7220636C75737465722006
:1091700030782532780025704661696C656420740A
:109180006F2073656E6420494545452061646472B3
:1091900065737320726571756573743A2030782534
:1091A000780025704661696C656420746F20736572
:1091B0006E64204E574B2061646472657373207235
:1091C0006571756573743A20307825780045727240
:1091D0006F723A202570206261642073696D706C33
:1091E000652064657363726970746F72206C656E5C
:1091F0006774682E0025704D657373616765207410
:109200006F6F2073686F72740025704D65737361A2
:10921000676520746F6F2073686F727420666F7259
:10922000206E756D2E20656E64706F696E747300AC
:1092300025704D61746368257020666F756E6420BB
:1092400066726F6D2030782532782E004572726F0D
:10925000723A20257020696E76616C6964206C65B5
:109260006E6774682028256420213D20256429200C
:10927000666F722041637469766520456E64706F15
:10928000696E7420726573706F6E73650025706708
:109290006F74206163746976652045502072657330
:1092A000706F6E7365005554432074696D653A2084
:1092B00025642F25642F25642025643A25643A25EA
:1092C00064202825347829001F1C1F1E1F1E1F1F05
:1092D0001E1F1E1F28556E6B6E6F776E20636C7598
:1092E000732E205B30782532785D29000D0A5425D5
:1092F00034783A005258206C656E2025642C206525
:10930000702025782C20636C757320307825327896
:109310002000206D6667496420253278002046438E
:109320002025782073657120257820636D642025C1
:1093300078207061796C6F61645B0007021F012FF8
:109340000037013F005701DF02E700FF0200000085
:10935000000000000000000000000000000000000D
:1093600000000000000000000000000000000000FD
:109370004261736963000000000000007093030005
:10938000FFFF0000000000002570525820706B7431
:1093900020746F6F2073686F72743A202564203CCC
:1093A000202564002570525820706B74206D616C0C
:1093B000666F726D65643A202564203C2025640048
:1093C0002020456E61626C656400202044697361F1
:1093D000626C6564004572726F72207265747269A6
:1093E0006576696E6720696E666F20666F72206CA5
:1093F00069627261727920494420256400257320D6
:109400006C69627261727925732070726573656E22
:10941000740020204861766520526F757465722053
:10942000537570706F7274002020456E642044651F
:1094300076696365204F6E6C79005A69676265656D
:109440002050726F0042696E64696E6700536563F5
:10945000757269747920436F726500536563757224
:10946000697479204C696E6B204B657973004342B7
:109470004B45203136334B310043424B452044535A
:1094800041205369676E004543430043424B4520EA
:1094900044534120566572696679005061636B657B
:1094A000742056616C6964617465005A4C4C0043C9
:1094B000424B45203238334B31004543432032384C
:1094C000334B310043424B4520636F7265004E437E
:1094D00050004D756C7469206E6574776F726B0007
:1094E000456E68616E63656420426561636F6E20DE
:1094F0005265710043424B45203238334B31204492
:10950000534120566572696679004D756C74692DFA
:1095100050414E003A940300459403004753030022
:109520004D9403005B940300475303006E940300C3
:1095300079940300879403008B9403009B940300A9
:10954000F37D0300AB940300AF940300BA940300CF
:10955000C4940300CE940300D2940300E09403006B
:10956000F49403000A9503006009000000800000E5
:1095700000000000000000433A2F55736572732FFE
:109580004D61696E2F53696D706C696369747953AD
:10959000747564696F2F53444B732F6765636B6FEA
:1095A0005F73646B2F70726F746F636F6C2F7A6967
:1095B000676265652F737461636B2F736563757282
:1095C0006974792F7A69676265652D736563757251
:1095D0006974792D6D616E616765722D6E6F2D7680
:1095E00061756C742E63000000666E692B00666EF8
:1095F00069006E616E00666E692D0000000000005B
:10960000000000000000F03F0000000000002440C7
:1096100000000000000059400000000000408F40A2
:10962000000000000088C34000000000006AF8400D
:109630000000000080842E4100000000D012634131
:109640000000000084D797410000000065CDCD41A7
:1096500002020300000000000000000048010000BA
:10966000D82600200000020800000000FFFFFFFFD6
:10967000FFFFFFFFFFFFFFFF0000000000000000F2
:1096800000000000000000000000000000000000DA
:109690005241494C00000000A0000000D1F600003B
:1096A00050000000B1F70000FA04FA000033330A5A
:1096B0000A0A0304040808080808084000210000FA
:1096C0000000000000000000000000010000010197
:1096D0000001010100000000000000009E070000E2
:1096E00048700C0E4470980D3070DC123C70DC1623
:1096F0003870F40D34701A0E30706A0F2C706A0FC7
:109700002870541124706C112070FE0D1C70F8111B
:1097100018706A121470FA0DB110076001D80A713E
:1097200008B87F78020C7E78641000C6A01F002164
:109730008CB8707801B007680F305CB30F3301113B
:10974000C048069846022FB006D80C7109DD087192
:1097500000B853A809BB11100768016821480760C9
:1097600004100112FF322150076051480760008841
:109770000698861300C43C1F002103DD087214BA4A
:10978000281400A000BA03DF107109DF06720298E6
:10979000E8058CB8507800A04413281441158110B6
:1097A000076002D8147110880698F81B00C00C706E
:1097B00008400698521E009106985C020060B8307E
:1097C00020D8067190BC637C084D5412F03240DE04
:1097D0000472404804DB08720DDD0C72044BEF305C
:1097E000144806989E0700C4E0100840441207621F
:1097F00001322140084C287C811140D91C72B112E1
:109800003032CF4A013AB1DA107208D8067104D862
:109810000871B04C237C3E70684C4412FF328722A2
:10982000047580B8D84C81D8307140D90472237C3B
:10983000084B06989E0704BA88B9767900C118606B
:1098400008403579E049007906B904A901D86C725D
:10985000BC4C307C02982E0208D83C7100C14C00F0
:109860000840141110D93071104C00C11400084088
:1098700014111814076100C5206008405415FF3505
:10988000047110491814A84C441207620132067181
:1098900002981201B84C08D80C7107BA24D8047188
:1098A00006BA187004D80C7101BA40D80E7102BA09
:1098B0000A7005BA20D8047203BA604C4411404CB7
:1098C0001814076118149111383111429111076968
:1098D00010D90472EF3200C1006008401411103139
:1098E000016911422814A111076118140698381E45
:1098F000181400C10060084014110769FF311814E2
:1099000000C13C3008401411181407611814308845
:10991000024806984806009308DB047101F800A08D
:109920005CB00F3000A01088B111076980D90A71AE
:1099300000C1800008400811009100A000C400018F
:109940000840441000A000C020300E400411041054
:109950001050F47200A05415504512710698A807D3
:109960000698380718B8707800B8417806983C0314
:1099700090BA5B7A5C7A5D7A00C218500840241273
:1099800000C14C1F002128110698021C2088008865
:1099900000C5401F002154155112FF350762FF32E8
:1099A0000698660201595129047511590090212920
:1099B00020750698FA0406982A050698F602009281
:1099C00003D80C728111076102D90472FF0FBA70BB
:1099D00018B8727800F804D842710088308800C046
:1099E000FC1F0021041000C14C1F00211412012A89
:1099F000215A00C3185008403413312A1A7500C088
:109A00000060084004100730FE200C76381108B8BA
:109A10007F78020C7E780093009000A000C0F41FB5
:109A20000021041000BB1DB400A000C1DC1F0021F8
:109A300014111088FF3100C5FFFF000031120762CA
:109A40000762513A513B0E720698140D11590112DA
:109A500001131E703114008831100698140D11592D
:109A6000415C41280698160D513801130090012BD6
:109A700000902088076001140760FF30215D4112CB
:109A800007620762312D0876FF34415C4128015D91
:109A900031100698160DFF303088011300C0E01F0A
:109AA00000210410512B0C76076801150768FF355B
:109AB0006070315BFF32212B0C7507600115076068
:109AC000FF354E7000C5E41F00215415076507657A
:109AD0005112FF35FF30012B0875211007603270DD
:109AE00021100768FF30012B0A75211007600760FD
:109AF000207000C2E81F00212412211007600760B7
:109B0000FF30012B087521100768067021100760CF
:109B1000FF300093009200C10060084014142C49EB
:109B20000734FE242A761415F0BC076C513C0768F4
:109B300003680154107100C4FF0FFFFF513C014442
:109B40004811311200C5E81F00215415FF35076286
:109B500007622143544914122155FF3551522811EF
:109B600000A000DF0672011314703111312B112B8C
:109B7000016300C1FF070000113B012B00C278FE0A
:109B8000FFFF05B86EBD312A207505B8C8BDE822B3
:109B90001875DCBD06B8DC22107507B8F0220A750E
:109BA00008B8E822047509B800C100600840141222
:109BB0002C490732FE2216760768036800C2FF0FA1
:109BC000FFFF1414213C0144481150BD54491412A4
:109BD0002155FF355152281100A001D82C71008861
:109BE00000C00470084004108020FF301A7100C1CA
:109BF000B01E00211411076120D908710698820453
:109C0000067006984A03009000A002D8047200A0D3
:109C10000088069838071DB428B9112C408800C365
:109C2000EC1F0021341440445A7144130698A805CF
:109C3000411500C00060084004100730FD20447545
:109C400000C20870084024100760FF3080DC3471C7
:109C50000698500D01591C4A241007600260FF301D
:109C60000698500D0158B22001295413311006985E
:109C7000500D11280A75042554155045EE720698AA
:109C8000A8050094009000A07FB9066100C01C6088
:109C9000084006988C1304155153113B3155581048
:109CA00002988613EBBD00C03C1F00210411113D3A
:109CB00010D91271FF33076B00C19040084638116C
:109CC00018B97479581000A006985C028024E42426
:109CD0000D300472044800C11C510840141100C327
:109CE000D81E0021911504351A72181388BB08D8A4
:109CF00004716C7B04D804716A7B8CBB2F7C5B7B0A
:109D00001670044B181388BB08D804716F7B04D8F5
:109D100004716D7B217C0C30016006982407069845
:109D20000A0C0698D40700B8B111076940D9067229
:109D30000298080701BC00C20060084000DC0A71FC
:109D400024150165604A0A701C4A241507657C4A7F
:109D5000043508D920712024512A241200C1800022
:109D60000840320C28110762281107622811076287
:109D70002811500C00C1341F0021141200DC347172
:109D800020D8067101B80C70F0DA0C720CDB087187
:109D900002B806982C07482400C3306108403413E9
:109DA000076380DB0E7102B9911308DB047203B9FB
:109DB00006700C49141100C380000840FFB8012050
:109DC00011410871014118130824014200C120000B
:109DD000084014110141036D514191152035016D69
:109DE000514118132813481300C37C000840341055
:109DF00003D80C71073005DC0671084B227B8CB848
:109E0000507800B800C1341F00211412036821509B
:109E1000F0300152281100A04024066400C0FFFF6A
:109E20000100013C1DB002200158402806751EACFF
:109E300001EC00A0208800C01850084004121DB496
:109E4000211304123052F871066C402400C3741FB1
:109E50000021341014110698800D066900921159E2
:109E60002129067600BB11590698380D80B8015893
:109E7000013A0662313B0472215A412A00A000C215
:109E800000010840317A00A0308880B9076900C31A
:109E90000000C0FF3110312800BC002D0C7511549A
:109EA0001EAC01EC312DF470066C51134155312C70
:109EB000009300A000C028400E40041331510761F8
:109EC0000C3107691153381000A00698EC0800C047
:109ED000F41F002104110698D407217A237A00C3C5
:109EE000000010000698140800C0541F00211DB186
:109EF000181000A000C0501F00211DB1181000C094
:109F00009C1F00210410002D067500B826A8069895
:109F1000A80700C09C1F00210410012C067506989C
:109F2000380728B010B9115911380EB9114028A8B6
:109F300080B800C144300840081100C1F01F002162
:109F40001410303B06710760076000C408300840F9
:109F500044111150FF30015118146FB8076826A83A
:109F6000217A050C21102048267800C063EF0000FC
:109F7000314026A8050C20ECB11140D90872247A92
:109F800020EC217A184826A828B00AB901510F31CF
:109F9000115028A8050C207A20EC0F0C98B84678B0
:109FA00041780698660200C2401F0021241001512A
:109FB000FF311150081200A00698EC0800B826A83E
:109FC00000C0581F00211DB1181000A030B8407803
:109FD0000DB101D9FC72427800C074300E400411FA
:109FE0004CBA407A1810144804115C7A1810A4BBBB
:109FF000707B4E7B4F7B00C20430084000A0069867
:10A00000EC08217A227A00BB0698140800C0641F6D
:10A0100000211DB11810A4BB00C040300E40041137
:10A02000033101492872B1120762076230480411F6
:10A0300021510F3118726E7B6F7B104804114CBA9E
:10A040007C7A181014480411607A1810B11002D8E4
:10A050001071707B30B8627860780DB001D8FC71F7
:10A0600000C0F8600840041101D90C7100C018004C
:10A07000084002B9181008B86E780EB84EB110D961
:10A080000C723EA8140C0FB83EA8107044A8140C13
:10A0900001B800C1AC300E40081100C077801F002D
:10A0A0003DB201423DAA00C0FFFFFFFC013A3DAABC
:10A0B000140C00C077E01F0001423DAAFFB8452004
:10A0C0007D7808B87E7800C12460084014110761CB
:10A0D0000631087100B90698D21006988C13B11198
:10A0E00001D90E7106985E1E02D906720698500CB0
:10A0F00006988613511406983807F4B845780A0C68
:10A1000000C0601F00211DB118100298AC10FFB8EC
:10A1100045205D7803B8076044A83EA800C1AC3074
:10A120000E40081110B807683DB101393DA908B8C3
:10A130006F7800A046A800C0FFFF0000013B076346
:10A1400056AB94BA437A01D91471013C47B300C0AD
:10A15000FE20FFFF013B314447AC637AFFB821206A
:10A16000407802D90471607800A0C8BC066C415CDC
:10A17000512C06750698380706982E0EB110076800
:10A1800005D8347140BA06985C1308B86578911008
:10A1900004D8187188B86E78577800C064000840F9
:10A1A00021780698FA1001400A728CB84278069815
:10A1B00098130298E20B08B86C7820B859785B784D
:10A1C00000C0F44008407878797800C1C81F0021A9
:10A1D000141040A8184914130449408814140C4959
:10A1E00014118112076A006A01DA187188B8577869
:10A1F00000C0CC1F002104100161076307630764DE
:10A2000007640698540A00944EB010D842724DB1BB
:10A2100061B80158113840B102D90A72604804BBD4
:10A2200041540870204802BB02BC4DA8F8B87078B1
:10A23000190C3EB141413EA9F4B973797378717834
:10A2400000C4F840084000C200410840227000C22B
:10A250000000010044AA230C00C200000B0044AA25
:10A2600000C41041084000C21841084004BB587C9B
:10A27000050C597C0C240F0C2FAB050CB11008D821
:10A280001471647A657A1CB879787B7820B879780B
:10A290007B78607CF424411306989E075114404457
:10A2A000067506983807727BFFB84D20050C687854
:10A2B00040EC00C05C1F00211DB11810911004D8A3
:10A2C000147100C0B01E0021041080D806711CB8A3
:10A2D000737800F818B800C1D41E002100C21850CD
:10A2E000084024122811777800F800C0B8600840B0
:10A2F00004110761076180D9047240EC00C4F84082
:10A3000008404EB010D80471182441130C23527C1D
:10A31000407B11512FA9050C797C0A0C00C000006C
:10A3200001020814787C050C507C08B86D7800A0F8
:10A3300000C0287008400411108800C100180040B7
:10A3400018104448041110887848041110880088B7
:10A350004CBA757A18103DB11088F4B84278442090
:10A36000727828487378F8B873784FB200C4FFFF4A
:10A370008080413A4FAA01BC01644113076300C0C9
:10A380006C70084003B918100110011001B91810C1
:10A39000011001100110011068480411076101B893
:10A3A0000160003A0471044904D904724152076003
:10A3B000003A0471084908D9047231520460003B24
:10A3C0000E7200630064314241424FAAB2704FAA3C
:10A3D000F8B85378182053782848527800913DA94E
:10A3E000009000911810009178481810009144488E
:10A3F000181000A0115910D906710760076008D91C
:10A400000471076004D90471036002D9047101600A
:10A4100001D90471006000A000BA01D8067101489A
:10A42000112A0069006001D8F6720138F67200A0A6
:10A430008020FF30FF48812000A002EC00CA02EC1F
:10A4400000C8076A014202EC00C8076A014202EC38
:10A4500000C8076A014200A000C218500840241238
:10A4600011592129127300210E7100C23050084089
:10A4700024120121212900A00698EC0888B85778F9
:10A4800000C57C1F00215088044D88BC00C0BC1E44
:10A490000021811101D91E71407C009501157C4D70
:10A4A0005088044DFFBB076B315B04110698780D93
:10A4B0003129F87506984C1D541506985E1E01D971
:10A4C000087206981E0906700698800988BB547B9E
:10A4D000009500F806982E0A0E7006980A0C069849
:10A4E0002E0A0698D8110698D8089112211900C092
:10A4F000246008400A78097800F810B901BA069873
:10A5000052130698AC1000C57C1F002100F8911270
:10A51000033288B900C3B01E0021341300C4A81050
:10A5200008408CB84278707903DE067144786E700A
:10A530007179A11020D806710298760F80DB5071D6
:10A5400002D84C7205B830880763076302DB2A71B2
:10A5500000C3AC0008403413066380DB04728048FB
:10A5600000C3102008403413315B04724048312886
:10A57000312802600814076800930814A1101030F5
:10A580000248081400B808149110076008148CB829
:10A590006278A11000DC0676517900BA80DB3A714E
:10A5A00000C000000200003B307150884110344868
:10A5B00003DE04719048041508200411F820581097
:10A5C0001C20217800C0A40008400E7810D9047225
:10A5D0002E780698A21600959111203102699110EB
:10A5E00004D80E7200C1481F0021141101D90A714C
:10A5F00020880698D210009200C118000840053348
:10A60000054B1872184C03DE0471904C441400C3BF
:10A61000FF1F0000413BFF233811B84900C33061E0
:10A6200008403413076380DB0E7103BA076A06988B
:10A630005E0F00BA0870076A06985E0F0449087931
:10A64000097914102140081100A000BD06984002AD
:10A6500010B903DC047100B901BA0698521302D98B
:10A66000067100404E7201B107690F310698FA1069
:10A67000FFD82872811008D8187106DD0A71069873
:10A68000400203DC0C7206984011069898130C7077
:10A6900006DD107106984611487020B802A806DD44
:10A6A000107206982E0A0698D80801F840B802A839
:10A6B00000F800C0B01E00210413076301DB227103
:10A6C00091100111076911388CB910D808714479BB
:10A6D0000298760F02DBFA72A11328DBF47203BD35
:10A6E0000698A01006982E0A8CBA7F7A06989E07C4
:10A6F00000C5801F00210698400200BA03DC4A72A0
:10A70000044DA11002D804710C4D00C01400084083
:10A710000410026800C3701F00213411112800C109
:10A72000306108401411076180D90C71911108D96A
:10A730000671FC230C4DFC2334110698380D00C122
:10A740000C510840069854075415212D00C0F8609C
:10A750000840041101D9227100C0381F00210410E3
:10A76000033001DC147200C0140008400411FB2106
:10A77000087607BA076A212D0698EA0702988A0A1E
:10A780009110015503355150011900A000C1441F1B
:10A790000021141001D8427101480760FE200E7597
:10A7A000811020D8087100C1481F0021141101D95F
:10A7B000287100C0246008400412215107610F3144
:10A7C00007691152281000C000600840041191125E
:10A7D000215120311152211900A0811380DB067212
:10A7E00001B800A000C30C5008403410063030728D
:10A7F0007C4B34122C4B34100760076040302072C1
:10A80000811080D8DC713410014A07620360803007
:10A8100021508C480A717F2355233410013000A049
:10A8200000BD0698A01088B847784578437800B8EE
:10A83000447800A006982E0A0698401100C58C1F87
:10A84000002154150698EA0702988A0A00C374008A
:10A850000840027B06988C1350BA06985C13069841
:10A86000FA10FFD84A71911004D84872811007601D
:10A870001CD8407220D938721112FF322151347124
:10A8800080218021111400C0E01E00210413FFBAB2
:10A890003151113A215111538CB938107B79404410
:10A8A0000E7200B900C2B81E00211812067008B856
:10A8B00060780698861300F800B900C29C10084022
:10A8C0001812244A0AB9181288BA507A517A577A5B
:10A8D0008CB942795F7900A00698400207DC1072BB
:10A8E000911000200A750698D8110298260E069835
:10A8F000D80801B9911004D8047100B910BA0698AB
:10A90000521300BA00402A7100C0B01E0021041189
:10A91000076101D9127104D9E2728110076001D870
:10A92000DA718CB8647800C11C510840069854074D
:10A930000698D81100C5901F00215415212D0698A6
:10A940001E0900C5941F002100F800BC811108D920
:10A95000167280D9207201B910BA069852130040BD
:10A960000E7101BC1070069840110698981320B81B
:10A9700002A800F80698D81181110231127100B9AD
:10A9800000C20C1008401812244A02B91812069886
:10A99000401100C5981F002154150698D61D029835
:10A9A0008A0A04110121147188BA737A04200412EE
:10A9B0002811042004110121F47200A006989E07BA
:10A9C00001F8911010D8347106983C030698FA04E7
:10A9D00006982A0500C51C51084054110698780DA8
:10A9E00000C5D01E002154155129E27518B876789B
:10A9F0008CB8447801B802A800F8B110076810D8E4
:10AA00002E7100C04810084000C3000008403114F7
:10AA1000884C44113411076101D9FA71441228108D
:10AA2000076228100762281007622810E870029851
:10AA3000760206985C0211380472016A00BB00C1FC
:10AA4000E01E0021141120390C72911210DA0672E6
:10AA5000417B00A006988C1300C2B01E0021241276
:10AA600020DA0472617B88BA527A00A088BA727ABE
:10AA7000811204DAFC7200A088B86B78577800C0A5
:10AA8000640008402F7800A00698E610076307636B
:10AA900090B9637900B902DB227102EC00C909B8F0
:10AAA00001D9507200C2AC0008400E7A10D904726D
:10AAB0002E7A0698A216E031076102EC00CD11450E
:10AAC00002EC00CC01DB087100BB0298001803B84F
:10AAD00041110731FA211C760621911210DA087112
:10AAE00002DD10721E7020B80698140D30381472F2
:10AAF00008B80698240700C0240008402978207868
:10AB000000F8046020D8067102985A1502EC00CAB9
:10AB100005B823DA187104DBDA7120DAD67110DA9D
:10AB2000D27290B8617800B801DA067202EC00C8FF
:10AB3000911110D9267100C1C01E002114111150AD
:10AB4000FF300C720661A110115002300A7180DBD7
:10AB50000A720AB89E708CB97C790768911111400D
:10AB60002111C0311140011990B8411108D9047167
:10AB7000667820D904726578A11002D80672C0DA0E
:10AB80001E7190B8273123DD087210DB10726078D7
:10AB900025DD0A7121DD087208DB0471627803B8D3
:10ABA000411107310872A1152035AA7102DD3272F8
:10ABB000A11120D9A07102D92872CCDA9872411162
:10ABC00040D9927206B802DB1071046500C11020F2
:10ABD00008401411112D112D054D5C720298E813D7
:10ABE00021114049C0D94E71A03141154035016550
:10ABF00051410361076308DA1E7204DA38721049A2
:10AC0000A1150235067110DB0E7201340A7108DBE2
:10AC1000247190B86778CC3211101A300ADC0872AF
:10AC2000CCDE0471FD3100C00D0F0C0D0698160D21
:10AC300001D8607207B80298121400BA411108D9FD
:10AC40000C7102EC00CA05B830DAEC720734F0314E
:10AC5000026101DA0471014900C0F300A3E3069820
:10AC6000160D01D8D07100C0981440680698160DD2
:10AC70004030014440DA0471204C04320162204A21
:10AC80001110063000680142183102691142029821
:10AC90003014204A00C0051708500698160D1130D0
:10ACA00001422088FFBB0DDA507100C1DE1B250177
:10ACB00080BC04DA107208DA0A7200C12084100025
:10ACC000E024A02407634143016401DA06711E49B0
:10ACD000024B00C0281F002107633810BC2002DA95
:10ACE000127101B91159A11380DB087100C100FC78
:10ACF000FF01181002988C1700C4B01E00214410E8
:10AD000080D87C710092D0DA06710DDA0C7190BD9A
:10AD1000437DEFBD0698C60503620DDA8672A11168
:10AD200005D95C7100C23810084024120C24281484
:10AD300001D9067202D9327140D91E7102EC00CAE3
:10AD4000211018320471FA2220D804720822FE223F
:10AD5000087502EC00C8F87001D90E7102EC00C849
:10AD600002D9067204DC187200C0B01E0021041063
:10AD7000026801D8067190B8647818B873780298A0
:10AD8000001800C50020084000C00417000008D9C2
:10AD900004720A480815104D00B808D90472FF2043
:10ADA0000815084D00C00884000008D9087200C0CA
:10ADB0002083B8ED0815104D207D00A000B8011AC1
:10ADC00000C074000840027891101030011905BAD3
:10ADD00006985C1302D9067101B802A800C0B01E23
:10ADE0000021041380DB06710298A81340DB067172
:10ADF000029840198CBA7C7A01DB6C7100C22C1F5E
:10AE0000002124111114FF3402EC00C8FF24FA764B
:10AE100007610698240D036111380F300361111486
:10AE2000011141100698240D01D8087203B8029848
:10AE300012141C4A02DB2471241011281128041258
:10AE4000023006710762076200C0FFFF0000213870
:10AE500000C218000840FF20081241100760069841
:10AE6000240D01D87C7120BC1033767100BB00C169
:10AE7000281F00211415C021112C5112076A0F320E
:10AE80000E7140885114069856184143009451128F
:10AE90000765036A0F320E71411151140698561856
:10AEA000036C41430765513B00C1E41E00211411AE
:10AEB000111231100F30127100BA046101D80471FF
:10AEC000114200600FD8F472311002601E3004721B
:10AED00001B8003A087204B80298121402981816C1
:10AEE00000C1306108401411076180D91A7102EC69
:10AEF0001DB002EC1DB101581128A0B9115911283B
:10AF000006758CBA637A00C0341F002104110F311A
:10AF100003DD1A7200C000600840041007D80E72EA
:10AF200000C01040084004B9181000F80698E61058
:10AF30000698C40500F830885088FF34087102EC88
:10AF4000FF24F87002EC00CD141001BB5150FFD863
:10AF5000047131440760006B10DBF2710421FF22A1
:10AF6000E4720F4C0095009300A000C018600840E8
:10AF700004100560073000A00CB802983C1902ECE0
:10AF800000CAFFBC80BD06988A180448187202ECFB
:10AF900000C92115F03500650F32076A114200C45F
:10AFA000FF0F000000C1C01E002114103111011359
:10AFB000413B02EC10D90871211400CA2C703052A8
:10AFC00006714052B472211407600760FF3055DCEF
:10AFD000187100CA005212710ADE0E714ADE0A713F
:10AFE00055DE06713052927200C1C41E00211088D5
:10AFF0000698381E0731114507650765414500C3AE
:10B000000C70084034130763FF3307633145009128
:10B0100058110849281118B875780BB802981214FD
:10B020000763076302EC00CA02DB127155DE067289
:10B0300002989E1854DE067202989E1801DB127167
:10B0400006985E0D06985A0D02EC00CA0298001888
:10B0500000C1BC1E002114147C4906985E0D4052AC
:10B060002E7204DBE07190B8637806988A18044861
:10B070006E7200BA06985E0D2113141000C1FF0F06
:10B080000000113A105254710152113A067104B87D
:10B090008C7000BA06985E0D2111FF320761111401
:10B0A000911010D82271073103DD1C7200C1C81E37
:10B0B00000211411FF31115206710AB8D4708CB9F5
:10B0C0007C79029800184110813081DC0E72076A89
:10B0D000034A076A0F4A06981A1B029800181410B0
:10B0E000FFBC013C0698C01B02EC00CA02EC00C980
:10B0F00002EC00CB076A3142076A21410F3302ECB0
:10B1000000CD02EC00CA00400872211302EC00CA14
:10B1100007621142911110D92A7121110F3103DDFB
:10B12000227200C1C81E00211411FF31076A0023DA
:10B130000C71115308710AB80298B0198CB97C7956
:10B14000147021110F31076A02DD5A7101DD067199
:10B1500003DD4A7200880AB90698041B0090211189
:10B16000FF32FFDE387120543872FC25187202EC71
:10B1700000CA01DE107202EC00CA18DE087288B83C
:10B1800077781A70066100400472006180D90E71F0
:10B190004CBA477A06985C1B90B84378029800181E
:10B1A00004B89670FF32FF24F8750BB90698041B9B
:10B1B0002110E03001584128E875F83002601F3254
:10B1C000215A0125212DDA75012AD67602EC00CA12
:10B1D000FF20FA764111073101B80698140D003AA4
:10B1E000C071BA70004008710698941B0470022167
:10B1F00006B81159112DAC7500A000C5A810084063
:10B2000031100360081501110760076007690F30EE
:10B21000F0311140081507630363381528150762DC
:10B220002815076228157FBA281500BA28157FBA95
:10B23000281590B8437818B8737800A00698D01BEA
:10B2400011140CB900400A7100640AB90698941BE5
:10B2500003BD514400C5A8100840202A04752815D4
:10B26000481507644815181500400472381507641E
:10B27000481500A00088408800C0C81E00210410A6
:10B280000760073000C4200008404414412C0472B9
:10B29000012441384050047201210094009000A024
:10B2A00000C0C81E0021041007600730074800A036
:10B2B00000C2C01E002124122114076AFF320CDED6
:10B2C00012710DDE0E710FDE0A7110DE0671215A49
:10B2D00000A0FF34411200A000C1B41E00211411CF
:10B2E00000A0308806980E1E8111076102D90672EF
:10B2F0000298EA1C88BB557B076120D90671029829
:10B30000DA1C0088A11007680698F81B082114159C
:10B31000FC2590BB5C7B5D7B00C100600840141184
:10B320000731FE21307608D82A725113FC233413DA
:10B3300004DB2071076BFF33315B00C108700840EC
:10B340001411076180490C71FF313029607590BB81
:10B350007B7B1C707B7B7C7B00DD04717D7B01BB78
:10B3600038158113076B4033067118BB717BEC25D0
:10B37000541300DF5471042505DF54715415211155
:10B3800020880698780D009251293E7500C1006012
:10B390000840141102DB0C710731315B31292A7628
:10B3A0000C7004DF0872006180D91E720698F81BC9
:10B3B00000C0087008400698521E0698F81B141129
:10B3C000FFD960720298301D0090009300A05415C0
:10B3D000A111076910D9A672082508D8A0710825FF
:10B3E00010D89A71208821110698780DFC255412E6
:10B3F000112AF82554110C2520D80871F025541174
:10B4000010252029047621591815009202989C1CB9
:10B4100018B97179811010D80A7188B8447800B8C9
:10B42000417888B9747908B9677900F88110A0D893
:10B43000087188B9497900A0076002D8FA710698A6
:10B44000F81B108806988C130762076210DA0871DF
:10B4500008211415F025541100C20020FEFF2029F8
:10B46000127506985E1E01D90A7206982E0A069871
:10B47000D80800941CBB41100C200698C212411140
:10B48000082114100698C2123128441111120761C4
:10B49000FF31FF3201221052107207691814042480
:10B4A0004413042438140C7007692141181408242B
:10B4B0000814029886134044147100C1B81E00217C
:10B4C00014155113036B0FDB0C72066D0698A80759
:10B4D000411500A00698D80806988C1308BB511493
:10B4E0000698961D4415FC2554150298EA0788B95C
:10B4F00000C3B01E00213413076308DB1A718113E7
:10B50000A0DB0671497910706979076302DB087264
:10B5100008B9677900F800A08111076102D910719C
:10B5200088B975790698F81B1411FF3100A0FFB98E
:10B5300000A0041008211411F421081100A08111A9
:10B540000761076110310E710698F81B082114116C
:10B55000F821141100A0000001350100B9340100E8
:10B56000C53401009935010037E30200EFE602001F
:10B57000F3E60200FFE60200F7E60200FBE6020047
:10B5800084B5030044B60300000000009CB503002E
:10B59000010000000000000000F04902C0B50300F7
:10B5A0004063598F404B4C000B000B001A00FF7F8B
:10B5B0002822002000000000000000000000000021
:10B5C000F81F010110B80300DC1F0401020062062D
:10B5D00009C8056E0704DC0650070607F41F0101C1
:10B5E00001000000FC1F01010000000020600100BC
:10B5F000237000002C6002000050010F40B8004092
:10B60000786001005063820BE8600100590B000074
:10B610001470011000F8070014700130F5000000EC
:10B6200018700110FF0000001870013000180000B1
:10B6300070700300030101000F9C030006E0490045
:10B64000FFFFFFFFF01F01013F0037000400020071
:10B65000018014007F0000001800020000000000BC
:10B6600000000000280007000000000000000000AB
:10B6700000000000000000000000000000000000CA
:10B68000A007000048000100000000005400020074
:10B690000000000000000000A000040000400000C6
:10B6A000FF4C000000410000FF4D000000200100A1
:10B6B0000407000010200100000000001820010015
:10B6C000088400000830010013AC00013030020093
:10B6D000244910000100000040300100000000007B
:10B6E000A04001007A27000FB840010000C0A3006D
:10B6F000F4400100201000003441020080080000E6
:10B70000E6870000404102006D008800C0E6524D0F
:10B71000604104000000000000000000060000007E
:10B7200006000000146003001000000020F913045C
:10B730000B00720024600200008000000000000383
:10B7400050600600FC006900410800000100000094
:10B75000B0070700700A0000000000007C600B00CA
:10B760009BC34A74F003000003800000BE0A00007F
:10B770000101103050707F7F0000000000000000C9
:10B78000000000000000000000000000E460010074
:10B790008000D78BEC600500640483078813C83AE7
:10B7A0009C20060000612000B7568520046103003C
:10B7B000383E12002030000088BB000020610100EC
:10B7C000001E000030610800E853FA00000000008D
:10B7D0000000000000000000000000000000000069
:10B7E00000000000010000001C700500600005055D
:10B7F000030050AB8200000000008001D500000073
:10B80000487002003C3D0000BC190000FFFFFFFF34
:10B8100010000000D75403000000000068B80300C7
:10B8200060B8030000000000001A9A00005A62028B
:10B8300080841E0004200000244900020000000053
:10B8400000000000000000000000000000000000F8
:10B85000D1841E0000000000000000000000000075
:10B86000ED17000000000000193F01060410010060
:10B870000001010600102700000900000000000080
:10B8800000006C6F7765722D6D61632D7261696C5C
:10B890002D3830322E31352E342E63006C696272B1
:10B8A00061696C2E610000010304756E636C61694F
:10B8B0006D6564006275666665722D6D616E6167A7
:10B8C000656D656E742E63006C65676163792D70BC
:10B8D00061636B65742D6275666665722E630065C3
:10B8E00076656E742D71756575652E6300000700B1
:10B8F000100008001A0006001100020011000400E8
:10B90000040001000400090008000A000A000B00FE
:10B9100002000000000000000EBB0300A5BA0300F7
:10B92000000000000FBB0300E795030000000000CB
:10B9300071950300739503000000000075950300E6
:10B940007DBA030024BB0300E89503007295030051
:10B9500000000000769503006CB903006E950300AB
:10B9600070950300749503006F95030000020304B3
:10B970000508090A0B0001020304051D2000000050
:10B9800007050100AA00000029490200516A0100D0
:10B9900091990100217A0200A19C010089F2020024
:10B9A0008BF202008FF2020091F202008DF202008F
:10B9B0007912020069E90100D93002000D68010026
:10B9C0004989010085F20200D5ED0100DD67020022
:10B9D000E97E010087F2020029D102009D75020074
:10B9E000DDAE0200000000007A69676265652D75B2
:10B9F000707065722D6D61632E63006E6569676896
:10BA0000626F722E63006173736F63696174696F33
:10BA10006E2E630000130000000000000000000014
:10BA20000000000001000000ADF101000200000074
:10BA3000D70303000300000005F10100040000002B
:10BA40005103030005000000A5F001000000000004
:10BA5000000000000023001B2200FF000000000087
:10BA60000C090202000000001C1A0B0303FF060869
:10BA70000402020204020A0B030302030480FF0211
:10BA800004FF010101010800000000000000003176
:10BA900038323173005A6967426565416C6C69617F
:10BAA0006E636530398031313131003134323231B9
:10BAB00000313231003273003132323131320031F3
:10BAC00032323131003238310038313100313832E0
:10BAD0003131003132313131323132323231730071
:10BAE00031323200313231313232310032323800CB
:10BAF0000000183810300000000000008F8E8C808D
:10BB0000726F7574652D7461626C652E630081813E
:10BB10005A6967426565416C6C69616E636530396D
:10BB200006080C10806D61632D6D756C74692D6E47
:10BB30006574776F726B2E630000FFFFFFFFFFFFDE
:10BB4000FFFFFFFF00202020202020202020282889
:10BB500028282820202020202020202020202020CD
:10BB6000202020202088101010101010101010100D
:10BB7000101010101004040404040404040404103D
:10BB800010101010101041414141414101010101CB
:10BB90000101010101010101010101010101010195
:10BBA00010101010101042424242424202020202A1
:10BBB0000202020202020202020202020202020265
:10BBC0001010101020000000000000000000000015
:10BBD0000000000000000000000000000000000065
:10BBE0000000000000000000000000000000000055
:10BBF0000000000000000000000000000000000045
:10BC00000000000000000000000000000000000034
:10BC10000000000000000000000000000000000024
:10BC20000000000000000000000000000000000014
:10BC30000000000000000000000000000000000004
:08BC40000000000000000000FC
:08BC4800804DFC7F01000000AB
:0CBC50005CBC0300982000204E010000A6
:10BC5C0019FCFFFF19FCFFFF0000000000000000B2
:10BC6C00603D0300F02B00200000000000000000ED
:10BC7C00004F0300184F03003C4E030047530300D2
:10BC8C00FE000000C0EA2101C0EA21010080000092
:10BC9C0000F04902E0200020007007000090000036
:10BCAC002C300020C8000000FE0000000000000046
:10BCBC000C500300D0250020C0EA21016C60030069
:10BCCC0033000000D18A0000E6740300EA7403001C
:10BCDC00F774030004750300117503001E7503004F
:10BCEC003175030043750300507503005D75030047
:10BCFC006A7503007F75030092750300A475030039
:10BD0C00B9750300C8750300D9750300E875030005
:10BD1C00F875030004760300117603002176030006
:10BD2C003376030042760300517603005A76030003
:10BD3C006F7603008476030099760300B9760300CE
:10BD4C00C7760300E676030001770300147703003F
:10BD5C0021770300367703004577030054770300FF
:10BD6C0066770300787703008B7703009E770300D8
:10BD7C00000000000F0000000030E70400C81803AA
:10BD8C00477D03004C7D0300777D0300A57D0300F8
:10BD9C00D37D0300007E0300307E0300607E030031
:10BDAC00B07E0300005C2605E7DD02005896030018
:10BDBC00FFFFFFFFAFE00200ABE00200FFFFFFFF61
:10BDCC00090B0100FFFFFFFFFFFFFFFFFFFFFFFF5E
:10BDDC00FFFFFFFFFFFFFFFF69E20200DFE602004B
:10BDEC00FFFFFFFF000000006400000020A107001F
:10BDFC0000000000F152010000000000B8550020C6
:10BE0C0000000000A84A00206D500100957C010044
:10BE1C004753030000000000000000000000000079
:10BE2C0000000000A84A0020C95D010000000000CD
:10BE3C004753030000000000000000000000000059
:10BE4C0000000000EFEC0200A84A00207568010019
:10BE5C00957C010047530300000000000000000027
:10BE6C000000000000000000A84A00205D710100E5
:10BE7C00957C010047530300000000000000000007
:10BE8C000000000000000000AAB80300A84A00202F
:10BE9C00D192010000000000475303000000000095
:10BEAC00000000000000000000000000A84A002074
:10BEBC0045980100000000004753030000000000FB
:10BECC00000000000000000000000000A84A002054
:10BEDC00A5AC010000000000475303000000000067
:10BEEC00000000000000000000000000B80B000083
:10BEFC00A84A002019B201000000000047530300BB
:10BF0C000000000000000000000000000000000025
:10BF1C00A84A0020B9BD01000000000047530300EF
:10BF2C000000000000000000000000000000000005
:10BF3C00A84A002071BF0100000000004753030015
:10BF4C0000000000000000000000000000000000E5
:10BF5C00A84A00202FF902000000000047530300FC
:10BF6C0000000000000000000000000000000000C5
:10BF7C00A84A00208DC501000000000047530300B3
:10BF8C0000000000000000000000000000000000A5
:10BF9C00A84A0020B1CB0100000000004753030069
:10BFAC000000000000000000000000000000000085
:10BFBC00A84A0020FB0503000000000047530300C3
:10BFCC000000000000000000000000000000000065
:10BFDC00A84A0020893002000000000047530300EB
:10BFEC000000000000000000000000000000000045
:10BFFC00A84A00204D4802000000000047530300EF
:10C00C000000000000000000000000000000000024
:10C01C00A84A0020FD7102000000000047530300F5
:10C02C000000000000000000000000000000000004
:10C03C00A84A0020F17A02000000000047530300D8
:10C04C0000000000000000000000000000000000E4
:10C05C009C24002000000000F84A0020604B0020C7
:10C06C00C84B002000000000000000000000000091
:10C07C0000000000000000000000000000000000B4
:10C08C0000000000000000000000000000000000A4
:10C09C000000000000000000000000000000000094
:10C0AC00FFFFFFFFFFFFCEFAEFBEFDFF2C01001ECE
:10C0BC002C0140061027FFFF0E000000000004F8C2
:10C0CC00FFFFFDFF2C019C000000FFFFFDFFFFFFA9
:10C0DC00FFFF60EA8000800010C1CDAB0000400083
:10C0EC00EEEEFFFFEEEEEE0504010101FFFFFFFF98
:10C0FC00FFFFFFFFFFFFFFFFFFFFFFFFFFFFFFFF44
:10C10C00FFFFFFFFFFFFFFFFFFFFFFFF0101FFFF2F
:10C11C000201FF0F010208031E0605021601010AA7
:10C12C000C050A07051010010F0804100106010187
:10C13C00040301FF0EFE01FF7F0150403000FFFFA2
:10C14C00FF0B03FF64FF01FF050B0101FF0301035C
:10C15C0005020201FFFFFFFFFFFFFFFF010102FFCE
:10C16C00FFFF40FF0100000030BF4223013BFDD127
:10C17C00024A5368DB00FCD4704700BF00300E400D
:08C18C00A50900007D09000077
:040000030000171DC5
:00000001FF
