:1000000000100020E9030000BD2C0000C12C0000FE
:10001000C9E50100C52C0000CD2C0000C9E5010098
:10002000C9E50100C9E50100C9E50100C9E5010014
:10003000D12C000000570200C9E50100C9E501000C
:10004000C9E50100952A0200C9E50100C9E50100E2
:10005000C1D60000A52A0200A12A0200CDDE0000C0
:10006000992A0200C9E50100C9E50100C9E50100BE
:10007000F57B0000C9E50100C9E50100C9E5010003
:10008000C9E50100C9E50100B17B0000C9E5010037
:10009000C9E50100C9E50100C9E50100C9E50100A4
:1000A000C9E50100C9E50100C9E50100C9E5010094
:1000B00001DF00009D2A020031000100213D000007
:1000C0003DDF0000C9E50100FDFE0000C9E50100BB
:1000D000C9E50100C9E50100C9E50100C9E5010064
:1000E000C9E50100C9E50100C9E50100C9E5010054
:1000F000C9E50100C9E50100C9E5010000000000F3
:1001000070B58EB02C22002103A821F0B2FD64232B
:100110004FF00232CDE9052308930B238DF83430DC
:10012000514B1B880121D8078DF8101000F19680E3
:1001300008460FF08FFF4D4B4D494E484E4C0A225A
:100140001A704FF42873ADF812300FF09DFB206049
:1001500020B94A484FF417711EF004FE20680521AB
:1001600022F087FA20B145484FF41B711EF0FAFDCA
:10017000206808F0F1F9424B2068196822F022FB50
:1001800010F038FE0C256843099010F033FE6843E8
:1001900007900DEB050120680AF080FB20B137487D
:1001A00040F281211EF0DEFD36492068002222F057
:1001B0008FFB20B1314840F283211EF0D3FD324E37
:1001C000324D96F9000040F203532B807F284FF008
:1001D0000503AB7001D110F09BF83378EB7010F091
:1001E00009FE00EB80008000A88010F003FE0023D1
:1001F000C000E880AB604FF0FF3019A3D3E90023C3
:100200004FF0FF3110F0E2F82149206822F00CFF96
:10021000206802A922F03BFB20B118484FF42F714F
:100220001EF0A0FD042220680DEB020122F0B8FAB6
:10023000042804D0114840F2BF211EF093FD01A90B
:10024000012023F034F802F07DFD012011F062F866
:100250001EF07FFB11F088F80FF080FF0EB070BD2C
:100260000A0020FF42030000B63D0020E1400020CC
:100270007D00010090110020383800202E840200FB
:10028000D0100020EF400020161400202C38002051
:100290001D0201000348044B834202D0034B03B10B
:1002A0001847704760140020601400200000000010
:1002B0000548064B1B1AD90F01EBA301491002D0C8
:1002C000034B03B1184770476014002060140020EE
:1002D0000000000010B5064C237843B9FFF7DAFFA1
:1002E000044B13B10448AFF300800123237010BD09
:1002F000283E002000000000B086020008B5054B33
:100300001BB105490548AFF30080BDE80840FFF781
:10031000CFBF00BF0000000098160020B08602008A
:10032000A3F5803A704700BF174B002B08BF134B53
:100330009D46FFF7F5FF00218B460F461348144AF0
:10034000121A21F096FC0E4B002B00D098470D4B53
:10035000002B00D098470020002104000D000D481C
:10036000002802D00C48AFF3008008F09DFA20006E
:10037000290021F048FC08F071FA00BF00000800D5
:1003800000000000000000000010002060140020A9
:100390003841002000000000000000000F4BD3F89F
:1003A0002838A3F17E62A2F58432B2F5605F10B501
:1003B00011D219680A4A91420DD10A4C227812F0E2
:1003C000FD0F01D0002010BDDB6998470028FAD14D
:1003D00001232370F6E74FF48170F4E70000E10F8A
:1003E00007B0CD5E293E002008B500F083F8124B1F
:1003F00012498B4212D3124B124900208B4218D360
:10040000FFF792FF186850F82240586840F82240E1
:10041000013298688242F5D30C33EAE70022F8E70C
:100420001C6844F8220001325C68A242F8D3083309
:10043000E4E70022F8E700BFB8860200C4860200A5
:10044000C4860200C48602000048704700F04902DA
:10045000104AD2F8943003F00703023B032B13D861
:10046000DFE803F00C14020E0B4B1B68D2F80001FE
:10047000C0F304200130B3FBF0F07047074BF4E702
:10048000074B1B685B08F1E7054BEEE74FF40043B1
:10049000ECE700BF00400E40A0100020A410002098
:1004A0009810002008B5FFF7D3FF054BD3F80831AB
:1004B000C3F308230133B0FBF3F0024B186008BD0F
:1004C00000400E409C100020014B1868704700BF90
:1004D000A4100020054B1860054BD3F8943003F0AE
:1004E0000703022B01D1FFF7DDBF7047A4100020E6
:1004F00000400E40044B054A9A60D3F8882042F42D
:100500007002C3F88820704700ED00E00000000092
:10051000014B1868704700BFA0100020024B1968FB
:10052000024B186809F050BBA8100020C81000202A
:1005300070B59400224605460E461EF0BDF9431CD8
:100540000AD058B922463146284621F068FB0028D7
:10055000034808BF002070BD0248FCE70248FAE7E4
:1005600010E000F021E000F024E000F010B50446B7
:1005700001F000FA431C10D088B901F0D9FA20F03C
:10058000030023462044984201D1002010BD53F8B7
:10059000042B0132F7D00348F8E70348F6E7034895
:1005A000F4E700BF0EE000F021E000F024E000F0EE
:1005B00008B51EF046F8014B186008BDA01D0020CC
:1005C000014B18681EF041B8A01D00200C4B98424A
:1005D00005D90C4B984210D80122012301E00022DA
:1005E000134609490B640949D1F8003123F080739F
:1005F00043EA0263C1F8003170470222EDE700BF11
:100600000048E8010090D0030000C84300400E40BD
:100610000F4B5B680F4B30B500221C46C9B21D79E9
:100620008D4202D11D6885420DD20132052A03F1A7
:100630000803F4D10321064A536823F0407343EAC8
:100640000163536030BD04EBC2046179F3E700BF7E
:1006500000000E407457020038B5074C41F6713364
:10066000256C2364FFF7F0FEADB20021FFF7D0FF49
:100670000DB10023236438BD00000E40044BDB6B3A
:100680005B0604D4034AD2F8C830002BFBD1704774
:1006900000300E400000C64308B5FFF7EFFF024BE5
:1006A0005868C0F3014008BD00300E40044BD3F839
:1006B0004421D20703D4D3F840211042FBD1704724
:1006C00000400E4038B5064C256C41F6713323646A
:1006D000ADB2FFF79DFF0DB10023236438BD00BF0D
:1006E00000000E4038B5C0F30323013B092B11D89D
:1006F000DFE803F0052710102B221D101511154DF2
:10070000C0F3043405F1424505F5801504EBC5003E
:100710008000016038BD104DC0F30434F2E70F4D86
:10072000C0F304344FF48030FFF7C0FFEAE7C0F3B2
:1007300004340B4D1020F7E7C0F30434094D0120B9
:10074000F2E7094DC0F30434DCE7084DC0F304348C
:10075000D8E700BF00400E4050410E40F0400E4030
:10076000E8400E40E0400E40C0400E40B0400E4019
:10077000C0F30313013B092B2AD8DFE803F0050B74
:100780000F1929291F23374B274BD3F80001C0F33A
:1007900004207047244BD3F81401F8E7224BD3F818
:1007A0000031C3F3006301330120984001387047E2
:1007B0001D4BD3F80C01C0F3082070471A4BD3F837
:1007C0000801F8E7194B984204D0194B984207D01A
:1007D00000207047144BD3F8203103F00F03E3E7F8
:1007E000114BD3F82031C3F30113DDE7114B9842CD
:1007F0000CD003F5B01303F580539842E8D10A4BAF
:10080000D3F82831C3F301230433CDE7064BD3F8E3
:100810002831E8E7084B9842DAD1034BD3F830018E
:1008200000F00300704700BF00400E408006160035
:1008300080162E0090171A00A009140000F00F0077
:100840000138072852D8DFE800F004152251313969
:1008500051412C4BD3F8943003F00703023B052B96
:1008600006D8DFE803F04B29410305450B2070470C
:1008700005207047234BD3F8803003F00703013B7A
:10088000042B17D8DFE803F01830163638001D4B5C
:10089000D3F8843003F00703013B042B0AD8DFE8C8
:1008A00003F00B2303292B0006207047154BD3F8C8
:1008B0008830E2E70120704703207047114B1B6F1F
:1008C00013F0010F0CBF0720092070470D4BD3F820
:1008D0005C3103F03003202B10D0302B10D0102BC4
:1008E0000CBF07200120704702207047002070478E
:1008F0000C2070470A2070470D2070470420704775
:100900000820704700400E4008B50146FFF796FFEB
:100910001A4B994212D01A4B994213D0194B994253
:1009200004D1194BD3F8800000F0070001380428E7
:1009300022D8DFE800F00B0F17130B00124BD3F88F
:100940008400F1E7104BD3F88800EDE7BDE80840DC
:100950001DF03BBEBDE80840FFF7DABDBDE808402A
:100960001DF036BEFFF774FD074BD3F80031C3F31B
:1009700000630133D84008BD0020FCE703002000DD
:100980000500240002001E0000400E4000F4781311
:10099000B3F5B01F10B5044674D025D8B3F5402F79
:1009A0005ED010D8B3F5802F49D005D83BB1B3F550
:1009B000003F4FD0002010BDB3F5202FFAD1BDE885
:1009C0001040FFF745BDB3F5801F00F08480B3F5FC
:1009D000A01F4DD0B3F5602FECD14A48FFF72EFF92
:1009E000072878D00928E9E7B3F5381F53D013D882
:1009F000B3F5001F58D00AD8B3F5D01F56D0B3F5C1
:100A0000F01FD7D14048BDE81040FFF77DBFB3F5D8
:100A1000101FCFD13D48F6E7B3F5481F4DD0B3F5D1
:100A2000781F65D0B3F5401FC4D13948FFF76CFF7C
:100A3000384BD3F82831C3F30123043320E0FFF708
:100A400007FD344BD3F80C31C3F308230133B0FB5B
:100A5000F3F0B0E7FFF7FCFC2E4BD3F80831F3E7D7
:100A6000FFF7F6FC2B4BD3F81431C3F30423EDE767
:100A70002648FFF749FF274BD3F8303103F0030333
:100A8000D84098E72048FFF73FFF224BD3F82031AA
:100A900003F00F03F4E71C48FFF736FF1D4BD3F8B4
:100AA0002031C3F30113EBE71948ACE71848FFF70F
:100AB0002BFF184BD3F82831F3E71748FFF7BEFE9A
:100AC000072808D0082809D004287FF473AFBDE8B0
:100AD0001040FFF7F9BC114B18686CE7FFF7B8FC42
:100AE0000C4BD3F80031C3F3042303FB000062E78F
:100AF000FFF7AEFC014620461DF09EFDB1FBF0F075
:100B000059E700BF06000E0002001E000500240089
:100B10000300200000400E40B8003200CC1000203E
:100B200010B5FFF799FD094B07225A67FFF790FCB4
:100B3000FFF74CFDFFF7B6FC0446FFF7ADFD01469D
:100B40002046BDE81040FFF7BDBD00BF00400E408D
:100B5000014B1880704700BFAC13002010B504286B
:100B600013D8DFE800F047032F132100294AC1F30F
:100B70000801D2F86838002BFBD1274A136A23F406
:100B8000FF7323F001030B43136210BD214A01F0F0
:100B90007F01D2F86038002BFBD11F4A136923F084
:100BA0007F030B431361F0E71A4A01F07F01D2F88B
:100BB0006438002BFBD1184A936923F07F030B4361
:100BC0009361E2E7144AD2F89030536A23F030037D
:100BD00043F010035362146B104BC1F3C310033086
:100BE0000F2803EA040328BF0F200B4343EA0073D6
:100BF0001363CAE74F29074A28BF4F21D2F8743838
:100C0000002BFBD1044A936B23F07F030B439363C8
:100C1000BBE700BF0020C84300400E4000F8FF0FB4
:100C2000104A536A13F0300F18D0202913D03029FE
:100C300014D000290C4B08BF4FF44003D2F8901099
:100C400033EA0101FAD15B0246BFD2F8A000C0F33B
:100C50008020012070474FF40003EFE74FF440037A
:100C6000ECE700BF00400E40FFF3E17F02280AD10D
:100C700029B1064B4FF48060C3F8A800596612B141
:100C80000220FFF7CDBF0120704700BF00400E409B
:100C9000F7B507460C461546072800F28680DFE8C0
:100CA00000F029303C413684840401A800F022FF82
:100CB0009DF80530012B03D89DF80430022B18D97C
:100CC000002C74D14FF400410E240F234748012219
:100CD0000166A240D0F890101142FBD1002D64D0E3
:100CE0000122424902FA03F3D1F890201A42FBD1C3
:100CF0005BE0FEE7002960D14FF40071082409236E
:100D0000E4E700295ED1802106240723DEE70029DD
:100D10005CD1202104240523D8E741B9082102240D
:100D20000323D3E7002955D102210123CEE72F4A1F
:100D3000536A13F0300F51D12D4BDB6B536ADB0735
:100D400041BF536A23F0300343F01003536204267B
:100D500002230321254A1666264A13449B0018687D
:100D60000028FCD00DB311448D002B68002BFCD063
:100D7000022F1AD1CCB11D4C616A11F0010131D0A2
:100D8000012220213846FFF771FFD4F89C70012220
:100D900000210220FFF77CFFC7F30A010220FFF7C2
:100DA000DDFE26662B68002BFCD003B0F0BD4FF4AF
:100DB00080460E230F210024CCE74FF480760823D1
:100DC0000921F8E7402606230721F4E7102604232B
:100DD0000521F0E7012600233146ECE70426022333
:100DE0000321E8E73846FFF71BFFCEE700400E403F
:100DF00000300E408004F21010B50246B8B901224E
:100E00001146FFF745FFFFF727FC0F4B04225A67F7
:100E1000FFF71EFBFFF7DAFBFFF744FB0446FFF783
:100E20003BFC01462046BDE81040FFF74BBC0128C3
:100E300007D10146FFF72CFFFFF70EFC024B032200
:100E4000E5E7FFF709FCE3E700400E4038B5FFF7A0
:100E50003BFB0021044600F087FA1248FFF7B6FB7F
:100E6000012211460220FFF713FFFFF7F5FB0CB13B
:100E7000FFF704FC0C4B02225A67FFF7E9FAFFF771
:100E8000A5FBFFF70FFB0546FFF706FC01462846CA
:100E9000FFF718FC2CB920460121BDE8384000F0CE
:100EA00063BA38BD0148E80100400E40012210B588
:100EB00011460320FFF7ECFEFFF7CEFB084B05229F
:100EC0005A67FFF7C5FAFFF781FBFFF7EBFA044615
:100ED000FFF7E2FB01462046BDE81040FFF7F2BBFA
:100EE00000400E4010B504461120FFF7A7FC00217A
:100EF00001220220FFF7CCFE184A217C536A23F01E
:100F00000103022908BF43F001035362144B217807
:100F1000C3F8A014637AA18843EAC123D362136B98
:100F2000A07A217A03F07F630343E08843EAC02379
:100F300043EAC11303310F2928BF0F2143EA01738C
:100F40001363A37B617B1B0143EA0133E17B0B430A
:100F5000217B43EA0143536310BD00BF00400E40B4
:100F60000000C843034B5868C0F30800003818BF9E
:100F70000120704700ED00E0034BD86B80F040008B
:100F8000C0F38010704700BF00300E4042EA0322D9
:100F9000B2F5007F10B5194C29D00AD8B2F5807F80
:100FA00022D040F201139A4215D062B9D4F81C3213
:100FB0000BE0B2F5407F1DD040F201339A4210D0D1
:100FC000D4F8283201E0D4F82432C3F30722DBB28C
:100FD00003600A6010BDD4F824321A0EC3F307432D
:100FE000F6E7D4F82832F8E7D4F81C32F5E7D4F85D
:100FF0002032EAE7D4F82032EFE700BF0081E00FAB
:1010000008B5FFF7B9FF20B1024AD2F8C830002B6B
:10101000FBD108BD0000C64308B5FFF7ADFF80B1A6
:10102000FFF7EEFF074B19685A68C1F30121C2F3BD
:10103000014291421A688CBF42F0100222F0100265
:101040001A6008BD00300E40064B1B68DB0608D551
:10105000054B1B69C3F30443082B02BF034B044A2F
:101060001A60704700300E4000400E40981000207B
:10107000C0EA210170B5FFF77FFF38B12D4B1A7818
:101080001023C2F1020293402B4A13612B492C4DCD
:10109000D1F8804145F60E03C1F880312B6823F06A
:1010A000AA03DB05DB0D0B66FFF7AAFF224B1B68CB
:1010B000D80604F0010415D5D1F84031DA01FBD48B
:1010C000204B1B680B61204B1B78052B0AD11F4B53
:1010D0001E68FFF795FF184B59683046C1F3014170
:1010E000FFF7F0FA184B1B78023B0A2B0AD8DFE80F
:1010F00003F00615170909090909091A1D0000203E
:10110000FFF77AFE2B68DB075EBF0C4B02221A66E4
:101110001CB10A4B0022C3F8802170BD0120EFE70B
:10112000FFF794FEEEE7FFF7C1FEEBE7FFF7F8FCF1
:10113000E8E700BF2A3E002000300E4000400E408D
:10114000A81D0020A41D00202B3E00209810002088
:1011500010B50B4C0B4BD4F890201A601120FFF700
:101160006DFB094B1870FFF74BFF084B084A5B6893
:10117000C3F301431370074B22691A6010BD00BF0F
:1011800000400E40A81D00202B3E002000300E40E5
:101190002A3E0020A41D0020064942780B6823F453
:1011A000407343EA0223022A0B6004BF024B5B6ACE
:1011B000704700BF00300E4000400E4010B504469E
:1011C00008B1FFF7C5FFFFF727FF144A136943F083
:1011D000040313611DF05AFB1DF059FB104B114A1B
:1011E000C3F8242403F559231B68DB060ED51DF034
:1011F00028FA24F071FA1DF028FA1DF049FB02F0DC
:10120000EFF82CB1BDE81040FFF734BF30BFF4E772
:10121000FFF71AFFBDE81040FFF744B900ED00E00A
:1012200000A000400000FFFF10B5044608B1FFF722
:101230008FFFFFF7F1FE1A4BD3F8802145F60E0120
:10124000D207C3F8801148BF00224FF420711966FD
:1012500048BFC3F88021134A136943F004031361A4
:10126000114B124AC3F824241DF010FB104B1B68CD
:10127000DB060CD51DF0E5F924F02EFA1DF0E5F99A
:1012800002F0AEF82CB1BDE81040FFF7F3BE30BF5E
:10129000F6E7FFF7D9FEBDE81040FFF703B900BF3E
:1012A00000400E4000ED00E000A000400000FFFF05
:1012B00000300E400E4A0379916921F03F010B4343
:1012C000017843EA8103417843EA4103817843EAA4
:1012D000C103C178012908BF43F00103936113687A
:1012E000417923F4403343EA01431360704700BF60
:1012F00000300E402DE9F04104460D46FFF73CFE5C
:1013000060B3DFF86080FFF77BFED8F80430C3F3EA
:1013100001439C4222D0124BD3F80031FFF798F8DA
:10132000022C07464FF0100609D12146FFF7CAF9F3
:10133000C8F8106095B1BDE8F041FFF761BEC4F197
:1013400002039E40C8F810600DB1FFF759FE2CB99A
:1013500021463846BDE8F041FFF7B4B9BDE8F08159
:1013600000400E4000300E4038B505460C46FFF7F1
:1013700003FEB8B145B90C4BD3F80051FFF768F83C
:10138000C5F3042505FB0005084B1B7821463BB13E
:10139000074B9D4204D80220BDE83840FFF7AABFA2
:1013A0000020F9E738BD00BF00400E402C3E002071
:1013B000002D3101034B02781A7001210020FFF744
:1013C000D3BF00BF2C3E0020174B4AF6E85210B5A1
:1013D000596B5A639A6FD407FCD41B6C13F0030348
:1013E00006D0124A01249842C2F8B44A05D110BD71
:1013F00018B90E4BC3F8B40AF9E70B4B9A6FD20732
:10140000FCD41A6C22F0030202431A649A6F12F0A1
:101410000102FBD10038054C18BF01200129C4F896
:10142000B40A08BF5A63E2E700300E400000C6432A
:101430002DE9F04F00238BB0CDE90433CDE906331D
:10144000CDE90833A0F5E163B3F5966F0546019148
:10145000934603D900200BB0BDE8F08F624BDFF854
:101460008C81D3F81842B0F5E16F15BF4FEA146ACA
:10147000C4F3072AC4F30744E4B20694CDF824A0C9
:10148000D8F84C60C6F301768CBF012200223346A7
:1014900007A904A815BF4FF4E1674FF496674FF40E
:1014A00096694FF416790392FFF770FDD8F8E03093
:1014B000039AC3F3012308A905A80293FFF766FD69
:1014C000A5EB070CAAEB04020CFB02F2B2FBF9F24B
:1014D00014445445079F0498089A0599BAD8A2EB7A
:1014E000010E0CFB0EFEBEFBF9FE11EB0E012CBF34
:1014F0004FF0010E4FF0000E8A42ABD3BEF1000F49
:10150000A8D13A1A0CFB02F2B2FBF9F280182CBFF8
:101510000122002287429DD3002A9BD1029BBBF16E
:10152000000F0FD0D8F85C20B5F5E16722F4FE4239
:1015300018BF012722F0020242EA470242EA0422CF
:10154000C8F85C20019A0AB9012084E7264A022ED5
:10155000D2F830223ED0032E3FD0012E14BFD2B29B
:10156000C2F30722120312F4702F7FF473AF1F4EE1
:10157000F46E24F470442243F2661B4A022BD2F824
:1015800030222CD0032B2DD0012B14BFD2B2C2F3AA
:101590000722120312F4702F7FF45CAF134CD4F8BF
:1015A000E03023F470431343C4F8E030636E8842A4
:1015B00038BF084623F4FF73E72823F0010328BF50
:1015C000E720B5F5E16F18BF43F0010343EA40039C
:1015D0006366B9E7C2F30742C4E7120EC2E7C2F37B
:1015E0000742D6E7120ED4E70081E00F00300E402C
:1015F0002F4B1A6FD96C11F0010F02F0060242D086
:10160000002A40D013284FD9143813288CBF102338
:1016100008232749013BCA6C180322F47F4240EAA1
:1016200003231343CB64234BCA6C1B88C2F30322EE
:101630002833013202EB820003EB5303B3FBF0F3D8
:10164000C86C013B072B28BF072320F0EE6040EA5F
:10165000036343F48013CB64174BB3F90030002BC2
:1016600010DB2833500800EB420203EB5303B3FBBB
:10167000F2F30A6D072B28BF072322F0700242EA1B
:1016800003130B657047D96C01F00101114304D1BC
:10169000092809D90A380928B8E7DB6C13F00103D7
:1016A000B7D01AB92728B1E70423B2E70023B0E77F
:1016B00000300E40E4390020E0390020064A074B94
:1016C000D3F88039136F23F0070303431367044BE8
:1016D0001888FFF78DBF00BF00300E400000C643E2
:1016E000E23900202DE9F041C288B0F808808588F1
:1016F000B0F90C6047784A2A04464FD9B2F5FA7F10
:101700004ED340F6C3139A428CBF4FF040524FF075
:1017100000522849CB6C23F0405323F00103002EE4
:10172000A8BF43F001031343CB64D1F8E03043F486
:101730004073C1F8E030204B1D80CB6E43F08073C6
:10174000CB661E4BD3F8800900B10420FFF7B6FF2B
:101750001B4BA3F800801B4B28461E80FFF748FF59
:10176000A37B03B3012B22D0012260881146FFF72F
:101770005FFE054678B10F4AD36B43F48063D363B1
:101780003846FFF721FEA37AA3F1200253425341CA
:101790000A4AC2F894372846BDE8F0810022B8E72B
:1017A0004FF08052B5E7034B074A9A65DCE7014BDF
:1017B000064AFAE700300E40E23900200000C64336
:1017C000E4390020E039002077402057372110B756
:1017D00000EB4000F8B50D461F46040116463AB12D
:1017E000154801238B402044C7B100F1C06003605D
:1017F000072D4FF00F0114D8AB00104806FA03F282
:10180000994020441DF049F83EB90B4A0123AB40F2
:10181000224477B102F1C0621360F8BD00F180602C
:10182000E5E7A5F108039B00054806FA03F2994095
:10183000E7E702F18062EFE70CA0004004A000405F
:1018400008A00040054B5A685B68054B41F67132B1
:101850001A649A6822F001029A60704700300E40C4
:1018600000000E40034B9A6822F001029A600022A9
:101870001A64704700000E40094A0A4BD969C9072B
:1018800005D512B96FF002007047013AF6E7002A59
:10189000F8D001221861DA60D86940F380007047FF
:1018A0008096980000000E4070B509B9002070BD08
:1018B0000E4A0023082550F8234094610C4CD56053
:1018C0000133D669F60705D514B96FF00200EEE7CB
:1018D000013CF6E7002CF8D0D469A40702D4994261
:1018E000E9D1E3E76FF00100E1E700BF00000E403F
:1018F000809698002DE9F8431C4B0D4641F6713156
:101900001E6C19641A49804648684968996841F014
:101910000101B6B2996097084FF00009B94501D3AB
:10192000002005E008EB89042046FFF7A5FF48B139
:101930000E4B9A6822F001029A600EB100221A64DE
:10194000BDE8F883C4F30A01C1F500618908A7EB7B
:101950000903994228BF19462846FFF7A5FF00282A
:10196000E6D1894405EB8105D8E700BF00000E40B1
:1019700000300E40234B41F671311A6C10B51964DA
:1019800021494C684968996841F001019960012139
:101990001861D960D9694C0792B209D5996821F0CC
:1019A000010199600AB100221A644FF0FF3010BDA6
:1019B0000221D9601549D869C00700D569B9D8692D
:1019C00010F002000BD0996821F0010199600AB172
:1019D00000221A646FF00100E9E70139EBE741B931
:1019E000986820F00100986002B119646FF002005D
:1019F000DDE7996821F0010199600AB90020D6E776
:101A00001864FBE700000E4000300E4080969800FE
:101A1000014B01229A60704700500E40134B14494D
:101A2000F0B500225D68134E1046D6F8E8714C6898
:101A30000B687F070BD4B3F5006F06D012D8B3F54F
:101A4000007F02D0B3F5806F01D144F480742B4243
:101A500002D02C4208BF18430132092A01F10801C3
:101A6000E3D1F0BDB3F5803FEEE700BF00500E407C
:101A70009C5702000040E00F8B784A789B0143EAB4
:101A800082030A781343CA7843EA02130A7943EAC5
:101A9000C2234A7943EA02338A79043043EA424353
:101AA0000001014A1350704700200440014B1860A8
:101AB000704700BF00008442437882789B0043EA6D
:101AC000021302781343C27843EA4213027943EACD
:101AD0000223427943EA0233827943EAC233C2796C
:101AE00043EA0243027A43EA4243014A13607047E1
:101AF000002004400D4AD2F8E430D2F8E0109B00F8
:101B000003F03C03C1F381110B438370D2F8E03042
:101B100003F03F034370D2F8E830D2F8EC2003F032
:101B2000F003C2F3031213430370704700FF0FE08A
:101B3000044BD3F8E4301B0E0A3303F01F030120DB
:101B4000984070470081E00F70B5054616461C4668
:101B500019B91448FEF71AFF0146402C1BD003D8D0
:101B6000DCB1202C1BD070BD602CFCD1042303FB06
:101B700006F2530803EB4113B3FBF2F30A4A203B8E
:101B800002EAC3032A6822F060022A602A6814432A
:101B90002C606B61E7E70623E9E71023E7E70823FA
:101BA000E5E700BF40410500F8FF7F0040F6AA636B
:101BB000C36041F205020023036042600D4A836066
:101BC0004361C36482640C4A03669042436783673F
:101BD000C3670DD002F58062904205D002F58062A5
:101BE000904205D08365704703658365C365704780
:101BF0000365F7E7F9FF01000000014038B504462E
:101C000020F0F1FD0FCC044D0FC594E80F0085E8DE
:101C10000F00002038BD00BFAC1D002047F6FF7349
:101C20009A42F0B572D0062972D83A4B5B5C022B0F
:101C30006ED8394D05EBC304DF00A17815F83330B9
:101C4000012938BF0121012B13D1E0780025401A6A
:101C5000A84202D80844C0B2F0BD431BA0EB530316
:101C6000666836F913609642CCBF03F1FF301D461B
:101C7000EEE760680028EFD0B0F90040944204DB42
:101C8000B0F902409442B8BF14468388FF2B04BFCA
:101C9000B0F90620B0F908C03D440FBF0126002668
:101CA000C8224FF0280C131B93FBFCF333446E78CF
:101CB0001BB29E4201DD002B01DA731E1BB2013301
:101CC0009BB24FF47A7C071D5D1E2DB24FEAC50E04
:101CD00000EBC5059E42EA88AD6814FB025222EA79
:101CE000E27202F15C02B2FBFCF205DD37F8335020
:101CF000954203F10103E7D200EB0E03988890426E
:101D000028BF1046884238BF0846A4E7FF20A3E753
:101D10000020A1E7E4570200AC1D00200629F0B521
:101D200061D8324B595C02295DD8314B13F8310030
:101D3000012816D103EBC1039C78D8785B68012C8D
:101D4000214638BF0121904294BFC1EB0001C1EB95
:101D50000201CAB2001B8242C8BF002233F912003E
:101D6000F0BD002A3DD003EBC103596800293AD0E9
:101D70009878904202D3B1F90200F1E7DC78B1F92A
:101D800000009442ECD95C788B88A3F1FF06013CFB
:101D9000734201F10405E4B2734101F10C07DEB2B4
:101DA000B44216D805EBC3034FF47A75B3F9024079
:101DB0005B686A43D21A04EBD47302EB630292FBB2
:101DC000F4F29042CCDBB1F902009042C8DC10B2D0
:101DD000C6E737F833C0944503F10106E2D3334632
:101DE000DDE70448BCE70448BAE700BFE457020057
:101DF000AC1D00200CFEFFFF0080FFFF08B504486B
:101E0000FFF7FCFEBDE80840012020F011BD00BF37
:101E1000EC5702007FB51422002101A81FF029FF12
:101E2000044B029301A94FF0FF3020F03DFD07B0B5
:101E30005DF804FB006A1800024B03480122C3F856
:101E4000002670470010C84300000F40094B98421D
:101E50000ED003F58063984209D10122064B03EBB3
:101E6000C2035A68054B13449B0000221A60704756
:101E70000022F3E700000F40A45802008005F21092
:101E800010B504462369DB07FCD404F180001CF084
:101E900030FC014B236510BD510545012DE9F04390
:101EA000064689B0174698460C4600294DD1FFF7E3
:101EB000C3FF0146044630461CF05CFD4FF00109AB
:101EC00096F86C5006F15C01C5F10F06C5F10E03E2
:101ED000F6B22A460DF1010001358DF800301FF0F1
:101EE000DCFE324600210DEB05001FF0C2FEC6F1FC
:101EF000100001233246002168448DF80F301FF096
:101F0000B8FE1CF09EFB04F180060546694630468B
:101F10001CF0EFFB0E4B23652369DB07FCD404A9FF
:101F200030461CF003FC28461CF08FFB424604A9F7
:101F300038461FF0B2FEB9F1000F02D02046FFF77D
:101F400085FF002009B0BDE8F0834FF00009B7E736
:101F5000055101002DE9F04F89B00546DDF84890A4
:101F600016461F460C4639BBFFF766FF014604467E
:101F700028461CF0FFFC4FF0010B6B6C33446B6484
:101F80001CF05FFB8246D6B950461CF05EFBBBF1ED
:101F9000000F0ED01CF055FB05F14C01064604F174
:101FA00084001CF0C3FB30461CF04FFB2046FFF7BB
:101FB0004DFF09B0BDE8F08F4FF0000BDDE72B7946
:101FC000102EB04628BF4FF01008012B0DD1102263
:101FD000002168461FF04DFE3946424668461FF014
:101FE0005CFE69462046FFF74BFF394604F18C0042
:101FF0001CF07FFB124B2365012363652369DB071C
:10200000FCD404A904F180001CF090FB04A9424612
:1020100048461FF042FE297961B9102268461FF038
:1020200028FE4946424668461FF037FE694620466C
:10203000FFF726FFC1444744A6EB0806A3E700BF0D
:102040004805590370B5048804F4E043B3F5005F14
:1020500005461ED1C4F30223042B1AD181F0AA63D2
:1020600083F4807333F47E13204821F47E1618D055
:1020700081F0AA6383F4007333F47E1311D0864297
:1020800030D1B4F5105F0CBF6FF086006FF08500A3
:1020900070BDB4F5105F25D1144B21F47E11994227
:1020A000F1E786424FEA1143C1F305411AD1B4F575
:1020B000105F17D104390C2911D813F001000ED18B
:1020C000073A062A0BD86B88C02B0BD0B3F5807F5C
:1020D000DED0802B0CBF00206FF08600D8E76FF0B9
:1020E0008600D5E76FF08500D2E700BF000140050C
:1020F0002DE9F04FA7B0DDE93475DDF8D880DDF8C3
:10210000EC90089206461C468A4629B96FF0860272
:10211000104627B0BDE8F08F0028F7D0309B002B89
:10212000F4D0329B13B9339B002BEFD1002F7DD11C
:10213000002DEBD1389B002BE8D0B9F1000FE5D092
:102140003A9B002BE2D0399B002BDFD0338803F47D
:10215000E042B2F5005F74D1C3F30222042A70D1C9
:1021600084F0AA6383F4807333F47E1306D084F082
:10217000AA6383F4007333F47E136BD1C4F3054375
:10218000319AC9F80030214630460993FFF75AFFCB
:1021900002460028BCD17288089BB3EBD20F4FEAED
:1021A000D20BB3D3379B9D425FD83A9A099B934297
:1021B0005BD8474508D27B19984505D239462A464F
:1021C00040461FF03CFD4746702200210AA81FF040
:1021D00050FD5A4651460DF12D00CDF850B01FF07C
:1021E0005CFD234B24F47E149C423BD13388B3F531
:1021F000105F37D1D9F800300693399B0397CDE9AA
:102200000483339B0293329B0193319B00932A46B4
:10221000309B01210AA81CF0C8FC0246E0B9389B9B
:102220001D6070210AA81CF0B8FC71E7002D81D058
:10223000B8F1000F3FF46AAF379B002B7FF47AAF01
:1022400064E742F20402934204D184F0052383F44C
:10225000801390E7002393E7389900230B60C9F8B7
:102260000030DEE76FF08502DBE76FF089024FE7B1
:10227000000140052DE9F04FABB0DDE938A4DDE900
:102280003B658946099298460746002800F0A280DF
:10229000002900F09F80349B002B00F09B80369B30
:1022A0001BB9379B002B40F09580BAF1000F02D18B
:1022B000002C40F08F801DB93D9B002B40F08A80A0
:1022C0003E9B002B00F086803A9B002B00F0828022
:1022D000359A41463846FFF7B5FE0246002866D1DA
:1022E0007A88099BB3EBD20F4FEAD20B72D33D9B96
:1022F0009C4272D8AA4509D20AEB0402954205D243
:102300005146224628461FF09AFCAA467022002118
:102310000EA81FF0AEFC5A4649460DF13D00CDF81F
:1023200060B01FF0BAFC2E4A28F47E1800219045B8
:10233000CDE90A11CDE90C1149D13A88B2F5105F07
:1023400045D1379B0293369B01930AAF359B00938F
:102350002246CDE90457349B0696CDF80CA00EA872
:102360001CF023FC0246C8B93A9B384603EB060C26
:1023700090469C451FD11EB1314638461CF00DFCDD
:10238000B8F1000F20D03E9A002313601CB1214603
:1023900028461CF002FC6FF0940204E01EB13146A6
:1023A00038461CF0FAFB70210EA81CF0F6FB104614
:1023B0002BB0BDE8F08F10F8011B13F801EB81EA98
:1023C0000E0148EA0108D4E73E9B1C60EBE76FF082
:1023D0008502E8E76FF08602E9E76FF08902E6E739
:1023E000000140052DE9F04F8FB09846DDF86CA054
:1023F000049093460023B8F1000F16D0D8F800409F
:102400001029CDE90633CDE908330CBF082310238A
:10241000029300255D450AD3B8F1000F01D0C8F83A
:10242000004000200FB0BDE8F08F4446E8E75CB103
:10243000199B1A9A1B5D525D013453400AF805300E
:1024400004F00F040135E5E7FFF7F6FC4FF44043D5
:102450004460036006461CF0F4F8029A04990746AB
:1024600030461CF098F906F1840318461899019338
:102470001CF03FF93846ABEB05071CF0E6F827F0F7
:102480000F0706F1A0032F440593AAF11009BD42DE
:1024900034D11A9B3B440AAD03F1100C18685968FB
:1024A0002A4603C2083363451546F7D10F2F0ED9CC
:1024B0000AEB070306AD103B0DF1280C2A4603CAB0
:1024C000624518605960154603F10803F6D106F11C
:1024D000800357440AEB0B0903934F4536D11CF098
:1024E000B0F81899054601981CF020F928461CF010
:1024F000ACF83046FFF7AAFC5D468BE71CF0A1F86C
:10250000224B039033653369DA07FCD41A9B059894
:1025100059191CF0EEF80F2D0ED90DF1180C09EB1E
:1025200005020DF1280E634603CB73451060516020
:102530009C4602F10802F6D106A906F180001CF0C3
:10254000F5F803981CF081F81035A0E774B91CF079
:1025500078F80E4B336505463369DB07FCD40398E6
:1025600019991CF0E3F828461CF06FF804F13803C1
:102570000DEB0302199B12F8102C1B5D0134534024
:1025800007F8013B04F00F04A7E700BF480503016B
:102590002DE9F74FDDF848A0DDE90E74DDE910689C
:1025A00083461D46894621B96FF0860003B0BDE819
:1025B000F08F002AF8D00FB9002CF5D116B9B8F178
:1025C000000FF1D1BAF1000FEED02E4B9D4215D085
:1025D0000BD82D4B25F4807199420FD003F5806301
:1025E0009D420BD06FF08500E0E7284B9D4205D05F
:1025F00025F40071A3F580739942F2E7BBF800302F
:10260000B3F5105FEED1BBF80230B2EBD30FE9D3D4
:10261000802B02D0B3F5807FE4D124B3B7420AD235
:102620003B199E4207D24445BED839462246304621
:102630001FF005FB3746164BBBF802B09D424FEA30
:10264000DB0BCFD14445AFD814F00F05ACD17319D3
:10265000009301227B19594648461CF0DFFA30B935
:102660001035AC42F3D8CAF8004000209EE742463D
:10267000002130461FF0FDFA0023CAF800306FF049
:10268000920093E70010C004004040040012C00410
:10269000004440042DE9F04F91B0DDE91A4ADDE92C
:1026A0001C56DDF8789007469B46884629B96FF09E
:1026B0008608404611B0BDE8F08F002AF7D014B963
:1026C000BAF1000FF3D10DB9002EF0D1B9F1000F1E
:1026D000EDD0574B9B4515D00BD8564B2BF4807142
:1026E00099420FD003F580639B450BD06FF08508AE
:1026F000DFE7514B9B4505D02BF40071A3F58073A8
:102700009942F2E73B88B3F5105FEFD17B88B2EBDB
:10271000D30FEBD3802B02D0B3F5807FE6D1BAF193
:10272000000F04D1C9F800A04FF00008C1E7AC4287
:102730000BD204EB0A039D4207D2B245B7D821461B
:10274000524628461FF07BFA2C46394B7F889B4522
:102750004FEAD70758D003F540739B4521D0374B3C
:102760009B45C3D1B245A2D81AF00F0B9FD140466A
:102770003B4608AA39461CF08BFA8046002898D1BF
:1027800005EB0B030093002204EB0B03394608A86A
:102790001CF044FA804670BB0BF1100BDA45EFD801
:1027A000C0E7AAF10D0AB2453FD801238DF81030D9
:1027B0000DF11102234604F10C0153F8040B42F809
:1027C000040B8B42F9D11B7813704FF48073ADF872
:1027D0001E300D3404ABCDE900334046CDE902454F
:1027E000002352463946FFF7FDFDC9F800A0804698
:1027F00000283FF45EAF3246002128461FF039FA28
:102800000023C9F8003054E7AAF1100AB2453FF698
:102810004EAF04AA04F1100C20686168134603C38C
:10282000083464451A46F7D1D4E76FF0890840E7C9
:102830000010C004004040040012C00400444004E2
:102840007FB5094B6A4603F11006154618685968AA
:10285000144603C40833B3422246F7D12846FEF794
:1028600041FF002004B070BDB458020070B5184B91
:1028700086B001AA03F11006154618685968144677
:1028800003C40833B3422246F7D11B882380114B7F
:10289000D3F8B420120316D5A3F500434FF6FF7208
:1028A0001B88934208BF4FF4B4730B48ADF80A304D
:1028B000FDF710FE2846FEF715FB3220FEF748F91B
:1028C000002006B070BDD3F8B830C3F30803ECE7BE
:1028D000C45802000081E00F00F0490210B50C4816
:1028E0000C4C6FF00403A02113F0800F03F10102E0
:1028F00007D123442F2A83F800131346F4D1002074
:1029000010BD03F00F03043B034419761346EBE7B5
:1029100000ED00E000E100E007B500F087FF6A4647
:1029200001F070F818B1044852211CF01BFADDE9DF
:10293000000103B05DF804FBD658020008B500F0B2
:10294000A9FE18B102487A211CF00CFA002008BD3B
:10295000D658020008B500F04DF80D4A536A43F40A
:10296000E0235362EFF308830A4A043B4FF0CD3172
:10297000934209D2084B01221A61FFF7DFFFBDE83D
:1029800008400648FFF73AB943F80419F0E700BFDA
:1029900000ED00E00000002000300E40EC57020087
:1029A00007B504220DEB020100201FF0F9FE0428F8
:1029B00004D0054840F267111CF0D4F9019800F0EA
:1029C000C1F903B05DF804FBD658020010B50A0A3D
:1029D00041400748C9B2082301F00104490804B185
:1029E0004140013B13F0FF03F6D181EA020010BD24
:1029F0002083B8ED10B5FFF711F80446FFF708F88B
:102A0000E30721D401221046114600FA01F32340C6
:102A100002F101021AD0214B33F811302049062B64
:102A200019D040F20722934212D14FF000524FF2D8
:102A30000F00548884420BD11088984208D14CF280
:102A40003C335380088010BD0021E4E7112ADBD11C
:102A5000134A138012E04FF000534FF20F025888D0
:102A6000904218D11B88B3F5406F28BF4FF4C06364
:102A70000B804FF000534CF23C325A80084B1A88BE
:102A800040F201739A4201BF064A074BD2E90001A6
:102A9000C3E90001D7E74FF4C063E9E73A59020000
:102AA000E639002090100020CC1D002010B504460F
:102AB0001BF0CEFD4FF000534FF20F021C805A80E6
:102AC000BFF35F8FBFF34F8F0549064BCA6802F40F
:102AD000E0621343CB60BFF34F8F00BFFDE700BF41
:102AE00000ED00E00400FA056B4A6C4B2DE9F04163
:102AF00055685D65516A996569496A4CD1F800026B
:102B0000D865D1F804121966916A5966D16A996636
:102B1000116BD966516B1967D26B586B5A67D3E941
:102B20000E1210F0040F18BF11465F4A1A650020FC
:102B30009142D8645DD301F12000A04259D8886940
:102B40001864C5F30805CE695E64062D55D1574D4E
:102B5000A84252D3564DA8424FD205884DF6426046
:102B600085424AD11868C3F890005868C3F89400A9
:102B700040F20170A242154605D22E68B6F1CD3F53
:102B800002F10402F6D00022C3E91E22C3E920228A
:102B9000C3E92222641BDFF814C1424DDFF810E1C3
:102BA0009C648D422CD8D3E91EC7D3E92065D3E9B4
:102BB00022414FF0000E013AD2B2FF2A3BD1BEF1C2
:102BC000000F05D0C3E91EC7C3E92065C3E9224150
:102BD000B3F85430C3F30803DA1E0F2A52D8DFE8E3
:102BE00002F03458414451515151514E51515151BB
:102BF00051380021C3E910112B494FF42060B9E787
:102C000055F8044D6445CCD37445CAD2E607C8D5FF
:102C1000284F002657F8048FA045C2D00136062E53
:102C2000F8D132B1013AD2B202F11E0643F8264081
:102C3000B7E70522F8E7E0464FF0010EBC463746FD
:102C40002E4625460C464146B5E740F60120BDE834
:102C5000F081194BDB6913F0020F40F2025318BFE9
:102C60001846F4E740F60320F1E740F2017240F61F
:102C70000423B0F5206F14BF10461846E7E740F66E
:102C80000520E4E7013B40F607223D2B98BF1046A4
:102C9000DDE740F60220DAE700ED00E0001000205A
:102CA00000E100E00010002000000020FC00000017
:102CB000C0560200741000200020054000F00CB83F
:102CC00000F00AB800F008B800F006B800F004B848
:102CD00000F002B800F000B872B61EF0080F09D07C
:102CE0001EF0040F0DD0DFF850E0AEE8FF1F6FF0CC
:102CF00002000CE0DFF840E0AEE8FF1F6FF00E00CE
:102D000005E0DFF834E0AEE8FF1F6FF0060069462B
:102D1000EFF309828EE8070086460848084C85458F
:102D200001D3A54501D384F30888FFF7DDFE84F3C2
:102D30000888FFF7BBFE00000010002040000020C4
:102D40000010002083B24BF6EF62002B08BF134641
:102D5000044A000C13804FF6CE2308BF1846024BDE
:102D600018807047B0130020AE1300200B4BB3F94E
:102D700000201888002AB8BF80F0620042001A8044
:102D8000074AB2F9001013880029BCBF83F48053AE
:102D900083F00B035900118058407047B013002096
:102DA000AE13002008B501F019F860B10A4B0344D6
:102DB000072B0DD8072B0BD8DFE803F00C060A0809
:102DC0000A0A0A04C12008BDC320FCE7C420FAE7B0
:102DD000C520F8E7C220F6E7FF1FFF0F054B1A7862
:102DE0002AB95B78002B0CBF03200220704701201A
:102DF000704700BF363E00200329F8B598BF134B3B
:102E0000054698BF5C5C0E4688BF0024032805D8A1
:102E1000DFE800F002080B0E44F002040C4B1F68C0
:102E20004FB9F8BD44F00804F8E744F02004F5E792
:102E300044F08004F2E77B681A68144203D05B68B0
:102E40003146284698473F68EAE700BF62590200CA
:102E5000001E002038B5104D2B78ABB10F4C2378F5
:102E60001BB11BF0B6FF0023237000201BF0B2FF44
:102E70000B4C50B100F0D2FA002320782B700121C6
:102E8000FFF7BAFF0123237038BD064B01221A70E9
:102E9000054B22781A70F7E7323E0020303E0020C2
:102EA000383E0020333E0020343E002010B51BF099
:102EB000C8FB064B1B7804461BB1BDE810401BF055
:102EC000C4BBFFF7C7FF2046F7E700BF2F3E002037
:102ED000094A137830B101331370084B1B78012B6A
:102EE00003D87047013B13707047054B1B780BB933
:102EF000FFF7B0BF704700BF363E0020383E0020CD
:102F0000333E002070B5144E1BF09BFB3378054612
:102F1000ABB900F0BFFB044620B128461BF095FB7F
:102F2000204670BDAFF300800C481BF045FB00F05D
:102F300015FF0B4B1C6000F093FC0A4B186000F06F
:102F4000EFF91BF049FF084B186001232846337046
:102F500000241BF07AFBE3E7393E0020001E00202E
:102F6000D41D0020FC1D0020D81D00202DE9F843B1
:102F7000284A0138135C39B1274F397801330129C8
:102F8000135404D8BDE8F883013B1354FAE7FFF764
:102F900025FF0128044635D8DFF888801BF051FB57
:102FA00098F80030054613B31C4E33781BB9012244
:102FB00032701B4A1370DFF8709099F8003023B11B
:102FC0001BF007FF002389F8003028461BF03DFB6B
:102FD00001201BF0FFFE1BF034FB337805461BB1CC
:102FE00000F01CFA00233370002388F800302846D4
:102FF0001BF02BFB38788442C4D02146FFF7FCFE3F
:103000003C70BFE70329F5D10228F3D100F052FA52
:10301000F0E700BF363E0020383E00202F3E002063
:10302000333E0020323E0020303E002038B51BF0F9
:1030300008FB094B1B78012B054604D81BF005FB48
:103040000024204638BD054B1C6800F025FA0444D6
:1030500028461BF0FAFAF4E7383E0020D41D002081
:1030600038B5416004461BF0ECFA21460546044899
:103070001BF0A5FA2846BDE838401BF0E6BA00BFB1
:10308000001E0020054B1B68584300F57420044BBC
:1030900000F23F20B0FBF3F0704700BFFC1D0020A2
:1030A00040420F002DE9FF47EFF3108772B6AFF3F0
:1030B00000801EF00AFD002871D0714EDFF8E48117
:1030C000337823B10020FFF703FF00233370FFF7AD
:1030D00085FE0446002869D0841EE4B2012C6CD918
:1030E000FFF77CFE0128674CDFF8BC91054600F233
:1030F0008E802078A84205D099F80030002B00F08F
:10310000B2802570207800F0B1F999F8003013B141
:103110005D4B1B782370AFF3008007B962B6EFF305
:10312000108772B6594B1A7852B100221A70564B5A
:1031300020781B78984203D101212170FFF75CFEB3
:10314000534800F0E1FA1EF0CFFC05460028B7D145
:10315000DFF8588198F80030A3B189F80000DFF853
:10316000409199F800301BB11BF033FE89F80050F4
:1031700000201BF02FFE002879D000F04FF900232B
:1031800088F80030337823B10020FFF7A1FE002338
:10319000337020780021FFF72FFE00232370AFF358
:1031A000008007B962B604B0BDE8F0873378002B21
:1031B00096D0FFF78DFE347092E703A9002000F04F
:1031C000F1FA044600288BD1D8F80030039A9A42CD
:1031D00005D80120FFF77CFE0123337080E72D4BDB
:1031E0001D6800F059F9039B05449D42F1D200F09F
:1031F00077F982000399264842F0020292B2CDE9A3
:1032000000422346244A491B1BF0EAFD68E7DFF829
:103210009CA09AF80030CBB91BF0D8FD20788542ED
:1032200003D099F80030D3B125709AF80030002B04
:103230007FF468AF194B1B7823B91BF0C9FD184BFD
:1032400001221A7001238AF800305BE7207885425A
:103250003FF458AF99F80030002B7FF452AF294665
:10326000FFF7CAFDE0E72946FFF7C6FD49E7012061
:1032700000F0FCF807B962B6EFF3108772B677E793
:10328000313E0020383E0020343E00202D3E0020FC
:10329000DC1D0020D41D0020AD2E0000353E002096
:1032A000303E0020D81D0020333E0020323E00205A
:1032B00010B51BF0C6F9054B00221C781A701BF0E4
:1032C000C4F900F06BFC2043C0B210BD2E3E0020BC
:1032D00073B5114E3378834204460ED000230F4D50
:1032E000ADF8043058B101A8FDF756FF1E20FFF7D6
:1032F000C9FE2B681B1A2B60347002B070BD02230C
:1033000001A88DF80530FDF747FF1E20FFF7BAFE34
:103310002B680344EFE700BFE6130020081E0020DF
:1033200073B5284C002501A8636A636A8DF80450C0
:10333000FEF740F82846FFF7CBFFD4F8903003F0B3
:103340000403AB42204B14BF01222A461A70D4F862
:1033500090301E4CC3F30033237005D04FF4167029
:10336000FFF790FE1A4B186023781A4DEBB111202D
:10337000FDF70CFB1349D1F80031C3F3042303FB21
:10338000000292B14C6C144EC4F30B440023013480
:103390001946501E04EB8404E4FB060105F0E6F830
:1033A000FFF770FE2B6803442B606420FFF76AFE72
:1033B0002B6803442B60034BD3F89020074B1A6013
:1033C00002B070BD00400E403C3E00203A3E00205E
:1033D000101E0020081E002040420F00041E002086
:1033E00008B50B4B1B7893B1022000F089FC70B13B
:1033F00000F008FA58B1002201210220FDF748FC34
:103400001BF031FD034B1860034B01221A7008BDFD
:103410003C3E00200C1E00203B3E002038B50E4CE8
:103420000E4D23782BB92B781BB11BF01CFD0C4BD8
:1034300018601BF030FA2B786BB10A4AD2F8903042
:103440001B07FBD51BF00FFD054B1B68C01A064B75
:1034500018600023237038BD3B3E00203C3E002016
:103460000C1E002000400E40101E002002280AD032
:1034700003280BD001280CD1064A136923F004035A
:10348000136130BF70470020FDF798BE0020FDF7A4
:10349000CBBE704700ED00E0044B1B680BB103EBA3
:1034A000D303034A10681844704700BF101E002061
:1034B000081E0020084B45F60E02D3F88011C3F811
:1034C0008021064A126802F4A0721A66CA0744BF35
:1034D0000022C3F88021704700400E40041E0020E7
:1034E000014B1878704700BF3C3E002038B500F013
:1034F000A5FB094C094B1A6823680025C31A2AB199
:1035000023B15169994203D3C91A5161206038BD72
:1035100055615B1A9268F2E7181E00201C1E0020FD
:10352000C38870B504460D463BB9FFF77FFD854261
:10353000064602D21BF03EFC35460E4965610B681B
:103540008BB90C60A3600DE0AD1A9A6865611846EE
:103550006AB113465A69AA42F6D930B18460521B47
:10356000A3605A6170BD0020F4E70C60F7E79C602F
:10357000A260F7E71C1E002038B5134D2B685B696D
:1035800093B1124A146802201C4400F08BFB2046C1
:1035900000F05AFB0E492A6800230B70D088800780
:1035A00009D501230B7038BD022000F07BFB0220FF
:1035B00000F09EFBEEE79268002AF4D050690344C5
:1035C000012BEBD9EFE700BF1C1E0020181E0020C6
:1035D0003E3E002070B516469DF814200271049AF4
:1035E0000260C0E903360022BDF81830826004464C
:1035F0000D46C380EEB900F021FB2844A0619DB1C7
:103600002E461BF01EF80546FFF770FF3146204698
:10361000FFF786FF104B1B68A34201D1FFF7ACFFF9
:1036200028461BF012F802E0E36865617BB90020D0
:1036300070BD00F003FB3044A061002DE0D1E368D1
:103640006561002BDDD0216820469847D9E72168C5
:1036500020469847EBE700BF1C1E00200C490B6872
:1036600000227BB183420AD183687AB19360836878
:103670001BB15A6941690A445A61002070471A46D1
:103680009B68EEE70028EFD0022070470B60EEE762
:103690001C1E002070B5154E1AF0DEFF347805466A
:1036A000FCB9134B1C60134B1C60134B1C8000F0C7
:1036B00081FA012000F0F6FA00F04AFB0F4B0246B7
:1036C000186020B928461AF0CDFF232070BD23468C
:1036D0000B4840F2E73104F049FF0A4B1860012320
:1036E000337028461AF0BEFF0020EFE73F3E00206F
:1036F0001C1E0020181E0020E8390020201E00207B
:1037000018FCFFFF141E002070B5044640B31AF0E9
:1037100098FF144E0546FFF7E9FE3068A04209D035
:103720002046FFF79BFF0446B0B128461AF08DFFF4
:10373000204670BDFFF792FF04460028F5D133689C
:103740003BB9022000F0BCFA28461AF07EFF0024A4
:10375000EEE7FFF711FFF7E73368002BF4D1F0E74E
:103760002224E5E71C1E002038B50C460546A8B10A
:10377000A1B100230B701AF06FFF094B1B680121E8
:1037800033B91AF06FFF002038BD9D4204D121707B
:103790002278002AF9D0F4E79B68F1E72220F3E7CA
:1037A0001C1E0020F8B506460F461AF055FF134BB5
:1037B0001B680446002523B920461AF053FF1B203E
:1037C00011E05A691544DA88B2420DD10C4E00F06E
:1037D00035FA3368C01AA8420AD3002320463B605A
:1037E0001AF040FF0020F8BDFF2EEFD09B68E2E703
:1037F00000F024FA33682B441B1AEFE71C1E00204C
:10380000181E002008B5074B187848B11BF02BFB99
:10381000054B1B689B69C01A02288CBF0020012041
:1038200008BD00BF3E3E00201C1E002070B51AF0EF
:1038300013FF064600F002FA084B1D8804460120DB
:10384000ADB200F05DFA18B100F0F8F901350446A8
:1038500030461AF007FF2046294670BDE83900209F
:10386000014B1868704700BF201E002038B5074B79
:103870001D680446002140F2E7304FF47A720023BD
:10388000E5FB040104F072FE38BD00BF201E0020DD
:10389000F8B50C4B1B68834205460E460FD30A4B06
:1038A00000241F6840F2E73021464FF47A7200236B
:1038B000E5FB070104F05AFE30602046F8BD2120E8
:1038C000FCE700BF141E0020201E00202DE9F0415F
:1038D00086B0984600230D4617468DF813300646ED
:1038E00080B30DF11301FFF73FFF9DF813305BBB71
:1038F00005A92846FFF7CCFF0446F8B9134B186812
:103900004FF47A720023A5FB000104F02FFEC2F5EC
:103910007A7189B2B1F57A7FBDF83430F48308BF8B
:103920000021B183059A02939DF830301146CDE90C
:10393000008330463B46FFF74DFE0446204606B066
:10394000BDE8F0812224F9E70224F7E7201E0020D9
:10395000F0B50C4687B016461F46054630B305A99C
:103960002046FFF795FFF8B9114BE8831B685C43CD
:103970004FF47A73B4FBF3F203FB1244191B89B2C0
:10398000994208BF0021A9832846FFF7BDFEBDF874
:103990003430059A02939DF830301146CDE900731A
:1039A00028463346FFF716FE07B0F0BD2220FBE79E
:1039B000201E0020014B1868704700BF141E002015
:1039C0000F4B1A6810B59AB1531E4FF47A71134217
:1039D000A0FB01010ED1B2FA82F2C2F11F04531C06
:1039E000E040D24301FA03F3184321FA02F2024302
:1039F000104610BD002304F0B9FD0246F8E700BFF1
:103A0000201E002038B5154B8342154B8B411446C0
:103A100021D3144B1A68F2B14FF47A75A0FB050359
:103A200005FB0131531E134211D1B2FA82F2C2F1E9
:103A30001F05531C01FA03F3D243E84021FA02F2B6
:103A400018431043E940C4E90001002038BD0023B9
:103A500004F08CFDF7E72120F8E700BFEFA7C64B85
:103A600037894100201E0020C2072DE9F843044693
:103A70000BD5474A138801339BB21380FFF736FDFD
:103A8000444B1B680BB1FFF777FDA3077DD51AF0F8
:103A9000E3FD0546FFF72AFD4FF000083D4F46467F
:103AA0003C680CB163698BB13B4B0022012E1A704C
:103AB00003D118F0020F18BF1E70002C61D0FFF761
:103AC0005BFD2846BDE8F8431AF0CCBD23465A6991
:103AD0003AB91A792179914288BF1C469B68002B1C
:103AE000F5D128461AF0BEFD2569DDB100F0A6F833
:103AF000A269A0EB02084FEAE873A84573F100033E
:103B000011DB23691344A361E368B4F8068001362E
:103B100013B12168204698471AF09EFD0546FFF72D
:103B2000E5FCBDE7A8461AF097FD81462046FFF761
:103B300095FD48461AF096FD2369002BE4D0A38B2F
:103B4000B5EB080533B1E28B13449BB2B3F57A7F32
:103B50000FD2E3831AF080FD294680462046FFF706
:103B6000DFFCA36922691344A36140461AF07AFD81
:103B7000CAE7A3F57A73E383A369013B013DA3611F
:103B8000E8E7022000F09CF89BE7BDE8F88300BF5F
:103B9000E83900201C1E00203D3E002010B51AF020
:103BA0005BFD034B1C781AF05DFD204610BD00BF85
:103BB0003D3E002010B51D4B86B01868596803AA19
:103BC00003C2197AD3F8090011700190B3F80D20DF
:103BD0001748DB7BADF8082001218DF80A3000245E
:103BE000FCF780FD03A88DF80C408DF81040FDF720
:103BF00063FF01A901208DF80440FDF73DFF0D4A48
:103C0000536A23F4FF6323F00703536240F2FF7308
:103C1000136201209460FDF749FF074B4FF000420B
:103C2000C3F880211A6006B010BD00BF66590200BB
:103C3000A00914000020044000E100E0014B986856
:103C4000704700BF0020044010B504461AF0F9FC8C
:103C5000124A9368516D9269520704D4CA1A032A12
:103C600001D899420DD1E21A022A98BFDC1C0B4BF5
:103C7000B4F1FF3F38BF013C5C655A6A42F0040270
:103C80005A621AF0E2FC064A137833B103490B6D0D
:103C900043F002030B650023137010BD00200440A5
:103CA000E71300208207054A00F00103516A48BF6C
:103CB00043F004030B435362704700BF00200440ED
:103CC000820700F0010309D5074A01211170074955
:103CD0000A6D22F0030243F004030A6503494A6AAD
:103CE00022EA03034B627047E713002000200440E0
:103CF000830742BF014B0422DA6170470020044071
:103D0000064B01289B6904D0022805D1C3F380002B
:103D1000704703F001007047002070470020044006
:103D200010B51AF099FC094A93690446590703F043
:103D3000010003F0070348BF40F002001362FFF7E1
:103D400093FE2046BDE810401AF08CBC00200440D1
:103D50000148FCF71BBE00BFA00914000A4BD3F8B2
:103D6000883003F00703013B012B10B50BD81AF084
:103D700068FC012104460220FFF7F8F82046BDE860
:103D800010401AF062BC10BD00400E401F282DE903
:103D9000F341054604D82C46204602B0BDE8F08128
:103DA0000B4E0C4FDFF8308000240023CDF800804C
:103DB00038681A4619461EF0B2FA8442EBD2202C1B
:103DC000E9D056F8043BAB42E6D00134EDE700BF42
:103DD0004C5C0200C8100020FFFF0F002DE9F04FDF
:103DE000644E654D3168286889B005F0EDFE0446E3
:103DF000002827D033689A69D3E9000112689047F8
:103E000033689B6904A89B68984733689B690220C4
:103E1000DB6898470024326805985368B3FBF0F3D9
:103E2000E7B2BB42916904F101044DD8CB68002090
:103E3000984733689B695B6898473168286805F044
:103E4000C3FE0446DFF84C914C4FDFF84C81DFF89D
:103E50004CA10026F4B94A4B28689B5D002B00F06A
:103E60008380D7F800B002AB03AA594606F0EEF8FB
:103E7000504507D070B9039B012B0BD028685946D9
:103E800006F028F9D9F8003028681A68594606F073
:103E90000DF804460136202E09F1040907F1040744
:103EA00008F10108D6D1374AB4FA84F35B091370DC
:103EB0002B681B7C23B134484FF48B711AF052FFEE
:103EC000204609B0BDE8F08F12680B6907FB00209F
:103ED0009847A0E73B6803AA194402AB019106F09A
:103EE000B5F85045019903462ED028682BB30BF145
:103EF000010B009B28685FFA8BF19942EAD3234BB0
:103F00009B5D002BC6D0DDF800B028685FFA8BF30C
:103F10007E2BBFD8396802AB594403AA009106F042
:103F200095F85045B6D00099286806F0D3F80BF103
:103F3000010B04460028E8D0ACE7039B7BB998F856
:103F40000020029B9A42D2D098F80030D9F8002085
:103F5000286805F013FF0028C9D00446CFE7019177
:103F600006F0B8F80199EFE7094B9B5D0093A34673
:103F7000BFE700BFA8100020C81000204C5C020062
:103F80002A5C0200403E0020CC5C02000A5C020079
:103F9000CA5B020078590200EA5B02000BE000F005
:103FA000F8B50D4616461F46FFF7F0FE1F280446DB
:103FB0001CD8174B1B780BB3164B1868164B53F8CD
:103FC0002410164B1B5D3BB1324605F0BBFF044687
:103FD000A0B11AF06CFF12E07F2D08BF00253B4610
:103FE000324651FA85F105F013FFF0E7FF2808D9B2
:103FF00081B23B46EAB230461AF0D0FE0024204699
:10400000F8BD07484FF4A6711AF0ACFEF6E700BF02
:10401000403E0020C81000204C5C02002A5C0200D8
:10402000CC5C0200F8B50D4616461F46FFF7AEFE03
:104030001F2804461CD8164B1B7803B3154B186871
:10404000154B53F82410154B1B5D3BB1326805F03E
:104050002DFF044698B11AF02AFF11E07F2D08BF0A
:1040600000253B46324651FA85F105F087FEF0E720
:10407000FF2807D93A46314680B21AF098FE00244C
:104080002046F8BD06484FF4C3711AF06BFEF6E700
:10409000403E0020C81000204C5C02002A5C020058
:1040A000CC5C020010B5FFF771FE0A4B1B7813B908
:1040B0000024204610BD084B53F82010074B002267
:1040C000186805F07DFF04460028F1D01AF0EFFED5
:1040D000EFE700BF403E00204C5C0200C81000200B
:1040E00073B516461D46002B73D04BF234639842CD
:1040F00010D1082D28BF082537492A4630461DF023
:10410000CCFD36492A4630461DF089FD30B30020EB
:1041100002B070BDC9B27F2980B208BF00219842A9
:1041200018D17F2241F20201684608231AF036FEB8
:104130002A49082268461DF072FD30B908237F2203
:1041400041F2F01168461AF029FE6B4603CB30604D
:104150007160DCE741F2F01398421ED1204B701ED3
:10416000D3F8F010D3F8F4202C1F2B46013B9C42CF
:1041700000F8011F4FEA11210CD1002CC7D00423F5
:10418000D9B20729F2544FEA1222C0D001339D421E
:10419000F6D1BCE7002BE9D1B9E700F47043B3F5E1
:1041A000805F0AD1C0F30B0404F17E642A4605FB4C
:1041B000014130461DF071FDA9E700F46043B3F5FD
:1041C000005FA4D1C0F30B0404F17E6404F58044C5
:1041D000ECE721209CE700BF0200E00F9E5D02009B
:1041E0000081E00F2DE9F8431646C20704460F464A
:1041F00004D52A4840F2D3111AF0B4FDF30704D5D0
:1042000026484FF4EA711AF0ADFD04F47043B3F59B
:10421000805F24D1C4F30B04214A04F17E64731E31
:104220002344934215D82546DFF8709005EB060825
:10423000A84529D156B17208394620461AF04FFEDA
:1042400020B116484FF402711AF08CFD0020BDE831
:10425000F883124840F2D9111AF084FDE3E704F420
:104260006043B3F5005F06D1C4F30B0404F17E6430
:1042700004F58044D7E709484FF4F0711AF072FD55
:104280006FF00F050024CFE715F8013BFF2BCFD0CF
:104290004FF4F57148461AF065FDC9E7325D02003A
:1042A000FF07E00F836970B513F00106044603F0C1
:1042B000020509D1EDB9C3695BB30EF0B3FEE36942
:1042C0002046BDE8704018471DB11B489B211AF0DD
:1042D00049FDA069C0F381001BF0B0FFE3691BB981
:1042E0001548A3211AF03EFD20460EF09BFE4DB965
:1042F00016E0C3F307201BF0B3FFE369B3B1204618
:104300000EF090FEE369607E9847BDE870401BF0B8
:104310009BBF0948A3211AF025FD20460EF082FE1E
:10432000E36920469847002EEFD170BD0248A321D3
:104330001AF018FDE3E700BFAE5D020008B50FF00C
:104340000BF828B1BDE8084002483F211AF00ABD29
:1043500008BD00BFAE5D020010B5064C0460064CFF
:10436000C2610023C0E9014303610123C16083618D
:1043700010BD00BF241E0020A5420000826938B590
:1043800002F00203D20704460D4620D553B9FF2997
:1043900021D1A36913F00C0F17D01148FC211AF09A
:1043A000E1FC12E00E48ED211AF0DCFCFF2DF0D00C
:1043B00028461BF084FBFF28054603D10848F52159
:1043C0001AF0D0FC2DB204EB4514204638BDFF296D
:1043D000FBD0002BECD10248F2211AF0C3FCE7E736
:1043E000AE5D020001481FF0BDBA00BF241E0020D0
:1043F00001481FF0C3BA00BF241E002008B50648BC
:104400001FF085FA1AF0D6FD1DF09BFB1DF0ABFBEB
:10441000BDE808401DF0AABB241E0020022808B5F4
:1044200003D11AF081FC014B186008BD541E002016
:1044300008B506F0CFFB074B012018701AF0C8FD35
:1044400002201AF0C5FDBDE8084003490348FEF705
:1044500007BE00BF423E0020D4100020581E00209E
:1044600038B50E4B1C786CB9204638BD1BF03AFAB3
:1044700004280FD01BF036FA05461BF0E5FE052D8B
:104480000AD0F1E700201BF0D9FE28B91BF02AFA68
:104490000228EBD11BF0D8FE0024E5E7E81300204A
:1044A00008B5074B1B780BB1002008BDFFF7D8FFFC
:1044B0000028F9D100F0D6FE023818BF0120F4E739
:1044C000413E002070B50EF0AFFF0446FFF7E8FF55
:1044D00014F0070F204D0CD158B10EF0A5FF10BB02
:1044E0004FF0FF34FFF77EFF844228BF0446042CC0
:1044F0001DD82B7823B901201AF06AFD01232B70F7
:104500001AF074FD044628B32B781BB91348F9211F
:104510001AF028FC0EF0F0FE0446FFF763FF844219
:1045200028BF044616E00EF0E7FE0446DAE7204610
:104530001AF05EFD0028DCD02B785BB11AF081F810
:10454000002106460120FEF711FD30461AF07DF8E5
:1045500000232B70204670BD423E0020215E0200E9
:104560001FB5FFF7AFFF0446FFF724FAA04228BFAC
:10457000204688B103A9FFF78BF9034638B9CDE986
:104580000000064A039906481AF02AFC18B10548AB
:1045900092211AF0E7FB012004B010BDCFEF01001B
:1045A000341E0020215E02002DE9F34102AB03E935
:1045B0000600044690460EF01BFE054620460EF00F
:1045C00027FE384F9DF80060374BFDB1202C98F83E
:1045D000002033F8141037F8140008D9814253D35F
:1045E0004FF6FF7291421DD102B0BDE8F081012A61
:1045F00032D802EB42122D4822444FF6FF7530F8B4
:104600001210A94202D0013120F8121033F8141010
:1046100037F81400814237D34FF6FF7291424FF0C2
:10462000010502D0013123F8141004F0FD02092A1B
:104630002CD19A8AB98A32448A42B4BF9A8299822A
:1046400033F814308342CFD3002DCDD1204602B0B1
:10465000BDE8F0411AF03FBF022AD7D1134A32F821
:1046600014104FF6FF70814204F121001CBF01318C
:1046700022F8141032F810104FF6FF75A9421CBF33
:10468000013122F81010C1E70025CBE71D2CD7D14E
:104690005A8F91198142BDBF02F1FF32B6185E8771
:1046A0005887CDE76E3A0020C03A0020EA39002052
:1046B0000248522200211DF0DCBA00BFC03A00209F
:1046C00002485222FF211DF0D4BA00BF6E3A0020EA
:1046D000034B1B681878012808BF0220704700BFF1
:1046E000EC1F002001480DF0F5BF00BF123B002079
:1046F00070B5094E094D0A4C337821782A7803F0B9
:10470000A1FE002333702B702370BDE87040054874
:10471000FF211AF048BC00BF5F3E0020543E00203D
:10472000553E0020601E002008B51048FF211AF0F9
:104730003AFC0F4B1B7813F020000CD000F068FB04
:104740001FF08AFC0120FFF7D3FFBDE808404FF4BB
:1047500080601BF02FBDDB0603D5BDE8084000F0EC
:104760005FBB0121B4201AF049FFECE7601E002076
:104770005F3E0020024A03480021FFF7EDBD00BF65
:1047800029470000601E002008B5054B1B7823B1A7
:104790009420FFF7ADFF002008BD7020FCE700BFAC
:1047A0005F3E002010B5184C2378DA0625D51E2868
:1047B0000ED065280CD0032820D143F020032370AD
:1047C000BDE81040114841F28832FF211AF0DABBEF
:1047D00023F020032370FEF7C9FA4FF4FA63B0FB0D
:1047E000F3F202FB1300C21892B20848FF211AF03C
:1047F000C9FB237823F01003237010BD1FF02CFC9D
:10480000AE20FFF775FFF4E75F3E0020601E00203A
:1048100030B53B4C2378DD1F012B8FB0EDB255D066
:10482000042B53D0032B41F6041252D0991F4B4254
:104830004B415B0013433348ADF80C301AF053FE84
:1048400048B9314B2F4A03F1100153F8040B42F8D9
:10485000040B8B42F9D12378032B3CD0062B3AD0A2
:104860002A4B0DF10E0203F1100153F8040B42F82C
:10487000040B8B42F9D103A816F026FBB728044697
:104880000BD1012D1FD8BDF80C3003A823F4005321
:10489000ADF80C3016F018FB0446A4B9302016F021
:1048A000EDF9044678B91AF039FE012D0BD8184AF3
:1048B0001068516801AB03C32246164901A81CF0D9
:1048C00049FAA0B1182420460FB030BD43F60412B7
:1048D000ACE70223AEE70B4A0DF10E0302F1100123
:1048E00052F8040B43F8040B8A42F9D1C3E7054997
:1048F000224601A81CF02EFA0028E3D1E3E700BF0E
:104900005F3E0020443E0020935E0200A45E020051
:10491000B55E0200BE5E02001FB50446252011F000
:10492000ABF81C2200210D481DF0A3F90C4B1878A0
:10493000FFF7CEFE022814BF0123042303208DF8C5
:1049400000301FF055F804238DF808306846054BF9
:104950000194039300F0ECF904B010BD801E002018
:104960005F3E0020114B000008B50E490A78531C29
:10497000DBB2072B0B7001D0092B04D19420FFF779
:10498000B7FE942008BD02F0FB02032A07D1064BB4
:1049900018680028F2D0FFF7BFFF3D20F2E70020A3
:1049A000F0E700BF5F3E0020DC10002070B5154C22
:1049B000154E23683268134321D0144B1B68F3B1A2
:1049C000134D2B78DBB91AF08DFF90B94FF480604E
:1049D0001BF0B3FB246844B101232B7000F018FADC
:1049E0002046BDE87040FFF797BF042334682B7062
:1049F000F4E7BDE870400121B4201AF0FFBD70203B
:104A000070BD00BFE0100020DC100020EC1F002073
:104A10005F3E002070B5214D287838B120492148EB
:104A200008221DF0FCF8003818BF01201E4C261D7E
:104A300007E01B491B4808221DF0F1F8003818BF99
:104A40000120227A2368D340DB0700D558B13046D5
:104A500010F0DEFFE8B92B78002BEAD1227A236828
:104A6000D340DA07F3D5114B1878FFF731FE012355
:104A700003220F4910F028FB0E4A137801331370FC
:104A800058B1BDE87040FFF733BEBDE8704000F09C
:104A900013B8FFF769FF0028F7D070BD5E3E002015
:104AA000563E0020921E0020801E00205F3E002007
:104AB000841E0020543E002008B5FFF7A9FE88B9E7
:104AC0000F4B1B78032B12D89BB10E4B0E481B6863
:104AD00040F8043B10F07AFF68B1BDE808400120BF
:104AE000FFF706BEFFF740FF0028E6D008BD072B02
:104AF000EBD0064BEAE7BDE80840FFF78BBF00BFED
:104B00005F3E0020E0100020801E0020DC1000200E
:104B100010B5134C237813B3838913F4407F1ED050
:104B20000368E3B910F0A2FF0E4B187018B1BDE88E
:104B30001040FFF7C1BF2378062B06D8032B06D9F8
:104B4000BDE81040AB20FFF7D3BD082BF8D00423FD
:104B50002370054BBDE810401868FFF7DDBE10BD9F
:104B60005F3E0020553E0020DC10002030B5394D5E
:104B70002B7887B004462BBB01A81BF05DFE0223F7
:104B800001A88DF804301CF02DF8B0B9324901A805
:104B90001CF08FF888B1902C0FD1FEF7E7F847F2A0
:104BA0003153B0FBF3F202FB130000F51C50103040
:104BB00080B200F035F907B030BD912CFBD100F088
:104BC0005BF9F8E7902824D1032B11D0062B0FD0E6
:104BD000224B1B78DA070BD401A816F071F818B92C
:104BE000BDF804309B0703D42B7843F010032B70DF
:104BF000FEF7BCF84FF4FA63B0FBF3F202FB1300CC
:104C0000C218174892B2FF2107B0BDE830401AF031
:104C1000B9B90EF067FB0028CDD12B78013B072BEB
:104C200011D8104810F0F4FE40B1FFF79DFE0028A7
:104C3000C1D107B0BDE83040FFF73EBF07B0BDE8C7
:104C40003040FFF7E7BEAE2007B0BDE83040FFF7C9
:104C50004FBD00BF5F3E0020BE5E0200433E00200D
:104C6000601E0020841E00201FB50F4C2478C4B1A4
:104C700042EA03229DF818308DF8051042EA4322DB
:104C80000A4BADF80C201A78094B8DF8061003EB8F
:104C90000213079900908DF80400DB6802916846C2
:104CA000984704B010BD00BF603E0020623E002067
:104CB0009C1E002073B51A4D1A48FF211AF073F993
:104CC0002B7853B3184C194E2378180106EB0313B5
:104CD000305C1A7A59680EF0ABFE4D281DD0E0B159
:104CE000227801230021CDE900311201C0B2B25C6B
:104CF000FFF7BAFF23780B4801330A22DBB2B3FB7C
:104D0000F2F102FB113323702B78FF21013B2B7052
:104D100002B0BDE870401AF03EB902B070BD00BFED
:104D2000603E00203C1F0020623E00209C1E0020B0
:104D3000F8B5104F3E780A2E1AD00FC8DFF840C0E1
:104D40000D4D9CF8004005EB0415013485E80F007B
:104D5000E4B20A230948B4FBF3F2013603FB124420
:104D6000FF218CF800403E701AF015F90020F8BDC4
:104D70000120FCE7603E00209C1E00203C1F00201C
:104D8000613E0020024A03480021FFF7E5BA00BF58
:104D9000B54C00003C1F002037B5134D00232A7886
:104DA000CDE900330C461201104901238A5C01460B
:104DB0002046FFF759FFA4B90D490A788AB12B782C
:104DC00001330A20DBB2013AB3FBF0F400FB1433E9
:104DD00008480A70FF212B7003B0BDE830401AF07C
:104DE000DAB803B030BD00BF623E00209C1E002038
:104DF000603E00203C1F002008B5032015F07CF920
:104E000010B9024B01221A7008BD00BF633E00209A
:104E1000024B002218781A70704700BF633E0020D2
:104E20000246FF2101481AF0ADB800BF5C1F002008
:104E30000D4B1B7810B583B90C48FF211AF0B3F85D
:104E4000FFF7DAFF044640B1094B1B78DB0604D5B7
:104E50001FF002F920461AF048FB064BBDE810404F
:104E60001868FFF7DDBF00BF633E00205C1F002015
:104E70005F3E0020E41000200148FF211AF093B8A3
:104E80005C1F0020054B1A7808462AB1032984BF0D
:104E900000221A70FFF786BC704700BF633E0020F7
:104EA000024A03480021FFF757BA00BF314E000005
:104EB0005C1F0020014B1870704700BF643E00204B
:104EC000024B186800B14068704700BF7C1F00208B
:104ED0000B4B1B6870B5044600257BB11E88002172
:104EE00007E05A6802EB0110013145B9021B554237
:104EF00055418AB29642F4D89B68EEE7184670BDD9
:104F00007C1F00202DE9F04F93B01E469DF87430B1
:104F10000593022E4FF00003DDF87090DDF880A0BD
:104F2000ADF81E3007468846144640F2B48099F822
:104F300000305A072AD5042E40F2AD8099F804B00B
:104F4000594B002533F83520002A00F0AA8001359E
:104F50000A2DF7D1BAF1000F40F0A180FF25002300
:104F600020798DF81D3008AA0DF11D011BF005F9FF
:104F700078B1BDF82C309DF81D0023801BF05EF940
:104F80008DF81C00A0B113B0BDE8F08F99F802B005
:104F9000D6E720791AF093FD00287ED120791BF006
:104FA0005FF98DF81C000028EDD1404B5B88238011
:104FB00062884FF6FF73002F08BF4346CDE90023F8
:104FC00000212388059A584601F042FB18B1E38876
:104FD00043F02003E380059BCDF83C9007A90DA882
:104FE000CDE90DA4ADF84080ADF842608DF8447075
:104FF0008DF845301BF0CFF810B19DF81C00C2E7CA
:10500000484601F079FAA01D01F064FA22464146B3
:1050100038461BF097FAB04208D274238DF81C3042
:10502000BAF1000F32D11BF00FF9E6E79DF87C30A2
:105030000393BDF8783002930DF11E03CDE9009380
:105040002246F3B2414638461AF05FFB8DF81C0049
:10505000BAF1000F0FD070B9BDF81E203AB1092D7A
:1050600005D8134B03EBC50143F835A08A80112006
:105070001BF063F8D7E7BA2808D1E388DB06D2D55E
:10508000002301208DF81C30FFF714FF9DF81C3021
:10509000002BC8D1EBE7012075E7A32073E7B4200C
:1050A00071E7EDB25BE700BF841F0020D01F002036
:1050B000801F002010B500201BF0C0F80B4B1B68B0
:1050C00063B15878052807D860B904460EF08AFA0B
:1050D00020460EF0BDF801E0FF2803D0BDE81040E7
:1050E0001BF0B2B805240220F0E700BFEC1F00203F
:1050F00013B5124C00201BF0A1F823689BB101A846
:105100001AF02CFC78B923681A789DF804309A427A
:1051100009D0D91E032906D9D11E012903D9012A94
:1051200007D1022B05D1032301A8ADF8043010F0FC
:1051300081F802B0BDE810401BF086B8EC1F0020DB
:105140000023044A194601330A2B918042F8081BB8
:10515000F9D17047801F002030B50D4685B0044658
:105160000FF094FD8DB10A4B1A889B788DF80E30A4
:105170000323ADF80C200093002203AB36214FF639
:10518000FC708DF80D401BF0D2FA05B030BD00BFA9
:10519000CE5E02002DE9F04F85B080468946BDF80D
:1051A00038A00F9EBDF840102C481F46154600231E
:1051B00030F833208A4246D1294A52F833B00023CE
:1051C00030F833408C424FEAC30242D124490020D8
:1051D0000A4441F83300908047B92B8833B9B5F9B8
:1051E0000230002B02DB08201AF0A7FF01201AF082
:1051F000E1FF9EB13478E30710D514F0040004D029
:105200005246012130461AF0FDFFCDE901700096AB
:1052100053462A46494640461AF094FCBBF1000F1B
:1052200006D0CDE9006753462A4649464046D8474E
:10523000CDE9006753462A464946404603F07EF8CA
:1052400005B0BDE8F08F01330A2BB1D14FF0000B50
:10525000B5E701330A2BB3D1BEE700BF841F00209E
:10526000801F0020014B1878704700BF653E00206A
:10527000F8B506460C461AF07EFF0546B0B9304632
:105280001AF01DFC98B90B4B1F7B87B95A882280F6
:105290009A8862809B7923710121304600F018FAC8
:1052A00039466071304600F013FAA0710125284696
:1052B000F8BD00BFD01F002070B504460E4615464D
:1052C0001AF0FDFB10B14FF6FF7070BD084B1A7B52
:1052D000002AF8D146B901222946204600F01AFAE0
:1052E0000028F0D00088F0E7012EECD1F4E700BFF1
:1052F000D01F002013B5FF230DF1070104468DF8E0
:1053000007301AF036FF18B19DF8070002B010BD43
:10531000074B03EB04131B7B0BB1FF20F6E7204682
:1053200000F07EF80028F8D0204600F0CBF9EDE739
:10533000D01F002008B500F0A1FCFFF701FF00F02E
:1053400051F80221084601F04BFAFFF7B3FE094B72
:1053500041F249021A80084A52231380074A4FF447
:10536000004013801DF033FFBDE8084000201EF010
:1053700070BB00BFE0130020DC130020DA13002014
:10538000014908221CF05BBCEF400020064A0123C3
:10539000D15C814202D1054AD05C704702335D2B5B
:1053A000F6D10020704700BFD05E0200D15E02003F
:1053B00070B50A4B1D780A4B04460022D0B28542D4
:1053C00001D8FF2070BD1E78A64204D10029F9D073
:1053D0005E7BF607F6D401321033EFE7663E00201D
:1053E000D01F0020084B01221A70084B4FF4827125
:1053F0001A709A71064A59809A600A214FF4807295
:1054000099809A81704700BF663E0020D01F00201F
:105410003C5F0200014B1878704700BF663E0020D9
:10542000034B03EB0013587B00F00100704700BFF3
:10543000D01F0020044A054B821A92105A43044898
:1054400092B201211AF0B3BA945F0200ABAAAAAAE1
:105450002E5F0200044A054B821A92105A430448F8
:1054600092B201211AF0A3BA445F0200CDCCCCCC99
:10547000345F02002DE9F04F8DB0DFF81C820293FB
:105480009DF858300793804B06911B7808EB031367
:10549000054616460A934FF000090A9B984501D12C
:1054A000862068E02B780393039A98F80030D8F8A8
:1054B00008A0934240F0E08098F80D30DC0709D551
:1054C0009AF8043009934FF0000B099A5FFA8BF3B6
:1054D000934202D308F11008DFE7DAF800701423D2
:1054E00003FB0B77294638461AF089FA002800F0AA
:1054F000BE803B890893002308999AB2914202D852
:105500000BF1010BE1E70C225A430B937B680492E9
:105510009C1821462A46384605931AF088FA2279C3
:105520000B9B002800F09A80069B03B11C6090063C
:1055300024D4564B09EB03080BE01A79910642BFBD
:10554000DA7890441FFA88F80C339C42F5D8504B17
:105550009844079B63B3214638461AF047FADDE9C1
:105560000413B5F802905B5A0246494603981AF0B4
:10557000E9FD38B97E200DB0BDE8F08F454B4FF006
:105580000008E2E72379DA0639D44346B0461E46DE
:10559000029AA378002A43D1E278A3F141010129BC
:1055A00040D8013AD2B2414630461AF0F7FF00E047
:1055B0000EB90020DFE7214638461AF017FADDE978
:1055C0000413B5F802905B5A0246494603981AF054
:1055D000B7FD0028CED02379DB06D9D52146384641
:1055E0001AF004FA95F80080E2786D880346CDE958
:1055F00000622946224640461AF0B7FDBBE7214625
:1056000038461AF0F3F995F800806D88169603462F
:105610002246294640460DB0BDE8F04F1AF0A7BD1E
:10562000029ABAE7433B012B06D8023A92B24146AE
:1056300030461AF0CBFFBCE7079BE2781BB9029B10
:105640000BB193421ED341463046B8F1000F02D150
:105650001CF00FFBADE71CF0F2FAAAE712F0300FD6
:1056600002BFE2784A441FFA82F9013344E77B899A
:105670004B441FFA83F943E7BAF806304B441FFA4C
:1056800083F927E7892076E7663E0020B33E0020B5
:10569000673E0020945F0200D01F002070B50C46CA
:1056A00015461E461AF00BFA40B9054833462A46FD
:1056B00021468068BDE870401AF0CEB9002070BD68
:1056C000D01F0020014B0001185C7047D01F002044
:1056D00070B50C461AF0F3F9C0B90D4B9A682AB1AF
:1056E000157903461426D9B2A94200D370BD1168BA
:1056F00006FB0311097B34B911F0800F1CBF013088
:10570000C0B20133EFE711F0400FF7E70020EDE7FB
:10571000D01F0020F8B50D4616461AF0D0F9034602
:1057200040B90E4A9268177904464FF0140CE1B262
:10573000B94201D30020F8BD10680CFB0400017BC6
:1057400046B911F0800F03D09D42F4D00133DBB293
:105750000134ECE711F0400FF5E700BFD01F002047
:105760002DE9F04F414BDFF8088193F800A08BB092
:1057700006460024544506D2FF2E28D030461AF0A3
:105780009EF9044640B30BB0BDE8F08F1B681422AD
:1057900002FB05352B89B3F5967F01D919F009FB7A
:1057A00000274FF00C0B2A89BBB29A421CD809F192
:1057B0000109029B43445FFA89F59B681A79AA4262
:1057C000E4D8FF2EDFD10134E4B25445DBD208EB3C
:1057D00004131B7B002B45D12301029308EB041318
:1057E0004FF000090393E4E7BAB268680BFB02FECE
:1057F00000EB0E010B79DA062CD4039A059392F88C
:1058000000C08DF81CC013F0400FB5F800C030F890
:105810000E20ADF81EC0284614BF4FF0800C4FF08C
:10582000400C04918DF820C0ADF822201AF0DEF86B
:10583000059B0499ADF824005B07C8780CD50228B5
:105840008A6800D91268012300930023194607A82B
:10585000FFF710FE0137A6E702288CBF8A6801F126
:105860000802F0E70134E4B284E700BF663E00209E
:10587000D01F002070B5084D084E00242B78E0B2F0
:10588000834200D870BD06EB0010437BDB0701D5D7
:105890001AF0DCF90134F1E7663E0020D01F002049
:1058A0002DE9F84F92464D7D9B46002833D0002DC0
:1058B00036D0012D18BF04251E4C0026B1464FF6E8
:1058C000FF772346228852451ED1E2782A421BD018
:1058D00094F80280D84517D3B9F1000F01D0B04534
:1058E00012D8D20610D5E21A1348C2F38F02022151
:1058F0001AF05DF80F4BB9F1000F13D0B04516D375
:10590000B8423CBF464607460C4A04349442D9D1BB
:105910003846BDE8F88F002D14BF04250825CBE7D5
:105920000225C9E7464607464FF00109ECE746461F
:105930000746E9E7FC5F0200F45F02001060020026
:105940002DE9F04F85B0CDE90123BDF838909DF8E1
:1059500040A09DF844B04D7D0F4648B36DB3012D76
:1059600018BF04251F4C00262388019A934217D1A3
:10597000E2782A4214D094F80280D04510D3D2069F
:10598000FB7B1CD563B1174A3B8A17480393A21AC5
:10599000C2F38F0202211AF00AF8039B834210D04F
:1059A000124B0434A342DFD1012005B0BDE8F08FD3
:1059B000002D14BF04250825D4E70225D2E7002BCB
:1059C000EED1B3450CD0B1450AD9029B0F9A03F82A
:1059D00006800F9B1B88013601331380B6B2DFE7C8
:1059E0000020E2E7FC5F0200F45F020010600200AA
:1059F0002DE9F04FB1F57C4F85B0CDE9023228BFDB
:105A00002B4B01904FF0000428BFB3F800A0009486
:105A10000E4638BF4FF0010AA1464FF6FF785445B5
:105A200003D3404605B0BDE8F08FB6F57C4F0CD3EC
:105A3000204B029A019803EB840331465B88FFF701
:105A40002DFE0546F0B1002718E0029A0198314674
:105A50001AF053F8F5E70C23BCB25C43D5F804B058
:105A6000039B3BF8040098420BEB040105D3009B19
:105A70005BB9284619F0BAFFA0B901372A89BCB230
:105A8000A242E8D80134A4B2C9E74845F5D828466F
:105A900019F0ACFF0028F0D03BF80410494501D3C1
:105AA0008045EAD901233BF8049000938046E4E75F
:105AB000325F0200345F02002DE9F0438FB01646DA
:105AC000BDF85C70042F32D90DF113040394212525
:105AD000BDF8584000940DF114080295CDF80480EB
:105AE0001AF05EFA044648B130461AF06DFB2046C3
:105AF00000F0B0F820460FB0BDE8F0839DF8139099
:105B00002A464146484619F02DFF0546304685B1E4
:105B1000043FAF420DD3114F1AF056FB3B88AA1C2D
:105B2000C3F152039A4208DB892000F093F88924DC
:105B3000E0E71AF049FB8924D9E7204600F08AF80B
:105B4000484600F087F83E8805482A4630444146DA
:105B50002E441CF0A2F83E80CCE700BF163B00208C
:105B6000B43E002010B5044C206004480180044974
:105B70000A60044A136010BDE81F0020143B002097
:105B8000E41F0020E01F002008B410B587B009AB67
:105B90000C4653F8041B0092CDE9011302460B4951
:105BA0000B4805930988006800231AF019FA094B7D
:105BB0001B681880084B1B684FF48A525C80DA809F
:105BC00007B0BDE8104001B0704700BF143B002093
:105BD000E81F0020E41F0020E01F002007B5074B4E
:105BE0001B681B880192064A12680092054A1268D7
:105BF00019F0E1FC03B05DF804FB00BFE41F0020D6
:105C0000E81F0020E01F0020024B1B68187159712B
:105C1000704700BFE01F0020094B10B500241C7026
:105C200019F05EFE074B52221880214606481CF0F0
:105C300020F8064B1C80064B1C605C609C6010BD0D
:105C4000083F0020183B0020B43E0020163B0020F7
:105C50001A3B002007490B88512B9FBF064AD0549E
:105C6000581C80B29DBF088000F1FF3080180020D2
:105C7000704700BF163B0020B43E0020024B034A91
:105C80001A600020704700BFEC1F0020385F020040
:105C90002DE9F04F427D036890F8149090F813B00E
:105CA000866884895F88002A8BB014BF80224022D6
:105CB000054658790492C84600F0D4FB78B9BBF188
:105CC000050F05D86FF02D0343FA0BF3DB0706D55C
:105CD000032F04D0012128461AF031FC76E0EB7B3B
:105CE00073BB687D9B4AB0FA80F040091380C00006
:105CF000FFF7B0FFEB7B93B3288A1AF065FA824670
:105D0000A87CFFF7A7FFBBF1160F00F27C81DFE84C
:105D10001BF0280080019E006100BA019E00740102
:105D2000C3017C01CC01D501DE012301FC017A0114
:105D30007A017A0112026202120279022301FC0145
:105D40002B8A002B00F05F81687D824BB0FA80F0D7
:105D500040090022C0001A8040F00400C8E79A46BB
:105D6000CEE70120FFF776FFDFF8E8A108F102098E
:105D7000A14529D84146224630461AF043FA2B68FD
:105D800080465879BAF80030C3F152039BB20193B0
:105D90002B8A00934246049B39461BF02EFF10B11C
:105DA0001FFA89F8E2E72B685879BAF80030C3F196
:105DB00052039BB201932B8A00934246049B3946BF
:105DC000FFF77AFE8928EBD11AF0B6FB01200BB061
:105DD000BDE8F08F0420FFF73DFFE31E4FF0000900
:105DE0000693069B984526D22246414630461AF035
:105DF00009FA08F10201224689B2824630461AF0B9
:105E000007FA069B0890A3EB080208F1030131444E
:105E100092B2079119F0A6FDDDE90713059000285D
:105E200053D18020FFF716FF09F1010950465FFAB0
:105E300089F91AF0C9F9B9F1000FC5D1EB7B95F8D2
:105E40001480002B434B0CBF022204221A80042032
:105E5000FFF700FF002305939946E31E079308F11F
:105E6000030A544565D92246414630461AF0CAF91C
:105E700008F102010690224689B230461AF0C8F9AC
:105E8000079B0990A3EB080206EB0A0192B2089166
:105E900019F068FD8246002841D02A68099B0899BC
:105EA0005079019102932B8A0093069A049B3946FC
:105EB0001AF027F848BB059B0133DBB205930AF1C2
:105EC000030AC2441FFA8AF8C9E72A685079CDE963
:105ED00001132B8A00935246049B39461AF04DF861
:105EE000079058B1FFF7B6FE50461AF06DF9079BC0
:105EF00009F10109802B5FFA89F99CD0059B03F118
:105F0000030AC2441FFA8AF86BE7FFF7A3FE09F100
:105F1000010906985FFA89F91AF056F9CFE7872048
:105F2000FFF798FE09F1010906985FFA89F91AF05E
:105F30004BF9BBF1050F3FF449AFB9F1000F7FF406
:105F400043AF059B0BB98021C5E64846FFF782FEAB
:105F50003AE700BF163B0020BBF10C0F0CBF0D2031
:105F60001620FFF777FE2246494630461AF04AF9D6
:105F70002246804609F1020130461AF049F9BBF188
:105F80000C0F044635D1192828BF1924EB7BE4B245
:105F9000B3B12E8A4FF6FF739E4211D12868049B3D
:105FA000407942463946FFF723FDB04208D0BAF1A6
:105FB000000F05D028828AF80000000A8AF8010044
:105FC0009B4B00201E88FFF745FE2B68ABF1150C9C
:105FD0005879DCF1000343EB0C03CDE901432B8A34
:105FE00000934246049B394619F053FE914B985555
:105FF000EAE6132828BF1324C8E728461AF0A9F8B0
:1060000000287FF4E3AE812165E628461AF0C7F840
:10601000F6E70A2FA4EB090A29D1DFF81CB29BF896
:10602000003023B3EB7B13BBBAF1080F1FD122461C
:10603000494630461AF0E6F8C8B9224609F102018D
:1060400030461AF0E5F8804688B9224609F1030186
:1060500030461AF0DDF8E22809D1224609F10401A0
:1060600030461AF0CCF81AF056FA8BF800801FFA76
:106070008AF206EB090138461BF0C1FD00287FF4C7
:10608000A5AE002127E6A4EB090292B206EB0901B6
:1060900038461AF095F8F1E7A4EB090292B206EB44
:1060A000090138461AF057F8E8E7A4EB090292B262
:1060B00006EB090138461AF074F8DFE7A4EB090291
:1060C00092B206EB090138461BF09BFDD6E722464B
:1060D000494630461AF09CF82246804609F10101F3
:1060E00030461AF095F82B68044658792B8A0193AC
:1060F000049B009342463946234619F007FD224689
:10610000414638461AF029F860E6224649463046AC
:106110001AF07EF809F10102A31AABF116046142EC
:1061200061410091011E9BB2324418BF01213846E3
:106130001AF015F8A2E72246494630461AF068F8E8
:106140002246804609F1010130461AF061F8BBF1A0
:10615000110F04463AD11220FFF77CFD0026EB7B9D
:10616000B3B1B5F810904FF6FF73994510D143467F
:106170003A4629463046FFF793FB484508D0BAF126
:10618000000F05D0030A28828AF800008AF801303F
:10619000DFF89C90DFF89CB0B9F800A0CDF804902F
:1061A000CAF1510292B20AF1010300925B44CDE9B7
:1061B00002843A4629463046FFF7C2FBB9F8003060
:1061C0000BF80A000133A9F80030FDE51420FFF7B1
:1061D00041FD0126C3E72246494630461AF018F829
:1061E00009F101039C4201D20020F0E5E41AA4B2B7
:1061F000021E0094298A334418BF0122384619F040
:10620000B2FF3BE72246494630461AF001F809F151
:1062100001039C42E8D3E41AA4B2021E0094298A26
:10622000334418BF0122384619F09BFF26E700BF10
:10623000163B0020B43E0020063F002009480378AA
:1062400073B9094A1946D3720133042B11731170C3
:1062500051601181917202F11002F4D10123037097
:10626000704700BF073F0020F01F002070B50646B2
:106270000D46FFF7E3FF0A48002300EB0514A17A5F
:10628000B14205D1217819B12B4400EB031070BD48
:106290000133042B04F11004F1D10020F7E700BF13
:1062A000F01F002030B5044685B080B3007B19F0A4
:1062B000C5FF184BE07A002503EB40102570FF2145
:1062C00018F071FE144B284602019A5C22B9013085
:1062D0000428F9D119F06EFF616899B1B4F908305A
:1062E00022899B1303F002038DF80430C2F30E03DE
:1062F000ADF806304FF6FF73ADF808300023039376
:1063000001A8884705B0BDE8304019F09DBF05B031
:1063100030BD00BF30200020F01F002010B5044623
:10632000FFF78CFF0E4B9C4212D003F120029442E7
:1063300010D003F1400294420ED060339C420DD144
:106340000323084800EB0310BDE81040FFF7AABF85
:106350000023F6E70123F4E70223F2E70020F3E746
:1063600030200020F01F002070B5074D074E00249C
:106370002846324600210134FDF7EEFF042C05F1DA
:106380002005F5D170BD00BF302000201D63000046
:1063900008B50268154B11881980518859805179C8
:1063A0001971117959714FF48A51D980D28812F03C
:1063B000200F0CBF0A464FF48B52DA8081690C4AD9
:1063C000137831B90B49C088088023F00203137099
:1063D00008BD43F002031370074B15220131184624
:1063E0001BF02DFC002200F8012CF1E71A3B0020E5
:1063F000083F0020183B0020273B002010B5174C19
:106400002368587919F05BFB00BB154B227F197B81
:1064100091421BD15A88236819888A4205D04FF6C9
:10642000FF70814212D1120410D42279023A012A5B
:1064300006D9A37B63B9BDE810400848FFF728BC24
:106440001989587919F0BEFE0028F2D1002010BD3C
:10645000BDE81040014819F037BF00BFB42000204C
:10646000D01F002008B519F02AFB10B9024B18788C
:1064700008BD0020FCE700BF0D3F002008B500204C
:1064800019F0DCFEFF2019F03BFB19F0DDFEFEF7F2
:10649000C1FF0121024606481BF0EBFB054B064AF3
:1064A00006485221FFF75EFBBDE80840FFF7E2B95E
:1064B0000D3F00201A3B0020163B0020B43E002078
:1064C000034B18780130C0B2187000F07F0070479D
:1064D000E913002038B1074B1B78012B04D1038846
:1064E00043F0400303807047022BFCD1038823F064
:1064F0004003F7E70B3F002068B1074A1378012BF0
:1065000007D1064B1B781370037843F01003037018
:1065100001E0022BF8D070470A3F0020093F00201D
:1065200073B5244E3378D907024640D4224909680E
:1065300081B10868C1888D0641BF204CE18841F0D7
:106540002001E180C1884C0641BF1C48C18841F050
:106550004001C1801A4D1B492878097840074CBF7B
:10656000E9706970184913F00204098809D0144AC7
:10657000164819F006FE337823F00203337002B098
:1065800070BD134B18884FF6FB73984208D8CDE9BD
:1065900000520B46094A0146204619F00CF8EEE776
:1065A0000092074B0A46054918F0F3FFE7E7002081
:1065B000E5E700BF083F0020B02000201A3B002084
:1065C000B43E0020EA130020163B0020263B0020AA
:1065D000183B002070B50379012B04460D46164682
:1065E00031D883681B78DB0600D561B3A37B13B970
:1065F000E37C0B2B27D0154B00221A80637DB3FA66
:1066000083F35B09D800E37BABB9FFF723FBA07CE6
:10661000FFF720FB0B20FFF71DFBE07CFFF71AFBC9
:106620002846FFF717FB2046FFF7B2FE3046BDE8CD
:106630007040FFF775BF40F00400FFF70BFB208AA6
:1066400019F0C2FDE3E7002070BD00BF163B00203B
:10665000F0B4054618460F4B0F4E1B78012B0C4625
:10666000BDF8101001D0377827B100233370002017
:10667000F0BC70470CB9002AF9D143B14FF657432B
:10668000994204D02B462246F0BC19F060BD01208F
:10669000EEE700BFEB1300200C3F00202DE9F04F88
:1066A000484E494C8446964698460F460FCE25469E
:1066B0000FC596E80F0085B085E80F00DDF83CA017
:1066C000BDF838300093CDE901A4434672463946FF
:1066D000604619F0E6FFDFF80081814670B90025B9
:1066E000FFF79AFA1622002138481BF0C2FA00235D
:1066F0002846C8F8003005B0BDE8F08F344BA27CC6
:106700001A702046C8F80040FFF742FE20461BF0F2
:106710006FFA054630BBBAF1000F25D12168E08839
:106720000B880190BA1E49880091032A8CBF002271
:106730000122E07C0121FFF78BFF38B923685B79E8
:10674000FF2B3AD0FFF75AFE0546C9E72368DB88DE
:1067500013F02006F2D11F4D01212046297019F0B7
:10676000EEFE2E704D46BBE7BAF814309B07E5D419
:10677000B5E75846FEF7A6FF82465846FEF750FE9C
:1067800088B12368228A5988504619F09BF950B184
:106790003846FFF7FDFD236889F804A083F805A0BB
:1067A000FFF72CFE00B9284601360546FEF732FEFB
:1067B0005FFA86FB5845DCD892E7034FDFF81C9060
:1067C0000026F3E754600200B4200020263B00209E
:1067D000EA1300200C3F0020B02000201A3B0020CC
:1067E000034B1870034B1970034B00221A7070474B
:1067F0000F3F0020103F00200E3F00202DE9F74FF3
:10680000DFF89080224F98F800303C7805460E461D
:10681000002B3AD04FF6FB73984236D8DFF878A0B9
:106820004FF0000B98F800309AF800005FFA8BF9EF
:106830004B450ED948446946C0B215F0D1FA08223A
:10684000314668461BF0EBF90BF1010B0028E9D14A
:106850004C463B78A34208D198F80020631CDBB279
:106860009A423B7004BF00233B709AF800301C44EE
:10687000E4B23146204615F0A7FB30B92946204640
:1068800003B0BDE8F04F15F097BA03B0BDE8F08F44
:106890000E3F0020103F00200F3F0020034B1878D0
:1068A0000130C0B2187000F07F007047113F002027
:1068B00030B585B00024ADF80A20021D92B2012A3D
:1068C0001D46ADF80840ADF80610ADF8044003D9F8
:1068D0004FF6FF72904207D1064A2B46127801A963
:1068E0001EF01CF905B030BD014601AA204612F089
:1068F000BFFAF7E7EC130020004870477E3D002008
:10690000014B1878704700BF00140020014B188815
:10691000704700BFBA130020014B1878704700BFC2
:10692000F9130020014B1878704700BF153F002075
:10693000014B1878704700BFF413002008B5084BCE
:1069400000221A605A60FCF711FA064B1870FCF727
:106950000DFA054B1870054B1A78054B1A7008BDD7
:106960004A3900203A3F0020393F0020F21300202E
:10697000383F002000B5002193B008466A460BF06E
:10698000ABF90146C8B90E4B0E4A09930E4B0A9358
:106990000D920E4B0E4A0B930E920E4B0E4A0C9319
:1069A000CDE90F230D4B11936A460BF075FC0038AF
:1069B00018BF012013B05DF804FB0120FAE700BF07
:1069C000F13A0200F16501007D3C02005DF2010038
:1069D000453D0100FB3C0200FD7401007D620100A9
:1069E000074B1878112803D8064B0341DA0704D562
:1069F000A0F143035842584170470120704700BF3F
:106A00003C3F0020CBFFFDFF08B5064B1B78013B48
:106A1000022B05D80020FFF7E3FF0138C0B208BD04
:106A2000FF20FCE73D3F00202DE9F74F3A4B3B4F5D
:106A300093F800903A4E3B4B3B4D3C4C3C483D4913
:106A4000DFF8F8C0DFF800E1DFF814A1DFF814B1D7
:106A500001934FF00008019B203301935FFA88F304
:106A6000994507F1200706F1200605F1200504F1FC
:106A7000200400F1200001F120010FD82E4B2F4DF2
:106A80001C782F4E2F4B304F00221146D0B284423B
:106A900003F1200338D803B0BDE8F08F2B4B2C4A0C
:106AA00047F81C3C002346E907232A4A47F820CC34
:106AB00045E90723284A47F8103C44E90723274AB9
:106AC00046F820CC40E90723019A45F820CC47E955
:106AD000063E46E905E345E905E344E905E340E907
:106AE00005E341E908CA41E9063E44F820CC40F8F4
:106AF00020CC41F8103C08F1010842E908CB42E9FA
:106B0000063E42F8103CA6E743E9085643E906175B
:106B100043F8101C0132B9E703140020CC2B0020ED
:106B2000AC2B0020CC2A00208C2B00202C2B00200A
:106B30000C2B0020EC2A0020FE130020A03900209E
:106B400071A001004C2B002054610200454002005E
:106B5000493F02000D6A010021840100EF07020095
:106B600071E0010031590100044B00F1100250F8AE
:106B7000041B43F8041B9042F9D170473E3F0020AC
:106B8000044B03F1100253F8041B40F8041B93421A
:106B9000F9D170473E3F0020F0B5071D05460022A1
:106BA00093B00C46384608211CF017FF6A7B064656
:106BB000D0070BD5687808A91AF059FADDF83D30EE
:106BC0006B60DDF841307B6080B101E0910702D459
:106BD0002D2013B0F0BDD20002F080020121384612
:106BE0001AF04CFAFF286870F2D0E6B11923194662
:106BF0006A7801A818F0C5F89DF81C305B0604D52A
:106C00000B484FF4C07118F0ADF8234603AD07AC44
:106C10002A4603CAA24218605960154603F10803C8
:106C2000F6D10020D5E708A91AF021FACCE700BF79
:106C3000836002002DE9F04307468BB01D4888466B
:106C40001646FFF79DFF0025002D01AB194A0CBF2A
:106C500036205C200024994612F8011B0134E4B26E
:106C60004140102C03F8011BF6D105A81DF06EFC65
:106C70004A46214605A81DF06DFCBDB941463A467D
:106C800005A81DF0CEFC05AC32460DF1240C2346C0
:106C900003CB6345106051601C4602F10802F6D137
:106CA00015B10BB0BDE8F0830125CDE73246214692
:106CB000E6E700BF6E3F00202DE9F04F99B0DFF806
:106CC000E880DDF890909DF88CB09DF8886088F899
:106CD00000B0174682460C461D462022304B0F93CB
:106CE000002110A81AF0C5FF4F4504D02A463946A6
:106CF00048461AF0A4FF4FEA0B4303F47C1343F019
:106D0000A86343F480737819711B09EB050C6CB30D
:106D10000DAACDE90AB209EB060209920EAACDE945
:106D200007120D22CDE9051CCDE90350CDE900A2E3
:106D30001C49029710220FA8FBF7DAF907460FA8A3
:106D40001AF0C9F917F1950F24D02FBB0E9B761BB3
:106D5000F6B29E4220D10CB398F800000D9B9842E9
:106D600014BF2120002019B0BDE8F08F0EAACDE994
:106D70000912BA19CDE905120D22CDE90350CDE96A
:106D800000A2CDE907BC0749029710220FA8FBF724
:106D900071FAD3E72C20E6E72120E4E72046E2E77A
:106DA000002480006E3F002004140020F0B51B4B2F
:106DB00093B0002607460C461546314620220AA805
:106DC000CDE908631AF055FF08AB1022DFB1CDE919
:106DD0000523CDE90325CDE90164114B1149009646
:106DE00009A8FBF7D5FB044609A81AF074F914B9F1
:106DF000089B102B04D00C4840F23E2117F0B2FF44
:106E0000002013B0F0BDCDE90323CDE90125044BEB
:106E10000449009409A8FBF73DFCE4E70024800046
:106E2000004440046E3F00208360020030B50546F8
:106E300089B0694619F067FF6B8804ACABB1224694
:106E40002946684619F0D8FE0E4A08AD234603CB02
:106E5000AB42106051601C4602F10802F6D10948AD
:106E6000FFF782FE002009B030BD064D6B461A4682
:106E700003CAA24228606960134605F10805F6D1ED
:106E8000EDE700BF6E3F002050B10B4B0B4A03F102
:106E9000100153F8040B42F8040B8B42F9D17047F0
:106EA000064B054A03F1100153F8040B42F8040B9A
:106EB0008B42F9D1704700BF6E3F00204E3F00204B
:106EC00008B5102202481AF0BAFE002008BD00BF23
:106ED0005E3F002008B50846102202491AF0AFFEB6
:106EE000002008BD5E3F0020F0B587B0054603A82E
:106EF0000C4613F0E5FE0146002847D1BDF80C30E2
:106F0000980643D5102220461AF0B3FE01A812F0CD
:106F10004BFFB8B16E7B16F0020F05F1040706D0E7
:106F2000082201A938461AF07AFE00282CD101ABBC
:106F300003CB46F00206686079606E73238843F0E5
:106F400008032380238843F00203238012F022FBEE
:106F500060601CF092FD30B10D4B1B68A36023886C
:106F600043F0040323800B4B1A68D1035EBF2388D0
:106F700043F010032380130242BF238843F40063CD
:106F80002380002007B0F0BD2D20FBE72420F9E787
:106F9000FC2B0020002C0020064B1B6810B433B1E2
:106FA0005C6824B1DA6923465DF8044B18475DF844
:106FB000044B7047242C0020074B1B6813B54BB1C2
:106FC0001C683CB1DB69CDE9001343884268417815
:106FD0000078A04702B010BD242C0020044B1B6891
:106FE0001BB19A680AB1D86910470020704700BFEA
:106FF000242C0020024B1B68D3F86C329869704730
:10700000242C002013B5194C24681CB310B3009332
:1070100013460A46014604F51C701AF025FA0123AE
:1070200038B9A4F89C32002384F86632A4F864329C
:1070300010E0D4F8742284F8A032102A0CD901236D
:1070400084F89C3294F89C3283F0010284F89D22EB
:10705000002BE8D102B010BDD4F86C0204F51E710B
:107060001AF0EBF90028EAD0ECE700BF242C00204E
:107070002DE9F341DFF8E0800546D8F800000C4622
:1070800016461F461AF06BF9002850D0002C4ED13E
:1070900028461AF02FF8002849D0A5F13603012B15
:1070A00025D8BEB3B7B33378042B33D1D8F800302A
:1070B000D3F86C120422C86800231AF06FF948B3A1
:1070C000362D0CBF4FF007084FF00808B8452ED1F9
:1070D0003146424668461AF0E0FD0323362D8DF80E
:1070E00000304146684633D11AF0CEF805E0152D40
:1070F00006D1394630461AF006F802B0BDE8F081F4
:107100001C2D10D8172D12D93A46314628461AF0B0
:107110004FF8F2E7303D072D09D8DFE805F00A0FF8
:10712000080808081417A5F13003072BF2D900202E
:10713000E3E73946304619F0F6FFDEE739463046D8
:107140001AF019F8D9E739463046CDE739463046C6
:107150001AF0B9F8D1E700BF242C002070B54FF425
:1071600029728AB00C46002106461AF082FD0FCC27
:1071700035460FC594E80F0085E80F0000F0CAF807
:10718000104BC6F86C021E600F4B00930F4B01931F
:107190000F4B02930F4B03930F4B04930F4B05932D
:1071A0000F4B06930F4B07930F4B694606F12000D8
:1071B000CDE908361AF0C0FBD6F86C321B69B3640F
:1071C0000AB070BD242C0020996F0000DD6F000014
:1071D000F56F0000B96F0000057000004713020052
:1071E000111302002F1302003B130200034B18601F
:1071F000012380F89E3220301AF0D1BA242C0020CE
:1072000038B50E4B044600F12005186028461AF0E8
:10721000A6FB94F89E3283B194F89F326BB194F838
:10722000A03253B994F8A1323BB9012384F8A132BA
:107230002846BDE838401AF0B2BA38BD242C0020E8
:10724000064B10B5044618601AF07DF828B104F119
:107250002000BDE810401AF09FBA10BD242C002079
:10726000094B10B5044618601AF06DF850B120347F
:10727000204600211AF084FA20460321BDE8104080
:107280001AF07EBA10BD00BF242C00202DE9F34176
:107290001D46154B11F0FB070646144618601FD11A
:1072A0001AF051F8E0B1012D1AD9AB1E032B17D9F2
:1072B000A58894F80280E1786DBAADB22A1D9A4291
:1072C0000ED106342B4622464046FFF7D1FE38B198
:1072D000009523463A46414606F120001AF064FA2A
:1072E00002B0BDE8F08100BF242C002030B5084D6D
:1072F00014688C4208D2035D093BDBB2172B03D81C
:1073000045FA03F3DB0700D530BD01341460EFE725
:10731000ECFF7FFF00487047646102001FB5002347
:10732000CDE90033039355238DF8073004460C4B09
:10733000029308210DF107001AF06CF98DF80F0087
:1073400064B1236853B1102168469847236810211F
:1073500068469847236810216846984704B010BDD6
:10736000AA0355AA2DE9F743DDE90A5914460C9EF4
:10737000009680460F462A46194620464B461AF08C
:1073800044FAF0B9B8F1050F1CD1FB071AD5CCB1FE
:10739000C5B1B9F1000F15D00D2913D12378362BC3
:1073A00010D1637873B9A37863B9E378072B09D157
:1073B00063793BB9054B2B6004346C600EB101233B
:1073C0003360012003B0BDE8F08300BF3600090040
:1073D0002DE9F04FB1F806A0B1F803B091F805809F
:1073E0009AFA9AF5A9B0ABB2059383699BFA9BF61A
:1073F00004460F46B6B201F108091D4623B1436A9F
:10740000059A49464046A84720461AF090F9B8F137
:10741000080F29D9A8F12003DAB20B2A06D9E369AB
:10742000002B00F09680616A404669E00B2BF6D88D
:1074300001A252F823F000BF557600001F7400002F
:107440001F740000D97500005D75000069760000AA
:10745000837600001F7400001F7400001F7400007A
:107460001F74000083760000B8F1080FD7D801A37D
:1074700053F828F099740000B174000009750000F9
:107480001F7500001F74000081750000ED7400007E
:1074900091760000AD760000BBF1000F59D1CDF818
:1074A00000B05B465A46594620461AF0E7F850E0CD
:1074B0002469002C4DD00599012914D909EB010349
:1074C00013F8023C7D2B0ED14A1E19F80230012B15
:1074D00009D8114603F0010301224846A44629B009
:1074E000BDE8F04F604700221346F6E7BAF5807F0B
:1074F00002D13B7A102B2CD0E36953B3616A06208A
:1075000029B0BDE8F04F184720461AF079F801235A
:1075100000938DF8200008AB02223146C4E7002317
:107520008DF8203001230093032208AB314620461A
:107530001AF0A4F8236A2BB1BAF1000F0CD0387AF4
:10754000616A984720461AF05BF8014620461AF017
:1075500017F929B0BDE8F08FFF20F1E765680DB19C
:10756000A8470546A3680BB1984703462B441BBAAE
:107570002ABA0993082308920093242208ABCCE787
:1075800000270797BAF1000F08D120238DF81B3090
:107590000123009305220DF11B03BEE707AB029305
:1075A0000DF1200810230193CDF80080059BA16AFE
:1075B0004A460520FFF7D6FE0028E6D0079B9F42EB
:1075C00001D31023E2E7E36813B100214046984756
:1075D000013708F10808F1E7059B042B07D82023A1
:1075E0008DF820300123009308AB232295E707F1A3
:1075F000090019F0F5FF3B7A4FF00008012B814696
:10760000CDF81C8007D920238DF81B30012300936F
:107610000DF11B03E9E7BAF5A06FF4D0059B591FE4
:1076200007AB009308AA102389B207F10D001AF0E6
:10763000ECF80028E7D008AF079B984501D310234A
:10764000E2E7E36813B149463846984708F1010874
:107650000837F1E7204619F0D3FF0146204629B04C
:10766000BDE8F04F1AF08CB8204619F0C9FFC31ED0
:1076700058425841012300938DF8200008AB252281
:107680004BE701238DF820300093424608AB44E7D6
:1076900008AA059948461AF0EEF80123C0F1030044
:1076A00000938DF81C0007AB072236E7059B0B3BC8
:1076B000032B0FD8059B07F10C00191F19F093FF3E
:1076C000C0F10300C0B2012300938DF8200008AB85
:1076D000082222E70320F6E7014B01221A707047C7
:1076E000B3400020034A136801331360024B187043
:1076F000704700BF942C00208F3F002010B5054C30
:10770000206830B11AF09BF9236898422CBF002002
:10771000012010BD802C002070B5FCF787F80646CC
:107720000D46FCF79DF8094B1C68094B1B68024687
:10773000E41A30460023294600F018FF054B064A9C
:107740002044186013680133136070BDE02C0020E2
:10775000DC2C0020D82C0020D42C002008B51AF0F6
:107760007CF948B1054B1B7803F0FF0023B1044BB3
:107770001878B0FA80F0400908BD00BFB74000207B
:107780008E3F00201A4A1B491368013313601A4BBD
:107790001A6802F00F02072888541A6802F10102E1
:1077A0001A60164B187004D1154A13680133136020
:1077B0007047202818D006D8062811D0082809D0EC
:1077C000052809D07047252810D02C280AD0232856
:1077D00004D070470B4AE8E70B4AE6E70B4AE4E7B8
:1077E0000B4AE2E70B4AE0E70B4ADEE70B4ADCE72D
:1077F000F42C0020913F0020B82C0020903F002066
:10780000B42C0020B02C0020AC2C0020A82C002090
:10781000A42C0020A02C00209C2C0020982C0020C0
:10782000204A1368022803F101032DE9F0410446C0
:10783000136035D81C4A1368013313601AF0FFF83F
:107840000928054612D85CBB184B01221A70184B48
:107850001C70184B1C70184A136813B1EB1A022BDA
:107860001ED9164B156001221A7019E0012CDFF8A1
:107870003C800F4F0F4E0AD11AF0E1F8104B7830D0
:107880001860002388F800403B703370E3E7012361
:1078900088F80030022C4FF000033B703370DAD1CF
:1078A000BDE8F081902C0020882C00208E3F002025
:1078B000B74000208D3F0020842C00208C3F00200A
:1078C000802C002008B51AF0C8F828B9FFF716FF79
:1078D00010B1024B01221A7008BD00BF8B3F00207F
:1078E000F8B5104DD5F858310446D3B10E4E337863
:1078F000BBB10E4B14201F68FBF7B8FF0128A4EBA7
:10790000070438BF012084420BDB09490A680132B1
:107910000A60084900230A683370C5E9563301320A
:107920000A60F8BD1C310020A63F0020E42C002096
:10793000F82C0020F02C002070B5C4B01C46489BE9
:107940000D4611460BB12D4A13602D4A13680133C1
:1079500013602C4B18702C4B1D7000231A469EB2DE
:10796000B44237D9042B30D1284BB4F5807F1A604C
:1079700029D8274A13785E1C167021B300228DF88F
:1079800008208DF809308DF80A0063BA22460DF1FF
:107990000E008DF80B50ADF80C301AF07EF906345D
:1079A00002ABA4B2009301221A4B01944FF46F4131
:1079B0000920FEF7E9F801210846FEF725F9002124
:1079C000084618F0B7FB44B070BDCE5C013346EA00
:1079D0000222C4E70D4B1A600D4A13785E1C167024
:1079E000002CCAD18DF808408DF809308DF80A00B6
:1079F0008DF80B50ADF80C40D1E700BFBC2C002037
:107A0000C42C0020A23F0020A13F0020C02C002059
:107A1000A33F0020806102002DE9F04186B0FBF712
:107A200005FF0E460746FBF71BFF3D4B3D4D1A6811
:107A3000B2F5803F36BF1A68FF22C2F307228DF8E5
:107A40000C201A68B2F5803F36BF1B68FF23DBB2FB
:107A50008DF80D30344B1A68B2F5803F36BF1A6886
:107A6000FF22C2F307228DF80E201A68B2F5803F7C
:107A700036BF1B68FF23DBB28DF80F302B4B1A6823
:107A8000FF2A96BF1B68FF23DBB28DF81030284B0E
:107A90001A68FF2A96BF1B68FF23DBB28DF81130EE
:107AA000244B1A68B2F5803F36BF1A68FF22C2F332
:107AB00007228DF812201A68B2F5803F36BF1B6886
:107AC000FF23DBB28DF813301B4B1B788DF814307D
:107AD000804601230A22294603A88DF815301AF0A2
:107AE0009EF8D0B10024424623463846314600F085
:107AF0003DFD124B1A6882420FD83C30186003AB30
:107B000003CB1B88286069602B8103AACDE9004460
:107B10000A232146CE20FFF70FFF06B0BDE8F08113
:107B2000A42C00207E3F0020A02C00209C2C0020B4
:107B3000982C0020942C00208F3F0020282C00201F
:107B400070B50D4E16F088FD337804467BB916F0FB
:107B500078FD012105460846FBF708FA284616F08D
:107B600074FD064A01233370136801331360204605
:107B7000BDE8704016F076BDA53F0020FC2C00202B
:107B800070B50D46044617F06EF9074B074E1860A6
:107B9000FFF7D6FF2544AC4200D170BD14F8011B9D
:107BA000304616F0CFFEF6E7E82C0020000001403A
:107BB00008B50B4BD3F81C24C3F82424094A1368D6
:107BC00001331360084A01231370084A137017F039
:107BD0004AF9074B1860BDE80840FFF7B1BF00BF86
:107BE00000A00040002D0020A93F0020A83F002059
:107BF000E82C00202B4AF8B513682B4D2B4E01338F
:107C000013602B691B0606D417F02DF9284B18605A
:107C10000423AB64F8BD284616F08EFE044617F028
:107C200022F9244933880A6801320A60224A23492A
:107C30001470234A10600F78224A9BB217B30027B2
:107C40000F7021490C7054B1117869B10021552C85
:107C5000117009D11D490A6801320A6004E01C4F05
:107C600039680131396012781A4A12889A1A92B228
:107C7000FF2A0DD9184A136801331360174B0122EC
:107C80001A70BEE711780029EED0002CDED1EBE7A8
:107C9000DAB2134901338C5412499BB241F82200E5
:107CA0003380AEE7102D002000000140AE3D0020E3
:107CB000E82C0020142D0020AA3F0020A93F00201E
:107CC0000C2D0020A83F00200A140020042D0020C5
:107CD000082D0020AC3D0020EC2C0020A73F002008
:107CE000AB3F0020182D002038B5084B1860FBF77B
:107CF0009DFD05460C46FBF7B3FD002302462146D9
:107D0000284600F033FC024B186038BDE02C002000
:107D1000DC2C002038B5431E033312D8094C0A4B23
:107D2000044420461D68FFF7DFFF084B084A1C602B
:107D300013680133136025B9BDE838400548FFF7E3
:107D40008FBA38BD80436D38E02C0020D02C002045
:107D5000CC2C00201C310020064A13681BB10649B8
:107D60000B6801330B6000231360044A1370FCF7A7
:107D70000BBD00BF802C0020782C00208B3F002002
:107D80002DE9F74F1546234A136810F0FB0F03F156
:107D9000010307468846136008D01F482B46424619
:107DA000394603B0BDE8F04FFFF770BA052DF4D99E
:107DB000DFF874B0194A8E1CA5F102097488337873
:107DC00064BAA4B204F1040ACA45E6D8CA2B15D194
:107DD000A4B1337912490B70CBB1022B41F270730D
:107DE00018BF4FF4FA63CBF800300023DBF8001023
:107DF0000C48CDE90033FBF7ABFD084AA9EB0404BE
:107E0000A4F10409B9F1030F5644D7D8C5E74FF4DC
:107E10007A73E8E7742C00201C310020D97600002A
:107E200009140020C0330020F010002030B5414B71
:107E3000414A1A608DB0FFF783FE4048404DFDF780
:107E40009FFA40480121F8F74DFC3F480121F8F71F
:107E500049FC0021084601230422F9F7B9FC00235C
:107E6000012211461846F9F7B3FC0FCD05AC0FC43B
:107E700095E80700354D84E8070005A9284616F067
:107E80001DFD00240323AC676B67EB6C43F0040318
:107E9000EB642F4B4FF480521A602E4D2E4928462A
:107EA000FFF75CF92846FFF7A1F90C238DF8143091
:107EB0002A4B2B491B68CDF80D300B68CDF81530D7
:107EC0004B68CDF8193042258B68CDF81D3004225F
:107ED00003AB2146009501208DF80C2018F03DF8E9
:107EE000204B21461870052205AB0095012018F0A3
:107EF00034F81D4B18703023009321461B4B07228A
:107F0000012018F02AF81A4B1A4A187041F27071C1
:107F10002346CDE900441848FBF7D8FCCDE90044DE
:107F2000164A174823464FF4FA61FBF7CFFC0DB011
:107F300030BD00BF18310020BC610200AB40002002
:107F4000E061020000350A00003204000000014038
:107F500000E100E01C3100209C610200826102000F
:107F600087610200081400200714002099610200B4
:107F700006140020C5780000542C0020D97600009B
:107F8000C03300202DE9F043934A944C136885B028
:107F90000133136017F0A6FC914B1870914819F04B
:107FA000F2F9914BC0B21870904819F0CEFB17F05F
:107FB00099FC431EDBB2012B00F20981022811D18A
:107FC00023681BB919F03BFD206028B119F037FD7B
:107FD0002368C01A3B2807D9854B1A789AB100222A
:107FE0001A700EE000232360824D16F03CFF2B68D0
:107FF000C31A002B044606DBC820FBF737FC2044DD
:1080000028600FF01DF87C4B7C4D1A785AB1002285
:108010001A707B4A1368013313601CF01DF8794A0B
:10802000012313702B70784E33785BB1754C237835
:1080300043B119F012FD28B1744B1B7813B1002322
:10804000337023702B7843B119F0F9FC0446FFF725
:1080500055FB002840F00A81287017F043FC0328E4
:108060006B4D40F0278119F0EAFC2B680446002B89
:1080700040F019812860674B1A68A24209D8664A05
:108080000A341C60136800210133012013601BF0C7
:1080900097FF624A624B10681968884214D01268D0
:1080A0001A60604B604A1B78002B00F006815F4B22
:1080B0001B78002B40F0018113780133DBB2022BD7
:1080C000137001D916F040FE594B1A7822B10022E4
:1080D00044481A70FFF7C4F819F0BFFC08B9554BB3
:1080E000187019F0BAFC002849D0FBF79FFB054631
:1080F0000C46FBF7B5FB002302462146284600F05C
:1081000035FA4C4B1D78044695B9012235481A7052
:10811000FFF796F8484A1368013313600321474A72
:108120000423CC20CDE90055FFF706FCFFF774FCD3
:10813000FFF772FC424B1A68A2421AD80F341C6037
:1081400002230024019303AB224600930A213D4BF6
:10815000ADF80C402046FDF717FD01210846FDF75C
:1081600053FD2146204617F0E5FF374A13680133D7
:108170001360364B1B681D2B01D916F0E5FD344FFB
:10818000344E3B78344D8BB116F066FA33880024B8
:108190009BB22B803C7016F065FA124B2F4AC3E954
:1081A00056441368013313602D4B1C702D4CDFF8BF
:1081B000B8800C4F2A88338892B29BB29A427FD102
:1081C00016F051FE05B0BDE8F043FFF789BB084A41
:1081D00000232360137016E7502C0020442C00204D
:1081E000051400201C3100208A3F00203C31002073
:1081F000B3400020402C00208C3F00208B3F00200B
:108200008C2C00208D3F00208E3F0020B7400020A6
:10821000382C0020342C00207C2C0020E03300205F
:10822000302C00200B140020893F0020B640002095
:10823000A43F0020883F0020482C002094610200C9
:108240002C2C002080610200C82C0020E433002088
:10825000A73F0020AE3D0020AC3D0020F02C0020C8
:10826000A63F0020AB3F0020182D0020214E336890
:10827000A3423FF6F2AE17F035FB00287FF4EDAED7
:10828000053428703460FCF77FFAFCF78FFB1A4A3C
:108290001A4B1060196811B91168194A11601A68EF
:1082A00001321A60D9E6C31A3B2B7FF6E4AE16F012
:1082B0004BFDE0E600232B60EBE60023137003E7A1
:1082C0002B88DAB20133A15C58F822908DF80C109B
:1082D0009BB248462B80FFF703FB012203A93846D7
:1082E000FEF78EFF074BC3F80090074B01221A7070
:1082F00060E700BF3C2C0020EC1000204C2C00203C
:10830000E8100020E42C0020A63F002010B50A4C05
:1083100023680A2803F1010323600AD1072A08D938
:108320000B7833B94B7823B98B7813B94868FFF7CA
:10833000F1FC002010BD00BFF033002010B50E4846
:108340009DF80C100368013303600C4B19700C4B43
:1083500049B90C4801240470196012B10A4B5288C3
:108360001A80002010BD18684FF6FE718842F4D8BC
:1083700019680131F0E700BFE83300200C14002039
:10838000E4330020B7400020BE13002010B50346A0
:1083900010B90022104610BD01680029F9D0154817
:1083A00049880268144C01320260144A012010709E
:1083B000134AD87C1180134AB1F57C4F10709A7B18
:1083C000227003D1002AE4D00122E3E7B1F56F4F18
:1083D0000DD1002ADDD09A89197D9B688A4286BF1B
:1083E000521A92B200221944FFF7CAFCECE719298D
:1083F000D0D0CEE7EC3300200D140020B740002091
:10840000C01300200E140020912808B50CD10B4B8E
:1084100000221A7017F066FA28B919F02CFB10B177
:10842000074B01221A7008BD9028FCD1034B012292
:108430001A70BDE80840FFF78FBC00BFB7400020AE
:108440008B3F002030B40B4D2C6801342C600A4C5B
:1084500020700A4C21700A490A700A4A13700123DD
:1084600018B1094A137030BC7047084A137030BC09
:10847000FFF772BCE03300200B140020B640002050
:10848000B5400020B44000208B3F0020B7400020C2
:1084900038B5F8F7DBFC0E480E4D0121F8F722F94C
:1084A0000122012411461046F8F7F2FB224621462C
:1084B0002046C5F88040F8F7EBFB2046C5F884401D
:1084C00022462146F8F7E4FBC5F88840002038BD75
:1084D00030253E0000400E401A4B07B501225A6479
:1084E0001A6842F480721A6001A8F9F703FB9DF83C
:1084F0000530012B03D89DF80430022B0DD9124B07
:108500004FF41872C3F88C22104AC3F89022104A14
:10851000C3F8F0220F4AC3F8F822FAF7DFF9FAF7A6
:108520008FF9FAF7A3F9FFF7B3FF16F0EAFBF7F7B5
:1085300035FFFAF70FFAF7F7F1FF03B05DF804EB38
:10854000FAF7E0BC00000E4000400E409A6F0500B4
:10855000180100040084320808B502F0CDF9024B7E
:1085600000221A7008BD00BFB840002053B94AB9B4
:10857000002908BF00281CBF4FF0FF314FF0FF302B
:1085800000F06AB9ADF1080C6DE904CE00F006F810
:10859000DDF804E0DDE9022304B070472DE9F0477F
:1085A000089D0C46002B4ED194468C458646B2FA67
:1085B00082F262D94AB1C2F12003914020FA03F35A
:1085C0000CFA02FC194300FA02FE4FEA1C471FFA9C
:1085D0008CF6B1FBF7F44FEA1E4307FB141143EA94
:1085E000014304FB06F199420AD91CEB030304F191
:1085F000FF3080F01381994240F21081023C6344C5
:10860000591A1FFA8EF3B1FBF7F007FB101143EA7A
:10861000014300FB06F69E420AD91CEB030300F15E
:10862000FF3180F0FD809E4240F2FA8063440238C0
:108630009B1B40EA044000211DB1D3400022C5E944
:108640000032BDE8F0878B4205D90DB1C5E90001C4
:1086500000210846F5E7B3FA83F1002946D1A34289
:1086600002D39042C0F0F180861A64EB030301202C
:10867000002DE6D0C5E90063E3E7002A40F09180D1
:10868000A1EB0C044FEA1C481FFA8CF70121B4FB44
:10869000F8F64FEA1E4308FB164443EA044307FB7F
:1086A00006F0984208D91CEB030306F1FF3402D20E
:1086B000984200F2CE8026461C1A1FFA8EF3B4FBB5
:1086C000F8F008FB104443EA044300FB07F79F421D
:1086D00008D91CEB030300F1FF3402D29F4200F2E1
:1086E000B1802046DB1B40EA0640A5E7C1F1200629
:1086F0008B4022FA06F71F4320FA06FC04FA01F326
:1087000043EA0C03F44000FA01F8380C4FEA13492D
:10871000B4FBF0FE1FFA87FC00FB1E4449EA044448
:108720000EFB0CF9A14502FA01F20AD93C190EF12F
:10873000FF3A80F08580A14540F28280AEF1020EC2
:108740003C44A4EB09041FFA83F9B4FBF0F300FBEB
:10875000134449EA044403FB0CFCA44507D93C1923
:1087600003F1FF3068D2A44566D9023B3C4443EA9A
:108770000E40A0FB0293A4EB0C049C42CE469C4608
:1087800052D34FD055B1B8EB0E0364EB0C0404FA8E
:1087900006F6CB40CC401E43C5E900640021BDE88D
:1087A000F087C2F1200320FA03F10CFA02FC24FA4C
:1087B00003F394400C434FEA1C4800FA02FE1FFAF0
:1087C0008CF7B3FBF8F008FB1031230C43EA0143AC
:1087D00000FB07F1994208D91CEB030300F1FF36B7
:1087E0002CD299422AD9023863445B1AA4B2B3FB53
:1087F000F8F108FB113344EA034401FB07F3A342F9
:1088000008D91CEB040401F1FF3613D2A34211D99D
:1088100002396444E41A41EA004138E70446EFE6CD
:10882000084605E7C845ADD2B9EB020E63EB070C6D
:108830000138A7E73146EDE7034698E73046D4E72D
:10884000D6467EE7634402384CE706462346084690
:108850000EE7023E63442FE7704700BF08B5064BA2
:10886000044613B10021AFF30080044B1B6803B131
:108870009847204615F0A7FE000000003035002084
:10888000024B0146186800F033B800BFF410002016
:10889000014819F0F6B900BFB9400020014819F0AD
:1088A000F1B900BFB940002070B50D4D0D4C641BEF
:1088B000A4100026A64209D10B4D0C4C1CF000FF61
:1088C000641BA4100026A64205D170BD55F8043BD8
:1088D00098470136EEE755F8043B98470136F2E732
:1088E0005814002058140020581400205C14002054
:1088F00038B50546002941D051F8043C0C1F002B27
:10890000B8BFE418FFF7C4FF1D4A136833B96360AA
:1089100014602846BDE83840FFF7C0BFA34208D91D
:10892000206821188B4201BF19685B680918216013
:10893000EDE71A465B680BB1A342FAD911685018EB
:10894000A0420BD120680144501883421160E0D14D
:1089500018685B68536008441060DAE702D90C239A
:108960002B60D6E7206821188B4204BF19685B682A
:10897000636004BF091821605460CAE738BD00BFB6
:10898000F43300202DE9F04F14469B46C36B87B0AB
:1089900005465B6960680E46012202A99847EB6BA9
:1089A00001225B6903A93046984702A819F03BFDF4
:1089B000074648B10023A37563754FF0FF33A360EA
:1089C000002007B0BDE8F08F03A819F039FD01239E
:1089D000A375237E04EBC303DE611F846368B34287
:1089E0000ED1206003A819F04DFD4FF0FF33207524
:1089F000A360237D043B022B25D80023A375DFE76A
:108A000023681A1A53425341A37503A819F03AFD7B
:108A1000237D834218BFA77503A819F015FD0746EB
:108A200002A819F011FD87421CBF0023A37503A8FB
:108A300019F012FD074602A819F00EFD87421CBF6F
:108A40000023A375D5E703A819F0FEFC80B1EB6BFA
:108A500002225B6904A93046984704A819F003FD77
:108A60000346207D032839D8DFE800F038380409B0
:108A700003A8F3E7237E04EBC303CC221A8401F09E
:108A800037FC109B1870277E03A819F0D1FC04EB6B
:108A9000C70787F82200237E04EBC30303A8B3F8BB
:108AA000209093F8227019F0CFFC804603A819F0AB
:108AB000D3FC8246B8F1000F15D0EB6B02225B6944
:108AC00004A93046984704A819F092FC6075637DAC
:108AD0006BB90023A3754FF0000838E0227E04EB49
:108AE000C2021384CBE703A819F06DFCEEE794F8FB
:108AF0001680B8F1000FEED0B9F1000F09D1DFB147
:108B00000123E375637E002B4FD1012F42D167769D
:108B100014E06B6C06EB0A02594286EA0200084236
:108B20001CBF0021A175591E0A409B1A9945D0D837
:108B3000A37D002BE3D1CEE7E37D43B94FF00008DE
:108B40004B4652463146284619F0F0F9A060A27D06
:108B500012B123694B4423611949237E0978994254
:108B60002AD901332376BBF1000F27D032B3E37D3E
:108B700023B3B8F1000F21D1032F1FD0A1684B1CE4
:108B80001CD0109B0093224601232846FFF7FAFED3
:108B9000A07513E095F8343063B9EB6A0133CFD197
:108BA000032FCDD10123A376C8E7012FCFD0032F08
:108BB000C4D1F7E79846C3E70023A375A07D00E77B
:108BC000705702002DE9F04F8BB00E4604469846D0
:108BD0004FF0FF310023104617468DF8133001F097
:108BE00071FBB6F5801F3BD3B21C53D1E56A6B1CF9
:108BF00057D1616A204619F0DFF80546B31C18BF4B
:108C00000123DFF814910193636A626C0293236875
:108C100002FB053AE36B05A95B69052250469847BC
:108C200005A819F0B9FC19F0DCFC504619F0E4FC79
:108C30004FF0000B824601464B1C05D0636C81EA65
:108C40000A025B42134232D02946204619F0B4F89A
:108C5000029BAB424DD0BBF1000F4DD10546D3E78F
:108C6000314605AA04F1080019F092FB0146481CA0
:108C700010D0384601F026FB0DF1130301223946CE
:108C8000204619F0CEF928B19DF8133088F800304D
:108C9000002003E0237C002BA8D11D480BB0BDE8C9
:108CA000F08F2368ED1A636CB5FBF3F5A6E7484631
:108CB00001F008FB0DF11303019A4946204619F013
:108CC000B0F9034690B1B21C03D0D9F80020B242EB
:108CD0000CD103930F4B9DF8132088F800204946D0
:108CE0001A68384618F0D9FF039B9B46D9F808103C
:108CF000A2E7BBF1000FD0D0B6F5801FC8D298F81C
:108D000000307A68314604F1080001F01FFABFE72D
:108D10000BE000F06C5702001C1D00202DE9F34110
:108D20000E461B4D816A044617469846E36A8B42FD
:108D30002AD04B1C18E0284601F0C4FA0DF10703B5
:108D400001222946204619F06CF930B19DF8072020
:108D5000434629462046B847B0B1A9684A1C05D009
:108D6000012E0AD0E36A9942E5D10DE069682046F8
:108D700019F0AFF8012E0146D8D16B6881EA0302E1
:108D8000636C5B421A42D1D002B0BDE8F08100BFF3
:108D9000F01C00202DE9F041036B07689046826BC0
:108DA0009A4288BF8363426C436A02FB0377C36BBA
:108DB00090B05B690E46052201A9044638469847E3
:108DC00001A819F0E9FB01280146307057D0656C05
:108DD000E26B2368606AD2F814C005FB00300522FC
:108DE00006A9E04706A819F0D7FB01284FF00005B7
:108DF00023D0D4E90A3201219342CDE90B458DF805
:108E000034800E958DF83C102AD11946204619F071
:108E100060F8236B626CE06214339B1A23630C9B33
:108E200053B99DF83C303BB1626A616C2368E06BDA
:108E300001FB023119F068FB0C9DE36B05225B69B5
:108E400001A93846984701A819F0A6FB3070236B9A
:108E5000A26B28469A4288BFA36310B0BDE8F08198
:108E6000237C33B91C490BAA04F1080001F0BEF9B8
:108E7000D5E71A4A0BAB2046FFF750FFCFE7237C1C
:108E800023BB1749224604F1080001F0AFF9616ADB
:108E9000204618F0B2FF616A421C204618F07BFFA2
:108EA000054620B9236B626C1344143B2363A16A0B
:108EB000204619F00EF82368A062C01A636CB0FB5C
:108EC000F3F06062204619F047F8B6E7054A002340
:108ED0002046FFF723FFDAE795980000119800007D
:108EE000AB2002004720020073B50D46D11E4A4256
:108EF0001C461B7E4A419A4226D129682368994222
:108F000022D3636899421FD8114E0DF107033246F0
:108F1000FFF758FEC0B972686B689A4214D19DF889
:108F20000730DA1E53425341227E93420CD16369CB
:108F300001336361D4E90323934205D2A26829680F
:108F400042F8231001332361012002B070BD00BF3D
:108F5000481D00202DE9F04F8BB0DFF858B19A463C
:108F60009DF850300293DBF81030534580460D4693
:108F70001646C0F09980DBF804300193D146B9F170
:108F8000000F00F08D80D8F83C3001985B69012219
:108F900007A9984707A819F053FADBF80030984260
:108FA00040F0858007A819F057FA0428074614D125
:108FB00007A819F058FA019B029A04463B44002A7C
:108FC0003FD1864212D9361A14460199404618F00C
:108FD00080FFA9EB04090190D1E7D8F83C30019853
:108FE0005B69022208A9984708A8E2E7841B544558
:108FF00028BF5446032C03EB0607AAEB040A4FEAEA
:1090000094021CD9D8F83C3029465B693846984709
:1090100024F0030304F003061F441D44002ED4D0A3
:10902000D8F83C3001225B6908A938469847324697
:10903000284608A9354418F030FE0026C5E7264624
:10904000ECE700F00302039203442A180746049257
:109050000593049BDD1B059BD81B039B9F420FD1EF
:10906000002FB2D0D8F83C30012208A95B6998479C
:109070003A4608A9284618F0D2FD78B93D44A4E73D
:10908000D8F83C30012208A95B699847042208A956
:10909000284618F0C4FD08B9043FDAE7DFF8189055
:1090A00048460BB0BDE8F08FDFF81090F8E7DFF826
:1090B0001090F5E7741D002012E000F011E000F0C0
:1090C00022E000F02DE9F0410F4688B016469846A0
:1090D000044660B390F83450FDB1012118F031FE20
:1090E0000E9BCDF80480CDE902379DF83C308DF819
:1090F0001C30237C04960021CDE905118BB90D4964
:1091000001AA04F1080001F071F8DDE90553E06BF4
:10911000002E08BF1D4618F0D6FF284608B0BDE84F
:10912000F081054A01AB2046FFF7F8FDEDE7054663
:10913000F3E700BF75200200E98E00007FB590F8CC
:109140004260019204460DF10B030A463046124973
:1091500018F0C1FF012EE36B054619D15B69324659
:1091600003A998479DF80B10039B019A59B19BB234
:1091700043EA02430393E36B9B69012203A9284658
:10918000984704B070BD1B0C1B0492B21343F1E767
:109190009B69012201A9F3E7741D00202DE9F04F1E
:1091A00099B00F4609920A69416C0E931439D31D88
:1091B000B3FBF1F3013302EBC302036B93420446AA
:1091C000C0F00D820023DFF820940D93E36A07932B
:1091D0001946484601F076F8D7E9033604930E9B0A
:1091E000022B4ED1CC2E40F08A81099B002B42D01D
:1091F0003946204618F0C6FF656C079A14906B1E1E
:109200001340ED1AE36B78685B69012216A9984751
:1092100016A819F019F900280CBF04230823782E8A
:1092200006933DD90123002505934FF0080A3B68BA
:1092300005990E98C9F80030C9F8106019F026F9A0
:109240004FEA9A031093DDF81CB089F8140000234C
:109250000B930F9308930C93616C4A1E0BEA020266
:109260008B1A002E38D05544AB4240D8236B5B1A82
:1092700013442363ABE0049B1B68149308230693F9
:10928000D0E7656C079A6B1E1340782EA5EB03059B
:1092900016D8FB7D7BB9099B002BB3D10423069321
:1092A000331DAB4210D9A6B1082DBBD8042500232D
:1092B0000593AA46BBE7099B002BA3D10823EEE741
:1092C000099B002B9ED1D9E7002505954FF0040A94
:1092D000ADE704250596F9E75345C7D30BEB0A0321
:1092E0000393B046089B002B18BF032313E0A3EBA6
:1092F0000A039E42B0460BEB0A0228BF98469E42E4
:109300000392EFD9D9F810200123964289F817303B
:1093100071D1C9F804B0089399F81730002B6CD0BC
:1093200099F818200899D31C09EBC3030132C3F83C
:1093300004B0A3F80880997289F81820B8F1000FDA
:1093400014D00E9B022B5BD10B9B7BB90F9B43442C
:10935000032B0BD9E36B03989B69012214A998474F
:109360000546002840F03D8101230B93089B0193A3
:10937000059B009399F814203968434616A800F01D
:1093800057FFE36B109A9B6916A958469847051E2C
:109390000D9B18BF5B460D935246434659462046E7
:1093A00018F0C4FD236BC9F8080008F10302A3EB11
:1093B0000A0322F003029B1A2363002D40F011815F
:1093C0000F9BDDF80CB04344A6EB08060F935946FB
:1093D000204618F07EFD00258346002E7FF43CAF2A
:1093E000814A39689368E36252680E9B04F1080071
:1093F00000F0ACFEDEE002238DE7C9F804B09DE783
:10940000099B002B30D1049BB8F1030F43440A930E
:1094100027D9E36BDDE903019B694FEA980298477E
:109420000546002865D118F003025FD0049B28F0A0
:1094300003052B440493039B1D444FF0FF33049911
:10944000159315A818F029FCE36B28469B690122A7
:1094500015A998470A9B04930546002D86D0039BC7
:1094600099E7039D4246E8E7039B0A9307F120032F
:109470001193FB7D78689BB13D7E0C9A0023D9B295
:109480008D4211D9119931F83310914203F1010C39
:1094900026D907EBC3030699D8690A44104403E0B0
:1094A0000C9B069A13441844E36B01225B6915A9CF
:1094B0009847159B13930C9B0A9804330C93E36B0A
:1094C00001229B6913A99847039B0A9A43449B1A5C
:1094D000042B054607D978B9134604330A93C8E725
:1094E000521A6346CBE70A9B0393B6E70A9B0493A1
:1094F0003CE70A9B0493B2E70A9B0393AFE73B4E1A
:1095000004F1080303932368079A606CA2EB030A33
:10951000BAFBF0FA00FB0A3019F06EF8E16A8046F7
:10952000204618F0D6FCA26A82424AD0626CD9F872
:1095300008302568E062511E0B40216B891A0B44EC
:1095400023630D9B5D1BB5FBF2F5AA4536D1079B46
:10955000B3EB080A12D0E36B4FEA9A029B694146CB
:109560009847E36A079A5344E362236B9B1A434488
:1095700083462363039818F0DBFEDA462368616CA8
:10958000E06B01FB053118F0ACFF204618F0E4FB5E
:10959000204618F0E1FC2063BAF1000F11D03A69BF
:1095A000616CD31D1439B3FBF1F3013302EBC30239
:1095B0009042A8D2304619B0BDE8F08F4FF0000AB3
:1095C000DCE73A69616CD31D1439B3FBF1F3013365
:1095D00002EBC302236B9342BFF4F8ADEAE7044EFB
:1095E000E8E72E468CE700BF1C1D002023E000F0BA
:1095F00006E000F02DE9F3471E4643699DF82890E8
:10960000B3420446884617463DD300258DF80750DF
:10961000204618F06DFBD4F830A082450AD2236AA8
:10962000B5EB430F06D200220DF107012046FFF7EC
:10963000B1FB30B39DF80730012B05D100220DF1AD
:1096400007012046FFF7A6FBB9F1030F06D031460C
:10965000204618F038FB256B854218D30D4D4FF08E
:10966000FF31284600F02EFE4B46002229462046B8
:10967000C5E90376C5F8008002B0BDE8F047FFF702
:109680008DBD0135C4E7044802B0BDE8F08703484A
:10969000FAE700BF481D00200FE000F006E000F0F0
:1096A0002DE9F04790F8426086B0012E05460391FF
:1096B000A1EB020715D1B7F5807F28BF03264FF035
:1096C0006408DFF848A100244FF6FF7995F842308E
:1096D000012B14BF322364239C420AD35FFA88F41F
:1096E00015E0B7F5803F34BF012602264FF032085F
:1096F000E7E705AB22465146284618F021FD95F8CC
:109700004230012B059B34D14B452DD1E4B295F865
:109710004230012B0CBF64223222121BB24217D3FB
:10972000012E39D10022012B05978DF8132027D166
:10973000082205A90DF1130018F0B5FE9DF81330AD
:10974000059A42EA032221462846FFF7F7FC40B17A
:1097500002232E4900930968CC2303AA2846FFF769
:1097600049FF06B0BDE8F087DBB203B9023401342B
:10977000ACE7591CCAD09BB2002BF8D10134F6E7F4
:10978000102205A90DF1130018F08DFE9DF813307D
:10979000059A42EA0342D6E7039A0592012B23D1A8
:1097A0000823202205A90DF113008DF8133018F0BD
:1097B0007AFE9DF81320120221462846FFF7BEFCD0
:1097C00095F84230611C012BC9B21AD10028BFD1D3
:1097D000BDF814202846FFF7B1FC0028B8D10234A8
:1097E000BDF81620E1B2AFE71023202205A90DF144
:1097F00013008DF8133018F056FE9DF81320120454
:10980000DAE70028A4D1059A9EE700BF741D002066
:10981000032A2DE9F34106460D4617461C4606D19C
:10982000237A012B23D0012002B0BDE8F081DFF8BC
:10983000608009680DF107034246FFF7C3F96060D5
:109840000028EDD19DF80720237A032AE8D0D8F824
:1098500004106A689142E3D1012B2969D4F80CC045
:1098600007D172690CEB0103934202D92074207C6A
:10987000DAE708316144E1603B460122294630467F
:10988000FFF78CFC60600028CAD00020CCE700BF46
:10989000481D00202DE9F341089C032A266817463D
:1098A00006D1237A012B24D0012002B0BDE8F0813B
:1098B000DFF890800DF1070342463046FFF782F94A
:1098C00060600028EDD12568D8F80400A96AD5F8B1
:1098D00044C0227A4840CCF100031840E1D1012A6B
:1098E00009D1E268D8F8103013447269934202D962
:1098F0002074207CD9E72868EB6A1B1A081AB3FB8E
:10990000FCF3B0FBFCF083420BD1706CF36A421E97
:109910001340326B121A13443363284618F0D9FAF5
:10992000E862D8F81020E36806492068083213443A
:10993000E36001223B46FFF731FC60600028B0D0B5
:109940000020B2E7481D00202DE9F04F4FF0FF3313
:109950004FF6FF72002500F10806C0E9092387B021
:109960000446C3620562056330460F4618F0E0FC0A
:10997000204618F0F1F928BB2046394618F06CFA59
:10998000204618F0E9F928BB8A4D204618F017FB4D
:10999000ECE0E26B2368606CD2F814C001A90522E8
:1099A00000FB0530E04701A818F0F6FD012828D19A
:1099B0002946204618F021FA421C2946204618F074
:1099C000EAF90135E3699D42E3D3204618F0C4F972
:1099D0000028D1D000254FF6FF73C4E908534FF09B
:1099E000FF39CA46A846E369984514D3A5EB090593
:1099F000012D37D8636A4FF6FF72934247D16E4DFF
:109A0000C3E718F0F3FD0028DBD02946204618F004
:109A1000F4F90246D1E72368E26B606C576901A94B
:109A2000052200FB0830B84701A818F0B5FD8346B1
:109A300001A818F088FD0746584618F0D2FD70B10D
:109A40005745236A38BFC4F82480B94503F10103A0
:109A500028BFB946BD42236238BF3D46BA4608F129
:109A60000108C0E74FF6FF7363620025E3699D427A
:109A7000C0D2676C2068E36B05225B6901A907FB14
:109A80000500984701A818F05EFD0135EEE7E26B8E
:109A9000676C2068556901A9052207FB0300A847E8
:109AA00001A818F050FD626A2368606C434D00FB0A
:109AB000023018F0A1FD4FF0FF33A062E3622A46A6
:109AC0000DF103036FF001012046FFF77BF800283A
:109AD00050D1AD68E5622946204618F019F9206397
:109AE00020B9E16A204618F0F4F9E06229462046E0
:109AF00018F0EFF90546A36A9D423DD16569626C95
:109B0000E91C143A2046B1FBF2F105EBC10503351F
:109B1000B5FBF2F518F053FA0235A84280463DD263
:109B2000616A204618F048F90027064604F1400A09
:109B3000474512D3626C236802FB0639E36B0522AA
:109B40005B6901A94846984701A818F0FCFC5346F8
:109B500002464946E06B18F051FD3146204618F0A8
:109B60002BF90137AF420646E2D3154D284607B020
:109B7000BDE8F08FA56AADE72946204618F0C8F881
:109B8000236B0344294607462363204618F0A1F9B6
:109B90000546002FAFD1C4E90B07ACE7304618F0FB
:109BA000C7FB0023074A19462046FFF7B7F80025F0
:109BB000EBE600BF03E000F016E000F0481D0020D7
:109BC00013E000F011200200634A00232DE9F04168
:109BD000176813600E46044618B9604D2846BDE864
:109BE000F08190F834500DB309680268914240F05A
:109BF000AA8071684268914240F0A580B16882688D
:109C0000914240F0A080F168C268914240F09B8090
:109C100031694269914240F09680B169C26B9142CC
:109C200040F09180726982611D46D7E75022294633
:109C3000D0F8388018F01DF83368236073686360CB
:109C4000336963617369A361D6E9021204F1080004
:109C5000C4F8388018F07EFBB369E36304F1400078
:109C60009B68984794F8432020B1E561002AB4D05E
:109C70003B4DB3E7656C002DF7D06668B6FBF5F396
:109C8000E361002AA9D0B542F2D82268B2FBF5F10F
:109C900005FB1122002A58D105FB1363002B54D178
:109CA000204618F025F8A369043303449E424ED39E
:109CB000636940F63472CC3B93424AD8B5F5007FD5
:109CC000D6D30321204618F03CF8E36BD4E9000119
:109CD0001B689847E36B0546DB68022098471DB177
:109CE000002384F834301EE039462046FFF72CFE6E
:109CF0001C4B9842054604D139462046FFF724FE06
:109D00000546636C143B002DEAD1226A204602FB13
:109D100003F617F0EDFFA369043303449E4206D215
:109D200084F83450104DE06B18F0CDF956E70F4A27
:109D3000012384F834301368D4E90001013313603F
:109D400014F079FCEFE70A4D48E70A4D46E7064D67
:109D500044E7094D42E700BF3835002009E000F034
:109D600004E000F013E000F002E000F034350020E1
:109D700008E000F001E000F005E000F02DE9FF410F
:109D80000F4690461E46054698B390F8343093B37C
:109D9000B1F5801F31D21A4C022117F0D2FF2246B2
:109DA0000DF10F0339462846FEF70CFF024678B145
:109DB000012300934246334639462846FFF71AFCF2
:109DC0000446E86B18F07FF9204604B0BDE8F08146
:109DD0009DF80F30012BEBD12169B142E8D10093FE
:109DE000414633462846FFF7B5F804460028DFD140
:109DF000E7E7044CE8E7044CE6E7044CE4E700BF7F
:109E0000741D002009E000F007E000F00AE000F017
:109E10002DE9FF410C4616461F46054688B390F8CB
:109E2000343083B3B1F5801F2FD2DFF87C8001215D
:109E300017F087FF21460DF10F0342462846FEF733
:109E4000C1FE044670B99DF80F30012B11D1D8F82E
:109E50001030BB4213D10090024631462846FFF72E
:109E600079F80446E86B18F02EF9204604B0BDE8F6
:109E7000F081074C074A022B08BF1446F2E7064C54
:109E8000F0E7064CF1E7064CEFE7064CEDE700BFC4
:109E90000BE000F00CE000F011E000F009E000F051
:109EA00007E000F00AE000F0741D002070B586B0F5
:109EB0000E4603920546A0B390F834309BB3B1F53B
:109EC000801F32D2022117F03CFF194A0DF117030F
:109ED00031462846FEF776FE044618B99DF817303D
:109EE000032B0ED10223009303AACC23314628462C
:109EF000FFF780FB0446E86B18F0E5F8204606B053
:109F000070BD022B0BD10A49284618F03BF9039982
:109F100081420246EFD02846FFF7C2FBEAE7054C34
:109F2000E9E7054CEAE7054CE8E7054CE6E700BF42
:109F3000741D00200DE000F009E000F007E000F0E3
:109F40000AE000F073B50C461646054630B390F8AB
:109F500034302BB3B1F5801F24D2012117F0F1FE6C
:109F60002146114A0DF107032846FEF72BFE044651
:109F700080B99DF80730032B0CD0022B0CD10A4975
:109F8000284618F0FFF83060E86B18F09CF820467F
:109F900002B070BD054CF7E7054CF5E7054CF6E758
:109FA000054CF4E7054CF2E7741D00200BE000F0CF
:109FB0000DE000F009E000F007E000F00AE000F03A
:109FC000F7B50C461646054668B390F8343063B3CF
:109FD000B1F5801F2BD2022117F0B3FE154A0DF107
:109FE000070321462846FEF7EDFDC0B99DF807306E
:109FF000032B14D0022B14D10E49284618F0C2F8B6
:10A00000471C024639462846FFF74AFB044606B17C
:10A010003760E86B18F057F8204603B0F0BD064CE7
:10A02000F7E7064CF5E7064CF6E7064CF4E7064C76
:10A03000F2E700BF741D00200BE000F00DE000F01F
:10A0400009E000F007E000F00AE000F02DE9F3413C
:10A050001F4600230C4616463B60054650B390F859
:10A0600034304BB3B1F5801F28D2DFF86480012172
:10A0700017F067FE21460DF1070342462846FEF71A
:10A08000A1FD0446A0B99DF80730032B10D0022B88
:10A090000AD10123336004233B60E86B18F013F806
:10A0A000204602B0BDE8F081D8F810303060F3E708
:10A0B000034CF2E7034CF3E7034CF1E7034CEFE703
:10A0C0000BE000F009E000F007E000F00AE000F02B
:10A0D000741D002030B50C4685B0054628B390F8B5
:10A0E000343023B3B1F5801F23D2022117F029FEAB
:10A0F0000DF10F03104A21462846FEF763FD034683
:10A1000088B99DF80F20032A0DD003220092214622
:10A1100002462846FFF76EFA0446E86B17F0D3FFB5
:10A12000204605B030BD054CF7E7054CF8E7054C77
:10A13000F6E7054CF4E700BF741D00200BE000F0CB
:10A1400009E000F007E000F00AE000F02DE9F0433C
:10A1500046688EB3056898464FF0000CA946AE4697
:10A1600055F83C40C4F3130701340CF1010C01D045
:10A17000B94218D066450EF1080EF1D12F460024E1
:10A1800003E0A64207F1080713D055F83430013335
:10A1900004F10104F5D1C1F3130141EA0851C7E903
:10A1A0000012BDE8F08341EA0851CEE90012BDE893
:10A1B000F083B8F1030F03D101230372BDE8F083EC
:10A1C000002303E09E4209F10809F5D055F8334019
:10A1D000C4F30754032C03F10103F3D1C1F31303B8
:10A1E00043EA0853C9E90032BDE8F0832DE9F043A2
:10A1F000476883B0CFB1064688469146002433684D
:10A2000053F83450C5F30752C5F31301013503EB7E
:10A21000C403304604F1010405D05B68CDF800901A
:10A22000C04710B17768BC42E9D303B0BDE8F08302
:10A2300073B5044622489DF81850012A00EAC1115E
:10A2400023F07C4007D9961E012E28D9073303F04E
:10A250007F03194308E09DF81C30DB060A4303F036
:10A26000C053134343F060410023C4E900108DF84C
:10A270000730B5B1202221460DF1070018F013F97F
:10A280001A220DF10700211D18F00DF963689DF8E1
:10A29000072043EA82636360082002B070BD114367
:10A2A000E2E71B220DF10700214618F0FCF82368B5
:10A2B0009DF8072043EAC26323600420EDE700BF56
:10A2C00080FFFF0738B5094B04461A680D46002188
:10A2D00017F0CFFC00234FF0FF322383C4E90025A1
:10A2E0002361A260E382A37638BD00BF6C570200F1
:10A2F0000138C0B205289ABF014B185C0120704795
:10A30000FC6102002DE9F0410E46596888B007460D
:10A310001546490A0024012922464FEA510104F159
:10A320000104F8D8DC7899781B882403C90201F469
:10A33000006104F480540C43C3F30A035203234422
:10A3400092B29C18284B03934FF0000825F07843F5
:10A3500002A90DF107001B2202938DF8078018F067
:10A36000A2F89DF80720029B8DF80780ED4343EA91
:10A37000C26302A90DF1070025F078451B22049362
:10A38000029518F090F89DF80720029B6FEA0444AC
:10A3900043EAC26305936FEA14444FF0FF33069318
:10A3A0000794BB6907A9012206F110009847BB6911
:10A3B00005A90446012206F108009847BB694045FB
:10A3C00018BF044604A90122301D9847BB694045C7
:10A3D00018BF0446012203A930469847404508BFEC
:10A3E000204608B0BDE8F08101009AB2431E033355
:10A3F00006D8044B984228BF1846642838BF64200A
:10A40000704700BF40420F00F8B5054614F019F937
:10A410000F4B1E68074626B9384614F016F9344625
:10A4200011E0B4688CB194F810C01CF0010F0CD18D
:10A4300095E80F004CF0010C84E80F0084F810C080
:10A44000384614F002F92046F8BD3668E3E700BF4D
:10A450004811002038B505460C4641B10B6833B1B0
:10A460001B68013303D0CB680BB18B684BB918F074
:10A4700054FABDE838404FF492724121002000F0B8
:10A48000BBB9084600F008FC0023044A85F8DC301C
:10A49000C5E92343C2E9003338BD00BFB014002032
:10A4A00010B5044618B9054B054A136010BD03F0FA
:10A4B0008BFFD4F89830002BF6D1F4E73126020058
:10A4C00044110020014B1868704700BFB0140020F1
:10A4D00010B50C4603F0B6FF054B00215B68032066
:10A4E00098471CB105F0B4F80128FBD110BD00BF9E
:10A4F0005011002008B502460868FFF777FF086092
:10A500004868FFF773FF48608868FFF76FFF88604F
:10A51000C868FFF76BFF0B69C860581C03D00B4875
:10A52000834228BF03460B614B69581C03D0074880
:10A53000834228BF034688694B61FFF757FFBDE898
:10A5400008408861104604F0D9BD00BF40420F00AA
:10A550002DE9F84FD0F8903006460F4613B1038B23
:10A560008B4244D0D6F88CB0BBF1000F42D0DBF860
:10A570000830002B3ED0DBF80C1000293AD0D6F87A
:10A58000A0A0BAF1000F38D04FF000094D46C846E0
:10A5900001E0DBF8083005EBC50203EB820401356E
:10A5A000E389BB4214D8238ABB42304610D3B4F9A6
:10A5B0001220B6F924309342A04653DD96F8D0100D
:10A5C000F7F72CFB337D834281464BD9DBF80C1027
:10A5D0008D42DED3B8F1000F3ED00023424619462B
:10A5E0003046D0473783C6F8908086F8D99000204F
:10A5F000BDE8F88F0320BDE8F88FD1465446524697
:10A6000047F6FF7504EBC40803EB8808B8F80E3072
:10A61000BB421BD8B8F81030BB4217D3B8F9122090
:10A62000AA4207D14FF0FF093783C6F8908086F819
:10A63000D990DCE796F8D0103046F7F7EFFA337D83
:10A64000834281464246EFD9DBF80C100134A14227
:10A6500004D9DBF80830D5E70120C9E7002AFBD090
:10A660009046E1E7A046B8E72DE9F04782B00446FE
:10A670008946164604F0BAFF3B4D08B100236B60D3
:10A680002B68D4F88CA0D4F890700BB153454BD004
:10A690004FF00008C5F8089004F0DAFF012836D121
:10A6A0002B68DAF800103A6813B11868884246D06F
:10A6B000204618F05CFBC5E900A7D4F8A0508DF83F
:10A6C0000760002D42D000220DF1070311462046FD
:10A6D000A847204604F0E4F90546B8F1000F00D081
:10A6E0008EB1B5FA85F040F2DE324009332100F038
:10A6F00083F83146204604F0B3FB1C4B05461B682B
:10A70000394620469847284602B0BDE8F087012028
:10A7100003F098FE164B00215B680320984704F075
:10A7200097FF0128FBD1BBE76B68002BB0D0BB4281
:10A73000AED1AB68994514D04FF00108AAE769681B
:10A7400011B109689142B6D05968B1E7217D94F8FA
:10A75000D930994228BF19463246204604F074F990
:10A76000B7E70025CFE700BFB01400204411002058
:10A7700050110020F8B505460E4613F062FF314631
:10A7800007462846FFF7E4FE044620B1384613F09A
:10A790005CFF2046F8BD04F00BFF224631462846F8
:10A7A000FFF762FF04460028F0D195F91030002B26
:10A7B000ECDA284618F0B6FB0028E7D02246A97D3F
:10A7C000284618F001FB0446E0E700BF13B5044635
:10A7D000694618F00AF8204618F02AFAFF280246BF
:10A7E00006D09DF800102046F7F798FA02B010BD89
:10A7F0000048FBE70080FFFF08B550B90548064B4D
:10A8000001601A60054B1A68054B1A60186806F05B
:10A8100053FD08BD4C1100204035002010360020AB
:10A820003C3500202DE9F0411B4A8AB001AC0546B9
:10A830000B4602F1200C274610685168264603C6D5
:10A84000083262453446F7D1002B08BF3B461068FA
:10A850003060002703F10C061C46384690B95FFAB9
:10A8600087F821884246284618F0F5FA50B9E18861
:10A870004246284618F000FB20B942463146284699
:10A8800018F00CFB0137032F06F1080604F102044F
:10A89000E4D10AB0BDE8F08118620200F0B589B0D9
:10A8A00005460E4618F009FB044600BB06F10C07EE
:10A8B0000FCF01AC0FC497E8070084E8070001A997
:10A8C0002846FFF717FE311D284618F05EFB0446A8
:10A8D00048B90849284604F0D3FB044618B928466D
:10A8E00004F03EFF044631682846FFF79BFF2046F0
:10A8F00009B0F0BD10620200014917F0DCBF00BFD3
:10A9000031F7000070B5164E0328337804460D4623
:10A910001ED023FA04F202F00102AA421DD053B164
:10A920000122A24023EA0203A5402B43DBB233708D
:10A930004BB1012070BD2DB10A4B01201B68984717
:10A940003378EDE73570074B00201B689847F0E738
:10A950009A07DED003F0FC03E9E7002070BD00BFDA
:10A96000BA4000208035002038B504460D4604F07A
:10A97000B1FF60B104F050FE48B9012D07D80120A5
:10A9800018F044FA0D4B1B6823B15B6898470C4BD9
:10A990001C7038BD14F067FA0A4B1A68801A1860E8
:10A9A000F9F70EF8084B1B684FF47A7202FB00307F
:10A9B00017F07FFF012004F037FEE8E700360020A3
:10A9C00010140020783500207C350020F8B5124F97
:10A9D00005460C4613F035FE3B78064633B1012D93
:10A9E00004D01CB90D48F8F78FFE3C70214628466C
:10A9F000FFF788FF0A4B1B7804463BB93B782BB91D
:10AA000018F0D7F910B1074B1B689847304613F080
:10AA10001CFE2046F8BD00BFBB400020543500207E
:10AA2000BA40002050110020054A0B46117831B180
:10AA300000211170034A18785268012110477047AD
:10AA4000BB40002050110020124B0239012910B5E3
:10AA500018701ED804F03EFFD8B104F0DDFDC0B17F
:10AA600004F0ACFBA8B90C4B1C6834B123689847C0
:10AA7000BDE81040002018F0C9B917F018FF074BC7
:10AA8000186014F0F0F9064B1860204604F0CCFD75
:10AA9000EEE710BD10140020003600207C350020A9
:10AAA0007835002038B5044680B113F0CAFD012185
:10AAB00004460846F8F75AFA012108460A4A14F0F3
:10AAC00084F92046BDE8384013F0BFBD13F0B9FD4E
:10AAD000214605460120F8F749FA0120024A21469D
:10AAE00014F073F92846EDE73C620200F0B5324DF0
:10AAF00085B013F0A6FD2B78044623B12F48F8F754
:10AB000003FE00284AD1F8F7ABFE02AA03A918F009
:10AB10003AF90346002832D018F049F9029B9842CE
:10AB20001ED10020264B03991B68264E9942307097
:10AB300021D9C91A00270123CDE900771F482B70BE
:10AB4000214A334614F06BF900282FD11F4A13789D
:10AB5000D90717D4204613F078FD002005B0F0BDCA
:10AB600018F023F9029B98421ED0154B154A1B681A
:10AB70000393002010700121FFF7C4FEEAE720468E
:10AB80002B70E8E731780029E4D103F0FE0313705D
:10AB9000002BDFD10E4B1B689847DBE7204613F0F4
:10ABA00054FD032005B0F0BD0220BBE7032320467F
:10ABB0002F703370F3E700BFBB40002054350020F6
:10ABC000743500200F14002029AA0000BA4000208C
:10ABD0008035002038B5134D13F033FD2B78044633
:10ABE000C3B9114A11491370114B124A1A60124825
:10ABF000124A5A60F8F734FA11491248F8F730FA55
:10AC0000114B124A1A60124B1B68124B02221A6037
:10AC100001232B70AFF30080204613F016FD0020B7
:10AC200038BD00BFBC400020BB4000204462020091
:10AC300050110020EDAA000044350020CDA90000ED
:10AC40004C6202004C35002080350020A5AA00008F
:10AC500000300E4074350020431C08D0044AD2F85E
:10AC60003C311B0C1B0480B20343C2F83C317047DB
:10AC70000040084030B5074B85B00C46D3F8C050B3
:10AC800000950022694617F034FE0CB100B925602A
:10AC900005B030BD0081E00F054BD3F8B400431C74
:10ACA00014BFC0F380700120A6223121FFF7A4BD9C
:10ACB0000081E00F034B1A689B88026083800020AC
:10ACC000704700BFC21300200F4B0628D3F888310D
:10ACD00004D183F40013C3F340507047022805D118
:10ACE00013F4400F0CBF01200020704750B9074AF1
:10ACF000D2F8D40010F0010005D083F48003C3F330
:10AD0000805070470020704700400E400081E00FE7
:10AD10000C4A5288B2F5E16F94BFC8225A2210B58E
:10AD200094BF7824502490428CBF172210220A70BE
:10AD3000054A0346107818B19C422CBF0020012020
:10AD400010BD00BFC21300201414002013B5234B04
:10AD50001B780E2B04463ED00DF10701FFF7D8FFFC
:10AD60001E2C8CBF1E4C1F4C9DF807304FF001026B
:10AD70008CBF01210021C4F8082170B1194A4DF699
:10AD80000174C2F804411B0202F1007243F4404313
:10AD9000C2F80431144AA2F8D430134A134C92F882
:10ADA000D83023F00103034323F0020343EA4103B5
:10ADB000DBB282F8D83024786CB923F0040343EA7C
:10ADC000800323F00803B2F8D440A2F8D64043EA47
:10ADD000C10382F8D83002B010BD00BFC2130020FA
:10ADE0000040084600400844001F0021BF400020EA
:10ADF000084B094AD3F88831DB4303F4FE1343F4CC
:10AE00000053B3FA83F30E33A3EB4313013B1370E8
:10AE1000704700BF00400E401314002002280CD0E1
:10AE2000062802D020B100207047054B18787047E3
:10AE3000034B18780430C0B270470720704700BF3A
:10AE4000131400202DE9F7433A4E3B4F96F800903B
:10AE500015463A4AD2F8C820B9F1020F044688468E
:10AE600007EA02071AD147EA006788F800000023C2
:10AE700072882B60B2F5E16F94BFC8225A2227F482
:10AE80007F57944227F008079ABF380A00F47F5092
:10AE900043F6C870384303B0BDE8F083284A1278FF
:10AEA000904228BF144604EB83030B70F4B1013CBD
:10AEB000E4B24FF030632B606A4601A9204617F0D8
:10AEC00051FDDDE9002347EA03671E4B98F80010A7
:10AED0001B7847EA823747F47F5747F008073BB9AA
:10AEE0000029194B18BF4FF07F43C1E7164BE2E72B
:10AEF000164B1748B9F1060F08BF03462AB90029B7
:10AF0000114B18BF4FF07F43B2E7B2FA82F2C2F1A1
:10AF10001F02D2B29B5CDBB239B15A1ED2B2FD2AFB
:10AF200005D81B0643F00403A2E7074BA0E74FF048
:10AF30007F439DE7C21300203F00C0E0001F0021B7
:10AF400013140020C04000200400000BB883E00F61
:10AF5000B083E00F2DE9F3410446C820FFF7F6FE69
:10AF60002B4B2C4E18780E2801D0FF2C05D1FF2436
:10AF70003470204602B0BDE8F08102282DD1072CA4
:10AF8000204628BF072001284FF0000301AA0DF139
:10AF9000030138BF0120FFF755FF05461E4B1F4F29
:10AFA000DDF80480C3F85881C7F8C8509DF8034005
:10AFB00034702046FFF7CAFE194A4FEA082303F40B
:10AFC000E063127843EA1863A7F8D030002AD0D1A2
:10AFD000C7F8CC50A7F8D230CBE7A0B9052C32BFC8
:10AFE000002701270420201A3B4601AA0DF1030186
:10AFF000C0B2FFF727FF4FF48003054637B1094A77
:10B00000C2F80831CAE700273846ECE7064AF7E7F6
:10B01000C21300201514002000400840001F00212A
:10B02000BF400020004008460040084408B501F039
:10B03000C1FA094B094A002818BF1A46136823F4BD
:10B040007F115B0803F4FE130B431360044B4FF0B6
:10B050000072DA6108BD00BF004108401841084095
:10B060000040084008B501F0A5FA064B4FF4001265
:10B0700028B1C3F800214FF000621A6208BDC3F87E
:10B080001821F8E700400844014B1868704700BFDA
:10B0900084350020436C012B38BF01232DE9F04794
:10B0A0009A46464B464F9B69464E474D03F4E07324
:10B0B000A3F5C0728046454851425141026852454D
:10B0C000434A0FD114788C420CD198F8D0C03C7808
:10B0D000A44507D198F815C03478A44502D1A888B2
:10B0E000BDE8F087B3F5C07FC0F800A011704AD169
:10B0F000D8F8944024B12368082B58D994F83840E4
:10B100000F21204617F010FCBAFA8AF3002852D01B
:10B11000B0FA80F29B1A002BC6BFD840C3F10F09CA
:10B120004FF00F09504501D909F1FF39234B200495
:10B13000C3F8BC0003F1806340F6FF72C3F8B82087
:10B1400003F100734FEA0921C3F8B81017F01DFC92
:10B15000A88000F02BFF09F01F094FF4FA7304FADE
:10B1600009F45C4341F66A03B0FBF3F00A23B4FB35
:10B17000F0F45C43174B1C6098F8D0303B7098F8A3
:10B1800015303370ABE798F8D030062B06D1124B50
:10B190001B78002B0CBF9624C824B1E7022B08D0E3
:10B1A0000D4B1B78002B0CBFB424F024A8E700241F
:10B1B000A6E73224A4E74FF00F09B7E70060084084
:10B1C0001214002011140020C21300205811002076
:10B1D000C240002084350020C040002070B50646E3
:10B1E0000C46154617F09EFE58B3F27CD31E012B79
:10B1F0001ED9112A03D81D4BD340DB0718D41C4B92
:10B200001C4AC3F8502103F100730022C3F85021F7
:10B210000025174B40F2F712C3F850212B01164AB4
:10B2200003F4F87305F007052B43C2F850311AE018
:10B230000F4B104AC3F8502103F100734FF444023E
:10B24000E4E7FF2C0DD00A4B0A4AC3F8502123042F
:10B250002405094A03F4E02304F0F8742343C2F8F8
:10B260005031FF2DD5D1002070BD00BF84F6030002
:10B27000004008440000F70100400846F8B5134BB1
:10B28000134E1F68134D384601F080F93378C4B26D
:10B29000A34201D12B78A3B1092C14D80E4B012C59
:10B2A000195D05D10D4B1B78022B01D141F04001F6
:10B2B00001F00F0238460909FFF790FF00233470B0
:10B2C0002B700020F8BD0024FA21F1E71036002091
:10B2D000BE400020BD40002054620200C213002086
:10B2E00038B5044600F00AFE142200212E4816F05C
:10B2F000C0FC2E4B25781A782D49521B18BF01220D
:10B300000A7022681A60C820A2889A80FFF71EFD82
:10B31000284BD3F8C820284BFF211970274B284908
:10B32000062D03EA0203274A1AD14FF4EE40C2F871
:10B3300024014FF48A42C1F82421012243F08043C2
:10B34000C1F820211B4AC2F8C8301E4B0322C3F8A3
:10B350005821FFF793FF1C4B01221A70002038BDC3
:10B36000022D4FF007000ED1C2F80C010620C1F8E3
:10B370000C011649C2F808114FF4404143F0030391
:10B38000C2F80411DEE7C2F80C010520C1F80C0177
:10B39000C020C2F8080143F08043812243F0040337
:10B3A000C1F80821CEE700BFC81F0021C21300204A
:10B3B000BD400020001F0021151400202800C0A05F
:10B3C0000040084600400844C1400020C100400041
:10B3D000014B1870704700BFC040002073B5264B6A
:10B3E000044618780E2841D0FF2C42D000283AD1CC
:10B3F000052C32BF002301230420201A01AA0DF1DD
:10B400000301C0B2FFF71EFD1C4EC6F8CC00019A26
:10B4100096F8D850130203F4E06343EA1263A6F8E7
:10B42000D2309DF803400DF102012046FFF770FC79
:10B4300005F0FB051E2C45EA800594BF002301237F
:10B4400025F0080545EAC30586F8D8509DF8022086
:10B450000B4B43EA0223A6F8D6300123094A2046C3
:10B46000137002B070BD00231846C6E70023FF2406
:10B47000F4E70023F2E700BFC2130020001F002101
:10B4800000C0FFFFBF400020104A114B0020187081
:10B49000D2F8C830C2F8CC30B2F8D030A2F8D230EE
:10B4A000B2F8D430A2F8D63092F8D83003F0FB03CB
:10B4B000990001F004010B4303F0F703990001F038
:10B4C00008010B4382F8D830704700BF001F0021ED
:10B4D000BF4000202DE9F0472D4C2E4B236000F09B
:10B4E00065FD4FF4FA7307464FF47A76B0FBF6F633
:10B4F00029482A4A7343190E1B02181841F100010A
:10B500000023FDF733F8A0F580730546A36220B948
:10B5100066222B21FFF770F901254FF47A726A43F6
:10B520004FF0000A534650083102FDF71FF81C4B3C
:10B5300019601C4BB7F57A7F4FEA056889460446C7
:10B5400018604FEA152505D276222B215046FFF7C9
:10B5500053F901264FF47A73A8FB030103FB05118D
:10B560007308C01841F1000100233246FCF7FEFFCA
:10B570000D4B023419600D4B49F10009A408186005
:10B5800044EA8974024B013C1C63BDE8F08700BFAC
:10B59000005008400211010020A1070040420F00A6
:10B5A00094350020903500208C350020883500200F
:10B5B000044B4FF00052C3F880211A60024B012265
:10B5C0005A60704700E100E000500840074B4FF020
:10B5D0000052C3F88021C3F88020BFF34F8FBFF320
:10B5E0006F8F034B04225A60704700BF00E100E0F8
:10B5F0000050084010B50446A242A2EB0000A3EBA5
:10B60000010104D2034B1B6B01331844013901F0D3
:10B61000030110BD0050084038B502010A4B012556
:10B620009D500A4A4FF4807383405366044613F0DA
:10B6300008F8074A1378A54023EA05031370BDE80C
:10B64000384013F002B800BF0051084400500840D1
:10B65000C34000202DE9F0471546044688461E46A3
:10B6600012F0EFFF022D00F0B880074612F0F4FF51
:10B670006C4B6D4AD3F8189092F815A0DA6D5FFA0A
:10B680008AFA520744BFD3F818900AF1010A12F05F
:10B69000E9FF664B664A1B6811684FEA8A7CA3FB88
:10B6A000093213F1004301FB09CCD8F800304CEB10
:10B6B000020C012D04BF01336344ACEB030C08BF43
:10B6C000C8F80030BCF1804F0AF0030AC0F098803F
:10B6D000584AD2F800C0584AD2F800E0514A23F044
:10B6E0004041106B4FF000480022ECFB01820EFB42
:10B6F000012282424FEA937381BF01330130121A53
:10B7000003F00303A3EB0A03914588BF4549DFF823
:10B7100048C184BF096B03F1FF3303F003030CF846
:10B720000430A2EB0900A3B1F10742BF434B41F63D
:10B730001F71D966B30742BF404B4149D9667107B3
:10B7400042BF384B00211967330742BF354B0021F8
:10B750001965344B04F1100103EB041E0901CEF806
:10B760000C2111225A5037499A694FF0010EA2EB71
:10B77000090A0EFA04F8D3F85C900A785FFA88F8A0
:10B7800048EA020282450A7026D34FF48072A24032
:10B7900019EA020F20D11CF8040000283FD10DB394
:10B7A000F0071A6608D5254B274941F61F7240F26B
:10B7B0000110DA66C866DA66B10706D51F4B224962
:10B7C0001F4A2248DA66C866DA66720742BF204B13
:10B7D00001229A60330719D4384612F036FF01204F
:10B7E000BDE8F0871B48240140F804E05A6612F0D7
:10B7F00028FF14490B7823EA08030B7012F025FF89
:10B80000384612F022FF0020BDE8F087212000F02A
:10B81000B9FA044B4FF480325A603846DDE71A66B5
:10B820003846DAE700500840CC3500208835002043
:10B830008C350020903500209435002000500844BD
:10B8400000001F1FC34000200050084600000101F7
:10B850000040084000510844C4400020024B1878C2
:10B86000003818BF01207047C34000201030034B40
:10B870000001185800F00100704700BF0050084058
:10B880001030044B01F46001000141F00301195034
:10B89000704700BF0050084038B512F0DDFE084B7D
:10B8A000084A9D69547DDA6D520748BF9D69E4B22C
:10B8B00048BF013412F0D6FE284604F0030138BD1B
:10B8C00000500840CC35002038B50B4B03EB00127C
:10B8D00010300001D2F80C411D58FFF7DDFFAB0717
:10B8E00006D5844200D90139204601F0030138BD54
:10B8F000844238BF0131F7E70050084070B5184C5A
:10B90000E66B26BB202000F03DFA164B10251D608B
:10B9100002F0DCFA144B8022C3F8802101F082FC93
:10B9200038B132460020082102F088FC0F4B6566D2
:10B930009D660F4A536803F07063B3F1807FF9D9B5
:10B94000074B0C4ADA6641F201421A6770BD01F0FA
:10B9500069FC0028F4D0054A074B63669366EFE75D
:10B96000005008400040084600E100E00050084652
:10B9700000400840011B01181000000208B52120FA
:10B9800000F000FA024B4FF480325A6008BD00BF4D
:10B990000050084008B5222000F0F4F9024B4FF4A3
:10B9A00080225A6008BD00BF00500840064B1B684B
:10B9B000434303EB8171054B1B68A3FB003013F17C
:10B9C000004341EB000070478C3500208835002093
:10B9D0000D4A10B5146820F0404301464FF0004274
:10B9E0000020E4FB0320094A126802FB0300084B15
:10B9F0001B6B98424FEA917104D901330131C01A8F
:10BA000001F0030110BD00BF9035002094350020E7
:10BA100000500840F8B5064603F0FEFD044608B1A4
:10BA2000FFF7D4FD084D094F00232B6130466B61B1
:10BA3000AB617B75FFF7CCFFC9B27975A8610CB11A
:10BA4000FFF7B6FD0020F8BD00500840CC350020BF
:10BA50002DE9F041224F0646386820F4700040F48A
:10BA6000A00038609DF81C401D1E9DF818304FEA5C
:10BA7000042444EA036444EA021408BF002144EAAF
:10BA800005440C43FC64D7F82C80B8F5803F40F2A5
:10BA9000B5224FF018012CBF00200120FEF7ACFEAC
:10BAA000C7F83880CDB10F4BB468D3F88030412C43
:10BAB00038BF41245B0606D500F02CFB18B10A4BB9
:10BAC000B3FBF0F31C442046FFF782FF01308045B2
:10BAD000034B3ABF0022DA63D863BDE8F08100BFB0
:10BAE000005008400070084000093D00F8B5184DAE
:10BAF000AB691B04044626D500F0F2FBAB6913F0DA
:10BB0000787FA0FB04464FEA9367C3F34450C3F326
:10BB1000044505D140F25E422B21FEF76DFE012067
:10BB2000AD01B5FBF0F010EB871005D140F2634298
:10BB30002B21FEF761FE01200246002320463146FC
:10BB4000FCF714FDF8BD00F0E5FAA0FB0401F9E7ED
:10BB50000070084030B50C4C02460120A0F12003D3
:10BB6000C0F1200524FA05F504FA03F32B4304FA87
:10BB700000F595428B4100D330BD0F2801D0013034
:10BB8000ECE7FF20F8E700BF40420F0010B50C467D
:10BB9000FFF7ACFFC30943EA4163C01A61EBD1115F
:10BBA000FFF7D8FFFF2814D00C4B0F22C3F88020DA
:10BBB00003F1007340F01000C3F8800003F17A43F2
:10BBC0009B69DBB2802B06D02046BDE8104000F018
:10BBD00073BB012010BD0220FCE700BF00700844C9
:10BBE0003B4B082270B501210546C3F8C8203948EF
:10BBF000394CF4F777FD394B1D702378013B012B4D
:10BC00000CD8237CE07B01229A400C21302313FBCB
:10BC1000001303F1884303F520431A60304B0022E0
:10BC20005A677DB92F4A4FF6FF71D16702F1007252
:10BC3000F821D1675D672C4B4FF08042C3F8942008
:10BC4000002070BD636853B300F0B0F9626800EB88
:10BC50005203B3FBF2F3013B1B0243F0F8032678D7
:10BC60002049224A022E1CD0032E1D484FF6FF7594
:10BC700021D0012E27D143F00203CD67D3670723DC
:10BC80004367237CE07B01229A400C21302313FB85
:10BC9000001303F18C4303F520431A6011E0F823ED
:10BCA000DDE743F001034FF6FF70C867D3670C4B25
:10BCB00005225A67E5E743F00503CD67D367012303
:10BCC00043670B4BB8E7CD67D3670023F8E700BFA6
:10BCD00000400E4600350A0098350020C94000207B
:10BCE00000000840000008440040084400000846E6
:10BCF00000400846F8B5064604460FCE1C4F3D46A8
:10BD00000FC533682B601B4B1B480822C3F8C820A3
:10BD10000121F4F7E7FC194A00235367A37BE17A7A
:10BD20001B0443EA0123217A0B4393673B78032BDF
:10BD30001BD8DFE803F01402080E617B207B002390
:10BD40000422F5F745FD217CE07B00230422F5F772
:10BD50003FFDA17A607A01230422F5F739FD084BF3
:10BD60001878BDE8F840FFF73BBF0120F8BD00BFE1
:10BD70009835002000400E4600350A0000000840BB
:10BD8000C9400020044BD3F89430002BBCBF034BB8
:10BD9000C3F88000704700BF004008400000084022
:10BDA00008B5074B1B681A68064B920019684FF0DC
:10BDB000045015F072FFBDE8084000F03DBF00BF21
:10BDC000AC350020B035002007B501A8F5F792FE8C
:10BDD000134B144AC3F8442148F2E672C3F83821E1
:10BDE0004FF40862C3F834210F4AC3F8A0200F4A69
:10BDF0004AF63F41916002F580424FF0C071916276
:10BE00000022C3F8FC200A4AC3F89C20094B7F2279
:10BE10005A6203F1007323225A6203B05DF804FBF7
:10BE200000400840C0E653517A27000F0030084018
:10BE3000806D630300300844064B1B783BB1064B12
:10BE4000064A1A60064B074A1A6000207047022013
:10BE5000704700BFCA400020B03500208C6202004D
:10BE6000AC3500208862020038B51B4B0022C3F8B5
:10BE70008820C3F88C20C3F89020184A4FF4007132
:10BE80005162174A0121D1605A6812F0706FC2F3F3
:10BE90000365F9D14FF00452DA671249124C0122BE
:10BEA000C3F880201966227012F05FFD0F4B2570D9
:10BEB000186820B10E4B1868003818BF012040F2F6
:10BEC0007E525421FEF798FC0A4B1B6898470A4B98
:10BED0000122DA6038BD00BF004008400000084081
:10BEE00000400846A01F0021CA400020B0350020B5
:10BEF000AC3500205C11002000400844034BFD22BB
:10BF0000C3F8C8200122C3F8CC20704700400E4679
:10BF100038B5FFF7F3FF1B4B1B481C4C1C49022292
:10BF2000C3F8C8201B4B1A6842B102EA0005A542BB
:10BF300004BF5D68156008338B42F4D1164B0222B2
:10BF4000C3F8C820154B164AD3F83C111160154AA6
:10BF5000C3F8942000F0CCFBFFF736FF124B03220E
:10BF6000C3F8D820A3F500530122C3F894204FF45E
:10BF70006072DA604FF04072C3F8F820C3F8102105
:10BF800038BD00BF00400E460000FFFF0000084023
:10BF9000B081E00F0080E00F00400E4400400840F8
:10BFA000601100200048F0000060084608B5F4F772
:10BFB0004FFA044BD3F81031C3F308230133B0FB1D
:10BFC000F3F008BD00400E4070B5044618B1284D8E
:10BFD0002268531C00D170BDC2F30063110C35F808
:10BFE000130011F0FE0F93B243EA0043606818D0CB
:10BFF0000434CAB2022A216808D9D4E90160033A9C
:10C00000C3E9001698600C340C33F3E704D162687E
:10C01000C3E900120834DBE7012AD9D104341960DE
:10C02000D6E7120F072AF5D8DFE802F00704090D5A
:10C030001013181DC04303F180631860EAE71A6803
:10C0400042401A60E6E703F1C063F6E716F0CBFC66
:10C05000E0E70122824003F1C063F2E7012282405F
:10C0600003F18063EDE71A6830EA0202FBD1D1E701
:10C0700066620200024B0122C3F89420704700BFA1
:10C0800000400846024B0122C3F89420704700BFCD
:10C0900000400844024B4022C3F89420704700BF80
:10C0A00000400844024B4022C3F89420704700BF70
:10C0B0000040084608B50C4B1B68D3F8943023B1F8
:10C0C0001A68022A01D9186A08BDFFF76FFF074BEB
:10C0D0001B6D024698B20028F6D0C3F30743D2087E
:10C0E0005343B3FBF0F0EFE7103600200060084048
:10C0F000064B5B68C3F30363984206D1044A536B53
:10C1000023F0F00343EA01115163704700400840F7
:10C11000001F00211F4B1B68D3F8943070B52BB162
:10C120001A680A2A02D91C6C204670BD1A4DAA6DE5
:10C130006B6DC2F34544C2F3CD010134C3F3441621
:10C1400001FB0444C3F3822103F01F0306FB013308
:10C150005C4302F00702114B9B5C5C43640004D01B
:10C16000FFF724FF7043B0FBF4F4D5F8E430190571
:10C1700005D513F0FF021CBFE401B4FBF2F41A0171
:10C18000D2D5C3F30A43002BCED0A402B4FBF3F400
:10C19000CAE700BF10360020006008405E6202005F
:10C1A00010B50446FFF786FF104AD2F830311B0461
:10C1B0000F4B1B6C03F4C05348BF4008B3F5805FBE
:10C1C0000ABF136BC4F30113C3F34163022B05D001
:10C1D000032B09D0012B00D1400810BDC4F3C424A7
:10C1E0000134B0FBF4F0F8E78008F6E7006008409F
:10C1F000000008402DE9F0470E4616F0DEFBDFF8A0
:10C20000B090DFF8B0A08046002512F01AFAD9F8F5
:10C210000430C3F30363012B07460BD1711C1AD002
:10C2200016F0CBFBA0EB0805384612F00EFAAE4232
:10C23000EBD80DE0052BF1D00B2BEFD0023B012BFF
:10C240000CD9013602D016F0B8FB384612F0FDF9D1
:10C250001648BDE8F08712F0F8F9D6E7DAF80830AA
:10C260001A04C3F389140FD4013602D016F0A5FBCB
:10C27000384612F0EAF924B2A4F1C8006FF4FF7353
:10C280009842B8BF1846E4E7731C03D016F095FB3C
:10C29000A0EB08056FEA84546FEA9454384612F014
:10C2A000D4F914F5007FC2D0E6E700BF00FEFFFF1F
:10C2B000004008400070084010F1800F04D04D2865
:10C2C000DABF323040B27F20044BFF229A6103F183
:10C2D0000073C0B298610020704700BF007008442E
:10C2E0000B4B0C499A6D70B502F007029E6D8C5C89
:10C2F0009D6DFFF75BFEC6F3CD0606FB0444C5F358
:10C30000454505FB04448001B0FBF4F070BD00BF5F
:10C31000006008405E620200084910B5D1F8703133
:10C3200040B11C464A68D1F870319C42F9D1C2F341
:10C330000362027003F00F0010BD00BF0040084010
:10C34000094BD3F8883001F0800103F480030B43DC
:10C3500009D1064B4FF400129A61837F1BB1044B45
:10C360000122C3F8F82070470040084000600844EC
:10C37000006008462DE9F0411F4CDFF89080069FD1
:10C380000646A2FB03502C1960F1000E9C46A04506
:10C390004FF0000373EB0E0E07D24FF4B4720E2170
:10C3A0001846FEF729FA02201BE00029FBD0C6F34D
:10C3B000130601EB5C04B4FBFCF4A4FB0646E40C9E
:10C3C00044EA46340D4E34600D4C22600D4A9142D1
:10C3D00009D10D4AA5FB025302FB00339B093B60C8
:10C3E0000020BDE8F081C4040A46E80444EA55315F
:10C3F000FCF7BCF83860F3E700C9E876B4350020F4
:10C40000B835002000F049020A3BB2DF0046C323E2
:10C4100038B5164D2B780C4623B9154B1B6D03F020
:10C420003F032B70134BD3F894305B051CD5124B94
:10C43000B0FBF3F040F24D534343A3F546430C3BAE
:10C44000584300F5C91000F5556028B940F21B3279
:10C450002B21FEF7D1F901202B78084A5343B3FB77
:10C46000F0F30020236038BD0220FCE7CE4000201E
:10C47000003008400040084000366E018096980069
:10C4800070B5374C374B256B374C1B682468ED0271
:10C490004CBF1B191B1BB3F1804F04D8002B3AD1A2
:10C4A000324E1C460AE0B3FA83F4314EC4F1020462
:10C4B000E340304DAB4201D901345B0803EB560534
:10C4C000B5FBF6F52C4EB34234BF002601262403FB
:10C4D000013D44EA86242C430C60D8B1B3FBF0F153
:10C4E000642400FB11336343984288BF01F1FF319C
:10C4F0004808013801390728204D214C4FEA5103E3
:10C5000011D9002129700621C4F894101B0243EAB6
:10C510000013136070BDB3FA83F4D4F10204134E18
:10C52000C6D50024C5E71029EBD068B101212970D8
:10C530000621C4F89410134909780029E6D012495D
:10C540000224C1F89440E1E7012914BF0121002130
:10C5500029704FF00601C4F89410ECD1D6E700BF63
:10C5600000300840B8350020B4350020E0673500C1
:10C57000C0CF6A003FBE4025401B5F13CB40002068
:10C5800000400844CC40002000400846084B5B6B4C
:10C5900003F00700C3F3C20213F0380F18BF504373
:10C5A000C3F3821213F4E07F18BF5043704700BFFB
:10C5B00000300840034BD3F8380180F01000C0F37E
:10C5C0000010704700400840174B4FF4002210B590
:10C5D000C3F89420154C164BB0F1804F88BF1C4611
:10C5E000144BDA6CD2071DD51B6F134A04F5F424E3
:10C5F00004F59074B4FBF2F4033CE4B203F00703D7
:10C60000A34202D02046F5F759F80C4B1B784BB1EA
:10C610000B4B4FF47022C3F8942003F100732404F1
:10C62000C3F8944010BD00BF00400846E0673500E5
:10C63000C0CF6A0000300E4040420F00CD400020C5
:10C64000004008447FB50446F3F73EFF1C4B064606
:10C650002C3358680093A37922683146FFF78AFE8D
:10C66000054648BBA379012B14BF16491649102271
:10C67000C1F83821206815495843FFF7C9FE03AABD
:10C6800002A93046FFF7FCFE0F4A43F6FF53C2F8FB
:10C69000A4300C4B0299C3F8A4104FF4EE6111635F
:10C6A000039A1A632068FFF78FFF094BA2881A626A
:10C6B00003F5405300229A63284604B070BD00BFC2
:10C6C0000030084000400846004008445030084010
:10C6D0000000084008B5044B01221A70034B18688B
:10C6E000FFF772FF002008BDCD400020B8350020C4
:10C6F000024B4FF48062C3F8942070470040084614
:10C700000D4BD3F80421D3F8B030D2B2FF2A03D0B6
:10C7100043F30743591C01D190221923074903EB26
:10C72000D37302EB6302022381F84230232381F8A2
:10C73000432081F8413070470081E00F001F002145
:10C74000044A5368C3F30363022B04BF802393603E
:10C75000002070470040084040B10368012B05D914
:10C760000069034B002808BF18467047004870470F
:10C770006C62020070B504461F480D46FFF728F9A9
:10C780001E4BD3F8306116F400464FEAC01015D0A6
:10C7900000F574431A4C1B4A2433B3FBF2F32B60AD
:10C7A000194B00EB5400B0FBF4F068605B68D902F1
:10C7B0000AD5002406B10334AC6070BD002CEFD163
:10C7C000114B5B68D802F7D4104B0F491B68D1F8A6
:10C7D000A820C3F3810312F4806403F1010309D19B
:10C7E000D2B2FF2AE6D0D1F8AC20520548BF04EB04
:10C7F000C304DFE7DC00F3E740420F0000600840BD
:10C8000020A1070048E8010000000840002008407F
:10C81000084B1A68C117A2FB000310F1807002FBDD
:10C82000013343F10003400E40EAC310803820EA90
:10C83000E0707047C0350020174B072270B5C3F871
:10C840008420FFF7B3FB154B154A164EC408010BA5
:10C850000546E005C01841F100010023FBF786FE04
:10C86000114B18604EF66020FFF7D2FF4042C6F829
:10C870009C000E48FFF7ACF8024658B1E30150089F
:10C8800018184FEA15714FF0000341F10001FBF752
:10C890006DFE706770BD00BF00400840B2E60E003C
:10C8A00065CD1D00001F0021C035002040420F0053
:10C8B0002DE9F047064608469846FFF74DFF154616
:10C8C0000746002E00F0B08018F0050F63D03469E1
:10C8D000002C00F0AB80FEF7D7FB4FF47A735C437B
:10C8E000201A7B68A0F6AC50C01AFFF791FFB48BFA
:10C8F0006862002C00F09D80FEF7C6FB4FF47A734F
:10C900005C43201A7B68A0F6AC50C01AFFF780FF8A
:10C91000A861614BF468D3F80090DFF88CA1002C7B
:10C9200000F0B080FEF7B0FB4FF47A735C43241A3A
:10C930007B68A4F6AC54E41A99F81130053B012B3E
:10C940007AD8DAF80020A4F53E44EB3CE117A4FBCA
:10C95000023402FB014413F1807144F10000490EDE
:10C9600041EAC0118039E9614C49A2FB01219B1ABF
:10C9700064EB010413F1807344F100045B0E43EA9D
:10C98000C413803B2B62B469FEF77EFB0146204650
:10C9900016F074F8286318F0020F29D073684FF46A
:10C9A0007A7058435BB13B6803F51C53103318444D
:10C9B000B37F002B46F2A81308BF00231844FFF7EB
:10C9C00027FF7369E862002B5FD078684FF47A72B2
:10C9D00002FB0300B37FA0F50350002BA0F1100071
:10C9E00046F2A81308BF0023C01AFFF711FFA86280
:10C9F00018F0040F18D0B068002849D04FF47A73AB
:10CA00005843A0F503501038FFF702FF2861336840
:10CA10004FF47A70584323B13B6803F51C5310332D
:10CA20001844FFF7F5FE6861BDE8F0874CF250301E
:10CA30005BE74CF2503069E73B68E41ADAF8002013
:10CA4000E117A2FB044314F1807402FB013343F1AC
:10CA50000003640E44EAC314803C114BEC61114C9A
:10CA6000D3F884302B622368002B8CD0484616F014
:10CA7000EFF9002887D02368D9F848002A463946BC
:10CA8000984780E74CF25034D8E747F23050ACE793
:10CA900047F23050B8E700BF10360020101B0200EC
:10CAA000001F0021BC350020C0350020E0B507463E
:10CAB00008461E46154615F087FF7B7C053B012B7B
:10CAC00006440DD80C4B4BF6EB61002D18BF1946F0
:10CAD0004FF4FA720A44094892FBF0F03044E0BD8A
:10CAE000074B084AD3F8F800FFF736FE0168002923
:10CAF000A8BF4FF4FA72EDE7FBD9020018FCFFFF64
:10CB0000001F00210CFEFFFF2DE9F04F384C0A46B4
:10CB100085B00D460021814615F0ABF8D4F8C83039
:10CB200043F06C029A4204D00025284605B0BDE8C7
:10CB3000F08F304BDB68D907F6D4FDF7C3FC002833
:10CB4000F2D0D4F81061C6F30826002EECD12A4C9E
:10CB50002A4BD3F81880D4F884300193284B4FF037
:10CB600060529A6103F100734FF000629A612423CE
:10CB7000C4F88430234B04221A604FF4804A4FF4E7
:10CB80008053C4F868A0B3466362AB4512D31E4B12
:10CB900004221A60184A019BC2F88430184B4FF0E7
:10CBA0006051996108EA010318498B614FF4804391
:10CBB0009366BAE7226E5204FCD52268D305F9D5F4
:10CBC000C4F868A00136D4F888200392012EDCD97D
:10CBD000A5EB0B07042FA8BF04273A4609EB0B006F
:10CBE00003A95F4415F059F81FFA87FBCDE700BF92
:10CBF00000400E400040084000000840006008402F
:10CC000000600844004008460040084400600846B0
:10CC1000074BD3F8D8304FF604014FF605029BB20C
:10CC20008B4208BF1346034A01209365704700BF3B
:10CC30000081E00F0050084070B5194C0FCC86B051
:10CC400001AD0FC5CC22236816482B60002115F0DA
:10CC500010F884220021144815F00BF8134B144AE5
:10CC6000C3F8F020FFF74CFD124B1B782BB101AD40
:10CC70000FCD0B4E0FC62B6823600F4B0F4AC3F826
:10CC8000DC2F0F4AC3F8E02F0E4AC3F8E42F02F15D
:10CC9000957202F24952C3F8E82F06B070BD00BF8A
:10CCA000C81F0021341F0021B01E0021001F0021D9
:10CCB0003F003700C1400020001000210200620642
:10CCC00009C8056E0704DC060A4B197801F0FF025B
:10CCD00029B10021197008499202C1F8A0205978A1
:10CCE00001F0FF0229B1002159709302024AC2F8F3
:10CCF000A4307047CF40002000000846074BD3F80F
:10CD0000E00E074BD3F88C301A0103D4054B1B6E91
:10CD10001B0401D500F58070704700BF0010002192
:10CD2000004008400000084008B511F08AFC0F4B95
:10CD30001A78B2B90E4A126812F4843F11D10D4A22
:10CD40001021C2F894101B786BB9094B1B68DB05E6
:10CD500009D4084B2022C3F89420BDE8084011F004
:10CD600074BC054AECE7044BF4E700BFD340002055
:10CD700008160020004008440040084610B511F095
:10CD800060FC0E2104460320FFF7B2F9044B40F289
:10CD9000012220465A62BDE8104011F056BC00BF87
:10CDA00000000840044B00221A70044B197811B19E
:10CDB0001A70FFF7B9BF7047D2400020D34000205F
:10CDC00008B511F03EFC234B4FF08052C3F8802091
:10CDD000BFF34F8FBFF36F8F4FF48072C3F8802083
:10CDE000BFF34F8FBFF36F8F0222C3F88020BFF3D2
:10CDF0004F8FBFF36F8F1022C3F88020BFF34F8F88
:10CE0000BFF36F8F2022C3F88020BFF34F8FBFF393
:10CE10006F8F4FF00052C3F88020BFF34F8FBFF3E6
:10CE20006F8F8022C3F88020BFF34F8FBFF36F8FC7
:10CE30004022C3F88020BFF34F8FBFF36F8F0122D2
:10CE4000C3F88420BFF34F8FBFF36F8FBDE8084056
:10CE500011F0FBBB00E100E008B511F0F2FB0B4B59
:10CE60004FF080521A604FF480721A6010221A60DC
:10CE700020221A604FF000521A6080221A6040226D
:10CE80001A60BDE8084011F0E0BB00BF00E100E01F
:10CE900070B5084C01232370074B1E68074BD3E97C
:10CEA000005332401940284001F0C8F90023237094
:10CEB00070BD00BFD1400020C835002008160020FA
:10CEC0002DE9F047DDF820A003EA0108099B06469A
:10CED0000D4602EA000703EA0A09BAF1000F40F022
:10CEE0004D81031F0B4300F01381052871F10003EE
:10CEF00080F0E78050EA010300F06081431E0B439D
:10CF000000F02181FFF75CFFAD4AD2E9004323EA3C
:10CF1000050324EA06043C4343EA0807A94BDFF86B
:10CF2000F8821E6826EA0A0646EA09061E60C2E979
:10CF30000047FFF7F9FEA44814F02A4FC26E14BF51
:10CF400048F202034FF40043B50748BF43F40053CF
:10CF50009E4D83EA020122EA0302EA669C4A816648
:10CF60000B40D366C4F380421203200348BF42F44F
:10CF70008072E10648BF42F40052A30648BF42F463
:10CF80000072650648BF42F4806220069148924DC7
:10CF9000D0F80C3248BF42F4006282EA030123EA6F
:10CFA0000203C5F80C328D4BC0F80812C7F34025B8
:10CFB0000A40AD04E10448BF45F48035C3F80C22B3
:10CFC000A20348BF45F48015A30748BF45F4800578
:10CFD00014F4001F06D0D8F8000015F0A6FF08B919
:10CFE00045F40025E00248BF45F40035F9067C49C8
:10CFF0007C4848BF45F40005620248BF45F400156F
:10D000000A6A730748BF45F0040585EA020323F066
:10D0100001031A4002621D40CB61734B73481D62CD
:10D02000734B744A16F0010F18BF1A46836E7D07C2
:10D0300048BF42F40012704D82EA030123EA020362
:10D04000AB666E4B41660A4000F500509A66C16BB4
:10D0500004F0010305F5005581EA030221EA03010A
:10D06000E96382631A40664BDA63D8F80020200235
:10D0700048BF644B92F8E92058BF634B610748BF33
:10D0800043F4806322B114F4C06F18BF43F480737B
:10D090005E485F4CD0F8EC10320748BF43F00043C5
:10D0A00083EA010222F4A0221140C4F8EC101340DC
:10D0B000C0F8E820574ABDE8F047C2F8EC30FFF767
:10D0C000CBBEA0F580630B4306D020F48063A3F5AC
:10D0D00000730B437FF416AF11F0B3FA3849D1E96E
:10D0E000003223EA060322EA050242EA08023B4331
:10D0F000C1E90032484A126892F8E9200AB313F4F1
:10D10000C06F1ED0434B4FF48072C3F8EC2014E084
:10D1100011F097FA2A4AD2E9003123F004033B4385
:10D1200041EA080157EA0807C2E9003114BF394A49
:10D13000374A4FF48063C2F8EC30BDE8F04711F095
:10D1400084BA334BDFE711F07CFA1D4AD2E9003193
:10D1500023F001033B4341EA0801C2E900312F4AB1
:10D1600057EA08074FF0010315BF93632C4902F1FA
:10D17000C062CB6314BFD3639363DEE750EA01035D
:10D180007FF4C0AEBAF1010F7FF4BCAE11F059FAD2
:10D190000C4A136823F0010343EA09031360134A9E
:10D1A0004FF48063B9F1000F04D0536602F1C062FE
:10D1B0009366C2E710498B665366BEE7BDE8F08709
:10D1C00008160020C8350020000008400000084470
:10D1D00000000846006008400060084400600846FF
:10D1E0000040084000400844004008460050084005
:10D1F000041C500004185000005008440050084619
:10D20000007008460D0A0A09090A0A0900100840B8
:10D210000010084400100846103600200070084036
:10D2200000700844024B5868C0F3C000704700BF4C
:10D2300008160020024B186800F00100704700BF7C
:10D2400008160020024B5868C0F3C030704700BF7A
:10D250000816002010B50446FEF75AFEFFF7B0FD91
:10D2600004F14C0002F09AFCFEF7FEFDFEF732F9E5
:10D27000FEF79EF9FFF7E0FA1049114AD1F8F810CD
:10D28000072304F1A400FFF713FB4FF44001002033
:10D29000FEF7F6FA4FF400110120FEF7F1FAFFF75E
:10D2A000B7FC20B940F2E7221421FDF7A5FAFFF7F9
:10D2B00011FABDE810400120FEF792BC001F0021CA
:10D2C000681F0021084B8022C3F8882003F17E43A9
:10D2D0000822C3F88820054AD2F8B03E23F0200384
:10D2E000C2F8B03E704700BF004008460010002161
:10D2F00008B511F0A6F9FFF7E5FF034B01229A608C
:10D30000BDE8084011F0A1B900400840F8B5194C3B
:10D3100005462078B0FA80F040F206423E214009EE
:10D32000FDF76AFA55B96078B0FA80F0BDE8F840C8
:10D3300040F206423E214009FDF75EBA0E4F0F4D06
:10D34000D7F8A0304FF44066C3F381232370C5F8AB
:10D35000A0606078B0FA80F040F206423E214009B9
:10D36000FDF74AFAD7F8A430C3F381236370C5F8F8
:10D37000A460F8BDCF400020000008400000084431
:10D38000F8B50B4C0B4DD4F888300B4F0423C5F87F
:10D390008830D4F888305B0300D4F8BD0426C7F881
:10D3A0008860022015F01FFBC5F88860F1E700BF18
:10D3B0000040084000400846004008441C4B70B53F
:10D3C000D3F888601B4D03F18063A822C3F888203E
:10D3D00010221A60184A194B93666B66FFF774FCAB
:10D3E000174B1B7813B90320FEF716F900242C679E
:10D3F000FFF7C6FF134A144BD2F8E01E0B40C2F8E9
:10D40000E03E124B0422C3F88820114BB206C3F849
:10D41000B84008D503F580735B6CB3F5817F22BFFC
:10D42000034B80229A60BDE8704001F0E5BE00BF6A
:10D43000004008400050084000500844100000021E
:10D44000D640002000100021DF0000FF004008440B
:10D45000001E002110B549B938B3164A53681B0E97
:10D4600013F00E0F21D113689A061ED4FFF786FC25
:10D47000104C0020FEF750FF032801D0092806D1E8
:10D48000D4F88C30DB03F4D4636F0C2BF1D9FFF7A5
:10D4900077FF094B4FF400725A62084B0122DA60A1
:10D4A00003F17E430422C3F88820054B4FF4C06289
:10D4B0005A6210BD00400840000008400040084685
:10D4C0000060084408B503210920FEF711FE024B55
:10D4D00020229A6008BD00BF0040084038B50546CC
:10D4E00011F0AFF8044602F015FB35B1FFF75AFC16
:10D4F0002046BDE8384011F0A8B8084B1B78002B37
:10D50000F6D0074B1D78002DF2D1FFF74BFC2A46D1
:10D510004FF480400021FFF7BBFCE9E7D240002038
:10D52000D14000202DE9F84F584B0646D3F88830FB
:10D530000D461446002A40F0A58013F0A00F14BF3A
:10D540004FF001094FF00009DFF85C81504F01F006
:10D5500053FEA023C8F888300320FEF75DF80420AE
:10D56000FEF75AF84FF0000AFFF71CFC494BFB6628
:10D57000C7F870A0FFF704FF474BD3F8B02E42F076
:10D580002002C3F8B02EFF22C8F800203F4A4FF413
:10D5900080719160D3F8E02E40494FF0040B1140A8
:10D5A000C3F8E01EC8F888B0C3F8B8AEFB6813F043
:10D5B000060F04D0FEF7EEF95846FEF72DF8B9F144
:10D5C000000F08D0364B4FF40062C3F88820354B6B
:10D5D0004FF400425A6666B1324B5B6C180701D4B7
:10D5E000FFF7CCFBFFF76EFF0420FEF715F8FFF7FF
:10D5F0006BFB264BDA68D1073FD55A6812F0706F83
:10D60000FBD1294B294AC3F88820294A536B23F0C0
:10D61000F003536315B12046FFF760FF254BD3F8A5
:10D62000B4305A1C01D05B0002D51F4B0122DA60D6
:10D630001CB31C4BDA6E9A66144A136A23F001037A
:10D64000D3611D4BD3F80C22C3F80822A3F5405335
:10D65000DA6F9A67A3F50053D3F8EC20C3F8E820FB
:10D6600003F5C043DA6B9A63A3F50053134A5A6675
:10D670000D4B4FF60842C3F88820BDE8F84F002054
:10D6800002F05EB84FF000095EE700BF00400840BE
:10D69000005008400000010100100021DF0000FFE1
:10D6A00000400846000008400040084410003000D8
:10D6B000001F00210081E00F006008405000F002D0
:10D6C0009A4B196EDA6E2DE9F04F01EA0209C3F8A0
:10D6D000689003F5805385B0D3F8E060D3F8EC2070
:10D6E0001640C3F8E86003F5A043D3F80012D3F85E
:10D6F0000C2201EA020AC3F808A2A3F500535969F3
:10D700001A6A01EA02088A4A08EA0202DA61894BC7
:10D71000D3F80022910006D4D3F800319A00C3F365
:10D72000407740F1E18010F08CFF834BDA68DF6DC9
:10D7300012F0060F9A6E07EA020727F4800222F41D
:10D74000006214BF4FF0010B4FF0000B5A667B07CD
:10D7500004D57A4A537D0133DBB2537510F075FF5F
:10D76000B9F1000F00F0DF8019F4004427D010F069
:10D7700068FF0146FFF7C2FA6F4D0446AA69AB691C
:10D780009A42FCD0AA699342FCD0FFF7B7FAA042B4
:10D7900040F0AC80084610F058FF694B1C60694BA4
:10D7A000D3F8885015F4E05240F0A28024F07F4472
:10D7B00024F0DF040CB9FFF701FE4FF0807419F07C
:10D7C000020F4FF0000516D05E4B5F49D3F888304A
:10D7D00003F46042C1F88820002A00F09E801D04F6
:10D7E00000F19E8013F4005F0CBF4FF000534FF028
:10D7F00000631C430025C9F340394FEA4909534BE4
:10D800003340002B4AD016F4206F0AD040F60F02A6
:10D8100006210020FCF7F0FF0020FFF75FFE26F452
:10D820008026F00506D5484BFF221A6044F4C064F8
:10D83000FFF7A4FA16F0090F0AD040F624020821D7
:10D840000020FCF7D9FFFFF73DFE414B01229A6211
:10D8500016F0106F0CD040F62D0209210020FCF7C5
:10D86000CBFFFFF72FFE00221146104602F02AF9E7
:10D8700016F4202F0AD040F6350207210020FCF7CD
:10D88000BBFF0020FFF72AFE26F48026F10301D516
:10D8900002F068FA002EB8BF49F0080972070DD5EA
:10D8A0002B4B5B6A13F4005F14BF2A4A2A4A4FF4D9
:10D8B00000531ABF536244F400045362730548BF17
:10D8C00044F0040416F4802600F0AA8002F014FA52
:10D8D0000138062842D8DFE810F02E0131012E0170
:10D8E000340137013A013A01BB4639E7044645E7BE
:10D8F0000192FFF763FD144B019AC3F8882015F4D9
:10D90000805307D115F4806F0CBF4FF080544FF057
:10D91000806454E74FF0804451E74FF0007368E7AC
:10D920004FF0004365E74C464D4668E7000008406D
:10D930000000F7FF00E100E000500840CC35002077
:10D94000C43500200040084000400844090B0B8902
:10D9500000100840001008440010084640F6660217
:10D9600003210020FCF748FF844A136ED2F88000A0
:10D9700003F007030633012101FA03F3C0F30C009F
:10D980001B1A9BB2072B13D97D4BD3F88830580252
:10D990000ED47C48136B126DC06C58B103F00703B2
:10D9A00006339940C2F30C03C91A89B2072901D87A
:10D9B00044F40074744B1B78002B31D06F4BD3F8B8
:10D9C000E03013F4A02F2BD1704B714A1B7893B920
:10D9D000F90410D4137873B1E3086E4943EA457330
:10D9E00083F00103D1F8E01E03F001035B0021FA8C
:10D9F00003F39B0714D10420FDF70EFE664B674925
:10DA0000D966FFF7CFF9624A13782BB9644B654AA0
:10DA10001B682340134201D144F4804427F480570B
:10DA2000BAF1000F1DD01AF4805F18BF44F48024AF
:10DA30001AF4807F18BF44F400241AF4005F18BF62
:10DA400044F010041AF4007F18BF44F020041AF4C4
:10DA5000806F18BF44F040041AF4006F18BF44F000
:10DA60008004B8F1000F48D018F4802F18BF45F497
:10DA7000007518F4803F18BF44F4805418F4801FD8
:10DA800018BF44F4003418F4800F18BF44F00204A7
:10DA900018F4003F09D03A4BD3F88830580059D5D4
:10DAA000414B1B68984704430D4318F4000F18BFFF
:10DAB00045F0100518F4002F1AD0364BD3F8B03EBD
:10DAC00013F0C00F14D02E4B5A68C2F30362032A1E
:10DAD00001D0072A07D1D3F88C20D10603D4D3F87C
:10DAE0009020120739D54FF40022DA6128F400287B
:10DAF00018F4001F18BF44F48004002F00F01381B5
:10DB0000380540F18680294ADFF88CA0D378002BB5
:10DB100052D0013B4FF40061DBB2CAF86410D370FD
:10DB200033B9234B1B78DBB1224B40F60142DA6656
:10DB3000002300226BE044F4803415E744F40064D1
:10DB400012E744F480640FE744F480740CE744F077
:10DB5000080409E744F48014A7E744F40014C7E775
:10DB6000DAF8703013F4A05F15BF4FF4807340F6FD
:10DB70000143CAF85030CAF87030D9E700100840A5
:10DB80000040084000000840D3400020D240002060
:10DB9000D440002000100021005008400000010186
:10DBA00008160020088D010078110020C4400020D4
:10DBB000D6400020005008460320FDF72DFDDAF87E
:10DBC0000C30AD48AD4913F0060F02BFAC4B41F627
:10DBD0001F72DA664FF40063CAF86430DAF80C306A
:10DBE00013F0060308BFCAF87030C38A13F400624A
:10DBF00061D023F40063C3820B7803F0FF0A002B8B
:10DC00005DD1FDF7C7FEFFF7D9FB534620221C4329
:10DC10001543B9010BD52E20FEF7B4F8984A4FF002
:10DC20000073936602F17C4245F008055366FA06DC
:10DC300008D52B20FEF7A6F8914A1023936602F12F
:10DC40007C42536617F4E00F05D1FB045FD5BBF1AE
:10DC5000000F00F0B780B80210D52920FEF792F827
:10DC6000FFF7E0FA40B18749874A884B53668B66D5
:10DC700087494968490425D445F0040517F4800B09
:10DC8000DFF804A22AD00420FDF7C6FC2720FEF707
:10DC900079F8FFF793FB4FF48003CAF864307D4BAB
:10DCA000D3F8E02E520600F186807B4B02221A60E8
:10DCB00045F0020528E00B784FF40053A7E74FF436
:10DCC000004336E76E4920208B665366FEF75AF80C
:10DCD0002D2045F00C05FEF755F8CFE7F80255D595
:10DCE0000420FDF799FC2820FEF74CF8DAF8703094
:10DCF000002B48D1FFF762FB614A644B936602F147
:10DD00007C4245F0010553665F4B00221A657A0597
:10DD100009D5624A9378002B00F0A280013B9370F2
:10DD2000002349EA03095B4BD3F8B03E1B0603D539
:10DD30002046294601F00CFD4A4620462946FFF7B9
:10DD4000A7F80EB102F000F818F4002F00F08D8053
:10DD50004F4B4FF40022DA6118F0206F00F08980F9
:10DD600018F0007F01D0FDF761F918F0006F01D0C5
:10DD7000FDF778F9002200204FF4006105B0BDE8FE
:10DD8000F04FFFF785B8CAF870B0B5E7F904BBD516
:10DD90000420FDF741FC424BCAF86C30FDF7FAFD58
:10DDA000DAF85C3013F4A00FAED12A20FDF7EAFFB9
:10DDB000FFF704FB73E7D3F8B03E98063FF578AF62
:10DDC000384B73E7354A13794BB1013BDBB2137122
:10DDD00013B92C4B344ADA6600231C4397E704201E
:10DDE000FDF71AFC0320FDF717FC274B2C4ADA66D7
:10DDF00010F027FC82460DF10F00FEF78DFA2B4B39
:10DE00001B7883460BB1FEF7B9FFBBF1030F0ED1B0
:10DE1000DFF87CB00020FEF77FFA032807D1DBF89B
:10DE20008C30D903F6D4DBF874300C2BF2D99DF882
:10DE30000F30032B06D11E4B012250461A7010F0F2
:10DE400004FCC9E71B4BD3F8E03013F4A02FF2D148
:10DE5000FEF7A8FF504610F0F8FB4FF48043BCE7F4
:10DE60000220FDF7D9FB01235BE7B8F1000F7FF437
:10DE700073AF05B0BDE8F08FCC350020D640002050
:10DE800000500844005008460050084010000002AE
:10DE9000004008400010002100400844C440002019
:10DEA00000000101004008460000010DD54000209F
:10DEB000D240002000100840034A0123136202F1FF
:10DEC0007C42D361704700BF004008440B4B10B543
:10DED0005C691A6A1440A2B2DA61E20704D5586894
:10DEE000C0F30360FFF7E8FF630706D5BDE8104005
:10DEF000042200200021FEF7CBBF10BD00400840E7
:10DF00000C4A08B5136BD16B0B409363DB070FD53D
:10DF1000094B187840F6AC22122100F00100FCF702
:10DF20006BFCBDE80840002201200021FEF7B0BFD5
:10DF300008BD00BF0070084008160020044BDA6FCF
:10DF4000D207FCD41A6FD96F0A409A67704700BF96
:10DF50000030084070B50D46144610F072FB064BB9
:10DF6000D3F8B06E74402C407440C3F8B04E10F03B
:10DF70006CFB05EA060070BD00100021034BD3F8CE
:10DF8000B03E99430CBF01200020704700100021D3
:10DF90002DE9F04117460A43012A9DF818409DF8E3
:10DFA0001C60DDF820801D4629D8B44227D2082EF7
:10DFB00025D8032B23D8B8F1000F20D00A46002122
:10DFC00001F082F8EB00FF219940DFF838C0C94327
:10DFD00008F1FF38FF00E2B2964202D80020BDE807
:10DFE000F0813D190CEB850518F8010FD5F8E820F4
:10DFF00098400A401043C5F8E8000134EBE70120DF
:10E00000EDE700BF001E002109490A4AD1F8EC00E3
:10E0100010B504230124C2F8EC308C624FF4005197
:10E020005162410744BF02F10072C2F8EC3010BDEA
:10E0300000100840001008442DE9F7438E780F2E99
:10E0400080460C4603D9012003B0BDE8F08326B911
:10E0500001232E4A00201370F6E70D7891F8019005
:10E06000002D3BD1B9F1000FEDD194F90310E088F8
:10E07000FDF78CFD0128E6D055EA0903A088244F5E
:10E0800032D1FDF7A5FC23498A6D4FF6040583B212
:10E0900092B24FF60500AA4208BF02463A80082510
:10E0A000802201278F658A672A461A4903B1013BFE
:10E0B000013ECB62F6B2002301930096012329466C
:10E0C00008F1A400FDF7C4FC1FB1134B4FF48012FC
:10E0D000DA64124BA2681A600223BAE7082DB2D89C
:10E0E000B9F1080FAFD8C0E7FDF772FC3A884FF6D8
:10E0F00004039A421EBF07498A653B80A9454A46E8
:10E1000083B238BF2A460027CFE700BFD7400020A0
:10E11000C81300200050084000500846E835002091
:10E120000C4BD0F8C42010B5C3F8B420027C0446D0
:10E13000120202F400624FF40061FFF70BFF237C30
:10E1400013F0080F14BF044A044A4FF40073C2F8D6
:10E15000883010BD001E00210040084600400844E1
:10E1600037B5204D0C4641B90A460721FFF7F2FEAC
:10E170001D4BEC625C6003B030BD07221146FFF717
:10E18000E9FE1A4B07225A60237985F82C3063790F
:10E190000193012101A814F0F0FF019BC2B2D3400A
:10E1A00000F00F0040EA031085F82D00A27985F8F1
:10E1B0002E20E27985F82F202068286383B1028819
:10E1C00001218B4205D82379013B1344084A93610E
:10E1D000D1E730F81150AA4228BF2A460131F0E7B2
:10E1E0001A46F0E7001F00212C1F00210000084400
:10E1F00000000840431C07D0044B6FF0FF029A61F7
:10E2000003F1007310409861704700BF007008442C
:10E2100000F01803182B0AD003070AD410F01000DE
:10E2200040F2011318BF1846034B98647047002052
:10E23000FAE70120F8E700BF001F0021344B2DE969
:10E24000F7431E6801F4007900F00103174653EA12
:10E25000090205460C462ED04FF0000803B30023F8
:10E26000002201200021CDE90088FEF729FE414669
:10E270003046FDF7BFFF414670830120FCF728F9C7
:10E28000716B06F1A400FEF75BF822490868FFF7FE
:10E29000B1FF4FF0FF330B60337C43F00403337462
:10E2A000B9F1000F07D00121304614F0C3FA24F46D
:10E2B000007405430C43D6E93E232A40234052EA2A
:10E2C000030103D01449304609688847FB070FD57E
:10E2D0001249134A0868136800211160114A01218C
:10E2E000117003B19847104B00215B6802209847DA
:10E2F00017F00E0F08D040F2F3123B21002003B0BC
:10E30000BDE8F043FCF778BA03B0BDE8F08300BF86
:10E31000103600207011002074110020F835002004
:10E32000FC350020DA40002050110020044B186812
:10E33000830654BFC0F30F204FF6FF70704700BF35
:10E34000C4350020F7B50446D4E93EC71046DDE9E0
:10E3500008268CEA020587EA06010540194085EA8D
:10E360000C057940C4E93E5123F4004106EA01035B
:10E3700020F00100002543F40073024043F0020343
:10E38000CDE90055FEF79CFD237C9A0717D5D4F8FC
:10E39000FC309B0513D54FF48811204614F04AFA3F
:10E3A000237C65F341032374D4E93E2302400B40F0
:10E3B00052EA030103D00349204609688847002038
:10E3C00003B0F0BD7411002038B10368044A002B7B
:10E3D00008BF1346034A13607047014BFAE700BFBA
:10E3E000A92A020074110020024B586B00F00F00A4
:10E3F000704700BF001F00210F2938B505460C46A5
:10E400000ED801F025F901280CD1074A536B23F0EF
:10E410000F0323435363284614F05EFD002038BDEC
:10E420000120FCE70220FAE7001F0021014B986B56
:10E43000704700BF001F0021014B00209963704707
:10E44000001F002103282DE9F7434CD8274B13F870
:10E450000080274B1E5C274B13F8009010F0F1F85A
:10E460000746FEF7E7FE054640B10023CDE900333D
:10E470000022002301200021FEF722FDFEF7E2FE2C
:10E4800048B10023CDE900330022002300204FF4DF
:10E490000041FEF715FD26B3174B5C6C04F0080431
:10E4A000164B31465C644046FEF7D4FF4A4631467F
:10E4B0004046FFF737F8124B5C6465B1114B1868A2
:10E4C000416BA430FDF73CFF0F490868FFF792FE4F
:10E4D0004FF0FF330B60384603B0BDE8F04310F057
:10E4E000B4B83446DCE703B0BDE8F0837C620200D8
:10E4F00078620200746202000000084000000844D4
:10E50000000008461036002070110020104AD2F892
:10E51000883013F0A00F16D1D2F88C0010F0040050
:10E5200013D10C4BD3F8E03E23F07F4323F0FF03DD
:10E530005BB15368C3F30362092A07D0B2F10C0040
:10E5400018BF01207047002070470120704700BFAE
:10E55000004008400010002170B50D46064620B965
:10E56000194B1B68A3B1032011E001F071F80128D9
:10E5700028D1164B93F90040C4F11C04641BC4F16C
:10E580001C03002BB8BF5B42232B0CDD012070BDA8
:10E5900081EAE173A3EBE173DBB2232BF6D80B4BDB
:10E5A00019700020F3E7B57410F04BF8084A53696E
:10E5B000E40223F4FF2304F4FF241C43546110F00D
:10E5C00044F8EEE70220E2E710360020D8400020B1
:10E5D0000070084018B9034B93F90000704790F998
:10E5E00012007047D840002010B5044614F030FCEB
:10E5F00010B1012001F0A4F82046FFF791FD10F0C2
:10E6000020F8074AD2F8B03E23F02003C2F8B03E0B
:10E6100010F01BF8034B02221A60002010BD00BF4F
:10E62000001000210040084690F8C23053B9074B53
:10E63000DA69920208D49B6F13F4706F14BF012043
:10E64000002070470020704701207047006008409C
:10E65000F8B5436B02EA010523EA01032B43436348
:10E66000344A01F00B030C4623EA0501516402F120
:10E6700000722B4061070646536411D50121FFF754
:10E68000D3FF68B1FEF77CFE15F0040F14BF2A4AD1
:10E690002A4A4FF40073D361294B0422C3F888201F
:10E6A000E20606D515F0100F264B14BF00221B22E0
:10E6B000DA6423061DD52F0616D51F4B4FF4001222
:10E6C0009A6103F17E430122C3F8F8200FF0B9FFED
:10E6D0000E2107460320FDF70BFD1A4B40F20122E5
:10E6E0005A6238460FF0B1FF294606F1A400FDF743
:10E6F00027FEE00503D5E90516D5FDF7C3FCA20505
:10E7000003D5AB0513D5FDF7CDFC14F0600F09D090
:10E71000D6F89410304614F0C8F90B4B58640B4BE4
:10E7200080229A600020F8BDFDF7A4FCE7E7FDF722
:10E73000B1FCEAE7000008440060084600600844B5
:10E740000040084400000840001F0021004008402D
:10E75000014B1868704700BFF435002037B501231E
:10E7600000240022CDE90034002310461946FEF7AC
:10E77000A7FB0220FCF750FF054D064B21461C600D
:10E7800002206B6898472B6803B0BDE830401847FB
:10E7900050110020FC3500202DE9FF410229039093
:10E7A0000C461546984605D1FFF7D8FF002004B067
:10E7B000BDE8F081194E0FF044FF336807463BB1C6
:10E7C000AB4205D00FF041FF002333600120EEE79C
:10E7D000134B3560C3F8008001230022CDE90033DC
:10E7E000002310461946FEF76BFB0E4B0025022056
:10E7F0001D70FCF711FF22462B4603A90220FCF7EF
:10E8000029FF094B039A1A60084B1B680446984776
:10E8100038460FF01AFF002CC8D1D5E7FC35002090
:10E82000F8350020DA400020F43500205011002097
:10E83000044BDB6D5B055ABF034B1878012000F0D9
:10E840000100704700500840DA400020014B9869F1
:10E85000FDF7A6BC00600840014B986914F0D0B8E1
:10E8600000600840437C5A1F012A01D9082B05D1BA
:10E870004B7C8BB1012B11D0022B11D0D0F8003181
:10E880001B0607D5836B03F0FD030D2B02D18B8A8A
:10E890001A2B07D814F082B9034870470348704711
:10E8A000034870470348704720A1070048E801006B
:10E8B00040420F0080841E0070B50E460FF0C1FE6E
:10E8C000054600F0E9FE044620B128460FF0BDFEE3
:10E8D000204670BDFEF754FD114B3278D3F8E03E70
:10E8E000022A23F0F00316D0101F42424241520088
:10E8F00043EA02137278022A0FD0111F4A424A419A
:10E90000520043EA8213064AC2F8E03E054B042255
:10E91000C3F88820D9E70122EAE70122F1E700BF26
:10E92000001000210040084470B50E460FF089FE2B
:10E93000054600F0C9FE044620B128460FF085FECA
:10E94000204670BDFEF71CFD104B3278D3F8E03E38
:10E95000022A23F00F0315D0101F424242415200F9
:10E9600013437278022A0FD0111F4A424A415200C3
:10E9700043EA8203054AC2F8E03E054B0422C3F88D
:10E980008820DAE70122EBE70122F1E700100021FD
:10E9900000400844F8B50E7890F8D0700446304630
:10E9A0000D46FCF791F9002844D094F8D030B342DA
:10E9B00008D1AA88636C9A4204D16A88B4F8D2302C
:10E9C0009A4235D084F8D060AB88A4F8D4306B88F4
:10E9D000A4F8D230AB886364FF236375304613F02C
:10E9E000B3FF04F1D00520752846FCF779FC10BB75
:10E9F0002846FCF75FF9F0B9D4F8903053B194F899
:10EA0000D010B94206D0B3F912202046F3F706F928
:10EA100084F8D9002046FCF73DFB0949A4F8D4004E
:10EA2000084AD1F8F810012304F1A400FDF740FFD3
:10EA30000020F8BD01200E2384F8D030F9E700BF94
:10EA4000001F0021681F002170B5054690F8D00016
:10EA50000E280C461DD0FF291DD01AB10F4B4FF0C8
:10EA6000FF321A6013F070FF064695F8D000FCF7ED
:10EA7000D5F9844228BF0446E4B2B44238BF3446D4
:10EA8000E0B26875FCF766FAA0F1FF0358425841FE
:10EA900070BD0220FCE70120FAE700BF58110020FA
:10EAA000C36B012B01D10020704770B5364BD0F8F5
:10EAB0009060D3F8F830C0F8943086B03146058BBA
:10EAC000044613F0C2FFB3898DF80600D6E9012190
:10EAD000EB1A9BB201FB032268460021ADF804301B
:10EAE0000092FDF7AFFD38B9284B228BDA63FCF7B3
:10EAF000C5FB20B106B070BD022006B070BD227CFF
:10EB000060F34102227413F079FFD4F89030596910
:10EB1000431EDBB209680291FD2B02460BD9CD1CC6
:10EB200009D91B4B01311B680CD0D81C07D802A98E
:10EB30002046029301E002A9204613F0DAFE0020ED
:10EB400006B070BDD91C04D802A92046029313F068
:10EB5000D0FED4F8FC309B0504D4237C43F00203A0
:10EB60002374ECE74FF48031204613F063FED4E9C0
:10EB70003E2302400B4052EA0301E0D00549204603
:10EB800009688847DBE700BF001F0021003008400C
:10EB9000601100207411002038B505460C4641B1C3
:10EBA00014F056F928B14FF400312846FFF7E6F982
:10EBB00004342046FCF70CFF024B4042C3F8D00E51
:10EBC000002038BD0010002170B54C30814214BFC8
:10EBD0000C46002416460FF034FD0D494A684FF4E8
:10EBE0009C53C2F30362D340DA07054603D5D1F83C
:10EBF00088309B030AD420460122314600F062FF90
:10EC0000044628460FF021FD204670BD0324F8E796
:10EC1000004008402DE9F74F06461546084619B949
:10EC2000012003B0BDE8F08F002AF9D0032904D8F1
:10EC3000002101F0ABF80028F2D082780488037933
:10EC400090F805B0C788B0F90000002802F007016D
:10EC5000C0F2D280A1F1070CDCF1000040EB0C0007
:10EC6000052928738CBFC2F300100020C2F3801C5A
:10EC70006873900985F810C000F00200C2F3C00C60
:10EC800040EA0C00C2F340126874AA74AF820BB958
:10EC900096F8CA30013BDBB2EB74736BD80600F117
:10ECA00097800639012900F29380544BDB6C544B5A
:10ECB0005A6B1B6B03F0070306334FF0010909FA87
:10ECC00003F909F1FF39083C42F0005804EA09044D
:10ECD000002318F804A0AB60013404EA0904631DA2
:10ECE00003EA09035A1C02EA090218F8037018F82B
:10ECF0000220BAF1800F47EA0227727C18BFAAF1FE
:10ED0000320A3BB214BF4FFA8AFA6FF07F0AC7F398
:10ED10000B079AB30020D6F89C300BB151469847A8
:10ED2000631C03EA0903E87385F80EA018F80310C2
:10ED3000013303EA090318F80320013303EA090346
:10ED400041EA022118F80320013303EA090341EAEA
:10ED5000024118F803006A7C002341EA0061304652
:10ED6000FDF7A4FE2860737C042B03D1042FDCBFC5
:10ED7000033028600423AB71002052E7D90423D567
:10ED8000D6F894309BB11A68022A10D993F824005F
:10ED9000FB0008B1B3FBF0F39B45BBD8002BB9D007
:10EDA000CBEB0B20B0FBF3F0C043C0B2B3E7294676
:10EDB0003046FFF757FD0190304613F0DFFE019B10
:10EDC000B3FBF0F0C0B2E3E718F804004000ECE752
:10EDD0000023EB730B4BDA68C2F30723120448BF1E
:10EDE00063F0FF035AB212F1800F1CBF323B5AB2DC
:10EDF0000023AA732B60BEE7022012E70000084040
:10EE0000001008400070084070B50A4B0A4DD3F856
:10EE1000EC604FF48064C5F8EC400020FEF75EFB28
:10EE20004FF400536B65730544BF044BC3F8EC40CB
:10EE300070BD00BF001008400010084400100846D4
:10EE400011F5004F1FBF01F30E01044BC1F30E017A
:10EE5000002014BF19640120704700BF0030084033
:10EE6000F8B504460E4611B9037C5A065FD4464BEA
:10EE7000A18BD3F88420D4F8947012F4E05F04BF1F
:10EE80002022C3F810224FF6FF73994260D03F4B07
:10EE90001B68002B5CD03E4D20469847D4F8941058
:10EEA0002A688A4207D0204613F0FFFD394B586488
:10EEB000394B8020986097424FD0384B1B684BB13C
:10EEC0001FB13A68002A58D0BF6839462046984793
:10EED000D4F89410084613F000FE002849D03049B9
:10EEE000FDF748FC07272046FCF7D4F8002E36D063
:10EEF0002C4B94F9122093F900302B49D4F894004C
:10EF0000C3F11C039B1A4A69DB0222F4FF2203F4BB
:10EF1000FF231343254A4B61254B286006211167C7
:10EF2000204601221A7013F0D7FF0020F8BD61F3CC
:10EF30008613154A0374D2F88430D0F894704FF6D3
:10EF4000FF7113F4E05F818302D12023C2F81032F5
:10EF50000F4D2A68BA423946A5D10127C3E70D4BA8
:10EF60000F4AD3F8F81004F1A4003B46FDF7A0FCCB
:10EF7000BEE7204613F083FBB1E71746394620462B
:10EF80009847D4F89410A5E700600840F0350020B9
:10EF9000E4350020001F002100400840EC3500202F
:10EFA000681F0021D840002000700840000008447D
:10EFB000D940002002484822002112F05ABE00BF6A
:10EFC000E41E0021002373B583746423C0E92C334D
:10EFD000C0E92E334FF0FF35C0F8AC30A0F8C03098
:10EFE0000E264FF6FF73C0E9075580F8D0604564E0
:10EFF0008582837504461120F1F720FC042834D162
:10F000001B4B5B6813F4403F2FD12046FEF722F9DB
:10F010002046FFF7CFFF94F912102046FFF79CFA25
:10F02000144A6023536402F5805240F6FF71516226
:10F030005165114A5364114B4022C3F88820626B1A
:10F0400029462046FFF704FB002240F20223104627
:10F050001946CDE90066FDF733FFFBF7C9FE2046F0
:10F0600002B0BDE8704000F06FBC022002B070BD7D
:10F0700000300E40000008400000084600400844F0
:10F0800010B50C46FFF796FFBCB1A378082B16D835
:10F09000E278082A13D843EA021313F0FF03094A5F
:10F0A00014BF61681946C2F8E410217882F828116B
:10F0B000617882F8291182F82B31002010BD0120DF
:10F0C000FCE700BF001E0021012A10B512D8032B57
:10F0D00010D803EB8202084C0123934094F82A01D4
:10F0E000DBB221B1034384F82A31002010BD20EAAD
:10F0F0000303F8E70120F9E7001E002170B50C6852
:10F10000B0F8D4208D680346013404BFD3F8AC4076
:10F110000C604C68013404BFD3F8B8404C606E1CDE
:10F1200000F1A40038D1D3F8B440CE688C60751CCF
:10F1300038D1D3F8B0500E69CD60013604BFD3F892
:10F14000A4600E614E69013604BFD3F8A8604E6119
:10F150008E69013604BFD3F8BC608E618E693EB300
:10F160004132B24238BF32460E688A61C3F8B440B9
:10F170004C68C3E92E420A69C3F8A4204A690D49C4
:10F18000C3F8A820C3E92B650B4AD1F8F810072370
:10F19000FDF78EFB002070BD02F14104AC4238BF88
:10F1A0002C46C2E702F16405B54238BF3546C2E7D6
:10F1B0006422D9E7001F0021681F002170B50FF0FD
:10F1C00040FA0C4E054600F043FA012804D02846C8
:10F1D0000FF03BFA022070BD736813F0706FC3F339
:10F1E0000364F0D1F36BDB06EDD528460FF02DFA62
:10F1F0002046F0E70040084038B50FF022FA0B4AED
:10F2000013884FF6FF718B4203D10FF01EFA0320D3
:10F2100038BD074C074DE56504F100741B04E36538
:10F2200011800FF012FA0020F2E700BFCA1300208D
:10F23000006008440000FFFF2DE9F34105460F463A
:10F240001646FFF763F9A0B1DFF85482D8F80C3006
:10F25000DB0704D40324204602B0BDE8F0810FF0A0
:10F26000F0F904460320FCF701FB20B120460FF023
:10F27000ECF90224EFE7D8F80C3013F0060FF5D1C3
:10F2800020460FF0E2F97A4B4FF400612846D3F89C
:10F29000E08ED3F8B84EFEF771FE40B1754B4FF4D7
:10F2A00000720121C3F888200846FBF711F939469E
:10F2B0002846FBF75FFA6E4BC3F8B84EC3F8E08EF2
:10F2C00004460028C7D12B7CDF0601D4002E58D07D
:10F2D000C6F34000FEF71AF816F4807F14BF664AA2
:10F2E000644A4FF002031BBFC2F88830634AC2F879
:10F2F000883000211CBFD1609362FEF741F816F000
:10F30000040F14BF5E4A5F4A4FF48063D361594BC8
:10F31000042216F0400FC3F8882014BF5A4A5B4AF3
:10F3200040233046C2F88030FEF772FF284613F0C3
:10F33000AAFC40B116F0010F14BF4F4A4D4A4FF4DA
:10F340008073C2F88830B00642D56B8C4FF6FF72DE
:10F3500093420FD04E4A4F49D26D100CC2F30112A6
:10F36000088001324749B3FBF2F3454A4A48C86571
:10F370001B04D3652B7C003E18BF012666F30413E3
:10F380002B74284613F064FDC0B3284613F07BFCB1
:10F39000D0B14FF400312846FEF7F0FD431C9BB27C
:10F3A0000322364801A913F0A4FE9DF8042002F0C0
:10F3B0000703052B9DF8053013D111070BD443F437
:10F3C0008073364AC2F8C030002013F0A9FA42E731
:10F3D000FFF712FFCEE713F0040F09D19DF80630B6
:10F3E000EDE703F03002202A05D113F0010FF4E716
:10F3F0004FF48073E5E79DF80630E2E7284613F006
:10F4000091FD0028E0D0284613F03DFC0028DBD019
:10F41000EB7CA3F10C02012A16D82B8B032B19D0FD
:10F420001E4B93F8C93003F00703072B16D013487F
:10F43000062113F067FE421C3FF40CAF00F00F00F2
:10F44000164B83F8C800BFE70F2BE6D0102BE4D093
:10F450000E2B01D1092102E0112BE0E7082107481A
:10F4600013F050FE431C3FF4F5AEC0B2E8E700BF16
:10F4700000100021004008440040084600100840E9
:10F4800000600846006008440070084600700844A8
:10F4900000600840CA1300200000FFFF001E00218A
:10F4A000005008402DE9F3410646884615461F46A0
:10F4B0000FF0C7F804460320FCF7D8F938B120460E
:10F4C0000FF0C3F80324204602B0BDE8F081042009
:10F4D000FCF7CCF90028F2D120460FF0B6F82A4606
:10F4E00041463046FFF7A8FE04460028EBD1DFF87E
:10F4F000BC80002F38D088F8000039463046FEF72F
:10F500009BFD002845D198F80030012B29D0224BD3
:10F510002022C3F88820214B5B6CB3F5817F2BD26E
:10F52000012013F060FA0FF08CF81D4B1B6801935B
:10F5300006464BB10420FCF76FF80023012201A915
:10F540000420FCF787F800B3FCF7D8F92B0617D591
:10F55000144B00221A67FCF711FA30460FF075F8C9
:10F56000B1E7FDF7C5FEAEE798F80030012BF8D003
:10F57000002BCCD10124A6E70B4B80229A60CFE769
:10F58000FCF7FCF9FDF79EFEE7E7FDF717FF012406
:10F59000E3E7044697E700BF00400846001F00214C
:10F5A000E83500200050084000400840D7400020C7
:10F5B00008B50B4BD3F8B4305A1C0FD05B000DD4F8
:10F5C0000320FEF73FFF074B4FF08062C3F8942003
:10F5D000054A4FF4007151620122DA6008BD00BF94
:10F5E0000081E00F0040084600000840054BD3F8BA
:10F5F000880003F180634FF40022C3F88820C0F331
:10F60000C040704700400840014B024A1A607047F2
:10F61000EC35002061E10000024BD86800F00100E9
:10F62000704700BF00500840084BDA68D10707D583
:10F6300008B9FBF7CBBFDB68DA0706D4FBF7B8BF26
:10F64000DB68DB0701D40028F8D170470050084080
:10F650000F4B5B68C3F30363013B0B2B0FD8DFE851
:10F6600003F006060C06060606080A08080802202B
:10F670007047042070470520704703207047054BF2
:10F68000DB6813F0060F0CBF01200420704700BF99
:10F6900000400840005008400A4A5368C3F303631F
:10F6A0000B2B08D06FF49050184100F0010080F04F
:10F6B000010040007047D2F8880010F48030ECD18F
:10F6C000704700BF004008400C4A5368C3F303630F
:10F6D000062B07D8042BD8B20CD8C31E5842584169
:10F6E00040007047072B07D1D2F8440110F00050BA
:10F6F000EBD170470220704700207047004008405F
:10F700000A4A5368C3F30363032B01D0072B0AD1C2
:10F71000D2F88C30DB0606D4D2F8900080F00800D6
:10F72000C0F3C00070470020704700BF0040084091
:10F73000024B0022196813F06ABB00BF2C81020043
:10F74000024B1B6803B11847704700BF0836002002
:10F75000024B1B6803B11847704700BF04360020F6
:10F7600010B5FF224FF6FF71044613F074FB68B921
:10F77000FF224FF6FF71204613F07EFB30B9204682
:10F780000349BDE81040FF2213F088BB10BD00BF45
:10F790008062020010B55B0743EA02439DF808202F
:10F7A000520543EAC16302F0BC621A43064942F4BF
:10F7B000C8720446FEF7CEFB002211462046FFF732
:10F7C00003FA002010BD00BF9007E12D08B5FFF738
:10F7D00097FFA8B10B4B5A69110311D5D3F88820B4
:10F7E00092030DD4D3F8903013F0100F4FF01003A4
:10F7F00004D1054AC2F89030002008BD034AF9E759
:10F800000220FAE700400840004008460040084453
:10F8100038B5044608B3134A53691B031FD5D2F801
:10F820008C50114BC5F38115032DB3F8BC300ED1AC
:10F83000083B9BB208220D48214613F05AFC094BA5
:10F840002572D3F890301B0A6372002038BD022D58
:10F8500005D1023B9BB22A46EDE70120F6E70220E4
:10F86000F4E700BF00400840001E002130100840AF
:10F87000034B1868034B002808BF1846704700BFA9
:10F880000C36002004810200F8B50D4610B90024A2
:10F890002046F8BD0E4F3E68002EF8D1FAF7B4FDB1
:10F8A00004460028F3D03860FAF7FAFD204612F03B
:10F8B000D6FE38B130463E60FAF7F2FD204612F02F
:10F8C000C3FEE4E7002DE3D02046A847E0E700BFF1
:10F8D00010360020024B1868003818BF012070470E
:10F8E00010360020024B00215B680846184700BF15
:10F8F0005011002010B513F05EFA044618B9034BFE
:10F9000001215B689847204610BD00BF50110020C0
:10F9100010B5FFF7C7FD044618B9034B01215B681A
:10F920009847204610BD00BF5011002010B512F0BE
:10F9300028FF044620B9034B01215B68084698471D
:10F94000204610BD5011002007B54FF400730A493E
:10F95000ADF806300DF1060213F060FBBDF806307D
:10F96000B3F5007F05D1022808BF002003B05DF881
:10F9700004FB0120FAE700BF143600200D4BD3F83A
:10F98000E020D20314D50C494FF48032C3F8E820AC
:10F99000C1F8EC209A6BD1B2C2F3072299679A673B
:10F9A00004229A6700229A679A679A679A679A6709
:10F9B000704700BF0010084000100846F8B50C4C16
:10F9C0000D46174606460EF03CFE0123A3620423B3
:10F9D00027606660A560C4F8E830064B4FF480727B
:10F9E000C3F880210EF031FE0DB10223A362F8BDF1
:10F9F0000010084000E100E0054B1860054B0122B3
:10FA00009A6540F6FF72196358635A65704700BFE4
:10FA100018380020001008402DE9F04F042A83B068
:10FA2000054639D90B7883614B7883618B78836184
:10FA3000CB7883610068D5F808B06E6800F00700E5
:10FA40000123063003FA00F808F1FF3909EA0B0731
:10FA5000A2F1040AA8EB0702924501F1040446F062
:10FA600000560DD8F0192146524612F016F90AEB4D
:10FA70000B0248EA09031A40AA6003B0BDE8F08F00
:10FA80002146F019019212F008F9019AA118AAEB87
:10FA9000080230463A44E8E7013A032AEDD8DFE8A5
:10FAA00002F00B08050211F8013B836111F8013BDC
:10FAB000AB6111F8013BAB610B78AB6103B0BDE802
:10FAC000F08F00BF38B50C46104B1546014668B1A3
:10FAD0000122C3F8B8200E482246FFF79DFF1DB152
:10FAE0000A4B0422C3F8B820002038BD64B1D3F813
:10FAF0009C20A24284BF0122C3F8B820C3F89840DA
:10FB00000222C3F8B820EAE70122FAE70010084011
:10FB10009010084010B50EF094FD184B18490122C2
:10FB20009A65C3F888201A66164A5A660722C3F8EF
:10FB300084200A80144900220A804FF4A021C3F8CF
:10FB4000E81003F1C0630446C3F8EC100F4B1A60D1
:10FB50000F4BD3F888305B020AD50E4B18680E4B5A
:10FB60004FF48002C3F88820416BA430FCF7E8FB17
:10FB70002046BDE810400EF068BD00BF00100840F0
:10FB8000B23D002010160020B03D002014380020A7
:10FB90000040084010360020004008440D4B07226A
:10FBA0001A800D4B00221A800C4B0121C3F8B810AB
:10FBB000C3F890204FF40052C3F89400C3F8B42067
:10FBC000074BF0221A6403F10073A0221A64FFF7B6
:10FBD000A1BF00BFB23D0020B03D00200010084092
:10FBE000000008442DE9F041044688B1394E3A4FEF
:10FBF0000EF027FD3388394A03F07801032C0546BF
:10FC000003F07F0C114453D13C6824B90EF01DFD64
:10FC10000320BDE8F08124F00104386820F00100E1
:10FC2000A0424AD100223A6022886FEA42426FEA3B
:10FC300052428C42228036D1294CDFF8B8C0278846
:10FC4000ACF180083A46083A92B201F108006045EA
:10FC500028BF4046082A04D9B0F900E0BEF1000FE1
:10FC600036DB22803B440C8888781E499B1ADBB225
:10FC7000C4F30C04CC6300F007003380CB66C1F8FA
:10FC80008420FFF77BFE04280DD1174BD3F8883072
:10FC9000164B1868164B4FF48002C3F88820416B4E
:10FCA000A430FCF74DFB28460EF0CFFC0020B0E757
:10FCB000601E012898BF0C46AFE7094862440088DF
:10FCC000A21A48BF803208389042ADDC28469DE732
:10FCD0000146B8E7B03D002014380020101600207F
:10FCE000B23D0020001008400040084010360020BF
:10FCF00000400844901600200E490F4B0A881B88CC
:10FD00000E481344073B03F0780303440832987805
:10FD100092B20A8000F0070009490428C1F8842043
:10FD200004D101F540514A681203FCD4054A13601E
:10FD3000704700BFB23D0020B03D002010160020EB
:10FD4000001008401438002010B5054C206828B178
:10FD5000C30701D4FFF746FF0023236010BD00BF97
:10FD600014380020084B4FF48032C3F8EC2003F124
:10FD70007C43C3F8E420D3F88030C3F30C03782B22
:10FD800001D8FFF7FBBD7047001008442DE9F84388
:10FD900004460E460EF055FC504B514D1A882D88E6
:10FDA0008146504802F07801032C02F07F030144A1
:10FDB00017D14D4C24688CB92A44073A02F07802D6
:10FDC00084180344E31A48BF8033AB4210DB484633
:10FDD0000EF03BFC00242046BDE8F88324F001042B
:10FDE000EFE7012C02D0022CEBD1083D0C46E8E7EE
:10FDF000002E41D08C423D4942D1D1F83C800A6B63
:10FE000002F00702063201279740D1F88020C2F3A2
:10FE10000C029A4247DDB4F900302588002BD6DB6E
:10FE2000A378C5F30C0503F007037A1EA5EB0805BC
:10FE30003A43052B337005EA02052CD82DB2E8436E
:10FE400040F236420421C00FFAF7D6FC7580E37801
:10FE5000274A337412687B1E03EA0803D118B16085
:10FE6000A9B213FA85F5BD4289BFFF1A0023B780F6
:10FE7000F2609CBFB180F36048460EF0E6FBAAE753
:10FE8000A4F10802824238BF04F17802B2F800807F
:10FE9000C8F30C08B3E7174BDB6C003B18BF01231A
:10FEA000A5EBC305CAE78B6B7A1EA3EB08033A43A5
:10FEB0001A40114B15B25B686AB9C3F30363D91ECC
:10FEC0004B424B41DB0033700B4B7280D3F89030C8
:10FED000C3F30723BCE70823F5E700BFB03D0020CC
:10FEE000B23D0020101600201438002000100840F9
:10FEF00018380020000008400040084010B50EF0FF
:10FF0000A0FB084B1B6804463BB1984728B1002270
:10FF100000204FF48061FCF7BBFF2046BDE8104095
:10FF20000EF093BB1C3800202DE9F74FDFF8ECB042
:10FF30008146DBF800A00F46FBF7AEFC4FF0FF3523
:10FF4000CDE9000100202C46064606F110031B01F6
:10FF50005BF8033003F00308B8F1010F15D1304608
:10FF6000FBF7B2FC02460B46DDE90001FBF742FB62
:10FF7000DBF85C3006F10802D340DB0737D5002FF1
:10FF80003ED000253E602C4640460136052EDCD191
:10FF900050B3224F396B0131A4FB014164190AF4BB
:10FFA000403341F10001B3F5003F4FF000022FD183
:10FFB000FB6A0AF4405A013342F10006BAF5805F49
:10FFC00021D1BD6A15F5807542F100026E4303FB35
:10FFD0000266A5FB03323244594304FB0212A3FB21
:10FFE00004341444C9E9003403B0BDE8F08FA842DA
:10FFF00071EB0403C8D207B13E6005460C46C3E767
:020000021000EC
:100000003D463C46C0E7320242EA13621B02E3E788
:10001000BB6A13F5807342F10002DDE7005008402F
:10002000024B99685A690A401A61704700400440BF
:1000300008B5FFF7F5FF054B5B7B01330122DBB20F
:1000400002FA03F3024A136108BD00BFCC35002059
:100050000040044038B504460D460EF0FDFA064A4D
:1000600013889BB22DB123431380BDE838400EF0B6
:10007000F9BA23EA0403F7E7B63D0020034B002258
:1000800001214FF480701A70FFF7E4BFE1400020B7
:1000900008B5054B186812F058FF00F00300C31EA6
:1000A0005842584108BD00BF38380020F0B585B02F
:1000B0000023CDE901330393124B134D134E1B78EC
:1000C0008DF804300EF0C8FA2A783378104F9A422F
:1000D00004460CD031783868297001AAFFF726FC55
:1000E00050B10C484FF41E610EF03CFE04E038683D
:1000F00012F02BFF0128EDD020460EF0B3FA05B028
:10010000F0BD00BF211400201E1400201F14002089
:10011000383800202E84020038B5044611F00CFD5A
:100120000C4B05461978987881420FD0631E082B36
:100130000CD8DFE803F0050D0B0D0B0D0D0D0D00B8
:1001400000220146044B186812F0FDFE284638BD17
:100150000022F7E72114002038380020F8B52B4B97
:100160001B7823B12A4840F6F6310EF0FBFD0EF065
:1001700073FA284B1C8814F00604064609D00121A6
:100180004FF48070FFF766FF3046BDE8F8400EF090
:1001900069BA21464FF48070FFF75CFF204602F0F9
:1001A00013F802280AD180221B4B8021186812F014
:1001B000E6FA0EF0CDFDFFF779FFE5E7204602F005
:1001C00003F8054638B1012807D0114840F63841F8
:1001D0000EF0C8FDD8E70246E6E70F4F3868FFF794
:1001E00081FB386812F0B1FE01280CD038682A462D
:1001F000294612F0ACFE21462C20FFF78DFF214648
:100200000A20FFF789FF0EF0A4FDBDE7E1400020C2
:100210002E840200B63D00203838002038B54FF05B
:10022000FF300C4615F03FFA0A4B0546186815F0EA
:100230003AFA641B241A20B210F1630F06DB10F1A6
:10024000240F05DA64308000C0B238BD0020FCE71E
:10025000FF20FAE73838002010B50E4C236823B988
:100260000D4840F6A7410EF07DFD2068013013F0E7
:100270000AF800F0070003280AD1246809220121A6
:10028000204601F0B5F8205C031F5842584110BDCC
:100290000020FCE7283800202E84020008B5134B0C
:1002A0001B78062B04D0124840F614010EF05AFDBC
:1002B000104B1B881B0704D40D4840F615010EF0A7
:1002C00051FD0D4B2A201978FFF726FF0021082049
:1002D000FFF7C0FE094B02221A70094B1868FFF79E
:1002E00001FBBDE808400FF0E3B800BFE14000208B
:1002F0002E840200B63D0020DE4000201C140020A9
:10030000383800200148002102F0F0BDC011002063
:100310007F2837B5044612D119494FF6FF730246BC
:10032000ADF80630098802230DF106000EF036FD07
:10033000BDF80640E20554BF64B26FF04A040EF007
:100340008BF9104B1C70104B1B88DB07054610D532
:100350000E4B1B78002B0E4B0CBF21466FF07F011C
:10036000186812F02DFA20B10A484FF469610EF0B6
:10037000F9FC284603B0BDE830400EF073B900BF69
:10038000AC5D020016140020B63D0020E2400020C3
:10039000383800202E84020008B50A4B1B88DB0683
:1003A00004D4094840F637010EF0DCFC002110208F
:1003B000FFF750FE002001F069FEBDE808400FF095
:1003C00077B800BFB63D00202E840200F7B5124C6E
:1003D000D4E9006586EA020C85EA03070CEA000C02
:1003E0000F405CEA070E15D086EA0C067D40C4E992
:1003F0000065CDE900230B4608490246086812F063
:10040000BAF938B1064840F2FB1103B0BDE8F0403C
:100410000EF0A8BC03B0F0BD9016002038380020C4
:100420002E84020010B50EF094FA60B10EF093FA2B
:100430000B4A80B141F20D03BDE81040084841F27B
:100440000D01FFF7C3BF074B1A789B789A4204D17E
:1004500000220023F0E70D23EEE7034AF9E700BF8F
:10046000400D030021140020488D010038B5294BB0
:100470001B889B07044647D5274B0022186801219B
:1004800012F0EFFD012C254B2DD1197859B301390C
:10049000C9B2197011B92020FFF7DCFD002102203C
:1004A000FFF7D8FD1E4B1F48042200211A7002F0EE
:1004B0001DFD1D4C2068013012F0E5FE00F4406087
:1004C000B0F5006F23D1246801210422204600F0FA
:1004D0008FFF204412F0D7FE0146BDE838400022CD
:1004E000202010F040B9114D002102201970FFF7B3
:1004F000B1FD2B78FF2B04D00D4840F285610EF042
:1005000031FC2C700EF0D4FF012CD2D038BD4FF648
:10051000FF71E2E7B63D002038380020E0400020BF
:10052000E1400020A0110020283800201D140020E8
:100530002E84020038B5124C23880546580709D589
:10054000FFF7A6FD01460720FFF7E6FD0021042086
:10055000FFF780FD238899070AD50A4B19788A1F6F
:10056000514251412846FFF7D7FD0120FFF77EFF9A
:1005700023881B0703D5BDE83840FFF78FBE38BD81
:10058000B63D0020E14000202DE9F04F570691B024
:10059000804614461D4605D5FFF77AFD0146012029
:1005A000FFF7BAFDEE0403D500212D20FFF7B4FDBF
:1005B000A00223D5404612F02DFD0146F0B940209F
:1005C000FFF748FD0AA9404612F08AF9B0B99DF834
:1005D0003030022B65D1BDF8280014F033FDFF2820
:1005E00008D1404612F07AF940B901214020FFF7C6
:1005F00031FD03E014F02CFD0028F2D1A10305D554
:10060000FFF746FD01460320FFF786FDE20104F0F7
:1006100080734CD5A44B1B889F072FD5A34E306801
:1006200012F004F950BBA24BA24F18703B78FF2B7D
:1006300004D0A14840F22A610EF094FB0021022070
:100640004FF00009FFF706FD87F800909B4F3B78BD
:10065000062B07D101210820FFF7FCFC4946282082
:10066000FFF75AFD3B78052B06D100212B20FFF721
:1006700053FD3068FFF736F90EF01AFF260740F1F8
:10068000B0808A4F05AA3868032112F0C9FC0646DB
:10069000002849D1FFF7FCFC01460420FFF73CFD90
:1006A0009FE0032BAAD10AA814F0BBFCA4E705F035
:1006B000020213430BD0814B19788E1F7142714196
:1006C0002620FFF729FD0120FFF7D0FED6E704F032
:1006D00080531A4309D0794B1978881F4142414110
:1006E0002620FFF719FD0220EEE704F088410B43B6
:1006F00006D0724B19788A1F514251412720F0E7EA
:1007000005F008030B4302D02320FFF705FD6B071C
:1007100003D500212420FFF7FFFCEF07AED5002111
:100720002520FFF7F9FCA9E79DF81430072BB1D17C
:1007300001460AAA386812F07BFC0028AAD1BDF84D
:100740001610386802310AAA89B212F073FC824688
:1007500000289FD100903868042304AA314612F083
:100760008DFC042896D1DFF8609199F80030002BB9
:1007700040F0AC800DF1110012F085FD00F0070093
:10078000022840F0A380FFF783FC01460920FFF711
:10079000C3FC4A4B1B78062B23D1494B9DF81320F1
:1007A0001B789A421DD19DF8353023B9424840F25A
:1007B000E7610EF0D7FA0DF1110012F064FDC0F3FD
:1007C000001631462920FFF7A7FC00210820FFF77B
:1007D00041FC3C4B1E70FFF73FFD10B93868FFF736
:1007E00081F8E20505D5FFF753FC01460420FFF729
:1007F00093FC14F4863F05D0FFF74AFC0146022023
:10080000FFF78AFCA30111D5FFF742FC014608203F
:10081000FFF782FC00210420FFF71CFC274B1B780C
:10082000012B03D1214B1868FFF75CF814F0084F37
:1008300009D0FFF72DFC01460720FFF76DFC0021D2
:100840000420FFF707FCA70009D5FFF721FC0146AC
:100850000620FFF761FC00210420FFF7FBFBA60741
:1008600005D5114B1B881C0701D5FFF717FD68063E
:1008700003D500210A20FFF74FFC290602D50120ED
:1008800012F09AFCEA0540F1C180404612F059FB93
:10089000052800F2B1800138042800F2B780DFE8B3
:1008A00000F0B2C2B2B2B200B63D0020383800202B
:1008B000E04000201D1400202E840200E1400020B2
:1008C000DC4000201C140020E4400020BDF816008D
:1008D0000830012180B202F09DF9029000283FF417
:1008E000D9AE02F0D1F80799BDF81820064611F0EC
:1008F000D4F9089941B1BDF81800BDF81620121AB4
:1009000092B2304411F0C9F999F80030039303BB57
:1009100006F1010B584612F0B6FC80065BD538682C
:1009200012F078FB0746FFF7B3FB05370146F8B234
:10093000FFF7F2FB584612F0A6FC00F00700032870
:100940003E4F2ED001210420FFF784FB11F0AFFFB2
:1009500038603B4ABDF816301278F254F7189DF80B
:100960003630BB709DF83730FB700A9BFB711A0E56
:100970003A711A0C7A711A0A99F80030BA7133B9BF
:100980007378BAF1000F34D043F020037370002065
:1009900001F0AAFD7870029802F098F90EF088FD37
:1009A0001FE701210922304600F022FD305C0428B7
:1009B0004FF00101C7D1FFF74DFB11F078FF214B3C
:1009C00038601B885906C4D503994020FFF742FBC5
:1009D0004FF0010ABDE7FFF75BFB01460920FFF777
:1009E0009BFB194B1B78012BB3D13868FEF77AFFBC
:1009F000AFE723F02003C9E7342804D00FD8142828
:100A000001D0242811D12620FFF794FDAB0512D583
:100A10000121802011B0BDE8F04FFFF71BBB00F0B3
:100A2000EF004428EEE72720EEE7084840F6D30120
:100A30000EF098F9EAE711B0BDE8F08F24380020F5
:100A40001E140020B63D0020E14000202E8402004C
:100A5000F8B5164E33780D4602F0010423B1144860
:100A600040F2A2310EF07EF9124B134F1D60134D70
:100A7000A4B1134B997801B101212020FFF7EAFAC4
:100A80002B783B700F4B1C780F4B10481C700423C5
:100A90003370BDE8F840002102F028BA214620203A
:100AA000FFF7D8FA2B783B70EEE700BFE14000205B
:100AB0002E84020028380020DE4000202014002070
:100AC0002C380020DF400020E0400020C011002032
:100AD0002DE9F843DFF8A481634C0DF0BDFDB8F8B3
:100AE000003013F4807F054603D0237873BBFFF7F3
:100AF00035FB00210846FFF70FFB5C4B1A78FF2AF5
:100B000013D01A7802F0FF0632BBFF221A70237846
:100B1000052B0AD10023284623700DF0A3FD304693
:100B200012F03DFB0DF098FD05462378504E062B44
:100B300009D13378FF2B06D03378022B15D14D48DD
:100B4000002102F0D3F9FF2333702BE000214FF492
:100B50008070FFF77FFACCE71A78012A4FF0FF0286
:100B60001A7014BF33264C26D4E7337813B1337888
:100B7000012B22D1FFF770FB96F8009007463D4805
:100B800002F050FAFF235FFA89F9337077B1B9F1B7
:100B9000010F44D1374884F80090642102F0A6F98F
:100BA000FFF784FA28460DF05DFD06E02846277021
:100BB0000DF058FD384612F0F2FAB8F800301B0676
:100BC00005D500218020FFF745FA0EF077FC02F0F2
:100BD0008FF8294E308000B32778012F42D101F0E1
:100BE00053FF054610B3013012F04DFB00F4406096
:100BF000B0F5006F1AD104223946284600F0F8FB00
:100C0000284412F040FB4FF6FF7398420ED1318812
:100C1000002001F08DF900233380BDE8F883002324
:100C2000284623700DF01EFD3F20C4E7114802F056
:100C3000F9F900210846217001F02CF901252378EB
:100C40000BB9FFF78BFA3188002001F071F900230E
:100C50003380002DE1D020780028DED1BDE8F843B4
:100C600012F05FBC0025EAE7E14000201D140020DF
:100C70001C140020C0110020B43D0020B63D00200F
:100C800008B513460A461946064B186811F01AFEB5
:100C900030B1BDE80840044840F2CC410EF062B8E3
:100CA00008BD00BF383800202E84020008B5134666
:100CB0000A461946064B186811F0FEFD30B1BDE832
:100CC0000840044840F2D3410EF04CB808BD00BFC4
:100CD000383800202E840200024B1878B0FA80F0D9
:100CE00040097047E1400020024B1878431E5842EB
:100CF00058417047E140002008B5064B1B7823B1EE
:100D0000054840F2FC410EF02DF8FFF727FA0020CD
:100D100008BD00BFE14000202E84020008B5064B4C
:100D200001EB81011868490011F061FD002814BF32
:100D30002120002008BD00BF3838002008B5044B32
:100D40001868F9F743FD0A2390FBF3F040B208BDA1
:100D500038380020014B1878704700BF1F1400205E
:100D600008B5044B186811F08EFCB0FA80F0400909
:100D700008BD00BF3838002038B5124D2B78012B44
:100D80000C4604D9104840F21D510DF0EBFF2146EE
:100D90000020FFF7E5FF90B10C4B1C702B785BB97E
:100DA000FFF7DCF90A4B93F900100A4BC9011868E8
:100DB00011F0E3FC002038BDFFF778F9F2E72120BD
:100DC000F9E700BFE14000202E8402001F1400203C
:100DD000E34000203838002008B5054B0121186891
:100DE00012F0D0F80028B8BF033040F3870008BDE8
:100DF0003838002008B5074B186811F03EFC30B1B8
:100E0000054BB3FBF0F083B20BB1184608BD0120CF
:100E1000FCE700BF3838002040420F0008B5074B00
:100E2000186811F02EFC30B1054BB3FBF0F083B223
:100E30000BB1184608BD0120FCE700BF3838002080
:100E400040420F002DE9F347534F01200DF082FF80
:100E50003B88990704D4514840F646410DF082FF83
:100E6000DFF85C8198F80030053B012B04D94B4832
:100E700040F648410DF076FF494E336823B94748A4
:100E800040F64B410DF06EFF3C8814F020045CD01E
:100E900001212220FFF740F94FF47A74FFF7BEFFDB
:100EA00033681B780933434304EBC30498F80030DC
:100EB000062BA5B20BD1FFF79DFF0446FFF7AEFF4F
:100EC000602358430C2303FB0400284485B2D6F862
:100ED0000090344B99F800801C78334E08F1FF38AD
:100EE0001FFA88F8002C3FD13B885A0532D5737819
:100EF000DFF8C8A026468AF80030CAF808500DF07E
:100F00002EFD30B10DF029FD012814BF1023082358
:100F10001E43264D802349462868424612F07CF83D
:100F2000234B1978234B19703B889B061FD5CDF8AE
:100F300000A0214B28683246FEF7EAFC10BB0020D7
:100F400002B0BDE8F0470DF005BF21462220FFF7B3
:100F5000E3F8A3E709F1010012F095F910F020047D
:100F60007378C5D00124C3E773780024C0E7134B1E
:100F700028683246FEF7BEFC014618B92520FFF767
:100F8000CBF8DCE721462620FFF7C6F8034840F6F9
:100F9000EE310DF0E7FED2E7B63D00202E840200D0
:100FA00028380020E4400020211400203838002098
:100FB0001F1400201E1400202C3800208411002053
:100FC000E140002008B5174B1B889B0704D4164846
:100FD00040F6BE610DF0C6FE144B1B78053B012B9D
:100FE00004D9114840F6BF610DF0BCFE104B1B68E0
:100FF00023B90D4840F6C1610DF0B4FE0D4B0E490A
:10100000002221201A70FFF787F818B9BDE80840C0
:10101000FFF718BF022803D1BDE80840FFF726BA42
:1010200008BD00BFB63D00202E840200E140002034
:1010300028380020DB400020D5110100F8B5594CBC
:1010400023889A0704D558484FF438710DF08AFE6A
:10105000564801F0E7FF0DF0FFFA23885B070546CD
:101060000BD511F024FC524B1B68C01AB0F5717FF0
:1010700003D900210420FEF7EDFF28464D4D0DF069
:10108000F1FA2B78042B32D10DF0E6FA23885F07B2
:10109000064608D54548002101F028FF3046BDE846
:1010A000F8400DF0DFBA0DF0DDFA0DF0D5FA424B45
:1010B000424F1B78064613B9238859050FD50523DF
:1010C000012102202B70FEF7C5FFFFF77BFF3046A2
:1010D0000DF0C8FA3B68DA78394B1A70F8BD3868F9
:1010E000013012F0D0F88206E9D50623E8E7062B96
:1010F0004DD1344B1B78FF2BF0D1334E0DF031FC2A
:101100003378002B3DD00DF0A7FA23885B07054606
:1011100005D52648002101F0E9FE2846BFE70DF07D
:10112000A1FA3378013B33700DF096FA01210446A1
:101130000220FEF78FFFFFF745FF20461F4C0DF002
:1011400091FA2068013012F09EF800F44060B0F58A
:10115000006F13D1246801210422204600F048F9D1
:10116000204412F090F80146184B1A783378D21ABE
:10117000D2B2BDE8F84004200FF0F5BA4FF6FF7187
:10118000F2E72B704020BDE8F84012F008B8012BC0
:10119000A4D100232B700E4B1868FEF7A3FB3F2051
:1011A000F1E700BFB63D00202E840200C0110020F0
:1011B00024380020E1400020E440002028380020AE
:1011C000DC4000201C140020DE4000202014002001
:1011D0003838002008B50A4B1A7882B90122102845
:1011E0001A7004D0074840F6B5610DF0BBFD002130
:1011F0002020FEF72FFFBDE80840FFF723BE08BD03
:10120000DB4000202E84020038B510200C4601215E
:10121000FEF720FF064B1D68FFF7ECFD054B00FBBA
:1012200004F10122284611F096FE002038BD00BFCF
:10123000383800209903010008B5094B1B88DB06EC
:1012400004D4084840F293510DF08CFD1020002189
:10125000FEF700FF044B1868BDE8084011F089BE96
:10126000B63D00202E8402003838002010B5064C10
:10127000206811F000FBC30704D52068BDE81040CA
:1012800011F0FBBA10BD00BF3838002008B5094B7B
:1012900001221868114611F05AFE00212C20FEF799
:1012A0003BFF00210A20FEF737FFBDE808400DF0A4
:1012B00050BD00BF3838002001480DF053BD00BFBD
:1012C00048840200014B4008185C70471814002045
:1012D00008B513460A461946064B186811F0F8FA85
:1012E00030B1BDE80840044840F6EC410DF03ABD8D
:1012F00008BD00BF383800202E84020008B5044B1A
:10130000186811F022FE013818BF012008BD00BF87
:101310003838002070B505460DF09EF90E4B0F4E83
:101320001B883570DA07044608D50D4B0D4D1B7828
:10133000012B08D90121286811F06AFE2046BDE87A
:1013400070400DF08FB91BB10DF001FBC305F1D456
:10135000317881F00101EEE7B63D0020171400203E
:10136000E2400020383800200C4B1B88DB0710B50A
:10137000044611D5FFF756F8094B84F001021868AE
:10138000D200082111F0FBF930B1BDE8104005484A
:1013900040F64D710DF0E6BC10BD00BFB63D00201B
:1013A000383800202E84020008B5044B0146186826
:1013B00011F099FA003818BF012008BD3838002014
:1013C00010B50A4C23787BB1FFF760FF00210420A1
:1013D000FEF740FE00210220FEF73CFE00232370B2
:1013E000BDE81040FEF7BABE10BD00BFE1400020CE
:1013F000032A134601D911F0EDBE014AD05C7047B3
:101400005284020018B1034B196000207047024B50
:10141000FAE700BF3C380020403800202DE9F843AF
:101420001046DFF82481174611F02DFFD8F8003060
:1014300005462BB9424B1B6813B90020BDE8F88361
:1014400015F4406905F040060FD136BBB5F5804F65
:1014500052D24FF48074D8F80030002B56D1384B5C
:101460001B68002BE9D0002262E0F81C11F00BFF92
:101470004FF6FF73984214BF0124022486B105265B
:1014800005F44043B3F5004F44F0080424D0B5F50B
:10149000804F23D244F4807420E04C460326EFE7CB
:1014A000B5F5804F4FF00506F4D3B9F5406F14BF82
:1014B000022008203044384411F0E5FE214BB3F8F7
:1014C0005C3005F4404583420CBF44F0080444F00E
:1014D0000404B5F5004F01D144F08004B9F5006F64
:1014E0000ED1B81911F0CFFE164BB3F85E3083421F
:1014F000B1D144F01004AEE74C4603260220D9E7F0
:10150000B9F5406F08BF44F02004A4E70022D1B22F
:1015100033F8110033F911100029A0DBA04202F1C9
:101520000102F4D1012089E7A04202F10102F9D0C1
:10153000D1B233F8110033F911100029F4DA7CE745
:101540003C380020E0380020403800202DE9F04FE2
:10155000104685B01646984611F095FE5D4F00F096
:101560000803B7F85C100293044600F00709F01C6A
:101570000391B7F85EB011F086FE06F1050A054644
:10158000504611F080FE03464FF6FF70854218D09A
:101590000399A1EB050CDCF1000545EB0C056D0092
:1015A0004FF6FF718B420ED145F0040500F0ECF9C7
:1015B000029B6BB1B9F1000F11D0422005B0BDE81C
:1015C000F08F0125ECE79B4508BF45F00805EDE7E6
:1015D000B9F1030FF1D8DFE809F0021B795D00F0E3
:1015E000D3F908B9A807E8D524F00804A4B2B4F5E3
:1015F000004F05D0B4F5624F02D0B4F5404FDCD1B6
:10160000002597F8A8202946002011F050FF3CE063
:10161000D7F88030E3B9002132460846FFF7FEFED6
:10162000D8B924F038039BB248F641029342C4D1A2
:101630000A2D49D0062DC0D197F87730023B012BF7
:10164000BBD8FFF751FB0028B7D140F6040505E0F1
:101650004146304698470028DDD00825E20648BFBD
:1016600045F08005A30648BF45F4805505F00C03FE
:10167000042BC6D1F01D11F006FE97F8A830009398
:1016800032462B46414611F0E7FE08B30E9B188008
:10169000002093E7A90705D1B7F85C204FF6FF7348
:1016A0009A428AD104F44063B3F5006F0AD0B3F5CF
:1016B000406F82D108490822504610F0B0FA002845
:1016C0007FF47BAF0C25C9E70425C7E7432075E706
:1016D000192073E7E038002040390020074A084904
:1016E00000231360074A1360074A1360074A11601A
:1016F000074A01211170074A1360704750380020D3
:10170000093502004C38002048380020E011002044
:1017100024140020583800200E2A70B50C460646C6
:101720001546194603D9FFF7D9FF502070BD01288F
:1017300007D10020FFF7F2FAF8B1FFF7CFFF212021
:10174000F4E7284B4FF4FE421A80274B7F221A7091
:10175000264B80221A70264B00211980254B1960D8
:10176000254B1B684BB1342001F054FA234B1880F1
:1017700018B9FFF7B3FF0120D8E724F0FF6323F483
:10178000FF231BB1FFF7AAFF4F20CFE77CB920460C
:10179000FFF7E0FA10F0800F43B24FF001041BBFD7
:1017A00000F01F039C409C4044F078440325144BF8
:1017B00014491E70144B1D70144B24F078441C60A7
:1017C000134B00201870134B1A6800F0E3FA18B19D
:1017D000FFF784FF0420A9E70F4B9DF810201A7033
:1017E000A4E700BFBA3D0020E6400020E54000200D
:1017F000B83D00205438002048380020BC3D00206F
:10180000EB400020051C0100E94000205838002072
:10181000EA40002050380020E74000207FB5244BEC
:1018200024481A7824490078012303FA02F21A4462
:1018300000250A60ADF80E5020B3984236D11F4CF7
:101840001F4B20781B681F4E0DF10E019847BDF805
:101850000E20307092B11C4B009301950223294653
:10186000284600F0D1FA3278237822B1012A06BF47
:101870000133DBB21B23237004B070BD013818BFE5
:101880000120F0E778235A43013A0A600F49082201
:1018900000F086FC0B49094A0978137821B1012927
:1018A00006BF0133DBB21B231370E5E71846E3E7FD
:1018B000E9400020EB4000205C380020EA40002096
:1018C000E011002024140020411C0100D118010067
:1018D00010B5244B244C1878002834D1FFF77CFA3B
:1018E000224A136801331360214A92F900108142A1
:1018F000B8BF10701F4A92F900108142C8BF107023
:10190000012B1D490DD10002088023680BBB1B4829
:1019100012F023F8014620BBBDE81040174801F043
:10192000E5BAB1F90020A2EB221303EB00131BB2BE
:101930000B801349A0EB2323A0EB22200A8813FB82
:1019400000230B80E1E72368002BE0D04FF4707296
:1019500000E008220B49002000F022FC2368013B34
:10196000236010BDEB4000205C380020543800207C
:10197000E5400020E6400020BA3D0020E4110020B0
:10198000B83D0020D1180100054B1B682BB9054B51
:101990001868003818BF012070470120704700BF49
:1019A0004C3800204838002037B505461C46FFF764
:1019B000EBFF68B974B1084B1A60084B1C60012337
:1019C00000930A4603232946FFF7A6FE03B030BD65
:1019D0004D20FBE72520F9E7443800204C38002053
:1019E00013B50446FFF7D0FF58B962B1074B1A6030
:1019F000012300930A4603232146FFF78DFE02B020
:101A000010BD4D20FBE72520F9E700BF4838002036
:101A10002DE9F0410446DDE906869DF820701D465B
:101A2000FFF7B2FF88B99EB1A2B10B4B1A600B4B06
:101A3000C3F800800A4B0A461E60214606972B46D3
:101A40000120BDE8F041FFF767BE4D20BDE8F08101
:101A50002520FBE72120F9E7E01100205038002085
:101A60004C380020014800F035BE00BFBC3D0020CE
:101A70002DE9F0410020FFF7A3FC0F4B0F4C1E682F
:101A80000F4B20881D680F4B0F4FD3F8008010B10B
:101A9000397801F031F800203870FFF71FFE00F0B0
:101AA00033FC0EB14046B0471DB12088A847002343
:101AB0002380BDE8F08100BF4C380020BC3D0020F1
:101AC0004838002058380020EC4000202DE9F0472D
:101AD0003D4801F0A7FA3D4B1C78002C42D13C4F09
:101AE0002046FFF737F93B680546002B3AD0394EC0
:101AF000DFF804A1DFF80481DFF80491012B1EBF99
:101B0000348803F1FF33B4FBF3F4334B34801C68A7
:101B100034B19AF9013098F9002099F90010A047E2
:101B20002E4B1B688BB12E4C2378312B0DD82D4BAF
:101B3000188800F0A9FF23785A1C227098F800201A
:101B4000C25423785A1C2270C5544FF4FE43AAF89D
:101B500000307F2389F80030802388F8003000238C
:101B600033803B60204C23781A2B23D81F4A1278ED
:101B7000012A09D11E4A1568002125FA03F0C00781
:101B8000DAB20FD501B122700020FFF7E3F8217817
:101B9000884213D1174B00221A70FFF73FFE48B955
:101BA000BDE8F0870133D8B21A284FF00101E4D91B
:101BB0000A442270BDE8F047FFF75ABF0020FFF744
:101BC000DBF80028E6D0F5E7E4110020EB40002028
:101BD00054380020B83D0020443800204838002008
:101BE000EC400020BC3D0020EA40002024140020EE
:101BF00058380020E8400020BA3D0020E540002091
:101C0000E640002008B50B4B187880B90221FFF799
:101C100073F8094B1B782BB100214FF6FF72084671
:101C2000FFF744F8BDE808400448FFF74FBF002124
:101C30000846ECE7EB400020E7400020E4110020DC
:101C400038B5144B1D78012D0C4621D181B90846B9
:101C5000FFF780F8104A1149136805FA00F023EAEB
:101C60000003136020462A46BDE8384000F098BAC9
:101C70000B4A13780133DBB2022B137004D9BDE891
:101C800038400848FFF722BFFFF7C8FD0028F6D10B
:101C900038BD00BFEB40002058380020D1180100AB
:101CA000E8400020E411002038B50948094D00F053
:101CB00011FD002495F84430E0B2834200D838BDCD
:101CC00005EBC000043000F005FD0134F2E700BF71
:101CD00080390020E038002008B50349104648222A
:101CE0000FF0DBFF002008BD3839002008B505489B
:101CF00011F033FE014620B9BDE80840014801F06B
:101D0000F5B808BD0412002038B51C4B00221A702B
:101D10001C4615460132082A5D609D8043F8085F25
:101D2000F8D14822002116480FF0A3FF4FF6FE73AA
:101D3000A4F868307F226FF4803300211148E365F6
:101D40000FF097FF104B84F84450C4E92835C4E9DC
:101D5000125584F85050656584F8A850F1F706F8DC
:101D60000A4B18700A4BFF22012100201A70EEF76F
:101D7000C7F90020FFF7BAFF002038BDE038002087
:101D800038390020603800200000FFFFED400020BF
:101D900033410020094B10B5AC2404FB0030836CA8
:101DA00053B990F850403CB931B1C0E91212204605
:101DB000FFF79CFF204610BD2120FCE7E038002003
:101DC00070B5AC230A4E03FB00F5731993F850402D
:101DD0005CB920460BF016FC735D204643F002030D
:101DE0007355FFF783FF204670BD0120FCE700BF5D
:101DF000E0380020AC23034A5843135C23F003036C
:101E000013547047E038002070B516461F4A127808
:101E10000446C2BB1E4DAC2101FB00518A6C92BB33
:101E200091F850203AB1022B2DD191F84410072996
:101E300007D91C2026E091F844100729F9D8012B76
:101E400008D0AC2000FB0450CA00011D0C300FF07C
:101E5000F6FE0021AC2303FB04F000EBC101294492
:101E60009DF81430CB71049B8B602B18002493F8E1
:101E700044208E80013220468C7183F84420FFF785
:101E800035FF204670BD0120FCE700BFE440002084
:101E9000E0380020F8B5234B1B7804460F46002B92
:101EA0003ED1214DAC2303FB0053B3F8A03023B93E
:101EB0001E4840F236310CF055FFAC2202FB0452B2
:101EC000D2F8A46036B192F8A330B2F8A020394617
:101ED0000020B047AC236343EA180021A2F8A01009
:101EE000C2F8A41092F8A820482101FB02322A442B
:101EF000D2F89820964213D0EB5C9B070CD5AC220D
:101F000062432046AB5C23F0020343F00103AB5471
:101F1000BDE8F840FFF7EABE0BF096FB0028EED1D3
:101F2000F8BD00BFE4400020E038002093850200A7
:101F30002DE9F04F8BB00D460790084600F0A4FD48
:101F4000044618B921200BB0BDE8F08F284600F0F8
:101F5000B7FDC0B208382218215C92F802B092F89E
:101F600003A05268069200222678B4F80130ADF83A
:101F70002620434A059192F80090B9F1000F09D04C
:101F8000404B1B6823B14FFA8BF2514620469847CD
:101F90000020D8E703F00703022B6ED0013409229A
:101FA00049462046FFF724FA023EF6B2331ADAB267
:101FB0001B0607460392C5D4DFF8CC80D8F89030D2
:101FC0002BBB00210DF12609039BCDF80090224682
:101FD0000846FFF7BBFAC3B20546002B48D1BDF84F
:101FE000260011F09DF9C8B9BDF8260011F081FA5C
:101FF0000490BDF8260011F093F9D8B901233246B8
:102000002146484600F08CFEC8B119209BE74A469D
:102010000121284698470028D3D193E7D8F8943077
:10202000BDF82600002BDFD0E11998470028DBD14E
:10203000022088E7039A0498E1190FF02EFEBDF8FC
:10204000260000F021FD059B8372069B079A80F80D
:1020500008A01BBAC360AC2303FB028380F809B05D
:1020600093F85020BDF8260022B1DB6C03B19847ED
:10207000E8B268E7D8F87830F8E7012063E700BFF6
:10208000E440002020380020E038002070B50A4CE1
:10209000AC2303FB004305465E6D26B9074840F2BA
:1020A000F7310CF05FFEAC2303FB054400236365AE
:1020B0003346BDE870401847E038002093850200A1
:1020C0002DE9F84308460F46164602F1010911F0C2
:1020D00015FA8046384611F01CF9042856D13846C6
:1020E00011F03BF92C4C4FF6FF7248F6410348F6CD
:1020F0006105904208BF1D46B4F85C10301D11F018
:10210000C4F8384611F029F90146B01D11F0BDF8A8
:10211000B4F85E1006F1080011F0B7F806F10A04F1
:10212000384612F082FF10B145F01005ADB22946D5
:10213000484611F0AAF8384611F0DBF9424601464C
:1021400020460FF0AAFD3846012100F027FD444447
:10215000074660B100F0B4FC0546384600F094FC38
:10216000EDB201462A4620460FF097FD2C440B4A5B
:102170001378F370A41B591C01341170347030466D
:102180000922BDE8F8430121FFF732B9484611F0B2
:102190007AF84C460546C3E7E0380020ED400020C1
:1021A000084B10B40C461146AC2202FB0033586DAC
:1021B00020B95C655DF8044BFFF726B802205DF896
:1021C000044B7047E038002010B50B4BAC22504355
:1021D0001A18482492F8A81004FB0100034493F84D
:1021E0007700022806D092F850301BB9032818BF98
:1021F000012010BD0020FCE7E038002070B508B1D8
:10220000012070BD234C94F8A850002DF8D1B4F8EB
:102210005C202946FEF74AFDB4F85E202946284690
:10222000FEF72EFD04F1600229462846FFF750F81C
:1022300094F87730002BE3D0284694F85860FEF7E6
:1022400089FD864215D1002094F95A50FEF776FD9B
:10225000854216D10020FFF7B7FF04460020FEF7A5
:102260003BFD0028CDD021460020BDE87040FEF7A0
:1022700043BD94F858102846FEF77EFD0028E2D0B2
:10228000BFE794F95A100020FEF748FD0028E1D07E
:10229000B7E700BFE038002010B51446174A0346E0
:1022A000AC2000FB032292F8770002280CD1E07FDB
:1022B000022809D141B112490978012913D992F8AC
:1022C0005810227891420ED121781846FEF748FD29
:1022D00090B10C48482221460FF0DFFC0020FEF7A9
:1022E000FBFC08B9002010BD044B93F8A80000289F
:1022F000F8D1FFF783FFF5E72120F4E7E03800206D
:10230000133F00203839002008B5094BAC2202FBEE
:10231000003300205A6DD86483F8500012B158651C
:10232000FEF78AFF0020FFF769FF002008BD00BF0D
:10233000E03800207FB51C4C94F8A83023B1002071
:1023400084F8A800FFF75AFFB4F8A05094F85A3068
:102350008DF80F3025B9154840F2ED210CF002FD43
:10236000134A29460020FFF7ABFEE66F104C0246E9
:102370009EB10DF10F0301930023009321462846DF
:10238000B0470246247854B920462146FFF782FD23
:102390002046FFF7ABFC04B070BD0122F2E7044910
:1023A0000020FEF755FBF6E7E03800209385020099
:1023B0006038002038B5494B1C78002C58D148486B
:1023C00000F030FE2046FEF787FC002850D0454C38
:1023D0002378D90733D594F850201AB123F003039A
:1023E000237045E023F0010323700BF015F92378E7
:1023F0009A07054601D50BF005F9294600200BF098
:102400007FF840B9237843F0010323702846BDE8E4
:1024100038400BF0F7B8002384F8A33094F8A830C4
:1024200084F8A250482202FB0343A4F8A000D3F88A
:102430009830C4F8A430BDE83840FFF77BBF94F86B
:102440004400B0B1251D95E8030004F1A00383E822
:102450000300FFF76FFF94F8442004F10C01D20051
:1024600028460FF0ECFB94F84430013B84F84430EC
:1024700038BDA26C62B99B0711D5237823F0020303
:1024800043F001032370BDE838400020FFF72EBC65
:10249000012384F85030A064904723789EE70BF026
:1024A000D3F80028E9D194F8A83073B1F4F7ACFA66
:1024B00094F85030002BDBD1FF2818BF84F8A80017
:1024C000BDE838400020FFF799BED4F88C30002BCF
:1024D000ECD098470028CBD1E8E700BFE4400020CB
:1024E00004120020E0380020034BAC2202FB003332
:1024F00093F8A800704700BFE038002070B504468C
:102500000020FEF7E9FB0C4EAC235C43351995F82F
:1025100050300BB1002070BD0028FBD0074811F0EF
:102520001CFA0028F6D1335D002BF3D195F8440056
:10253000B0FA80F04009EEE7E038002004120020F5
:1025400028B1034B1B68C01A4010013080B270479D
:102550009C39002030B1044B00F100401B68013869
:1025600003EB4000704700BF9C39002010B50346C4
:1025700010F0DFFF074A03EB400314684FF6FF72C9
:102580009C42184604D90188914203F10203F7D016
:1025900010BD00BF943900202DE9F047204F3B8843
:1025A0000546A3B3B0F90230002B30DBDFF87C80A6
:1025B0001C49D8F800000FF066FB20B91A4840F219
:1025C000CD110CF0CFFBDFF860A0DFF8649000269F
:1025D0003A88B3B29A4204D840F2CF1150460CF078
:1025E000C1FBD9F80030D8F80010B2B203EBC20436
:1025F00053F8320068B943F83210A3880133A3803E
:10260000284610F096FFE38803EB4003E380BDE823
:10261000F0870FF038FB01360028D9D1EDE700BF75
:10262000BE3D002056840200608402002412002077
:102630009039002038B5094C094D22682B689A4220
:1026400004D908484FF483710CF08CFB2868236888
:10265000C01A20F0010080B238BD00BF94390020BC
:10266000983900206084020008B50B4B0B4A1A60B1
:102670000B4B0C491B6823F0010313440B600A4BFE
:102680001A60FFF7D7FF642805D8BDE8084007485F
:10269000F0210CF067BB08BD9C390020D42000203D
:1026A0007460020098390020943900206084020090
:1026B000064B1B68834206D8054B1B68834294BFB8
:1026C0000020012070470020704700BF9C39002087
:1026D000943900202DE9F0411D4B1B78012B044655
:1026E00024D10088FFF736FF0546D8B1DFF86480B3
:1026F00004262C460BF0B0FF07462046FFF74CFFA0
:10270000638843EA08036380A05BFFF723FF044666
:1027100038460BF0A7FF1CB1B4F90230002BE9DA00
:10272000062E01D1BDE8F0810626E2E7022BF9D1A1
:102730000BF092FF02462088FFF70CFF18B10388C8
:10274000C3F30E032380BDE8F04110460BF08ABFAF
:10275000EE4000200080FFFF2DE9F04FBA4BDFF87C
:10276000FC82BA4F97B0002406461C800BF074FF21
:1027700001233B70B8F80030ADF81630B44BA8F820
:1027800000401B6801930BF06DFFB24B1A88B24BEF
:10279000D200186821460FF06CFA0DF11600FFF711
:1027A00099FF002E3CD1DFF8B892D9F800404FF0E5
:1027B000000B0125019B9C4239D3BBF1000F39D19D
:1027C000002DF2D0D9F80040DFF898A22546224625
:1027D000019B9A4273D302230DF116003B70FFF761
:1027E00079FF002E40F08F80D9F800603246AA426F
:1027F00080F0A2809088FFF7ADFE18B10388C3F384
:102800000E039380D088FFF7A5FE18B10388C3F3A9
:102810000E03D3801046FFF7A9FE0246E7E798476C
:10282000E3B2013456F82330002BF8D1BBE7BBF1FB
:10283000000F3ED00BF1FF335FFA83FB16AB03EBC7
:102840008B0252F8402CB2F9020051880028B1DA0C
:102850004B04AFD4924641F48040931D2AF8020FF6
:1028600002933AF8020FFFF775FEF0B1B0F902E0FB
:10287000B0F802C0BEF1000F17DB6FEA4C4C6FEAF4
:102880005C4CA0F802C00390FFF786FEBBF10F0F6F
:102890009FBF16AB03EB8B00039A40F8402C9ABF06
:1028A0000BF101035FFA83FB0025029B9A45D8D107
:1028B00080E72046FFF75AFE22460446C3E710464B
:1028C00010F037FE8346B2F90200118800280AEAA8
:1028D000010108DA2046FFF733FE084381B204EB1A
:1028E0004B0402EB4B0511801046FFF73FFE0246FA
:1028F0006EE798475FFA8AF30AF1010A56F8233027
:10290000002BF6D170E74FF0000AF3E73046FFF7EF
:102910002DFE82467EB1B6F902307188002B0ADAAC
:102920003088C0F30E00FFF715FE864203462DD116
:10293000C1F30D0171805646AE42E7D3DFF81CA10A
:102940000BF08AFE00210646504610F081FEFFF78C
:1029500001FE0546002800F0878030460BF082FE1D
:10296000284610F0E6FD06462046FFF7E9FD760012
:1029700081463246294620460FF061F90022494639
:102980000DF1160010F00AFE3444D9E71BD9304689
:1029900010F0CFFDC1F30D014200718092B23146BB
:1029A00018460FF04CF9C6E75046FFF7DFFDD14659
:1029B000854203D9B0F90230002B01DA824603E0E8
:1029C000FFF7D4FDF4E7B146554507D9BAF8000042
:1029D000C0F30E00FFF7BEFD8245E5D3B9F1000F4D
:1029E00030D0B9F80000C0F30E00FFF7B3FD034686
:1029F00038B93346CB46994513D8B1459BD0D94613
:102A0000ECE7484610F095FDB9F80220C2F30D023C
:102A1000A9F80220420092B2494618460FF00FF979
:102A2000E7E718460193FFF7A1FD019B9B4685420E
:102A300003D9B0F90230002B01DA0346DBE7FFF7D8
:102A400095FDF4E7CB46DAE7C03D0020EE400020DC
:102A500094390020BE3D002090390020C23D002066
:102A60009C3900200080FFFFBDF81630A8F8003028
:102A7000044B387030461C600BF0F4FD17B0BDE815
:102A8000F08F00BF9439002010B5044608B900202B
:102A900010BD10F05FFD20B9084840F2C4410CF0B1
:102AA00061F92046FFF756FD0028F0D00388DB0BC4
:102AB00014BFD0F80A000830EAE700BF60840200C3
:102AC00010B508B9002010BDFFF744FD044610F012
:102AD00038FD20B9074840F2DE410CF043F9002CE4
:102AE000F0D02388DB0B0ABF60882089C0F30C007C
:102AF000E9E700BF608402002DE9F0410546FFF7D9
:102B000029FD0F460446D8B110F01BFD20B921481D
:102B100040F2F1410CF026F92846FFF7D1FF0546B7
:102B20002046FFF723FDBD42064609D004D81948C8
:102B300040F2F9410CF016F92588ED0B02D02781FF
:102B4000BDE8F0816780204610F0F3FC074604EBF7
:102B500040080BF081FD104B1A68B2420AD1C3F84D
:102B600000800BF07FFD2A464046FF21BDE8F04182
:102B70000FF07FB8A6EB0806B5B20BF073FD072D7A
:102B8000F1D90023083D44F81730C8F80430A8F8FC
:102B90000250D5E7608402009439002038B5FFF771
:102BA000D9FC0D46044650B110F0CBFC20B90448C6
:102BB00040F236510CF0D6F8023534F8150038BD25
:102BC0006084020070B5FFF7C5FC0C46164605464A
:102BD000B0B110F0B6FC20B90D4840F241510CF0F4
:102BE000C1F83046FFF7B6FC10F0ABFC20B908483E
:102BF00040F242510CF0B6F8023425F8146070BD72
:102C0000BDE87040024840F246510CF0ABB800BF3E
:102C1000608402002DE9F843C41CA408274B64001B
:102C20000434B0F5005F1E6881460F46A4B204D399
:102C3000234840F272510CF095F80BF00DFD21493C
:102C40000B6880467BB9204B1D68761BC6F34F0688
:102C5000B44223D9002540460BF004FD2846BDE8C8
:102C6000F843FFF76DBC7FB1174A15685A1BC2F3D2
:102C70004F029442EED81448620005EB440404600D
:102C80007FB913440B600CE0F61AC6F34F067EB909
:102C90000B4840F283510CF065F8DBE705EB440488
:102CA0001C600023A5F80290AB80EB802B80D2E75C
:102CB000B442CFD8044A1568DDE700BF9839002038
:102CC000608402008C3900209439002038B5054614
:102CD0000BF0C2FC294604460022044810F05EFCBA
:102CE0002046BDE838400BF0BDBC00BFC23D00200F
:102CF00038B50BF0B1FC00210546044810F0A8FCE3
:102D0000044628460BF0AEFC204638BDC23D0020EC
:102D1000024B1888B0FA80F040097047C23D00208D
:102D20002DE9F74F044600881F46FFF713FC88463D
:102D30001546064610F005FC20B9404840F2DA611D
:102D40000CF010F83388DB0B009306D033892B444A
:102D50003381002003B0BDE8F08F2088DFF8E0B0B9
:102D6000FFF7AEFE82463046FFF700FC01900BF005
:102D700073FCDBF80020019B9A4281461DD1FFF7CE
:102D800059FC854204D948460BF06CFC1A20E1E757
:102D900005EB0A0373803FB12088FFF775FE2A46D2
:102DA000414650440EF079FF3046FFF7DFFBCBF889
:102DB000000048460BF056FCCBE70BF053FC208894
:102DC000FFF77EFE2844009980B2FFF723FF0646F6
:102DD0000028DBD0FFF758FE81462088FFF754FE1D
:102DE00082462088FFF76CFE5146024648460EF0A8
:102DF00054FF3046AFB1FFF747FE07462088FFF784
:102E00005FFE2A46414638440EF047FF01212088E4
:102E1000FFF7C4FE012102463046FFF7D3FE2680AD
:102E200097E7FFF731FE80462088FFF749FE2A46E4
:102E3000394640440EF01DFFE8E700BF6084020001
:102E40009439002038B50C460546FFF739FE844218
:102E500003D304482D210BF085FF2846FFF714FE0D
:102E6000204438BD7484020070B506460D46FFF755
:102E70000BFE044648B13046FFF722FE854203D3DD
:102E8000024835210BF06EFF605D70BD7484020056
:102E900070B50C4606461546FFF712FE844203D372
:102EA00004483F210BF05EFF3046FFF7EDFD00B117
:102EB000055570BD74840200014833210BF052BFE8
:102EC0008B840200036910B55BB18268064B9A429D
:102ED00001D1002010BD44690BF026FF201AF9D55E
:102EE000F7E74FF0FF30F5E7B92E010082684B4B52
:102EF0009A422DE9F041056804460E4615D121B1EC
:102F0000474840F20F110BF02DFF0BF0A5FB236992
:102F10001BB92B682BB924612C60BDE8F0410BF084
:102F2000A1BB1A6922611C61F6E70BF0FDFE804629
:102F3000EEF718F820B13A484FF493710BF012FFF6
:102F40006FF000439E4221694BD22B7B08EB0602B7
:102F5000002B4DD0AB6893424AD1531C002949D075
:102F60006169994242D01EB9521AB2F1004F3DD95F
:102F7000636123696E689C4203D129489A210BF052
:102F8000F1FE2F460023B4420BD0002B41D17269D1
:102F90006169891AB1F1004F32D8326994423746DB
:102FA0002CD12269BD420CBF6A603A617BB92669A7
:102FB000B44203D11A48B5210BF0D4FE3B46012E92
:102FC00005D062697169521AB2F1004F23D99D424E
:102FD0000BBF6B681A69236122610CBF6C601C61B6
:102FE00004E0434431B162699342C1D1BDE8F0814C
:102FF0001346B3E76A6822616C60B9E71646C6E714
:10300000A8EB0202B2F1004FC7D93B4637463669FA
:10301000B9E71F46F9E733463669D0E7B92E010014
:103020008B84020082681C4B9A4270B50568044686
:1030300019D10BF011FB236923B1A34206D1002261
:103040002A601A61BDE870400BF00CBB1A461146AD
:103050001269A242FBD12A68A24208BF29600B6113
:1030600000232361EEE7036993B198426E6803D1B0
:103070000A489A210BF076FE2B46B44209D1226908
:103080009D4218BF1A614FF0000308BF6A602361B8
:1030900070BD33463669F0E7B92E01008B8402001B
:1030A0002DE9F043174FDFF860808BB0064600250E
:1030B000BC7814B90BB0BDE8F083B7F800908EB9B6
:1030C0000096B8F8001023462A4603A810F084FBA7
:1030D000234603AA314648460BF05CFE2544EDB278
:1030E0000437E5E72346494603A800220BF049FED2
:1030F00001230093B8F8001023462A4603A810F0D5
:103100006BFBEBE79A840200C43D00200148FFF707
:10311000E1BA00BFC43D0020F7B51546174A044682
:103120000846118811B1164A1278CAB1D4B10022EA
:10313000294603B0BDE8F0400BF023BE3A44D2B2BA
:103140000436B778002FF1D0B6F800C0AC45F5D101
:1031500084F0010400943B4610F03EFB03B0F0BD48
:10316000084EEEE70246214628460BF013FE28469D
:1031700003B0BDE8F0400CF0CBB800BFC43D002068
:10318000251400209A84020010B5074C238843B10F
:103190000020FFF785FF054B0020FF2220801A70DA
:1031A00010BD7020FCE700BFC43D002025140020A6
:1031B000142810B518D8082805D10DF030FBC4012B
:1031C000E4B2204610BD0E2802D10DF02BFBF6E72D
:1031D000064B53F82040002CF3D00A282478F0D175
:1031E00005F008FC0443EBE7FF24EAE7C48402008F
:1031F000064A082312F8011B814205D0013B13F057
:10320000FF03F7D11846704701207047218502005F
:10321000064A082312F8011B814205D0013B13F036
:10322000FF03F7D118467047012070471985020047
:10323000014BB3F868007047E03800200048704741
:103240004A390020014B1878704700BF383F0020F2
:10325000014B1870704700BF383F0020184B022800
:1032600010B5187002D00438012819D8154B1B78F6
:10327000042B03D014480021FFF738FE134B1B68C2
:103280009A0019D513F0805F0CBFBF24BC242046E0
:103290000DF002FF90B92046BDE810400BF05FBF73
:1032A0000948FFF7BFFE0A48FFF7BCFE912410F063
:1032B000DEFC0DF0EBFEEAE79024E8E710BD00BF6E
:1032C0003C3F00203D3F002028120020002C002021
:1032D0006C2B0020024B187800F00F00704700BFE5
:1032E0003C3F0020034B187800F00F00831E58422B
:1032F000584170473C3F002008B510F0A3FCA8B12E
:1033000010F0B9FC90B10A4810F03DF970B10948CD
:1033100010F039F950B10DF08AFA38B10DF0BEFE57
:1033200020B9BDE80840044810F01CBB002008BDCF
:10333000C63D00200A3E0020A0390020054B187829
:10334000012805D000F0FD00A0F13103584258419A
:10335000704700BF3C3F002010B5FFF785F90BF028
:10336000FDFC1020FFF724FF04060DD50020FFF719
:103370001FFF000608D5284BD3F8EC2012F0020FEF
:1033800012D1B024204610BD1020FFF711FF010616
:103390000ED40020FFF70CFF020609D51E4BD3F810
:1033A000EC2012F0010FEBE7D3F8E8309B07E8D5EB
:1033B0001A480FF047F901200FF008FFEFF7F2FC71
:1033C00004460028DED100F013F9154810F09FFAEA
:1033D00000F034F9EFF7E4FA0BF0BDFC08F08AFCDA
:1033E00008F0DCFCF3F720FBF3F7A8FAF3F7C2FAD6
:1033F00003F068FC0DF015FA0DF016FA0DF051FE11
:10340000084811F008FE06F079F80DF011FE0028CA
:10341000B8D00DF00FFEB5E70081E00F690345EC71
:10342000A0390020B9D6010010B510F01DFC70B312
:1034300001F046FA80F00104E4B20020FDF75EFFDF
:1034400044EA800424B210F0FDFB10BB02200443C8
:10345000164810F082FA44EA4014154810F07DFA3C
:1034600024B244EA0014134810F077FA24B244EA74
:103470008014114810F071FA24B244EA40240F4835
:1034800010F06BFA24B244EAC02080B210BD0124CF
:10349000D3E70B4810F077F80028D7D0094810F090
:1034A00072F880F00100C0B24000D0E7681200203E
:1034B0004C130020042C0020CC1200202C130020E0
:1034C000C63D00200A3E002008B500F0E1FFFDF7F0
:1034D000FFFA144810F057F808B904F0CFFD12486D
:1034E00010F051F808B905F0F3FF02F099FE0F480B
:1034F00010F044FA0E4B1B78043B022B09D80D4800
:1035000010F02BFA28B1FFF78FFF102801D107F038
:10351000E1FA0DF08EF910F0ADFABDE8084006486A
:10352000FFF71AB9C63D00200A3E0020A03900204E
:103530003D3F00204C1300202C85020070B54FF653
:10354000F773984286B004460D4643D810F095FABA
:10355000A04207D12049082228460EF070FB002027
:1035600006B070BD1D4EB6F86830A3420AD10022E5
:10357000082106F16A0010F030FA18B9082206F1A5
:103580006A01E9E784B1002300930122194620462D
:1035900008F012FBFF2811D12946204608F0D2FC82
:1035A00080F00100C0B2DBE70D4B1B689B07EAD43B
:1035B000284606F0F9FB0028E5D0D0E702A911F073
:1035C000E3FB0028E8D1DDF80D302B60DDF8113089
:1035D0006B60C4E70120C3E7EF400020E038002023
:1035E000002C0020014B1870704700BFF31300201F
:1035F00010B50649064C0988204608237F220BF0A7
:10360000CDFB204610F073FA10BD00BFA65D02008E
:10361000EF40002013B513460C461AB1022A0CBF26
:10362000134601230021044A009201912246FEF72D
:10363000EBFB02B010BD00BFFB3C020000B5002058
:1036400093B0FEF761FB1D4B188811F0E5FC1C4997
:103650000020FDF7D7FE3422002168460EF009FB5A
:103660000B238DF800306FF4803301934FF6FE7317
:10367000ADF8103003238DF81D30124B0893124B18
:103680000993124B0D93124B124A0E93124B0F9348
:10369000124B106851681093114B119302AB03C386
:1036A00000216A460846FEF7F7FD6A460121002020
:1036B000FEF7F2FD13B05DF804FB00BFB613002067
:1036C000786002009D3B0100F13A0200F1650100C3
:1036D000453D0100EF400020FD740100FB3C02006D
:1036E0007D62010070B504460FF0CDFD042200217B
:1036F00006462046FDF77CFE20440FF0C4FD032261
:10370000054600212046FDF773FE20440FF0BBFD67
:103710000540ADB24FF6FF739D4213D1F30711D5AB
:10372000062200212046FDF763FE20440FF0ABFD8A
:10373000074B1B88834214BF02200620054B1B78D1
:10374000184070BD20460BF0A0FEC000C0B2F5E7E7
:10375000CC130020F74000202DE9F84FDFF83C9112
:10376000804608460F460FF08EFDD9F8003005461A
:1037700043B9484B1B682BB9474B1B6813B9FF2053
:10378000BDE8F88F15F4406A05F0400610D13EBB45
:10379000B5F5804F53D24FF480740023002B58D1DD
:1037A0003C4A12688025002A69D0002108465FE063
:1037B000F81C0FF068FD4FF6FF73984214BF012408
:1037C000022486B1052605F44043B3F5004F44F0CA
:1037D000080424D0B5F5804F23D244F4807420E04F
:1037E00054460326EFE7B5F5804F4FF00506F4D3B6
:1037F000BAF5406F14BF02200820304438440FF05F
:1038000042FD834610F056F905F4404558450CBF7B
:1038100044F0080444F00404B5F5004F01D144F02D
:103820008004BAF5006F0ED1B8190FF02CFD0546D3
:1038300010F023F9A842B0D144F01004ADE754468B
:1038400003260220D9E7BAF5406F08BF44F02004F0
:10385000A3E7012B09BF104AD9F8002012684025C0
:1038600018BF10259FE7A74201F101010BD0C8B294
:10387000CEB232F8167032F91660002EF3DA013348
:10388000032B8BD17BE7B8F1000F3FF479AF88F8B9
:10389000005075E7B0390020B43900203C380020D2
:1038A000034B1A78022A04BF09221A70704700BF1E
:1038B000F9400020034B0C221A701A210022032029
:1038C00001F02ABDF940002070B5054638B90C4B0F
:1038D000BDE87040187800221A2101F01DBD094B87
:1038E000074E1C78E1B21A29F1D825FA04F3DB0758
:1038F00003D53078362201F00FFD0134F2E700BF26
:10390000F94000202714002008B5064B0C221A703D
:10391000002210461A2101F0FFFC034B00221A601E
:1039200008BD00BFF9400020BC39002070B50E4B27
:103930000C221E781A70054630B930460022BDE8C8
:1039400070401A2101F0E8BC084B1C78E1B21A293A
:10395000F3D825FA04F3DB0703D53622304601F00D
:10396000DBFC0134F2E700BFF940002027140020FF
:10397000024B0C221A700DF08ABB00BFF9400020E8
:10398000F0B50C888BB005460E46E4B94FF6FF77CC
:10399000ADF824700DF090FB10B902200BB0F0BD13
:1039A000CDE90340CDE90544134A0294B2F85C30F6
:1039B0000193603200923B4609AA4CF60101FF20B8
:1039C00011F054FB3080284610F070F90B4C70B1A8
:1039D000237863B1013BDBB22846237010F066F90F
:1039E00038B12078B0FA80F04009C0B2D6E705239C
:1039F000F2E70120F9E700BFE0380020261400209C
:103A0000034B1B68114603B118470BF0B7BB00BF4F
:103A1000BC390020024B0C221A7008F0D3BD00BF45
:103A2000F94000200148FEF755BE00BFC83D002008
:103A30007FB506460C461546FDF7A6FF00287CD14B
:103A4000062E03D85223F340DB071AD4B4F1006FDB
:103A500005D3E30E1C3B032B18D94F202BE0394B29
:103A600000221A60384B1E700FF0DBFF03460A2E4F
:103A700065D8DFE806F0361B4F5A1B2E221F47522F
:103A80003F0001F085FFB4F1006FE2D22D4B002220
:103A90001A602D4B042E1E70E6D12C4801F0CAF995
:103AA000022001F0FDF80FF0BCFF03460122029254
:103AB000274A05E0212004B070BD01220292254A68
:103AC0000192254A0092254A29462046FDF7A0FF8B
:103AD000F1E7234A2946204604B0BDE87040FDF7CF
:103AE0007FBF204B204A2946204604B0BDE87040E5
:103AF000FDF75ABF002202921C4A0192164A009218
:103B00001B4AE1E7012202921A4A0192124A0092EC
:103B1000194AD9E70C4B02221A70002217491046A5
:103B200004B0BDE87040FEF735B900220292144A95
:103B30000192094A0092134AC6E74D20BBE70120D3
:103B4000B9E700BFBC390020F9400020F840002050
:103B50002D3901008F3C02009D3B0100E73C020033
:103B6000153A010009390100013A010071390100DB
:103B700081390100C9380100933C0200A1380100DD
:103B8000B53801008B3C020008B5FDF771FF024B10
:103B90000C221A70002008BDF9400020F0B585B055
:103BA000ADF8060018B9654890210BF0DBF8BDF8B8
:103BB00006000FF0AEFB0446BDF806000FF0A9FBAF
:103BC000082846D00C2CBDF8060042D10FF091FC1D
:103BD00007460FF058FB0DF10F010646BDF8060031
:103BE0000CF012FE002879D0092200213846FDF79A
:103BF000FFFB9DF80F301033C518BDF80600FEF727
:103C00005FFFEDB2854269D22946BDF80600FFF795
:103C10002BF906F44C4416F44066054614D0F81C03
:103C20000FF031FB4FF6FF73984208BF44F0400499
:103C3000B6F5006F08D1781D0FF025FB4FF6FF7326
:103C4000984208BF44F010049DF80F305BB3072D75
:103C500044D1BDF806000FF052FB0446BDF8060043
:103C60000FF057FB082817D0A30615D524F0200124
:103C700089B2BDF806000FF02DFBBDF806000FF06D
:103C800038FC00210922FDF7B3FB00F11001C9B295
:103C90000DF106000FF087FDBDF806102848002240
:103CA0000FF07CFC1AE0082D16D8BDB1013D072DA0
:103CB00014D801A353F825F0153D0100213D010062
:103CC000DD3C0100E13C0100DD3C01002D3D010037
:103CD000533C0100333D01007C2D24D005B0F0BDE4
:103CE00024F48844A4B2B4F5084FF7D1BDF8060017
:103CF0000FF00AFBBDF8061011F095F90028A8D0C6
:103D0000BDF806000FF058FB0022014602200CF01F
:103D10002AFDE3E724F48064A4B2B4F5484F97E7A2
:103D2000B4F54C4F94E7B4F54C4F92D04CF6500399
:103D300001E04CF640439C428AE700BF8C850200BC
:103D4000C63D00202DE9F0410F4690460646FEF79D
:103D50009BFE04463046FEF7B3FEC5B2083D2C4438
:103D6000084BE1781970084BA2781A703146434627
:103D70003A4600200BF080F9003818BF0120BDE85A
:103D8000F08100BF144100201341002070B50B4B9F
:103D90001C780B4B0022D5B2AC4202D80C7000202C
:103DA00009E01E88864202F1010205D30D701B88CE
:103DB0001B1A5842584170BD1233ECE7363F0020C1
:103DC0006C3D00202DE9F04FDFF84081DFF8409195
:103DD00098F8002099F800309A4285B0064604D33E
:103DE00043484FF48A710AF0BDFF0DF10F013046D0
:103DF000FFF7CCFF20B13E4840F217110AF0B2FFA6
:103E000098F800709DF80F403D1B15F0FF0530D06D
:103E1000384B394A1B78184699F8003001214FF089
:103E2000FF3CA1400CFA03FC002301F1FF3E01938B
:103E30004FF6FF79C1F1000A9DF80430984243D84B
:103E400012202E4B04FB0000A0F1120105EBC5026D
:103E50005200194404F1010918440DF0F0FE4FEA34
:103E600089092748A9F104010144AA0048440DF03A
:103E7000E6FE224904EBC40201EB420321F8126082
:103E8000204A1278DA731A745A7412025A801E4A3F
:103E900012781A7110225A7100229A73C3F8062000
:103EA000C3F80A20164B013743F824204FF6FF7160
:103EB0000D2088F800700CF056FC0EB910F02CFFA5
:103EC000204605B0BDE8F08F13884B450AD05368F3
:103ED0000AEA030B03EA0E030B4403EB4B0343EA2A
:103EE0000C035360019B013308320193A4E700BF28
:103EF0009F850200FF130020502A00206C3D002007
:103F00004C2A002014410020FA400020363F0020B7
:103F1000FD13002010B5074C2046FFF783F804F08E
:103F20001FFA02F059FD20464FF47A51BDE81040C7
:103F3000FEF7DCBF281200202DE9F0410B4B0C4EA0
:103F400093F8008007460025ECB2A04503D8FF2473
:103F50002046BDE8F0810822B11D38460DF05FFE15
:103F600001350028F4D01236EEE700BF363F0020BE
:103F70006C3D002007B50DF10701FFF707FF30B1D9
:103F80009DF80730034803EBC30300EB430003B085
:103F90005DF804FB6C3D00202DE9F843294E337891
:103FA0005D1E2D1A83420446EDB204D8264840F225
:103FB0003F110AF0D7FE254A92F800C0244A012397
:103FC0001278A3405F1E4FF0FF3090403B44214ADF
:103FD00000214FF6FF7E6FEA0308CBB29C4523D841
:103FE000BDB127B204EBC4041B48640005EBC50255
:103FF00004F112010144520020440DF020FEBF00E4
:104000001648AA00391D014402F0FC0238440DF0A4
:1040100016FE3378013B3370BDE8F84300224FF6BB
:10402000FF710E200CF09FBB1388734507D05368B7
:1040300008EA03093B4003EB59030343536008328A
:104040000131CAE7363F00209F850200FF130020A0
:10405000FD130020502A00206C3D00204C2A002037
:1040600010B50A4C207858B9094B1B781A2B03D984
:10407000084894210AF076FE074B03221A7010BDFF
:104080000138C0B2FFF788FFECE700BF363F0020E1
:10409000FD1300209F850200323F00202DE9F047EC
:1040A00005460FF054FEFF28044624D1DFF888901F
:1040B0001F4B99F800201B789A422BD22846BDE866
:1040C000F047FFF77FBE38883B79504518D86F2BF3
:1040D0004FEA131214D85B0710D0123708F1010809
:1040E00099F800105FFA88F6B142ECD8114A002323
:1040F000DEB28E4214D32046BDE8F087022AECD906
:1041000010F05FFF0028E8D129463046BDE8F047AF
:104110000FF02ABE074F4FF000084FF6F77ADFE79F
:1041200010798F2803F10103EED81232E0E700BFC7
:10413000FD1300206C3D0020363F00204FF6F77342
:10414000984210B514D8FFF7A9FFFF2810D0134CE0
:1041500000B200EBC00004EB40040BF0BAF91049C8
:1041600038B962880B7802EB0313A3EB1213638058
:1041700010BD227C637C0978E2739A4223746174D7
:1041800007D98B4203D213468B4228BF0B461B0232
:10419000EDE78A42F8D31346F9E700BF6C3D0020F3
:1041A000144100202DE9F0410F4DDFF84080064614
:1041B0000F46002498F80030A34201D8BDE8F081F2
:1041C0000822294630460DF02AFD40B935F8063C54
:1041D000BB4204D02046FFF7DFFE013CE4B20134CD
:1041E000E4B21235E6E700BF723D0020363F002002
:1041F000F8B5054608460E46FFF79EFEFF2830D06C
:104200001D4B294653F820703046FFF7CBFF284658
:10421000FFF744FFFF28044625D110F0EDFEFF28EC
:104220000AD1164C207838B1EEF7A0FD2378B0FB08
:10423000F3F202FB1300C0B229460FF095FD0446CD
:1042400023B20F4D03EBC30305EB430508223146B0
:10425000A81D0DF0F4FC2B7903F00F032B71204601
:10426000F8BD0027D3E7074B1B78002B024B18BF84
:10427000002743F82070E3E74C2A0020FD130020BC
:104280006C3D00202814002038B50B4B1B7883426E
:1042900004460D4604D8094840F25B210AF062FD4D
:1042A000074804EBC40400EB440029460822BDE89B
:1042B000384006300DF0C3BCFD1300209F8502007E
:1042C0006C3D002070B5044608460E460FF03FFDD9
:1042D000FF28054610D02046FFF72EFEFF2807D006
:1042E000084B1B7823B9084B53F8202043F82520AE
:1042F00021462846FFF7C8FF31462046BDE87040FA
:10430000FFF750BF281400204C2A00202DE9F84365
:104310000026134DDFF8509080460127344699F867
:104320000030A34210D83E430134E4B21A2C4FEAC5
:10433000470705F11205F2D10A4B1B784FF0FF3009
:1043400098403043BDE8F8832B884345EBD028469E
:104350000FF053FD0328E6D82B796F2BE3D8E3E762
:104360006C3D0020FD130020363F002010B5084CA6
:1043700000EBC00004EB400423795B0707D1204623
:104380000FF03BFD237923F007031843207110BD84
:104390006C3D0020084B1878084B0022D1B28842AF
:1043A00003F1120300D8704713F80D1C21F010011F
:1043B00003F80D1C0132F1E7363F00206C3D002070
:1043C0002DE9F047DFF86090DFF8608099F8004051
:1043D0000226122700250CE007FB05F3002138F820
:1043E00003A050460FF01EFD10B15CB1013CE4B2D9
:1043F000013599F80030EAB29342EDD8A34204D1D6
:104400004FF6FF7A5046BDE8F087EEF7AFFC99F81B
:1044100000301B1B012E90FBF3F202FB1300C4B211
:10442000EED00126D6E700BF363F00206C3D0020CD
:10443000F0B5134B1B780646FBB11248DFF84CC0B1
:1044400090F800E01048077800251F44E8B2864540
:1044500001D80020F0BD7C1B94FBF3F003FB10445B
:104460000CEBC4003CF83440B44204D1002AF1D132
:1044700084788C42EED00135E8E71846EAE700BFC1
:10448000FF130020EC2B0020343F0020502A002096
:1044900070B50AF04DFC104E104932880B78308010
:1044A0009B1A03449BB21425B3FBF5F405FB1433AC
:1044B0000B700B490B78E2B293428ABF9B1A002320
:1044C000DBB20B700749032A9DBF0B68D200D340B3
:1044D00000230B6070BD00BFCA3D0020FC400020DF
:1044E000333F0020EC2B0020084B1868084B1B784A
:1044F000C2B29A4208D2074B1B78C0F307209842F9
:1045000034BF00200120704701207047EC2B0020B1
:10451000FF130020FB400020F8B505461746FFF7C3
:10452000E3FF064610B9184B1A783AB92120012248
:104530004FF6FF710CF017F90020F8BD1348DFF8B3
:1045400054C003780133B3FBF2F402FB143303705D
:104550000F48DCF8002020F8335000EBC30402F1D0
:104560000132A1703846CCF80020FFF7CFFEE6708C
:1045700060600FF082FAA84201D10120DDE7E37804
:104580000133E370F9E700BFFF130020343F002040
:10459000502A0020EC2B002010B50B4C0B4A23783E
:1045A000063B13700AF0C4FB094B1880094B0A48FC
:1045B00000221A602278FF21D2000DF05AFB074B2F
:1045C00004221A7010BD00BFFF130020FB40002022
:1045D000CA3D0020EC2B0020502A0020333F002051
:1045E0002DE9F84307460AF09FFB05461B480FF0EC
:1045F000B4F91B4B60B31C683C1B2C44A4B2194B90
:10460000DFF868901B78184D99F8006003EB83037E
:1046100005EB430500225FFA82F846450AD9AB88CC
:10462000A34205F10A0016D9B21A0A235A432946B1
:104630000DF005FB013689F80060AC80B8F1000F81
:1046400003D106483946FEF751FC2846BDE8F883F9
:104650001D603C46D3E701320546DCE748120020E6
:10466000C0390020FE400020CC3C0020FF4000204C
:104670002DE9F74F0AF058FBDFF8BC902B4EDFF81E
:10468000BC80317898F800E0294D1FFA80FC07467D
:10469000B9F80000ACEB00039BB200240093A0EB40
:1046A0000C0001EB810305EB43037246A246019027
:1046B000A3465FFA84FCF4451AD3BAF1000F00D088
:1046C0003170724504D2002088F80020FDF70EFBFF
:1046D00098F800303BB333781648C9F800700A22C6
:1046E00002FB0355A98803B0BDE8F04FFEF7FEBBFF
:1046F000B3F804C00098844510D893F802C0A3F81A
:1047000004B00CF1FF3C0131013A83F802C0C9B298
:10471000D2B24FF0010A0A330134CAE70198844447
:10472000A3F804C0F7E703B0BDE8F08FFE40002017
:10473000CC3C002048120020C0390020FF4000205F
:104740001FB51B4A1B4C1378013BDBB2137020686A
:10475000616801AA03C221891180174A12781344A3
:104760000A225A4304F10A0120460DF068FA9DF826
:10477000063013F00F010BD11B09BDF8040008BF70
:104780009DF80C10002204B0BDE8104002F07ABC85
:10479000BDF80800FFF724FF8288ADF8082001AAC1
:1047A000034603CA1288186059601A8104B010BD0C
:1047B000FE400020CC3C0020FF400020F8B5094D11
:1047C000094F0A4E00243B783178E2B20B449A42FA
:1047D00004F1010400DBF8BD2846FDF77BFF0A3534
:1047E000F1E700BFCC3C0020FF400020FE4000204D
:1047F000F8B51E46114B07460D46104610491A786B
:10480000104B09781B780B44934206DB1F204FF6B0
:10481000FF710BF0A8FF0020F8BDFFF7E1FE0135A6
:104820000780857004460AF07AFA6623E0802372D6
:1048300000206672FDF75AFA0120EDE7FC13002014
:10484000FF400020FE4000202DE9F047DFF868809F
:10485000DFF8689098F8007099F800501449844681
:1048600007EB050E00230A22DCB274451DDA02FBB9
:1048700004F6013331F806A0E24501EB0600F3D15E
:10488000631CAEEB03030A365A4331440DF0D7F9EB
:10489000A5428BBF05F1FF3507F1FF3789F80050BE
:1048A00088F800700CB9034B1C70BDE8F08700BF9E
:1048B000CC3C0020FD400020FF400020FE400020B6
:1048C000044B054A1B781278D3420CBF012000200C
:1048D000704700BFFE400020FF400020024B1878C8
:1048E000003818BF01207047FE40002008B50A4B71
:1048F0000A48002119700A4B19700A4B19700A4BAB
:104900001A7802EB820252000DF0B3F9BDE80840BC
:104910000648FEF787BB00BFFF400020CC3C0020CC
:10492000FE400020FD400020FC1300204812002023
:1049300010B50B4C23784BB10A4802F08DFC58B1EE
:10494000084B012118880FF085F908B9002010BD27
:10495000054B01221A70FAE7FFF7F2FEEAE700BF03
:10496000FE400020CC3C0020FD40002010B50E4B46
:104970001B78BBB10D4C238883424FF0000311D14B
:104980000B4A2172137049B9A3781033A3700FF04A
:1049900029FC18B9A37823F00F03A370FFF7D0FE0A
:1049A000012010BD1846FCE7FE400020CC3C002052
:1049B000FD40002010B504460146082209480DF0CC
:1049C0003EF9237B022B0AD8002B14BF312201228F
:1049D00005490B709423CB73044B1A7010BD002350
:1049E0000122F5E7D63D0020D23D00203C3F0020CB
:1049F00070B5064692B00D460020C97AFCF7B0F9B2
:104A000058B395F90A000EF0F3FF044638BB154B76
:104A1000EA7A83F85820AA7A83F85A2001466A462F
:104A2000FDF75AF94FF6FE739E424FF0000118BF92
:104A30002B89ADF8066008BF4FF6FF736A4608463B
:104A4000ADF80430FDF728FC28B9074B2A895A80B5
:104A5000204612B070BD0224FAE78A24F8E78B24BE
:104A6000F6E700BFE0380020D23D0020014BD873AC
:104A7000704700BFD23D0020014B1878704700BF3F
:104A8000D23D002010B5054C2378112B03D00448EB
:104A9000DB210AF067F94123237010BD3C3F002061
:104AA000AA850200064B1B78042B014604D1054A57
:104AB000137C0533137470470348FEF717BA00BF21
:104AC0003D3F0020D23D00206812002008B5064876
:104AD000FDF700FE0548FDF7FDFD0BF09FFEBDE86C
:104AE000084000F06DBF00BFC63D00200A3E002018
:104AF000064B1878332806D000F0EF00A0F14303EE
:104B00005842584170470120704700BF3C3F002089
:104B100008B5084B00224FF6FE701A700EF0B9FF70
:104B20004FF6FF700EF0D2FF034BD87BBDE8084074
:104B30000AF015BB3C3F0020D23D00202DE9F04398
:104B40008BB007469DF84890154698460E4649B9E1
:104B5000104605AC10F076FA214610F056FA93286C
:104B600018BF2646B9F1000F0AD1124B1B781BB9AA
:104B7000284610F074FAD0B9284608F01FFE02E06B
:104B8000284610F06CFA80F00104E4B29DF8503031
:104B900002939DF84C300394CDE900932A46434696
:104BA000314638460FF093F90BB0BDE8F0834C4620
:104BB000ECE700BF383F0020014B00221A74704719
:104BC000D23D002008B5002008F0BAFF024B0022B9
:104BD0005A609A605A8008BDD23D002010B5144B2F
:104BE0001B78033B012B16D8124BB3F868204FF605
:104BF000FF739A420FD10320FEF730FB01F0DEFE77
:104C0000FFF7E0FF0020FCF767F878B1BDE810403F
:104C100000200EF089BCFEF711FB0446FEF708FBEE
:104C20000146204606F098FE0220E5E710BD00BFD1
:104C30003D3F0020E038002008B5114A114BD873E1
:104C40001378032B1BD0D3B1332B01D0432B10D1BE
:104C50000D4B1B78033B012B05D803231370BDE8D4
:104C600008400AF07CBA0AF07AFABDE80840FFF77B
:104C7000B5BF21231370BDE8084001F005BD08BD94
:104C80003C3F0020D23D00203D3F002008B50348B6
:104C9000FEF7C8F9FFF796FF702008BDAC2B002087
:104CA00038B5114D2B78834218BF287004460CF09C
:104CB000FBF980B124B920460CF0F8F902220DE08E
:104CC00001200CF0F3F92B781A1F012A05D9062BC5
:104CD000F4D1032202E0002CF5D101220021BDE82D
:104CE000384008460FF022B83D3F002030B585B06F
:104CF000044668460D460FF0D4F894B100212846CA
:104D0000144A0FF0C0F9144B20681B788DF804305A
:104D1000124B61681B788DF8053002AB03C305F0B8
:104D200019F80F4B93F8582093F85A308DF8032058
:104D30008DF802300EF0BEFEADF800000EF09DFEC4
:104D40001023ADF80600072269460020FEF7E4F9BB
:104D500005B030BD00F8FF07F31300203D3F0020F1
:104D6000E038002010B50F4B1A780F4B0446002096
:104D700083F85820FBF7B0FF10B100200EF0D4FBF1
:104D800000210846FFF7B2FF0CF080F92046FDF73E
:104D9000BBFA9B200AF0E3F9044A00231380044A7B
:104DA000138010BD00410020E0380020AA3D002003
:104DB000A83D002010B5014604460020FBF7D0FFB7
:104DC00090B10C4B1B78023B032B0FD80A4B1C7085
:104DD000FCF7DAFD60B9094A0949FCF7DBFF002856
:104DE00014BFA120002010BD8A20FCE77020FAE744
:104DF0003D20F8E73C3F002000410020A575010060
:104E0000654D0100F8B50646FCF7BEFD044668B9DD
:104E1000FBF762FF50B1064D204695F8587085F8B3
:104E200058600EF081FB10B185F858703D20F8BD38
:104E3000E03800201FB5044668460FF032F89DF8B0
:104E400005305A1E052A09D8054A9DF80410127823
:104E5000914203D12370002004B010BD9320FBE7E2
:104E6000F31300202DE9F041274B1D78022D8046D9
:104E70000E46174606D0032D43D118B9234B1B68A5
:104E80009B073ED43320FEF7E9F901F049FAB6F169
:104E9000006F36BF1E4B05221A7831460620FEF7FA
:104EA000C7FD10F0FF0425D11A4D01202C7300F02E
:104EB000E3FD0EF0FFFD68802846B8F1000F0DD02D
:104EC000022300F8043B0FF070F86C73AF7339469F
:104ED00030460BF081FC2046BDE8F081012300F84C
:104EE000043B0FF062F86C73AF73394630460BF039
:104EF00072FCF0E72846FEF7B1F9B8F1000FF4D0E4
:104F0000E5E77024E7E700BF3C3F0020002C0020CD
:104F100029140020D23D0020034B187818B9034B08
:104F2000034A1B78D05C70473B3F00203D3F002088
:104F30008686020038B5437BDB07044603D590F92B
:104F400009000CF0A2F8104B002583F85950207985
:104F5000FFF758FFFFF7E0FF6188248803462246E9
:104F6000284608F0F3FD044620B19420FFF764FEC4
:104F7000204638BD054D06489423C821EB73FDF744
:104F8000B5FF03232B74F3E7E0380020D23D002067
:104F900068120020F0B5184D93B00646A5F86800D9
:104FA0000C4605F16A0709BBC5F86A107960002153
:104FB0006A460846FCF790FED5F86A30CDF8123004
:104FC00000217B68CDF816306A460846ADF81060BF
:104FD000FDF762F9B5F868004FF6FF73984203D009
:104FE00014B106490BF0FBFB13B0F0BD08223846A4
:104FF0000CF025FEDBE700BFE03800204A39002036
:105000002DE9F041DFF8BC801F4698F800300546D6
:105010000C4616461BB170252846BDE8F081531E8C
:10502000052BF8D8FCF7B0FC0028F4D13B7B032B10
:1050300014D14FF6FE739C4212D1012E09D0022EDC
:10504000E9D10EF01AFD4FF6FB73984203D80EF02B
:1050500014FD044604E00FF057F9FAE7012EDAD008
:10506000EDB939462046FFF7C3FC05460028D3D1E9
:1050700098F80030332B03D0532B1CBF0F4B987381
:105080003046FFF70DFE00214FF6FF70FFF782FF5D
:105090000B4B1B78002BBFD00FF0BAFFBCE7397B5E
:1050A000CB1E594206F1FF3259415042504105F0A2
:1050B00029FE05460028D4D0AEE700BFD23D00202F
:1050C0002A1400203C3F0020F0B51E46184B07462E
:1050D00087B00C4601F1140051F8045B43F8045BFF
:1050E0008142F9D109881980D4F80E00D4F8121041
:1050F00023886D4603C5ADF8083023798DF80B3051
:1051000000238DF80A208DF80C303A466B464FF696
:10511000FE710120FFF774FF40B96846FFF74AFCB3
:105120002046FFF707FF08B9024B1E7007B0F0BD1D
:10513000E43D00200A4100201FB5144B1B88DB070B
:10514000044607D44FF6FF700021FFF723FF00202D
:1051500004B010BD0A231A4601A90120FDF7DCFFA7
:10516000BDF80C204FF6FF739A42EBD00822FF21C6
:1051700001A80EF032FC0028E4D10CB90120E7E7C9
:10518000BDF80C0001A9FFF705FFF7E7FE3D002081
:1051900038B50C4615460EF07CFC02F0D1FF2946CE
:1051A0002046FFF7F7FE00F061FC48B1054BDB79C4
:1051B0000E2B28BF0E230133DBB2034A137038BD18
:1051C0000123FAE7E43D00201741002030B501201B
:1051D00087B0FFF7B1FF154A0446516810686B4667
:1051E00003C384B904F0C4FD02A80EF05AFEBDF852
:1051F0000E004FF6FF7522462946FFF7C9FF0BF058
:10520000F2FA07B030BD0A4AD2F86A00D2F86E103E
:10521000B2F868506B4603C304F0AAFD02A80EF072
:1052200040FEBDF80E006A46E6E700BFB55E02002C
:10523000E038002037B5334B1B7804461BB170248F
:10524000204603B030BDFCF79FFB0028F7D100F0EB
:105250001DFC14B12C4B22881A800DF10700FFF7BA
:10526000E9FD00284AD10EF091FE04460028E7D15E
:10527000264D9DF80700FFF713FD2B78033B012B0C
:1052800027D82046FFF758FF18B3FFF79FFF01F01C
:1052900009F8FFF7A3FC01200FF0ADFF80BB1A4B0C
:1052A0001B889A0707D51A490522012003B0BDE8DB
:1052B0003040FFF7D7BD174D02230B2229460120AE
:1052C000FDF72AFF2B885B07BAD5204600F0FEFFCA
:1052D000B6E72B78053B012BB2D8FFF777FFFFF736
:1052E0007DFC2B78052B0CBF04200520FDF7B6FFB5
:1052F000012003B0BDE830400FF07DBF93249FE74D
:1053000004469DE73C3F0020FE3D00203D3F00203D
:1053100000F8FF07A63D00202DE9F743694D6A4ECE
:105320000123074668486B738846144600F04EFB1D
:105330000BF0ADFE38B9012F01D9042F10D1214651
:10534000404609F042FF102000210FF086FE0028A1
:1053500000F0B080002003B0BDE8F043FCF7C6BC0D
:10536000002CF0D1594B1B78212B03D0062B01D0F8
:10537000532B02D101F088F9E5E7FDF7DFFF0028A4
:10538000E1D000F073FB38B92B7B002B0CBFAB20B6
:105390009420FFF751FCD6E74D4B0193304600F0C7
:1053A00015FB20B14B4840F6690109F0DBFC45498B
:1053B000307B01AA0BF04BFE95F80080B8F1000F8E
:1053C00003D14148FFF7B6FDBDE7DDF804900EF0CC
:1053D00054FB737BDB07044603D596F909000BF0F9
:1053E00054FE0EF04AFB3C4B3C4F18800EF062FB23
:1053F0003B4B1880FDF71CFF3A4B1880FDF71EFF52
:105400000822014638480CF01AFC0EF016FB374B08
:1054100018703079FFF7F6FC70880021FFF7BAFDAD
:10542000FDF78CFF60B1631E9BB24FF6F67293429C
:1054300006D90EF069FFB7F8683083420446F8D009
:1054400020460EF026FB30880EF040FBB7F86800CF
:105450004146C847044608B918209AE7B7F86810CB
:105460000DF091FF002387F859302B7803F0FB03F0
:10547000022B02D020460EF01AFD00231A461946D0
:105480002046FFF7B5F998B19423EB73184B1B78BE
:10549000042B06D11748C821FDF728FD03232B74E0
:1054A00051E714484FF41671FDF720FD0023F6E78D
:1054B00094206EE7FFF712FA00287FF44BAF03B099
:1054C000BDE8F083D23D0020E43D00203C3F0020B9
:1054D000C73F0200AA850200D03D0020E03800202E
:1054E000CE3D0020CC3D002001410020094100209C
:1054F0003D3F0020681200207FB5194E194D002451
:105500003278E3B29A4201D804B070BDB5F8682091
:105510004FF6FF739A421AD0134B1B88DB0714D542
:10552000124AB5F8683010685168ADF80C3001AB1C
:1055300003C30A231A4601A90020FDF7EDFD0C491B
:1055400002230B220020FDF7E7FD0134D8E70748CE
:10555000002208210EF041FA0028F6D1DCE700BF56
:10556000FE130020E0380020FE3D00204A390020D4
:10557000A63D002010B500F0D3FE01F0E5FBD8B148
:105580000E480F4CFDF74EFD0E48017A0E30FFF726
:10559000ADFB23781BB100F0FBF9002323700A4B0D
:1055A00000221A73FFF71AFB07F00AF900F01AFF3E
:1055B000BDE81040FFF7A0BF10BD00BF681200207B
:1055C0000A410020E43D0020D23D002010B52548CE
:1055D000FDF728FD01F0B8FB30B1234B1B781BB958
:1055E000BDE81040FFF7C6BF01F0AEFB78B11F4C1D
:1055F000237C83B11B48C821FDF778FC237C013B49
:1056000023740021BDE810400846FCF7D9BBFDF724
:1056100095FE0028EBD1FDF791FE154B1B7858B98C
:10562000112B03D003F0FD03412B19D10F4BBDE823
:105630001040D87BFFF700BB332BF7D10D4B1888F8
:105640000EF027FA0C4B18880EF040FA0B4B0C4961
:105650001888FFF79FFC0B4B1878FFF7D3FBE5E7A3
:1056600010BD00BF68120020383F0020D23D00204E
:105670003C3F0020D03D0020CE3D0020CC3D00200E
:1056800001410020094100202DE9F04F85B00F466F
:1056900002AD04462946384691460FF0C8FE4FF049
:1056A000000B82463846CDF804B00DF022FF467854
:1056B000022C804606F0020609D85CB1FDF73EFEDA
:1056C000044600283CD1734B01241B7859E0043C6C
:1056D000022C2ED9FDF732FE38460DF083FE002451
:1056E000DFF8B4A10546A04638460DF002FF50F899
:1056F000093001930DF105000DF0C5FD9DF807B0CF
:105700000746B8F1000F09D0BAF1000F06D0624980
:10571000082250460CF083FA002851D1BBF1000F4B
:1057200034D14FF6F7739F4230D99420FFF784FAB3
:1057300046E00EF005FCFDF701FE0446F8B15C46BC
:105740004EB1564B1B78012B02D0043B012B0BD8DA
:1057500005B0BDE8F08F4F4B1B782BB14F4B1B783A
:1057600003F0FB03022BF3D0BAF1000F404608BF51
:1057700000250FF04FFE4FF001088246B4E7454B7D
:105780001B78002BF0D0002EEED1E1E7DFF804917A
:1057900099F8003003B11EB314B3414B1B78022BB0
:1057A0001ED1BBF1000F14D138460EF072F95846E5
:1057B0005946FFF79BFA07F003F8992009F0CFFC50
:1057C0000020FBF789FA0028C2D000200DF0ACFEC3
:1057D000BEE7FDF7B3FD48B13248FDF723FCA4E76F
:1057E000FDF7ACFD10B1BBF1000FF5D1FDF7A6FD43
:1057F0000028E5D02846FEF79FFBFF28DFF8A0A091
:10580000294C03D09AF80030012B04D1B4F8680079
:105810002946FEF7EDFCFEF7A9FD2A46B4F868100C
:105820003846FFF7B5FC214B214A93F906301B029D
:1058300013809AF80030012B18D0312B14BF43236A
:1058400011238AF800301B4B16481968134CFDF7DA
:105850004DFB00F027FD99F800100023237439B99F
:105860001048FDF743FBAD23E373A9E71123E8E7F5
:10587000B8F1000F03D016B1FFF77CFEF3E70E4B33
:105880001B78042BEFD107480521FDF72FFB0923D7
:105890002374E8E7383F0020EF400020D23D00208D
:1058A0003C3F002068120020E0380020E43D00204A
:1058B000FC3D0020881200203D3F002070B50846C6
:1058C0008AB00D460DF015FE092200210646FBF7B1
:1058D0008FFD044628460DF085FD0DF107030522D6
:1058E00002A928460AF084FF02281AD09DF8073042
:1058F0001C44E4B204F110020023D2B22946012074
:10590000365D09F0B9FB60B1022E0AD1064B1B7857
:10591000012B06D1054B187818B922462946FFF706
:10592000B3FE0AB070BD00BF3C3F0020D23D002056
:1059300008B5FDF777FB024B00221A7008BD00BFC7
:10594000303F002084B010B502AC84E80F000F4C4B
:10595000BDF8082063889A4204D00020BDE81040BA
:1059600004B070470822211D0DF116000CF057F904
:1059700002460028F1D10821201D0EF02EF8002843
:10598000EBD16088003818BF0120E7E7D23D002046
:10599000034A044800231380034A1370FDF742BBF7
:1059A000003E00208C1200200C41002008B5034866
:1059B000FDF738FBBDE80840FFF7EABF8C12002076
:1059C0000148FCF787BE00BF003E002037B5054602
:1059D00098B10C4B1B7893B100210B480DF0D8FD0A
:1059E0000024014616230094224628460DF0F4FEBA
:1059F000064B20461C7003B030BD0220FBE7702030
:105A0000F9E700BF0C410020003E00200B410020C0
:105A1000F7B5054618B3134C13482378124F0133DA
:105A2000002123700DF0B4FD00260146237819B93A
:105A3000013B237001200AE0F2B2934209D1002415
:105A400000941623224628460DF0C6FE204603B0D9
:105A5000F0BD38460DF0F2FD01360146E6E70220C2
:105A6000F5E700BF0B410020003E0020014B1878F5
:105A7000704700BF0C41002025289DBF024B1870C5
:105A800000200220704700BF2B14002007B501231F
:105A900018460D220DF10701FDF73EFB9DF807208A
:105AA000024B1A7003B05DF804FB00BFCE13002058
:105AB00084B010B502AC84E80F002548089C082289
:105AC0000DF116010CF0ABF838BB9DF815309B07B3
:105AD00005D4204B1B7803F0FD03312B23D11E4945
:105AE0006378097803F00F028A4203D0012928D194
:105AF000022A18D12278B2B91B09022B13D194F9CA
:105B00000230002B21DB154BB3F86820BDF80A30BA
:105B10009A4208D1FEF7ECFF06E00D48002208216A
:105B20000DF05BFF20B90020BDE8104004B07047C5
:105B30000B4BBDF808205B889A42C6D0002BC4D01E
:105B4000F1E70229EFD1012AD3E70120ECE700BFFA
:105B5000D63D00203C3F0020F3130020E038002019
:105B6000D23D002084B02DE9F04F89B012AC84E81A
:105B70000F00DFF84CC1504BBCF802009DF84D906F
:105B80009DF95220BDF860E09DF865A09DF9665032
:105B90009DF868709DF96A10BDF848B09DF94E8077
:105BA0009DF850601B7810F001042DD09DF86D0019
:105BB000C0F34004C0F38000002B41D03F4B1B7862
:105BC000012B00D1F4B1C0B19CF800301E335BB2A0
:105BD000AB42ACBF002501259845D4BF002301236B
:105BE000AB4209D1914208DC0CD1B81BC0B280286D
:105BF0008CBF0020012000E0284609B0BDE8F04F2E
:105C000004B070470020F8E7840718D5C3B14908ED
:105C100014BF01200020520814BF01230023834237
:105C2000EBD1BB1BDBB2802B0AD9BE42EAD1A8451F
:105C300006DBE7D1D1452CBF00200120DDE70BB901
:105C40000120DAE7BE4216D018AD0FCD02AC0FC46A
:105C500095E8030044F8040B2180DDE9160112AB3E
:105C60000090ADF804100FCB0BF0EAF90028E7D153
:105C7000BE42BAD1C1E7F34518D00DF1700B9BE8D5
:105C8000030018AC0090ADF8041094E80F00FFF783
:105C900059FE0028D4D19BE803000090ADF8041011
:105CA00094E80F00FFF74EFE0028C9D1A845C7DBD6
:105CB000CAD1D145C4D3C7E70C4100203C3F0020E6
:105CC000CE13002084B02DE9F04F8FB06A4E18AC8F
:105CD00008AD84E80F001622002128460BF0C9FF0A
:105CE00033783BB90024654B32781B789A4239D21D
:105CF000002726E06248DFF8889100210DF048FC7B
:105D000000270446B846002C45D13FB15C482246E6
:105D100039460DF0BCFC3378013B33703378002BEF
:105D2000E0D05748DFF858B100210DF031FC4FF0BA
:105D3000000980464F46CA46B8F1000F6CD1002FCB
:105D4000D1D01621002218A80DF00BFC014648B155
:105D5000002F00F08B804A4822460DF046FC337835
:105D600001333370454B32781B789A4207D9444847
:105D7000002201880DF08BFC3378013B33703378BF
:105D8000012B03D13F494048FDF7B0F80FB0BDE803
:105D9000F04F04B0704700222146CDF80080162352
:105DA00028460DF019FD1622294618A80BF037FFDA
:105DB0000028EBD09DF864209DF824309A4225D12C
:105DC000BDF86020BDF820309A421FD108220DF1A5
:105DD0002E010DF16E000BF022FFB8B90DF1600C31
:105DE000BCE80F0002AF0FC79CE8030047F8040BA4
:105DF0000EAB398013E903000090ADF8041095E86C
:105E00000F00FFF7AFFE0028C0D0274621464846C6
:105E10000DF014FC044676E7162300224146CDF827
:105E200000A028460DF0D8FC0DF1600CBCE80F0076
:105E300002AF0FC79CE8030047F8040B0EAB398094
:105E400013E903000090ADF8041095E80F00FFF788
:105E500089FE074620B1B9F1000F04BF44468146D0
:105E6000414658460DF0EAFB804665E704483A464D
:105E70000DF094FB73E700BF0C4100202B140020B1
:105E8000003E002020BF02008C1200202DE9F04FC0
:105E90009FB010AF00210446162238460E91CDE97E
:105EA0000C11CDF83B100BF0E4FE0DF11F030522A1
:105EB00016A920460AF09CFC0228804600F0FD80CE
:105EC00020460DF016FB06460DF0DDF98146F01C6C
:105ED0000DF0D9F9ADF84000701D0DF0D4F9B8F10E
:105EE000010FADF84200204640F0EA800DF001FBC2
:105EF00005462046FCF7C8FD0D352D1AEAB23B4693
:105F00002146082009F0B8F8002800F0D680204685
:105F10000DF0F4FAB8F1010F9DF84D30834640F0D2
:105F2000E88043F0010300258DF84D3016AE04954E
:105F30003388022B58D1F1780231C9B22046FCF7E0
:105F400093FF1B2850D1F1780331C9B22046FCF7EA
:105F50008BFF192848D1F1780431C9B22046FCF7EB
:105F600083FF4A2840D14FF0050AF17801315144AE
:105F7000C9B22046FCF778FFF17851448046C9B297
:105F80002046FCF771FF00EB082083B200F03F02CF
:105F9000932B059240F09C8096F80380D0445FFAE2
:105FA00088F808F10203DBB204930023049A0093FB
:105FB00021460F230CA80DF00FFC08F11101C9B206
:105FC00020460DF056FC08F113010546C9B22046E3
:105FD0000DF04FFCADF84200059B023353445FFACD
:105FE00083FA33795345C0D806360DF17603B342B0
:105FF0009ED19DF84D20C5F3C03363F34102204686
:106000008DF84D200DF00CFA8DF8440020460DF06F
:10601000FCF98DF8450020460DF0FCF99DF8323072
:106020008DF84600C3F3C3028DF84720DDF8332016
:10603000CDF84E20BBF1190FDDF83720CDF85220F6
:106040008CBF9DF83E2000228DF8482003F003020B
:106050008DF84A209DF84D20DB0963F382026A4BDC
:106060008DF84D201B78022B58D1BDF840600DF003
:1060700021FD864252D108A80DF097FFBBF1190F00
:1060800049D908220DF14E0108A80BF0C8FD0028DF
:106090003ED1B9F5004F02D0B9F5624F0DD125F4CC
:1060A000404540F6FF739D4207D1002208210DF1C3
:1060B0004E000DF092FC002840D01FB0BDE8F08FDC
:1060C0000DF017FA05462046FCF7DEFC073514E70D
:1060D000412B81D1F17802315144C9B22046FCF7FD
:1060E000C3FE4A4B1B78C3F1B30318448DF8490033
:1060F00072E76FF30003F01D8DF84D300DF0C3F81B
:106100000CA9054620460DF072FF0023049370E7AA
:1061100000F008FDBDE700F005FDCEE7B9F5004F42
:1061200002D0B9F5624FC8D125F4404540F6FF735F
:106130009D42C2D1BBF1190FBFD9B6E7BBF11A0F0F
:1061400006D004991F313A46C9B220460AF07EFFB4
:106150002F4C304D637BDBB12B78012B1DD10123FC
:1061600023730CAB029314AC94E803000090ADF8D9
:10617000041097E80F00FFF79BFC90B194E8030030
:106180000090ADF8041097E80F00FFF79BFD08E0C2
:10619000FDF7D4F80028DFD0E1E703F0FD03042B7E
:1061A000DDD02B78012B01D0042B86D11A4BDDF8E2
:1061B0004E001B788DF82230BDF84030ADF820300D
:1061C0009DF84D30DDF85210C3F340038DF82330B5
:1061D0009DF8313003F00F038DF82C309DF84830D6
:1061E0008DF82D3009AB03C30C4B1B681BB139462E
:1061F00008A8984761E79DF946209DF8451008A832
:1062000008F0CEFF59E700BF3C3F002013410020BB
:10621000D23D0020F940002012410020B839002072
:1062200010B508F081FD114B1B78022B1CD1104AD0
:106230001468A04218D00F4910600A68121B10445D
:106240000D4A086012786AB1013A93403C225343E8
:106250004FF47A725343984206D9BDE810400320A8
:10626000FCF7FCBF0A23F3E710BD00BF3C3F002052
:10627000F82B0020F42B0020EF130020064B1B8886
:10628000DB0708D5054B002243F82020044A135CA5
:1062900063F00F0313547047023E0020C82A002009
:1062A000183F002008B508F03FFD034B1860034B72
:1062B00000221A6008BD00BFF82B0020F42B00203C
:1062C000014B1868704700BFF42B002008B50C483C
:1062D000FCF7A8FEFDF706F880B10A4B0322B3F8DD
:1062E000681001200AF0CEFE074B05481B884FF4CA
:1062F0007A715943BDE80840FCF7F8BD08BD00BFFE
:10630000AC120020E0380020B2130020034B1888A4
:10631000C0F30E00003818BF01207047A63D0020D2
:1063200008B5FFF7F3FF30B10449002002230B2228
:106330000880FCF7F1FE002008BD00BFA63D00204C
:10634000024B1888C0F30E00704700BFA63D002026
:10635000084A094900231370084A1370084B094A78
:106360001B7843F004031380012002230B22FCF767
:10637000D3BE00BF0F410020A63D00200E410020EB
:10638000F0130020023E002030B585B00024114DEE
:10639000019401210B2300918DF80C308DF80D0034
:1063A0000323B5F868008DF80E4003AA0EF0CFFF66
:1063B00068B1B5F868100DF0F1FE40B1064B074822
:1063C00005221A70064B64211C70FCF78FFD05B086
:1063D00030BD00BFE03800200E410020CC1200206C
:1063E0000F410020064B1B78033B012B06D8054BC1
:1063F0001B781BB9044B1878FFF7C6BF704700BF66
:106400003D3F00200D410020EF13002008B5154846
:10641000FCF708FE144B1978F9B9144A13787BB1CC
:10642000013B1370124B1B78042B02D10846FBF77B
:10643000C7FCBDE808400B484FF49671FCF756BD09
:106440000C4B1B8803F00303022B0AD1BDE8084064
:10645000094903220120FEF705BDBDE80840FFF70A
:10646000C1BF08BDCC1200200F4100200E4100200A
:106470003D3F0020A63D002000F8FF07084B1A789A
:106480005AB1013A022393404EF66022534303214E
:106490000448B3FBF1F1FCF729BD42F21073F6E7B3
:1064A000EF130020CC12002070B505461748FCF70A
:1064B000B9FD174B012228461A700EF06CFF411CE3
:1064C0000446C9B22846FCF7CFFCA11C0646C9B257
:1064D0002846FCF7C9FC0F4C022320800B222146E2
:1064E0000020FCF719FE86B9238803F00303022B72
:1064F00003D1FFF7D7FEFFF7C1FF23885B0704D561
:10650000BDE870400448FFF7E1BE70BDCC1200202A
:106510000F410020A63D0020AC1200202DE9F041E3
:106520001A4C238886B005464BB3DFF868800021FB
:106530004FF480700EF064FD98F80030DB071CD536
:1065400001212088FCF72AFB074620880CF0D1FFA8
:1065500002300CF098FE03A9064620880FF005F8DB
:1065600098F8003013F0020F18BF002500953B4645
:1065700003AA3146062008F05AFD00232380044870
:1065800006B0BDE8F041FCF74DBD00BF063E00205F
:10659000EC1200201041002010B50446CA20FFF77D
:1065A000BDFF01214FF480700EF02AFD58B1064B5B
:1065B00006481C80064B00221A70064BBDE81040AE
:1065C0001988FCF793BC10BD063E0020EC12002099
:1065D00010410020B6130020044A137818B943F084
:1065E00001031370704743F00303FAE710410020E2
:1065F000044B1B781BB9044A1380FEF799B900209D
:10660000704700BFFD400020043E002030B501F07F
:10661000400387B0002B4FF00402054614BF01244D
:1066200000248DF80C208DF80D1004D004A90EF074
:106630000DFD18B304ABCDE9004303AA02230121E9
:1066400028460EF084FE0446D0B10E4BB3F8681015
:106650000CF099FE4FF6F7739D420AD900233222BF
:1066600002212046FEF7C4F880F00100C0B207B056
:1066700030BD294620460DF091FDF5E70120F6E7F3
:106680001820F4E7E038002010B5FFF749FE04F0C9
:106690005BF90DF004FC00200EF0CAFCFBF774F966
:1066A00008B1FDF771FA1F4C2378532B10D1032347
:1066B0000021012023700DF083FC0020FAF70CFB71
:1066C00010B100200CF030FFBDE810400AF0DEBC35
:1066D000062B01D0212BF0D101200DF03DFC4FF60F
:1066E000FE700DF0D6F94FF6FF700DF0EFF90020B7
:1066F000FEF7CCFA0020FEF7D3FAFEF763FA00F0BB
:1067000009FB0AF0C6FC2378212B02D1FEF700FA20
:10671000D3E70020FCF7A2FD00214FF400400EF06B
:106720006EFACAE73C3F002010B50A4C0A48FCF755
:1067300079FC2378062B02D101200DF00DFC237883
:10674000062B01D0532B03D1BDE81040FFF79CBFAF
:1067500010BD00BF3C3F00200C1300202DE9F04786
:10676000DFF8C08004460E461746FFF7D9FD98F8BB
:10677000005015B97020BDE8F087212DFAD02848C7
:106780000DF0EBF80028F5D114F02004DFF898A004
:10679000DFF8989005F00F05394630461BD00AF017
:1067A0001DF8012D8AF80070A9F8006029D1212375
:1067B00088F80030FFF768FF0020DCE7212388F825
:1067C0000030FFF761FF00214FF6FE70FEF7E2FB9D
:1067D000FEF792FEF0E70AF000F8012D8AF800704B
:1067E000A9F80060EAD0062321464FF6FD7088F82C
:1067F0000030FFF70BFF0A4840F22621FCF776FB3A
:10680000E1E7532321464FF6FD7088F80030FFF78B
:10681000FDFE034840F22621FCF768FBCCE700BFF1
:106820000C1300203C3F002011410020D213002017
:10683000F8B50D46511CC9B206462846FCF714FBB4
:10684000044628460CF055FE054602300CF01BFDB0
:10685000164B1B78022B074602D0043B012B23D892
:10686000134B1B68580201D5A1061DD562061BD526
:10687000104BB3F86830B34216D16B781B070FD5B5
:1068800028460EF0C7FD0C4908220BF0C8F958B98C
:10689000314604F020000122BDE8F840FFF75EBF5A
:1068A0000DF0EBF8B842F3D0F8BD00BF3C3F00203C
:1068B000002C0020E0380020EF40002073B5044693
:1068C0000D460EF0BFFBFF28034625D0134A127871
:1068D0004AB1134A32F81020520404D50EF097FB47
:1068E000002002B070BD18460EF0A4FB69460646B3
:1068F0000EF0ACFB40B1FCF7A5FC28B1002302224E
:106900006946304604F0CEFF45F04001204602B013
:10691000BDE87040FFF77ABE0120E2E7383F002073
:10692000A03D002038B505460CF0E3FD044628469E
:106930000EF031FD411CC9B22846FCF795FA42061B
:106940000DD563781B070FD520460EF063FD014679
:1069500000200EF075FBBDE838400EF058BBBDE8D6
:1069600038400248FFF7E0BE38BD00BF0C130020DE
:1069700038B54FF6FF75A842044617D00DF09AF8C7
:10698000A04213D00A4B19884FF6FD7291420DD9DF
:10699000084A1288AA4201D0A24207D11C800648A8
:1069A000BDE838404FF47A71FCF7A0BA38BD00BF9B
:1069B000BC130020D41300208C2B002008B5044801
:1069C000FCF730FB034B4FF6FF721A8008BD00BF87
:1069D0008C2B0020BC130020024A13780BB1013B22
:1069E000137070472E3F002008B50DF06FF8064B6E
:1069F00000214FF6FF7208461A80FEF777F9BDE8CE
:106A000008409A2008F0ABBBBC13002008B5FCF787
:106A100009FB0A4B1B78023B032B08D8084A108855
:106A20004FF6FE7398424FF6FF7301D1138008BDF5
:106A30009842FCD0BDE80840FFF7D6BF3C3F00209D
:106A4000BC13002010B5084B1B78042B0AD00DF0A6
:106A500014F80021044608460DF001FB231A5842A1
:106A6000584110BD0020FCE73D3F0020F0B589B043
:106A700000260546CDE90566ADF81C600EF08BFCDE
:106A80000A23024604460096294605A80CF0A4FEF7
:106A90009DF815309DF814701F2B27D803A80DF012
:106AA00084FA08220DF1160103A80BF0B8F8064687
:106AB000E0B9092F1CD1FFF7C5FFB8B1154B1B7802
:106AC000A3B1154B1A884FF6FD739A420ED9134C99
:106AD000134A23780433DBB223701278013AB3EB04
:106AE000820F03DD58B208F09EFC267009B0F0BD9D
:106AF00004F10A01C9B22846FCF7B6F90DF0D2FA42
:106B000004F10B01C9B228460CF0B3FEFFF730FFC9
:106B1000ECE700BF02140020BC1300202E3F002031
:106B2000EE13002038B5134B1B78033B012B20D903
:106B3000114B1B784FF6FF71ABB1104D2B888B4278
:106B400017D10CF0B7FF4EF6602104460C48FCF755
:106B5000CDF94FF6FE732B8022460021BDE8384068
:106B600009200DF0ADBA074A13888B421CBF0133D0
:106B7000138038BD3D3F002002140020BC130020CC
:106B80008C2B0020A23D002008B50448FCF74AFAEF
:106B90000021BDE808400846FBF712B92C1300207D
:106BA00010B5044661B1FF210CF044FC00212046E1
:106BB0000CF046FC0CF008FB014620460CF046FCAD
:106BC00021460348BDE8104000220CF0E7BC00BF9E
:106BD0000A3E00202DE9F0410D46174604460CF010
:106BE00088FC0678284606F067FD29468046204640
:106BF0000CF0C9FB0CF041FFA84206D12046012150
:106C0000FFF7CEFF0120BDE8F0812846B8F1000F64
:106C10000BD006F0D3FD58B915493A4620460978FD
:106C2000BDE8F0410023FDF7E3BD0EF018FAF2E7EE
:106C300006F00306012E08D00CF01FFF00232246A9
:106C4000294602F097F90028D8D120460CF057FBCE
:106C5000430505D520460021BDE8F0410CF0FABF00
:106C600020460EF0DAF9B0FA80F04009CBE700BF19
:106C7000ED13002010B586B004460EF08CFB104BCF
:106C80000246186819790290D3F805005B7A8DF8EE
:106C90001430013200238DF80C100490009321462B
:106CA0000523D2B204A80CF097FD052204A902A87E
:106CB0000AF0B5FFB0FA80F0400906B010BD00BF81
:106CC000B885020008B511480CF026FE104B1B7861
:106CD000012B06D8FF200EF073F9FDF75DFC0EF0D6
:106CE0008EF9FDF7BDF901F0C5FCFFF731FB0EF0A1
:106CF000CFFC07F065FAFDF7F9FD07F099F809F008
:106D00006FFDBDE8084002F033BC00BFA039002091
:106D1000133F002008B5EFF777FEFF2803D0094B9B
:106D20001B78012B06D900200EF04AF9FDF734FC40
:106D30000EF065F9FDF794F901F09CFCBDE8084000
:106D400002F016BC133F0020064B1878112806D01D
:106D500000F0FD00A0F14103584258417047012066
:106D6000704700BF3C3F00202DE9F8430446FDF783
:106D7000BBFB18B100263046BDE8F8831A4BB3F8C8
:106D800068104FF6FF784145F4D020460CF0FBFA2E
:106D9000164A0123128802212046FDF729FD0646E6
:106DA0000028E7D020460CF0A4FB90F80790054699
:106DB00004300CF068FA07460CF05FFE49460246C4
:106DC0003846FDF7A9FBA81C0CF05DFA404502D13E
:106DD0002046FFF7E1FB2B789B07CCD10121204611
:106DE000FFF7DEFEC7E700BFE0380020083E0020C6
:106DF000F8B507460CF07DFB054604300CF043FA6D
:106E00000646A81C0CF03FFA044630460EF01AF96C
:106E1000304606F051FC2B789B0701D10CF02DFE7B
:106E2000AB790BB90320F8BD0CF027FEA0420CD1C2
:106E30000CF023FE0446094B21461A783846FFF72A
:106E4000C9FE0028EED00020EDE7054B1B78052B8E
:106E50001CBF044BB3F86840EDE700BF083E0020BC
:106E60003D3F0020E03800202DE9F0410646104665
:106E70000D460EF090FAA0F11004E7B256FA84F431
:106E8000EA1B214604F10E000AF0D9FE2823F3552F
:106E9000DFF8408098F80030637301F0FDFB611C5F
:106EA000024601200CF0F5F909490822601D0AF09C
:106EB000C6FE98F800000DF0FEFE05F10E0130460A
:106EC0003B460022C9B201F093FC1220BDE8F081DC
:106ED000EF400020373F00202DE9F04F87B00446F7
:106EE0000CF007FB064620460CF066FA0746301DFC
:106EF0000CF0C9F98146B01C0CF0C5F9384696F87B
:106F000007A00EF0AEF833789A0769D12146042025
:106F100001F076FD002863D020460EF03CFA0146D1
:106F20002046FBF7A1FF83075AD120460EF033FA23
:106F300001462046FBF798FF10F0030303934FD15F
:106F40002046FFF797FE00284AD020460EF0FCFAB4
:106F500000F1010B05462046FBF7B2FD5FFA8BFB03
:106F60000BF10A03834264DA334A1068516804ABB8
:106F700003C3A91CC9B22046FBF776FF59468046D9
:106F80002046FBF771FF05F10B0100EB08201FFA0B
:106F900080F8C9B22046FBF767FF039B0093EA1C09
:106FA0000823D2B22146834604A80CF015FC2046E3
:106FB0000CF002FA5A4641460AF072F8012204A97E
:106FC000404601F07DF9A0BB022007F09DF80220A9
:106FD00007F09AF8013003D104A94046EFF70EFC00
:106FE0000CF04BFD48453A46514607D10CF03BFFAB
:106FF000F8B907B0BDE8F04F0DF085B948460CF080
:1070000032FFB0B90D4B1B781BB9394648460DF01D
:107010009DF83A4651464846FDF77EFA48B1317828
:1070200011F0030105D1204607B0BDE8F04FFFF78E
:10703000B7BD07B0BDE8F08FB55E0200333F00205A
:1070400038B50F4D2B78023B012B15D80AF02AF8E2
:10705000044698B9FFF7E4F82B78032B214604D1B6
:1070600001200CF0ADFF012038BD2046FAF7A8FE44
:10707000003818BF0120F7E79320F5E77020F3E709
:107080003C3F00202DE9F74306460D4614460CF020
:1070900040F90C28304645D10CF02BFA092200218A
:1070A000FAF7A6F900F11001C9B23046FBF7DCFE91
:1070B000042813D07C282BD0012840F0A78045B9A4
:1070C000132130460CF0D5FB03B0BDE8F0430CF0C3
:1070D000FDBC03B0BDE8F043FDF76EBD594B1B7816
:1070E000022B40F0938045B9FFF72AF9C3070AD570
:1070F000FFF7D8F8002C08BF3125284603B0BDE8BB
:10710000F04308F09CB8FFF701F90028F0D0F1E750
:1071100001213046FBF742FD294603B0BDE8F043AC
:1071200008F038B90CF0E5F9804604300CF0ABF803
:10713000074608F102000CF0A6F84FF6F7739842E4
:1071400004460CD8404A138801339BB213800BB914
:107150003E4A13801DB13D4A13880133138098F8CD
:10716000009009F00309B9F1010F1DD130460EF06E
:1071700012F901463046FBF777FE0B2809D00D289F
:1071800007D0042842D1304603B0BDE8F043FFF7F2
:10719000C9BB2F4B1B78042B38D10021084603B004
:1071A000BDE8F043FAF70CBEB9F1000F2ED1294625
:1071B000304603F0A5FC4DB34FF6F7739C4225D83B
:1071C00098F8016016F00406204622D10DF008FF61
:1071D000054620467DB10DF042FF034600BB0090FE
:1071E0000C22214638460DF024F90C22002300938E
:1071F0003946204608E00DF032FF0346C8B9154A6B
:1072000000901278214638460DF013F903B0BDE81E
:10721000F0830DF024FF034678B900900B22F1E7CC
:10722000062200963346214638460DF002F9062222
:10723000DCE700952B460622E4E7CDF800904B46AC
:10724000F9E700BF3C3F0020AA3D0020A83D0020F8
:107250003D3F00202D1400202DE9F04F05888BB014
:10726000044628460CF045F9074604300CF00BF8AC
:107270008246B81C0CF007F805A9804628460EF097
:10728000D6F828460EF087F8014606462846FBF752
:10729000EBFD3B78009003F00303012B0CBF83460A
:1072A0004FF0FF0B07F03BFDE3880293637A0190F8
:1072B000D90700F186800CF0E0FBA0EB0A02D2F1C6
:1072C000000949EB0209FB790393504600F05AFF8D
:1072D000002879D1404600F055FF002840F08B800F
:1072E000FDF7CAFB8046FCF729F810B9FFF72CFD23
:1072F00030B1A8F104085FFA88F8B8F1020F1BD981
:107300000BF0FD03042B00F0B680FFF71DFD20B14C
:10731000009B03F00303012B0ED0FBF7E3FF28B91A
:10732000724B1B7803F00F03062B6BD1704B284672
:10733000B3F868100CF027F8BBF1010F66D12846AE
:107340000CF00BF84FF6FF73984240F09480002346
:1073500007AA314628460DF04BFE0746002845D0C7
:1073600042799DF82530934209D9711DC9B228464A
:10737000FBF78EFDA37823F00F030233A370EBF726
:10738000F5FC7E23B0FBF3F202FB130303F58073DD
:10739000A3809DF8263013F0180F0AD0A3781B079E
:1073A00007D1B9F1000F04D17A7905A9504607F049
:1073B00067FF9DF82700003818BF01200BB0BDE81B
:1073C000F08F4FF001097EE728460CF092F802306A
:1073D0000BF059FF4FF6F773984207D9039B2BB96F
:1073E0002846FFF747FC00287FF474AFA37823F00A
:1073F0000F03A37008E040460DF033FE00287FF431
:107400006FAFF3E72823A3800020D7E7BBF1020F7B
:1074100054D1012307AA314628460DF0E9FD8046E4
:107420000CF02BFBBDF8223098421FD1B8F1000FB1
:10743000DCD0B8F802300122314628460DF0D6FDE6
:107440002C4A13780133DBB2FB711370B8F80230A9
:10745000BDF81E209A421FBFA37823F00F0302330A
:10746000A3704FF4C873A3800120A7E718460DF05E
:10747000F8FD0028DAD128460BF06FFF0CF0F0FA87
:10748000012808BF1C4BA27801BF1B7803EB8303C4
:1074900003EB83039B0006BFFA339BB2FA23120966
:1074A000A4D1DDE90121521A92B293429ED3EBF7A7
:1074B0005DFC00F01F001030A080D5E7BBF1030F8A
:1074C000D9D1B9F1000FD6D0711CC9B22846FBF74B
:1074D000CBFC0C28CFD1FCF773FF4FF6FF7398421B
:1074E0000146C8D028460BF04EFFC4E73C3F0020C1
:1074F000E03800203A3F0020FC1300202DE9F04145
:1075000005460C460BF005FF082802D10120BDE816
:10751000F081201D0BF0B7FE0646284694F8078040
:107520000BF04AFF074628460BF0E9FE010612D58C
:10753000184B1B78042B0ED1174B1B78022B0AD14A
:10754000164BB3F868204FF6FF739A4203D0002120
:107550000846FAF735FC124B1B78002BD6D1A01C3D
:107560000BF091FE4FF6F773984202D86378DA0772
:107570000DD523789B070AD13A46414630460CF098
:1075800072FC80F00100C0B200F00100BFE70120F2
:10759000FAE700BF3D3F00203C3F0020E0380020DC
:1075A000164100202DE9F04F9BB004460BF0B1FED0
:1075B000054620460BF0ADFE08284CD12046ADF81C
:1075C0005840FBF77DFABDF85820A0F11005EDB248
:1075D00010461023009500210CF038F9294616A812
:1075E0000CF0E1F82046FBF74FFA05462046FBF782
:1075F00067FAC1B22846FCF775F8ADF85A408DF825
:10760000590048B92046FBF73FFA01460DF15900F1
:10761000FCF7A2F88DF85800BDF8582048F2010395
:107620009A4202D1204609F0DDF89DF85930402BEE
:1076300005D1204609F0D6F81BB0BDE8F08F802BAD
:1076400003D016A807F0C0FEF6E716A809F022FD41
:107650000028F6D0F0E720460BF09BFEB0F5006F57
:1076600040F0FE8020460BF0A7FE0646042D40F0B9
:10767000FA8020460BF043FE80F40060C0F3C02087
:1076800000223146400009F06EF8914B1A78022A28
:107690000DD0FFF759FB50B902F0FD03312B06D096
:1076A000043A012A03D98B4B1B78002BC4D0214606
:1076B000022001F0A5F905900028BDD02046ADF8C4
:1076C00042400BF016FF0446BDF842000BF074FE7A
:1076D0000546201D0BF0D7FDA31C834618460893D2
:1076E0000BF0D1FD11A90746BDF842000DF09FFE39
:1076F0002378069003F0030ABDF8420063780993EB
:107700000DF049FE63780D930646284605F0D4FF38
:10771000BAF1010F0CBF032302230F936E4B0E909F
:107720001D80237803F03C030CBF4FF00B084FF093
:107730000A08082B80D1BDF84200FBF7C1F9B0421E
:107740007FF67AAFBAF1010F03D023789B077FF45D
:1077500073AF624BB3F86830AB420DD1604A614BF6
:10776000B2F9001093F90030002900F0A18001EB7C
:107770000313A3EB21131380A6F11003DBB20B93C9
:107780008DF84130BDF842100DF141031022404602
:1077900007F072FC00283FF44FAF099B13F002037F
:1077A0000A9300F00C81504B1B78002B3FF444AF40
:1077B000BDF8428040460DF0EEFD4FF00009079005
:1077C0004046CDE91699CDF86090ADF864900BF085
:1077D000F3FD079B039003F10E0189B240460DF0C3
:1077E000ADFD00286ED00E23079ACDF800904146DB
:1077F00016A80BF0F1FF0DF1590101200BF057FD18
:107800009DF8653004939DF858300C90282B59D181
:10781000364908220DF15D000AF001FA002851D026
:1078200004980DF048FA002866D1314B049A1B7871
:10783000D31A1C0646D404F083F801283AD12D4E01
:1078400007F072FA3468054624B104F07FF82C1B67
:10785000844237D3002108460CF0B2FB356031E09A
:107860004FF6FD7602E74FF6FF70301A18BF012081
:1078700000223146400008F076FF0C2D0DD1214644
:10788000012001F0BDF800283FF4D6AE21460020CB
:107890001BB0BDE8F04FFEF711B82DB920461BB064
:1078A000BDE8F04FFEF7F2BA042D7FF4C5AEECE66A
:1078B0001B0260E704F044F8022803D104F022F828
:1078C0000028BCD003990022192008F04CFFB3E631
:1078D0003C3F002016410020263E0020E0380020DA
:1078E000FC3D002013410020383F0020EF400020E5
:1078F000373F0020CC39002001230093079A4B46E4
:10790000102140460DF016F80028DBD0BD4B049A3C
:107910001B78934240F0A88003990DF15D0213A8F3
:1079200005F0B2FE012113A805F01EFF48F2030185
:10793000814613A805F08CFFB9F1000F03D0082190
:1079400013A809F070FB40460DF043FD03990DF1BB
:107950005D0006F06DF9FE288146B3D0FF280AD1FC
:1079600003980CF0F4F9FF28814600F085800DF1B2
:107970005D01FCF789FCA34B049A1B78934200F04D
:10798000A1800C99484606F039F900283FF454AE1E
:1079900048460C9906F044F9237898070FD14046E1
:1079A0000DF0F9FC01464046FBF75EFA00F00300DB
:1079B000012804D103980DF15D01EEF71FFFBDF81A
:1079C00042000BF09CFC010440F1838020460BF048
:1079D0005AFC40F4007189B220460BF056FCBDF809
:1079E000420000224FF400410BF07AFCDDF81480D5
:1079F000BDF842100F980DF14103102207F03CFB37
:107A000000283FF419AE032866D120460BF03BFC5A
:107A100040F4007189B220460BF037FC28460DF087
:107A200020FB002840F0BC80DDF81480BAF1010F83
:107A300040F0BC80BDF84210032000F0E1FF0028B8
:107A400040F0B4803146BDF84200FBF70DFA0F2834
:107A500001467FF6F1AD4FF6F7739F423FF6ECAD6E
:107A600028460CF0E0FBE7E50499012003F0C6F995
:107A700000287FF451AF25E7237803F00303012B9F
:107A800008D140460DF087FC01464046FBF7ECF973
:107A9000082894D05C4B1A785C4B1B789A4209D228
:107AA0000DF15D010398FCF7A3FB03980CF04FF96F
:107AB000814660E708980BF0E6FB4FF6F7739842B3
:107AC000EED9FFE6484606F013F900283FF459AF17
:107AD0005EE74FF000088BE728460DF0C2FA002859
:107AE000A4D00A9B002B5DD1B8F1000F58D1BAF198
:107AF000010FBDF842009DD03146FBF7B5F9814634
:107B0000DFF8148198F80030002B5AD00BF0B5FF45
:107B100087427FF491ADBAF1010F40F08580B9F151
:107B2000070F7BD8B9F1050F7FF686AD384B1B7870
:107B3000022B02D0043B012B03D898F80030002B15
:107B400046D00D9B9A0640F1BA800E9B002B40F068
:107B5000B28028460DF076FAFF2840F0AC805D45F3
:107B60007FF46AAD069B002B00F0A38011AB46F2B8
:107B700004020126ADF8582001930096022316AAAC
:107B8000314628460DF0E3FB044600283FF454AD8F
:107B900029460BF0F8FB314620460CF05BF84BE52C
:107BA000DDF8148028460DF035FA3FE7BDF84200B5
:107BB0003146FBF759F90A9B814613B9B8F1000F1A
:107BC0009ED0134B1B78022B02D0043B012BB8D85C
:107BD000284600F0D7FA804600287FF42DAD0BF040
:107BE0004CFF854226D10B4BB3F868400BF045FFA4
:107BF000CDF80080014643460D2220460CF019FCCA
:107C00001AE500BF373F0020363F0020FD1300205B
:107C10003C3F0020E0380020383F0020A9F10E034F
:107C2000DBB2012B82D907E509F00303012B7FF4B6
:107C300003AD7BE728460DF014FA58B90BF03AFF74
:107C40004FF6FF73984205D0F9F79EFE10B928460B
:107C5000FCF774FA28460DF004FA88B10BF02AFFFD
:107C60004FF6FF7398420BD0F9F78EFE40B9BAF188
:107C7000010F02D1B9F1060F02D028460DF0C9F963
:107C8000069BA3B919460122584600F019FB80460D
:107C900000287FF4D1AC20460DF0BCFB42460146E3
:107CA000384600F00DFB00283FF44BAFC4E411A9A7
:107CB000E9E7069B5BE7637823F0200363704FF6E8
:107CC000FC739F423FF4B8AC4FF6FD739F4204D162
:107CD000B04B1B78042B3FF4AFACA3790BB1013B45
:107CE000A37163785B0727D5002316AA13A958460A
:107CF00016930DF06FF91698F0B10DF064F9804607
:107D000038460DF09FF9169A1379014603F03000BA
:107D1000102806D003F00C0008281CBF23F00C0329
:107D20001371137903F03303202B05D1FF2903D0FE
:107D3000012240460DF056F928460DF083F9FF2840
:107D40001EBF954B002243F82020099B03F0010839
:107D50004FF6F7739F4200F2F980B8F1000F40F040
:107D6000CF80294658460CF0F1F90BF086FE874289
:107D700000F0F88038460DF074F9002841D0BAF1CF
:107D8000010F27D1B9F1010F17D1BDF842004246CA
:107D900031460DF02AF938460DF063F97F4B1B7818
:107DA000002B72D158460DF05CF9002866D1384698
:107DB0000DF057F9002861D13EE438460DF051F935
:107DC00050B3B9F1030F27D1BDF8420031460CF092
:107DD00068FB31E438460DF044F938460DF03FF9C0
:107DE000002847D0BDF8422000233946584601F00C
:107DF000C1F800283ED0BDF842000021FEF7D0FEB9
:107E00001AE438460DF02DF918B1BAF1010FD8D0A7
:107E1000E3E7BAF1010FE0D1604B1B78002BC1D032
:107E2000B9F1050F31D10BF028FE8DF858000BF099
:107E300024FE000A8DF859000123022216A90DF133
:107E40004200FAF76DFF00287FF4F6AB711CC9B24F
:107E5000BDF84200FAF7F6FF037801330370637848
:107E6000590715D40BF009FE834522D0002239466C
:107E70001C202AE5494B1B78002B93D0BAF1010F47
:107E8000CED063785A0714D502E06378580718D526
:107E9000BDF8424020460DF040FA411CC9B22046D0
:107EA000FAF7D0FF0378BAF1010F03F1FF33037043
:107EB00004D0BDF84200FEF79BFF09E0B9F1050FC1
:107EC000D0D0BDF84200FEF793FFB9F1030FCDD03B
:107ED0000228CBD116AA002158460DF07EF830B109
:107EE0000379458003F03C0343F040030371002312
:107EF0002B4A00931278394658460CF09AFAB5E7A7
:107F0000BAF1010F40F0918009F1FF330C2B00F220
:107F1000808001A252F823F06F7F01006F7F010083
:107F2000C97D0100857F0100A57F01003976010030
:107F3000C97F0100D97F0100E57F0100E57F0100D5
:107F400039760100FB7F010007800100BAF1010FC3
:107F500072D0B8F1000F68D1BDF84200FEF7BCFF47
:107F6000FFF76ABBBAF1010F7FF445AFCCE7A9F187
:107F700002035A42BDF842005A4131460DF035F82D
:107F8000FFF75ABBBDF8421032465846FEF750FC88
:107F9000FFF752BB3D3F0020C82A002001140020FB
:107FA0002D140020711CBDF84200C9B2FAF75CFF25
:107FB0000236F6B20246BDF84230009611A9584684
:107FC00006F05AFAFFF738BB0B9ABDF842100120B1
:107FD000FDF75AFBFFF730BBBDF842000DF00BF880
:107FE000FFF72ABBBDF84200FEF740FDFFF724BBB8
:107FF000BDF84200FEF73AFDAEE7BDF84200FEF7DD
:1080000053FAFFF719BBBDF8420009F03DF8FFF73E
:1080100013BBBDF8421033462246484609F00EF81D
:1080200000287FF409AB49461AE5237A03F00303DD
:10803000012B7FF401AB8FE709F1FF330C2B3FF6E7
:10804000FBAA01A252F823F06F7F01006F7F0100AD
:10805000C97D0100857F0100A57F010039760100FF
:10806000C97F0100D97F0100F17F0100F17F01008C
:1080700039760100FB7F01000780010010B512482E
:1080800000210BF0E5FA0446E8B10BF0BEF90F4B06
:10809000187020460BF0BEF90D4B187020460BF0FF
:1080A000BFF90C4B187020460BF0BFF90A4B186053
:1080B000012006F04FFE2046FFF774FABDE810409D
:1080C000002006F047BE10BDC63D00201441002030
:1080D0001341002012410020C439002070B5144E15
:1080E000336804460D46BBB10BF013F90C2813D1CD
:1080F00020460BF0FEF9092200210446F9F778F931
:10810000235C042B08D10B4C25B10B4B22781B7838
:108110009A4203D300232370002070BD07483168C2
:10812000FAF7E4FE2378013323700120F5E700BF5E
:10813000C8390020154100202C1400202C130020E9
:1081400070B50D4D00242C70EEF7ECFBE6B2B0429A
:1081500008D80A4B00221A70094B198801B11A80FD
:10816000012070BD30460CF075FFC30742BF2B786D
:1081700001332B700134E7E7353F00202F3F00200B
:10818000A43D002038B50B4B1B78054673B1013375
:108190005C08094B1888FAF777FC002330F81320A5
:1081A000AA4205D00133DAB2A242F7D3002038BD8B
:1081B0000120FCE72F3F0020A43D002030B50546FC
:1081C00085B008460C460CF03FFFFF280CD00CF0A1
:1081D0009BF801220021CDE90112034600922146BD
:1081E0002A460720FCF7AAFC28460CF02BFFFF28A4
:1081F00004460FD00CF02EFFC2070DD520460CF020
:1082000029FF830708D40B4A32F8143043F4806303
:1082100022F8143005B030BD0CF076F801220021B0
:10822000CDE901120346009207202A46FCF786FC9E
:10823000F0E700BFA03D0020431E9BB24FF6FA724C
:10824000934270B504462AD8FFF79CFF38BB194B00
:108250001B78042B23D020460BF079FDFF2801D09A
:10826000FBF79AFE20460CF0B0FE08B10CF0A7FE1A
:108270002046114E114D03F0DBFD204607F039F882
:10828000317869B12888FAF7FFFB054601461E22BE
:10829000023009F0D4FC2C8033781E2B07D970BD36
:1082A0002020FAF7B7FC28800028EBD1F7E702334B
:1082B0003370F4E73D3F00202F3F0020A43D002015
:1082C000F7B504460D4617460BF0D7FB0646002DC2
:1082D00041D04FF6FB739C423DD82046FFF752FF3A
:1082E00008B1A64237D02046FFF74CFF10B101205D
:1082F00003B0F0BD204608F077FAC0B1A642F6D030
:1083000004B369462046FBF719F90246D0B90821A3
:1083100068460BF062FBA8B908226946284609F0B6
:108320007EFC78B1294620460CF01EF8DFE7A64215
:10833000E6D10A490822284609F071FC10B10CF078
:108340005DFED4E73FB121462846FBF7BBFF21463F
:10835000284603F089FD0020CAE700BFEF40002057
:10836000044A13782BB1013BDBB213700BB9024AFC
:10837000138070472F3F0020A43D00200148FAF7EA
:10838000A9B900BFA43D00202DE9F04780468CB07C
:1083900017460D4661B903AE1B48DFF86CA00021FB
:1083A0000BF0F6F84FF0000904461CB920461DE01A
:1083B0000E46F1E700222146CDF8009024233046F6
:1083C0000BF00AFA08224146304609F028FCA8B909
:1083D000337C9BB96FB945B92A460B4821460BF04F
:1083E00056F90A4A1388013B138001200CB0BDE8FE
:1083F000F0873B88B28953405B06ECD52146504656
:108400000BF01CF90446D0E70E3E00200C3E002085
:10841000024B1888003818BF012070470C3E00201E
:108420002DE9F0433048314D8DB0FAF7FBFD06F0F1
:108430007BFC2B68C41A4FF47A73B4FBF3F4A4B238
:1084400014B106F071FC2860294FDFF8A8803B8842
:10845000ADF80A3000233B804FF6FF7600210DF186
:108460000A000BF0F5F8054658B9224B1B882BB1D2
:108470004FF47A711C487143FAF738FD0DB0BDE82E
:10848000F0834FF000092423CDF800904A46294696
:1084900003A80BF0A1F9BDF81A30A34294BFDB1A70
:1084A0001B1B9BB2ADF81A3063B9BDF818301B0620
:1084B00002D5089808F0D4FBB8F80030013BA8F8C2
:1084C0000030CBE79E4228BF1E46012300934A4658
:1084D0002946242303A80BF07FF94A46294638464B
:1084E0000BF05CF8BAE700BF2C2B0020D03900203D
:1084F0000E3E00200C3E0020F0B52D4A0446516887
:1085000010688DB001AB03C3A378012B4BD11422AB
:10851000002107A809F0ADFBD4F82110D4F81D0004
:1085200003AB03C32388190644BF62680892DA05C7
:108530000BD5221D08AE04F11407106851683546AA
:1085400003C50832BA422E46F7D1ADF8183013F001
:10855000040318BFA3690593164B08221B88ADF8C6
:108560001A3001A903A809F05AFB18B106A903A8FB
:108570000CF019F90022242103A80AF0F2FF0446A6
:1085800098B10020FFF74CFF0B48002221460BF06A
:1085900005F80A4A1388002001331380FFF740FFD3
:1085A00000200DB0F0BD7020FBE71820F9E700BFF8
:1085B000B55E0200B81300200E3E00200C3E0020E5
:1085C000F7B5044600200E46FFF72AFF104B1B8824
:1085D000A34202D8022003B0F0BD00210D480D4F88
:1085E0000AF0D6FF002501460029F3D0A54208D1A4
:1085F000002400942423224630460BF0EDF8204658
:10860000E9E738460BF01AF801350146ECE700BF00
:108610000C3E00200E3E00200148FAF75BB800BF78
:108620000E3E0020014B1888704700BF0C3E002012
:1086300070B50C4611460E4A2378127813F02005C7
:1086400042EA03020646227018BF611D082209F0A3
:10865000F6FAD4F80130B36023783373002D0CBFE1
:1086600005200D2003F01803082B08BF013070BD52
:10867000383F002007B504231A460DEB0301012003
:10868000FAF74AFD019B034A1B03136003B05DF830
:1086900004FB00BFF02B002010B5064C2368C3F389
:1086A0000B0313B9042006F077FB2068431C2360FA
:1086B00010BD00BFF02B0020014B1868704700BFB1
:1086C000F02B002007B5064B0020186004231A4643
:1086D0000DEB03010190FAF71FFD03B05DF804FBF9
:1086E000F02B00207FB51123062201A90120FAF703
:1086F00013FD084B9DF814201A70074B1B780BB123
:10870000052B05D108F066F8012007B05DF804FBE1
:108710000020FAE7373F0020383F00202DE9F04FD6
:108720000646CBB08846008801211746FAF736FA8C
:108730002E4B3188ADF816003A4606A80CF0CFF85B
:108740000DF1280BC4195A46414630880CF054F8F4
:10875000E4B208EB0003A34216BFA4EB08040446EE
:10876000E4B205464FF004092346CDE900095A4614
:1087700001210BEB050ACDF808B02D1B06A8EEF77A
:108780009BFAEDB20BEB04030093019523465A4686
:10879000308841460CF05EF8348839462046FAF7B6
:1087A00063FB394600F0F8022046FAF771FB01211D
:1087B0003088FAF7F3F901234A46514680B10DF1AA
:1087C0001600FAF7ADFABDF81620044601213088EC
:1087D000FAF7F8F9B4FA84F040094BB0BDE8F08F2D
:1087E0003046FAF79DFA0446F4E700BFEF40002058
:1087F0002DE9F04FC9B0044688469246C118224A76
:1088000004A81F46FFF714FFC519EDB208AB029389
:10881000A5EB0A0BA8EB0A035FFA8BFB4FF00409E8
:10882000A8EB0506DBB2F6B204EB0A020093CDF822
:1088300004905B46012104A8EEF73EFA06F590731A
:108840000DEB03025A44A2F5807208A8136844F89D
:108850000830E35D23F00703E3552C4432462146FC
:1088600009F01BFA08ABCDE9019308AA0023009692
:10887000012104A8EEF720FA324608A9204609F0A3
:108880000CFA49B0BDE8F08FEF400020F8B506467D
:108890000CF05AFE811C054689B230460CF04EFDA4
:1088A000F0B1EDB129463046FAF7DEFA1228074654
:1088B00016D80C4B691C1C5CC9B23046FAF7D4FAC6
:1088C0002C44052FE4B205D1052809D8064B1B5CC2
:1088D0001C44E4B221463046BDE8F8400CF02EBD01
:1088E0000020F8BDFA850200F4850200F8B50546BF
:1088F0000CF051FD044628460AF0FBFDA11C07467A
:1089000089B228460CF01AFD00283ED0002C3CD03D
:1089100021462846FAF7A8FA611C0646C9B228463D
:10892000FAF7A2FA0F2E30D8194B9B5DE118731E8F
:1089300089B2092B0ED8DFE803F009050D0D120DE1
:108940000D181E1EC40644BF083189B2820601D527
:10895000083189B22846BDE8F8400CF0EFBC7B78BE
:10896000DB0612D501EB4001F3E700F01F0000EB3E
:1089700040000144EDE71F2805D8092E06BF40003E
:1089800080B20220F5E7C828E4D00020F8BD00BF7F
:108990000D860200F8B506460AF0ABFD092200215B
:1089A0000546F8F725FD00F1100428460AF06BFC97
:1089B000E4B2074621463046FAF756FA05463046F5
:1089C000FAF77EF8BA05A0EB0403DBB20AD47C2DDB
:1089D0000AD0082D0AD8064A505D98428CBF002064
:1089E0000120F8BD1220F8E70320F6E7FF20F4E7A6
:1089F0001E860200014B1878704700BF2E1400201D
:108A000038B5114B1B78044608469BB9012038BD88
:108A1000A24205F101050FD103EBC1035B68984742
:108A20000028F3D11E2022464FF6FF7107F09BFE6F
:108A30000020ECE7054B0025E9B213F83120002AAD
:108A4000E6D11446EEE700BF2E140020C4850200D4
:108A500013B50F49002303807F22022309880446AF
:108A60000DF1060006F09AF99DF80630BDF80620D3
:108A70001BB1238843F001032380FF2A88BF23888A
:108A80004FF0000084BF43F00203238002B010BD0A
:108A9000A85D0200034B1B78002B14BF4420562016
:108AA0000E307047383F00202DE9F04F8DB0CDE9F2
:108AB0000423179C0394039CBDF858A0D588064650
:108AC0000F4644B9EC0606D5CDF858A00DB0BDE868
:108AD000F04F07F0AABEC5F380242B054FEA0434FB
:108AE00048BF44F40064A80511D544F080040A2E60
:108AF00000F25E81DFE816F088004F003B0059006D
:108B00005C015C0159001000880059003600E9053D
:108B100048BF44F04004EAE7BB464FF00109022396
:108B200002934FF00008BAF1000F74D1A24B1888DD
:108B30004FF6FF73984206D0A049FAF7FFFC10B138
:108B400024F48054A4B2059B00935A46434644F44F
:108B50000271504604F0B0FEADF8200000286BD141
:108B600018204EE0BB464FF001090323D8E708A9BF
:108B7000F8B20CF009F9DDF82500DDF8291006AB94
:108B800003C38F4B33F817B04FF00009CDF80890AE
:108B90000DF11808C7E706A9F8B203F021F90C2374
:108BA000884A7B4332F803B0EEE74FF6F7739F42F3
:108BB00040F2FE8015F4026F40F0FA80824B1B7881
:108BC000022B03D0043B012B00F2F480BAF1000F1A
:108BD0000BD1032E0CBF0C23082324F4C074029382
:108BE000A4B2BB464FF001099BE75046F9F768FF76
:108BF0000246FFF74FFF032E08BF01388242E8DD2F
:108C000074200DB0BDE8F08F4FF00009BB46CDF8E1
:108C10000890C84687E7049B1B8843B91A4651460B
:108C2000062006F045FA002880D11920E9E7002344
:108C30001A4651460720F4E75F4A11884FF6FF7342
:108C400099421CD00AF055FC5B4A034611880593F3
:108C500004300AF01AFB5D49059B0978D971574920
:108C6000554A14F4805F1FBF086898604868D86050
:108C70004FF6FF7313804FF0FF330B604B60049A85
:108C8000029908A804F0C6FE00283FF469AF504CD2
:108C90002378002B3DD1BAF1000F14D05046F9F7DC
:108CA0000FFF8046BDF82000F9F70AFF2378002B5C
:108CB00014BF122200228044EB1003F004039044FE
:108CC0004344842B9CDC15F400540AD0BDF820806A
:108CD00040460AF014FB40F4806189B240460AF035
:108CE000F9FAA6F10803012B05D8BDF820000122EE
:108CF00010210AF0F5FA039BBDF820803BB35946DA
:108D000040460AF040FB039ABDF820301380002053
:108D100077E7AA06BFD56B0103F020030A2E14BF24
:108D200043F0010363F07E03DBB2B9F1000F08D01A
:108D300000210091424608A800F0FCFD0028AAD0BE
:108D40005FE71A46414608A80BF001FFF6E74046E8
:108D50000CF021FB039B02464146042006F0A8F9D3
:108D600000283FF462AF0A2E16D84FF4D963F340BF
:108D7000DB0711D5072E09D00A2E07D0BDF8200039
:108D80000BF0F4F90028C2D1A1203AE708A808F0B6
:108D900062F90028F2D0F7E714B125F04005ADB232
:108DA000BDF820002B46FAB2314601F0EFFD28E76E
:108DB000012026E7912024E7D61300202F1400205D
:108DC000603C0020A03B00203C3F002021410020CF
:108DD000383F002070B4084EBDF81040308007487E
:108DE0001546057000201A469DF80C30CDE9034069
:108DF00070BC0620FFF758BED6130020214100208A
:108E000030B402460C48BDF8085005800B489DF868
:108E10000C4004700A4804780020CDE902304FF677
:108E2000FD700B464FF6FF71002C08BF014630BCA9
:108E30000320FFF739BE00BFD613002021410020D8
:108E4000123F002013B50246084804780020CDE9FF
:108E500000300B464FF6FD704FF6FF71002C08BF37
:108E600001460320FFF720FE02B010BD123F002094
:108E7000F7B51E46234B1B78022B05460C461746BA
:108E80000AD1A6B13046F9F71BFE0246FFF702FEF3
:108E900082420CD9742008E0043B012BF1D908462A
:108EA00008F0D6F80028ECD1912003B0F0BD65B1F0
:108EB000022D1AD1EDF730FDA04214D9124B33F830
:108EC00014204FF6FD739A4202E04FF6F7739C426E
:108ED00009D80023CDE900633A46FF2321462846FE
:108EE000FFF7E2FDE1E70120DFE7012DFBD1074BB2
:108EF0001B78A342F7D9E0B202F08AFF4FF6FD7368
:108F00009842E5E73C3F0020603C0020F71300203A
:108F100030B5104B87B005460C461868596803AA4F
:108F200003C2986810609A88DB880B49ADF80E5030
:108F300023F04003ADF812300023CDE9004352BACC
:108F4000ADF810200988FF2303AA0720FFF7ACFD26
:108F500007B030BD1A3E0020263E0020034B1B7890
:108F600013B1034B18787047FF2070473141002040
:108F7000304100202DE9F04F074689B010461546D4
:108F80001C468A460CF007FA01462846F9F76CFFA2
:108F9000064628460AF0ADFA04300AF074F9804615
:108FA0000AF06BFD804551D0B2074FD1DFF8AC809D
:108FB00005A92846B8F800B00CF0D7FA9DF819308A
:108FC000A8F800700BBBBDF81430F3B928460AF0BE
:108FD00090FA02300AF057F94FF6F773984204F10D
:108FE000010494BF4FF000094FF00109E4B20123DE
:108FF000CDF800902A4605A93846039303F01CFCDF
:10900000039B40B901339C421ED20020A8F800B057
:1090100009B0BDE8F08F022CF8D1012BF6D10C4A33
:109020000C4BA3F800A01378591C11700A4A7F3B1F
:1090300016F00C01137007D1BDF81A305B0603D58A
:10904000BDF81600FFF764FF0223D1E70020DFE739
:109050003A3F0020D613002021410020263E002068
:109060002DE9F04F8BB08846ADF81E000AF041FAAA
:1090700000F1020A064650460AF005F9BDF81E4006
:10908000BB4D074620460CF086F901462046F9F70D
:10909000EBFE814600F00304301D0AF0F4F828804E
:1090A0000AF0EBFCB8422DD04FF6F7739F4229D857
:1090B0007378DA0726D438460BF0D1FF30B1BDF80B
:1090C0001E20288801233946FFF754FF0AF0D5FCFB
:1090D000A74B1B8883420FD1BDF81E4020460CF0E1
:1090E0005AF901462046F9F7BFFE10F00C0103D1F2
:1090F000BDF81E0001F004FD9E4B00221A600BB06B
:10910000BDE8F08F9C49BDF81E000CF02EFA9B497B
:10911000BDF81E000CF08BF9964A984B002808BF4A
:109120000023BDF81E0013600AF06FF9944B18700D
:10913000BDF81E000AF06EF9924B1870BDF81E00C3
:109140000AF073F9904B186000238DF82230B8F1C3
:10915000000F25D0884BDB889B0621D58B4B1B68E5
:109160009F071BD4012C14BF082318230DF12202E2
:109170000092002211460DF11E0000F0DBFB78B1D9
:10918000012CA3D1824B1B78112B9FD10BF082FDB8
:1091900000289BD1AF20FBF769FC97E70823E5E7A0
:1091A00050460AF070F84FF6F773984240F2F48098
:1091B000012C00F0FC80022C00F07881002C85D17D
:1091C000DFF8B481BDF81E00B8F806300493ADF89E
:1091D00024000AF08EF9BDF82460044630460CF0F5
:1091E000DAF801463046F9F73FFE8DF82300A01C5F
:1091F00066780AF048F807460AF03FFC4FF6F77326
:109200009F422D88B8F8024006F00106824600F21F
:10921000FE80002E0CBF082006200022294607F001
:10922000A2FABDF8249048460CF0B5F80023024697
:109230004946042005F020FF4FF6F7739F42814610
:109240000BD8B8F90620B8F80630002A05DB580616
:1092500003D500212046FFF75BFEB9F1000F3FF474
:1092600035AFB8F80030002B5BD198F80530002BF3
:1092700057D14FF6F7739F4294BF002301230DF19E
:109280002601BDF8240003930BF0C8FDDFF8E0B021
:1092900000F1FF39BBF8003005935FFA89F9B8F89F
:1092A0000630BDF8260006934946F9F7DDFD04991E
:1092B000069B019000930598039B2246C1F3401141
:1092C00007F0D3FE00283FF401AF2B4BBDF826106A
:1092D0004A46062005F0D0FE00283FF4F7AEB8F865
:1092E000022048F202039A4205D1BDF82410BBF8CF
:1092F000000000F03FFFDFF8808009AA41460DF131
:10930000230007F0B0FE034600287FF4DFAE2104FF
:10931000BBF80000BDF824207BD5234641460BF066
:1093200092FDDFF8548036B99DF8233003F00C032A
:109330000C2B40F09280B8F808000BF04FFD00288D
:109340003FF4C4AEB8F80810002002F00DFC114B39
:1093500018704FF6F773AA4514BF022503259F42E4
:10936000BDF8240002D8002E00F09280012393E083
:10937000263E0020D83900201A3E00201941002046
:109380001441002013410020C4390020002C00208B
:109390003C3F002030410020022C00F08780474BEA
:1093A000B3F90630002B25DA012C7FF407AF0AF061
:1093B00064FB2B8883423FF489AEBDF81E10052064
:1093C000FFF71EFB00283FF481AE3C4AD3885B06C2
:1093D00007D50023CDE900330A202988FF23FFF7B2
:1093E00063FB9DF822302988BDF81E00424601F03B
:1093F000FBFF6BE6BDF81E00F9F762FBA0F1100160
:10940000C9B2304600F086F80028CDD05EE60620CE
:1094100003E7DFF8B890022189F800100399009162
:10942000414603F009FA132C3FF47BAFB8F806303D
:109430005B043FF576AF224B1B78D80704D599F82B
:109440000020022A3FF46DAF99077FF53FAE99F8EF
:109450000030012B7FF43AAE63E798F804301948E6
:10946000009398F8053000883246314602F0A4FB9C
:10947000154B18709DF82330BDF8240003F00C0341
:10948000082B4FF6F7730CD035469F423FF66EAF70
:10949000A4F138025342534108492A4603F07EFFA3
:1094A00014E6AA4514BF04250525EEE7BDF81E20E5
:1094B0000249484601F096FA08E600BF1A3E00202D
:1094C000163F0020263E002030410020224100208F
:1094D00010B5094800210AF0BBF8044650B1014616
:1094E0000420FFF78DFA28B120460121BDE8104085
:1094F000FFF7B6BD10BD00BF0A3E0020034B044875
:109500001A78FF21920008F0B4BB00BFF8130020C6
:10951000382A002070B5451804464FF0FF31AC42A0
:1095200012D1104B10481A7805460023934211DBE4
:109530000E4C2078431CB3FBF2F602FB163345F8C1
:109540002010237000200CE014F8010BE9F73EFA1C
:109550000146E4E750F8044BA14201D00133E5E7AE
:10956000012070BDF8130020382A0020234100207C
:1095700007B5042301220DEB03011046F9F7CCFDDA
:10958000019B034A1B03136003B05DF804FB00BF9B
:10959000D4390020014B1868704700BFD43900202F
:1095A000014B1868704700BFD439002010B5064C35
:1095B0002368C3F30B0313B9012005F0EDFB20680A
:1095C000431C236010BD00BFD43900202DE9F04FAB
:1095D00093B0DDE91C79039300230693834699F841
:1095E000003004930DA80E46154607F025F999F8AA
:1095F000003013F003043ED0039B8DF824300DF1AE
:10960000250A0022082138460AF0E7F900286FD021
:10961000288809F06EFF99F800301C074CBF043011
:10962000023009F030FE07A9804604F05BF89DF88F
:1096300024300446980633D5288806F10D010BF036
:109640007DFEB0B100230093721D29880823D2B299
:1096500038460AF0C1F899F8003003F01803182BC7
:1096600048D1B8F1000F45D0A74BB3F86830434557
:1096700040D0A62326E02888711D0BF05FFE00284D
:10968000F7D0009405232988324609A80AF0A4F8E7
:109690009DF8243003F0180303930DF1240AB0E77A
:1096A0000CBB39464046F9F749FF0028D3D099F85A
:1096B00000309907DDD040232246214640460BF07A
:1096C0006AFCBE2399F8002012F0030440F0F780F2
:1096D0002888039309F070FE224601461A2007F0FD
:1096E00042F8039BEBE007AB03CB38607960B2E74D
:1096F0004FF6FF7807F09CFC044620B10421384661
:1097000004F00CF804461E9B002B5AD009231E9926
:109710008DF834300DA807F0DBFA209B0BB1209BAD
:109720000693039B002B40F08E800DA8EDF77EFB87
:1097300099F800309A0700F09880FFF737FF5146FC
:109740000246012009F0A5FD99F800309B0710D5CD
:10975000594628880BF0CFFE0BF1090350FA83F32A
:109760005FFA83FB288859460BF09AFE00EB0B0644
:10977000F6B299F8003013F0C20F0AF104030DD0CD
:109780009DF82420614942F020028DF824200A68C7
:10979000CAF804204A685A600AF10C0309A8012299
:1097A00000921B1A29883246DBB20AF015F83246BD
:1097B00059462846FEF7B2FF002800F0A380002398
:1097C0007DE01F9B5BB19E46BEE80F000DF1340C9F
:1097D000ACE80F00DEF80030CCF800309DE7049BC9
:1097E000288803F0200359460493F9F73DFB10F055
:1097F000030F0CBF012300230593049B059A1F99B7
:10980000003B18BF012342EA430300930DAA06ABB5
:10981000384600F0E5FA049A034682B1002880D069
:10982000059B00930DAA06AB1F99384600F0D8FAA5
:1098300099F8002022F02002034689F80020002B2E
:109840003FF46FAF3EE7039B102B06D1BDF83630D7
:1098500043F00103ADF8363067E7039B182B4FD177
:10986000BDF8363043F00203F4E70DF12501012085
:1098700009F01DFD99F8003013F0040F8246288886
:1098800021D1069B1BB3002C35D009F095FD002299
:109890000146162006F067FF84B17FB14FF6FF73D3
:1098A00098450BD000231A460DA9384607F014FB43
:1098B0009DF835203946404607F0D0FB0123184675
:1098C00013B0BDE8F08F002CDFD1104F01E0002C69
:1098D000DBD10023009332463B4659460BF02AF871
:1098E00000283FF4C6AE002C3FF469AF069A0AF197
:1098F0000103136063E71B685345C6D80124E8E7FA
:10990000A623DCE71823DAE7E0380020EF40002048
:1099100007B5074A00230193136004230DEB0302EC
:109920007F21012005F036FA03B05DF804FB00BF8B
:10993000D43900202DE9F04FB1B0044600888DF8ED
:109940002F3016468A463A9F0BF025FD0146814688
:1099500020880BF0A5FD00EB090820880BF0F4FD32
:109960009DF82F500790002315F0010B5FFA88F83F
:10997000ADF8363008D101460DF1360220880BF0E3
:1099800097FC08B1ADF836B016B9CDE90E660EAE4B
:10999000FEF73EFD18B145F020058DF82F5000234D
:1099A000CDE9033302930DF12F03CDE90063224685
:1099B000534641464846FFF709FE0546002800F099
:1099C00030819DF82F3013F0010B45D1B64A23F0BA
:1099D0002003106851688DF82F3010AB03C3184670
:1099E00000F0E2F95D460890FEF71CFEABB298422B
:1099F00000F2B4800FB100233B70BDF83630CBB11C
:109A000020880121F9F7CAF827880546002800F0C8
:109A1000368101213846F9F7C1F8BDF836700546A0
:109A20003846F9F74DF8002300903A461946284683
:109A300009F00CFF0023CDE9033302930DF12F034E
:109A4000CDE900632246534641464846FFF7BEFD36
:109A50000546002800F0E5809DF82F3003F0110343
:109A6000102B40F0F180914B1B78432B40F0EC80A1
:109A70008F4B1B685B0640F1E780208808F10501E9
:109A80000BF05CFC8346002800F0DE804146208815
:109A9000F9F7EAF9874B10F0200F08BF1E4612A80D
:109AA00000F082F90822314612A808F0B8F8002820
:109AB00000F0F580314612A807F087FA012326AEA0
:109AC00000933246002314A912A800F089F9002857
:109AD00040F0BA8012AB0DF12F07CDE90360029080
:109AE000009301975346224641464846FFF76EFDD4
:109AF000002800F0D680BDF89A3018AA43F0080379
:109B000014A91020ADF89A300AF0EDFD002840F0BD
:109B10009B8012ABCDE90360CDE901700093224632
:109B2000534641464846FFF751FD0546002840F0A0
:109B30008B8018AB4FF49071002012AA00F0BEF891
:109B40004FF0005100200BF05AF8BBF1000F7AD013
:109B50004FF0805100200BF052F874E018AB14AABB
:109B600026A9E8B207F00DFA002875D1082210A93D
:109B700027A808F054F8089B8346002B68D09DF86E
:109B8000A530099313F0020F62D0082212A927A86A
:109B900008F045F800285BD1099B590758D50FB14B
:109BA00001233B7014AB0FCB0DF1740C8CE80F004C
:109BB000BDF83630CBB120880121F8F7EFFFB4F8BB
:109BC00000B000284DD001215846F8F7E7FFBDF856
:109BD0003620099283461046F8F772FF0023099A4F
:109BE00000901946584609F031FE334B0493002388
:109BF00003931DAB02930DF12F03CDE900632246C1
:109C0000534641464846FFF7E1FC28BB089B002B22
:109C100033D012AA1DAB4FF482714FF4005000F004
:109C20004DF8234B1B689A070DD4FEF7F1FB50B19A
:109C30001D4A1068516818AB03C3002226A918A852
:109C40000AF074FD30BB0025284631B0BDE8F08F26
:109C500027B9BBF1000FA5D00135C5E600233B7045
:109C6000F7E7BDF836200A9010460992F8F728FF6A
:109C7000DDE9092307990090B4E7089ACAE7BDF81F
:109C800036B05846F8F71CFF079900902B465A4605
:109C90003846CDE626A918A80AF085FDCDE783460B
:109CA0000CE714AB46E700BFB55E02003C3F002066
:109CB000002C00204A390020FC2B0020F0B591B088
:109CC0000746164609A80D461C460AF092FF3EB10B
:109CD0003368CDF826307368CDF82A3045F040055A
:109CE0001B4B1A6822EA070242EA050119604B047D
:109CF0000DD5BDF824200B0A03F4E243C9B222F4C7
:109D0000E3420B4322F07F021343ADF824301A23C1
:109D1000082209A90020F9F7FFF9B4B104A806F058
:109D20008BFD02236A468DF8103004F1100623469D
:109D3000154618685968144603C40833B3422246CE
:109D4000F7D1294604A806F0C3FF11B0F0BD00BF4B
:109D5000002C0020054B196847F2FF1041F48042A7
:109D6000014041F480411A600AF049BF002C0020F4
:109D700000B589B0FEF7B6FC01A80AF03AFF094821
:109D8000BDF804200168130221F0FF0103F4E2038F
:109D90000B43D2B2134343F48043036009B05DF830
:109DA00004FB00BF002C002010B50C4B04461868C3
:109DB000830788B006D54FF0FF332360636001202E
:109DC00008B010BD10F04000FAD001A80AF011FF51
:109DD000DDF806302360DDF80A30EFE7002C0020C4
:109DE0002DE9F04F99B082469DF888900C461E46AA
:109DF0009046CAB11546284606F01EFD19F0020726
:109E000014D004B911AC6B4622462946504607F0DF
:109E100096F80EB100233360002814BFA627002750
:109E2000384619B0BDE8F08F0CADE4E76B4604AAE4
:109E30002946504607F050F86B78FF2B09F00109CE
:109E400023D000287AD15CB104AB0DF1200C1A4666
:109E500003CA624520606160134604F10804F6D12C
:109E600026B16A78364B03EB82033360B9F1000FF9
:109E7000D6D0BDF80030D906D2D46A784FF6FF713B
:109E8000182006F070FCBB27CAE7DFF8BCB0DBF88F
:109E9000003026B19A0756BF2A4A3760326003F075
:109EA0003003102B01D0202B1FD111A80AF0A1FEE6
:109EB00008220DF14601504607F0B1FE28B1DBF84B
:109EC000003003F04403402B0FD0B9F1000F0ED146
:109ED00008A80AF098FE02232B70CCB9B8F1000F45
:109EE0009ED0281DFFF760FF9AE7A62798E7DBF8CA
:109EF0000030DB03ECD508A80AF085FE02232B70A6
:109F0000D4B9B8F1000FB8D0281DFFF74DFFB4E762
:109F1000002608AB0DF1300C1A4603CA62452060DA
:109F20006160134604F10804F6D1281DFFF73CFFD9
:109F3000002E3FF475AFA0E70126EAE703276FE79D
:109F4000342A0020FC2B0020002C002049B9084BAB
:109F5000197849B14EF66023594328B10548F8F7FE
:109F6000C5BF41F28831F8E70248F9F75BB800BF96
:109F7000143F00204C2B002070B586B00546F9F741
:109F800061F910B9702006B070BD01A8FFF70CFF91
:109F900006460028F6D055B9304B1C6814F0020470
:109FA00033D14FF48163ADF80C30022125E02C4908
:109FB0000822284607F033FE0028E3D0274B1C6810
:109FC00014F0020406D0274B1B78112BDAD1264B54
:109FD000B3F868400822294601A807F020FE0028AF
:109FE000DFD04FF40273ADF80C302B68CDF80E3093
:109FF0006B68CDF8123000260A21002203A809F070
:10A00000B0FA024648B91820BDE7164B1B78112B51
:10A01000B8D1154BB3F86840C3E7104B196801F08D
:10A020003003102B17D0202B14BF0123032349002A
:10A0300001F004010B432046002100F0D3FF00286B
:10A04000E1D000210120FFF781FF16B1074B01226B
:10A050001A70002097E70323E9E700BF002C0020D7
:10A06000EF4000203C3F0020E03800201841002055
:10A0700030B51D4D85B00024CDE90044F8F7D2FF7E
:10A080002B783BB319491A480A780078904221D9B5
:10A090000132012B0A700DD122464FF4A0712046E7
:10A0A00002F04AFBB0B9134841F28831F8F71EFFBD
:10A0B00005B030BD022B08D102A92046F9F73EFABF
:10A0C00040B902A8FFF758FFECE7032B02D101F0DB
:10A0D0003DF9E7E7002108462970FFF737FF042123
:10A0E000684605F045F9E3E72441002025410020BA
:10A0F000371400204C2B002070B5194A194D5168B7
:10A100002E7886B00446106801AB03C31EB17024DC
:10A11000204606B070BDF9F7DDF80228F7D103A894
:10A1200000F0CEFD082201A90DF10E0007F077FD29
:10A13000A0B10D4B32464FF4A07130461C7002F0B6
:10A14000FBFA04460028E3D1084A0948012341F2FA
:10A1500088312B701370F8F7C9FED9E7B724D7E719
:10A1600027860200244100203714002025410020CA
:10A170004C2B0020F0B52F4E9BB007460C464922D1
:10A18000002107A8069107F074FD3378012B37D121
:10A19000B7BB0DF10E0120460AF040FE0546BDF8A2
:10A1A0000E00F8F78DFC441BE4B22A46BDF80E10F1
:10A1B0000097234606A809F00FFB04A93846F9F7D3
:10A1C000BDF90246E4B19DF819301A4312F0FF02BE
:10A1D00016D1BDF8233003F47E43B3F5285F1ED3B8
:10A1E000B3F5385F0ED31449BDF80E000B6843F485
:10A1F00000030B60294606F014FF18B104233370E6
:10A200001BB0F0BD0D4B012204A81A70FFF7B4FE7D
:10A210000B4841F28831F8F769FE0223EFE7114657
:10A2200010463270FFF792FE1E2104A805F0A0F838
:10A23000E6E700BF24410020002C0020254100203B
:10A240004C2B0020014B1870704700BF25410020A7
:10A25000014B1878704700BF24410020014B187053
:10A26000704700BF244100202DE9F0478CB005461F
:10A27000B5294088ADF80A00884600F0878095F837
:10A280000890AE7909F035F905A90446BDF80A0031
:10A29000EF790BF06AF9BDF80A0009F030F84305D0
:10A2A00042BFBDF81A3043F40053ADF81A30EB79D1
:10A2B000D80642BFBDF81A3043F48053ADF81A30C7
:10A2C000BDF81A30990613D5022E65D108A9287A4F
:10A2D0000AF05AFDDDF82500DDF8291003AB03C3B1
:10A2E00003AA0021009104230DF10A00FFF722FBCD
:10A2F000BDF80A000121F8F751FC022E824657D121
:10A30000444B33F81940B8F1000F6DD0BDF81A3046
:10A310005A0669D54FF6FB72944265D83E4AB2F8A8
:10A320006820A24260D0DB0502D520460AF05BFE21
:10A33000BDF81A30D80457D5002E46D1BDF80A0012
:10A3400008F0DDFFC10611D4CDF80080534605AA00
:10A350002146304604F06BFE0B2017F003021CBFB1
:10A3600002F1FF32D2B2214606F0FDF9BDF8162007
:10A3700048F234039A4209D1284E3078FF2805D09C
:10A3800003222146FCF7EAF9FF23337000232B80D8
:10A390006B800CB0BDE8F087012E01BF2B7A204AFC
:10A3A00003EB430302EB83020CBF0232002298E767
:10A3B000012E05D10C231A4A03FB09F3D45AA2E754
:10A3C000A01C08F060FF04469DE7204601F030FD28
:10A3D000BDF80A0008F093FFC206C7D4CDF800808C
:10A3E000534605AA4946B4E7BDF80A0008F087FFBE
:10A3F000C306BBD4CDF80080534605AA002E14BF77
:10A4000049462146304604F012FEB8F1000FA3D1B0
:10A410000920A2E7603C0020E03800203B14002027
:10A42000A03B002070B5114B114D00240A262A785C
:10A43000A24205D8C2B9BDE870400E48F8F7F2BD97
:10A44000598869B9013AD2B2A2422A70EFD0121BE0
:10A4500003F10A011846724307F0F1FB0346E6E7F1
:10A4600001340A33E4B2E2E770BD00BF3C3B002098
:10A47000284100204C13002070B51A4B1A4A1D7851
:10A480000023DCB2A54200D870BD144601336688B3
:10A49000864202F10A02F4D1E379A588617203F0E1
:10A4A00040028DB9CAB123F00403E37109F021F829
:10A4B000037803F07F03037021880029E4D1BDE80D
:10A4C00070400A48F8F712BD00216580A180002A7B
:10A4D000E9D1BDE87040FFF7A5BF2046FFF7C4FEF5
:10A4E000F7E700BF284100203C3B00204C13002030
:10A4F0002DE9F047044686B040880F46154608F01F
:10A50000F8FFA3798046082B51D8DFE803F0052E29
:10A510001850505050500500023008F0B4FE002D85
:10A520004DD06946F9F70AF838B9684601F02AFDB6
:10A5300000F0010006B0BDE8F0870020F8E702A9AE
:10A54000207A0AF021FCDDF80D00DDF81110334A05
:10A550006B4603C3237A32F81390314AD05C6E46BF
:10A5600075B131460AF01FFCE4E7237A2D4903EB6D
:10A57000430301EB830231F82390907A961CEFE7B6
:10A580004FF6FB7AD14514D930460AF056FD4FF606
:10A59000FF739842054614D00146304601F064FC32
:10A5A000554507D9E379DA060DD4CB236372002031
:10A5B000C0E74D46294608F1020008F066FE01207A
:10A5C000B8E74D46EEE74FF6FC78454511D103F06C
:10A5D0000C030C2B1BD1D7B130464FF6FD7101F0A7
:10A5E00043FCC82161722046FFF73EFEFFF71AFFC9
:10A5F000DDE74FF6FD739D4209D1002319461A4647
:10A60000304602F0FDF84146304601F02DFCE3797A
:10A6100043F00C03E371CC23C8E700BF603C00208B
:10A62000193F0020A03B002073B5044640880E4629
:10A6300008F05FFF023008F026FE06F009FD18B1B1
:10A64000A11C201D06F009FDE6B1E5790135EDB24A
:10A65000E57115F0400514D0ECF758F901220546D4
:10A6600000212046FFF744FF18B1394B1B882B44CB
:10A670009DB2384B1B78042B01BF354B1B885B19EF
:10A680009DB22580002231462046FFF731FF20B3DE
:10A69000608808F02EFFE2792F4922F00C03E37165
:10A6A0000B780133DBB20B70C3712C4B1B78054662
:10A6B000A61C0BB3E37998061ED52949097871B118
:10A6C00059060CD592070AD50022009204231146A0
:10A6D0003046FFF72FF910B1607202B070BD002252
:10A6E0000092012311463046FFF724F920B1E379A7
:10A6F00043F00303E371EFE7304606F0ACFC10B122
:10A700000123E371E9E76088FCF772FB0328E4D8D2
:10A71000DFE800F0020D1B18E37943F00403E37156
:10A720001B06DAD50F4B1A780F4B1A70D5E7CD23DD
:10A730006372E37943F00803E3712B7803F07F033E
:10A740002B70CAE7CE236372C7E7CF23FBE700BFB6
:10A75000B41300203D3F00203A3F0020383F002046
:10A7600038140020173F0020274100202DE9F74F23
:10A77000064604F0D4FA5D4B5D4AB3F800901880A9
:10A780005B4BDFF880B11B78A0EB0904A4B2A342B5
:10A7900086BF1B1BDBB200231370A9EB0003054629
:10A7A0004FF000084FF6FF770093524B19785FFA8D
:10A7B00088F291420ED80EB1FFF734FE4FF6FF73C8
:10A7C0009F4200F08D804C48394603B0BDE8F04F01
:10A7D000F8F78CBBBBF80220002A3CD0474B9BF813
:10A7E00007201878BBF800A0042818D00020BAF180
:10A7F000000F08BFA2462044504523D2BBF80010EA
:10A80000009B1944ABF80010002E4DD002F0480216
:10A81000482A49D100215846FFF706FF44E001923B
:10A82000F8F702FE30F01003019ADFD1FBF748FD84
:10A83000334B019AB3F800C08445D7D9ACEB000084
:10A8400080B2D4E702F00C00042807D10022ABF854
:10A8500000200BF10A0B08F10108A6E7510602F0EF
:10A86000030C02F008000DD520B3BCF1030F24D176
:10A87000D6B19BF80910002908BFC9215846FFF737
:10A88000F3FC11E040B3BCF1010F25D11206EFD467
:10A890004FF4C862ABF800209BF8072022F00302B7
:10A8A00042F002028BF80720BBF80020974228BF35
:10A8B0001746CEE703208445DAD213060ED50C4B9B
:10A8C0001A780AEB0200844208DA4A44521B0AEB67
:10A8D0000201ABF80010E7E70120ECE701219AE75D
:10A8E000054803B0BDE8F04FF8F79CBB103E0020D0
:10A8F00027410020284100204C1300203D3F00202C
:10A90000B61300203C3B00202DE9F0410B4EDFF850
:10A91000348000250A273378ECB2A34204D8BDE87E
:10A92000F0410748F7F7D6BE07FB0484A01CF7F7F1
:10A93000D1FE201DF7F7CEFE0135ECE728410020BF
:10A94000063E00203C3B002070B50D4D0D4E00240E
:10A950002B78A34208D81B1BDBB22B7073B9BDE860
:10A9600070400948F8F75EBB04EB8400CA2106EB8F
:10A9700040000134FFF778FCE4B2E9E770BD00BFA6
:10A98000284100203C3B00204C130020F8B5124F1A
:10A99000124D3E782D78DFF848C006EB8604B542AC
:10A9A0004FEA440E0CEB440414D003F4835343EAFF
:10A9B00013230025E37166236080A171227228466B
:10A9C0002CF80E500136A58063723E70FFF7CEFE64
:10A9D0002846F8BD7220FCE728410020F61300202D
:10A9E0003C3B00202DE9F04F354B1C7885B00E46DE
:10A9F00017465CB9B1F90680DFF8CC90DFF8CCA03F
:10AA0000DFF8CCB099F80030A34202D805B0BDE819
:10AA1000F08F04EB84050AEB4505A88800B9688827
:10AA200001A90AF0A2FDB27A9DF80E309A4244D1F3
:10AA3000B8F1000F0FDA317A9DF80C20338991427A
:10AA400009D8204800780844824236DA521A1B0A94
:10AA50001341D90731D538460AF076FDBDF80A30E2
:10AA60009A06044602D5F3889B06CFD5EB7903F00E
:10AA70000C03042B08D16888F9F7E6FE00236A88E6
:10AA8000194618460AF0D3FA00212846FFF7ECFBD6
:10AA9000FFF7C8FC3846F8F713F8844208D22B7A3F
:10AAA0008BF80030012200233146384602F076FC54
:10AAB000B8F1000FAADA0024A4E70134E4B2A1E758
:10AAC00026410020F5130020284100203C3B0020B7
:10AAD0003041002008B504F022F9074B1B88C01A4A
:10AAE00080B2B0F5807F05D9BDE808400348002159
:10AAF000F8F7FCB908BD00BF103E00204C13002041
:10AB00002DE9F04186B004460D460AF044FC0146AA
:10AB10002046F8F7A9F910F003034DD110F00C0FFF
:10AB200006D12946204606B0BDE8F041FFF7A4BC97
:10AB3000204608F0E4FBC30634D420460AF02BFC80
:10AB400001462046F8F790F90646204608F0D1FC69
:10AB50000746023008F097FB03A9804620460AF01A
:10AB600004FD06F00C067B780C2E0CBF032606268F
:10AB7000012113F0010F204618BF0326F8F70EF845
:10AB8000104A1288A24203460FD1B5FA85F0400957
:10AB9000FBF722FD204608F0E0FB002201460720DB
:10ABA00005F0E1FD06B0BDE8F081009503AA41463D
:10ABB000304604F03CFAEDE7012BF3D110F00C0F16
:10ABC000F0D1AEE7063E002010B50A4B1C780A4BC8
:10ABD0000022D1B28C4201D8002010BD197A8142E6
:10ABE00002D19979022902D00A330132F1E701201A
:10ABF000F3E700BF284100203C3B002010B5094B83
:10AC00001C78094B01460022D0B2844201D80020B2
:10AC100010BD187A884202D198790128F8D00A33F9
:10AC20000132F1E7284100203C3B002010B40B4BDF
:10AC30001C780B4B0022D1B28C4203D85DF8044B38
:10AC4000FFF7F0BB197A814205D19979012902BF3A
:10AC50000021198059800A330132ECE72841002095
:10AC60003C3B0020044B1B6813F0300F03D0202125
:10AC7000302009F0C4BF7047002C00200949002390
:10AC800010B51A46044601EA00414FF07F60FFF715
:10AC900015F8E30703D50021302009F0B0FF0020AC
:10ACA00010BD00BF00007207044B5B8823F478439B
:10ACB00023F08D0303800020704700BF002C00208C
:10ACC00008B503460022C3F80220C3F806200B4A49
:10ACD0001268D1B212F0200F18BF41F01001198094
:10ACE000930700F1020001D4FFF75EF8044B1B78D4
:10ACF000023B032B8CBF9320002008BD002C0020BA
:10AD00003C3F002038B505460C46FDF7EBFC98B1FA
:10AD10000D4B187878B10D4B1B681A040ED57CB119
:10AD200013F0420F00D16DB103F44073B3F5407FCF
:10AD30000CBF0020B72038BD9520FCE7A820FAE71B
:10AD40002046F8E7B720F6E7383F0020002C002027
:10AD5000F0B58DB0044607A80D46164605F06CFD0B
:10AD60001022002103A806F084FF5CB1234603F102
:10AD7000100703AC18685968224603C20833BB4267
:10AD80001446F7D1012786EA070303A907A88DF81F
:10AD90001C708DF81D3005F08CFF80EA070401A8B7
:10ADA000E4B205F05FFFB6B101A88DF8065005F0DA
:10ADB000E8FF64B1002303A907A88DF81D3005F052
:10ADC00087FF0C4B1B78432B01D102F0DFFE0A4BAF
:10ADD0001D700DB0F0BD01A88DF8075005F0D1FF32
:10ADE000002CF6D003A907A88DF81D7005F070FFA0
:10ADF000EFE700BF3C3F0020373F0020F0B593B0A5
:10AE000007460DA801250C4605F016FD05A90DA85D
:10AE1000ADF8345005F077FF01A805F023FF09A92C
:10AE20000DA88DF835509DF8066005F06CFF0DA853
:10AE30009DF8075005F0D6FE70BB731BDBB2802B6C
:10AE400028D91FB1A64225D0A54223D105A90DA816
:10AE500005F03EFF03A805F005FF03A88DF80F607D
:10AE600005F08FFF0122294609A8FFF771FF0AF0BC
:10AE70000DFC01214FF400700AF0C2F8FDF71CFC34
:10AE8000B0F1004F01D9FDF71DFC044B187804F018
:10AE900060FA012013B0F0BD0020FBE7373F00202F
:10AEA00070B50E46144605460320FFF7D7F946F065
:10AEB00004022946204605F04DFF024B00221A608D
:10AEC00070BD00BFFC2B0020F0B587B00788054699
:10AED0001022002102A806F0CCFE3B4B1B78002B71
:10AEE0006FD1B80557D407F08403842B5CD0374C5E
:10AEF00009F001FF17F4045F276005F102061CD07A
:10AF0000BA040AD5304602F0A3FA00284AD12368D1
:10AF100023F4005343F480732360304609F0F8FEB5
:10AF200000283ED105F086FC18B9236843F480332D
:10AF30002360236843F020032360226842F4004129
:10AF400012F0400218BF05F12302334647F2FF100A
:10AF50002160FEF7B3FE0DF10600FFF7A5FE2368A2
:10AF600013F4805FBDF8063022D043F02003ADF823
:10AF70000630BDF80600FFF781FE23689B0506D565
:10AF800095F82210012205F11200FFF7E1FE104BA7
:10AF90000020186006E005F1120009F0B9FE002853
:10AFA000A1D0B22007B0F0BDB907A0D5B720F9E70E
:10AFB00023F02003ADF80630FDF784FBFEF7A8FC74
:10AFC000D7E77020EEE700BF3C3F0020002C0020B8
:10AFD000FC2B0020024B1868C0F30050704700BFE4
:10AFE000002C00202DE9F047064688B0894610461F
:10AFF000002115469846F7F737FF102807460AD86C
:10B00000684B0341DB0706D4C8F340049DB9002018
:10B0100008B0BDE8F087644B1C78002CF6D0FFF731
:10B02000D9FF00280CBF4FF4F0744FF4D074FC40EB
:10B0300004F00104EAE7002318F0010F1A4629463C
:10B040004FF005000CBF4FF0080A4FF4027A04F0ED
:10B050002FF80028DBD0C823009332460023514646
:10B06000284602F029FCADF80E000028CFD018F0D9
:10B07000080A4AD1A7F10F024FF6F773D2B29E42E7
:10B080008CBF09230123012A01D843F04003474A1A
:10B090008DF8103013788DF81130591C1170002C78
:10B0A0004FD09DF81030052F43F020038DF810305D
:10B0B00033D03F4B1D78002D5AD04FF6F773002543
:10B0C0009E424FF00F0248D9012304A90DF10E0052
:10B0D000F7F726FE00289AD1002C4DD1BAF10001D5
:10B0E000BDF80E00CDF8009033463A4618BF012156
:10B0F00005F0B8FFADF80E00002888D018F0040F56
:10B100004DD0314609F04AF882E749460DF10E006C
:10B1100009F0AAFF0028ADD179E70121BDF80E00A2
:10B12000F7F73CFD0121F7F79FFE0123834013F061
:10B13000620F1CD11E4B1B78E3B14FF6F773182535
:10B14000BEE71B4B1B7825460222002BBCD04FF6D6
:10B15000F7739E42B8D8052FB6D0BAF1000FB3D11D
:10B160009DF8103043F040038DF81030ACE7102507
:10B170000F22A9E71825FBE7BAF1000F0AD00090CB
:10B1800002234A4629460DF10E00FEF7D3FB0028A4
:10B19000A4D03CE7CDF800A041235246F2E708F0E6
:10B1A000E5FF35E79FFEFEFF383F0020393F0020D6
:10B1B0002D3F00202DE9DF431E46144B0A9C1B68DF
:10B1C0009B0780460F4691461CD4204614B105F0DB
:10B1D00033FFC0B2CDE902400622CDE900890C4917
:10B1E0003B46002008F086FB024658B1002E4FF087
:10B1F00000010CBF01230323084604B0BDE8D0437F
:10B20000FFF7F0BE002004B0BDE8D083002C002082
:10B210002F8602002DE9F04F8DB081469DF85C80AD
:10B220008A461F4693463AB903A8FEF7BDFDA8BB60
:10B2300000200DB0BDE8F08F1546002223211046F6
:10B2400008F08FF9ADF80A000028F1D0F7F71CFCE0
:10B250000446052318F0100F00F8023B67701FD05A
:10B260001122002106F005FD04F11306032F4FF013
:10B27000080236D15946304606F0E1FCC8F3801387
:10B2800006F10905337205F0D3FE00283DD00023F6
:10B290002B706B700123AB70033536E003ADCCE748
:10B2A00016991022012606F0CAFC06FA07F313F0DD
:10B2B000620F02D104F11206D8E707A805F0BCFA24
:10B2C00005A88DF81C6005F0CDFC9DF816209DF8B2
:10B2D000173018F0200F08BF134604F11306A374AB
:10B2E000C4E75146304606F0AAFC06F108020123E5
:10B2F000121B00932846BDF80A100823D2B208F0AA
:10B300006BFA042F06F11005BDD02D1BE9B20DF12B
:10B310000A0008F048FA00288AD118F0040F0BD070
:10B32000484609F08FFEFF281FBF074A32F8103049
:10B3300023F4804322F81030BDF80A2043465146DA
:10B340004846FFF74FFE74E7A03D002070B590B06F
:10B3500003268DF80760F7F775FF10B9702010B05D
:10B3600070BD02AD2846FEF71FFD0028F6D01C4B2D
:10B370001C6814F00204F1D11A4A40F20F43ADF8F0
:10B3800024301368CDF8263004A85368CDF82A304D
:10B3900005F052FA95E8030005AB83E803000623A5
:10B3A00004A88DF81D308DF81060EBF73FFD0DF10E
:10B3B0002E0201210DF10700EBF73CFC22461A2179
:10B3C00009A808F0CEF8024608B91820C7E70123FB
:10B3D00029462046FFF706FE0028F6D02046BEE7A5
:10B3E000002C0020EF4000202DE9F04F91B00446E2
:10B3F0001F220D4608A800219B46079106F039FC44
:10B40000204609F0C8FF01462046F7F72DFD8DF8CC
:10B410001300204608F06DF89DF813304678990621
:10B420008146C6F34006204648BF46F002060AF0B1
:10B430008BF880462046F7F743FBA0EB0803DBB20E
:10B440000022232B009228BF23234246214607A82F
:10B4500008F0C2F9002838D1A84B9DF81C701B7861
:10B460009DF81DA0A3B3FFF7B5FD00280CBF4FF456
:10B47000F0734FF4D073FB40DA0729D5B30727D414
:10B48000082F20D1BAF1040F1FD1FBF75DFCE0B902
:10B490000DF1130342462146052003F0EDFDA0B156
:10B4A000053F0D2F11D8DFE817F024001000A4018C
:10B4B000B201BB01100010001000100010001000BD
:10B4C000C101EF01EF01052F07D011B0BDE8F08FEA
:10B4D000102F05D1BBF1000FF7D0FBF735FCD7E7F4
:10B4E000FBF732FC0028D3D0052FD1D0112FCFD0BD
:10B4F000EBE7BAF1050FE8D8204607F05DFF0290B0
:10B5000009F1020007F0BFFE824605A8FFF7CCFB59
:10B510009DF81D80012303FA08F313F062030393DF
:10B520003ED0BDF814309D0733D5B407CDD5FBF719
:10B530000BFC0DF11E0009F0EBFBB8F1030F9DF8B9
:10B540002EB004463FD10DF12F0508F096FA824542
:10B5500000F0DE800027039B002B4FD1284608F027
:10B560008AFA4FF6FF739842064604D1284609F03E
:10B5700088FEB042A9D0002C0CBF042315230193F0
:10B580000DF11E0300933A4643462946FFF742FE5B
:10B590009BE7FBF7D9FB0028CBD1002E95D0C8E75D
:10B5A000FBF7D2FB60B10DF11E0009F0B1FBB8F161
:10B5B000030F04464FF0000B7FD10DF12E05C4E7B9
:10B5C000002E82D0EFE74E4B1B68980728D5FF224C
:10B5D00008210DF1370008F000FA814600BB034650
:10B5E00001460DF137020220FEF768FB08F045FA2C
:10B5F00082450DF137070DF12F0520D04FF6F77377
:10B600009A45ABD900220821284608F0E6F900281F
:10B61000A4D0002259460DF11E00FFF799FB54E714
:10B620000DF137070DF12F05384609F010FB002802
:10B6300048D008F022FA82458DD14FF000093149F7
:10B640000822284606F0EBFA002884D1B8F1010F51
:10B650006DD0B8F1040F7FF438AF09F01BFB10B1C7
:10B66000032E7FF432AF002C7FF42FAF3A46022135
:10B670000DF11E00FFF714FC234B1B7863B1FFF79D
:10B6800065FEFEF7E5FD022806D10120FEF7DAFD92
:10B6900001210846FEF75AFC1C4B1B78022B21D1D6
:10B6A0000321384603F064FEFEF7D2FD0146002870
:10B6B0007FF40BAFFEF74AFC07E70DF136070DF1FB
:10B6C0002E05B1E7114B1B78432B7FF4FEAEB8F18A
:10B6D000010F7FF4FAAE08F0D0F982457FF43BAF5A
:10B6E000C146ACE7412B7FF4F0AE054B1B68590512
:10B6F0007FF5EBAEF9F73EFFE7E600BF383F0020ED
:10B70000002C0020EF400020184100203C3F00208A
:10B71000032E7FF4DAAE9DF8361000390DF11E02CB
:10B7200018BF01210DF12E0005F0A5FCCDE6584D06
:10B730002B78022B21D02B78412B3FF4C6AE3CB99D
:10B74000FBF702FB594602460DF11E00FFF700FB16
:10B75000FBF7FAFA00283FF4B8AE09F09BFA4D4C1B
:10B7600090B123681B0502D42B78432B0CD1B00772
:10B770000AD4AC20F9F77AF9A7E609F08BFA002889
:10B78000D9D0B207D7D4A0E6206810F0020002D1C9
:10B79000029909F02FFC2B78112B15D1236859053C
:10B7A00012D50020FEF7E8FB044600287FF48DAE9A
:10B7B00008F0C6FBAE20F9F759F921462046FEF7FE
:10B7C000C5FBF9F75FF980E6B20701D5FFF74AFA42
:10B7D000B9F1000F8ED005F02DF818B94FF4803173
:10B7E00009F00DFA2C4B002238461A6009F026FAAF
:10B7F00080E72A4908220DF11D0006F010FA002802
:10B800007FF463AE02222946FAF7A8FF5DE6F3074C
:10B810007FF55BAE324607A9284609F024FC54E6C2
:10B820009DF81D100120FFF7E9FA4EE6184B1B7832
:10B83000022B20D1002D7FF448AE05A8FEF7B4FA04
:10B8400000283FF442AE164B1D709DF81D30002BB2
:10B8500014BF64246524FEF7FBFC032806D12846A8
:10B860002946FEF773FB2846FEF7F8FC214605A89B
:10B8700003F07EFD29E6043B012BDBD9284605F0C9
:10B88000E7FB0028D6D120E6204605F0E3FB1CE6C6
:10B890003C3F0020002C0020FC2B0020EF4000202B
:10B8A000184100202DE9F34105460E4617469846FB
:10B8B00009F0F0F9044640B1CDF8008001233A4682
:10B8C00031462846FFF776FC044609F0E3F930B12B
:10B8D000FFF780FB78B10A4B1B689B010BD4CDF8B6
:10B8E000008000233A4631462846FFF763FC002CCF
:10B8F0000CBF0446012404F0010002B0BDE8F08151
:10B90000002C002070B58AB005A804F095FF022332
:10B910008DF81430094B01AA03F11006154618687A
:10B920005968144603C40833B3422246F7D1294666
:10B9300005A805F0BEF90AB070BD00BF358602004B
:10B94000014B1878704700BF39140020014B18884C
:10B95000704700BFD81300202DE9F0434FF6FF7366
:10B96000994285B080460D4604D11E49082206F052
:10B9700056F958B11C4E00274FF6FD79EAF7CCFF77
:10B98000FCB2A04207D84FF6FF7019E005B0BDE841
:10B99000F04308F072B836F814304B4517D86946B2
:10B9A000204609F0BAF9082241460DF1050006F0DB
:10B9B00036F94FF6FF7360B99D4204D136F8140092
:10B9C00005B0BDE8F08326F8145009F073F901378B
:10B9D000D4E79D42FBD036F81430AB4208BF26F8BE
:10B9E0001490F4E7EF400020603C00202DE9FF4771
:10B9F000DFF84480DFF844A006460F4600254FF6E6
:10BA0000FD79EAF789FFECB2A04202D804B0BDE8A4
:10BA1000F08738F814304B450CD86946204609F0B9
:10BA20007CF9082231460DF1050006F0F8F808B956
:10BA30000AF804700135E4E7603C0020193F00205B
:10BA4000014B33F810007047603C0020F0B50E4FFA
:10BA500085B006460025EAF75FFFECB2A04201D8A8
:10BA600005B0F0BD37F81430B3420BD1694620461B
:10BA700009F08AF99DF80030022B1CBF4FF6FD73C8
:10BA800027F814300135E6E7603C002030B585B07A
:10BA90000446EAF741FFA04219D92046FFF794F87F
:10BAA0000546B0B96946204609F037F99DF80030DF
:10BAB0002BB1694620468DF8005009F04AF9064B33
:10BAC0004FF6FF7223F81420002005B030BD692026
:10BAD000FBE77520F9E700BF603C00202DE9F0414D
:10BAE0000B7805460E461BB9BDE8F041FFF7CEBF07
:10BAF000EAF712FFA8422ED92846FFF765F860BB87
:10BB000037464FF6FF7117F8058B3846FFF724FFCD
:10BB10000446384600F036FAB8F1000F15D0B8F1F7
:10BB2000030F15D04FF6FF724FF6FD73944208BF16
:10BB30001C460B4B23F815400A4B314658552846F6
:10BB400009F007F90020BDE8F0814FF6FF74F0E737
:10BB50004FF6FE74EDE76920F5E77520F3E700BFC7
:10BB6000603C0020193F00202DE9FF41114F0D4698
:10BB70000E0A04464FF6FE78EAF7CEFEA04204D83D
:10BB8000FF24204604B0BDE8F08137F81430434567
:10BB90000CD16946204609F0C0F89DF80520EBB2AB
:10BBA0009A4203D19DF80630B342EAD00134E4B2A0
:10BBB000E2E700BF603C00202DE9F04F87B0DFF8DE
:10BBC0006C909DF840A001900C46174698460025C1
:10BBD0004FF6FD7BEAF7A0FEEEB2B04201D8FF2699
:10BBE00016E039F816205A451ED802A9304609F049
:10BBF00094F83FB99DF80920424515D19DF80C20D5
:10BC0000524511D144B939F81620019B9A420BD103
:10BC1000304607B0BDE8F08F08220DF10D01204637
:10BC200005F0FDFF0028F3D00135D3E7603C00208C
:10BC300010B5144609F071F820460349BDE81040DC
:10BC4000082205F0FCBF00BFEF4000202DE9FF47B0
:10BC5000074615460846082224491E4605F0DFFF20
:10BC6000044600283FD1DFF888904FF6FF7AEAF7C4
:10BC700053FE5FFA84F840450BD885B3384603F08D
:10BC8000B6FA01250C9B18703570012004B0BDE890
:10BC9000F08739F8183053451FD06946404609F0FF
:10BCA0003CF87A789DF801309A4216D17A88BDF82E
:10BCB00002309A4211D13A799DF804309A420CD15F
:10BCC00008220DF10501781D05F0A9FF28B9002D06
:10BCD000D7D1404603F09FFAD3E70134C7E7FF20EE
:10BCE00003F099FACEE70020D0E700BFEF40002034
:10BCF000603C0020F0B5164E164F85B00025EAF7DF
:10BD00000BFEECB2A04201D805B0F0BD694620465A
:10BD100009F003F89DF80030032B06D9002369468B
:10BD200020468DF8003009F014F89DF8002062B12B
:10BD30004FF6FD734FF6FE71032A08BF0B4626F837
:10BD4000143000233B550135D9E74FF6FF73F6E772
:10BD5000603C0020193F0020F8B50E4B0E4D1B78BB
:10BD600003EB43030E4605EB830504464FF6FF77CE
:10BD7000A54202D800242046F8BD2388BB4206D045
:10BD800008223146A01C05F04AFF0028F3D00C34ED
:10BD9000EEE700BFF7130020A03B0020044B05484E
:10BDA0001A7802EB42029200FF2105F062BF00BF49
:10BDB000F7130020A03B0020074A127882420AD9DC
:10BDC00000EB4003054A22F823104FF6FF73994217
:10BDD00001D1FEF72BBF7047F7130020A03B0020D6
:10BDE000094A127803469A42084608D90C210222D1
:10BDF00011FB032305490822194405F020BF002345
:10BE00000B604B60704700BFF7130020A03B002081
:10BE1000054B1B78834281BF0C235843034B185AB0
:10BE200098BF4FF6FF707047F7130020A03B00202B
:10BE300038B50446FFF70AFE094B1878094B002273
:10BE40004FF6FD75D1B2884200D838BD33F80C1CCE
:10BE5000A14208BF23F80C5C01320C33F2E700BFAB
:10BE6000F7130020AC3B002070B505460E4608468F
:10BE7000FFF7DEFF31462846FFF76EFD06482946EC
:10BE8000FFF76AFF00B970BD044624F80C6B08F098
:10BE900011FF29462046F3E7A03B002010B52449B6
:10BEA00086B00822044605F0BAFE20B906B0BDE807
:10BEB000104007F0E2BD1F490822204605F0AFFE02
:10BEC00020B91D4BB3F8680006B010BD00230093E5
:10BED000012221464FF6FF70FFF76EFEFF2806D0C5
:10BEE000164B33F810004FF6FB739842ECD903A8B9
:10BEF000FEF7E6FE58B9BDF80C305B0607D5082200
:10BF000021460DF10E0005F08AFE0028DCD00C4819
:10BF10002146FFF721FF40B100884FF6FB724FF634
:10BF2000FF73904288BF1846CEE74FF6FF70CBE70D
:10BF3000EF4000204A390020E0380020603C00201B
:10BF4000A03B002070B50D4B1D780D4B0446002220
:10BF500008464FF6FB76D1B28D4201D8002009E0A9
:10BF60001988B14207D8A14205D10822991C05F0D1
:10BF700066FE012070BD0C330132ECE7F7130020A0
:10BF8000A03B002037B5014605460D48FFF7E4FE0B
:10BF9000044630B1807A294603B0BDE8304008F04D
:10BFA00002BF03460090012229464FF6FF70FFF7BB
:10BFB00003FEFF2816BF034B2046185CEBE700BFCB
:10BFC000A03B0020193F00202DE9F843164B1B78B9
:10BFD000834207460E4623D9FEF710FE044608BBEF
:10BFE000304607F048FD4FF00C084FF6FF724FF651
:10BFF000FD73904218BF03460C4D08FB07F2304614
:10C00000AB5205EB0209FFF7BDFF89F80A0048466D
:10C0100008223146023005F012FE2046BDE8F883C2
:10C020006A20FBE77620F9E7F7130020A03B002009
:10C0300038B504460D46FFF7D9FC05482146FFF701
:10C040008BFE00B938BD857221460C30F7E700BF82
:10C05000A03B00202DE9F04192F808801F4608F12E
:10C06000FF33DBB2EF2B88B005460E4614460BD9E2
:10C0700082238DF80E309DF80E30214A3146284635
:10C0800000F0A6FA012037E00E22002104A805F0F6
:10C09000F0FDB4F80930ADF81230E37A8DF8118074
:10C0A00003F07F02032A08D0012B24D103238DF84B
:10C0B0001030A389ADF815300EE0032B14BF022316
:10C0C00001238DF81030E368CDF815302369CDF8E1
:10C0D0001930237D8DF81430A7F121014A420DF16A
:10C0E0000E034A41009321460DF10F0304A8FFF708
:10C0F000ADFD0028BFD1002008B0BDE8F08100BF31
:10C10000498602002DE9F04F95B01D780492002475
:10C11000CDE90201CDE900544149234622460120E0
:10C1200007F0E8FBADF81E00F8B1A3462646274607
:10C130000DF120090DF1380AEAF7EEFB5FFA84F8F9
:10C14000404516D8BDF81E003A460221F6F7A0FE7B
:10C15000BDF81E0032460421F6F79AFEDDE9031011
:10C16000BDF81E30002200F033FA012015B0BDE802
:10C17000F08F4A460AA94046FFF75AFD9DF828204D
:10C1800022B12DB1013DEDB20137FFB20134D3E749
:10C19000BBF1000FF8D199E803009DF829308AE837
:10C1A00003008DF84030BDF82A308DF84130032A65
:10C1B0004FEA13238DF8423016BF032301238DF875
:10C1C0004330DDF8311018BF9DF82C30DDF82D001C
:10C1D00014BF8DF84C308DF8433011AB03C3029877
:10C1E0000CBF4FF00E084FF0150808F0A3FC0590A7
:10C1F000BDF81E00F6F764FC059900EB08039942B0
:10C200000BDB0123424651460DF11E00F6F788FD77
:10C210000028AAD10136F6B2B6E74FF0010BB3E71A
:10C2200046860200074A00231370074A1370074A24
:10C23000118801B11380064B1A880AB100221A80B6
:10C24000704700BF2A41002029410020163E0020EF
:10C25000143E00202DE9F04F3C4C87B01D4623884A
:10C260009DF840600746884610465BB952B107F01A
:10C27000DEFA208036484FF4FA6107B0BDE8F04F8F
:10C28000F6F734BEDFF8D890B9F80040002C4AD059
:10C290002046F6F715FCDFF8CCA0DFF8CCB0C0F3F1
:10C2A00047062046F6F7F0FB0296BAF800300193F5
:10C2B000BBF800300093274904462B46002201209A
:10C2C00007F018FBADF81600F0B104EB46060125A7
:10C2D000B4420DD1C5B9BDF81630ABB12A464146BE
:10C2E000384600F075F9ABF80050AAF800500BE0A2
:10C2F000012321461A460DF11600F6F711FD10F044
:10C30000FF0504F10204E3D0134A0023A9F800302A
:10C310001378013BDBB21370002BABD107B0BDE843
:10C32000F04FFFF77FBF0D4C237823B9F5F72CFBB7
:10C3300008B901232370324629460520F7F778FB18
:10C340000028EBD1207007B0BDE8F08F163E00202A
:10C350006C1300204B8602002A4100202941002056
:10C36000143E0020A83D0020AA3D002030B5154D08
:10C370002C8887B09CB923464FF4A07248F238014C
:10C3800003A808F0EDFD2146204607F068FE0E4B9D
:10C390000094224603A9FFF75DFF07B030BD204699
:10C3A00007F0A7F8043006F06EFF03A904462888BA
:10C3B00009F0DBF8002300932A8803A9204600F047
:10C3C0003BFAEAE7163E002000F8FF0737B50F4CAE
:10C3D0000F4D01A9002007F042FE237801467BB1F2
:10C3E0000C4B019A187807F04EFE2078F8F7E2FC23
:10C3F000002323702B700848F6F714FE03B030BDFD
:10C400002B78002BF7D0FFF7B1FFF4E72C41002089
:10C410002A4100202B4100206C13002008B505485C
:10C42000F6F758F90448F6F755F9BDE8084003480F
:10C43000F6F750B9163E0020143E0020123E0020B0
:10C440002DE9F04F89B0CDE905239DF84870139E82
:10C450008946044630B316F801ABBAF1000F23D079
:10C460000AF1FF34A400E4B23146012006F01FFFB8
:10C47000C00E1BD1DFF844B13146012006F017FF92
:10C4800034449BF800502279BDB1002F47D1CDE94B
:10C490000277CDE90077424A05998023484600F0AB
:10C4A00097F83CE08246DFE75446DDE71B28ECD9ED
:10C4B0003146012006F0FBFEE7E7DFF80481FF2AA2
:10C4C00000EA08080BD1E379A179607901EB032137
:10C4D000424689B209B0BDE8F04F07F0D4BD3149FA
:10C4E00009688B070AD5FE2A3AD101230135EDB23E
:10C4F000202D4FEA43030AD1FF250AE029462846AA
:10C50000079207F0ACFD4845BFD1079AEBE7984585
:10C51000ECD1254B1B78FF2B04D0AB4204D009B0E3
:10C52000BDE8F08FFF2DFAD00020F4F713FCA842ED
:10C53000F5D029460020F4F713FC0028EFD09BF833
:10C5400000306479002BEAD1FFF76CFE17484FF4F6
:10C550001051F6F7CBFC164B8BF800501C70DEE741
:10C56000052A92D8BAF1010F8FD8B8F1000F8CD0FC
:10C57000002FD4D17379002BD1D00E49098821B96D
:10C580000D49082B28BF08230B701292DDE9051214
:10C590004346484609B0BDE8F04FFFF75BBE00BF19
:10C5A0004B860200002C00203A1400206C1300205F
:10C5B0002B410020163E00202A4100202C41002063
:10C5C00000F8FF07014B1880FFF7D0BE143E002093
:10C5D0000CB42DE9FF470CAA0E4652F8041B039237
:10C5E000074600297ED1BDF83400ADF80A000028C6
:10C5F00000F0918033794FF6F778002B76D14745DC
:10C600008CBF4FF009084FF00808454B1C78FF2CF1
:10C6100074D1B6F90230002BA9BF424B347A1C7892
:10C620000134A2BFE4B21C7044F08004DFF8009132
:10C6300022460021F6F72CFC99F80020BDF80A30BC
:10C64000002A5ED00193DFF8ECA0FF230093BAF834
:10C650000000334622463946FCF7BCFB002389F82C
:10C6600000304FF6FF730546AAF80030742D33D121
:10C670000DF10A0332463946404604F0F1FC002829
:10C680004BD04FF6F7739F4226D8B6F90230708828
:10C69000002B21DA2449254B48F20402904214BFB2
:10C6A0008946994607F0E9F94FF0000803464946E4
:10C6B000CDF800808A22012007F01CF9814658B18C
:10C6C00022464146F6F7E4FBCDE90098FF233246C7
:10C6D00039464046FCF7E8F9284604B0BDE8F04783
:10C6E00002B07047012007F0E2F87EE700233371C3
:10C6F00047458CBF4FF00608984686E7FF221A7020
:10C7000094E7CDE900323946FF2332464046FCF734
:10C71000CBF90546AAE71825DEE70546DCE700BFAA
:10C720003C1400202E410020558602005186020054
:10C730002D410020183E002070B588B00024164618
:10C740004FF40033ADF81A100DF10F0204A905469D
:10C750000593ADF81840ADF81C4004948DF80F40D7
:10C7600004F05DFC9DF80F300193049B0093044A94
:10C77000334605A92846FFF72BFF08B070BD00BF60
:10C780005886020030B587B04FF48035CDE90012ED
:10C79000002403958DF81030BDF82850074A8DF815
:10C7A0001140034603A9BDF82C00ADF81250ADF8B6
:10C7B0001440FFF70DFF07B030BD00BF65860200D3
:10C7C00010B54FF4981286B04FF08063CDE9032383
:10C7D0000023ADF8143007F050F90446F8F79CFB3D
:10C7E000054B01900093054A234603A94FF6FD70BF
:10C7F000FFF7EEFE06B010BDEF4000205B860200A2
:10C8000030B587B0CDE9001200248DF81030094A08
:10C810008DF8114003464FF4806503A94FF6FD7073
:10C820000394ADF81250ADF81440FFF7D1FE07B0F5
:10C8300030BD00BF5F8602002DE9F04F99B00E4673
:10C8400005460CA91046CDE90A329DF8887008F01B
:10C85000E5FABDF8309080464846F6F731F9B6F96A
:10C860000230B6F806A0B6F802B0002B044604DA8F
:10C87000904B00221A7000204BE04846F6F720F952
:10C880004045F5D3A4EB0804E3B2002F18BF4FF4E2
:10C89000A07A152B099328BF15230024013308F132
:10C8A000FF32DBB2D2B24946009412A806F094FFE0
:10C8B00081499DF8482008684968ADF840406FEA12
:10C8C0004B436FEA5343ADF83E300DAB03C3ADF8B5
:10C8D0003C40ADF842A0ADF84420BBF1000F26D19A
:10C8E000764908220DF1490005F099F9044698B9F6
:10C8F00007F0C3F806460DF151080DF149030A9AF5
:10C9000098F80090012A2CD14FB384F0010404F070
:10C91000010019B0BDE8F08F0DF1490008F08DFB62
:10C920004FF6FF74011B4C4206464C41E3E7BBF156
:10C93000010F5AD1BDF8496007F09FF886420AD02E
:10C940000DA9304608F082FB80F00104E4B20DF13D
:10C950004B080DABD3E7594B0DF14B08CFE70A9CC1
:10C96000D5E767B34CBBB9F1010F26D832D107F038
:10C9700084F807F082F898F80110504B06462246DA
:10C9800002910021CDE9006101204D4906F0B2FF7E
:10C99000ADF8320088B134BBB9F1010F0CBF0D21E5
:10C9A0000C210DF1320006F0FEFE024628B9BDF85A
:10C9B00032300FA92846FFF70BFE0120A9E7B9F195
:10C9C000010F05D1002CD2D098F801108122D7E7B1
:10C9D000002CF9D1B9F1010F94BF0022012298F87F
:10C9E0000110D201CCE70C21DBE70A9B002B7FF47E
:10C9F00042AF7388342B4CD1099B092B7FF43BAF9A
:10CA0000002F7FF438AF9DF951603A46B4100821E9
:10CA10000DF1490004F0200406F0DFFF30B927498A
:10CA200008220DF1490005F0FAF808BB254B1B78E8
:10CA3000012B3FF420AF244A244BB2F868201B6836
:10CA4000AA4208D0DA0006D5C823214A0FA92846F1
:10CA5000FFF7BEFD0FE75B0201D5002E17DA0023BA
:10CA60001B4A0FA92846FFF7B3FD1A4B1C7002E7BB
:10CA70000DF1490008F0E1FA4FF6FF739842E3D058
:10CA80002146F9F71BFF03460028DDD1DDE78D23A2
:10CA9000DBE7099B04930DF14903CDE905A2CDE93C
:10CAA0000283CDE900790B9B0FAA3146284600F09E
:10CAB00013F8E0E622410020B55E0200EF400020BE
:10CAC000638602003D3F0020E0380020002C00205B
:10CAD000498602003B1400202DE9F04FA1B0994691
:10CAE000BDF8AC302D9F0D939DF8B0300E93BDF87E
:10CAF000BC300F9304469DF8C0304E889DF8A8B016
:10CB0000109338468846154606F0BDFB112E824626
:10CB100071D806F0B2FF504576D0062E10D14FF6F0
:10CB2000FD72924526D0BBF1000F10D10022CDE955
:10CB300000A28023BD4A29462046FFF749FD06E0B2
:10CB4000BBF1000F03D1032E07D8012E09D8B84B33
:10CB500000221A7021B0BDE8F08F043E022EF6D8F4
:10CB6000E4E7B44ACDF800A0802329462046FFF729
:10CB70002FFDECE7B04B1B785E074CD406F07DFF31
:10CB800000260346A94900963246012006F0B2FE6F
:10CB90003B79ADF866000F930028DBD0DDE90E325B
:10CBA0000D9803EB42095FFA89F9F5F789FF09F15E
:10CBB00005085FFA88F88045CCD241460D98F6F713
:10CBC00053F9109008EB40080D98F5F779FF804570
:10CBD000C0DADDE90F321343DBB2002B40F03382C1
:10CBE000BBF1000FB6D1D8464246BDF8660004211D
:10CBF000F6F74EF974E1904A3A2E127812D948F2BB
:10CC00003B039E4207D013E08B4A127850070BD5A6
:10CC1000321F022A08D8B8F8063043F48043A8F837
:10CC2000063097E71B2E1DD8B21E91B213295FD98B
:10CC3000109B02930F9B0E9ACDE900B34946234601
:10CC4000304604F0F3F90F2884D1794B01221A7091
:10CC5000794B1B789B0740F12783BBF1000F7FF4D2
:10CC600079AFD8E7A6F11C011E29E1D801A050F840
:10CC700021F000BFBFD2010031CC010031CC010056
:10CC800055CB010031CC0100ABD00100ABD001008D
:10CC900031CC010031CC010031CC010031CC01009C
:10CCA00031CC010031CC010031CC010031CC01008C
:10CCB00031CC010031CC010031CC010031CC01007C
:10CCC00031CC010031CC0100DDD00100DDD001000C
:10CCD00091D2010031CC010031CC0100B3D201006E
:10CCE00031CC010015D301002BD3010039D3010051
:10CCF000132A9DD801A151F822F000BF4DCD0100AB
:10CD0000DDCD0100FBCD010013CF01007DCB010083
:10CD100031CC010031CC010031CC010031CC01001B
:10CD200031CC010031CC010031CC010031CC01000B
:10CD300031CC010031CC010031CC010031CC0100FB
:10CD400055D0010031CC0100F1D2010000231A932B
:10CD50008DF866300DF166030E99009322461AABEA
:10CD6000484604F05DF906F088FE0646E9F7E0FD66
:10CD7000162894BF4FF002094FF02209F8F7CCF8BB
:10CD80002E4B0746B3F800A0FBF784FE2C4B8046E1
:10CD90004FF6FF70B3F800B008F005F9294B9DF885
:10CDA00066201988244B1B7813F002031CBF264B06
:10CDB0001B780B921A9A0096CDE909324023CDE9EF
:10CDC0000701CDE90193CDE9058BCDE9037A1F4A2F
:10CDD000002329462046FFF7FBFBBBE606F04DFE8D
:10CDE0001B4B1C4A1B88CDE92A03002329462046F9
:10CDF00021B0BDE8F04FFFF7EBBBBE78731EDBB28E
:10CE0000EF2B1AA9304627D9F22E25D002F0A2FD29
:10CE1000822606F032FE0023CDE90003034A3346A2
:10CE200029462046FFF7D4FB94E600BF5186020056
:10CE30002241002055860200163F0020E01300200A
:10CE4000DC130020DA1300202F4100206986020045
:10CE5000DE1300207686020002F07CFD002856D00A
:10CE600006F00BFE9DF86C200492BDF86A20039238
:10CE7000BDF868209DF86E10CDE901629DF86D2027
:10CE80005200D2B24900C9B208320A4403460092A5
:10CE9000C7490022012006F02DFD9DF86D30ADF848
:10CEA00066008DF8633000283FF454AE4FF0000860
:10CEB00001231A460DF163010DF16600F5F730FF0D
:10CEC000074600287FF446AE9DF86330FAB29342DD
:10CED0000CD89DF86E308DF86330B8F1000F02D099
:10CEE000BDF8663036E04FF00108E1E741463046D4
:10CEF00002F032FD0123ADF86400022219A90DF100
:10CF00006600F5F70DFF01370028DDD022E6832605
:10CF10007FE706F0B2FD064602F022FDA54900902B
:10CF200033460022012006F0E5FC00283FF412AE53
:10CF30000027ADF868003E4602F012FD5FFA87F860
:10CF400040450DD8BDF8680032460421F5F7A0FF32
:10CF5000BDF86830002229462046FFF739FBF9E585
:10CF6000404602F0F5FCFF288DF866000BD0012347
:10CF700001361A460DF166011AA8F6B2F5F7D0FE91
:10CF800000287FF4E7AD0137D6E75046B7F80290A6
:10CF900002F0DEFCFF288DF8640000F0E5811AA99C
:10CFA00002F0D8FCBDF868304B4507D04FF6FF7251
:10CFB000914540F0D981190400F1D6819DF86D307A
:10CFC00012930E9B0533DBB213930F9B1493002334
:10CFD0004FF0000911934B4612E01793139B0D98E5
:10CFE00003EB4101C9B206F044FC179B15904FF0CA
:10CFF000000A12995FFA8AF28A4216D309F10109EE
:10D00000149A5FFA89F19142E7D39DF86E2012924B
:10D01000169A1392002B40F09981119B002B40F03F
:10D02000A381109B14930123D2E711999DF864000A
:10D03000179302F091FC159A179B0AF1010A82429C
:10D0400008BF0123D5E709F106095FFA89F3B04665
:10D0500016938AE1BD1C29465046BC7A03F0C6FBF4
:10D06000012229465046FBF72BF9504607F0AFFF47
:10D07000284607F0E2FF3A88824207D04FF6FF7257
:10D08000904203D007F0DEFF07F0C1FF84F00804F0
:10D09000C4F3C00421462846FEF7CAFF21462846AD
:10D0A00021B0BDE8F04F03F0E8BFBBF1000F7FF403
:10D0B00051AD12073FF5AFAD33463A4629462046FB
:10D0C000FEF7C8FF00287FF445AD84233A4A29467D
:10D0D000204621B0BDE8F04FFFF77ABA0F9897F8D5
:10D0E000008007F027FD00210746204601F0FCF9EB
:10D0F000312EA7EB0007FFB240F0D6804FF0000AB8
:10D10000CDE9008A2D4953465246012006F0F2FB34
:10D11000ADF8660000283FF41DAD16225146DFF839
:10D12000A8B01AA804F0A5FD1AA806F03EFF9BF8C7
:10D1300000904FF0FF33CDE91C33B9F1000F02D15D
:10D140004FF0010A56E01E4E33796F2B02D90026AC
:10D15000324625E01CA9504600F024FD0028F6D0F8
:10D16000184BB6F80090B3F86830B9F1000F2DD124
:10D17000003B18BF01235B0143F004038DF87A30B4
:10D1800002238DF87B3073881B0A49461EA88DF850
:10D190007D3006F07AF8B8F1000F66D00026012243
:10D1A000BDF866000221F5F773FE32461DE500BFAB
:10D1B0007A860200518602004986020046860200F5
:10D1C0006C3D0020E0380020363F0020B3EB09031F
:10D1D00018BF01235B0143F005038DF87A30022369
:10D1E0008DF87B300F238DF87C30CCE70AF1010AF3
:10D1F0005FFA8AFA0AF1FF36F6B2304607F02AFFE4
:10D20000C307F3D59BF8003019EB030F04D009F1E5
:10D2100001095FFA89F9E9E75A4B187830441CA9EB
:10D22000C0B200F0BFFC002891D0304607F002FFEA
:10D230008146304607F00EFFC0070FD416238DF845
:10D240007A30514B1B780133DBB20F2B28BF0F23F1
:10D250008DF87C304D4B33F8163095E7304607F0AB
:10D26000F9FE8107EAD41223E9E7BDF86600F5F775
:10D2700027FC1630B84291DC012316221AA90DF1C1
:10D280006600F5F74DFD00287FF464AC01265FE7EA
:10D2900012073FF5C0AC0F983B4622462946FEF7E1
:10D2A00031FF00287FF456ACBBF1000F7FF452AC85
:10D2B0000BE7BBF1000F7FF44DAC802306E706F0CF
:10D2C000DCFB50457FF446ACDFF8CC8008224146B9
:10D2D000B81C04F0A4FC00287FF43CAC06F0CDFBA5
:10D2E000064606F0CAFB2A4ACDE92A0833467DE500
:10D2F000384605F0C8FF07F056FE00283FF42AAC78
:10D30000244A2A9000232946204621B0BDE8F04F48
:10D31000FFF75EB9CDE92AB74B462A4621460020E1
:10D3200021B0BDE8F04FFFF78BB8CDE92AB74B46E7
:10D330002A4621460120F3E75B464A462946204615
:10D340002A9721B0BDE8F04F03F09ABE01231A4698
:10D3500019A90DF16600F5F7E3FC00287FF4FAAB9C
:10D3600008F101085FFA88F8013602F0F9FA5FFA6D
:10D3700086FA50453FF609AEB8F1000F3FF430ACE5
:10D3800032E400BFFD130020174100209E3D002025
:10D390008286020055860200EF40002073B50646E3
:10D3A0000C46154608F0D0F80DF10602014630464D
:10D3B00007F07EFF0C4E034680B9012232702288AE
:10D3C000BDF8061022B10246072001F055FE28B133
:10D3D000BDF806202146284601F015FE034A002329
:10D3E0001360337002B070BD31410020D839002085
:10D3F000024B1B7803700020704700BF14410020CF
:10D40000024B93F900300370002070471341002055
:10D41000044B1B7813B1044B188870474FF6FF700C
:10D42000704700BF31410020263E002008B5064B62
:10D430001B783BB1054B196821B1082204F0FFFBB2
:10D44000002008BD7020FCE731410020D8390020C1
:10D4500030B519498BB014237F22098805460DEB9E
:10D46000030001F08EFCBDF81430DA0721D413F06C
:10D47000060FC3F3410208BFC3F341220F4B9C5C6C
:10D480000DF116012246684604F007FC04F128025B
:10D49000BDF826306A44023402F8283C1B0A02F820
:10D4A000273C69462A46E0B207F01DF900200BB080
:10D4B00030BDB720FBE700BFAA5D02008D860200E9
:10D4C00010B58AB00446ADF826200022CDE9052229
:10D4D00004920CAA02924FF6FF720192074AAC2105
:10D4E00004FB012201206032009203900DF126021C
:10D4F0004CF6200107F0BAFD0AB010BDE03800205C
:10D5000010B5204AB2F86800B2F85E10B2F85C308C
:10D510008AB04FF6FF74A042ADF82600ADF8241093
:10D520004FF6FD7018D081424FF00000CDE90500A4
:10D53000CDE90300CDE9010094BF09AA6032009251
:10D5400094BF48F660014CF660010DF126020420FC
:10D5500007F08CFD0AB010BD814288BF60324FF0E9
:10D56000000098BF09AA0092CDE90500CDE90300AB
:10D57000CDE90100044A8CBF4CF6604148F6604199
:10D58000E5E700BFE03800204A39002000B54FF63B
:10D59000FF738BB00022CDE90522CDE90322CDE94E
:10D5A0000132074A00924CF640010DF12602062096
:10D5B000ADF8263007F05AFD0BB05DF804FB00BF54
:10D5C0004039002000B50E4B8BB00022B3F85E301E
:10D5D000ADF82430CDE90522CDE90322CDE90122C1
:10D5E00009AA4FF6FF7300924FF400610DF1260275
:10D5F0000720ADF8263007F039FD0BB05DF804FBCD
:10D60000E0380020034B1A781AB1FF2A04BF002229
:10D610001A7070473341002070B5084C084E2378CB
:10D62000F55C1DB107483E2101F09CFB2378FF22E9
:10D63000F25400232370284670BD00BF3241002001
:10D640003341002092860200034B044A1B78D05CD1
:10D65000FF3818BF012070473241002033410020BD
:10D6600010B508490822044604F0D9FAB0FA80F04F
:10D67000228940094FF6FF7340009A4208BF40F0EC
:10D68000010010BDA686020030B5044685B00D46E7
:10D6900002B9084A1068516801AB03C301AB03CB60
:10D6A000ADF80C501B88206020466160238105B0D6
:10D6B00030BD00BFB55E02001FB50146002201A8C3
:10D6C000FFF7E2FF064801A907F0C5FD20B1F5F715
:10D6D000DBF94089C0F3400005B05DF804FB00BFF2
:10D6E000E213002030B585B00D460022014601A8A6
:10D6F000FFF7CAFF084801A907F0ADFD50B1F5F7E3
:10D70000C3F9044601460822284604F098FA6089C5
:10D71000C0F3400005B030BDE2130020F8B5054667
:10D72000F8B11048002105F033FF0446A8B10D4FB1
:10D730002046F5F7A9F90646FFF792FF830705D4BF
:10D7400008222946304604F06AFA38B121463846A4
:10D7500005F074FF04460028EAD10024201E18BFFB
:10D760000120F8BDE213002010B50C460146064822
:10D7700007F071FD30B1F5F787F943891C4214BFFA
:10D780000120002010BD00BFE21300201FB5144689
:10D79000024601A8FFF778FF074801A907F05BFDE3
:10D7A00040B134B1F5F770F914220146204604F077
:10D7B00046FA012004B010BDE21300201FB5014657
:10D7C000002201A8FFF760FF094801A907F043FD07
:10D7D00058B1F5F759F94389024613F0020004D015
:10D7E000507B80F00800C0F3C00005B05DF804FB7A
:10D7F000E2130020F7B59DF8244001949DF82040E5
:10D8000000940D4606461F4607F0FCFB4FF6FF71DD
:10D810008842044610D0BB0711D42846F6F7C2FC54
:10D82000204607F00FFCFF281FBF084A32F81030CF
:10D8300023F4804322F81030204603B0F0BD0246A6
:10D840002946304607F02CFDEAE700BFA03D002046
:10D8500073B50E460146144807F0FDFC0546D8B1E5
:10D86000F5F712F943893340044612D09B0736B2CC
:10D870000BD5002E09DAA17B437B0289007B019145
:10D88000012100912146FFF7B5FF638923EA0603D2
:10D890006381628912B1012002B070BD294602483D
:10D8A00005F0F5FEF7E700BFE21300200148F4F7AA
:10D8B00011BF00BFE21300202DE9F0438FB00746EF
:10D8C0009DF858800C4615461E46F8F71FFD20B1FE
:10D8D000F5F708FD08B144F400544A4B1B7813B91E
:10D8E00024F40074A4B2200509D546B904A9284639
:10D8F000F5F724FE002840D024F40064A4B2ADF86B
:10D900001840ADF81A5006F0B8F83F4BADF81C00BF
:10D91000B8F1000F02D01A78424501D293F8008086
:10D920003A4A8DF81E8013780133E105DBB213709B
:10D930004CBF0DF1210108A922058DF81F3004D537
:10D9400033680B6073684B600831E30405D5304AD7
:10D9500013680B6053684B6008310DF11808A1EB98
:10D9600008005FFA80F900214846F5F753F90646AA
:10D9700028B900200FB0BDE8F08304AEBFE7F5F78B
:10D9800083F841464A4604F088F93046F5F798F89E
:10D9900080463046F5F778F80023024600935FFA98
:10D9A00088F104234FF6FF7005F056FDADF80E0028
:10D9B0000028DED040F201131C421AD14FF6F77353
:10D9C0009D4216D8F5F77CF80DF10E010446284665
:10D9D00000F08AFDBDF80E00F5F772F8E4B2A0423F
:10D9E00007D9BDF80E0005F084FD437843F0040329
:10D9F0004370BDF80E003A460121F5F7E3F8BDF893
:10DA00000E00B7E7383F0020F11300203A3F002016
:10DA1000EF400020F0B50829D58889B028D00C291E
:10DA200026D0AE0424D405F040030B43424C2678A4
:10DA300016B105F0200423432FB2002FB8BF43F0E6
:10DA40008003032920D11223AC068DF80430937A89
:10DA500010D48DF805300DF1060401A9621A0123D6
:10DA6000D2B2F5F75DF9B0FA80F0400909B0F0BD27
:10DA70000B46DBE732228DF804208DF80530002EAE
:10DA8000E9D00DF11304E8E70C298DF8043009BF43
:10DA9000138953798DF805301B0A0BBF8DF80630BA
:10DAA0008DF805300DF107030DF1060354881C7045
:10DAB000240A5C7014889C700239240ADC700129E5
:10DAC00014791C7111D8917A5971002F31DA1289A9
:10DAD000DA710221120A997103F109041A72002EF7
:10DAE000BBD0AB06B9D50534B7E7A9071AD4002FC8
:10DAF0000CDA117A51B1917A59711189127A03F1C4
:10DB0000080492B102229A71D971E8E70B4C21788E
:10DB1000917201F1010C84F800C09C1D002F597115
:10DB2000DDDAEAE7917A9C1DF8E701229A71090A89
:10DB3000EAE79C1DD3E700BF383F0020393F0020B3
:10DB4000014B1870704700BF313F0020F7B50D46FC
:10DB500004460021284616461F46F7F71BFA0A4BD3
:10DB6000002183F859402A46009733462046FFF7A4
:10DB7000A7FC014630B102222046F5F74BFDC0B2AA
:10DB800003B0F0BD0120FBE7E0380020034B044860
:10DB90001A780021920004F06CB800BFFD13002039
:10DBA0004C2A002010B5134B1B78834286B00C46DC
:10DBB00012D9114900EBC00001EB400108220631E7
:10DBC000204604F03CF800220821204605F005FF1D
:10DBD00080F00100C0B206E0C01A01A9C0B207F08F
:10DBE00014FA10B1002006B010BD01AB03CB2060C9
:10DBF0006160E8E7FD1300206C3D002008B5074B8D
:10DC000053F820308B42024606D915204FF6FF719B
:10DC100002F0A9FD002008BD0120FCE74C2A0020ED
:10DC2000024B013143F82010704700BF4C2A0020FE
:10DC30002DE9F3472B4EDFF8B4A081460C460027B0
:10DC40009AF80030FDB2AB4210D86946204607F082
:10DC5000FDF9C0B308226946484603F0E0FF90B3DF
:10DC60004946204606F080FBFE2537E006F106080F
:10DC700008224146484603F0D2FF90B94FF6FF73A1
:10DC80009C422BD03388A34228D0204607F0DAF9F3
:10DC9000FF2814D14946204602B0BDE8F047F6F708
:10DCA000A7BA14B912360137CAE73388A342F9D1AB
:10DCB00000220821404605F090FE0028F2D12846B7
:10DCC000F6F76AF9CCE74946002007F0B9F9FF28D2
:10DCD000054603D0044B1B780344DDB2284602B04E
:10DCE000BDE8F0876C3D0020FD130020363F00208A
:10DCF0000F4B1B7883420CD8C01A0E4AC0B232F8C0
:10DD00001030D90411D443F4805322F8103001208C
:10DD10007047094B00EBC00003EB40035A79D10672
:10DD200003D442F010025A71F1E70020704700BF9F
:10DD3000FD130020A03D00206C3D00202DE9F8439C
:10DD4000074600F0F1FF05461B4805F006FE1B4B99
:10DD500060B31C683C1B2C44A4B2194BDFF86890DC
:10DD60001B78184D99F8006003EB830305EB43051E
:10DD700000225FFA82F846450AD9AB88A34205F132
:10DD80000A0016D9B21A0A235A43294603F057FF4C
:10DD9000013689F80060AC80B8F1000F03D1064865
:10DDA0003946F5F7A3F82846BDE8F8831D603C46E0
:10DDB000D3E701320546DCE78C130020DC39002074
:10DDC000344100209A3C0020354100201FB5154AFF
:10DDD000154C1378013BDBB213706168206801AA0F
:10DDE00003C221891180114A1278D21805D00A2362
:10DDF0005A43E118204603F022FF9DF806301B0726
:10DE00000DD0BDF80C00FFF799FF8288ADF808200F
:10DE100001AA034603CA1288186059601A8104B027
:10DE200010BD00BF344100209A3C00203541002045
:10DE300008B5094B094800211970094B1970094BA5
:10DE40001A7802EB8202520003F013FFBDE808408B
:10DE50000548F5F7E7B800BF354100209A3C00209F
:10DE600034410020FB1300208C130020F8B5094D2D
:10DE7000094F0A4E00243B783178E2B20B449A42B3
:10DE800004F1010400DBF8BD2846F4F723FC0A3551
:10DE9000F1E700BF9A3C00203541002034410020CA
:10DEA00010B5064C207828B1054806F07AF910B173
:10DEB000034B188810BDFFF789FFF3E734410020BA
:10DEC0009A3C002008B50A4A0346107860B1094A16
:10DED0001088984209D121B99378103323F00F03A9
:10DEE0009370FFF773FF012008BD0020FCE700BF1F
:10DEF000344100209A3C00202DE9F74F00F014FF38
:10DF0000DFF8F8803A4CB8F800C0DFF8F490394DEB
:10DF100099F800701FFA80FEAEEB0C039BB20193E0
:10DF200023780093002603EB830305EB43033A4673
:10DF3000B246ACEB0E0CB3465FFA86FEBE4515D377
:10DF4000BAF1000F01D0009B2370BA422AD3002FF0
:10DF500037D02378C8F800000A2202FB0353264872
:10DF6000998803B0BDE8F04FF4F7C0BFB3F804E000
:10DF700001998E4512D8009993F802E0A3F804B0F5
:10DF800001310EF1FF3EC9B2013A83F802E000917F
:10DF9000D2B24FF0010A0A330136CDE7E644A3F8C6
:10DFA00004E0F8E789F800204AB12378C8F80000B7
:10DFB0000A2202FB035310489988F4F797FF23784D
:10DFC00013B903B0BDE8F08FFFF76AFF06460028DB
:10DFD000F5D005F0C2F90146304606F0DFF820B171
:10DFE00000212888FFF76EFFE9E76621F9E700BF07
:10DFF000344100209A3C00208C130020DC390020A2
:10E000003541002038B50E4B05460E481C88F4F704
:10E0100059FF012D0CD10C4B1C88FA21614358B1DA
:10E02000884209D28408012C204638BF012038BD1F
:10E03000022D08BF0224F0E70248F4F757FFF2E789
:10E04000963C0020EC2A0020943C002008B5064BAA
:10E05000064801221A700021F4F748FFBDE8084085
:10E060000020FFF7CFBF00BF243F0020EC2A002094
:10E070001E4B1A8802F108039BB2012B73B502D81C
:10E080001B4B1B7823B902B0BDE87040F4F7CABF40
:10E09000184B194D00241C70184B1C702B787BB149
:10E0A000174E4FF6FC7300933088234622462146D4
:10E0B00006F05EFF4FF6FD732C70338001200FE0F9
:10E0C000104B1046197806F067F80028F6D10C4B73
:10E0D0001A884FF6FD739A42F0D001232B7002206C
:10E0E00002B0BDE87040FFF78DBF00BF983C002034
:10E0F000243F0020273F0020253F0020263F00200E
:10E10000923C0020283F0020012808B50AD00228B0
:10E110000CD020B9084B18700848F4F783FF4FF073
:10E12000FF3008BDBDE80840FFF790BFBDE80840DC
:10E130000020FFF767BF00BF243F0020EC2A00202B
:10E1400002280CD859B1064A13780133DBB2137098
:10E15000044A12789A4202D80220FFF7D5BF7047CE
:10E16000263F0020293F002038B500F15703DBB2DD
:10E17000012B04460D4615D80D4A13780133DBB246
:10E1800013700C4A12789A420CD80B4B19884FF630
:10E19000FD72914201BF1D80084B00221A700020C1
:10E1A000FFF730FF29462046BDE8384001F07DB832
:10E1B000273F00202A3F0020923C0020253F0020DE
:10E1C000064A00231370064A1370064A4FF6FD7183
:10E1D0001180054A1370054A13707047273F0020CD
:10E1E000263F0020923C0020253F0020243F0020B5
:10E1F00030B5094B1B78024633B1084B084C1978EF
:10E200000023D8B2884201D3FF2004E0013334F860
:10E2100023509542F5D130BDFA1300202C3F002049
:10E22000723C0020054B064800221A70054BFF2166
:10E230001970054B1A78920003F01BBD2C3F00208B
:10E24000763C00202B3F0020FA130020F7B58DF814
:10E2500007100DF10701044600F074FF234B1D78F1
:10E26000002D41D02046FFF7C3FF214E214B3178CE
:10E27000FF2805D1204A107885422DD9451C1570FC
:10E28000884219D01C4A1B4D92F800C00022D7B218
:10E29000BC450CD92F46013297F803E0864505F1BD
:10E2A0000405F4D102B203EB8202D278FA7002B212
:10E2B00003EB8202D170307002B203EB820123F8CB
:10E2C0002240FF228A709DF80720FF2A02D003EB2C
:10E2D0008203987003B0F0BD0A46104603EB820239
:10E2E000D278FF2AF9D1CBE7FF20F3E7FA13002019
:10E2F0002B3F0020763C00202C3F00202DE9F843E6
:10E30000FFF776FFFF2804466AD0364FDFF8E0803B
:10E31000354E03B24FF6FF7227F8232098F80050CD
:10E32000A54202D10020BDE8F88320B233788100F5
:10E3300007EB8000A34290F803E011D0294A0023A4
:10E340005FFA83F94D45944607D99CF80390A1459F
:10E3500003F1010302F10402F2D18CF803E001E0C1
:10E3600086F800E0013DEDB22A1BD2B204319200E2
:10E37000394403F064FC88F800503378FF2B04D054
:10E38000A34224BF03F1FF333370164B00214FF635
:10E39000FF70CAB2AA420CD3144A00234FF6FF7191
:10E3A000DCB2AC42BAD2013332F823008842F7D152
:10E3B000B4E79A78A2420BD11880DA78FF2A04D009
:10E3C000A24224BF02F1FF32DA7001310433E0E7E8
:10E3D000FF2AF2D0A24224BF02F1FF329A70ECE78A
:10E3E0000320A0E7763C00202B3F0020723C002059
:10E3F0002C3F0020F8B51C4B1B780546084673B32C
:10E40000FFF7F6FEFF28044629D02846FFF7F0FE66
:10E41000FF2806D0154B164E1A780023D9B2914228
:10E4200018D3FF212846FFF711FFFF28014616D019
:10E43000104F054623B207EB830237F82300967886
:10E44000FFF704FFA84208BFFF25FF2E214608D191
:10E450002846F8BD013316F823108142DED1FF258E
:10E46000F6E73446E6E700BFFA1300202C3F002011
:10E47000743C0020763C00202DE9FF414FF0000C59
:10E480009DF828508DF80FC00DF10F0CCDE9005C00
:10E490001F4606468846144600F024FE9DF80F30BD
:10E4A00093B941463046E8F7A9F90E4B1B785BB1AA
:10E4B0000B2C09D83046FF21FFF7C8FE05EB4404BA
:10E4C0000646E4B2A54202D104B0BDE8F081294677
:10E4D000384605F0CEF93146FFF7B8FE023506465C
:10E4E000EDB2EFE7FA1300202DE9F34700230DF119
:10E4F00007028DF8073004460E4600F00EFE9DF828
:10E500000730054663B92046FFF772FE04465EB148
:10E510003088F4F7D5FA5FFA80F8FF2C46D1002551
:10E52000284602B0BDE8F087B046F6E701320C2A73
:10E53000F5D02DB207EB8505AD78FF2DF6D112F0A1
:10E54000FF0AECD04FEA4A050235EDB2002EE7D0C3
:10E5500008EB0501C9B2304605F025F90028DED1E7
:10E56000308852464146F4F793FC0AF1FF3208F135
:10E57000010108F102093088D2B2C9B25FFA89F903
:10E58000F4F786FC24B207EB8404A478FF2CC7D0F0
:10E5900023B2308837F82320494605F07AF900285D
:10E5A000BDD109F102095FFA89F9EBE7014F254670
:10E5B0000022BEE7763C002000230360704703681A
:10E5C0000B6001607047FEE7FEE74FF400407047C4
:10E5D0004FF47A707047704713B5044601A8E3F70B
:10E5E00089FA9DF80630238040F201136380E3F737
:10E5F0009FFA6060002002B010BDE3F733B908B5A0
:10E60000E3F720F9002008BD10B5044644EA0103F1
:10E6100013F00303084609D1934201D1002010BD35
:10E6200054F8231040F823100133F5E792002146F7
:10E6300003F033FBF2E7704708B5E2F799F80130D1
:10E6400008BDEFF3108072B6704700B962B670472C
:10E65000602383F311887047EFF31180602383F305
:10E660001188704780F31188704784B00B6800935D
:10E670004B6801938B680293CB680393009B036004
:10E68000019B0360029B0360039B036000230093D4
:10E6900001930293039304B0704784B0036800931E
:10E6A000036801930368029303680393009B0B6064
:10E6B000019B4B60029B8B60039BCB60002300930C
:10E6C00001930293039304B0704730B5D1E902235C
:10E6D000D1E90054056004600260036030BD30B5CC
:10E6E0000568046802680368C1E90054C1E90223AF
:10E6F00030BD7FB58A0704460B4610D06D4601F148
:10E700001006186859682A4603C20833B3421546F2
:10E71000F7D169462046FFF7D8FF04B070BD0091DD
:10E72000009904B0BDE87040FFF7CFBF30B58B074C
:10E7300085B00C4610D06946FFF7D1FF0D46234641
:10E7400004AC2A4603CAA24218605960154603F178
:10E750000803F6D105B030BD0091009905B0BDE8C1
:10E760003040FFF7BCBF00F1424303F58013102A8D
:10E7700010B54FEA43130AD101221A6000F58870E0
:10E78000FFF773FF1031BDE81040FFF76EBF0022A6
:10E790001A602430F7E7F0B50B46990789B00446B4
:10E7A00015462DD0082A19D16D4603F110061868B8
:10E7B00059682A4603C20833B3421546F7D10822E6
:10E7C00069462046FFF7CFFF03226B460020013A3F
:10E7D000186003F10403FAD209B0F0BD6E4603F1EC
:10E7E000200718685968324603C20833BB421646F0
:10E7F000F7D12A4669462046FFF7B5FF0722E4E72E
:10E800000093009909B0BDE8F040FFF7ACBF10B528
:10E810002030FFF742FF102A04D1BDE8104010312C
:10E82000FFF73BBF10BD30B58B0789B00C461546CE
:10E8300025D06946FFF7EBFF082D6A4613D104ADDA
:10E84000134603CBAB42206061601A4604F1080412
:10E85000F6D103226B460020013A186003F104034D
:10E86000FAD209B030BD08AD134603CBAB422060ED
:10E8700061601A4604F10804F6D10722EAE7009124
:10E88000009909B0BDE83040FFF7C1BF704770473D
:10E890007047E2F75DBCE2F7EDBB70B505460E468A
:10E8A0001446FFF7CEFE2B685C4034405C402C6081
:10E8B000BDE87040FFF7C9BEE3F71CB838B5E3F711
:10E8C00075F98B7C04460D461BB1036843F0804309
:10E8D0000360EB7C1BB12B7D43F08003A3652A8A88
:10E8E0006B7B1343EA89134363602B7BD5E90112E9
:10E8F0002046E3F729F96B7D1BB1236843F480338D
:10E900002360AB7D1BB1236843F400432360EB7DA0
:10E910002A7E1B07120502F4E00203F0E0431343D2
:10E920002366636F23F030036367626F6B7E13436C
:10E9300063672B78E36038BD03691B06FCD5C069AB
:10E94000C0B2704703695B06FCD541637047002085
:10E950007047002070470020704701207047012059
:10E9600070470F207047ECF735B94FF0FF3003F0D8
:10E9700070BE704770B504460D46FFF762FEA36A8D
:10E98000102B064604F10501284614BF1022082268
:10E99000FFF701FF05F1840004F14C01FFF7A9FE28
:10E9A0003046BDE87040FFF750BE2DE9F043074602
:10E9B00085B016461C460D4631B9E3F73DFA0546CB
:10E9C00001463846FFF7D6FF44B3FFF73AFE97F803
:10E9D00042308046F3B10E2200210DF1020003F017
:10E9E00048F90E2CBB8DA14628BF4FF00E095BBA2B
:10E9F00031464A460DF10200ADF8003003F04DF902
:10EA000069462846E3F73CFA0023A4EB09044E4488
:10EA100087F842302CB94046FFF717FE05B0BDE835
:10EA2000F083102C27464FF0100228BF102700213A
:10EA3000684603F01EF931463A46684603F02DF960
:10EA400069462846E3F71CFAE41B3E44E2E72DE959
:10EA5000F04F8BB00546DDF85080169E17469A465B
:10EA60000C464FF0010900297BD1E3F7E5F9CDF819
:10EA7000009004462B6E2F714FF000095FFA88F763
:10EA8000EB62C5F8449085F86C704246514605F13A
:10EA90005C00019303F001F9159A019BC7F10F0B7C
:10EAA000023AC7F10E07B3EB0903FFB24FEA520275
:10EAB00047EAC20218BF012342EA83135146424685
:10EAC0000DF109008DF8083003F0E7F806AA4B466F
:10EAD0005FFA8BFB9146D9B28B4547D8002E59D1AE
:10EAE00066602660FFF7ADFDAB6A0190102B14BF86
:10EAF00010220822691D2046FFF74DFEC4F88860E9
:10EB000002A9C4F888602046C4F88860C4F8886008
:10EB1000E3F7B6F90198FFF798FD424651460DF12B
:10EB200019008DF8187003F0B8F808F101005A4682
:10EB30003146484403F09DF801238DF82730FFF754
:10EB400080FD04F18407064649463846FFF7D1FDAB
:10EB50003046FFF77AFD009B6BB900200BB0BDE893
:10EB6000F08F002380F84290009383E702F8016D54
:10EB70000133360AAFE7FFF764FD05F14C010646A5
:10EB80003846FFF7D3FD3046FFF75FFD2046E3F739
:10EB90005DF9E2E76FF08600E0E701440023884278
:10EBA00000D1704700F8013BF9E72DE9FF47DDF898
:10EBB0003890DDF848800C46064617469A46E3F73B
:10EBC0003BF90C9BC6F86090224600930146CDE9C4
:10EBD0000187054653463046FFF739FF0446C8B95A
:10EBE0000D9A4B4629463046FFF7DFFE3FB1109B9A
:10EBF00000933A460F9B29463046E3F7ABF9119A4A
:10EC0000434629463046E3F749F9044610B92846F9
:10EC1000E3F71CF9204604B0BDE8F0872DE9F8437E
:10EC20001546894607469846E3F706F900234360F0
:10EC300003600446FFF705FDB9F1100F14BF102261
:10EC400008223946064604F180072046FFF7A3FD57
:10EC500041463846FFF74DFD3046FFF7F6FC012DE3
:10EC60000CBF05230623A360256915F00205FBD11F
:10EC7000FFF7E7FC089906463846FFF757FD304690
:10EC8000FFF7E3FC2046E3F7E1F82846BDE8F88308
:10EC90002DE9F04190461E46054678B38B422DD1B2
:10ECA000E3F7CAF80023436003600446FFF7C9FC9A
:10ECB000102E074614BF1022082229462046FFF7CF
:10ECC0006AFD3846FFF7C1FC0523A360256915F0EE
:10ECD0000205FBD1FFF7B5FC102E14BF102208224D
:10ECE000414607462046FFF79EFD3846FFF7ADFC3C
:10ECF0002046E3F7ABF82846BDE8F0816FF08600C8
:10ED0000FAE713B502230024684600948DF8044006
:10ED10008DF80530E2F7CEFA204602B010BD08B5F6
:10ED2000E3F7FAFD80B208BD08B5E3F7F5FD08BDCD
:10ED300008B5FFF7F9FFFA23B0FBF3F080B208BD86
:10ED4000012070470420704740F20160E3F7AEBE37
:10ED5000704770477047032000F01EB801207047CD
:10ED600042DE704738B504460D4604F032FA00F032
:10ED700020F8FFF76DFC29462046BDE83840FFF734
:10ED8000EFBF10B404460846114622465DF8044B16
:10ED9000E5F706B9E5F746B9E5F784B910B40446D6
:10EDA0000846114622465DF8044BE5F799B9E5F7A8
:10EDB00019BA704710B5FFF744FC0446E4F74AF867
:10EDC0002046BDE81040FFF740BC7047FFF761BD2B
:10EDD00070477047012070474FF41670E4F752B93E
:10EDE0002DE9FF410D4616461F460446A8B14FF0D7
:10EDF0000008C0F81C80E4F787FCBDF82C300293B3
:10EE00009DF828304246CDE9007329463346204616
:10EE1000E4F7E0FB04B0BDE8F0812220FAE7F0B5AA
:10EE200087B01F4600230D4616468DF8173004465E
:10EE3000A8B1C3610DF11701E4F796FC9DF8172006
:10EE40007AB9BDF8343002939DF830302946CDE9C7
:10EE5000007320463346E4F7BDFB07B0F0BD222027
:10EE6000FBE70320F9E738B5FFF7F6FB0546E4F7C3
:10EE7000E5FE04462846FFF7F5FB204638BD08B5F9
:10EE8000E9F72AFB02F0FBFD02F0FAFD02F0FFFDBC
:10EE9000BDE8084002F00ABE08B502F008FE02F024
:10EEA00007FE02F006FEBDE8084002F009BE70470A
:10EEB00007B503469B0753BF6FEA01414FF6FF7347
:10EEC00043EA01416FEA11410422019120F003005D
:10EED0000DEB0201FFF7F0FC03B05DF804FB41EA23
:10EEE000000313F001032DE9F04104460E461546D8
:10EEF0003FD1002A3BD04FF6FF7234F813109142F5
:10EF000005D036F8131011B14B20BDE8F081013364
:10EF1000AB42F2D1E2F796FC012D01D0A3070ED54A
:10EF200031882046FFF7C4FF10B1E2F79BFCEBE706
:10EF3000013D012D04F1020406F102060ED925F06F
:10EF400001084FEA48073A4631462046FFF7B4FC2D
:10EF50000028EAD13C443E44A5EB08052DB1318898
:10EF60002046FFF7A5FF0028DFD1E2F77BFC002059
:10EF7000CBE70120C9E708B5FFF71BFFBDE8084054
:10EF8000F4F7A2BA10B51446E5F7F8F92146BDE842
:10EF90001040F3F7ABBF08B5E5F7F0F9BDE808405E
:10EFA0000021F3F7A3BF08B5E5F7E8F9BDE808408D
:10EFB000F4F738B87047704708B5FFF7FAFEFFF767
:10EFC000FAFF02F0DFFDBDE80840E5F711BA70472F
:10EFD00038B50546FFF735FB012104462846E3F71F
:10EFE000C5FF2046BDE83840FFF72FBB0120704722
:10EFF0000120704708B5E5F7B3FA00280CBF0420DC
:10F00000012008BD704770B504460D46164601F054
:10F0100019F932462946204602F0B5FD3246294606
:10F020002046FFF7EFFFBDE8704001F00DB92DE974
:10F03000F34104469DF820800D4616461F4601F018
:10F0400001F9CDF800803B4632462946204600F0C3
:10F050001AFC02B0BDE8F04101F0F6B8704708B5FF
:10F0600001F0F0F802F092FDFFF7F8FFBDE808406C
:10F0700001F0EAB8012070472DE9F04104460D4641
:10F0800016461F4601F0DEF83B463246294620462A
:10F09000FFF7F0FF3B46804632462946204602F005
:10F0A00077FD01F0D1F84046BDE8F08101207047BE
:10F0B0002DE9F04104460D4616461F4601F0C2F800
:10F0C0003B46324629462046FFF7F0FF3B46804646
:10F0D00032462946204602F05CFD01F0B5F8404674
:10F0E000BDE8F0812DE9F743DDF82C909DF82880EC
:10F0F00004460D4616461F4601F0A4F8CDE90089E6
:10F100003B4632462946204602F044FD03B0BDE8A6
:10F11000F04301F099B800207047F8B504460D4659
:10F12000164601F08FF8324629462046FFF7F3FFD6
:10F13000324607462946204602F02DFD01F084F8AC
:10F140003846F8BD38B504460D4601F07BF829462F
:10F15000204602F021FDBDE8384001F075B810B539
:10F16000044601F06FF8204602F017FD2046E9F74B
:10F170004BF9BDE8104001F067B8704738B5044658
:10F180000D4601F05FF82946204602F00FFD2946A2
:10F190002046FFF7F2FFBDE8384001F055B8704750
:10F1A00070B504460D46164601F04CF83246294625
:10F1B000204602F0FDFC324629462046FFF7EFFFCD
:10F1C000BDE8704001F040B8704738B504460D46C0
:10F1D00001F038F82946204602F0ECFC294620468A
:10F1E000FFF7F2FFBDE8384001F02EB8704738B5A0
:10F1F000044601F027F8204600F0E3FA05462046D1
:10F2000002F0DAFC29462046FFF7F0FF01F01CF877
:10F21000284638BD704738B5044601F013F820463B
:10F2200000F0FDFA0546204602F0C7FC29462046BC
:10F23000FFF7F0FF01F008F8284638BD704710B519
:10F24000044600F0FFFF204602F0B8FC2046FFF71E
:10F25000F5FFBDE8104000F0F7BF704738B5044631
:10F260000D4600F0EFFF2946204602F0A8FC294693
:10F270002046FFF7F2FFBDE8384000F0E5BF7047D9
:10F2800070B504460D46164600F0DCFF32462946AE
:10F29000204602F095FC324629462046FFF7EFFF54
:10F2A000BDE8704000F0D0BF704738B504460D4649
:10F2B00000F0C8FF2946204602F083FC294620467C
:10F2C000FFF7F2FFBDE8384000F0BEBF704738B529
:10F2D00004460D4600F0B6FF2946204602F072FCB7
:10F2E00029462046FFF7F2FFBDE8384000F0ACBFEA
:10F2F000704710B5044600F0A5FF204602F063FCFD
:10F300002046FFF7F5FFBDE8104000F09DBF7047B5
:10F3100010B5044600F096FF204602F055FC20464A
:10F32000FFF7F5FFBDE8104000F08EBF704738B51D
:10F3300004460D4600F086FF2946204602F045FCB3
:10F3400029462046FFF7F2FFBDE8384000F07CBFB9
:10F35000704710B5044600F075FF204602F036FCF9
:10F360002046FFF7F5FFBDE8104000F06DBF704785
:10F3700038B504460D4600F065FF2946204602F0E8
:10F3800026FC29462046FFF7F2FFBDE8384000F092
:10F390005BBF704770B504460D4600F053FF294629
:10F3A000204602F016FC2046F3F78AFB064620466C
:10F3B000F3F76AFBF1B202462846FFF7EAFFBDE821
:10F3C000704000F041BF704730B5044685B000F092
:10F3D00039FF204602F0FEFB00230DF10F008DF8EF
:10F3E0000E308DF80F30FEF70BF80DF10E00FDF723
:10F3F000FFFF6088F3F764FB05466088F3F744FB82
:10F40000EDB2019000959DF90F309DF80E206178C6
:10F410002078FFF7D8FF00F017FF05B030BDB5200A
:10F420007047B520704738B5044600F00BFF204602
:10F43000FFF7F7FF0546204602F0CDFB2046FFF719
:10F44000EEFF00F001FF284638BD82B002AB03E9B1
:10F45000060002B0704737B505466C4684E80600E2
:10F4600000F0F0FE94E80600284602F0B5FB94E8B0
:10F4700006002846FFF7E9FF03B0BDE8304000F082
:10F48000E3BE002070470020704738B5044600F006
:10F49000D9FE2046FFF7F7FF0546204602F0A5FB00
:10F4A0002046FFF7EEFF00F0CFFE284638BD70473C
:10F4B00008B502F09BFBFFF7FAFF08BD08B500F0A6
:10F4C000C1FE02F094FB02F0D8FABDE8084000F05B
:10F4D000BBBE00207047704708B5E5F7E9F8BDE806
:10F4E0000840E5F7EDB800207047E5F701B913B51E
:10F4F00000230C46CDE9003301461A46E0B2E5F799
:10F50000B3FB02B010BD13B5002314460190009365
:10F510000122E0B2E5F7A8FB02B010BD7047194424
:10F5200091420ADC4218002003B9704712F8011D0D
:10F53000013B01EB0020DBB2F6E700207047982882
:10F5400008B513D88F281ED900F17002D2B201235A
:10F55000934013F4A97F10D1DB0714D5902813D161
:10F56000F3F712FEBDE8084000F01EBEBC280BD029
:10F5700007D85530C0B2042805D8BDE8084000F0CF
:10F58000CCBFBF2800D008BD00F00DFE00F00CFE7F
:10F59000E8E710B586B0089C04940024CDE9024445
:10F5A0000124CDE9003413460A4601460620E5F75A
:10F5B000A9FC06B010BDF0B502288BB005460E467A
:10F5C00014461F460AD106A9F0B205F0DDFB98B932
:10F5D0009DF8193023719DF81C306371119B0493C1
:10F5E0000023CDE902330193109B009322463B4652
:10F5F00031462846E5F786FC0BB0F0BDFE2828BF53
:10F60000FE20E5F7A9BDB1F800C0F8B505460C46E7
:10F6100016461F46BCF1000F1AD102F0EBFA70B982
:10F620003B4632462146284602F0E6FA628848F216
:10F6300021039A4203D17178284600F0A6FD638821
:10F64000B3F5004F02D9082000F0B4FD0120F8BD49
:10F650000020FCE72DE9F04788B099460C46924619
:10F66000BDF84080119F0646FDF7D2FECDE9034765
:10F6700005468DF80860ADF81480ADF816008DF8D9
:10F6800018A08DF8199000F02FF98DF81A0000F0ED
:10F690002DF900238DF81B0002A88DF81C3000F016
:10F6A00078FDA8B943463A462146284600F04FFE69
:10F6B00070B943463A4621462846FFF7A4FF38B9B9
:10F6C000CDE9005043463A4631462046E6F7E6FF8C
:10F6D00008B0BDE8F08770471FB50B466A46014683
:10F6E000184605F000F86A460823002032F8021B8D
:10F6F000013B13F0FF0380EA0100F7D1012838BF76
:10F70000012080B205B05DF804FB2DE9F74F984663
:10F71000DDE90C3B07460E461446414600221846DA
:10F72000BDF838909DF83CA0019303F01AFF054600
:10F73000002840D0019B41461846FFF7CDFFABF8AB
:10F740000000062F3BD8DFE807F00404040D162A5A
:10F7500021002B4622463146384603B0BDE8F04F23
:10F76000F9F786BB0C222B461146204603B0BDE8B4
:10F77000F04FF9F767BBE27A2B4611462046CDE9F8
:10F780000C9A03B0BDE8F04FF9F73ABB2B460C22B8
:10F790002146304603B0BDE8F04F05F0BFB90D95E6
:10F7A000E37A0C93524623463146484603B0BDE8FF
:10F7B000F04FF9F70FBB182003B0BDE8F08F02201F
:10F7C000FAE77FB5054604F058F948B16B88B3F500
:10F7D000006F05D1681D04B0BDE8704000F0D3BCD7
:10F7E000284600F0E5FC0446B8B9E6B26946304662
:10F7F00005F0CAFA9DF800301843C0B248B929464E
:10F800003046FCF76BF910B1752806D08C2004B097
:10F8100070BD01340A2CE8D1F8E78D20F7E710B568
:10F82000044600F0C3FC08B18D2010BD2046FCF753
:10F830002DF90028F9D07528F6D08820F5E72DE9B4
:10F84000F04385B005460DF10E0014460E46FDF757
:10F85000CFFD0DF10F00FDF7D3FD20469DF80E8082
:10F860009DF90F90F3F72CF907462046F3F70CF9B2
:10F870004B46CDE90070424631462846FFF7EAFE86
:10F8800005B0BDE8F0832DE9FF47054618461E4642
:10F8900090460F469DF830A0F3F7F6F881463046C3
:10F8A000F3F70EF9044651462846E4B2FEF748FC49
:10F8B00021464846FFF710FF5346CDE901904246E6
:10F8C000394628460094E5F765FC334642463946FA
:10F8D0002846CDF830A004B0BDE8F04702F055B995
:10F8E00004F0CBB8F3F7F6BCF9F738BB1FB56846A0
:10F8F000FDF79CFDC8B902A9FCF772FA0822694617
:10F900000DEB020002F08BF910B9002004B010BD1D
:10F9100002A90120FCF764FA082269460DEB0200F7
:10F9200002F07DF990B90120F0E7FDF771FD4FF687
:10F93000FF739842044609D00020FCF769FA84421C
:10F94000E3D00120FCF764FA8442ECD0FF20DDE72D
:10F95000E5F7D0BCE5F78CBCE5F7AEBCF5F76ABAC5
:10F96000E5F758BD70B506460C46154600F032F86E
:10F9700060B10CB9002070BD002DFBD0204600F016
:10F980004DFC013080B2A842F4D8F4E7304600F0D4
:10F9900027F840B1002CEDD0012DEBD9204600F026
:10F9A00042FC0230EEE73046E5F7F0FCEBE770B5DD
:10F9B0000023051F9CB2A14201D8002007E05C1C77
:10F9C00035F82460964203D100EB8300408870BD77
:10F9D0002346EFE7413801288CBF00200120704703
:10F9E000433801288CBF0020012070470388B3F5FD
:10F9F0007C4F01D3E5F72EBD0846E5F71BBD10B5DA
:10FA00000C46018862888A420DD1037B21790B4024
:10FA100009D0B2F57C4F08D3E5F71CFD23891B1AEA
:10FA20005842584110BD0020FCE70120FAE738B5E4
:10FA30000D881446D28895420AD10388B3F57C4FCD
:10FA400008D2FFF7D3FF23891B1A5842584138BD0B
:10FA50000020FCE70120FAE72DE9F84F90F804A018
:10FA6000074689461546984600264FF0140BF3B218
:10FA70009A4501D8002418E03A680BFB06F3D41825
:10FA8000D35A994519D12DB1802D11D194F90C205B
:10FA9000002A12DAB3F57C4F07D32046E5F7DAFCEB
:10FAA000804502D0B8F1000F07D12046BDE8F88F9D
:10FAB000402D02D1227B5206ECD40136D7E701213A
:10FAC000E5F776BC08B513460022E5F7E7FD0038F8
:10FAD00018BF012008BD08B513464022E5F7DEFD3A
:10FAE000003818BF012008BD08B513468022E5F78D
:10FAF000D5FD003818BF012008BD0023E5F7CEBDB5
:10FB00000021E5F72DBE704700207047F8B5164676
:10FB10001F469DF81820BDF81C300546E5F7BEFDD0
:10FB200078B10421FFF7F0FF044650B1284600F0F9
:10FB300097FB3A4631462846A047BDE8F84000F01A
:10FB400083BBF8BD2DE9F74FDDF830909DF834B058
:10FB50001E460746BDF83830884614462AB3B9F128
:10FB6000000F22D00EB392F804A099F8002061880B
:10FB700012F0080F0CBF802240225046E5F78EFDA0
:10FB800098B10821FFF7C0FF054670B1504600F05C
:10FB900067FBCDE9009B3346224641463846A847DD
:10FBA00003B0BDE8F04F00F04FBB03B0BDE8F08FED
:10FBB000F8B5BDF8187016461A463B460446E5F7F8
:10FBC0006DFDE0B177B90221FFF79EFF0546B0B1A8
:10FBD000204600F045FB31462046A847BDE8F840E6
:10FBE00000F032BB1021FFF78FFF054638B12046E9
:10FBF00000F036FB3A4631462046A847EEE7F8BD0E
:10FC000073B5BDF8184016461A4623460546E5F773
:10FC100045FDB8B1C4B92021FFF776FF044670B1A5
:10FC2000284600F01DFB099B00939DF81C209DF8C1
:10FC3000203031462846A047044600F005FB204608
:10FC400002B070BD8624FAE70024F8E72DE9F04100
:10FC500086680446007800F003FB002514273279FB
:10FC6000EBB29A4203D8BDE8F04100F0EDBA7B4315
:10FC700032682078D15A02EB030800F067FA0121BC
:10FC80004046FFF741FF034608B120789847013509
:10FC9000E5E72DE9F04F89B01C46BDF848809DF896
:10FCA0004C3001939DF850300293924643462246D1
:10FCB00007460D46E5F7F2FC8DF81470ADF81650C6
:10FCC0008DF81840ADF81AA0ADF81C80064618B99A
:10FCD000012009B0BDE8F08F05A9FFF790FE0028CC
:10FCE000F6D000252F46A8462C4634E00C23318858
:10FCF0001FFA85F903FB09F97368B1F57C4F33F8F6
:10FD0000092003EB090B1AD333F8090050452CD313
:10FD1000019BA3422DD900F057FA9BF80200E5F7AA
:10FD200099FF029B43B19BF8043013F0010F0CBF05
:10FD300005200720E5F78EFF0134A4B219E0ADF8E5
:10FD40001A20594605AA30460393FFF770FE039B1D
:10FD50000028D9D101353289ABB29A42C6D804EB1A
:10FD60000800C31B58425841B3E708F101081FFAC5
:10FD700088F80137BFB2EDE72DE9F04F8FB0984614
:10FD80009DF8703005930023BDF860A08DF82C001D
:10FD9000ADF82E10ADF83220009305460E461746FA
:10FDA00008A91A460BA80893199C9DF868B09DF8FD
:10FDB0006C908DF83080ADF834A0E5F75BFB089BC4
:10FDC000002B00F09680B9F1000F07D19A785A45C0
:10FDD00040F091801A79D10740F18F801A7952074B
:10FDE00033D59A68516892680A920991987800F020
:10FDF00052FC089A92F80390B9F1020F034615D805
:10FE000007904A46214609A800F001FC079B06908E
:10FE10004A4621460AA800F0FAFB069B012B01D0B6
:10FE2000013012D187200FB0BDE8F08F06904A460E
:10FE30000998214600F0EBFB0128F3D0069B0A98B5
:10FE40004A46214600F0E3FBEAE7059B0BB10020A0
:10FE5000E9E7089B4FF6FF7298782146FFF782FD8D
:10FE600000284CD05FFA80F9CDE90294CDE900ABCF
:10FE700043463A463146284600F089F90028D2D157
:10FE8000CDE90294CDE900AB43463A4631462846D7
:10FE9000FFF7B6FE0028C6D101230093059B22463A
:10FEA00019460BA8E5F7E6FA0028BCD1089B3246B4
:10FEB00029462046FFF727FE43463A463146284664
:10FEC000CDE901B4CDF800A000F077F943463A46F9
:10FED00031462846CDE90294CDE900AB00F056F951
:10FEE000CDF800A043463A4631462846FFF760FE6B
:10FEF000ADE7862097E78D2095E7882093E70120DE
:10FF000091E72DE9F04786B00446DDF83C909DF876
:10FF100040A0BDF83880CDF80080CDE9019A0D46AB
:10FF200016461F4600F00AF9A8B1431EDBB2012BAA
:10FF30000ED800230493831E58425841CDE902A0F5
:10FF4000CDE900893B46324629462046FFF714FF9B
:10FF500006B0BDE8F0870120FAE730B587B000248D
:10FF60000125CDE903549DF828500094CDE90135D1
:10FF70004023FFF701FF07B030BD10B586B04FF04A
:10FF8000010C0024CDE9034C9DF828400294099C03
:10FF90000194BDF820400094FFF7EEFE06B010BDBE
:10FFA00030B587B000258DF81030BDF828308DF8B9
:10FFB0000C00ADF80E10ADF81220ADF814300B9A0D
:10FFC000BDF83030009502A903A80D9C0295E5F715
:10FFD00051FA18B914B1029B9B78237007B030BD59
:10FFE0002DE9F84F02290C9D0746884604D84FF0AA
:10FFF000000A5046BDE8F88F1BBB02700124E6F7EB
:020000022000DC
:100000005FFA04F1020A385501349DF828303B5557
:100010004FF000090B9A5FFA89F3D45C002CE8D00A
:10002000732C18D82E464C2C56F804BB45D0532CB4
:100030001DD0622C4DD1AC8805F1080600231A466C
:100040001EE00429D3D942F0040243701B0A027057
:1000500083700324D3E7A4F17503032BC7D8763C40
:100060002E1D022C52D8DFE804F0565A58006A6858
:1000700094B2D2B2B2F1FF0305F1080618BF012312
:100080000AEB040119448845B1DB504619460029A2
:1000900047D153441FFA83FA5CB1BBF1000FA6D0DD
:1000A000224607EB0A00594601F0F7FD54441FFAB7
:1000B00084FA09F101093546ACE76A684FF6FF7327
:1000C00094B205F1080622469C4214BF0223002385
:1000D000D6E76C2C05D1584600F0A5F8841CA4B2D4
:1000E000ACE7732C04D1584600F098F8441CF6E7AE
:1000F000A4F13003DAB2092A01D89CB29EE7A4F138
:100100004103062B3FF673AF373CE8E70123002499
:100110002A68A346B4E70223F9E70323F7E7042399
:10012000F5E700F1010C01393A54C9B2120A1FFA7D
:100130008CF0ACE70022E5F751BD70470120704715
:100140000120704701207047B5207047704700209C
:100150007047002070470020704700207047002043
:100160007047002070470020704701207047012031
:100170007047002070470020704700207047002023
:100180007047B52070478420704770477047002043
:100190007047002070470020704700207047002003
:1001A0007047002070477047B520704700207047A7
:1001B00000207047704700207047704770477047B5
:1001C000002070470020704738B50546C0B2E5F7FB
:1001D00041FD0446280AE5F73DFD14B1002808BF9B
:1001E0000024204638BD10B4CC18944203DC5DF8DE
:1001F000044BFFF794B900205DF8044B70470423CB
:10020000FFF7F1BF08B50223FFF7EDFF80B208BD8D
:1002100008B50123FFF7E7FFC0B208BD0078FF284B
:1002200008BF0020704708B502220021FFF7EAFF4F
:100230004FF6FF73984208BF002008BD002818BF82
:1002400070207047002070470020704708B5FFF706
:1002500036FCFF284FF0FF3018BF0020C0B208BDA9
:1002600008B5FFF7F3FFFF280CBFA320002008BD4F
:1002700073B50646E4F724FE81250446019614B9B9
:10028000284602B070BD2378B3B9336862685B88D2
:100290009A4211D1A368F27B99B292B1328A91420B
:1002A0000AD1727DB2EB134F06D1E36801A9002099
:1002B000984710F0FF05E3D02046E4F709FE044616
:1002C000DDE74FF6FF72EAE710B503680446587998
:1002D000E6F7C8F840B923685B88032B04D00121F6
:1002E000204600F02CF91BE0637D012B0AD0637DD2
:1002F00033B92368228A59885879FFF7ECFB48B94B
:10030000C321EDE72368228A59885879FFF7ECFB6F
:100310000028ECD02046FFF7ABFF01460028DFD1D4
:10032000012010BD38B50446436808460D4698477D
:10033000B4F90830002B02DB2B78042B06D1002304
:1003400063602046BDE83840E5F7ACBF38BD2DE915
:10035000F043884610789DB0002114461D46E5F70D
:1003600085FF0746002800F0D4800678002E75D05F
:10037000B8F80010002940F0CC800389B8F80220BA
:1003800043F40040824240F0C4806178002965D186
:10039000A2F50042062A00F2BC80DFE802F087875F
:1003A000BABA049E6300E388E17AADF81C30238971
:1003B000ADF81E3063798DF820308B1D0D3D14F89B
:1003C00013208DF80C1015F001058DF8142045D17F
:1003D00009A8049004F10C0C80465FFA85FE8E4556
:1003E0000CF1020C09D21CF8019C1CF802EC0EEB7B
:1003F000092E28F802EB0135EFE75B00013300EB33
:1004000041000A4403F0FF030690D2B28A420FD0A3
:100410001CA800EB4105E018013190F801C0E05C38
:10042000023300EB0C2025F84C0CC9B2DBB2EDE72F
:10043000B7F908203B89002AB4BF03220122C3F385
:100440000E038DF80020ADF802306288ADF804206C
:1004500003AB029369463846FFF764FF30461DB090
:10046000BDE8F083042DF9D92279053DADB295425E
:10047000F4D16188E8B205341AB295B1002AB4BF4C
:1004800003220122C3F30E038DF80C0004948DF8AF
:100490002420ADF82630ADF8281003AB0B9309A942
:1004A000D9E7002AB4BF05220622EBE70B2DD5D9E8
:1004B000D4F80200D4F8061003AA03C213F4004FC4
:1004C00014BF032204228DF82420C3F30E03628993
:1004D000ADF82820ADF82630DFE7042DBED921790C
:1004E0006288ADF828204A1DD2B2AA42B6D113F4D0
:1004F000004FC3F30E0314BF03220122ADF82630D0
:10050000053403AB8DF824200B9304948DF80C1064
:10051000C5E70026A2E7FFF751BE08B5F4F7E8FAF1
:1005200020B9F2F7D7FE08B9FFF70EFEFFF73BFE42
:10053000BDE80840FFF743BE0020E5F7F1BF002209
:10054000E6F748B8D28812F0200F10B503460CBF6A
:10055000522449240846510544BF083CE4B2110521
:1005600044BF083CE4B2120444BF023CE4B2032B93
:1005700011D8DFE803F005020A0EC0B2FBF748FC11
:10058000FFF7FDFD201AC0B210BDC0B2FBF758FA4C
:10059000F6E7013CE4B24FF6FD70F1E7F8B5064628
:1005A00017460D4681B10C78FF2C0BD00846FFF79B
:1005B00035FEB84228BF3846C4B22246691C701CBA
:1005C00001F03DFB3470F8BD0C46FBE770B5044606
:1005D00015460E4611B94170017070BD0B78FF2BA6
:1005E00005D14B78FF2B02D103704370F5E73046FD
:1005F000FFF719FEA84228BF284685B22A46B11C3B
:10060000A01C01F01CFB25702D0A6570E5E7F0B514
:1006100023B9013A531C2FD1002020E0042AFBD833
:100620000023551E1C466E1C1AD1042A10D0D2007D
:100630000121501E01FA00F020421EBF91404942A4
:100640000C4318421EBF4FF0FF3101FA02F2134370
:100650009C4216DCB4BF4FF0FF30002040B2F0BD2A
:1006600040B1465DEF00BE4034434E5DBE40334373
:10067000013DD8E70646F5E78C5C20B1835CA342D8
:1006800002D90120EBE70346A34202F1FF32C1D2B7
:100690004FF0FF30E3E7283807288CBF0020012007
:1006A000704738B515461A462B78069C13F0040F90
:1006B0000CBF03230523934201D9002038BDBDF8A8
:1006C000103021712060E380A560A2812B7803F0B7
:1006D0000103A3732B7803F00403002B14BF012143
:1006E0000021E1732978C1F3C00161754FF0010168
:1006F00021751AD02846FFF785FD237D208202331D
:100700002375237D5A1CD2B22275E95CA174023391
:10071000DBB22375AA5CE274A2899A42CDD3059B11
:10072000A361002323770120C8E72382E9E72DE9AD
:10073000F0411C469DF818800E4617460546E6F720
:10074000ADF8002220704146204602F00AFF034621
:1007500030B13A4631462846BDE8F041E6F7A8B840
:100760001820BDE8F08130B589B00446ADF8061018
:100770008DF81020F2F73CFD05462046F2F748FDC3
:1007800003469DB1BDF80600ABB903F069F9FF2837
:1007900008BF00208DF80F000DF10F030593DDE970
:1007A00004122046FEF757FE09B030BD0028F6D0EF
:1007B0000DF10603F2E703F053F9FF28BDF8063008
:1007C000ADF81A3008BF00208DF80F008DF8180022
:1007D00006ABE3E770477047704770477047704754
:1007E000002070477047704700207047704770477F
:1007F00010B51C4602F07DFE02F045FD002323707B
:10080000C0F34020400010BD002208B50B46114641
:10081000FFF7EEFF023818BF012008BD7047002027
:1008200070477047002070477047B520704701201F
:1008300070477047012070471422002101F019BA57
:10084000704730B54078012887B00C464FF011034F
:1008500001F1100516D1022201A9F2F75DFC234631
:1008600001AC18685968224603C20833AB421446EB
:10087000F7D11123022201A90020F2F74DFC00203C
:1008800007B030BD062201A90120F2F745FC23463E
:1008900001AC18685968224603C20833AB421446BB
:1008A000F7D111230622E6E730B5407887B001285A
:1008B0000C464FF011030BBF0222062201A901A929
:1008C00018BF0120F2F728FC05AD01AA2346144603
:1008D00003CCAC4218605960224603F10803F6D1FC
:1008E000002007B030BD10B588B00C461A2308228E
:1008F00001A90120F2F710FC21460DF10E0304F1CD
:10090000100251F8040B43F8040B9142F9D11A2359
:10091000082201A90020F2F7FFFB002008B010BD5B
:10092000F0B58BB004460D4603F0A7F8B0B101A8AE
:10093000F9F73AFA90B1667B16F0020F04F104075A
:1009400005D0082201A9384601F069F9D0B901ABF8
:1009500003CB46F002066060796066731A230822B2
:1009600003A90120F2F7D8FB0DF1160329460DF17A
:10097000260253F8040B41F8040B9342F9D10020EE
:100980000BB0F0BD2D20FBE770B505468AB00C46D4
:10099000252200210DF1030001F06BF96B68CDF801
:1009A0001D30AB68CDF82130234603F1100601ACB1
:1009B00018685968224603C20833B3421446F7D177
:1009C0006A7B012312F0040F8DF802300CBF4FF444
:1009D00080734FF4A073110748BF43F48063ADF8F0
:1009E0000030930748BFBDF80030684644BF43F06D
:1009F0000803ADF80030F7F77FFD003818BF01207D
:100A00000AB070BD30B5427B0D46D1078BB00446AD
:100A100007D5407801A9F7F7D3FDD8B12D200BB049
:100A200030BD9307FAD5C2F3800310074FEA831352
:100A3000ADF8023044BF43F48063ADF80230BDF836
:100A40000220201D0AB10DF1020201A903F068FE87
:100A50000028E3D001AB03CB9DF814302373BDF81D
:100A60001030A160590648BF627B606044BF42F00D
:100A7000040262735A0542BF627B42F0080262734D
:100A80001B0742BF637B43F0020363732B4606AC34
:100A90000AAD224603CAAA4218605960144603F1FF
:100AA0000803F6D10020BAE7F0B5044693B00D462E
:100AB000252200210DF1230001F0DBF86368CDF859
:100AC0003D30A368CDF8413004F1040C2B4609AE4B
:100AD00005F1100718685968324603C20833BB4253
:100AE0001646F7D105238DF82230637B5B0103F4B2
:100AF0000073ADF820306378FF2B19D100231A461C
:100B000001A9604600F0E8F99DF80530FF2B0CD1F3
:100B100000231A46184601A900F0DEF99DF80530B9
:100B2000FF2B02D11C2013B0F0BD9DF8053063707F
:100B3000617808AA002000F09CFA0646F0B9192353
:100B40001946627801A8FEF71CF92B4603AD186818
:100B500059682A4603C20833BB421546F7D1637B66
:100B60006178DB0642BF9DF81C3063F07F038DF88F
:100B70001C30192301AA1846FEF70CF9301E18BFC5
:100B80000120D0E710B504468AB02422002101A834
:100B900001F06FF8637B590744BF4022ADF8102085
:100BA0001A0742BFBDF8102042F48062ADF8102051
:100BB000DB070FD5607801A9F7F702FD10B12D20F2
:100BC0000AB010BD01AB03CB637B606043F002034E
:100BD000A160637304A9201D03F0A4FD0028EED0DA
:100BE0000020EDE71FB5694600F08DF8002818BF1A
:100BF0002D2005B05DF804FB73B50D46144606467E
:100C0000E5F7B2FF6B881A071AD522463146102045
:100C100003F069FD2046E5F7A7FF6B88D90717D5D4
:100C20000023224601210DF107008DF80730E6F779
:100C300001F86B88002B0CBF2120002002B070BD92
:100C4000DE06EAD522460821281DE5F7F3FFE1E795
:100C50009A0701D50223E4E75B07EAD50323E0E71F
:100C60000F20704710B586B0044601A90222112357
:100C70000120F2F751FA9DF81430E37001A804F056
:100C800047F880F00100062201A9607011230120BD
:100C9000F2F742FA9DF81430A37001A804F038F876
:100CA00080F001002070F7F707FD6060002006B0BB
:100CB00010BD1FB50C46694600F025F810222146EC
:100CC000684600F0ACFFB0FA80F0400904B010BDF7
:100CD000B8B1B1B14388A3B90378013B082B10D850
:100CE000DFE803F00507090B0F0F0F0F0D00FFF7EB
:100CF000A8BDFFF7F8BDFFF747BEFFF7D5BEE6F783
:100D0000DFB82120704738B50D4609B300B303782A
:100D1000013B082B1AD8DFE803F0050D1013191951
:100D200019191600FFF7C0FD0446284603F0DAFE45
:100D3000204638BDFFF7F4FDF6E7FFF763FEF3E763
:100D4000E5F72AFFF0E7E6F7C5F8EDE72124ECE741
:100D50002124EDE770B5044686B001A80D4616467D
:100D6000FFF76AFD206861688DF8116003238DF834
:100D7000043002AB03C3294601A8FFF7A9FF06B060
:100D800070BD10B5044686B01123062201A90120CA
:100D9000F2F7C2F9A3789DF814209A4207D08DF893
:100DA00014300622112301A90020F2F7B5F911230E
:100DB000022201A90120F2F7AFF9E3789DF814208F
:100DC0009A4207D08DF814300222112301A9002085
:100DD000F2F7A2F906B010BD30B5437B13F0010263
:100DE0008BB004460D4607D0407801A9F7F7E8FB21
:100DF00070B12D200BB030BD9B07FAD5ADF80220A5
:100E000001A90DF10202043003F08AFC0028F0D0A1
:100E100000210E22A81C00F02CFFBDF810302B8002
:100E2000039BAB60BDF81230AB819DF81430237387
:100E300001AB03CB6060A1600020DBE770B5437BB2
:100E4000DB078AB005460E4602D42D200AB070BDDD
:100E50004078694600F00BF904460028F5D1DDF82A
:100E60001D306B60DDF82130AB606B7B43F002031B
:100E70006B730E220146B01C00F0FBFEBDF8003083
:100E8000069AB26043F004033380059B73602046EA
:100E9000DCE70B4610B5044610220021184600F08E
:100EA000E8FE2278032A09D0042A0DD0022A11D1A3
:100EB00001462046BDE81040E6F716B80146204638
:100EC000BDE81040FFF788BF01462046BDE810404E
:100ED000FFF7B4BF262010BDF8B50C4605460846FE
:100EE0001F461646FFF7A8FC0423237025B10822ED
:100EF0002946E01800F0A3FE637B43F0020363730E
:100F00004EB932460121284600F0B8F8FF2860703B
:100F100007D12D20F8BD31462046FFF7F4FE00280A
:100F2000F7D1637B43F0010363730DB90020F1E750
:100F3000002FFBD039462046FFF7ABFFF6E7F8B5A8
:100F40000C460746084616461D46FFF775FC204628
:100F5000032300F8043B3946082200F070FE637B4F
:100F600043F00203637331462046FFF7CCFE08B11D
:100F70002D20F8BD29462046FFF78BFF0028F8D02A
:100F8000F6E7F8B50C460746084616461D46FFF735
:100F900053FC03232370637B677043F00103637387
:100FA00031462046FFF7AFFE08B12D20F8BD294697
:100FB0002046FFF76EFF0028F8D0F6E718B1802230
:100FC000012100F05BB8FF20704730B589B00D46B5
:100FD000FFF7F4FFFF28044612D0192302461946F2
:100FE00001A8FDF7CEFE2868696801AB03C3192389
:100FF000184601AA2146FDF7CDFE002009B030BDFC
:101000002D20FBE707B5002300931A461946F8F791
:10101000E7FEB0FA80F0400903B05DF804FB7047CA
:1010200070470020704770470F2070470F207047AF
:10103000002070470F207047002070470020704745
:1010400084B08DE80F00002004B0704770477047EF
:10105000002070477047002070477047002070479D
:101060000120704770470020704701207047B5206D
:101070007047B5207047002070477047FF207047C9
:1010800070477047002070477047704770470020D6
:10109000704770470020704700207047002070475D
:1010A000704770470020704700207047704700204D
:1010B00070470020704770470020704738B50546DC
:1010C000FDF7BFFA04462846E7F7DAFB2046BDE8FD
:1010D0003840FDF7BABA10B50446C069FFF7EEFF15
:1010E00020462422BDE81040002100F0C2BD006867
:1010F00000BA704710B50446E6F70CF92146BDE882
:10110000104000F08CBC68B106290AD1431E05309E
:1011100013F8012F303A092A03D88342F8D101206D
:10112000704700207047034618B3152921D1027873
:10113000012A1ED14078E0B99A78012A1AD1DA7AC8
:10114000FF2A17D11A7BFF2A14D1D3F80320D3F832
:10115000071012BA09BA91420CD903F10C021433E8
:1011600012F8011F3039092903D89A42F8D1012019
:10117000704700207047D0B10D2917D10378012B9B
:1011800014D1427892B98378012B0FD1C37A6BB90D
:10119000027B012A0AD1831C0A3013F8012F303A4E
:1011A000092A03D88342F8D10120704700207047F4
:1011B00008B5002966D01838042861D8DFE800F0A7
:1011C000035C2F5C5C001B2A52D1881DFFF78FFF48
:1011D000034601F10A00FFF78AFF834248D20B7DE4
:1011E000012B45D88B7B002B42D1CA7BA2B90B7C4B
:1011F000002B3FD14A7C7AB98B7C002B3AD1CA7C38
:1012000052B901F114031A3113F8012F303A092AA7
:101210002ED88B42F8D1012303F0010008BD1B2A10
:1012200026D1881DFFF763FF034601F10A00FFF78F
:101230005EFF83421CD20B7D012B19D88B7BBBB97F
:10124000CA7B002AE8D10B7CA3B94A7C002AE3D1EF
:101250008B7C7BB9CA7C002ADED101F114031A31E0
:1012600013F8012F303A092A02D88B42F8D1D2E77D
:101270000023D1E71346CFE7931F58425841CDE7EB
:101280000020CBE70846C9E70346D0B1072918D1AB
:101290000278013A022A14D842780AB1FE2A10D103
:1012A0009A78012A0DD1D87858B91A79012A09D12A
:1012B0005A79032A06D19879A0F1E7035842584198
:1012C0007047002070470346F0B108291CD102780E
:1012D000013A022A18D84278B2B98178012915D189
:1012E000C07898B91A79012A11D1DA79012A0ED178
:1012F000B3F8050040BA80B2013840F2E6339842B4
:101300008CBF0020012070470020704710467047B6
:1013100010B44BB1012483F89F42DC6824B1A44689
:10132000DB695DF8044B60475DF8044B704719B109
:101330000B690BB1C9691847704719B14B690BB1FB
:10134000C9691847704708B538B183692BB1C069BE
:101350009847003818BF012008BD0120FCE710B5F0
:10136000044648B190F89C324BB9D0F86C0200F0BA
:101370005DF830B194F89D4204F0010010BD0024E6
:10138000FAE70124F8E708B583692BB1C0699847EB
:10139000003818BF012008BD0120FCE710B568B176
:1013A00052EA03010BD0D0E9024102EA04001940DD
:1013B000994208BF90420CBF0120002010BD0020C0
:1013C000FCE710B5034628B1006920B15A69002333
:1013D0009A4201D1002010BD30F813408C4201D058
:1013E0000133F5E70120F6E730B514688C4201D3EC
:1013F000002030BD651C1560045D222CF8D11D60F5
:1014000014688C42F4D2055D222D08D11B68E41AC1
:10141000039B1C601368013313600120E9E71F2D53
:10142000E6D95C2DE4D001341460E9E718B1007D01
:1014300000F0010070470120FAE770B50C4616462F
:1014400078B1456875B169B1284600F034FCB04206
:10145000024607D12946204600F0E1FBB0FA80F0B1
:10146000400970BD0020FCE72DE9F04F8BB000244F
:101470000D4617460594064628B94FF00008404629
:101480000BB0BDE8F08F0029F7D0837001229DF8E2
:1014900050300280C37005AA39462846E5F726FF7A
:1014A000059BBB42E9D203F1010CEB5CCDF814C003
:1014B0007B2BE2D1E5F71AFF059BBB424BD3A0463D
:1014C0000394A246A146A34607AB009305AA06AB28
:1014D00039462846FFF788FF0028CED02846E5F792
:1014E00005FF059BBB42C8D203F1010CEB5CCDF8B4
:1014F00014C03A2BC1D1E5F7F9FE09AB009308AB54
:10150000FFF772FF0028B8D0079B012B0ED1069B76
:10151000EB5C702B5AD1B8F1000FAED1DDF82490FE
:10152000B9F1000FA9D0DDF820B0804605AA3946F0
:101530002846E5F7DBFE059BBB429ED215F803C0AB
:101540000133BCF17D0F05930FD0BCF12C0F94D16A
:10155000E5F7CCFEB8E7EA5C7D2AB0D1013305930C
:10156000A0460394A246A146A34605AA39462846AA
:10157000E5F7BCFE059BBB427FF47FAFB8F1000FDF
:101580003FF47BAF4F46102F28BF10273A46374411
:10159000C6F8049005EB0B0106F108004FF00009B6
:1015A00000F07BFB87F808906CB1039C102C28BFDF
:1015B00010242246344405EB0A0106F1190000F01C
:1015C0006CFB84F819900123737058E7762BADD12A
:1015D000002C7FF452AFDDE908A304460393A5E78E
:1015E000006800BA704750B1014410F8013B303B2D
:1015F000092B03D88842F8D101207047002070479A
:1016000008B543690BB9032008BD406A9847002814
:10161000F9D1F9E701440023884201D1D8B27047DB
:1016200010F8012B1344F7E7F0B5C5B00E46194684
:101630004AF65523BDF82851ADF8043003238DF840
:101640000630330A8DF807306BBA01AC07462671B5
:101650006271E3801DB12A4603A800F01EFB05F16C
:10166000080631462046FFF7D5FF3B68A0551BB161
:1016700005F109012046984745B0F0BD10B4BDF80A
:10168000044048B1B4F5807F06D804B123B1019479
:101690005DF8044BFFF7C8BF5DF8044B70472DE9B8
:1016A000F0411446054670B36AB308292BD9037874
:1016B000552B28D14378AA2B25D18778032F22D107
:1016C000B0F8068098FA98F81FFA88F3B3F5807F8F
:1016D00019D808F109031BB2994214D14E1E3146A4
:1016E000FFF798FFAB5D83420DD12770B5F803304B
:1016F0005BBA63806B7923710835A4F80680A56016
:101700000120BDE8F0810020FBE737B50C4660B151
:10171000B3F5807F09D803B13AB1818D00934D1C98
:10172000134685852246FFF7A9FF03B030BD90F828
:1017300046324BB1002380F8463200F5A072B0F873
:1017400044320421FFF7E1BF704790F84622B2B15E
:1017500090F847220132D2B2032A02D880F84722F9
:101760007047002280F8472290F84822072A04D8C0
:10177000013280F84822E5F7D1BDFFF7D8BF7047A6
:1017800007B501238DF807100DF107020621FFF7B9
:10179000BCFF03B05DF804FB0321FFF7F1BF00239A
:1017A0001A460121FFF7B1BF70B50E46BDF81050C3
:1017B0001946044640B3FC2D26D8ADB980F84061E7
:1017C00080F8412180F8425180F843510123A4F868
:1017D00046320023043584F84832A4F844522046A7
:1017E000BDE87040E5F79ABD73B1002380F8406111
:1017F00080F8412180F8423180F843512A4600F5B3
:10180000A27000F04AFAE1E770BD2DE9F0439C4672
:10181000079B0BB100241C6000B102B931B9002450
:101820002546A14205D823BB012000E00020BDE8E9
:10183000F083261D8E42F9D86545F7D0071910F8B8
:10184000049097F801807F887FBA1FFA87FE0EF117
:10185000040E74448C4202F10802E7D806440135B4
:1018600002F8089C02F8078C22F8067C42F8046C07
:10187000D7E71D60D8E72DE9F04F0F4685B0054644
:10188000002857D0002A55D00E2953D9031D08210E
:1018900018460393FFF7A7FE0190C8B195F80CB066
:1018A000BBF10A0F46D84FF000080D265FFA88F109
:1018B0008B4512D8BE423DD12846FFF791FE0D352B
:1018C000039B10600D3E536082F808B0D56016820D
:1018D000019C204605B0BDE8F08FBE422AD215F823
:1018E000069009F1FF31072906F1010A22D809EB18
:1018F0000A03BB4202931DD8AA4449465046FFF74B
:1019000072FE044690B9B9F1060FE2D9062150469D
:10191000FFF769FE0028DCD02E44F1790029D8D1E8
:10192000B9F1080F02D1317A0029D2D1029E08F113
:101930000108BBE70024CCE738B504460D4668B182
:1019400061B14FF41372002100F093F90FCD0FC471
:101950000FCD0FC495E8030084E8030038BD2DE9DE
:10196000FF470D46044648B101B93AB9AE18002701
:101970004FF001084FF05509B54202D104B0BDE85F
:10198000F087D4F8383115F8012B33B9552AF3D143
:10199000C4F8388184F82E90EEE7012B0BD1AA2AE7
:1019A00005D10223C4F8383184F82F20E4E700235E
:1019B000C4E94E33EAE7B3F5847F2BD8591C23449E
:1019C0000829C4F8381183F82E2009D1A38E5BBAF8
:1019D0009AB2B2F5807F1DD809331BB2C4F83C31EE
:1019E000D4F83C31002BC7D09942C5D104F12E0A5E
:1019F00001AA5046FFF753FE40B1BDF80A30B3F5D7
:101A0000807F03D851462046E5F7E2FC0023C4E975
:101A10004E33B1E7C4E94E77AEE70020704708B512
:101A20000346FFF7FAFF30B93BB1D868FFF7C9FCAE
:101A300000F0010008BD0020FAE71846F8E738B5C5
:101A4000E1F7F4FE05460C46E1F70AFF00230246E3
:101A500021462846E6F78AFD38BD08B5FDF742FF66
:101A6000022806D00438C0B201288CBF0020012013
:101A700008BD0120FCE7E5F741BEEFF7F7BB704773
:101A800008B5E1F707FEBDE80840FCF772BF08B5EE
:101A9000E0F7B4F9FCF767FFE0F7BCF9E2F74EFCBA
:101AA000E2F7ACFCBDE80840E2F7C2BC7047704703
:101AB000704708B5FDF75FFABDE80840FDF77CBA4E
:101AC0007047012070470120704738B5FDF738F99D
:101AD0000546E2F745FD041E18BF2C46FFF7F1FF4F
:101AE000002818BF204638BD38B5E1F7E1FB0446B1
:101AF000FDF728F9042817D002284FF0000508BF89
:101B00000124FDF777FA042810D0022808BF012429
:101B1000FFF7D9FF04280BD0022808BF0124002DAD
:101B200018BF0024204638BD0125EAE70125EFE76C
:101B30000024F7E7FF20704708B5FFF7FBFF002000
:101B400008BD08B50020FDF7C6FD0020E4F70CFC39
:101B50000020E2F70FFE0020E3F714F9BDE808408B
:101B60000020E3F79DB90120FDF7B6BC08B50220BF
:101B7000E3F7E0FB0220E4F781FCBDE80840022027
:101B8000E3F7B6BA7047FDF75ABE7047E2F7AABD51
:101B90007047704770477047704710B50446FDF7AF
:101BA000CEFC2046BDE81040E2F7E0BFFDF79FBC49
:101BB000FDF7A9BCE3F7F0B870477047704770476E
:101BC0007047704770477047704770477047E3F73A
:101BD00059B970477047704782B06B4683E806007A
:101BE00093E8060002B0E2F7DFBC70477047704729
:101BF000E6F7CCBBFEF7D1BA704700207047E6F796
:101C000085BBFEF7D8BA08B5FDF739F9E6F70EF946
:101C1000FDF742F9E6F7B6F9E1F744FAF8E710B54F
:101C200001390244904201D1002005E0037811F807
:101C3000014FA34201D0181B10BD0130F2E78842CA
:101C400010B501EB020402D98442234607D8431E93
:101C5000A14208D011F8012B03F8012FF8E7024444
:101C600001468A4200D110BD13F8014D02F8014D22
:101C7000F7E702440346934200D1704703F8011B83
:101C8000F9E77047704710F8012B11F8013B012A62
:101C900028BF9A42F7D0D01A70470A44914200F107
:101CA000FF3300D1704710B511F8014B03F8014F15
:101CB0009142F9D110BD034613F8012B002AFBD144
:101CC000181A013870474369406CDA1C1438B2FBAB
:101CD000F0F203EBC203CA1DB2FBF0F2013201EBDA
:101CE000C2010333B3FBF0F3023300FB0310704770
:101CF00038B5446905462146FFF7E5FF6A6CE31DE8
:101D0000143AB3FBF2F3013304EBC304204438BDAF
:101D100073B506460D460024F36B01225B6901A9E9
:101D200028199847019B013309D1736C0434621957
:101D30006A405B421A42EFD0204602B070BD0024D8
:101D4000FAE770B505460C46DEF732FCEB6B204631
:101D5000DB68BDE87040184770B5002586B00446C2
:101D60000562E369AB4202D8206A06B070BD666CBA
:101D70002068E36B05225B6901A906FB0500984713
:101D800001A800F009FC00F02CFC10B1236A01331B
:101D900023620135E5E738B50446456C006804F177
:101DA000400305FB0101E06B00F028FC05462046DE
:101DB000FFF7D2FF284638BDF0B5054687B00026AC
:101DC000EC69013CB44203D80C46204607B0F0BD94
:101DD00001B14C1E6F6C2868EB6B05225B6901A991
:101DE00007FB0400984701A800F0D6FB00F0F9FBC0
:101DF0000028EAD101362146E2E7F0B50446466CF8
:101E0000E36B00685B6987B00D46052201A906FBFC
:101E10000500984701A800F0BFFB00F0E2FB20B1ED
:101E200001A800F090FB07B0F0BD29462046FFF75F
:101E3000C3FF676CE36B064620685B69052201A956
:101E400007FB0600984701A800F07DFB431CEAD081
:101E5000B54238BF0130E6E72DE9F043D0F82480E1
:101E60004FF6FF7987B004460E46C84514BF454675
:101E700000250027E369BB4202D807B0BDE8F08324
:101E8000E26B2368606CD2F814C001A9052200FB44
:101E90000530E04701A800F07FFB022806D0C845C6
:101EA0000CD1721C29462046FFF775FFE369013506
:101EB0000137B5FBF3F203FB1255DBE72946204659
:101EC000FFF79BFFB0F1FF3F14BF024632460132DD
:101ED000E8E7F0B5036887B006460025CC1A436CE6
:101EE000B4FBF3F4F3693768706C5A1E954208D35B
:101EF000706C336800FB043007B0BDE8F04000F0C0
:101F00007BBB0134B4FBF3F203FB1244F36B0522F9
:101F10005B6901A900FB0470984701A800F03CFB35
:101F200000F05FFB0028E3D10135DBE710B423F0BC
:101F3000030422449B070A44436C18BF04325B42EB
:101F400082EA0104234203D05DF8044BFFF7C1BFCE
:101F500010465DF8044B70472DE9F041D0E90A3690
:101F60009E4286B0044628D1C3694568142202FB0C
:101F70001355284606B0BDE8F0812068676CE26B17
:101F8000331AD2F81480B3FBF7F3052201A907FB3B
:101F90000300C04701A800F0FFFA012804D0636CD9
:101FA0001D44013B3340ED1A31462046FFF791FFB7
:101FB0000646A36AB342E0D1DBE70025F9E7F0B5B6
:101FC000002587B004462E46E369B34202D828466E
:101FD00007B0F0BD636C276803FB0677E36B05224F
:101FE0005B6901A93846984701A800F0D5FA00F0CE
:101FF000F8FA58B1384600F0FFFA01462046FFF7DC
:1020000087FE636C143B834208BF01350136DBE772
:1020100008B508301346D1E90012E8F797F8012017
:1020200008BD13B50C460021217600936168134664
:102030002246E6F7A7FC18B1E37D03B1A07EA075A8
:10204000A07D02B010BD73B500F1080516460C4620
:102050000DF107020968284600F09AF9032E06D10F
:102060006368834203D12168284600F077F9012094
:1020700002B070BDD01E009B42424241187E824297
:1020800011D11A688A420ED85A688A420BD35A690B
:1020900001325A61D3E9030282423FBF986840F897
:1020A000221001321A610120704710B5032A029CE8
:1020B00007D1A26A5340626C5242134201D100F030
:1020C0004DF9012010BD08B5C36800209847BDE850
:1020D0000840DEF775BA70B5002401281C7014BFE3
:1020E00004200220CC7D4243101D02F002024CB9B4
:1020F0001AB1012220F003001A7000F108034868A9
:10210000184470BD1AB1012220F003001A700C7E31
:10211000002301F12005DAB2944201D80020F0E753
:1021200035F83320824203F1010606D901EBC303DF
:1021300000F10802D8691044E3E7801A3346EAE761
:1021400073B590F8426005461C4630460DF1030316
:10215000FFF7C1FFEB6B012E5B690DD1324601A980
:1021600098479DF8033013B1BDF806300193BDF8D0
:102170000430236002B070BD0122214602B0BDE8E8
:1021800070401847F0B5054687B04868EB6B0024EF
:102190005B6902940E46012202A90830984727463F
:1021A00095F84230012B40F08480632C02D90298CC
:1021B00007B0F0BD612C08D805AB22463146284651
:1021C000FFF7BEFF9DF814301BB305AB2246314626
:1021D00028468DF81070FFF7B3FF95F84230012BB9
:1021E000059B55D14FF6FF72934200F0968008226E
:1021F00005A904A800F057F9059B9DF81010C3F33A
:102200000722914240F08980DBB2029A1A4402927E
:1022100083E095F84230012B30D103AB22463146A2
:102220002846FFF78DFF04AB621C31462846FFF7B6
:1022300087FF05ABA21C31462846FFF781FF10221D
:1022400008230DEB02010DF107008DF8073000F0B7
:102250002AF9102205A90DF1070000F024F9039BCB
:10226000DAB2002A52D19DF80720B2EB132F4DD1DC
:10227000DDE9043203EB0243029347E0302C2BD913
:1022800044E09DF80720B2EB134F3FD1049BF3E7E6
:10229000013342D0102205A90DEB020000F003F932
:1022A000059B9DF81010C3F30742914235D19BB2B4
:1022B000ABE7312C3FF67BAF87D005AB22463146EA
:1022C0002846FFF73DFFBDF81430002B7FF47DAFAB
:1022D00095F84230012BA0D003AB22463146284668
:1022E000FFF72EFF04AB621C31462846FFF728FF9C
:1022F000102320220DEB03010DF107008DF80730AC
:1023000000F0D1F8039B9AB2002ABAD095F8423077
:10231000012B14BF012302231C44013440E713B5F1
:1023200000240194049C0094E6F7CCFE02B010BD9A
:1023300030B5446800234FF0FF329C4202D10023A5
:10234000037230BD016801EBC30541F833206A60B8
:102350000133F2E7C0E90012FFF7EABFF0B54568C4
:1023600000239D4211D0046854F83320B2F1FF3F9E
:102370004FEAC30704EBC30608D0C2F3130291422D
:1023800004D14FF0FF33E3517360F0BD0133E8E750
:10239000F0B5456800239D4202D14FF0FF300FE0B9
:1023A000046854F83340671C4FEAC30609D0C4F3ED
:1023B0001307B94205D1240D1470036833445868DB
:1023C000F0BD0133E7E713B50446002301461B22A5
:1023D0000DF107008DF8073000F065F822689DF8D0
:1023E0000730B3EBD26F0CBF0120002002B010BD4C
:1023F00013B500230446014620220DF107008DF895
:10240000073000F050F80DF107001A22211D00F0EE
:102410004AF862689DF80730B3EB926F0CBF012059
:10242000002002B010BD0068431C5842584170475C
:10243000006810F07E0F0CBFC0F3C1600020704731
:102440000068C0F3D3107047006800F07F000128D7
:102450008CBF002001207047036813F07E0F14BF6B
:10246000042008207047036813F07E0F03D14068F2
:1024700020F07C40704713F078001CBF03F07F030E
:10248000D81F7047006800F07F007047032809D00C
:10249000022803D1C1F10201C8B2704700290CBF64
:1024A0000720002070471F2A0B689EBF4FF0FF31A6
:1024B00091408B43590801F055315B1A03F03331D9
:1024C0009B0803F033330B44017803EB13130A44E6
:1024D00003F00F334FF001314B43A2EB1362027054
:1024E000704737B501F10C0443690546694601227E
:1024F00020469847BDF8003001930122AB6901A93D
:102500002046984703B030BD37B501F10C0443694C
:1025100001226946054620469847009B4FF6FF7208
:1025200099B291420DD11B0C1B0443F4254343F097
:10253000A50301930122AB6901A92046984703B086
:1025400030BD0020FBE737B504461B22011D0025E6
:102550000DF107008DF80750FFF7A5FF60689DF8A3
:102560000720B2EBD06F03D120F0784003B030BD2C
:102570000DF107001B2204F108018DF80750FFF749
:1025800092FFA0689DF80730B3EBD06F01D1C04334
:10259000EAE74FF0FF30E9E703684BF29A22B2EB2B
:1025A000134F10B5044613D19BB2012B13D1FFF783
:1025B000CAFF01300CD0E0684FF6FF72B2EB104F4B
:1025C0004FEA104309D180B2C01A18BF012010BDD4
:1025D0002368013303D00420F9E70220F7E7032042
:1025E000F5E701288CBF002001207047033801283F
:1025F0008CBF002001207047143070472DE9F04156
:1026000005469846036908460E461746984704460D
:1026100038B943463A4631462846E7F773FE044642
:1026200018B131462846FFF75CFF2046BDE8F0812F
:102630007047431E012B03D9031F5842584170476E
:102640000120704700F06BB94FF4A4720021FFF72E
:1026500010BB013001D1E9F7EFBB0120704710B585
:102660000021044600F09AF82046BDE81040ECF73F
:10267000A9BCEBF7C1BEECF7E9B800F07FBAECF704
:10268000EBB800F08BBAD0F88C0070B5C4680023AA
:1026900024259C4201D1012070BD826805FB0322E4
:1026A000D6898E4202D8128A8A4201D20133F0E7DB
:1026B0000020F1E7F8B505460E46E7F7CBFED5F862
:1026C0008C307BB15B696BB1E9F770FCD5F88C306D
:1026D0005B691B1A584240F26B124FF0420158419D
:1026E000E8F78AF8F76800224FF6FF734FF0240CE2
:1026F000D0B2B84208D31C4621462846E8F73AF83B
:1027000000F010F92046F8BDB1680CFB0011CC892F
:102710009C4202D2002CEFD023460132E8E7008B26
:1027200070470A7838B505461046FFF782FF60B15A
:102730004C782046FFF77DFF38B12243530704D47D
:102740002846BDE83840ECF7B7B8012038BD10B5D1
:1027500004460878FFF76DFF58B14A781046FFF736
:1027600068FF30B1042A04D02046BDE81040ECF7E1
:10277000DBB8012010BDEBF7E5BDECF761BBEBF773
:1027800067BF38B504460D46E7F7F4FF28B9294678
:102790002046BDE83840EBF727BF38BDECF734BF23
:1027A00070B516460C46FBF74CFF314605462046F1
:1027B000EAF7AAF904462846FBF747FF204670BD12
:1027C00000F0D6B938B5044648880D4600F0A8F8A0
:1027D000D4F8A0302BB929462046BDE83840ECF7A4
:1027E000D9B8022038BD00F09CB800F018BA73B513
:1027F000044600200D4600F093F8D4F8A060694626
:102800002046FFF7F2FF5EB99DF800102A462046E9
:10281000DFF704FA0146204600F0CDF902B070BDA2
:1028200000231A4629462046B047F7E7EBF77EBD5E
:10283000E8F7CEBD38B505460C46FBF702FF2B6B1B
:102840001C40EB6A2343EB62FBF7FFFE211E18BF1F
:1028500001210020490238BD38B504460D46FBF77A
:10286000F0FE236B1D40E36A23EA0505E562FBF7F2
:10287000ECFE284638BDC06A704710B501210446F9
:10288000FFF7EAFF2046BDE81040E9F759BF38B529
:1028900004460D464FF48811FFF7DEFF2946204617
:1028A000BDE83840E8F7E6B90846E9F723BA00F092
:1028B00084B8E9F7AFB80847022A01D800F0CBBACC
:1028C00001207047022A01D800F0D6BA01207047D3
:1028D000022A01D800F0E2BA01207047ECF776BF77
:1028E0000846ECF795BF00F016BB002070470020AB
:1028F000704738B50D6804462846E8F7ADF9D4F8B6
:10290000903043B15B6933B1013504BF6FF0010210
:102910000A600A681A60002038BDECF749BE7047AB
:10292000704770477047704738B50D460446E9F761
:102930003DFBAC4042F2107364095C436423B0FB7E
:10294000F3F0B4FBF0F038BD022807D0062807D01A
:10295000003818BF01204042C0B2704701207047C4
:102960000020704730B51F23B0FBF3F35D1CEDB2C0
:102970004FF0FF34C3EB4313AC40C01AE4430130C3
:10298000E4B2C0B21460086030BD70B505460E46B2
:10299000C0B201F00F01FFF7C7FFC6F303110446F1
:1029A000C5F30720FFF7C0FFC6F303210444C5F3B6
:1029B0000740FFF7B9FF204470BD08B5E8F76CFF8A
:1029C000BDE80840E8F7F2BF10B50446E8F764FF39
:1029D000844288BF01F1FF31204601F00301BDE8C8
:1029E0001040E8F7E3BF38B50446FFF7E6FF0546B9
:1029F000FFF7E3FF431BA342FAD338BD0020704723
:102A000000F03003202B10B513D110F4E02FC0F3E9
:102A100002440AD010F4C01FC0F3C423B3FBF4F483
:102A200018BF6400052C0ED86408E9F7B9FB6043B1
:102A300010BDC0F382136FF012041C4104F00104B6
:102A4000C4F10204F1E70424EFE710B5044651B1E4
:102A50000B6843B15B6833B11A68032A03D99C6AD7
:102A6000640E204610BDFBF7ECFD01462046E9F759
:102A70008DFD04460846FBF7E8FDF2E738B14FF458
:102A80007A735843A0F6AC50401AE9F7C1BE4CF235
:102A90005030FAE7EAF714BEEAF712BEEAF710BEC2
:102AA000EAF70EBEEAF70CBE7047436B03F0600313
:102AB000402B0DD0602B03D0203B5842584170472B
:102AC00049B10B68012B06D9486940F001007047F5
:102AD00040F20110704700207047034670B1026851
:102AE000022A0BD9426A12F47F4FC2F3072006D0A4
:102AF0001B6AD2B25A43B2FBF0F070470020704715
:102B0000F0B5144687B01E460F4619B9002420467A
:102B100007B0F0BD002AF9D00028F7D001A9EDF7E1
:102B200035F90028F2D0BDF80630BDF80850A219DA
:102B30009A42C4BF9B1B9CB2B54212D90399AD1BEC
:102B4000ADB23144A5420391ADF808500DD22A46EA
:102B50003846FFF7A2F80499621B7819FFF79DF831
:102B6000D5E70499761B3144049122463846F5E7AF
:102B70000846E9F7A1BB0220E8F778BED0F8943008
:102B80004BB11A68022A06D993F8250028B11B6AAE
:102B9000B3FBF0F07047FFF76EBD704708B5014614
:102BA000D0F89400FFF799FF20B9BDE80840084627
:102BB000FFF765BD08BD10B590F8D0300E2B044668
:102BC0002BD00175D0F8900020B3D4F8A0304BB9C9
:102BD00094F8D9308B420BD320460022BDE8104038
:102BE000EBF732BFB4F92420B0F912309A42F3DD8A
:102BF00094F8D91000222046EBF726FF60B9C4F8FC
:102C000090002046FFF78BFD01462046BDE81040AE
:102C1000E7F7B0BDFF23637510BD0220FCE7034654
:102C2000D0F8D0000860B3F8D4308B800020704713
:102C300090F8D0300E2B14BF407DFF207047F8B5C0
:102C40000C4640210546EBF799F94FF40061074621
:102C500006462846EBF792F930B17CB195F8CA30B8
:102C600073B16FB93046F8BD22024FF48071284627
:102C7000EBF770F9061E18BF0126F3E72246F4E7CA
:102C80004FF48072F1E74FF48071EBF777B94A02A5
:102C90004FF40071EBF75EB98A024FF48061EBF7F5
:102CA00059B94FF40071EBF769B970B506468D88D4
:102CB0000C46EBF7D7FD727C053AEB00012A98BF72
:102CC000033388B1B3F5803F0ED842094FF2244157
:102CD00001FB032322680009B3FBF0F31A44072326
:102CE0002260A371002070BD0220FCE73F2B084644
:102CF00010B5114619D9B3FA83F3C3F11902D2B250
:102D0000062A01D8192B0ED0062A28BF0622931DA9
:102D1000DBB201249C40A4B2A14228BF2146ECF7BB
:102D20004DFE204610BD0022F1E70024F9E713888C
:102D30003F2B10B5084616D9B3FA83F3C3F1190136
:102D4000C9B2062901D8192B0BD0062928BF0621A4
:102D50008C1DE4B20123A3401380ECF74DFE00204C
:102D600010BD0021F4E70120FAE7EBF74DB910B5EB
:102D7000084614460121E9F727F920460121BDE85C
:102D80001040E9F721B9F8B504460E461746FBF79F
:102D900058FC3A4605463146204600F0CEF9044636
:102DA0002846FBF752FC2046F8BD0220704703205E
:102DB0007047E8F753BD10B5ECF73EFA044608B982
:102DC000EAF796FA204610BD38B5044681751546D7
:102DD0004AB100F0A7F808B9002016E0237C43F0C0
:102DE00080032374F8E70846E8F7F8FAFF28A0758F
:102DF00008D0204600F096F80028EDD0237C65F33B
:102E0000C713EEE7E8F740FB012038BD704770B507
:102E100005460E461446FFF786FD31462846FFF765
:102E200049FCFFF780FD04F00903082B04D10B2CAB
:102E30009CBF24F00804A4B221462846EBF7FCFA14
:102E400000224FF400312846EBF784F8002070BDD3
:102E50008021EBF793B87FB5531C05AAADF8141089
:102E6000029202210022CDE90021DBB21146EBF7EC
:102E70008FF807B05DF804FB7FB5531C05AAADF8C9
:102E80001410029204210222CDE90021DBB20022BB
:102E90000121EBF77DF807B05DF804FB1FB5531C6B
:102EA000029100220821CDE900210122DBB2114666
:102EB000EBF76EF805B05DF804FB07B591F8283024
:102EC000009391F82B3091F8292091F82A10ECF713
:102ED00061FC03B05DF804FB38B50546EBF7A6FAD4
:102EE00004462846EBF780FA072811D1D5F8903030
:102EF000DB6924F47F4121F0080103B15B7841EAEA
:102F0000032141F020012846BDE83840EBF794BA90
:102F100024F02001F7E7081E18BF012070470020A9
:102F2000002170474021EBF729B8002070470220AC
:102F30007047002070470120704700207047002034
:102F400070470120704700207047ECF781BB0846AE
:102F50001146E7F7BDBA70B505460C4611461A464C
:102F6000ECF786FC06682B462046B446BDE8704068
:102F7000604710B5ECF77CFCBDE81040836818474B
:102F8000E9F738B94942FFF7FBBF73B50D7806463C
:102F90000C4635B304238DF8043023798DF80530C1
:102FA00001A93046FFF7D3FB0546B8B92278A379CB
:102FB00052BB8DF80430E3798DF8053001A9304615
:102FC000FFF7AFFB054648B923783BB1618830462F
:102FD000EBF7E2FD01213046FFF731FE284602B053
:102FE00070BD2946FFF72BFE29463046FFF74FFEFE
:102FF00029463046FFF750FE2378002BCAD12379AB
:103000008DF804306379C9E702228DF80420D3E7F4
:10301000FFF73DBEFFF745BEFFF768BEFFF787BE6F
:1030200008461146ECF7B2BEC0F89C10002070476D
:10303000EBF7F0BD70B5144686B005460E46122279
:1030400000210DF10600FEF714FE23680093694687
:103050002846ADF80460FFF728FE009B236006B009
:1030600070BD38B50446154609B1FFF77EFE25B19F
:103070002046BDE83840EBF7C7BE38BD08461146CC
:103080001A46BDF80030FFF73BBD2DE9F74F1C464F
:103090009DF830300193036803F0070306330125E0
:1030A0009D400646174605F1FF380B46A1B1416821
:1030B00004EA080BA5EB0B0A41F00059524509EB55
:1030C0000B0114D952461846FEF7E7FD7A1B5A4405
:1030D00049465044FEF7E1FD019B2BB13C4448EAD0
:1030E000050804EA0804F46003B0BDE8F08F184650
:1030F000F0E737B5002500951446FFF7C6FF2046D8
:1031000003B030BD026802F007020632012393408B
:10311000026AC2F30C028A4210B584BF4468C268D6
:1031200003F1FF3388BF89189BB285BF44F000507C
:1031300019404FF0FF30405C10BDF7B505460F4613
:1031400068461146ECF7F0FE064698B197B1DDE906
:1031500000311B0A43EA0163A5FB0343090A05FB8F
:103160000135E8F723FF0023024629462046E5F70C
:10317000FDF93860304603B0F0BD00228A4202D12A
:103180004FF0FF30704750F8223093FAA3F30BB999
:103190000132F3E7B3FA83F000EB4210704710B549
:1031A0000446ECF7DBFF21460020EEF773FEBDE896
:1031B0001040002000F0B5B9704708B5EFF7A8FD42
:1031C00080F00100C0B208BDFFF771BB704700205E
:1031D0007047704770B5144681F0010519B90D2A82
:1031E00007D1FF2018E00D2A03D100780538C0B2BE
:1031F00012E0084400F047F8C5F1040110F44066FD
:103200000246C9B209D1042C084605D0052C16D1B6
:1032100012F0400F18BF084670BDC5F10603042C1C
:10322000D8B2F9D0B6F5006F03D1C5F10805E8B200
:10323000ECE7B6F5406FE9D1C5F10E05F7E712F4FA
:10324000404107D1062CE7D0072CE5D0082C13D13C
:103250000130CCE755065CBF831CD8B2062CDBD00E
:10326000B1F5004F02D1831CD8B2EDE7B1F5404F64
:10327000EAD100F10803F7E7130744BF0530C0B2F5
:103280000C2CC9D9ADE7008870470170090A41705C
:10329000704710B50024E3B210B9C3F10303DBB2E9
:1032A0000134042CCA544FEA1222F4D110BD10B5D7
:1032B0000B784C788A78C97828B91046224604469B
:1032C00008461946034642EA012043EA042343EA3A
:1032D000004010BD10B50C46EFF7D6FB048010BDC2
:1032E00038B50C461546EFF7CFFB03881DB11C43DC
:1032F000A1B2018038BD23EA040189B2F9E708B51B
:10330000EFF7C2FB008808BD08B5EFF7BDFBC0783A
:1033100008BD08B5EFF7B8FB008800F00C0008BD49
:1033200008B5EFF7B1FB008800F00C00031F58420E
:10333000584108BD38B50546EFF7A6FB04462846B8
:10334000FFF7EEFF30B904F11000FFF79CFF00F427
:10335000406038BD4FF40060FBE738B50546EFF735
:1033600093FB04462846FFF7DBFF014648B91034BB
:1033700020460422EEF73CF82044BDE83840FFF731
:1033800082BFA08838BD10B50C46EFF77DFB848066
:1033900010BD38B50546EFF777FB04462846FFF722
:1033A000BFFF30B904F11000FFF76DFF00F440409B
:1033B00038BD4FF40060FBE738B50546EFF764FB16
:1033C00004462846FFF7ACFF014648B910342046B2
:1033D0000622EEF70DF82044BDE83840FFF753BF52
:1033E000A08838BD38B50546EFF74EFB04462846A1
:1033F000FFF796FF014608B1201D38BD10340622A4
:103400002046EDF7F5FF2044F7E708B5EFF73CFB62
:10341000007A08BD08B5EFF737FB90F9090008BD41
:1034200008B5EFF731FB807A08BD08B5EFF72CFB44
:10343000C06808BD10B50C46EFF726FB047210BD3E
:1034400010B50C46EFF720FB447210BD10B50C46CA
:10345000EFF71AFBC46010BD2DE9F8430F46804614
:10346000002107F1100016469946EFF7D3FB0446FA
:10347000D0B1EFF709FB05462046EFF721FB00210D
:1034800002462846FEF7F5FB0023AB7049F0040125
:103490002046FFF71FFFA5F804802EB13A463146BB
:1034A00005F11000FEF7F9FB2046BDE8F883F8B5FA
:1034B00005460F4610200021EFF7ACFB0446B0B1E3
:1034C000EFF7E2FA06462046EFF7FAFA0021024645
:1034D0003046FEF7CEFB0023B37039462046FFF797
:1034E000F9FE25B12A4601212046EFF76BFB204665
:1034F000F8BD08B5EFF7C8FA103008BD08B5EFF70A
:10350000DFFA1038C0B208BD10B50C46098821B9E1
:103510000846FAF757F8208008B1012010BD0220B4
:10352000FCE70020EEF7E2BB08B5EEF767FE0020EF
:1035300008BD4088C0F30C00033080084000043010
:10354000704708B520B1EFF7B3F800F0010008BDEF
:103550000120FAE708B5EEF7FDFFBDE80840FFF7E8
:10356000F0BF70B50E46054611463046EFF752FBE8
:10357000044635B128B1EFF787FA32462946FEF7FF
:103580005EFB204670BD0088B0FA80F040097047AD
:10359000008810B1C9B2EFF701BB70472DE9F041C7
:1035A000B0F8008006460C46D5B2B8F1000F11D035
:1035B00029464046EFF7F2FA22460746294640469A
:1035C000EFF700FB3A4629462046EFF7FBFA348036
:1035D000BDE8F0810F46F5E738B5058800220446BE
:1035E000FFF7DCFF05B1258038BDF8B507460D466D
:1035F000008800211646EFF7D1FAB042044605D103
:1036000029463846BDE8F840FFF7E6BF00212046CE
:10361000EFF7C4FAB04205D020460021EFF7BEFA1A
:103620000446F3E72A4620460021EFF7CBFA32465C
:1036300028460021BDE8F840EFF7C4BA0346084623
:103640001B888B4202D00021EFF7A8BA00207047F8
:10365000F8B5058807467DB1CCB221462846EFF77C
:103660009DFA8542064609D100233B80002221466F
:103670003046EFF7A7FA35462846F8BD2146EFF762
:103680008DFA214602462846EFF79CFAEEE72DE92F
:10369000F04707888246884614465FB33846EFF7FE
:1036A0000FFA3D460646E4B221462846EFF776FA81
:1036B0004045814616D12146EFF770FA2146024671
:1036C0002846EFF77FFA474504D1454508BF002556
:1036D000AAF80050002221464046EFF773FA304620
:1036E000BDE8F0878742FAD0EFF7EAF9304486B2B6
:1036F0004D46D9E73E46F2E72DE9F04780460F46B2
:1037000002F1FF3906460024BC4202D219F8015FDB
:1037100025B9A6EB0800C0B2BDE8F0879A46A5F12E
:103720003102012A5AF8041B10D83246322D02F811
:10373000011B06D10134E4B2A74232D30912B21CF4
:1037400071700134E4B253461646DDE7342D0CD1D6
:103750000334BC42DDDA0B0A317073700B0C090EB6
:10376000B370321DF170E4B2EBE7A5F13302062A23
:103770000DD8303DEDB22B19BB42CADA2A4630468D
:10378000013CFEF75CFA55FA84F47219EBE7A5F1F7
:103790004102062A01D8373DECE71D7903F1080AFA
:1037A000E9E71646B5E770B5054600880C46EFF721
:1037B00087F9844228880AD9EFF782F90023221A70
:1037C000D2B228461946BDE87040EFF7A9BA2146A3
:1037D000EFF792F9002070BD2DE9F843074608463F
:1037E00016469DF8209088461C46EFF74DF985193E
:1037F000CCB1C5B14046EFF763F92644864214DCEC
:103800002246B9F1000F06D129463846FEF717FACD
:103810000020BDE8F883B9F1010F39462846F5D0FC
:10382000FEF73BFAF4E72120F3E71D20F1E738B576
:103830000546EFF729F904462846EFF741F900223B
:1038400001462046BDE83840FFF78BBEF8B5164666
:103850000C461D46BDF81870EFF716F904443046C3
:10386000EFF712F93A4641192046BDE8F840FEF755
:10387000E6B970B50C460131C9B20646EFF7F4FA65
:10388000214605463046EFF7EFFA00EB052080B2FF
:1038900070BD1FB50123ADF80C2000930A4602232A
:1038A000014603A8FFF798FF05B05DF804FB73B568
:1038B00004460D46402000211646EFF7ABF9ADF85F
:1038C0000600EFF7E1F8BDF8063013B9002002B0AA
:1038D00070BD402133462A462044FFF70DFF2118D2
:1038E000C9B20DF10600FFF75EFF0028EED1BDF86A
:1038F0000600ECE70EB403B503AA52F8041B0192CC
:10390000FFF7D5FF02B05DF804EB03B0704700226B
:103910000123C0E900237047F8B5044601270026BB
:10392000FAF79AFE23683BB9FAF79CFE6368002217
:10393000012B0ED16360F8BD1D691F612660FAF787
:1039400091FE012DF2D02B462D691E61012DFAD179
:10395000E6E719691A610B46EAE70069003818BF03
:1039600001207047036823B94068012803D0EFF7AE
:10397000A9BA002070474FF0FF307047F8B50546F0
:10398000FBF7D2F901230646A8602B730027FAF74C
:1039900063FE2B6802467BB11C692169A1420CBF02
:1039A0002F60196127611046FAF75CFE012C08D0E0
:1039B000636820469847EAE76C68012C04D1FAF75F
:1039C00051FE00232B73F8BD6169711AB1F1004FEC
:1039D000F5D8216969602361E5E70144884201D196
:1039E0000120704710F8013B9342F7D00020704748
:1039F00030B5014693B005460020EDF78FF910F081
:103A0000FF040BD16A4621462046EEF765F96A4667
:103A1000214620468DF80250EEF73EFC204613B0BA
:103A200030BD00B5002193B06A460846EEF754F960
:103A30009DF9020013B05DF804FB00B5002193B0BE
:103A40006A460846EEF748F99DF8000013B05DF8A5
:103A500004FB08B5EDF7A8FC003818BF012008BD2D
:103A60000020704770477047704770477047704735
:103A7000704770477047F8F711BA00B5002193B04E
:103A80006A460846EEF728F9BDF8060013B05DF85F
:103A900004FB10B5002192B004466A460846EEF7D2
:103AA0001BF900216A460846ADF80640EEF7F4FB24
:103AB00012B010BD00B5002193B06A460846EEF77B
:103AC0000BF9BDF8040013B05DF804FB10B500213C
:103AD00092B004466A460846EEF7FEF800216A46B0
:103AE0000846ADF80440EEF7D7FB12B010BD7047A2
:103AF0002DE9F04F85B00C4691468046FFF709FC52
:103B0000671C05463846FFF7BEFB042D40F08B804E
:103B10004046FFF7EEFC037803F00303012B4FF060
:103B200009024FF00101204614BF4FF0020B4FF085
:103B3000030BEDF75DFC0922002105462046EDF759
:103B400057FC21788DF80F000139002289B22046F8
:103B5000FFF707FD04EB090A0646D0B12A460146E5
:103B60000DF10F035846FBF7A3FA0228054626D1AC
:103B70003046EEF7A5FFC0B2207000230138009355
:103B80000122C3B231463846FFF726FE23780133BF
:103B900023704046FFF7B3FB020424D49AF80130A7
:103BA00021789B071FD50139A1EB09014246C9B213
:103BB0005046F3F759F923781844207013E020B9E0
:103BC0002070284605B0BDE8F08F032809D1504683
:103BD000FFF759FB20F4007189B25046FFF755FBFF
:103BE000D7E70428D5D10125217800222046FFF708
:103BF000B8FC06460028E4D00023014601221846FE
:103C0000FBF756FA022819D13046EEF759FFC0B239
:103C100020700023013800930122C3B23146384698
:103C2000FFF7DAFDCDE780F0800520F0800081B25B
:103C30003846C5F3C015FFF728FBD5E70028C0D1EB
:103C40002070BEE708B50020FFF7B7FA80F001004A
:103C5000C0B208BD0A4608B501460020EFF7DAFCFD
:103C6000B0FA80F0400908BD0020EEF747BC002103
:103C70000846EEF7BFB80020EDF72EB808B5EFF70D
:103C800031FD003818BF012008BD01207047EFF753
:103C90004DBE10B50C46098821B90846F9F776FCE7
:103CA000208008B1012010BD0220FCE710B50446B9
:103CB000FDF7FDF908B9FDF7FCF903050FD40C2356
:103CC0001B2B01D1002009E020FA03F1C90703F101
:103CD000010206D5DBB2E31A5842584110BD0B234E
:103CE000F9E71346ECE710B50C46098819B9084600
:103CF000F9F768FC2080012010BD402908B5104666
:103D000004D009D811B13F290CD0C9B200F0ACFAE7
:103D1000BDE80840FBF7CCBB412905D04C29F4D1C4
:103D20008D21F3E73121F1E74221EFE770B592B041
:103D300004460D4616466A46EDF7CEFF6A4629460A
:103D400020468DF81F60EEF7A7FA12B070BD07B5D8
:103D50000DF10701F0F71AF820B19DF8070003B044
:103D60005DF804FBFF20FAE710B50C46F0F714F9F4
:103D70002046BDE81040F0F725B80129F8B5054602
:103D80000C461DD003291ED0052920D0072922D09A
:103D90000026002400270120EDF794FA30448542E4
:103DA0001DDA0320EDF78EFA2044854219DA05204A
:103DB000EDF788FA38448542B4BF07200520F8BDE6
:103DC0006FF00406E5E76FF004040526E2E700263D
:103DD0006FF00407DFE7002426460527DBE7012014
:103DE000EDE70320EBE738B14379490023F00C03FA
:103DF00001F00C010B434371704710B5044678B1D4
:103E000041794088490801F006010131000AFFF7B5
:103E1000B4FF024601462046FFF7E5FF104610BDFD
:103E20000722FBE738B50D46F0F7A4F8044608B9B9
:103E3000002038BDFFF7E1FF002DFAD1237913F000
:103E40000703F5D0984238BF1846C0B2F1E7002208
:103E5000F0F7EEBA002108B50122F0F7E9FA401AAE
:103E600018BF012008BD38B51546FFF7F0FF04461E
:103E70002846FFF76CFF84B1FF2804D0626822FA5D
:103E800000F3DB0701D5012038BD01238340134334
:103E90006360E3780133E370F5E72046F4E7F0F779
:103EA00025BD0146102307220120EFF735B910B5D3
:103EB000EEF7EAFD00F110042046FFF7E4F920F4E4
:103EC000007189B22046BDE81040FFF7DEB92DE948
:103ED000FF418DF80D301B0A15468DF80E3001910B
:103EE0009DF82C308DF80C0001218DF80F300091D9
:103EF000042303AA28469DF828809DF830709DF879
:103F0000346001F024FA044670B12946FFF73BFA09
:103F1000B8F1000F02D12046FFF7C9FF2FB146B913
:103F20003146204601F07BF80024204604B0BDE86D
:103F3000F08100231A4619462046F0F759FCF3E7B2
:103F40004FF47A70F0F7AEBD08B5EFF76BF8BDE847
:103F500008400020F0F79ABE1FB504466846FFF7F8
:103F6000A0FF54B100238DF80530102307226946C5
:103F70000020EFF7D1F804B010BDFFF77EFDADF8DB
:103F80000600FFF797FDADF80000EEE700B58BB037
:103F90006846FFF786FF009BBDF80600069304A95C
:103FA000F0F726FD0BB05DF804FB1FB5044668462C
:103FB000FFF777FF02AB03CB2060616004B010BD58
:103FC000FF22F0F74FBF1FB5062304468DF80C30D3
:103FD000F0F7A2FF0023CDE900338DF80D00022396
:103FE00003AA0121204601F0B2F904B010BDF8B5D2
:103FF0000E460746FFF77DFA0546FFF744F900F441
:104000004040B0F5404F14BF0022062202F10A03DF
:104010000B32EB5C5C0004F00E045B08144403F00C
:10402000380338461C44FFF769FA844208D2001B63
:10403000C2B20F2A28BF0F2229193046FDF72DFEE4
:104040002046F8BDEEF7EEBFD020F2F767BAFF22A8
:104050004FF6FF71F2F782BB0020FFF7F8BF37B5CC
:10406000082305460C46092269460120EFF754F85B
:1040700015B19DF806302B700CB1009B2360BDF884
:10408000040003B030BD07B508238DF80600ADF875
:1040900004100092694609220020EFF73DF803B0B2
:1040A0005DF804FB13B5044601A90020FFF7D7FF14
:1040B000019A01462046FFF7E6FF204602B010BDF8
:1040C000F0B50F46002187B0044608461646FFF7B4
:1040D000C6FF012305460DF10A008DF808408DF852
:1040E0000930FFF762FF092C1DD131460DF1120096
:1040F000FFF7CBF805AB02AA9B1A0021CDE900110E
:104100002846DBB2642101F022F90546E0B1092C12
:1041100015D1F2F797FC044688B12846F2F7A6FCC1
:10412000204607B0F0BD31460DF113008DF8127036
:104130004FF6FF75FFF7A9F80DF11503DBE72846E9
:1041400000F014F80446EBE70446E9E738B5044606
:104150000D4600F086FF40B1AC4206D0204600F08C
:1041600071FFBDE8384000F052BF38BD10B50446BD
:10417000FFF7BFF90230FFF786F84FF6F773984262
:10418000204603D9BDE81040F2F7EEBDF2F730FE4D
:10419000B0FA80F0400910BD012070470022F2F70C
:1041A00019BD70B504460088FFF7A3F90546043031
:1041B000FFF769F80646A81CFFF765F80546FAF709
:1041C000AEFD3046F3F7DEFF30B92846F3F7DAFFED
:1041D00010B1284600F045FFA37823F00F03A37029
:1041E000002070BD70B50546FFF783F906462846E6
:1041F00001F0D1F801462846EEF736FE044628467F
:10420000FFF7ABF84FF6F773984208D8337803F00E
:104210000303012B05D1A31E5842584170BD012054
:10422000FCE70020FAE730B585B041F203330D46D4
:10423000ADF808300446FFF720FC8DF80A00FFF7C0
:104240001CFC0021000A8DF80B00CDE900110523AC
:1042500002AA20468DF80C5001F079F810B12146E1
:10426000FFF79CFF05B030BD70B504460D4691B117
:1042700031294FF0000600D135462046FFF749F8B6
:1042800008280AD101212046EEF788FC2946BDE81E
:104290007040FBF74CB80126EFE72046FFF739F8EE
:1042A000024630B9BDE870404FF6FF710120FCF7BF
:1042B0005ABA2046FFF73EF8B0F5006F0ED12046FF
:1042C000FFF74BF84FF6FF739842014617D0002DC9
:1042D0000CBF032005200022FCF745FA29462046A2
:1042E000F0F744FB68B929462046F3F7F7FE40B9DA
:1042F000324629462046BDE87040F2F7C3BE012091
:10430000E9E770BD7047704737B54FF6F675DEF7D1
:104310002DFD431E9BB2AB420446F8D8EFF72AFEB0
:104320000028F4D169462046EFF708F90028EED0BE
:10433000204600F04DFE0028E9D12046FFF78AFD17
:104340000028E4D12046F3F71DFF0028DFD12046E6
:1043500000F087FE0028DAD12046FCF745FA002855
:10436000D5D1204603B030BD73B504460E46F3F7F1
:1043700009FF054688B92046F3F75EFF2146009500
:104380002B460D224FF6FD7000F053F831462046C3
:1043900002B0BDE87040F3F711BF02B070BD37B591
:1043A000054614460C2914D8DFE801F02913291317
:1043B000131307131313132424006946EFF7BEF8F1
:1043C00018B901216846F7F733FE42202946F9F76C
:1043D000CBFEBCB12046FFF78CF80230FEF753FF4E
:1043E0004FF6F77398420DD9204603B0BDE8304030
:1043F000F2F772BD0B2914BFAA20A920E6E700F04E
:10440000EEFDE6E703B030BD1FB5034608460321C5
:104410008DF80C108DF80D3000210123CDE900310D
:10442000ADF80E20042303AA00F091FF05B05DF85B
:1044300004FB2DE9F34106469DF820800F46144603
:104440001D46FFF71AFBB04207D10022214638462D
:1044500002B0BDE8F041FFF7A2BF3A463146204620
:10446000FFF7D2FFADF8060060B10D2C05D1002298
:104470004FF6FF712820FCF776F935B9BDF8060034
:10448000FFF774FE02B0BDE8F081012342462946E1
:104490000DF10600EEF744FCBDF80630002BEDD11F
:1044A000F0E7F7B50C460546FFF723F8611CC9B2E3
:1044B00006462846EEF7D8FCA11C0746C9B2284696
:1044C000FFF7D7F9014604463846FAF700FF0D2FEB
:1044D00034D12046F3F756FE78B1301DFEF7D3FEF7
:1044E00004462846F679FEF767FF31460246204625
:1044F00003B0BDE8F040FFF7B6BCB01CFEF7C3FE4A
:104500004FF6F773984202D92846F2F7E5FC2046A9
:10451000F3F792FEFFF7B1FAA04205D1002003B0F5
:10452000BDE8F040FFF7EEBEB068F1686B4603C32C
:1045300069462046F3F742FE03B0F0BD2A463946ED
:10454000204603B0BDE8F040FFF729BF1422002148
:10455000FDF78FBB2DE9F0470B078EB004460E46E2
:1045600015465CD10120E2F78FFC09A8FCF764F93D
:10457000092309A88DF82430FCF762F909A8E2F7AD
:1045800055FC01A909A8FCF7BEFB26F00F072F4434
:1045900004F1100804F10F09BD4211D1236933441D
:1045A000236101A909A8FCF793FB0020E2F76CFC4A
:1045B000B6F1005F2CBFB12000200EB0BDE8F0873F
:1045C00005AA23469646186859689446ACE8030045
:1045D000083343456246F6D12B46224605F1100AC0
:1045E00053F8041B42F8041B5345F9D1714609A83E
:1045F000FCF76EFB09A8E2F719FC224621460120D0
:10460000E2F7D4FB013D631E13F8012F15F8011FDB
:104610004B4582EA01021A70F6D15546BCE770207C
:10462000CBE7F0B585B0174605460C4610220021B1
:104630006846FDF71EFBBFB3C4B30F2C04F00F0692
:1046400008D924F00F043A4621462846FFF782FF96
:1046500040BB2744324639466846FDF71EFB2F69AA
:1046600006F1100337446B448022B7F5005F03F86E
:10467000102C2F61C6F110061AD3062E1FDDFB0089
:104680001A0E8DF80A201A0C5BBA8DF80B20ADF8C3
:104690000C306A4610212846FFF75CFF2B69103B5F
:1046A0002B61002005B0F0BD3E46D8E72646D6E790
:1046B000022E04DDFB005BBAADF80E30E9E76A4676
:1046C00010212846FFF746FF2B69A3F110042C6147
:1046D000102200216846FDF7CCFAB7F5005F4FEADB
:1046E000C403CDD2E7E770B586B00E46054601A8F3
:1046F0001446FFF72BFF3246294601A8FFF791FF2A
:1047000005AE054601AB22461C4603CCB442106000
:104710005160234602F10802F6D1284606B070BD6A
:10472000F3F732BE0A460021F3F72EBEF0B58BB088
:104730000C4601A9F3F728FE054688B3252200217F
:10474000E01CFDF796FABDF810700123A370FA057E
:104750004FF00E03238010D523464FF4877223F8C1
:10476000042B06AE0DF1280C324603CA62451860D0
:104770005960164603F10803F6D13B0605D5238898
:1047800043F080032380069B636001AB03CB039B54
:10479000C4F81D00C4F82110A361F4F701FF6061A3
:1047A00028460BB0F0BD30B5054687B001A80C46D1
:1047B000FCF742F82868696802AB03C39DF8113022
:1047C00043F002028DF8112074B12288510644BFD3
:1047D00043F006038DF81130530542BF9DF81130A8
:1047E00043F008038DF8113001A8FCF7CBF9B0FABB
:1047F00080F0400907B030BD2DE9F3410F46054672
:104800001646EEF75DF9C41BE4B24FF000082946E6
:10481000CDF8008023463A463046FEF7DDFF012101
:104820002846EEF7BBF988B101212846EEF7B6F924
:104830000746EEF745F9C5B22B463019CDF8008092
:1048400042463946FEF7C8FF2544ECB2204602B086
:10485000BDE8F0812DE9F74F0C9E9DF83480894624
:10486000054693461C46EEF72BF9012723464A4698
:104870002946824600975846FEF7AEFF394628463D
:10488000EEF78CF94C4428B339462846EEF786F902
:104890005FFA8AFA5445814611DAE4B2AAEB040BB6
:1048A0005FFA8BFB2246304600975B46294644441C
:1048B000FEF792FFA4EB0A045E4404F0FF08012314
:1048C0000C93002243464946304603B0BDE8F04F02
:1048D000FEF782BF0C974346E2B22946F4E72DE982
:1048E000F04186B00026074608460C461546984615
:1048F000CDE9026604968DF81460EEF7E1F8411BED
:10490000CBB20D2B28BF0D2300962A46214602A8C4
:10491000FEF762FF424602A93846F3F789FE9DF88A
:104920000820064629462046EEF7B2FA304606B081
:10493000BDE8F0812DE9F04F0E46CBB001210546D0
:1049400017461C46EEF72AF923463A462946814681
:1049500006A8FFF7C4FF0DF1280A00EB070B5FFA6A
:104960008BFB524631462846FFF746FFB34503D23C
:1049700000204BB0BDE8F08FABEB06085FFA88F87B
:1049800008F104039842F3DB331F1844C4B2042334
:104990000193A31BDBB20093CDF808A04346524617
:1049A000002106A8E2F788F9C0B20028E0D1A4EB04
:1049B0000B040AEB0803E4B2524628460093314642
:1049C00043460194FFF746FF39462846EEF74CFA76
:1049D000394600F0F8022846EEF75AFA0121284637
:1049E000EEF7DCF8002818BF4D462846ADF8165003
:1049F000EEF766F8011FC9B20DF11600FEF7D3FEFF
:104A00000120B6E72DE9F041044600F0C4FC411C4A
:104A1000074689B2204600F091FC98B397B3394617
:104A20002046EEF721FA00F00C03042B054629D0AE
:104A300000F00308B8F1020F00D11BBB284600F0BC
:104A400015FD2B060744BEB216D5711C89B220464F
:104A500000F074FCB0B1F9B22046EEF705FAB8F1F7
:104A6000010F014600F003030CD0032B0AD02846A7
:104A700000F00BFD304486B231462046BDE8F041DF
:104A800000F05CBC0020BDE8F081F8B5064600F0FF
:104A900044FC054604463046FEF72BFD43785B0791
:104AA00018D5AC1CA4B22146304600F047FCB8B182
:104AB00029463046EEF7D8F9691C0746C9B2304698
:104AC000EEF7D2F91FB1874201D8FF2808D104EBD5
:104AD0004704A4B221463046BDE8F84000F02EBCA1
:104AE0000020F8BD13B5044601A8F3F7B1FFBDF8E7
:104AF0000430DA0710D49B0707D410220021204687
:104B000002B0BDE81040FDF7B4B82246214610209F
:104B1000FFF7E9FD0028F0D102B010BD13B5002465
:104B2000CDE9003413460A4601460620F3F7BCFFE0
:104B300002B010BD08B50246F3F7ACFF510544BF03
:104B40000838C0B2130544BF0838C0B208BDF0B57C
:104B5000D3078BB005460C4649D5008800F01BFCF6
:104B600000230646029314B9CDE9034403AC0022A6
:104B700008212046FEF731FFA0B12888FEF7B9FCD6
:104B80000230FEF780FB21460746EEF7D7FC48B11E
:104B9000002240231146384600F0FDF9BE25284684
:104BA0000BB0F0BD31462888EEF75EF910F0030F28
:104BB0000CBF01260026F3F72BFC46EA4000C0B2EA
:104BC000009002AB05AA00212046F5F709F9054639
:104BD000F3F71EFC0028E2D0002DE0D0009602ABD7
:104BE00005AA00212046F5F7FBF80546D7E7A625DC
:104BF000D5E701461A2308220120EEF78DBA0023DB
:104C00001A46F5F75BB830B58BB005AD04462846BB
:104C1000FBF712FE022301A928468DF81430FCF799
:104C200072F801AA2346144603CCAC4218605960BE
:104C3000224603F10803F6D10BB030BD08B50023BE
:104C4000024619461846F5F739F8012008BD37B570
:104C500004466846F5F7A8F8054648B108222146FB
:104C60006846FCF7DCFFB0FA80F0400903B030BDC5
:104C7000FF2208212046FEF7B0FE034628B1062198
:104C80002846FFF7BCFF0120F0E722460146F5F772
:104C900015F8F8E707B56846F5F786F810B16846E5
:104CA000FCF7B0F900F0010003B05DF804FB01204F
:104CB000F5F75CBD704730B589B0054603A8FBF732
:104CC000BBFD012401A88DF80C40FBF7CBFF9DF83C
:104CD00006209DF80730AA4209D0AB4209D103A8AB
:104CE0008DF80D40E2F7A2F8012009B030BD002494
:104CF000F5E70020F9E708B5002211461046F6F75F
:104D000027F8BDE8084000214FF6FF70FFF777BF96
:104D100000221021FEF761BE70477FB502460D46A6
:104D20000D2317216846FAF72CF802AE6B462A4687
:104D30001C4603CCB44210605160234602F10802C5
:104D4000F6D1206810602379137100236B7304B0CF
:104D500070BDF0B585B06C4606460B4601F10807FC
:104D6000224618685968254603C50833BB422C46BD
:104D7000F7D1186828601B792B7131460D23172055
:104D8000FAF708F805B0F0BD38B504460D46E1F76E
:104D9000C3FDA04205D920462946FFF7BEFF0020EB
:104DA00038BD6920FCE738B50446002000F048F91A
:104DB000FF2805460FD000F04DF910F0010009D092
:104DC000284600F047F9400840EAC17080F0010031
:104DD00000F0010038BD04F00100FBE7F8B5014622
:104DE00006460020F6F7C0FEFF2801D00120F8BDDE
:104DF000E1F782FD00240546871CE1F781FDE3B25F
:104E0000984201D80020F2E735F82430B34203D1AC
:104E100017F82430002BE9D10134EEE738B50D4600
:104E200001210446EDF7BAFE30B101212046EDF72D
:104E3000B5FE2880012038BD2C80204600F084FB80
:104E40000130C0B2F7E72DE9F04788B00746894640
:104E500010460DF10A011D469046FFF7DFFFBDF831
:104E60000A6004464FF0000A3046CDE905AACDF8A5
:104E70001BA0EDF725FE031BDBB20B2B28BF0B237A
:104E8000CDF800A02246314605A8FEF7A5FC48F261
:104E90001F039D4243D00BD885F40043012B15D945
:104EA00000972346424649462846FCF7BDF833E0C2
:104EB00048F23A039D42F3D1FEF7DFFDB8422BD012
:104EC0002246414605A8FCF7DCF825E09DF81430A1
:104ED00013BBBDF81D40DDF81500DDF8191003AB5C
:104EE00003C303A92046E1F789FC012203A9204658
:104EF000F3F7E6F9A74206460ED0012103A8F7F71B
:104F000097F848F201039D4206D12EB93346324646
:104F10003946204600F0BEFB08B0BDE8F0879DF89A
:104F20001450002DF8D102349DF81570E4B2A84653
:104F3000EBB2BB42F0D2224608233146CDF80080C6
:104F400003A8CDE90388FEF747FC03A800F075F835
:104F500000F078F8083400F05AF80135E4B2E7E7D9
:104F600010B50024848041800480C280038110BD7C
:104F700013B5BDF81040CDE900340023F7F702FC6B
:104F800002B010BD13B5BDF8104001900094F7F7C2
:104F9000F9FB02B010BD07B500930123FFF7F2FF44
:104FA00003B05DF804FB38B50546F1F74BFD044648
:104FB000E1F7BEFCA40144EA4020284038BD704718
:104FC000704700207047FF207047002070477047EF
:104FD000002070474FF6FF70704700207047704701
:104FE00000207047704700207047704700207047CE
:104FF0000020704770477047002070477047704727
:10500000002070474FF6FF7070479320704770473D
:105010007047704770477047704701207047012004
:10502000704700207047002070470020704770478D
:10503000704770474FF6FF7070474FF6FF7070472C
:10504000FF207047FF207047FF2070470020704707
:10505000002070470020002170470020704700208A
:105060007047002070477047002070472DE9F04FCF
:10507000002785B081460C467E203946BDF83CB0FD
:105080009DF844A0BDF84C5001929846ADF80E70C2
:10509000EDF7C0FD0646002800F0AA80EDF7F4FC0D
:1050A00039467E22FCF7E5FD3046EDF7EDFC009039
:1050B0003046EDF7E9FCB9F1FF0F14BF44F00307E8
:1050C00027463B0A14F44062077043705FD1C31C4B
:1050D0004FF00808184601994246FCF7B0FD04F469
:1050E00040440346434484B1790606D419464FEA46
:1050F0001B2201F802BB5A700B46B4F5004F56D084
:10510000A4F5404254425441E400224618460E9908
:10511000FCF795FD009A03462044A0EB02085FFAD5
:1051200088F89DB14FF47C521A53841C2846EDF741
:10513000ABFC83462846EDF7C3FCC5B22A46594668
:105140002046FCF7AAFD60190235EDB2B9F1FF0F58
:105150002FD0109900F8019B5246FCF79EFD08F1F4
:1051600001015AFA81F129443046EDF7C5FC0C21C2
:10517000FF00002207F0800739431046FEF797F939
:10518000ADF80E00E8B9002005B0BDE8F08FB2F52B
:10519000006F80F803804FEA182880F8048000F13F
:1051A000050314BF4FF008084FF0020892E70224ED
:1051B000ABE708EB0A0129443046EDF79DFC0821D6
:1051C000D6E73046EDF760FC04463046EDF778FC54
:1051D0000123C2B221460DF10E00EDF7A1FD00281A
:1051E000D1D1BDF84820BDF80E000121EDF7EAFC51
:1051F000BDF80E00C8E700207047F8B506460D461A
:10520000F8F72EFA0328044621D02846F8F728FAA2
:10521000032807461BD010F0020318D1A0070DD5B4
:10522000F90716D401233C43E20704D431892A89C3
:10523000914218BF002303F00100F8BD082229465F
:105240003046FCF7ECFCB0FA80F35B09EBE700209A
:10525000F3E71846F1E770B50D4600210646FEF764
:1052600097F9044630B1EDF70FFC01462846FFF7E9
:10527000C4FF08B1204670BD21463046FEF7DEF976
:10528000EFE77FB54FF6FF7101AAF8F77FFA20B17B
:10529000BDF80C0007B05DF804FB4FF6FF70F9E7AE
:1052A00008B51046EEF7A4FFBDE80840EFF75EB87A
:1052B0002DE9F7430F46012181461646EDF76EFCB6
:1052C000054658B1FEF7B3FA308088B92846EDF7A5
:1052D000F7FB68B1182003B0BDE8F0834846EDF74E
:1052E000EFFBFF2FA0EB0704E4B214D014B9348015
:1052F0000020F0E72A4621462846FEF732F980468C
:105300000028E7D000943B464A462946FEF79EFA1D
:10531000A6F80080ECE70120DDE708B5FEF7E9F824
:10532000437803F001001A074CBF10300830DB0649
:1053300044BF0830C0B21030C0B208BD10B50C4632
:10534000EDF7BEFBA04234BF0020012010BD7FB5A9
:105350009DF820600091144641F20921024641F671
:105360000920002E18BF01461D460020099BF8F7B2
:10537000A3FAADF80E0010B9002004B070BD0123EF
:105380002A4621460DF10E00EDF7CAFC0028F3D1A4
:10539000BDF80E00F1E738B50546FFF7BEFF04463D
:1053A0002846EDF78DFB631C9BB283420FD828463D
:1053B000FEF79FF843785B0707D521462846EDF7AF
:1053C00053FD013004EB4004E4B2204638BD002414
:1053D000FBE730B585B0ADF80E00EDF771FB044684
:1053E000BDF80E00FFF7D7FF00F10E03DBB2E5B208
:1053F000BDF80E20ED1AADB2014600951046FEF73D
:1054000025FAA4F10E01C9B20DF10E00FEF7CBF999
:1054100005B030BD4278034612F0080006D0D2072E
:1054200002D403F10800704703F10900704737B553
:1054300005460C46FEF75DF8437813F0100211D0D4
:1054400094B103F001021B074FF00003009354BF17
:1054500018322032082329462046FEF7BDF90120E4
:1054600003B030BD1046FBE72046F9E700F0030328
:10547000012B08D0C30606D400F00C000C2814BF82
:1054800008200920704702207047034611F00300EE
:1054900005D003F00303022B14BF02200320704742
:1054A0002DE9F0414E1C07460D46EDF709FB8642FB
:1054B00003D900242046BDE8F08129463846EDF79F
:1054C000D3FC8046FFF7D2FF18F0800F0446F1D0DE
:1054D00006443846EDF7F4FAB6B28642E9D82919FF
:1054E000C9B23846EDF7C0FC01464046FFF7CDFF94
:1054F0002044C4B2DEE7F8B506460D46FFF7D0FFFC
:10550000044610B900242046F8BD29463046EDF780
:10551000ABFC8206F7D53046EDF7D2FA6F1C274474
:10552000BFB28742EED82919C9B23046EDF79CFCCC
:1055300000F01803082B14BF05340634E4B28306C8
:1055400044BF0834E4B2DEE738B50546FFF723FF71
:10555000044608B9002038BD01462846FFF7CBFFB6
:105560000028F7D02044C0B2F5E72DE9F04387B01A
:1055700005460C46FDF7BDFF8046FDF784FE074655
:105580002846FFF708FF064601462846FFF788FF32
:105590000022034600922946324602A8FEF71CF973
:1055A0009DF8086006F00C030C2B06F003090BD0E5
:1055B000B9F1010F59D0F10657D49DF809300DF11A
:1055C0000A056371002007E0FF2363710DF10900F4
:1055D000FDF759FE0DF10B05208198F80130DA072F
:1055E00004D508F10200FDF74EFE2081B9F1010F4C
:1055F0005FFA89F83DD0F3063BD42846FDF743FE19
:105600006080A81CFDF73FFE053515F8013C2080A1
:1056100023712B78A372B00606F0400348BF43F015
:105620002003390627D543F40073F80448BF43F438
:105630008063390548BF43F400633206E38011D527
:105640006A7812F003020DD0A9786FEA43436FEA3B
:105650005343B8F1020FE3800B4611D1EB7841EAD6
:105660000321218107B0BDE8F083FF230DF1090577
:10567000A7E7FF23CCE77A0648BF43F48073D4E75B
:10568000012A04BF0B029BB22381EBE7EEF782BE37
:10569000F8F7C8BD0BB1F8F731BE0AB9F8F7AABEE2
:1056A000FF21F8F7D3BD431C08BF0020E8F792BFE5
:1056B00000000000000000000000000000000000EA
:1056C000F8B500BFF8BC08BC9E467047F8B500BFEF
:1056D000F8BC08BC9E4670475FF800F041140020FB
:1056E00000000000000000000000000000000000BA
:1056F00000000000000000000000000000000000AA
:1057000013B779FAC925DDB7ADF3CFE0F1B614B818
:105710000102000000000000FFFFFFFF0100000089
:105720000100000000000000000000000000000078
:105730000000000000000000000000000000000069
:105740000000000000000000000000000000000059
:10575000FFE50100FBE50100D9E50100D7E5010007
:105760006D05000009E60100310500002C00000075
:105770000200000040787D0100000000005A620233
:1057800000010000C0CF6A0002000000809FD50029
:1057900002010000002D31010202000001000000A2
:1057A00000000000040000000100000008000000EC
:1057B00001000000100000000100000000010000D6
:1057C00001000000000800001D00000000020000B1
:1057D0001D000000000400001D000000000001008A
:1057E0001D0000000003010303030200000800FC89
:1057F00060580200010001070C580200000800F880
:105800001C580200000000000000000083FFBFFFE2
:10581000E2FFF1FFF9FFFEFF00000000C800FCFE00
:10582000F800C50A571EFBFF7B0095047C02FFFFB2
:105830004A00B60246DFFFFF2D00AD01412F0000F8
:105840001C000701854700001200A70097460000D2
:105850000B0067001A3C00000600220068230000CD
:10586000C800FCFEFC00D80A066CFBFF8800370568
:1058700018E2FEFF53000403F5E3FFFF3200B90115
:105880009D43000029005701F85700001600D10081
:10589000585700000E007C00D04900000700280087
:1058A0001729000000000F400000000000040F4016
:1058B00001000000000108070F000A00C8002000D6
:1058C000A000010000000000A00068010A200706F7
:1058D000020A04070000433A2F55736572732F4183
:1058E000657269616C2F53696D706C696369747955
:1058F00053747564696F2F53444B732F6765636BE3
:105900006F5F73646B2F706C6174666F726D2F7351
:105910006572766963652F6C65676163795F68613D
:105920006C2F7372632F626173652D7265706C6189
:1059300063656D656E742E63000001040000050B45
:10594000060B070B00000000000001030109060020
:105950000105000000000000000003060000E40C48
:105960000A000104104001000000050000000002D0
:105970000000030000000000C85B0200C45B0200DE
:10598000B05B0200AC5B0200A85B0200A45B0200FB
:10599000925B0200825B0200685B0200605B0200B7
:1059A000565B0200545B02003C5B0200395B020064
:1059B000315B0200205B0200105B0200FE5A020015
:1059C000E45A0200DC5A0200D05A0200CC5A02000B
:1059D000CA5A0200BD5A0200B25A0200995A020085
:1059E0003D5A02003C5A02002C5A0200045A02009E
:1059F000F9590200F85902000F00000000000000F1
:105A00000000000000000000000000000000000096
:105A10000000000000000000000000000000000086
:105A20000000000000000000000000000100000075
:105A30000000000000000000000000000F00000057
:105A40000000000000000000000000000000000056
:105A50000000000000000000000000000000000046
:105A60000000000000000000000000000000000036
:105A70000000000000000000000000000000000026
:105A80000000000000000000000000000000000016
:105A90000000000000000000000000000000000006
:105AA00000000000000000000000000000000000F6
:105AB00000000000000000000000000000000000E6
:105AC00000000000000000000000000000000000D6
:105AD000FFFFFFFFFFFFFFFFFFFF000000000000D0
:105AE00000000000000000000000000000000000B6
:105AF00000000000000000000000000000000000A6
:105B00000000000000000000000000000000000095
:105B10000000000000000000000000000000000085
:105B20000000000000000000000000000000000075
:105B300000FFFFFFFFFFFFFFFF9C0000FF000000D2
:105B40000000000000000000000000000000000055
:105B5000800000000000FFFFFFFFFFFFFFFFFFFFCF
:105B600000000000FFFF0000000000000000000037
:105B70000000000000000000000000000000000025
:105B80000000FFFFFF000000000000000000000018
:105B90000000000000000000000000000000000005
:105BA00000000000000000000000000000000000F5
:105BB00000000000000000000000000000000000E5
:105BC0000000000000000000FC03010101010101D0
:105BD00001010101010101010100000000000001BB
:105BE000000A000000000101000002041104040288
:105BF00011101A080A021801081110111A080A04D3
:105C0000020D0B195C0110280B01000000000000C0
:105C1000000000000000000000010101010101007E
:105C20000101010101010000010100010001010069
:105C30000000000000000000000000000000000163
:105C400000000000000000000000000001FF010053
:105C500023E1010075E4010063E2010063E5010056
:105C600062E1010079EB010064EE010024E1010032
:105C700025E1010026E1010027E1010028E1010002
:105C800029E101002AE1010000000100800001007B
:105C900000010100800101000002010080020100FA
:105CA00020E2010000030100000501008005010061
:105CB00000060100800601000007010001E5010067
:105CC00002E501000008010080080100433A2F5559
:105CD000736572732F41657269616C2F53696D70C2
:105CE0006C696369747953747564696F2F53444B9D
:105CF000732F6765636B6F5F73646B2F706C617478
:105D0000666F726D2F736572766963652F746F6B42
:105D1000656E5F6D616E616765722F7372632F735D
:105D20006C5F746F6B656E5F6D616E616765722E1F
:105D30006300433A2F55736572732F416572696131
:105D40006C2F53696D706C696369747953747564F1
:105D5000696F2F53444B732F6765636B6F5F736479
:105D60006B2F706C6174666F726D2F7365727669DC
:105D700063652F746F6B656E5F6D616E61676572D1
:105D80002F7372632F736C5F746F6B656E5F6D61E1
:105D90006E75666163747572696E672E6300FFFFCE
:105DA000FFFFFFFFFFFF34B684327032F610433A34
:105DB0002F55736572732F41657269616C2F53693A
:105DC0006D706C696369747953747564696F2F536E
:105DD000444B732F6765636B6F5F73646B2F7072D7
:105DE0006F746F636F6C2F7A69676265652F61707E
:105DF000702F6672616D65776F726B2F636F6D6D5B
:105E00006F6E2F7A69676265655F6170705F667239
:105E1000616D65776F726B5F636F6D6D6F6E2E6313
:105E200000433A2F55736572732F41657269616C37
:105E30002F53696D706C6963697479537475646903
:105E40006F2F53444B732F6765636B6F5F73646B86
:105E50002F70726F746F636F6C2F7A6967626565FC
:105E60002F6170702F6672616D65776F726B2F6333
:105E70006F6D6D6F6E2F7A69676265655F617070B7
:105E80005F6672616D65776F726B5F736C6565706D
:105E90002E6300D0D1D2D3D4D5D6D7D8D9DADBDC93
:105EA000DDDEDF005A6967426565416C6C69616ED1
:105EB0006365303900FFFFFFFFFFFFFFFF005A69F6
:105EC00067426565416C6C69616E636530390000DD
:105ED00001080109020A030B040C050D060E070F49
:105EE000081001180119021A031B041C051D061EC7
:105EF000071F08200121022203230424052506266A
:105F0000072708280129022A032B042C052D062E19
:105F1000072F0830013102380239043A08E004E161
:105F200004E204E802E902EA04F008F110000700C4
:105F3000491001000300491004050000445F0200FD
:105F40000400000000000000945F02000500000053
:105F500040000000000000000A000000D05F0200C6
:105F600001000000800000000000000000EF0000C1
:105F7000DC5F0200010000004000000000000000A3
:105F800000FC0000E85F020001000000400000008B
:105F900000000000000020012000000008000000B8
:105FA0000400422120000000106002000500422190
:105FB00020000000316002000700300120000000D6
:105FC00003000000FDFF210220000000030000008C
:105FD000FDFF21026000000002000000FDFF210221
:105FE0002000000001000000FDFF21022800000049
:105FF00001000000030049100400491000EF0008F0
:1060000000EF010200EF040800FC071800FC08186C
:1060100004547579610000000000000000000000D9
:106020000000000000000000000000000000000070
:10603000000C5459304130312D54595A533300001B
:106040000000000000000000000000000000000050
:106050000000000000000000000000000000000040
:106060000000000000000000000000000000000030
:106070000000000060090000008000000000000037
:10608000000000433A2F55736572732F41657269A2
:10609000616C2F53696D706C6963697479537475A1
:1060A00064696F2F53444B732F6765636B6F5F7326
:1060B000646B2F70726F746F636F6C2F7A69676295
:1060C00065652F737461636B2F7365637572697493
:1060D000792F7A69676265652D7365637572697476
:1060E000792D6D616E616765722D6E6F2D766175AC
:1060F0006C742E63000000545559415F4C4F434B64
:106100005F4341505F455854454E4445445F5631C6
:1061100000545559415F4C4F434B5F4341505F43DF
:106120004F52455F5631000011610200000000002F
:1061300004000000000000004061020003000000B5
:10614000150036003700756A636A6B34366F0031AC
:106150002E302E3000737270747776616B00312EA2
:10616000302E380046610200466102004F61020095
:1061700028610200010000000100000080700000A2
:10618000620054757961005459304130312D5459B1
:106190005A53330054332D31000300003979000085
:1061A000817B00001977000085770000E57600000C
:1061B000217800005D77000000000000545A4C4C2C
:1061C0002D54595A53332D554A434A4B34364F2D8B
:1061D00054332D312D43414E444944415445000030
:1061E000050000000000000000C2010000050000E2
:1061F0000010000000000000000000000202030088
:10620000000000000000000048010000C014002051
:106210000000020800000000FFFFFFFFFFFFFFFF7C
:10622000FFFFFFFF00000000000000000000000072
:106230000000000000000000000000005241494C36
:1062400000000000A000000069A90000500000004C
:1062500049AA0000FA04FA000033330A0A0A0304C8
:106260000408080808080840002100000000000099
:106270000000000000000001000001010001010118
:1062800000000000000000009E07000048700C0E97
:106290004470980D3070DC123C70DC163870F40DD0
:1062A00034701A0E30706A0F2C706A0F28705411F7
:1062B00024706C112070FE0D1C70F81118706A1299
:1062C0001470FA0DB110076001D80A7108B87F7810
:1062D000020C7E78641000C6A01F00218CB8707874
:1062E00001B007680F305CB30F330111C048069846
:1062F00046022FB006D80C7109DD087100B853A80A
:1063000009BB1110076801682148076004100112D9
:10631000FF322150076051480760008806988613B5
:1063200000C43C1F002103DD087214BA281400A029
:1063300000BA03DF107109DF06720298E8058CB815
:10634000507800A04413281441158110076002D82A
:10635000147110880698F81B00C00C70084006984D
:10636000521E009106985C020060B83020D8067179
:1063700090BC637C084D5412F03240DE04724048F9
:1063800004DB08720DDD0C72044BEF3014480698E4
:106390009E0700C4E0100840441207620132214009
:1063A000084C287C811140D91C72B1123032CF4A7E
:1063B000013AB1DA107208D8067104D80871B04CED
:1063C000237C3E70684C4412FF328722047580B8EB
:1063D000D84C81D8307140D90472237C084B069880
:1063E0009E0704BA88B9767900C1186008403579EB
:1063F000E049007906B904A901D86C72BC4C307C24
:1064000002982E0208D83C7100C14C0008401411BB
:1064100010D93071104C00C1140008401411181428
:10642000076100C5206008405415FF35047110490C
:106430001814A84C44120762013206710298120126
:10644000B84C08D80C7107BA24D8047106BA187071
:1064500004D80C7101BA40D80E7102BA0A7005BA9C
:1064600020D8047203BA604C4411404C18140761E0
:1064700018149111383111429111076910D9047221
:10648000EF3200C10060084014111031016911425F
:106490002814A111076118140698381E181400C199
:1064A0000060084014110769FF31181400C13C3026
:1064B000084014111814076118143088024806980F
:1064C0004806009308DB047101F800A05CB00F30AF
:1064D00000A01088B111076980D90A7100C180003D
:1064E00008400811009100A000C4000108404410B9
:1064F00000A000C020300E40041104101050F472AF
:1065000000A05415504512710698A8070698380740
:1065100018B8707800B8417806983C0390BA5B7A56
:106520005C7A5D7A00C218500840241200C14C1FEA
:10653000002128110698021C2088008800C5401FF1
:10654000002154155112FF350762FF32069866028A
:106550000159512904751159009021292075069877
:10656000FA0406982A050698F602009203D80C72DF
:106570008111076102D90472FF0FBA7018B87278DE
:1065800000F804D842710088308800C0FC1F002148
:10659000041000C14C1F00211412012A215A00C30B
:1065A000185008403413312A1A7500C000600840A2
:1065B00004100730FE200C76381108B87F78020CE2
:1065C0007E780093009000A000C0F41F002104100A
:1065D00000BB1DB400A000C1DC1F002114111088F5
:1065E000FF3100C5FFFF0000311207620762513A18
:1065F000513B0E720698140D1159011201131E70B1
:106600003114008831100698140D1159415C41284D
:106610000698160D513801130090012B0090208828
:10662000076001140760FF30215D411207620762B5
:10663000312D0876FF34415C4128015D3110069808
:10664000160DFF303088011300C0E01F0021041038
:10665000512B0C76076801150768FF356070315BB8
:10666000FF32212B0C75076001150760FF354E7056
:1066700000C5E41F00215415076507655112FF3559
:10668000FF30012B08752110076032702110076858
:10669000FF30012B0A75211007600760207000C2CF
:1066A000E81F00212412211007600760FF30012B32
:1066B000087521100768067021100760FF300093ED
:1066C000009200C10060084014142C490734FE24D5
:1066D0002A761415F0BC076C513C07680368015416
:1066E000107100C4FF0FFFFF513C014448113112EB
:1066F00000C5E81F00215415FF35076207622143DA
:10670000544914122155FF355152281100A000DFC1
:106710000672011314703111312B112B016300C16A
:10672000FF070000113B012B00C278FEFFFF05B8F8
:106730006EBD312A207505B8C8BDE8221875DCBDCC
:1067400006B8DC22107507B8F0220A7508B8E822EE
:10675000047509B800C10060084014122C490732C2
:10676000FE2216760768036800C2FF0FFFFF1414AD
:10677000213C0144481150BD544914122155FF35A4
:106780005152281100A001D82C71008800C004705B
:10679000084004108020FF301A7100C1B01E002193
:1067A0001411076120D908710698820406700698B2
:1067B0004A03009000A002D8047200A00088069846
:1067C00038071DB428B9112C408800C3EC1F0021E4
:1067D000341440445A7144130698A805411500C06A
:1067E0000060084004100730FD20447500C20870A6
:1067F000084024100760FF3080DC34710698500D8B
:1068000001591C4A241007600260FF300698500DA1
:106810000158B2200129541331100698500D112847
:106820000A75042554155045EE720698A805009483
:10683000009000A07FB9066100C01C600840069867
:106840008C1304155153113B31555810029886137F
:10685000EBBD00C03C1F00210411113D10D9127185
:10686000FF33076B00C190400846381118B974799E
:10687000581000A006985C028024E4240D300472B5
:10688000044800C11C510840141100C3D81E002147
:10689000911504351A72181388BB08D804716C7BE3
:1068A00004D804716A7B8CBB2F7C5B7B1670044B15
:1068B000181388BB08D804716F7B04D804716D7BF2
:1068C000217C0C3001600698240706980A0C069873
:1068D000D40700B8B111076940D9067202980807B9
:1068E00001BC00C20060084000DC0A71241501658B
:1068F000604A0A701C4A241507657C4A043508D989
:1069000020712024512A241200C180000840320C3A
:106910002811076228110762281107622811500CFC
:1069200000C1341F0021141200DC347120D806711C
:1069300001B80C70F0DA0C720CDB087102B8069822
:106940002C07482400C3306108403413076380DB00
:106950000E7102B9911308DB047203B906700C4979
:10696000141100C380000840FFB8012011410871D4
:10697000014118130824014200C1200008401411ED
:106980000141036D514191152035016D514118139D
:106990002813481300C37C000840341003D80C713E
:1069A000073005DC0671084B227B8CB8507800B8A4
:1069B00000C1341F0021141203682150F03001522D
:1069C000281100A04024066400C0FFFF0100013C24
:1069D0001DB002200158402806751EAC01EC00A035
:1069E000208800C01850084004121DB4211304125E
:1069F0003052F871066C402400C3741F002134101B
:106A000014110698800D0669009211592129067605
:106A100000BB11590698380D80B80158013A06623A
:106A2000313B0472215A412A00A000C200010840F3
:106A3000317A00A0308880B9076900C30000C0FF28
:106A40003110312800BC002D0C7511541EAC01EC26
:106A5000312DF470066C51134155312C009300A078
:106A600000C028400E400413315107610C31076902
:106A70001153381000A00698EC0800C0F41F002144
:106A800004110698D407217A237A00C3000010006D
:106A90000698140800C0541F00211DB1181000A052
:106AA00000C0501F00211DB1181000C09C1F002104
:106AB0000410002D067500B826A80698A80700C087
:106AC0009C1F00210410012C06750698380728B079
:106AD00010B9115911380EB9114028A880B800C159
:106AE00044300840081100C1F01F00211410303B51
:106AF00006710760076000C4083008404411115057
:106B0000FF30015118146FB8076826A8217A050CC8
:106B100021102048267800C063EF0000314026A8ED
:106B2000050C20ECB11140D90872247A20EC217AAE
:106B3000184826A828B00AB901510F31115028A8C9
:106B4000050C207A20EC0F0C98B84678417806980E
:106B5000660200C2401F002124100151FF31115074
:106B6000081200A00698EC0800B826A800C0581F1C
:106B700000211DB1181000A030B840780DB101D926
:106B8000FC72427800C074300E4004114CBA407A56
:106B90001810144804115C7A1810A4BB707B4E7B4B
:106BA0004F7B00C20430084000A00698EC08217A10
:106BB000227A00BB0698140800C0641F00211DB192
:106BC0001810A4BB00C040300E400411033101492D
:106BD0002872B112076207623048041121510F3147
:106BE00018726E7B6F7B104804114CBA7C7A1810B7
:106BF00014480411607A1810B11002D81071707B1B
:106C000030B8627860780DB001D8FC7100C0F860CF
:106C10000840041101D90C7100C01800084002B9E5
:106C2000181008B86E780EB84EB110D90C723EA884
:106C3000140C0FB83EA8107044A8140C01B800C181
:106C4000AC300E40081100C077801F003DB20142F9
:106C50003DAA00C0FFFFFFFC013A3DAA140C00C092
:106C600077E01F0001423DAAFFB845207D7808B8B3
:106C70007E7800C124600840141107610631087154
:106C800000B90698D21006988C13B11101D90E7173
:106C900006985E1E02D906720698500C0698861356
:106CA000511406983807F4B845780A0C00C0601FE4
:106CB00000211DB118100298AC10FFB845205D7876
:106CC00003B8076044A83EA800C1AC300E400811CC
:106CD00010B807683DB101393DA908B86F7800A028
:106CE00046A800C0FFFF0000013B076356AB94BA03
:106CF000437A01D91471013C47B300C0FE20FFFF65
:106D0000013B314447AC637AFFB82120407802D977
:106D10000471607800A0C8BC066C415C512C0675FB
:106D20000698380706982E0EB110076805D83471FA
:106D300040BA06985C1308B86578911004D81871A9
:106D400088B86E78577800C06400084021780698AB
:106D5000FA1001400A728CB842780698981302988B
:106D6000E20B08B86C7820B859785B7800C0F44022
:106D700008407878797800C1C81F0021141040A815
:106D8000184914130449408814140C491411811231
:106D9000076A006A01DA187188B8577800C0CC1FFA
:106DA0000021041001610763076307640764069804
:106DB000540A00944EB010D842724DB161B80158D7
:106DC000113840B102D90A72604804BB41540870BE
:106DD000204802BB02BC4DA8F8B87078190C3EB12F
:106DE00041413EA9F4B973797378717800C4F840D1
:106DF000084000C200410840227000C200000100AB
:106E000044AA230C00C200000B0044AA00C4104195
:106E1000084000C21841084004BB587C050C597C4E
:106E20000C240F0C2FAB050CB11008D81471647A28
:106E3000657A1CB879787B7820B879787B78607C23
:106E4000F424411306989E07511440440675069891
:106E50003807727BFFB84D20050C687840EC00C005
:106E60005C1F00211DB11810911004D8147100C0CE
:106E7000B01E0021041080D806711CB8737800F889
:106E800018B800C1D41E002100C2185008402412B6
:106E90002811777800F800C0B86008400411076135
:106EA000076180D9047240EC00C4F84008404EB03D
:106EB00010D80471182441130C23527C407B1151CB
:106EC0002FA9050C797C0A0C00C0000001020814EF
:106ED000787C050C507C08B86D7800A000C0287044
:106EE00008400411108800C10018004018104448E0
:106EF0000411108878480411108800884CBA757AFB
:106F000018103DB11088F4B84278442072782848AF
:106F10007378F8B873784FB200C4FFFF8080413AAD
:106F20004FAA01BC01644113076300C06C700840A4
:106F300003B918100110011001B918100110011047
:106F40000110011068480411076101B80160003A9E
:106F50000471044904D9047241520760003A047173
:106F6000084908D9047231520460003B0E72006374
:106F70000064314241424FAAB2704FAAF8B8537828
:106F8000182053782848527800913DA9009000912C
:106F9000181000917848181000914448181000A06B
:106FA000115910D906710760076008D9047107608C
:106FB00004D90471036002D90471016001D904711C
:106FC000006000A000BA01D806710148112A0069CA
:106FD000006001D8F6720138F67200A08020FF3000
:106FE000FF48812000A002EC00CA02EC00C8076A3A
:106FF000014202EC00C8076A014202EC00C8076ABD
:10700000014200A000C21850084024121159212941
:10701000127300210E7100C2305008402412012169
:10702000212900A00698EC0888B8577800C57C1F75
:1070300000215088044D88BC00C0BC1E0021811175
:1070400001D91E71407C009501157C4D5088044D7E
:10705000FFBB076B315B04110698780D3129F87579
:1070600006984C1D541506985E1E01D908720698A4
:107070001E0906700698800988BB547B009500F8AD
:1070800006982E0A0E7006980A0C06982E0A069884
:10709000D8110698D8089112211900C02460084020
:1070A0000A78097800F810B901BA069852130698C0
:1070B000AC1000C57C1F002100F89112033288B982
:1070C00000C3B01E0021341300C4A81008408CB8BF
:1070D0004278707903DE067144786E707179A11080
:1070E00020D806710298760F80DB507102D84C725E
:1070F00005B830880763076302DB2A7100C3AC0060
:1071000008403413066380DB0472804800C31020FB
:1071100008403413315B0472404831283128026042
:107120000814076800930814A110103002480814CE
:1071300000B808149110076008148CB86278A11088
:1071400000DC0676517900BA80DB3A7100C000009D
:107150000200003B307150884110344803DE047156
:107160009048041508200411F82058101C2021789C
:1071700000C0A40008400E7810D904722E7806983A
:10718000A2160095911120310269911004D80E7257
:1071900000C1481F0021141101D90A7120880698E6
:1071A000D210009200C1180008400533054B187238
:1071B000184C03DE0471904C441400C3FF1F000000
:1071C000413BFF233811B84900C3306108403413F4
:1071D000076380DB0E7103BA076A06985E0F00BA78
:1071E0000870076A06985E0F044908790979141037
:1071F0002140081100A000BD0698400210B903DC30
:10720000047100B901BA0698521302D90671004000
:107210004E7201B107690F310698FA10FFD8287233
:10722000811008D8187106DD0A710698400203DC47
:107230000C7206984011069898130C7006DD1071B8
:1072400006984611487020B802A806DD107206980C
:107250002E0A0698D80801F840B802A800F800C025
:10726000B01E00210413076301DB2271911001118C
:10727000076911388CB910D8087144790298760FD3
:1072800002DBFA72A11328DBF47203BD0698A0108A
:1072900006982E0A8CBA7F7A06989E0700C5801F32
:1072A00000210698400200BA03DC4A72044DA11086
:1072B00002D804710C4D00C014000840041002688C
:1072C00000C3701F00213411112800C13061084033
:1072D0001411076180D90C71911108D90671FC2332
:1072E0000C4DFC2334110698380D00C10C51084098
:1072F000069854075415212D00C0F8600840041169
:1073000001D9227100C0381F00210410033001DCB4
:10731000147200C0140008400411FB21087607BA5B
:10732000076A212D0698EA0702988A0A91100155EA
:1073300003355150011900A000C1441F0021141051
:1073400001D8427101480760FE200E75811020D8D7
:10735000087100C1481F0021141101D9287100C013
:10736000246008400412215107610F31076911524E
:10737000281000C0006008400411911221512031F2
:107380001152211900A0811380DB067201B800A000
:1073900000C30C5008403410063030727C4B34125D
:1073A0002C4B34100760076040302072811080D869
:1073B000DC713410014A07620360803021508C4830
:1073C0000A717F2355233410013000A000BD0698B8
:1073D000A01088B847784578437800B8447800A072
:1073E00006982E0A0698401100C58C1F00215415DE
:1073F0000698EA0702988A0A00C374000840027BD4
:1074000006988C1350BA06985C130698FA10FFD8A9
:107410004A71911004D84872811007601CD84072DC
:1074200020D938721112FF3221513471802180210C
:10743000111400C0E01E00210413FFBA3151113AAB
:10744000215111538CB938107B7940440E7200B928
:1074500000C2B81E00211812067008B8607806989D
:10746000861300F800B900C29C1008401812244A84
:107470000AB9181288BA507A517A577A8CB9427977
:107480005F7900A00698400207DC1072911000207E
:107490000A750698D8110298260E0698D80801B9E0
:1074A000911004D8047100B910BA0698521300BAAA
:1074B00000402A7100C0B01E00210411076101D9EB
:1074C000127104D9E2728110076001D8DA718CB8A8
:1074D000647800C11C510840069854070698D811DA
:1074E00000C5901F00215415212D06981E0900C5C6
:1074F000941F002100F800BC811108D9167280D9B0
:10750000207201B910BA0698521300400E7101BCE6
:107510001070069840110698981320B802A800F839
:107520000698D81181110231127100B900C20C10F5
:1075300008401812244A02B918120698401100C5D2
:10754000981F002154150698D61D02988A0A041126
:107550000121147188BA737A0420041228110420BE
:1075600004110121F47200A006989E0701F8911001
:1075700010D8347106983C030698FA0406982A0538
:1075800000C51C51084054110698780D00C5D01E46
:10759000002154155129E27518B876788CB84478D2
:1075A00001B802A800F8B110076810D82E7100C009
:1075B0004810084000C3000008403114884C4411B2
:1075C0003411076101D9FA7144122810076228109A
:1075D0000762281007622810E87002987602069861
:1075E0005C0211380472016A00BB00C1E01E002178
:1075F000141120390C72911210DA0672417B00A02E
:1076000006988C1300C2B01E0021241220DA0472E6
:10761000617B88BA527A00A088BA727A811204DA41
:10762000FC7200A088B86B78577800C064000840EE
:107630002F7800A00698E6100763076390B9637976
:1076400000B902DB227102EC00C909B801D95072FD
:1076500000C2AC0008400E7A10D904722E7A069847
:10766000A216E031076102EC00CD114502EC00CC1E
:1076700001DB087100BB0298001803B84111073103
:10768000FA211C760621911210DA087102DD1072BF
:107690001E7020B80698140D3038147208B8069879
:1076A000240700C0240008402978207800F80460EE
:1076B00020D8067102985A1502EC00CA05B823DAE0
:1076C000187104DBDA7120DAD67110DAD27290B850
:1076D000617800B801DA067202EC00C8911110D985
:1076E000267100C1C01E002114111150FF300C7210
:1076F0000661A110115002300A7180DB0A720AB8CB
:107700009E708CB97C790768911111402111C031AC
:107710001140011990B8411108D90471667820D937
:1077200004726578A11002D80672C0DA1E7190B892
:10773000273123DD087210DB1072607825DD0A71B5
:1077400021DD087208DB0471627803B8411107314A
:107750000872A1152035AA7102DD3272A11120D95B
:10776000A07102D92872CCDA9872411140D9927274
:1077700006B802DB1071046500C110200840141126
:10778000112D112D054D5C720298E813211140490D
:10779000C0D94E71A0314115403501655141036199
:1077A000076308DA1E7204DA38721049A11502352F
:1077B000067110DB0E7201340A7108DB247190B877
:1077C0006778CC3211101A300ADC0872CCDE0471F2
:1077D000FD3100C00D0F0C0D0698160D01D860721A
:1077E00007B80298121400BA411108D90C7102ECC2
:1077F00000CA05B830DAEC720734F031026101DA00
:107800000471014900C0F300A3E30698160D01D8E6
:10781000D07100C0981440680698160D403001449D
:1078200040DA0471204C04320162204A1110063003
:107830000068014218310269114202983014204A4E
:1078400000C0051708500698160D11300142208817
:10785000FFBB0DDA507100C1DE1B250180BC04DACC
:10786000107208DA0A7200C120841000E024A024FB
:1078700007634143016401DA06711E49024B00C0EF
:10788000281F002107633810BC2002DA127101B9E9
:107890001159A11380DB087100C100FCFF01181011
:1078A00002988C1700C4B01E0021441080D87C714F
:1078B0000092D0DA06710DDA0C7190BD437DEFBDF8
:1078C0000698C60503620DDA8672A11105D95C71AE
:1078D00000C23810084024120C24281401D9067262
:1078E00002D9327140D91E7102EC00CA211018323F
:1078F0000471FA2220D804720822FE22087502ECD4
:1079000000C8F87001D90E7102EC00C802D90672E5
:1079100004DC187200C0B01E00210410026801D8F7
:10792000067190B8647818B873780298001800C58A
:107930000020084000C00417000008D904720A485B
:107940000815104D00B808D90472FF200815084D1D
:1079500000C00884000008D9087200C02083B8ED78
:107960000815104D207D00A000B8011A00C0740059
:107970000840027891101030011905BA06985C137E
:1079800002D9067101B802A800C0B01E002104137C
:1079900080DB06710298A81340DB0671029840193B
:1079A0008CBA7C7A01DB6C7100C22C1F002124117F
:1079B0001114FF3402EC00C8FF24FA760761069820
:1079C000240D036111380F300361111401114110AE
:1079D0000698240D01D8087203B8029812141C4AA4
:1079E00002DB2471241011281128041202300671C0
:1079F0000762076200C0FFFF0000213800C21800C4
:107A00000840FF200812411007600698240D01D895
:107A10007C7120BC1033767100BB00C1281F00218F
:107A20001415C021112C5112076A0F320E714088B3
:107A30005114069856184143009451120765036A81
:107A40000F320E714111511406985618036C4143C0
:107A50000765513B00C1E41E0021141111123110C1
:107A60000F30127100BA046101D804711142006034
:107A70000FD8F472311002601E30047201B8003A5F
:107A8000087204B8029812140298181600C13061E6
:107A900008401411076180D91A7102EC1DB002EC84
:107AA0001DB101581128A0B91159112806758CBAB9
:107AB000637A00C0341F002104110F3103DD1A72F4
:107AC00000C000600840041007D80E7200C01040CB
:107AD000084004B9181000F80698E6100698C40586
:107AE00000F830885088FF34087102ECFF24F870E9
:107AF00002EC00CD141001BB5150FFD80471314489
:107B00000760006B10DBF2710421FF22E4720F4C5E
:107B10000095009300A000C01860084004100560A4
:107B2000073000A00CB802983C1902EC00CAFFBC58
:107B300080BD06988A180448187202EC00C9211505
:107B4000F03500650F32076A114200C4FF0F0000D4
:107B500000C1C01E0021141031110113413B02EC81
:107B600010D90871211400CA2C703052067140528D
:107B7000B472211407600760FF3055DC187100CA29
:107B8000005212710ADE0E714ADE0A7155DE06716C
:107B90003052927200C1C41E002110880698381E0F
:107BA0000731114507650765414500C30C70084062
:107BB00034130763FF3307633145009158110849B7
:107BC000281118B875780BB8029812140763076368
:107BD00002EC00CA02DB127155DE067202989E1892
:107BE00054DE067202989E1801DB127106985E0D33
:107BF00006985A0D02EC00CA0298001800C1BC1E7B
:107C0000002114147C4906985E0D40522E7204DB4C
:107C1000E07190B8637806988A1804486E7200BACA
:107C200006985E0D2113141000C1FF0F0000113AD9
:107C3000105254710152113A067104B88C7000BA96
:107C400006985E0D2111FF3207611114911010D8B2
:107C50002271073103DD1C7200C1C81E00211411FE
:107C6000FF31115206710AB8D4708CB97C79029830
:107C700000184110813081DC0E72076A034A076ADE
:107C80000F4A06981A1B029800181410FFBC013CFA
:107C90000698C01B02EC00CA02EC00C902EC00CB43
:107CA000076A3142076A21410F3302EC00CD02EC32
:107CB00000CA00400872211302EC00CA0762114298
:107CC000911110D92A7121110F3103DD227200C1E7
:107CD000C81E00211411FF31076A00230C711153D3
:107CE00008710AB80298B0198CB97C791470211106
:107CF0000F31076A02DD5A7101DD067103DD4A7238
:107D000000880AB90698041B00902111FF32FFDE9B
:107D1000387120543872FC25187202EC00CA01DE5A
:107D2000107202EC00CA18DE087288B877781A70F0
:107D3000066100400472006180D90E714CBA477A26
:107D400006985C1B90B843780298001804B89670A7
:107D5000FF32FF24F8750BB90698041B2110E030A0
:107D600001584128E875F83002601F32215A012578
:107D7000212DDA75012AD67602EC00CAFF20FA76A8
:107D80004111073101B80698140D003AC071BA705C
:107D9000004008710698941B0470022106B811591E
:107DA000112DAC7500A000C5A8100840311003606B
:107DB000081501110760076007690F30F0311140A5
:107DC000081507630363381528150762281507622D
:107DD00028157FBA281500BA28157FBA281590B83B
:107DE000437818B8737800A00698D01B11140CB90A
:107DF00000400A7100640AB90698941B03BD5144FF
:107E000000C5A8100840202A0475281548150764E5
:107E1000481518150040047238150764481500A06D
:107E20000088408800C0C81E002104100760073089
:107E300000C4200008404414412C0472012441383D
:107E40004050047201210094009000A000C0C81EA0
:107E50000021041007600730074800A000C2C01EC0
:107E6000002124122114076AFF320CDE12710DDE8C
:107E70000E710FDE0A7110DE0671215A00A0FF3468
:107E8000411200A000C1B41E0021141100A03088CE
:107E900006980E1E8111076102D906720298EA1C2B
:107EA00088BB557B076120D906710298DA1C0088CF
:107EB000A11007680698F81B08211415FC2590BB33
:107EC0005C7B5D7B00C10060084014110731FE211E
:107ED000307608D82A725113FC23341304DB207146
:107EE000076BFF33315B00C1087008401411076154
:107EF00080490C71FF313029607590BB7B7B1C7011
:107F00007B7B7C7B00DD04717D7B01BB381581139D
:107F1000076B4033067118BB717BEC25541300DFEF
:107F20005471042505DF54715415211120880698D9
:107F3000780D009251293E7500C10060084014116F
:107F400002DB0C710731315B31292A760C7004DFBA
:107F50000872006180D91E720698F81B00C0087074
:107F600008400698521E0698F81B1411FFD960723B
:107F70000298301D0090009300A05415A1110769CC
:107F800010D9A672082508D8A071082510D89A71B2
:107F9000208821110698780DFC255412112AF82505
:107FA00054110C2520D80871F025541110252029D2
:107FB000047621591815009202989C1C18B9717901
:107FC000811010D80A7188B8447800B8417888B90F
:107FD000747908B9677900F88110A0D8087188B958
:107FE000497900A0076002D8FA710698F81B10883A
:107FF00006988C130762076210DA087108211415BD
:10800000F025541100C20020FEFF202912750698A9
:108010005E1E01D90A7206982E0A0698D8080094A6
:108020001CBB41100C200698C212411108211410EB
:108030000698C2123128441111120761FF31FF3234
:1080400001221052107207691814042444130424E6
:1080500038140C7007692141181408240814029878
:1080600086134044147100C1B81E00211415511329
:10807000036B0FDB0C72066D0698A807411500A074
:108080000698D80806988C1308BB51140698961DBC
:108090004415FC2554150298EA0788B900C3B01EA0
:1080A00000213413076308DB1A718113A0DB06710A
:1080B000497910706979076302DB087208B967793A
:1080C00000F800A08111076102D9107188B9757993
:1080D0000698F81B1411FF3100A0FFB900A004108E
:1080E00008211411F421081100A081110761076112
:1080F00010310E710698F81B08211411F821141183
:1081000000A0000099E7000051E700005DE70000D3
:1081100031E80000772B02002F2F0200332F0200DE
:108120003F2F0200372F02003B2F02003081020058
:10813000F081020000000000488102000100000000
:108140000000000000F049026C8102004063598F7A
:10815000404B4C000B000B001A00FF7F7C110020ED
:10816000000000000000000000000000F81F0101F6
:10817000BC830200DC1F04010200620609C8056E10
:108180000704DC0650070607F41F01010100000088
:10819000FC1F0101000000002060010023700000AE
:1081A0002C6002000050010F40B8004078600100D0
:1081B0005063820BE8600100590B0000147001103D
:1081C00000F8070014700130F5000000187001106D
:1081D000FF000000187001300018000070700300EC
:1081E000030101000F9C030006E04900FFFFFFFFB1
:1081F000F01F01013F00370004000200018014005D
:108200007F000000180002000000000000000000D5
:10821000280007000000000000000000000000002F
:10822000000000000000000000000000A0070000A7
:10823000480001000000000054000200000000009F
:1082400000000000A000040000400000FF4C0000FF
:1082500000410000FF4D0000002001000407000065
:108260001020010000000000182001000884000018
:108270000830010013AC0001303002002449100026
:10828000010000004030010000000000A04001009B
:108290007A27000FB840010000C0A300F44001009D
:1082A000201000003441020080080000E687000032
:1082B000404102006D008800C0E6524D604104005C
:1082C00000000000000000000600000006000000A2
:1082D000146003001000000020F913040B0072006A
:1082E00024600200008000000000000350600600CF
:1082F000FC0069004108000001000000B007070011
:10830000700A0000000000007C600B009BC34A74F0
:10831000F003000003800000BE0A000001011030DD
:1083200050707F7F0000000000000000000000008F
:108330000000000000000000E46001008000D78B16
:10834000EC600500640483078813C83A9C2006008B
:1083500000612000B756852004610300383E1200FA
:108360002030000088BB000020610100001E0000DA
:1083700030610800E853FA0000000000000000002F
:1083800000000000000000000000000000000000ED
:10839000010000001C70050060000505030050ABE3
:1083A0008200000000008001D5000000487002003B
:1083B0003C3D0000BC190000FFFFFFFF1000000063
:1083C000D754030000000000148402000C84020053
:1083D00000000000001A9A00005A620280841E0009
:1083E00004200000244900020000000000000000FA
:1083F000000000000000000000000000D1841E000A
:10840000000000000000000000000000ED17000068
:1084100000000000193F01060410010000010106E0
:1084200000102700000900000000000000006C6F31
:108430007765722D6D61632D7261696C2D383032F4
:108440002E31352E342E63006C69627261696C2E98
:10845000610000010304756E636C61696D65640001
:108460006275666665722D6D616E6167656D656EBC
:10847000742E63006C65676163792D7061636B6551
:10848000742D6275666665722E63006576656E741E
:108490002D71756575652E630000070010000800DA
:1084A0001A0006001100020011000400040001007F
:1084B0000400090008000A000A000B000200000086
:1084C000000000008B8602004586020000000000CC
:1084D0008C860200F5600200000000007D60020052
:1084E0007F60020000000000816002001D86020023
:1084F00091860200F66002007E600200000000002B
:1085000082600200188502007A6002007C6002002E
:10851000806002007B600200000203040508090A73
:108520000B0001020304051D20000000335002006F
:10853000A91C0100BD4701006DDE0100CD4A01000C
:108540006B3A02006D3A0200713A0200733A02007F
:108550006F3A020009A901007D8301001DC40100DA
:10856000651A0100253A0100653A020019860100EA
:10857000673A02000D310100693A0200B7100200AB
:10858000ADD801005FF00100000000007A69676269
:1085900065652D75707065722D6D61632E63006E5B
:1085A00065696768626F722E63006173736F6369D8
:1085B0006174696F6E2E63000013000000000000FC
:1085C0000000000001000000958901000200000089
:1085D0008B4A020003000000ED8801000400000047
:1085E000054A0200050000008D880100000000001F
:1085F000000000000023001B2200FF00000000001C
:108600000C090202000000001C1A0B0303FF0608FD
:108610000402020204020A0B030302030480FF02A5
:1086200004FF01010101080000000000000000310A
:1086300038323173005A6967426565416C6C696113
:108640006E6365303980313131310031343232314D
:1086500000313231003132003273003238310038AB
:108660003131003138323131003132313131323152
:108670003232323173003132320031323131323202
:10868000310032323800008F8E8C80808006080CDA
:1086900010806D61632D6D756C74692D6E657477D6
:1086A0006F726B2E6300FFFFFFFFFFFFFFFFFFFFF7
:0886B000707CFD7F0100000059
:0C86B800C486020098100020F2000000B0
:1086C400C0EA2101C0EA21010080000000F0490253
:1086D400AC1000200070070000900000B0160020CD
:1086E400C8000000FE000000000000005057020017
:1086F40060140020C0EA21015C590200330000002C
:108704001D4400000030E70400C81803005C26057F
:1087140019FCFFFF19FCFFFFD0070000F810002030
:1087240000000000F833002060340020C83400202A
:108734000000000000000000000000000000000035
:108744000000000000000000000000000000000025
:108754000000000000000000000000000000000015
:1087640000000000000000000000000031260200AC
:1087740004620200FFFFFFFFEF280200EB28020063
:10878400FFFFFFFFA1BD0000FFFFFFFFFFFFFFFF93
:10879400FFFFFFFFFFFFFFFFFFFFFFFFA92A02000C
:1087A4001F2F0200FFFFFFFF000000006400000015
:1087B40020A107000000000089050100000000005E
:1087C400DD40002000000000A03900200503010066
:1087D400B92E0100546102000000000000000000F6
:1087E4000000000000000000A03900203D1001003E
:1087F40000000000546102000000000000000000BE
:10880400000000000000000009350200A03900202B
:10881400CD1A0100B92E01005461020000000000CD
:10882400000000000000000000000000A03900204B
:10883400B5230100B92E01005461020000000000BC
:108844000000000000000000000000005684020048
:10885400A0390020153F010000000000546102000F
:108864000000000000000000000000000000000004
:10887400A03900207146010000000000546102008C
:1088840000000000000000000000000000000000E4
:10889400A0390020CD550100000000005461020001
:1088A40000000000000000000000000000000000C4
:1088B400B80B0000A0390020AD59010000000000F1
:1088C40054610200000000000000000000000000ED
:1088D40000000000A0390020CD620100000000006B
:1088E40054610200000000000000000000000000CD
:1088F40000000000A03900200D6401000000000009
:1089040054610200000000000000000000000000AC
:1089140000000000A03900204940020000000000CF
:10892400546102000000000000000000000000008C
:1089340000000000A03900202967010000000000A9
:10894400546102000000000000000000000000006C
:1089540000000000A0390020896B01000000000025
:10896400546102000000000000000000000000004C
:1089740000000000A0390020AF4C020000000000FD
:10898400546102000000000000000000000000002C
:1089940000000000A0390020CDC301000000000049
:1089A400546102000000000000000000000000000C
:1089B40000000000A0390020F9DE010000000000E2
:1089C40054610200000000000000000000000000EC
:1089D40000000000FFFFCEFAEFBE2C01001E001EB7
:1089E4002C014006FFFFFFFFFFFF0E000000000008
:1089F40004F8FFFFFDFF9C000000FDFFFFFFFFFFE9
:108A040060EA8000800010C1CDAB0000400001018D
:108A140001FFFF02FF0F0208031E050216010A0CE4
:108A2400050A07051001010F0801010104EEEEEE2D
:108A3400EE01FFEEEEFFFF0301FF0EFE01FF7F01DB
:108A440050403000FFFFFF0B03FF64FF01FF050BE5
:108A540001030105020201FFFFFFFFFFFFFFFF010A
:108A64000102FFFFFF00000030BF4223013BFDD1A4
:108A7400024A5368DB00FCD4704700BF00300E404C
:088A8400FD020000D502000014
:04000003000003E90D
:00000001FF
