:10000000002000204D1F0000895900008D5900007C
:100010004D57020091590000995900004D570200B8
:100020004D5702004D5702004D5702004D57020038
:100030009D5900002C0703004D5702004D57020048
:100040004D570200299F02004D5702004D570200F4
:10005000D52D0100399F0200359F0200E1350100D6
:100060002D9F02006D2200004D5702004D570200E7
:10007000311000004D5702004D5702004D5702004D
:100080004D5702004D570200011000004D5702006D
:100090004D5702004D5702004D5702004D570200C8
:1000A0004D5702004D5702004D5702004D570200B8
:1000B00015360100319F020045570100C96C000050
:1000C000513601004D570200115601004D570200F4
:1000D0004D5702004D5702004D5702004D57020088
:1000E0004D5702004D5702004D5702004D57020078
:1000F0004D5702004D5702004D570200000000000E
:100100002DE9F04F93B0CDE90A329DED1C7BDDE97E
:100110001E530E9353EC172BCDE9080110461946D8
:100120008DED067B209E24F077FB80B1DDE9060192
:10013000C94B4FF0FF3224F097FB40B9DDE90601CF
:100140004FF0FF326FF4801324F070FB80B10E9BF0
:100150002096CDE91E539DED067BDDE90A32DDE9EF
:1001600008018DED1C7B13B0BDE8F04F00F08CB999
:10017000DDE906010022002324F058FB002800F0EE
:100180003681DDE906A303F1004BCBF30A5016F4E8
:100190008063A0F2FF3008BF06250F9324F06AF8B1
:1001A0009DA3D3E9002324F0CFF89DA3D3E9002336
:1001B00023F014FFCBF31304894644F07F518046AB
:1001C000A64B0022504641F4401123F005FF96A3B0
:1001D000D3E9002324F0B8F802460B4640464946CE
:1001E00023F0FCFE24F04AFB044624F043F890A3DD
:1001F000D3E900238046894624F0A6F8984B0022D4
:1002000023F0ECFE24F03AFB8BA3D3E9002307464E
:100210004946404624F098F880463846894624F0FE
:1002200029F887A3D3E9002324F08EF802460B4671
:100230004046494623F0D0FE02460B46CDE90C234A
:1002400024F082F8DDE90C238046894610461946E1
:1002500023F0C4FE834BCDE91001002240464946FD
:1002600024F09CF9804B002223F0B8FE02460B4696
:100270004046494624F092F97C4B002223F0AEFE22
:1002800002460B464046494624F088F9DDE90C2336
:100290008046894600204FF0804123F09DFE0246B3
:1002A0000B464046494623F099FE02460B46DDE9DF
:1002B000100124F073F907F2FF376D4B002223F091
:1002C0008DFE00223B0524F03FF852465B468046F7
:1002D000894624F0C9FA002840F08C80CDE90C89C9
:1002E00004F16303C72B34BF0427052731051ED54E
:1002F00055A3D3E900235046594624F0ABFA002811
:1003000000F0828052A3D3E900235046594624F0DE
:100310008DFA002878D0A542C8BF2C1B4FF00007EB
:10032000CCBF04F1FF35002546F480663C460E9BA9
:100330009F4234BFA3EB07084FF0000816F00209F4
:1003400003D0002F18BF4FF000083CB1504659466B
:10035000DDE90C2324F022F982468B46DDE9060113
:100360000022002324F062FA10B10BF100439B46F7
:1003700026F40063CDE90383CDE900ABDDE90A3261
:10038000DDE90801029500F07FF802465FB316F040
:10039000200F00F10105DDE909130CBF65204520A0
:1003A000089EB0470523059300220A23002CCDE9BF
:1003B000023207F1FF374FEAD473B8BF64420193AA
:1003C0002A46DDE908010A9B0497009428F013FEF1
:1003D0000246B9F1000F06D00B9BC41A0B9B1A19E9
:1003E0000E9BA34246D8104613B0BDE8F08FDDE95E
:1003F00006ABCAE61C4B00224046494624F0CEF824
:10040000013CCDE90C016BE7002D90D00F9B002B38
:100410008DD0013D8BE700BFFB799F501344D33F44
:10042000B3C8608B288AC63F61436F63A787D23FFA
:1004300071A379094F930A401655B5BBB16B0240C1
:10044000EF39FAFE422EE63F2D431CEBE2361A3F0F
:100450000000000080842E41FFFFEF7F0000F83F86
:100460000000E03F00002C40000024400000184045
:100470000000F03FDDE90913089D2020A847013462
:10048000ACE700BF000000002DE9F04F97B0DDE9B8
:1004900020ABCDE90501CDE90723504652465B4626
:1004A0005946DDE92257249E24F0B6F970B903239A
:1004B000CDE922762193B44B2093DDE90501DDE9F6
:1004C000072317B0BDE8F04F28F0B5BC4FF0FF325E
:1004D0006FF480135046594624F0A8F928B104233C
:1004E0002193CDE92276A94BE6E7A94B4FF0FF32E5
:1004F0005046594624F0B8F968B1A64A06F00403FC
:10050000002B08BF0322A44B1CBF13460422CDE9D5
:1005100022762192D0E798A3D3E90023504659468A
:1005200024F0A2F938B996A3D3E9002350465946DE
:1005300024F07CF968B1DDE90723DDE90501CDE9A7
:100540002376CDE920AB229517B0BDE8F04FFFF739
:10055000D7BD002200235046594624F067F90028F1
:1005600000F09A805B4652460020002123F034FDC3
:10057000012382468B46099316F4806400F08E8036
:10058000092D40F28E800EABA5F109020024302126
:100590000134202C03F8011BA5EB040901D094427F
:1005A000F6D15946504624F069F97C4B03EBC90358
:1005B00093ED007B05468DED0A7B23F05BFE024642
:1005C0000B465046594623F007FDDDE90A2323F088
:1005D000BBFE02460B46CDE90C2324F077F980469A
:1005E00023F038FE02460B46DDE90C0123F0F4FC53
:1005F00002460B46CDE90C23694B002224F034F966
:10060000002851D008F10108404623F023FE02469D
:100610000B46DDE90A0124F013F910B101354FF062
:100620000008B9F1000F50D1284623F023FE0246FE
:100630000B465046594623F0CFFC594B00228046CA
:10064000894624F0F3F830B1554B00224046494624
:1006500024F00AF910B1E80700D501350EAB1A19DC
:100660000A21202C0AD095FBF1F001FB1055303502
:1006700002F8015B013405460028F2D106F00302BE
:10068000012A5FD1002F5DD0099A12B916F00C0F24
:1006900000D0013F302244E009906DE74FF0060999
:1006A0007FE7A94600247CE7DDE90C013C4B0022F2
:1006B00024F0BCF80028B4D1B8F1000F02D018F033
:1006C000010FAED008F10108ABE70EAB23440A21BD
:1006D000202C0DD0B8FBF1F001FB10823032B8F1C4
:1006E000090F03F8012B09F1FF3904F1010411D8B6
:1006F000A1440EAA3021202CB0D0A14504F1010361
:100700000AD11C4609F158030DEB03092E2309F801
:10071000203CA3E78046DBE7A1541C46EBE71A55D3
:100720000134A7420ED9202CF9D1CDE90034CDE90E
:100730000276DDE90723DDE9050128F07CFB17B02F
:10074000BDE8F08F202CF0D0099A3AB104F158029C
:100750006A442D2102F8201C0134E6E7710704D514
:1007600004F158026A442B21F4E73207DDD504F185
:1007700058026A442021EDE70000000065CDCD411C
:100780000000000065CDCDC18A4C03008E4C0300F3
:10079000FFFFEF7F814C0300864C0300984C030061
:1007A0000000E03F0000000070B58EB02C22002158
:1007B00003A82CF059FA64234FF00232CDE9052347
:1007C00008930B238DF83430514B1B880121D80737
:1007D0008DF8101000F19680084614F0C5FF4D4BBF
:1007E0004D494E484E4C0A221A704FF42873ADF80A
:1007F000123014F0D3FB206020B94A4840F25B214C
:1008000004F0C0FF2068052129F078F920B145489F
:1008100040F26B2104F0B6FF206801F087FB424BE9
:100820002068196829F013FA15F080FE0C2568433A
:10083000099015F07BFE684307900DEB05012068D9
:100840000FF0B6FB20B137484FF4207104F09AFF47
:1008500036492068002229F085FA20B1314840F25B
:10086000822104F08FFF324E324D96F9000040F2A3
:1008700003532B807F284FF00503AB7001D115F097
:10088000D1F83378EB7015F051FE00EB800080005A
:10089000A88015F04BFE0023C000E880AB604FF04D
:1008A000FF3019A3D3E900234FF0FF3115F018F9F9
:1008B0002149206829F002FE206802A929F02CFABB
:1008C00020B1184840F2BB2104F05CFF04222068EC
:1008D0000DEB020129F0A9F9042804D0114840F2D7
:1008E000BE2104F04FFF01A9012029F02AFF05F0E5
:1008F0008FF8012016F0AAF825F079F916F0D0F853
:1009000014F0B6FF0EB070BD0A0020FF42030000D5
:100910000E5700208A5A00209157010048220020DB
:10092000285000201A6F030010210020985A002040
:10093000472500201C500020315901000348044B7A
:10094000834202D0034B03B1184770479025002023
:1009500090250020000000000548064B1B1AD90F07
:1009600001EBA301491002D0034B03B118477047B4
:1009700090250020902500200000000010B5064CB6
:10098000237843B9FFF7DAFF044B13B10448AFF300
:1009900000800123237010BD80570020000000005C
:1009A000B072030008B5054B1BB105490548AFF30C
:1009B0000080BDE80840FFF7CFBF00BF0000000087
:1009C000C8270020B0720300A3F5803A704700BF2B
:1009D000174B002B08BF134B9D46FFF7F5FF002177
:1009E0008B460F461348144A121A2CF03DF90E4B51
:1009F000002B00D098470D4B002B00D098470020CB
:100A0000002104000D000D48002802D00C48AFF36F
:100A1000008024F0C1FA2000290024F079FB24F0A2
:100A2000EDF800BF0000080000000000000000001A
:100A30000020002090250020E05A00200000000047
:100A40000000000010B50A4C23680A2803F10103D6
:100A500023600AD1072A08D90B7833B94B7823B918
:100A60008B7813B9486800F025FB002010BD00BF4B
:100A7000F027002010B50E489DF80C1003680133D4
:100A800003600C4B19700C4B49B90C4801240470DD
:100A9000196012B10A4B52881A80002010BD1868E4
:100AA0004FF6FE718842F4D819680131F0E700BFB3
:100AB000E8270020F3240020E427002084570020AA
:100AC000B424002010B5034608B9002010BD016809
:100AD0000029FAD0214849880268214C013202607D
:100AE000204A01201070204AD87C11801F4AB1F59D
:100AF0007C4F10709A7B22700ED1002AE5D09A8923
:100B0000197D9B688A4286BF521A92B2002219440C
:100B100000F006FB0120D9E7B1F56F4F0DD1002A97
:100B2000D3D09A89197D9B688A4286BF521A92B2A5
:100B30000022194400F02AFBECE71929C5D1002A4C
:100B4000C3D09A89197D9B688A4286BF521A92B295
:100B50000022194400F076FBDCE700BFEC27002000
:100B6000F424002084570020B6240020F52400201F
:100B7000912808B50CD10B4B00221A7026F043FDCA
:100B800028B924F097FA10B1074B01221A7008BD5A
:100B90009028FCD1034B01221A70BDE8084000F0F8
:100BA000ABBA00BF845700208957002037B5114DDC
:100BB00004462868013028600F4804700F4801700F
:100BC0000F490A700F4A13700F4B00930F4A104BD6
:100BD00001940121042008F0FDFE01231CB10D4AFF
:100BE000137003B030BD0C4A137003B0BDE8304041
:100BF00000F082BAE0270020F22400208357002072
:100C000082570020815700201947030045CD02007C
:100C100040CD02008957002084570020014B01225B
:100C20001A707047AE58002010B5054C206830B1DE
:100C300024F024FA236898422CBF0020012010BD24
:100C40007C30002070B505F0C5FD06460D4605F068
:100C5000DBFD094B1C68094B1B680246E41A304651
:100C60000023294623F052FE054B064A2044186013
:100C700013680133136070BDC8300020C4300020F9
:100C8000C0300020BC30002008B524F005FA48B17F
:100C9000054B1B7803F0FF0023B1044B1878B0FA22
:100CA00080F0400908BD00BF845700208E57002007
:100CB00007B5094BCDE900120246192101200AF0BF
:100CC000B7FF012108460AF0F3FF0021084603B0F0
:100CD0005DF804EB27F011B85BCD02001FB50A4A9E
:100CE00001240023CDE9012301A9092220468DF822
:100CF0000C40FFF7DDFF054B1C7025F012FE044B86
:100D0000186004B010BD00BF000210018A57002017
:100D1000443000201FB502238DF805304FF488734E
:100D2000ADF8063000238DF808300B4B8DF8040029
:100D30001B688DF809301A0A8DF80A201A0C8DF8F4
:100D40000B201B0E092201A906208DF80C30FFF79D
:100D5000AFFF05B05DF804FB483000200F4B104991
:100D60001A6802F00F02072888541A6802F101027B
:100D70001A600C4B187004D10B4A136801331360CE
:100D80007047082801D1094AF7E7052801D1084A28
:100D9000F3E72328F4D1074AEFE700BFA030002093
:100DA000905700208F5700209C3000209830002062
:100DB00094300020903000201A4A136801332DE946
:100DC000F0411360431E012B054614D8164A1368E0
:100DD0000133136024F052F9092804460BD9012D80
:100DE000DFF85C80114F124E07D0012388F80030E5
:100DF00000233B703370BDE8F08124F03FF90D4BC8
:100E00000D4A78301860002388F800503B7033702A
:100E1000136813B1E31A022BEDD9084B14600122B9
:100E20001A70E8E78C3000208430002084570020BE
:100E30008D5700207C300020803000208C5700200F
:100E40008E57002008B524F027F928B9FFF7ECFEEB
:100E500010B1024B01221A7008BD00BF8957002053
:100E6000F0B5C5B01C464A9B0E4611460BB1224A4E
:100E70001360224A136801331360214B1870214B11
:100E80001E7000231A469DB2AC4201D9042B2ED10C
:100E90001D4BB4F5807F1A6027D81C4A8DF80A00D4
:100EA00000238DF8083013788DF809305F1C63BA81
:100EB00002AD1770EE70AB8024B122460DF10E002A
:100EC0002BF0F8FE0634A4B2114B01224FF46F410F
:100ED000CDE9005409200AF0ABFE012108460AF0D2
:100EE000E7FE0021084626F008FF45B0F0BDCD5CC6
:100EF000013345EA0222C6E7A4300020AC300020CE
:100F0000A1570020A0570020A8300020A2570020A1
:100F10005BCD020070B50F4E24F0ECFC3378044634
:100F20009BB924F0DCFC01210546084604F0F2FFE1
:100F3000284624F0D8FC084A012333701368013393
:100F40001360064B0222C3F828242046BDE87040F7
:100F500024F0D6BCA4570020D430002000A00044C8
:100F600070B50D46044625F0DCFC074B074E1860B3
:100F7000FFF7D0FF2544AC4200D170BD14F8011B2F
:100F8000304624F02DFEF6E7CC3000200000014072
:100F90001FB5174B009300238DF80430154B1B68C9
:100FA0008DF805301A0A8DF806201A0C1B0E8DF8E4
:100FB0000830114B8DF807201B688DF809301A0A8C
:100FC0008DF80A201A0C1B0E8DF80B208DF80C30B2
:100FD0000E224023694603208DF80D30FFF768FE8E
:100FE00025F09FFC054B186005B05DF804FB00BFC1
:100FF0000002100148300020503000204430002012
:1010000008B5084BD3F81C24C3F82424064A1368F7
:101010000133136025F085FC044B1860BDE80840DF
:10102000FFF778BF00A00040D8300020CC3000206F
:1010300070B50F4C0F4D104E23691B0606D425F0DA
:1010400070FC0E4B18600423A36470BD204624F08E
:10105000C1FD2B889BB25A1CDBB292B22A80F0549D
:10106000074A136801331360064B1870E4E700BFAA
:101070000000014014530020A6570020CC3000206F
:10108000DC300020A557002038B5084B186005F06B
:10109000A1FB05460C4605F0B7FB0023024621469E
:1010A000284623F033FC024B186038BDC8300020BE
:1010B000C430002038B5431E033312D8094C0A4B04
:1010C000044420461D68FFF7DFFF084B084A1C60F8
:1010D00013680133136025B9BDE83840054800F0B6
:1010E00091BD38BD80436D38C8300020B830002035
:1010F000B4300020E0300020064A13681BB10649D6
:101100000B6801330B6000231360044A137008F06E
:101110005BBE00BF7C300020743000208957002067
:1011200030B4054D2C68013413462C600A4630BC9F
:101130000146024800F0F4BD70300020E03000208D
:10114000044B1A78012AD0B203D01878831E584273
:10115000584170478A57002008B5094B1A7812B1D8
:101160001B78042B0BD123F097FF40B1054A0023D5
:101170001360054A1360BDE80840FFF7AFBD08BD26
:101180008A570020503000204C3000202DE9F74FC6
:101190001546264A136810F0FB0F03F101030746BA
:1011A0008846136008D022482B464246394603B091
:1011B000BDE8F04F00F03CBD052DF4D9DFF880B05C
:1011C0008E1CA5F102097488337864BAA4B204F1C4
:1011D000040ACA45E7D8CD2B0AD1FFF7BDFFA9EB1A
:1011E0000404A4F10409B9F1030F5644EBD8DAE77B
:1011F000CA2BF4D1002CF2D033790E4A13708BB184
:10120000022B41F2707318BF4FF4FA63CBF8003031
:101210000023DBF80010084A0848CDE9003305F048
:101220006BFBDCE74FF47A73F0E700BF6C30002013
:10123000E0300020FA2400201D0C00004433002080
:10124000A82000202DE9F74F072821D8DFE810F06B
:10125000F80020000800200020003C002000E600EC
:101260007C4C0AB10D7815B10023237010E00C2AD4
:1012700001D825700CE0481D23F0FEFE764B186067
:1012800001F1090023F0F8FE744B186018B92070C2
:1012900003B0BDE8F08F284600F072FF20B1704A1D
:1012A000136801331360E4E76E4B18606E4B1880CF
:1012B0006E4B18606E4B3E221A600223237003B0FF
:1012C000BDE8F04FFFF764BE624E3378022BDFD1EA
:1012D000002ADDD00B78972B04D125F022FB654B3B
:1012E0001860D5E70BB90D2A06D85D4A136801339B
:1012F000136000233370CBE701F1090023F0BCFE3B
:101300004D7B05F10D03934204DB554A136801330D
:101310001360BDE7534F3B688342D0D1544833B983
:10132000072D04D98A8A544C063202602260046870
:101330005A19A24211D9A3423ABFE41AA4B2002416
:1013400004F10E03DFF82091DFF834B1DFF81CA1BF
:101350002C1B01EB0308A4B23CBB3B68474A1D446D
:1013600013683D60013313603C4B1B689D42A6D35C
:101370003D49434C0B880020FF255A1C9F0792B221
:1013800040D100B10B80002B40D038493C4A09685D
:10139000002000F0D7FE002838D0314A136895208D
:1013A00001331360FFF7B6FCA3E7B9F800300093F0
:1013B000C3F5006292B2A24228BF224641460BEB1F
:1013C000030001922BF076FCDDE9003213449BB25E
:1013D0009044B3F5006FA4EB0202A9F8003094B278
:1013E000BAD1DAF800105A46002000F0ABFE00280F
:1013F000D3D1DAF80030A9F8000003F50063CAF889
:101400000030A9E7E55401201346B6E70323002086
:10141000337003B0BDE8F04FFFF77CBC0D4C237870
:10142000032B7FF435AF04230020237000F0C2FEAD
:1014300008B900F04BFE0A4A13680133136013E742
:10144000044B1B78002B7FF423AF03B0BDE8F04FB3
:10145000FFF744BC8A570020483000204C30002061
:101460005C30002050300020105300204028002025
:10147000A0200020443000203C28002060300020C4
:101480004428002070B58AB0FFF744FD4248434D20
:1014900009F038FE4248012101F004F841480121D9
:1014A00001F000F8002108460123042202F0B4F8FC
:1014B000002301221146184602F0AEF80FCD03AC0E
:1014C0000FC495E80700384D84E8070003A92846B3
:1014D00024F042FB00240323AC676B67EB6C43F002
:1014E0000403EB64314E4FF48053336001250194C3
:1014F000009523462A462946204602F049F84FF433
:10150000802333602A492B4800F022FB42262948D9
:1015100000F058FB284B009604222146284626F06E
:1015200011FB264B052218702146254B00962846B4
:1015300026F008FB234B1870302307222146009326
:101540002846214B26F0FEFA204B187000F098FD3B
:1015500003A9204600F0DCFD1D4B18601B682BB969
:101560001C4B039A1A601C4B049A1A6000242346F1
:10157000CDE90044194A1A4841F2707105F07AF930
:10158000CDE90044174A184823464FF4FA6105F0A4
:1015900071F90AB070BD00BFA658002098CD0200B6
:1015A00000350A00003204000000014000E100E0C4
:1015B0007CCD0200E03000206ECD0200F924002036
:1015C00064CD0200F824002063CD0200F72400203F
:1015D000A42000205830002054300020450E000088
:1015E0001C2800201D0C0000443300202DE9F0438E
:1015F000AC4AAD4D1368AD4E85B00133136026F093
:1016000002F8AB4B1870AB4823F077FDAA4BC0B281
:101610001870AA4823F0D6FD2B78A94ADBB21370C4
:10162000A84B1A68A84B1A60A84B1A68A84B1A60F6
:10163000FFF786FD3378C4B2A3420CD0002C40F0F3
:10164000B781A44B1968A44AA4480023CDE900330C
:1016500005F052F9347004B3A14C25F062F9236807
:10166000C61A40F2DC5005F0D5F8864205D32B7837
:10167000022B40F09F81FFF78BFC25F052F9246884
:10168000041B4EF6602005F0C5F8844205D9954A42
:1016900013680133136000232B7025F0B4FF431E41
:1016A000DBB2012B904C914F914D924E00F2B381E1
:1016B000022840F083812368002B40F0988123F0BA
:1016C000DDFC2060002840F09281FFF739FD002802
:1016D00040F076814FF00108874B1A781AB100224A
:1016E0001A701BF01DF925F01CF93C68041B4FF41F
:1016F000C87005F08FF8B8F1000F00F07581A042B6
:1017000000F272812A88338892B29BB29A4240F0EA
:101710006B81684B93F85A32002B40F06581FFF7DC
:1017200083FA0446002840F05F81DFF81C9224F021
:10173000E1F899F800300746BBB1704A0223C2F8BD
:10174000243402F1C062C2F8283424F0C8F82146DB
:101750008046012004F0DEFB404624F0C4F8684ACD
:1017600089F80040136801331360384624F0C8F844
:10177000644B654F1A785AB100221A70634A136895
:101780000133136029F0FEFE614A012313703B70A0
:10179000DFF8B88198F8003063B15D4C23784BB125
:1017A00023F07AFC30B15B4B1B781BB1002388F827
:1017B000003023703B7843B123F060FC0446FFF710
:1017C00033FA002840F02C81387025F01CFF0328E4
:1017D000514F40F04C8123F051FC3B680446002BF4
:1017E00040F03E8138604D4B1A68A24209D84C4AFD
:1017F0000A341C601368002101330120136029F0B2
:1018000031FE484A484B10681968884214D0126863
:101810001A60464B464A1B78002B00F02B81454B43
:101820001B78002B40F0268113780133DBB2022BAA
:10183000137001D924F0CCFF3F4B1A7822B100225B
:101840001C481A7000F0DEF923F026FC08B93B4B67
:10185000187023F021FC002800F09F8004F0BAFFEC
:1018600007460C4604F0D0FF0023024621463846C6
:1018700023F04CF8314B1F780446002F68D1012229
:101880000C481A7000F0AEF92D4A1368013313604A
:101890000321CDE900772B4A0523CC20FFF7E0FA9E
:1018A00056E000BF182800208A57002085570020E6
:1018B000F6240020E030002088570020FC30002073
:1018C0008B57002050300020683000204C30002022
:1018D00064300020A82000201D0C000044330020AC
:1018E000443000205C3000200C280020CC30002048
:1018F0001253002014530020AE58002000A00040D6
:10190000D03000208C5700208957002088300020DC
:101910008D5700208457002000280020FC2700203D
:1019200078300020E0270020F8270020F224002053
:101930008757002083570020A35700208657002098
:10194000102800205DCD0200A45700208E570020F3
:10195000514B1A68A2421AD80F341C60022300248B
:10196000019303AB224600930A214C4BADF80C4087
:1019700020460AF05DF9012108460AF099F921464E
:10198000204626F0BAF9464A136801331360454BE6
:101990001B681D2B01D924F01BFF434C434F2A88A1
:1019A000338892B29BB29A4267D105B0BDE8F0830A
:1019B000642148E624F0B5FF20605EE60023236042
:1019C000FFF7BEFB20BBDFF8F88024F0AAFFD8F8B1
:1019D0000030C31A002B044611DA24F0A2FF4FF4A2
:1019E000C8703B6804F016FFFFF794FAC0E623F0D6
:1019F00045FB2368C01A3B283FF667AEE0E7C820E6
:101A000004F008FF2044C8F800001AF089FFE4E75A
:101A10004FF0000860E6264A002323601370DCE7DD
:101A2000DFF8A080D8F80030A3423FF6CEAE25F014
:101A3000EAFD00287FF4C9AE05343870C8F80040CC
:101A400008F0C2F908F018FB1A4A1B4B106019681D
:101A500011B91168194A11601A6801321A60B4E6A6
:101A6000C31A3B2B7FF6BFAE24F0B2FEBBE60023C9
:101A70003B60C6E600231370DEE62B889BB25A1C3F
:101A800092B2DBB22A80E35C8DF80C30012203A90C
:101A9000384600F09FF882E7F42700205BCD020073
:101AA000B0300020E4270020A6570020E0300020BE
:101AB000AE5800209C2000201428002098200020F0
:101AC0000828002004280020064B1B6810B433B1FE
:101AD0005C6824B19A6923465DF8044B18475DF8A9
:101AE000044B704764330020074B1B6813B54BB1A0
:101AF0001C683CB19B69CDE900134388426841787A
:101B00000078A04702B010BD64330020044B1B686E
:101B10001BB19A680AB1986910470020704700BF4E
:101B20006433002030B5094A002312F8135085426F
:101B300002EB430404D16078431A5842584130BD47
:101B40000133132BF1D10020F9E700BFB4CD02001F
:101B500070B54FF419728AB00C46002106462BF07E
:101B600083F80FCC35460FC50E4B1E60002305933E
:101B70000D4B01930D4B02930D4B039394E807001B
:101B80000C4B04930C4B06930C4B07930C4B85E8C2
:101B9000070001A906F11C00CDE9083623F096FCE8
:101BA0000AB070BD64330020C91A00000D1B00008C
:101BB000DD500200E91A0000E3500200B9500200B3
:101BC000D1500200024B18601C3023F025BB00BF2F
:101BD00064330020024B18601C3023F086BC00BF29
:101BE00064330020064B10B50446186023F079FAE0
:101BF00028B104F11C00BDE8104023F00ABB10BD61
:101C000064330020094B10B50446186023F069FACC
:101C100050B11C342046002123F0EFFA2046032166
:101C2000BDE8104023F0E9BA10BD00BF64330020C6
:101C30002DE9F74F1D461C4B11F0FB0F07461446CC
:101C400018600CD123F04DFA48B1012D07D90234A8
:101C5000023D07F11C086FF00309032D02D803B001
:101C6000BDE8F08F668894F800A0617876BAB6B2C5
:101C700006F1040BAB45F2D8BAF1C80F07D13846CC
:101C8000FFF7C0FFA9EB06065C443544E5E7504684
:101C9000FFF748FF0028F5D00A460096231D51465D
:101CA000404623F0BEFAEDE764330020F0B51D4650
:101CB0001A4B8FB004460E461746186023F011FAEF
:101CC00010B900200FB0F0BD00211820FFF72AFF47
:101CD0000028F6D0FFF71AFF9DF858200392C31989
:101CE000159A02921D449DF8502001920095B4F877
:101CF0006022314604A823F0BCFA0028E1D0B4F8F1
:101D000060320133A4F860320022009004AB04F189
:101D10001C00182123F085FA0120D3E7643300204A
:101D20002DE9FF411D46224B07290746144618603E
:101D300004D008291FD004B0BDE8F08123F0D1F908
:101D40000028F8D0032DF6D9668894F800806178D1
:101D500076BAB6B2331DAB42EDD84046FFF7E2FE8D
:101D60000028E8D00A460096231D414607F11C00D2
:101D700023F057FADFE723F0B4F90028DBD00B2D6E
:101D8000D9D9E07A2188D4F80220D4F80630A67A8E
:101D900000F10C0CAC45CED80C3449BA0290CDE918
:101DA00000641BBA12BA89B23846FFF77FFFC2E758
:101DB000643300201FB50D4AAA230446082101A858
:101DC000CDE9012323F0B0F923688DF80C0053B15D
:101DD000092101A898472368092101A89847236889
:101DE000092101A8984704B010BD00BF55AA0355AA
:101DF00030B50A4C0A4B22680A4D1A6085B00A4B6E
:101E00002B600A4B019303F0B5F92B68029001A9EE
:101E10002068039324F0E4F805B030BDB82000201A
:101E2000C43E0020C03E0020AC2000207505030009
:101E3000014B186824F0E8B8B820002038B5084DE8
:101E400003F098F92B680446D3F8B00203F086F942
:101E5000286824F0ECF82046BDE8384003F07EB94D
:101E6000B820002038B500F0D1FE0E480E4D0121FB
:101E700000F018FB012201241146104600F0E8FD95
:101E8000224621462046C5F8804000F0E1FD20466C
:101E9000C5F884402246214600F0DAFDC5F88840A6
:101EA000002038BD30253E0000400E401A4B07B5DB
:101EB00001225A641A6842F480721A6001A801F083
:101EC0003DFD9DF80530012B03D89DF80430022B11
:101ED0000DD9124B4FF41872C3F88C22104AC3F874
:101EE0009022104AC3F8F0220F4AC3F8F82203F0F8
:101EF00017F903F0C7F803F0DBF8FFF7B3FF24F09E
:101F0000FAFB00F0BDF803F073F900F0E7F903B055
:101F10005DF804EB03F0CABF00000E4000400E4025
:101F20009A6F0500180100040084320808B50EF00D
:101F30006DF8024B00221A7008BD00BFAF58002098
:101F4000014823F045BC00BF9405030008B500F02C
:101F500083F8124B12498B4212D3124B12490020C4
:101F60008B4218D3FEF734FD186850F822405868A9
:101F700040F82240013298688242F5D30C33EAE7F8
:101F80000022F8E71C6844F8220001325C68A24293
:101F9000F8D30833E4E70022F8E700BFB872030083
:101FA000C4720300C4720300C47203000048704787
:101FB00000F04902104AD2F8943003F00703023BC4
:101FC000032B13D8DFE803F00C14020E0B4B1B6835
:101FD000D2F80001C0F304200130B3FBF0F07047E9
:101FE000074BF4E7074B1B685B08F1E7054BEEE78F
:101FF0004FF40043ECE700BF00400E40E02000201B
:10200000E4200020D820002008B5FFF7D3FF054BBF
:10201000D3F80831C3F308230133B0FBF3F0024BCC
:10202000186008BD00400E40DC200020014B1868FD
:10203000704700BFE4200020054B1860054BD3F823
:10204000943003F00703022B01D1FFF7DDBF704787
:10205000E420002000400E40044B054A9A60D3F86B
:10206000882042F47002C3F88820704700ED00E039
:1020700000000000014B1868704700BFE0200020FE
:102080000F4BD3F82838A3F17E62A2F58432B2F563
:10209000605F10B511D219680A4A91420DD10A4CFD
:1020A000227812F0FD0F01D0002010BDDB699847A7
:1020B0000028FAD101232370F6E74FF48170F4E78A
:1020C0000000E10F07B0CD5EB05800204FF0005384
:1020D0000B4A1A600B4A01239360136823F4E063F0
:1020E00043F480631360BFF34F8F0749074BCA68FF
:1020F00002F4E0621343CB60BFF34F8F00BFFDE7F4
:1021000002020FF000500E4000ED00E00400FA055E
:102110000B4BD3F82828A2F17E63A3F58433B3F5E3
:10212000605F09D2126BA2F17E63A3F58433B3F52D
:10213000605F01D2936818474FF48170704700BF09
:102140000000E10F30B40D4CD4F82858A5F17E649E
:10215000A4F58434B4F5605F0BD22D6BA5F17E64D9
:10216000A4F58434B4F5605F03D22C69A44630BC76
:1021700060474FF4817030BC704700BF0000E10F32
:102180000B4BD3F82828A2F17E63A3F58433B3F573
:10219000605F09D2126BA2F17E63A3F58433B3F5BD
:1021A000605F01D2536918474FF48170704700BFD8
:1021B0000000E10F0E4B07B5D3F828280190A2F1DB
:1021C0007E63A3F58433B3F5605F0ED2126BA2F188
:1021D0007E63A3F58433B3F5605F06D29369012172
:1021E00001A8984703B05DF804FB4FF48170F9E74C
:1021F0000000E10F70B5D0B1C9B10E4E431E0139D8
:1022000013F8014F325D02F00302012A11F8012F89
:10221000B55C05F00305204608BF04F12000012D40
:1022200008BF2032801A01D1002CE9D170BD0120F5
:10223000FCE700BFAF71030010B501210446094857
:1022400000F030F90848012100F02CF9A37820783B
:102250006178B3FA83F35B09042201F0DDF9002011
:1022600010BD00BF4041050000350A002DE9F041D6
:10227000DFF86480D8F86070D8F86C301F4000D563
:10228000FEE7134C01260025374218D02368C8F812
:102290006860A3B1A16862680131A16028469847CF
:1022A000637B012B0BD150B90A4B03EB45131A7B0F
:1022B00060F341021A731A7F60F341021A77013505
:1022C000082D4FEA460604F11004DDD1BDE8F08187
:1022D000243700202436002000200E40024B1968CD
:1022E000024B18680CF0FABFE820002008210020FB
:1022F00070B59400224605460E4623F02BFC431C85
:102300000AD058B92246314628462AF083FC0028D4
:10231000034808BF002070BD0248FCE70248FAE706
:1023200010E000F021E000F024E000F010B50446D9
:1023300001F044FA431C10D088B901F01DFB20F0D5
:10234000030023462044984201D1002010BD53F8D9
:10235000042B0132F7D00348F8E70348F6E70348B7
:10236000F4E700BF0EE000F021E000F024E000F010
:1023700008B523F0B4FA014B186008BD943E002064
:10238000014B186823F0AFBA943E00200C4B9842E2
:1023900005D90C4B984210D80122012301E00022FC
:1023A000134609490B640949D1F8003123F08073C1
:1023B00043EA0263C1F8003170470222EDE700BF33
:1023C0000048E8010090D0030000C84300400E40E0
:1023D0000F4B5B680F4B30B500221C46C9B21D790C
:1023E0008D4202D11D6885420DD20132052A03F1CA
:1023F0000803F4D10321064A536823F0407343EAEB
:102400000163536030BD04EBC2046179F3E700BFA0
:1024100000000E40A007030038B5074C41F67133A9
:10242000256C2364FFF7C2FDADB20021FFF7D0FF9A
:102430000DB10023236438BD00000E40044BDB6B5C
:102440005B0604D4034AD2F8C830002BFBD1704796
:1024500000300E400000C64308B5FFF7EFFF024B07
:102460005868C0F3014008BD00300E40044BD3F85B
:102470004421D20703D4D3F840211042FBD1704746
:1024800000400E4038B5064C256C41F6713323648C
:10249000ADB2FFF79DFF0DB10023236438BD00BF2F
:1024A00000000E4038B5C0F30323013B092B11D8BF
:1024B000DFE803F0052710102B221D101511154D14
:1024C000C0F3043405F1424505F5801504EBC50061
:1024D0008000016038BD104DC0F30434F2E70F4DA9
:1024E000C0F304344FF48030FFF7C0FFEAE7C0F3D5
:1024F00004340B4D1020F7E7C0F30434094D0120DC
:10250000F2E7094DC0F30434DCE7084DC0F30434AE
:10251000D8E700BF00400E4050410E40F0400E4052
:10252000E8400E40E0400E40C0400E40B0400E403B
:10253000C0F30313013B092B2AD8DFE803F0050B96
:102540000F1929291F23374B274BD3F80001C0F35C
:1025500004207047244BD3F81401F8E7224BD3F83A
:102560000031C3F300630133012098400138704704
:102570001D4BD3F80C01C0F3082070471A4BD3F859
:102580000801F8E7194B984204D0194B984207D03C
:1025900000207047144BD3F8203103F00F03E3E71A
:1025A000114BD3F82031C3F30113DDE7114B9842EF
:1025B0000CD003F5B01303F580539842E8D10A4BD1
:1025C000D3F82831C3F301230433CDE7064BD3F806
:1025D0002831E8E7084B9842DAD1034BD3F83001B1
:1025E00000F00300704700BF00400E408006160058
:1025F00080162E0090171A00A009140000F00F009A
:102600000138072852D8DFE800F00415225131398B
:1026100051412C4BD3F8943003F00703023B052BB8
:1026200006D8DFE803F04B29410305450B2070472E
:1026300005207047234BD3F8803003F00703013B9C
:10264000042B17D8DFE803F01830163638001D4B7E
:10265000D3F8843003F00703013B042B0AD8DFE8EA
:1026600003F00B2303292B0006207047154BD3F8EA
:102670008830E2E70120704703207047114B1B6F41
:1026800013F0010F0CBF0720092070470D4BD3F842
:102690005C3103F03003202B10D0302B10D0102BE6
:1026A0000CBF0720012070470220704700207047B0
:1026B0000C2070470A2070470D2070470420704797
:1026C0000820704700400E4008B50146FFF796FF0E
:1026D0001A4B994212D01A4B994213D0194B994276
:1026E00004D1194BD3F8800000F00700013804280A
:1026F00022D8DFE800F00B0F17130B00124BD3F8B2
:102700008400F1E7104BD3F88800EDE7BDE80840FE
:1027100023F01DB8BDE80840FFF7ACBCBDE8084099
:1027200023F018B8FFF746FC074BD3F80031C3F38A
:1027300000630133D84008BD0020FCE703002000FF
:102740000500240002001E0000400E4000F4781333
:10275000B3F5B01F10B5044674D025D8B3F5402F9B
:102760005ED010D8B3F5802F49D005D83BB1B3F572
:10277000003F4FD0002010BDB3F5202FFAD1BDE8A7
:102780001040FFF717BCB3F5801F00F08480B3F54D
:10279000A01F4DD0B3F5602FECD14A48FFF72EFFB4
:1027A000072878D00928E9E7B3F5381F53D013D8A4
:1027B000B3F5001F58D00AD8B3F5D01F56D0B3F5E3
:1027C000F01FD7D14048BDE81040FFF77DBFB3F5FB
:1027D000101FCFD13D48F6E7B3F5481F4DD0B3F5F4
:1027E000781F65D0B3F5401FC4D13948FFF76CFF9F
:1027F000384BD3F82831C3F30123043320E0FFF72B
:10280000D9FB344BD3F80C31C3F308230133B0FBAD
:10281000F3F0B0E7FFF7CEFB2E4BD3F80831F3E728
:10282000FFF7C8FB2B4BD3F81431C3F30423EDE7B8
:102830002648FFF749FF274BD3F8303103F0030355
:10284000D84098E72048FFF73FFF224BD3F82031CC
:1028500003F00F03F4E71C48FFF736FF1D4BD3F8D6
:102860002031C3F30113EBE71948ACE71848FFF731
:102870002BFF184BD3F82831F3E71748FFF7BEFEBC
:10288000072808D0082809D004287FF473AFBDE8D2
:102890001040FFF7CBBB114B18686CE7FFF78AFBC2
:1028A0000C4BD3F80031C3F3042303FB000062E7B1
:1028B000FFF780FB0146204623F00CF8B1FBF0F057
:1028C00059E700BF06000E0002001E0005002400AC
:1028D0000300200000400E40B80032000C21002010
:1028E00010B5FFF799FD094B07225A67FFF762FB06
:1028F000FFF74CFDFFF788FB0446FFF7ADFD0146EF
:102900002046BDE81040FFF7BDBD00BF00400E40AF
:10291000014B1880704700BFB824002010B5042870
:1029200013D8DFE800F047032F132100294AC1F331
:102930000801D2F86838002BFBD1274A136A23F428
:10294000FF7323F001030B43136210BD214A01F012
:102950007F01D2F86038002BFBD11F4A136923F0A6
:102960007F030B431361F0E71A4A01F07F01D2F8AD
:102970006438002BFBD1184A936923F07F030B4383
:102980009361E2E7144AD2F89030536A23F030039F
:1029900043F010035362146B104BC1F3C3100330A8
:1029A0000F2803EA040328BF0F200B4343EA0073F8
:1029B0001363CAE74F29074A28BF4F21D2F874385A
:1029C000002BFBD1044A936B23F07F030B439363EB
:1029D000BBE700BF0020C84300400E4000F8FF0FD7
:1029E000104A536A13F0300F18D0202913D0302921
:1029F00014D000290C4B08BF4FF44003D2F89010BC
:102A000033EA0101FAD15B0246BFD2F8A000C0F35D
:102A10008020012070474FF40003EFE74FF440039C
:102A2000ECE700BF00400E40FFF3E17F02280AD12F
:102A300029B1064B4FF48060C3F8A800596612B163
:102A40000220FFF7CDBF0120704700BF00400E40BD
:102A5000F7B507460C461546072800F28680DFE8E2
:102A600000F029303C413684840401A800F066FF60
:102A70009DF80530012B03D89DF80430022B18D99E
:102A8000002C74D14FF400410E240F23474801223B
:102A90000166A240D0F890101142FBD1002D64D005
:102AA0000122424902FA03F3D1F890201A42FBD1E5
:102AB0005BE0FEE7002960D14FF400710824092390
:102AC000E4E700295ED1802106240723DEE7002900
:102AD0005CD1202104240523D8E741B90821022430
:102AE0000323D3E7002955D102210123CEE72F4A42
:102AF000536A13F0300F51D12D4BDB6B536ADB0758
:102B000041BF536A23F0300343F01003536204269D
:102B100002230321254A1666264A13449B0018689F
:102B20000028FCD00DB311448D002B68002BFCD085
:102B3000022F1AD1CCB11D4C616A11F0010131D0C4
:102B4000012220213846FFF771FFD4F89C70012242
:102B500000210220FFF77CFFC7F30A010220FFF7E4
:102B6000DDFE26662B68002BFCD003B0F0BD4FF4D1
:102B700080460E230F210024CCE74FF480760823F3
:102B80000921F8E7402606230721F4E7102604234D
:102B90000521F0E7012600233146ECE70426022355
:102BA0000321E8E73846FFF71BFFCEE700400E4061
:102BB00000300E408004F21010B50246B8B9012270
:102BC0001146FFF745FFFFF727FC0F4B04225A671A
:102BD000FFF7F0F9FFF7DAFBFFF716FA0446FFF705
:102BE0003BFC01462046BDE81040FFF74BBC0128E6
:102BF00007D10146FFF72CFFFFF70EFC024B032223
:102C0000E5E7FFF709FCE3E700400E4038B5FFF7C2
:102C10000DFA0021044600F087FA1248FFF7B6FBD0
:102C2000012211460220FFF713FFFFF7F5FB0CB15D
:102C3000FFF704FC0C4B02225A67FFF7BBF9FFF7C2
:102C4000A5FBFFF7E1F90546FFF706FC014628461C
:102C5000FFF718FC2CB920460121BDE8384000F0F0
:102C600063BA38BD0148E80100400E40012210B5AA
:102C700011460320FFF7ECFEFFF7CEFB084B0522C1
:102C80005A67FFF797F9FFF781FBFFF7BDF9044695
:102C9000FFF7E2FB01462046BDE81040FFF7F2BB1C
:102CA00000400E4010B504461120FFF7A7FC00219C
:102CB00001220220FFF7CCFE184A217C536A23F040
:102CC0000103022908BF43F001035362144B21782A
:102CD000C3F8A014637AA18843EAC123D362136BBB
:102CE000A07A217A03F07F630343E08843EAC0239C
:102CF00043EAC11303310F2928BF0F2143EA0173AF
:102D00001363A37B617B1B0143EA0133E17B0B432C
:102D1000217B43EA0143536310BD00BF00400E40D6
:102D20000000C843034B5868C0F30800003818BFC0
:102D30000120704700ED00E0034BD86B80F04000AD
:102D4000C0F38010704700BF00300E4042EA0322FB
:102D5000B2F5007F10B5194C29D00AD8B2F5807FA2
:102D600022D040F201139A4215D062B9D4F81C3235
:102D70000BE0B2F5407F1DD040F201339A4210D0F3
:102D8000D4F8283201E0D4F82432C3F30722DBB2AE
:102D900003600A6010BDD4F824321A0EC3F307434F
:102DA000F6E7D4F82832F8E7D4F81C32F5E7D4F87F
:102DB0002032EAE7D4F82032EFE700BF0081E00FCD
:102DC00008B5FFF7B9FF20B1024AD2F8C830002B8E
:102DD000FBD108BD0000C64308B5FFF7ADFF80B1C9
:102DE000FFF7EEFF074B19685A68C1F30121C2F3E0
:102DF000014291421A688CBF42F0100222F0100288
:102E00001A6008BD00300E40064B1B68DB0608D573
:102E1000054B1B69C3F30443082B02BF034B044A51
:102E20001A60704700300E4000400E40D82000204D
:102E3000C0EA210170B5FFF77FFF38B12D4B1A783A
:102E40001023C2F1020293402B4A13612B492C4DEF
:102E5000D1F8804145F60E03C1F880312B6823F08C
:102E6000AA03DB05DB0D0B66FFF7AAFF224B1B68ED
:102E7000D80604F0010415D5D1F84031DA01FBD4AD
:102E8000204B1B680B61204B1B78052B0AD11F4B75
:102E90001E68FFF795FF184B59683046C1F3014192
:102EA000FFF7F0FA184B1B78023B0A2B0AD8DFE831
:102EB00003F00615170909090909091A1D00002060
:102EC000FFF77AFE2B68DB075EBF0C4B02221A6607
:102ED0001CB10A4B0022C3F8802170BD0120EFE72E
:102EE000FFF794FEEEE7FFF7C1FEEBE7FFF7F8FC14
:102EF000E8E700BFB158002000300E4000400E400F
:102F00009C3E0020983E0020B2580020D82000208F
:102F100010B50B4C0B4BD4F890201A601120FFF722
:102F20006DFB094B1870FFF74BFF084B084A5B68B5
:102F3000C3F301431370074B22691A6010BD00BF31
:102F400000400E409C3E0020B258002000300E4051
:102F5000B1580020983E0020064942780B6823F4BF
:102F6000407343EA0223022A0B6004BF024B5B6AF0
:102F7000704700BF00300E4000400E4010B50446C0
:102F800008B1FFF7C5FFFFF727FF144A136943F0A5
:102F90000403136122F0C8FD22F0C7FD104B114A53
:102FA000C3F8242403F559231B68DB060ED522F051
:102FB00096FC29F0B1FE22F096FC22F0B7FD03F05A
:102FC000E3F92CB1BDE81040FFF734BF30BFF4E7A0
:102FD000FFF71AFFBDE81040FFF716B800ED00E05C
:102FE00000A000400000FFFF10B5044608B1FFF745
:102FF0008FFFFFF7F1FE1A4BD3F8802145F60E0143
:10300000D207C3F8801148BF00224FF4207119661F
:1030100048BFC3F88021134A136943F004031361C6
:10302000114B124AC3F8242422F07EFD104B1B687A
:10303000DB060CD522F053FC29F06EFE22F053FC87
:1030400003F0A2F92CB1BDE81040FFF7F3BE30BF8A
:10305000F6E7FFF7D9FEBDE81040FEF7D5BF00BF89
:1030600000400E4000ED00E000A000400000FFFF27
:1030700000300E400E4A0379916921F03F010B4365
:10308000017843EA8103417843EA4103817843EAC6
:10309000C103C178012908BF43F00103936113689C
:1030A000417923F4403343EA01431360704700BF82
:1030B00000300E402DE9F04104460D46FFF73CFE7E
:1030C00060B3DFF86080FFF77BFED8F80430C3F30D
:1030D00001439C4222D0124BD3F80031FEF76AFF25
:1030E000022C07464FF0100609D12146FFF7CAF916
:1030F000C8F8106095B1BDE8F041FFF761BEC4F1BA
:1031000002039E40C8F810600DB1FFF759FE2CB9BC
:1031100021463846BDE8F041FFF7B4B9BDE8F0817B
:1031200000400E4000300E4038B505460C46FFF713
:1031300003FEB8B145B90C4BD3F80051FEF73AFF86
:10314000C5F3042505FB0005084B1B7821463BB160
:10315000074B9D4204D80220BDE83840FFF7AABFC4
:103160000020F9E738BD00BF00400E40B3580020F2
:10317000002D3101034B02781A7001210020FFF766
:10318000D3BF00BFB3580020174B4AF6E85210B522
:10319000596B5A639A6FD407FCD41B6C13F003036A
:1031A00006D0124A01249842C2F8B44A05D110BD93
:1031B00018B90E4BC3F8B40AF9E70B4B9A6FD20754
:1031C000FCD41A6C22F0030202431A649A6F12F0C4
:1031D0000102FBD10038054C18BF01200129C4F8B9
:1031E000B40A08BF5A63E2E700300E400000C6434D
:1031F0002DE9F04F00238BB0CDE90433CDE9063340
:10320000CDE90833A0F5E163B3F5966F054601916A
:10321000934603D900200BB0BDE8F08F624BDFF876
:103220008C81D3F81842B0F5E16F15BF4FEA146AEC
:10323000C4F3072AC4F30744E4B20694CDF824A0EB
:10324000D8F84C60C6F301768CBF012200223346C9
:1032500007A904A815BF4FF4E1674FF496674FF430
:1032600096694FF416790392FFF770FDD8F8E030B5
:10327000039AC3F3012308A905A80293FFF766FD8B
:10328000A5EB070CAAEB04020CFB02F2B2FBF9F26D
:1032900014445445079F0498089A0599BAD8A2EB9C
:1032A000010E0CFB0EFEBEFBF9FE11EB0E012CBF56
:1032B0004FF0010E4FF0000E8A42ABD3BEF1000F6B
:1032C000A8D13A1A0CFB02F2B2FBF9F280182CBF1B
:1032D0000122002287429DD3002A9BD1029BBBF191
:1032E000000F0FD0D8F85C20B5F5E16722F4FE425C
:1032F00018BF012722F0020242EA470242EA0422F2
:10330000C8F85C20019A0AB9012084E7264A022EF7
:10331000D2F830223ED0032E3FD0012E14BFD2B2BD
:10332000C2F30722120312F4702F7FF473AF1F4E03
:10333000F46E24F470442243F2661B4A022BD2F846
:1033400030222CD0032B2DD0012B14BFD2B2C2F3CC
:103350000722120312F4702F7FF45CAF134CD4F8E1
:10336000E03023F470431343C4F8E030636E8842C6
:1033700038BF084623F4FF73E72823F0010328BF72
:10338000E720B5F5E16F18BF43F0010343EA4003BE
:103390006366B9E7C2F30742C4E7120EC2E7C2F39D
:1033A0000742D6E7120ED4E70081E00F00300E404E
:1033B0002F4B1A6FD96C11F0010F02F0060242D0A8
:1033C000002A40D013284FD9143813288CBF10235B
:1033D00008232749013BCA6C180322F47F4240EAC4
:1033E00003231343CB64234BCA6C1B88C2F3032211
:1033F0002833013202EB820003EB5303B3FBF0F3FB
:10340000C86C013B072B28BF072320F0EE6040EA81
:10341000036343F48013CB64174BB3F90030002BE4
:1034200010DB2833500800EB420203EB5303B3FBDD
:10343000F2F30A6D072B28BF072322F0700242EA3D
:1034400003130B657047D96C01F00101114304D1DE
:10345000092809D90A380928B8E7DB6C13F00103F9
:10346000B7D01AB92728B1E70423B2E70023B0E7A1
:1034700000300E401A53002016530020064A074B16
:10348000D3F88039136F23F0070303431367044B0A
:103490001888FFF78DBF00BF00300E400000C64304
:1034A000185300202DE9F041C288B0F808808588C3
:1034B000B0F90C6047784A2A04464FD9B2F5FA7F32
:1034C0004ED340F6C3139A428CBF4FF040524FF098
:1034D00000522849CB6C23F0405323F00103002E07
:1034E000A8BF43F001031343CB64D1F8E03043F4A9
:1034F0004073C1F8E030204B1D80CB6E43F08073E9
:10350000CB661E4BD3F8800900B10420FFF7B6FF4D
:103510001B4BA3F800801B4B28461E80FFF748FF7B
:10352000A37B03B3012B22D0012260881146FFF751
:103530005FFE054678B10F4AD36B43F48063D363D3
:103540003846FFF721FEA37AA3F1200253425341EC
:103550000A4AC2F894372846BDE8F0810022B8E74D
:103560004FF08052B5E7034B074A9A65DCE7014B01
:10357000064AFAE700300E40185300200000C64308
:103580001A5300201653002077402057372110B7D8
:10359000072AF8B501F0030614461F464FF00F0145
:1035A0001FD8950000FA05F2A940154822F0C3FA89
:1035B0000321144806FA05F2A94022F0BCFA124988
:1035C0009DF81830114A214489000F60C1F88030FD
:1035D0000123A340C2F824349DF81C30C1F8003305
:1035E000F8BDA2F10805AD0000FA05F2A9400848AF
:1035F00022F0A1FA0321074806FA05F2A940DCE708
:1036000000A4004008A400408020851000A00040D5
:1036100004A400400CA4004000EB4000F8B50D46A7
:103620001F46040116463AB1154801238B40204439
:10363000C7B100F1C0600360072D4FF00F0114D82F
:10364000AB00104806FA03F29940204422F073FAC6
:103650003EB90B4A0123AB40224477B102F1C0626C
:103660001360F8BD00F18060E5E7A5F108039B0059
:10367000054806FA03F29940E7E702F18062EFE7B6
:103680000CA0004004A0004008A00040054B5A6870
:103690005B68054B41F671321A649A6822F00102A8
:1036A0009A60704700300E4000000E40034B9A684D
:1036B00022F001029A6000221A64704700000E4056
:1036C000094A0A4BD969C90705D512B96FF002003A
:1036D0007047013AF6E7002AF8D001221861DA6053
:1036E000D86940F3800070478096980000000E4033
:1036F00070B509B9002070BD0E4A0023082550F8A6
:10370000234094610C4CD5600133D669F60705D58A
:1037100014B96FF00200EEE7013CF6E7002CF8D098
:10372000D469A40702D49942E9D1E3E76FF001001C
:10373000E1E700BF00000E40809698002DE9F843B5
:103740001C4B0D4641F671311E6C19641A498046B6
:1037500048684968996841F00101B6B299609708D4
:103760004FF00009B94501D3002005E008EB8904BA
:103770002046FFF7A5FF48B10E4B9A6822F00102E0
:103780009A600EB100221A64BDE8F883C4F30A01FE
:10379000C1F500618908A7EB0903994228BF1946C2
:1037A0002846FFF7A5FF0028E6D1894405EB8105EF
:1037B000D8E700BF00000E4000300E40234B41F61A
:1037C00071311A6C10B5196421494C6849689968BF
:1037D00041F00101996001211861D960D9694C0754
:1037E00092B209D5996821F0010199600AB10022CD
:1037F0001A644FF0FF3010BD0221D9601549D86915
:10380000C00700D569B9D86910F002000BD09968DB
:1038100021F0010199600AB100221A646FF00100E1
:10382000E9E70139EBE741B9986820F001009860B9
:1038300002B119646FF00200DDE7996821F001011F
:1038400099600AB90020D6E71864FBE700000E4033
:1038500000300E4080969800014B01229A6070471C
:1038600000500E40134B1449F0B500225D68134E12
:103870001046D6F8E8714C680B687F070BD4B3F597
:10388000006F06D012D8B3F5007F02D0B3F5806F79
:1038900001D144F480742B4202D02C4208BF18435B
:1038A0000132092A01F10801E3D1F0BDB3F5803FEF
:1038B000EEE700BF00500E40C80703000040E00FD5
:1038C0008B784A789B0143EA82030A781343CA78CB
:1038D00043EA02130A7943EAC2234A7943EA0233EC
:1038E0008A79043043EA42430001014A1350704789
:1038F00000200440014B1860704700BF0000844264
:10390000437882789B0043EA021302781343C2781B
:1039100043EA4213027943EA0223427943EA02333B
:10392000827943EAC233C27943EA0243027A43EA24
:103930004243014A13607047002004400D4AD2F808
:10394000E430D2F8E0109B0003F03C03C1F3811196
:103950000B438370D2F8E03003F03F034370D2F89A
:10396000E830D2F8EC2003F0F003C2F30312134363
:103970000370704700FF0FE0044BD3F8E4301B0ED8
:103980000A3303F01F030120984070470081E00FC5
:1039900070B5054616461C4619B91448FEF7D6FE02
:1039A0000146402C1BD003D8DCB1202C1BD070BDAD
:1039B000602CFCD1042303FB06F2530803EB4113F4
:1039C000B3FBF2F30A4A203B02EAC3032A6822F05F
:1039D00060022A602A6814432C606B61E7E70623C3
:1039E000E9E71023E7E70823E5E700BF40410500CA
:1039F000F8FF7F0040F6AA63C36041F2050200238E
:103A0000036042600D4A83604361C36482640C4A70
:103A10000366904243678367C3670DD002F58062F7
:103A2000904205D002F58062904205D083657047D0
:103A300003658365C36570470365F7E7F9FF010018
:103A40000000014038B5044626F012F90FCC044DB1
:103A50000FC594E80F0085E80F00002038BD00BFB7
:103A6000A03E002047F6FF739A42F0B572D00629B7
:103A700072D83A4B5B5C022B6ED8394D05EBC30410
:103A8000DF00A17815F83330012938BF0121012B5F
:103A900013D1E0780025401AA84202D80844C0B2E9
:103AA000F0BD431BA0EB5303666836F913609642E2
:103AB000CCBF03F1FF301D46EEE760680028EFD071
:103AC000B0F90040944204DBB0F902409442B8BF20
:103AD00014468388FF2B04BFB0F90620B0F908C054
:103AE0003D440FBF01260026C8224FF0280C131BAF
:103AF00093FBFCF333446E781BB29E4201DD002B36
:103B000001DA731E1BB201339BB24FF47A7C071D9E
:103B10005D1E2DB24FEAC50E00EBC5059E42EA8838
:103B2000AD6814FB025222EAE27202F15C02B2FBBF
:103B3000FCF205DD37F83350954203F10103E7D27B
:103B400000EB0E039888904228BF1046884238BF89
:103B50000846A4E7FF20A3E70020A1E71008030020
:103B6000A03E00200629F0B561D8324B595C0229ED
:103B70005DD8314B13F83100012816D103EBC10396
:103B80009C78D8785B68012C214638BF012190428F
:103B900094BFC1EB0001C1EB0201CAB2001B82421B
:103BA000C8BF002233F91200F0BD002A3DD003EB5C
:103BB000C103596800293AD09878904202D3B1F9EC
:103BC0000200F1E7DC78B1F900009442ECD95C78AE
:103BD0008B88A3F1FF06013C734201F10405E4B2B6
:103BE000734101F10C07DEB2B44216D805EBC303F2
:103BF0004FF47A75B3F902405B686A43D21A04EB5A
:103C0000D47302EB630292FBF4F29042CCDBB1F985
:103C100002009042C8DC10B2C6E737F833C09445C2
:103C200003F10106E2D33346DDE70448BCE704486C
:103C3000BAE700BF10080300A03E00200CFEFFFF03
:103C40000080FFFF08B50448FFF7FCFEBDE8084010
:103C5000012026F032B800BF180803007FB51422F7
:103C6000002101A829F000F8044B029301A94FF0AC
:103C7000FF3026F05EF807B05DF804FB006A18001C
:103C8000024B03480122C3F8002670470010C843C6
:103C900000000F40094B98420ED003F58063984214
:103CA00009D10122064B03EBC2035A68054B1344AA
:103CB0009B0000221A6070470022F3E700000F40CB
:103CC000D00803008005F21010B504462369DB0715
:103CD000FCD404F1800021F05AFE014B236510BD95
:103CE000510545012DE9F043064689B0174698462F
:103CF0000C4600294DD1FFF7C3FF0146044630466C
:103D000021F086FF4FF0010996F86C5006F15C0136
:103D1000C5F10F06C5F10E03F6B22A460DF10100FA
:103D200001358DF8003028F0C5FF324600210DEB3B
:103D3000050028F099FFC6F110000123324600214A
:103D400068448DF80F3028F08FFF21F0C8FD04F192
:103D5000800605466946304621F019FE0E4B236564
:103D60002369DB07FCD404A9304621F02DFE284648
:103D700021F0B9FD424604A9384628F09BFFB9F16D
:103D8000000F02D02046FFF785FF002009B0BDE8F4
:103D9000F0834FF00009B7E7055101002DE9F04F1E
:103DA00089B00546DDF8489016461F460C4639BBDB
:103DB000FFF766FF01460446284621F029FF4FF031
:103DC000010B6B6C33446B6421F089FD8246D6B9DC
:103DD000504621F088FDBBF1000F0ED021F07FFD91
:103DE00005F14C01064604F1840021F0EDFD30465A
:103DF00021F079FD2046FFF74DFF09B0BDE8F08FB7
:103E00004FF0000BDDE72B79102EB04628BF4FF0A6
:103E10001008012B0DD110220021684628F024FF44
:103E200039464246684628F045FF69462046FFF776
:103E30004BFF394604F18C0021F0A9FD124B23659C
:103E4000012363652369DB07FCD404A904F1800026
:103E500021F0BAFD04A94246484628F02BFF2979F3
:103E600061B91022684628F0FFFE4946424668467E
:103E700028F020FF69462046FFF726FFC14447444B
:103E8000A6EB0806A3E700BF4805590370B50488F0
:103E900004F4E043B3F5005F05461ED1C4F30223EA
:103EA000042B1AD181F0AA6383F4807333F47E1358
:103EB000204821F47E1618D081F0AA6383F40073A1
:103EC00033F47E1311D0864230D1B4F5105F0CBFAD
:103ED0006FF086006FF0850070BDB4F5105F25D1DE
:103EE000144B21F47E119942F1E786424FEA1143C7
:103EF000C1F305411AD1B4F5105F17D104390C296B
:103F000011D813F001000ED1073A062A0BD86B889E
:103F1000C02B0BD0B3F5807FDED0802B0CBF0020F0
:103F20006FF08600D8E76FF08600D5E76FF0850068
:103F3000D2E700BF000140052DE9F04FA7B0DDE951
:103F40003475DDF8D880DDF8EC90089206461C4602
:103F50008A4629B96FF08602104627B0BDE8F08F77
:103F60000028F7D0309B002BF4D0329B13B9339B41
:103F7000002BEFD1002F7DD1002DEBD1389B002BF2
:103F8000E8D0B9F1000FE5D03A9B002BE2D0399B85
:103F9000002BDFD0338803F4E042B2F5005F74D128
:103FA000C3F30222042A70D184F0AA6383F48073DD
:103FB00033F47E1306D084F0AA6383F4007333F4E1
:103FC0007E136BD1C4F30543319AC9F80030214602
:103FD00030460993FFF75AFF02460028BCD1728889
:103FE000089BB3EBD20F4FEAD20BB3D3379B9D4262
:103FF0005FD83A9A099B93425BD8474508D27B1910
:10400000984505D239462A46404628F013FE4746D1
:10401000702200210AA828F027FE5A4651460DF1C9
:104020002D00CDF850B028F045FE234B24F47E142B
:104030009C423BD13388B3F5105F37D1D9F80030BB
:104040000693399B0397CDE90483339B0293329BFC
:104050000193319B00932A46309B01210AA821F04D
:10406000F2FE0246E0B9389B1D6070210AA821F0DB
:10407000E2FE71E7002D81D0B8F1000F3FF46AAF86
:10408000379B002B7FF47AAF64E742F2040293423D
:1040900004D184F0052383F4801390E7002393E791
:1040A000389900230B60C9F80030DEE76FF0850215
:1040B000DBE76FF089024FE7000140052DE9F04F83
:1040C000ABB0DDE938A4DDE93B6589460992984645
:1040D0000746002800F0A280002900F09F80349B52
:1040E000002B00F09B80369B1BB9379B002B40F0C8
:1040F0009580BAF1000F02D1002C40F08F801DB9DD
:104100003D9B002B40F08A803E9B002B00F0868078
:104110003A9B002B00F08280359A41463846FFF7E3
:10412000B5FE0246002866D17A88099BB3EBD20F10
:104130004FEAD20B72D33D9B9C4272D8AA4509D25A
:104140000AEB0402954205D251462246284628F041
:1041500071FDAA46702200210EA828F085FD5A465E
:1041600049460DF13D00CDF860B028F0A3FD2E4A80
:1041700028F47E1800219045CDE90A11CDE90C11F3
:1041800049D13A88B2F5105F45D1379B0293369BEF
:1041900001930AAF359B00932246CDE90457349B27
:1041A0000696CDF80CA00EA821F04DFE0246C8B927
:1041B0003A9B384603EB060C90469C451FD11EB136
:1041C0003146384621F037FEB8F1000F20D03E9A34
:1041D000002313601CB12146284621F02CFE6FF00D
:1041E000940204E01EB13146384621F024FE7021CD
:1041F0000EA821F020FE10462BB0BDE8F08F10F87D
:10420000011B13F801EB81EA0E0148EA0108D4E72B
:104210003E9B1C60EBE76FF08502E8E76FF08602DB
:10422000E9E76FF08902E6E7000140052DE9F04F6C
:104230008FB09846DDF86CA0049093460023B8F147
:10424000000F16D0D8F800401029CDE90633CDE98B
:1042500008330CBF08231023029300255D450AD3C1
:10426000B8F1000F01D0C8F8004000200FB0BDE841
:10427000F08F4446E8E75CB1199B1A9A1B5D525DCA
:10428000013453400AF8053004F00F040135E5E726
:10429000FFF7F6FC4FF4404344600360064621F00C
:1042A0001EFB029A04990746304621F0C2FB06F134
:1042B000840318461899019321F069FB3846ABEB4B
:1042C000050721F010FB27F00F0706F1A0032F448C
:1042D0000593AAF11009BD4234D11A9B3B440AADA3
:1042E00003F1100C186859682A4603C20833634565
:1042F0001546F7D10F2F0ED90AEB070306AD103B79
:104300000DF1280C2A4603CA62451860596015460B
:1043100003F10803F6D106F1800357440AEB0B09B9
:1043200003934F4536D121F0DAFA189905460198E2
:1043300021F04AFB284621F0D6FA3046FFF7AAFCC6
:104340005D468BE721F0CBFA224B0390336533694E
:10435000DA07FCD41A9B0598591921F018FB0F2D88
:104360000ED90DF1180C09EB05020DF1280E63466C
:1043700003CB7345106051609C4602F10802F6D1F0
:1043800006A906F1800021F01FFB039821F0ABFA8B
:104390001035A0E774B921F0A2FA0E4B336505463B
:1043A0003369DB07FCD40398199921F00DFB2846EB
:1043B00021F099FA04F138030DEB0302199B12F86E
:1043C000102C1B5D0134534007F8013B04F00F042F
:1043D000A7E700BF480503012DE9F74FDDF848A026
:1043E000DDE90E74DDE9106883461D46894621B972
:1043F0006FF0860003B0BDE8F08F002AF8D00FB947
:10440000002CF5D116B9B8F1000FF1D1BAF1000FB7
:10441000EED02E4B9D4215D00BD82D4B25F480713C
:1044200099420FD003F580639D420BD06FF0850059
:10443000E0E7284B9D4205D025F40071A3F5807379
:104440009942F2E7BBF80030B3F5105FEED1BBF84C
:104450000230B2EBD30FE9D3802B02D0B3F5807FCB
:10446000E4D124B3B7420AD23B199E4207D2444555
:10447000BED839462246304628F0DCFB3746164B7C
:10448000BBF802B09D424FEADB0BCFD14445AFD819
:1044900014F00F05ACD17319009301227B19594612
:1044A000484621F009FD30B91035AC42F3D8CAF8BE
:1044B000004000209EE742460021304628F0D4FB11
:1044C0000023CAF800306FF0920093E70010C00498
:1044D000004040040012C004004440042DE9F04FA5
:1044E00091B0DDE91A4ADDE91C56DDF878900746FF
:1044F0009B46884629B96FF08608404611B0BDE852
:10450000F08F002AF7D014B9BAF1000FF3D10DB92A
:10451000002EF0D1B9F1000FEDD0574B9B4515D0CF
:104520000BD8564B2BF4807199420FD003F5806362
:104530009B450BD06FF08508DFE7514B9B4505D0BD
:104540002BF40071A3F580739942F2E73B88B3F531
:10455000105FEFD17B88B2EBD30FEBD3802B02D06F
:10456000B3F5807FE6D1BAF1000F04D1C9F800A0FD
:104570004FF00008C1E7AC420BD204EB0A039D42A6
:1045800007D2B245B7D821465246284628F052FBFA
:104590002C46394B7F889B454FEAD70758D003F507
:1045A00040739B4521D0374B9B45C3D1B245A2D820
:1045B0001AF00F0B9FD140463B4608AA394621F01E
:1045C000B5FC8046002898D105EB0B030093002230
:1045D00004EB0B03394608A821F06EFC804670BB43
:1045E0000BF1100BDA45EFD8C0E7AAF10D0AB2457E
:1045F0003FD801238DF810300DF11102234604F14C
:104600000C0153F8040B42F8040B8B42F9D11B78D0
:1046100013704FF48073ADF81E300D3404ABCDE948
:1046200000334046CDE90245002352463946FFF7A4
:10463000FDFDC9F800A0804600283FF45EAF324679
:104640000021284628F010FB0023C9F8003054E769
:10465000AAF1100AB2453FF64EAF04AA04F1100CBD
:1046600020686168134603C3083464451A46F7D1CD
:10467000D4E76FF0890840E70010C0040040400410
:104680000012C0040044400410B54FF42F720446D9
:10469000002128F0E9FA8023C4F88C30054BC4F8D7
:1046A0008430012384F8883004F19C00BDE8104078
:1046B00021F053B8E008030010B5D0F8A0400A4636
:1046C00084B921F03EFE044610B90024204610BDF6
:1046D0002D2896BF064B074953F82010064821F0B5
:1046E00077FFF3E7D0F8A4101046A047EDE700BF2E
:1046F00088090300E3080300382F0300F8B590F899
:104700008060044616B100263046F8BD21F04AFC10
:104710000028F8D1012384F8803094F8883033B130
:10472000D4F88410194884F8886021F051FF4FF0C4
:10473000FF37D4F8B402421C1CD0C4F8B47210F095
:10474000FF0520D0204621F02AFC2946204600F013
:10475000AFFB0028EDD0204621F02FFC94F88830E4
:104760006BB1D4F88410094821F032FF002384F89B
:10477000883004E021F011FF431CE0D10126002322
:1047800084F88030C0E70126D3E700BFF22B030096
:10479000F8B50B78302B04460D46164604D14B78FD
:1047A00003F0DF03582B11D0284F6A1E12F8011FA7
:1047B000002935D128460A2220F0DEFB202C0346B2
:1047C0000D4632D1B1FA81F040091BE04A1C1F4965
:1047D00012F8013F93B9284628F07AFA1C4B23407F
:1047E000032BA0F1020012D10134A41084420AD19B
:1047F000A87837288CBF0020012003E0CB5C13F0A1
:104800004400E5D1F8BDCCBF01200020FAE7002C20
:10481000B8BF0334B0EBA40FD4BF01200020F1E7F0
:104820007B5C13F00400C1D1ECE726B1084302D051
:10483000013B61F100050122A240013A1A40002D1E
:1048400008BF9A420CBF01200020DBE7AF710300D4
:1048500003000080F0B503787B2B014617D10D4F84
:1048600006460224002216F8015F7D2D05D10B5D5E
:104870006BB9D24302F0010008E07B5D13F0440005
:1048800002D001320134EEE7202DFBD0F0BD002034
:10489000FCE700BFAF71030070B506460D4628F077
:1048A00017FA0446304621F093FE044EAC4200D382
:1048B00070BD304621F08CFE0134F7E71823030069
:1048C0002DE9F84F044602216048FFF7E5FF1E215D
:1048D0002068FFF7E1FF6368586821F079FE5C48C3
:1048E00021F076FE67683B7BFD2B12D8D7F8088055
:1048F000DFF85891DFF8B4A1DFF870B1404628F036
:10490000E7F90C3706464FF0FF3417F8013BFF2B51
:1049100001D1BDE8F88F212B14D8212B14D8DFE862
:1049200003F0178C8884807C78741313131313138B
:104930001313706C6864605C5854131313131313CF
:104940001313504CFE2B34D006B10134414D02E01C
:1049500006B10134404D02214846FFF79DFF1E215C
:104960004846FFF799FF504621F032FE5946284647
:1049700028F096F93949002818BF2946384821F00F
:1049800027FE3B78202B02D12B2021F015FE354845
:1049900021F01EFE4EB118F804301F2B05D018F878
:1049A00004001F2801D0B4424BDB294821F010FE3F
:1049B000ABE706B101342C4DCDE706B101342B4DE8
:1049C000C9E7002EA1D001349FE706B10134284D7C
:1049D000C1E706B10134274DBDE706B10134264DCC
:1049E000B9E706B10134254DB5E706B10134244DD0
:1049F000B1E706B10134234DADE706B10134224DD4
:104A0000A9E706B10134214DA5E706B10134204DD7
:104A1000A1E706B101341F4D9DE706B101341E4DDB
:104A200099E706B101341D4D95E706B101341C4DDF
:104A300091E706B101341B4D8DE706B101341A4DE3
:104A400089E721F0B9FD0134A9E700BFB70A0300E7
:104A5000BF0E03004D0A0300470A03009E0A03002D
:104A6000F22B0300A51D0300E5CF0200550A030049
:104A70005E0A0300650A0300700A03007A0A030055
:104A8000840A03006F0A0300790A0300830A030003
:104A90008C0A0300900A0300980A0300410A0300ED
:104AA000480A0300970A0300400A0300F02F03009E
:104AB0002DE9F04F9BB005468B460092049328F0F9
:104AC00007F9249F049B059000241C600AAA3C60FF
:104AD00009A9284621F09DFD064658B90A9828F0F4
:104AE000F7F8049B1860D5F89C3003933446B14620
:104AF000039B1BB920461BB0BDE8F08F039B9B684E
:104B00000193002B69D02E4416F8013B202B12D0C4
:104B100000260C23019A734302EB030AD358029335
:104B2000002B55D0DDF82480C84551DB9AF80830B9
:104B30002BB1721C35E03B6801333B60E4E73B6816
:104B4000D5F894200299D21A049B1A601AAB03EB91
:104B5000890353F8403C0693184628F08DF80790D7
:104B60000028E6D1029828F0B3F8DAF80410079A82
:104B7000D7F800A00346087BFE2816D108F1FF38BD
:104B8000C8452ED00B6806980292019328F0A0F831
:104B90000AF10103029A0344E95C21B13B6009F187
:104BA00001091646B5E70133F6E7D5F89420A2EBE4
:104BB0000A029A42BDDC5846069328F089F8069B03
:104BC00003447B2B1DD91F4A0099584620F0ECFD69
:104BD000059A2B462A449A422AD1039B1B680393C9
:104BE00086E7D5F89420A2EB0A029A42E3DDD1F8D9
:104BF000008058F80C2B82B9059B3B60049B1A601F
:104C0000E6E7029A0099584620F0CEFD0E4A009938
:104C10005846013420F0C8FD8BE70099584620F033
:104C2000C3FD094A0099584620F0BEFD0134E0E773
:104C300013F8011B0029CED14FF0200103F8011C0D
:104C4000C9E700BFA00A0300182303002DE9F047BD
:104C500086B0DDE90EA800241C60064689468AF865
:104C600000401168154888F8004017461D468DF829
:104C70001740FDF7BFFA18B92B6801332B600124E8
:104C8000D6F89C60002036B914B1012388F80030B2
:104C900006B0BDE8F087B06868B14B46CDE902A820
:104CA000CDE900750DF11702002121F0E9FA9DF818
:104CB0001730002BE8D13668E5E700BFA50A0300EE
:104CC0002DE9F0430026ADF5457D04467C223146B2
:104CD00005A802AF049627F0C7FF009703AB802218
:104CE00004A92046FFF7E4FE01283ED104A827F0DE
:104CF000EFFF03993B68A0EB01080B44234428EA2B
:104D0000E878054604A801444246184627F0D2FF39
:104D100000F80860D4F89060039B3968D4F89020BC
:104D20001944B14212DCD4F89410E81A0244C4F8D1
:104D30009020014404AAC4F89410D41825182B1B01
:104D4000002B0DDC0DF5457DBDE8F083A05C21F066
:104D500033FCD4F890300133C4F890300136DBE7EF
:104D600014F8010B21F028FCE9E7EBDD24AD8022EB
:104D70003146284627F078FF44AB4FF400723146A5
:104D8000184627F071FF0DF1100903464A464FF00F
:104D90000108314612F8016B002E49D104A843F8EE
:104DA000281027F095FF2946334619F8016B0DF5B9
:104DB000887C5CF8042B824243D10133984501F88A
:104DC000016BF2DAD4F89060039BB34242DC364ABE
:104DD0003648234604A921F0FBFB284627F078FF3C
:104DE000039B3F6806461F44F61AE0191D4426EA55
:104DF000E67204F198031744984204EB07014ED27F
:104E000004F1900399424AD96A1E81190B1A002BAA
:104E100039DD12F8013F00F8013BD4F8903001333E
:104E2000C4F89030D4F894300133C4F89430EDE7EE
:104E3000202E01F1010104BF43F8281008F10108F8
:104E4000A8E70DF1100E7244D25CB242B1D000223C
:104E5000EA54B7E7D4F89030E05C21F0ADFBD4F829
:104E600090300133C4F890300136ADE7D4F890208B
:104E70000132C4F89020D4F894200132C4F8942070
:104E8000013B002BF2DC0023E3552E44731B002B67
:104E90007FF758AF15F8010B21F08EFBF6E7294696
:104EA00027F008FF3346ECE7E0080300AA0A0300F6
:104EB0002DE9F843D0E9245604460F46002294F821
:104EC0009830012B07D10A2F07D1002384F898309E
:104ED0000020BDE8F88300F29F801B2F01D1022340
:104EE000F4E70D2F0DD1012384F898300D2021F027
:104EF00063FB0A2021F060FB0023C4E92433012076
:104F0000E7E74FF00008082F84F8988034D1454532
:104F100030DDB5420FD1384621F04EFB013D202057
:104F200021F04AFB384621F047FB04F80580013E9A
:104F3000C4E92456CCE7FBDA05F1FF39384621F005
:104F40003BFB04EB0903A6EB09026119184627F0A5
:104F500071FE04F806800146484821F039FB013E05
:104F600035464D4501DC4D46E2E7082021F024FBA3
:104F7000013DF6E7ACD0DBE77F2F1CD1002EA7DD8B
:104F8000B542A5DA6319691C2144721B184627F043
:104F900051FE04F806800146394821F019FB08202B
:104FA000013E21F009FBB542F9D1D4F89430013B20
:104FB000C4F894308CE70A2F98D0092F03D12046EB
:104FC000FFF77EFE84E7D4F88C30013BB3427FF7D5
:104FD0007FAFB54204EB050805F101090CDB88F849
:104FE0000070D4F89430C4F890900133C4F8943031
:104FF000384621F0E1FA6BE7721B414604EB0900E9
:1050000027F018FE404621F0E3FA0820013E21F087
:10501000D3FAB542F9DDE2E7022B06D15B2F01D1CD
:10502000032353E784F8982049E7032B7FF450AF1C
:10503000413F84F89820032F3FF64AAFDFE807F09E
:1050400002070A160121204621F067FA40E74FF0D7
:10505000FF31F8E7B542BFF63BAF605D21F0ACFA37
:10506000D4F890300133C4F8903031E7002D7FF749
:105070002FAF013DC4F890500820BAE7B30A0300EF
:105080008A1E03007FB5094B6A4603F110061546D8
:1050900018685968144603C40833B3422246F7D14E
:1050A0002846FEF7FFF9002004B070BDB80A0300DF
:1050B00070B5184B86B001AA03F1100615461868A2
:1050C0005968144603C40833B3422246F7D11B88FB
:1050D0002380114BD3F8B420120316D5A3F5004357
:1050E0004FF6FF721B88934208BF4FF4B4730B480E
:1050F000ADF80A30FCF7A0FF2846FDF7D3FD3220BB
:10510000FDF706FC002006B070BDD3F8B830C3F33D
:105110000803ECE7C80A03000081E00F00F0490231
:1051200010B50C480C4C6FF00403A02113F0800F55
:1051300003F1010207D123442F2A83F800131346F9
:10514000F4D1002010BD03F00F03043B0344197693
:105150001346EBE700ED00E000E100E010B5044687
:1051600020F0BDFB024B1C6020F0BDFB002010BDF9
:10517000C83E002010B520F0B2FB034B1C6820F0A5
:10518000B2FB204610BD00BFC83E002038B50C461B
:105190001546014610B9FFF7EDFF01462B462246A2
:1051A000034808F069FF0028D4BF3720002038BD2D
:1051B0007B67020007B501F00DFB6A4601F0F6FBC4
:1051C00018B10448522100F0DDFADDE9000103B016
:1051D0005DF804FBDA0A030008B501F02FFA18B1F4
:1051E00002487A2100F0CEFA002008BDDA0A030056
:1051F00008B500F025FA0D4A536A43F4E0235362E0
:10520000EFF308830A4A043B4FF0CD31934209D2B1
:10521000084B01221A61FFF7DFFFBDE8084006488E
:10522000FEF710BC43F80419F0E700BF00ED00E002
:105230000000002000300E401808030007B50422CB
:105240000DEB0201002024F0F0FC042804D00548F6
:1052500040F2671100F096FA019800F0D9FB03B014
:105260005DF804FBDA0A030010B50A0A414007485A
:10527000C9B2082301F00104490804B14140013BCF
:1052800013F0FF03F6D181EA020010BD2083B8EDD0
:105290002DE9F843134C144EDFF85480134FDFF818
:1052A0005490002523780BB9BDE8F88356F8043BE9
:1052B00022464146002021F069FA22782346013433
:1052C000002AFAD15B7853B105F00303032B0CBF1E
:1052D00039464946002021F059FA0135E2E73946BE
:1052E000F8E700BF5610030000200020BE0E0300A8
:1052F0003B0B0300214203006B4B1B8840F6052249
:1053000093422DE9F0410ED8B3F5206F0DD840F24D
:105310000252934218D040F20172934220D040F2E0
:10532000015293420AD0BDE8F081A3F602235F4CFC
:10533000032B1ED8DFE803F0376396B25C490020E8
:10534000BDE8F04121F022BA5A49002021F01EFAAE
:10535000564B1A6C5849BDE8F041002021F016BAAE
:10536000524A5649BDE8F041D2E92423002021F0F9
:105370000DBA5349002021F009FA94F868309E07CD
:1053800003D55049002021F001FA94F86B305D06F6
:1053900003D54D49002021F0F9F994F96B30002B29
:1053A000C1DA4A49CBE74A49002021F0EFF994F8E5
:1053B0006430980704D0226C3F49002021F0E6F9C0
:1053C00094F96430002B04DA226F4249002021F066
:1053D000DDF9414FDFF80C8100250126626E06FAE7
:1053E00005F3134207D057F8252013781BB1414627
:1053F000002021F0CBF90135082DEFD193E7374993
:10540000002021F0C3F92C49226C002021F0BEF9C4
:1054100094F86530590703D53149002021F0B6F9D9
:1054200094F96530002B04DA226F2A49002021F01C
:10543000ADF9294E2B4F0825636EEB40DA0707D5EF
:1054400056F8252013781BB13946002021F09EF92B
:105450000135102DF0D194F8640000287FF463AF7B
:1054600021496DE721491C4E1E4F002021F08EF985
:10547000226C1149002021F089F91025636EEB4060
:10548000DB0707D556F8252013781BB139460020D5
:1054900021F07CF901351A2DF0D144E714490020A0
:1054A00021F074F9226C55E71C53002000200020E5
:1054B000450B0300830B0300B40B0300CF0B030069
:1054C000EB0B0300040C03003F0C0300730C030000
:1054D000B00C0300D60C030074170300FD0C03008E
:1054E000150D0300F40C03005C0D03008D0D03008B
:1054F000A70D03002DE9F04F424CD4E90D32D4E959
:10550000121B580748BF0026D4F83CA05DBFD4F852
:1055100050803D4EDFF81C91DFF81C915ABF8B463E
:105520009246B04613F0080F384B394A394918BF34
:105530001A46B6EB080718BF7D0885B01BBF642369
:1055400003FB0B553D46B5FBF7F54B4618BFADB217
:10555000CDE9016ACDF800800020BFB221F016F934
:10556000CDE900972C492B461FFA8BF2002021F041
:105570000DF9B24501D8C24504D228494A46002057
:1055800021F004F9D4E91703184338D02449254FF2
:10559000DFF8A880002021F0F9F800250126E26D4F
:1055A00006FA05F3134207D057F8252013781BB1EC
:1055B0004146002021F0EAF80135202DEFD11A4FA5
:1055C000DFF8788000250126226E06FA05F31342E3
:1055D00007D057F8252013781BB14146002021F051
:1055E000D5F801350E2DEFD11049002021F0CEF86D
:1055F0000E49002005B0BDE8F04F21F0C7B80C49B6
:10560000F4E700BF0020002000200020CE0D0300A2
:10561000D50D0300DD0D03000F0E0300490E03003E
:10562000680E0300BC1603003C170300BF0E030006
:10563000980E0300C90D030098360300F12B0300F8
:1056400010B5FEF70FF90446FEF706F9E30721D47B
:1056500001221046114600FA01F3234002F1010233
:105660001AD0214B33F811302049062B19D040F2C3
:105670000722934212D14FF000524FF20F0054888C
:1056800084420BD11088984208D14CF23C335380AD
:10569000088010BD0021E4E7112ADBD1134A1380F2
:1056A00012E04FF000534FF20F025888904218D189
:1056B0001B88B3F5406F28BF4FF4C0630B804FF0D9
:1056C00000534CF23C325A80084B1A8840F2017366
:1056D0009A4201BF064A074BD2E90001C3E9000123
:1056E000D7E74FF4C063E9E7341003001C530020F0
:1056F00090200020CC3E0020014B1888704700BF4E
:105700001C530020014B1888000A70471C530020CE
:10571000044B05481B881A0AB3F5406F38BF00EBED
:10572000820070471C53002004100300044B1888AB
:10573000044B020AC0B253F8223003EB80007047DA
:105740001C530020D40F030010B5044620F0CEF8FF
:105750004FF000534FF20F021C805A80BFF35F8F4F
:10576000BFF34F8F0549064BCA6802F4E06213434A
:10577000CB60BFF34F8F00BFFDE700BF00ED00E03F
:105780000400FA0538B504460D4624F06CFF0849BC
:105790002B462246002020F0F9FF21F050F820F09F
:1057A000A5F829462046BDE8384021F02EB800BFB4
:1057B000AE0E03006B4A6C4B2DE9F04155685D65F8
:1057C000516A996569496A4CD1F80002D865D1F8E7
:1057D00004121966916A5966D16A9966116BD96685
:1057E000516B1967D26B586B5A67D3E90E1210F0E0
:1057F000040F18BF11465F4A1A6500209142D86411
:105800005DD301F12000A04259D888691864C5F31E
:105810000805CE695E64062D55D1574DA84252D376
:10582000564DA8424FD205884DF6426085424AD176
:105830001868C3F890005868C3F8940040F20170EB
:10584000A242154605D22E68B6F1CD3F02F1040200
:10585000F6D00022C3E91E22C3E92022C3E9222296
:10586000641BDFF814C1424DDFF810E19C648D42E7
:105870002CD8D3E91EC7D3E92065D3E922414FF0E4
:10588000000E013AD2B2FF2A3BD1BEF1000F05D083
:10589000C3E91EC7C3E92065C3E92241B3F8543008
:1058A000C3F30803DA1E0F2A52D8DFE802F0345897
:1058B000414451515151514E515151515138002192
:1058C000C3E910112B494FF42060B9E755F8044D96
:1058D0006445CCD37445CAD2E607C8D5284F002604
:1058E00057F8048FA045C2D00136062EF8D132B148
:1058F000013AD2B202F11E0643F82640B7E705226C
:10590000F8E7E0464FF0010EBC4637462E462546E6
:105910000C464146B5E740F60120BDE8F081194B41
:10592000DB6913F0020F40F2025318BF1846F4E788
:1059300040F60320F1E740F2017240F60423B0F58F
:10594000206F14BF10461846E7E740F60520E4E74D
:10595000013B40F607223D2B98BF1046DDE740F69D
:105960000220DAE700ED00E00020002000E100E086
:105970000020002000000020FC00000000CD0200FC
:10598000742000200020054000F00CB800F00AB898
:1059900000F008B800F006B800F004B800F002B853
:1059A00000F000B872B61EF0080F09D01EF0040F08
:1059B0000DD0DFF850E0AEE8FF1F6FF002000CE002
:1059C000DFF840E0AEE8FF1F6FF00E0005E0DFF803
:1059D00034E0AEE8FF1F6FF006006946EFF309827E
:1059E0008EE8070086460848084C854501D3A54542
:1059F00001D384F30888FFF7DDFE84F30888FFF7FE
:105A0000A3FE000000200020400000200020002015
:105A100083B24BF6EF62002B08BF1346044A000C1A
:105A200013804FF6CE2308BF1846024B18807047EC
:105A3000BC240020BA2400200B4BB3F900201888A6
:105A4000002AB8BF80F0620042001A80074AB2F90B
:105A5000001013880029BCBF83F4805383F00B032C
:105A60005900118058407047BC240020BA240020FF
:105A700008B501F087F960B10A4B0344072B0DD834
:105A8000072B0BD8DFE803F00C060A080A0A0A0401
:105A9000C12008BDC320FCE7C420FAE7C520F8E711
:105AA000C220F6E7FF1FFF0FF0B551B1002807DA5B
:105AB0002D23B0F1004F137000D04042012100E0CF
:105AC000002100250E4F2C4657F8046B002301E0FF
:105AD000801B6346864203F1010CF9D913F0FF03E2
:105AE00000D125B14D1C30335354E9B201250134A6
:105AF000E4B2092CE8D130305054481CC0B2F0BD9B
:105B0000E41703002DE9F04F002495B021468046AC
:105B1000164603A8442202949A4627F0A5F8A14607
:105B2000274602AC2546317859B9641BE4B22246B7
:105B300029460020C047002840F08F803819C0B2A5
:105B40008CE0252918D0B9F1000F19D104F8011BF8
:105B500012AB9C42C0F0D380641BE4B229462246BB
:105B60000020C0470146002877D13C4448222846FF
:105B7000E7B227F079F8C1E0B9F1000F00D10136A2
:105B80003278622A47D021D8252A3ED004D8002A6C
:105B9000CBD04FF00009DBE7392A15D82F2AF8D9E6
:105BA000717801F0DF01582940F0D880322A06F1DF
:105BB000010940F0C08020463AF8041B042220F07E
:105BC00045FE04464E46E4E7582A15E0632A6BD0AA
:105BD000A2F1640C5FFA8CFCBCF1140FD9D8614BB4
:105BE000012101FA0CF010EA030940F08A8010F458
:105BF000104060D1BCF1140FCBD120461AF8041B21
:105C0000022220F023FE0446C3E7214601F8022BBE
:105C100062700C46BDE7DAF800300193DAF8043020
:105C200000934FF000090DF1480B009B994502D1FC
:105C30000AF1080AADE7019B204613F80910022279
:105C400020F004FE5845044612D3441BE4B2294612
:105C500022460020C047014618B1002015B0BDE81B
:105C6000F08F4822284626F0FFFF3C44E7B22C463E
:105C7000009B5A1E4A4584BF202204F8012B5C4534
:105C80000FD3641BE4B2294622460020C0470146D8
:105C90000028E2D14822284626F0E6FF3C44E7B23D
:105CA0002C4609F10109C0E7534653F8042B04F8C8
:105CB000012B9A466DE7641BE4B22246294648460A
:105CC0005AF804BBC0470028C7D13C444822494683
:105CD0002846E4B226F0C8FF5FFA89F34F461BF866
:105CE000030009F101090028F6D1FFB23A465946EE
:105CF000C0470028B1D13C44E7B281462C4601366A
:105D000011E76C2ADAF800000AF104090FD1737860
:105D1000752B01D0642B04D1B3F1750118BF01219B
:105D200001362246FFF7C0FECA46044431E7752A11
:105D300008BF0021F5E7342A10D15646042256F850
:105D400004AB20464FEA1A4120F080FD1FFA8AF189
:105D5000042220F07BFDB246044633E74FF00109F0
:105D6000F6E600BF0101020008B5054813460A46E1
:105D70000021FFF7C7FEB0FA80F0400908BD00BF60
:105D800041680200054B1A782AB95B78002B0CBFDA
:105D90000320022070470120704700BFBD5800203B
:105DA0000329F8B598BF134B054698BF5C5C0E46B7
:105DB00088BF0024032805D8DFE800F002080B0E96
:105DC00044F002040C4B1F684FB9F8BD44F00804BE
:105DD000F8E744F02004F5E744F08004F2E77B683C
:105DE0001A68144203D05B683146284698473F68DA
:105DF000EAE700BF08180300003F002038B5104D47
:105E00002B78ABB10F4C23781BB120F040FD002361
:105E10002370002020F03CFD0B4C50B100F0D2FA72
:105E2000002320782B700121FFF7BAFF0123237094
:105E300038BD064B01221A70054B22781A70F7E71D
:105E4000B9580020B7580020BF580020BA58002089
:105E5000BB58002010B51FF042FD064B1B780446CE
:105E60001BB1BDE810401FF03EBDFFF7C7FF204645
:105E7000F7E700BFB6580020094A137830B1013364
:105E80001370084B1B78012B03D87047013B13702C
:105E90007047054B1B780BB9FFF7B0BF704700BFC9
:105EA000BD580020BF580020BA58002070B5144ECD
:105EB0001FF015FD33780546ABB900F0BFFB044673
:105EC00020B128461FF00FFD204670BDAFF30080C3
:105ED0000C481FF042FC00F015FF0B4B1C6000F05B
:105EE00093FC0A4B186000F0EFF920F0D3FC084B4C
:105EF000186001232846337000241FF0F4FCE3E708
:105F0000C0580020003F0020D43E0020FC3E00206E
:105F1000D83E00202DE9F843284A0138135C39B1F6
:105F2000274F397801330129135404D8BDE8F88389
:105F3000013B1354FAE7FFF725FF0128044635D843
:105F4000DFF888801FF0CBFC98F80030054613B3CB
:105F50001C4E33781BB9012232701B4A1370DFF8D4
:105F6000709099F8003023B120F091FC002389F85B
:105F7000003028461FF0B7FC012020F089FC1FF0FC
:105F8000AEFC337805461BB100F01CFA00233370D9
:105F9000002388F8003028461FF0A5FC387884429A
:105FA000C4D02146FFF7FCFE3C70BFE70329F5D1C2
:105FB0000228F3D100F052FAF0E700BFBD580020EC
:105FC000BF580020B6580020BA580020B958002009
:105FD000B758002038B51FF082FC094B1B78012B05
:105FE000054604D81FF07FFC0024204638BD054B31
:105FF0001C6800F025FA044428461FF074FCF4E7FE
:10600000BF580020D43E002038B5416004461FF040
:1060100066FC2146054604481FF0A2FB2846BDE861
:1060200038401FF060BC00BF003F0020054B1B68DC
:10603000584300F57420044B00F23F20B0FBF3F00E
:10604000704700BFFC3E002040420F002DE9FF4793
:10605000EFF3108772B6AFF300801FF0C6FA002886
:1060600071D0714EDFF8E481337823B10020FFF75F
:1060700003FF00233370FFF785FE0446002869D034
:10608000841EE4B2012C6CD9FFF77CFE0128674C1A
:10609000DFF8BC91054600F28E802078A84205D03A
:1060A00099F80030002B00F0B2802570207800F0C5
:1060B000B1F999F8003013B15D4B1B782370AFF341
:1060C000008007B962B6EFF3108772B6594B1A78A1
:1060D00052B100221A70564B20781B78984203D197
:1060E00001212170FFF75CFE534800F0E1FA1FF038
:1060F00090FA05460028B7D1DFF8588198F80030AB
:10610000A3B189F80000DFF8409199F800301BB185
:1061100020F0BDFB89F80050002020F0B9FB0028DA
:1061200079D000F04FF9002388F80030337823B19C
:106130000020FFF7A1FE0023337020780021FFF735
:106140002FFE00232370AFF3008007B962B604B0BE
:10615000BDE8F0873378002B96D0FFF78DFE3470C2
:1061600092E703A9002000F0F1FA044600288BD141
:10617000D8F80030039A9A4205D80120FFF77CFE38
:106180000123337080E72D4B1D6800F059F9039B04
:1061900005449D42F1D200F077F982000399264828
:1061A00042F0020292B2CDE900422346244A491B42
:1061B00020F074FB68E7DFF89CA09AF80030CBB9B8
:1061C00020F062FB2078854203D099F80030D3B1EB
:1061D00025709AF80030002B7FF468AF194B1B78BC
:1061E00023B920F053FB184B01221A7001238AF8BF
:1061F00000305BE7207885423FF458AF99F80030D3
:10620000002B7FF452AF2946FFF7CAFDE0E729468D
:10621000FFF7C6FD49E7012000F0FCF807B962B6B8
:10622000EFF3108772B677E7B8580020BF58002008
:10623000BB580020B4580020DC3E0020D43E002093
:10624000555E0000BC580020B7580020D83E002002
:10625000BA580020B958002010B51FF040FB054B7C
:1062600000221C781A701FF03EFB00F06BFC2043EC
:10627000C0B210BDB558002073B5114E33788342BB
:1062800004460ED000230F4DADF8043058B101A8DC
:10629000FCF762FE1E20FFF7C9FE2B681B1A2B605D
:1062A000347002B070BD022301A88DF80530FCF7F0
:1062B00053FE1E20FFF7BAFE2B680344EFE700BF32
:1062C000FE240020083F002073B5284C002501A8BB
:1062D000636A636A8DF80450FCF74CFF2846FFF7A9
:1062E000CBFFD4F8903003F00403AB42204B14BF33
:1062F00001222A461A70D4F890301E4CC3F30033A2
:10630000237005D04FF41670FFF790FE1A4B1860FB
:1063100023781A4DEBB11120FCF718FA1349D1F884
:106320000031C3F3042303FB000292B14C6C144E02
:10633000C4F30B44002301341946501E04EB8404BB
:10634000E4FB06011EF0E2FAFFF770FE2B6803443F
:106350002B606420FFF76AFE2B6803442B60034B1D
:10636000D3F89020074B1A6002B070BD00400E4079
:10637000C3580020C1580020103F0020083F0020D3
:1063800040420F00043F002008B50B4B1B7893B12F
:10639000022000F089FC70B100F008FA58B1002228
:1063A00001210220FCF754FB20F0BBFA034B1860DC
:1063B000034B01221A7008BDC35800200C3F002077
:1063C000C258002038B50E4C0E4D23782BB92B78CF
:1063D0001BB120F0A6FA0C4B18601FF0AAFB2B781B
:1063E0006BB10A4AD2F890301B07FBD520F099FA1E
:1063F000054B1B68C01A064B18600023237038BD7C
:10640000C2580020C35800200C3F002000400E401E
:10641000103F002002280AD003280BD001280CD1FD
:10642000064A136923F00403136130BF704700204C
:10643000FCF7A4BD0020FCF7D7BD704700ED00E0DD
:10644000044B1B680BB103EBD303034A10681844D9
:10645000704700BF103F0020083F0020084B45F662
:106460000E02D3F88011C3F88021064A126802F4A4
:10647000A0721A66CA0744BF0022C3F88021704781
:1064800000400E40043F0020014B1878704700BFC9
:10649000C358002038B500F0A5FB094C094B1A6819
:1064A00023680025C31A2AB123B15169994203D345
:1064B000C91A5161206038BD55615B1A9268F2E7D4
:1064C000183F00201C3F0020C38870B504460D46CD
:1064D0003BB9FFF77FFD8542064602D220F0C8F99E
:1064E00035460E4965610B688BB90C60A3600DE001
:1064F000AD1A9A68656118466AB113465A69AA428C
:10650000F6D930B18460521BA3605A6170BD00207F
:10651000F4E70C60F7E79C60A260F7E71C3F0020FF
:1065200038B5134D2B685B6993B1124A1468022089
:106530001C4400F08BFB204600F05AFB0E492A68F1
:1065400000230B70D088800709D501230B7038BD5C
:10655000022000F07BFB022000F09EFBEEE7926839
:10656000002AF4D050690344012BEBD9EFE700BFB8
:106570001C3F0020183F0020C558002070B516466B
:106580009DF814200271049A0260C0E903360022CB
:10659000BDF81830826004460D46C380EEB900F0A5
:1065A00021FB2844A0619DB12E461FF098F90546B5
:1065B000FFF770FF31462046FFF786FF104B1B6840
:1065C000A34201D1FFF7ACFF28461FF08CF902E08F
:1065D000E36865617BB9002070BD00F003FB3044C7
:1065E000A061002DE0D1E3686561002BDDD021685A
:1065F00020469847D9E7216820469847EBE700BF37
:106600001C3F00200C490B6800227BB183420AD159
:1066100083687AB1936083681BB15A6941690A44FF
:106620005A61002070471A469B68EEE70028EFD0B9
:10663000022070470B60EEE71C3F002070B5154E3E
:106640001FF058F934780546FCB9134B1C60134B06
:106650001C60134B1C8000F081FA012000F0F6FA58
:1066600000F04AFB0F4B0246186020B928461FF085
:1066700047F9232070BD23460B4840F2E7311EF056
:1066800045F90A4B18600123337028461FF038F98A
:106690000020EFE7C65800201C3F0020183F0020D4
:1066A0001E530020203F002018FCFFFF143F002055
:1066B00070B5044640B31FF012F9144E0546FFF7BB
:1066C000E9FE3068A04209D02046FFF79BFF044650
:1066D000B0B128461FF007F9204670BDFFF792FFC2
:1066E00004460028F5D133683BB9022000F0BCFA1B
:1066F00028461FF0F8F80024EEE7FFF711FFF7E750
:106700003368002BF4D1F0E72224E5E71C3F00209A
:1067100038B50C460546A8B1A1B100230B701FF097
:10672000E9F8094B1B68012133B91FF0E9F8002093
:1067300038BD9D4204D121702278002AF9D0F4E7B7
:106740009B68F1E72220F3E71C3F0020F8B50646DE
:106750000F461FF0CFF8134B1B680446002523B9E2
:1067600020461FF0CDF81B2011E05A691544DA8845
:10677000B2420DD10C4E00F035FA3368C01AA8426F
:106780000AD3002320463B601FF0BAF80020F8BD72
:10679000FF2EEFD09B68E2E700F024FA33682B4429
:1067A0001B1AEFE71C3F0020183F002008B5074BDD
:1067B000187848B120F0B5F8054B1B689B69C01AE2
:1067C00002288CBF0020012008BD00BFC558002052
:1067D0001C3F002070B51FF08DF8064600F002FA4D
:1067E000084B1D8804460120ADB200F05DFA18B1D7
:1067F00000F0F8F90135044630461FF081F82046D4
:10680000294670BD1E530020014B1868704700BF19
:10681000203F002038B5074B1D680446002140F298
:10682000E7304FF47A720023E5FB04011EF06EF8A6
:1068300038BD00BF203F0020F8B50C4B1B688342D9
:1068400005460E460FD30A4B00241F6840F2E7307E
:1068500021464FF47A720023E5FB07011EF056F83B
:1068600030602046F8BD2120FCE700BF143F002027
:10687000203F00202DE9F04186B0984600230D46C8
:1068800017468DF81330064680B30DF11301FFF75C
:106890003FFF9DF813305BBB05A92846FFF7CCFFEF
:1068A0000446F8B9134B18684FF47A720023A5FB1D
:1068B00000011EF02BF8C2F57A7189B2B1F57A7F2A
:1068C000BDF83430F48308BF0021B183059A0293E8
:1068D0009DF830301146CDE9008330463B46FFF746
:1068E0004DFE0446204606B0BDE8F0812224F9E7BB
:1068F0000224F7E7203F0020F0B50C4687B016468B
:106900001F46054630B305A92046FFF795FFF8B9A5
:10691000114BE8831B685C434FF47A73B4FBF3F2CA
:1069200003FB1244191B89B2994208BF0021A983B5
:106930002846FFF7BDFEBDF83430059A02939DF856
:1069400030301146CDE9007328463346FFF716FE76
:1069500007B0F0BD2220FBE7203F0020014B186864
:10696000704700BF143F00200F4B1A6810B59AB152
:10697000531E4FF47A711342A0FB01010ED1B2FAFB
:1069800082F2C2F11F04531CE040D24301FA03F328
:10699000184321FA02F20243104610BD00231DF0F5
:1069A000B5FF0246F8E700BF203F002038B5154B81
:1069B0008342154B8B41144621D3144B1A68F2B114
:1069C0004FF47A75A0FB050305FB0131531E1342FA
:1069D00011D1B2FA82F2C2F11F05531C01FA03F37E
:1069E000D243E84021FA02F218431043E940C4E9D7
:1069F0000001002038BD00231DF088FFF7E72120AB
:106A0000F8E700BFEFA7C64B37894100203F0020C1
:106A1000C2072DE9F84304460BD5474A13880133D2
:106A20009BB21380FFF736FD444B1B680BB1FFF799
:106A300077FDA3077DD51EF05DFF0546FFF72AFD14
:106A40004FF000083D4F46463C680CB163698BB17E
:106A50003B4B0022012E1A7003D118F0020F18BF11
:106A60001E70002C61D0FFF75BFD2846BDE8F8439F
:106A70001EF046BF23465A693AB91A7921799142E4
:106A800088BF1C469B68002BF5D128461EF038FFB6
:106A90002569DDB100F0A6F8A269A0EB02084FEA73
:106AA000E873A84573F1000311DB23691344A36164
:106AB000E368B4F80680013613B121682046984790
:106AC0001EF018FF0546FFF7E5FCBDE7A8461EF0DF
:106AD00011FF81462046FFF795FD48461EF010FF46
:106AE0002369002BE4D0A38BB5EB080533B1E28B0F
:106AF00013449BB2B3F57A7F0FD2E3831EF0FAFE04
:106B0000294680462046FFF7DFFCA369226913442B
:106B1000A36140461EF0F4FECAE7A3F57A73E3834F
:106B2000A369013B013DA361E8E7022000F09CF866
:106B30009BE7BDE8F88300BF1E5300201C3F0020E8
:106B4000C458002010B51EF0D5FE034B1C781EF073
:106B5000D7FE204610BD00BFC458002010B51D4B05
:106B600086B01868596803AA03C2197AD3F80900D5
:106B700011700190B3F80D201748DB7BADF80820A9
:106B800001218DF80A300024FBF78CFC03A88DF856
:106B90000C408DF81040FCF7B3FE01A901208DF8E0
:106BA0000440FCF78DFE0D4A536A23F4FF6323F083
:106BB0000703536240F2FF73136201209460FCF7F5
:106BC00099FE074B4FF00042C3F880211A6006B0CF
:106BD00010BD00BF0C180300A009140000200440E1
:106BE00000E100E0014B9868704700BF00200440BE
:106BF00010B504461EF073FE124A9368516D9269F7
:106C0000520704D4CA1A032A01D899420DD1E21AB4
:106C1000022A98BFDC1C0B4BB4F1FF3F38BF013C8C
:106C20005C655A6A42F004025A621EF05CFE064A33
:106C3000137833B103490B6D43F002030B65002356
:106C4000137010BD00200440FF2400208207054A75
:106C500000F00103516A48BF43F004030B43536241
:106C6000704700BF00200440820700F0010309D5EF
:106C7000074A0121117007490A6D22F0030243F00F
:106C800004030A6503494A6A22EA03034B62704718
:106C9000FF24002000200440830742BF014B042250
:106CA000DA61704700200440064B01289B6904D03C
:106CB000022805D1C3F38000704703F0010070473C
:106CC000002070470020044010B51EF013FE094A52
:106CD00093690446590703F0010003F0070348BF16
:106CE00040F002001362FFF793FE2046BDE810401B
:106CF0001EF006BE002004400148FBF727BD00BF80
:106D0000A00914000A4BD3F8883003F00703013BB5
:106D1000012B10B50BD81EF0E2FD01210446022024
:106D2000FFF7F8F82046BDE810401EF0DCBD10BDAE
:106D300000400E401F282DE9F341054604D82C469B
:106D4000204602B0BDE8F0810B4E0C4FDFF83080DA
:106D500000240023CDF8008038681A46194622F036
:106D600023FD8442EBD2202CE9D056F8043BAB4201
:106D7000E6D00134EDE700BFF01A0300082100203F
:106D8000FFFF0F002DE9F04F644E654D3168286814
:106D900089B008F0A3FA0446002827D033689A691E
:106DA000D3E900011268904733689B6904A89B6887
:106DB000984733689B690220DB6898470024326853
:106DC00005985368B3FBF0F3E7B2BB42916904F155
:106DD00001044DD8CB680020984733689B695B68F5
:106DE00098473168286808F079FA0446DFF84C9132
:106DF0004C4FDFF84C81DFF84CA10026F4B94A4B28
:106E000028689B5D002B00F08380D7F800B002ABB0
:106E100003AA594608F0A4FC504507D070B9039B5B
:106E2000012B0BD02868594608F0DEFCD9F8003059
:106E300028681A68594608F0C3FB04460136202E1C
:106E400009F1040907F1040708F10108D6D1374A0E
:106E5000B4FA84F35B0913702B681B7C23B13448AC
:106E60004FF48B71FEF78EFC204609B0BDE8F08F21
:106E700012680B6907FB00209847A0E73B6803AA4C
:106E8000194402AB019108F06BFC5045019903468F
:106E90002ED028682BB30BF1010B009B28685FFAFA
:106EA0008BF19942EAD3234B9B5D002BC6D0DDF8D2
:106EB00000B028685FFA8BF37E2BBFD8396802AB2D
:106EC000594403AA009108F04BFC5045B6D00099F4
:106ED000286808F089FC0BF1010B04460028E8D073
:106EE000ACE7039B7BB998F80020029B9A42D2D072
:106EF00098F80030D9F80020286808F0C9FA00286E
:106F0000C9D00446CFE7019108F06EFC0199EFE784
:106F1000094B9B5D0093A346BFE700BFE82000201C
:106F200008210020F01A0300CE1A0300C7580020E1
:106F3000701B0300AE1A03006E1A03001C18030036
:106F40008E1A03000BE000F0F8B50D4616461F46FA
:106F5000FFF7F0FE1F2804461CD8174B1B780BB315
:106F6000164B1868164B53F82410164B1B5D3BB19B
:106F7000324608F071FB0446A0B11FF0F6FC12E0A7
:106F80007F2D08BF00253B46324651FA85F108F0B7
:106F9000C9FAF0E7FF2808D981B23B46EAB2304689
:106FA0001FF042FC00242046F8BD07484FF4A671AC
:106FB000FEF7E8FBF6E700BFC758002008210020D5
:106FC000F01A0300CE1A0300701B0300F8B50D463B
:106FD00016461F46FFF7AEFE1F2804461CD8164B68
:106FE0001B7803B3154B1868154B53F82410154B39
:106FF0001B5D3BB1326808F0E3FA044698B11FF01C
:10700000B4FC11E07F2D08BF00253B46324651FA03
:1070100085F108F03DFAF0E7FF2807D93A463146F6
:1070200080B21FF00AFC00242046F8BD06484FF449
:10703000C371FEF7A7FBF6E7C75800200821002020
:10704000F01A0300CE1A0300701B030010B5FFF7FF
:1070500071FE0A4B1B7813B90024204610BD084B63
:1070600053F82010074B0022186808F033FB044641
:107070000028F1D01FF079FCEFE700BFC7580020CF
:10708000F01A03000821002073B516461D46002B98
:1070900073D04BF23463984210D1082D28BF0825D5
:1070A00037492A46304625F005FE36492A463046FD
:1070B00025F0B0FD30B3002002B070BDC9B27F2909
:1070C00080B208BF0021984218D17F2241F202010C
:1070D000684608231FF0A8FB2A490822684625F0C5
:1070E00099FD30B908237F2241F2F01168461FF064
:1070F0009BFB6B4603CB30607160DCE741F2F01321
:1071000098421ED1204B701ED3F8F010D3F8F42013
:107110002C1F2B46013B9C4200F8011F4FEA112116
:107120000CD1002CC7D00423D9B20729F2544FEA5E
:107130001222C0D001339D42F6D1BCE7002BE9D129
:10714000B9E700F47043B3F5805F0AD1C0F30B04D4
:1071500004F17E642A4605FB0141304625F0AAFD74
:10716000A9E700F46043B3F5005FA4D1C0F30B04BA
:1071700004F17E6404F58044ECE721209CE700BF25
:107180000200E00F3E1C03000081E00F2DE9F843F0
:107190001646C20704460F4604D52A4840F2D311CA
:1071A000FEF7F0FAF30704D526484FF4EA71FEF72C
:1071B000E9FA04F47043B3F5805F24D1C4F30B04FF
:1071C000214A04F17E64731E2344934215D8254658
:1071D000DFF8709005EB0608A84529D156B1720872
:1071E000394620461FF0D9FB20B116484FF40271F2
:1071F000FEF7C8FA0020BDE8F883124840F2D91122
:10720000FEF7C0FAE3E704F46043B3F5005F06D18C
:10721000C4F30B0404F17E6404F58044D7E7094805
:107220004FF4F071FEF7AEFA6FF00F050024CFE7D0
:1072300015F8013BFF2BCFD04FF4F5714846FEF710
:10724000A1FAC9E7D41B0300FF07E00F10B511F046
:107250007BFD22F076FDBDE810400346024A012185
:10726000022002F0B7BB00BF501C030013B5D0E9E9
:10727000023253F822301C78204623F03AFE044AAA
:10728000009023460121022002F0A4FB02B010BDB1
:10729000641C0300014B187820F0B7BDC8580020CB
:1072A0002DE9F04F8FB0FF2308A88DF8133020F0A0
:1072B0005CF8B34A08AB0021022002F08BFBB14A14
:1072C00041F249030121022002F084FB06A803F0E9
:1072D00019FF08A90DF1130020F0D1F90220AA4AE4
:1072E000002102F077FB002020F0C1FD10B106A8BC
:1072F00004F036FD9DF92A30A44A009301219DF83F
:107300002B30022002F066FB23F0FAFD831EDBB275
:10731000FC2B05462DD89E4A9E4E9F4FDFF8E082FB
:107320000121022002F056FB0124234632460021AF
:10733000022002F04FFB05A9E0B211F0E5FB00F0DE
:10734000FD02912A034600F0A780002840F0AA80A1
:107350009DF9143001939DF8163000938F4A9DF8E3
:1073600015300121022002F035FB0134E3B29D42C9
:10737000DBD8BDF8284020F042F9894A0090234626
:107380000021022002F026FB0220864A002102F0A2
:1073900021FB002020F06BFD10B108A804F0E0FCF8
:1073A000814A0121022002F015FB16F03FFB044642
:1073B00016F036FB23467D4A00900121022002F0A0
:1073C00009FB03F0A5FE7A4A0021022002F002FB2D
:1073D0009DF81330FF2B6BD0764A0021022002F07B
:1073E000F9FA714ADFF81C820121022002F0F2FA58
:1073F00020F051F9704A03460121022002F0EAFA16
:1074000011F01EFB6D4A03460021022002F0E2FA51
:1074100020F047F9044620F04AF9694A00902346D3
:107420000121022002F0D6FA1FF009FA03F0BCFE97
:10743000644A03460121022002F0CCFA002503F041
:10744000B3FEECB2A04239D81FF0F9F90123194676
:107450005D4A5E4C022002F0BDFA002020F0D5FC0F
:107460005B4B00935B4A00230121022002F0B2FA39
:10747000236863B11B78584A0121022002F0AAFA5E
:107480002368564A5B780121022002F0A3FA20F01B
:10749000C2FC0FB0BDE8F08F3A460121022002F095
:1074A00099FA62E742460121022002F093FA5CE772
:1074B0004B4A0021022002F08DFA92E7494B4A4FD5
:1074C00003EB04162046D6F8089003F0A5FF824689
:1074D000204603F06FFE00280CBFC346BB46204683
:1074E00003F09AFF05F010FC002808BF4746CDE9DD
:1074F00000B73E4ADFF810B153460021022002F0E7
:1075000069FAB3790293B388019373880093337B4C
:10751000374A0121022002F05DFA002699F8043072
:10752000F4B2A34203D81FF08AF9013587E7D9F8EE
:10753000007014235C4307EB040A3A5B9AF90C30A1
:1075400000922C4A32EA230228BF5A4613460220F0
:10755000294A002102F03EFA002020F088FC38B1D0
:1075600050463C5B20F0E7F80146204605F018FC49
:10757000224A0121022002F02DFA0136CEE700BF97
:10758000A51C0300B41C0300D01C0300FC1C03005A
:10759000D71C0300ED1C0300111D0300F41C0300A5
:1075A000281D0300481D0300811E0300511D030018
:1075B000731D03009D1F03007E1D0300921D030029
:1075C000A81D0300B71D03002E1E0300EC40002081
:1075D000461E03003A1E0300541E0300681E0300EB
:1075E0004D0A0300D04000207C1C0300C21D030094
:1075F000E21D0300991C0300161E0300B70A0300D6
:107600001C1D0300841C03008D1C03002DE9F7439F
:10761000134EDFF85C80002503F0C6FDECB2A042FB
:1076200002D803B0BDE8F0832701204616F8079082
:1076300003F0C0FD0B4A002808BF42464B4600211C
:1076400000920220084A02F0C5F9F05D20F037F8F8
:10765000064A0121022002F0BDF90135DCE700BF36
:10766000D04000205A4A0300831E0300B70A0300DB
:10767000644A030008B583685A681178C26853F8F1
:107680002230A1F1650251425141187803F0AEFF5A
:1076900030B9BDE80840034A0121022002F09AB93E
:1076A00008BD00BF8E1E0300024A0021022002F026
:1076B00091B900BFA81E0300024A0021022002F077
:1076C00089B900BFD61E030010B586B00446182243
:1076D0000021684625F0C8FA684620F037FBD4E957
:1076E000022052F8203002EB80021B788DF80B301C
:1076F000516891F900108DF80A1091680988ADF869
:1077000008106168091A032907DDD268127803F0AE
:107710001F0343EA42138DF80B30684603F014FA56
:10772000034A03460021022002F054F906B010BDBE
:10773000F21E030007B523F025FF054B0090054A14
:107740000021022002F046F903B05DF804FB00BFFF
:10775000FCCE0200FF1E030007B5D0E9023253F849
:10776000221003EB820308785B681968094B002933
:1077700008BF1946003818BF0120A22212F090FF5E
:10778000054B0090054A0121042002F023F903B0C3
:107790005DF804FB00F8FF0739D102000A1F03005F
:1077A00013B5D0E9023203EB820153F82230D1E95C
:1077B0000114187822780968003818BF012023F0D6
:1077C00054FE044B0090044A0121042002F002F907
:1077D00002B010BD141F0300291F030008B50D4A95
:1077E0000123002120F0E1FC0A4820F0D1FA00201A
:1077F000094904F043FB002020F039FB10B1054893
:1078000004F0AEFABDE80840044A0121042002F069
:10781000E1B800BFE3590020311F0300B70A03009D
:1078200010B51FF04AFF034630B1BDE81040064ACC
:107830000121042002F0CEB8BDE81040034A012126
:10784000042002F0C7B800BF3F1F0300501F030011
:1078500010B520F09FFABDE810400346024A01210E
:10786000022002F0B7B800BF5B1F030010B520F084
:1078700063FABDE810400346024A0121022002F0EB
:10788000A9B800BF711F030037B5D0E9023253F821
:1078900022301D78012404FA05F10023FE224FF660
:1078A000FF701AF039FC044A00902B462146042050
:1078B00002F090F803B030BD851F0300D0E902321A
:1078C00053F822301B7823B1034A0121022002F031
:1078D00081B8024A13707047A41F0300C8580020E3
:1078E00007B5684603F00EFC1FF089FE094A0346FF
:1078F0000121022002F06EF8684604F031FA1FF010
:1079000080FE054A03460121022002F063F803B01D
:107910005DF804FBBA1F0300D41F030037B5D0E99C
:107920000245406854F8253004EB8504401B0328C9
:1079300019786368C8BFE0681A78A368C8BF007880
:1079400093F90030D8BF00200090012023F08FFA77
:1079500038B9094A0121022003B0BDE8304002F0E5
:1079600039B8064B01900093054A064B01210220CD
:1079700002F030F803B030BDE51F0300ED1F030037
:1079800001200300BDD1020007B5012023F071FAE8
:1079900048B90090094B0A4A0121022002F01AF866
:1079A00003B05DF804FB054B01900093054A064BBC
:1079B0000121022002F00EF8F2E700BFED1F0300E4
:1079C0001820030001200300CDD1020008B5D0E942
:1079D000023253F82230187814F0FAF830B9044A19
:1079E000BDE808400121042001F0F4BF014AF7E797
:1079F0002D2003004920030008B5D0E9023253F8D6
:107A00002230188814F0DEF830B9044ABDE8084086
:107A10000121042001F0DEBF014AF7E768200300DE
:107A20009820030073B5037813F0050F04460ED0B9
:107A30004588062D17D18368184A5B681B78019327
:107A4000838800930121164B042001F0C3FF2378A3
:107A5000012B20D0124B134A0121042002B0BDE8B3
:107A6000704001F0B7BF35B983880F4A0121042067
:107A700001F0B0FFEBE7012DE9D186680B4900204A
:107A800004F0FCF9304604F06BF9094A2946042059
:107A900001F0A0FFDBE702B070BD00BFCE20030005
:107AA000C520030020210300EB2003000821030070
:107AB000B70A03002DE9F04F374DDFF8F8900FCDEE
:107AC0008FB009AC0FC42B68344A23600121022017
:107AD00001F080FF002634461FF0E1FDF5B2A84218
:107AE0000BD81FF0DCFD2E4A009023460121022016
:107AF00001F070FF0FB0BDE8F08F05A9284624F013
:107B0000E4FB0346002841D19DF81430032B39D9FA
:107B100004238DF81430234A2B460021022001F063
:107B200059FF9DF814300EAA02EB8303002153F88D
:107B3000143C4A46022001F04DFF28469DF821A042
:107B40009DF815B09DF81870BDF8168019F024FC4A
:107B5000CDE900B7CDE90280134A02205346002147
:107B600001F038FF01340020E4B220F080F918B1B0
:107B70000DF1190004F0F4F80C4A0021022001F084
:107B800029FF01E0002BC6D10136A5E7084A0021F4
:107B9000022001F01FFFF7E7AC22030032210300AF
:107BA000A4210300EF1C03005F210300BF0E0300AC
:107BB00086210300F22B0300C3688268013BDBB21D
:107BC000022052F823301B78652B064B0BBF064A68
:107BD000002201211A701ABF0121044A197001F014
:107BE000F9BE00BF21250020BB210300C9210300ED
:107BF000D0E9023253F822301A88014B1A807047BC
:107C0000BE24002007B5D0E9023103EB810253F80E
:107C10002130526819880548054B12880093008866
:107C2000012304F0ABFD03B05DF804FBBE2400208B
:107C3000257A0000C3688268013BDBB252F823302A
:107C40005B78A3F1660253425341014A13707047B7
:107C50002425002030B5D0E9023253F8223089B013
:107C60001D780123194602AA044620F09EFA01233A
:107C7000009310230DEB03022046022120F076FA38
:107C800004AA02A9284620F0D1FE00284FF00000E7
:107C900014BFB324002420F0EAF818B105482146A7
:107CA00002F034FF044A0121042001F093FE09B0E0
:107CB00030BD00BFD8210300B70A030070B58EB0F5
:107CC0000026122309AA02210096054620F04EFA4A
:107CD00005AA014609A802F053FD044698B1BD2843
:107CE00005D1154A0121042001F074FE09E00228A3
:107CF00001D1124AF6E70346114A0121042001F09E
:107D000069FE0EB070BD0123194603AA284620F073
:107D10004CFA224605A903A820F0A0FE0028304610
:107D200018BF182420F0A3F818B10648214602F025
:107D3000EDFE054AD6E700BFE52103000822030057
:107D40004322030062220300B70A0300D0E9023293
:107D5000F0B553F8221003EB820387B09B680E78CE
:107D60001F780546384620F062F8044608BBD5E97E
:107D70000221012319448DF8083052F8210002EB4A
:107D8000810200888DF809709268ADF80A001278B7
:107D90008DF80C2004210DF10D02284620F005FA83
:107DA00002A930468DF8154019F044FB044620F036
:107DB00032F8044A009433460121042001F00AFEFF
:107DC00007B0F0BD772203002DE9F041284A294E83
:107DD000294FDFF8B4808EB00121022001F0FAFDB6
:107DE00005AB01AA09A9002020F06CFF002504467C
:107DF0001CB128460EB0BDE8F08102202B46324669
:107E0000214601F0E7FD204620F031F810B10AA824
:107E100003F0A6FF9DF830303A460021022001F021
:107E2000D9FD079B42460021022001F0D3FDBDF899
:107E30002030124A0021022001F0CCFDBDF81430A0
:107E40000F4A0021022001F0C5FD013501A820F0F4
:107E500009F8EDB20B4A0121022001F0BBFD05AB90
:107E600001AA09A9284620F02DFF0446C0E700BF5B
:107E7000C0220300062303000E230300DE1F0300BD
:107E800023230300B70A03001A2303002DE9F04F50
:107E9000064699B0C0B91FF000FC07460EA820F0B6
:107EA00037FB404ADFF80481DFF80491DFF804A1D2
:107EB0000121022001F08EFD00252C46BC4205D395
:107EC000284619B0BDE8F08F0127E7E713A820F096
:107ED0001FFB002E4BD04FF0020B06A913A88DF804
:107EE0004CB020F07CFD0446002859D102A913A80B
:107EF00020F053FE9DF859302B4A43F001032146F0
:107F000058468DF8593001F065FDFE249DF8593032
:107F10000AA943F0010313A88DF8593020F03DFE63
:107F200000201FF0A4FF10B114A803F019FF0C9B50
:107F300042460021022001F04DFDBDF8282012F438
:107F4000007F14BF41234C2312F0100F0CBF6E2290
:107F50007922009200214A46022001F03BFD06A84A
:107F60001FF080FF0135EDB20134E4B2A6E70AABA1
:107F700006AA13A9204620F033FE0028F4D102A956
:107F800013A820F00AFE9DF8593043F001038DF844
:107F90005930524623463146022001F01BFDB5E719
:107FA000FE24E1E72D230300622303001A230300CC
:107FB000692303000623030030B599B00EA820F012
:107FC000A7FA012413A88DF8384016F0EDF9C0B9CE
:107FD000BDF84C1011EA040513D1454A2146022090
:107FE00001F0F8FC434A2946022001F0F3FC404A24
:107FF0002146022001F0EEFC3D4A2146022001F01C
:10800000E9FC06A90EA820F0EAFC20B11022FF210D
:1080100006A824F029FE04A820F090FC059B364A0F
:1080200000930121354B022001F0D4FC9DF8123061
:10803000334A00930121314B022001F0CBFC2F4B3E
:10804000304A0021022001F0C5FC06A81FF00AFFFB
:1080500013A820F05DFA02230AA913A88DF84C306A
:1080600020F09BFD00283FD10B9B0093264A274B15
:108070000121022001F0AEFC244B254A01210220FF
:1080800001F0A8FC0120FFF701FF204B214A01214C
:10809000022001F09FFC0020FFF7F8FE04461FF0CD
:1080A000FCFA234600901C4A0121022001F092FCB8
:1080B0001A4B184A0121022001F08CFCFFF784FEC4
:1080C0001749184A02280346174828BF0A46084994
:1080D000009228BF0146CDE90131144A0121022056
:1080E00001F078FC19B030BD4FF0FF33BDE700BFA1
:1080F000B70A03007C230300BA230300B223030062
:10810000CA230300DB230300E0230300AA36030095
:10811000F0230300F72303000024030014240300CA
:1081200078230300F8D30200F32B0300222403007A
:10813000D0E9023210B553F822301C78201E18BF47
:10814000012013F03DF8054A054B0649002C18BFE5
:108150001A460020BDE8104003F076BE4F2403000D
:108160004A24030058240300D0E9023253F8223095
:1081700003491A88034B00201A8003F065BE00BF34
:1081800099240300D6240020D0E9023253F82210AB
:108190000878044903EB820308705B681A78024B85
:1081A0001A707047FA590020F959002037B5044673
:1081B00010F046FC014638B10D4A0E49002003B0CC
:1081C000BDE8304003F040BEE368A2680A48013BC6
:1081D000DBB252F82330094A1D78012300936C2D3D
:1081E00008BF0246102320461FF0C0FF03B030BD79
:1081F000E7240300EF2403001025002000250020C1
:1082000013B583689A681278672A22D101A816F0FC
:10821000CBF80446A8B9BDF80420174903F014FEB2
:10822000BDF80430DA070AD413F0020F134B144AD6
:1082300018BF1A461349002003F006FE19E0124A3F
:10824000F8E702461149002003F0FEFD10492246DE
:10825000F1E7C26853F8220003EB820300685B6811
:1082600001A91B68ADF8043016F06EF8044600282A
:10827000ECD102B010BD00BF272503001A25030072
:1082800005250300402503000A25030052250300AD
:108290007E250300034A04491388C8540133138020
:1082A000704700BF2E530020CE58002073B5164DE6
:1082B000164E2B78164A13F0040F4FF001040CBF32
:1082C00002230423147032880192EB5C0093114B5B
:1082D000114A5B882146022001F07CFB0F4A0021F5
:1082E000022001F077FB0E4B00933288294623468B
:1082F000022001F0B9FB0B4A2146022002B0BDE882
:10830000704001F067BB00BFCE5800202E53002004
:10831000CD580020205300208D250300B2250300F6
:10832000D4250300B70A0300134B70B516464FF46B
:108330008A52DA805980114B114D1B881A1E18BFC2
:10834000012240EA82000F4A1278003A18BF012247
:1083500040EA0210287063B16B701B0AAB700324F3
:1083600004F03EFD631C2855EE54074B02341C807C
:1083700070BD0124F4E700BF205300202C530020DF
:10838000CE580020CC5800202E53002038B5D1E91B
:10839000023253F822300C4619880D4B024605462E
:1083A0001878FFF7C1FFE368A268013352F8233061
:1083B00018881EF066FB4DB1E368A268023352F8DC
:1083C00023301878BDE83840FFF764BF38BD00BFE0
:1083D000C9580020F0B5054685B0EB68AA68264E5E
:1083E000264F0233084652F823301C782946FFF7FF
:1083F000CDFF20461FF08BF978B320461FF093F98C
:1084000003AA441C032128461DF0CEFD328803999F
:10841000E4B2C2F152031B1B9BB28B4222443CBF0D
:10842000C2F1520303930123032100933A449DF8C0
:108430000C3028461FF09AFE039A3388022C08BF9E
:108440000F48FA5404BF110AC15413441C44348029
:1084500005B0BDE8F040FFF729BF204602F060FEFE
:10846000328801230093044603463A4403212846F8
:108470001FF07CFE3388E9E72E530020CE58002001
:10848000CF58002007B505230093054A054B01216D
:10849000022001F09FFA03B05DF804EBFFF78CBDFA
:1084A000C2250300BB25030013B5044620F084FC5D
:1084B00038B1CDE90040044B044A0121022001F00B
:1084C00089FA02B010BD00BFE7240300D9250300DC
:1084D000194B1B7837B53BB9184A0121022003B06C
:1084E000BDE8304001F076BAD0E9023253F82230CC
:1084F000134C1D7863880093124A2B4601210220F9
:1085000001F068FA104B25711B78104D63B1104AC9
:108510000121022001F05EFA0E4A2988204603B0AC
:10852000BDE830401EF06ABE0A4A2988204603B0E2
:10853000BDE830401EF016BFCD580020F0250300E6
:1085400020530020FE250300CA5800202E5300208F
:1085500015260300CE580020D0E9023253F822102D
:1085600003EB8203F0B55A680C7816889A68DB68CA
:1085700017881D78344A354B8FB0CDE901670094D8
:108580000021022001F026FA8DB37923304A01211F
:10859000022001F01FFA40230DF11302029205ADF3
:1085A00023220192204600953A4631461FF0EDFA0B
:1085B000044600283FD19DF813001FF0AEF8064690
:1085C000E8B128461FF011FC2128224B0093A8BFD8
:1085D0002120234682B20DF11501022001F044FA58
:1085E0001D4A0121022001F0F5F90FB0F0BD6E2304
:1085F000174A0121022001F0EDF98023CCE79DF814
:1086000013001FF090F860B128461FF0F3FB2128FB
:10861000104B0093A8BF2120334682B20DF1160102
:10862000DBE79DF8130002F07BFD0C4B0093024644
:1086300001232946D1E70090094B0A4A0121022073
:1086400001F0C8F9D1E700BF2F2603004637030029
:10865000542603005B260300B70A0300D425030059
:108660008B2D03005E260300D0E9023253F822105E
:1086700003EB82032DE9F04F5A680F78B2F80080BF
:108680009A68B2F80090DA681B6992F800A01D7829
:10869000314A324B91B00021CDE90189044600975F
:1086A000022001F097F9BAF1000F14BF79236E236D
:1086B0002B4A0095012102200DF11C0B01F08AF9D3
:1086C00023220021584624F0CFFA28461FF025F82F
:1086D000064610B3002300930DF11D02212305214E
:1086E00020461FF043FD8DF81C00BAF1000F0CBFAF
:1086F000802340234A464146CDE900B538461FF065
:1087000011FA0146154802F001FA164A0121022029
:1087100001F060F911B0BDE8F08F28461FF003F8B2
:1087200060B1009621230DF11E02052120461FF0A5
:108730001DFD8DF81D608DF81C00D6E705902846BC
:1087400002F0EEFC059A009203465A4605212046A7
:108750001FF00CFDC9E700BF2F26030039370300C7
:108760006F260300B70A03002DE9FF475F681C4628
:10877000DB680025FF1A0395FFF7D6FDFFB2A84678
:10878000EBB29F4245D90C9B13F80830A3F12102AC
:10879000D1B2072925D9A3F1310013280BD8DFE87E
:1087A00000F0515A637D383838380A0A0A0A0A0A32
:1087B0000A0A0A0AAA9008F10108142B5FFA88F83D
:1087C00025D833B3013B132B23D8DFE803F03B4418
:1087D0004D272222222222222222222222223B440E
:1087E0004D67232A15D8DFE802F02D363F191414FF
:1087F000141414141414141414142D363F5914148E
:1088000014141414141414141414866C866C232970
:10881000E7D9FFF74BFD04B0BDE8F087E368A26835
:108820002B444FF0040952F823301E68F0B209F1CE
:10883000FF39FFF72FFD19F0FF094FEA1626F5D192
:1088400001359DE7E368A2682B4452F8233018787D
:10885000FFF720FDF4E7E368A2682B4452F82330C9
:1088600018881EF00EF9EBE7E368A2682B4452F873
:1088700023301E68B6F1807F09D2F0B2FFF70AFDFF
:10888000C6F30720FFF706FDC6F30740E0E7274AD7
:108890002B460121082001F09DF8BAE7E368A268A1
:1088A0002B444FF0040952F823301E68F0B209F14E
:1088B000FF39FFF7EFFC19F0FF094FEA1626F5D153
:1088C000BEE71B4E03AA294620461DF06DFB3388E8
:1088D000184ADDF80C90002102EB030CCAB2914556
:1088E00001F1010102D84B443380A9E710F802A03E
:1088F0000CF802A0F2E70E4EDFF838A03288C2F181
:1089000051039BB2FF2B28BFFF23002101320091AE
:10891000DBB2524469B220461FF004FC33880AF8E7
:1089200003000133184430808AE700BF8826030023
:108930002E530020CE580020094B1B7823B1094A42
:108940000121082001F046B8D0E9023253F8223064
:10895000054A1B8813800121044A082001F03AB817
:10896000CD580020AE2603002C530020F026030033
:10897000D0E9023253F82230054A1B78003B18BF79
:10898000012313700121034A082001F023B800BF1E
:10899000CB58002016270300D0E9023253F82230CA
:1089A000034A1B7813700121024A082001F012B813
:1089B000CC58002045270300D0E9023210B553F807
:1089C000223019880C4B044613221878FFF7ACFCB0
:1089D000E368A268013352F823301878FFF75AFC95
:1089E000E368A268023352F823301878FFF752FC8C
:1089F000BDE81040FFF75ABCC9580020D0E9023248
:108A000010B553F8223019880C4B044611221878FF
:108A1000FFF78AFCE368A268013352F82330187824
:108A2000FFF738FCE368A268023352F82330187865
:108A3000FFF730FCBDE81040FFF738BCC9580020F4
:108A4000D0E9023253F82230034A1B78003B18BFAA
:108A50000123DB0013707047C9580020D0E90232AF
:108A600010B553F8223019880E4B044606221878A8
:108A7000FFF75AFC0120FFF70DFCE368A2680344EE
:108A800052F8233018881DF0FCFFE368A268023317
:108A900052F8233018881DF0F4FFBDE81040FFF7AE
:108AA00005BC00BFC9580020D0E9023201322DE9CF
:108AB000F04153F8221003EB82038EB05A680D8800
:108AC00017889A6853F8043C14781878002C0DF134
:108AD00013034FF0210805AE0293CDF804800CBFBC
:108AE0008023402300963A4629461FF04EF803465D
:108AF00038B1194A0121082000F06CFF0EB0BDE822
:108B0000F081201E18BF01200A222946C000FFF76D
:108B10000BFC38461DF0B5FF9DF81300FFF7BAFBBC
:108B20009DF81300424631461EF0CCFD044628B1A4
:108B30000A4F3D88C5F15203984202DD084A234698
:108B4000D8E70246074831462844254424F0B2F8C5
:108B50003D80FFF7ABFBD1E77B2703002E530020BE
:108B600097270300CE580020D0E9023210B553F801
:108B7000223019880C4B044608221878FFF7D4FBE2
:108B8000E368A268023352F823301878FFF782FBBB
:108B9000E368A268013352F8233018881DF071FF92
:108BA000BDE81040FFF782BBC9580020D0E902326F
:108BB000023273B553F8221003EB82030C7853F89A
:108BC000042C53F8083C16881988234B05460622C6
:108BD0001878FFF7A9FB0020FFF75CFB30461DF07B
:108BE00050FF2046FFF756FBEB68AA68033352F8A4
:108BF000233018881DF045FFEB68AA68043352F84B
:108C0000233018881DF03DFF204604F0D3FAE8B960
:108C1000204602F085FA05210446019001AA284663
:108C20001DF0C2F9019B9C42014606D02246314606
:108C30000A4805F0FFF902B070BD094D09482E88B9
:108C400022463044344423F0F5FF2C8002B0BDE8C6
:108C50007040FFF72BBB00BFC9580020C32703009B
:108C60002E530020CE580020D0E9023273B553F8BD
:108C70002230114D1A88114B4FF48A51D9805A80F5
:108C8000002300932A46522301211FF06FFA2B780C
:108C900013F0040F0A4B1B7804460CBF0126032671
:108CA00013B104F09DF8A855064B1C8002B0BDE836
:108CB0007040FFF7FBBA00BFCE58002020530020C1
:108CC000CB5800202E530020D0E9023253F8223036
:108CD000034A1B78003B18BF01231370704700BF85
:108CE000CA58002010B50C4608B903F025F8024B0D
:108CF00018715C7110BD00BF205300202DE9F341B5
:108D0000D0E90253024655F8231052680C882A4EC7
:108D100005EB8301D21A013BDBB2022A4868C8BFC7
:108D20008A6855F8238033780078CCBF1178FF210A
:108D30003BB9224A0121022002B0BDE8F04100F017
:108D400049BEFFF7CFFF1E4F1E4D1EF058FC3B885B
:108D5000009301462B461C4822461FF002F8B0B98A
:108D600098F804303A885F2B14D117492B462046D7
:108D70001EF03DFA28B10346144A0121022000F0FA
:108D800029FE134A00231380124A3370137002B075
:108D9000BDE8F0814FF6FB739C4205D90A492B468A
:108DA00020461EF076FAE5E713460095064A21466E
:108DB0001EF099FADEE700BFCD5800200E28030010
:108DC0002E530020CE5800202053002015280300E9
:108DD0002C530020CC58002010B5002204460A2154
:108DE0001046FFF7A1FA00201DF04BFE044B0122B4
:108DF0001A70FFF75BFA2046BDE81040FFF77EBF10
:108E0000E159002038B51C461546012322461FF0C3
:108E1000CCF928B9214628460FF09CFF044610B92A
:108E20000024204638BD034A0121042000F0D2FD71
:108E3000F7E700BF3C2803002DE9F04315461F4625
:108E4000D0E902230C4652F8231002EB83020E886D
:108E5000936893F80080D3688BB0B3F800903246E3
:108E600006AB0121FFF7CEFFF0B90DF1200CF4B1F4
:108E70002A8801234021CDE90471CDE902C2CDE960
:108E8000009306AA4346222130461FF0C5F90B4B3A
:108E90000B4A00930B4B0190002C08BF1346012195
:108EA000094A042000F096FD0BB0BDE8F083286865
:108EB0006968624603C203232246DBE79928030060
:108EC000802803007A2803008828030007B50123BF
:108ED0006A4600211FF069F90349684603F0CAFC9D
:108EE00003B05DF804FB00BF257A0000D0E9023230
:108EF00053F822300149188803F08EBC257A00000F
:108F0000D0E9023210B503EB820153F822304968F0
:108F1000188809784FF48A521FF06EF9BDE81040A6
:108F20000346024A0121042000F054BDA328030097
:108F3000D0E9023253F8223010B518884FF48A5223
:108F400002211FF04BF9BDE810400346024A0121FF
:108F5000042000F03FBD00BFBC280300D0E902326E
:108F60002DE9F04353F8221003EB82030E885A6870
:108F700017789A68DB6892F80090B3F800808BB09D
:108F800006AB324604210446FFF73CFF28BB08AD80
:108F900001232A46052120461FF007F938B904208D
:108FA0000F4A012100F016FD284602F0ABF84FF4FD
:108FB0008A53CDE904930023CDE902530323CDE97D
:108FC000008306AA3B46212130461FF025F9054AB9
:108FD00003460121042000F0FDFC0BB0BDE8F08346
:108FE000D32803000229030038B5D0E9024303F176
:108FF0008043023B0F4954F8230002229D0023F0D6
:1090000009FE60B90C4B0D491A78042A0BD82C4480
:10901000A068008821F8120001321A7038BD084B90
:1090200008491A78F1E7BDE83840074A01210420D1
:1090300000F0D0BCCB0D0300215900203A53002092
:1090400020590020305300201429030008B5C368BC
:109050008068084903F18043023B022250F8230054
:1090600023F0D8FD10B9044B187008BD034B002243
:109070001A70FAE7CB0D0300215900202059002077
:1090800037B5D0E9023153F8212015784268521AD9
:10909000012A4FEA810410DD234429465B681C78CD
:1090A00020461FF019F8D0B1164A00952346012139
:1090B000042000F08FFC03B030BD6C0944F01804AC
:1090C00005F01F05294620461FF006F80028EBD1C1
:1090D0000121A9400023FE2241EAC46105E00121EB
:1090E000A940002CF4D12346FE224FF6FF7019F060
:1090F00013F8054A03460121042003B0BDE83040BF
:1091000000F068BC2A2903004A29030070B5D0E9A1
:10911000021551F8253001EB8501044618884B688B
:109120001A788B68052A1B8802D85E1E072E0BD979
:109130000D4A0121042000F04DFCBDE870400B4AAF
:109140000121042000F046BC6468641B032CCABFE4
:10915000C9680749096818F0DFFFBDE8704002469A
:109160000449002002F08ABE682903008829030010
:1091700000F8FF07A529030008B5D0E9023253F82B
:10918000220003EB8203FF225968038809684FF627
:10919000FF7018F0C1FFBDE80840024601490020F9
:1091A00002F06CBEB629030008B5D0E9023253F8CC
:1091B00022300521188840221FF010F8BDE8084031
:1091C00002460249002002F059BE00BFD529030023
:1091D00008B5D0E9023203EB8201486853F8221047
:1091E00002780988402331201FF04BF8BDE8084081
:1091F00002460249002002F041BE00BFF4290300EC
:1092000008B5D0E9023203EB8201486853F8221016
:1092100002780988402333201FF033F8BDE8084066
:1092200002460249002002F029BE00BF0C2A0300BA
:109230001FB5D0E9023253F8221003EB82030C88E9
:109240009B680C491A7808684968003A18BF0122DF
:1092500002AB03C3D20102A9402320461FF020F82D
:10926000054B0090054A0121042000F0B3FB04B037
:1092700010BD00BFA72A030099280300282A030075
:1092800007B5D0E9023253F8223003211888402272
:109290001EF0A4FF044B0090044A0121042000F0BA
:1092A00099FB03B05DF804FB99280300352A0300FD
:1092B000C36837B50533826852F8233004211D781E
:1092C0006A46012304461EF070FF38B90420074A9D
:1092D000012100F07FFB684601F014FF2B466A462F
:1092E00000212046FFF7A8FD03B030BD4D2A030042
:1092F00007B5D0E9023203EB8201486853F8221027
:1093000002780988402332201EF0BBFF044B0090F6
:10931000044A0121042000F05DFB03B05DF804FB6A
:10932000992803007E2A03001FB5D0E9023203EB1F
:10933000820153F822304968188809880A4A4FF494
:109340008A530293094B0193094B0093094B1278FE
:109350001B781DF0EBFB084A03460121042005B0F1
:109360005DF804EB00F036BB21590020305300209B
:109370003A53002020590020912A0300836970B5D8
:1093800013F00106044603F0020509D1EDB9C369E3
:109390005BB30FF0FDF9E3692046BDE87040184764
:1093A0001DB11B489B21FCF7EDF9A069C0F38100BA
:1093B0001EF02BFDE3691BB91548A321FCF7E2F968
:1093C00020460FF0E5F94DB916E0C3F307201EF073
:1093D0002EFDE369B3B120460FF0DAF9E369607E50
:1093E0009847BDE870401EF016BD0948A321FCF760
:1093F000C9F920460FF0CCF9E36920469847002EC2
:10940000EFD170BD0248A321FCF7BCF9E3E700BF30
:10941000AF2A030008B50FF0A5FB28B1BDE808404E
:1094200002483F21FCF7AEB908BD00BFAF2A0300D8
:1094300010B5064C0460064CC2610023C0E901432C
:1094400003610123C160836110BD00BF243F002080
:109450007D930000826938B502F00203D20704460A
:109460000D4620D553B9FF2921D1A36913F00C0F64
:1094700017D01148FC21FCF785F912E00E48ED21C8
:10948000FCF780F9FF2DF0D028461EF0BDF9FF282B
:10949000054603D10848F521FCF774F92DB204EB19
:1094A0004514204638BDFF29FBD0002BECD10248E3
:1094B000F221FCF767F9E7E7AF2A0300014821F042
:1094C0009BBC00BF243F0020014821F0A1BC00BF8D
:1094D000243F002013B5164821F063FC1DF08BFBE0
:1094E0001CF0CFF81CF0DFF81CF0E0F8FCF704F9F2
:1094F0000446FCF71BF90F4A009023460121042083
:1095000000F068FAFCF7FEF80123834040F2A172F4
:1095100013420BD00020FBF7EDFF0020FBF7ECFE21
:10952000002002B0BDE81040FBF7B2BE02B010BD93
:10953000243F0020202B0300022808B503D11DF092
:1095400037F9014B186008BD543F002008B506F0FC
:10955000CBFE074B012018701DF05BFB02201DF0B5
:1095600058FBBDE8084003490348FCF74DBD00BF68
:109570002359002014210020583F0020014B18706F
:10958000704700BF2259002038B50E4B1C786CB9CB
:10959000204638BD1EF037F804280FD01EF033F8EF
:1095A00005461EF038FC052D0AD0F1E700201EF01C
:1095B0002CFC28B91EF027F80228EBD11EF02BFC5A
:1095C0000024E5E72025002008B5074B1B780BB1E8
:1095D000002008BDFFF7D8FF0028F9D101F0D6FC24
:1095E000023818BF0120F4E72259002070B50FF0AF
:1095F00021FB0446FFF7E8FF14F0070F204D0CD1C4
:1096000058B10FF017FB10BB4FF0FF34FFF756FFB8
:10961000844228BF0446042C1DD82B7823B901208E
:109620001DF0F7FA01232B701DF001FB044628B34F
:109630002B781BB91348F921FCF7A4F80FF012FAA4
:109640000446FFF73BFF844228BF044616E00FF0B4
:1096500009FA0446DAE720461DF0EBFA0028DCD0D0
:109660002B785BB11CF03BF9002106460120FCF78A
:1096700051FC30461CF037F900232B70204670BD9A
:1096800023590020402B03001FB5FFF7AFFF04460E
:10969000FDF764F9A04228BF204688B103A9FDF771
:1096A000CBF8034638B9CDE90000064A03990648CD
:1096B0001DF0F4F818B105489221FCF763F8012079
:1096C00004B010BD116C0200343F0020402B030099
:1096D0000D4B0E4A1B7870B50D4D0E4C0121002B21
:1096E0000CBF2B462346022000F074F90A4B0B4AAC
:1096F0001B780121002B0CBF2B4623460220BDE81E
:10970000704000F067B900BF20250020B72B030090
:10971000B42B0300B02B030022590020D62B0300EA
:1097200010B5D0E9023253F822301B78002B14BF59
:10973000012400244FF0020014BF054A054A01210C
:1097400000F048F92046BDE81040FFF717BF00BF02
:10975000F52B0300122C0300D0E9023253F822301B
:10976000034A1B78003B18BF01231370704700BFEA
:10977000202500202DE9F3410C4E0D4DDFF83880F7
:109780000C4F002456F8043B0BB9D8F8003035F8DC
:10979000022B0092394622460020013402F054FB8D
:1097A000292CEFD102B0BDE8F08100BF20210020BC
:1097B0001A540020312C03001C21002007B5D0E9E9
:1097C000023253F822301A78282A0DD8084B53F861
:1097D00022300BB9074B1B68074931F81210009172
:1097E0000020064902F030FB03B05DF804FB00BF27
:1097F000202100201C2100201A540020312C0300BD
:1098000038B5D0E9023253F8221003EB82030C780A
:109810005B6805491D88002002F016FB294620469A
:10982000BDE8384000F0BAB83C2C03002DE9F34104
:109830000C4E0D4DDFF838800C4F002456F8043BD9
:109840000BB9D8F8003035F8022B00923946224681
:109850000020013402F0F8FA292CEFD102B0BDE863
:10986000F08100BF20210020C8530020312C0300CC
:109870001C2100202DE9F34102AB03E90600044658
:1098800090460FF06BF8054620460FF077F8384FFA
:109890009DF80060374BFDB1202C98F8002033F87C
:1098A000141037F8140008D9814253D34FF6FF72D1
:1098B00091421DD102B0BDE8F081012A32D802EBFD
:1098C00042122D4822444FF6FF7530F81210A9427B
:1098D00002D0013120F8121033F8141037F81400B8
:1098E000814237D34FF6FF7291424FF0010502D00B
:1098F000013123F8141004F0FD02092A2CD19A8AB0
:10990000B98A32448A42B4BF9A82998233F81430B9
:109910008342CFD3002DCDD1204602B0BDE8F04127
:109920001DF0FABB022AD7D1134A32F814104FF6B1
:10993000FF70814204F121001CBF013122F8141094
:1099400032F810104FF6FF75A9421CBF013122F802
:109950001010C1E70025CBE71D2CD7D15A8F9119E4
:109960008142BDBF02F1FF32B6185E875887CDE74E
:10997000C85300201A5400204453002002485222A9
:10998000002123F071B900BF1A540020024852226E
:10999000FF2123F069B900BFC8530020014B23F811
:1099A00010107047C853002008280ED84FF48B734E
:1099B000C340DB0709D5064A136819B10343136096
:1099C0000020704723EA0003F9E72120704700BF19
:1099D000C82100200CB4082813B50C4611D84FF448
:1099E0008B73C340DB070CD5084B1B68184208D0AB
:1099F00005A90498019104F031FB14B104481FF04B
:109A000095FB02B0BDE8104002B07047C8210020AD
:109A1000242F0300034610B5D3E9023253F8223055
:109A20001C780846211E18BF0121FFF7BDFF014623
:109A300050B9094A094B0220002C08BF1346BDE863
:109A40001040074AFFF7C6BFBDE81040054A002195
:109A50000220FFF7BFBF00BF841C03007C1C030073
:109A6000262F03003C2F03002DE9F041DFF8308062
:109A700005461F460C468E18B44201D1BDE8F08160
:109A800014F8013B069A00212846FFF7A3FF002F98
:109A9000F2D0424600212846FFF79CFFECE700BFCA
:109AA00018230300034B1B681878012808BF022005
:109AB000704700BFEC400020D0E9023253F822305A
:109AC0001A78024B1A7000F0D7BA00BF2459002050
:109AD00070B5D0E902456B1EDBB21D4954F8230076
:109AE000032223F097F854F8253004EB8504197805
:109AF00063681A78A2F10B030F2B05D91549BDE84D
:109B00007040002002F0A0B901290FD1124C914001
:109B1000236840B90B43114A2360BDE870401049E7
:109B2000002002F091B923EA0103F4E702290CD1E5
:109B30000C49012303FA02F20B6818B913430A4ACD
:109B40000B60EAE723EA0203F9E70A460749D6E78A
:109B50005ECF02004D2F0300D0210020632F0300B1
:109B60006B2F0300CC2100207D2F0300872F0300E3
:109B700007B5D0E9023103EB810253F821300B49DC
:109B80001B785268012B0A4B126808BF0B464FF036
:109B900000001A600092074A074B084918BF134695
:109BA000074A02F051F903B05DF804FBD021002010
:109BB000CC210020A22F03009A2F0300AC2F03001A
:109BC000AA34030038B5254A254B264C2649274D93
:109BD000002002F039F92649002002F035F9226808
:109BE0002449002002F04AF92068234C02F006F9CB
:109BF0002146002002F028F92A682049002002F0BE
:109C00003DF9286802F0FAF82146002002F01CF91C
:109C10001B4B1C491A781C4B002053F8223002F0D1
:109C200013F900F027F919490246002002F00CF957
:109C3000174B18491A78002002F006F9164B1749FD
:109C40001A78002002F000F91DF0DDFCBDE8384074
:109C500002461349002002F0F7B800BFAA340300FF
:109C6000C52F0300D0210020CC2F0300CC210020E1
:109C7000D42F0300E22F0300811E0300F22F030004
:109C80004059002002300300D4210020133003008B
:109C900036590020273003003559002039300300A1
:109CA0004B30030007B500F08FF8054B0090054AD4
:109CB0000549002002F0C8F803B05DF804FB00BFBE
:109CC0005F300300AA340300643003000149002020
:109CD00002F0BAB87130030001480EF0B1B800BF0D
:109CE0006C540020F8B50C4F0C4E0D4D0D4A0E492A
:109CF0000446002002F0A8F83B7829783278204604
:109D0000F6F754FF00233B7033702B70BDE8F8402A
:109D10000648FF211CF068BF40590020355900203B
:109D200036590020AA34030010310300603F0020A0
:109D300037B51948FF211CF057FF184B1B7813F05B
:109D4000200013D000F068FC21F01CFC0020144B14
:109D5000144A154902F078F80120FFF7C3FF4FF4C9
:109D6000806003B0BDE830401EF00EB813F0100460
:109D700004D003B0BDE8304000F056BC0121B4204F
:109D800000F084FF094B00900546064A084920462A
:109D900002F05AF82846E0E7603F002040590020D2
:109DA00027310300AA340300503103005731030068
:109DB00070310300024A03480021FFF739BB00BF9E
:109DC000319D0000603F002008B5054B1B7823B192
:109DD0009420FFF787FF002008BD7020FCE700BF3C
:109DE0004059002037B51E4C2378DB0605462FD599
:109DF00000901C4B1C4A1D49002002F025F81E2D26
:109E000010D0652D0ED0032D24D12378184843F0AF
:109E1000200341F28832FF21237003B0BDE83040B7
:109E20001CF0D1BE237823F020032370FBF704FE3F
:109E30004FF4FA63B0FBF3F202FB1300C21892B2C4
:109E40000B48FF211CF0BFFE237823F01003237082
:109E500003B030BD21F096FBAE20FFF743FFF3E7E0
:109E6000405900207D310300AA3403007031030003
:109E7000603F0020014B187A704700BF803F0020F0
:109E800070B5424E3378DD1F012B8EB0EDB258D045
:109E9000042B56D0032B41F6041255D0991F4B4288
:109EA0004B415B0013433A48ADF80C301DF059F9B3
:109EB00048B9384B364A03F1100153F8040B42F805
:109EC000040B8B42F9D13378032B3FD0062B3DD0C6
:109ED000314B0DF10E0203F1100153F8040B42F85F
:109EE000040B8B42F9D103A816F09AFCB72804465C
:109EF00010D1012D36D8294A2949002001F0A4FFAC
:109F0000BDF80C3003A823F40053ADF80C3016F064
:109F100087FC04467CBB302016F05CFB044650BB3B
:109F20001DF041F9012D26D81E4A1068516801AB79
:109F300003C322461C4901A81EF090FDF0B118246D
:109F400019E043F60412A9E70223ABE7104A0DF12A
:109F50000E0302F1100152F8040B43F8040B8A427D
:109F6000F9D1C0E73378012B01D0042B03D10F497D
:109F7000002001F069FF20460EB070BD0449224662
:109F800001A81EF06BFD0028D9D1F4E7405900204C
:109F9000255900204232030053320300AA34030043
:109FA000A1310300643203009A340300F43103004A
:109FB00030B5044687B0252011F0BAF91C220021E3
:109FC000144822F051FE144B1878FFF76BFD02285D
:109FD00014BF012304230A208DF8083020F058FF15
:109FE00004238DF8103002A80C4B0593039400F065
:109FF000A3FA0B4B0B4A19680B4B0094A14218BFF4
:10A0000013460546094A0A49002001F01DFF28466B
:10A0100007B030BD803F002040590020B5A20000AD
:10A02000D0210020A22F03009A2F0300AA3403009E
:10A030006D32030008B50E490A78531CDBB2072BBA
:10A040000B7001D0092B04D19420FFF74BFE942014
:10A0500008BD02F0FB02032A07D1064B186800284E
:10A06000F2D0FFF7A5FF3D20F2E70020F0E700BFA8
:10A0700040590020CC21002073B51C4C1C4E236895
:10A080003268134330D01B4B1B6833B31A4D2B7807
:10A090001BBB1DF0B8FAD8B94FF480601DF030FE3C
:10A0A00024688CB101232B7000F0B6FA2046FFF72C
:10A0B0007FFF0446114B124A12490094002001F020
:10A0C000C3FE204602B070BD042334682B70EBE75A
:10A0D0000121B42000F0DAFDEBE7094A0A4900202B
:10A0E00001F0B2FE7024E5E77024EAE7D0210020F9
:10A0F000CC210020EC40002040590020B432030065
:10A10000AA340300643003009A3203002DE9F341BE
:10A11000374C3849227AA388002001F095FE226846
:10A12000207A22FA00F010F0010002D1324901F049
:10A130008BFE324D287838B131493248082222F05E
:10A1400069FD003818BF01202F4E2D4F06F10E0873
:10A1500007E008223946404622F05CFD003818BF6F
:10A160000120227A2368D340DB0700D560B1304656
:10A1700011F0AAF800282DD12B78002BE9D1227AF2
:10A180002368D340DA07F2D5237A0093A3881F4AC5
:10A190001F49002001F058FE1E4B1878FFF782FC83
:10A1A00001230A22184910F0ADFB1B4A1378013332
:10A1B0001370044610B902B0BDE8F081134A174984
:10A1C0002346002001F040FE204602B0BDE8F041E9
:10A1D000FFF788BD1249002001F036FEFFF72AFF85
:10A1E0000028E8D102B0BDE8F04100F01BB800BF84
:10A1F000803F0020BA320300EA3203003F590020BA
:10A2000037590020923F0020843F0020AA340300E9
:10A21000B63303004059002035590020593303005C
:10A220008033030070B51B4C1B4B22781B4953F83D
:10A2300022301B4A1A4D1B4E002001F005FEFFF78D
:10A240001FFE034683B92378032B19D8D3B1164BCD
:10A2500016481B6840F8043B11F014F8A0B1BDE8A3
:10A2600070400120FFF73EBD2A463146002001F034
:10A27000EBFDFFF7DFFE58B9FFF702FE0346E1E70B
:10A28000072BE4D00A4BE3E7BDE87040FFF73EBF81
:10A2900070BD00BF40590020D4210020D5330300F9
:10A2A000AA340300E2330300D0210020803F0020C5
:10A2B000CC21002070B51A4C237883B3838913F422
:10A2C000407F2CD0056835B12A461649BDE870405C
:10A2D000002001F0B9BD11F025F8134E134A30707B
:10A2E00003461349284601F0AFFD33781BB1BDE8A2
:10A2F0007040FFF797BF2378062B06D8032B06D9AB
:10A30000BDE87040AB20FFF7EDBC082BF8D004236C
:10A310002370084BBDE870401868FFF749BE70BD58
:10A32000405900200B34030036590020AA340300A2
:10A3300036340300CC21002030B5434D434A444914
:10A34000034687B00446002001F07EFD2B782BBB2E
:10A3500001A81EF0DDF8022301A88DF804301EF0DC
:10A36000ADFAB0B93B4901A81EF00FFB88B1902CA3
:10A370000FD1FBF761FB47F23153B0FBF3F202FB65
:10A38000130000F51C50103080B200F04DF907B0FA
:10A3900030BD912CFBD100F081F9F8E7902C2AD147
:10A3A0002A4A2D49002001F04FFD2B78032B11D0B4
:10A3B000062B0FD0294B1B78DA070BD401A816F017
:10A3C0002BF918B9BDF804309B0703D42B7843F060
:10A3D00010032B70FBF730FB4FF4FA63B0FBF3F282
:10A3E00002FB1300C2181E4892B2FF2107B0BDE85D
:10A3F00030401CF0E8BB0EF02BFB04460028C6D111
:10A400002B78013B072B19D8104A164901F01CFD87
:10A41000154810F059FF60B11449204601F014FDB1
:10A42000FFF708FE0028B2D107B0BDE83040FFF7C3
:10A43000F9BE07B0BDE83040FFF768BEAE2007B0F8
:10A44000BDE83040FFF74EBC40590020AA3403005D
:10A450005A3403009A3403006F3403002459002057
:10A46000603F002082340300843F002080330300DB
:10A470001FB50F4C2478C4B142EA03229DF818306E
:10A480008DF8051042EA43220A4BADF80C201A78E9
:10A49000094B8DF8061003EB0213079900908DF815
:10A4A0000400DB6802916846984704B010BD00BF05
:10A4B00041590020435900209C3F002073B51A4D9C
:10A4C0001A48FF211CF090FB2B7853B3184C194EFF
:10A4D0002378180106EB0313305C1A7A59680EF0E2
:10A4E000B3FE4D281DD0E0B1227801230021CDE933
:10A4F00000311201C0B2B25CFFF7BAFF23780B48FB
:10A5000001330A22DBB2B3FBF2F102FB11332370F9
:10A510002B78FF21013B2B7002B0BDE870401CF08E
:10A520005BBB02B070BD00BF415900203C40002021
:10A53000435900209C3F0020F8B5104F3E780A2E6A
:10A540001AD00FC8DFF840C00D4D9CF8004005EB55
:10A550000415013485E80F00E4B20A230948B4FB6E
:10A56000F3F2013603FB1244FF218CF800403E70E9
:10A570001CF032FB0020F8BD0120FCE7415900200F
:10A580009C3F00203C40002042590020024A0348E2
:10A590000021FEF74DBF00BFBDA400003C400020DD
:10A5A00037B5134D00232A78CDE900330C4612014C
:10A5B000104901238A5C01462046FFF759FFA4B9E0
:10A5C0000D490A788AB12B7801330A20DBB2013AAF
:10A5D000B3FBF0F400FB143308480A70FF212B7022
:10A5E00003B0BDE830401CF0F7BA03B030BD00BF87
:10A5F000435900209C3F0020415900203C4000204E
:10A6000008B5032015F024FA10B9024B01221A7084
:10A6100008BD00BF44590020024B002218781A7070
:10A62000704700BF445900200246FF2101481CF03A
:10A63000CABA00BF5C400020114B37B51D78BDB9C8
:10A64000FF2110481CF0D0FAFFF7DAFF0E4B009004
:10A6500004460E4A0E49284601F0F6FB44B10D4B64
:10A660001B78DB0604D520F08DFF20461CF07BFD17
:10A67000094B186803B0BDE83040FFF7D5BF00BFF5
:10A68000445900205C40002072360300A0360300CD
:10A690007031030040590020F82100200148FF21BB
:10A6A0001CF0A2BA5C40002070B5194E3378054604
:10A6B0000C4663B3174A1849002001F0DFFB032C56
:10A6C00001D0652C1FD11549002001F0D7FB22468F
:10A6D0001349002001F0B8FB1249002001F0CEFB25
:10A6E000012329460822002001F02CFB00200E49FE
:10A6F00001F0AAFB032C84BF002333702046BDE881
:10A700007040FFF76FBB012CE1D00849DCE770BD5A
:10A7100044590020A0360300D02F0300B3360300B5
:10A72000CC400300D1360300B70A0300C93603004A
:10A73000014B1860704700BFF8210020024A03480F
:10A740000021FEF775BE00BF39A600005C40002066
:10A75000F8B5084B084E1D68084F0024E3B29D422F
:10A7600004F1010400D8F8BD56F8230039461BF067
:10A77000DBFDF3E78C05030090050300BC200020FF
:10A780002DE9F743254B01930D461646044650B17B
:10A790004AB101AA042312F8011BA94235D0013B9A
:10A7A00013F0FF03F7D1022003B0BDE8F08317F8E0
:10A7B000010F90FAA0F0000E1CF018F8014608EB0B
:10A7C00007039945F3DCCAB2C1F30F2392FAA2F250
:10A7D00093FAA3F3120E1B0E03EB02236219DB4361
:10A7E00012F8020C99B2DBB298420CD112F8013C7B
:10A7F000B3EB112F07D132462146284603B0BDE8FE
:10A80000F04321F011BABD20CEE7671E4FF6FF716D
:10A81000A5F10209C4F10108D1E700BF080A0E1230
:10A82000014B1870704700BF45590020024B186853
:10A8300000B14068704700BF7C4000200B4B1B6894
:10A8400070B5044600257BB11E88002107E05A68D8
:10A8500002EB0110013145B9021B554255418AB244
:10A860009642F4D89B68EEE7184670BD7C40002005
:10A870002DE9F04F93B01E469DF874300593022EDB
:10A880004FF00003DDF87090DDF880A0ADF81E30C9
:10A8900007468846144640F2B48099F800305A07BB
:10A8A0002AD5042E40F2AD8099F804B0594B00250A
:10A8B00033F83520002A00F0AA8001350A2DF7D19F
:10A8C000BAF1000F40F0A180FF25002320798DF818
:10A8D0001D3008AA0DF11D011DF036FA78B1BDF842
:10A8E0002C309DF81D0023801DF08FFA8DF81C0080
:10A8F000A0B113B0BDE8F08F99F802B0D6E7207987
:10A900001CF082FF00287ED120791DF090FA8DF88E
:10A910001C000028EDD1404B5B88238062884FF6F5
:10A92000FF73002F08BF4346CDE900230021238891
:10A93000059A584602F02EFB18B1E38843F0200335
:10A94000E380059BCDF83C9007A90DA8CDE90DA4A7
:10A95000ADF84080ADF842608DF844708DF8453018
:10A960001DF003FA10B19DF81C00C2E7484602F042
:10A9700065FAA01D02F050FA2246414638461DF005
:10A98000FCFAB04208D274238DF81C30BAF1000FE3
:10A9900032D11DF040FAE6E79DF87C300393BDF814
:10A9A000783002930DF11E03CDE900932246F3B2F5
:10A9B000414638461CF048FD8DF81C00BAF1000FE6
:10A9C0000FD070B9BDF81E203AB1092D05D8134B30
:10A9D00003EBC50143F835A08A8011201DF090F9E2
:10A9E000D7E7BA2808D1E388DB06D2D500230120B7
:10A9F0008DF81C30FFF714FF9DF81C30002BC8D1D8
:10AA0000EBE7012075E7A32073E7B42071E7EDB20F
:10AA10005BE700BF84400020D04000208040002041
:10AA20009D2837B504462AD8902812D856D11CF054
:10AA3000E6FD2B4B00902B4A2B49002001F004FA35
:10AA4000902C29D10DF056FF03B0BDE830401DF029
:10AA500095B900F16F03DBB201259D4015F0A90502
:10AA600028D19D2833D09C2838D11CF026FE1F49C0
:10AA70000246284603B0BDE8304001F0E5B9BC28E5
:10AA8000D5D007D85534E4B2042C27D8184B154A32
:10AA9000184914E0BF28C9E7174B184A1849BC2CBD
:10AAA00008BF1A46002001F0CFF91DF066F91DF02D
:10AAB00065F9C9E79128E9D1094B0A4A11490020F3
:10AAC00001F0C2F903B0BDE830401DF041BA0E49B3
:10AAD000284603B0BDE8304001F0B6B903B030BD40
:10AAE000B73F0300BB250300C03F0300074003003E
:10AAF000F63F0300FE3F0300B70A0300B23F030026
:10AB0000CD3F0300ED3F03002440030007B5094A91
:10AB10000346108831B9084A084903B05DF804EBD0
:10AB200001F0ACB90091064A064901F0A7F903B05B
:10AB30005DF804FB80540020E72C03005031030033
:10AB40008B2D0300394003000D4B1B6837B50446BD
:10AB50009BB11D7803890093C37A0A4A0A49012DE3
:10AB60004FF0000008BF022501F06EF9214628468B
:10AB700003B0BDE8304020F0BBBC702003B030BD56
:10AB8000EC40002040CD02006340030010B50020DF
:10AB90001DF03BF90D4B1B688BB15A78052A08D87C
:10ABA0008AB9144610460EF029F920460DF006FF2A
:10ABB00005E0FF2A07D00649002001F045F9BDE86D
:10ABC00010401DF028B905240222EBE7EC400020DC
:10ABD000B340030013B5124C00201DF016F9236892
:10ABE0009BB101A81CF055FD78B923681A789DF82F
:10ABF00004309A4209D0D91E032906D9D11E012951
:10AC000003D9012A07D1022B05D1032301A8ADF8EE
:10AC100004300FF057FF02B0BDE810401DF0FBB844
:10AC2000EC4000200023044A194601330A2B91808E
:10AC300042F8081BF9D17047804000207FB50E46CE
:10AC400005460FF041FC0F49044603462A46002002
:10AC500001F0FAF896B10C4B1A889B788DF80E30FB
:10AC60000323ADF80C200093002203AB36214FF6EE
:10AC7000FC708DF80D501DF0C6FB0446204604B054
:10AC800070BD00BFD2400300EC420300FF2810B5A6
:10AC90000C4604D10020044901F0D6F8FE202146DC
:10ACA000BDE81040FFF7CABFE9400300F8B51F46F2
:10ACB0000B8806460C461546002B5DD14A88B1F933
:10ACC00002100029B8BF6B782C49002001F0BCF8B5
:10ACD0006288132A1DD002F5FF417F3189B2052910
:10ACE0001FD8A2F50042013A052A1AD8DFE802F07F
:10ACF000153B19033809224A2249002001F0A4F823
:10AD00000FE0214A1F49002001F0B8F82A791F49B5
:10AD1000F3E7B5F801201E49EFE71E49002001F0D6
:10AD200093F83B462A46214630461AF006FD70B994
:10AD30003B462A46214630461AF001FD628848F219
:10AD400021039A4203D1697830461DF006F86388E2
:10AD5000B3F5004F02D908201DF016F80120F8BD08
:10AD60002A790D49C9E70D4A0649002001F086F805
:10AD7000B5F801200A49C0E70020F0E724410300AC
:10AD80004941030050410300614103006741030052
:10AD9000754103008C410300A6410300C841030034
:10ADA000CD410300F0B585B004AB03E90300184AB8
:10ADB0009DF80D609DF80E7000231C46D9B202EB81
:10ADC000C1004568EDB99DF80C3000939DF80A204C
:10ADD0009DF80B300F49284601F050F826B10E4976
:10ADE0003246284601F04AF80C4ABDF808300C49B2
:10ADF000002C18BF2246002005B0BDE8F04001F04D
:10AE000023B812F831100133B94208BF2C46D5E7F8
:10AE1000A4420300DE410300EF410300562C03006F
:10AE2000F34103002DE9F04F85B08046BDF838703E
:10AE30000F9DBDF840B0894614461E46002B2FD00A
:10AE4000454A4649002001F019F82388002B74D0A8
:10AE500040F20912934272D0414A4249B3F5827FCF
:10AE600018BF0A4601976188009100203E4901F011
:10AE700005F8238883B1022F0ED92B783B493C4A31
:10AE800013F0010F08BF0A4659074CBF2B79AB7866
:10AE90003849002000F0F2FF3749002000F0D4FFCD
:10AEA0003649002331F833205A454AD1344A52F802
:10AEB00033A0002331F8330058454FEAC30246D18E
:10AEC0002F4900200A4441F83300908046B9238876
:10AED00033B9B4F90230002B02DB08201CF010FF5C
:10AEE00001201CF051FF9DB12A78D30710D512F034
:10AEF000040004D03A46012128461CF070FFCDE939
:10AF0000016000953B462246494640461CF0BFFC86
:10AF1000BAF1000F06D0CDE900563B46224649461D
:10AF20004046D047CDE900563B462246494640467A
:10AF3000F5F7A0FD05B0BDE8F08F124A92E7124A7E
:10AF400090E701330A2BADD14FF0000AB1E701338E
:10AF50000A2BAFD1BAE700BFE72403001A4203006F
:10AF600008420300572C030024420300134203004D
:10AF70000B42030053420300B70A03008440002041
:10AF8000804000200142030005420300014B187875
:10AF9000704700BF46590020F8B506460C461CF025
:10AFA000D1FE0546B0B930461CF02EFC98B90B4BCB
:10AFB0001F7B87B95A8822809A8862809B79237187
:10AFC0000121304600F02EFA39466071304600F01B
:10AFD00029FAA07101252846F8BD00BFD040002005
:10AFE00070B504460E4615461CF00EFC10B14FF627
:10AFF000FF7070BD084B1A7B002AF8D146B90122B8
:10B000002946204600F030FA0028F0D00088F0E70A
:10B01000012EECD1F4E700BFD040002013B5FF2390
:10B020000DF1070104468DF807301CF089FE18B1B8
:10B030009DF8070002B010BD074B03EB04131B7B08
:10B040000BB1FF20F6E7204600F0B4F80028F8D056
:10B05000204600F0E1F9EDE7D040002010B5FAF706
:10B0600051FB0446FAF754FB2246034610490020E0
:10B0700000F0EAFE00F056FEFFF7D4FD00F07CF889
:10B080000221084602F05CF9FFF780FD094B41F20E
:10B0900049021A80084A52231380084A4FF400409C
:10B0A00013801FF0DEFABDE8104000201FF021BF22
:10B0B000EF420300EC240020E8240020E6240020D6
:10B0C00038B505461CF05CFE80B9284616F08AF9B2
:10B0D000044618B1752814BF88248D2404492346DA
:10B0E0002A46002000F0B0FE204638BD8D24FBE744
:10B0F000054303000249102309887F221BF094BBFB
:10B100004E1C03000149082221F094BD985A0020EA
:10B11000024B18685968FFF745BE00BF1670030060
:10B12000064A0123D15C814202D1054AD05C7047B6
:10B1300002335D2BF6D10020704700BF1A43030095
:10B140001B43030070B50A4B1D780A4B04460022CE
:10B15000D0B2854201D8FF2070BD1E78A64204D12E
:10B160000029F9D05E7BF607F6D401321033EFE701
:10B1700047590020D0400020084B01221A70084B8C
:10B180004FF482711A709A71064A59809A604FF68C
:10B19000FF714FF4807299809A817047475900205F
:10B1A000D040002080430300014B1878704700BF57
:10B1B00047590020034B03EB0013587B00F00100BC
:10B1C000704700BFD04000202DE9F04F8DB0DFF870
:10B1D0001C8202939DF858300793804B06911B7890
:10B1E00008EB0313054616460A934FF000090A9B25
:10B1F000984501D1862068E02B780393039A98F84C
:10B200000030D8F808A0934240F0E08098F80D3064
:10B21000DC0709D59AF8043009934FF0000B099A1E
:10B220005FFA8BF3934202D308F11008DFE7DAF8F4
:10B230000070142303FB0B77294638461CF086FA6E
:10B24000002800F0BE803B890893002308999AB239
:10B25000914202D80BF1010BE1E70C225A430B9308
:10B260007B6804929C1821462A46384605931CF0B8
:10B2700084FA22790B9B002800F09A80069B03B188
:10B280001C60900624D4564B09EB03080BE01A7996
:10B29000910642BFDA7890441FFA88F80C339C423A
:10B2A000F5D8504B9844079B63B3214638461CF0B1
:10B2B00044FADDE90413B5F802905B5A02464946A8
:10B2C00003981CF022FD38B97E200DB0BDE8F08F48
:10B2D000454B4FF00008E2E72379DA0639D44346BC
:10B2E000B0461E46029AA378002A43D1E278A3F121
:10B2F0004101012940D8013AD2B2414630461CF002
:10B3000068FE00E00EB90020DFE7214638461CF059
:10B3100014FADDE90413B5F802905B5A0246494677
:10B3200003981CF0F0FC0028CED02379DB06D9D599
:10B33000214638461CF001FA95F80080E2786D88C5
:10B340000346CDE900622946224640461CF0F0FC47
:10B35000BBE7214638461CF0F0F995F800806D886F
:10B36000169603462246294640460DB0BDE8F04FEA
:10B370001CF0E0BC029ABAE7433B012B06D8023A24
:10B3800092B2414630461CF03CFEBCE7079BE27897
:10B390001BB9029B0BB193421ED341463046B8F114
:10B3A000000F02D121F060FCADE721F043FCAAE7D9
:10B3B00012F0300F02BFE2784A441FFA82F90133DB
:10B3C00044E77B894B441FFA83F943E7BAF8063018
:10B3D0004B441FFA83F927E7892076E74759002075
:10B3E0008E59002048590020B0430300D04000206F
:10B3F00070B50C4615461E461CF006FA40B90548C5
:10B4000033462A4621468068BDE870401CF0C9B921
:10B41000002070BDD0400020014B0001185C704737
:10B42000D040002070B50C461CF0EEF9C0B90D4BB1
:10B430009A682AB1157903461426D9B2A94200D3D5
:10B4400070BD116806FB0311097B34B911F0800F40
:10B450001CBF0130C0B20133EFE711F0400FF7E736
:10B460000020EDE7D0400020F8B50D4616461CF050
:10B47000CBF9034640B90E4A9268177904464FF05B
:10B48000140CE1B2B94201D30020F8BD10680CFBE6
:10B490000400017B46B911F0800F03D09D42F4D027
:10B4A0000133DBB20134ECE711F0400FF5E700BFE8
:10B4B000D04000202DE9F04F3F4BDFF8008193F89A
:10B4C00000A089B006460024544506D2FF2E28D09D
:10B4D00030461CF099F9044640B309B0BDE8F08F3E
:10B4E0001B68142202FB05352B89B3F5967F01D921
:10B4F0001BF0A5F900274FF00C0B2A89BBB29A422A
:10B500001CD809F10109029B43445FFA89F59B6845
:10B510001A79AA42E4D8FF2EDFD10134E4B25445AF
:10B52000DBD208EB04131B7B002B41D123010293D8
:10B5300008EB04134FF000090393E4E7BBB268681B
:10B540000BFB03FE00EB0E010A79D30628D4039B04
:10B5500093F800C08DF814C012F0400FB5F800C089
:10B5600030F80E30ADF816C0284614BF4FF0800CEE
:10B570004FF0400CADF81A308DF818C01CF0DDF813
:10B580005207CB78ADF81C000CD5022B8A6800D985
:10B590001268012300930023194605A8FFF714FE43
:10B5A0000137AAE7022B8CBF8A6801F10802F0E795
:10B5B0000134E4B288E700BF47590020D0400020A2
:10B5C00070B5084D084E00242B78E0B2834200D8B5
:10B5D00070BD06EB0010437BDB0701D51CF0DBF9E7
:10B5E0000134F1E747590020D0400020F8B50C465F
:10B5F00000210546FFF7A6FDFF2827D0144A02EBDD
:10B600000016737B03F001012CB143F00103737347
:10B6100031B10120F8BD74730029FAD014270FE06E
:10B6200000B202EB00101CF0B6F9F2E711687B43A0
:10B63000CA182846127BC95AD2091BF0EAFE013407
:10B64000B2681179E3B29942F0D8E2E70846E1E73F
:10B65000D04000202DE9F04FB1F57C4F85B0CDE909
:10B66000023228BF2B4B01904FF0000428BFB3F8E3
:10B6700000A000940E4638BF4FF0010AA1464FF6D5
:10B68000FF78544503D3404605B0BDE8F08FB6F5CA
:10B690007C4F0CD3204B029A019803EB8403314674
:10B6A0005B88FFF7A5FE0546F0B1002718E0029A77
:10B6B000019831461CF0C6F8F5E70C23BCB25C4398
:10B6C000D5F804B0039B3BF8040098420BEB04014F
:10B6D00005D3009B5BB928461CF02FF8A0B90137B1
:10B6E0002A89BCB2A242E8D80134A4B2C9E74845CD
:10B6F000F5D828461CF021F80028F0D03BF80410BB
:10B70000494501D38045EAD901233BF804900093D1
:10B710008046E4E7784303007A4303002DE9F04FC5
:10B720008FB098469DF8703005930023BDF860A057
:10B730008DF82C00ADF82E10ADF8322005460E46DF
:10B74000174600931A4608A90BA8199C9DF868B0E3
:10B750009DF86C9008938DF83080ADF834A0FFF719
:10B7600033FD089850B9CDE90067594A59492B462D
:10B7700000F06AFB86200FB0BDE8F08FB9F1000F32
:10B7800014D183785B4506D04846514A524900F0AF
:10B790005BFB8D20EFE7037913F0010306D1184618
:10B7A0004B4A4E4900F050FB8820E4E703795B07E1
:10B7B00031D583685A689B6809920A9380781CF097
:10B7C00085FC089A92F80390B9F1020F034613D84A
:10B7D00007904A46214609A81CF034FC079B0690B6
:10B7E0004A4621460AA81CF02DFC069B012B01D0DD
:10B7F000013010D18720BEE706904A4609982146BD
:10B800001CF020FC0128F5D0069B0A984A462146E8
:10B810001CF018FCECE7059B002B51D1089B4FF660
:10B82000FF72987821461BF04DFF00284DD05FFA3B
:10B8300080F9CDE90294CDE900AB43463A46314662
:10B8400028461CF08CFA002895D1CDE90294CDE968
:10B8500000AB43463A46314628461CF076F80028AD
:10B8600089D101230093059B224619460BA8FFF7B7
:10B87000ABFC00287FF47FAF089B32462946204668
:10B880001BF0E6FF43463A4631462846CDE901B46F
:10B89000CDF800A01CF07BFA43463A4631462846D4
:10B8A000CDE90294CDE900AB1CF058FACDF800A028
:10B8B00043463A46314628461CF01FF800205AE716
:10B8C0000749002000F0C0FAF8E7012053E700BF65
:10B8D0002E4403003A44030062440300764403000C
:10B8E0008A44030070B586B000258DF81030BDF88D
:10B8F00028308DF80C00ADF80E10ADF81220ADF820
:10B9000014300B9ABDF83030009502A903A80D9EA3
:10B910000295FFF759FC044630B916B1029B9B789B
:10B920003370204606B070BD8928FAD102492846F6
:10B9300000F08AFAF5E700BFA74403002DE9F04FB5
:10B940004FF0000A91B0FFF72FFC5FFA8AF6B04281
:10B9500002D811B0BDE8F08F5B4B5C493601002086
:10B960009A5D00F071FA5A49002000F06DFA002348
:10B970000593554B9DF8144033449B681A79A242B5
:10B9800002D80AF1010ADEE71B68142202FB043424
:10B990004FF0000922891FFA89F39A4202D8059BC9
:10B9A0000133E5E7D4F804B00C231FFA89F803FB50
:10B9B00008F80BEB08051AF042FF2B79454922885D
:10B9C00013F0400F3BF8083000934FF00000424B5B
:10B9D00018BF0B46414900F051FA294620461BF09A
:10B9E000ACFE074600283CD13D4900F047FA2979D2
:10B9F000DFF814C13B48AA78EB7811F0010F08BFBB
:10BA0000604611F0020F32D1DFF800C111F0100FC3
:10BA1000354918BF6146CDE900013449002000F0E6
:10BA20002DFA2B793BF808202188274813F0400F86
:10BA30004FF0000B4FF021030DF11C08CDE9023B44
:10BA4000CDE900780CBF40238023805DFFF74AFFDB
:10BA500086280ED12649002000F0F6F909F10109E7
:10BA600098E702462349002000F008FABFE7224980
:10BA7000D1E7A8781BF051FED8B140461CF0B5F9CB
:10BA8000421C92B201234146002000F05BF920885D
:10BA9000394601F067F94FF6FF73984207D0174B0C
:10BAA000174903EBC00300205A6800F0CDF915498F
:10BAB000D1E7A8781BF037FE20B140461CF09AF978
:10BAC000821CDEE7EA78DDE7D0400020F94403007D
:10BAD00005450300D1440300D64403004545030057
:10BAE00057450300DB440300E14403005C450300C9
:10BAF00074450300B1490300E9440300104A030000
:10BB000000430300B70A0300DE440300F1440300CE
:10BB10002DE9F04F8FB00446BDF86480BDF860B0E9
:10BB2000B8F1040F0F4615469A4635D9CDE9013BC9
:10BB300000920B4602463049002000F085F921268C
:10BB40000DF113030DF1140903932046CDE900B95B
:10BB5000029653462A463946FFF7C4FE044638BBD0
:10BB60009DF813A03246494650461BF0ABFD0646F1
:10BB700028469EB1A8F10408B0450FD3DFF888B07D
:10BB80001CF00FF9BBF80030B21CC3F152039A420B
:10BB900019DB892000F0B2F8892405E01CF001F9D6
:10BBA0008924204600F0AAF820460FB0BDE8F08FA7
:10BBB000009012492B463A46002000F045F92846ED
:10BBC0001CF0EFF8EDE7204600F098F8504600F042
:10BBD00095F8BBF800800A48324649464044B044D4
:10BBE00021F068F8ABF80080064900962B463A46EB
:10BBF000204600F029F9D7E780450300B44503004B
:10BC00008F590020D74503007054002010B5044C14
:10BC100020600448018004490A60044A136010BD92
:10BC2000E84000206E540020E4400020E040002066
:10BC300008B410B587B009AB0C4653F8041B00924A
:10BC4000CDE9011302460B490B48059309880068AA
:10BC500000231BF0A8FF094B1B681880084B1B68CA
:10BC60004FF48A525C80DA8007B0BDE8104001B022
:10BC7000704700BF6E540020E8400020E4400020E0
:10BC8000E040002007B5074B1B681B880192064A5D
:10BC900012680092054A12681BF002FB03B05DF8BF
:10BCA00004FB00BFE4400020E8400020E04000200A
:10BCB000024B1B6818715971704700BFE0400020AB
:10BCC000094B10B500241C701BF099FC074B522245
:10BCD00018802146064820F0C7FF064B1C80064B03
:10BCE0001C605C609C6010BDEB5900207254002009
:10BCF0008F590020705400207454002007490B888D
:10BD0000512B9FBF064AD054581C80B29DBF08805B
:10BD100000F1FF3080180020704700BF70540020F1
:10BD20008F590020024B034A1A600020704700BF61
:10BD3000EC4000207E430300014B1878704700BFA1
:10BD4000D040002030B4044D044C002B0CBF2B46D7
:10BD5000234630BC1CF073B8BA460300014603000A
:10BD600000B589B0037806934378059383780493EC
:10BD7000C378039303790293437901938379009302
:10BD8000C3790448044900883E2200F077F809B0DE
:10BD90005DF804FB80540020054603002DE9F047C0
:10BDA000DFF84C80DFF84CA0DFF84C9005460E46DB
:10BDB00017460024AC4201D1BDE8F087B8F8000076
:10BDC00006EBC401534608221CF039F80134B8F8D8
:10BDD00000003FB9044AA54208BF4A46034900F0A3
:10BDE0004DF8E7E74A46F9E7B70A0300DE330300F8
:10BDF0008054002001460300BE0E03002DE9F041EF
:10BE00000E4E044630881CF032F8A8B10C4FDFF813
:10BE100034800025E3070AD518B93088414600F080
:10BE20002DF830882A46394600F028F800200135E0
:10BE30001B2D4FEA5404EDD1BDE8F0818054002061
:10BE4000B41D0300214203000EB417B505AA044631
:10BE500052F8041B01920120F9F786FF054A0121DF
:10BE60000220FDF7B7FD044B1C8003B0BDE8104075
:10BE700003B07047BE0E0300805400200EB417B507
:10BE800005AA044652F8041B01920120F9F76CFF41
:10BE9000034B1C8003B0BDE8104003B0704700BFE7
:10BEA0008054002013B503680446587900F02CFF35
:10BEB00080B923685A88032A0CD0E17C5B79CDE9EC
:10BEC00000211449144AFFF7BFFF012120461CF04E
:10BED00051F81BE0637D012B0AD0637D33B92368E1
:10BEE000228A598858791BF09BFC48B9C321EDE799
:10BEF0002368228A598858791BF09BFC0028ECD0D3
:10BF000020461BF0B6FF01460028DFD1012002B019
:10BF100010BD00BF1A460300CBD00200002970B547
:10BF20000F49104E1D46104B14460CBF6E2279224D
:10BF3000002808BF0B460D490020FFF79FFF25444E
:10BF4000AC4205D1BDE8704009490020FFF77CBF35
:10BF500014F8012B31460020FFF790FFF0E700BFF7
:10BF60004E4603008B460300444603005746030039
:10BF70000E3103002DE9F04F427D036890F81490D4
:10BF800090F813B0866885895F88002A8BB014BF4B
:10BF900080224022044658790592C84600F0B4FE3B
:10BFA00098B9BBF1050F05D86FF02D0343FA0BF3D9
:10BFB000DB070AD5032F08D0AF490020FFF744FF65
:10BFC000012120461BF0D6FF7CE0E37B73BB607D44
:10BFD000AA4AB0FA80F040091380C000FFF78EFE35
:10BFE000E37B93B3208A1BF0DCFE8246A07CFFF744
:10BFF00085FEBBF1160F00F2B281DFE81BF02800CE
:10C00000B6017D006700EA017D00AA01F301B201DB
:10C01000FC0105020E024D012502B001B001B00184
:10C020003802820238029F024D012502238A002B2A
:10C0300000F09581607D914BB0FA80F040090022BC
:10C04000C0001A8040F00400C8E79A46CEE78C4A48
:10C050008C49DFF828A23B460020FFF7F5FE0120BF
:10C06000FFF74CFE08F10209A94529D841462A46A6
:10C0700030461BF0B4FE236880465879BAF8003089
:10C08000C3F152039BB20193238A00934246059B5E
:10C09000394619F055FB10B11FFA89F8E2E7236819
:10C0A0005879BAF80030C3F152039BB20193238A46
:10C0B00000934246059B3946FFF72AFD8928EBD1BC
:10C0C0001BF055FF01200BB0BDE8F08F0420FFF7F7
:10C0D00015FEEB1E4FF0000A0893089B984550D3BD
:10C0E000BAF1000FECD1E37B94F81480002B634B82
:10C0F0000CBF022204221A800420FFF7FFFD002358
:10C100000693994608F1030A554540F2A1802A4654
:10C11000414630461BF063FE06EB0803EA1E9B789F
:10C120000790B244A2EB080292B251461846099316
:10C130001BF0C8FA089000287BD02268099B507930
:10C14000079ACDE901A3238A00933946059B1BF08A
:10C15000BDFC079B4C4982463A460020FFF78EFE05
:10C16000BAF1000F55D1069B48490133DBB2504666
:10C170000693FFF769FE089B033343441FFA83F8D5
:10C18000C0E72A46414630461BF029FE06EB08036D
:10C1900008F1030193F80290089B0690A3EB0802B4
:10C1A000314492B2484609911BF08CFA079068B36B
:10C1B000236809995879CDF808900191238A009352
:10C1C0003946DDE905321BF0CDFC8146C0B1484659
:10C1D000FFF794FD06981BF0E4FD069B2A493A46BA
:10C1E0000020FFF731FE2A494A460020FFF72CFEC7
:10C1F0000AF1010AB9F1800F5FFA8AFA3FF470AFD1
:10C20000079B033343441FFA83F866E74FF0800926
:10C21000DDE75046FFF772FD07981BF0C2FD09F1FC
:10C2200001091B49524600205FFA89F9FFF70CFE0D
:10C23000A1E78720FFF762FD07981BF0B2FD09F127
:10C2400001091349089887225FFA89F9FFF7FCFD75
:10C25000BBF1050F3FF436AFB9F1000F7FF430AFFB
:10C26000069B2BB90B491846FFF7EEFD8021A8E687
:10C270004846FFF743FD23E7841C03007054002069
:10C2800091460300DA4603009B460300FE45030087
:10C29000B5460300BD460300BBF1150F00974CD017
:10C2A0000020B54BB54AB649FFF7CEFD0D20FFF78C
:10C2B00025FD2A46494630461BF091FDB144BBF1AD
:10C2C0000C0F99F8026005463FD1192E28BF192698
:10C2D000E37BBBB1B4F810804FF6FF73984511D1E2
:10C2E0002068059B40792A463946FFF7B3F9404557
:10C2F00008D0BAF1000F05D020828AF80000000AA9
:10C300008AF801009F4B0020B3F80080FFF7F6FC8D
:10C310002368ABF1150C5879DCF1000343EB0C03F7
:10C32000CDE90163238A00932A46059B39461BF019
:10C330005AFB954B03F80800C2E60020934B8F4A46
:10C340008F49FFF781FD1620B1E7132E28BF132672
:10C35000BEE720461BF0E0FC00287FF4B3AE81214D
:10C360002FE620461BF005FDF6E70A2F06EB09082D
:10C37000A5EB090A22D1DFF818B29BF80030EBB127
:10C38000E37BDBB9BAF1080F18D12A46494630469B
:10C390001BF025FD90B998F802307BB998F803207E
:10C3A000E22A0BD12A4609F10401304605931BF01D
:10C3B00013FD1BF0C9FD059B8BF800301FFA8AF2B4
:10C3C0004146384619F0BEF900287FF47BAE0021C3
:10C3D000F7E5A5EB090292B206EB090138461BF01E
:10C3E000DCFCF1E7A5EB090292B206EB0901384645
:10C3F0001BF094FCE8E7A5EB090292B206EB0901F9
:10C4000038461BF0B8FCDFE7A5EB090292B206EB59
:10C410000901384619F098F9D6E716F8095023684B
:10C4200009F10109587916F80960238A0193059BDF
:10C4300000932A46394633461BF00DFA3246294608
:10C4400038461BF06DFC3DE609F1010216F80910B3
:10C45000AB1AABF1160568426841003900909BB2F7
:10C46000324418BF012138461BF05CFCACE716F8DB
:10C470000950B144BBF1110F99F801603BD1122072
:10C48000FFF73CFC4FF00008E37BB3B1B4F8109029
:10C490004FF6FF73994510D12B463A462146404648
:10C4A0001BF09CFA484508D0BAF1000F05D0208255
:10C4B0008AF80000000A8AF80100DFF8C890DFF867
:10C4C000C8B0B9F800A0CDF80490CAF1510292B2F8
:10C4D0000AF1010300925B44CDE902563A46214637
:10C4E00040461BF07EFAB9F800300BF80A00013321
:10C4F000A9F80030E4E51420FFF700FC4FF0010834
:10C50000C2E709F101039D4234D316F809801E44A5
:10C51000B8F10008A5EB030318BF4FF001089DB266
:10C520002B46324641460020FFF7F8FC0095218A51
:10C530003346424638461BF0F9FB45E709F1010353
:10C540009D4217D316F80980ED1AB8F1000818BFFC
:10C550004FF001081E44ADB22B4632464146012041
:10C56000FFF7DCFC0095218A3346424638461BF033
:10C57000DBFB29E70020A6E5B70A0300CE4603004F
:10C58000D8460300705400208F590020E74603006E
:10C59000E159002038B54FF6FB750446A9429DF8D5
:10C5A0001000626098BF43F4004301212170238191
:10C5B000A0720A4A0A4902230020FFF745FCE07AEC
:10C5C000084B40F6CA0203EB4010FF211AF0FBFAB9
:10C5D000BDE8384004201BF093BB00BFEC460300CD
:10C5E000F74603003041002030B5054685B028B934
:10C5F0001D4905B0BDE83040FFF726BC0024007B94
:10C600001BF003FC194A1A492C702046FFF71CFC4A
:10C61000184BE87AFF2103EB40101AF0E5FA164BAD
:10C62000204602019A5C22B901300428F9D11BF09E
:10C63000ABFB696899B1B5F908302A899B1303F0FF
:10C6400002038DF80430C2F30E03ADF806304FF646
:10C65000FF73ADF808300023039301A8884705B0A5
:10C66000BDE830401BF0D7BB22470300EC46030077
:10C670005447030030410020F0400020094803786F
:10C6800073B9094A1946D3720133042B117311701F
:10C6900051601181917202F11002F4D101230370F3
:10C6A000704700BFE2590020F040002008B5FFF7B6
:10C6B000E5FF064900231A0101EB03108A5C1AB159
:10C6C0000133042BF7D1002008BD00BFF04000204B
:10C6D00070B506460D46FFF7D1FF0A48002300EB70
:10C6E0000514A17AB14205D1217819B12B4400EB90
:10C6F000031070BD0133042B04F11004F1D10020AC
:10C70000F7E700BFF040002010B50446FFF7B6FF82
:10C710000E4B9C4212D003F12002944210D003F140
:10C72000400294420ED060339C420DD1032308484E
:10C7300000EB0310BDE81040FFF756BF0023F6E7FB
:10C740000123F4E70223F2E70020F3E73041002061
:10C75000F040002070B5074D074E002428463246B1
:10C7600000210134FCF764FE042C05F12005F5D10D
:10C7700070BD00BF3041002009C700002DE9F34122
:10C7800005460C4617469846FFF790FF064640B907
:10C790001C4A1D49FFF758FB7024204602B0BDE833
:10C7A000F0814FF6FB739D420AD94FF6FD739D420F
:10C7B00004D0144A15490020FFF746FB4FF6FD75DB
:10C7C000434621463A4628461BF094FB044600F0B7
:10C7D00015FE804634B10B4A0D4923460020FFF771
:10C7E00033FBDAE73B462046064A0A49FFF72CFBB3
:10C7F000089ACDF80080062329463046FFF7CAFE86
:10C80000CBE700BFEC460300614703008B47030002
:10C81000C0470300E7470300F7B506460F46FFF79A
:10C8200045FF054638B9104A1049FFF70DFB702443
:10C83000204603B0F0BD00224023114630461FF0D1
:10C8400060FE044615F04CFE34B1074A0849234601
:10C850000020FFF7F9FAEBE7009001233A46314652
:10C860002846FFF797FEE3E7EC4603006147030025
:10C870000E48030073B504460E46FFF717FF054642
:10C8800038B9104A1049FFF7DFFA7024204602B089
:10C8900070BD0022204611461FF03BFE044615F0F5
:10C8A0001FFE34B1074A094923460020FFF7CCFA9E
:10C8B000ECE70090234632464FF6FC712846FFF71E
:10C8C00069FEE3E7EC460300614703003A480300D2
:10C8D0002DE9F043884610789FB0002114461D468C
:10C8E000FFF7F6FE0646002800F001810778002FCA
:10C8F0007ED0B8F80010002940F0F9800389B8F81C
:10C90000022043F40040824240F0F1806178002927
:10C910006ED1A2F50042062A00F2E980DFE812F0AB
:10C92000A400A400E700E7000700BB006C00E38858
:10C93000E17AADF824302389ADF8263063798DF89B
:10C9400028308B1D0D3D14F813208DF8141015F0B0
:10C9500001058DF81C2046D10BA8069004F10C0CA3
:10C9600080465FFA85FE8E450CF1020C09D21CF858
:10C97000019C1CF802EC0EEB092E28F802EB0135A5
:10C98000EFE75B00013300EB41000A4403F0FF03D3
:10C990000890D2B28A420FD01EA800EB4105E018E1
:10C9A000013190F801C0E05C023300EB0C2025F867
:10C9B0004C0CC9B2DBB2EDE7B6F908203389002A86
:10C9C000B4BF03220122C3F30E038DF80820ADF893
:10C9D0000A306288ADF80C2005AB049302A93046FA
:10C9E0001BF073FA04E0434A43490020FFF72CFA96
:10C9F00038461FB0BDE8F083042D02D83D4A3F49B8
:10CA0000F3E72379B4F80280053DADB29D4202D030
:10CA1000384A3B49E9E73B4A3B4B3C49CDF800806B
:10CA2000002D18BF13460020324AFFF70DFA0534D7
:10CA30008DF81450B6F90830069485B1002BACBFC0
:10CA4000012303238DF82C303389ADF83080C3F3F4
:10CA50000E03ADF82E3005AB0D930BA9BFE7002BED
:10CA6000ACBF06230523EDE70B2DC7D9D4F8020090
:10CA7000D4F8061005AA03C213F4004F14BF032212
:10CA800004228DF82C20C3F30E036289ADF8302008
:10CA9000ADF82E30DFE7042DB0D96388ADF8303023
:10CAA00023790533DBB29D4206D0124A184900951E
:10CAB0000020FFF7C9F99BE70E4A16490020FFF74F
:10CAC000C3F93389B6F90820C3F30E03ADF82E304D
:10CAD00005AB002A0D9304F10503B4BF0322012224
:10CAE000069323798DF82C208DF81430B5E70027B4
:10CAF0007EE700BFEC460300654803008D48030055
:10CB0000A1480300B70A030053240300C8480300E8
:10CB1000E448030025490300334BB0FBF3F2F0B5C2
:10CB200003FB12004FF46165B0FBF5F3DCB205FBCB
:10CB300013033C25B3FBF5F3DBB24B71A0EB041000
:10CB4000C3EB0313A0EB83004FF4FA630B8040F2B6
:10CB500001134B80254E887101230C7100201F4664
:10CB60006425904229D091F802C043B1BCF1020F74
:10CB700005D14FF01D0E06E04FF0010C002306EB2F
:10CB80000C0414F801ECCC78744513BF01340CF19B
:10CB9000010C0124E4B208BF81F802C0CC708C788B
:10CBA0000D2C00F10100DCD10B888F7001339BB29A
:10CBB0009C070B8002D08242DED1F0BDB3FBF5F4BE
:10CBC00005FB1434A4B224B18242F6D001239C4662
:10CBD000D5E74FF4C874B3FBF4FC04FB1C339BB2E1
:10CBE000B3FA83F35B09BCE780510100604903009D
:10CBF00010B588B006A90446FFF78EFF9DF81E30D9
:10CC000003939DF81D3002939DF81C300193074853
:10CC1000BDF81830009304949DF81B309DF81A203D
:10CC200003490088FFF710F908B010BD80540020B8
:10CC30003E49030008B50268154B118819805188D8
:10CC4000598051791971117959714FF48A51D980EC
:10CC5000D28812F0200F0CBF0A464FF48B52DA80B4
:10CC600081690C4A137831B90B49C088088023F0D8
:10CC70000203137008BD43F002031370074B152223
:10CC8000013118461FF0D6FF002200F8012CF1E711
:10CC900074540020EB59002072540020835400206B
:10CCA00010B5174C236858791AF0AEFD00BB154B30
:10CCB000227F197B91421BD15A88236819888A42A6
:10CCC00005D04FF6FF70814212D1120410D42279A0
:10CCD000023A012A06D9A37B63B9BDE8104008488F
:10CCE000FFF748B9198958791BF059F80028F2D193
:10CCF000002010BDBDE810400148FFF7D3B800BFC9
:10CD0000B4410020D040002008B51AF07DFD10B9D4
:10CD1000024B187808BD0020FCE700BFF059002046
:10CD200008B500201BF071F8FF201AF08EFD1BF0F3
:10CD300072F8FEF739FA0121024606481FF094FF07
:10CD4000054B064A06485221FEF760FFBDE8084041
:10CD5000FEF736BCF05900207454002070540020B7
:10CD60008F590020F0B50D4F044600224FF6FF7595
:10CD700090B2034637F83060AE4201D12846F0BD8C
:10CD8000A64209D1B4F57C4FF9D307EBC3035B8806
:10CD90008B42F4D00029F2D00132E9E7104A0300B7
:10CDA00010B50446FFF7DEFF094A034610884FF628
:10CDB000FF72934217BF074A0749084902EBC303B2
:10CDC0000CBF22465A68BDE81040FFF757B800BFB5
:10CDD00080540020104A03006C4903000043030004
:10CDE000034B18780130C0B2187000F07F00704714
:10CDF00022250020044A137818B143F00103137070
:10CE0000704703F0FE03FAE7EB590020014B18705E
:10CE1000704700BFEE59002038B1074B1B78012B3B
:10CE200004D1038843F0400303807047022BFCD1F8
:10CE3000038823F04003F7E7EE59002068B1074A62
:10CE40001378012B07D1064B1B781370037843F03E
:10CE50001003037001E0022BF8D07047ED59002059
:10CE6000EC59002073B5244E3378D907024640D4DC
:10CE70002249096881B10868C1888D0641BF204CEC
:10CE8000E18841F02001E180C1884C0641BF1C4887
:10CE9000C18841F04001C1801A4D1B4928780978AA
:10CEA00040074CBFE9706970184913F00204098803
:10CEB00009D0144A16481AF04CFF337823F00203C5
:10CEC000337002B070BD134B18884FF6FB73984255
:10CED00008D8CDE900520B46094A014620461AF00F
:10CEE000DFF9EEE70092074B0A4605491AF0BFF951
:10CEF000E7E70020E5E700BFEB590020B041002044
:10CF0000745400208F5900202325002070540020E5
:10CF1000825400207254002070B50379012B04461E
:10CF20000D46164631D883681B78DB0600D561B301
:10CF3000A37B13B9E37C0B2B27D0154B00221A805F
:10CF4000637DB3FA83F35B09D800E37BABB9FEF7EB
:10CF5000D5FEA07CFEF7D2FE0B20FEF7CFFEE07CD4
:10CF6000FEF7CCFE2846FEF7C9FE2046FFF762FE1C
:10CF70003046BDE87040FFF775BF40F00400FEF793
:10CF8000BDFE208A1AF00DFFE3E7002070BD00BF50
:10CF900070540020F0B4054618460F4B0F4E1B7816
:10CFA000012B0C46BDF8101001D0377827B10023B3
:10CFB00033700020F0BC70470CB9002AF9D143B19E
:10CFC0004FF65743994204D02B462246F0BC1AF044
:10CFD000A1BE0120EEE700BF24250020EF5900206C
:10CFE0002DE9F04F664E674C8446964698460F46AC
:10CFF0000FCE25460FC596E80F0085B085E80F00D7
:10D00000DDF83C90BDF838300093CDE901944346FB
:10D0100072463946604600F0DBF8DFF8908106463C
:10D0200070B90025FEF74CFE1622002156481FF06D
:10D030001BFE00232846C8F8003005B0BDE8F08F7D
:10D04000524BA27C1A70524BC8F800401B78002B40
:10D0500036D01AF07BFF4F4902460020FEF70EFF44
:10D0600022684D495379528800920020A289FEF728
:10D0700005FF00201AF0FBFE20B12368218A5888A2
:10D08000FFF78EFEE37B23B1228A44490020FEF79E
:10D09000F5FEA36842491A78E37C0093A37C002044
:10D0A000FEF7ECFE207DA289A168121A014401233B
:10D0B000002092B2FEF746FE3A490020FEF7C4FE79
:10D0C0003048FFF7B7FD2F4818F035FB054630BB59
:10D0D000B9F1000F25D12168E0880B880190BA1EB4
:10D0E00049880091032A8CBF00220122E07C0121A3
:10D0F000FFF750FF38B923685B79FF2B3AD0FFF771
:10D10000CFFD05468EE72368DB889A06F3D4264CCC
:10D110001C48012121701AF02DFF84F8009035463B
:10D1200080E7B9F814309B07E5D47AE75846FEF754
:10D1300073F982465846FEF73DF888B12368228A83
:10D14000598850461AF063FB50B13846FFF772FD1C
:10D15000236889F804A083F805A0FFF7A1FD00B9B2
:10D16000284601360546FEF71FF85FFA86FB58454C
:10D17000DCD857E7034FDFF838900026F3E700BF0D
:10D18000E8490300B44100208254002023250020F8
:10D1900021250020844903008C490300AA4903008B
:10D1A000B5490300811E0300EF590020B041002063
:10D1B00074540020054A0023D15C814202D31A44F2
:10D1C000507870470233DBB2F6E700BFD349030063
:10D1D00073B51546089C2E7816F0040F0CBF032675
:10D1E00005269E421A4608D9224A23490096002065
:10D1F000FEF72AFE002002B070BDBDF81830217184
:10D200002060E380A560A2812B7803F00103A37363
:10D210002B7803F00403002B14BF01210021E173DC
:10D220002978C1F3C00161754FF00101217518D053
:10D2300028461AF0D4FD237D208202332375227DF7
:10D24000531CDBB22375A95CA1740232D2B22275E1
:10D25000EB5CE374A3899A4205D900920749054A19
:10D26000C5E72382EBE7079BA36100232377012017
:10D27000C1E700BFE7240300204A03003C4A030043
:10D280002DE9F341244E254FDFF8B0800024E0B2B1
:10D290000BF044FBFF2805460ED1214A234601210D
:10D2A0000220FCF797FB3078013419F09DFA152C19
:10D2B000EDD102B0BDE8F081020657F8243010D558
:10D2C000184A00920121184A0220FCF783FB84B916
:10D2D000EB074CBF154A164A01210220FCF77AFBE6
:10D2E000E1E7114ACDF8008001210220FCF772FB32
:10D2F000D9E7032CECD00A2CD5D10E4B0E4A15F0F1
:10D30000010F18BF1A4601210220FCF763FB307899
:10D3100019F06AFA0B24BAE725250020AC4B03006C
:10D320006D4A0300B70A0300954A0300AA4A0300A6
:10D33000C04A0300584A0300624A03005324030012
:10D34000034B1870034B1970034B00221A7070477F
:10D35000F2590020F3590020F15900202DE9F74F30
:10D36000DFF89080224F98F800303C7805460E4652
:10D37000002B3AD04FF6FB73984236D8DFF878A0EE
:10D380004FF0000B98F800309AF800005FFA8BF924
:10D390004B450ED948446946C0B214F0CDF9082275
:10D3A000314668461FF036FC0BF1010B0028E9D12D
:10D3B0004C463B78A34208D198F80020631CDBB2AE
:10D3C0009A423B7004BF00233B709AF800301C4423
:10D3D000E4B23146204614F0A3FA30B9294620467B
:10D3E00003B0BDE8F04F14F093B903B0BDE8F08F7F
:10D3F000F1590020F3590020F2590020024B18780F
:10D4000000F07F00704700BFF4590020034B1878EC
:10D410000130C0B2187000F07F007047F45900204E
:10D4200030B585B00024ADF80A20021D92B2012A61
:10D430001D46ADF80840ADF80610ADF8044003D91C
:10D440004FF6FF72904207D1064A2B46127801A987
:10D450001EF005FE05B030BD014601AA204611F0C0
:10D46000B3F9F7E72625002000487047DA56002078
:10D47000014B1878704700BF3B250020014B1888EE
:10D48000704700BFC6240020014B1878704700BFCA
:10D4900034250020014B1878704700BF2C25002050
:10D4A000014B1878704700BF2F25002008B5084BA6
:10D4B00000221A605A60F8F7BFFA064B1870F8F7A6
:10D4C000BBFA054B1870054B1A78054B1A7008BD4E
:10D4D0003A5100201F5A00201E5A00202D250020FE
:10D4E0001D5A002000B5002193B008466A4609F095
:10D4F0008FFF0146C8B90E4B0E4A09930E4B0A9393
:10D500000D920E4B0E4A0B930E920E4B0E4A0C933D
:10D51000CDE90F230D4B11936A460AF059FA0038F2
:10D5200018BF012013B05DF804FB0120FAE700BF2B
:10D5300095AF0200D1BE010021B102009F6E020032
:10D540005D9501009FB10200DDCD010035BB0100FA
:10D55000074B1878112803D8064B0341DA0704D586
:10D56000A0F143035842584170470120704700BF63
:10D57000215A0020CBFFFDFF08B5064B1B78013B6D
:10D58000022B05D80020FFF7E3FF0138C0B208BD29
:10D59000FF20FCE7225A00202DE9F74F3A4B3B4F82
:10D5A00093F800903A4E3B4B3B4D3C4C3C483D4938
:10D5B000DFF8F8C0DFF800E1DFF814A1DFF814B1FC
:10D5C00001934FF00008019B203301935FFA88F329
:10D5D000994507F1200706F1200605F1200504F121
:10D5E000200400F1200001F120010FD82E4B2F4D17
:10D5F0001C782F4E2F4B304F00221146D0B2844260
:10D6000003F1200338D803B0BDE8F08F2B4B2C4A30
:10D6100047F81C3C002346E907232A4A47F820CC58
:10D6200045E90723284A47F8103C44E90723274ADD
:10D6300046F820CC40E90723019A45F820CC47E979
:10D64000063E46E905E345E905E344E905E340E92B
:10D6500005E341E908CA41E9063E44F820CC40F818
:10D6600020CC41F8103C08F1010842E908CB42E91E
:10D67000063E42F8103CA6E743E9085643E9061780
:10D6800043F8101C0132B9E73E250020CC4C0020A5
:10D69000AC4C0020CC4B00208C4C00202C4C0020AB
:10D6A0000C4C0020EC4B002039250020905100202C
:10D6B000C9F901004C4C0020B70A030071B5020003
:10D6C000EDB30200EDC2010019DD0100C7840200C4
:10D6D000893A0200E9B10100044B00F1100250F850
:10D6E000041B43F8041B9042F9D17047235A0020D1
:10D6F000044B03F1100253F8041B40F8041B93423F
:10D70000F9D17047235A0020F0B5071D05460022C5
:10D7100093B00C46384608211DF0AFFB6A7B0646E5
:10D72000D0070BD5687808A91BF042FBDDF83D3027
:10D730006B60DDF841307B6080B101E0910702D47D
:10D740002D2013B0F0BDD20002F080020121384636
:10D750001BF037FBFF286870F2D0E6B11923194699
:10D760006A7801A819F053F89DF81C305B0604D5BF
:10D770000B484FF4C071F8F705F8234603AD07AC2A
:10D780002A4603CAA24218605960154603F10803ED
:10D79000F6D10020D5E708A91BF00AFBCCE700BFB3
:10D7A0000F4C03002DE9F04307468BB01D48884617
:10D7B0001646FFF79DFF0025002D01AB194A0CBF4F
:10D7C00036205C200024994612F8011B0134E4B293
:10D7D0004140102C03F8011BF6D105A81EF057F9A3
:10D7E0004A46214605A81EF056F9BDB941463A46BB
:10D7F00005A81EF0B7F905AC32460DF1240C2346FE
:10D8000003CB6345106051601C4602F10802F6D15B
:10D8100015B10BB0BDE8F0830125CDE732462146B6
:10D82000E6E700BF535A00202DE9F04F99B0DFF82A
:10D83000E880DDF890909DF88CB09DF8886088F8BD
:10D8400000B0174682460C461D462022304B0F93EF
:10D85000002110A81FF008FA4F4504D02A46394687
:10D8600048461FF0E7F94FEA0B4303F47C1343F0FB
:10D87000A86343F480737819711B09EB050C6CB332
:10D880000DAACDE90AB209EB060209920EAACDE96A
:10D8900007120D22CDE9051CCDE90350CDE900A208
:10D8A0001C49029710220FA8F6F746FB07460FA85F
:10D8B0001BF0B4FA17F1950F24D02FBB0E9B761BEB
:10D8C000F6B29E4220D10CB398F800000D9B98420E
:10D8D00014BF2120002019B0BDE8F08F0EAACDE9B9
:10D8E0000912BA19CDE905120D22CDE90350CDE98F
:10D8F00000A2CDE907BC0749029710220FA8F6F74E
:10D90000DDFBD3E72C20E6E72120E4E72046E2E731
:10D9100000248000535A00203F250020F0B51B4B07
:10D9200093B0002607460C461546314620220AA829
:10D93000CDE908631FF098F908AB1022DFB1CDE9FB
:10D940000523CDE90325CDE90164114B114900966A
:10D9500009A8F6F741FD044609A81BF05FFA14B9BF
:10D96000089B102B04D00C4840F23E21F7F70AFF29
:10D97000002013B0F0BDCDE90323CDE90125044B10
:10D980000449009409A8F6F7A9FDE4E70024800003
:10D9900000444004535A00200F4C030030B50546A4
:10D9A00089B069461BF01BF86B8804ACABB122460A
:10D9B000294668461AF08CFF0E4A08AD234603CB71
:10D9C000AB42106051601C4602F10802F6D10948D2
:10D9D000FFF782FE002009B030BD064D6B461A46A7
:10D9E00003CAA24228606960134605F10805F6D112
:10D9F000EDE700BF535A002050B10B4B0B4A03F127
:10DA0000100153F8040B42F8040B8B42F9D1704714
:10DA1000064B054A03F1100153F8040B42F8040BBE
:10DA20008B42F9D1704700BF535A0020335A00206F
:10DA300008B5102202481FF0FDF8002008BD00BF05
:10DA4000435A002008B50846102202491FF0F2F898
:10DA5000002008BD435A0020F0B587B0054603A852
:10DA60000C4612F0D9FD0146002847D1BDF80C3014
:10DA7000980643D5102220461FF0F6F801A811F0B1
:10DA80003FFEB8B16E7B16F0020F05F1040706D019
:10DA9000082201A938461FF0BDF800282CD101AB9F
:10DAA00003CB46F00206686079606E73238843F00A
:10DAB00008032380238843F00203238011F016FA21
:10DAC00060601DF02CFA30B10D4B1B68A3602388F9
:10DAD00043F0040323800B4B1A68D1035EBF2388F5
:10DAE00043F010032380130242BF238843F40063F2
:10DAF0002380002007B0F0BD2D20FBE72420F9E7AC
:10DB0000FC4C0020004D00202DE9F04F91B09B46C9
:10DB10000B1E0A93AC4B1A9E904614BF8146994641
:10DB200000249BF8000060B944450A992CBF08F115
:10DB3000FF32224643460020C847204611B0BDE8C8
:10DB4000F08F25280BF1010B06D022460A99651C9F
:10DB50004346C8472C46E4E700230DE02D2A2AD08F
:10DB6000302A06D0303A092A4FF0000711D80A258A
:10DB700032E043F001038B46594611F8012B2B2A62
:10DB80001CD0EBD8202A1CD0232A1DD02A2A2BD027
:10DB900000279BF800202E2A64D19BF80110A1F1E8
:10DBA000300009280BF1010243F4806351D80025AD
:10DBB0004FF00A0C26E043F00203DCE743F00403D5
:10DBC000D9E743F00803D6E743F01003D3E705FB9A
:10DBD0000722A2F130078B46594611F8012BA2F11A
:10DBE00030000928F3D9D4E756F8047B002FBCBFD6
:10DBF00043F002037F428B46CBE70CFB0511A1F1FA
:10DC000030050246104610F8011BA1F1300EBEF19E
:10DC1000090FF2D9114611F8010B6C282CD024D829
:10DC2000682830D06A2837D011468B461BF8010B84
:10DC3000672875D857284BD8452807D085D9462856
:10DC400000F03181472880D143F4006343F0200382
:10DC500041E12A2907D156F8045B0BF1020225EABB
:10DC6000E575D7E75A460025D4E7742801D07A280D
:10DC7000DAD143F48073D8E750786C28F9D143F4B3
:10DC80004073911CD1E75078682802D043F080039C
:10DC9000CBE743F0C003F4E743F40073C5E70A2A77
:10DCA00000F06681072A7FF450AF43F0210305930B
:10DCB0000823CDE903531023CDE9011356F8043BA3
:10DCC00000930A994346224648461BF094F9FCE02B
:10DCD000A0F158020F2A3FF638AF01A151F822F007
:10DCE00051DD00004BDB00004BDB00004BDB000094
:10DCF0004BDB00004BDB00004BDB00004BDB00008C
:10DD00004BDB00004BDB000051DD0000F9DE0000C2
:10DD100051DD0000CFDE0000ABDE0000CFDE0000F2
:10DD2000A0F16902D2B20F2A3FF60FAF0121914054
:10DD300049F2410C11EA0C01B1D0782803F480615A
:10DD400022D1002900F0908023F00D02102307E07B
:10DD5000622803F4806220D142BB23F00C0202232C
:10DD600012F4007100F08380CDE907720022CDE942
:10DD7000043206F1070A2AF0070A06950292FAE829
:10DD80000223CDE900233DE06F2812D123F00C02DD
:10DD900009B123F00D020823E2E7582816D1002A22
:10DDA00039D123F00C0242F02002CFE723F00D021C
:10DDB000D5E7692823F0100230D023F01C0209B106
:10DDC00023F01D020A23CBE7358E020042BB23F06D
:10DDD0001002930527D5073626F00706B24671686C
:10DDE0005AF8083B0695CDE907720A26CA0F0027A4
:10DDF0000029CDE90467029202DA5B4261EB41013E
:10DE0000CDE900310A994346224648461BF036F9CF
:10DE10000446564685E623F00D02C4E70029D8D013
:10DE200023F01102D5E7D00506F1040A01D53368C5
:10DE300002E0510613D533780395CDE904720A2226
:10DE40000292002B4FEAD3720192B8BF5B4200935B
:10DE50000A994346224648461BF0CDF8D8E71306F8
:10DE6000E5D5B6F90030E7E723F00C026EE7D00500
:10DE700006F1040A06D5CDE90472CDE90235019117
:10DE80003368E4E7510608D53178CDE9023500233F
:10DE9000CDE90472CDE90013DAE7316812F0800FA2
:10DEA00018BF89B2F1E743F02003CDE903730736C9
:10DEB00026F007060295F6E802230A99CDE9002329
:10DEC000484643462246F2F7DFFA044629E6672829
:10DED00001D143F40063CDE90373073626F007064A
:10DEE0000295F6E802230A99CDE900234846434605
:10DEF0002246F2F705F9E8E713F0020523D04FF0C8
:10DF0000010A631C0B930A9916F8040B4346224638
:10DF1000C8475DB30B9A54461EE00A994346202039
:10DF2000C8470AEB04020AF1010A5745F5D8002F49
:10DF300007F1FF3308BF002307F1010A1C4408BFA3
:10DF40004FF0020ADDE7AA46EBE7551C0A99434663
:10DF50002020C84701342A46BC42F6D30B9AA7EBCF
:10DF60000A03574538BF00231A440B920B9CD8E58F
:10DF70003246002D52F8046B0B9214BF29464FF025
:10DF8000FF3131443246107808B18A4211D1A2EBF8
:10DF9000060A13F480620C9202D0AA4528BFAA4652
:10DFA00013F002030D931BD1AAEB040322460F9337
:10DFB00008E00132E7E7531C0E930A9943462020FC
:10DFC000C8470E9A0F9BD3189F42F4D8A7EB0A03B9
:10DFD000574538BF00230AF101021C4403EB020A33
:10DFE000A31B0E9304E01D460A9943462246C847E8
:10DFF0000E9BF41816F8010B28B10C9B002BF3D0E4
:10E000006B1E002DEFD10D9B93B12246AAEB0405A8
:10E0100005E0561C0A9943462020C847324653194A
:10E020009F42F6D8A7EB0A03574538BF00231C448C
:10E030000B9E76E50FB41FB506AA02A952F8043B61
:10E040000392009204484FF0FF32FFF75DFD05B0E8
:10E050005DF804EB04B070471B9102001FB5034646
:10E0600000914FF0FF3203A90248FFF74DFD05B0C4
:10E070005DF804FB1B9102001FB5CDE9020100937E
:10E0800002A9134603484FF0FF32FFF73DFD05B0EC
:10E090005DF804FB239102002DE9F04F14469B46E6
:10E0A000C36B87B005465B6960680E46012202A912
:10E0B0009847EB6B01225B6903A93046984702A899
:10E0C0001BF0F6FB074648B10023A37563754FF0BC
:10E0D000FF33A360002007B0BDE8F08F03A81BF05A
:10E0E000F4FB0123A375237E04EBC303DE611F84CD
:10E0F0006368B3420ED1206003A81BF008FC4FF008
:10E10000FF332075A360237D043B022B25D8002319
:10E11000A375DFE723681A1A53425341A37503A876
:10E120001BF0F5FB237D834218BFA77503A81BF0E6
:10E13000D0FB074602A81BF0CCFB87421CBF002384
:10E14000A37503A81BF0CDFB074602A81BF0C9FB73
:10E1500087421CBF0023A375D5E703A81BF0B9FBBA
:10E1600080B1EB6B02225B6904A93046984704A892
:10E170001BF0BEFB0346207D032839D8DFE800F002
:10E180003838040903A8F3E7237E04EBC303CC2249
:10E190001A8401F037FC109B1870277E03A81BF02F
:10E1A0008CFB04EBC70787F82200237E04EBC30334
:10E1B00003A8B3F8209093F822701BF08AFB8046E6
:10E1C00003A81BF08EFB8246B8F1000F15D0EB6B55
:10E1D00002225B6904A93046984704A81BF04DFB56
:10E1E0006075637D6BB90023A3754FF0000838E0BC
:10E1F000227E04EBC2021384CBE703A81BF028FBAA
:10E20000EEE794F81680B8F1000FEED0B9F1000FE8
:10E2100009D1DFB10123E375637E002B4FD1012FBC
:10E2200042D1677614E06B6C06EB0A02594286EA2B
:10E23000020008421CBF0021A175591E0A409B1A0A
:10E240009945D0D8A37D002BE3D1CEE7E37D43B938
:10E250004FF000084B465246314628461BF0ABF8BB
:10E26000A060A27D12B123694B4423611949237E2A
:10E27000097899422AD901332376BBF1000F27D0C0
:10E2800032B3E37D23B3B8F1000F21D1032F1FD0A8
:10E29000A1684B1C1CD0109B0093224601232846EA
:10E2A000FFF7FAFEA07513E095F8343063B9EB6A16
:10E2B0000133CFD1032FCDD10123A376C8E7012F9E
:10E2C000CFD0032FC4D1F7E79846C3E70023A37547
:10E2D000A07D00E79C0703002DE9F04F8BB00E46B0
:10E2E000044698464FF0FF310023104617468DF83C
:10E2F000133001F071FBB6F5801F3BD3B21C53D134
:10E30000E56A6B1C57D1616A20461AF09AFF0546F0
:10E31000B31C18BF0123DFF814910193636A626C88
:10E320000293236802FB053AE36B05A95B690522AA
:10E330005046984705A81BF074FB1BF097FB50460E
:10E340001BF09FFB4FF0000B824601464B1C05D093
:10E35000636C81EA0A025B42134232D029462046AE
:10E360001AF06FFF029BAB424DD0BBF1000F4DD1B5
:10E370000546D3E7314605AA04F108001BF04DFA23
:10E380000146481C10D0384601F026FB0DF113035E
:10E390000122394620461BF089F828B19DF8133038
:10E3A00088F80030002003E0237C002BA8D11D4812
:10E3B0000BB0BDE8F08F2368ED1A636CB5FBF3F585
:10E3C000A6E7484601F008FB0DF11303019A494600
:10E3D00020461BF06BF8034690B1B21C03D0D9F86D
:10E3E0000020B2420CD103930F4B9DF8132088F804
:10E3F000002049461A6838461EF05CFC039B9B4689
:10E40000D9F80810A2E7BBF1000FD0D0B6F5801FF5
:10E41000C8D298F800307A68314604F1080001F05B
:10E420001FFABFE70BE000F098070300103E002042
:10E430002DE9F3410E461B4D816A04461746984666
:10E44000E36A8B422AD04B1C18E0284601F0C4FA3C
:10E450000DF107030122294620461BF027F830B1B1
:10E460009DF80720434629462046B847B0B1A96821
:10E470004A1C05D0012E0AD0E36A9942E5D10DE08D
:10E48000696820461AF06AFF012E0146D8D16B68F0
:10E4900081EA0302636C5B421A42D1D002B0BDE84C
:10E4A000F08100BFE43D00202DE9F041036B0768D7
:10E4B0009046826B9A4288BF8363426C436A02FB38
:10E4C0000377C36B90B05B690E46052201A9044631
:10E4D0003846984701A81BF0A4FA0128014630707D
:10E4E00057D0656CE26B2368606AD2F814C005FBF4
:10E4F0000030052206A9E04706A81BF092FA012881
:10E500004FF0000523D0D4E90A3201219342CDE92E
:10E510000B458DF834800E958DF83C102AD11946A4
:10E5200020461AF01BFF236B626CE06214339B1AC7
:10E5300023630C9B53B99DF83C303BB1626A616C1C
:10E540002368E06B01FB02311BF023FA0C9DE36BA7
:10E5500005225B6901A93846984701A81BF061FABA
:10E560003070236BA26B28469A4288BFA36310B019
:10E57000BDE8F081237C33B91C490BAA04F10800E3
:10E5800001F0BEF9D5E71A4A0BAB2046FFF750FF62
:10E59000CFE7237C23BB1749224604F1080001F092
:10E5A000AFF9616A20461AF06DFE616A421C20468E
:10E5B0001AF036FE054620B9236B626C1344143BF7
:10E5C0002363A16A20461AF0C9FE2368A062C01A1C
:10E5D000636CB0FBF3F0606220461AF002FFB6E70E
:10E5E000054A00232046FFF723FFDAE7A9EF0000E2
:10E5F00025EF000035950200D194020073B50D4659
:10E60000D11E4A421C461B7E4A419A4226D12968A5
:10E610002368994222D3636899421FD8114E0DF1A5
:10E6200007033246FFF758FEC0B972686B689A421A
:10E6300014D19DF80730DA1E53425341227E934293
:10E640000CD1636901336361D4E90323934205D29A
:10E65000A268296842F8231001332361012002B027
:10E6600070BD00BF3C3E00202DE9F04F8BB0DFF8BD
:10E6700058B19A469DF850300293DBF8103053455C
:10E6800080460D461646C0F09980DBF804300193B1
:10E69000D146B9F1000F00F08D80D8F83C300198D8
:10E6A0005B69012207A9984707A81BF00EF9DBF860
:10E6B0000030984240F0858007A81BF012F904282A
:10E6C000074614D107A81BF013F9019B029A0446D0
:10E6D0003B44002A3FD1864212D9361A144601998A
:10E6E00040461AF03BFEA9EB04090190D1E7D8F8A7
:10E6F0003C3001985B69022208A9984708A8E2E724
:10E70000841B544528BF5446032C03EB0607AAEB91
:10E71000040A4FEA94021CD9D8F83C3029465B69B8
:10E720003846984724F0030304F003061F441D44B1
:10E73000002ED4D0D8F83C3001225B6908A93846B5
:10E7400098473246284608A935441EF0B3FA0026F9
:10E75000C5E72646ECE700F00302039203442A18BB
:10E76000074604920593049BDD1B059BD81B039B66
:10E770009F420FD1002FB2D0D8F83C30012208A917
:10E780005B6998473A4608A928461EF043FA78B9CB
:10E790003D44A4E7D8F83C30012208A95B699847BA
:10E7A000042208A928461EF035FA08B9043FDAE722
:10E7B000DFF8189048460BB0BDE8F08FDFF81090F6
:10E7C000F8E7DFF81090F5E7683E002012E000F06F
:10E7D00011E000F022E000F02DE9F0410F4688B092
:10E7E00016469846044660B390F83450FDB10121B6
:10E7F0001AF0ECFC0E9BCDF80480CDE902379DF8B1
:10E800003C308DF81C30237C04960021CDE90511A5
:10E810008BB90D4901AA04F1080001F071F8DDE996
:10E820000553E06B002E08BF1D461AF091FE2846E6
:10E8300008B0BDE8F081054A01AB2046FFF7F8FDBE
:10E84000EDE70546F3E700BFFF940200FDE5000099
:10E850007FB590F84260019204460DF10B030A4621
:10E86000304612491AF07CFE012EE36B054619D1A1
:10E870005B69324603A998479DF80B10039B019AE8
:10E8800059B19BB243EA02430393E36B9B690122B4
:10E8900003A92846984704B070BD1B0C1B0492B214
:10E8A0001343F1E79B69012201A9F3E7683E0020C9
:10E8B0002DE9F04F99B00F4609920A69416C0E9309
:10E8C0001439D31DB3FBF1F3013302EBC302036B25
:10E8D00093420446C0F00D820023DFF820940D938C
:10E8E000E36A07931946484601F076F8D7E90336FC
:10E8F00004930E9B022B4ED1CC2E40F08A81099BB3
:10E90000002B42D0394620461AF081FE656C079AEA
:10E9100014906B1E1340ED1AE36B78685B6901225B
:10E9200016A9984716A81AF0D4FF00280CBF042394
:10E930000823782E06933DD90123002505934FF037
:10E94000080A3B6805990E98C9F80030C9F81060AC
:10E950001AF0E1FF4FEA9A031093DDF81CB089F832
:10E96000140000230B930F9308930C93616C4A1EC1
:10E970000BEA02028B1A002E38D05544AB4240D825
:10E98000236B5B1A13442363ABE0049B1B68149353
:10E9900008230693D0E7656C079A6B1E1340782E08
:10E9A000A5EB030516D8FB7D7BB9099B002BB3D1E2
:10E9B00004230693331DAB4210D9A6B1082DBBD852
:10E9C000042500230593AA46BBE7099B002BA3D18E
:10E9D0000823EEE7099B002B9ED1D9E7002505957A
:10E9E0004FF0040AADE704250596F9E75345C7D370
:10E9F0000BEB0A030393B046089B002B18BF0323BD
:10EA000013E0A3EB0A039E42B0460BEB0A0228BFB9
:10EA100098469E420392EFD9D9F8102001239642DE
:10EA200089F8173071D1C9F804B0089399F81730F4
:10EA3000002B6CD099F818200899D31C09EBC3035C
:10EA40000132C3F804B0A3F80880997289F818203D
:10EA5000B8F1000F14D00E9B022B5BD10B9B7BB93E
:10EA60000F9B4344032B0BD9E36B03989B69012253
:10EA700014A998470546002840F03D8101230B93D7
:10EA8000089B0193059B009399F81420396843462D
:10EA900016A800F057FFE36B109A9B6916A9584619
:10EAA0009847051E0D9B18BF5B460D935246434683
:10EAB000594620461AF07FFC236BC9F8080008F17C
:10EAC0000302A3EB0A0322F003029B1A2363002D27
:10EAD00040F011810F9BDDF80CB04344A6EB080613
:10EAE0000F93594620461AF039FC00258346002E24
:10EAF0007FF43CAF814A39689368E36252680E9BA9
:10EB000004F1080000F0ACFEDEE002238DE7C9F856
:10EB100004B09DE7099B002B30D1049BB8F1030F93
:10EB200043440A9327D9E36BDDE903019B694FEA6C
:10EB3000980298470546002865D118F003025FD077
:10EB4000049B28F003052B440493039B1D444FF0C2
:10EB5000FF330499159315A81EF0ACF8E36B284613
:10EB60009B69012215A998470A9B04930546002D2D
:10EB700086D0039B99E7039D4246E8E7039B0A93EF
:10EB800007F120031193FB7D78689BB13D7E0C9AC1
:10EB90000023D9B28D4211D9119931F83310914225
:10EBA00003F1010C26D907EBC3030699D8690A447F
:10EBB000104403E00C9B069A13441844E36B0122B3
:10EBC0005B6915A99847159B13930C9B0A9804330E
:10EBD0000C93E36B01229B6913A99847039B0A9A44
:10EBE00043449B1A042B054607D978B913460433CE
:10EBF0000A93C8E7521A6346CBE70A9B0393B6E72A
:10EC00000A9B04933CE70A9B0493B2E70A9B039395
:10EC1000AFE73B4E04F1080303932368079A606C47
:10EC2000A2EB030ABAFBF0FA00FB0A301AF029FF44
:10EC3000E16A804620461AF091FBA26A82424AD0DD
:10EC4000626CD9F808302568E062511E0B40216BD8
:10EC5000891A0B4423630D9B5D1BB5FBF2F5AA4596
:10EC600036D1079BB3EB080A12D0E36B4FEA9A0246
:10EC70009B6941469847E36A079A5344E362236BD2
:10EC80009B1A43448346236303981AF096FDDA46A1
:10EC90002368616CE06B01FB05311AF067FE2046CA
:10ECA0001AF09FFA20461AF09CFB2063BAF1000F7D
:10ECB00011D03A69616CD31D1439B3FBF1F3013300
:10ECC00002EBC3029042A8D2304619B0BDE8F08FE3
:10ECD0004FF0000ADCE73A69616CD31D1439B3FBCD
:10ECE000F1F3013302EBC302236B9342BFF4F8AD9F
:10ECF000EAE7044EE8E72E468CE700BF103E00200E
:10ED000023E000F006E000F02DE9F3471E464369DA
:10ED10009DF82890B3420446884617463DD3002507
:10ED20008DF8075020461AF028FAD4F830A0824512
:10ED30000AD2236AB5EB430F06D200220DF1070178
:10ED40002046FFF7B1FB30B39DF80730012B05D10A
:10ED500000220DF107012046FFF7A6FBB9F1030FD2
:10ED600006D0314620461AF0F3F9256B854218D3B8
:10ED70000D4D4FF0FF31284600F02EFE4B4600228D
:10ED800029462046C5E90376C5F8008002B0BDE8F3
:10ED9000F047FFF78DBD0135C4E7044802B0BDE878
:10EDA000F0870348FAE700BF3C3E00200FE000F088
:10EDB00006E000F02DE9F04790F8426086B0012EA1
:10EDC00005460391A1EB020715D1B7F5807F28BF57
:10EDD00003264FF06408DFF848A100244FF6FF79BE
:10EDE00095F84230012B14BF322364239C420AD38E
:10EDF0005FFA88F415E0B7F5803F34BF012602269C
:10EE00004FF03208E7E705AB2246514628461AF094
:10EE1000DCFB95F84230012B059B34D14B452DD1BD
:10EE2000E4B295F84230012B0CBF64223222121B4F
:10EE3000B24217D3012E39D10022012B05978DF84C
:10EE4000132027D1082205A90DF113001AF070FD37
:10EE50009DF81330059A42EA032221462846FFF71F
:10EE6000F7FC40B102232E4900930968CC2303AA82
:10EE70002846FFF749FF06B0BDE8F087DBB203B9CB
:10EE800002340134ACE7591CCAD09BB2002BF8D134
:10EE90000134F6E7102205A90DF113001AF048FD20
:10EEA0009DF81330059A42EA0342D6E7039A059289
:10EEB000012B23D10823202205A90DF113008DF881
:10EEC00013301AF035FD9DF8132012022146284612
:10EED000FFF7BEFC95F84230611C012BC9B21AD174
:10EEE0000028BFD1BDF814202846FFF7B1FC002848
:10EEF000B8D10234BDF81620E1B2AFE710232022CA
:10EF000005A90DF113008DF813301AF011FD9DF8CD
:10EF100013201204DAE70028A4D1059A9EE700BF67
:10EF2000683E0020032A2DE9F34106460D461746A8
:10EF30001C4606D1237A012B23D0012002B0BDE864
:10EF4000F081DFF8608009680DF107034246FFF7A2
:10EF5000C3F960600028EDD19DF80720237A032AC9
:10EF6000E8D0D8F804106A689142E3D1012B2969EE
:10EF7000D4F80CC007D172690CEB0103934202D99B
:10EF80002074207CDAE708316144E1603B460122CD
:10EF900029463046FFF78CFC60600028CAD000206C
:10EFA000CCE700BF3C3E00202DE9F341089C032A3A
:10EFB0002668174606D1237A012B24D0012002B0FF
:10EFC000BDE8F081DFF890800DF10703424630463E
:10EFD000FFF782F960600028EDD12568D8F80400B9
:10EFE000A96AD5F844C0227A4840CCF10003184001
:10EFF000E1D1012A09D1E268D8F8103013447269CE
:10F00000934202D92074207CD9E72868EB6A1B1A46
:10F01000081AB3FBFCF3B0FBFCF083420BD1706C1D
:10F02000F36A421E1340326B121A134433632846AC
:10F030001AF094F9E862D8F81020E36806492068CD
:10F0400008321344E36001223B46FFF731FC606065
:10F050000028B0D00020B2E73C3E00202DE9F04F60
:10F060004FF0FF334FF6FF72002500F10806C0E9AC
:10F07000092387B00446C3620562056330460F4624
:10F080001AF09BFB20461AF0ACF828BB2046394604
:10F090001AF027F920461AF0A4F828BB8A4D20461A
:10F0A0001AF0D2F9ECE0E26B2368606CD2F814C07D
:10F0B00001A9052200FB0530E04701A81AF0B1FCC8
:10F0C000012828D1294620461AF0DCF8421C29469E
:10F0D00020461AF0A5F80135E3699D42E3D32046A6
:10F0E0001AF07FF80028D1D000254FF6FF73C4E94D
:10F0F00008534FF0FF39CA46A846E369984514D330
:10F10000A5EB0905012D37D8636A4FF6FF729342CC
:10F1100047D16E4DC3E71AF0AEFC0028DBD029467C
:10F1200020461AF0AFF80246D1E72368E26B606C24
:10F13000576901A9052200FB0830B84701A81AF059
:10F1400070FC834601A81AF043FC074658461AF0A3
:10F150008DFC70B15745236A38BFC4F82480B94587
:10F1600003F1010328BFB946BD42236238BF3D46C3
:10F17000BA4608F10108C0E74FF6FF736362002545
:10F18000E3699D42C0D2676C2068E36B05225B692E
:10F1900001A907FB0500984701A81AF019FC0135E1
:10F1A000EEE7E26B676C2068556901A9052207FB51
:10F1B0000300A84701A81AF00BFC626A2368606C80
:10F1C000434D00FB02301AF05CFC4FF0FF33A062AD
:10F1D000E3622A460DF103036FF001012046FFF7B9
:10F1E0007BF8002850D1AD68E5622946204619F029
:10F1F000D4FF206320B9E16A20461AF0AFF8E0623C
:10F20000294620461AF0AAF80546A36A9D423DD138
:10F210006569626CE91C143A2046B1FBF2F105EB1A
:10F22000C1050335B5FBF2F51AF00EF90235A84217
:10F2300080463DD2616A20461AF003F80027064650
:10F2400004F1400A474512D3626C236802FB063979
:10F25000E36B05225B6901A94846984701A81AF0AB
:10F26000B7FB534602464946E06B1AF00CFC3146A8
:10F27000204619F0E6FF0137AF420646E2D3154DAE
:10F28000284607B0BDE8F08FA56AADE729462046BD
:10F2900019F083FF236B0344294607462363204666
:10F2A0001AF05CF80546002FAFD1C4E90B07ACE7B4
:10F2B00030461AF082FA0023074A19462046FFF723
:10F2C000B7F80025EBE600BF03E000F016E000F021
:10F2D0003C3E002013E000F09B940200634A0023B0
:10F2E0002DE9F041176813600E46044618B9604DC9
:10F2F0002846BDE8F08190F834500DB309680268E3
:10F30000914240F0AA8071684268914240F0A58025
:10F31000B1688268914240F0A080F168C268914271
:10F3200040F09B8031694269914240F09680B1691A
:10F33000C26B914240F09180726982611D46D7E7AD
:10F3400050222946D0F838801DF08EFC33682360A7
:10F3500073686360336963617369A361D6E90212FC
:10F3600004F10800C4F838801AF039FAB369E3638D
:10F3700004F140009B68984794F8432020B1E56170
:10F38000002AB4D03B4DB3E7656C002DF7D066681A
:10F39000B6FBF5F3E361002AA9D0B542F2D82268A2
:10F3A000B2FBF5F105FB1122002A58D105FB1363CE
:10F3B000002B54D1204619F0E0FEA3690433034426
:10F3C0009E424ED3636940F63472CC3B93424AD896
:10F3D000B5F5007FD6D30321204619F0F7FEE36B85
:10F3E000D4E900011B689847E36B0546DB680220FF
:10F3F00098471DB1002384F834301EE0394620467A
:10F40000FFF72CFE1C4B9842054604D13946204696
:10F41000FFF724FE0546636C143B002DEAD1226AF7
:10F42000204602FB03F619F0A8FEA3690433034447
:10F430009E4206D284F83450104DE06B1AF088F8E2
:10F4400056E70F4A012384F834301368D4E90001E9
:10F450000133136016F03DFAEFE70A4D48E70A4D15
:10F4600046E7064D44E7094D42E700BF284D00201E
:10F4700009E000F004E000F013E000F002E000F02A
:10F48000244D002008E000F001E000F005E000F06D
:10F490002DE9FF410F4690461E46054698B390F869
:10F4A000343093B3B1F5801F31D21A4C022119F0D8
:10F4B0008DFE22460DF10F0339462846FEF70CFF5C
:10F4C000024678B101230093424633463946284626
:10F4D000FFF71AFC0446E86B1AF03AF8204604B02D
:10F4E000BDE8F0819DF80F30012BEBD12169B142CD
:10F4F000E8D10093414633462846FFF7B5F8044665
:10F500000028DFD1E7E7044CE8E7044CE6E7044CC9
:10F51000E4E700BF683E002009E000F007E000F0EB
:10F520000AE000F02DE9FF410C4616461F4605464D
:10F5300088B390F8343083B3B1F5801F2FD2DFF851
:10F540007C80012119F042FE21460DF10F03424655
:10F550002846FEF7C1FE044670B99DF80F30012B16
:10F5600011D1D8F81030BB4213D100900246314679
:10F570002846FFF779F80446E86B19F0E9FF2046C2
:10F5800004B0BDE8F081074C074A022B08BF1446BF
:10F59000F2E7064CF0E7064CF1E7064CEFE7064CC5
:10F5A000EDE700BF0BE000F00CE000F011E000F030
:10F5B00009E000F007E000F00AE000F0683E0020FB
:10F5C00070B586B00E4603920546A0B390F834306D
:10F5D0009BB3B1F5801F32D2022119F0F7FD194A11
:10F5E0000DF1170331462846FEF776FE044618B99A
:10F5F0009DF81730032B0ED10223009303AACC23CE
:10F6000031462846FFF780FB0446E86B19F0A0FF5F
:10F61000204606B070BD022B0BD10A49284619F0CE
:10F62000F6FF039981420246EFD02846FFF7C2FB5E
:10F63000EAE7054CE9E7054CEAE7054CE8E7054C45
:10F64000E6E700BF683E00200DE000F009E000F0B2
:10F6500007E000F00AE000F073B50C4616460546D8
:10F6600030B390F834302BB3B1F5801F24D2012190
:10F6700019F0ACFD2146114A0DF107032846FEF7AB
:10F680002BFE044680B99DF80730032B0CD0022BCB
:10F690000CD10A49284619F0BAFF3060E86B19F01E
:10F6A00057FF204602B070BD054CF7E7054CF5E763
:10F6B000054CF6E7054CF4E7054CF2E7683E002000
:10F6C0000BE000F00DE000F009E000F007E000F0D2
:10F6D0000AE000F0F7B50C461646054668B390F808
:10F6E000343063B3B1F5801F2BD2022119F06EFDC7
:10F6F000154A0DF1070321462846FEF7EDFDC0B976
:10F700009DF80730032B14D0022B14D10E49284644
:10F7100019F07DFF471C024639462846FFF74AFB91
:10F72000044606B13760E86B19F012FF204603B0BB
:10F73000F0BD064CF7E7064CF5E7064CF6E7064C3D
:10F74000F4E7064CF2E700BF683E00200BE000F053
:10F750000DE000F009E000F007E000F00AE000F042
:10F760002DE9F3411F4600230C4616463B60054633
:10F7700050B390F834304BB3B1F5801F28D2DFF886
:10F780006480012119F022FD21460DF10703424654
:10F790002846FEF7A1FD0446A0B99DF80730032BCB
:10F7A00010D0022B0AD10123336004233B60E86BA5
:10F7B00019F0CEFE204602B0BDE8F081D8F8103036
:10F7C0003060F3E7034CF2E7034CF3E7034CF1E757
:10F7D000034CEFE70BE000F009E000F007E000F079
:10F7E0000AE000F0683E002030B50C4685B00546C2
:10F7F00028B390F8343023B3B1F5801F23D202210F
:10F8000019F0E4FC0DF10F03104A21462846FEF7DB
:10F8100063FD034688B99DF80F20032A0DD003220B
:10F820000092214602462846FFF76EFA0446E86B2E
:10F8300019F08EFE204605B030BD054CF7E7054CAB
:10F84000F8E7054CF6E7054CF4E700BF683E0020FA
:10F850000BE000F009E000F007E000F00AE000F043
:10F860002DE9F04346688EB3056898464FF0000CCA
:10F87000A946AE4655F83C40C4F3130701340CF1D9
:10F88000010C01D0B94218D066450EF1080EF1D135
:10F890002F46002403E0A64207F1080713D055F8CD
:10F8A0003430013304F10104F5D1C1F3130141EA0D
:10F8B0000851C7E90012BDE8F08341EA0851CEE9DA
:10F8C0000012BDE8F083B8F1030F03D101230372E6
:10F8D000BDE8F083002303E09E4209F10809F5D05A
:10F8E00055F83340C4F30754032C03F10103F3D15B
:10F8F000C1F3130343EA0853C9E90032BDE8F083BA
:10F900002DE9F043476883B0CFB10646884691465B
:10F910000024336853F83450C5F30752C5F313017C
:10F92000013503EBC403304604F1010405D05B68E4
:10F93000CDF80090C04710B17768BC42E9D303B05E
:10F94000BDE8F08373B5044622489DF81850012A9B
:10F9500000EAC11123F07C4007D9961E012E28D958
:10F96000073303F07F03194308E09DF81C30DB06E2
:10F970000A4303F0C053134343F060410023C4E93A
:10F9800000108DF80730B5B1202221460DF1070097
:10F9900019F0CEFF1A220DF10700211D19F0C8FF42
:10F9A00063689DF8072043EA82636360082002B021
:10F9B00070BD1143E2E71B220DF10700214619F04B
:10F9C000B7FF23689DF8072043EAC2632360042041
:10F9D000EDE700BF80FFFF0738B5094B04461A6802
:10F9E0000D4600211DF040F900234FF0FF32238324
:10F9F000C4E900252361A260E382A37638BD00BF7D
:10FA0000980703000138C0B205289ABF014B185C63
:10FA100001207047E84C03002DE9F0410E4659687B
:10FA200088B007461546490A0024012922464FEAB4
:10FA3000510104F10104F8D8DC7899781B8824037B
:10FA4000C90201F4006104F480540C43C3F30A03B7
:10FA50005203234492B29C18284B03934FF00008A2
:10FA600025F0784302A90DF107001B2202938DF8BF
:10FA7000078019F05DFF9DF80720029B8DF8078035
:10FA8000ED4343EAC26302A90DF1070025F0784572
:10FA90001B220493029519F04BFF9DF80720029B4F
:10FAA0006FEA044443EAC26305936FEA14444FF0DB
:10FAB000FF3306930794BB6907A9012206F11000E2
:10FAC0009847BB6905A90446012206F1080098473A
:10FAD000BB69404518BF044604A90122301D984760
:10FAE000BB69404518BF0446012203A93046984728
:10FAF000404508BF204608B0BDE8F08101009AB239
:10FB0000431E033306D8044B984228BF1846642886
:10FB100038BF6420704700BF40420F00F8B505466B
:10FB200015F0DDFE0F4B1E68074626B9384615F066
:10FB3000DAFE344611E0B4688CB194F810C01CF0C1
:10FB4000010F0CD195E80F004CF0010C84E80F0078
:10FB500084F810C0384615F0C6FE2046F8BD366859
:10FB6000E3E700BF0022002038B505460C4641B14E
:10FB70000B6833B11B68013303D0CB680BB18B68C2
:10FB80004BB91AF014F9BDE838404FF49272412194
:10FB9000002000F0BBB9084600F008FC0023044A2E
:10FBA00085F8DC30C5E92343C2E9003338BD00BF26
:10FBB000E025002010B5044618B9054B054A13602E
:10FBC00010BD03F08BFFD4F89830002BF6D1F4E78A
:10FBD000BB9A0200FC210020014B1868704700BF4F
:10FBE000E025002010B50C4603F0B6FF054B0021C0
:10FBF0005B68032098471CB105F0B4F80128FBD1DD
:10FC000010BD00BF0822002008B502460868FFF7B3
:10FC100077FF08604868FFF773FF48608868FFF760
:10FC20006FFF8860C868FFF76BFF0B69C860581CDE
:10FC300003D00B48834228BF03460B614B69581C15
:10FC400003D00748834228BF034688694B61FFF70A
:10FC500057FFBDE808408861104604F0D9BD00BFD9
:10FC600040420F002DE9F84FD0F8903006460F467D
:10FC700013B1038B8B4244D0D6F88CB0BBF1000F8C
:10FC800042D0DBF80830002B3ED0DBF80C10002906
:10FC90003AD0D6F8A0A0BAF1000F38D04FF0000942
:10FCA0004D46C84601E0DBF8083005EBC50203EB22
:10FCB00082040135E389BB4214D8238ABB42304613
:10FCC00010D3B4F91220B6F924309342A04653DD84
:10FCD00096F8D010F3F7C6FE337D834281464BD9A8
:10FCE000DBF80C108D42DED3B8F1000F3ED00023BC
:10FCF000424619463046D0473783C6F8908086F88A
:10FD0000D9900020BDE8F88F0320BDE8F88FD146D8
:10FD10005446524647F6FF7504EBC40803EB8808C7
:10FD2000B8F80E30BB421BD8B8F81030BB4217D31E
:10FD3000B8F91220AA4207D14FF0FF093783C6F85D
:10FD4000908086F8D990DCE796F8D0103046F3F72B
:10FD500089FE337D834281464246EFD9DBF80C10A1
:10FD60000134A14204D9DBF80830D5E70120C9E706
:10FD7000002AFBD09046E1E7A046B8E72DE9F0471E
:10FD800082B004468946164604F0BAFF3B4D08B1DE
:10FD900000236B602B68D4F88CA0D4F890700BB162
:10FDA00053454BD04FF00008C5F8089004F0DAFF37
:10FDB000012836D12B68DAF800103A6813B11868B8
:10FDC000884246D020461AF01CFAC5E900A7D4F8AC
:10FDD000A0508DF80760002D42D000220DF10703DE
:10FDE00011462046A847204604F0E4F90546B8F13C
:10FDF000000F00D08EB1B5FA85F040F2DE32400936
:10FE0000332100F083F83146204604F0B3FB1C4B4D
:10FE100005461B68394620469847284602B0BDE88B
:10FE2000F087012003F098FE164B00215B68032049
:10FE3000984704F097FF0128FBD1BBE76B68002BC4
:10FE4000B0D0BB42AED1AB68994514D04FF0010899
:10FE5000AAE7696811B109689142B6D05968B1E75B
:10FE6000217D94F8D930994228BF19463246204660
:10FE700004F074F9B7E70025CFE700BFE0250020C4
:10FE8000FC21002008220020F8B505460E4615F09A
:10FE900026FD314607462846FFF7E4FE044620B11A
:10FEA000384615F020FD2046F8BD04F00BFF224631
:10FEB00031462846FFF762FF04460028F0D195F945
:10FEC0001030002BECDA28461AF076FA0028E7D03A
:10FED0002246A97D28461AF0C1F90446E0E700BF92
:10FEE00013B50446694619F0C5FE20461AF0EAF833
:10FEF000FF28024606D09DF800102046F3F732FE98
:10FF000002B010BD0048FBE70080FFFF08B550B904
:10FF10000548064B01601A60054B1A68054B1A60CC
:10FF2000186806F065FD08BD04220020304D002051
:10FF3000004E00202C4D00202DE9F0411B4A8AB0D4
:10FF400001AC05460B4602F1200C274610685168AB
:10FF5000264603C6083262453446F7D1002B08BF57
:10FF60003B4610683060002703F10C061C463846FB
:10FF700090B95FFA87F82188424628461AF0B5F909
:10FF800050B9E188424628461AF0C0F920B94246E5
:10FF9000314628461AF0CCF90137032F06F108063E
:10FFA00004F10204E4D10AB0BDE8F081044D03007D
:10FFB000F0B589B005460E461AF0C9F9044600BBF3
:10FFC00006F10C070FCF01AC0FC497E8070084E8D7
:10FFD000070001A92846FFF717FE311D28461AF031
:10FFE0001EFA044648B90849284604F0D3FB0446E3
:10FFF00018B9284604F03EFF044631682846FFF74A
:020000021000EC
:100000009BFF204609B0F0BDFC4C0300014919F0EC
:1000100097BE00BF454E010070B5164E03283378D9
:1000200004460D461ED023FA04F202F00102AA4251
:100030001DD053B10122A24023EA0203A5402B4365
:10004000DBB233704BB1012070BD2DB10A4B0120E2
:100050001B6898473378EDE73570074B00201B6825
:100060009847F0E79A07DED003F0FC03E9E70020A9
:1000700070BD00BF635A0020704D002038B50446A3
:100080000D4604F0B1FF60B104F050FE48B9012DF7
:1000900007D801201AF004F90D4B1B6823B15B68E7
:1000A00098470C4B1C7038BD16F03BFC0A4B1A6885
:1000B000801A1860F6F758FC084B1B684FF47A72E8
:1000C00002FB003019F03AFE012004F037FEE8E7A9
:1000D000F04D002041250020684D00206C4D00208F
:1000E000F8B5124F05460C4615F0F9FB3B7806466D
:1000F00033B1012D04D01CB90D48F6F7D9FA3C7084
:1001000021462846FFF788FF0A4B1B7804463BB977
:100110003B782BB91AF097F810B1074B1B6898473A
:10012000304615F0E0FB2046F8BD00BF645A0020C1
:10013000444D0020635A002008220020054A0B4647
:10014000117831B100211170034A187852680121E9
:1001500010477047645A002008220020124B0239D1
:10016000012910B518701ED804F03EFFD8B104F074
:10017000DDFDC0B104F0ACFBA8B90C4B1C6834B178
:1001800023689847BDE8104000201AF089B819F09C
:10019000D3FD074B186016F0C4FB064B18602046D1
:1001A00004F0CCFDEEE710BD41250020F04D00200D
:1001B0006C4D0020684D002038B5044680B115F024
:1001C0008EFB012104460846F5F7A4FE01210846EE
:1001D0000A4A16F058FB2046BDE8384015F083BBAC
:1001E00015F07DFB214605460120F5F793FE012021
:1001F000024A214616F047FB2846EDE7284D03004A
:10020000F0B5324D85B015F06AFB2B78044623B16A
:100210002F48F6F74DFA00284AD1F6F7F5FA02AA68
:1002200003A919F0FAFF0346002832D01AF009F8A2
:10023000029B98421ED10020264B03991B68264E34
:100240009942307021D9C91A00270123CDE90077DE
:100250001F482B70214A334616F03FFB00282FD150
:100260001F4A1378D90717D4204615F03CFB00200D
:1002700005B0F0BD19F0E3FF029B98421ED0154B6C
:10028000154A1B680393002010700121FFF7C4FE7C
:10029000EAE720462B70E8E731780029E4D103F043
:1002A000FE031370002BDFD10E4B1B689847DBE772
:1002B000204615F018FB032005B0F0BD0220BBE777
:1002C000032320462F703370F3E700BF645A0020E9
:1002D000444D0020644D0020402500203D010100D8
:1002E000635A0020704D002038B5134D15F0F7FA11
:1002F0002B780446C3B9114A11491370114B124AA5
:100300001A601248124A5A60F5F77EFE11491248E7
:10031000F5F77AFE114B124A1A60124B1B68124B0A
:1003200002221A6001232B70AFF30080204615F0E3
:10033000DAFA002038BD00BF655A0020645A002058
:10034000304D03000822002001020100344D00203E
:10035000E1000100384D03003C4D0020704D0020AD
:10036000B901010000300E40644D0020431C08D04C
:10037000044AD2F83C311B0C1B0480B20343C2F880
:100380003C3170470040084030B5074B85B00C4603
:10039000D3F8C05000950022694619F0F4FC0CB166
:1003A00000B9256005B030BD0081E00F054BD3F8E2
:1003B000B400431C14BFC0F380700120A622312179
:1003C000FFF7A4BD0081E00F034B1A689B88026011
:1003D00083800020704700BFCA2400200F4B0628EE
:1003E000D3F8883104D183F40013C3F3405070472D
:1003F000022805D113F4400F0CBF012000207047E4
:1004000050B9074AD2F8D40010F0010005D083F4A7
:100410008003C3F3805070470020704700400E40B7
:100420000081E00F0C4A5288B2F5E16F94BFC822F8
:100430005A2210B594BF7824502490428CBF1722C2
:1004400010220A70054A0346107818B19C422CBF4E
:100450000020012010BD00BFCA2400204525002037
:1004600013B5234B1B780E2B04463ED00DF107012C
:10047000FFF7D8FF1E2C8CBF1E4C1F4C9DF8073079
:100480004FF001028CBF01210021C4F8082170B196
:10049000194A4DF60174C2F804411B0202F10072C0
:1004A00043F44043C2F80431144AA2F8D430134A4A
:1004B000134C92F8D83023F00103034323F00203D6
:1004C00043EA4103DBB282F8D83024786CB923F0D8
:1004D000040343EA800323F00803B2F8D440A2F8EF
:1004E000D64043EAC10382F8D83002B010BD00BF45
:1004F000CA2400200040084600400844001F002194
:10050000685A0020084B094AD3F88831DB4303F4CA
:10051000FE1343F40053B3FA83F30E33A3EB4313F8
:10052000013B1370704700BF00400E40442500207F
:1005300002280CD0062802D020B100207047054BBD
:1005400018787047034B18780430C0B27047072002
:10055000704700BF442500202DE9F7433A4E3B4F3A
:1005600096F8009015463A4AD2F8C820B9F1020F21
:100570000446884607EA02071AD147EA006788F866
:100580000000002372882B60B2F5E16F94BFC8228F
:100590005A2227F47F57944227F008079ABF380A57
:1005A00000F47F5043F6C870384303B0BDE8F083D1
:1005B000284A1278904228BF144604EB83030B703C
:1005C000F4B1013CE4B24FF030632B606A4601A9FC
:1005D000204619F011FCDDE9002347EA03671E4BB2
:1005E00098F800101B7847EA823747F47F5747F0A6
:1005F00008073BB90029194B18BF4FF07F43C1E7EB
:10060000164BE2E7164B1748B9F1060F08BF034631
:100610002AB90029114B18BF4FF07F43B2E7B2FA55
:1006200082F2C2F11F02D2B29B5CDBB239B15A1E18
:10063000D2B2FD2A05D81B0643F00403A2E7074BFC
:10064000A0E74FF07F439DE7CA2400203F00C0E0B1
:10065000001F002144250020695A00200400000BDF
:10066000B883E00FB083E00F2DE9F3410446C820C2
:10067000FFF7F6FE2B4B2C4E18780E2801D0FF2CDE
:1006800005D1FF243470204602B0BDE8F081022875
:100690002DD1072C204628BF072001284FF000034A
:1006A00001AA0DF1030138BF0120FFF755FF0546F0
:1006B0001E4B1F4FDDF80480C3F85881C7F8C8509F
:1006C0009DF8034034702046FFF7CAFE194A4FEAEE
:1006D000082303F4E063127843EA1863A7F8D030E4
:1006E000002AD0D1C7F8CC50A7F8D230CBE7A0B9B8
:1006F000052C32BF002701270420201A3B4601AAFF
:100700000DF10301C0B2FFF727FF4FF48003054648
:1007100037B1094AC2F80831CAE700273846ECE782
:10072000064AF7E7CA24002046250020004008407A
:10073000001F0021685A002000400846004008447D
:1007400008B501F0C1FA094B094A002818BF1A463A
:10075000136823F47F115B0803F4FE130B4313604B
:10076000044B4FF00072DA6108BD00BF0041084041
:10077000184108400040084008B501F0A5FA064BB2
:100780004FF4001228B1C3F800214FF000621A6242
:1007900008BDC3F81821F8E700400844014B186869
:1007A000704700BF744D0020436C012B38BF0123FC
:1007B0002DE9F0479A46464B464F9B69464E474DBA
:1007C00003F4E073A3F5C07280464548514251419D
:1007D00002685245434A0FD114788C420CD198F8E4
:1007E000D0C03C78A44507D198F815C03478A4450A
:1007F00002D1A888BDE8F087B3F5C07FC0F800A09B
:1008000011704AD1D8F8944024B12368082B58D9E4
:1008100094F838400F21204619F0D0FABAFA8AF33A
:10082000002852D0B0FA80F29B1A002BC6BFD840E5
:10083000C3F10F094FF00F09504501D909F1FF39F4
:10084000234B2004C3F8BC0003F1806340F6FF7221
:10085000C3F8B82003F100734FEA0921C3F8B810B8
:1008600019F0DDFAA88000F02BFF09F01F094FF402
:10087000FA7304FA09F45C4341F66A03B0FBF3F03F
:100880000A23B4FBF0F45C43174B1C6098F8D0309B
:100890003B7098F815303370ABE798F8D030062BE2
:1008A00006D1124B1B78002B0CBF9624C824B1E74D
:1008B000022B08D00D4B1B78002B0CBFB424F02466
:1008C000A8E70024A6E73224A4E74FF00F09B7E712
:1008D000006008404325002042250020CA24002053
:1008E000102200206B5A0020744D0020695A00200D
:1008F00070B506460C46154619F05EFD58B3F27CFD
:10090000D31E012B1ED9112A03D81D4BD340DB0760
:1009100018D41C4B1C4AC3F8502103F10073002269
:10092000C3F850210025174B40F2F712C3F85021AD
:100930002B01164A03F4F87305F007052B43C2F8A0
:1009400050311AE00F4B104AC3F8502103F10073E5
:100950004FF44402E4E7FF2C0DD00A4B0A4AC3F8D7
:10096000502123042405094A03F4E02304F0F87419
:100970002343C2F85031FF2DD5D1002070BD00BFF8
:1009800084F60300004008440000F70100400846D8
:10099000F8B5134B134E1F68134D384601F080F91C
:1009A0003378C4B2A34201D12B78A3B1092C14D857
:1009B0000E4B012C195D05D10D4B1B78022B01D17B
:1009C00041F0400101F00F0238460909FFF790FF9E
:1009D000002334702B700020F8BD0024FA21F1E7C9
:1009E000004E0020675A0020665A0020404D030048
:1009F000CA24002038B5044600F00AFE1422002163
:100A00002E481CF031F92E4B25781A782D49521BAF
:100A100018BF01220A7022681A60C820A2889A8032
:100A2000FFF71EFD284BD3F8C820284BFF21197073
:100A3000274B2849062D03EA0203274A1AD14FF40F
:100A4000EE40C2F824014FF48A42C1F82421012269
:100A500043F08043C1F820211B4AC2F8C8301E4B26
:100A60000322C3F85821FFF793FF1C4B01221A7091
:100A7000002038BD022D4FF007000ED1C2F80C0146
:100A80000620C1F80C011649C2F808114FF4404184
:100A900043F00303C2F80411DEE7C2F80C0105209D
:100AA000C1F80C01C020C2F8080143F08043812244
:100AB00043F00403C1F80821CEE700BFC81F00219E
:100AC000CA240020665A0020001F0021462500206D
:100AD0002800C0A000400846004008446A5A002090
:100AE000C1004000014B1870704700BF695A0020D8
:100AF00073B5264B044618780E2841D0FF2C42D0FF
:100B000000283AD1052C32BF002301230420201AEB
:100B100001AA0DF10301C0B2FFF71EFD1C4EC6F87D
:100B2000CC00019A96F8D850130203F4E06343EA2C
:100B30001263A6F8D2309DF803400DF10201204661
:100B4000FFF770FC05F0FB051E2C45EA800594BFFD
:100B50000023012325F0080545EAC30586F8D8508F
:100B60009DF802200B4B43EA0223A6F8D63001235E
:100B7000094A2046137002B070BD00231846C6E72C
:100B80000023FF24F4E70023F2E700BFCA2400207B
:100B9000001F002100C0FFFF685A0020104A114BBF
:100BA00000201870D2F8C830C2F8CC30B2F8D0307B
:100BB000A2F8D230B2F8D430A2F8D63092F8D830B9
:100BC00003F0FB03990001F004010B4303F0F7036A
:100BD000990001F008010B4382F8D830704700BF3C
:100BE000001F0021685A00202DE9F0472D4C2E4BA4
:100BF000236000F065FD4FF4FA7307464FF47A76F0
:100C0000B0FBF6F629482A4A7343190E1B0218183E
:100C100041F10001002313F079FEA0F58073054631
:100C2000A36220B966222B21FFF770F901254FF44A
:100C30007A726A434FF0000A53465008310213F0AB
:100C400065FE1C4B19601C4BB7F57A7F4FEA0568AF
:100C50008946044618604FEA152505D276222B21D5
:100C60005046FFF753F901264FF47A73A8FB0301AE
:100C700003FB05117308C01841F10001002332463F
:100C800013F044FE0D4B023419600D4B49F100097D
:100C9000A408186044EA8974024B013C1C63BDE857
:100CA000F08700BF005008400211010020A107009A
:100CB00040420F00844D0020804D00207C4D0020DC
:100CC000784D0020044B4FF00052C3F880211A6089
:100CD000024B01225A60704700E100E000500840DA
:100CE000074B4FF00052C3F88021C3F88020BFF3B8
:100CF0004F8FBFF36F8F034B04225A60704700BFC2
:100D000000E100E00050084010B50446A242A2EB0A
:100D10000000A3EB010104D2034B1B6B0133184409
:100D2000013901F0030110BD0050084038B502013F
:100D30000A4B01259D500A4A4FF480738340536645
:100D4000044614F0CCFD074A1378A54023EA0503B6
:100D50001370BDE8384014F0C6BD00BF0051084410
:100D6000005008406C5A00202DE9F0471546044613
:100D700088461E4614F0B3FD022D00F0B8800746E9
:100D800014F0B8FD6C4B6D4AD3F8189092F815A08A
:100D9000DA6D5FFA8AFA520744BFD3F818900AF165
:100DA000010A14F0ADFD664B664A1B6811684FEAF4
:100DB0008A7CA3FB093213F1004301FB09CCD8F86C
:100DC00000304CEB020C012D04BF01336344ACEB4B
:100DD000030C08BFC8F80030BCF1804F0AF0030ACA
:100DE000C0F09880584AD2F800C0584AD2F800E0C3
:100DF000514A23F04041106B4FF000480022ECFBB9
:100E000001820EFB012282424FEA937381BF0133BC
:100E10000130121A03F00303A3EB0A03914588BFC4
:100E20004549DFF848C184BF096B03F1FF3303F084
:100E300003030CF80430A2EB0900A3B1F10742BF91
:100E4000434B41F61F71D966B30742BF404B41493E
:100E5000D966710742BF384B00211967330742BF7B
:100E6000354B00211965344B04F1100103EB041ECE
:100E70000901CEF80C2111225A5037499A694FF0D6
:100E8000010EA2EB090A0EFA04F8D3F85C900A7876
:100E90005FFA88F848EA020282450A7026D34FF4C6
:100EA0008072A24019EA020F20D11CF80400002829
:100EB0003FD10DB3F0071A6608D5254B274941F6F7
:100EC0001F7240F20110DA66C866DA66B10706D50D
:100ED0001F4B22491F4A2248DA66C866DA66720743
:100EE00042BF204B01229A60330719D4384614F0D0
:100EF000FAFC0120BDE8F0871B48240140F804E01B
:100F00005A6614F0ECFC14490B7823EA08030B70C2
:100F100014F0E9FC384614F0E6FC0020BDE8F08748
:100F2000212000F0B9FA044B4FF480325A60384661
:100F3000DDE71A663846DAE700500840BC4D00206D
:100F4000784D00207C4D0020804D0020844D0020F5
:100F50000050084400001F1F6C5A00200050084633
:100F60000000010100400840005108446D5A002073
:100F7000024B1878003818BF012070476C5A0020C7
:100F80001030034B0001185800F00100704700BFFB
:100F9000005008401030044B01F46001000141F0A2
:100FA00003011950704700BF0050084038B514F0D5
:100FB000A1FC084B084A9D69547DDA6D520748BF71
:100FC0009D69E4B248BF013414F09AFC284604F04D
:100FD000030138BD00500840BC4D002038B50B4B14
:100FE00003EB001210300001D2F80C411D58FFF73E
:100FF000DDFFAB0706D5844200D90139204601F058
:10100000030138BD844238BF0131F7E70050084082
:1010100070B5184CE66B26BB202000F03DFA164B4D
:1010200010251D6002F0DCFA144B8022C3F88021E9
:1010300001F082FC38B132460020082102F088FC21
:101040000F4B65669D660F4A536803F07063B3F1FA
:10105000807FF9D9074B0C4ADA6641F201421A67E0
:1010600070BD01F069FC0028F4D0054A074B6366A7
:101070009366EFE7005008400040084600E100E0BA
:101080000050084600400840011B011810000002F3
:1010900008B5212000F000FA024B4FF480325A606C
:1010A00008BD00BF0050084008B5222000F0F4F948
:1010B000024B4FF480225A6008BD00BF0050084028
:1010C000064B1B68434303EB8171054B1B68A3FB75
:1010D000003013F1004341EB000070477C4D0020CD
:1010E000784D00200D4A10B5146820F040430146A9
:1010F0004FF000420020E4FB0320094A126802FB83
:101100000300084B1B6B98424FEA917104D90133DD
:101110000131C01A01F0030110BD00BF804D002055
:10112000844D002000500840F8B5064603F0FEFD4F
:10113000044608B1FFF7D4FD084D094F00232B6189
:1011400030466B61AB617B75FFF7CCFFC9B2797537
:10115000A8610CB1FFF7B6FD0020F8BD00500840B3
:10116000BC4D00202DE9F041224F0646386820F49E
:10117000700040F4A00038609DF81C401D1E9DF8D2
:1011800018304FEA042444EA036444EA021408BF16
:10119000002144EA05440C43FC64D7F82C80B8F5E0
:1011A000803F40F2B5224FF018012CBF00200120F3
:1011B000FEF7ACFEC7F83880CDB10F4BB468D3F85A
:1011C0008030412C38BF41245B0606D500F02CFB53
:1011D00018B10A4BB3FBF0F31C442046FFF782FF23
:1011E00001308045034B3ABF0022DA63D863BDE883
:1011F000F08100BF005008400070084000093D0029
:10120000F8B5184DAB691B04044626D500F0F2FB77
:10121000AB6913F0787FA0FB04464FEA9367C3F3F2
:101220004450C3F3044505D140F25E422B21FEF742
:101230006DFE0120AD01B5FBF0F010EB871005D17C
:1012400040F263422B21FEF761FE0120024600239B
:101250002046314613F05AFBF8BD00F0E5FAA0FB3A
:101260000401F9E70070084030B50C4C024601203B
:10127000A0F12003C0F1200524FA05F504FA03F3D8
:101280002B4304FA00F595428B4100D330BD0F2863
:1012900001D00130ECE7FF20F8E700BF40420F002B
:1012A00010B50C46FFF7ACFFC30943EA4163C01A0F
:1012B00061EBD111FFF7D8FFFF2814D00C4B0F22A0
:1012C000C3F8802003F1007340F01000C3F88000E1
:1012D00003F17A439B69DBB2802B06D02046BDE840
:1012E000104000F073BB012010BD0220FCE700BFDE
:1012F000007008443B4B082270B501210546C3F835
:10130000C8203948394CF1F7CDF8394B1D70237896
:10131000013B012B0CD8237CE07B01229A400C215D
:10132000302313FB001303F1884303F520431A60B5
:10133000304B00225A677DB92F4A4FF6FF71D167B3
:1013400002F10072F821D1675D672C4B4FF08042AB
:10135000C3F89420002070BD636853B300F0B0F967
:10136000626800EB5203B3FBF2F3013B1B0243F054
:10137000F80326782049224A022E1CD0032E1D484D
:101380004FF6FF7521D0012E27D143F00203CD6720
:10139000D36707234367237CE07B01229A400C211B
:1013A000302313FB001303F18C4303F520431A6031
:1013B00011E0F823DDE743F001034FF6FF70C86743
:1013C000D3670C4B05225A67E5E743F00503CD6769
:1013D000D367012343670B4BB8E7CD67D36700237F
:1013E000F8E700BF00400E4600350A00884D002097
:1013F000725A0020000008400000084400400844E1
:101400000000084600400846F8B5064604460FCEE0
:101410001C4F3D460FC533682B601B4B1B480822F1
:10142000C3F8C8200121F1F73DF8194A002353679A
:10143000A37BE17A1B0443EA0123217A0B439367E0
:101440003B78032B1BD8DFE803F01402080E617B06
:10145000207B00230422F2F7DFF8217CE07B0023CD
:101460000422F2F7D9F8A17A607A01230422F2F774
:10147000D3F8084B1878BDE8F840FFF73BBF0120D0
:10148000F8BD00BF884D002000400E4600350A0020
:1014900000000840725A0020044BD3F89430002B0F
:1014A000BCBF034BC3F88000704700BF004008403A
:1014B0000000084008B5074B1B681A68064B9200ED
:1014C00019684FF004501BF0F5FBBDE8084000F030
:1014D0003DBF00BF9C4D0020A04D002007B501A8D6
:1014E000F2F72CFA134B144AC3F8442148F2E6727F
:1014F000C3F838214FF40862C3F834210F4AC3F807
:10150000A0200F4A4AF63F41916002F580424FF019
:10151000C07191620022C3F8FC200A4AC3F89C20E3
:10152000094B7F225A6203F1007323225A6203B0EF
:101530005DF804FB00400840C0E653517A27000FD5
:1015400000300840806D630300300844064B1B7870
:101550003BB1064B064A1A60064B074A1A60002048
:1015600070470220704700BF735A0020A04D002032
:10157000784D03009C4D0020744D030038B51B4B83
:101580000022C3F88820C3F88C20C3F89020184AA2
:101590004FF400715162174A0121D1605A6812F06C
:1015A000706FC2F30365F9D14FF00452DA67124944
:1015B000124C0122C3F880201966227014F023FB1C
:1015C0000F4B2570186820B10E4B1868003818BFF3
:1015D000012040F27E525421FEF798FC0A4B1B6812
:1015E00098470A4B0122DA6038BD00BF004008402E
:1015F0000000084000400846A01F0021735A002048
:10160000A04D00209C4D00201422002000400844E2
:10161000034BFD22C3F8C8200122C3F8CC20704739
:1016200000400E4638B5FFF7F3FF1B4B1B481C4C20
:101630001C490222C3F8C8201B4B1A6842B102EAB7
:101640000005A54204BF5D68156008338B42F4D1E4
:10165000164B0222C3F8C820154B164AD3F83C118A
:101660001160154AC3F8942000F0CCFBFFF736FF59
:10167000124B0322C3F8D820A3F500530122C3F86C
:1016800094204FF46072DA604FF04072C3F8F82093
:10169000C3F8102138BD00BF00400E460000FFFF18
:1016A00000000840B081E00F0080E00F00400E44D1
:1016B00000400840182200200048F0000060084662
:1016C00008B5F0F777FC044BD3F81031C3F30823C7
:1016D0000133B0FBF3F008BD00400E4070B5044686
:1016E00018B1284D2268531C00D170BDC2F30063AD
:1016F000110C35F8130011F0FE0F93B243EA0043CA
:10170000606818D00434CAB2022A216808D9D4E922
:101710000160033AC3E9001698600C340C33F3E718
:1017200004D16268C3E900120834DBE7012AD9D189
:1017300004341960D6E7120F072AF5D8DFE802F063
:101740000704090D1013181DC04303F180631860CE
:10175000EAE71A6842401A60E6E703F1C063F6E779
:1017600018F08BFBE0E70122824003F1C063F2E74F
:101770000122824003F18063EDE71A6830EA020239
:10178000FBD1D1E7524D0300024B0122C3F8942054
:10179000704700BF00400846024B0122C3F8942066
:1017A000704700BF00400844024B4022C3F8942019
:1017B000704700BF00400844024B4022C3F8942009
:1017C000704700BF0040084608B50C4B1B68D3F8B3
:1017D000943023B11A68022A01D9186A08BDFFF7AC
:1017E0006FFF074B1B6D024698B20028F6D0C3F37B
:1017F0000743D2085343B3FBF0F0EFE7004E00205D
:1018000000600840064B5B68C3F30363984206D14F
:10181000044A536B23F0F00343EA0111516370470C
:1018200000400840001F00211F4B1B68D3F8943074
:1018300070B52BB11A680A2A02D91C6C204670BDFB
:101840001A4DAA6D6B6DC2F34544C2F3CD0101344C
:10185000C3F3441601FB0444C3F3822103F01F03C6
:1018600006FB01335C4302F00702114B9B5C5C43B7
:10187000640004D0FFF724FF7043B0FBF4F4D5F804
:10188000E430190505D513F0FF021CBFE401B4FBD9
:10189000F2F41A01D2D5C3F30A43002BCED0A4022E
:1018A000B4FBF3F4CAE700BF004E0020006008401C
:1018B0004A4D030010B50446FFF786FF104AD2F8E0
:1018C00030311B040F4B1B6C03F4C05348BF40085E
:1018D000B3F5805F0ABF136BC4F30113C3F3416315
:1018E000022B05D0032B09D0012B00D1400810BDDD
:1018F000C4F3C4240134B0FBF4F0F8E78008F6E741
:1019000000600840000008402DE9F0470E4618F03E
:101910009EFADFF8B090DFF8B0A08046002513F003
:10192000DEFFD9F80430C3F30363012B07460BD164
:10193000711C1AD018F08BFAA0EB0805384613F08A
:10194000D2FFAE42EBD80DE0052BF1D00B2BEFD040
:10195000023B012B0CD9013602D018F078FA384638
:1019600013F0C1FF1648BDE8F08713F0BCFFD6E7BF
:10197000DAF808301A04C3F389140FD4013602D000
:1019800018F065FA384613F0AEFF24B2A4F1C8008F
:101990006FF4FF739842B8BF1846E4E7731C03D096
:1019A00018F055FAA0EB08056FEA84546FEA9454D6
:1019B000384613F098FF14F5007FC2D0E6E700BF69
:1019C00000FEFFFF004008400070084010F1800F4B
:1019D00004D04D28DABF323040B27F20044BFF22C2
:1019E0009A6103F10073C0B298610020704700BF94
:1019F000007008440B4B0C499A6D70B502F0070259
:101A00009E6D8C5C9D6DFFF75BFEC6F3CD0606FBFD
:101A10000444C5F3454505FB04448001B0FBF4F0E4
:101A200070BD00BF006008404A4D0300084910B572
:101A3000D1F8703140B11C464A68D1F870319C42EF
:101A4000F9D1C2F30362027003F00F0010BD00BFB2
:101A500000400840094BD3F8883001F0800103F4BE
:101A600080030B4309D1064B4FF400129A61837F28
:101A70001BB1044B0122C3F8F82070470040084016
:101A800000600844006008462DE9F0411F4CDFF873
:101A90009080069F0646A2FB03502C1960F1000EB1
:101AA0009C46A0454FF0000373EB0E0E07D24FF497
:101AB000B4720E211846FEF729FA02201BE0002915
:101AC000FBD0C6F3130601EB5C04B4FBFCF4A4FBEF
:101AD0000646E40C44EA46340D4E34600D4C226058
:101AE0000D4A914209D10D4AA5FB025302FB003376
:101AF0009B093B600020BDE8F081C4040A46E8046D
:101B000044EA553112F002FF3860F3E700C9E87685
:101B1000A44D0020A84D002000F049020A3BB2DF8E
:101B20000046C32338B5164D2B780C4623B9154B08
:101B30001B6D03F03F032B70134BD3F894305B0500
:101B40001CD5124BB0FBF3F040F24D534343A3F5C9
:101B500046430C3B584300F5C91000F5556028B9C1
:101B600040F21B322B21FEF7D1F901202B78084AD5
:101B70005343B3FBF0F30020236038BD0220FCE7A1
:101B8000775A0020003008400040084000366E01BF
:101B90008096980070B5374C374B256B374C1B68D7
:101BA0002468ED024CBF1B191B1BB3F1804F04D8F6
:101BB000002B3AD1324E1C460AE0B3FA83F4314E80
:101BC000C4F10204E340304DAB4201D901345B085B
:101BD00003EB5605B5FBF6F52C4EB34234BF002699
:101BE00001262403013D44EA86242C430C60D8B12D
:101BF000B3FBF0F1642400FB11336343984288BFC8
:101C000001F1FF314808013801390728204D214CE6
:101C10004FEA510311D9002129700621C4F894100C
:101C20001B0243EA0013136070BDB3FA83F4D4F1CE
:101C30000204134EC6D50024C5E71029EBD068B1C5
:101C4000012129700621C4F894101349097800294C
:101C5000E6D012490224C1F89440E1E7012914BFFB
:101C60000121002129704FF00601C4F89410ECD135
:101C7000D6E700BF00300840A84D0020A44D00204A
:101C8000E0673500C0CF6A003FBE4025401B5F13B0
:101C9000745A002000400844755A0020004008464D
:101CA000084B5B6B03F00700C3F3C20213F0380F5D
:101CB00018BF5043C3F3821213F4E07F18BF5043A0
:101CC000704700BF00300840034BD3F8380180F064
:101CD0001000C0F30010704700400840174B4FF44D
:101CE000002210B5C3F89420154C164BB0F1804F6C
:101CF00088BF1C46144BDA6CD2071DD51B6F134AE4
:101D000004F5F42404F59074B4FBF2F4033CE4B25B
:101D100003F00703A34202D02046F1F7AFFB0C4BC0
:101D20001B784BB10B4B4FF47022C3F8942003F196
:101D300000732404C3F8944010BD00BF004008465F
:101D4000E0673500C0CF6A0000300E4040420F000F
:101D5000765A0020004008447FB50446F0F766F943
:101D60001C4B06462C3358680093A37922683146F1
:101D7000FFF78AFE054648BBA379012B14BF16491D
:101D800016491022C1F83821206815495843FFF739
:101D9000C9FE03AA02A93046FFF7FCFE0F4A43F62C
:101DA000FF53C2F8A4300C4B0299C3F8A4104FF4AF
:101DB000EE611163039A1A632068FFF78FFF094BE6
:101DC000A2881A6203F5405300229A63284604B0A1
:101DD00070BD00BF00300840004008460040084485
:101DE000503008400000084008B5044B01221A702A
:101DF000034B1868FFF772FF002008BD765A0020D9
:101E0000A84D0020024B4FF48062C3F89420704725
:101E1000004008460D4BD3F80421D3F8B030D2B2BD
:101E2000FF2A03D043F30743591C01D19022192301
:101E3000074903EBD37302EB6302022381F84230BC
:101E4000232381F8432081F8413070470081E00F5F
:101E5000001F0021044A5368C3F30363022B04BF2D
:101E600080239360002070470040084040B1036821
:101E7000012B05D90069034B002808BF184670479D
:101E800000487047584D030070B504461F480D4682
:101E9000FFF728F91E4BD3F8306116F400464FEADD
:101EA000C01015D000F574431A4C1B4A2433B3FB01
:101EB000F2F32B60194B00EB5400B0FBF4F06860B8
:101EC0005B68D9020AD5002406B10334AC6070BD4A
:101ED000002CEFD1114B5B68D802F7D4104B0F499F
:101EE0001B68D1F8A820C3F3810312F4806403F1C6
:101EF000010309D1D2B2FF2AE6D0D1F8AC205205B5
:101F000048BF04EBC304DFE7DC00F3E740420F0007
:101F10000060084020A1070048E8010000000840D8
:101F200000200840084B1A68C117A2FB000310F1FB
:101F3000807002FB013343F10003400E40EAC310FE
:101F4000803820EAE0707047B04D0020174B072220
:101F500070B5C3F88420FFF7B3FB154B154A164E36
:101F6000C408010B0546E005C01841F1000100233B
:101F700012F0CCFC114B18604EF66020FFF7D2FF38
:101F80004042C6F89C000E48FFF7ACF8024658B134
:101F9000E301500818184FEA15714FF0000341F1A2
:101FA000000112F0B3FC706770BD00BF0040084034
:101FB000B2E60E0065CD1D00001F0021B04D0020CF
:101FC00040420F002DE9F047064608469846FFF7C5
:101FD0004DFF15460746002E00F0B08018F0050FA3
:101FE00063D03469002C00F0AB80FEF7D7FB4FF4D0
:101FF0007A735C43201A7B68A0F6AC50C01AFFF7D6
:1020000091FFB48B6862002C00F09D80FEF7C6FB48
:102010004FF47A735C43201A7B68A0F6AC50C01A68
:10202000FFF780FFA861614BF468D3F80090DFF8F8
:102030008CA1002C00F0B080FEF7B0FB4FF47A7357
:102040005C43241A7B68A4F6AC54E41A99F8113066
:10205000053B012B7AD8DAF80020A4F53E44EB3C8E
:10206000E117A4FB023402FB014413F1807144F137
:102070000000490E41EAC0118039E9614C49A2FBD8
:1020800001219B1A64EB010413F1807344F10004F5
:102090005B0E43EAC413803B2B62B469FEF77EFB00
:1020A0000146204617F034FF286318F0020F29D0AC
:1020B00073684FF47A7058435BB13B6803F51C5367
:1020C00010331844B37F002B46F2A81308BF002337
:1020D0001844FFF727FF7369E862002B5FD0786828
:1020E0004FF47A7202FB0300B37FA0F50350002B7C
:1020F000A0F1100046F2A81308BF0023C01AFFF792
:1021000011FFA86218F0040F18D0B068002849D059
:102110004FF47A735843A0F503501038FFF702FFCD
:10212000286133684FF47A70584323B13B6803F554
:102130001C5310331844FFF7F5FE6861BDE8F087C3
:102140004CF250305BE74CF2503069E73B68E41AE0
:10215000DAF80020E117A2FB044314F1807402FBBB
:10216000013343F10003640E44EAC314803C114B75
:10217000EC61114CD3F884302B622368002B8CD097
:10218000484618F0AFF8002887D02368D9F84800EF
:102190002A463946984780E74CF25034D8E747F250
:1021A0003050ACE747F23050B8E700BF004E002097
:1021B000101B0200001F0021AC4D0020B04D00207C
:1021C000E0B5074608461E46154617F047FE7B7CDD
:1021D000053B012B06440DD80C4B4BF6EB61002D53
:1021E00018BF19464FF4FA720A44094892FBF0F0FE
:1021F0003044E0BD074B084AD3F8F800FFF736FE3D
:1022000001680029A8BF4FF4FA72EDE7FBD902007C
:1022100018FCFFFF001F00210CFEFFFF2DE9F04F0F
:10222000384C0A4685B00D46002181461AF01CFD47
:10223000D4F8C83043F06C029A4204D000252846F6
:1022400005B0BDE8F08F304BDB68D907F6D4FDF759
:10225000C3FC0028F2D0D4F81061C6F30826002E83
:10226000ECD12A4C2A4BD3F81880D4F8843001934F
:10227000284B4FF060529A6103F100734FF00062F7
:102280009A612423C4F88430234B04221A604FF44B
:10229000804A4FF48053C4F868A0B3466362AB45EC
:1022A00012D31E4B04221A60184A019BC2F88430D4
:1022B000184B4FF06051996108EA010318498B618E
:1022C0004FF480439366BAE7226E5204FCD522682D
:1022D000D305F9D5C4F868A00136D4F88820039254
:1022E000012EDCD9A5EB0B07042FA8BF04273A4623
:1022F00009EB0B0003A95F441AF0DCFC1FFA87FB13
:10230000CDE700BF00400E400040084000000840FC
:10231000006008400060084400400846004008444F
:1023200000600846074BD3F8D8304FF604014FF64B
:1023300005029BB28B4208BF1346034A01209365F6
:10234000704700BF0081E00F0050084070B5194C85
:102350000FCC86B001AD0FC5CC22236816482B6088
:1023600000211AF081FC8422002114481AF07CFC20
:10237000134B144AC3F8F020FFF74CFD124B1B78A7
:102380002BB101AD0FCD0B4E0FC62B6823600F4B49
:102390000F4AC3F8DC2F0F4AC3F8E02F0E4AC3F8E8
:1023A000E42F02F1957202F24952C3F8E82F06B009
:1023B00070BD00BFC81F0021341F0021B01E0021C6
:1023C000001F00213F0037006A5A00200010002142
:1023D0000200620609C8056E0704DC060A4B19787C
:1023E00001F0FF0229B10021197008499202C1F8D9
:1023F000A020597801F0FF0229B100215970930201
:10240000024AC2F8A4307047785A002000000846FB
:10241000074BD3F8E00E074BD3F88C301A0103D4E6
:10242000054B1B6E1B0401D500F58070704700BF83
:1024300000100021004008400000084008B513F0DB
:102440004EFA0F4B1A78B2B90E4A126812F4843F52
:1024500011D10D4A1021C2F894101B786BB9094BA9
:102460001B68DB0509D4084B2022C3F89420BDE883
:10247000084013F038BA054AECE7044BF4E700BF14
:102480007C5A0020382700200040084400400846BD
:1024900010B513F024FA0E2104460320FFF7B2F919
:1024A000044B40F2012220465A62BDE8104013F06E
:1024B0001ABA00BF00000840044B00221A70044BF7
:1024C000197811B11A70FFF7B9BF70477B5A002015
:1024D0007C5A002008B513F002FA234B4FF08052CB
:1024E000C3F88020BFF34F8FBFF36F8F4FF480721C
:1024F000C3F88020BFF34F8FBFF36F8F0222C3F862
:102500008020BFF34F8FBFF36F8F1022C3F880205E
:10251000BFF34F8FBFF36F8F2022C3F88020BFF32C
:102520004F8FBFF36F8F4FF00052C3F88020BFF37F
:102530004F8FBFF36F8F8022C3F88020BFF34F8F80
:10254000BFF36F8F4022C3F88020BFF34F8FBFF3DC
:102550006F8F0122C3F88420BFF34F8FBFF36F8FBB
:10256000BDE8084013F0BFB900E100E008B513F082
:10257000B6F90B4B4FF080521A604FF480721A601C
:1025800010221A6020221A604FF000521A60802236
:102590001A6040221A60BDE8084013F0A4B900BFD9
:1025A00000E100E070B5084C01232370074B1E6862
:1025B000074BD3E9005332401940284001F0C8F9D5
:1025C0000023237070BD00BF7A5A0020B84D002050
:1025D000382700202DE9F047DDF820A003EA0108A4
:1025E000099B06460D4602EA000703EA0A09BAF10A
:1025F000000F40F04D81031F0B4300F013810528AD
:1026000071F1000380F0E78050EA010300F060817F
:10261000431E0B4300F02181FFF75CFFAD4AD2E976
:10262000004323EA050324EA06043C4343EA08077F
:10263000A94BDFF8F8821E6826EA0A0646EA090670
:102640001E60C2E90047FFF7F9FEA44814F02A4FC4
:10265000C26E14BF48F202034FF40043B50748BFEF
:1026600043F400539E4D83EA020122EA0302EA6624
:102670009C4A81660B40D366C4F380421203200358
:1026800048BF42F48072E10648BF42F40052A306FC
:1026900048BF42F40072650648BF42F480622006DB
:1026A0009148924DD0F80C3248BF42F4006282EA61
:1026B000030123EA0203C5F80C328D4BC0F808125F
:1026C000C7F340250A40AD04E10448BF45F4803516
:1026D000C3F80C22A20348BF45F48015A30748BFE6
:1026E00045F4800514F4001F06D0D8F8000017F058
:1026F00066FE08B945F40025E00248BF45F4003500
:10270000F9067C497C4848BF45F40005620248BF91
:1027100045F400150A6A730748BF45F0040585EAC9
:10272000020323F001031A4002621D40CB61734B88
:1027300073481D62734B744A16F0010F18BF1A4696
:10274000836E7D0748BF42F40012704D82EA030198
:1027500023EA0203AB666E4B41660A4000F5005067
:102760009A66C16B04F0010305F5005581EA030286
:1027700021EA0301E96382631A40664BDA63D8F801
:102780000020200248BF644B92F8E92058BF634BF9
:10279000610748BF43F4806322B114F4C06F18BFCF
:1027A00043F480735E485F4CD0F8EC10320748BFAA
:1027B00043F0004383EA010222F4A0221140C4F84E
:1027C000EC101340C0F8E820574ABDE8F047C2F8C3
:1027D000EC30FFF7CBBEA0F580630B4306D020F4AE
:1027E0008063A3F500730B437FF416AF13F077F803
:1027F0003849D1E9003223EA060322EA050242EA17
:1028000008023B43C1E90032484A126892F8E920C5
:102810000AB313F4C06F1ED0434B4FF48072C3F859
:10282000EC2014E013F05BF82A4AD2E9003123F0DF
:1028300004033B4341EA080157EA0807C2E90031B3
:1028400014BF394A374A4FF48063C2F8EC30BDE810
:10285000F04713F048B8334BDFE713F040F81D4A58
:10286000D2E9003123F001033B4341EA0801C2E908
:1028700000312F4A57EA08074FF0010315BF936351
:102880002C4902F1C062CB6314BFD3639363DEE7CC
:1028900050EA01037FF4C0AEBAF1010F7FF4BCAE81
:1028A00013F01DF80C4A136823F0010343EA0903EF
:1028B0001360134A4FF48063B9F1000F04D05366DC
:1028C00002F1C0629366C2E710498B665366BEE7A9
:1028D000BDE8F08738270020B84D002000000840F0
:1028E00000000844000008460060084000600844FA
:1028F0000060084600400840004008440040084688
:1029000000500840041C50000418500000500844B7
:1029100000500846007008460D0A0A09090A0A090B
:10292000001008400010084400100846004E002027
:102930000070084000700844024B5868C0F3C000A3
:10294000704700BF38270020024B186800F00100D4
:10295000704700BF38270020024B5868C0F3C030D2
:10296000704700BF3827002010B50446FEF75AFE16
:10297000FFF7B0FD04F14C0002F09AFCFEF7FEFDFB
:10298000FEF732F9FEF79EF9FFF7E0FA1049114A17
:10299000D1F8F810072304F1A400FFF713FB4FF45C
:1029A00040010020FEF7F6FA4FF400110120FEF777
:1029B000F1FAFFF7B7FC20B940F2E7221421FDF746
:1029C000A5FAFFF711FABDE810400120FEF792BC0E
:1029D000001F0021681F0021084B8022C3F88820B7
:1029E00003F17E430822C3F88820054AD2F8B03E9E
:1029F00023F02003C2F8B03E704700BF00400846F5
:102A00000010002108B512F06AFFFFF7E5FF034B45
:102A100001229A60BDE8084012F065BF00400840FE
:102A2000F8B5194C05462078B0FA80F040F206421D
:102A30003E214009FDF76AFA55B96078B0FA80F096
:102A4000BDE8F84040F206423E214009FDF75EBA7B
:102A50000E4F0F4DD7F8A0304FF44066C3F38123DB
:102A60002370C5F8A0606078B0FA80F040F20642AA
:102A70003E214009FDF74AFAD7F8A430C3F3812379
:102A80006370C5F8A460F8BD785A002000000840C3
:102A900000000844F8B50B4C0B4DD4F888300B4FB0
:102AA0000423C5F88830D4F888305B0300D4F8BD1F
:102AB0000426C7F88860022017F0DFF9C5F888609F
:102AC000F1E700BF004008400040084600400844CD
:102AD0001C4B70B5D3F888601B4D03F18063A822AE
:102AE000C3F8882010221A60184A194B93666B6647
:102AF000FFF774FC174B1B7813B90320FEF716F988
:102B000000242C67FFF7C6FF134A144BD2F8E01ECF
:102B10000B40C2F8E03E124B0422C3F88820114B50
:102B2000B206C3F8B84008D503F580735B6CB3F503
:102B3000817F22BF034B80229A60BDE8704001F084
:102B4000E5BE00BF00400840005008400050084467
:102B5000100000027F5A002000100021DF0000FF5B
:102B600000400844001E002110B549B938B3164A88
:102B700053681B0E13F00E0F21D113689A061ED452
:102B8000FFF786FC104C0020FEF750FF032801D011
:102B9000092806D1D4F88C30DB03F4D4636F0C2BF6
:102BA000F1D9FFF777FF094B4FF400725A62084BD7
:102BB0000122DA6003F17E430422C3F88820054B2A
:102BC0004FF4C0625A6210BD004008400000084047
:102BD000004008460060084408B503210920FEF7BC
:102BE00011FE024B20229A6008BD00BF0040084041
:102BF00038B5054612F073FE044602F015FB35B1F8
:102C0000FFF75AFC2046BDE8384012F06CBE084B76
:102C10001B78002BF6D0074B1D78002DF2D1FFF763
:102C20004BFC2A464FF480400021FFF7BBFCE9E74C
:102C30007B5A00207A5A00202DE9F84F584B06465F
:102C4000D3F888300D461446002A40F0A58013F0D2
:102C5000A00F14BF4FF001094FF00009DFF85C81AD
:102C6000504F01F053FEA023C8F888300320FEF730
:102C70005DF80420FEF75AF84FF0000AFFF71CFC3D
:102C8000494BFB66C7F870A0FFF704FF474BD3F82A
:102C9000B02E42F02002C3F8B02EFF22C8F8002068
:102CA0003F4A4FF480719160D3F8E02E40494FF0D5
:102CB000040B1140C3F8E01EC8F888B0C3F8B8AEE2
:102CC000FB6813F0060F04D0FEF7EEF95846FEF746
:102CD0002DF8B9F1000F08D0364B4FF40062C3F85D
:102CE0008820354B4FF400425A6666B1324B5B6C1C
:102CF000180701D4FFF7CCFBFFF76EFF0420FEF7A7
:102D000015F8FFF76BFB264BDA68D1073FD55A68F9
:102D100012F0706FFBD1294B294AC3F88820294A49
:102D2000536B23F0F003536315B12046FFF760FFA8
:102D3000254BD3F8B4305A1C01D05B0002D51F4B91
:102D40000122DA601CB31C4BDA6E9A66144A136ACD
:102D500023F00103D3611D4BD3F80C22C3F80822E2
:102D6000A3F54053DA6F9A67A3F50053D3F8EC202C
:102D7000C3F8E82003F5C043DA6B9A63A3F5005368
:102D8000134A5A660D4B4FF60842C3F88820BDE837
:102D9000F84F002002F05EB84FF000095EE700BF78
:102DA00000400840005008400000010100100021D0
:102DB000DF0000FF004008460000084000400844D3
:102DC00010003000001F00210081E00F006008406B
:102DD0005000F0029A4B196EDA6E2DE9F04F01EABD
:102DE0000209C3F8689003F5805385B0D3F8E0601A
:102DF000D3F8EC201640C3F8E86003F5A043D3F8FD
:102E00000012D3F80C2201EA020AC3F808A2A3F5C3
:102E1000005359691A6A01EA02088A4A08EA02025A
:102E2000DA61894BD3F80022910006D4D3F800313F
:102E30009A00C3F3407740F1E18012F050FD834BDC
:102E4000DA68DF6D12F0060F9A6E07EA020727F4C0
:102E5000800222F4006214BF4FF0010B4FF0000B10
:102E60005A667B0704D57A4A537D0133DBB253752A
:102E700012F039FDB9F1000F00F0DF8019F40044C1
:102E800027D012F02CFD0146FFF7C2FA6F4D044621
:102E9000AA69AB699A42FCD0AA699342FCD0FFF7B9
:102EA000B7FAA04240F0AC80084612F01CFD694B16
:102EB0001C60694BD3F8885015F4E05240F0A280B2
:102EC00024F07F4424F0DF040CB9FFF701FE4FF03B
:102ED000807419F0020F4FF0000516D05E4B5F4969
:102EE000D3F8883003F46042C1F88820002A00F04B
:102EF0009E801D0400F19E8013F4005F0CBF4FF014
:102F000000534FF000631C430025C9F340394FEADA
:102F10004909534B3340002B4AD016F4206F0AD096
:102F200040F60F0206210020FCF7F0FF0020FFF71B
:102F30005FFE26F48026F00506D5484BFF221A6076
:102F400044F4C064FFF7A4FA16F0090F0AD040F663
:102F5000240208210020FCF7D9FFFFF73DFE414B7A
:102F600001229A6216F0106F0CD040F62D02092152
:102F70000020FCF7CBFFFFF72FFE00221146104682
:102F800002F02AF916F4202F0AD040F63502072164
:102F90000020FCF7BBFF0020FFF72AFE26F4802666
:102FA000F10301D502F068FA002EB8BF49F0080914
:102FB00072070DD52B4B5B6A13F4005F14BF2A4ACE
:102FC0002A4A4FF400531ABF536244F40004536278
:102FD000730548BF44F0040416F4802600F0AA806C
:102FE00002F014FA0138062842D8DFE810F02E016A
:102FF00031012E01340137013A013A01BB4639E76C
:10300000044645E70192FFF763FD144B019AC3F8AC
:10301000882015F4805307D115F4806F0CBF4FF052
:1030200080544FF0806454E74FF0804451E74FF0F4
:10303000007368E74FF0004365E74C464D4668E78C
:10304000000008400000F7FF00E100E000500840E9
:10305000BC4D0020B44D0020004008400040084412
:10306000090B0B89001008400010084400100846A6
:1030700040F6660203210020FCF748FF844A136EE5
:10308000D2F8800003F007030633012101FA03F3AD
:10309000C0F30C001B1A9BB2072B13D97D4BD3F83E
:1030A000883058020ED47C48136B126DC06C58B136
:1030B00003F0070306339940C2F30C03C91A89B21F
:1030C000072901D844F40074744B1B78002B31D0CD
:1030D0006F4BD3F8E03013F4A02F2BD1704B714A13
:1030E0001B7893B9F90410D4137873B1E3086E49CF
:1030F00043EA457383F00103D1F8E01E03F00103B6
:103100005B0021FA03F39B0714D10420FDF70EFEA8
:10311000664B6749D966FFF7CFF9624A13782BB936
:10312000644B654A1B682340134201D144F4804438
:1031300027F48057BAF1000F1DD01AF4805F18BF32
:1031400044F480241AF4807F18BF44F400241AF455
:10315000005F18BF44F010041AF4007F18BF44F059
:1031600020041AF4806F18BF44F040041AF4006F72
:1031700018BF44F08004B8F1000F48D018F4802F35
:1031800018BF45F4007518F4803F18BF44F480540C
:1031900018F4801F18BF44F4003418F4800F18BFCF
:1031A00044F0020418F4003F09D03A4BD3F88830B9
:1031B000580059D5414B1B68984704430D4318F4F8
:1031C000000F18BF45F0100518F4002F1AD0364B29
:1031D000D3F8B03E13F0C00F14D02E4B5A68C2F390
:1031E0000362032A01D0072A07D1D3F88C20D10625
:1031F00003D4D3F89020120739D54FF40022DA61B6
:1032000028F4002818F4001F18BF44F48004002F8D
:1032100000F01381380540F18680294ADFF88CA040
:10322000D378002B52D0013B4FF40061DBB2CAF8D7
:103230006410D37033B9234B1B78DBB1224B40F6BB
:103240000142DA66002300226BE044F4803415E783
:1032500044F4006412E744F480640FE744F480749B
:103260000CE744F0080409E744F48014A7E744F4A9
:103270000014C7E7DAF8703013F4A05F15BF4FF4FD
:10328000807340F60143CAF85030CAF87030D9E76D
:103290000010084000400840000008407C5A002010
:1032A0007B5A00207D5A0020001000210050084069
:1032B0000000010138270020088D01003022002085
:1032C0006D5A00207F5A0020005008460320FDF769
:1032D0002DFDDAF80C30AD48AD4913F0060F02BFF2
:1032E000AC4B41F61F72DA664FF40063CAF86430E3
:1032F000DAF80C3013F0060308BFCAF87030C38A3E
:1033000013F4006261D023F40063C3820B7803F0EE
:10331000FF0A002B5DD1FDF7C7FEFFF7D9FB53462F
:1033200020221C431543B9010BD52E20FEF7B4F81B
:10333000984A4FF00073936602F17C4245F008050D
:103340005366FA0608D52B20FEF7A6F8914A1023FB
:10335000936602F17C42536617F4E00F05D1FB043B
:103360005FD5BBF1000F00F0B780B80210D529205F
:10337000FEF792F8FFF7E0FA40B18749874A884B99
:1033800053668B6687494968490425D445F004058E
:1033900017F4800BDFF804A22AD00420FDF7C6FC46
:1033A0002720FEF779F8FFF793FB4FF48003CAF864
:1033B00064307D4BD3F8E02E520600F186807B4BC3
:1033C00002221A6045F0020528E00B784FF4005302
:1033D000A7E74FF4004336E76E4920208B6653661B
:1033E000FEF75AF82D2045F00C05FEF755F8CFE70B
:1033F000F80255D50420FDF799FC2820FEF74CF87B
:10340000DAF87030002B48D1FFF762FB614A644B59
:10341000936602F17C4245F0010553665F4B002242
:103420001A657A0509D5624A9378002B00F0A280CC
:10343000013B9370002349EA03095B4BD3F8B03E8C
:103440001B0603D52046294601F00CFD4A462046BE
:103450002946FFF7A7F80EB102F000F818F4002F84
:1034600000F08D804F4B4FF40022DA6118F0206F8E
:1034700000F0898018F0007F01D0FDF761F918F0A5
:10348000006F01D0FDF778F9002200204FF40061B1
:1034900005B0BDE8F04FFFF785B8CAF870B0B5E7E2
:1034A000F904BBD50420FDF741FC424BCAF86C304F
:1034B000FDF7FAFDDAF85C3013F4A00FAED12A2044
:1034C000FDF7EAFFFFF704FB73E7D3F8B03E980679
:1034D0003FF578AF384B73E7354A13794BB1013B71
:1034E000DBB2137113B92C4B344ADA6600231C4348
:1034F00097E70420FDF71AFC0320FDF717FC274B84
:103500002C4ADA6612F0EBF982460DF10F00FEF755
:103510008DFA2B4B1B7883460BB1FEF7B9FFBBF13D
:10352000030F0ED1DFF87CB00020FEF77FFA0328EE
:1035300007D1DBF88C30D903F6D4DBF874300C2BD0
:10354000F2D99DF80F30032B06D11E4B01225046B5
:103550001A7012F0C8F9C9E71B4BD3F8E03013F426
:10356000A02FF2D1FEF7A8FF504612F0BCF94FF49D
:103570008043BCE70220FDF7D9FB01235BE7B8F1EC
:10358000000F7FF473AF05B0BDE8F08FBC4D002095
:103590007F5A002000500844005008460050084060
:1035A00010000002004008400010002100400844C4
:1035B0006D5A002000000101004008460000010D86
:1035C0007E5A00207B5A002000100840034A012345
:1035D000136202F17C42D361704700BF004008448F
:1035E0000B4B10B55C691A6A1440A2B2DA61E207AB
:1035F00004D55868C0F30360FFF7E8FF630706D5FA
:10360000BDE81040042200200021FEF7CBBF10BD12
:10361000004008400C4A08B5136BD16B0B40936314
:10362000DB070FD5094B187840F6AC22122100F0C9
:103630000100FCF76BFCBDE80840002201200021DE
:10364000FEF7B0BF08BD00BF00700840382700205B
:10365000044BDA6FD207FCD41A6FD96F0A409A670D
:10366000704700BF0030084070B50D46144612F098
:1036700036F9064BD3F8B06E74402C407440C3F852
:10368000B04E12F030F905EA060070BD00100021BE
:10369000034BD3F8B03E99430CBF01200020704784
:1036A000001000212DE9F04117460A43012A9DF838
:1036B00018409DF81C60DDF820801D4629D8B442D2
:1036C00027D2082E25D8032B23D8B8F1000F20D0FD
:1036D0000A46002101F082F8EB00FF219940DFF853
:1036E00038C0C94308F1FF38FF00E2B2964202D861
:1036F0000020BDE8F0813D190CEB850518F8010F9D
:10370000D5F8E82098400A401043C5F8E800013495
:10371000EBE70120EDE700BF001E002109490A4A3E
:10372000D1F8EC0010B504230124C2F8EC308C620F
:103730004FF400515162410744BF02F10072C2F8D8
:10374000EC3010BD00100840001008442DE9F7438C
:103750008E780F2E80460C4603D9012003B0BDE8B9
:10376000F08326B901232E4A00201370F6E70D7866
:1037700091F80190002D3BD1B9F1000FEDD194F9F2
:103780000310E088FDF78CFD0128E6D055EA090317
:10379000A088244F32D1FDF7A5FC23498A6D4FF64E
:1037A000040583B292B24FF60500AA4208BF024652
:1037B0003A800825802201278F658A672A461A49A0
:1037C00003B1013B013ECB62F6B2002301930096A8
:1037D0000123294608F1A400FDF7C4FC1FB1134BD7
:1037E0004FF48012DA64124BA2681A600223BAE71F
:1037F000082DB2D8B9F1080FAFD8C0E7FDF772FCB9
:103800003A884FF604039A421EBF07498A653B80F7
:10381000A9454A4683B238BF2A460027CFE700BFF2
:10382000805A0020D0240020005008400050084654
:10383000D84D00200C4BD0F8C42010B5C3F8B420EC
:10384000027C0446120202F400624FF40061FFF7AA
:103850000BFF237C13F0080F14BF044A044A4FF4F3
:103860000073C2F8883010BD001E002100400846D9
:103870000040084437B5204D0C4641B90A4607219F
:10388000FFF7F2FE1D4BEC625C6003B030BD072217
:103890001146FFF7E9FE1A4B07225A60237985F893
:1038A0002C3063790193012101A816F0B0FE019B31
:1038B000C2B2D34000F00F0040EA031085F82D009B
:1038C000A27985F82E20E27985F82F2020682863D8
:1038D00083B1028801218B4205D82379013B13442F
:1038E000084A9361D1E730F81150AA4228BF2A460E
:1038F0000131F0E71A46F0E7001F00212C1F0021DC
:103900000000084400000840431C07D0044B6FF03F
:10391000FF029A6103F1007310409861704700BF85
:103920000070084400F01803182B0AD003070AD4CB
:1039300010F0100040F2011318BF1846034B9864B2
:1039400070470020FAE70120F8E700BF001F0021C0
:10395000344B2DE9F7431E6801F4007900F00103B0
:10396000174653EA090205460C462ED04FF00008D0
:1039700003B30023002201200021CDE90088FEF7D7
:1039800029FE41463046FDF7BFFF414670830120C6
:10399000FCF728F9716B06F1A400FEF75BF82249E9
:1039A0000868FFF7B1FF4FF0FF330B60337C43F043
:1039B00004033374B9F1000F07D00121304616F02B
:1039C0007EF924F4007405430C43D6E93E232A40D3
:1039D000234052EA030103D014493046096888475E
:1039E000FB070FD51249134A0868136800211160BC
:1039F000114A0121117003B19847104B00215B68F7
:103A00000220984717F00E0F08D040F2F3123B2126
:103A1000002003B0BDE8F043FCF778BA03B0BDE87E
:103A2000F08300BF004E0020282200202C2200201E
:103A3000E84D0020EC4D0020835A00200822002091
:103A4000044B1868830654BFC0F30F204FF6FF7075
:103A5000704700BFB44D0020F7B50446D4E93EC717
:103A60001046DDE908268CEA020587EA06010540D2
:103A7000194085EA0C057940C4E93E5123F4004120
:103A800006EA010320F00100002543F40073024020
:103A900043F00203CDE90055FEF79CFD237C9A0715
:103AA00017D5D4F8FC309B0513D54FF48811204668
:103AB00016F005F9237C65F341032374D4E93E2312
:103AC00002400B4052EA030103D003492046096833
:103AD0008847002003B0F0BD2C22002038B10368D5
:103AE000044A002B08BF1346034A13607047014B7A
:103AF000FAE700BF3D9F02002C220020024B586BCA
:103B000000F00F00704700BF001F00210F2938B5DB
:103B100005460C460ED801F025F901280CD1074ABC
:103B2000536B23F00F0323435363284616F01EFC08
:103B3000002038BD0120FCE70220FAE7001F002129
:103B4000014B986B704700BF001F0021014B002004
:103B500099637047001F002103282DE9F7434CD8D3
:103B6000274B13F80080274B1E5C274B13F800905F
:103B700011F0B5FE0746FEF7E7FE054640B100230B
:103B8000CDE900330022002301200021FEF722FDB1
:103B9000FEF7E2FE48B10023CDE900330022002306
:103BA00000204FF40041FEF715FD26B3174B5C6C67
:103BB00004F00804164B31465C644046FEF7D4FF1F
:103BC0004A4631464046FFF737F8124B5C6465B110
:103BD000114B1868416BA430FDF73CFF0F49086892
:103BE000FFF792FE4FF0FF330B60384603B0BDE89D
:103BF000F04311F078BE3446DCE703B0BDE8F08353
:103C0000684D0300644D0300604D03000000084050
:103C10000000084400000846004E00202822002032
:103C2000104AD2F8883013F0A00F16D1D2F88C00C9
:103C300010F0040013D10C4BD3F8E03E23F07F4387
:103C400023F0FF035BB15368C3F30362092A07D073
:103C5000B2F10C0018BF012070470020704701200E
:103C6000704700BF004008400010002170B50D46AD
:103C7000064620B9194B1B68A3B1032011E001F0DF
:103C800071F8012828D1164B93F90040C4F11C04A7
:103C9000641BC4F11C03002BB8BF5B42232B0CDD5B
:103CA000012070BD81EAE173A3EBE173DBB2232B4A
:103CB000F6D80B4B19700020F3E7B57411F00FFE26
:103CC000084A5369E40223F4FF2304F4FF241C434D
:103CD000546111F008FEEEE70220E2E7004E0020FA
:103CE000815A00200070084018B9034B93F9000076
:103CF000704790F912007047815A002010B50446B1
:103D000016F0F0FA10B1012001F0A4F82046FFF7F8
:103D100091FD11F0E4FD074AD2F8B03E23F02003F4
:103D2000C2F8B03E11F0DFFD034B02221A60002002
:103D300010BD00BF001000210040084690F8C230BE
:103D400053B9074BDA69920208D49B6F13F4706F72
:103D500014BF0120002070470020704701207047E9
:103D600000600840F8B5436B02EA010523EA01034D
:103D70002B434363344A01F00B030C4623EA05014D
:103D8000516402F100722B4061070646536411D55D
:103D90000121FFF7D3FF68B1FEF77CFE15F0040F99
:103DA00014BF2A4A2A4A4FF40073D361294B0422D4
:103DB000C3F88820E20606D515F0100F264B14BF75
:103DC00000221B22DA6423061DD52F0616D51F4BB1
:103DD0004FF400129A6103F17E430122C3F8F820E8
:103DE00011F07DFD0E2107460320FDF70BFD1A4B58
:103DF00040F201225A62384611F075FD294606F15B
:103E0000A400FDF727FEE00503D5E90516D5FDF76B
:103E1000C3FCA20503D5AB0513D5FDF7CDFC14F00B
:103E2000600F09D0D6F89410304616F088F80B4B86
:103E300058640B4B80229A600020F8BDFDF7A4FC6B
:103E4000E7E7FDF7B1FCEAE7000008440060084638
:103E5000006008440040084400000840001F0021A2
:103E600000400840014B1868704700BFE44D002037
:103E700037B5012300240022CDE900340023104689
:103E80001946FEF7A7FB0220FCF750FF054D064B35
:103E900021461C6002206B6898472B6803B0BDE880
:103EA0003040184708220020EC4D00202DE9FF414A
:103EB000022903900C461546984605D1FFF7D8FF16
:103EC000002004B0BDE8F081194E11F008FD336800
:103ED00007463BB1AB4205D011F005FD002333602E
:103EE0000120EEE7134B3560C3F800800123002268
:103EF000CDE90033002310461946FEF76BFB0E4B4D
:103F0000002502201D70FCF711FF22462B4603A955
:103F10000220FCF729FF094B039A1A60084B1B6823
:103F200004469847384611F0DEFC002CC8D1D5E78E
:103F3000EC4D0020E84D0020835A0020E44D002085
:103F400008220020044BDB6D5B055ABF034B187839
:103F5000012000F00100704700500840835A002003
:103F6000014B9869FDF7A6BC00600840014B9869B9
:103F700015F090BF00600840437C5A1F012A01D908
:103F8000082B05D14B7C8BB1012B11D0022B11D00A
:103F9000D0F800311B0607D5836B03F0FD030D2B12
:103FA00002D18B8A1A2B07D816F042B80348704703
:103FB00003487047034870470348704720A1070033
:103FC00048E8010040420F0080841E0070B50E4694
:103FD00011F085FC054600F0E9FE044620B12846B4
:103FE00011F081FC204670BDFEF754FD114B327874
:103FF000D3F8E03E022A23F0F00316D0101F42420D
:104000004241520043EA02137278022A0FD0111F74
:104010004A424A41520043EA8213064AC2F8E03E4D
:10402000054B0422C3F88820D9E70122EAE70122E0
:10403000F1E700BF001000210040084470B50E46B3
:1040400011F04DFC054600F0C9FE044620B128469B
:1040500011F049FC204670BDFEF71CFD104B327874
:10406000D3F8E03E022A23F00F0315D0101F42427E
:104070004241520013437278022A0FD0111F4A4264
:104080004A41520043EA8203054AC2F8E03E054B2A
:104090000422C3F88820DAE70122EBE70122F1E7E6
:1040A0000010002100400844F8B50E7890F8D07058
:1040B000044630460D46FCF791F9002844D094F8A8
:1040C000D030B34208D1AA88636C9A4204D16A887E
:1040D000B4F8D2309A4235D084F8D060AB88A4F8D6
:1040E000D4306B88A4F8D230AB886364FF23637547
:1040F000304615F073FE04F1D00520752846FCF714
:1041000079FC10BB2846FCF75FF9F0B9D4F8903081
:1041100053B194F8D010B94206D0B3F9122020461A
:10412000EFF7A0FC84F8D9002046FCF73DFB0949D5
:10413000A4F8D400084AD1F8F810012304F1A4002F
:10414000FDF740FF0020F8BD01200E2384F8D03099
:10415000F9E700BF001F0021681F002170B5054668
:1041600090F8D0000E280C461DD0FF291DD01AB1A2
:104170000F4B4FF0FF321A6015F030FE064695F8EF
:10418000D000FCF7D5F9844228BF0446E4B2B4421B
:1041900038BF3446E0B26875FCF766FAA0F1FF0359
:1041A0005842584170BD0220FCE70120FAE700BFE9
:1041B00010220020C36B012B01D10020704770B585
:1041C000364BD0F89060D3F8F830C0F8943086B011
:1041D0003146058B044615F082FEB3898DF8060042
:1041E000D6E90121EB1A9BB201FB032268460021AC
:1041F000ADF804300092FDF7AFFD38B9284B228BA3
:10420000DA63FCF7C5FB20B106B070BD022006B032
:1042100070BD227C60F34102227415F039FED4F89F
:1042200090305969431EDBB209680291FD2B0246AA
:104230000BD9CD1C09D91B4B01311B680CD0D81CE4
:1042400007D802A92046029301E002A9204615F0F2
:104250009AFD002006B070BDD91C04D802A92046E2
:10426000029315F090FDD4F8FC309B0504D4237C18
:1042700043F002032374ECE74FF48031204615F03D
:104280001EFDD4E93E2302400B4052EA0301E0D078
:104290000549204609688847DBE700BF001F002169
:1042A00000300840182200202C22002038B5054696
:1042B0000C4641B116F016F828B14FF400312846EB
:1042C000FFF7E6F904342046FCF70CFF024B4042AE
:1042D000C3F8D00E002038BD0010002170B54C305E
:1042E000814214BF0C460024164611F0F8FA0D491D
:1042F0004A684FF49C53C2F30362D340DA07054681
:1043000003D5D1F888309B030AD4204601223146D8
:1043100000F062FF0446284611F0E5FA204670BD21
:104320000324F8E7004008402DE9F74F06461546FC
:10433000084619B9012003B0BDE8F08F002AF9D072
:10434000032904D8002101F0ABF80028F2D08278CC
:104350000488037990F805B0C788B0F900000028F8
:1043600002F00701C0F2D280A1F1070CDCF10000DD
:1043700040EB0C00052928738CBFC2F3001000200D
:10438000C2F3801C6873900985F810C000F0020029
:10439000C2F3C00C40EA0C00C2F340126874AA7465
:1043A000AF820BB996F8CA30013BDBB2EB74736B8A
:1043B000D80600F197800639012900F29380544B0A
:1043C000DB6C544B5A6B1B6B03F0070306334FF047
:1043D000010909FA03F909F1FF39083C42F00058D4
:1043E00004EA0904002318F804A0AB60013404EACD
:1043F0000904631D03EA09035A1C02EA090218F8BA
:10440000037018F80220BAF1800F47EA0227727C85
:1044100018BFAAF1320A3BB214BF4FFA8AFA6FF002
:104420007F0AC7F30B079AB30020D6F89C300BB174
:1044300051469847631C03EA0903E87385F80EA008
:1044400018F80310013303EA090318F803200133B5
:1044500003EA090341EA022118F80320013303EAC1
:10446000090341EA024118F803006A7C002341EA8B
:1044700000613046FDF7A4FE2860737C042B03D155
:10448000042FDCBF033028600423AB71002052E707
:10449000D90423D5D6F894309BB11A68022A10D9D2
:1044A00093F82400FB0008B1B3FBF0F39B45BBD8A5
:1044B000002BB9D0CBEB0B20B0FBF3F0C043C0B264
:1044C000B3E729463046FFF757FD0190304615F017
:1044D0009FFD019BB3FBF0F0C0B2E3E718F80400C6
:1044E0004000ECE70023EB730B4BDA68C2F30723C1
:1044F000120448BF63F0FF035AB212F1800F1CBFD1
:10450000323B5AB20023AA732B60BEE7022012E7A7
:1045100000000840001008400070084070B50A4BC9
:104520000A4DD3F8EC604FF48064C5F8EC400020ED
:10453000FEF75EFB4FF400536B65730544BF044BFD
:10454000C3F8EC4070BD00BF0010084000100844E4
:104550000010084611F5004F1FBF01F30E01044B78
:10456000C1F30E01002014BF19640120704700BF81
:1045700000300840F8B504460E4611B9037C5A06CF
:104580005FD4464BA18BD3F88420D4F8947012F4F6
:10459000E05F04BF2022C3F810224FF6FF73994258
:1045A00060D03F4B1B68002B5CD03E4D20469847A7
:1045B000D4F894102A688A4207D0204615F0BFFC30
:1045C000394B5864394B8020986097424FD0384B14
:1045D0001B684BB11FB13A68002A58D0BF683946F2
:1045E00020469847D4F89410084615F0C0FC0028DF
:1045F00049D03049FDF748FC07272046FCF7D4F89E
:10460000002E36D02C4B94F9122093F900302B4910
:10461000D4F89400C3F11C039B1A4A69DB0222F40C
:10462000FF2203F4FF231343254A4B61254B2860E7
:1046300006211167204601221A7015F097FE00200E
:10464000F8BD61F38613154A0374D2F88430D0F8AC
:1046500094704FF6FF7113F4E05F818302D1202341
:10466000C2F810320F4D2A68BA423946A5D1012747
:10467000C3E70D4B0F4AD3F8F81004F1A4003B46F2
:10468000FDF7A0FCBEE7204615F03EFAB1E717465D
:10469000394620469847D4F89410A5E700600840B2
:1046A000E04D0020D44D0020001F002100400840B4
:1046B000DC4D0020681F0021815A00200070084056
:1046C00000000844825A002002484822002118F0C5
:1046D000CBBA00BFE41E0021002373B583746423AA
:1046E000C0E92C33C0E92E334FF0FF35C0F8AC30B1
:1046F000A0F8C0300E264FF6FF73C0E9075580F8CA
:10470000D06045648582837504461120EDF776FFFD
:10471000042834D11B4B5B6813F4403F2FD1204653
:10472000FEF722F92046FFF7CFFF94F9121020463A
:10473000FFF79CFA144A6023536402F5805240F656
:10474000FF7151625165114A5364114B4022C3F805
:104750008820626B29462046FFF704FB002240F2C6
:10476000022310461946CDE90066FDF733FFFBF73B
:10477000C9FE204602B0BDE8704000F06FBC0220C8
:1047800002B070BD00300E40000008400000084636
:104790000040084410B50C46FFF796FFBCB1A37863
:1047A000082B16D8E278082A13D843EA021313F02C
:1047B000FF03094A14BF61681946C2F8E410217862
:1047C00082F82811617882F8291182F82B310020B3
:1047D00010BD0120FCE700BF001E0021012A10B51A
:1047E00012D8032B10D803EB8202084C012393400C
:1047F00094F82A01DBB221B1034384F82A31002066
:1048000010BD20EA0303F8E70120F9E7001E0021AC
:1048100070B50C68B0F8D4208D680346013404BF2D
:10482000D3F8AC400C604C68013404BFD3F8B840F6
:104830004C606E1C00F1A40038D1D3F8B440CE68AF
:104840008C60751C38D1D3F8B0500E69CD6001363C
:1048500004BFD3F8A4600E614E69013604BFD3F8DB
:10486000A8604E618E69013604BFD3F8BC608E61CA
:104870008E693EB34132B24238BF32460E688A6119
:10488000C3F8B4404C68C3E92E420A69C3F8A420B7
:104890004A690D49C3F8A820C3E92B650B4AD1F832
:1048A000F8100723FDF78EFB002070BD02F14104D4
:1048B000AC4238BF2C46C2E702F16405B54238BFAE
:1048C0003546C2E76422D9E7001F0021681F002196
:1048D00070B511F004F80C4E054600F043FA0128BB
:1048E00004D0284610F0FFFF022070BD736813F05B
:1048F000706FC3F30364F0D1F36BDB06EDD528468C
:1049000010F0F1FF2046F0E70040084038B510F005
:10491000E6FF0B4A13884FF6FF718B4203D110F06C
:10492000E2FF032038BD074C074DE56504F1007434
:104930001B04E365118010F0D6FF0020F2E700BFF2
:10494000D2240020006008440000FFFF2DE9F3415D
:1049500005460F461646FFF763F9A0B1DFF854820B
:10496000D8F80C30DB0704D40324204602B0BDE89D
:10497000F08110F0B4FF04460320FCF701FB20B1E6
:10498000204610F0B0FF0224EFE7D8F80C3013F007
:10499000060FF5D1204610F0A6FF7A4B4FF40061C8
:1049A0002846D3F8E08ED3F8B84EFEF771FE40B13A
:1049B000754B4FF400720121C3F888200846FBF7BD
:1049C00011F939462846FBF75FFA6E4BC3F8B84E2B
:1049D000C3F8E08E04460028C7D12B7CDF0601D443
:1049E000002E58D0C6F34000FEF71AF816F4807F68
:1049F00014BF664A644A4FF002031BBFC2F88830F6
:104A0000634AC2F8883000211CBFD1609362FEF770
:104A100041F816F0040F14BF5E4A5F4A4FF48063FA
:104A2000D361594B042216F0400FC3F8882014BFFD
:104A30005A4A5B4A40233046C2F88030FEF772FF84
:104A4000284615F06AFB40B116F0010F14BF4F4A1B
:104A50004D4A4FF48073C2F88830B00642D56B8C53
:104A60004FF6FF7293420FD04E4A4F49D26D100C51
:104A7000C2F30112088001324749B3FBF2F3454A01
:104A80004A48C8651B04D3652B7C003E18BF01262D
:104A900066F304132B74284615F024FCC0B3284693
:104AA00015F03BFBD0B14FF400312846FEF7F0FD86
:104AB000431C9BB20322364801A915F064FD9DF802
:104AC000042002F00703052B9DF8053013D11107D0
:104AD0000BD443F48073364AC2F8C030002015F07E
:104AE00069F942E7FFF712FFCEE713F0040F09D18F
:104AF0009DF80630EDE703F03002202A05D113F0CF
:104B0000010FF4E74FF48073E5E79DF80630E2E724
:104B1000284615F051FC0028E0D0284615F0FDFA93
:104B20000028DBD0EB7CA3F10C02012A16D82B8BDA
:104B3000032B19D01E4B93F8C93003F00703072B42
:104B400016D01348062115F027FD421C3FF40CAF88
:104B500000F00F00164B83F8C800BFE70F2BE6D01C
:104B6000102BE4D00E2B01D1092102E0112BE0E73C
:104B70000821074815F010FD431C3FF4F5AEC0B204
:104B8000E8E700BF0010002100400844004008464C
:104B900000100840006008460060084400700846A5
:104BA0000070084400600840D22400200000FFFF8D
:104BB000001E0021005008402DE9F34106468846BA
:104BC00015461F4610F08BFE04460320FCF7D8F96B
:104BD00038B1204610F087FE0324204602B0BDE81D
:104BE000F0810420FCF7CCF90028F2D1204610F027
:104BF0007AFE2A4641463046FFF7A8FE04460028C2
:104C0000EBD1DFF8BC80002F38D088F8000039469F
:104C10003046FEF79BFD002845D198F80030012B67
:104C200029D0224B2022C3F88820214B5B6CB3F59E
:104C3000817F2BD2012015F020F910F050FE1D4B82
:104C40001B68019306464BB10420FCF76FF8002364
:104C5000012201A90420FCF787F800B3FCF7D8F97A
:104C60002B0617D5144B00221A67FCF711FA3046B1
:104C700010F039FEB1E7FDF7C5FEAEE798F8003059
:104C8000012BF8D0002BCCD10124A6E70B4B8022BE
:104C90009A60CFE7FCF7FCF9FDF79EFEE7E7FDF72A
:104CA00017FF0124E3E7044697E700BF00400846EA
:104CB000001F0021D84D002000500840004008404F
:104CC000805A002008B50B4BD3F8B4305A1C0FD0D3
:104CD0005B000DD40320FEF73FFF074B4FF08062CF
:104CE000C3F89420054A4FF4007151620122DA6042
:104CF00008BD00BF0081E00F0040084600000840EA
:104D0000054BD3F8880003F180634FF40022C3F809
:104D10008820C0F3C040704700400840014B024A61
:104D20001A607047DC4D002075380100024BD868CE
:104D300000F00100704700BF00500840084BDA68DF
:104D4000D10707D508B9FBF7CBBFDB68DA0706D474
:104D5000FBF7B8BFDB68DB0701D40028F8D1704748
:104D6000005008400F4B5B68C3F30363013B0B2B00
:104D70000FD8DFE803F006060C06060606080A0848
:104D80000808022070470420704705207047032060
:104D90007047054BDB6813F0060F0CBF01200420A1
:104DA000704700BF00400840005008400A4A53685E
:104DB000C3F303630B2B08D06FF49050184100F03D
:104DC000010080F0010040007047D2F8880010F424
:104DD0008030ECD1704700BF004008400C4A536857
:104DE000C3F30363062B07D8042BD8B20CD8C31E19
:104DF0005842584140007047072B07D1D2F8440170
:104E000010F00050EBD1704702207047002070472F
:104E1000004008400A4A5368C3F30363032B01D0E0
:104E2000072B0AD1D2F88C30DB0606D4D2F89000DA
:104E300080F00800C0F3C00070470020704700BF3A
:104E400000400840024B0022196815F02ABA00BF42
:104E5000186C0300024B1B6803B11847704700BF72
:104E6000F84D0020024B1B6803B11847704700BF84
:104E7000F44D002010B5FF224FF6FF71044615F0E7
:104E800034FA68B9FF224FF6FF71204615F03EFA5A
:104E900030B920460349BDE81040FF2215F048BA5A
:104EA00010BD00BF6C4D030010B55B0743EA024321
:104EB0009DF80820520543EAC16302F0BC621A4320
:104EC000064942F4C8720446FEF7CEFB00221146A2
:104ED0002046FFF703FA002010BD00BF9007E12D28
:104EE00008B5FFF797FFA8B10B4B5A69110311D50D
:104EF000D3F8882092030DD4D3F8903013F0100F1C
:104F00004FF0100304D1054AC2F89030002008BDCC
:104F1000034AF9E70220FAE700400840004008464B
:104F20000040084438B5044608B3134A53691B03CC
:104F30001FD5D2F88C50114BC5F38115032DB3F852
:104F4000BC300ED1083B9BB208220D48214615F01B
:104F50001AFB094B2572D3F890301B0A63720020AC
:104F600038BD022D05D1023B9BB22A46EDE7012058
:104F7000F6E70220F4E700BF00400840001E0021D1
:104F800030100840034B1868034B002808BF184630
:104F9000704700BFFC4D0020F06B0300F8B50D46D4
:104FA00010B900242046F8BD0E4F3E68002EF8D1FF
:104FB000FAF7B4FD04460028F3D03860FAF7FAFD9A
:104FC000204614F091FD38B130463E60FAF7F2FD0C
:104FD000204614F07EFDE4E7002DE3D02046A847EC
:104FE000E0E700BF004E0020024B1868003818BFF1
:104FF00001207047004E0020024B00215B680846EC
:10500000184700BF0822002010B515F01EF904460D
:1050100018B9034B01215B689847204610BD00BFBB
:105020000822002010B5FFF7C7FD044618B9034B4E
:1050300001215B689847204610BD00BF0822002070
:1050400010B514F0E3FD044620B9034B01215B6861
:1050500008469847204610BD0822002007B54FF4A7
:1050600000730A49ADF806300DF1060215F020FA7A
:10507000BDF80630B3F5007F05D1022808BF002037
:1050800003B05DF804FB0120FAE700BF044E0020E6
:105090000D4BD3F8E020D20314D50C494FF48032E5
:1050A000C3F8E820C1F8EC209A6BD1B2C2F3072212
:1050B00099679A6704229A6700229A679A679A67A3
:1050C0009A679A67704700BF0010084000100846B2
:1050D000F8B50C4C0D461746064610F000FC0123AF
:1050E000A362042327606660A560C4F8E830064B1D
:1050F0004FF48072C3F8802110F0F5FB0DB102234C
:10510000A362F8BD0010084000E100E0054B186004
:10511000054B01229A6540F6FF72196358635A6580
:10512000704700BF08500020001008402DE9F04FE4
:10513000042A83B0054639D90B7883614B788361A3
:105140008B788361CB7883610068D5F808B06E688E
:1051500000F007000123063003FA00F808F1FF39D8
:1051600009EA0B07A2F1040AA8EB0702924501F134
:10517000040446F000560DD8F0192146524617F0A7
:1051800099FD0AEB0B0248EA09031A40AA6003B032
:10519000BDE8F08F2146F019019217F08BFD019ABE
:1051A000A118AAEB080230463A44E8E7013A032A7C
:1051B000EDD8DFE802F00B08050211F8013B83612E
:1051C00011F8013BAB6111F8013BAB610B78AB61AE
:1051D00003B0BDE8F08F00BF38B50C46104B154644
:1051E000014668B10122C3F8B8200E482246FFF7F5
:1051F0009DFF1DB10A4B0422C3F8B820002038BD22
:1052000064B1D3F89C20A24284BF0122C3F8B82025
:10521000C3F898400222C3F8B820EAE70122FAE76F
:10522000001008409010084010B510F058FB184BC3
:10523000184901229A65C3F888201A66164A5A66E8
:105240000722C3F884200A80144900220A804FF400
:10525000A021C3F8E81003F1C0630446C3F8EC10C2
:105260000F4B1A600F4BD3F888305B020AD50E4BF8
:1052700018680E4B4FF48002C3F88820416BA430AD
:10528000FCF7E8FB2046BDE8104010F02CBB00BF47
:10529000001008400A57002040270020085700202F
:1052A0000450002000400840004E00200040084408
:1052B0000D4B07221A800D4B00221A800C4B012146
:1052C000C3F8B810C3F890204FF40052C3F894000C
:1052D000C3F8B420074BF0221A6403F10073A02234
:1052E0001A64FFF7A1BF00BF0A570020085700202B
:1052F00000100840000008442DE9F041044688B140
:10530000394E3A4F10F0EBFA3388394A03F07801FE
:10531000032C054603F07F0C114453D13C6824B99B
:1053200010F0E1FA0320BDE8F08124F001043868B0
:1053300020F00100A0424AD100223A6022886FEAA0
:1053400042426FEA52428C42228036D1294CDFF829
:10535000B8C02788ACF180083A46083A92B201F109
:105360000800604528BF4046082A04D9B0F900E08B
:10537000BEF1000F36DB22803B440C8888781E4942
:105380009B1ADBB2C4F30C04CC6300F0070033803B
:10539000CB66C1F88420FFF77BFE04280DD1174BA4
:1053A000D3F88830164B1868164B4FF48002C3F8B8
:1053B0008820416BA430FCF74DFB284610F093FA8F
:1053C0000020B0E7601E012898BF0C46AFE70948EF
:1053D00062440088A21A48BF803208389042ADDC8F
:1053E00028469DE70146B8E70857002004500020F2
:1053F000402700200A5700200010084000400840C5
:10540000004E002000400844C02700200E490F4BEA
:105410000A881B880E481344073B03F078030344B3
:105420000832987892B20A8000F0070009490428EF
:10543000C1F8842004D101F540514A681203FCD41C
:10544000054A1360704700BF0A5700200857002024
:1054500040270020001008400450002010B5054CE3
:10546000206828B1C30701D4FFF746FF002323605B
:1054700010BD00BF04500020084B4FF48032C3F829
:10548000EC2003F17C43C3F8E420D3F88030C3F36D
:105490000C03782B01D8FFF7FBBD704700100844C0
:1054A0002DE9F84304460E4610F019FA504B514DC1
:1054B0001A882D888146504802F07801032C02F0AA
:1054C0007F03014417D14D4C24688CB92A44073A14
:1054D00002F0780284180344E31A48BF8033AB42D9
:1054E00010DB484610F0FFF900242046BDE8F883A1
:1054F00024F00104EFE7012C02D0022CEBD1083D8F
:105500000C46E8E7002E41D08C423D4942D1D1F80B
:105510003C800A6B02F00702063201279740D1F85F
:105520008020C2F30C029A4247DDB4F9003025888E
:10553000002BD6DBA378C5F30C0503F007037A1E16
:10554000A5EB08053A43052B337005EA02052CD874
:105550002DB2E84340F236420421C00FFAF7D6FCE0
:105560007580E378274A337412687B1E03EA0803C8
:10557000D118B160A9B213FA85F5BD4289BFFF1AEF
:105580000023B780F2609CBFB180F360484610F002
:10559000AAF9AAE7A4F10802824238BF04F178020E
:1055A000B2F80080C8F30C08B3E7174BDB6C003B84
:1055B00018BF0123A5EBC305CAE78B6B7A1EA3EBCB
:1055C00008033A431A40114B15B25B686AB9C3F33A
:1055D0000363D91E4B424B41DB0033700B4B72808F
:1055E000D3F89030C3F30723BCE70823F5E700BFE7
:1055F000085700200A5700204027002004500020B0
:1056000000100840085000200000084000400840FA
:1056100010B510F064F9084B1B6804463BB198477D
:1056200028B1002200204FF48061FCF7BBFF204628
:10563000BDE8104010F057B90C5000202DE9F74F8D
:10564000DFF8ECB08146DBF800A00F46FBF7AEFCBC
:105650004FF0FF35CDE9000100202C46064606F14B
:1056600010031B015BF8033003F00308B8F1010FCE
:1056700015D13046FBF7B2FC02460B46DDE90001CE
:10568000FBF742FBDBF85C3006F10802D340DB0796
:1056900037D5002F3ED000253E602C4640460136CF
:1056A000052EDCD150B3224F396B0131A4FB0141EF
:1056B00064190AF4403341F10001B3F5003F4FF0A3
:1056C00000022FD1FB6A0AF4405A013342F100066E
:1056D000BAF5805F21D1BD6A15F5807542F10002EF
:1056E0006E4303FB0266A5FB03323244594304FBBD
:1056F0000212A3FB04341444C9E9003403B0BDE82A
:10570000F08FA84271EB0403C8D207B13E60054692
:105710000C46C3E73D463C46C0E7320242EA13620C
:105720001B02E3E7BB6A13F5807342F10002DDE779
:1057300000500840024B99685A690A401A61704744
:105740000040044008B5FFF7F5FF054B5B7B0133D4
:105750000122DBB202FA03F3024A136108BD00BF63
:10576000BC4D00200040044038B504460D4610F002
:10577000C1F8064A13889BB22DB123431380BDE8BC
:10578000384010F0BDB823EA0403F7E70E570020B5
:10579000034B002201214FF480701A70FFF7E4BF21
:1057A0008A5A002008B5054B186814F018FE00F05E
:1057B0000300C31E5842584108BD00BF28500020B6
:1057C000F0B585B00023CDE901330393124B134D9F
:1057D000134E1B788DF8043010F08CF82A7833784B
:1057E000104F9A4204460CD031783868297001AACB
:1057F000FFF726FC50B10C4840F6F311EFF7C2FF5B
:1058000004E0386814F0EBFD0128EDD0204610F0DC
:1058100077F805B0F0BD00BF522500204F250020CD
:1058200050250020285000201A6F030038B5044688
:105830000FF017FF0C4B05461978987881420FD06E
:10584000631E082B0CD8DFE803F0050D0B0D0B0DC4
:105850000D0D0D0000220146044B186814F0BDFD2B
:10586000284638BD0022F7E75225002028500020A6
:10587000F8B52B4B1B7823B12A4840F6E531EFF7FA
:1058800081FF10F037F8284B1C8814F006040646F8
:1058900009D001214FF48070FFF766FF3046BDE864
:1058A000F84010F02DB821464FF48070FFF75CFFF0
:1058B000204602F025F802280AD180221B4B8021C5
:1058C000186814F0A1F910F087FFFFF779FFE5E7FA
:1058D000204602F015F8054638B1012807D01148D6
:1058E00040F62741EFF74EFFD8E70246E6E70F4FB5
:1058F0003868FFF781FB386814F071FD01280CD07F
:1059000038682A46294614F06CFD21462C20FFF702
:105910008DFF21460A20FFF789FF10F05EFFBDE7EB
:105920008A5A00201A6F03000E57002028500020CA
:1059300038B54FF0FF300C4617F0D2F90A4B054648
:10594000186817F0CDF9641B241A20B210F1630F08
:1059500006DB10F1240F05DA64308000C0B238BDD8
:105960000020FCE7FF20FAE72850002010B50E4C7D
:10597000236823B90D4840F69641EFF703FF2068EE
:10598000013014F0CAFE00F0070003280AD1246891
:1059900009220121204601F0C7F8205C031F58426C
:1059A000584110BD0020FCE7185000201A6F03007A
:1059B00008B5134B1B78062B04D0124840F627017C
:1059C000EFF7E0FE104B1B881B0704D40D4840F690
:1059D0002801EFF7D7FE0D4B2A201978FFF726FF95
:1059E00000210820FFF7C0FE094B02221A70094B64
:1059F0001868FFF701FBBDE8084011F07ABB00BF53
:105A00008A5A00201A6F03000E570020875A002080
:105A10004D250020285000200148002102F01CBE26
:105A2000782200207F2837B5044612D119494FF655
:105A3000FF730246ADF80630098802230DF1060017
:105A400010F0F2FEBDF80640E20554BF64B26FF0FC
:105A50004A040FF04FFF104B1C70104B1B88DB07E4
:105A6000054610D50E4B1B78002B0E4B0CBF214664
:105A70006FF07F01186814F0E8F820B10A4840F68A
:105A80007F61EFF77FFE284603B0BDE830400FF09E
:105A900037BF00BF4C1C0300472500200E570020D5
:105AA0008B5A0020285000201A6F030008B50A4BBB
:105AB0001B88DB0604D4094840F64A01EFF762FE72
:105AC00000211020FFF750FE002001F07BFEBDE812
:105AD000084011F00EBB00BF0E5700201A6F0300E4
:105AE000F7B5124CD4E9006586EA020C85EA030793
:105AF0000CEA000C0F405CEA070E15D086EA0C0693
:105B00007D40C4E90065CDE900230B460849024603
:105B1000086814F075F838B106484FF4FD7103B009
:105B2000BDE8F040EFF72EBE03B0F0BDC027002067
:105B3000285000201A6F030010B510F058F860B11B
:105B400010F057F80B4A80B141F20D03BDE8104048
:105B5000084841F20D01FFF7C3BF074B1A789B7845
:105B60009A4204D100220023F0E70D23EEE7034A16
:105B7000F9E700BF400D030052250020488D0100C9
:105B800038B5294B1B889B07044647D5274B002275
:105B90001868012114F0AFFC012C254B2DD1197888
:105BA00059B30139C9B2197011B92020FFF7DCFDD2
:105BB00000210220FFF7D8FD1E4B1F4804220021C0
:105BC0001A7002F049FD1D4C2068013014F0A5FD4B
:105BD00000F44060B0F5006F23D124680121042255
:105BE000204600F0A1FF204414F097FD0146BDE8D7
:105BF00038400022202012F022BC114D002102204A
:105C00001970FFF7B1FD2B78FF2B04D00D484FF42E
:105C1000D361EFF7B7FD2C7011F06BFA012CD2D0E5
:105C200038BD4FF6FF71E2E70E57002028500020E4
:105C3000895A00208A5A002058220020185000203B
:105C40004E2500201A6F030038B5124C23880546F4
:105C5000580709D5FFF7A6FD01460720FFF7E6FD27
:105C600000210420FFF780FD238899070AD50A4BFD
:105C700019788A1F514251412846FFF7D7FD01206C
:105C8000FFF77EFF23881B0703D5BDE83840FFF7E9
:105C90008FBE38BD0E5700208A5A00202DE9F04FE4
:105CA000570691B0804614461D4605D5FFF77AFD8C
:105CB00001460120FFF7BAFDEE0403D500212D2097
:105CC000FFF7B4FDA00223D5404614F0EDFB0146DA
:105CD000F0B94020FFF748FD0AA9404614F04AF801
:105CE000B0B99DF83030022B6DD1BDF8280016F008
:105CF00062FCFF2808D1404614F03AF840B901216F
:105D00004020FFF731FD03E016F05BFC0028F2D1E4
:105D1000A10305D5FFF746FD01460320FFF786FDE9
:105D2000E20104F0807354D5AD4B1B889F072FD53B
:105D3000AC4E306813F0BFFF50BBAB4BAB4F18708D
:105D40003B78FF2B04D0AA4840F23E61EFF71AFDE2
:105D5000002102204FF00009FFF706FD87F80090B0
:105D6000A44F3B78062B07D101210820FFF7FCFC4C
:105D700049462820FFF75AFD3B78052B06D1002124
:105D80002B20FFF753FD3068FFF736F911F0B1F91A
:105D9000260740F1C180934F05AA3868032114F00B
:105DA00089FB064620B992484FF4D961EFF7EAFC27
:105DB0009DF81430072B49D0FFF7F4FC014604206E
:105DC000FFF734FDA8E0032BA2D10AA816F0E2FBEE
:105DD0009CE705F0020213430BD0864B19788E1F07
:105DE000714271412620FFF721FD0120FFF7C8FE17
:105DF000CEE704F080531A4309D07E4B1978881FF0
:105E0000414241412620FFF711FD0220EEE704F058
:105E100088410B4306D0774B19788A1F5142514174
:105E20002720F0E705F008030B4302D02320FFF7FB
:105E3000FDFC6B0703D500212420FFF7F7FCEF07DB
:105E4000A6D500212520FFF7F1FCA1E738680AAAB2
:105E5000314614F037FB20B1654840F2CF61EFF7CF
:105E600091FCBDF81610386802310AAA89B214F004
:105E70002BFB20B15E4840F2DE61EFF783FC00238C
:105E800000933868042304AA314614F041FB042827
:105E900004D0574840F2E461EFF774FCDFF86091FA
:105EA00099F80030002B40F0AD800DF1110014F096
:105EB00034FC00F00700022840F0A480FFF772FCD9
:105EC00001460920FFF7B2FC4A4B1B78062B23D171
:105ED000494B9DF813201B789A421DD19DF835300F
:105EE00023B9434840F2FA61EFF74CFC0DF1110081
:105EF00014F013FCC0F3001631462920FFF796FC7E
:105F000000210820FFF730FC3C4B1E70FFF72EFDF0
:105F100010B93868FFF770F8E20505D5FFF742FCC5
:105F200001460420FFF782FC14F4863F05D0FFF7FA
:105F300039FC01460220FFF779FCA30111D5FFF7D8
:105F400031FC01460820FFF771FC00210420FFF717
:105F50000BFC284B1B78012B03D1224B1868FFF751
:105F60004BF814F0084F09D0FFF71CFC014607203E
:105F7000FFF75CFC00210420FFF7F6FBA70009D522
:105F8000FFF710FC01460620FFF750FC002104201B
:105F9000FFF7EAFBA60705D5114B1B881C0701D5A7
:105FA000FFF706FD680603D500210A20FFF73EFC37
:105FB000290602D5012014F049FBEA0540F1C18011
:105FC000404614F008FA052800F2B1800138042890
:105FD00000F2B780DFE800F0B2C2B2B2B20000BF98
:105FE0000E57002028500020895A00204E250020FE
:105FF0001A6F03008A5A0020855A00204D25002080
:106000008D5A0020BDF816000830012180B202F040
:10601000B7F9039000283FF4CFAE02F0EBF80799F0
:10602000BDF81820064616F045FE089941B1BDF8A6
:106030001800BDF81620121A92B2304416F03AFE3B
:1060400099F800A0BAF1000F20D106F1010B5846D3
:1060500014F063FB800659D5386814F025FA07461A
:10606000FFF7A0FB05370146F8B2FFF7DFFB584604
:1060700014F053FB00F0070003283E4F2DD0012100
:106080000420FFF771FB13F057FE386000223A49F5
:10609000BDF816300978F154F7189DF83630BB700A
:1060A0009DF83730FB700A9BFB71190E3971190C82
:1060B0007971190A99F80030B97123B973789AB3D4
:1060C00043F020037370002001F0AAFD787003985C
:1060D00002F0B2F911F00DF81EE701210922304655
:1060E00000F022FD305C04284FF00101C8D1FFF719
:1060F0003BFB13F021FE214B38601B885906C5D5A8
:1061000051464020FFF730FB0122C0E7FFF74AFB72
:1061100001460920FFF78AFB194B1B78012BB5D1EB
:106120003868FEF769FFB1E723F02003CAE7342897
:1061300004D00FD8142801D0242811D12620FFF72D
:1061400083FDAB0512D50121802011B0BDE8F04FD1
:10615000FFF70ABB00F0EF004428EEE72720EEE748
:10616000084840F6E601EFF70DFBEAE711B0BDE89D
:10617000F08F00BF145000204F2500200E57002044
:106180008A5A00201A6F0300F8B5164E33780D4670
:1061900002F0010423B1144840F2B631EFF7F2FAED
:1061A000124B134F1D60134DA4B1134B997801B1DD
:1061B00001212020FFF7D8FA2B783B700F4B1C7879
:1061C0000F4B10481C7004233370BDE8F8400021C9
:1061D00002F042BA21462020FFF7C6FA2B783B7026
:1061E000EEE700BF8A5A00201A6F03001850002003
:1061F000875A0020512500201C500020885A00207A
:10620000895A0020782200202DE9F843DFF8A48184
:10621000634C0FF06FFBB8F8003013F4807F054635
:1062200003D0237873BBFFF723FB00210846FFF759
:10623000FDFA5C4B1A78FF2A13D01A7802F0FF0699
:1062400032BBFF221A702378052B0AD1002328467F
:1062500023700FF055FB304614F0EBF90FF04AFBBA
:1062600005462378504E062B09D13378FF2B06D0F4
:106270003378022B15D14D48002102F0EDF9FF23B0
:1062800033702BE000214FF48070FFF76DFACCE7FC
:106290001A78012A4FF0FF021A7014BF33264C26D9
:1062A000D4E7337813B13378012B22D1FFF75EFBAB
:1062B00096F8009007463D4802F06AFAFF235FFA1D
:1062C00089F9337077B1B9F1010F44D1374884F8B7
:1062D0000090642102F0C0F9FFF772FA28460FF02F
:1062E0000FFB06E0284627700FF00AFB384614F033
:1062F000A0F9B8F800301B0605D500218020FFF773
:1063000033FA10F0FCFE02F0A9F8294E308000B3F9
:106310002778012F42D101F06DFF054610B30130FF
:1063200014F0FBF900F44060B0F5006F1AD10422BC
:106330003946284600F0F8FB284414F0EEF94FF6F1
:10634000FF7398420ED13188002001F08DF90023AF
:106350003380BDE8F8830023284623700FF0D0FA7D
:106360003F20C4E7114802F013FA002108462170CB
:1063700001F02CF9012523780BB9FFF779FA318860
:10638000002001F071F900233380002DE1D0207846
:106390000028DED1BDE8F84314F00DBB0025EAE784
:1063A0008A5A00204E2500204D250020782200200A
:1063B0000C5700200E57002008B513460A46194610
:1063C000064B186813F0C8FC30B1BDE8084004481B
:1063D0004FF49C61EFF7D6B908BD00BF28500020EC
:1063E0001A6F030008B513460A461946064B18688B
:1063F00013F0ACFC30B1BDE80840044840F2E7417E
:10640000EFF7C0B908BD00BF285000201A6F030085
:10641000024B1878B0FA80F0400970478A5A002081
:10642000024B1878431E5842584170478A5A002040
:1064300008B5064B1B7823B105484FF4A261EFF76E
:10644000A1F9FFF715FA002008BD00BF8A5A002005
:106450001A6F030008B5064B01EB8101186849006B
:1064600013F00AFC002814BF2120002008BD00BF43
:106470002850002008B5044B1868F9F731FD0A23AD
:1064800090FBF3F040B208BD28500020014B187873
:10649000704700BF5025002008B5044B186813F062
:1064A00037FBB0FA80F0400908BD00BF285000203B
:1064B00038B5124D2B78012B0C4604D9104840F208
:1064C0003151EFF75FF921460020FFF7E5FF90B16A
:1064D0000C4B1C702B785BB9FFF7CAF90A4B93F988
:1064E00000100A4BC901186813F08CFB002038BD5E
:1064F000FFF766F9F2E72120F9E700BF8A5A00208A
:106500001A6F0300502500208C5A002028500020CC
:1065100008B5054B0121186813F07EFF0028B8BFAD
:10652000033040F3870008BD2850002008B5074B12
:10653000186813F0E7FA30B1054BB3FBF0F083B203
:106540000BB1184608BD0120FCE700BF2850002011
:1065500040420F0008B5074B186813F0D7FA30B166
:10656000054BB3FBF0F083B20BB1184608BD012018
:10657000FCE700BF2850002040420F002DE9F34700
:10658000534F012010F02AF93B88990704D4514851
:1065900040F63541EFF7F6F8DFF85C8198F8003007
:1065A000053B012B04D94B4840F63741EFF7EAF899
:1065B000494E336823B9474840F63A41EFF7E2F8CD
:1065C0003C8814F020045CD001212220FFF72EF932
:1065D0004FF47A74FFF7BEFF33681B7809334343E7
:1065E00004EBC30498F80030062BA5B20BD1FFF7DB
:1065F0009DFF0446FFF7AEFF602358430C2303FBC7
:106600000400284485B2D6F80090344B99F80080F5
:106610001C78334E08F1FF381FFA88F8002C3FD160
:106620003B885A0532D57378DFF8C8A026468AF829
:106630000030CAF808500FF0E0FA30B10FF0DBFA82
:10664000012814BF102308231E43264D80234946EA
:106650002868424613F02AFF234B1978234B197000
:106660003B889B061FD5CDF800A0214B28683246F9
:10667000FEF7D8FC10BB002002B0BDE8F04710F0D8
:10668000ADB821462220FFF7D1F8A3E709F10100B8
:1066900014F043F810F020047378C5D00124C3E748
:1066A00073780024C0E7134B28683246FEF7ACFC31
:1066B000014618B92520FFF7B9F8DCE72146262066
:1066C000FFF7B4F8034840F6DD31EFF75BF8D2E7A7
:1066D0000E5700201A6F0300185000208D5A00201A
:1066E0005225002028500020502500204F25002052
:1066F0001C5000203C2200208A5A002008B5174B6D
:106700001B889B0704D4164840F6AD61EFF73AF8B2
:10671000144B1B78053B012B04D9114840F6AE61A0
:10672000EFF730F8104B1B6823B90D484FF46B613D
:10673000EFF728F80D4B0E49002221201A70FFF7C1
:1067400075F818B9BDE80840FFF718BF022803D153
:10675000BDE80840FFF714BA08BD00BF0E5700207F
:106760001A6F03008A5A002018500020845A002013
:106770000D690100F8B5594C23889A0704D558488B
:1067800040F2DF21EEF7FEFF564802F001F80FF06D
:10679000B1F823885B0705460BD513F0CDFA524BB1
:1067A0001B68C01AB0F5717F03D900210420FEF7E1
:1067B000DBFF28464D4D0FF0A3F82B78042B32D188
:1067C0000FF098F823885F07064608D54548002152
:1067D00001F042FF3046BDE8F8400FF091B80FF0ED
:1067E0008FF80FF087F8424B424F1B78064613B9DB
:1067F000238859050FD50523012102202B70FEF7B0
:10680000B3FFFFF77BFF30460FF07AF83B68DA788A
:10681000394B1A70F8BD3868013013F07EFF8206DC
:10682000E9D50623E8E7062B4DD1344B1B78FF2B27
:10683000F0D1334E0FF0E3F93378002B3DD00FF059
:1068400059F823885B07054605D52648002101F045
:1068500003FF2846BFE70FF053F83378013B33704E
:106860000FF048F8012104460220FEF77DFFFFF7F4
:1068700045FF20461F4C0FF043F82068013013F00D
:106880004CFF00F44060B0F5006F13D12468012183
:106890000422204600F048F9204413F03EFF014650
:1068A000184B1A783378D21AD2B2BDE8F8400420D7
:1068B00011F0C5BD4FF6FF71F2E72B704020BDE827
:1068C000F84013F0B6BE012BA4D100232B700E4B61
:1068D0001868FEF791FB3F20F1E700BF0E5700203C
:1068E0001A6F030078220020145000208A5A0020DA
:1068F0008D5A002018500020855A00204D25002078
:10690000875A0020512500202850002008B50A4B46
:106910001A7882B9012210281A7004D0074840F66C
:10692000A461EEF72FFF00212020FEF71DFFBDE838
:106930000840FFF723BE08BD845A00201A6F0300E9
:1069400038B510200C460121FEF70EFF064B1D68DE
:10695000FFF7ECFD054B00FB04F10122284613F084
:1069600044FD002038BD00BF28500020AD5A010072
:1069700008B5094B1B88DB0604D4084840F2A75130
:10698000EEF700FF10200021FEF7EEFE044B186822
:10699000BDE8084013F037BD0E5700201A6F030002
:1069A0002850002010B5064C206813F0A9F9C30741
:1069B00004D52068BDE8104013F0A4B910BD00BF95
:1069C0002850002008B5094B01221868114613F021
:1069D00008FD00212C20FEF729FF00210A20FEF7E8
:1069E00025FFBDE808400FF0F8BE00BF285000208A
:1069F0000148EEF7C7BE00BF346F0300014B4008EB
:106A0000185C70474925002008B513460A46194608
:106A1000064B186813F0A6F930B1BDE808400448E9
:106A200040F6DB41EEF7AEBE08BD00BF28500020A7
:106A30001A6F030008B5044B186813F0D0FC013836
:106A400018BF012008BD00BF2850002070B50546C2
:106A50000EF050FF0E4B0F4E1B883570DA070446C0
:106A600008D50D4B0D4D1B78012B08D90121286845
:106A700013F018FD2046BDE870400EF041BF1BB179
:106A80000FF0B3F8C305F1D4317881F00101EEE7DE
:106A90000E570020482500208B5A00202850002047
:106AA0000C4B1B88DB0710B5044611D5FFF744F8E3
:106AB000094B84F001021868D200082113F0A4F8F1
:106AC00030B1BDE81040054840F63C71EEF75ABEC3
:106AD00010BD00BF0E570020285000201A6F030081
:106AE00008B5044B0146186813F047F9003818BF81
:106AF000012008BD2850002010B50A4C23787BB136
:106B0000FFF760FF00210420FEF72EFE0021022087
:106B1000FEF72AFE00232370BDE81040FEF7A8BE52
:106B200010BD00BF8A5A0020032A134601D913F072
:106B30009BBD014AD05C70473E6F030018B1034B08
:106B4000196000207047024BFAE700BF2C5000206C
:106B5000305000202DE9F8431046DFF82481174615
:106B600013F0DBFDD8F8003005462BB9424B1B680B
:106B700013B90020BDE8F88315F4406905F040061C
:106B80000FD136BBB5F5804F52D24FF48074D8F890
:106B90000030002B56D1384B1B68002BE9D0002267
:106BA00062E0F81C13F0B9FD4FF6FF73984214BF72
:106BB0000124022486B1052605F44043B3F5004FB5
:106BC00044F0080424D0B5F5804F23D244F48074F7
:106BD00020E04C460326EFE7B5F5804F4FF0050661
:106BE000F4D3B9F5406F14BF022008203044384474
:106BF00013F093FD214BB3F85C3005F4404583421C
:106C00000CBF44F0080444F00404B5F5004F01D172
:106C100044F08004B9F5006F0ED1B81913F07DFD72
:106C2000164BB3F85E308342B1D144F01004AEE7A6
:106C30004C4603260220D9E7B9F5406F08BF44F05F
:106C40002004A4E70022D1B233F8110033F9111067
:106C50000029A0DBA04202F10102F4D1012089E762
:106C6000A04202F10102F9D0D1B233F8110033F998
:106C700011100029F4DA7CE72C500020D0500020BD
:106C8000305000202DE9F04F104685B0164698464A
:106C900013F043FD5D4F00F00803B7F85C1002935A
:106CA000044600F00709F01C0391B7F85EB013F03A
:106CB00034FD06F1050A0546504613F02EFD034645
:106CC0004FF6FF70854218D00399A1EB050CDCF15B
:106CD000000545EB0C056D004FF6FF718B420ED1A0
:106CE00045F0040500F0ECF9029B6BB1B9F1000F1F
:106CF00011D0422005B0BDE8F08F0125ECE79B459F
:106D000008BF45F00805EDE7B9F1030FF1D8DFE85A
:106D100009F0021B795D00F0D3F908B9A807E8D59E
:106D200024F00804A4B2B4F5004F05D0B4F5624FC6
:106D300002D0B4F5404FDCD1002597F8A8202946B1
:106D4000002013F0FEFD3CE0D7F88030E3B90021CD
:106D500032460846FFF7FEFED8B924F038039BB24E
:106D600048F641029342C4D10A2D49D0062DC0D124
:106D700097F87730023B012BBBD8FFF751FB002877
:106D8000B7D140F6040505E0414630469847002853
:106D9000DDD00825E20648BF45F08005A30648BFC0
:106DA00045F4805505F00C03042BC6D1F01D13F0FB
:106DB000B4FC97F8A830009332462B46414613F0B6
:106DC00095FD08B30E9B1880002093E7A90705D115
:106DD000B7F85C204FF6FF739A428AD104F44063FF
:106DE000B3F5006F0AD0B3F5406F82D1084908228D
:106DF000504615F00FFF00287FF47BAF0C25C9E744
:106E00000425C7E7432075E7192073E7D050002019
:106E100030510020074A084900231360074A1360D5
:106E2000074A1360074A1160074A01211170074A97
:106E300013607047405000209DA902003C50002084
:106E4000385000209822002055250020485000206E
:106E50000E2A70B50C4606461546194603D9FFF7AB
:106E6000D9FF502070BD012807D10020FFF7F2FAAA
:106E7000F8B1FFF7CFFF2120F4E7284B4FF4FE4293
:106E80001A80274B7F221A70264B80221A70264BBD
:106E900000211980254B1960254B1B684BB134200C
:106EA00001F06EFA234B188018B9FFF7B3FF0120E9
:106EB000D8E724F0FF6323F4FF231BB1FFF7AAFFF9
:106EC0004F20CFE77CB92046FFF7E0FA10F0800FA3
:106ED00043B24FF001041BBF00F01F039C409C40D5
:106EE00044F078440325144B14491E70144B1D7054
:106EF000144B24F078441C60134B00201870134B83
:106F00001A6800F0E3FA18B1FFF784FF0420A9E73C
:106F10000F4B9DF810201A70A4E700BF12570020F5
:106F20008F5A00208E5A0020105700204450002015
:106F30003850002014570020945A00203D7301005F
:106F4000925A002048500020935A002040500020C0
:106F5000905A00207FB5244B24481A7824490078A1
:106F6000012303FA02F21A4400250A60ADF80E501C
:106F700020B3984236D11F4C1F4B20781B681F4E00
:106F80000DF10E019847BDF80E20307092B11C4BE8
:106F90000093019502232946284600F0D1FA327861
:106FA000237822B1012A06BF0133DBB21B232370F1
:106FB00004B070BD013818BF0120F0E778235A43B0
:106FC000013A0A600F49082200F086FC0B49094A81
:106FD0000978137821B1012906BF0133DBB21B23E5
:106FE0001370E5E71846E3E7925A0020945A002010
:106FF0004C500020935A0020982200205525002054
:10700000797301000970010010B5244B244C1878E5
:10701000002834D1FFF77CFA224A13680133136049
:10702000214A92F900108142B8BF10701F4A92F9AC
:1070300000108142C8BF1070012B1D490DD1000204
:10704000088023680BBB1B4813F0D1FE014620BB10
:10705000BDE81040174801F0FFBAB1F90020A2EBDB
:10706000221303EB00131BB20B801349A0EB232365
:10707000A0EB22200A8813FB00230B80E1E72368A2
:10708000002BE0D04FF4707200E008220B49002082
:1070900000F022FC2368013B236010BD945A0020BD
:1070A0004C500020445000208E5A00208F5A00205F
:1070B000125700209C220020105700200970010068
:1070C000054B1B682BB9054B1868003818BF012009
:1070D00070470120704700BF3C500020385000200E
:1070E00037B505461C46FFF7EBFF68B974B1084B8E
:1070F0001A60084B1C60012300930A4603232946AB
:10710000FFF7A6FE03B030BD4D20FBE72520F9E7D1
:10711000345000203C50002013B50446FFF7D0FF48
:1071200058B962B1074B1A60012300930A46032342
:107130002146FFF78DFE02B010BD4D20FBE7252054
:10714000F9E700BF385000202DE9F0410446DDE9A1
:1071500006869DF820701D46FFF7B2FF88B99EB1E4
:10716000A2B10B4B1A600B4BC3F800800A4B0A46C6
:107170001E60214606972B460120BDE8F041FFF72F
:1071800067BE4D20BDE8F0812520FBE72120F9E70F
:1071900098220020405000203C500020014800F080
:1071A0004FBE00BF145700202DE9F0410020FFF72B
:1071B000A3FC0F4B0F4C1E680F4B20881D680F4B14
:1071C0000F4FD3F8008010B1397801F04BF8002050
:1071D0003870FFF71FFE00F033FC0EB14046B04799
:1071E0001DB12088A84700232380BDE8F08100BF9F
:1071F0003C500020145700203850002048500020F8
:10720000955A00202DE9F0473D4801F0C1FA3D4B69
:107210001C78002C42D13C4F2046FFF737F93B68E1
:107220000546002B3AD0394EDFF804A1DFF804817F
:10723000DFF80491012B1EBF348803F1FF33B4FB48
:10724000F3F4334B34801C6834B19AF9013098F967
:10725000002099F90010A0472E4B1B688BB12E4CD3
:107260002378312B0DD82D4B188800F0C3FF2378DD
:107270005A1C227098F80020C25423785A1C22709D
:10728000C5544FF4FE43AAF800307F2389F800303C
:10729000802388F80030002333803B60204C237823
:1072A0001A2B23D81F4A1278012A09D11E4A1568C1
:1072B000002125FA03F0C007DAB20FD501B1227020
:1072C0000020FFF7E3F82178884213D1174B002202
:1072D0001A70FFF73FFE48B9BDE8F0870133D8B216
:1072E0001A284FF00101E4D90A442270BDE8F047A2
:1072F000FFF75ABF0020FFF7DBF80028E6D0F5E7DC
:107300009C220020945A0020445000201057002056
:107310003450002038500020955A00201457002087
:10732000935A00205525002048500020915A0020F3
:10733000125700208E5A00208F5A002008B50B4BA0
:10734000187880B90221FFF773F8094B1B782BB12D
:1073500000214FF6FF720846FFF744F8BDE80840E9
:107360000448FFF74FBF00210846ECE7945A00207D
:10737000905A00209C22002038B5144B1D78012D16
:107380000C4621D181B90846FFF780F8104A11490F
:10739000136805FA00F023EA0003136020462A462A
:1073A000BDE8384000F098BA0B4A13780133DBB2DD
:1073B000022B137004D9BDE838400848FFF722BFFC
:1073C000FFF7C8FD0028F6D138BD00BF945A002051
:1073D0004850002009700100915A00209C22002092
:1073E00038B50948094D00F02BFD002495F84430CC
:1073F000E0B2834200D838BD05EBC000043000F095
:107400001FFD0134F2E700BF70510020D050002072
:1074100008B503491046482215F04CFC002008BD71
:107420002851002008B5054813F0E1FC014620B9B9
:10743000BDE80840014801F00FB908BDBC2200209A
:1074400038B51C4B00221A701C4615460132082A1A
:107450005D609D8043F8085FF8D1482200211648FE
:1074600015F002FC4FF6FE73A4F868307F226FF42B
:10747000803300211148E36515F0F6FB104B84F8CA
:107480004450C4E92835C4E9125584F85050656564
:1074900084F8A850EEF7D0FA0A4B18700A4BFF2276
:1074A000012100201A70E9F77FF90020FFF7BAFFE9
:1074B000002038BDD050002028510020505000201E
:1074C0000000FFFF965A0020DC5A0020094B10B53F
:1074D000AC2404FB0030836C53B990F850403CB9A5
:1074E00031B1C0E912122046FFF79CFF204610BDC3
:1074F0002120FCE7D050002070B5AC230A4E03FBDE
:1075000000F5731993F850405CB920460BF086FDE6
:10751000735D204643F002037355FFF783FF204657
:1075200070BD0120FCE700BFD0500020AC23034A0F
:107530005843135C23F0030313547047D0500020CA
:1075400070B516461F4A12780446C2BB1E4DAC21C8
:1075500001FB00518A6C92BB91F850203AB1022B8A
:107560002DD191F84410072907D91C2026E091F865
:1075700044100729F9D8012B08D0AC2000FB045097
:10758000CA00011D0C3015F055FB0021AC2303FB94
:1075900004F000EBC10129449DF81430CB71049B29
:1075A0008B602B18002493F844208E8001322046F3
:1075B0008C7183F84420FFF735FF204670BD012011
:1075C000FCE700BF8D5A0020D0500020F8B5234BB7
:1075D0001B7804460F46002B3ED1214DAC2303FB04
:1075E0000053B3F8A03023B91E4840F23631EEF70D
:1075F000C9F8AC2202FB0452D2F8A46036B192F86A
:10760000A330B2F8A02039460020B047AC23634332
:10761000EA180021A2F8A010C2F8A41092F8A8203D
:10762000482101FB02322A44D2F89820964213D016
:10763000EB5C9B070CD5AC2262432046AB5C23F08D
:10764000020343F00103AB54BDE8F840FFF7EABE84
:107650000BF006FD0028EED1F8BD00BF8D5A0020CA
:10766000D0500020877003002DE9F04F8BB00D46FD
:107670000790084600F0BEFD044618B921200BB063
:10768000BDE8F08F284600F0D1FDC0B208382218BE
:10769000215C92F802B092F803A052680692002290
:1076A0002678B4F80130ADF82620434A059192F8C7
:1076B0000090B9F1000F09D0404B1B6823B14FFA7D
:1076C0008BF25146204698470020D8E703F0070385
:1076D000022B6ED00134092249462046FFF724FAD6
:1076E000023EF6B2331ADAB21B0607460392C5D43D
:1076F000DFF8CC80D8F890302BBB00210DF12609A3
:10770000039BCDF8009022460846FFF7BBFAC3B2B0
:107710000546002B48D1BDF8260013F04BF8C8B938
:10772000BDF8260013F02FF90490BDF8260013F0E1
:1077300041F8D8B9012332462146484600F0A6FE5A
:10774000C8B119209BE74A460121284698470028DE
:10775000D3D193E7D8F89430BDF82600002BDFD0C2
:10776000E11998470028DBD1022088E7039A0498A2
:10777000E11915F09FFABDF8260000F03BFD059BCE
:107780008372069B079A80F808A01BBAC360AC23DB
:1077900003FB028380F809B093F85020BDF826005F
:1077A00022B1DB6C03B19847E8B268E7D8F87830CB
:1077B000F8E7012063E700BF8D5A00201050002039
:1077C000D050002070B50A4CAC2303FB00430546A3
:1077D0005E6D26B9074840F2F731EDF7D3FFAC23D1
:1077E00003FB0544002363653346BDE8704018473A
:1077F000D0500020877003002DE9F84308460F465B
:10780000164602F1010913F0C3F88046384612F01B
:10781000CAFF042856D1384612F0E9FF2C4C4FF627
:10782000FF7248F6410348F66105904208BF1D46C5
:10783000B4F85C10301D12F072FF384612F0D7FF1A
:107840000146B01D12F06BFFB4F85E1006F108009F
:1078500012F065FF06F10A04384614F09FFE10B1DD
:1078600045F01005ADB22946484612F058FF38469B
:1078700013F089F842460146204615F01BFA3846B7
:10788000012100F041FD4444074660B100F0CEFC08
:107890000546384600F0AEFCEDB201462A462046C9
:1078A00015F008FA2C440B4A1378F370A41B591CEA
:1078B00001341170347030460922BDE8F8430121CB
:1078C000FFF732B9484612F028FF4C460546C3E799
:1078D000D0500020965A0020084B10B40C46114698
:1078E000AC2202FB0033586D20B95C655DF8044B97
:1078F000FFF726B802205DF8044B7047D0500020F7
:1079000010B50B4BAC2250431A18482492F8A8101B
:1079100004FB0100034493F87700022806D092F894
:1079200050301BB9032818BF012010BD0020FCE710
:10793000D050002070B508B1012070BD234C94F8E0
:10794000A850002DF8D1B4F85C202946FEF74AFD76
:10795000B4F85E2029462846FEF72EFD04F16002A9
:1079600029462846FFF750F894F87730002BE3D0EB
:10797000284694F85860FEF789FD864215D100200C
:1079800094F95A50FEF776FD854216D10020FFF794
:10799000B7FF04460020FEF73BFD0028CDD021466E
:1079A0000020BDE87040FEF743BD94F8581028460B
:1079B000FEF77EFD0028E2D0BFE794F95A100020C0
:1079C000FEF748FD0028E1D0B7E700BFD050002007
:1079D00010B51446174A0346AC2000FB032292F868
:1079E000770002280CD1E07F022809D141B1124969
:1079F0000978012913D992F85810227891420ED1B2
:107A000021781846FEF748FD90B10C4848222146DF
:107A100015F050F90020FEF7FBFC08B9002010BD5E
:107A2000044B93F8A8000028F8D1FFF783FFF5E78F
:107A30002120F4E7D0500020F659002028510020E2
:107A400008B5094BAC2202FB003300205A6DD86404
:107A500083F8500012B15865FEF78AFF0020FFF747
:107A600069FF002008BD00BFD05000207FB51C4C2E
:107A700094F8A83023B1002084F8A800FFF75AFF3B
:107A8000B4F8A05094F85A308DF80F3025B9154845
:107A900040F2ED21EDF776FE134A29460020FFF76C
:107AA000ABFEE66F104C02469EB10DF10F03019341
:107AB0000023009321462846B0470246247854B953
:107AC00020462146FFF782FD2046FFF7ABFC04B0BD
:107AD00070BD0122F2E704490020FEF755FBF6E7EE
:107AE000D0500020877003005050002038B5494B1B
:107AF0001C78002C58D1484800F04AFE2046FEF77A
:107B000087FC002850D0454C2378D90733D594F80A
:107B100050201AB123F00303237045E023F0010342
:107B200023700BF085FA23789A07054601D50BF0F0
:107B300075FA294600200BF0EFF940B9237843F09D
:107B4000010323702846BDE838400BF067BA0023D4
:107B500084F8A33094F8A83084F8A250482202FB9D
:107B60000343A4F8A000D3F89830C4F8A430BDE8CB
:107B70003840FFF77BBF94F84400B0B1251D95E86D
:107B8000030004F1A00383E80300FFF76FFF94F8FC
:107B9000442004F10C01D200284615F04BF894F86B
:107BA0004430013B84F8443038BDA26C62B99B0775
:107BB00011D5237823F0020343F001032370BDE8BD
:107BC00038400020FFF72EBC012384F85030A06419
:107BD000904723789EE70BF043FA0028E9D194F808
:107BE000A83073B1F5F7C8FC94F85030002BDBD106
:107BF000FF2818BF84F8A800BDE838400020FFF730
:107C000099BED4F88C30002BECD098470028CBD10B
:107C1000E8E700BF8D5A0020BC220020D050002091
:107C2000034BAC2202FB003393F8A800704700BF5F
:107C3000D050002070B504460020FEF7E9FB0C4E42
:107C4000AC235C43351995F850300BB1002070BD62
:107C50000028FBD0074813F0CAF80028F6D1335D9E
:107C6000002BF3D195F84400B0FA80F04009EEE71C
:107C7000D0500020BC22002028B1034B1B68C01A42
:107C80004010013080B270478C51002030B1044B5D
:107C900000F100401B68013803EB4000704700BF53
:107CA0008C51002010B5034612F08DFE074A03EBFD
:107CB000400314684FF6FF729C42184604D90188AD
:107CC000914203F10203F7D010BD00BF84510020A0
:107CD0002DE9F047204F3B880546A3B3B0F90230A9
:107CE000002B30DBDFF87C801C49D8F8000014F052
:107CF000D7FF20B91A4840F2CD11EDF743FDDFF868
:107D000060A0DFF8649000263A88B3B29A4204D8A3
:107D100040F2CF115046EDF735FDD9F80030D8F8D4
:107D20000010B2B203EBC20453F8320068B943F852
:107D30003210A3880133A380284612F044FEE38862
:107D400003EB4003E380BDE8F08714F0A9FF0136A0
:107D50000028D9D1EDE700BF16570020426F03007D
:107D60004C6F0300DC2200208051002038B5094C04
:107D7000094D22682B689A4204D908484FF4837150
:107D8000EDF700FD28682368C01A20F0010080B2DA
:107D900038BD00BF84510020885100204C6F030083
:107DA00008B50B4B0B4A1A600B4B0C491B6823F0B0
:107DB000010313440B600A4B1A60FFF7D7FF6428D6
:107DC00005D8BDE808400748F021EDF7DBBC08BD49
:107DD0008C510020D4410020004C03008851002029
:107DE000845100204C6F030038B5094C094D2268BE
:107DF0002B689A4204D308484FF48671EDF7C2FC11
:107E000028682368C01A20F0010080B238BD00BF86
:107E10008C510020885100204C6F0300064B1B68DA
:107E2000834206D8054B1B68834294BF0020012083
:107E300070470020704700BF8C5100208451002003
:107E40002DE9F0411D4B1B78012B044624D10088FD
:107E5000FFF71CFF0546D8B1DFF8648004262C46E6
:107E60000DF048FD07462046FFF732FF638843EADE
:107E700008036380A05BFFF709FF044638460DF056
:107E80003FFD1CB1B4F90230002BE9DA062E01D116
:107E9000BDE8F0810626E2E7022BF9D10DF02AFDBC
:107EA00002462088FFF7F2FE18B10388C3F30E03E1
:107EB0002380BDE8F04110460DF022BD975A002006
:107EC0000080FFFF2DE9F04FBA4BDFF8FC82BA4F7C
:107ED00097B0002406461C800DF00CFD01233B707A
:107EE000B8F80030ADF81630B44BA8F800401B6865
:107EF00001930DF005FDB24B1A88B24BD200186801
:107F0000214614F0B1FE0DF11600FFF799FF002E87
:107F10003CD1DFF8B892D9F800404FF0000B0125B2
:107F2000019B9C4239D3BBF1000F39D1002DF2D017
:107F3000D9F80040DFF898A225462246019B9A42D4
:107F400073D302230DF116003B70FFF779FF002E6B
:107F500040F08F80D9F800603246AA4280F0A280BB
:107F60009088FFF793FE18B10388C3F30E03938044
:107F7000D088FFF78BFE18B10388C3F30E03D380BC
:107F80001046FFF78FFE0246E7E79847E3B2013459
:107F900056F82330002BF8D1BBE7BBF1000F3ED0E1
:107FA0000BF1FF335FFA83FB16AB03EB8B0252F846
:107FB000402CB2F9020051880028B1DA4B04AFD44A
:107FC000924641F48040931D2AF8020F02933AF83A
:107FD000020FFFF75BFEF0B1B0F902E0B0F802C0AB
:107FE000BEF1000F17DB6FEA4C4C6FEA5C4CA0F857
:107FF00002C00390FFF76CFEBBF10F0F9FBF16ABE3
:1080000003EB8B00039A40F8402C9ABF0BF101035D
:108010005FFA83FB0025029B9A45D8D180E7204672
:10802000FFF740FE22460446C3E7104612F0CBFCA1
:108030008346B2F90200118800280AEA010108DA31
:108040002046FFF719FE084381B204EB4B0402EB14
:108050004B0511801046FFF725FE02466EE7984754
:108060005FFA8AF30AF1010A56F82330002BF6D1A1
:1080700070E74FF0000AF3E73046FFF713FE824641
:108080007EB1B6F902307188002B0ADA3088C0F36D
:108090000E00FFF7FBFD864203462DD1C1F30D0113
:1080A00071805646AE42E7D3DFF81CA10DF022FCEA
:1080B00000210646504612F015FDFFF7E7FD054684
:1080C000002800F0878030460DF01AFC284612F098
:1080D0007AFC06462046FFF7CFFD76008146324601
:1080E0002946204614F0A6FD002249460DF116004F
:1080F00012F09EFC3444D9E71BD9304612F063FCE1
:10810000C1F30D014200718092B23146184614F05D
:1081100091FDC6E75046FFF7C5FDD146854203D91C
:10812000B0F90230002B01DA824603E0FFF7BAFD16
:10813000F4E7B146554507D9BAF80000C0F30E0080
:10814000FFF7A4FD8245E5D3B9F1000F30D0B9F8AF
:108150000000C0F30E00FFF799FD034638B933461F
:10816000CB46994513D8B1459BD0D946ECE7484654
:1081700012F029FCB9F80220C2F30D02A9F802207E
:10818000420092B24946184614F054FDE7E71846FB
:108190000193FFF787FD019B9B46854203D9B0F908
:1081A0000230002B01DA0346DBE7FFF77BFDF4E743
:1081B000CB46DAE718570020975A00208451002058
:1081C00016570020805100201A5700208C510020A3
:1081D0000080FFFFBDF81630A8F80030044B38705F
:1081E00030461C600DF08CFB17B0BDE8F08F00BF6F
:1081F0008451002010B5044608B9002010BD12F0CB
:10820000F3FB20B9084840F2C441EDF7BBFA204621
:10821000FFF73CFD0028F0D00388DB0B14BFD0F83B
:108220000A000830EAE700BF4C6F030010B508B938
:10823000002010BDFFF72AFD044612F0CCFB20B948
:10824000074840F2DE41EDF79DFA002CF0D023887C
:10825000DB0B0ABF60882089C0F30C00E9E700BF90
:108260004C6F03002DE9F0410546FFF70FFD0F4667
:108270000446D8B112F0AFFB20B9214840F2F141D9
:10828000EDF780FA2846FFF7D1FF05462046FFF7B5
:1082900009FDBD42064609D004D8194840F2F9410B
:1082A000EDF770FA2588ED0B02D02781BDE8F0814B
:1082B0006780204612F087FB074604EB40080DF06C
:1082C00019FB104B1A68B2420AD1C3F800800DF0B6
:1082D00017FB2A464046FF21BDE8F04114F0C4BC1C
:1082E000A6EB0806B5B20DF00BFB072DF1D9002364
:1082F000083D44F81730C8F80430A8F80250D5E714
:108300004C6F03008451002038B5FFF7BFFC0D46C9
:10831000044650B112F05FFB20B9044840F23651D8
:10832000EDF730FA023534F8150038BD4C6F030014
:1083300070B5FFF7ABFC0C4616460546B0B112F01F
:108340004AFB20B90D4840F24151EDF71BFA304687
:10835000FFF79CFC12F03FFB20B9084840F2425165
:10836000EDF710FA023425F8146070BDBDE87040D6
:10837000024840F24651EDF705BA00BF4C6F0300CA
:108380002DE9F843C41CA408274B64000434B0F55D
:10839000005F1E6881460F46A4B204D3234840F212
:1083A0007251EDF7EFF90DF0A5FA21490B688046FF
:1083B0007BB9204B1D68761BC6F34F06B44223D908
:1083C000002540460DF09CFA2846BDE8F843FFF72B
:1083D00053BC7FB1174A15685A1BC2F34F0294422F
:1083E000EED81448620005EB440404607FB91344DE
:1083F0000B600CE0F61AC6F34F067EB90B4840F24C
:108400008351EDF7BFF9DBE705EB44041C60002363
:10841000A5F80290AB80EB802B80D2E7B442CFD896
:10842000044A1568DDE700BF885100204C6F030047
:108430007C5100208451002038B505460DF05AFAD1
:10844000294604460022044812F0F2FA2046BDE80C
:1084500038400DF055BA00BF1A57002038B50DF05E
:1084600049FA00210546044812F03CFB0446284620
:108470000DF046FA204638BD1A570020024B1888E6
:10848000B0FA80F0400970471A5700202DE9F74FE5
:10849000044600881F46FFF7F9FB88461546064646
:1084A00012F099FA20B9404840F2DA61EDF76AF922
:1084B0003388DB0B009306D033892B4433810020B3
:1084C00003B0BDE8F08F2088DFF8E0B0FFF7AEFE24
:1084D00082463046FFF7E6FB01900DF00BFADBF821
:1084E0000020019B9A4281461DD1FFF73FFC854247
:1084F00004D948460DF004FA1A20E1E705EB0A0317
:1085000073803FB12088FFF775FE2A4641465044EC
:1085100014F0D0FB3046FFF7C5FBCBF8000048460F
:108520000DF0EEF9CBE70DF0EBF92088FFF77EFEBA
:108530002844009980B2FFF723FF06460028DBD0CD
:10854000FFF758FE81462088FFF754FE82462088B8
:10855000FFF76CFE51460246484614F0ABFB30462E
:10856000AFB1FFF747FE07462088FFF75FFE2A46B8
:108570004146384414F09EFB01212088FFF7C4FED9
:10858000012102463046FFF7D3FE268097E7FFF72A
:1085900031FE80462088FFF749FE2A46394640448E
:1085A00014F062FBE8E700BF4C6F03008451002029
:1085B00038B50C460546FFF739FE844203D304481C
:1085C0002D21EDF7DFF82846FFF714FE204438BDD3
:1085D000606F030070B506460D46FFF70BFE0446BC
:1085E00048B13046FFF722FE854203D302483521C9
:1085F000EDF7C8F8605D70BD606F030070B50C46A4
:1086000006461546FFF712FE844203D304483F2175
:10861000EDF7B8F83046FFF7EDFD00B1055570BD38
:10862000606F030001483321EDF7ACB8776F0300AA
:10863000036910B55BB18268064B9A4201D10020F4
:1086400010BD44690EF0B4F8201AF9D5F7E74FF0E1
:10865000FF30F5E72586010082684B4B9A422DE9F1
:10866000F041056804460E4615D121B1474840F255
:108670000F11EDF787F80DF03DF923691BB92B6851
:108680002BB924612C60BDE8F0410DF039B91A69AD
:1086900022611C61F6E70EF08BF88046EAF742FB98
:1086A00020B13A484FF49371EDF76CF86FF0004346
:1086B0009E4221694BD22B7B08EB0602002B4DD04A
:1086C000AB6893424AD1531C002949D06169994251
:1086D00042D01EB9521AB2F1004F3DD963612369ED
:1086E0006E689C4203D129489A21EDF74BF82F463A
:1086F0000023B4420BD0002B41D172696169891A01
:10870000B1F1004F32D83269944237462CD12269F8
:10871000BD420CBF6A603A617BB92669B44203D19D
:108720001A48B521EDF72EF83B46012E05D06269B7
:108730007169521AB2F1004F23D99D420BBF6B6889
:108740001A69236122610CBF6C601C6104E0434420
:1087500031B162699342C1D1BDE8F0811346B3E7FC
:108760006A6822616C60B9E71646C6E7A8EB0202A8
:10877000B2F1004FC7D93B4637463669B9E71F46C5
:10878000F9E733463669D0E725860100776F0300A5
:1087900082681C4B9A4270B50568044619D10DF0E9
:1087A000A9F8236923B1A34206D100222A601A61E5
:1087B000BDE870400DF0A4B81A4611461269A242F5
:1087C000FBD12A68A24208BF29600B610023236104
:1087D000EEE7036993B198426E6803D10A489A2183
:1087E000ECF7D0FF2B46B44209D122699D4218BF55
:1087F0001A614FF0000308BF6A60236170BD334601
:108800003669F0E725860100776F03002DE9F04314
:10881000174FDFF860808BB006460025BC7814B98E
:108820000BB0BDE8F083B7F800908EB90096B8F8A9
:10883000001023462A4603A812F018FA234603AA7A
:10884000314648460DF0ECFF2544EDB20437E5E72C
:108850002346494603A800220DF0D9FF01230093C7
:10886000B8F8001023462A4603A812F0FFF9EBE7F8
:10887000866F03001C5700200148FFF7E1BA00BFD4
:108880001C570020F7B51546174A044608461188BC
:1088900011B1164A1278CAB1D4B10022294603B0E8
:1088A000BDE8F0400DF0B3BF3A44D2B20436B77819
:1088B000002FF1D0B6F800C0AC45F5D184F001042A
:1088C00000943B4612F0D2F903B0F0BD084EEEE73B
:1088D0000246214628460DF0A3FF284603B0BDE816
:1088E000F0400EF036BB00BF1C570020562500207C
:1088F000866F030010B5074C238843B10020FFF7B3
:1089000085FF054B0020FF2220801A7010BD7020CB
:10891000FCE700BF1C57002056250020142810B586
:1089200018D8082805D10FF0E6FDC401E4B22046AE
:1089300010BD0E2802D10FF0E1FDF6E7064B53F80B
:108940002040002CF3D00A282478F0D105F0CEFC8A
:108950000443EBE7FF24EAE7B06F0300064A08236D
:1089600012F8011B814205D0013B13F0FF03F7D140
:1089700018467047012070470D700300064A08230F
:1089800012F8011B814205D0013B13F0FF03F7D120
:10899000184670470120704705700300014BB3F87B
:1089A00068007047D0500020004870473A510020BE
:1089B000014B1878704700BF1D5A0020014B1870FA
:1089C000704700BF1D5A0020184B022810B51870C0
:1089D00002D00438012819D8154B1B78042B03D07A
:1089E00014480021FFF738FE134B1B689A0019D575
:1089F00013F0805F0CBFBF24BC24204610F0EFF9B9
:108A000090B92046BDE810400EF0CAB90948FFF7FA
:108A1000BFFE0A48FFF7BCFE912412F07AFB10F06B
:108A2000D8F9EAE79024E8E710BD00BF215A0020FA
:108A3000225A0020E0220020004D00206C4C002033
:108A4000024B187800F00F00704700BF215A002039
:108A5000034B187800F00F00831E584258417047AE
:108A6000215A002008B512F03FFBA8B112F055FBC7
:108A700090B10A4811F0D1FF70B1094811F0CDFF53
:108A800050B10FF040FD38B110F0ABF920B9BDE89E
:108A90000840044812F0B0B9002008BD1E5700205D
:108AA000625700209051002030B5182293B0002169
:108AB000044614F0D9F8FFF7CBFF20B9114B1B780F
:108AC000033B022B1CD800216A460846FEF7A0FC97
:108AD000BDF8043023819DF80230A3729DF8003068
:108AE000E3722046002512F0B2FC257304F1140154
:108AF00004F1100012F049FDE081284613B030BDAA
:108B00009320FBE7215A002030B593B005460C4670
:108B1000FFF79EFF20B90B4B1B78033B022B0ED8AF
:108B20006A4600212846FEF773FC9DF80230237048
:108B300000209DF800306070A37013B030BD93200A
:108B4000FBE700BF215A0020054B1878012805D00B
:108B500000F0FD00A0F1310358425841704700BFBA
:108B6000215A002010B5FFF71BF90DF03BFE102035
:108B7000FFF7D4FE04060DD50020FFF7CFFE000658
:108B800008D5284BD3F8EC2012F0020F12D1B024F4
:108B9000204610BD1020FFF7C1FE01060ED40020B4
:108BA000FFF7BCFE020609D51E4BD3F8EC2012F0ED
:108BB000010FEBE7D3F8E8309B07E8D51A4810F02F
:108BC00086FF012011F04CFDECF752FF044600280F
:108BD000DED100F019F9154812F0E3F800F03AF987
:108BE000ECF72CFB0DF0FBFD08F030FD08F082FDEA
:108BF000F4F7D2FCF4F75AFCF4F774FC03F0D2FC5F
:108C00000FF07BFC0FF07CFC10F0EEF8084813F03E
:108C1000BBFC06F01FF910F0ACF80028B8D010F03B
:108C2000AAF8B5E70081E00F690345EC90510020F8
:108C3000D130020010B512F069FA70B301F04CFAAD
:108C400080F00104E4B20020FDF7F4FE44EA800461
:108C500024B212F049FA10BB02200443164812F065
:108C6000C6F844EA4014154812F0C1F824B244EAA8
:108C70000014134812F0BBF824B244EA80141148DF
:108C800012F0B5F824B244EA40240F4812F0AFF8CD
:108C900024B244EAC02080B210BD0124D3E70B48BF
:108CA00011F0BBFE0028D7D0094811F0B6FE80F0C5
:108CB0000100C0B24000D0E720230020042400209F
:108CC000044D002084230020E42300201E570020B0
:108CD0006257002008B500F0E7FFFDF795FA144849
:108CE00011F09BFE08B904F039FE124811F095FE10
:108CF00008B906F099F802F0EFFE0F4812F088F874
:108D00000E4B1B78043B022B09D80D4812F06FF86C
:108D100028B1FFF78FFF102801D107F087FB0FF074
:108D2000F4FB12F0F9F8BDE808400648FFF7CAB8AE
:108D30001E5700206257002090510020225A002028
:108D40000424002020700300014B1868704700BF06
:108D50002850002070B54FF6F773984286B004464D
:108D60000D4643D812F0DBF8A04207D12049082273
:108D7000284613F05FFF002006B070BD1D4EB6F808
:108D80006830A3420AD10022082106F16A0012F0DD
:108D900074F818B9082206F16A01E9E784B10023E2
:108DA000009301221946204608F0B2FBFF2811D19A
:108DB0002946204608F072FD80F00100C0B2DBE7D2
:108DC0000D4B1B689B07EAD4284606F099FC002847
:108DD000E5D0D0E702A913F078FA0028E8D1DDF851
:108DE0000D302B60DDF811306B60C4E70120C3E764
:108DF000985A0020D0500020004D0020014B1870E0
:108E0000704700BF2E25002010B50649064C098882
:108E1000204608237F220DF007FD204612F0B9F806
:108E200010BD00BF461C0300985A002013B513461E
:108E30000C461AB1022A0CBF134601230021044A32
:108E4000009201912246FEF77BFB02B010BD00BFED
:108E50009FB1020000B5002093B0FEF7F1FA1D4B60
:108E6000188813F092FB1C490020FDF767FE34229E
:108E70000021684613F0F8FE0B238DF800306FF4E4
:108E8000803301934FF6FE73ADF8103003238DF855
:108E90001D30124B0893124B0993124B0D93124B3A
:108EA000124A0E93124B0F93124B10685168109395
:108EB000114B119302AB03C300216A460846FEF72B
:108EC00087FD6A4601210020FEF782FD13B05DF8A0
:108ED00004FB00BFC2240020044C0300B593010032
:108EE00095AF0200D1BE01005D950100985A0020A7
:108EF000DDCD01009FB1020035BB010070B5044615
:108F000011F00BFC0422002106462046FDF70CFE62
:108F1000204411F002FC0322054600212046FDF703
:108F200003FE204411F0F9FB0540ADB24FF6FF738C
:108F30009D4213D1F30711D5062200212046FDF7EB
:108F4000F3FD204411F0E9FB074B1B88834214BF5B
:108F500002200620054B1B78184070BD20460EF0FD
:108F6000B5F8C000C0B2F5E7D4240020A05A002014
:108F70002DE9F84FDFF83C91804608460F4611F086
:108F8000CCFBD9F80030054643B9484B1B682BB9D8
:108F9000474B1B6813B9FF20BDE8F88F15F4406AF2
:108FA00005F0400610D13EBBB5F5804F53D24FF4CB
:108FB00080740023002B58D13C4A12688025002A77
:108FC00069D0002108465FE0F81C11F0A6FB4FF6BF
:108FD000FF73984214BF0124022486B1052605F4CC
:108FE0004043B3F5004F44F0080424D0B5F5804F5A
:108FF00023D244F4807420E054460326EFE7B5F50D
:10900000804F4FF00506F4D3BAF5406F14BF02202D
:1090100008203044384411F080FB834611F09CFF57
:1090200005F4404558450CBF44F0080444F00404DE
:10903000B5F5004F01D144F08004BAF5006F0ED1B0
:10904000B81911F06AFB054611F069FFA842B0D1CA
:1090500044F01004ADE7544603260220D9E7BAF5E0
:10906000406F08BF44F02004A3E7012B09BF104A5A
:10907000D9F800201268402518BF10259FE7A742A5
:1090800001F101010BD0C8B2CEB232F8167032F93C
:109090001660002EF3DA0133032B8BD17BE7B8F196
:1090A000000F3FF479AF88F8005075E7A051002019
:1090B000A45100202C500020034B1A78022A04BF30
:1090C00009221A70704700BFA25A0020034B0C22DD
:1090D0001A701A210022032001F066BDA25A002056
:1090E00070B5054638B90C4BBDE8704018780022C1
:1090F0001A2101F059BD094B074E1C78E1B21A291B
:10910000F1D825FA04F3DB0703D53078362201F0D5
:109110004BFD0134F2E700BFA25A00205825002081
:1091200008B5064B0C221A70002210461A2101F0D5
:109130003BFD034B00221A6008BD00BFA25A00206D
:10914000AC51002070B50E4B0C221E781A700546EB
:1091500030B930460022BDE870401A2101F024BD2C
:10916000084B1C78E1B21A29F3D825FA04F3DB077F
:1091700003D53622304601F017FD0134F2E700BF77
:10918000A25A002058250020024B0C221A700FF022
:1091900021BE00BFA25A0020F0B50C888BB0054656
:1091A0000E46E4B94FF6FF77ADF824700FF027FEB6
:1091B00010B902200BB0F0BDCDE90340CDE9054464
:1091C000134A0294B2F85C300193603200923B463D
:1091D00009AA4CF60101FF2013F001FA308028465D
:1091E00011F0B6FF0B4C70B1237863B1013BDBB2D9
:1091F0002846237011F0ACFF38B12078B0FA80F027
:109200004009C0B2D6E70523F2E70120F9E700BF25
:10921000D050002057250020034B1B68114603B196
:1092200018470DF0CCBD00BFAC510020024B0C2202
:109230001A7008F073BE00BFA25A00200148FEF762
:10924000FFBD00BF205700207FB506460C461546DF
:10925000FDF736FF00287CD1062E03D85223F340B9
:10926000DB071AD4B4F1006F05D3E30E1C3B032BCC
:1092700018D94F202BE0394B00221A60384B1E7052
:1092800011F01FFE03460A2E65D8DFE806F0361BF4
:109290004F5A1B2E221F47523F0001F0D5FFB4F159
:1092A000006FE2D22D4B00221A602D4B042E1E704F
:1092B000E6D12C4801F0DCF9022001F00FF911F0A1
:1092C00000FE034601220292274A05E0212004B055
:1092D00070BD01220292254A0192254A0092254A38
:1092E00029462046FDF730FFF1E7234A294620466C
:1092F00004B0BDE87040FDF70FBF204B204A29465F
:10930000204604B0BDE87040FDF7EABE002202929C
:109310001C4A0192164A00921B4AE1E7012202927E
:109320001A4A0192124A0092194AD9E70C4B0222BA
:109330001A7000221749104604B0BDE87040FEF7CD
:10934000C5B800220292144A0192094A0092134AB7
:10935000C6E74D20BBE70120B9E700BFAC510020B4
:10936000A25A0020A15A00204591010033B1020009
:10937000B59301008BB102002D92010021910100F3
:10938000199201008991010099910100E190010079
:1093900037B10200B9900100CD9001002FB1020059
:1093A00008B5FDF701FF024B0C221A70002008BD22
:1093B000A25A0020F0B585B0ADF8060018B965488E
:1093C0009021ECF7DFF9BDF8060011F0ECF9044646
:1093D000BDF8060011F0E7F9082846D00C2CBDF8BE
:1093E000060042D111F0CFFA074611F096F90DF1BF
:1093F0000F010646BDF806000FF072F8002879D07C
:10940000092200213846FDF78FFB9DF80F301033FD
:10941000C518BDF80600FEF709FFEDB2854269D216
:109420002946BDF80600FFF7D5F806F44C4416F4BB
:109430004066054614D0F81C11F06FF94FF6FF7323
:10944000984208BF44F04004B6F5006F08D1781D7B
:1094500011F063F94FF6FF73984208BF44F010040F
:109460009DF80F305BB3072D44D1BDF8060011F015
:1094700090F90446BDF8060011F095F9082817D0B8
:10948000A30615D524F0200189B2BDF8060011F01D
:109490006BF9BDF8060011F076FA00210922FDF7FC
:1094A00043FB00F11001C9B20DF1060011F0C5FB3C
:1094B000BDF806102848002211F0BAFA1AE0082D6B
:1094C00016D8BDB1013D072D14D801A353F825F0DE
:1094D0002D95010039950100F5940100F9940100E2
:1094E000F5940100459501006B9401004B95010036
:1094F0007C2D24D005B0F0BD24F48844A4B2B4F58A
:10950000084FF7D1BDF8060011F048F9BDF8061074
:1095100013F042F80028A8D0BDF8060011F096F923
:109520000022014602200EF08AFFE3E724F4806463
:10953000A4B2B4F5484F97E7B4F54C4F94E7B4F5AF
:109540004C4F92D04CF6500301E04CF640439C4205
:109550008AE700BF807003001E5700202DE9F0410C
:109560000F4690460646FEF745FE04463046FEF797
:109570005DFEC5B2083D2C44084BE1781970084BDC
:10958000A2781A70314643463A4600200DF095FB0A
:10959000003818BF0120BDE8F08100BFBD5A00208F
:1095A000BC5A002070B50B4B1C780B4B0022D5B277
:1095B000AC4202D80C70002009E01E88864202F1FD
:1095C000010205D30D701B881B1A5842584170BD0B
:1095D0001233ECE71B5A0020C85600202DE9F04F4B
:1095E000DFF84081DFF8409198F8002099F80030CA
:1095F0009A4285B0064604D343484FF48A71ECF78B
:10960000C1F80DF10F013046FFF7CCFF20B13E4805
:1096100040F21711ECF7B6F898F800709DF80F407B
:109620003D1B15F0FF0530D0384B394A1B781846E2
:1096300099F8003001214FF0FF3CA1400CFA03FCE7
:10964000002301F1FF3E01934FF6FF79C1F1000ABB
:109650009DF80430984243D812202E4B04FB0000A2
:10966000A0F1120105EBC5025200194404F10109F1
:10967000184413F0DFFA4FEA89092748A9F10401D9
:109680000144AA00484413F0D5FA224904EBC4026D
:1096900001EB420321F81260204A1278DA731A743F
:1096A0005A7412025A801E4A12781A7110225A7184
:1096B00000229A73C3F80620C3F80A20164B01371C
:1096C00043F824204FF6FF710D2088F800700EF04B
:1096D000B6FE0EB912F0C1FD204605B0BDE8F08F10
:1096E00013884B450AD053680AEA030B03EA0E03BA
:1096F0000B4403EB4B0343EA0C035360019B013320
:1097000008320193A4E700BF937003003A250020BC
:10971000504B0020C85600204C4B0020BD5A002062
:10972000A35A00201B5A00203825002010B5074CF2
:109730002046FFF72DF804F08FFA02F0BDFD204619
:109740004FF47A51BDE81040FEF786BFE0220020BA
:109750002DE9F0410B4B0C4E93F800800746002595
:10976000ECB2A04503D8FF242046BDE8F0810822D2
:10977000B11D384613F04EFA01350028F4D01236E8
:10978000EEE700BF1B5A0020C856002007B50DF1B8
:109790000701FFF707FF30B19DF80730034803EBDF
:1097A000C30300EB430003B05DF804FBC856002080
:1097B0002DE9F843294E33785D1E2D1A8342044665
:1097C000EDB204D8264840F23F11EBF7DBFF254A03
:1097D00092F800C0244A01231278A3405F1E4FF084
:1097E000FF3090403B44214A00214FF6FF7E6FEA54
:1097F0000308CBB29C4523D8BDB127B204EBC40407
:109800001B48640005EBC50204F11201014452003B
:10981000204413F00FFABF001648AA00391D014476
:1098200002F0FC02384413F005FA3378013B337040
:10983000BDE8F84300224FF6FF710E200EF0FFBD89
:109840001388734507D0536808EA03093B4003EBCC
:1098500059030343536008320131CAE71B5A002001
:10986000937003003A25002038250020504B00203B
:10987000C85600204C4B002010B50A4C207858B92F
:10988000094B1B781A2B03D908489421EBF77AFF70
:10989000074B03221A7010BD0138C0B2FFF788FFD2
:1098A000ECE700BF1B5A002038250020937003000E
:1098B000175A00202DE9F047054611F09AFCFF28C1
:1098C000044624D1DFF888901F4B99F800201B78BC
:1098D0009A422BD22846BDE8F047FFF77FBE388872
:1098E0003B79504518D86F2B4FEA131214D85B07F9
:1098F00010D0123708F1010899F800105FFA88F6C5
:10990000B142ECD8114A0023DEB28E4214D3204675
:10991000BDE8F087022AECD912F00CFE0028E8D14D
:1099200029463046BDE8F04711F070BC074F4FF0B4
:1099300000084FF6F77ADFE710798F2803F101036B
:10994000EED81232E0E700BF38250020C8560020CC
:109950001B5A00204FF6F773984210B514D8FFF742
:10996000A9FFFF2810D0134C00B200EBC00004EB9D
:1099700040040DF0CFFB104938B962880B7802EB38
:109980000313A3EB1213638010BD227C637C097860
:10999000E2739A422374617407D98B4203D213464F
:1099A0008B4228BF0B461B02EDE78A42F8D31346D1
:1099B000F9E700BFC8560020BD5A00202DE9F0414C
:1099C0000F4DDFF8408006460F46002498F800301F
:1099D000A34201D8BDE8F08108222946304613F0A1
:1099E00019F940B935F8063CBB4204D02046FFF7D0
:1099F000DFFE013CE4B20134E4B21235E6E700BF19
:109A0000CE5600201B5A0020F8B5054608460E46E3
:109A1000FFF79EFEFF2830D01D4B294653F82070DB
:109A20003046FFF7CBFF2846FFF744FFFF280446E8
:109A300025D112F09AFDFF280AD1164C207838B1B2
:109A4000EBF7FAFF2378B0FBF3F202FB1300C0B28E
:109A5000294611F0DBFB044623B20F4D03EBC30391
:109A600005EB430508223146A81D13F0E3F82B79D6
:109A700003F00F032B712046F8BD0027D3E7074BF7
:109A80001B78002B024B18BF002743F82070E3E738
:109A90004C4B002038250020C856002059250020B6
:109AA00038B50B4B1B78834204460D4604D8094851
:109AB00040F25B21EBF766FE074804EBC40400EBC1
:109AC000440029460822BDE83840063013F0B2B8F9
:109AD0003825002093700300C856002070B5044656
:109AE00008460E4611F085FBFF28054610D020469B
:109AF000FFF72EFEFF2807D0084B1B7823B9084B31
:109B000053F8202043F8252021462846FFF7C8FFB8
:109B100031462046BDE87040FFF750BF5925002070
:109B20004C4B00202DE9F8430026134DDFF85090F0
:109B300080460127344699F80030A34210D83E43AE
:109B40000134E4B21A2C4FEA470705F11205F2D1AD
:109B50000A4B1B784FF0FF3098403043BDE8F88344
:109B60002B884345EBD0284611F099FB0328E6D813
:109B70002B796F2BE3D8E3E7C85600203825002067
:109B80001B5A002010B5084C00EBC00004EB400449
:109B900023795B0707D1204611F081FB237923F05D
:109BA00007031843207110BDC8560020084B1878D1
:109BB000084B0022D1B2884203F1120300D870474B
:109BC00013F80D1C21F0100103F80D1C0132F1E710
:109BD0001B5A0020C85600202DE9F047DFF860909E
:109BE000DFF8608099F800400226122700250CE07B
:109BF00007FB05F3002138F803A0504611F064FB81
:109C000010B15CB1013CE4B2013599F80030EAB220
:109C10009342EDD8A34204D14FF6FF7A5046BDE8F7
:109C2000F087EBF709FF99F800301B1B012E90FB22
:109C3000F3F202FB1300C4B2EED00126D6E700BF58
:109C40001B5A0020C8560020F0B5134B1B7806465F
:109C5000FBB11248DFF84CC090F800E010480778DC
:109C600000251F44E8B2864501D80020F0BD7C1BCA
:109C700094FBF3F003FB10440CEBC4003CF83440BD
:109C8000B44204D1002AF1D184788C42EED001355F
:109C9000E8E71846EAE700BF3A250020EC4C002030
:109CA000195A0020504B002070B50CF085FD104E65
:109CB000104932880B7830809B1A03449BB21425DC
:109CC000B3FBF5F405FB14330B700B490B78E2B2D0
:109CD00093428ABF9B1A0023DBB20B700749032A09
:109CE0009DBF0B68D200D34000230B6070BD00BF46
:109CF00022570020A55A0020185A0020EC4C0020C2
:109D0000084B1868084B1B78C2B29A4208D2074B1E
:109D10001B78C0F30720984234BF00200120704711
:109D200001207047EC4C00203A250020A45A002066
:109D3000F8B505461746FFF7E3FF064610B9184B7E
:109D40001A783AB9212001224FF6FF710EF077FB05
:109D50000020F8BD1348DFF854C003780133B3FB8B
:109D6000F2F402FB143303700F48DCF8002020F8F3
:109D7000335000EBC30402F10132A1703846CCF835
:109D80000020FFF7CFFEE670606011F0C8F8A8422F
:109D900001D10120DDE7E3780133E370F9E700BF8B
:109DA0003A250020195A0020504B0020EC4C00208E
:109DB00010B50B4C0B4A2378063B13700CF0FCFCDF
:109DC000094B1880094B0A4800221A602278FF21AB
:109DD000D20012F049FF074B04221A7010BD00BFD9
:109DE0003A250020A45A002022570020EC4C0020E5
:109DF000504B0020185A00202DE9F84307460CF07C
:109E0000D7FC05461B4810F0F2FF1B4B60B31C68E3
:109E10003C1B2C44A4B2194BDFF868901B78184DFA
:109E200099F8006003EB830305EB430500225FFA1A
:109E300082F846450AD9AB88A34205F10A0016D933
:109E4000B21A0A235A43294612F0F4FE013689F861
:109E50000060AC80B8F1000F03D106483946FEF728
:109E6000FBFB2846BDE8F8831D603C46D3E7013282
:109E70000546DCE700230020B0510020A75A00204F
:109E800028560020A85A00202DE9F74F0CF090FC2E
:109E9000DFF8BC902B4EDFF8BC80317898F800E0FA
:109EA000294D1FFA80FC0746B9F80000ACEB00030F
:109EB0009BB200240093A0EB0C0001EB810305EBA7
:109EC00043037246A2460190A3465FFA84FCF44520
:109ED0001AD3BAF1000F00D03170724504D20020BD
:109EE00088F80020FDF79EFA98F800303BB33378ED
:109EF0001648C9F800700A2202FB0355A98803B06E
:109F0000BDE8F04FFEF7A8BBB3F804C00098844545
:109F100010D893F802C0A3F804B00CF1FF3C013153
:109F2000013A83F802C0C9B2D2B24FF0010A0A3333
:109F30000134CAE701988444A3F804C0F7E703B0EA
:109F4000BDE8F08FA75A00202856002000230020EB
:109F5000B0510020A85A00201FB51B4A1B4C137893
:109F6000013BDBB213702068616801AA03C221893A
:109F70001180174A127813440A225A4304F10A0145
:109F8000204612F057FE9DF8063013F00F010BD15A
:109F90001B09BDF8040008BF9DF80C10002204B096
:109FA000BDE8104002F0DEBCBDF80800FFF724FF5A
:109FB0008288ADF8082001AA034603CA12881860F7
:109FC00059601A8104B010BDA75A002028560020FD
:109FD000A85A0020F8B5094D094F0A4E00243B78D5
:109FE0003178E2B20B449A4204F1010400DBF8BD7F
:109FF0002846FDF725FF0A35F1E700BF2856002067
:10A00000A85A0020A75A0020F8B51E46114B074653
:10A010000D46104610491A78104B09781B780B44EE
:10A02000934206DB1F204FF6FF710EF008FA002066
:10A03000F8BDFFF7E1FE01350780857004460CF09E
:10A04000B2FB6623E080237200206672FDF7EAF916
:10A050000120EDE737250020A85A0020A75A00204C
:10A060002DE9F047DFF86880DFF8689098F8007015
:10A0700099F800501449844607EB050E00230A2284
:10A08000DCB274451DDA02FB04F6013331F806A098
:10A09000E24501EB0600F3D1631CAEEB03030A3685
:10A0A0005A43314412F0C6FDA5428BBF05F1FF357E
:10A0B00007F1FF3789F8005088F800700CB9034B9E
:10A0C0001C70BDE8F08700BF28560020A65A00206B
:10A0D000A85A0020A75A0020044B054A1B78127882
:10A0E000D3420CBF01200020704700BFA75A0020B8
:10A0F000A85A0020024B1878003818BF012070477A
:10A10000A75A002008B50A4B0A48002119700A4BCB
:10A1100019700A4B19700A4B1A7802EB820252002E
:10A1200012F0A2FDBDE808400648FEF731BB00BFB3
:10A13000A85A002028560020A75A0020A65A00201E
:10A14000372500200023002010B50B4C23784BB19D
:10A150000A4802F0F1FC58B1084B0121188810F0B0
:10A16000CBFF08B9002010BD054B01221A70FAE799
:10A17000FFF7F2FEEAE700BFA75A002028560020AA
:10A18000A65A002010B50E4B1B78BBB10D4C23888E
:10A1900083424FF0000311D10B4A2172137049B969
:10A1A000A3781033A37011F0BEFA18B9A37823F086
:10A1B0000F03A370FFF7D0FE012010BD1846FCE787
:10A1C000A75A002028560020A65A002010B50446A1
:10A1D00001460822094812F02DFD237B022B0AD8E4
:10A1E000002B14BF3122012205490B709423CB733D
:10A1F000044B1A7010BD00230122F5E72E570020F2
:10A200002A570020215A002070B5064692B00D460C
:10A210000020C97AFCF740F958B395F90A0010F00C
:10A2200037FE044638BB154BEA7A83F85820AA7AE1
:10A2300083F85A2001466A46FDF7EAF84FF6FE73A6
:10A240009E424FF0000118BF2B89ADF8066008BF91
:10A250004FF6FF736A460846ADF80430FDF7B8FBC9
:10A2600028B9074B2A895A80204612B070BD0224B3
:10A27000FAE78A24F8E78B24F6E700BFD0500020E5
:10A280002A570020014BD873704700BF2A5700207F
:10A29000014B1878704700BF2A57002010B5054CB5
:10A2A0002378112B03D00448DB21EBF76BFA412311
:10A2B000237010BD215A00209E700300064B1B78AE
:10A2C000042B014604D1054A137C053313747047EF
:10A2D0000348FEF7C1B900BF225A00202A570020C8
:10A2E0002023002008B50648FDF7AAFD0548FDF724
:10A2F000A7FD0EF0FFF8BDE8084000F0BDBF00BFAD
:10A300001E57002062570020064B1878332806D0CD
:10A3100000F0EF00A0F1430358425841704701207C
:10A32000704700BF215A002008B5084B00224FF6A5
:10A33000FE701A7010F0FFFD4FF6FF7010F018FE5F
:10A34000034BD87BBDE808400CF02ABD215A002001
:10A350002A57002008B5064B187838B10548FEF793
:10A3600067F94FF47A73B0FBF3F0C0B208BD00BFD9
:10A37000165A0020AC4C00202DE9F0438BB0074664
:10A380009DF84890154698460E4649B9104605ACCA
:10A3900012F011F9214612F0F1F8932818BF264661
:10A3A000B9F1000F0AD1124B1B781BB9284612F0E5
:10A3B0000FF9D0B9284608F00DFF02E0284612F048
:10A3C00007F980F00104E4B29DF8503002939DF843
:10A3D0004C300394CDE900932A4643463146384633
:10A3E00010F0C7FF0BB0BDE8F0834C46ECE700BFB0
:10A3F0001D5A0020014B00221A7470472A57002072
:10A4000008B5002009F0A8F8024B00225A609A60B3
:10A410005A8008BD2A57002010B5144B1B78033B07
:10A42000012B16D8124BB3F868204FF6FF739A42EF
:10A430000FD10320FEF7C8FA01F030FFFFF7E0FF6D
:10A440000020FBF7E5FF78B1BDE81040002010F0D8
:10A45000B5BAFEF7A9FA0446FEF7A0FA014620466F
:10A4600006F026FF0220E5E710BD00BF225A0020BB
:10A47000D050002008B5114A114BD8731378032B24
:10A480001BD0D3B1332B01D0432B10D10D4B1B78F4
:10A49000033B012B05D803231370BDE808400CF0E3
:10A4A0007FBC0CF07DFCBDE80840FFF7B5BF212361
:10A4B0001370BDE8084001F057BD08BD215A0020C7
:10A4C0002A570020225A002008B50348FEF760F9F9
:10A4D000FFF796FF702008BDAC4C002038B5114D39
:10A4E0002B78834218BF287004460EF080FC80B1A0
:10A4F00024B920460EF07DFC02220DE001200EF072
:10A5000078FC2B781A1F012A05D9062BF4D10322D7
:10A5100002E0002CF5D101220021BDE838400846B8
:10A5200010F056BE225A002030B585B00446684669
:10A530000D4610F008FF94B100212846144A11F08E
:10A5400043F8144B20681B788DF80430124B616877
:10A550001B788DF8053002AB03C305F0A7F80F4B4D
:10A5600093F8582093F85A308DF803208DF8023074
:10A5700010F0F2FCADF8000010F0D1FC1023ADF8A3
:10A580000600072269460020FEF77CF905B030BDC1
:10A5900000F8FF072E250020225A0020D05000206E
:10A5A00010B50F4B1A780F4B0446002083F8582043
:10A5B000FBF72EFF10B1002010F000FA0021084632
:10A5C000FFF7B2FF0EF005FC2046FDF739FA9B209D
:10A5D0000CF0E6FB044A00231380044A138010BDEC
:10A5E000A95A0020D0500020065700200457002010
:10A5F00010B5014604460020FBF74EFF90B10C4B0E
:10A600001B78023B032B0FD80A4B1C70FCF758FD3C
:10A6100060B9094A0949FCF759FF002814BFA12075
:10A62000002010BD8A20FCE77020FAE73D20F8E703
:10A63000215A0020A95A002085CE0100A1A50100C1
:10A64000F8B50646FCF73CFD044668B9FBF7E0FEAA
:10A6500050B1064D204695F8587085F8586010F0B6
:10A66000ADF910B185F858703D20F8BDD0500020EC
:10A670001FB50446684610F066FE9DF805305A1E68
:10A68000052A09D8054A9DF804101278914203D191
:10A690002370002004B010BD9320FBE72E2500207E
:10A6A0002DE9F041274B1D78022D80460E461746B6
:10A6B00006D0032D43D118B9234B1B689B073ED40A
:10A6C0003320FEF781F901F09BFAB6F1006F36BF37
:10A6D0001E4B05221A7831460620FEF7B5FD10F014
:10A6E000FF0425D11A4D01202C7300F021FE10F03B
:10A6F00033FC68802846B8F1000F0DD0022300F823
:10A70000043B10F0A4FE6C73AF73394630460DF075
:10A71000CFFE2046BDE8F081012300F8043B10F095
:10A7200096FE6C73AF73394630460DF0C0FEF0E70D
:10A730002846FEF749F9B8F1000FF4D0E5E7702498
:10A74000E7E700BF215A0020004D00205A250020D5
:10A750002A570020034B187818B9034B034A1B787B
:10A76000D05C7047205A0020225A002084710300D8
:10A7700038B5437BDB07044603D590F909000EF09A
:10A7800027FB104B002583F859502079FFF758FF1D
:10A79000FFF7E0FF6188248803462246284608F038
:10A7A000E1FE044620B19420FFF764FE204638BD48
:10A7B000054D06489423C821EB73FDF74DFF032395
:10A7C0002B74F3E7D05000202A57002020230020CC
:10A7D000F0B5184D93B00646A5F868000C4605F193
:10A7E0006A0709BBC5F86A10796000216A46084605
:10A7F000FCF70EFED5F86A30CDF8123000217B68E8
:10A80000CDF816306A460846ADF81060FDF7E0F85E
:10A81000B5F868004FF6FF73984203D014B10649AB
:10A820000DF049FE13B0F0BD0822384612F002FACE
:10A83000DBE700BFD05000203A5100202DE9F04165
:10A84000DFF8BC801F4698F8003005460C461646D7
:10A850001BB170252846BDE8F081531E052BF8D8A2
:10A86000FCF72EFC0028F4D13B7B032B14D14FF6D0
:10A87000FE739C4212D1012E09D0022EE9D110F0B4
:10A880004EFB4FF6FB73984203D810F048FB04468A
:10A8900004E010F0DAFFFAE7012EDAD0EDB939461C
:10A8A0002046FFF7B1FC05460028D3D198F80030C8
:10A8B000332B03D0532B1CBF0F4B98733046FFF73D
:10A8C0000DFE00214FF6FF70FFF782FF0B4B1B7848
:10A8D000002BBFD011F055FEBCE7397BCB1E59428F
:10A8E00006F1FF3259415042504105F0B7FE05468E
:10A8F0000028D4D0AEE700BF2A5700205B250020F7
:10A90000215A0020F0B51E46184B074687B00C466A
:10A9100001F1140051F8045B43F8045B8142F9D162
:10A9200009881980D4F80E00D4F8121023886D46D7
:10A9300003C5ADF8083023798DF80B3000238DF86E
:10A940000A208DF80C303A466B464FF6FE71012016
:10A95000FFF774FF40B96846FFF738FC2046FFF761
:10A9600007FF08B9024B1E7007B0F0BD3C5700202E
:10A97000B35A00201FB5144B1B88DB07044607D4CD
:10A980004FF6FF700021FFF723FF002004B010BD39
:10A990000A231A4601A90120FDF774FFBDF80C2017
:10A9A0004FF6FF739A42EBD00822FF2101A810F066
:10A9B00064FA0028E4D10CB90120E7E7BDF80C00E7
:10A9C00001A9FFF705FFF7E75657002038B50C46F9
:10A9D000154610F0B0FA03F02FF829462046FFF78D
:10A9E000F7FE00F09FFC48B1054BDB790E2B28BF2A
:10A9F0000E230133DBB2034A137038BD0123FAE79B
:10AA00003C570020C05A002038B51D46FFF716FFFE
:10AA10000446D0B92B7B032B284603D1BDE8384030
:10AA200010F048BDFFF7D2FB094B9C8110F055FA9E
:10AA3000084B01211A7881400620FEF705FC2546C7
:10AA400010F0FF041CBF044B1D70204638BD00BF32
:10AA50002A5700205A250020215A002030B5012015
:10AA600087B0FFF787FF154A0446516810686B46A8
:10AA700003C384B904F028FE02A810F064FCBDF8FA
:10AA80000E004FF6FF7522462946FFF79FFF0DF097
:10AA900016FD07B030BD0A4AD2F86A00D2F86E102F
:10AAA000B2F868506B4603C304F00EFE02A810F023
:10AAB0004AFCBDF80E006A46E6E700BF64320300B8
:10AAC000D050002037B5334B1B7804461BB170249F
:10AAD000204603B030BDFCF7F3FA0028F7D100F0B0
:10AAE00031FC14B12C4B22881A800DF10700FFF7BE
:10AAF000BFFD00284AD110F09BFC04460028E7D196
:10AB0000264D9DF80700FFF7E9FC2B78033B012B4E
:10AB100027D82046FFF72EFF18B3FFF79FFF01F05D
:10AB20001DF8FFF779FC012010F0A5F980BB1A4B46
:10AB30001B889A0707D51A490522012003B0BDE8F2
:10AB40003040FFF7ADBD174D02230B2229460120EF
:10AB5000FDF798FE2B885B07BAD5204601F012F866
:10AB6000B6E72B78053B012BB2D8FFF777FFFFF74D
:10AB700053FC2B78052B0CBF04200520FDF724FF88
:10AB8000012003B0BDE8304010F075B993249FE771
:10AB900004469DE7215A002056570020225A0020E3
:10ABA00000F8FF07025700202DE9F743694D6A4E70
:10ABB0000123074668486B738846144600F062FB21
:10ABC0000EF008F938B9012F01D9042F10D1214610
:10ABD00040460CF01BF91020002111F0F7FC002872
:10ABE00000F0B080002003B0BDE8F043FCF71ABCD1
:10ABF000002CF0D1594B1B78212B03D0062B01D010
:10AC0000532B02D101F0B0F9E5E7FDF79DFF0028D5
:10AC1000E1D000F087FB38B92B7B002B0CBFAB20B9
:10AC20009420FFF727FCD6E74D4B0193304600F008
:10AC300029FB20B14B4840F66901EAF7A3FD4549DD
:10AC4000307B01AA0EF0A4F895F80080B8F1000F4F
:10AC500003D14148FFF78CFDBDE7DDF8049010F00B
:10AC60005EF9737BDB07044603D596F909000EF005
:10AC7000AFF810F054F93C4B3C4F188010F06CF9D1
:10AC80003B4B1880FDF78AFE3A4B1880FDF78CFE8F
:10AC900008220146384811F0CDFF10F01EF9374B5D
:10ACA00018703079FFF7CCFC70880021FFF790FD19
:10ACB000FDF74AFF60B1631E9BB24FF6F6729342F6
:10ACC00006D910F0C2FDB7F8683083420446F8D0C8
:10ACD000204610F030F9308810F04AF9B7F86800D3
:10ACE0004146C847044608B918209AE7B7F86810E3
:10ACF0000FF093FD002387F859302B7803F0FB0306
:10AD0000022B02D0204610F024FB00231A461946DD
:10AD10002046FFF779F998B19423EB73184B1B7811
:10AD2000042B06D11748C821FDF796FC03232B748A
:10AD300051E714484FF41671FDF78EFC0023F6E737
:10AD400094206EE7FFF7D6F900287FF44BAF03B0ED
:10AD5000BDE8F0832A5700203C570020215A0020EC
:10AD60008DB402009E70030028570020D0500020B0
:10AD70002657002024570020AA5A0020B25A00204B
:10AD8000225A0020202300207FB5194E194D00249F
:10AD90003278E3B29A4201D804B070BDB5F86820A9
:10ADA0004FF6FF739A421AD0134B1B88DB0714D55A
:10ADB000124AB5F8683010685168ADF80C3001AB34
:10ADC00003C30A231A4601A90020FDF75BFD0C49C5
:10ADD00002230B220020FDF755FD0134D8E7074878
:10ADE0000022082110F049F80028F6D1DCE700BF66
:10ADF00039250020D0500020565700203A5100201D
:10AE00000257002010B500F0FBFE01F00DFCD8B198
:10AE10000E480F4CFDF7BCFC0E48017A0E30FFF7D0
:10AE200083FB23781BB100F00FFA002323700A4B39
:10AE300000221A73FFF7F0FA07F0C6F900F042FF9C
:10AE4000BDE81040FFF7A0BF10BD00BF20230020C9
:10AE5000B35A00203C5700202A57002010B525483F
:10AE6000FDF796FC01F0E0FB30B1234B1B781BB9DA
:10AE7000BDE81040FFF7C6BF01F0D6FB78B11F4C0C
:10AE8000237C83B11B48C821FDF7E6FB237C013BF3
:10AE900023740021BDE810400846FCF72DBBFDF7E8
:10AEA00053FE0028EBD1FDF74FFE154B1B7858B928
:10AEB000112B03D003F0FD03412B19D10F4BBDE83B
:10AEC0001040D87BFFF7D6BA332BF7D10D4B18883B
:10AED00010F031F80C4B188810F04AF80B4B0C4965
:10AEE0001888FFF775FC0B4B1878FFF7A9FBE5E70F
:10AEF00010BD00BF202300201D5A00202A5700202B
:10AF0000215A0020285700202657002024570020CF
:10AF1000AA5A0020B25A00202DE9F04F85B00F4602
:10AF200002AD044629463846914611F037FD4FF0F0
:10AF3000000B82463846CDF804B00FF024FD467869
:10AF4000022C804606F0020609D85CB1FDF7FCFD34
:10AF5000044600283CD1734B01241B7859E0043C83
:10AF6000022C2ED9FDF7F0FD38460FF085FC0024A9
:10AF7000DFF8B4A10546A04638460FF004FD50F8AE
:10AF8000093001930DF105000FF0C7FB9DF807B0E4
:10AF90000746B8F1000F09D0BAF1000F06D0624998
:10AFA0000822504611F036FE002851D1BBF1000FA7
:10AFB00034D14FF6F7739F4230D99420FFF75AFAF5
:10AFC00046E010F00FFAFDF7BFFD0446F8B15C460D
:10AFD0004EB1564B1B78012B02D0043B012B0BD8F2
:10AFE00005B0BDE8F08F4F4B1B782BB14F4B1B7852
:10AFF00003F0FB03022BF3D0BAF1000F404608BF69
:10B00000002511F0BEFC4FF001088246B4E7454B25
:10B010001B78002BF0D0002EEED1E1E7DFF8049191
:10B0200099F8003003B11EB314B3414B1B78022BC7
:10B030001ED1BBF1000F14D138460FF07CFF5846EB
:10B040005946FFF771FA07F0BFF899200BF0A8FEF8
:10B050000020FBF7DDF90028C2D000200FF0AEFC85
:10B06000BEE7FDF771FD48B13248FDF791FBA4E75B
:10B07000FDF76AFD10B1BBF1000FF5D1FDF764FDDE
:10B080000028E5D02846FEF763FBFF28DFF8A0A0E4
:10B09000294C03D09AF80030012B04D1B4F8680091
:10B0A0002946FEF7B1FCFEF76DFD2A46B4F868109C
:10B0B0003846FFF78BFC214B214A93F906301B02DF
:10B0C00013809AF80030012B18D0312B14BF432382
:10B0D00011238AF800301B4B16481968134CFDF7F2
:10B0E000BBFA00F03BFD99F800100023237439B936
:10B0F0001048FDF7B1FAAD23E373A9E71123E8E7A0
:10B10000B8F1000F03D016B1FFF77CFEF3E70E4B4A
:10B110001B78042BEFD107480521FDF79DFA092381
:10B120002374E8E71D5A0020985A00202A5700206F
:10B13000215A002020230020D05000203C5700201E
:10B140005457002040230020225A002070B50846A2
:10B150008AB00D460FF017FC092200210646FBF7C6
:10B16000E3FC044628460FF087FB0DF10703052298
:10B1700002A928460DF0A8F902281AD09DF8073038
:10B180001C44E4B204F110020023D2B2294601208B
:10B19000365D0BF092FD60B1022E0AD1064B1B7892
:10B1A000012B06D1054B187818B922462946FFF71E
:10B1B000B3FE0AB070BD00BF215A00202A570020FC
:10B1C000064B187040B1064B1B882BB14FF47A71B7
:10B1D00004485943FDF740BA704700BF145A002095
:10B1E000D6240020CC4B002008B5FDF7D1FA024B45
:10B1F00000221A7008BD00BF145A002084B010B598
:10B2000002AC84E80F000F4CBDF8082063889A4216
:10B2100004D00020BDE8104004B070470822211D72
:10B220000DF1160011F0F6FC02460028F1D10821BC
:10B23000201D0FF022FE0028EBD16088003818BFD7
:10B240000120E7E72A570020034A0448002313801F
:10B25000034A1370FDF79CBA58570020442300207E
:10B26000B55A002008B50348FDF792FABDE808403A
:10B27000FFF7EABF442300200148FCF7E1BD00BF0F
:10B280005857002037B5054698B10C4B1B7893B141
:10B2900000210B480FF0C6FB002401461623009442
:10B2A000224628460FF0E2FC064B20461C7003B0F5
:10B2B00030BD0220FBE77020F9E700BFB55A00203F
:10B2C00058570020B45A0020F7B5054618B3134C60
:10B2D00013482378124F0133002123700FF0A2FB93
:10B2E00000260146237819B9013B237001200AE0AA
:10B2F000F2B2934209D10024009416232246284634
:10B300000FF0B4FC204603B0F0BD38460FF0E0FB70
:10B3100001360146E6E70220F5E700BFB45A0020F7
:10B3200058570020014B1878704700BFB55A0020CD
:10B3300025289DBF024B187000200220704700BFD7
:10B340005C25002007B5012318460D220DF10701E9
:10B35000FDF798FA9DF80720024B1A7003B05DF8CC
:10B3600004FB00BFD824002084B010B502AC84E8F0
:10B370000F002548089C08220DF1160111F04AFC27
:10B3800038BB9DF815309B0705D4204B1B7803F084
:10B39000FD03312B23D11E496378097803F00F0296
:10B3A0008A4203D0012928D1022A18D12278B2B9C1
:10B3B0001B09022B13D194F90230002B21DB154B12
:10B3C000B3F86820BDF80A309A4208D1FEF79CFF16
:10B3D00006E00D48002208210FF04FFD20B90020A3
:10B3E000BDE8104004B070470B4BBDF808205B88E7
:10B3F0009A42C6D0002BC4D0F1E70229EFD1012A2E
:10B40000D3E70120ECE700BF2E570020215A00208F
:10B410002E250020D05000202A57002084B02DE98E
:10B42000F04F89B012AC84E80F00DFF84CC1504BEC
:10B43000BCF802009DF84D909DF95220BDF860E0E7
:10B440009DF865A09DF966509DF868709DF96A1099
:10B45000BDF848B09DF94E809DF850601B7810F003
:10B4600001042DD09DF86D00C0F34004C0F38000AE
:10B47000002B41D03F4B1B78012B00D1F4B1C0B160
:10B480009CF800301E335BB2AB42ACBF00250125F7
:10B490009845D4BF00230123AB4209D1914208DC77
:10B4A0000CD1B81BC0B280288CBF0020012000E066
:10B4B000284609B0BDE8F04F04B070470020F8E717
:10B4C000840718D5C3B1490814BF012000205208D1
:10B4D00014BF012300238342EBD1BB1BDBB2802BC3
:10B4E0000AD9BE42EAD1A84506DBE7D1D1452CBF37
:10B4F00000200120DDE70BB90120DAE7BE4216D0BB
:10B5000018AD0FCD02AC0FC495E8030044F8040B4E
:10B510002180DDE9160112AB0090ADF804100FCBCD
:10B520000DF02FFC0028E7D1BE42BAD1C1E7F345A8
:10B5300018D00DF1700B9BE8030018AC0090ADF82B
:10B54000041094E80F00FFF759FE0028D4D19BE8BF
:10B5500003000090ADF8041094E80F00FFF74EFED2
:10B560000028C9D1A845C7DBCAD1D145C4D3C7E794
:10B57000B55A0020215A0020D824002084B02DE99B
:10B58000F04F8FB06A4E18AC08AD84E80F00162259
:10B590000021284611F068FB33783BB90024654B45
:10B5A00032781B789A4239D2002726E06248DFF8C9
:10B5B000889100210FF036FA00270446B846002C87
:10B5C00045D13FB15C48224639460FF0AAFA33789C
:10B5D000013B33703378002BE0D05748DFF858B187
:10B5E00000210FF01FFA4FF0000980464F46CA466F
:10B5F000B8F1000F6CD1002FD1D01621002218A86D
:10B600000FF0F9F9014648B1002F00F08B804A484D
:10B6100022460FF034FA337801333370454B3278D9
:10B620001B789A4207D94448002201880FF079FA22
:10B630003378013B33703378012B03D13F494048C5
:10B64000FDF70AF80FB0BDE8F04F04B070470022D4
:10B650002146CDF80080162328460FF007FB16225E
:10B66000294618A811F0D6FA0028EBD09DF86420DE
:10B670009DF824309A4225D1BDF86020BDF82030D5
:10B680009A421FD108220DF12E010DF16E0011F02A
:10B69000C1FAB8B90DF1600CBCE80F0002AF0FC7DA
:10B6A0009CE8030047F8040B0EAB398013E9030054
:10B6B0000090ADF8041095E80F00FFF7AFFE0028EA
:10B6C000C0D02746214648460FF002FA044676E7E6
:10B6D000162300224146CDF800A028460FF0C6FAF6
:10B6E0000DF1600CBCE80F0002AF0FC79CE803002F
:10B6F00047F8040B0EAB398013E903000090ADF856
:10B70000041095E80F00FFF789FE074620B1B9F154
:10B71000000F04BF44468146414658460FF0D8F911
:10B72000804665E704483A460FF082F973E700BFA8
:10B73000B55A00205C2500205857002020BF020089
:10B74000442300202DE9F04F9FB010AF00210446A4
:10B75000162238460E91CDE90C11CDF83B1011F0B0
:10B7600083FA0DF11F03052216A920460CF0ACFE4A
:10B770000228804600F0FD8020460FF004F90646BE
:10B780000EF0CBFF8146F01C0EF0C7FFADF8400075
:10B79000701D0EF0C2FFB8F1010FADF84200204657
:10B7A00040F0EA800FF0EFF805462046FCF722FD56
:10B7B0000D352D1AEAB23B46214608200BF07DFAE2
:10B7C000002800F0D68020460FF0E2F8B8F1010F13
:10B7D0009DF84D30834640F0E88043F0010300259A
:10B7E0008DF84D3016AE04953388022B58D1F17880
:10B7F0000231C9B22046FCF7EDFE1B2850D1F1788A
:10B800000331C9B22046FCF7E5FE192848D1F1788A
:10B810000431C9B22046FCF7DDFE4A2840D14FF082
:10B82000050AF17801315144C9B22046FCF7D2FE35
:10B83000F17851448046C9B22046FCF7CBFE00EBBC
:10B84000082083B200F03F02932B059240F09C80C9
:10B8500096F80380D0445FFA88F808F10203DBB25F
:10B8600004930023049A009321460F230CA80FF0A1
:10B87000FDF908F11101C9B220460FF044FA08F1B0
:10B8800013010546C9B220460FF03DFAADF842005B
:10B89000059B023353445FFA83FA33795345C0D88A
:10B8A00006360DF17603B3429ED19DF84D20C5F3C7
:10B8B000C03363F3410220468DF84D200EF0FAFFAD
:10B8C0008DF8440020460EF0EAFF8DF84500204632
:10B8D0000EF0EAFF9DF832308DF84600C3F3C30244
:10B8E0008DF84720DDF83320CDF84E20BBF1190F3D
:10B8F000DDF83720CDF852208CBF9DF83E20002285
:10B900008DF8482003F003028DF84A209DF84D2061
:10B91000DB0963F382026A4B8DF84D201B78022B02
:10B9200058D1BDF840600FF017FB864252D108A8ED
:10B930000FF08DFDBBF1190F49D908220DF14E0111
:10B9400008A811F067F900283ED1B9F5004F02D0E0
:10B95000B9F5624F0DD125F4404540F6FF739D4285
:10B9600007D1002208210DF14E000FF086FA0028C1
:10B9700040D01FB0BDE8F08F0FF005F80546204617
:10B98000FCF738FC073514E7412B81D1F1780231FF
:10B990005144C9B22046FCF71DFE4A4B1B78C3F147
:10B9A000B30318448DF8490072E76FF30003F01DEC
:10B9B0008DF84D300EF0B1FE0CA9054620460FF073
:10B9C000ACFD0023049370E700F01CFDBDE700F020
:10B9D00019FDCEE7B9F5004F02D0B9F5624FC8D1D5
:10B9E00025F4404540F6FF739D42C2D1BBF1190FCB
:10B9F000BFD9B6E7BBF11A0F06D004991F313A46FA
:10BA0000C9B220460DF0C3F92F4C304D637BDBB13A
:10BA10002B78012B1DD1012323730CAB029314ACA3
:10BA200094E803000090ADF8041097E80F00FFF7CA
:10BA30009BFC90B194E803000090ADF8041097E8E7
:10BA40000F00FFF79BFD08E0FDF77EF80028DFD030
:10BA5000E1E703F0FD03042BDDD02B78012B01D0AF
:10BA6000042B86D11A4BDDF84E001B788DF822305E
:10BA7000BDF84030ADF820309DF84D30DDF8521063
:10BA8000C3F340038DF823309DF8313003F00F03EA
:10BA90008DF82C309DF848308DF82D3009AB03C35C
:10BAA0000C4B1B681BB1394608A8984761E79DF904
:10BAB00046209DF8451008A80BF093F959E700BF00
:10BAC000215A0020BC5A00202A570020A25A0020E8
:10BAD000BB5A0020A851002010B50AF069FE114B96
:10BAE0001B78022B1CD1104A1468A04218D00F49B1
:10BAF00010600A68121B10440D4A086012786AB17F
:10BB0000013A93403C2253434FF47A725343984294
:10BB100006D9BDE810400320FCF756BF0A23F3E71F
:10BB200010BD00BF215A0020F84C0020F44C00202A
:10BB300029250020064B1B88DB0708D5054B002272
:10BB400043F82020044A135C63F00F03135470473A
:10BB50005A570020C84B0020FC59002008B50AF0B5
:10BB600027FE034B1860034B00221A6008BD00BF7C
:10BB7000F84C0020F44C0020014B1868704700BFBF
:10BB8000F44C002008B50C48FCF702FEFCF760FFFF
:10BB900080B10A4B0322B3F8681001200DF015F9AB
:10BBA000074B05481B884FF47A715943BDE808409C
:10BBB000FCF752BD08BD00BF64230020D050002018
:10BBC000C0240020014B188000207047DC24002096
:10BBD000044A054B1870138823F0030318431080A0
:10BBE000002070475A5700202A250020034B188850
:10BBF000C0F30E00003818BF012070470257002024
:10BC000008B5FFF7F3FF30B10449002002230B22EF
:10BC10000880FCF737FE002008BD00BF0257002057
:10BC2000024B1888C0F30E00704700BF0257002077
:10BC3000084A094900231370084A1370084B094A3F
:10BC40001B7843F004031380012002230B22FCF72E
:10BC500019BE00BFB85A002002570020B75A002072
:10BC60002A2500205A57002030B585B00024114DF8
:10BC7000019401210B2300918DF80C308DF80D00FB
:10BC80000323B5F868008DF80E4003AA10F016FEE5
:10BC900068B1B5F868100FF022FD40B1064B0748B7
:10BCA00005221A70064B64211C70FCF7D5FC05B008
:10BCB00030BD00BFD0500020B75A002084230020A0
:10BCC000B85A0020064B1B78033B012B06D8054BC6
:10BCD0001B781BB9044B1878FFF7C6BF704700BF2D
:10BCE000225A0020B65A00202925002008B5154800
:10BCF000FCF74EFD144B1978F9B9144A13787BB14F
:10BD0000013B1370124B1B78042B02D10846FBF742
:10BD1000F3FBBDE808400B484FF49671FCF79CBC60
:10BD20000C4B1B8803F00303022B0AD1BDE808402B
:10BD3000094903220120FEF7B3BCBDE80840FFF724
:10BD4000C1BF08BD84230020B85A0020B75A002084
:10BD5000225A00200257002000F8FF07084B1A78EB
:10BD60005AB1013A022393404EF660225343032115
:10BD70000448B3FBF1F1FCF76FBC42F21073F6E735
:10BD8000292500208423002070B505461748FCF7BC
:10BD9000FFFC174B012228461A7010F0B3FD411C1E
:10BDA0000446C9B22846FCF715FCA11C0646C9B2D8
:10BDB0002846FCF70FFC0F4C022320800B22214663
:10BDC0000020FCF75FFD86B9238803F00303022BF4
:10BDD00003D1FFF7C3FEFFF7C1FF23885B0704D53C
:10BDE000BDE870400448FFF7CDBE70BD842300203D
:10BDF000B85A002002570020642300202DE9F041AA
:10BE00001A4C238886B005464BB3DFF868800021C2
:10BE10004FF4807010F0ADFB98F80030DB071CD5B4
:10BE200001212088FCF770FA074620880EF0ABFD50
:10BE300002300EF072FC03A90646208810F04CFE7A
:10BE400098F8003013F0020F18BF002500953B460C
:10BE500003AA314606200AF00BFF00232380044882
:10BE600006B0BDE8F041FCF793BC00BF5E57002070
:10BE7000A4230020B95A002010B50446CA20FFF7B9
:10BE8000BDFF01214FF4807010F073FB58B1064BD9
:10BE900006481C80064B00221A70064BBDE8104075
:10BEA0001988FCF7D9BB10BD5E570020A4230020E1
:10BEB000B95A0020C2240020044A137818B943F06C
:10BEC00001031370704743F00303FAE7B95A0020E7
:10BED000044B1B781BB9044A1380FEF735B90020C8
:10BEE000704700BFA65A00205C57002030B501F013
:10BEF000400387B0002B4FF00402054614BF012415
:10BF000000248DF80C208DF80D1004D004A910F039
:10BF100056FB18B304ABCDE9004303AA0223012169
:10BF2000284610F0CBFC0446D0B10E4BB3F8681095
:10BF30000EF073FC4FF6F7739D420AD900233222AC
:10BF400002212046FEF760F880F00100C0B207B081
:10BF500030BD294620460FF0C2FBF5E70120F6E789
:10BF60001820F4E7D050002010B5FFF749FE04F088
:10BF700097F90FF0E6F9002010F013FBFBF7A0F89B
:10BF800008B1FDF70DFA1F4C2378532B10D1032372
:10BF90000021012023700FF065FA0020FAF738FA2B
:10BFA00010B100200EF00AFDBDE810400CF011BFEA
:10BFB000062B01D0212BF0D101200FF01FFA4FF6F4
:10BFC000FE700EF0B8FF4FF6FF700EF0D1FF0020AC
:10BFD000FEF77AFA0020FEF781FAFEF711FA00F078
:10BFE00009FB0CF0F9FE2378212B02D1FEF79CF916
:10BFF000D3E70020FCF7E8FC00214FF4004010F0EC
:10C000009FF8CAE7215A002010B50A4C0A48FCF7ED
:10C01000BFFB2378062B02D101200FF0EFF9237824
:10C02000062B01D0532B03D1BDE81040FFF79CBF76
:10C0300010BD00BF215A0020C42300202DE9F04785
:10C04000DFF8C08004460E461746FFF7D9FD98F882
:10C05000005015B97020BDE8F087212DFAD028488E
:10C060000EF0C5FE0028F5D114F02004DFF898A0EA
:10C07000DFF8989005F00F05394630461BD00CF0DC
:10C0800019FA012D8AF80070A9F8006029D121233E
:10C0900088F80030FFF768FF0020DCE7212388F8EC
:10C0A0000030FFF761FF00214FF6FE70FEF790FBB6
:10C0B000FEF76AFEF0E70CF0FCF9012D8AF800703B
:10C0C000A9F80060EAD0062321464FF6FD7088F8F3
:10C0D0000030FFF70BFF0A4840F22621FCF7BCFABC
:10C0E000E1E7532321464FF6FD7088F80030FFF753
:10C0F000FDFE034840F22621FCF7AEFACCE700BF74
:10C10000C4230020215A0020BA5A0020DE24002037
:10C11000F8B50D46511CC9B206462846FCF75AFA36
:10C12000044628460EF02FFC054602300EF0F5FAC4
:10C13000164B1B78022B074602D0043B012B23D859
:10C14000134B1B68580201D5A1061DD562061BD5ED
:10C15000104BB3F86830B34216D16B781B070FD57C
:10C16000284610F00EFC0C49082210F053FD58B977
:10C17000314604F020000122BDE8F840FFF75EBF21
:10C180000EF0CDFEB842F3D0F8BD00BF215A00201A
:10C19000004D0020D0500020985A002073B504466E
:10C1A0000D4610F008FAFF28034625D0134A1278EE
:10C1B0004AB1134A32F81020520404D510F0E0F9C5
:10C1C000002002B070BD184610F0EDF96946064631
:10C1D00010F0F5F940B1FCF7EBFB28B10023022287
:10C1E0006946304605F00AF845F04001204602B0A5
:10C1F000BDE87040FFF77ABE0120E2E71D5A00203B
:10C20000FC56002038B505460EF0BDFB0446284616
:10C2100010F078FB411CC9B22846FCF7DBF9420656
:10C220000DD563781B070FD5204610F0AAFB0146F9
:10C23000002010F0BEF9BDE8384010F0A1B9BDE80B
:10C2400038400248FFF7E0BE38BD00BFC4230020DD
:10C2500038B54FF6FF75A842044617D00EF07CFEA5
:10C26000A04213D00A4B19884FF6FD7291420DD9A6
:10C27000084A1288AA4201D0A24207D11C8006486F
:10C28000BDE838404FF47A71FCF7E6B938BD00BF1D
:10C29000C8240020E02400208C4C002008B504486D
:10C2A000FCF776FA034B4FF6FF721A8008BD00BF09
:10C2B0008C4C0020C8240020024A13780BB1013BAB
:10C2C00013707047125A002008B50EF051FE064B4D
:10C2D00000214FF6FF7208461A80FEF725F9BDE8E7
:10C2E00008409A200AF05CBDC824002008B5FCF77D
:10C2F0004FFA0A4B1B78023B032B08D8084A1088D8
:10C300004FF6FE7398424FF6FF7301D1138008BDBC
:10C310009842FCD0BDE80840FFF7D6BF215A002064
:10C32000C824002010B5084B1B78042B0AD00EF04F
:10C33000F6FD0021044608460FF027F9231A58425B
:10C34000584110BD0020FCE7225A0020F0B589B00A
:10C3500000260546CDE90566ADF81C6010F0D2FA5E
:10C360000A23024604460096294605A80EF07EFCE4
:10C370009DF815309DF814701F2B27D803A80FF0D7
:10C3800066F808220DF1160103A810F043FC0646DA
:10C39000E0B9092F1CD1FFF7C5FFB8B1154B1B78C9
:10C3A000A3B1154B1A884FF6FD739A420ED9134C60
:10C3B000134A23780433DBB223701278013AB3EBCB
:10C3C000820F03DD58B20AF04FFE267009B0F0BDAF
:10C3D00004F10A01C9B22846FCF7FCF80FF003F992
:10C3E00004F10B01C9B228460EF08DFCFFF730FFB7
:10C3F000ECE700BF3D250020C8240020125A002091
:10C400002825002038B5134B1B78033B012B20D97E
:10C41000114B1B784FF6FF71ABB1104D2B888B423F
:10C4200017D10EF099FD4EF6602104460C48FCF73A
:10C4300013F94FF6FE732B8022460021BDE83840E9
:10C4400009200FF0DEB8074A13888B421CBF013366
:10C45000138038BD225A00203D250020C82400202A
:10C460008C4C0020FE56002008B50448FCF790F9DB
:10C470000021BDE808400846FBF73EB8E423002051
:10C4800010B5044661B1FF210EF01EFA00212046CE
:10C490000EF020FA0EF0E2F8014620460EF020FAE7
:10C4A00021460348BDE8104000220EF0C1BA00BF8B
:10C4B000625700202DE9F0410D46174604460EF064
:10C4C00062FA0678284606F003FE29468046204692
:10C4D0000EF0A3F90EF023FDA84206D1204601215B
:10C4E000FFF7CEFF0120BDE8F0812846B8F1000F2C
:10C4F0000BD006F06FFE58B915493A462046097828
:10C50000BDE8F0410023FDF77FBD10F061F8F2E7D0
:10C5100006F00306012E08D00EF001FD002322468E
:10C52000294602F0D3F90028D8D120460EF031F97F
:10C53000430505D520460021BDE8F0410EF0DCBDE5
:10C54000204610F023F8B0FA80F04009CBE700BF96
:10C550002725002010B586B0044610F0D3F9104B03
:10C560000246186819790290D3F805005B7A8DF8B5
:10C570001430013200238DF80C10049000932146F2
:10C580000523D2B204A80EF071FB052204A902A86B
:10C5900010F040FBB0FA80F0400906B010BD00BFBB
:10C5A000AC70030008B511480EF000FC104B1B786E
:10C5B000012B06D8FF200FF0BCFFFDF7F9FB0FF0B1
:10C5C000D7FFFDF759F901F0D1FCFFF731FB10F06F
:10C5D00016FB07F001FBFDF795FD07F035F90BF0B1
:10C5E0006BFFBDE8084002F06FBC00BF9051002017
:10C5F000F659002008B5F0F7BFFFFF2803D0094B1C
:10C600001B78012B06D900200FF093FFFDF7D0FB1C
:10C610000FF0AEFFFDF730F901F0A8FCBDE80840CF
:10C6200002F052BCF6590020064B1878112806D0AB
:10C6300000F0FD00A0F1410358425841704701202D
:10C64000704700BF215A00202DE9F8430446FDF74A
:10C6500057FB18B100263046BDE8F8831A4BB3F8F3
:10C6600068104FF6FF784145F4D020460EF0D5F81B
:10C67000164A0123128802212046FDF7C5FC064612
:10C680000028E7D020460EF07EF990F80790054686
:10C6900004300EF042F807460EF041FC49460246CF
:10C6A0003846FDF745FBA81C0EF037F8404502D18F
:10C6B0002046FFF7E1FB2B789B07CCD101212046D8
:10C6C000FFF7DEFEC7E700BFD05000206057002014
:10C6D000F8B507460EF057F9054604300EF01DF880
:10C6E0000646A81C0EF019F8044630460FF063FF0A
:10C6F000304606F0EDFC2B789B0701D10EF00FFCC5
:10C70000AB790BB90320F8BD0EF009FCA0420CD1A7
:10C710000EF005FC0446094B21461A783846FFF70F
:10C72000C9FE0028EED00020EDE7054B1B78052B55
:10C730001CBF044BB3F86840EDE700BF6057002012
:10C74000225A0020D05000202DE9F0410646104624
:10C750000D4610F0D7F8A0F11004E7B256FA84F4B1
:10C76000EA1B214604F10E0010F064FA2823F35569
:10C77000DFF8408098F80030637301F009FC611C19
:10C78000024601200DF0CFFF09490822601D10F07C
:10C7900051FA98F800000FF02FFD05F10E01304618
:10C7A0003B460022C9B201F09FFC1220BDE8F08197
:10C7B000985A00201C5A00202DE9F04F87B00446FB
:10C7C0000EF0E1F8064620460EF040F80746301D10
:10C7D0000DF0A3FF8146B01C0DF09FFF384696F880
:10C7E00007A00FF0F7FE33789A0769D1214604209D
:10C7F00001F082FD002863D0204610F083F8014646
:10C800002046FBF7E7FE83075AD1204610F07AF85E
:10C8100001462046FBF7DEFE10F0030303934FD1E1
:10C820002046FFF797FE00284AD0204610F043F933
:10C8300000F1010B05462046FBF7F8FC5FFA8BFB85
:10C840000BF10A03834264DA334A1068516804AB7F
:10C8500003C3A91CC9B22046FBF7BCFE594680465B
:10C860002046FBF7B7FE05F10B0100EB08201FFA8D
:10C8700080F8C9B22046FBF7ADFE039B0093EA1C8B
:10C880000823D2B22146834604A80EF0EFF92046D1
:10C890000DF0DCFF5A4641460CF0A5FA012204A92E
:10C8A000404601F089F9A0BB022007F039F90220C7
:10C8B00007F036F9013003D104A94046F0F74EFDE8
:10C8C0000EF02DFB48453A46514607D10EF01DFDAE
:10C8D000F8B907B0BDE8F04F0EF0B6BF48460EF00D
:10C8E00014FDB0B90D4B1B781BB9394648460EF004
:10C8F000CEFE3A4651464846FDF71AFA48B131781D
:10C9000011F0030105D1204607B0BDE8F04FFFF755
:10C91000B7BD07B0BDE8F08F64320300185A00209D
:10C9200038B50F4D2B78023B012B15D80CF05DFA72
:10C93000044698B9FFF7D0F82B78032B214604D191
:10C9400001200EF08FFD012038BD2046FAF7D4FDFE
:10C95000003818BF0120F7E79320F5E77020F3E7D0
:10C96000215A00202DE9F74306460D4614460DF0E6
:10C970001AFF0C28304645D10EF005F80922002197
:10C98000FAF7D2F800F11001C9B23046FBF722FEE7
:10C99000042813D07C282BD0012840F0A78045B96B
:10C9A000132130460EF0AFF903B0BDE8F0430EF0AE
:10C9B000DFBA03B0BDE8F043FDF71CBD594B1B784F
:10C9C000022B40F0938045B9FFF72AF9C3070AD537
:10C9D000FFF7C4F8002C08BF3125284603B0BDE896
:10C9E000F0430AF04DBAFFF701F90028F0D0F1E763
:10C9F00001213046FBF788FC294603B0BDE8F0432F
:10CA00000AF0E9BA0DF0BFFF804604300DF085FE54
:10CA1000074608F102000DF080FE4FF6F7739842CA
:10CA200004460CD8404A138801339BB213800BB9DB
:10CA30003E4A13801DB13D4A13880133138098F894
:10CA4000009009F00309B9F1010F1DD130460FF034
:10CA500059FF01463046FBF7BDFD0B2809D00D28D4
:10CA600007D0042842D1304603B0BDE8F043FFF7B9
:10CA7000C9BB2F4B1B78042B38D10021084603B0CB
:10CA8000BDE8F043FAF738BDB9F1000F2ED12946C1
:10CA9000304603F0E1FC4DB34FF6F7739C4225D8C6
:10CAA00098F8016016F00406204622D10FF051FDDF
:10CAB000054620467DB10FF08BFD034600BB00907C
:10CAC0000C22214638460EF055FF0C22002300931D
:10CAD0003946204608E00FF07BFD0346C8B9154AE9
:10CAE00000901278214638460EF044FF03B0BDE8AE
:10CAF000F0830FF06DFD034678B900900B22F1E74B
:10CB0000062200963346214638460EF033FF0622B1
:10CB1000DCE700952B460622E4E7CDF800904B4673
:10CB2000F9E700BF215A00200657002004570020D3
:10CB3000225A00205E2500202DE9F04F05888BB099
:10CB4000044628460DF01FFF074604300DF0E5FDB2
:10CB50008246B81C0DF0E1FD05A9804628460FF07D
:10CB60001DFF28460FF0CEFE014606462846FBF77D
:10CB700031FD3B78009003F00303012B0CBF83468B
:10CB80004FF0FF0B09F00FFEE3880293637A0190E8
:10CB9000D90700F186800EF0C2F9A0EB0A02D2F1AB
:10CBA000000949EB0209FB790393504600F066FF48
:10CBB000002879D1404600F061FF002840F08B80CA
:10CBC000FDF766FB8046FBF7BFFF10B9FFF72CFDB2
:10CBD00030B1A8F104085FFA88F8B8F1020F1BD948
:10CBE0000BF0FD03042B00F0B680FFF71DFD20B114
:10CBF000009B03F00303012B0ED0FBF729FF28B99C
:10CC0000724B1B7803F00F03062B6BD1704B284639
:10CC1000B3F868100DF001FEBBF1010F66D1284694
:10CC20000DF0E5FD4FF6FF73984240F0948000232D
:10CC300007AA314628460FF094FC0746002845D045
:10CC400042799DF82530934209D9711DC9B2284611
:10CC5000FBF7D4FCA37823F00F030233A370E8F7AB
:10CC6000EBFE7E23B0FBF3F202FB130303F58073AC
:10CC7000A3809DF8263013F0180F0AD0A3781B0765
:10CC800007D1B9F1000F04D17A7905A950460AF00D
:10CC900018F99DF82700003818BF01200BB0BDE837
:10CCA000F08F4FF001097EE728460DF06CFE023050
:10CCB0000DF033FD4FF6F773984207D9039B2BB95C
:10CCC0002846FFF747FC00287FF474AFA37823F0D1
:10CCD0000F03A37008E040460FF07CFC00287FF4AF
:10CCE0006FAFF3E72823A3800020D7E7BBF1020F43
:10CCF00054D1012307AA314628460FF032FC804662
:10CD00000EF00DF9BDF8223098421FD1B8F1000F96
:10CD1000DCD0B8F802300122314628460FF01FFC63
:10CD20002C4A13780133DBB2FB711370B8F8023070
:10CD3000BDF81E209A421FBFA37823F00F030233D1
:10CD4000A3704FF4C873A3800120A7E718460FF023
:10CD500041FC0028DAD128460DF049FD0EF0D2F84A
:10CD6000012808BF1C4BA27801BF1B7803EB83038B
:10CD700003EB83039B0006BFFA339BB2FA2312092D
:10CD8000A4D1DDE90121521A92B293429ED3E8F771
:10CD900053FE00F01F001030A080D5E7BBF1030F59
:10CDA000D9D1B9F1000FD6D0711CC9B22846FBF712
:10CDB00011FC0C28CFD1FCF70FFF4FF6FF73984200
:10CDC0000146C8D028460DF028FDC4E7215A0020AE
:10CDD000D05000201F5A0020372500202DE9F041B7
:10CDE00005460C460DF0DFFC082802D10120BDE805
:10CDF000F081201D0DF091FC0646284694F807802E
:10CE00000DF024FD074628460DF0C3FC010612D59F
:10CE1000184B1B78042B0ED1174B1B78022B0AD111
:10CE2000164BB3F868204FF6FF739A4203D00021E7
:10CE30000846FAF761FB124B1B78002BD6D1A01CD9
:10CE40000DF06BFC4FF6F773984202D86378DA075F
:10CE50000DD523789B070AD13A46414630460EF05D
:10CE600054FA80F00100C0B200F00100BFE70120D9
:10CE7000FAE700BF225A0020215A0020D05000209B
:10CE8000BF5A00202DE9F04F9BB004460DF08BFCFB
:10CE9000054620460DF087FC08284CD12046ADF809
:10CEA0005840FBF7C3F9BDF85820A0F11005EDB2CA
:10CEB00010461023009500210DF012FF294616A8F8
:10CEC0000DF0BBFE2046FBF795F905462046FBF723
:10CED000ADF9C1B22846FCF711F8ADF85A408DF80B
:10CEE000590048B92046FBF785F901460DF1590074
:10CEF000FCF73EF88DF85800BDF8582048F20103C1
:10CF00009A4202D120460BF0D9FA9DF85930402BB5
:10CF100005D120460BF0D2FA1BB0BDE8F08F802B74
:10CF200003D016A80AF071F8F6E716A80BF055FF23
:10CF30000028F6D0F0E720460DF075FCB0F5006F44
:10CF400040F0FE8020460DF081FC0646042D40F0A6
:10CF5000FA8020460DF01DFC80F40060C0F3C02074
:10CF60000022314640000BF06AFA914B1A78022AEF
:10CF70000DD0FFF759FB50B902F0FD03312B06D05D
:10CF8000043A012A03D98B4B1B78002BC4D02146CD
:10CF9000022001F0B1F905900028BDD02046ADF87F
:10CFA00042400DF0F0FC0446BDF842000DF04EFC8E
:10CFB0000546201D0DF0B1FBA31C834618460893BF
:10CFC0000DF0ABFB11A90746BDF842000FF0E6FCDF
:10CFD0002378069003F0030ABDF8420063780993B2
:10CFE0000FF090FC63780D930646284606F070F823
:10CFF000BAF1010F0CBF032302230F936E4B0E9067
:10D000001D80237803F03C030CBF4FF00B084FF05A
:10D010000A08082B80D1BDF84200FBF707F9B0429F
:10D020007FF67AAFBAF1010F03D023789B077FF424
:10D0300073AF624BB3F86830AB420DD1604A614BBD
:10D04000B2F9001093F90030002900F0A18001EB43
:10D050000313A3EB21131380A6F11003DBB20B9390
:10D060008DF84130BDF842100DF1410310224046C9
:10D0700009F023FE00283FF44FAF099B13F0020391
:10D080000A9300F00C81504B1B78002B3FF444AF07
:10D09000BDF8428040460FF035FC4FF00009079084
:10D0A0004046CDE91699CDF86090ADF864900DF04A
:10D0B000CDFB079B039003F10E0189B240460FF0B0
:10D0C000F4FB00286ED00E23079ACDF8009041465D
:10D0D00016A80DF0CBFD0DF1590101200DF031FB2B
:10D0E0009DF8653004939DF858300C90282B59D149
:10D0F000364908220DF15D000FF08CFD002851D05B
:10D1000004980FF079F8002866D1314B049A1B7807
:10D11000D31A1C0646D404F0BFF801283AD12D4E8C
:10D1200009F046FB3468054624B104F0BBF82C1B1B
:10D13000844237D3002108460EF094F9356031E07F
:10D140004FF6FD7602E74FF6FF70301A18BF012048
:10D150000022314640000BF072F90C2D0DD1214612
:10D16000012001F0C9F800283FF4D6AE2146002086
:10D170001BB0BDE8F04FFDF7E9BF2DB920461BB04D
:10D18000BDE8F04FFEF7DEBA042D7FF4C5AEECE645
:10D190001B0260E704F080F8022803D104F05EF877
:10D1A0000028BCD00399002219200BF048F9B3E6FF
:10D1B000215A0020BF5A00207E570020D050002066
:10D1C00054570020BC5A00201D5A0020985A0020B5
:10D1D0001C5A0020BC51002001230093079A4B46A3
:10D1E000102140460EF047FE0028DBD0BD4B049ACC
:10D1F0001B78934240F0A88003990DF15D0213A8BB
:10D2000005F04EFF012113A805F0BAFF48F2030113
:10D21000814613A806F028F8B9F1000F03D00821C1
:10D2200013A80BF0A1FD40460FF08AFB03990DF106
:10D230005D0006F009FAFE288146B3D0FF280AD126
:10D2400003980DF0D6FFFF28814600F085800DF190
:10D250005D01FCF725FCA34B049A1B78934200F078
:10D26000A1800C99484606F0D5F900283FF454AE49
:10D2700048460C9906F0E0F9237898070FD140460C
:10D280000FF040FB01464046FBF7A4F900F0030015
:10D29000012804D103980DF15D01F0F75FF8BDF8A6
:10D2A00042000DF076FA010440F1838020460DF033
:10D2B00034FA40F4007189B220460DF030FABDF81E
:10D2C000420000224FF400410DF054FADDF81480C2
:10D2D000BDF842100F980DF14103102209F0EDFC4A
:10D2E00000283FF419AE032866D120460DF015FA48
:10D2F00040F4007189B220460DF011FA28460FF073
:10D3000069F9002840F0BC80DDF81480BAF1010F03
:10D3100040F0BC80BDF84210032000F0EDFF002873
:10D3200040F0B4803146BDF84200FBF753F90F28B6
:10D3300001467FF6F1AD4FF6F7739F423FF6ECAD35
:10D3400028460EF011FAE7E50499012003F002FAED
:10D3500000287FF451AF25E7237803F00303012B66
:10D3600008D140460FF0CEFA01464046FBF732F9AD
:10D37000082894D05C4B1A785C4B1B789A4209D2EF
:10D380000DF15D010398FCF73FFB03980DF031FFB1
:10D39000814660E708980DF0C0F94FF6F7739842A0
:10D3A000EED9FFE6484606F0AFF900283FF459AF42
:10D3B0005EE74FF000088BE728460FF00BF90028D6
:10D3C000A4D00A9B002B5DD1B8F1000F58D1BAF15F
:10D3D000010FBDF842009DD03146FBF7FBF88146B6
:10D3E000DFF8148198F80030002B5AD00DF097FD2B
:10D3F00087427FF491ADBAF1010F40F08580B9F119
:10D40000070F7BD8B9F1050F7FF686AD384B1B7837
:10D41000022B02D0043B012B03D898F80030002BDC
:10D4200046D00D9B9A0640F1BA800E9B002B40F02F
:10D43000B28028460FF0BFF8FF2840F0AC805D4571
:10D440007FF46AAD069B002B00F0A38011AB46F27F
:10D4500004020126ADF8582001930096022316AA73
:10D46000314628460FF02AFA044600283FF454AD0E
:10D4700029460DF0D2F9314620460DF03DFE4BE530
:10D48000DDF8148028460FF07EF83FE7BDF8420033
:10D490003146FBF79FF80A9B814613B9B8F1000F9C
:10D4A0009ED0134B1B78022B02D0043B012BB8D823
:10D4B000284600F0E3FA804600287FF42DAD0DF0F9
:10D4C0002EFD854226D10B4BB3F868400DF027FDA9
:10D4D000CDF80080014643460D2220460EF04AFA60
:10D4E0001AE500BF1C5A00201B5A002038250020D6
:10D4F000215A0020D05000201D5A0020A9F10E030F
:10D50000DBB2012B82D907E509F00303012B7FF47D
:10D5100003AD7BE728460FF05DF858B90DF01CFD10
:10D520004FF6FF73984205D0F9F7CAFD10B92846A7
:10D53000FCF710FA28460FF04DF888B10DF00CFDFD
:10D540004FF6FF7398420BD0F9F7BAFD40B9BAF124
:10D55000010F02D1B9F1060F02D028460FF012F8E0
:10D56000069BA3B919460122584600F025FB8046C8
:10D5700000287FF4D1AC20460FF003FA4246014662
:10D58000384600F019FB00283FF44BAFC4E411A962
:10D59000E9E7069B5BE7637823F0200363704FF6AF
:10D5A000FC739F423FF4B8AC4FF6FD739F4204D129
:10D5B000B04B1B78042B3FF4AFACA3790BB1013B0C
:10D5C000A37163785B0727D5002316AA13A95846D1
:10D5D00016930EF0B8FF1698F0B10EF0ADFF80462E
:10D5E00038460EF0E8FF169A1379014603F0300032
:10D5F000102806D003F00C0008281CBF23F00C03F1
:10D600001371137903F03303202B05D1FF2903D0C5
:10D61000012240460EF09FFF28460EF0CCFFFF2867
:10D620001EBF954B002243F82020099B03F0010800
:10D630004FF6F7739F4200F2F980B8F1000F40F007
:10D64000CF80294658460EF022F80DF068FC87423C
:10D6500000F0F88038460EF0BDFF002841D0BAF146
:10D66000010F27D1B9F1010F17D1BDF84200424691
:10D6700031460EF073FF38460EF0ACFF7F4B1B783F
:10D68000002B72D158460EF0A5FF002866D138460F
:10D690000EF0A0FF002861D13EE438460EF09AFF5C
:10D6A00050B3B9F1030F27D1BDF8420031460EF057
:10D6B00099F931E438460EF08DFF38460EF088FFB8
:10D6C000002847D0BDF8422000233946584601F0D3
:10D6D000FDF800283ED0BDF842000021FEF7D0FE44
:10D6E0001AE438460EF076FF18B1BAF1010FD8D01F
:10D6F000E3E7BAF1010FE0D1604B1B78002BC1D0FA
:10D70000B9F1050F31D10DF00AFC8DF858000DF07C
:10D7100006FC000A8DF859000123022216A90DF11A
:10D720004200FAF7B3FE00287FF4F6AB711CC9B2D1
:10D73000BDF84200FAF73CFF0378013303706378C9
:10D74000590715D40DF0EBFB834522D00022394652
:10D750001C202AE5494B1B78002B93D0BAF1010F0E
:10D76000CED063785A0714D502E06378580718D5ED
:10D77000BDF8424020460FF087F8411CC9B2204650
:10D78000FAF716FF0378BAF1010F03F1FF330370C4
:10D7900004D0BDF84200FEF79BFF09E0B9F1050F88
:10D7A000D0D0BDF84200FEF793FFB9F1030FCDD002
:10D7B0000228CBD116AA002158460EF0C7FE30B180
:10D7C0000379458003F03C0343F0400303710023D9
:10D7D0002B4A00931278394658460EF0CBF8B5E73D
:10D7E000BAF1010F40F0918009F1FF330C2B00F2E8
:10D7F000808001A252F823F04FD801004FD80100D9
:10D80000A9D6010065D8010085D8010019CF010013
:10D81000A9D80100B9D80100C5D80100C5D80100B8
:10D8200019CF0100DBD80100E7D80100BAF1010FE0
:10D8300072D0B8F1000F68D1BDF84200FEF7BCFF0E
:10D84000FFF76ABBBAF1010F7FF445AFCCE7A9F14E
:10D8500002035A42BDF842005A4131460EF07EFEA4
:10D86000FFF75ABBBDF8421032465846FEF750FC4F
:10D87000FFF752BB225A0020C84B00203C25002055
:10D880005E250020711CBDF84200C9B2FAF7A2FE65
:10D890000236F6B20246BDF84230009611A958464B
:10D8A00006F0F6FAFFF738BB0B9ABDF842100120DC
:10D8B000FDF732FBFFF730BBBDF842000EF054FE1F
:10D8C000FFF72ABBBDF84200FEF740FDFFF724BB7F
:10D8D000BDF84200FEF73AFDAEE7BDF84200FEF7A4
:10D8E00053FAFFF719BBBDF842000BF070FAFFF7CF
:10D8F00013BBBDF842103346224648460BF03FFAB0
:10D9000000287FF409AB49461AE5237A03F00303A4
:10D91000012B7FF401AB8FE709F1FF330C2B3FF6AE
:10D92000FBAA01A252F823F04FD801004FD8010002
:10D93000A9D6010065D8010085D8010019CF0100E2
:10D94000A9D80100B9D80100D1D80100D1D801006F
:10D9500019CF0100DBD80100E7D8010010B512484B
:10D9600000210DF0BFF80446E8B10CF098FF0F4B12
:10D97000187020460CF098FF0D4B187020460CF0E4
:10D9800099FF0C4B187020460CF099FF0A4B186059
:10D99000012008F023FF2046FFF774FABDE810408D
:10D9A000002008F01BBF10BD1E570020BD5A0020EC
:10D9B000BC5A0020BB5A0020B451002070B5144E50
:10D9C000336804460D46BBB10CF0EDFE0C2813D1B4
:10D9D00020460CF0D8FF092200210446F9F7A4F8EC
:10D9E000235C042B08D10B4C25B10B4B22781B7800
:10D9F0009A4203D300232370002070BD074831688A
:10DA0000FAF72AFE2378013323700120F5E700BFDF
:10DA1000B8510020BE5A00205D250020E4230020DC
:10DA2000014B93F90100704754570020014BB3F8A4
:10DA300068007047D050002070B50D4D00242C7048
:10DA4000EFF728FDE6B2B04208D80A4B00221A7060
:10DA5000094B198801B11A80012070BD30460EF0C3
:10DA6000B2FDC30742BF2B7801332B700134E7E7C7
:10DA70001A5A0020135A00200057002038B50B4BCB
:10DA80001B78054673B101335C08094B1888FAF717
:10DA9000B1FB002330F81320AA4205D00133DAB2DB
:10DAA000A242F7D3002038BD0120FCE7135A002022
:10DAB0000057002030B5054685B008460C460EF0EC
:10DAC0007CFDFF280CD00DF0C0FE01220021CDE925
:10DAD00001120346009221462A460720FCF74CFC1F
:10DAE00028460EF068FDFF2804460FD00EF06BFDAF
:10DAF000C2070DD520460EF066FD830708D40B4AF9
:10DB000032F8143043F4806322F8143005B030BD8D
:10DB10000DF09BFE01220021CDE901120346009287
:10DB200007202A46FCF728FCF0E700BFFC5600203F
:10DB3000431E9BB24FF6FA72934270B504462AD840
:10DB4000FFF79CFF38BB194B1B78042B23D02046D2
:10DB50000DF04FFBFF2801D0FBF72AFE20460EF008
:10DB6000EDFC08B10EF0E4FC2046114E114D03F01F
:10DB70000BFE204609F0DEF9317869B12888FAF702
:10DB800039FB054601461E2202300FF053F82C8067
:10DB900033781E2B07D970BD2020FAF7F1FB2880BF
:10DBA0000028EBD1F7E702333370F4E7225A002064
:10DBB000135A002000570020F7B504460D461746BB
:10DBC0000DF0ADF90646002D41D04FF6FB739C4297
:10DBD0003DD82046FFF752FF08B1A64237D0204675
:10DBE000FFF74CFF10B1012003B0F0BD20460AF052
:10DBF00067FCC0B1A642F6D004B369462046FBF7E5
:10DC0000A9F80246D0B9082168460DF036F9A8B93E
:10DC10000822694628460EF0FDFF78B129462046C5
:10DC20000DF043FEDFE7A642E6D10A490822284666
:10DC30000EF0F0FF10B10EF09AFCD4E73FB1214690
:10DC40002846FBF74BFF2146284603F0B9FD00208C
:10DC5000CAE700BF985A0020044A13782BB1013B51
:10DC6000DBB213700BB9024A13807047135A0020BD
:10DC7000005700200148FAF7E3B800BF0057002022
:10DC80002DE9F04780468CB017460D4661B903AECA
:10DC90001B48DFF86CA000210CF0C4FE4FF0000917
:10DCA00004461CB920461DE00E46F1E7002221463D
:10DCB000CDF80090242330460CF0D8FF08224146CE
:10DCC00030460EF0A7FFA8B9337C9BB96FB945B9B0
:10DCD0002A460B4821460CF024FF0A4A1388013BD0
:10DCE000138001200CB0BDE8F0873B88B289534017
:10DCF0005B06ECD5214650460CF0EAFE0446D0E720
:10DD00006657002064570020024B1888003818BF5F
:10DD100001207047645700202DE9F0433048314D11
:10DD20008DB0FAF735FD08F043FD2B68C41A4FF4A7
:10DD30007A73B4FBF3F4A4B214B108F039FD28608F
:10DD4000294FDFF8A8803B88ADF80A3000233B80DC
:10DD50004FF6FF7600210DF10A000CF0C3FE0546D8
:10DD600058B9224B1B882BB14FF47A711C48714370
:10DD7000FAF772FC0DB0BDE8F0834FF000092423E0
:10DD8000CDF800904A46294603A80CF06FFFBDF875
:10DD90001A30A34294BFDB1A1B1B9BB2ADF81A309A
:10DDA00063B9BDF818301B0602D508980AF0C4FD07
:10DDB000B8F80030013BA8F80030CBE79E4228BFFE
:10DDC0001E46012300934A462946242303A80CF04B
:10DDD0004DFF4A46294638460CF02AFEBAE700BFF6
:10DDE0002C4C0020C05100206657002064570020B2
:10DDF000F0B52D4A0446516810688DB001AB03C3DD
:10DE0000A378012B4BD11422002107A80EF02CFF80
:10DE1000D4F82110D4F81D0003AB03C323881906DE
:10DE200044BF62680892DA050BD5221D08AE04F1E2
:10DE3000140710685168354603C50832BA422E46A9
:10DE4000F7D1ADF8183013F0040318BFA369059398
:10DE5000164B08221B88ADF81A3001A903A80EF052
:10DE6000D9FE18B106A903A80DF03EFF0022242117
:10DE700003A80CF0C0FD044698B10020FFF74CFF4A
:10DE80000B48002221460CF0D3FD0A4A13880020DB
:10DE900001331380FFF740FF00200DB0F0BD70206C
:10DEA000FBE71820F9E700BF64320300C424002018
:10DEB0006657002064570020F7B5044600200E4640
:10DEC000FFF72AFF104B1B88A34202D8022003B0A1
:10DED000F0BD00210D480D4F0CF0A4FD00250146BA
:10DEE0000029F3D0A54208D100240094242322461F
:10DEF00030460CF0BBFE2046E9E738460CF0E8FD62
:10DF000001350146ECE700BF64570020665700204A
:10DF10000148F9F795BF00BF66570020014B1888EC
:10DF2000704700BF6457002070B50C4611460E4A7A
:10DF30002378127813F0200542EA03020646227085
:10DF400018BF611D08220EF075FED4F80130B360D1
:10DF500023783373002D0CBF05200D2003F0180328
:10DF6000082B08BF013070BD1D5A002007B50423DF
:10DF70001A460DEB03010120FAF784FC019B034ACA
:10DF80001B03136003B05DF804FB00BFF04C0020DE
:10DF900010B5064C2368C3F30B0313B9042008F033
:10DFA00041FC2068431C236010BD00BFF04C0020E2
:10DFB000014B1868704700BFF04C002007B5064BB6
:10DFC0000020186004231A460DEB03010190FAF7B4
:10DFD00059FC03B05DF804FBF04C00207FB5112321
:10DFE000062201A90120FAF74DFC084B9DF81420E8
:10DFF0001A70074B1B780BB1052B05D10AF056FAA6
:10E00000012007B05DF804FB0020FAE71C5A00204D
:10E010001D5A00202DE9F04F0646CBB088460088F7
:10E0200001211746FAF770F92E4B3188ADF816002A
:10E030003A4606A80DF0F4FE0DF1280BC4195A4615
:10E04000414630880DF079FEE4B208EB0003A342AC
:10E0500016BFA4EB08040446E4B205464FF00409D9
:10E060002346CDE900095A4601210BEB050ACDF8FC
:10E0700008B02D1B06A8EFF7D7FBEDB20BEB04039E
:10E080000093019523465A46308841460DF083FEA1
:10E09000348839462046FAF79DFA394600F0F802EE
:10E0A0002046FAF7ABFA01213088FAF72DF901235F
:10E0B0004A46514680B10DF11600FAF7E7F9BDF86E
:10E0C0001620044601213088FAF732F9B4FA84F0B8
:10E0D00040094BB0BDE8F08F3046FAF7D7F9044657
:10E0E000F4E700BF985A00202DE9F04FC9B004466C
:10E0F00088469246C118224A04A81F46FFF714FF1B
:10E10000C519EDB208AB0293A5EB0A0BA8EB0A0305
:10E110005FFA8BFB4FF00409A8EB0506DBB2F6B201
:10E1200004EB0A020093CDF804905B46012104A899
:10E13000EFF77AFB06F590730DEB03025A44A2F554
:10E14000807208A8136844F80830E35D23F00703E1
:10E15000E3552C44324621460EF0ACFD08ABCDE928
:10E16000019308AA00230096012104A8EFF75CFBA5
:10E17000324608A920460EF09DFD49B0BDE8F08F5B
:10E18000985A0020F8B506460EF095FC811C05460D
:10E1900089B230460EF089FBF0B1EDB12946304628
:10E1A000FAF718FA1228074616D80C4B691C1C5CA3
:10E1B000C9B23046FAF70EFA2C44052FE4B205D165
:10E1C000052809D8064B1B5C1C44E4B221463046A6
:10E1D000BDE8F8400EF069BB0020F8BDEE7003000A
:10E1E000E8700300F8B505460EF08CFB044628469F
:10E1F0000CF0C9FBA11C074689B228460EF055FB5E
:10E2000000283ED0002C3CD021462846FAF7E2F9FF
:10E21000611C0646C9B22846FAF7DCF90F2E30D841
:10E22000194B9B5DE118731E89B2092B0ED8DFE8EC
:10E2300003F009050D0D120D0D181E1EC40644BF76
:10E24000083189B2820601D5083189B22846BDE875
:10E25000F8400EF02ABB7B78DB0612D501EB4001BB
:10E26000F3E700F01F0000EB40000144EDE71F283A
:10E2700005D8092E06BF400080B20220F5E7C82865
:10E28000E4D00020F8BD00BF01710300F8B50646D8
:10E290000CF079FB092200210546F8F745FC00F156
:10E2A000100428460CF039FAE4B2074621463046FD
:10E2B000FAF790F905463046F9F7B8FFBA05A0EB32
:10E2C0000403DBB20AD47C2D0AD0082D0AD8064AF2
:10E2D000505D98428CBF00200120F8BD1220F8E765
:10E2E0000320F6E7FF20F4E712710300014B1878D2
:10E2F000704700BF5F25002038B5114B1B780446DE
:10E3000008469BB9012038BDA24205F101050FD195
:10E3100003EBC1035B6898470028F3D11E20224617
:10E320004FF6FF710AF08BF80020ECE7054B002553
:10E33000E9B213F83120002AE6D11446EEE700BF17
:10E340005F250020B870030013B50023ADF804303A
:10E35000134B984221D10B88DA0702D5B72002B0BF
:10E3600010BD9B0744BF4FF47F43ADF804300D4B05
:10E370001C887F22022321460DF1060008F054FA82
:10E38000BDF806204FF6FF739A42E7D120460222DD
:10E3900001A908F052FA0020E1E70220DFE700BF00
:10E3A0001FD1BACA481C030013B50F4900230380CC
:10E3B0007F220223098804460DF1060008F034FA92
:10E3C0009DF80630BDF806201BB1238843F00103F9
:10E3D0002380FF2A88BF23884FF0000084BF43F0CA
:10E3E0000203238002B010BD481C0300034B1B78BE
:10E3F000002B14BF442056200E3070471D5A0020B9
:10E400002DE9F04F8DB0CDE90423179C0394039CB4
:10E41000BDF858A0D58806460F4644B9EC0606D587
:10E42000CDF858A00DB0BDE8F04F0AF06AB8C5F3BA
:10E4300080242B054FEA043448BF44F40064A80547
:10E4400011D544F080040A2E00F25E81DFE816F058
:10E4500088004F003B0059005C015C01590010002E
:10E46000880059003600E90548BF44F04004EAE757
:10E47000BB464FF00109022302934FF00008BAF1A6
:10E48000000F74D1A24B18884FF6FF73984206D044
:10E49000A049FAF75FFC10B124F48054A4B2059BA4
:10E4A00000935A46434644F40271504604F010FF6C
:10E4B000ADF8200000286BD118204EE0BB464FF08D
:10E4C00001090323D8E708A9F8B20DF0FEFEDDF834
:10E4D0002500DDF8291006AB03C38F4B33F817B0C6
:10E4E0004FF00009CDF808900DF11808C7E706A90C
:10E4F000F8B203F021F90C23884A7B4332F803B0C9
:10E50000EEE74FF6F7739F4240F2FE8015F4026F7C
:10E5100040F0FA80824B1B78022B03D0043B012B86
:10E5200000F2F480BAF1000F0BD1032E0CBF0C23C4
:10E53000082324F4C0740293A4B2BB464FF001092F
:10E540009BE75046F9F772FE0246FFF74FFF032E96
:10E5500008BF01388242E8DD74200DB0BDE8F08FBD
:10E560004FF00009BB46CDF80890C84687E7049BEA
:10E570001B8843B91A465146062008F0BAFB00280A
:10E5800080D11920E9E700231A4651460720F4E715
:10E590005F4A11884FF6FF7399421CD00CF0F3F9D3
:10E5A0005B4A03461188059304300CF0B8F85D49C6
:10E5B000059B0978D9715749554A14F4805F1FBFEC
:10E5C000086898604868D8604FF6FF7313804FF072
:10E5D000FF330B604B60049A029908A804F026FFF1
:10E5E00000283FF469AF504C2378002B3DD1BAF19D
:10E5F000000F14D05046F9F719FE8046BDF82000F0
:10E60000F9F714FE2378002B14BF12220022804455
:10E61000EB1003F0040390444344842B9CDC15F47A
:10E6200000540AD0BDF8208040460CF0B2F840F407
:10E63000806189B240460CF097F8A6F10803012BDF
:10E6400005D8BDF82000012210210CF093F8039B9F
:10E65000BDF820803BB3594640460CF0DEF8039AE3
:10E66000BDF820301380002077E7AA06BFD56B01E4
:10E6700003F020030A2E14BF43F0010363F07E036E
:10E68000DBB2B9F1000F08D000210091424608A882
:10E6900000F0FCFD0028AAD05FE71A46414608A812
:10E6A0000DF0F6FCF6E740460EF02CF9039B02460F
:10E6B0004146042008F01DFB00283FF462AF0A2EFB
:10E6C00016D84FF4D963F340DB0711D5072E09D0D4
:10E6D0000A2E07D0BDF820000CF0E9FF0028C2D1B7
:10E6E000A1203AE708A80AF057FB0028F2D0F7E784
:10E6F00014B125F04005ADB2BDF820002B46FAB2AA
:10E70000314601F0EFFD28E7012026E7912024E7BC
:10E71000E224002060250020BC550020FC5400208D
:10E72000215A0020CA5A00201D5A002070B4084EF9
:10E73000BDF81040308007481546057000201A4685
:10E740009DF80C30CDE9034070BC0620FFF758BEA1
:10E75000E2240020CA5A002030B402460C48BDF81A
:10E76000085005800B489DF80C4004700A48047856
:10E770000020CDE902304FF6FD700B464FF6FF71D9
:10E78000002C08BF014630BC0320FFF739BE00BF94
:10E79000E2240020CA5A0020F559002013B5024691
:10E7A000084804780020CDE900300B464FF6FD7094
:10E7B0004FF6FF71002C08BF01460320FFF720FE33
:10E7C00002B010BDF5590020F7B51E46234B1B784B
:10E7D000022B05460C4617460AD1A6B13046F9F77A
:10E7E00025FD0246FFF702FE82420CD9742008E0A4
:10E7F000043B012BF1D908460AF0CBFA0028ECD1F2
:10E80000912003B0F0BD65B1022D1AD1EEF73CFEA8
:10E81000A04214D9124B33F814204FF6FD739A42DC
:10E8200002E04FF6F7739C4209D80023CDE900635C
:10E830003A46FF2321462846FFF7E2FDE1E70120A3
:10E84000DFE7012DFBD1074B1B78A342F7D9E0B2DC
:10E8500002F08AFF4FF6FD739842E5E7215A002047
:10E86000BC5500203225002030B5104B87B005463E
:10E870000C461868596803AA03C2986810609A8801
:10E88000DB880B49ADF80E5023F04003ADF8123091
:10E890000023CDE9004352BAADF810200988FF23C8
:10E8A00003AA0720FFF7ACFD07B030BD7257002068
:10E8B0007E570020034B1B7813B1034B1878704729
:10E8C000FF207047DA5A0020D95A00202DE9F04F76
:10E8D000074689B0104615461C468A460EF012F8C7
:10E8E00001462846F9F776FE064628460CF04BF816
:10E8F00004300BF012FF80460CF011FB804551D024
:10E90000B2074FD1DFF8AC8005A92846B8F800B0AF
:10E910000EF0E2F89DF81930A8F800700BBBBDF8B6
:10E920001430F3B928460CF02EF802300BF0F5FE47
:10E930004FF6F773984204F1010494BF4FF00009B9
:10E940004FF00109E4B20123CDF800902A4605A951
:10E950003846039303F074FC039B40B901339C4297
:10E960001ED20020A8F800B009B0BDE8F08F022C3C
:10E97000F8D1012BF6D10C4A0C4BA3F800A0137868
:10E98000591C11700A4A7F3B16F00C01137007D115
:10E99000BDF81A305B0603D5BDF81600FFF764FF1B
:10E9A0000223D1E70020DFE71F5A0020E2240020E5
:10E9B000CA5A00207E5700202DE9F04F8BB08846C0
:10E9C000ADF81E000BF0DFFF00F1020A06465046CC
:10E9D0000BF0A3FEBDF81E40BB4D074620460DF0D0
:10E9E00091FF01462046F9F7F5FD814600F003044A
:10E9F000301D0BF092FE28800CF091FAB8422DD019
:10EA00004FF6F7739F4229D87378DA0726D4384631
:10EA10000DF0DEFD30B1BDF81E20288801233946F7
:10EA2000FFF754FF0CF07BFAA74B1B8883420FD1F2
:10EA3000BDF81E4020460DF065FF01462046F9F75F
:10EA4000C9FD10F00C0103D1BDF81E0001F004FD5A
:10EA50009E4B00221A600BB0BDE8F08F9C49BDF8B8
:10EA60001E000EF039F89B49BDF81E000DF096FF10
:10EA7000964A984B002808BF0023BDF81E0013607B
:10EA80000BF00DFF944B1870BDF81E000BF00CFF3F
:10EA9000924B1870BDF81E000BF011FF904B1860E0
:10EAA00000238DF82230B8F1000F25D0884BDB8889
:10EAB0009B0621D58B4B1B689F071BD4012C14BFD1
:10EAC000082318230DF122020092002211460DF1B5
:10EAD0001E0000F0DBFB78B1012CA3D1824B1B7828
:10EAE000112B9FD10DF077FB00289BD1AF20FBF7B6
:10EAF000C9FB97E70823E5E750460BF00EFE4FF6FB
:10EB0000F773984240F2F480012C00F0FC80022C54
:10EB100000F07881002C85D1DFF8B481BDF81E00AB
:10EB2000B8F806300493ADF824000BF02CFFBDF8C4
:10EB30002460044630460DF0E5FE01463046F9F704
:10EB400049FD8DF82300A01C66780BF0E6FD074612
:10EB50000CF0E5F94FF6F7739F422D88B8F80240A4
:10EB600006F00106824600F2FE80002E0CBF08204F
:10EB700006200022294609F062FCBDF82490484690
:10EB80000DF0C0FE002302464946042008F095F827
:10EB90004FF6F7739F4281460BD8B8F90620B8F8B4
:10EBA0000630002A05DB580603D500212046FFF772
:10EBB0005BFEB9F1000F3FF435AFB8F80030002B21
:10EBC0005BD198F80530002B57D14FF6F7739F4271
:10EBD00094BF002301230DF12601BDF82400039307
:10EBE0000DF0D2FBDFF8E0B000F1FF39BBF80030E8
:10EBF00005935FFA89F9B8F80630BDF82600069348
:10EC00004946F9F7E7FC0499069B019000930598A3
:10EC1000039B2246C1F340110AF0C8F800283FF4D4
:10EC200001AF2B4BBDF826104A46062008F045F8E8
:10EC300000283FF4F7AEB8F8022048F202039A42E7
:10EC400005D1BDF82410BBF8000000F03FFFDFF84D
:10EC5000808009AA41460DF123000AF0A5F8034679
:10EC600000287FF4DFAE2104BBF80000BDF82420AB
:10EC70007BD5234641460DF09CFBDFF8548036B926
:10EC80009DF8233003F00C030C2B40F09280B8F871
:10EC900008000DF059FB00283FF4C4AEB8F8081086
:10ECA000002002F00DFC114B18704FF6F773AA45C7
:10ECB00014BF022503259F42BDF8240002D8002E70
:10ECC00000F09280012393E07E570020C85100207D
:10ECD00072570020C25A0020BD5A0020BC5A0020A2
:10ECE000B4510020004D0020215A0020D95A0020A4
:10ECF000022C00F08780474BB3F90630002B25DA51
:10ED0000012C7FF407AF0CF00AF92B8883423FF403
:10ED100089AEBDF81E100520FFF7EEFA00283FF47B
:10ED200081AE3C4AD3885B0607D50023CDE900338A
:10ED30000A202988FF23FFF763FB9DF822302988EA
:10ED4000BDF81E00424601F0FBFF6BE6BDF81E0059
:10ED5000F9F76CFAA0F11001C9B2304600F086F85C
:10ED60000028CDD05EE6062003E7DFF8B890022148
:10ED700089F8001003990091414603F061FA132CC1
:10ED80003FF47BAFB8F806305B043FF576AF224B1B
:10ED90001B78D80704D599F80020022A3FF46DAFFC
:10EDA00099077FF53FAE99F80030012B7FF43AAE1A
:10EDB00063E798F804301948009398F80530008804
:10EDC0003246314602F0A4FB154B18709DF82330F3
:10EDD000BDF8240003F00C03082B4FF6F7730CD09A
:10EDE00035469F423FF66EAFA4F13802534253417D
:10EDF00008492A4603F0DEFF14E6AA4514BF04259D
:10EE00000525EEE7BDF81E200249484601F096FAB6
:10EE100008E600BF72570020F85900207E570020F6
:10EE2000D95A0020CB5A002010B5094800210BF018
:10EE300059FE044650B101460420FFF75DFA28B19F
:10EE400020460121BDE81040FFF7B6BD10BD00BF50
:10EE500062570020034B04481A78FF2192000DF0FE
:10EE600003BF00BF33250020384B002070B5451884
:10EE700004464FF0FF31AC4212D1104B10481A78C3
:10EE800005460023934211DB0E4C2078431CB3FB54
:10EE9000F2F602FB163345F82010237000200CE038
:10EEA00014F8010BE6F7E0F90146E4E750F8044BEB
:10EEB000A14201D00133E5E7012070BD33250020D8
:10EEC000384B0020CC5A002007B5042301220DEB5B
:10EED00003011046F9F7D6FC019B034A1B0313609C
:10EEE00003B05DF804FB00BFC4510020014B18685B
:10EEF000704700BFC4510020014B1868704700BF25
:10EF0000C451002010B5064C2368C3F30B0313B99A
:10EF1000012007F087FC2068431C236010BD00BF60
:10EF2000C45100202DE9F04F93B0DDE91C79039323
:10EF300000230693834699F8003004930DA80E46EB
:10EF4000154609F0E5FA99F8003013F003043ED0B5
:10EF5000039B8DF824300DF1250A00220821384644
:10EF60000BF08BFF00286FD028880BF00CFD99F870
:10EF700000301C074CBF043002300BF0CEFB07A959
:10EF8000804604F0BBF89DF824300446980633D53B
:10EF9000288806F10D010DF088FCB0B10023009324
:10EFA000721D29880823D2B238460BF05FFE99F80B
:10EFB000003003F01803182B48D1B8F1000F45D0EA
:10EFC000A74BB3F86830434540D0A62326E02888F5
:10EFD000711D0DF06AFC0028F7D0009405232988E4
:10EFE000324609A80BF042FE9DF8243003F01803C6
:10EFF00003930DF1240AB0E70CBB39464046F9F7FC
:10F00000A9FE0028D3D099F800309907DDD040231D
:10F010002246214640460DF074FABE2399F800209E
:10F0200012F0030440F0F780288803930BF00EFCE5
:10F03000224601461A2009F002FA039BEBE007ABD7
:10F0400003CB38607960B2E74FF6FF7809F091FEA4
:10F05000044620B10421384604F06CF804461E9B97
:10F06000002B5AD009231E998DF834300DA809F0D1
:10F070009BFC209B0BB1209B0693039B002B40F035
:10F080008E800DA8EEF78AFC99F800309A0700F000
:10F090009880FFF737FF5146024601200BF043FBF3
:10F0A00099F800309B0710D5594628880DF0DAFCF6
:10F0B0000BF1090350FA83F35FFA83FB2888594662
:10F0C0000DF0A5FC00EB0B06F6B299F8003013F03A
:10F0D000C20F0AF104030DD09DF82420614942F0CB
:10F0E00020028DF824200A68CAF804204A685A6071
:10F0F0000AF10C0309A8012200921B1A2988324642
:10F10000DBB20BF0B3FD324659462846FEF782FFCC
:10F11000002800F0A38000237DE01F9B5BB19E468A
:10F12000BEE80F000DF1340CACE80F00DEF8003043
:10F13000CCF800309DE7049B288803F02003594653
:10F140000493F9F747FA10F0030F0CBF01230023D3
:10F150000593049B059A1F99003B18BF012342EABF
:10F16000430300930DAA06AB384600F0E5FA049A73
:10F17000034682B1002880D0059B00930DAA06AB00
:10F180001F99384600F0D8FA99F8002022F02002A2
:10F19000034689F80020002B3FF46FAF3EE7039B46
:10F1A000102B06D1BDF8363043F00103ADF83630F0
:10F1B00067E7039B182B4FD1BDF8363043F00203AD
:10F1C000F4E70DF1250101200BF0BBFA99F80030AE
:10F1D00013F0040F8246288821D1069B1BB3002C14
:10F1E00035D00BF033FB00220146162009F027F939
:10F1F00084B17FB14FF6FF7398450BD000231A46B8
:10F200000DA9384609F009FD9DF8352039464046DC
:10F2100009F0C5FD0123184613B0BDE8F08F002C9E
:10F22000DFD1104F01E0002CDBD1002300933246E8
:10F230003B4659460CF01FFE00283FF4C6AE002C9A
:10F240003FF469AF069A0AF10103136063E71B6894
:10F250005345C6D80124E8E7A623DCE71823DAE7FC
:10F26000D0500020985A002007B5074A0023019388
:10F27000136004230DEB03027F21012007F0D0FA75
:10F2800003B05DF804FB00BFC45100202DE9F04F2E
:10F29000B1B0044600888DF82F3016468A463A9F52
:10F2A0000DF030FB0146814620880DF0B0FB00EBED
:10F2B000090820880DF0FFFB9DF82F5007900023D0
:10F2C00015F0010B5FFA88F8ADF8363008D1014629
:10F2D0000DF1360220880DF0A2FA08B1ADF836B073
:10F2E00016B9CDE90E660EAEFEF70EFD18B145F06B
:10F2F00020058DF82F500023CDE9033302930DF143
:10F300002F03CDE900632246534641464846FFF7A6
:10F3100009FE0546002800F030819DF82F3013F0DB
:10F32000010B45D1B64A23F02003106851688DF8CF
:10F330002F3010AB03C3184600F0E2F95D46089089
:10F34000FEF7ECFDABB2984200F2B4800FB100239F
:10F350003B70BDF83630CBB120880121F8F7D4FFDF
:10F3600027880546002800F0368101213846F8F745
:10F37000CBFFBDF8367005463846F8F757FF002337
:10F3800000903A46194628460BF0AAFC0023CDE926
:10F39000033302930DF12F03CDE900632246534658
:10F3A00041464846FFF7BEFD0546002800F0E580CF
:10F3B0009DF82F3003F01103102B40F0F180914B9A
:10F3C0001B78432B40F0EC808F4B1B685B0640F1B1
:10F3D000E780208808F105010DF067FA83460028D0
:10F3E00000F0DE8041462088F9F7F4F8874B10F0F2
:10F3F000200F08BF1E4612A800F082F908223146ED
:10F4000012A80DF007FC002800F0F580314612A884
:10F4100009F07CFC012326AE00933246002314A998
:10F4200012A800F089F9002840F0BA8012AB0DF163
:10F430002F07CDE9036002900093019753462246BF
:10F4400041464846FFF76EFD002800F0D680BDF823
:10F450009A3018AA43F0080314A91020ADF89A3086
:10F460000CF0E2FB002840F09B8012ABCDE903607A
:10F47000CDE9017000932246534641464846FFF7C6
:10F4800051FD0546002840F08B8018AB4FF4907179
:10F49000002012AA00F0BEF84FF0005100200CF03E
:10F4A0004FFEBBF1000F7AD04FF0805100200CF0DE
:10F4B00047FE74E018AB14AA26A9E8B209F002FCD2
:10F4C000002875D1082210A927A80DF0A3FB089BDE
:10F4D0008346002B68D09DF8A530099313F0020FE6
:10F4E00062D0082212A927A80DF094FB00285BD156
:10F4F000099B590758D50FB101233B7014AB0FCBB3
:10F500000DF1740C8CE80F00BDF83630CBB12088BB
:10F510000121F8F7F9FEB4F800B000284DD0012120
:10F520005846F8F7F1FEBDF836200992834610469A
:10F53000F8F77CFE0023099A0090194658460BF014
:10F54000CFFB334B0493002303931DAB02930DF1C8
:10F550002F03CDE900632246534641464846FFF754
:10F56000E1FC28BB089B002B33D012AA1DAB4FF443
:10F5700082714FF4005000F04DF8234B1B689A073E
:10F580000DD4FEF7C1FB50B11D4A1068516818AB8D
:10F5900003C3002226A918A80CF069FB30BB002584
:10F5A000284631B0BDE8F08F27B9BBF1000FA5D0D8
:10F5B0000135C5E600233B70F7E7BDF836200A9019
:10F5C00010460992F8F732FEDDE909230799009009
:10F5D000B4E7089ACAE7BDF836B05846F8F726FEF1
:10F5E000079900902B465A463846CDE626A918A81A
:10F5F0000CF07AFBCDE783460CE714AB46E700BF7F
:10F6000064320300215A0020004D00203A510020AE
:10F61000FC4C0020F0B591B00746164609A80D46EF
:10F620001C460CF087FD3EB13368CDF82630736878
:10F63000CDF82A3045F040051B4B1A6822EA070234
:10F6400042EA050119604B040DD5BDF824200B0AD0
:10F6500003F4E243C9B222F4E3420B4322F07F02F7
:10F660001343ADF824301A23082209A90020F9F722
:10F6700009F9B4B104A808F04BFF02236A468DF8DB
:10F68000103004F1100623461546186859681446D0
:10F6900003C40833B3422246F7D1294604A809F02F
:10F6A00083F911B0F0BD00BF004D0020054B196873
:10F6B00047F2FF1041F48042014041F480411A605A
:10F6C0000CF03EBD004D002000B589B0FEF786FC71
:10F6D00001A80CF02FFD0948BDF8042001681302B1
:10F6E00021F0FF0103F4E2030B43D2B2134343F4CE
:10F6F0008043036009B05DF804FB00BF004D0020AB
:10F7000010B50C4B04461868830788B006D54FF037
:10F71000FF3323606360012008B010BD10F040008B
:10F72000FAD001A80CF006FDDDF806302360DDF804
:10F730000A30EFE7004D00202DE9F04F99B08246E6
:10F740009DF888900C461E469046CAB1154628463C
:10F7500008F0DEFE19F0020714D004B911AC6B46B4
:10F7600022462946504609F08BFA0EB10023336039
:10F77000002814BFA6270027384619B0BDE8F08F2F
:10F780000CADE4E76B4604AA2946504609F045FA59
:10F790006B78FF2B09F0010923D000287AD15CB1E6
:10F7A00004AB0DF1200C1A4603CA6245206061606B
:10F7B000134604F10804F6D126B16A78364B03EB00
:10F7C00082033360B9F1000FD6D0BDF80030D906FE
:10F7D000D2D46A784FF6FF71182008F030FEBB27AC
:10F7E000CAE7DFF8BCB0DBF8003026B19A0756BF95
:10F7F0002A4A3760326003F03003102B01D0202BEF
:10F800001FD111A80CF096FC08220DF146015046BC
:10F810000DF000FA28B1DBF8003003F04403402B70
:10F820000FD0B9F1000F0ED108A80CF08DFC022307
:10F830002B70CCB9B8F1000F9ED0281DFFF760FFE8
:10F840009AE7A62798E7DBF80030DB03ECD508A899
:10F850000CF07AFC02232B70D4B9B8F1000FB8D0A9
:10F86000281DFFF74DFFB4E7002608AB0DF1300C63
:10F870001A4603CA624520606160134604F1080419
:10F88000F6D1281DFFF73CFF002E3FF475AFA0E72F
:10F890000126EAE703276FE7344B0020FC4C0020E9
:10F8A000004D002049B9084B197849B14EF6602344
:10F8B000594328B10548F8F7CFBE41F28831F8E73F
:10F8C0000248F8F765BF00BFF75900204C4C0020F4
:10F8D00070B586B00546F9F76BF810B9702006B020
:10F8E00070BD01A8FFF70CFF06460028F6D055B9F9
:10F8F000304B1C6814F0020433D14FF48163ADF82F
:10F900000C30022125E02C49082228460DF082F90E
:10F910000028E3D0274B1C6814F0020406D0274BC4
:10F920001B78112BDAD1264BB3F868400822294600
:10F9300001A80DF06FF90028DFD04FF40273ADF885
:10F940000C302B68CDF80E306B68CDF812300026E5
:10F950000A21002203A80BF04EF8024648B91820ED
:10F96000BDE7164B1B78112BB8D1154BB3F8684087
:10F97000C3E7104B196801F03003102B17D0202B70
:10F9800014BF01230323490001F004010B43204667
:10F99000002100F0D3FF0028E1D000210120FFF773
:10F9A00081FF16B1074B01221A70002097E703234D
:10F9B000E9E700BF004D0020985A0020215A00209E
:10F9C000D0500020C15A002030B51D4D85B0002414
:10F9D000CDE90044F8F7DCFE2B783BB319491A480F
:10F9E0000A780078904221D90132012B0A700DD19A
:10F9F00022464FF4A071204602F04AFBB0B91348EA
:10FA000041F28831F8F728FE05B030BD022B08D14D
:10FA100002A92046F9F79EF940B902A8FFF758FF5E
:10FA2000ECE7032B02D101F03DF9E7E7002108469E
:10FA30002970FFF737FF0421684607F0BAFAE3E7B9
:10FA4000CD5A0020CE5A0020682500204C4C0020C2
:10FA500070B5194A194D51682E7886B00446106861
:10FA600001AB03C31EB17024204606B070BDF8F789
:10FA7000E7FF0228F7D103A800F0CEFD082201A974
:10FA80000DF10E000DF0C6F8A0B10D4B32464FF44B
:10FA9000A07130461C7002F0FBFA04460028E3D146
:10FAA000084A0948012341F288312B701370F8F796
:10FAB000D3FDD9E7B724D7E71B710300CD5A002047
:10FAC00068250020CE5A00204C4C0020F0B52F4E67
:10FAD0009BB007460C464922002107A806910DF06D
:10FAE000C3F83378012B37D1B7BB0DF10E01204697
:10FAF0000CF04AFC0546BDF80E00F8F797FB441BD6
:10FB0000E4B22A46BDF80E100097234606A80BF073
:10FB1000ADF804A93846F9F71DF90246E4B19DF89D
:10FB200019301A4312F0FF0216D1BDF8233003F446
:10FB30007E43B3F5285F1ED3B3F5385F0ED3144967
:10FB4000BDF80E000B6843F400030B60294609F072
:10FB500009F918B1042333701BB0F0BD0D4B01221D
:10FB600004A81A70FFF7B4FE0B4841F28831F8F789
:10FB700073FD0223EFE7114610463270FFF792FE45
:10FB80001E2104A807F015FAE6E700BFCD5A0020B1
:10FB9000004D0020CE5A00204C4C0020014B187024
:10FBA000704700BFCE5A0020014B1878704700BF45
:10FBB000CD5A0020014B1870704700BFCD5A00206D
:10FBC0002DE9F0478CB00546B5294088ADF80A000C
:10FBD000884600F0878095F80890AE790AF0D3FE49
:10FBE00005A90446BDF80A00EF790CF075FFBDF8D1
:10FBF0000A000AF0CEFD430542BFBDF81A3043F4B7
:10FC00000053ADF81A30EB79D80642BFBDF81A3070
:10FC100043F48053ADF81A30BDF81A30990613D565
:10FC2000022E65D108A9287A0CF04FFBDDF82500DB
:10FC3000DDF8291003AB03C303AA002100910423BC
:10FC40000DF10A00FFF722FBBDF80A000121F8F7C9
:10FC50005BFB022E824657D1444B33F81940B8F172
:10FC6000000F6DD0BDF81A305A0669D54FF6FB72F9
:10FC7000944265D83E4AB2F86820A24260D0DB05C3
:10FC800002D520460CF068FCBDF81A30D80457D5D0
:10FC9000002E46D1BDF80A000AF07BFDC10611D442
:10FCA000CDF80080534605AA2146304606F0E0FF15
:10FCB0000B2017F003021CBF02F1FF32D2B2214623
:10FCC00008F0BDFBBDF8162048F234039A4209D172
:10FCD000284E3078FF2805D003222146FCF7AEF9E4
:10FCE000FF23337000232B806B800CB0BDE8F087BE
:10FCF000012E01BF2B7A204A03EB430302EB830260
:10FD00000CBF0232002298E7012E05D10C231A4ABB
:10FD100003FB09F3D45AA2E7A01C0AF0FEFC044638
:10FD20009DE7204601F030FDBDF80A000AF031FDE4
:10FD3000C206C7D4CDF80080534605AA4946B4E7A9
:10FD4000BDF80A000AF025FDC306BBD4CDF800803B
:10FD5000534605AA002E14BF49462146304606F0F8
:10FD600087FFB8F1000FA3D10920A2E7BC550020FE
:10FD7000D05000206C250020FC54002070B5114BA1
:10FD8000114D00240A262A78A24205D8C2B9BDE83E
:10FD900070400E48F8F7FCBC598869B9013AD2B2F4
:10FDA000A2422A70EFD0121B03F10A0118467243D7
:10FDB0000CF040FF0346E6E701340A33E4B2E2E721
:10FDC00070BD00BF98540020D15A002004240020A8
:10FDD00070B51A4B1A4A1D780023DCB2A54200D830
:10FDE00070BD144601336688864202F10A02F4D1DE
:10FDF000E379A588617203F040028DB9CAB123F09E
:10FE00000403E3710AF0BFFD037803F07F0303707E
:10FE100021880029E4D1BDE870400A48F8F71CBCED
:10FE200000216580A180002AE9D1BDE87040FFF77C
:10FE3000A5BF2046FFF7C4FEF7E700BFD15A002058
:10FE400098540020042400202DE9F047044686B091
:10FE500040880F4615460AF096FDA3798046082B88
:10FE600051D8DFE803F0052E1850505050500500CF
:10FE700002300AF052FC002D4DD06946F8F76AFFB7
:10FE800038B9684601F02AFD00F0010006B0BDE86F
:10FE9000F0870020F8E702A9207A0CF016FADDF8C6
:10FEA0000D00DDF81110334A6B4603C3237A32F894
:10FEB0001390314AD05C6E4675B131460CF029FA88
:10FEC000E4E7237A2D4903EB430301EB830231F886
:10FED0002390907A961CEFE74FF6FB7AD14514D920
:10FEE00030460CF063FB4FF6FF739842054614D082
:10FEF0000146304601F064FC554507D9E379DA063E
:10FF00000DD4CB2363720020C0E74D46294608F18B
:10FF100002000AF004FC0120B8E74D46EEE74FF678
:10FF2000FC78454511D103F00C030C2B1BD1D7B144
:10FF300030464FF6FD7101F043FCC8216172204646
:10FF4000FFF73EFEFFF71AFFDDE74FF6FD739D4218
:10FF500009D1002319461A46304602F055F94146A8
:10FF6000304601F02DFCE37943F00C03E371CC2320
:10FF7000C8E700BFBC550020FD590020FC540020FC
:10FF800073B5044640880E460AF0FDFC02300AF0C4
:10FF9000C4FB08F0FEFE18B1A11C201D08F0FEFEF7
:10FFA000E6B1E5790135EDB2E57115F0400514D003
:10FFB000EDF764FA0122054600212046FFF744FFD1
:10FFC00018B1394B1B882B449DB2384B1B78042B3E
:10FFD00001BF354B1B885B199DB22580002231463D
:10FFE0002046FFF731FF20B360880AF0CCFCE279AD
:10FFF0002F4922F00C03E3710B780133DBB20B7055
:020000022000DC
:10000000C3712C4B1B780546A61C0BB3E3799806ED
:100010001ED52949097871B159060CD592070AD520
:1000200000220092042311463046FFF72FF910B149
:10003000607202B070BD002200920123114630466A
:10004000FFF724F920B1E37943F00303E371EFE70D
:10005000304608F0A1FE10B10123E371E9E76088A2
:10006000FCF736FB0328E4D8DFE800F0020D1B188C
:10007000E37943F00403E3711B06DAD50F4B1A78DA
:100080000F4B1A70D5E7CD236372E37943F0080371
:10009000E3712B7803F07F032B70CAE7CE236372E2
:1000A000C7E7CF23FBE700BFC2240020225A00206D
:1000B0001F5A00201D5A002069250020FB590020EE
:1000C000D05A00202DE9F74F064606F06CFB5D4B39
:1000D0005D4AB3F8009018805B4BDFF880B11B7865
:1000E000A0EB0904A4B2A34286BF1B1BDBB2002312
:1000F0001370A9EB000305464FF000084FF6FF7799
:100100000093524B19785FFA88F291420ED80EB1E3
:10011000FFF734FE4FF6FF739F4200F08D804C488E
:10012000394603B0BDE8F04FF8F796BABBF80220A5
:10013000002A3CD0474B9BF807201878BBF800A05A
:10014000042818D00020BAF1000F08BFA2462044AE
:10015000504523D2BBF80010009B1944ABF80010A7
:10016000002E4DD002F04802482A49D100215846BD
:10017000FFF706FF44E00192F8F75CFD30F0100352
:10018000019ADFD1FBF7F8FC334B019AB3F800C0BA
:100190008445D7D9ACEB000080B2D4E702F00C0064
:1001A000042807D10022ABF800200BF10A0B08F15C
:1001B0000108A6E7510602F0030C02F008000DD575
:1001C00020B3BCF1030F24D1D6B19BF8091000294C
:1001D00008BFC9215846FFF7F3FC11E040B3BCF15A
:1001E000010F25D11206EFD44FF4C862ABF80020FE
:1001F0009BF8072022F0030242F002028BF807204E
:10020000BBF80020974228BF1746CEE7032084455D
:10021000DAD213060ED50C4B1A780AEB0200844290
:1002200008DA4A44521B0AEB0201ABF80010E7E778
:100230000120ECE701219AE7054803B0BDE8F04F43
:10024000F8F7A6BA68570020D05A0020D15A0020EB
:1002500004240020225A0020C224002098540020A8
:100260002DE9F0410B4EDFF8348000250A27337862
:10027000ECB2A34204D8BDE8F0410748F7F7E0BD6F
:1002800007FB0484A01CF7F7DBFD201DF7F7D8FD62
:100290000135ECE7D15A00205E5700209854002029
:1002A00070B50D4D0D4E00242B78A34208D81B1BB2
:1002B000DBB22B7073B9BDE870400948F8F768BA33
:1002C00004EB8400CA2106EB40000134FFF778FC00
:1002D000E4B2E9E770BD00BFD15A00209854002075
:1002E00004240020F8B5124F124D3E782D78DFF827
:1002F00048C006EB8604B5424FEA440E0CEB4404BA
:1003000014D003F4835343EA13230025E3716623D7
:100310006080A171227228462CF80E500136A5800B
:1003200063723E70FFF7CEFE2846F8BD7220FCE7F0
:10033000D15A002031250020985400202DE9F04F9B
:10034000354B1C7885B00E4617465CB9B1F906806E
:10035000DFF8CC90DFF8CCA0DFF8CCB099F8003013
:10036000A34202D805B0BDE8F08F04EB84050AEB88
:100370004505A88800B9688801A90CF0ADFBB27AE0
:100380009DF80E309A4244D1B8F1000F0FDA317A5D
:100390009DF80C203389914209D820480078084400
:1003A000824236DA521A1B0A1341D90731D5384630
:1003B0000CF081FBBDF80A309A06044602D5F3889A
:1003C0009B06CFD5EB7903F00C03042B08D168888A
:1003D000F9F746FE00236A88194618460CF0E0F843
:1003E00000212846FFF7ECFBFFF7C8FC3846F7F77B
:1003F0001DFF844208D22B7A8BF8003001220023A3
:100400003146384602F0D6FCB8F1000FAADA0024D3
:10041000A4E70134E4B2A1E7CF5A00203025002040
:10042000D15A002098540020D95A002008B506F06F
:10043000BAF9074B1B88C01A80B2B0F5807F05D986
:10044000BDE8084003480021F8F706B908BD00BF21
:1004500068570020042400202DE9F04186B00446AE
:100460000D460CF04FFA01462046F8F7B3F810F0AD
:1004700003034DD110F00C0F06D12946204606B0DB
:10048000BDE8F041FFF7A4BC20460AF082F9C3069C
:1004900034D420460CF036FA01462046F8F79AF894
:1004A000064620460AF06FFA074602300AF035F990
:1004B00003A9804620460CF00FFB06F00C067B7863
:1004C0000C2E0CBF03260626012113F0010F204637
:1004D00018BF0326F7F718FF104A1288A2420346F6
:1004E0000FD1B5FA85F04009FBF7E6FC20460AF08B
:1004F0007EF900220146072007F0A1FF06B0BDE803
:10050000F081009503AA4146304606F0B1FBEDE7C5
:10051000012BF3D110F00C0FF0D1AEE75E570020A5
:1005200010B50A4B1C780A4B0022D1B28C4201D87C
:10053000002010BD197A814202D19979022902D096
:100540000A330132F1E70120F3E700BFD15A00205E
:100550009854002010B5094B1C78094B0146002225
:10056000D0B2844201D8002010BD187A884202D14E
:1005700098790128F8D00A330132F1E7D15A0020E6
:100580009854002010B40B4B1C780B4B0022D1B2B6
:100590008C4203D85DF8044BFFF7F0BB197A814217
:1005A00005D19979012902BF0021198059800A33A8
:1005B0000132ECE7D15A002098540020044B1B680C
:1005C00013F0300F03D0202130200BF0B9BD70475D
:1005D000004D00200949002310B51A46044601EADF
:1005E00000414FF07F60FFF715F8E30703D50021C6
:1005F00030200BF0A5FD002010BD00BF00007207E9
:10060000044B5B8823F4784323F08D0303800020A0
:10061000704700BF004D002008B503460022C3F814
:100620000220C3F806200B4A1268D1B212F0200F44
:1006300018BF41F010011980930700F1020001D4A6
:10064000FFF75EF8044B1B78023B032B8CBF932013
:10065000002008BD004D0020215A002038B5054675
:100660000C46FDF7BBFC98B10D4B187878B10D4BDB
:100670001B681A040ED57CB113F0420F00D16DB186
:1006800003F44073B3F5407F0CBF0020B72038BDA2
:100690009520FCE7A820FAE72046F8E7B720F6E720
:1006A0001D5A0020004D0020F0B58DB0044607A86B
:1006B0000D46164607F02CFF1022002103A80CF06F
:1006C000D3FA5CB1234603F1100703AC18685968EC
:1006D000224603C20833BB421446F7D1012786EAFB
:1006E000070303A907A88DF81C708DF81D3008F0CA
:1006F0004CF980EA070401A8E4B208F01FF9B6B18A
:1007000001A88DF8065008F0C0F964B1002303A9D0
:1007100007A88DF81D3008F047F90C4B1B78432BC8
:1007200001D102F03FFF0A4B1D700DB0F0BD01A8D2
:100730008DF8075008F0A9F9002CF6D003A907A8F6
:100740008DF81D7008F030F9EFE700BF215A002046
:100750001C5A0020F0B593B007460DA801250C46A1
:1007600007F0D6FE05A90DA8ADF8345008F037F90A
:1007700001A808F0E3F809A90DA88DF835509DF8F7
:10078000066008F02CF90DA89DF8075008F096F8BF
:1007900070BB731BDBB2802B28D91FB1A64225D0BA
:1007A000A54223D105A90DA808F0FEF803A808F07A
:1007B000C5F803A88DF80F6008F067F901222946F3
:1007C00009A8FFF771FF0CF018FA01214FF400702F
:1007D0000BF0CFFEFDF7ECFBB0F1004F01D9FDF7B8
:1007E000EDFB044B187806F0D5FB012013B0F0BDEB
:1007F0000020FBE71C5A002070B50E461446054643
:100800000320FFF7D7F946F004022946204608F0F6
:1008100025F9024B00221A6070BD00BFFC4C00207D
:10082000F0B587B0078805461022002102A80CF019
:100830001BFA3B4B1B78002B6FD1B80557D407F040
:100840008403842B5CD0374C0BF0F6FC17F4045F68
:10085000276005F102061CD0BA040AD5304602F022
:1008600003FB00284AD1236823F4005343F4807328
:10087000236030460BF0EDFC00283ED107F046FE29
:1008800018B9236843F480332360236843F02003BE
:100890002360226842F4004112F0400218BF05F1C3
:1008A0002302334647F2FF102160FEF7B3FE0DF13D
:1008B0000600FFF7A5FE236813F4805FBDF806303D
:1008C00022D043F02003ADF80630BDF80600FFF754
:1008D00081FE23689B0506D595F82210012205F1BB
:1008E0001200FFF7E1FE104B0020186006E005F152
:1008F00012000BF0AEFC0028A1D0B22007B0F0BD72
:10090000B907A0D5B720F9E723F02003ADF80630EA
:10091000FDF754FBFEF7A8FCD7E77020EEE700BF19
:10092000215A0020004D0020FC4C0020024B18688A
:10093000C0F30050704700BF004D00202DE9F04784
:10094000064688B089461046002115469846F7F7B6
:1009500041FE102807460AD8684B0341DB0706D43E
:10096000C8F340049DB9002008B0BDE8F087644B8F
:100970001C78002CF6D0FFF7D9FF00280CBF4FF4ED
:10098000F0744FF4D074FC4004F00104EAE7002353
:1009900018F0010F1A4629464FF005000CBF4FF022
:1009A000080A4FF4027A06F0A4F90028DBD0C82325
:1009B0000093324600235146284602F089FCADF8E8
:1009C0000E000028CFD018F0080A4AD1A7F10F0274
:1009D0004FF6F773D2B29E428CBF09230123012A3E
:1009E00001D843F04003474A8DF8103013788DF852
:1009F0001130591C1170002C4FD09DF81030052F6C
:100A000043F020038DF8103033D03F4B1D78002D7C
:100A10005AD04FF6F77300259E424FF00F0248D987
:100A2000012304A90DF10E00F7F730FD00289AD13B
:100A3000002C4DD1BAF10001BDF80E00CDF80090A8
:100A400033463A4618BF012108F0ADF9ADF80E0063
:100A5000002888D018F0040F4DD031460AF03FFE30
:100A600082E749460DF10E000BF0B7FD0028ADD12D
:100A700079E70121BDF80E00F7F746FC0121F7F7F1
:100A8000A9FD0123834013F0620F1CD11E4B1B787C
:100A9000E3B14FF6F7731825BEE71B4B1B782546CD
:100AA0000222002BBCD04FF6F7739E42B8D8052F18
:100AB000B6D0BAF1000FB3D19DF8103043F0400327
:100AC0008DF81030ACE710250F22A9E71825FBE7B9
:100AD000BAF1000F0AD0009002234A4629460DF1D0
:100AE0000E00FEF7D3FB0028A4D03CE7CDF800A011
:100AF00041235246F2E70AF0DAFD35E79FFEFEFF9A
:100B00001D5A00201E5A0020115A00202DE9DF43F3
:100B10001E46144B0A9C1B689B0780460F46914655
:100B20001CD4204614B108F028F9C0B2CDE9024027
:100B30000622CDE900890C493B4600200AF024F941
:100B4000024658B1002E4FF000010CBF01230323D1
:100B5000084604B0BDE8D043FFF7F0BE002004B063
:100B6000BDE8D083004D0020237103002DE9F04F34
:100B70008DB081469DF85C808A461F4693463AB9FF
:100B800003A8FEF7BDFDA8BB00200DB0BDE8F08FA7
:100B9000154600222321104609F02DFFADF80A006A
:100BA0000028F1D0F7F726FB0446052318F0100FB4
:100BB00000F8023B67701FD0112200210CF054F89E
:100BC00004F11306032F4FF0080236D15946304680
:100BD0000CF030F8C8F3801306F10905337208F001
:100BE000C8F800283DD000232B706B700123AB7038
:100BF000033536E003ADCCE71699102201260CF040
:100C000019F806FA07F313F0620F02D104F1120685
:100C1000D8E707A807F07CFC05A88DF81C6007F052
:100C20008DFE9DF816209DF8173018F0200F08BF94
:100C3000134604F11306A374C4E7514630460BF083
:100C4000F9FF06F108020123121B00932846BDF8A4
:100C50000A100823D2B20AF009F8042F06F1100591
:100C6000BDD02D1BE9B20DF10A0009F0E6FF002806
:100C70008AD118F0040F0BD048460BF09CFCFF28DB
:100C80001FBF074A32F8103023F4804322F8103097
:100C9000BDF80A20434651464846FFF74FFE74E729
:100CA000FC56002070B590B003268DF80760F7F76A
:100CB0007FFE10B9702010B070BD02AD2846FEF75F
:100CC0001FFD0028F6D01C4B1C6814F00204F1D163
:100CD0001A4A40F20F43ADF824301368CDF826309D
:100CE00004A85368CDF82A3007F012FC95E80300F9
:100CF00005AB83E80300062304A88DF81D308DF8AA
:100D00001060ECF74BFE0DF12E0201210DF10700F2
:100D1000ECF748FD22461A2109A809F06CFE0246AC
:100D200008B91820C7E7012329462046FFF706FE29
:100D30000028F6D02046BEE7004D0020985A00203B
:100D40002DE9F04F91B004461F220D4608A800215E
:100D50009B4607910BF088FF20460BF0D3FD014620
:100D60002046F7F737FC8DF81300204609F00BFEFC
:100D70009DF81330467899068146C6F34006204612
:100D800048BF46F002060BF096FE80462046F7F775
:100D90004DFAA0EB0803DBB20022232B009228BF00
:100DA00023234246214607A809F060FF002838D1D6
:100DB000A84B9DF81C701B789DF81DA0A3B3FFF7EE
:100DC000B5FD00280CBF4FF4F0734FF4D073FB4017
:100DD000DA0729D5B30727D4082F20D1BAF1040F99
:100DE0001FD1FBF721FCE0B90DF113034246214668
:100DF000052005F062FFA0B1053F0D2F11D8DFE8F7
:100E000017F024001000A401B201BB011000100073
:100E10001000100010001000C101EF01EF01052FBC
:100E200007D011B0BDE8F08F102F05D1BBF1000F36
:100E3000F7D0FBF7F9FBD7E7FBF7F6FB0028D3D099
:100E4000052FD1D0112FCFD0EBE7BAF1050FE8D89D
:100E5000204609F0FBFC029009F1020009F05DFC5C
:100E6000824605A8FFF7CCFB9DF81D80012303FAFD
:100E700008F313F0620303933ED0BDF814309D07CE
:100E800033D5B407CDD5FBF7CFFB0DF11E000BF02A
:100E9000E0F9B8F1030F9DF82EB004463FD10DF1F3
:100EA0002F050AF03CF8824500F0DE800027039B06
:100EB000002B4FD128460AF030F84FF6FF739842C6
:100EC000064604D128460BF093FCB042A9D0002C72
:100ED0000CBF0423152301930DF11E0300933A4622
:100EE00043462946FFF742FE9BE7FBF79DFB0028A0
:100EF000CBD1002E95D0C8E7FBF796FB60B10DF182
:100F00001E000BF0A6F9B8F1030F04464FF0000BDA
:100F10007FD10DF12E05C4E7002E82D0EFE74E4BB6
:100F20001B68980728D5FF2208210DF1370009F02A
:100F3000A4FF814600BB034601460DF137020220A3
:100F4000FEF768FB09F0EBFF82450DF137070DF165
:100F50002F0520D04FF6F7739A45ABD90022082110
:100F6000284609F08AFF0028A4D0002259460DF136
:100F70001E00FFF799FB54E70DF137070DF12F0520
:100F800038460BF005F9002848D009F0C8FF824523
:100F90008DD14FF000093149082228460BF03AFE66
:100FA000002884D1B8F1010F6DD0B8F1040F7FF49F
:100FB00038AF0BF010F910B1032E7FF432AF002CD4
:100FC0007FF42FAF3A4602210DF11E00FFF714FC0B
:100FD000234B1B7863B1FFF765FEFEF7E5FD0228A2
:100FE00006D10120FEF7DAFD01210846FEF75AFC82
:100FF0001C4B1B78022B21D10321384605F0D9FF69
:10100000FEF7D2FD014600287FF40BAFFEF74AFC45
:1010100007E70DF136070DF12E05B1E7114B1B78EF
:10102000432B7FF4FEAEB8F1010F7FF4FAAE09F066
:1010300076FF82457FF43BAFC146ACE7412B7FF49E
:10104000F0AE054B1B6859057FF5EBAEF9F7DAFEFC
:10105000E7E600BF1D5A0020004D0020985A0020EE
:10106000C15A0020215A0020032E7FF4DAAE9DF8E9
:10107000361000390DF11E0218BF01210DF12E00AE
:1010800007F09CFECDE6584D2B78022B21D02B7813
:10109000412B3FF4C6AE3CB9FBF7C6FA59460246AF
:1010A0000DF11E00FFF700FBFBF7BEFA00283FF42E
:1010B000B8AE0BF090F84D4C90B123681B0502D4EC
:1010C0002B78432B0CD1B0070AD4AC20F9F7DAF80F
:1010D000A7E60BF080F80028D9D0B207D7D4A0E655
:1010E000206810F0020002D102990BF03CFA2B7834
:1010F000112B15D12368590512D50020FEF7E8FB06
:10110000044600287FF48DAE0AF06CF9AE20F9F7A2
:10111000B9F821462046FEF7C5FBF9F7BFF880E68F
:10112000B20701D5FFF74AFAB9F1000F8ED007F0E8
:10113000EDF918B94FF480310BF002F82C4B002276
:1011400038461A600BF01BF880E72A4908220DF197
:101150001D000BF05FFD00287FF463AE02222946DC
:10116000FAF76CFF5DE6F3077FF55BAE324607A941
:1011700028460BF031FA54E69DF81D100120FFF7C8
:10118000E9FA4EE6184B1B78022B20D1002D7FF494
:1011900048AE05A8FEF7B4FA00283FF442AE164B5D
:1011A0001D709DF81D30002B14BF64246524FEF7CC
:1011B000FBFC032806D128462946FEF773FB284688
:1011C000FEF7F8FC214605A805F0F3FE29E6043BEE
:1011D000012BDBD9284607F0DCFD0028D6D120E61C
:1011E000204607F0D8FD1CE6215A0020004D0020C3
:1011F000FC4C0020985A0020C15A00202DE9F341F0
:1012000005460E46174698460AF0E5FF044640B1EB
:10121000CDF8008001233A4631462846FFF776FC98
:1012200004460AF0D8FF30B1FFF780FB78B10A4BD3
:101230001B689B010BD4CDF8008000233A46314651
:101240002846FFF763FC002C0CBF0446012404F081
:10125000010002B0BDE8F081004D002070B58AB0F9
:1012600005A807F055F902238DF81430094B01AA9F
:1012700003F11006154618685968144603C408336C
:10128000B3422246F7D1294605A807F07EFB0AB0F3
:1012900070BD00BF29710300014B1878704700BF73
:1012A0006A250020014B1888704700BFE424002005
:1012B0002DE9F0434FF6FF73994285B080460D4605
:1012C00004D11E4908220BF0A5FC58B11C4E002782
:1012D0004FF6FD79ECF7D8F8FCB2A04207D84FF6EC
:1012E000FF7019E005B0BDE8F04309F018BE36F80C
:1012F00014304B4517D8694620460AF0AFFF082244
:1013000041460DF105000BF085FC4FF6FF7360B907
:101310009D4204D136F8140005B0BDE8F08326F8EC
:1013200014500AF068FF0137D4E79D42FBD036F82D
:101330001430AB4208BF26F81490F4E7985A002006
:10134000BC5500202DE9FF47DFF84480DFF844A0BA
:1013500006460F4600254FF6FD79ECF795F8ECB2FE
:10136000A04202D804B0BDE8F08738F814304B45ED
:101370000CD8694620460AF071FF082231460DF16B
:1013800005000BF047FC08B90AF804700135E4E7E2
:10139000BC550020FD590020014B33F81000704768
:1013A000BC550020F0B50E4F85B006460025ECF781
:1013B0006BF8ECB2A04201D805B0F0BD37F814309C
:1013C000B3420BD1694620460AF07FFF9DF80030FA
:1013D000022B1CBF4FF6FD7327F814300135E6E7EA
:1013E000BC55002030B585B00446ECF74DF8A0425E
:1013F00019D92046FFF794F80546B0B9694620464A
:101400000AF02CFF9DF800302BB1694620468DF87C
:1014100000500AF03FFF064B4FF6FF7223F81420EE
:10142000002005B030BD6920FBE77520F9E700BF5B
:10143000BC5500202DE9F0410B7805460E461BB93E
:10144000BDE8F041FFF7CEBFECF71EF8A8422ED959
:101450002846FFF765F860BB37464FF6FF7117F86F
:10146000058B3846FFF724FF0446384600F036FA6D
:10147000B8F1000F15D0B8F1030F15D04FF6FF7279
:101480004FF6FD73944208BF1C460B4B23F81540E2
:101490000A4B3146585528460AF0FCFE0020BDE8AC
:1014A000F0814FF6FF74F0E74FF6FE74EDE7692028
:1014B000F5E77520F3E700BFBC550020FD5900207B
:1014C0002DE9FF41114F0D460E0A04464FF6FE78F6
:1014D000EBF7DAFFA04204D8FF24204604B0BDE8B1
:1014E000F08137F8143043450CD1694620460AF0A4
:1014F000B5FE9DF80520EBB29A4203D19DF8063067
:10150000B342EAD00134E4B2E2E700BFBC550020A8
:101510002DE9F04F87B0DFF86C909DF840A0019066
:101520000C461746984600254FF6FD7BEBF7ACFFBF
:10153000EEB2B04201D8FF2616E039F816205A451F
:101540001ED802A930460AF089FE3FB99DF809204D
:10155000424515D19DF80C20524511D144B939F8B6
:101560001620019B9A420BD1304607B0BDE8F08FA0
:1015700008220DF10D0120460BF04CFB0028F3D0A2
:101580000135D3E7BC55002010B514460AF066FEBD
:1015900020460349BDE8104008220BF04BBB00BFBA
:1015A000985A00202DE9FF470746154608460822AD
:1015B00024491E460BF02EFB044600283FD1DFF8DD
:1015C00088904FF6FF7AEBF75FFF5FFA84F84045AB
:1015D0000BD885B3384605F02BFC01250C9B187001
:1015E0003570012004B0BDE8F08739F81830534554
:1015F0001FD0694640460AF031FE7A789DF80130E6
:101600009A4216D17A88BDF802309A4211D13A79BD
:101610009DF804309A420CD108220DF10501781D85
:101620000BF0F8FA28B9002DD7D1404605F014FC8C
:10163000D3E70134C7E7FF2005F00EFCCEE700201A
:10164000D0E700BF985A0020BC550020F0B5164ED8
:10165000164F85B00025EBF717FFECB2A04201D87A
:1016600005B0F0BD694620460AF0F8FD9DF800304F
:10167000032B06D90023694620468DF800300AF076
:1016800009FE9DF8002062B14FF6FD734FF6FE7122
:10169000032A08BF0B4626F8143000233B550135BA
:1016A000D9E74FF6FF73F6E7BC550020FD5900203F
:1016B000F8B50E4B0E4D1B7803EB43030E4605EBBE
:1016C000830504464FF6FF77A54202D80024204642
:1016D000F8BD2388BB4206D008223146A01C0BF07F
:1016E00099FA0028F3D00C34EEE700BF3225002031
:1016F000FC540020044B05481A7802EB4202920089
:10170000FF210BF0B1BA00BF32250020FC540020AD
:10171000074A127882420AD900EB4003054A22F8B0
:1017200023104FF6FF73994201D1FEF72BBF70478C
:1017300032250020FC540020094A127803469A42C0
:10174000084608D90C21022211FB0323054908226F
:1017500019440BF06FBA00230B604B60704700BF59
:1017600032250020FC540020054B1B78834281BFAA
:101770000C235843034B185A98BF4FF6FF7070471D
:1017800032250020FC54002038B50446FFF70AFE3D
:10179000094B1878094B00224FF6FD75D1B28842EB
:1017A00000D838BD33F80C1CA14208BF23F80C5CEC
:1017B00001320C33F2E700BF32250020085500202B
:1017C00070B505460E460846FFF7DEFF314628464F
:1017D000FFF76EFD06482946FFF76AFF00B970BDA6
:1017E000044624F80C6B0AF006FD29462046F3E770
:1017F000FC54002010B5244986B0082204460BF0A2
:1018000009FA20B906B0BDE8104009F088BB1F49AD
:10181000082220460BF0FEF920B91D4BB3F86800F2
:1018200006B010BD00230093012221464FF6FF7041
:10183000FFF76EFEFF2806D0164B33F810004FF668
:10184000FB739842ECD903A8FEF7E6FE58B9BDF841
:101850000C305B0607D5082221460DF10E000BF077
:10186000D9F90028DCD00C482146FFF721FF40B110
:1018700000884FF6FB724FF6FF73904288BF184600
:10188000CEE74FF6FF70CBE7985A00203A51002080
:10189000D0500020BC550020FC54002070B50D4BEA
:1018A0001D780D4B0446002208464FF6FB76D1B258
:1018B0008D4201D8002009E01988B14207D8A14221
:1018C00005D10822991C0BF0B5F9012070BD0C332D
:1018D0000132ECE732250020FC54002037B50146E8
:1018E00005460D48FFF7E4FE044630B1807A2946EC
:1018F00003B0BDE830400AF00CBD03460090012261
:1019000029464FF6FF70FFF703FEFF2816BF034B73
:101910002046185CEBE700BFFC540020FD59002076
:101920002DE9F843164B1B78834207460E4623D910
:10193000FEF710FE044608BB304609F0EEFA4FF001
:101940000C084FF6FF724FF6FD73904218BF034626
:101950000C4D08FB07F23046AB5205EB0209FFF7CE
:10196000BDFF89F80A0048460822314602300BF0D4
:1019700061F92046BDE8F8836A20FBE77620F9E7A5
:1019800032250020FC54002038B504460D46FFF7F0
:10199000D9FC05482146FFF78BFE00B938BD85729A
:1019A00021460C30F7E700BFFC5400202DE9F04140
:1019B00092F808801F4608F1FF33DBB2EF2B88B0A6
:1019C00005460E4614460BD982238DF80E309DF83D
:1019D0000E30214A3146284600F0A6FA012037E0B1
:1019E0000E22002104A80BF03FF9B4F80930ADF83D
:1019F0001230E37A8DF8118003F07F02032A08D0B9
:101A0000012B24D103238DF81030A389ADF81530B4
:101A10000EE0032B14BF022301238DF81030E3687E
:101A2000CDF815302369CDF81930237D8DF81430A9
:101A3000A7F121014A420DF10E034A4100932146CC
:101A40000DF10F0304A8FFF7ADFD0028BFD1002062
:101A500008B0BDE8F08100BF784203002DE9F04FE7
:101A600095B01D7804920024CDE90201CDE900541F
:101A7000414923462246012009F086F9ADF81E00AF
:101A8000F8B1A346264627460DF120090DF1380A84
:101A9000EBF7FAFC5FFA84F8404516D8BDF81E0053
:101AA0003A460221F6F7AAFDBDF81E00324604218F
:101AB000F6F7A4FDDDE90310BDF81E30002200F0AA
:101AC00033FA012015B0BDE8F08F4A460AA9404616
:101AD000FFF75AFD9DF8282022B12DB1013DEDB24E
:101AE0000137FFB20134D3E7BBF1000FF8D199E819
:101AF00003009DF829308AE803008DF84030BDF8D6
:101B00002A308DF84130032A4FEA13238DF84230F2
:101B100016BF032301238DF84330DDF8311018BFC1
:101B20009DF82C30DDF82D0014BF8DF84C308DF869
:101B3000433011AB03C302980CBF4FF00E084FF0B7
:101B400015080AF098FA0590BDF81E00F6F76EFB2E
:101B5000059900EB080399420BDB012342465146ED
:101B60000DF11E00F6F792FC0028AAD10136F6B25C
:101B7000B6E74FF0010BB3E73A710300074A0023C1
:101B80001370074A1370074A118801B11380064B7E
:101B90001A880AB100221A80704700BFD35A002069
:101BA000D25A00206E5700206C5700202DE9F04FCC
:101BB0003C4C87B01D4623889DF840600746884608
:101BC00010465BB952B109F07CF8208036484FF4DA
:101BD000FA6107B0BDE8F04FF6F73EBDDFF8D890E8
:101BE000B9F80040002C4AD02046F6F71FFBDFF87A
:101BF000CCA0DFF8CCB0C0F347062046F6F7FAFADF
:101C00000296BAF800300193BBF8003000932749E0
:101C100004462B460022012009F0B6F8ADF8160064
:101C2000F0B104EB46060125B4420DD1C5B9BDF8AB
:101C30001630ABB12A464146384600F075F9ABF88C
:101C40000050AAF800500BE0012321461A460DF17E
:101C50001600F6F71BFC10F0FF0504F10204E3D0B8
:101C6000134A0023A9F800301378013BDBB213704C
:101C7000002BABD107B0BDE8F04FFFF77FBF0D4C95
:101C8000237823B9F5F71CFA08B9012323703246EB
:101C900029460520F7F7D8FA0028EBD1207007B0C5
:101CA000BDE8F08F6E570020242400203F71030010
:101CB000D35A0020D25A00206C570020045700202D
:101CC0000657002030B5154D2C8887B09CB92346A7
:101CD0004FF4A07248F2380103A80AF0F7FB21463E
:101CE000204609F052FC0E4B0094224603A9FFF750
:101CF0005DFF07B030BD204608F045FE043008F017
:101D00000CFD03A9044628880AF0E6FE0023009390
:101D10002A8803A9204600F093FAEAE76E570020CC
:101D200000F8FF0737B50F4C0F4D01A9002009F04F
:101D30002CFC237801467BB10C4B019A187809F0F2
:101D400043FC2078F8F754FC002323702B700848DC
:101D5000F6F71EFD03B030BD2B78002BF7D0FFF750
:101D6000B1FFF4E7D55A0020D35A0020D45A0020FE
:101D70002424002008B50548F6F762F80448F6F771
:101D80005FF8BDE808400348F6F75AB86E570020E0
:101D90006C5700206A5700202DE9F04F89B0CDE93B
:101DA00005239DF84870139E8946044630B316F803
:101DB00001ABBAF1000F23D00AF1FF34A400E4B262
:101DC0003146012008F0BDFCC00E1BD1DFF844B144
:101DD0003146012008F0B5FC34449BF800502279CC
:101DE000BDB1002F47D1CDE90277CDE90077424A56
:101DF00005998023484600F097F83CE08246DFE7EB
:101E00005446DDE71B28ECD93146012008F099FC47
:101E1000E7E7DFF80481FF2A00EA08080BD1E3793D
:101E2000A179607901EB0321424689B209B0BDE88E
:101E3000F04F09F0C9BB314909688B070AD5FE2A62
:101E40003AD101230135EDB2202D4FEA43030AD1E7
:101E5000FF250AE029462846079209F096FB4845E7
:101E6000BFD1079AEBE79845ECD1254B1B78FF2BA8
:101E700004D0AB4204D009B0BDE8F08FFF2DFAD0FA
:101E80000020F4F703FBA842F5D029460020F4F720
:101E900003FB0028EFD09BF800306479002BEAD1D7
:101EA000FFF76CFE17484FF41051F6F7D5FB164BB1
:101EB0008BF800501C70DEE7052A92D8BAF1010FAA
:101EC0008FD8B8F1000F8CD0002FD4D17379002BAC
:101ED000D1D00E49098821B90D49082B28BF082304
:101EE0000B701292DDE905124346484609B0BDE881
:101EF000F04FFFF75BBE00BF3F710300004D0020B5
:101F00006B25002024240020D45A00206E57002086
:101F1000D35A0020D55A002000F8FF07014B188043
:101F2000FFF7D0BE6C5700200CB42DE9FF470CAA78
:101F30000E4652F8041B0392074600297ED1BDF8D5
:101F40003400ADF80A00002800F0918033794FF694
:101F5000F778002B76D147458CBF4FF009084FF03A
:101F60000808454B1C78FF2C74D1B6F90230002BC1
:101F7000A9BF424B347A1C780134A2BFE4B21C7072
:101F800044F08004DFF8009122460021F6F736FB8A
:101F900099F80020BDF80A30002A5ED00193DFF8DE
:101FA000ECA0FF230093BAF80000334622463946DE
:101FB000FCF7BCFB002389F800304FF6FF730546A1
:101FC000AAF80030742D33D10DF10A033246394698
:101FD000404606F0E6FE00284BD04FF6F7739F42CE
:101FE00026D8B6F902307088002B21DA2449254B17
:101FF00048F20402904214BF8946994608F08FFFC8
:102000004FF0000803464946CDF800808A2201209F
:1020100008F0BAFE814658B122464146F6F7EEFA7C
:10202000CDE90098FF23324639464046FCF7E8F9EF
:10203000284604B0BDE8F04702B07047012008F020
:1020400080FE7EE70023337147458CBF4FF00608C2
:10205000984686E7FF221A7094E7CDE900323946A8
:10206000FF2332464046FCF7CBF90546AAE7182580
:10207000DEE70546DCE700BF6D250020D75A0020CB
:102080005071030045710300D65A0020705700209C
:1020900070B588B0002416464FF40033ADF81A101E
:1020A0000DF10F0204A905460593ADF81840ADF8EF
:1020B0001C4004948DF80F4006F052FE9DF80F303E
:1020C0000193049B0093044A334605A92846FFF771
:1020D0002BFF08B070BD00BF4971030030B587B059
:1020E0004FF48035CDE90012002403958DF81030AF
:1020F000BDF82850074A8DF81140034603A9BDF8E2
:102100002C00ADF81250ADF81440FFF70DFF07B0EA
:1021100030BD00BF557103002DE9F043B1F1006FF0
:102120008BB014461D4628BF39224FF0000336BF3E
:1021300038224FF001099946ADF81E20FF2C4FF4CC
:1021400080020646ADF81C300892ADF824304FEA04
:1021500011471FFA81F80FD109F02BFAB9F1000FDE
:1021600019D1154ACDE90205CDE90074434607A906
:102170003046FFF7D9FE1AE0FE2C0AD109F019FA11
:102180000130C0B209F02FFAB9F1000F12D00B4A9A
:1021900002E0E8B2F8E70A4ACDF80080CDE903058D
:1021A000CDE90174012307A93046FFF7BDFE0BB04E
:1021B000BDE8F083034AD5E74D7103005371030076
:1021C0004C7103005471030010B54FF4981286B09F
:1021D0004FF08063CDE903230023ADF8143008F0FD
:1021E0009EFE0446F8F7B6FA054B01900093054AA7
:1021F000234603A94FF6FD70FFF796FE06B010BD0B
:10220000985A00205971030030B587B0CDE900120B
:1022100000248DF81030094A8DF8114003464FF420
:10222000806503A94FF6FD700394ADF81250ADF828
:102230001440FFF779FE07B030BD00BF5D710300A9
:102240002DE9F04F99B00E4605460CA91046CDE990
:102250000A329DF888700AF097F8BDF830908046F1
:102260004846F5F7E3FFB6F90230B6F806A0B6F82F
:1022700002B0002B044604DA904B00221A700020B2
:102280004BE04846F5F7D2FF4045F5D3A4EB0804F0
:10229000E3B2002F18BF4FF4A07A152B099328BF83
:1022A00015230024013308F1FF32DBB2D2B24946D4
:1022B000009412A808F0DAFC81499DF848200868CB
:1022C0004968ADF840406FEA4B436FEA5343ADF8BD
:1022D0003E300DAB03C3ADF83C40ADF842A0ADF8C5
:1022E0004420BBF1000F26D1764908220DF14900A8
:1022F0000AF090FC044698B908F011FE06460DF16C
:1023000051080DF149030A9A98F80090012A2CD13E
:102310004FB384F0010404F0010019B0BDE8F08F60
:102320000DF149000AF042F94FF6FF74011B4C42CF
:1023300006464C41E3E7BBF1010F5AD1BDF84960B5
:1023400008F0EDFD86420AD00DA930460AF037F9B3
:1023500080F00104E4B20DF14B080DABD3E7594B0B
:102360000DF14B08CFE70A9CD5E767B34CBBB9F139
:10237000010F26D832D108F0D2FD08F0D0FD98F830
:102380000110504B0646224602910021CDE9006122
:1023900001204D4908F0F8FCADF8320088B134BB9B
:1023A000B9F1010F0CBF0D210C210DF1320008F025
:1023B00044FC024628B9BDF832300FA92846FFF781
:1023C000B3FD0120A9E7B9F1010F05D1002CD2D04E
:1023D00098F801108122D7E7002CF9D1B9F1010F4B
:1023E00094BF0022012298F80110D201CCE70C2101
:1023F000DBE70A9B002B7FF442AF7388342B4CD170
:10240000099B092B7FF43BAF002F7FF438AF9DF978
:1024100051603A46B41008210DF1490004F020043F
:1024200008F02BFD30B9274908220DF149000AF0C8
:10243000F1FB08BB254B1B78012B3FF420AF244A4E
:10244000244BB2F868201B68AA4208D0DA0006D5EF
:10245000C823214A0FA92846FFF766FD0FE75B0254
:1024600001D5002E17DA00231B4A0FA92846FFF7D3
:102470005BFD1A4B1C7002E70DF149000AF096F85B
:102480004FF6FF739842E3D02146F9F787FE0346E3
:102490000028DDD1DDE78D23DBE7099B04930DF1F7
:1024A0004903CDE905A2CDE90283CDE900790B9B73
:1024B0000FAA3146284600F01BF8E0E6CB5A002070
:1024C00064320300985A002061710300225A0020F0
:1024D000D0500020004D0020784203006C250020E1
:1024E000024B187840F08000704700BFD75A002098
:1024F0002DE9F04FA1B09946BDF8AC302D9F0D935A
:102500009DF8B0300E93BDF8BC300F9304469DF893
:10251000C0304E889DF8A8B01093384688461546BE
:1025200008F0FBF8112E824671D808F0F8FC5045EF
:1025300076D0062E10D14FF6FD72924526D0BBF113
:10254000000F10D10022CDE900A28023BD4A294608
:102550002046FFF7E9FC06E0BBF1000F03D1032E94
:1025600007D8012E09D8B84B00221A7021B0BDE857
:10257000F08F043E022EF6D8E4E7B44ACDF800A06E
:10258000802329462046FFF7CFFCECE7B04B1B78B1
:102590005E074CD408F0C3FC00260346A949009608
:1025A0003246012008F0F0FB3B79ADF866000F934E
:1025B0000028DBD0DDE90E320D9803EB42095FFA0B
:1025C00089F9F5F733FE09F105085FFA88F88045C7
:1025D000CCD241460D98F5F7FDFF109008EB40086E
:1025E0000D98F5F723FE8045C0DADDE90F3213437D
:1025F000DBB2002B40F03382BBF1000FB6D1D846DE
:102600004246BDF866000421F5F7F8FF74E1904AF0
:102610003A2E127812D948F23B039E4207D013E0BB
:102620008B4A127850070BD5321F022A08D8B8F807
:10263000063043F48043A8F8063097E71B2E1DD8D8
:10264000B21E91B213295FD9109B02930F9B0E9A71
:10265000CDE900B349462346304606F088FB0F28F3
:1026600084D1794B01221A70794B1B789B0740F17A
:102670002783BBF1000F7FF479AFD8E7A6F11C01E7
:102680001E29E1D801A050F821F000BFD72C02008C
:1026900049260200492602006D2502004926020053
:1026A000C32A0200C32A020049260200492602006A
:1026B0004926020049260200492602004926020056
:1026C0004926020049260200492602004926020046
:1026D0004926020049260200492602004926020036
:1026E000F52A0200F52A0200A92C02004926020060
:1026F00049260200CB2C0200492602002D2D0200A3
:10270000432D0200512D0200132A9DD801A151F83A
:1027100022F000BF65270200F527020013280200FF
:102720002B290200952502004926020049260200B5
:1027300049260200492602004926020049260200D5
:1027400049260200492602004926020049260200C5
:1027500049260200492602006D2A0200492602008D
:10276000092D020000231A938DF866300DF16603DF
:102770000E99009322461AAB484606F0F2FA08F08A
:10278000CEFB0646EAF78CFE162894BF4FF00209EE
:102790004FF02209F7F7DEFF2E4B0746B3F800A0F3
:1027A000FBF724FE2C4B80464FF6FF70B3F800B0C9
:1027B00009F0B2FE294B9DF866201988244B1B783E
:1027C00013F002031CBF264B1B780B921A9A00963B
:1027D000CDE909324023CDE90701CDE90193CDE9E7
:1027E000058BCDE9037A1F4A002329462046FFF7CF
:1027F0009BFBBBE608F093FB1B4B1C4A1B88CDE9F7
:102800002A0300232946204621B0BDE8F04FFFF7F8
:102810008BBBBE78731EDBB2EF2B1AA9304627D9CB
:10282000F22E25D004F027FF822608F078FB002343
:10283000CDE90003034A334629462046FFF774FBDF
:1028400094E600BF45710300CB5A0020507103008D
:10285000F8590020EC240020E8240020E624002081
:10286000D85A002067710300EA2400207471030025
:1028700004F001FF002856D008F051FB9DF86C20B1
:102880000492BDF86A200392BDF868209DF86E108E
:10289000CDE901629DF86D205200D2B24900C9B263
:1028A00008320A4403460092C7490022012008F07A
:1028B0006BFA9DF86D30ADF866008DF86330002836
:1028C0003FF454AE4FF0000801231A460DF16301A6
:1028D0000DF16600F5F7DAFD074600287FF446AEF5
:1028E0009DF86330FAB293420CD89DF86E308DF8A3
:1028F0006330B8F1000F02D0BDF8663036E04FF01B
:102900000108E1E74146304604F0B7FE0123ADF887
:102910006400022219A90DF16600F5F7B7FD013731
:102920000028DDD022E683267FE708F0F8FA064685
:1029300004F0C6FEA549009033460022012008F0AD
:1029400023FA00283FF412AE0027ADF868003E4697
:1029500004F0B6FE5FFA87F840450DD8BDF8680070
:1029600032460421F5F74AFEBDF8683000222946B8
:102970002046FFF7D9FAF9E5404604F07AFEFF2831
:102980008DF866000BD0012301361A460DF1660161
:102990001AA8F6B2F5F77AFD00287FF4E7AD013703
:1029A000D6E75046B7F8029004F063FEFF288DF892
:1029B000640000F0E5811AA904F05DFEBDF86830FE
:1029C0004B4507D04FF6FF72914540F0D98119046D
:1029D00000F1D6819DF86D3012930E9B0533DBB26A
:1029E00013930F9B149300234FF0000911934B4650
:1029F00012E01793139B0D9803EB4101C9B208F045
:102A000082F9179B15904FF0000A12995FFA8AF22B
:102A10008A4216D309F10109149A5FFA89F19142A9
:102A2000E7D39DF86E201292169A1392002B40F075
:102A30009981119B002B40F0A381109B14930123DB
:102A4000D2E711999DF86400179304F016FE159AC9
:102A5000179B0AF1010A824208BF0123D5E709F159
:102A600006095FFA89F3B04616938AE1BD1C294630
:102A70005046BC7A05F026FD012229465046FBF758
:102A80009BF8504609F05CFD284609F08FFD3A8816
:102A9000824207D04FF6FF72904203D009F08BFDBF
:102AA00009F06EFD84F00804C4F3C00421462846F2
:102AB000FEF76AFF2146284621B0BDE8F04F06F038
:102AC0007FB9BBF1000F7FF451AD12073FF5AFADF9
:102AD00033463A4629462046FEF768FF00287FF431
:102AE00045AD84233A4A2946204621B0BDE8F04F3F
:102AF000FFF71ABA0F9897F8008009F0BCFA002186
:102B00000746204601F0FCF9312EA7EB0007FFB283
:102B100040F0D6804FF0000ACDE9008A2D49534697
:102B20005246012008F030F9ADF8660000283FF465
:102B30001DAD16225146DFF8A8B01AA80AF094F885
:102B40001AA808F084FC9BF800904FF0FF33CDE901
:102B50001C33B9F1000F02D14FF0010A56E01E4EAE
:102B600033796F2B02D90026324625E01CA9504646
:102B700000F024FD0028F6D0184BB6F80090B3F80A
:102B80006830B9F1000F2DD1003B18BF01235B0164
:102B900043F004038DF87A3002238DF87B3073887C
:102BA0001B0A49461EA88DF87D3007F0B8FDB8F124
:102BB000000F66D000260122BDF866000221F5F75D
:102BC0001DFD32461DE500BF78710300457103000D
:102BD000784203003A710300C8560020D05000200C
:102BE0001B5A0020B3EB090318BF01235B0143F01C
:102BF00005038DF87A3002238DF87B300F238DF892
:102C00007C30CCE70AF1010A5FFA8AFA0AF1FF3652
:102C1000F6B2304609F0D7FCC307F3D59BF8003075
:102C200019EB030F04D009F101095FFA89F9E9E70B
:102C30005A4B187830441CA9C0B200F0BFFC0028E1
:102C400091D0304609F0AFFC8146304609F0BBFC1C
:102C5000C0070FD416238DF87A30514B1B780133FF
:102C6000DBB20F2B28BF0F238DF87C304D4B33F890
:102C7000163095E7304609F0A6FC8107EAD4122306
:102C8000E9E7BDF86600F5F7D1FA1630B84291DCF5
:102C9000012316221AA90DF16600F5F7F7FB0028AB
:102CA0007FF464AC01265FE712073FF5C0AC0F98D4
:102CB0003B4622462946FEF7D1FE00287FF456AC5B
:102CC000BBF1000F7FF452AC0BE7BBF1000F7FF4B8
:102CD0004DAC802306E708F022F950457FF446AC5E
:102CE000DFF8CC8008224146B81C09F093FF002889
:102CF0007FF43CAC08F013F9064608F010F92A4AB4
:102D0000CDE92A0833467DE5384607F006FD09F08F
:102D100003FC00283FF42AAC244A2A9000232946C9
:102D2000204621B0BDE8F04FFFF7FEB8CDE92AB745
:102D30004B462A462146002021B0BDE8F04FFFF760
:102D40002BB8CDE92AB74B462A4621460120F3E7A6
:102D50005B464A46294620462A9721B0BDE8F04FF7
:102D600006F031B801231A4619A90DF16600F5F7EE
:102D70008DFB00287FF4FAAB08F101085FFA88F8B0
:102D8000013604F09DFC5FFA86FA50453FF609AE25
:102D9000B8F1000F3FF430AC32E400BF382500201A
:102DA000C05A0020FA5600208071030050710300C1
:102DB000985A002073B506460C46154609F07BFE6E
:102DC0000DF106020146304609F029FD0C4E03467E
:102DD00080B9012232702288BDF8061022B1024665
:102DE000072003F06AFF28B1BDF8062021462846D7
:102DF00003F02AFF034A00231360337002B070BD52
:102E0000DA5A0020C8510020024B1B7803700020C2
:102E1000704700BFBD5A0020024B93F90030037089
:102E200000207047BC5A0020044B1B7813B1044BA0
:102E3000188870474FF6FF70704700BFDA5A0020BD
:102E40007E57002008B5064B1B783BB1054B19682F
:102E500021B1082209F0EEFE002008BD7020FCE739
:102E6000DA5A0020C851002030B519498BB014231C
:102E70007F22098805460DEB030003F0C8FCBDF86E
:102E80001430DA0721D413F0060FC3F3410208BF50
:102E9000C3F341220F4B9C5C0DF11601224668469C
:102EA00009F008FF04F12802BDF826306A44023414
:102EB00002F8283C1B0A02F8273C69462A46E0B281
:102EC00008F0B2FE00200BB030BDB720FBE700BF1A
:102ED0004A1C03008B71030010B58AB00446ADF89C
:102EE00026200022CDE9052204920CAA02924FF678
:102EF000FF720192074AAC2104FB012201206032DB
:102F0000009203900DF126024CF6200109F067FBB8
:102F10000AB010BDD050002010B5204AB2F86800A9
:102F2000B2F85E10B2F85C308AB04FF6FF74A0427F
:102F3000ADF82600ADF824104FF6FD7018D0814290
:102F40004FF00000CDE90500CDE90300CDE9010017
:102F500094BF09AA6032009294BF48F660014CF613
:102F600060010DF12602042009F039FB0AB010BD02
:102F7000814288BF60324FF0000098BF09AA0092DA
:102F8000CDE90500CDE90300CDE90100044A8CBF7D
:102F90004CF6604148F66041E5E700BFD0500020A4
:102FA0003A51002000B54FF6FF738BB00022CDE9F7
:102FB0000522CDE90322CDE90132074A00924CF601
:102FC00040010DF126020620ADF8263009F007FB7E
:102FD0000BB05DF804FB00BF3051002000B50E4B74
:102FE0008BB00022B3F85E30ADF82430CDE9052275
:102FF000CDE90322CDE9012209AA4FF6FF73009221
:103000004FF400610DF126020720ADF8263009F0DB
:10301000E6FA0BB05DF804FBD0500020034B1A78A1
:103020001AB1FF2A04BF00221A707047DC5A002030
:1030300070B5084C084E2378F55C1DB107483E2159
:10304000E2F7A0FB2378FF22F254002323702846E6
:1030500070BD00BFDB5A0020DC5A002090710300D5
:10306000034B044A1B78D05CFF3818BF012070471F
:10307000DB5A0020DC5A002010B50849082204461B
:1030800009F0C8FDB0FA80F0228940094FF6FF73BD
:1030900040009A4208BF40F0010010BDA471030037
:1030A00030B5044685B00D4602B9084A106851682B
:1030B00001AB03C301AB03CBADF80C501B88206000
:1030C00020466160238105B030BD00BF643203003B
:1030D0001FB50146002201A8FFF7E2FF064801A93B
:1030E00009F070FB20B1F5F785F84089C0F3400086
:1030F00005B05DF804FB00BFEE24002030B585B0BC
:103100000D460022014601A8FFF7CAFF084801A9A1
:1031100009F058FB50B1F5F76DF804460146082256
:10312000284609F087FD6089C0F3400005B030BD36
:10313000EE240020F8B50546F8B11048002107F04C
:1031400071FC0446A8B10D4F2046F5F753F806462A
:10315000FFF792FF830705D408222946304609F07D
:1031600059FD38B12146384607F0B2FC0446002824
:10317000EAD10024201E18BF0120F8BDEE24002053
:1031800010B50C460146064809F01CFB30B1F5F7B6
:1031900031F843891C4214BF0120002010BD00BF3C
:1031A000EE2400201FB51446024601A8FFF778FF61
:1031B000074801A909F006FB40B134B1F5F71AF848
:1031C00014220146204609F035FD012004B010BD4F
:1031D000EE2400201FB50146002201A8FFF760FF82
:1031E000094801A909F0EEFA58B1F5F703F8438947
:1031F000024613F0020004D0507B80F00800C0F3B8
:10320000C00005B05DF804FBEE240020F7B59DF882
:10321000244001949DF8204000940D4606461F4628
:1032200009F0A9F94FF6FF718842044610D0BB0798
:1032300011D42846F6F7C2FB204609F0BCF9FF2856
:103240001FBF084A32F8103023F4804322F81030B0
:10325000204603B0F0BD02462946304609F0D7FAB1
:10326000EAE700BFFC56002073B50E46014614483D
:1032700009F0A8FA0546D8B1F4F7BCFF43893340FA
:10328000044612D09B0736B20BD5002E09DAA17B7B
:10329000437B0289007B0191012100912146FFF7C8
:1032A000B5FF638923EA06036381628912B10120B5
:1032B00002B070BD2946024807F033FCF7E700BFB3
:1032C000EE2400200148F4F7BBBD00BFEE2400202F
:1032D0002DE9F0438FB007469DF858800C461546FF
:1032E0001E46F8F783FC20B1F5F7B2FB08B144F4B1
:1032F00000544A4B1B7813B924F40074A4B220057F
:1033000009D546B904A92846F5F724FD002840D080
:1033100024F40064A4B2ADF81840ADF81A5007F0D8
:10332000FEFD3F4BADF81C00B8F1000F02D01A783B
:10333000424501D293F800803A4A8DF81E801378F6
:103340000133E105DBB213704CBF0DF1210108A977
:1033500022058DF81F3004D533680B6073684B600D
:103360000831E30405D5304A13680B6053684B609D
:1033700008310DF11808A1EB08005FFA80F900216F
:103380004846F4F7FDFF064628B900200FB0BDE817
:10339000F08304AEBFE7F4F72DFF41464A4609F03B
:1033A00089FC3046F4F742FF80463046F4F722FFAE
:1033B0000023024600935FFA88F104234FF6FF7062
:1033C00007F094FAADF80E000028DED040F20113A9
:1033D0001C421AD14FF6F7739D4216D8F4F726FF18
:1033E0000DF10E010446284600F08AFDBDF80E00DE
:1033F000F4F71CFFE4B2A04207D9BDF80E0007F0B5
:10340000C2FA437843F004034370BDF80E003A4615
:103410000121F4F78DFFBDF80E00B7E71D5A00201B
:103420002B2500201F5A0020985A0020F0B50829AB
:10343000D58889B028D00C2926D0AE0424D405F034
:1034400040030B43424C267816B105F02004234379
:103450002FB2002FB8BF43F08003032920D11223DD
:10346000AC068DF80430937A10D48DF805300DF148
:10347000060401A9621A0123D2B2F5F707F8B0FADF
:1034800080F0400909B0F0BD0B46DBE732228DF831
:1034900004208DF80530002EE9D00DF11304E8E783
:1034A0000C298DF8043009BF138953798DF8053044
:1034B0001B0A0BBF8DF806308DF805300DF10703A0
:1034C0000DF1060354881C70240A5C7014889C70EB
:1034D0000239240ADC70012914791C7111D8917AFF
:1034E0005971002F31DA1289DA710221120A9971A9
:1034F00003F109041A72002EBBD0AB06B9D505340E
:10350000B7E7A9071AD4002F0CDA117A51B1917AD2
:1035100059711189127A03F1080492B102229A7149
:10352000D971E8E70B4C2178917201F1010C84F814
:1035300000C09C1D002F5971DDDAEAE7917A9C1DCD
:10354000F8E701229A71090AEAE79C1DD3E700BF58
:103550001D5A00201E5A0020014B1870704700BFF2
:10356000155A0020F7B50D46044600212846164698
:103570001F46F7F72DF90A4B002183F859402A46D8
:10358000009733462046FFF7A7FC014630B10222E0
:103590002046F5F74BFCC0B203B0F0BD0120FBE7BD
:1035A000D0500020034B04481A780021920009F003
:1035B0005BBB00BF382500204C4B002010B5134BDF
:1035C0001B78834286B00C4612D9114900EBC0002B
:1035D00001EB400108220631204609F02BFB0022B6
:1035E0000821204607F049FC80F00100C0B206E047
:1035F000C01A01A9C0B208F0C1FF10B1002006B086
:1036000010BD01AB03CB20606160E8E738250020E6
:10361000C856002008B5074B53F820308B420246AD
:1036200006D915204FF6FF7104F009FF002008BDF0
:103630000120FCE74C4B0020024B013143F82010E5
:10364000704700BF4C4B00202DE9F3472B4EDFF8AD
:10365000B4A081460C4600279AF80030FDB2AB4278
:1036600010D86946204608F0AAFFC0B30822694670
:10367000484609F0CFFA90B34946204608F015F9BC
:10368000FE2537E006F1060808224146484609F0C3
:10369000C1FA90B94FF6FF739C422BD03388A342F6
:1036A00028D0204608F087FFFF2814D1494620463D
:1036B00002B0BDE8F047F6F7A7B914B912360137E2
:1036C000CAE73388A342F9D100220821404607F017
:1036D000D4FB0028F2D12846F6F76AF8CCE7494631
:1036E000002008F066FFFF28054603D0044B1B7836
:1036F0000344DDB2284602B0BDE8F087C85600207A
:10370000382500201B5A00200F4B1B7883420CD811
:10371000C01A0E4AC0B232F81030D90411D443F4A2
:10372000805322F8103001207047094B00EBC00095
:1037300003EB40035A79D10603D442F010025A71C8
:10374000F1E70020704700BF38250020FC5600201C
:10375000C85600202DE9F843074603F029F805462E
:103760001B4807F044FB1B4B60B31C683C1B2C44FC
:10377000A4B2194BDFF868901B78184D99F80060D7
:1037800003EB830305EB430500225FFA82F846450D
:103790000AD9AB88A34205F10A0016D9B21A0A2346
:1037A0005A43294609F046FA013689F80060AC8090
:1037B000B8F1000F03D106483946F4F74DFF28460B
:1037C000BDE8F8831D603C46D3E701320546DCE7DF
:1037D00044240020CC510020DD5A0020F655002062
:1037E000DE5A00201FB5154A154C1378013BDBB299
:1037F00013706168206801AA03C221891180114AEF
:103800001278D21805D00A235A43E118204609F04D
:1038100011FA9DF806301B070DD0BDF80C00FFF71C
:1038200099FF8288ADF8082001AA034603CA1288CE
:10383000186059601A8104B010BD00BFDD5A002025
:10384000F6550020DE5A002008B5094B0948002132
:103850001970094B1970094B1A7802EB8202520059
:1038600009F002FABDE808400548F4F791BF00BF2F
:10387000DE5A0020F6550020DD5A002036250020B3
:1038800044240020F8B5094D094F0A4E00243B7826
:103890003178E2B20B449A4204F1010400DBF8BD36
:1038A0002846F4F7CDFA0A35F1E700BFF6550020B7
:1038B000DE5A0020DD5A002010B5064C207828B1D1
:1038C000054807F00FFF10B1034B188810BDFFF734
:1038D00089FFF3E7DD5A0020F655002008B50A4AB3
:1038E0000346107860B1094A1088984209D121B97D
:1038F0009378103323F00F039370FFF773FF0120C9
:1039000008BD0020FCE700BFDD5A0020F65500206E
:103910002DE9F74F02F04CFFDFF8F8803A4CB8F889
:1039200000C0DFF8F490394D99F800701FFA80FE5E
:10393000AEEB0C039BB2019323780093002603EBBC
:10394000830305EB43033A46B246ACEB0E0CB34699
:103950005FFA86FEBE4515D3BAF1000F01D0009B79
:103960002370BA422AD3002F37D02378C8F800003A
:103970000A2202FB03532648998803B0BDE8F04FA2
:10398000F4F76ABEB3F804E001998E4512D80099A5
:1039900093F802E0A3F804B001310EF1FF3EC9B282
:1039A000013A83F802E00091D2B24FF0010A0A33E3
:1039B0000136CDE7E644A3F804E0F8E789F80020F3
:1039C0004AB12378C8F800000A2202FB03531048CA
:1039D0009988F4F741FE237813B903B0BDE8F08F5E
:1039E000FFF76AFF06460028F5D006F000FF014603
:1039F000304607F074FE20B100212888FFF76EFFE3
:103A0000E9E76621F9E700BFDD5A0020F6550020FE
:103A100044240020CC510020DE5A002038B50E4B43
:103A200005460E481C88F4F703FE012D0CD10C4B03
:103A30001C88FA21614358B1884209D28408012CBC
:103A4000204638BF012038BD022D08BF0224F0E710
:103A50000248F4F701FEF2E7F2550020EC4B00209B
:103A6000F055002008B5064B064801221A700021C7
:103A7000F4F7F2FDBDE808400020FFF7CFBF00BF1C
:103A8000085A0020EC4B00201E4B1A8802F1080354
:103A90009BB2012B73B502D81B4B1B7823B902B024
:103AA000BDE87040F4F774BE184B194D00241C702B
:103AB000184B1C702B787BB1174E4FF6FC7300939C
:103AC000308823462246214608F008FD4FF6FD7354
:103AD0002C70338001200FE0104B1046197807F04E
:103AE000FCFD0028F6D10C4B1A884FF6FD739A4264
:103AF000F0D001232B70022002B0BDE87040FFF728
:103B00008DBF00BFF4550020085A00200B5A00203A
:103B1000095A00200A5A0020EE5500200C5A0020B5
:103B2000012808B50AD002280CD020B9084B18701B
:103B30000848F4F72DFE4FF0FF3008BDBDE80840FF
:103B4000FFF790BFBDE808400020FFF767BF00BF48
:103B5000085A0020EC4B002002280CD859B1064A24
:103B600013780133DBB21370044A12789A4202D8F8
:103B70000220FFF7D5BF70470A5A00200D5A0020D7
:103B800038B500F15703DBB2012B04460D4615D8BA
:103B90000D4A13780133DBB213700C4A12789A4243
:103BA0000CD80B4B19884FF6FD72914201BF1D8056
:103BB000084B00221A700020FFF730FF29462046EC
:103BC000BDE8384003F092B90B5A00200E5A00208D
:103BD000EE550020095A0020064A00231370064AB9
:103BE0001370064A4FF6FD711180054A1370054A9D
:103BF000137070470B5A00200A5A0020EE5500201F
:103C0000095A0020085A002030B5094B1B7802469B
:103C100033B1084B084C19780023D8B2884201D33D
:103C2000FF2004E0013334F823509542F5D130BD34
:103C300035250020105A0020CE550020054B06489F
:103C400000221A70054BFF211970054B1A7892005B
:103C500009F00AB8105A0020D25500200F5A00204F
:103C600035250020F7B58DF807100DF10701044642
:103C700003F089F8234B1D78002D41D02046FFF733
:103C8000C3FF214E214B3178FF2805D1204A1078FF
:103C900085422DD9451C1570884219D01C4A1B4DF0
:103CA00092F800C00022D7B2BC450CD92F46013291
:103CB00097F803E0864505F10405F4D102B203EB61
:103CC0008202D278FA7002B203EB8202D1703070B5
:103CD00002B203EB820123F82240FF228A709DF892
:103CE0000720FF2A02D003EB8203987003B0F0BDD7
:103CF0000A46104603EB8202D278FF2AF9D1CBE7BD
:103D0000FF20F3E7352500200F5A0020D255002070
:103D1000105A00202DE9F843FFF776FFFF280446EC
:103D20006AD0364FDFF8E080354E03B24FF6FF72AF
:103D300027F8232098F80050A54202D10020BDE8C2
:103D4000F88320B23378810007EB8000A34290F81B
:103D500003E011D0294A00235FFA83F94D459446C8
:103D600007D99CF80390A14503F1010302F1040275
:103D7000F2D18CF803E001E086F800E0013DEDB2FD
:103D80002A1BD2B204319200394408F053FF88F85C
:103D900000503378FF2B04D0A34224BF03F1FF333C
:103DA0003370164B00214FF6FF70CAB2AA420CD3F3
:103DB000144A00234FF6FF71DCB2AC42BAD2013391
:103DC00032F823008842F7D1B4E79A78A2420BD1A7
:103DD0001880DA78FF2A04D0A24224BF02F1FF3211
:103DE000DA7001310433E0E7FF2AF2D0A24224BFA7
:103DF00002F1FF329A70ECE70320A0E7D2550020D1
:103E00000F5A0020CE550020105A0020F8B51C4B48
:103E10001B780546084673B3FFF7F6FEFF280446F5
:103E200029D02846FFF7F0FEFF2806D0154B164E86
:103E30001A780023D9B2914218D3FF212846FFF700
:103E400011FFFF28014616D0104F054623B207EB9D
:103E5000830237F823009678FFF704FFA84208BFD3
:103E6000FF25FF2E214608D12846F8BD013316F85C
:103E700023108142DED1FF25F6E73446E6E700BF96
:103E800035250020105A0020D0550020D2550020A2
:103E90002DE9FF414FF0000C9DF828508DF80FC020
:103EA0000DF10F0CCDE9005C1F460646884614460E
:103EB00002F039FF9DF80F3093B941463046E9F7DB
:103EC0004DFA0E4B1B785BB10B2C09D83046FF2105
:103ED000FFF7C8FE05EB44040646E4B2A54202D152
:103EE00004B0BDE8F0812946384606F00CFF3146A3
:103EF000FFF7B8FE02350646EDB2EFE735250020A4
:103F00002DE9F34700230DF107028DF80730044631
:103F10000E4602F023FF9DF80730054663B92046A0
:103F2000FFF772FE04465EB13088F4F77FF95FFA5E
:103F300080F8FF2C46D10025284602B0BDE8F08766
:103F4000B046F6E701320C2AF5D02DB207EB850515
:103F5000AD78FF2DF6D112F0FF0AECD04FEA4A05FA
:103F60000235EDB2002EE7D008EB0501C9B23046AC
:103F700006F063FE0028DED1308852464146F4F751
:103F80003DFB0AF1FF3208F1010108F10209308816
:103F9000D2B2C9B25FFA89F9F4F730FB24B207EB69
:103FA0008404A478FF2CC7D023B2308837F82320AC
:103FB000494606F0B8FE0028BDD109F102095FFAB2
:103FC00089F9EBE7014F25460022BEE7D2550020D4
:103FD00081F0004102E000BF83F0004330B54FEABA
:103FE00041044FEA430594EA050F08BF90EA020F27
:103FF0001FBF54EA000C55EA020C7FEA645C7FEABA
:10400000655C00F0E2804FEA5454D4EB5555B8BFDC
:104010006D420CDD2C4480EA020281EA030382EA4D
:10402000000083EA010180EA020281EA0303362DDF
:1040300088BF30BD11F0004F4FEA01314FF4801CB2
:104040004CEA113102D0404261EB410113F0004FC4
:104050004FEA03334CEA133302D0524263EB43037B
:1040600094EA050F00F0A780A4F10104D5F1200E19
:104070000DDB02FA0EFC22FA05F2801841F1000174
:1040800003FA0EF2801843FA05F359410EE0A5F148
:1040900020050EF1200E012A03FA0EFC28BF4CF079
:1040A000020C43FA05F3C01851EBE37101F000452F
:1040B00007D54FF0000EDCF1000C7EEB00006EEB3C
:1040C0000101B1F5801F1BD3B1F5001F0CD34908C6
:1040D0005FEA30004FEA3C0C04F101044FEA44521D
:1040E00012F5800F80F09A80BCF1004F08BF5FEAA4
:1040F000500C50F1000041EB045141EA050130BD84
:104100005FEA4C0C404141EB0101013C28BFB1F595
:10411000801FE9D291F0000F04BF01460020B1FAE0
:1041200081F308BF2033A3F10B03B3F120020CDAB3
:104130000C3208DD02F1140CC2F10C0201FA0CF091
:1041400021FA02F10CE002F11402D8BFC2F1200CF6
:1041500001FA02F120FA0CFCDCBF41EA0C019040AC
:10416000E41AA2BF01EB0451294330BD6FEA0404F5
:104170001F3C1CDA0C340EDC04F11404C4F12002E0
:1041800020FA04F001FA02F340EA030021FA04F3F2
:1041900045EA030130BDC4F10C04C4F1200220FA49
:1041A00002F001FA04F340EA0300294630BD21FA87
:1041B00004F0294630BD94F0000F83F4801306BF4D
:1041C00081F480110134013D4EE77FEA645C18BF41
:1041D0007FEA655C29D094EA050F08BF90EA020FD8
:1041E00005D054EA000C04BF1946104630BD91EAD0
:1041F000030F1EBF0021002030BD5FEA545C05D1D3
:104200004000494128BF41F0004130BD14F5800411
:104210003CBF01F5801130BD01F0004545F0FE4185
:1042200041F470014FF0000030BD7FEA645C1ABFBA
:10423000194610467FEA655C1CBF0B46024650EAF1
:10424000013406BF52EA033591EA030F41F400211D
:1042500030BD00BF90F0000F04BF0021704730B5A3
:104260004FF4806404F132044FF000054FF0000178
:1042700050E700BF90F0000F04BF0021704730B539
:104280004FF4806404F1320410F0004548BF40420E
:104290004FF000013EE700BF42004FEAE2014FEA63
:1042A00031014FEA02701FBF12F07F4393F07F4F3E
:1042B00081F06051704732F07F4208BF704793F041
:1042C0007F4F04BF41F40021704730B54FF4607454
:1042D00001F0004521F000411CE700BF50EA010257
:1042E00008BF704730B54FF000050AE050EA010200
:1042F00008BF704730B511F0004502D5404261EB70
:1043000041014FF4806404F132045FEA915C3FF4B0
:10431000D8AE4FF003025FEADC0C18BF03325FEA4D
:10432000DC0C18BF033202EBDC02C2F1200300FAFE
:1043300003FC20FA02F001FA03FE40EA0E0021FA23
:1043400002F11444BDE600BF70B54FF0FF0C4CF411
:10435000E06C1CEA11541DBF1CEA135594EA0C0FC3
:1043600095EA0C0F00F0DEF82C4481EA030621EAFE
:104370004C5123EA4C5350EA013518BF52EA033539
:1043800041F4801143F4801338D0A0FB02CE4FF0EB
:104390000005E1FB02E506F00042E0FB03E54FF01B
:1043A0000006E1FB03569CF0000F18BF4EF0010E13
:1043B000A4F1FF04B6F5007F64F5407404D25FEA0F
:1043C0004E0E6D4146EB060642EAC62141EA5551C2
:1043D0004FEAC52040EA5E504FEACE2EB4F1FD0C04
:1043E00088BFBCF5E06F1ED8BEF1004F08BF5FEA82
:1043F000500E50F1000041EB045170BD06F0004634
:1044000046EA010140EA020081EA0301B4EB5C04E0
:10441000C2BFD4EB0C0541EA045170BD41F48011D8
:104420004FF0000E013C00F3AB8014F1360FDEBFFD
:10443000002001F0004170BDC4F10004203C35DAD9
:104440000C341BDC04F11404C4F1200500FA05F35C
:1044500020FA04F001FA05F240EA020001F00042FD
:1044600021F0004110EBD37021FA04F642EB060173
:104470005EEA430E08BF20EAD37070BDC4F10C049D
:10448000C4F1200500FA04F320FA05F001FA04F261
:1044900040EA020001F0004110EBD37041F100014D
:1044A0005EEA430E08BF20EAD37070BDC4F1200558
:1044B00000FA05F24EEA020E20FA04F301FA05F2C0
:1044C00043EA020321FA04F001F0004121FA04F268
:1044D00020EA020000EBD3705EEA430E08BF20EA38
:1044E000D37070BD94F0000F0FD101F00046400072
:1044F00041EB010111F4801F08BF013CF7D041EAF4
:10450000060195F0000F18BF704703F000465200F7
:1045100043EB030313F4801F08BF013DF7D043EAC8
:104520000603704794EA0C0F0CEA135518BF95EA7E
:104530000C0F0CD050EA410618BF52EA4306D1D105
:1045400081EA030101F000414FF0000070BD50EA24
:10455000410606BF1046194652EA430619D094EAAE
:104560000C0F02D150EA013613D195EA0C0F05D198
:1045700052EA03361CBF104619460AD181EA0301EC
:1045800001F0004141F0FE4141F470014FF00000A4
:1045900070BD41F0FE4141F4780170BD70B54FF03F
:1045A000FF0C4CF4E06C1CEA11541DBF1CEA1355BF
:1045B00094EA0C0F95EA0C0F00F0A7F8A4EB0504A1
:1045C00081EA030E52EA03354FEA013100F0888098
:1045D0004FEA03334FF0805545EA131343EA126361
:1045E0004FEA022245EA111545EA10654FEA002616
:1045F0000EF000419D4208BF964244F1FD0404F5CF
:10460000407402D25B084FEA3202B61A65EB03052A
:104610005B084FEA32024FF480104FF4002CB6EBE7
:10462000020E75EB030E22BFB61A754640EA0C0067
:104630005B084FEA3202B6EB020E75EB030E22BFA7
:10464000B61A754640EA5C005B084FEA3202B6EBE8
:10465000020E75EB030E22BFB61A754640EA9C00A7
:104660005B084FEA3202B6EB020E75EB030E22BF77
:10467000B61A754640EADC0055EA060E18D04FEA35
:10468000051545EA16754FEA06164FEAC30343EAD5
:1046900052734FEAC2025FEA1C1CC0D111F4801FA2
:1046A0000BD141EA00014FF000004FF0004CB6E79B
:1046B00011F4801F04BF01430020B4F1FD0C88BF3A
:1046C000BCF5E06F3FF6AFAEB5EB030C04BFB6EB45
:1046D000020C5FEA500C50F1000041EB045170BD38
:1046E0000EF0004E4EEA113114EB5C04C2BFD4EB65
:1046F0000C0541EA045170BD41F480114FF0000EE9
:10470000013C90E645EA060E8DE60CEA135594EA64
:104710000C0F08BF95EA0C0F3FF43BAF94EA0C0F67
:104720000AD150EA01347FF434AF95EA0C0F7FF4DC
:1047300025AF104619462CE795EA0C0F06D152EA30
:1047400003353FF4FDAE1046194622E750EA410614
:1047500018BF52EA43067FF4C5AE50EA41047FF425
:104760000DAF52EA43057FF4EBAE12E74FF0FF3C8A
:1047700006E000BF4FF0010C02E000BF4FF0010C5B
:104780004DF804CD4FEA410C7FEA6C5C4FEA430CD4
:1047900018BF7FEA6C5C1BD001B050EA410C0CBF23
:1047A00052EA430C91EA030F02BF90EA020F002085
:1047B000704710F1000F91EA030F58BF994208BFEC
:1047C00090422CBFD8176FEAE37040F001007047A9
:1047D0004FEA410C7FEA6C5C02D150EA013C07D100
:1047E0004FEA430C7FEA6C5CD6D152EA033CD3D04B
:1047F0005DF8040B704700BF8446104662468C4645
:104800001946634600E000BF01B5FFF7B7FF002877
:1048100048BF10F1000F01BD4DF808EDFFF7F4FFA0
:104820000CBF012000205DF808FB00BF4DF808ED2B
:10483000FFF7EAFF34BF012000205DF808FB00BF4E
:104840004DF808EDFFF7E0FF94BF012000205DF870
:1048500008FB00BF4DF808EDFFF7CEFF94BF012025
:1048600000205DF808FB00BF4DF808EDFFF7C4FF1E
:1048700034BF012000205DF808FB00BF4FEA410271
:1048800012F5001215D211D56FF47873B3EB6252A2
:1048900012D94FEAC12343F0004343EA505311F0C9
:1048A000004F23FA02F018BF404270474FF000005B
:1048B000704750EA013005D111F0004008BF6FF099
:1048C000004070474FF00000704700BF4A0011D20F
:1048D00012F5001211D20DD56FF47873B3EB62525A
:1048E0000ED44FEAC12343F0004343EA505323FA66
:1048F00002F070474FF00000704750EA013002D1DB
:104900004FF0FF3070474FF00000704753B94AB97D
:10491000002908BF00281CBF4FF0FF314FF0FF30C7
:1049200000F06AB9ADF1080C6DE904CE00F006F8AC
:10493000DDF804E0DDE9022304B070472DE9F0471B
:10494000089D0C46002B4ED194468C458646B2FA03
:1049500082F262D94AB1C2F12003914020FA03F3F6
:104960000CFA02FC194300FA02FE4FEA1C471FFA38
:104970008CF6B1FBF7F44FEA1E4307FB141143EA30
:10498000014304FB06F199420AD91CEB030304F12D
:10499000FF3080F01381994240F21081023C634461
:1049A000591A1FFA8EF3B1FBF7F007FB101143EA17
:1049B000014300FB06F69E420AD91CEB030300F1FB
:1049C000FF3180F0FD809E4240F2FA80634402385D
:1049D0009B1B40EA044000211DB1D3400022C5E9E1
:1049E0000032BDE8F0878B4205D90DB1C5E9000161
:1049F00000210846F5E7B3FA83F1002946D1A34226
:104A000002D39042C0F0F180861A64EB03030120C8
:104A1000002DE6D0C5E90063E3E7002A40F091806D
:104A2000A1EB0C044FEA1C481FFA8CF70121B4FBE0
:104A3000F8F64FEA1E4308FB164443EA044307FB1B
:104A400006F0984208D91CEB030306F1FF3402D2AA
:104A5000984200F2CE8026461C1A1FFA8EF3B4FB51
:104A6000F8F008FB104443EA044300FB07F79F42B9
:104A700008D91CEB030300F1FF3402D29F4200F27D
:104A8000B1802046DB1B40EA0640A5E7C1F12006C5
:104A90008B4022FA06F71F4320FA06FC04FA01F3C2
:104AA00043EA0C03F44000FA01F8380C4FEA1349CA
:104AB000B4FBF0FE1FFA87FC00FB1E4449EA0444E5
:104AC0000EFB0CF9A14502FA01F20AD93C190EF1CC
:104AD000FF3A80F08580A14540F28280AEF1020E5F
:104AE0003C44A4EB09041FFA83F9B4FBF0F300FB88
:104AF000134449EA044403FB0CFCA44507D93C19C0
:104B000003F1FF3068D2A44566D9023B3C4443EA36
:104B10000E40A0FB0293A4EB0C049C42CE469C46A4
:104B200052D34FD055B1B8EB0E0364EB0C0404FA2A
:104B300006F6CB40CC401E43C5E900640021BDE829
:104B4000F087C2F1200320FA03F10CFA02FC24FAE8
:104B500003F394400C434FEA1C4800FA02FE1FFA8C
:104B60008CF7B3FBF8F008FB1031230C43EA014348
:104B700000FB07F1994208D91CEB030300F1FF3653
:104B80002CD299422AD9023863445B1AA4B2B3FBEF
:104B9000F8F108FB113344EA034401FB07F3A34295
:104BA00008D91CEB040401F1FF3613D2A34211D93A
:104BB00002396444E41A41EA004138E70446EFE66A
:104BC000084605E7C845ADD2B9EB020E63EB070C0A
:104BD0000138A7E73146EDE7034698E73046D4E7CA
:104BE000D6467EE7634402384CE70646234608462D
:104BF0000EE7023E63442FE7704700BF08B5064B3F
:104C0000044613B10021AFF30080044B1B6803B1CD
:104C10009847204600F0DBFD000000000C53002008
:104C2000024B0146186800F0DBB900BF6424002085
:104C3000014808F033B800BFDF5A0020014808F0EF
:104C40002EB800BFDF5A0020242B2DE9F0478646FE
:104C5000904601D8012B06D100F098F91623036085
:104C60000020BDE8F08736480D462A4615F8014B6E
:104C7000065D16F00806F8D12D2C24D12C780126DB
:104C8000951C2BBB302C30D00A2306F1004C0CF1C4
:104C9000FF3C0022BCFBF3F9104603FB19CAA4F148
:104CA0003007092F28D83C46A34234DD571C07D0D3
:104CB00081452DD301D1A2452ADB00FB034001220F
:104CC00015F8014BEBE72B2C04BF2C78951CD8E78B
:104CD000102BDAD1302CD8D12A7802F0DF02582AF2
:104CE000D3D16C7810230235CFE72B7803F0DF03A4
:104CF000582BF6D00823C8E7A4F14107192F01D893
:104D0000373CD1E7A4F16107192F04D8573CCBE712
:104D10004FF0FF32D4E7531C08D12223CEF80030E5
:104D20006046B8F1000F9CD0691E06E006B1404213
:104D3000B8F1000F95D0002AF6D1C8F8001090E71E
:104D4000AF71030013460A46014602480068FFF7A8
:104D50007BBF00BF642400202DE9F043364E864619
:104D60000D46284615F8014B375D17F00807F8D1B6
:104D70002D2C26D12C780127851C3BBB302C32D022
:104D80000A234FF0FF380026B8FBF3F803FB08F9BD
:104D90006FEA09093046A4F1300CBCF1090F29D89B
:104DA0006446A34237DDB6F1FF3F07D080452FD3DD
:104DB00001D1A1452CDB00FB0340012615F8014B76
:104DC000E9E72B2C04BF2C78851CD6E7102BD8D113
:104DD000302CD6D1287800F0DF005828D1D16C785B
:104DE00010230235CDE72B7803F0DF03582BF6D0E4
:104DF0000823C6E7A4F1410CBCF1190F01D8373CD8
:104E0000CFE7A4F1610CBCF1190F04D8573CC8E7F7
:104E10004FF0FF36D2E7731C06D12223CEF80030C4
:104E2000304632B9BDE8F08307B14042002AF9D0DC
:104E300006B1691E1160F5E7AF71030013460A461B
:104E4000014602480068FFF787BF00BF64240020C6
:104E50002DE9F04F85B09046464A029089461E469D
:104E60000D462B4615F8014B175D17F00807F8D1D2
:104E70002D2C41D12C7801279D1C002E41D1302CA6
:104E80004CD00A2607F1004A07F1FF3B0AF1FF3A2E
:104E9000F3173246584651460393FFF737FD019208
:104EA00000228E46844611461046A4F13003092B99
:104EB00005D9A4F14103192B37D8A4F137039E4239
:104EC0003DDD541C15D084457EEB010234D38E4564
:104ED00008BF844502D1019A9A422DDB039A71439F
:104EE00000FB0211A6FB00020A44181842EBE37112
:104EF000012215F8014BD8E72B2C04BF2C789D1C00
:104F0000BBE7102EBED1302CBCD12B7803F0DF03D1
:104F1000582BB7D16C7810260235B3E72B7803F005
:104F2000DF03582BF6D00826ACE7A4F16103192B58
:104F300005D8A4F15703C2E74FF0FF32D9E7531C5D
:104F40000AD1029A2223136058465146B8F1000F45
:104F50000AD105B0BDE8F08F17B1404261EB4101C5
:104F6000B8F1000FF5D00AB105F1FF39C8F800908B
:104F7000EFE700BFAF71030013460A46014602483F
:104F80000068FFF765BF00BF64240020014B18686C
:104F9000704700BF6424002070B50D4D0D4C641B9C
:104FA000A4100026A64209D10B4D0C4C07F0A8FE18
:104FB000641BA4100026A64205D170BD55F8043B21
:104FC00098470136EEE755F8043B98470136F2E77B
:104FD0008825002088250020882500208C25002099
:104FE00038B50546002941D051F8043C0C1F002B70
:104FF000B8BFE418FFF71CFE1D4A136833B963609D
:1050000014602846BDE83840FFF718BEA34208D90F
:10501000206821188B4201BF19685B68091821605C
:10502000EDE71A465B680BB1A342FAD91168501834
:10503000A0420BD120680144501883421160E0D196
:1050400018685B68536008441060DAE702D90C23E3
:105050002B60D6E7206821188B4204BF19685B6873
:10506000636004BF091821605460CAE738BD00BFFF
:10507000D0510020F1F796BC0068704738B5E1F7D1
:10508000A9FB05460C46E1F7BFFB0023024621467B
:105090002846FFF73BFC38BD08B502F0B4FA0228F9
:1050A00006D00438C0B201288CBF0020012008BD02
:1050B0000120FCE7DBF7B8BD10B433B1DC6824B1E4
:1050C000A4469B695DF8044B60475DF8044B70474C
:1050D00019B10B690BB18969184770474FF46150DA
:1050E000704708B538B143692BB1806998470038DB
:1050F00018BF012008BD0120FCE708B543692BB1AA
:1051000080699847003818BF012008BD0120FCE7DE
:1051100008B501F012FCDCF7B5F901F01BFCDCF777
:1051200065FAE0F793FFF8E701440023884201D1D4
:10513000D8B2704710F8012B1344F7E770B5C2B02E
:1051400005461C464AF65523ADF8003003238DF87A
:105150000230AB8C8DF80430084611465A1CAA84E4
:105160001A0A63BA8DF803208DF80500ADF80630F1
:1051700024B119B1224602A807F09CFD04F10806EB
:1051800031466846FFF7D0FF2B680DF806001BB1CB
:1051900004F109016846984742B070BDB3F5807FBD
:1051A00001D8FFF7CBBF704790F83E324BB10023D8
:1051B00080F83E3200F59C72B0F83C320421FFF7D3
:1051C000EDBF704790F83E22B2B190F83F22013215
:1051D000D2B2032A02D880F83F227047002280F81A
:1051E0003F2290F84022072A04D8013280F840225A
:1051F000DCF7E0BDFFF7D8BF704707B501238DF896
:1052000007100DF107020621FFF798FF03B05DF8C4
:1052100004FB0321FFF7F1BF00231A460121FFF72A
:105220008DBF38B5BDF81050B5F5807F04460846EF
:1052300019461DD82B0A84F8380184F8392184F8DE
:105240003A3184F83B512DB121B12A4604F59E70C4
:1052500007F030FD0123A4F83E320023043584F822
:105260004032A4F83C522046BDE83840DCF7A2BDED
:1052700038BD2DE9F041069D9DF824800F46164665
:10528000089950B308F1FF320F2A4FF0000426D8D6
:105290003A0A02700122C270320A02711A0E827139
:1052A0001A0CC27143721A0A2B0E83722B0CC37232
:1052B0002B0A03739DF81C3047708470467102728C
:1052C00045738373C0F80F40A0F8134019B14246EC
:1052D000153007F0EFFC08F11500BDE8F08120461D
:1052E000FBE72DE9F041002405462046261D8E42AD
:1052F00001D8984201D1BDE8F0812F1915F804803A
:1053000097F801E07F887FBA1FFA87FC0CF1040C44
:1053100064448C4202F10802EDD82E44013002F8B8
:10532000088C02F807EC22F8067C42F8046CDDE7F2
:105330002DE9F047B1F80690D0F818A04D7999FA08
:1053400099F6A2B004460F46B6B201F10808BAF1C8
:10535000000F04D0036A324641462846D047204613
:10536000FFF722FF082D09D865B16B1E072B09D85E
:10537000DFE803F00B1E2B085F08A5A5232D73D0D3
:10538000242D41D022B0BDE8F0872369002BF9D04D
:10539000B9F1000FF6D008EB0602404612F8012CD6
:1053A000511E4A424A41711E22B0BDE8F0471847DB
:1053B00063691BB1206A9847014600B1032120466A
:1053C00022B0BDE8F047FFF718BF00238DF8083082
:1053D00002AA012303212046FFF7B0FEE3692BB1A7
:1053E000B9F1000F0ED0387A216A9847636923B16A
:1053F000206A9847002808BF002529462046FFF765
:10540000FCFEBFE7FF20EFE765680DB1A847054642
:10541000A3680BB198470346EB1A1BBA02932DBA47
:10542000082303950DEB030224212046FFF786FE97
:10543000A8E73146102302AA4046FFF752FF02AD0B
:1054400007460026B74207D110238DF807300DF12B
:10545000070201230521E8E7E36813B1002128468C
:10546000984701360835EDE7B9F1000F8AD0387A50
:10547000012818D1042E17D9D7F8095005202DBAC4
:10548000311A102302AA89B24044FFF72AFF0026EE
:105490000746B7420AD110238DF807300DF10702F5
:1054A00001232321C1E701200025E9E7E36823B1B7
:1054B00002AA294602EBC60098470136E9E7022313
:1054C0008DF8083002AA01232946AEE738B54FF41B
:1054D00011720D460021044607F0C6FB0FCD0FC424
:1054E0000FCD0FC42B68236038BD2DE9F84F04465B
:1054F0008A468E1800274FF001084FF05509B24533
:1055000001D1BDE8F88FD4F830211AF8011B32B967
:105510005529F4D1C4F8308184F82690EFE7012AA8
:105520000BD1AA2905D10223C4F8303184F8271001
:10553000E5E70023C4E94C33EAE7B2F5847F27D2DC
:10554000551C2244082DC4F8305182F8261009D188
:10555000A28D52BA91B2B1F5807F19D8093212B238
:10556000C4F83421D4F83421002AC8D09542C6D1D9
:10557000013D04F1260B29465846FFF7D5FD631976
:1055800093F82630834203D159462046FFF7D0FED8
:10559000C4E94C77B3E7DCF7D3BC08B5E1F74EF8C4
:1055A00000F035FBBDE80840DCF722BC08B5DEF7AB
:1055B00049FB00F026FBDEF751FBE3F72BFFE3F797
:1055C00089FFBDE80840E3F7C1BF70477047DCF7CB
:1055D00035BC08B501F0F0FABDE8084001F00DBB9C
:1055E0007047012070470120704738B5DCF720FC78
:1055F000044601F0E9F8051E18BF2546E4F744F813
:10560000041E18BF2C46FFF7ECFF002818BF2046E9
:1056100038BD38B5E0F720FE044601F0D7F804287D
:1056200017D002284FF0000508BF012401F003FB4A
:10563000042810D0022808BF0124FFF7D4FF042853
:105640000BD0022808BF0124002D18BF00242046DB
:1056500038BD0125EAE70125EFE70024F7E7FF2041
:10566000704708B5FFF7FBFF002008BD07B5002213
:105670000346009211460120E3F776F803B05DF887
:1056800004FB08B5002001F0C3FE0020E7F762F834
:105690000020E4F78FFB0020E4F778FFBDE8084026
:1056A0000020E5F74BB8012001F045BD08B5022008
:1056B000E5F7D4FC0220E5F74BF80220E7F730FBD2
:1056C000BDE808400220E5F785BA704701F046BF03
:1056D0007047E4F701BB70477047704770477047E9
:1056E00010B50446E5F79CF92046BDE81040E4F704
:1056F00023BE01F03ABD01F044BDE4F751BF70474D
:1057000070477047704770477047704770477047E1
:1057100070477047E4F7C8BF70477047704782B062
:105720006B4683E8060093E8060002B0E4F7A2B8EF
:10573000704770477047DBF7C5B902F018BB704778
:1057400000207047DBF77EB902F01FBBFEE74FF485
:10575000004070474FF47A70704700230360704731
:1057600003680B600160704710B538B132B129B1E0
:1057700000230139D45C14B90023037010BD8B429F
:10578000FAD200F8014B0133F4E7034638B10020A8
:10579000814204D01A5C02B970470130F8E77047C3
:1057A0004FF0FF31FFF7F1BF70B50C4616460546C6
:1057B00060B15AB151B1FFF7F3FF844206D9211A03
:1057C00032462844BDE87040FFF7CEBF70BDFEE70B
:1057D000D0E900031847437810B5012204780C2162
:1057E0009A40302313FB0413817803F1804303F5BF
:1057F000204319B903F180631A6010BD03F1C0633F
:10580000FAE7437810B5012204780C219A4030233E
:1058100013FB0413817803F1804303F5204319B986
:1058200003F1C0631A6010BD03F18063FAE74178A9
:10583000037801228A4030214B4303F1804303F572
:1058400020439A617047024600780C21302313FBF5
:10585000001303F10473517803F5204301EBC303F4
:105860009B0018689378C0B213B9B0FA80F0400971
:105870007047704713B5044601A8DEF75FF89DF83E
:105880000630238040F201136380DEF775F8606014
:10589000002002B010BDDDF709BF08B5DDF7F6FE48
:1058A000002008BD10B5044644EA010313F00303C9
:1058B000084609D1934201D1002010BD54F82310AD
:1058C00040F823100133F5E79200214607F0F2F982
:1058D000F2E7704708B5DCF72BFE013008BDEFF3A7
:1058E000108072B6704700B962B67047602383F3C8
:1058F00011887047EFF31180602383F3118870479C
:1059000080F31188704784B00B6800934B68019353
:105910008B680293CB680393009B0360019B036039
:10592000029B0360039B0360002300930193029397
:10593000039304B0704784B0036800930368019335
:105940000368029303680393009B0B60019B4B6009
:10595000029B8B60039BCB60002300930193029317
:10596000039304B0704730B5D1E90223D1E9005464
:10597000056004600260036030BD30B505680468EE
:1059800002680368C1E90054C1E9022330BD7FB554
:105990008A0704460B4610D06D4601F110061868C0
:1059A00059682A4603C20833B3421546F7D16946FF
:1059B0002046FFF7D8FF04B070BD0091009904B0F5
:1059C000BDE87040FFF7CFBF30B58B0785B00C4600
:1059D00010D06946FFF7D1FF0D46234604AC2A4696
:1059E00003CAA24218605960154603F10803F6D1B4
:1059F00005B030BD0091009905B0BDE83040FFF71B
:105A0000BCBF00F1424303F58013102A10B54FEAE2
:105A100043130AD101221A6000F58870FFF773FF63
:105A20001031BDE81040FFF76EBF00221A6024302D
:105A3000F7E7F0B50B46990789B0044615462DD017
:105A4000082A19D16D4603F11006186859682A46CC
:105A500003C20833B3421546F7D1082269462046EF
:105A6000FFF7CFFF03226B460020013A186003F1D5
:105A70000403FAD209B0F0BD6E4603F1200718689E
:105A80005968324603C20833BB421646F7D12A464C
:105A900069462046FFF7B5FF0722E4E70093009927
:105AA00009B0BDE8F040FFF7ACBF10B52030FFF7FC
:105AB00042FF102A04D1BDE810401031FFF73BBF70
:105AC00010BD30B58B0789B00C46154625D0694608
:105AD000FFF7EBFF082D6A4613D104AD134603CB45
:105AE000AB42206061601A4604F10804F6D103223B
:105AF0006B460020013A186003F10403FAD209B0A2
:105B000030BD08AD134603CBAB42206061601A463E
:105B100004F10804F6D10722EAE70091009909B0E0
:105B2000BDE83040FFF7C1BF704770477047DDF7F1
:105B3000EFB9DDF77FB970B505460E461446FFF79D
:105B4000CEFE2B685C4034405C402C60BDE8704069
:105B5000FFF7C9BEDDF7F2BD38B5DDF74BFF8B7C33
:105B600004460D461BB1036843F080430360EB7CA1
:105B70001BB12B7D43F08003A3652A8A6B7B134303
:105B8000EA89134363602B7BD5E901122046DDF7D8
:105B9000FFFE6B7D1BB1236843F480332360AB7D34
:105BA0001BB1236843F400432360EB7D2A7E1B076F
:105BB000120502F4E00203F0E04313432366636F2F
:105BC00023F030036367626F6B7E134363672B7848
:105BD000E36038BD03691B06FCD5C069C0B27047DD
:105BE00003695B06FCD541637047002070470020C5
:105BF00070470020704701207047012070470F2038
:105C00007047EAF771BB4FF0FF3003F067BF704792
:105C100070B504460D46FFF762FEA36A102B0646D8
:105C200004F10501284614BF10220822FFF701FFE6
:105C300005F1840004F14C01FFF7A9FE3046BDE8F0
:105C40007040FFF750BE2DE9F043074685B0164679
:105C50001C460D4631B9DEF713F8054601463846B5
:105C6000FFF7D6FF44B3FFF73AFE97F8423080467D
:105C7000F3B10E2200210DF1020006F0F5FF0E2C0B
:105C8000BB8DA14628BF4FF00E095BBA31464A468C
:105C90000DF10200ADF8003007F00CF86946284617
:105CA000DEF712F80023A4EB09044E4487F84230D3
:105CB0002CB94046FFF717FE05B0BDE8F083102C65
:105CC00027464FF0100228BF10270021684606F033
:105CD000CBFF31463A46684606F0ECFF6946284657
:105CE000DDF7F2FFE41B3E44E2E72DE9F04F8BB015
:105CF0000546DDF85080169E17469A460C464FF032
:105D0000010900297BD1DDF7BBFFCDF800900446E7
:105D10002B6E2F714FF000095FFA88F7EB62C5F820
:105D2000449085F86C704246514605F15C00019341
:105D300006F0C0FF159A019BC7F10F0B023AC7F19D
:105D40000E07B3EB0903FFB24FEA520247EAC20261
:105D500018BF012342EA8313514642460DF1090060
:105D60008DF8083006F0A6FF06AA4B465FFA8BFBBB
:105D70009146D9B28B4547D8002E59D1666026602E
:105D8000FFF7ADFDAB6A0190102B14BF1022082263
:105D9000691D2046FFF74DFEC4F8886002A9C4F8CB
:105DA00088602046C4F88860C4F88860DDF78CFFFE
:105DB0000198FFF798FD424651460DF119008DF804
:105DC000187006F077FF08F101005A463146484442
:105DD00006F04AFF01238DF82730FFF780FD04F11C
:105DE0008407064649463846FFF7D1FD3046FFF79F
:105DF0007AFD009B6BB900200BB0BDE8F08F00234B
:105E000080F84290009383E702F8016D0133360A6F
:105E1000AFE7FFF764FD05F14C0106463846FFF792
:105E2000D3FD3046FFF75FFD2046DDF733FFE2E7A5
:105E30006FF08600E0E701440023884200D17047FC
:105E400000F8013BF9E72DE9FF47DDF83890DDF870
:105E500048800C46064617469A46DDF711FF0C9B14
:105E6000C6F86090224600930146CDE901870546B9
:105E700053463046FFF739FF0446C8B90D9A4B46E2
:105E800029463046FFF7DFFE3FB1109B00933A46AC
:105E90000F9B29463046DDF781FF119A434629467C
:105EA0003046DDF71FFF044610B92846DDF7F2FE45
:105EB000204604B0BDE8F0872DE9F8431546894631
:105EC00007469846DDF7DCFE002343600360044686
:105ED000FFF705FDB9F1100F14BF10220822394653
:105EE000064604F180072046FFF7A3FD41463846E9
:105EF000FFF74DFD3046FFF7F6FC012D0CBF0523E3
:105F00000623A360256915F00205FBD1FFF7E7FC26
:105F1000089906463846FFF757FD3046FFF7E3FC81
:105F20002046DDF7B7FE2846BDE8F8832DE9F041AD
:105F300090461E46054678B38B422DD1DDF7A0FE74
:105F40000023436003600446FFF7C9FC102E074698
:105F500014BF1022082229462046FFF76AFD384662
:105F6000FFF7C1FC0523A360256915F00205FBD1ED
:105F7000FFF7B5FC102E14BF102208224146074639
:105F80002046FFF79EFD3846FFF7ADFC2046DDF7C3
:105F900081FE2846BDE8F0816FF08600FAE7704781
:105FA0000020704700207047C3681944836853F885
:105FB000210030F8023B1360704710B5012380F8D0
:105FC00088300378044653B100F064FA2146204635
:105FD000DEF772FB2046BDE8104000F050BA10BD5D
:105FE00038B50D460446DEF74FFB6B68C4F8B03297
:105FF000A968204600F098F94FF0FF33C4F8B43296
:106000002046FFF7CDFF38BDD0F8B432013310B5CC
:10601000044601D0002010BD00F0BFFAC4F8B4025D
:106020000130F7D194F8B80280F00100F3E708B529
:10603000DEF764FB08BD0A782D2A08BF012200F1B3
:10604000FF300CBF89180022DEF7A2BB07281BD83F
:10605000DFE800F0060A0D10131504170120704741
:1060600000220820DEF794BB00221020FAE700226D
:106070002020F7E70820FFF7DEBF1020FBE72020F5
:10608000F9E70846DEF7E6BB002070472DE9F74345
:106090000728DDE90A760C4690461D4608D80138E7
:1060A00006280AD8DFE800F01D27303A44574A0096
:1060B000212850D003B0BDE8F083002211462046CD
:1060C000FEF7BCFE3368C0B205EB83013A6845F8C1
:1060D0002300013348F8221033603B6801333B60F2
:1060E000E8E7002211462046FEF7A8FE336880B29A
:1060F00005EB8301EAE7002211462046FEF79EFEEB
:10610000336805EB8301E1E7002211462046FEF7E4
:1061100019FE336840B205EB8301D7E70022114630
:106120002046FEF70FFE336800B205EB8301CDE792
:10613000002211462046FEF705FEE1E700238DF818
:10614000063089461E461D4619F8013F7D2B06D1B3
:1061500025702D0A65703B6848F82340BDE7202B69
:10616000F2D006F00102013612B98DF80430EBE7E7
:106170001022002101A88DF80530FEF7E3FD631918
:1061800001359870ADB2DFE72DE9F04F9B4685B041
:1061900000238B45CDE902338146884692466BDC6D
:1061A0001A461E4619F80340FF2C08D15B4496B1ED
:1061B000013B434516DD2B2005B0BDE8F08F172CC1
:1061C00004D8102C28BF01220133EBE7203C012C1E
:1061D00098BF0126F8E762B1013B4345EBDC354649
:1061E000374602E000252F462E46454504DB0020B9
:1061F000E2E79845F3D0DEE75D453BDB19F8073071
:10620000202B18D109EB07035B78FF2BD3D1CEB934
:106210005AF825102046FFF719FF78B303AB019316
:1062200002AB00935AF82510DDE90E232046FFF754
:106230002DFF0135D9E7212B0ED109EB07035B7840
:10624000FF2BB8D1029B0E995AF8252041F8232044
:10625000013302930126ECE7A3F11004072C02D9C5
:1062600001371C46D3E709EB07035B78FF2BA2D16C
:10627000E4B2CCE70624CAE721209DE726209BE76D
:106280002DE9F04F85B0DDE90FABDDF8449007460E
:106290000E46154698460446206808B3DAF80020F2
:1062A000D8F800108A421BDA0E9B53F82210DBF755
:1062B000A1FF48BBDAF800200132CAF8002062686A
:1062C000117BFE291BD10E9B10680093CDE902B90A
:1062D000CDF804A043462A460121FFF7D1FF04462A
:1062E0002B7843B999F800302BB97EB1012389F896
:1062F00000303C462B70204605B0BDE8F08F0123EE
:106300008BF800302B70EBE70C34C5E73446F2E72E
:1063100010B50446236803B910BD237A13B920468B
:10632000DEF7CEFA0C34F5E710B541B10A7932B98F
:1063300001249C300C71FFF713FA204610BD002099
:10634000FCE72DE9F041BAB005460AAA084603A9C0
:1063500000F05FF90446B0B90DF10A0301930DF1A5
:106360000B038DF80A0000930AAA04AB03A9284680
:10637000DEF76CFC9DF80A20B2B19DF80B2048B105
:106380002AB1DEF79DFA20463AB0BDE8F081FFF76A
:10639000BFFFF8E7D5F89C50002DF4D0A86808B1ED
:1063A000FFF7B6FF2D68F7E700B3466803991AAB0D
:1063B00006F10C082AAF01930097049B0AAA4046F5
:1063C000FFF7E2FE04460028DDD1039B0595CDE9E9
:1063D0000637049B05A8CDE90838E0F75BFF05A860
:1063E0003368984705A800F024FBCCE72D24CAE7C2
:1063F00010B50446AC3006F06BFC04F1AB031A1880
:106400000020934200D110BD13F8011F0029FAD0DB
:106410000A2908BF0130F4E70023F0B50B601360D0
:106420000646D0F8AC0278B196F8AC0060B1012411
:1064300006F1AC07D6F8AC02844211D306F1AC00E9
:10644000B3F5007F11D30120F0BD0D6801350D605B
:10645000156801351560F85C0A2803F1010302D0C4
:10646000B3F5007FF1D30134E4E7C15C0A29EAD037
:106470000029E8D01168013111600133E0E710B55F
:10648000D0F88C200021044606F0EEFB0023C4E97E
:10649000243310BD73B5044600F1AC0580212046BD
:1064A000FFF773F94FF4007106462846FFF76DF9C0
:1064B0000136C0F50070864220461FD806F008FC61
:1064C0000646284606F004FC0136421C2946A81957
:1064D00006F0B0FB204606F0FBFB214602462846AC
:1064E00006F0E8FB204606F0F3FB20440A2380F880
:1064F000AC300023C4F8AC3202B070BDFFF778FFB7
:1065000001AAC4F8AC0269462046FFF785FF009B4C
:106510002344002283F8AC20C0E773B50D4604463F
:10652000FFF766FF6B1C1FD1D4F8AC3213B1013BEF
:10653000C4F8AC320025204606F0CAFBA8421BD89E
:106540002046FFF79CFFD4F8AC325BB101AA694644
:106550002046FFF761FF28B1009D04F1AC06019BC6
:10656000AB4214D802B070BD012DFBD1D4F8AC32CF
:106570008342F7D20133DBE7082000F01DF820202A
:1065800000F01AF8082000F017F80135D3E7715D24
:106590002046DEF78DFC0135E1E707B500200DF15F
:1065A000070100F0EFF820B99DF8070003B05DF88F
:1065B00004FB4FF0FF30F9E710B5C1B204460020EC
:1065C00000F0D0F800280CBF20464FF0FF3010BD7F
:1065D0000FB407B504A951F8040B0191E7F73EFD8C
:1065E000002003B05DF804EB04B0704710B54C1CFC
:1065F0000B460119045D222C03D07B2C01D05C2CAE
:1066000005D1D21A184406F015FB012010BD002058
:10661000FCE72DE9F04705469146884606F058FB11
:106620002A4606461346013219782029FAD0C9F8BD
:1066300000305C1B0123C8F800306FF0404AA642CE
:1066400001D8002015E02F5D7B2F05EB040112D04F
:10665000222F2ED1D8F80030621C53442A4449F826
:106660002320012C09D911F8013C13F0DF0F04D0CD
:106670002120BDE8F0877D27F3E701342B5DBB4285
:1066800009D12B195B7813F0DF03F1D1222F00D150
:106690002B550134D3E75C2B07D1324621462846DF
:1066A000FFF7A4FF0028E3D0013E0134A642E5D85D
:1066B000DEE75C2F08D1324621462846FFF796FFD9
:1066C0000028D5D0013EE4E7202FE2D1631C002250
:1066D000B3420A70DDD2EA18EB5C202BD9D0D8F88F
:1066E00000300F2B05DC49F823200133C8F80030B7
:1066F000CFE71E20BDE713B50223002468460094AF
:106700008DF804408DF80530DCF7B4FC204602B06B
:1067100010BD70B50C46154610B9DEF72BFD38B12B
:1067200043682BB12A4621460068BDE870401847EF
:10673000232070BDF7B50D4616461C4648B103B977
:1067400001AC87685FB12346324629460068B847E6
:1067500006E0DEF70FFD04B901AC0028F1D12320DB
:1067600003B0F0BD07B501228DF807100DF1070148
:10677000FFF7CFFF03B05DF804FB0B460146184658
:10678000FFF7F0BF00230122FFF7D4BF0EB403B51B
:1067900003AA52F8041B0192DEF7F8FC02B05DF880
:1067A00004EB03B0704708B5DEF704FD80B208BD06
:1067B00008B5DEF7FFFC08BD08B5FFF7F9FFFA23BF
:1067C000B0FBF3F080B208BD012070470420704791
:1067D00040F20160DEF7B8BF704770477047032092
:1067E00000F020B8012070470020704749BA89B2F4
:1067F00080EA0103C3F303125340180380B25840E8
:106800005B0103F4FF535840704742DE704710B4F9
:1068100004460846114622465DF8044BE0F794BB57
:10682000E0F7D4BBE0F712BC10B4044608461146AA
:1068300022465DF8044BE0F727BCE0F7A7BC7047A1
:1068400008B50846E7F7F6FB002008BD104430B550
:10685000054602B930BD01F00F030A2B34BF3024C6
:1068600037242344013A05F8013D0909D2B2F0E783
:1068700010B5FFF734F80446DFF7C0FA2046BDE84C
:106880001040FFF730B87047FFF751B970477047B5
:10689000012070474FF41670DFF7C8BB2DE9FF41A8
:1068A0000D4616461F460446A8B14FF00008C0F832
:1068B0001C80DFF7FDFEBDF82C3002939DF82830D8
:1068C0004246CDE90073294633462046DFF756FE9F
:1068D00004B0BDE8F0812220FAE7F0B587B01F468A
:1068E00000230D4616468DF817300446A8B1C36143
:1068F0000DF11701DFF70CFF9DF817207AB9BDF8ED
:10690000343002939DF830302946CDE9007320469B
:106910003346DFF733FE07B0F0BD2220FBE703204C
:10692000F9E738B5FEF7E6FF0546E0F75BF9044600
:106930002846FEF7E5FF204638BD08B5DBF7B6FA76
:10694000FEF729FEFEF729FEFEF730FEBDE80840FF
:10695000FEF73BBE08B5FEF739FEFEF738FEFEF740
:1069600038FEBDE80840FEF73BBE704707B503465A
:106970009B0753BF6FEA01414FF6FF7343EA0141A2
:106980006FEA11410422019120F003000DEB020196
:10699000FFF7E0F803B05DF804FB41EA000313F0F1
:1069A00001032DE9F04104460E4615463FD1002A69
:1069B0003BD04FF6FF7234F81310914205D036F8F1
:1069C000131011B14B20BDE8F0810133AB42F2D17D
:1069D000DCF75CFE012D01D0A3070ED531882046DF
:1069E000FFF7C4FF10B1DCF761FEEBE7013D012DBD
:1069F00004F1020406F102060ED925F001084FEA5F
:106A000048073A4631462046FFF7A4F80028EAD165
:106A10003C443E44A5EB08052DB131882046FFF7E4
:106A2000A5FF0028DFD1DCF741FE0020CBE70120E5
:106A3000C9E701F0F0B9E4F76BBBFFF7C9BED0E9D5
:106A4000023253F8223000211878E4F7F7B8704783
:106A500005F04ABC01F092B9C3688268013BDBB221
:106A600052F823305B78652B02D10020E6F7CEB9CF
:106A70006E2B01D10120F9E7662B01D10220F5E749
:106A8000704710B50446C0B2E1F704FC200ABDE827
:106A90001040E1F7FFBBD0E9023253F822301878FA
:106AA000E1F702BD7047E4F749BF08B501F04EFABF
:106AB000BDE80840E6F79CB8D0E9023253F822302E
:106AC000186801F041BA0020E6F794B90120E6F712
:106AD00091B90221E1F77EBC0321E1F77BBC0521DE
:106AE000E1F778BC08B501460C20E1F74FFCBDE8A2
:106AF0000840E1F7DBBB08B501460020E1F746FCA2
:106B0000BDE80840E1F7D2BB07B5C268836804322C
:106B1000012153F822301B88ADF806300DF1060232
:106B20000023E2F789F903B05DF804FB2DE9F04F8B
:106B300087B00025039089461E46ADF81450ADF885
:106B400016504FF0180814461AB3DDF840B00DF196
:106B5000140A04E0DDF844B034460DF1160A0021B1
:106B60000846F1F70DFCAAF8000008B300273BF82F
:106B70001730ADF810300222012304A95046F1F776
:106B800085FC10F0FF0813D10137FAB2A242EED310
:106B900015B90125002EDDD1BDF848300093BDF8B0
:106BA0001420BDF816300398494601F08DFB80464D
:106BB000404607B0BDE8F08F08B5FFF740FEBDE8DE
:106BC0000840F2F787B810B51446E2F743FC2146B7
:106BD000BDE81040F1F740BD08B5E2F73BFCBDE869
:106BE00008400021F1F738BD08B5E2F733FCBDE8F5
:106BF0000840F1F7CDBD7047704708B5FFF71FFE9D
:106C0000FFF7FAFFFEF761FDBDE80840E2F75CBC64
:106C1000704738B50546FEF762FE01210446284656
:106C2000DFF778F92046BDE83840FEF75CBE01206A
:106C300070470120704708B5E2F726FD00280CBF19
:106C40000420012008BD704770B504460D46164665
:106C500001F0DFF8324629462046FEF737FD32467E
:106C600029462046FFF7EFFFBDE8704001F0D3B89A
:106C70002DE9F34104469DF820800D4616461F4637
:106C800001F0C7F8CDF800803B4632462946204641
:106C900000F088FC02B0BDE8F04101F0BCB87047DC
:106CA00008B501F0B6F8FEF714FDFFF7F8FFBDE8F0
:106CB000084001F0B0B8012070472DE9F0410446CA
:106CC0000D4616461F4601F0A4F83B4632462946BB
:106CD0002046FFF7F0FF3B468046324629462046D5
:106CE000FEF7F9FC01F097F84046BDE8F08101207D
:106CF00070472DE9F04104460D4616461F4601F047
:106D000088F83B46324629462046FFF7F0FF3B46CF
:106D10008046324629462046FEF7DEFC01F07BF82D
:106D20004046BDE8F0812DE9F743DDF82C909DF851
:106D3000288004460D4616461F4601F06AF8CDE944
:106D400000893B46324629462046FEF7C6FC03B082
:106D5000BDE8F04301F05FB800207047F8B5044685
:106D60000D46164601F055F8324629462046FFF7F3
:106D7000F3FF3246074629462046FEF7AFFC01F0F6
:106D80004AF83846F8BD38B504460D4601F041F8DA
:106D900029462046FEF7A3FCBDE8384001F03BB889
:106DA00010B5044601F035F82046FEF799FC204660
:106DB000D9F7DEFEBDE8104001F02DB8704738B5B8
:106DC00004460D4601F025F829462046FEF791FCC1
:106DD00029462046FFF7F2FFBDE8384001F01BB816
:106DE000704770B504460D46164601F012F832465B
:106DF00029462046FEF77FFC324629462046FFF70B
:106E0000EFFFBDE8704001F006B8704738B50446A2
:106E10000D4600F0FEFF29462046FEF76EFC29468F
:106E20002046FFF7F2FFBDE8384000F0F4BF70479E
:106E300038B5044600F0EDFF204600F061FB054642
:106E40002046FEF75CFC29462046FFF7F0FF00F0E5
:106E5000E2FF284638BD704738B5044600F0D9FF38
:106E60002046E4F72DF905462046FEF749FC294661
:106E70002046FFF7F0FF00F0CEFF284638BD7047F0
:106E800010B5044600F0C5FF2046FEF73AFC204648
:106E9000FFF7F5FFBDE8104000F0BDBF704738B503
:106EA00004460D4600F0B5FF29462046FEF72AFCB1
:106EB00029462046FFF7F2FFBDE8384000F0ABBF9F
:106EC000704770B504460D46164600F0A2FF3246E4
:106ED00029462046FEF717FC324629462046FFF792
:106EE000EFFFBDE8704000F096BF704738B504462C
:106EF0000D4600F08EFF29462046FEF705FC294688
:106F00002046FFF7F2FFBDE8384000F084BF70472D
:106F100038B504460D4600F07CFF29462046FEF7B2
:106F2000F4FB29462046FFF7F2FFBDE8384000F0A9
:106F300072BF704710B5044600F06BFF2046FEF7A5
:106F4000E5FB2046FFF7F5FFBDE8104000F063BF0A
:106F5000704710B5044600F05CFF2046FEF7D7FBF3
:106F60002046FFF7F5FFBDE8104000F054BF704722
:106F700038B504460D4600F04CFF29462046FEF782
:106F8000C7FB29462046FFF7F2FFBDE8384000F076
:106F900042BF704710B5044600F03BFF2046FEF7A5
:106FA000B8FB2046FFF7F5FFBDE8104000F033BF07
:106FB000704738B504460D4600F02BFF29462046A1
:106FC000FEF7A8FB29462046FFF7F2FFBDE8384050
:106FD00000F021BF704770B504460D4600F019FF60
:106FE00029462046FEF798FB2046F1F71FF9064692
:106FF0002046F1F7FFF8F1B202462846FFF7EAFF14
:10700000BDE8704000F007BF704730B5044685B05A
:1070100000F0FFFE2046FEF780FB00230DF10F007D
:107020008DF80E308DF80F30FBF7F6FE0DF10E00E7
:10703000FBF7EAFE6088F1F7F9F805466088F1F79A
:10704000D9F8EDB2019000959DF90F309DF80E2012
:1070500061782078FFF7D8FF00F0DDFE05B030BD85
:10706000B5207047B520704738B5044600F0D1FE12
:107070002046FFF7F7FF05462046FEF74FFB204668
:10708000FFF7EEFF00F0C7FE284638BD82B002AB26
:1070900003E9060002B0704737B505466C4684E840
:1070A000060000F0B6FE94E806002846FEF737FB1F
:1070B00094E806002846FFF7E9FF03B0BDE830403A
:1070C00000F0A9BE002070470020704738B5044684
:1070D00000F09FFE2046FFF7F7FF05462046FEF72B
:1070E00027FB2046FFF7EEFF00F095FE284638BD4F
:1070F000704708B5FEF71DFBFFF7FAFF08BD08B59E
:1071000000F087FEFEF716FBFDF7B4FFBDE8084070
:1071100000F081BE00207047704708B5E2F72AFBF7
:10712000BDE80840E2F72ABCE2F724BB7047E2F76B
:1071300025BCE2F72BBC08B5E2F720FCBDE808400F
:10714000E2F724BC0121E2F765BC0221E2F762BC50
:107150000421E2F75FBC0821E2F75CBC1021E2F7F2
:1071600059BC00207047E2F7BDBD13B500230C46A3
:10717000CDE9003301461A46E0B2E3F779F902B0EF
:1071800010BD13B500231446019000930122E0B214
:10719000E3F76EF902B010BDD0E9023253F82230A5
:1071A0001868E3F7C5BA7047194491420ADC4218DF
:1071B000002003B9704712F8011D013B01EB0020CC
:1071C000DBB2F6E70020704710B586B00881089C56
:1071D00004940024CDE902440124CDE9003413468F
:1071E0000A4601460320E3F743FB06B010BD13B582
:1071F00000240094FFF7E8FF02B010BD2DE9FF4125
:107200000E461746054680B379B372B34FF00008B7
:1072100069465FFA88F005F058F8044640B99DF8D1
:107220000030032B08D008F10108B8F10A0FEFD1A4
:10723000204604B0BDE8F0819DF801202B799A42E8
:10724000F1D1BDF802206B889A42ECD19DF8043050
:10725000BDF805006B7128813B4632462946FFF791
:10726000C6FF0028DFD00446E2E70224E0E710B5BD
:1072700086B0089C04940024CDE902440124CDE9A1
:10728000003413460A4601460620E3F7F1FA06B039
:1072900010BD13B500240094FFF7E9FF02B010BD44
:1072A000F0B502288BB005460E4614461F460AD19B
:1072B00006A9F0B205F009F898B99DF819302371C4
:1072C0009DF81C306371119B04930023CDE90233B8
:1072D0000193109B009322463B4631462846E3F734
:1072E000C7FA0BB0F0BD13B500240194049C0094C0
:1072F000FFF7D6FF02B010BD2DE9F04305468BB075
:107300000F4690469946002606A9F0B204F0DDFF2C
:10731000044630B99DF81830012B06D001360A2EEC
:10732000F2D120460BB0BDE8F0839DF819202B79EF
:107330009A42F3D1BDF81A206B889A42EED19DF89B
:107340001C306B712A46CDE90309CDE90100CDF867
:1073500000803B46B1B20220E3F78AFA0028DDD074
:107360000446DEE70023FFF7C7BF10B50446E3F786
:10737000C1FE631E04F10F02002113F8010FFF2864
:1073800008BF19709342F8D10023237410BD2DE972
:10739000F04788B099460C469246BDF84080119F50
:1073A0000646FBF741FDCDE9034705468DF8086029
:1073B000ADF81480ADF816008DF818A08DF819906E
:1073C00000F023F98DF81A0000F021F900238DF860
:1073D0001B0002A88DF81C3000F0C5FCA8B943467C
:1073E0003A4621462846E5F773FA70B943463A46CD
:1073F00021462846E3F75AFC38B9CDE90050434608
:107400003A4631462046E5F7EBFD08B0BDE8F08787
:107410007047022070471FB50B466A460146184662
:1074200004F002FC6A460823002032F8021B013BEC
:1074300013F0FF0380EA0100F7D1012838BF0120D3
:1074400080B205B05DF804FB2DE9F74F9846DDE901
:107450000C3B07460E461446414600221846BDF82E
:1074600038909DF83CA0019303F0C5FA054600282A
:1074700040D0019B41461846FFF7CDFFABF8000016
:10748000062F3BD8DFE807F00404040D162A21007C
:107490002B4622463146384603B0BDE8F04FF7F799
:1074A00093B90C222B461146204603B0BDE8F04F9D
:1074B000F7F774B9E27A2B4611462046CDE90C9ACB
:1074C00003B0BDE8F04FF7F747B92B460C22214631
:1074D000304603B0BDE8F04F04F0C1BD0D95E37A2E
:1074E0000C93524623463146484603B0BDE8F04F60
:1074F000F7F71CB9182003B0BDE8F08F0220FAE7B7
:107500007FB5054603F00BFD48B16B88B3F5006FFE
:1075100005D1681D04B0BDE8704000F01CBC2846D1
:1075200000F030FC0446B8B9E6B26946304604F0D3
:10753000CCFE9DF800301843C0B248B92946304609
:10754000F9F778FF10B1752806D08C2004B070BD13
:1075500001340A2CE8D1F8E78D20F7E72DE9F04354
:1075600085B005460DF10E0014460E46FBF74CFCA7
:107570000DF10F00FBF750FC20469DF80E809DF9A1
:107580000F90F0F753FE07462046F0F733FE4B46C8
:10759000CDE90070424631462846FFF7F8FE05B0B7
:1075A000BDE8F0832DE9FF47054618461E46904684
:1075B0000F469DF830A0F0F71DFE81463046F0F7EB
:1075C00035FE044651462846E4B2FCF7C5FA21468A
:1075D0004846FFF720FF5346CDE901904246394621
:1075E00028460094E3F71EFC3346424639462846B7
:1075F000CDF830A004B0BDE8F047FEF769B803F05D
:107600008EBC03F0A9BCF1F71BBAF7F753B91FB54D
:107610006846FBF717FCC8B902A9FAF78DF80822EB
:1076200069460DEB020005F0F5FA10B9002004B030
:1076300010BD02A90120FAF77FF8082269460DEB78
:10764000020005F0E7FA90B90120F0E7FBF7ECFB48
:107650004FF6FF739842044609D00020FAF784F8E9
:107660008442E3D00120FAF77FF88442ECD0FF2077
:10767000DDE7E3F7D3BCE3F78FBCE3F7B1BC10B5AC
:1076800004460846F1F710FA2046BDE81040F2F72C
:10769000EFBFF2F7EDBFF1F78BB9002070470A207A
:1076A000704708B5F0F762FBC0F3471008BD08B596
:1076B000F0F79AFBC0F3471008BDF2F74BBE7047D6
:1076C000E3F772BD70B506460C46154600F025F886
:1076D00060B10CB9002070BD002DFBD0204600F039
:1076E00084FB013080B2A842F4D8F4E7304600F0C1
:1076F0001AF840B1002CEDD0012DEBD9204600F056
:1077000079FB0230EEE73046E3F70AFDEBE741385C
:1077100003288CBF002001207047413801288CBF0E
:10772000002001207047433801288CBF0020012031
:10773000704700207047002070470388B3F57C4FE6
:1077400001D3FFF7F8BF0846FFF7F3BF10B54A882B
:107750000488A2420DD1037B0C79234009D0B2F5F5
:107760007C4F08D3FFF7E7FF0B891B1A584258419B
:1077700010BD0020FCE70120FAE738B50D88D48859
:10778000A5420AD10388B3F57C4F08D2FFF7D5FF95
:1077900013891B1A5842584138BD0020FCE70120CC
:1077A000FAE72DE9F0410779064600254FF0140865
:1077B000E8B2874201D800241AE0D6F800C008FBDE
:1077C00005F00CEB00043CF8000081421AD132B104
:1077D000802A10D194F90CC0BCF1000F12DAB0F578
:1077E0007C4F05D32046FFF7A6FF834200D04BB95C
:1077F0002046BDE8F081402A04D194F80CC01CF06A
:10780000400FECD10135D3E70121E3F79BBC08B56C
:1078100013460022E3F7ECFD003818BF012008BD35
:1078200008B513464022E3F7E3FD003818BF0120F6
:1078300008BD08B513468022E3F7DAFD003818BF0B
:10784000012008BD0023E3F7D3BD0021E3F732BEDA
:10785000704700207047F8B516461F469DF818205F
:10786000BDF81C300546E3F7C3FD78B10421FFF7EE
:10787000F0FF044650B1284600F0D9FA3A463146A6
:107880002846A047BDE8F84000F0C5BAF8BD2DE98C
:10789000F74FDDF830909DF834B01E460746BDF82E
:1078A0003830884614462AB3B9F1000F22D00EB3FF
:1078B00092F804A099F80020618812F0080F0CBF1C
:1078C000802240225046E3F793FD98B10821FFF74C
:1078D000C0FF054670B1504600F0A9FACDE9009B03
:1078E0003346224641463846A84703B0BDE8F04F2C
:1078F00000F091BA03B0BDE8F08FF8B5BDF818708C
:1079000016461A463B460446E3F772FDE0B177B9E6
:107910000221FFF79EFF0546B0B1204600F087FA2E
:1079200031462046A847BDE8F84000F074BA10215F
:10793000FFF78FFF054638B1204600F078FA3A4647
:1079400031462046A847EEE7F8BD73B5BDF81840AC
:1079500016461A4623460546E3F74AFDB8B1C4B9B0
:107960002021FFF776FF044670B1284600F05FFA49
:10797000099B00939DF81C209DF820303146284635
:10798000A047044600F047FA204602B070BD8624A6
:10799000FAE70024F8E72DE9F0418668044600780C
:1079A00000F045FA002514273279EBB29A4203D849
:1079B000BDE8F04100F02FBA7B4332682078D15AFD
:1079C00002EB030800F0A5F901214046FFF741FF53
:1079D000034608B1207898470135E5E74FF6FF7078
:1079E0007047012070472DE9F04F89B01C46BDF863
:1079F00048809DF84C3001939DF850300293924698
:107A00004346224607460D46E3F7F2FC8DF8147014
:107A1000ADF816508DF81840ADF81AA0ADF81C80DE
:107A2000064618B9012009B0BDE8F08F05A9FFF797
:107A30008DFE0028F6D000252F46A8462C4634E0BF
:107A40000C2331881FFA85F903FB09F97368B1F536
:107A50007C4F33F8092003EB090B1AD333F80900E4
:107A600050452CD3019BA3422DD900F09AF99BF8E5
:107A70000200E4F743F9029B43B19BF8043013F092
:107A8000010F0CBF05200720E4F738F90134A4B238
:107A900019E0ADF81A20594605AA30460393FFF7BE
:107AA0006CFE039B0028D9D101353289ABB29A42D2
:107AB000C6D804EB0800C31B58425841B3E708F18D
:107AC00001081FFA88F80137BFB2EDE72DE9F0474A
:107AD00086B00446DDF83C909DF840A0BDF83880A3
:107AE000CDF80080CDE9019A0D4616461F4600F0FC
:107AF00008F9A8B1431EDBB2012B0ED80023049372
:107B0000831E58425841CDE902A0CDE900893B4689
:107B1000324629462046E3F701FE06B0BDE8F0876D
:107B20000120FAE730B587B000240125CDE90354E0
:107B30009DF82C5002950A9DCDE90045E3F7EEFD36
:107B400007B030BD30B587B000240125CDE903541E
:107B50009DF828500094CDE901354023E3F7DEFD80
:107B600007B030BD10B586B04FF0010C0024CDE950
:107B7000034C9DF828400294099C0194BDF82040D4
:107B80000094E3F7CBFD06B010BD1FB5089C03942D
:107B90009DF81C400294069C019400240094E3F795
:107BA000A1FE04B010BD2DE9F84F02290C9D074637
:107BB000884604D84FF0000A5046BDE8F88F1BBB3A
:107BC00002700124E5F70CF904F1020A385501347A
:107BD0009DF828303B554FF000090B9A5FFA89F366
:107BE000D45C002CE8D0732C18D82E464C2C56F8B8
:107BF00004BB45D0532C1DD0622C4DD1AC8805F16F
:107C0000080600231A461EE00429D3D942F00402D4
:107C100043701B0A027083700324D3E7A4F1750339
:107C2000032BC7D8763C2E1D022C52D8DFE804F077
:107C3000565A58006A6894B2D2B2B2F1FF0305F105
:107C4000080618BF01230AEB040119448845B1DB7B
:107C500050461946002947D153441FFA83FA5CB1B4
:107C6000BBF1000FA6D0224607EB0A00594605F0EB
:107C700021F854441FFA84FA09F101093546ACE7AA
:107C80006A684FF6FF7394B205F1080622469C42DB
:107C900014BF02230023D6E76C2C05D1584600F010
:107CA000A9F8841CA4B2ACE7732C04D1584600F0A8
:107CB0009CF8441CF6E7A4F13003DAB2092A01D893
:107CC0009CB29EE7A4F14103062B3FF673AF373C0D
:107CD000E8E7012300242A68A346B4E70223F9E772
:107CE0000323F7E70423F5E700F1010C01393A54C7
:107CF000C9B2120A1FFA8CF0ACE70022E3F7C2BF48
:107D00007047012070470120704701207047B5205F
:107D10007047704700207047002070470020704770
:107D200000207047002070470020704700207047F7
:107D30000120704701207047B52070470020704730
:107D400000207047002070470020704770470020D7
:107D50007047B520704784207047704770470020F7
:107D600070470020704700207047002070470020B7
:107D7000704700207047002070477047B52070475B
:107D80000020704700207047704700207047704700
:107D900070477047B520704770470020704700203B
:107DA000704738B50546C0B2E3F7A8FF0446280A75
:107DB000E3F7A4FF14B1002808BF0024204638BD13
:107DC00010B4CC18944203DC5DF8044BFFF7ECB917
:107DD00000205DF8044B70470423FFF7F1BF08B59E
:107DE0000223FFF7EDFF80B208BD0078FF2808BF2F
:107DF0000020704708B502220021FFF7F0FF4FF680
:107E0000FF73984208BF002008BD002818BF7020EB
:107E10007047002070470020704708B5FFF7F4FC5A
:107E2000FF284FF0FF3018BF0020C0B208BD08B5D2
:107E3000FFF7F3FFFF280CBFA320002008BDF8B513
:107E400006460C4615461F4600F011F810B12544B1
:107E5000AC4200D1F8BD14F8012B39463046E4F7A6
:107E60000DF8F5E7014600220220E3F797BF012055
:107E7000704773B50646E2F7D9FC812504460196A2
:107E800014B9284602B070BD2378B3B9336862686C
:107E90005B889A4211D1A368F27B99B292B1328A7F
:107EA00091420AD1727DB2EB134F06D1E36801A96A
:107EB0000020984710F0FF05E3D02046E2F7BEFC13
:107EC0000446DDE74FF6FF72EAE738B5044643683B
:107ED00008460D469847B4F90830002B02DB2B7892
:107EE000042B06D1002363602046BDE83840E4F748
:107EF0007BBB38BDF0B5044685B00D46202000217F
:107F000017461E46F0F73CFAADF80E00D0B102213C
:107F10000DF10E0002F091FE3A460021BDF80E0070
:107F200002F001FFBDF80E20002E4FF48A5300939B
:107F300029460ABF134600230022204600F0C4F958
:107F400005B0F0BD1820FBE7FFF723BFFFF7F6BE33
:107F500008B5F2F7D9F920B9F0F772FD08B9FFF7C3
:107F6000D6FEFFF70AFFBDE80840FFF715BF002067
:107F7000E4F778BF0022E4F7CFBFD28812F0200FD9
:107F800010B503460CBF522449240846510544BF8E
:107F9000083CE4B2110544BF083CE4B2120444BFFB
:107FA000023CE4B2032B11D8DFE803F005020A0E0D
:107FB000C0B2F9F7D9FBFFF7CAFE201AC0B210BD54
:107FC000C0B2F9F7E9F9F6E7013CE4B24FF6FD700B
:107FD000F1E7F8B5064617460D4681B10C78FF2C3F
:107FE0000BD00846FFF701FFB84228BF3846C4B29D
:107FF0002246691C701C04F01DFE3470F8BD0C464E
:10800000FBE770B5044615460E4611B94170017084
:1080100070BD0B78FF2B05D14B78FF2B02D103707D
:108020004370F5E73046FFF7E5FEA84228BF284633
:1080300085B22A46B11CA01C04F0FCFD25702D0A57
:108040006570E5E7F0B523B9013A531C2FD1002044
:1080500020E0042AFBD80023551E1C466E1C1AD1B2
:10806000042A10D0D2000121501E01FA00F0204253
:108070001EBF914049420C4318421EBF4FF0FF31D2
:1080800001FA02F213439C4216DCB4BF4FF0FF30FA
:10809000002040B2F0BD40B1465DEF00BE40344329
:1080A0004E5DBE403343013DD8E70646F5E78C5CA4
:1080B00020B1835CA34202D90120EBE70346A3422F
:1080C00002F1FF32C1D24FF0FF30E3E72838072832
:1080D0008CBF0020012070471D2813D004D860B148
:1080E0001C2805D08A2070471E38C0B20128F9D854
:1080F0001B2934BF00208A2070470B390F2988BF05
:108100008A2070470929F4E738B5C36819448368A1
:10811000144653F821501AB1284604F0D9FD2070B6
:10812000284638BD2DE9F34116460DF107021C46DD
:108130009DF82050FFF7E8FF9DF80730A34288BF65
:108140008DF807409DF8077080460DB1E41BE5B23D
:108150002A460021304604F087FD3A464146701910
:1081600004F068FD384602B0BDE8F0812DE9F34126
:10817000164601AA1D469DF82040FDF715FF019BFC
:108180009D4238BF0195019F804604B1EC1B2246F9
:108190000021304604F068FD3A464146301904F0AB
:1081A00049FDF8B202B0BDE8F08173B51546002470
:1081B00001AA1E460194FDF7F7FE019B072B0AD981
:1081C0002146CCB216B1C4F10704E4B2425C2A5590
:1081D00001310829F5D1D8B202B070BD1FB5030A2C
:1081E0008DF80E300323009303AB8DF80D0000F0E3
:1081F0000AF905B05DF804FB1FB5030A8DF80F10EE
:1082000004218DF80E30009103AB8DF80D0000F0C5
:10821000FAF805B05DF804FBF0B589B016689DF872
:108220003C50CDF809608DF811305668BDF83830F3
:10823000109FBDF84440CDF80D60012DADF812300F
:108240008DF8145014D0032D19D13B68CDF815309A
:108250007B68CDF819309DF848308DF81D30162315
:108260000093BDF84C2002AB00F0CDF809B0F0BD92
:108270008DF81540240A8DF816400F23F0E70120F1
:10828000F4E71FB50446084611461A4602238DF846
:108290000D100093214603AB00F0B5F804B010BDFB
:1082A00010B586B014461A460B68CDF80D304B68F1
:1082B000CDF811300A230093342103AB8DF815401B
:1082C00000F0A1F806B010BD2DE9F04F89B00D46C1
:1082D00001901C4616463AB31046EFF7A7FFC0F3CD
:1082E00047091CB32046EFF7A1FFC0F34707E5F7A6
:1082F0008DF8019B8DF818008DF819308DF81B5002
:108300001B0A2D0A0022062106A88DF81A308DF8C6
:108310001C508DF81D9002F06EFBADF8160038B9B8
:10832000182009B0BDE8F08F9146DAE72746DEE76E
:108330004FEA4901C9B28B1D07315FFA81F801EBA1
:108340004701DBB2C9B20DF11600029302F075FCD1
:1083500082460028E4D103460625D9B28945BDF8F6
:1083600016B012D802993A465846F0F747F95FFA24
:108370008AF5AF42BDF8166025D8BDF848200198AF
:1083800033460621E5F74CF8CBE7490001F0FE0142
:1083900030460393F0F71EF9294602465846F0F797
:1083A0002DF9691FC9B23046BDF816B0F0F712F9C1
:1083B000691C0246C9B25846F0F720F9039B023502
:1083C0000133EDB2C9E76D00EDB229462046F0F762
:1083D00001F9414602463046F0F710F9691CC9B26E
:1083E0002046BDF81660F0F7F5F808F101010246E5
:1083F000C9B2304608F10208F0F700F90AF1010AA3
:108400005FFA88F8B3E72DE9F0411C469DF8188023
:108410000E4617460546E4F7F9FF00222070414654
:10842000204602F0E8FA034630B13A463146284683
:10843000BDE8F041E4F7F4BF1820BDE8F08130B5A5
:1084400089B00446ADF806108DF81020F0F786FAD2
:1084500005462046F0F792FA03469DB1BDF80600A6
:10846000ABB902F04FFDFF2808BF00208DF80F00C8
:108470000DF10F030593DDE904122046FEF70CFE13
:1084800009B030BD0028F6D00DF10603F2E702F086
:1084900039FDFF28BDF80630ADF81A3008BF0020BE
:1084A0008DF80F008DF8180006ABE3E770477047B2
:1084B000704770477047704700207047704770479B
:1084C000002070477047704710B51C4602F05BFAF9
:1084D00002F023F900232370C0F34020400010BDB8
:1084E000002208B50B461146FFF7EEFF023818BF11
:1084F000012008BD7047002070477047002070477A
:108500007047B520704701207047704701207047C1
:108510001422002104F0A8BB704730B54078012830
:1085200087B00C464FF0110301F1100516D102225D
:1085300001A9F0F7A7F9234601AC1868596822464B
:1085400003C20833AB421446F7D11123022201A91A
:108550000020F0F797F9002007B030BD062201A9EE
:108560000120F0F78FF9234601AC186859682246BC
:1085700003C20833AB421446F7D111230622E6E7C3
:1085800030B5407887B001280C464FF011030BBF7F
:108590000222062201A901A918BF0120F0F772F9F1
:1085A00005AD01AA2346144603CCAC4218605960BD
:1085B000224603F10803F6D1002007B030BD10B504
:1085C00088B00C461A23082201A90120F0F75AF9B5
:1085D00021460DF10E0304F1100251F8040B43F88B
:1085E000040B9142F9D11A23082201A90020F0F7C7
:1085F00049F9002008B010BDF0B58BB004460D4617
:1086000002F08DFCB0B101A8F7F77AF890B1667B63
:1086100016F0020F04F1040705D0082201A938461C
:1086200004F0F8FAD0B901AB03CB46F00206606063
:10863000796066731A23082203A90120F0F722F952
:108640000DF1160329460DF1260253F8040B41F8EB
:10865000040B9342F9D100200BB0F0BD2D20FBE7B5
:1086600070B505468AB00C46252200210DF10300A5
:1086700004F0FAFA6B68CDF81D30AB68CDF8213004
:10868000234603F1100601AC18685968224603C25C
:108690000833B3421446F7D16A7B012312F0040F6A
:1086A0008DF802300CBF4FF480734FF4A0731107A4
:1086B00048BF43F48063ADF80030930748BFBDF86E
:1086C0000030684644BF43F00803ADF80030F5F7CA
:1086D0008FFB003818BF01200AB070BD30B5427B57
:1086E0000D46D1078BB0044607D5407801A9F5F7B0
:1086F000E3FBD8B12D200BB030BD9307FAD5C2F300
:10870000800310074FEA8313ADF8023044BF43F4EF
:108710008063ADF80230BDF80220201D0AB10DF1D2
:10872000020201A903F09DFA0028E3D001AB03CBBC
:108730009DF814302373BDF81030A160590648BF6E
:10874000627B606044BF42F0040262735A0542BF1C
:10875000627B42F0080262731B0742BF637B43F0F7
:10876000020363732B4606AC0AAD224603CAAA4233
:1087700018605960144603F10803F6D10020BAE7E7
:10878000F0B5044693B00D46252200210DF12300DB
:1087900004F06AFA6368CDF83D30A368CDF8413043
:1087A00004F1040C2B4609AE05F11007186859684E
:1087B000324603C20833BB421646F7D105238DF873
:1087C0002230637B5B0103F40073ADF820306378E3
:1087D000FF2B19D100231A4601A9604600F01DFAAB
:1087E0009DF80530FF2B0CD100231A46184601A92D
:1087F00000F013FA9DF80530FF2B02D11C2013B0B6
:10880000F0BD9DF805306370617808AA002000F083
:10881000D1FA0646F0B919231946627801A8FDF786
:10882000F6FF2B4603AD186859682A4603C2083381
:10883000BB421546F7D1637B6178DB0642BF9DF8EA
:108840001C3063F07F038DF81C30192301AA1846F1
:10885000FDF7E6FF301E18BF0120D0E710B5044633
:108860008AB02422002101A804F0FEF9637B590795
:1088700044BF4022ADF810201A0742BFBDF81020B7
:1088800042F48062ADF81020DB070FD5607801A9B3
:10889000F5F712FB10B12D200AB010BD01AB03CBD0
:1088A000637B606043F00203A160637304A9201D31
:1088B00003F0D9F90028EED00020EDE71FB5694696
:1088C00000F08DF8002818BF2D2005B05DF804FBDE
:1088D00073B50D4614460646E4F7FEFE6B881A078C
:1088E0001AD522463146102003F09EF92046E4F7BF
:1088F000F3FE6B88D90717D50023224601210DF11D
:1089000007008DF80730E4F74DFF6B88002B0CBF94
:108910002120002002B070BDDE06EAD522460821E3
:10892000281DE4F73FFFE1E79A0701D50223E4E7BA
:108930005B07EAD50323E0E70F20704710B586B048
:10894000044601A9022211230120EFF79BFF9DF8A5
:108950001430E37001A803F07CFC80F001000622D3
:1089600001A9607011230120EFF78CFF9DF81430EE
:10897000A37001A803F06DFC80F001002070F5F7F2
:1089800017FB6060002006B010BD1FB50C4669469D
:1089900000F025F810222146684604F03BF9B0FAB1
:1089A00080F0400904B010BDB8B1B1B14388A3B99B
:1089B0000378013B082B10D8DFE803F00507090B0B
:1089C0000F0F0F0F0D00FFF7A8BDFFF7F8BDFFF762
:1089D00047BEFFF7D5BEE5F72BB82120704738B565
:1089E0000D4609B300B30378013B082B1AD8DFE822
:1089F00003F0050D1013191919191600FFF7C0FD22
:108A00000446284603F00FFB204638BDFFF7F4FD6F
:108A1000F6E7FFF763FEF3E7E4F776FEF0E7E5F746
:108A200011F8EDE72124ECE72124EDE770B586B0DD
:108A3000064601A80C461546FFF76AFD04238DF88B
:108A400004301CB12068616802AB03C3294601A849
:108A50008DF80560FFF7A8FF06B070BD70B504463D
:108A600086B001A80D461646FFF752FD20686168E2
:108A70008DF8116003238DF8043002AB03C329463F
:108A800001A8FFF791FF06B070BD10B5044686B08F
:108A90001123062201A90120EFF7F4FEA3789DF827
:108AA00014209A4207D08DF814300622112301A910
:108AB0000020EFF7E7FE1123022201A90120EFF7C2
:108AC000E1FEE3789DF814209A4207D08DF8143027
:108AD0000222112301A90020EFF7D4FE06B010BD39
:108AE00030B5437B13F001028BB004460D4607D02E
:108AF000407801A9F5F7E0F970B12D200BB030BD39
:108B00009B07FAD5ADF8022001A90DF1020204304D
:108B100003F0A7F80028F0D000210E22A81C04F0D2
:108B2000A3F8BDF810302B80039BAB60BDF812306A
:108B3000AB819DF81430237301AB03CB6060A1605F
:108B40000020DBE770B5437BDB078AB005460E46A5
:108B500002D42D200AB070BD4078694600F028F993
:108B600004460028F5D1DDF81D306B60DDF82130BA
:108B7000AB606B7B43F002036B730E220146B01CAB
:108B800004F072F8BDF80030069AB26043F00403B6
:108B90003380059B73602046DCE70B4610B5044626
:108BA00010220021184604F05FF82278032A09D029
:108BB000042A0DD0022A11D101462046BDE81040FA
:108BC000E4F74ABF01462046BDE81040FFF788BFE2
:108BD00001462046BDE81040FFF7B4BF262010BD77
:108BE000F8B50C460746084616461D46FFF790FCAA
:108BF00004232370637B677043F001036373314682
:108C00002046FFF7ECFE08B12D20F8BD294620468E
:108C1000FFF7C3FF0028F8D0F6E7F8B50C46054685
:108C200008461F461646FFF773FC0423237025B140
:108C300008222946E01803F0FDFF637B43F002039E
:108C400063734EB932460121284600F0BAF8FF2876
:108C5000607007D12D20F8BD31462046FFF7BFFEDA
:108C60000028F7D1637B43F0010363730DB9002043
:108C7000F1E7002FFBD039462046FFF78EFFF6E7DD
:108C8000F8B50C460746084616461D46FFF740FC59
:108C90002046032300F8043B3946082203F0CAFFAC
:108CA000637B43F00203637331462046FFF797FE70
:108CB00008B12D20F8BD29462046FFF76EFF002899
:108CC000F8D0F6E7F8B50C460746084616461D46A6
:108CD000FFF71EFC03232370637B677043F00103DF
:108CE000637331462046FFF77AFE08B12D20F8BDA8
:108CF00029462046FFF751FF0028F8D0F6E718B1C3
:108D00008022012100F05DB8FF20704730B589B0A6
:108D10000D46FFF7F4FFFF28044612D01923024640
:108D2000194601A8FDF773FD2868696801AB03C304
:108D30001923184601AA2146FDF772FD002009B04B
:108D400030BD2D20FBE707B5002300931A461946D6
:108D5000F6F7F2FCB0FA80F0400903B05DF804FBCE
:108D6000704770470020704770470F2070470F20F2
:108D70007047002070470F20704700207047002088
:108D8000704784B08DE80F00002004B07047704732
:108D900070470020704770470020704770470020E0
:108DA00070470120704770470020704701207047CE
:108DB000B5207047B5207047B52070470020704738
:108DC0007047FF207047704770470020704770471A
:108DD00070477047002070477047002070470020A0
:108DE0007047002070477047704700207047002090
:108DF0007047704700207047002070477047002080
:108E0000704738B50546FCF76AFD04462846FBF76F
:108E100007FF2046BDE83840FCF765BD10B50446A5
:108E2000C069FFF7EEFF20462422BDE81040002174
:108E300003F01ABF70472DE9F84F98460D9B154671
:108E40009A07DDE90B4906460F4623D02A460A9BBE
:108E500003EB040A1444A24220D10D9B9B0705D5C5
:108E6000A2EB050AD14505EB0A0420D82046BDE84F
:108E7000F88F434639462020B0470AF1010ACA4517
:108E80000AEB0B02F5D3A9EB04024C4588BF002284
:108E90002A44DCE7A246A5EB040BF0E702F1010B44
:108EA0001AF8010D43463946B0475A46D3E74346C0
:108EB000224639462020B0470AF1010AD2E72DE9BF
:108EC000F0479E46DDE90D3C1CF0020FDDE9087419
:108ED000DDE90B659DF828801FD10CF001094BB12D
:108EE000B9F1000F06D0B8F1000F02D11CF00C0F41
:108EF00000D0013B4FF0300A02E007F804A0013433
:108F0000A54201D9202CF8D1B9F1000F05D04FF0BE
:108F10003009A34201D9202C1BD11CF0100F15D011
:108F20001CF4806F32D1C4B1AC4201D09C422DD12F
:108F3000651E12D0102E3FD11CF0200FA4F10204A8
:108F400056D178263E5530267E556C1C202C29D0D3
:108F50000DE007F804900134DBE7102E10D11CF06F
:108F6000200F2FD178243C7030247C700224B8F17B
:108F7000000F31D02D253D55013414E06224F2E775
:108F8000022EFBD030243C700124F0E7102E1BD1C0
:108F90001CF0200F2AD1202C04D0651C78263E55C9
:108FA000202DD0D12024CDE90A3CCDE908747346A8
:108FB000BDE8F047FFF73FBF022EC4D162247C55C5
:108FC0000135EDE75824CEE7022E03D1202CE9D05D
:108FD0002546F3E72546E3E71CF0040F01D02B25D7
:108FE000C9E71CF0080FDED02025C4E7202CD9D01B
:108FF000651C5826D3E72DE9F04391B0189D1A9FC0
:109000001D9E2DB926F0100416F4806F264622D13D
:1090100016F0200F14BF4FF0410E4FF0610EAC461A
:109020000DF120080025AEF10A0EBCFBF7F907FB95
:1090300019C95FFA89F4B9F1090F94BF3034744447
:10904000E4B2BC4508F8014BBCFBF7F405F101059F
:1090500001D3202D10D11C9C05941B9C0696CDE9B4
:1090600003749DF86440CDE9015408AC0094FFF707
:1090700026FF11B0BDE8F083A446D6E72DE9F04FF6
:1090800095B0DDE91E76CDE90A2357EA0603CDE95E
:109090000801DDE9229B269C05D124F0100314F47D
:1090A000806F1C4637D114F0200F14BF4123612379
:1090B0000DF1300A0025A3F10A0831464A465B4605
:1090C0003846FBF723FCD2B2092A94BF303242441F
:1090D0004F45D2B276EB0B060AF8012B05F10105DC
:1090E00001D3202D14D1259B0593249B0694CDE913
:1090F00003939DF88030CDE901530CAB0093DDE97B
:109100000801DDE90A23FFF7DAFE15B0BDE8F08FAC
:1091100007460E46D1E70025E5E708B100F014B890
:10912000704710B1D1E900311847704738B5441E77
:1091300014F8015F25B90A2000F006F8284638BD6A
:10914000284600F001F8F3E701460020FDF70ABBCE
:109150004369406CDA1C1438B2FBF0F203EBC20333
:10916000CA1DB2FBF0F2013201EBC2010333B3FBC3
:10917000F0F3023300FB0310704738B5446905462D
:109180002146FFF7E5FF6A6CE31D143AB3FBF2F3E7
:10919000013304EBC304204438BD73B506460D46C5
:1091A0000024F36B01225B6901A928199847019BF0
:1091B000013309D1736C043462196A405B421A426C
:1091C000EFD0204602B070BD0024FAE770B5054626
:1091D0000C46D9F7CDF8EB6B2046DB68BDE8704054
:1091E000184770B5002586B004460562E369AB42B6
:1091F00002D8206A06B070BD666C2068E36B052259
:109200005B6901A906FB0500984701A800F009FC6D
:1092100000F02CFC10B1236A013323620135E5E72D
:1092200038B50446456C006804F1400305FB0101B4
:10923000E06B00F028FC05462046FFF7D2FF2846E9
:1092400038BDF0B5054687B00026EC69013CB44254
:1092500003D80C46204607B0F0BD01B14C1E6F6C20
:109260002868EB6B05225B6901A907FB040098479E
:1092700001A800F0D6FB00F0F9FB0028EAD1013686
:109280002146E2E7F0B50446466CE36B00685B6993
:1092900087B00D46052201A906FB0500984701A8E5
:1092A00000F0BFFB00F0E2FB20B101A800F090FB52
:1092B00007B0F0BD29462046FFF7C3FF676CE36B9C
:1092C000064620685B69052201A907FB060098474E
:1092D00001A800F07DFB431CEAD0B54238BF013045
:1092E000E6E72DE9F043D0F824804FF6FF7987B008
:1092F00004460E46C84514BF454600250027E369CD
:10930000BB4202D807B0BDE8F083E26B2368606C13
:10931000D2F814C001A9052200FB0530E04701A8DE
:1093200000F07FFB022806D0C8450CD1721C2946EC
:109330002046FFF775FFE36901350137B5FBF3F20E
:1093400003FB1255DBE729462046FFF79BFFB0F1F0
:10935000FF3F14BF024632460132E8E7F0B503682A
:1093600087B006460025CC1A436CB4FBF3F4F369CE
:109370003768706C5A1E954208D3706C336800FBD6
:10938000043007B0BDE8F04000F07BBB0134B4FB13
:10939000F3F203FB1244F36B05225B6901A900FBA6
:1093A0000470984701A800F03CFB00F05FFB002828
:1093B000E3D10135DBE710B423F0030422449B071B
:1093C0000A44436C18BF04325B4282EA0104234220
:1093D00003D05DF8044BFFF7C1BF10465DF8044BA6
:1093E00070472DE9F041D0E90A369E4286B0044626
:1093F00028D1C3694568142202FB1355284606B0DC
:10940000BDE8F0812068676CE26B331AD2F81480F3
:10941000B3FBF7F3052201A907FB0300C04701A82E
:1094200000F0FFFA012804D0636C1D44013B334077
:10943000ED1A31462046FFF791FF0646A36AB34274
:10944000E0D1DBE70025F9E7F0B5002587B0044659
:109450002E46E369B34202D8284607B0F0BD636CDC
:10946000276803FB0677E36B05225B6901A9384691
:10947000984701A800F0D5FA00F0F8FA58B138463C
:1094800000F0FFFA01462046FFF787FE636C143BAD
:10949000834208BF01350136DBE708B508301346C3
:1094A000D1E90012E6F7DCF9012008BD13B50C463E
:1094B000002121760093616813462246E4F7ECFD13
:1094C00018B1E37D03B1A07EA075A07D02B010BDF0
:1094D00073B500F1080516460C460DF10702096840
:1094E000284600F09AF9032E06D16368834203D11F
:1094F0002168284600F077F9012002B070BDD01E27
:10950000009B42424241187E824211D11A688A422F
:109510000ED85A688A420BD35A6901325A61D3E98C
:10952000030282423FBF986840F8221001321A615C
:109530000120704710B5032A029C07D1A26A53404C
:10954000626C5242134201D100F04DF9012010BD6E
:1095500008B5C36800209847BDE80840D8F710BF99
:1095600070B5002401281C7014BF04200220CC7D9B
:109570004243101D02F002024CB91AB1012220F040
:1095800003001A7000F108034868184470BD1AB14E
:10959000012220F003001A700C7E002301F1200547
:1095A000DAB2944201D80020F0E735F83320824245
:1095B00003F1010606D901EBC30300F10802D869E3
:1095C0001044E3E7801A3346EAE773B590F8426047
:1095D00005461C4630460DF10303FFF7C1FFEB6B58
:1095E000012E5B690DD1324601A998479DF80330E1
:1095F00013B1BDF806300193BDF80430236002B00A
:1096000070BD0122214602B0BDE870401847F0B598
:10961000054687B04868EB6B00245B6902940E46F0
:10962000012202A908309847274695F84230012BBD
:1096300040F08480632C02D9029807B0F0BD612C01
:1096400008D805AB224631462846FFF7BEFF9DF8F5
:1096500014301BB305AB2246314628468DF81070F6
:10966000FFF7B3FF95F84230012B059B55D14FF61C
:10967000FF72934200F09680082205A904A800F02A
:1096800057F9059B9DF81010C3F30722914240F053
:109690008980DBB2029A1A44029283E095F8423044
:1096A000012B30D103AB224631462846FFF78DFF10
:1096B00004AB621C31462846FFF787FF05ABA21CAE
:1096C00031462846FFF781FF102208230DEB0201E7
:1096D0000DF107008DF8073000F02AF9102205A9D6
:1096E0000DF1070000F024F9039BDAB2002A52D1F1
:1096F0009DF80720B2EB132F4DD1DDE9043203EBC7
:109700000243029347E0302C2BD944E09DF8072018
:10971000B2EB134F3FD1049BF3E7013342D0102249
:1097200005A90DEB020000F003F9059B9DF8101050
:10973000C3F30742914235D19BB2ABE7312C3FF6E0
:109740007BAF87D005AB224631462846FFF73DFF69
:10975000BDF81430002B7FF47DAF95F84230012B1B
:10976000A0D003AB224631462846FFF72EFF04ABBC
:10977000621C31462846FFF728FF102320220DEBFC
:1097800003010DF107008DF8073000F0D1F8039BBD
:109790009AB2002ABAD095F84230012B14BF0123A7
:1097A00002231C44013440E713B500240194049CB7
:1097B0000094E5F711F802B010BD30B544680023FD
:1097C0004FF0FF329C4202D10023037230BD01688A
:1097D00001EBC30541F833206A600133F2E7C0E9C9
:1097E0000012FFF7EABFF0B5456800239D4211D093
:1097F000046854F83320B2F1FF3F4FEAC30704EB8B
:10980000C30608D0C2F31302914204D14FF0FF33D4
:10981000E3517360F0BD0133E8E7F0B5456800231C
:109820009D4202D14FF0FF300FE0046854F83340FE
:10983000671C4FEAC30609D0C4F31307B94205D128
:10984000240D1470036833445868F0BD0133E7E712
:1098500013B50446002301461B220DF107008DF8C5
:10986000073000F065F822689DF80730B3EBD26F3F
:109870000CBF0120002002B010BD13B50023044628
:10988000014620220DF107008DF8073000F050F856
:109890000DF107001A22211D00F04AF862689DF8B8
:1098A0000730B3EB926F0CBF0120002002B010BD57
:1098B0000068431C584258417047006810F07E0F02
:1098C0000CBFC0F3C160002070470068C0F3D31024
:1098D0007047006800F07F0001288CBF0020012045
:1098E0007047036813F07E0F14BF042008207047F0
:1098F000036813F07E0F03D1406820F07C4070476E
:1099000013F078001CBF03F07F03D81F7047006876
:1099100000F07F007047032809D0022803D1C1F16D
:109920000201C8B2704700290CBF07200020704711
:109930001F2A0B689EBF4FF0FF3191408B4359089F
:1099400001F055315B1A03F033319B0803F03333D8
:109950000B44017803EB13130A4403F00F334FF069
:1099600001314B43A2EB13620270704737B501F12E
:109970000C04436905466946012220469847BDF814
:10998000003001930122AB6901A92046984703B03A
:1099900030BD37B501F10C04436901226946054623
:1099A00020469847009B4FF6FF7299B291420DD125
:1099B0001B0C1B0443F4254343F0A5030193012230
:1099C000AB6901A92046984703B030BD0020FBE7F2
:1099D00037B504461B22011D00250DF107008DF847
:1099E0000750FFF7A5FF60689DF80720B2EBD06F26
:1099F00003D120F0784003B030BD0DF107001B22E9
:109A000004F108018DF80750FFF792FFA0689DF858
:109A10000730B3EBD06F01D1C043EAE74FF0FF301E
:109A2000E9E703684BF29A22B2EB134F10B50446F4
:109A300013D19BB2012B13D1FFF7CAFF01300CD019
:109A4000E0684FF6FF72B2EB104F4FEA104309D1B6
:109A500080B2C01A18BF012010BD2368013303D0A3
:109A60000420F9E70220F7E70320F5E701288CBF7F
:109A7000002001207047033801288CBF00200120FE
:109A80007047143070472DE9F04105469846036948
:109A900008460E4617469847044638B943463A46A4
:109AA00031462846E5F7B8FF044618B13146284646
:109AB000FFF75CFF2046BDE8F0817047431E012B95
:109AC00003D9031F5842584170470120704700F0E6
:109AD00070B94FF4A472002103F0C6B8013001D16F
:109AE000E7F734BD0120704710B50021044600F0AF
:109AF0009AF82046BDE81040EAF7EEBDEAF706B84E
:109B0000EAF72EBA00F084BAEAF730BA00F090BA59
:109B1000D0F88C0070B5C468002324259C4201D184
:109B2000012070BD826805FB0322D6898E4202D8CF
:109B3000128A8A4201D20133F0E70020F1E7F8B53A
:109B400005460E46E6F710F8D5F88C307BB15B6918
:109B50006BB1E7F7B5FDD5F88C305B691B1A58423D
:109B600040F26B124FF042015841E6F7CFF9F76827
:109B700000224FF6FF734FF0240CD0B2B84208D346
:109B80001C4621462846E6F77FF900F015F92046E5
:109B9000F8BDB1680CFB0011CC899C4202D2002CAC
:109BA000EFD023460132E8E7008B70470A7838B5DA
:109BB00005461046FFF782FF60B14C782046FFF75C
:109BC0007DFF38B12243530704D42846BDE838400E
:109BD000EAF7FCB9012038BD10B504460878FFF754
:109BE0006DFF58B14A781046FFF768FF30B1042A7C
:109BF00004D02046BDE81040EAF720BA012010BD8D
:109C0000E9F72ABFEAF7A6BCEAF7ACB838B50446CC
:109C10000D46E6F739F928B929462046BDE838400F
:109C2000EAF76CB838BDEBF779B870B516460C4654
:109C3000FBF755FE314605462046E8F7EFFA0446A5
:109C40002846FBF750FE204670BD00F0DBB938B562
:109C5000044648880D4600F0ADF8D4F8A0302BB982
:109C600029462046BDE83840EAF71EBA022038BD32
:109C700000F0A1B800F01DBA73B5044600200D46EF
:109C800000F098F8D4F8A06069462046FFF7F2FF8C
:109C90005EB99DF800102A462046D9F7E3FE01463A
:109CA000204600F0D2F902B070BD00231A462946C2
:109CB0002046B047F7E7E9F7C3BEE6F713BF38B56C
:109CC00005460C46FBF70BFE2B6B1C40EB6A23434F
:109CD000EB62FBF708FE211E18BF0121002049029C
:109CE00038BD38B504460D46FBF7F9FD236B1D4022
:109CF000E36A23EA0505E562FBF7F5FD284638BD72
:109D0000C06A704710B501210446FFF7EAFF2046FC
:109D1000BDE81040E8F79EB838B504460D464FF44C
:109D20008811FFF7DEFF29462046BDE83840E6F7F8
:109D30002BBB0846E7F768BB00F089B8E7F7F4B932
:109D4000084708B5E9F7FCFE80B208BD022A01D831
:109D500000F0CBBA01207047022A01D800F0D6BA31
:109D600001207047022A01D800F0E2BA01207047B2
:109D7000EBF7B6B80846EBF7D5B800F016BB0020F5
:109D800070470020704738B50D6804462846E6F74E
:109D9000EDFAD4F8903043B15B6933B1013504BFBB
:109DA0006FF001020A600A681A60002038BDEAF705
:109DB00089BF7047704770477047704738B50D4688
:109DC0000446E7F77DFCAC4042F2107364095C4343
:109DD0006423B0FBF3F0B4FBF0F038BD022807D0E9
:109DE000062807D0003818BF01204042C0B2704793
:109DF000012070470020704730B51F23B0FBF3F3FC
:109E00005D1CEDB24FF0FF34C3EB4313AC40C01AFE
:109E1000E4430130E4B2C0B21460086030BD70B5F4
:109E200005460E46C0B201F00F01FFF7C7FFC6F3AB
:109E300003110446C5F30720FFF7C0FFC6F3032153
:109E40000444C5F30740FFF7B9FF204470BD08B5CF
:109E5000E7F7ACF8BDE80840E7F732B910B50446BB
:109E6000E7F7A4F8844288BF01F1FF31204601F0F2
:109E70000301BDE81040E7F723B938B50446FFF702
:109E8000E6FF0546FFF7E3FF431BA342FAD338BDC5
:109E90000020704700F03003202B10B513D110F4D0
:109EA000E02FC0F302440AD010F4C01FC0F3C42353
:109EB000B3FBF4F418BF6400052C0ED86408E7F770
:109EC000F9FC604310BDC0F382136FF012041C4113
:109ED00004F00104C4F10204F1E70424EFE710B533
:109EE000044651B10B6843B15B6833B11A68032A69
:109EF00003D99C6A640E204610BDFBF7F0FC0146B6
:109F00002046E7F7CDFE04460846FBF7ECFCF2E7F7
:109F100038B14FF47A735843A0F6AC50401AE8F7C2
:109F200001B84CF25030FAE7E8F754BFE8F752BFF7
:109F3000E8F750BFE8F74EBFE8F74CBF7047436BF8
:109F400003F06003402B0DD0602B03D0203B584220
:109F50005841704749B10B68012B06D9486940F058
:109F60000100704740F2011070470020704703461F
:109F700070B10268022A0BD9426A12F47F4FC2F311
:109F8000072006D01B6AD2B25A43B2FBF0F07047EA
:109F900000207047F0B5144687B01E460F4619B929
:109FA0000024204607B0F0BD002AF9D00028F7D0E1
:109FB00001A9EBF775FA0028F2D0BDF80630BDF81C
:109FC0000850A2199A42C4BF9B1B9CB2B54212D939
:109FD0000399AD1BADB23144A5420391ADF80850D1
:109FE0000DD22A46384602F065FE0499621B7819A4
:109FF00002F060FED5E70499761B314404912246B5
:10A000003846F5E70846E7F7E1BC0220E6F7B8BFB7
:10A01000D0F894304BB11A68022A06D993F825007B
:10A0200028B11B6AB3FBF0F07047FFF769BD7047BA
:10A0300008B50146D0F89400FFF799FF20B9BDE8B4
:10A0400008400846FFF760BD08BD10B590F8D03055
:10A050000E2B04462BD00175D0F8900020B3D4F815
:10A06000A0304BB994F8D9308B420BD32046002254
:10A07000BDE81040EAF772B8B4F92420B0F9123004
:10A080009A42F3DD94F8D91000222046EAF766F8E8
:10A0900060B9C4F890002046FFF786FD01462046CF
:10A0A000BDE81040E5F7F0BEFF23637510BD022048
:10A0B000FCE70346D0F8D0000860B3F8D4308B80BA
:10A0C0000020704790F8D0300E2B14BF407DFF2049
:10A0D0007047F8B50C4640210546E9F7D9FA4FF428
:10A0E0000061074606462846E9F7D2FA30B17CB14E
:10A0F00095F8CA3073B16FB93046F8BD22024FF4FB
:10A1000080712846E9F7B0FA061E18BF0126F3E76A
:10A110002246F4E74FF48072F1E74FF48071E9F7DB
:10A12000B7BA4A024FF40071E9F79EBA8A024FF4B7
:10A130008061E9F799BA4FF40071E9F7A9BA70B5EF
:10A1400006468D880C46E9F717FF727C053AEB004E
:10A15000012A98BF033388B1B3F5803F0ED8420976
:10A160004FF2244101FB032322680009B3FBF0F303
:10A170001A4407232260A371002070BD0220FCE76F
:10A180003F2B084610B5114619D9B3FA83F3C3F132
:10A190001902D2B2062A01D8192B0ED0062A28BFDE
:10A1A0000622931DDBB201249C40A4B2A14228BF29
:10A1B0002146EAF78DFF204610BD0022F1E700247A
:10A1C000F9E713883F2B10B5084616D9B3FA83F385
:10A1D000C3F11901C9B2062901D8192B0BD00629E0
:10A1E00028BF06218C1DE4B20123A3401380EAF7A7
:10A1F0008DFF002010BD0021F4E70120FAE7E9F708
:10A200008DBA10B5084614460121E7F767FA2046D3
:10A210000121BDE81040E7F761BAF8B504460E46E3
:10A220001746FBF75CFB3A4605463146204600F0F0
:10A23000CEF904462846FBF756FB2046F8BD02201F
:10A24000704703207047E6F793BE10B5EAF77EFB30
:10A25000044608B9E8F7D6FB204610BD38B50446D9
:10A26000817515464AB100F0A7F808B9002016E03C
:10A27000237C43F080032374F8E70846E6F738FCB4
:10A28000FF28A07508D0204600F096F80028EDD0F1
:10A29000237C65F3C713EEE7E6F780FC012038BDA9
:10A2A000704770B505460E461446FFF786FD3146E9
:10A2B0002846FFF744FCFFF780FD04F00903082B54
:10A2C00004D10B2C9CBF24F00804A4B221462846DC
:10A2D000E9F73CFC00224FF400312846E9F7C4F9C5
:10A2E000002070BD8021E9F7D3B97FB5531C05AAC2
:10A2F000ADF81410029202210022CDE90021DBB258
:10A300001146E9F7CFF907B05DF804FB7FB5531CA0
:10A3100005AAADF81410029204210222CDE9002111
:10A32000DBB200220121E9F7BDF907B05DF804FBBB
:10A330001FB5531C029100220821CDE90021012202
:10A34000DBB21146E9F7AEF905B05DF804FB07B5DD
:10A3500091F82830009391F82B3091F8292091F84A
:10A360002A10EAF7A1FD03B05DF804FB38B50546F5
:10A37000E9F7E6FB04462846E9F7C0FB072811D1B8
:10A38000D5F89030DB6924F47F4121F0080103B156
:10A390005B7841EA032141F020012846BDE83840BE
:10A3A000E9F7D4BB24F02001F7E7081E18BF01200D
:10A3B00070470020002170474021E9F769B900206B
:10A3C000704702207047002070470120704700202E
:10A3D0007047002070470120704700207047EAF75F
:10A3E000C1BC08461146E5F7FDBB70B505460C46F5
:10A3F00011461A46EAF7C6FD06682B462046B446C3
:10A40000BDE87040604710B5EAF7BCFDBDE81040FC
:10A4100083681847E7F778BA4942FFF7FBBF73B57F
:10A420000D7806460C4635B304238DF804302379A5
:10A430008DF8053001A93046FFF7CEFB0546B8B9C7
:10A440002278A37952BB8DF80430E3798DF805307A
:10A4500001A93046FFF7AAFB054648B923783BB16E
:10A4600061883046E9F722FF01213046FFF731FECF
:10A47000284602B070BD2946FFF72BFE294630461C
:10A48000FFF74FFE29463046FFF750FE2378002B9A
:10A49000CAD123798DF804306379C9E702228DF897
:10A4A0000420D3E7FFF73DBEFFF745BEFFF768BEC8
:10A4B000FFF787BE08461146EAF7F2BFC0F89C10C6
:10A4C00000207047E9F730BF70B5144686B00546E6
:10A4D0000E46122200210DF1060002F0C5FB236892
:10A4E000009369462846ADF80460FFF728FE009BFC
:10A4F000236006B070BD38B50446154609B1FFF7B4
:10A500007EFE25B12046BDE83840EAF707B838BDE1
:10A51000084611461A46BDF80030FFF73BBD2DE94D
:10A52000F74F1C469DF830300193036803F0070392
:10A53000063301259D400646174605F1FF380B46B8
:10A54000A1B1416804EA080BA5EB0B0A41F00059E0
:10A55000524509EB0B0114D95246184602F0AAFBEA
:10A560007A1B5A444946504402F0A4FB019B2BB18C
:10A570003C4448EA050804EA0804F46003B0BDE876
:10A58000F08F1846F0E737B5002500951446FFF721
:10A59000C6FF204603B030BD026802F00702063253
:10A5A00001239340026AC2F30C028A4210B584BFB1
:10A5B0004468C26803F1FF3388BF89189BB285BF26
:10A5C00044F0005019404FF0FF30405C10BDF7B52B
:10A5D00005460F4668461146EBF730F8064698B137
:10A5E00097B1DDE900311B0A43EA0163A5FB034390
:10A5F000090A05FB0135E7F763F8002302462946FF
:10A600002046FAF783F93860304603B0F0BD0022E7
:10A610008A4202D14FF0FF30704750F8223093FA4F
:10A62000A3F30BB90132F3E7B3FA83F000EB421066
:10A63000704710B50446EBF71BF921460020ECF7F4
:10A64000C5FFBDE81040002000F0B5B9704708B55F
:10A65000EDF714FF80F00100C0B208BDFFF76CBB3E
:10A66000704700207047704770B5144681F00105AF
:10A6700019B90D2A07D1FF2018E00D2A03D100785F
:10A680000538C0B212E0084400F047F8C5F10401F3
:10A6900010F440660246C9B209D1042C084605D020
:10A6A000052C16D112F0400F18BF084670BDC5F139
:10A6B0000603042CD8B2F9D0B6F5006F03D1C5F16A
:10A6C0000805E8B2ECE7B6F5406FE9D1C5F10E0533
:10A6D000F7E712F4404107D1062CE7D0072CE5D06C
:10A6E000082C13D10130CCE755065CBF831CD8B2CF
:10A6F000062CDBD0B1F5004F02D1831CD8B2EDE7B8
:10A70000B1F5404FEAD100F10803F7E7130744BF62
:10A710000530C0B20C2CC9D9ADE700887047017074
:10A72000090A4170704710B50024E3B210B9C3F1B3
:10A730000303DBB20134042CCA544FEA1222F4D1D1
:10A7400010BD10B50B784C788A78C97828B91046B6
:10A750002246044608461946034642EA012043EAD7
:10A76000042343EA004010BD10B50C46EDF742FD4E
:10A77000048010BD38B50C461546EDF73BFD038847
:10A780001DB11C43A1B2018038BD23EA040189B286
:10A79000F9E708B5EDF72EFD008808BD08B5EDF71F
:10A7A00029FDC07808BD08B5EDF724FD008800F04C
:10A7B0000C0008BD08B5EDF71DFD008800F00C0089
:10A7C000031F5842584108BD38B50546EDF712FD44
:10A7D00004462846FFF7EEFF30B904F11000FFF7FA
:10A7E0009CFF00F4406038BD4FF40060FBE738B5D3
:10A7F0000546EDF7FFFC04462846FFF7DBFF014660
:10A8000048B9103420460422ECF78EF92044BDE804
:10A810003840FFF782BFA08838BD10B50C46EDF771
:10A82000E9FC848010BD38B50546EDF7E3FC04462D
:10A830002846FFF7BFFF30B904F11000FFF76DFFA6
:10A8400000F4404038BD4FF40060FBE738B50546E2
:10A85000EDF7D0FC04462846FFF7ACFF014648B9A7
:10A86000103420460622ECF75FF92044BDE838405A
:10A87000FFF753BFA08838BD38B50546EDF7BAFCE1
:10A8800004462846FFF796FF014608B1201D38BD53
:10A89000103406222046ECF747F92044F7E708B5C4
:10A8A000EDF7A8FC007A08BD08B5EDF7A3FC90F918
:10A8B000090008BD08B5EDF79DFC807A08BD08B514
:10A8C000EDF798FCC06808BD10B50C46EDF792FC9A
:10A8D000047210BD10B50C46EDF78CFC447210BD2F
:10A8E00010B50C46EDF786FCC46010BD2DE9F843A9
:10A8F0000F468046002107F1100016469946EDF7F5
:10A900003FFD0446D0B1EDF775FC05462046EDF756
:10A910008DFC00210246284602F0A6F90023AB7008
:10A9200049F004012046FFF71FFFA5F804802EB16F
:10A930003A46314605F1100002F0BCF92046BDE868
:10A94000F883F8B505460F4610200021EDF718FDF5
:10A950000446B0B1EDF74EFC06462046EDF766FC26
:10A9600000210246304602F07FF90023B3703946D9
:10A970002046FFF7F9FE25B12A4601212046EDF7D2
:10A98000D7FC2046F8BD08B5EDF734FC103008BD03
:10A9900008B5EDF74BFC1038C0B208BD10B50C4639
:10A9A000098821B90846F8F719FB208008B1012071
:10A9B00010BD0220FCE70020ECF734BD08B5ECF731
:10A9C000B9FF002008BD4088C0F30C0003308008A8
:10A9D00040000430704708B520B1EDF71FFA00F0D1
:10A9E000010008BD0120FAE708B5EDF74FF9BDE811
:10A9F0000840FFF7F0BF70B50E46054611463046D9
:10AA0000EDF7BEFC044635B128B1EDF7F3FB324655
:10AA1000294602F00FF9204670BD0088B0FA80F098
:10AA200040097047008810B1C9B2EDF76DBC70479E
:10AA30002DE9F041B0F8008006460C46D5B2B8F1D9
:10AA4000000F11D029464046EDF75EFC224607462E
:10AA500029464046EDF76CFC3A4629462046EDF77C
:10AA600067FC3480BDE8F0810F46F5E738B505880E
:10AA700000220446FFF7DCFF05B1258038BDF8B59C
:10AA800007460D46008800211646EDF73DFCB04212
:10AA9000044605D129463846BDE8F840FFF7E6BF31
:10AAA00000212046EDF730FCB04205D020460021C1
:10AAB000EDF72AFC0446F3E72A4620460021EDF78D
:10AAC00037FC324628460021BDE8F840EDF730BC9F
:10AAD000034608461B888B4202D00021EDF714BCC8
:10AAE00000207047F8B5058807467DB1CCB22146F5
:10AAF0002846EDF709FC8542064609D100233B8034
:10AB0000002221463046EDF713FC35462846F8BDB5
:10AB10002146EDF7F9FB214602462846EDF708FCF1
:10AB2000EEE72DE9F04707888246884614465FB372
:10AB30003846EDF77BFB3D460646E4B22146284603
:10AB4000EDF7E2FB4045814616D12146EDF7DCFBEF
:10AB5000214602462846EDF7EBFB474504D1454523
:10AB600008BF0025AAF80050002221464046EDF714
:10AB7000DFFB3046BDE8F0878742FAD0EDF756FBA1
:10AB8000304486B24D46D9E73E46F2E72DE9F0471C
:10AB900080460F4602F1FF3906460024BC4202D22D
:10ABA00019F8015F25B9A6EB0800C0B2BDE8F0872F
:10ABB0009A46A5F13102012A5AF8041B10D83246F0
:10ABC000322D02F8011B06D10134E4B2A74232D380
:10ABD0000912B21C71700134E4B253461646DDE727
:10ABE000342D0CD10334BC42DDDA0B0A31707370A2
:10ABF0000B0C090EB370321DF170E4B2EBE7A5F156
:10AC00003302062A0DD8303DEDB22B19BB42CADA09
:10AC10002A463046013C02F00DF855FA84F47219C8
:10AC2000EBE7A5F14102062A01D8373DECE71D7993
:10AC300003F1080AE9E71646B5E770B5054600884E
:10AC40000C46EDF7F3FA844228880AD9EDF7EEFABC
:10AC50000023221AD2B228461946BDE87040EDF70B
:10AC600015BC2146EDF7FEFA002070BD2DE9F84332
:10AC70000746084616469DF8209088461C46EDF784
:10AC8000B9FA8519CCB1C5B14046EDF7CFFA2644E3
:10AC9000864214DC2246B9F1000F06D12946384617
:10ACA00001F0C8FF0020BDE8F883B9F1010F394673
:10ACB0002846F5D001F0FEFFF4E72120F3E71D2040
:10ACC000F1E738B50546EDF795FA04462846EDF765
:10ACD000ADFA002201462046BDE83840FFF78BBEA2
:10ACE000F8B516460C461D46BDF81870EDF782FA09
:10ACF00004443046EDF77EFA3A4641192046BDE855
:10AD0000F84001F097BF70B50C460131C9B2064654
:10AD1000EDF760FC214605463046EDF75BFC00EBA5
:10AD2000052080B270BD1FB50123ADF80C20009343
:10AD30000A460223014603A8FFF798FF05B05DF815
:10AD400004FB73B504460D46402000211646EDF77E
:10AD500017FBADF80600EDF74DFABDF8063013B954
:10AD6000002002B070BD402133462A462044FFF740
:10AD70000DFF2118C9B20DF10600FFF75EFF002894
:10AD8000EED1BDF80600ECE70EB403B503AA52F805
:10AD9000041B0192FFF7D5FF02B05DF804EB03B08E
:10ADA000704700220123C0E900237047F8B504462C
:10ADB00001270026FAF79EFD23683BB9FAF7A0FDAC
:10ADC00063680022012B0ED16360F8BD1D691F610D
:10ADD0002660FAF795FD012DF2D02B462D691E61F4
:10ADE000012DFAD1E6E719691A610B46EAE7006915
:10ADF000003818BF01207047036823B94068012854
:10AE000003D0EDF715BC002070474FF0FF307047BE
:10AE1000F8B50546FBF7CCFC01230646A8602B736A
:10AE20000027FAF767FD2B6802467BB11C69216990
:10AE3000A1420CBF2F60196127611046FAF760FD2F
:10AE4000012C08D0636820469847EAE76C68012C1B
:10AE500004D1FAF755FD00232B73F8BD6169711A0F
:10AE6000B1F1004FF5D8216969602361E5E77020F1
:10AE7000704770207047002070470144884201D11C
:10AE80000120704710F8013B9342F7D00020704733
:10AE900030B5014693B005460020EBF7DBFA10F021
:10AEA000FF040BD16A4621462046ECF7B1FA6A4608
:10AEB000214620468DF80250ECF78AFD204613B05B
:10AEC00030BD00B5002193B06A460846ECF7A0FA01
:10AED0009DF9020013B05DF804FB00B5002193B0AA
:10AEE0006A460846ECF794FA9DF8000013B05DF846
:10AEF00004FB08B5EBF7F4FD003818BF012008BDCE
:10AF000001207047002070477047704770477047B6
:10AF100070477047704770477047F6F76BBC00B5D5
:10AF2000002193B06A460846ECF772FABDF80600B5
:10AF300013B05DF804FB10B5002192B004466A46D8
:10AF40000846ECF765FA00216A460846ADF8064067
:10AF5000ECF73EFD12B010BD00B5002193B06A467B
:10AF60000846ECF755FABDF8040013B05DF804FB91
:10AF700010B5002192B004466A460846ECF748FA3C
:10AF800000216A460846ADF80440ECF721FD12B0F6
:10AF900010BD70472DE9F04F85B00C4691468046B4
:10AFA000FFF701FC671C05463846FFF7B6FB042D8A
:10AFB00040F08B804046FFF7E6FC037803F0030384
:10AFC000012B4FF009024FF00101204614BF4FF052
:10AFD000020B4FF0030BEBF7A7FD092200210546FA
:10AFE0002046EBF7A1FD21788DF80F0001390022F2
:10AFF00089B22046FFF7FFFC04EB090A0646D0B1F0
:10B000002A4601460DF10F035846FBF772FE02284F
:10B01000054626D13046EDF709F9C0B2207000236D
:10B02000013800930122C3B231463846FFF71EFEB5
:10B030002378013323704046FFF7ABFB020424D48E
:10B040009AF8013021789B071FD50139A1EB09013E
:10B050004246C9B25046F1F777FB23781844207076
:10B0600013E020B92070284605B0BDE8F08F032812
:10B0700009D15046FFF751FB20F4007189B25046C8
:10B08000FFF74DFBD7E70428D5D101252178002211
:10B090002046FFF7B0FC06460028E4D00023014616
:10B0A00001221846FBF725FE022819D13046EDF79C
:10B0B000BDF8C0B220700023013800930122C3B252
:10B0C00031463846FFF7D2FDCDE780F0800520F00D
:10B0D000800081B23846C5F3C015FFF720FBD5E7E5
:10B0E0000028C0D12070BEE708B50020FFF7AFFAF6
:10B0F00080F00100C0B208BD0A4608B50146002034
:10B10000EDF794FEB0FA80F0400908BD0020ECF79E
:10B1100091BD00210846ECF709BA0020EBF778B999
:10B1200008B5EDF7EBFE003818BF012008BD01207F
:10B130007047EEF707B810B50C46098821B90846E4
:10B14000F7F730FF208008B1012010BD0220FCE796
:10B1500010B50446FDF74EFE08B9FDF74DFE030598
:10B160000FD40C231B2B01D1002009E020FA03F19E
:10B17000C90703F1010206D5DBB2E31A5842584170
:10B1800010BD0B23F9E71346ECE710B50C46098810
:10B1900019B90846F7F722FF2080012010BD402989
:10B1A00008B5104604D009D811B13F290CD0C9B256
:10B1B00000F0FBFABDE80840FBF79BBF412905D032
:10B1C0004C29F4D18D21F3E73121F1E74221EFE75A
:10B1D00070B592B004460D4616466A46ECF718F96B
:10B1E0006A46294620468DF81F60ECF7F1FB12B045
:10B1F00070BD07B50DF10701EEF7D4F920B19DF848
:10B20000070003B05DF804FBFF20FAE710B50C4619
:10B21000EEF7CEFA2046BDE81040EEF7DFB901297F
:10B22000F8B505460C461DD003291ED0052920D0AF
:10B23000072922D00026002400270120EBF7DEFB9F
:10B24000304485421DDA0320EBF7D8FB20448542C9
:10B2500019DA0520EBF7D2FB38448542B4BF07204A
:10B260000520F8BD6FF00406E5E76FF0040405263D
:10B27000E2E700266FF00407DFE7002426460527F3
:10B28000DBE70120EDE70320EBE738B14379490024
:10B2900023F00C0301F00C010B434371704710B510
:10B2A000044678B141794088490801F0060101312E
:10B2B000000AFFF7B4FF024601462046FFF7E5FF0C
:10B2C000104610BD0722FBE738B50D46EEF75EFAD3
:10B2D000044608B9002038BDFFF7E1FF002DFAD180
:10B2E000237913F00703F5D0984238BF1846C0B24F
:10B2F000F1E70022EEF7A8BC002108B50122EEF725
:10B30000A3FC401A18BF012008BD38B51546FFF749
:10B31000F0FF04462846FFF76CFF84B1FF2804D0F5
:10B32000626822FA00F3DB0701D5012038BD012352
:10B33000834013436360E3780133E370F5E720460D
:10B34000F4E7EEF7DFBE0146102307220120EDF7F8
:10B3500099BA10B5ECF74EFF00F110042046FFF744
:10B36000DCF920F4007189B22046BDE81040FFF7F7
:10B37000D6B92DE9FF418DF80D301B0A15468DF821
:10B380000E3001919DF82C308DF80C0001218DF8C4
:10B390000F300091042303AA28469DF828809DF8C9
:10B3A00030709DF8346001F089FA044670B1294686
:10B3B000FFF733FAB8F1000F02D12046FFF7C9FFBB
:10B3C0002FB146B93146204601F0E2F8002420466C
:10B3D00004B0BDE8F08100231A4619462046EEF776
:10B3E00013FEF3E74FF47A70EEF768BF08B5EDF798
:10B3F000CFF9BDE808400020EFF766B81FB5044656
:10B400006846FFF7A0FF54B100238DF805301023E4
:10B41000072269460020EDF735FA04B010BDFFF7AA
:10B420007EFDADF80600FFF797FDADF80000EEE7F2
:10B4300000B58BB06846FFF786FF009BBDF806009D
:10B44000069304A9EEF7E0FE0BB05DF804FB1FB510
:10B4500004466846FFF777FF02AB03CB20606160CC
:10B4600004B010BDFF22EFF71BB938B5D31E012B76
:10B4700004460D46104607D8EFF730F82946204617
:10B48000BDE83840FFF7EEBF022038BD1FB50623E8
:10B4900004468DF80C30EFF75DF90023CDE9003359
:10B4A0008DF80D00022303AA0121204601F006FABF
:10B4B00004B010BD38B5002208210546FFF7DDFCB9
:10B4C000044698B9FFF72BFD22464FF6FF71EFF7C0
:10B4D0007DFA297C2846EFF727F8287C6A69E989F4
:10B4E00000F072F8EEF798FF204638BD0120FCE727
:10B4F00070B50C4605460120EFF71AFF237B4BB1D0
:10B50000FFF70DFD014623462A460120BDE87040A5
:10B51000EFF77ABA4FF6FE71F5E7F8B50E46074633
:10B52000FFF731FA0546FFF7F8F800F44040B0F5B0
:10B53000404F14BF0022062202F10A030B32EB5CDB
:10B540005C0004F00E045B08144403F03803384632
:10B550001C44FFF71DFA844208D2001BC2B20F2A16
:10B5600028BF0F222919304601F0A4FB2046F8BD60
:10B57000EDF70EB9D020F0F741BCFF224FF6FF7176
:10B58000F0F75CBD0020FFF7F8BF37B5082305468C
:10B590000C46092269460120EDF774F915B19DF8B2
:10B5A00006302B700CB1009B2360BDF8040003B083
:10B5B00030BD07B500210DF10700FFF7E6FF9DF84C
:10B5C000070003B05DF804FB07B508238DF80600FB
:10B5D000ADF804100092694609220020EDF752F9F7
:10B5E00003B05DF804FB13B5044601A90020FFF782
:10B5F000CCFF019A01462046FFF7E6FF204602B045
:10B6000010BDF0B50F46002187B004460846164627
:10B61000FFF7BBFF012305460DF10A008DF8084036
:10B620008DF80930FFF713FF092C1DD131460DF1BC
:10B630001200FFF774F805AB02AA9B1A0021CDE9AE
:10B6400000112846DBB2642101F038F90546E0B16B
:10B65000092C15D1F0F766FE044688B12846F0F7AC
:10B6600075FE204607B0F0BD31460DF113008DF890
:10B6700012704FF6FF75FFF752F80DF11503DBE777
:10B68000284600F014F80446EBE70446E9E738B52D
:10B6900004460D4600F09EFF40B1AC4206D0204665
:10B6A00000F089FFBDE8384000F06ABF38BD10B532
:10B6B0000446FFF768F90230FFF72FF84FF6F773EB
:10B6C0009842204603D9BDE81040F0F7BDBFF0F71F
:10B6D000FFFFB0FA80F0400910BD01207047002242
:10B6E000F0F7E8BE70B504460088FFF74CF9054650
:10B6F0000430FFF712F80646A81CFFF70EF80546BF
:10B70000FBF751F83046F2F7B9F930B92846F2F7AD
:10B71000B5F910B1284600F05DFFA37823F00F03C0
:10B72000A370002070BD70B50546FFF72CF90646E2
:10B73000284601F0E7F801462846ECF74BFF04469F
:10B740002846FFF754F84FF6F773984208D8337835
:10B7500003F00303012B05D1A31E5842584170BDCD
:10B760000120FCE70020FAE730B585B041F2033351
:10B770000D46ADF808300446FFF7D1FB8DF80A00FE
:10B78000FFF7CDFB0021000A8DF80B00CDE9001179
:10B79000052302AA20468DF80C5001F08FF810B155
:10B7A0002146FFF79CFF05B030BD70B504460D463D
:10B7B00091B131294FF0000600D135462046FEF701
:10B7C000F2FF08280AD101212046ECF79DFD294609
:10B7D000BDE87040FBF7CCBB0126EFE72046FEF743
:10B7E000E2FF024630B9BDE870404FF6FF7101201C
:10B7F000FCF725BE2046FEF7E7FFB0F5006F0ED13F
:10B800002046FEF7F4FF4FF6FF739842014617D02B
:10B81000002D0CBF032005200022FCF710FE294656
:10B820002046EEF7AFFC68B929462046F2F7C6F885
:10B8300040B9324629462046BDE87040F1F792B83B
:10B840000120E9E770BD7047704737B54FF6F675D0
:10B85000DAF7F2F8431E9BB2AB420446F8D8EDF794
:10B8600095FF0028F4D169462046EDF773FA0028C9
:10B87000EED0204600F065FE0028E9D12046FFF713
:10B880003BFD0028E4D12046F2F7F8F80028DFD18C
:10B89000204600F09FFE0028DAD12046FCF710FE7B
:10B8A0000028D5D1204603B030BD73B504460E46FE
:10B8B000F2F7E4F8054688B92046F2F739F921464F
:10B8C00000952B460D224FF6FD7000F053F83146DF
:10B8D000204602B0BDE87040F2F7ECB802B070BD8F
:10B8E00037B5054614460C2914D8DFE801F02913B2
:10B8F0002913131307131313132424006946EDF7B8
:10B9000029FA18B901216846F6F73EF8422029467F
:10B91000F8F736F9BCB12046FFF735F80230FEF7EC
:10B92000FCFE4FF6F77398420DD9204603B0BDE8F0
:10B930003040F0F741BF0B2914BFAA20A920E6E749
:10B9400000F006FEE6E703B030BD1FB5034608462B
:10B9500003218DF80C108DF80D3000210123CDE965
:10B960000031ADF80E20042303AA00F0A7FF05B0B4
:10B970005DF804FB2DE9F34106469DF820800F4653
:10B9800014461D46FFF7CBFAB04207D100222146EC
:10B99000384602B0BDE8F041FFF7A2BF3A46314653
:10B9A0002046FFF7D2FFADF8060060B10D2C05D19F
:10B9B00000224FF6FF712820FCF741FD35B9BDF894
:10B9C0000600FFF774FE02B0BDE8F0810123424695
:10B9D00029460DF10600ECF759FDBDF80630002BA5
:10B9E000EDD1F0E7F7B50C460546FEF7CCFF611C3C
:10B9F000C9B206462846ECF7EDFDA11C0746C9B2C0
:10BA00002846FFF780F9014604463846FBF780FADE
:10BA10000D2F34D12046F2F731F878B1301DFEF702
:10BA20007CFE04462846F679FEF710FF31460246B2
:10BA3000204603B0BDE8F040FFF767BCB01CFEF73E
:10BA40006CFE4FF6F773984202D92846F0F7B4FE21
:10BA50002046F2F76DF8FFF762FAA04205D1002008
:10BA600003B0BDE8F040FFF7EEBEB068F1686B468A
:10BA700003C369462046F2F71DF803B0F0BD2A461D
:10BA80003946204603B0BDE8F040FFF729BF142235
:10BA9000002101F0E9B82DE9F0470B078EB004460C
:10BAA0000E4615465CD10120E1F7A6FF09A8FCF778
:10BAB0002FFD092309A88DF82430FCF72DFD09A8D6
:10BAC000E1F76CFF01A909A8FCF789FF26F00F0731
:10BAD0002F4404F1100804F10F09BD4211D123696C
:10BAE0003344236101A909A8FCF75EFF0020E1F7B8
:10BAF00083FFB6F1005F2CBFB12000200EB0BDE87F
:10BB0000F08705AA23469646186859689446ACE81B
:10BB10000300083343456246F6D12B46224605F121
:10BB2000100A53F8041B42F8041B5345F9D171461F
:10BB300009A8FCF739FF09A8E1F730FF22462146A2
:10BB40000120E1F7EBFE013D631E13F8012F15F80C
:10BB5000011F4B4582EA01021A70F6D15546BCE737
:10BB60007020CBE7F0B585B0174605460C4610228D
:10BB70000021684601F078F8BFB3C4B30F2C04F07D
:10BB80000F0608D924F00F043A4621462846FFF74D
:10BB900082FF40BB274432463946684601F08AF8A6
:10BBA0002F6906F1100337446B448022B7F5005F1C
:10BBB00003F8102C2F61C6F110061AD3062E1FDDD4
:10BBC000FB001A0E8DF80A201A0C5BBA8DF80B20B8
:10BBD000ADF80C306A4610212846FFF75CFF2B6950
:10BBE000103B2B61002005B0F0BD3E46D8E726464D
:10BBF000D6E7022E04DDFB005BBAADF80E30E9E7B4
:10BC00006A4610212846FFF746FF2B69A3F110046E
:10BC10002C6110220021684601F026F8B7F5005F7C
:10BC20004FEAC403CDD2E7E770B586B00E460546AD
:10BC300001A81446FFF72BFF3246294601A8FFF75B
:10BC400091FF05AE054601AB22461C4603CCB4422B
:10BC500010605160234602F10802F6D1284606B072
:10BC600070BDF2F70DB80A460021F2F709B8F0B539
:10BC70008BB00C4601A9F2F703F8054688B32522DC
:10BC80000021E01C00F0F0FFBDF810700123A3704C
:10BC9000FA054FF00E03238010D523464FF4877228
:10BCA00023F8042B06AE0DF1280C324603CA624578
:10BCB00018605960164603F10803F6D13B0605D516
:10BCC000238843F080032380069B636001AB03CB92
:10BCD000039BC4F81D00C4F82110A361F3F70CF90D
:10BCE000606128460BB0F0BD30B5054687B001A8AD
:10BCF0000C46FCF70DFC2868696802AB03C39DF88D
:10BD0000113043F002028DF8112074B122885106DF
:10BD100044BF43F006038DF81130530542BF9DF830
:10BD2000113043F008038DF8113001A8FCF796FD9F
:10BD3000B0FA80F0400907B030BD2DE9F3410F465D
:10BD400005461646ECF772FAC41BE4B24FF0000841
:10BD50002946CDF8008023463A463046FEF786FF56
:10BD600001212846ECF7D0FA88B101212846ECF7EA
:10BD7000CBFA0746ECF75AFAC5B22B463019CDF884
:10BD8000008042463946FEF771FF2544ECB220465A
:10BD900002B0BDE8F0812DE9F74F0C9E9DF834808C
:10BDA0008946054693461C46ECF740FA0127234690
:10BDB0004A462946824600975846FEF757FF3946BD
:10BDC0002846ECF7A1FA4C4428B339462846ECF74C
:10BDD0009BFA5FFA8AFA5445814611DAE4B2AAEB7B
:10BDE000040B5FFA8BFB2246304600975B462946E0
:10BDF0004444FEF73BFFA4EB0A045E4404F0FF0852
:10BE000001230C93002243464946304603B0BDE867
:10BE1000F04FFEF72BBF0C974346E2B22946F4E7FA
:10BE20002DE9F04186B00026074608460C46154627
:10BE30009846CDE9026604968DF81460ECF7F6F9A1
:10BE4000411BCBB20D2B28BF0D2300962A4621465D
:10BE500002A8FEF70BFF424602A93846F2F764F843
:10BE60009DF80820064629462046ECF7C7FB3046D9
:10BE700006B0BDE8F0812DE9F04F0E46CBB00121B0
:10BE8000054617461C46ECF73FFA23463A46294634
:10BE9000814606A8FFF7C4FF0DF1280A00EB070B47
:10BEA0005FFA8BFB524631462846FFF746FFB34503
:10BEB00003D200204BB0BDE8F08FABEB06085FFA71
:10BEC00088F808F104039842F3DB331F1844C4B226
:10BED00004230193A31BDBB20093CDF808A04346D3
:10BEE0005246002106A8E1F79FFCC0B20028E0D12D
:10BEF000A4EB0B040AEB0803E4B252462846009375
:10BF0000314643460194FFF746FF39462846ECF791
:10BF100061FB394600F0F8022846ECF76FFB01217F
:10BF20002846ECF7F1F9002818BF4D462846ADF831
:10BF30001650ECF77BF9011FC9B20DF11600FEF7A0
:10BF40007CFE0120B6E72DE9F041044600F0DAFC62
:10BF5000411C074689B2204600F0A7FC98B397B36E
:10BF600039462046ECF736FB00F00C03042B05465F
:10BF700029D000F00308B8F1020F00D11BBB2846FE
:10BF800000F02BFD2B060744BEB216D5711C89B2FA
:10BF9000204600F08AFCB0B1F9B22046ECF71AFB5B
:10BFA000B8F1010F014600F003030CD0032B0AD0B7
:10BFB000284600F021FD304486B231462046BDE8D7
:10BFC000F04100F072BC0020BDE8F081F8B50646F3
:10BFD00000F05AFC054604463046FEF7D4FC437890
:10BFE0005B0718D5AC1CA4B22146304600F05DFCBE
:10BFF000B8B129463046ECF7EDFA691C0746C9B2DC
:10C000003046ECF7E7FA1FB1874201D8FF2808D184
:10C0100004EB4704A4B221463046BDE8F84000F0E6
:10C0200044BC0020F8BD13B5044601A8F2F7BCF9E2
:10C03000BDF80430DA0710D49B0707D41022002182
:10C04000204602B0BDE8104000F00EBE2246214658
:10C050001020FFF7E9FD0028F0D102B010BD13B5A4
:10C060000024CDE9003413460A4601460620F2F7C3
:10C07000C7F902B010BD08B50246F2F7B7F951058D
:10C0800044BF0838C0B2130544BF0838C0B208BD69
:10C09000F0B5D3078BB005460C4649D5008800F0B3
:10C0A00031FC00230646029314B9CDE9034403ACE6
:10C0B000002208212046FEF7E0FEA0B12888FEF706
:10C0C00062FC0230FEF729FB21460746ECF742FEF0
:10C0D00048B1002240231146384600F012FABE252E
:10C0E00028460BB0F0BD31462888ECF773FA10F003
:10C0F000030F0CBF01260026F1F706FE46EA4000BA
:10C10000C0B2009002AB05AA00212046F3F714FB51
:10C110000546F1F7F9FD0028E2D0002DE0D00096A9
:10C1200002AB05AA00212046F3F706FB0546D7E738
:10C13000A625D5E701461A2308220120ECF7A2BB69
:10C1400000231A46F3F766BA30B58BB005AD044646
:10C150002846FCF7DDF9022301A928468DF81430A2
:10C16000FCF73DFC01AA2346144603CCAC42186000
:10C170005960224603F10803F6D10BB030BD08B573
:10C180000023024619461846F3F744FA012008BD79
:10C1900037B504466846F3F7B3FA054648B10822B6
:10C1A0002146684600F036FDB0FA80F0400903B041
:10C1B00030BDFF2208212046FEF75FFE034628B16E
:10C1C00006212846FFF7BCFF0120F0E72246014682
:10C1D000F3F720FAF8E707B56846F3F791FA10B1DC
:10C1E0006846FCF7B0FD00F0010003B05DF804FB09
:10C1F0000120F3F767BF704730B589B0054603A843
:10C20000FCF786F9012401A88DF80C40FCF796FB99
:10C210009DF806209DF80730AA4209D0AB4209D10B
:10C2200003A88DF80D40E1F7B9FB012009B030BD3E
:10C230000024F5E70020F9E708B500221146104672
:10C24000F4F732FABDE8084000214FF6FF70FFF71F
:10C2500077BF00221021FEF710BE70477FB502465F
:10C260000D460D2317216846FAF7D1FA02AE6B4648
:10C270002A461C4603CCB44210605160234602F1AA
:10C280000802F6D1206810602379137100236B73C4
:10C2900004B070BDF0B585B06C4606460B4601F1A2
:10C2A0000807224618685968254603C50833BB426B
:10C2B0002C46F7D1186828601B792B7131460D2365
:10C2C0001720FAF7ADFA05B0F0BD38B504460D46B3
:10C2D000E1F7DAF8A04205D920462946FFF7BEFF6C
:10C2E000002038BD6920FCE730B585B000248DF80A
:10C2F0000040E1F7C9F8E5B2A84204D8F5F7A6F97D
:10C30000002005B030BD69462846FFF7C3FF013461
:10C31000EFE738B50446002000F04BF9FF2805464A
:10C320000FD000F050F910F0010009D0284600F0BD
:10C330004AF9400840EAC17080F0010000F00100B5
:10C3400038BD04F00100FBE7F8B5014606460020C1
:10C35000F5F7B6F8FF2801D00120F8BDE1F784F821
:10C3600000240546871CE1F783F8E3B2984201D820
:10C370000020F2E735F82430B34203D117F8243017
:10C38000002BE9D10134EEE738B50D460121044612
:10C39000EBF7BAFF30B101212046EBF7B5FF28805B
:10C3A000012038BD2C80204600F085FB0130C0B252
:10C3B000F7E72DE9F04788B00746894610460DF1AA
:10C3C0000A011D469046FFF7DFFFBDF80A600446EC
:10C3D0004FF0000A3046CDE905AACDF81BA0EBF7D7
:10C3E00025FF031BDBB20B2B28BF0B23CDF800A0CE
:10C3F0002246314605A8FEF739FC48F21F039D424C
:10C4000043D00BD885F40043012B15D90097234660
:10C41000424649462846FCF7A8FC33E048F23A0376
:10C420009D42F3D1FEF77BFDB8422BD02246414618
:10C4300005A8FCF7C9FC25E09DF8143013BBBDF836
:10C440001D40DDF81500DDF8191003AB03C303A987
:10C450002046E0F783FF012203A92046F1F7ACFB59
:10C46000A74206460ED0012103A8F5F78DFA48F23F
:10C4700001039D4206D12EB9334632463946204645
:10C4800000F0BFFB08B0BDE8F0879DF81450002D08
:10C49000F8D102349DF81570E4B2A846EBB2BB4265
:10C4A000F0D2224608233146CDF8008003A8CDE91A
:10C4B0000388FEF7DBFB03A800F078F800F07BF8B8
:10C4C000083400F05DF80135E4B2E7E710B5002468
:10C4D000848041800480C280038110BD13B5BDF803
:10C4E0001040CDE900340023F5F7F8FD02B010BD8F
:10C4F00013B5BDF8104001900094F5F7EFFD02B0C0
:10C5000010BD07B500930123FFF7F2FF03B05DF8FC
:10C5100004FB0123F5F778BE38B50546EFF702FFB7
:10C520000446E0F7BDFFA40144EA4020284038BD9E
:10C530007047704700207047FF2070470020704709
:10C540007047002070474FF6FF707047002070471B
:10C5500070470020704770470020704770470020E8
:10C560007047002070477047704700207047704741
:10C570007047002070474FF6FF7070479320704758
:10C580007047704770477047704770470120704789
:10C59000012070470020704700207047002070473E
:10C5A0007047704770474FF6FF7070474FF6FF7047
:10C5B0007047FF207047FF207047FF207047002022
:10C5C000704700207047002000217047002070470E
:10C5D00000207047002070477047002070472DE909
:10C5E000F04F002785B081460C467E203946BDF8C5
:10C5F0003CB09DF844A0BDF84C5001929846ADF86F
:10C600000E70EBF7BDFE0646002800F0AA80EBF79F
:10C61000F1FD39467E2200F027FB3046EBF7EAFDBC
:10C6200000903046EBF7E6FDB9F1FF0F14BF44F080
:10C63000030727463B0A14F44062077043705FD13A
:10C64000C31C4FF0080818460199424600F0F2FA60
:10C6500004F440440346434484B1790606D41946A1
:10C660004FEA1B2201F802BB5A700B46B4F5004F8B
:10C6700056D0A4F5404254425441E40022461846A4
:10C680000E9900F0D7FA009A03462044A0EB020866
:10C690005FFA88F89DB14FF47C521A53841C2846E7
:10C6A000EBF7A8FD83462846EBF7C0FDC5B22A4646
:10C6B0005946204600F0FEFA60190235EDB2B9F194
:10C6C000FF0F2FD0109900F8019B524600F0F2FAAC
:10C6D00008F101015AFA81F129443046EBF7C2FD15
:10C6E0000C21FF00002207F0800739431046FEF7B7
:10C6F00028F9ADF80E00E8B9002005B0BDE8F08FCC
:10C70000B2F5006F80F803804FEA182880F80480A3
:10C7100000F1050314BF4FF008084FF0020892E73C
:10C720000224ABE708EB0A0129443046EBF79AFDF7
:10C730000821D6E73046EBF75DFD04463046EBF7BF
:10C7400075FD0123C2B221460DF10E00EBF79EFEEE
:10C750000028D1D1BDF84820BDF80E000121EBF72B
:10C76000E7FDBDF80E00C8E7F8B506460D46F6F73A
:10C7700083FC0328044621D02846F6F77DFC0328D5
:10C7800007461BD010F0020318D1A0070DD5F907FA
:10C7900016D401233C43E20704D431892A8991420B
:10C7A00018BF002303F00100F8BD082229463046D7
:10C7B00000F030FAB0FA80F35B09EBE70020F3E712
:10C7C0001846F1E770B50D4600210646FEF72AF936
:10C7D000044630B1EBF70EFD01462846FFF7C4FFD3
:10C7E00008B1204670BD21463046FEF771F9EFE7EB
:10C7F0007FB54FF6FF7101AAF6F7D4FC20B1BDF862
:10C800000C0007B05DF804FB4FF6FF70F9E708B5C0
:10C810001046EDF7F9F8BDE80840EDF7B3B92DE99A
:10C82000F7430F46012181461646EBF76DFD05469D
:10C8300058B1FEF746FA308088B92846EBF7F6FC87
:10C8400068B1182003B0BDE8F0834846EBF7EEFC72
:10C85000FF2FA0EB0704E4B214D014B934800020F9
:10C86000F0E72A4621462846FEF7C5F8804600280C
:10C87000E7D000943B464A462946FEF731FAA6F82F
:10C880000080ECE70120DDE708B5FEF77CF843788F
:10C8900003F001001A074CBF10300830DB0644BF1C
:10C8A0000830C0B21030C0B208BD10B50C46EBF76E
:10C8B000BDFCA04234BF0020012010BD7FB59DF813
:10C8C00020600091144641F20921024641F60920F8
:10C8D000002E18BF01461D460020099BF6F7F8FC04
:10C8E000ADF80E0010B9002004B070BD01232A4637
:10C8F00021460DF10E00EBF7C9FD0028F3D1BDF87C
:10C900000E00F1E738B50546FFF7BEFF044628469E
:10C91000EBF78CFC631C9BB283420FD82846FEF7D2
:10C9200032F843785B0707D521462846EBF752FEDD
:10C93000013004EB4004E4B2204638BD0024FBE79C
:10C9400030B585B0ADF80E00EBF770FC0446BDF8CD
:10C950000E00FFF7D7FF00F10E03DBB2E5B2BDF822
:10C960000E20ED1AADB2014600951046FEF7B8F95B
:10C97000A4F10E01C9B20DF10E00FEF75EF905B08B
:10C9800030BD4278034612F0080006D0D20702D428
:10C9900003F10800704703F10900704737B50546F9
:10C9A0000C46FDF7F0FF437813F0100211D094B15C
:10C9B00003F001021B074FF00003009354BF18322D
:10C9C0002032082329462046FEF750F9012003B003
:10C9D00030BD1046FBE72046F9E700F00303012BCA
:10C9E00008D0C30606D400F00C000C2814BF0820A1
:10C9F0000920704702207047034611F0030005D05C
:10CA000003F00303022B14BF0220032070472DE91B
:10CA1000F0414E1C07460D46EBF708FC864203D951
:10CA200000242046BDE8F08129463846EBF7D2FDC8
:10CA30008046FFF7D2FF18F0800F0446F1D006447D
:10CA40003846EBF7F3FBB6B28642E9D82919C9B2EA
:10CA50003846EBF7BFFD01464046FFF7CDFF2044C7
:10CA6000C4B2DEE7F8B506460D46FFF7D0FF044630
:10CA700010B900242046F8BD29463046EBF7AAFD40
:10CA80008206F7D53046EBF7D1FB6F1C2744BFB2C7
:10CA90008742EED82919C9B23046EBF79BFD00F06A
:10CAA0001803082B14BF05340634E4B2830644BFD0
:10CAB0000834E4B2DEE738B50546FFF723FF044645
:10CAC00008B9002038BD01462846FFF7CBFF0028F3
:10CAD000F7D02044C0B2F5E72DE9F04387B0054612
:10CAE0000C46FDF750FF8046FDF717FE0746284627
:10CAF000FFF708FF064601462846FFF788FF002299
:10CB0000034600922946324602A8FEF7AFF89DF888
:10CB1000086006F00C030C2B06F003090BD0B9F1EA
:10CB2000010F59D0F10657D49DF809300DF10A05CF
:10CB30006371002007E0FF2363710DF10900FDF729
:10CB4000ECFD0DF10B05208198F80130DA0704D5D2
:10CB500008F10200FDF7E1FD2081B9F1010F5FFA54
:10CB600089F83DD0F3063BD42846FDF7D6FD60801A
:10CB7000A81CFDF7D2FD053515F8013C2080237176
:10CB80002B78A372B00606F0400348BF43F02003A1
:10CB9000390627D543F40073F80448BF43F4806393
:10CBA000390548BF43F400633206E38011D56A7843
:10CBB00012F003020DD0A9786FEA43436FEA5343A2
:10CBC000B8F1020FE3800B4611D1EB7841EA032163
:10CBD000218107B0BDE8F083FF230DF10905A7E728
:10CBE000FF23CCE77A0648BF43F48073D4E7012AD9
:10CBF00004BF0B029BB22381EBE7ECF7D7BFF7F73B
:10CC00001DB80BB1F7F786B80AB9F7F7FFB8FF21DF
:10CC1000F7F728B810B501390244904201D100203D
:10CC200005E0037811F8014FA34201D0181B10BD95
:10CC30000130F2E7884210B501EB020402D98442C8
:10CC4000234607D8431EA14208D011F8012B03F850
:10CC5000012FF8E7024401468A4200D110BD13F8C3
:10CC6000014D02F8014DF7E702440346934200D11B
:10CC7000704703F8011BF9E710B56AB10139841850
:10CC800010F8012B11F8013F9A4203D1A04201D0C4
:10CC9000002AF5D1D01A10BD1046FCE77047704746
:10CCA00010F8012B11F8013B012A28BF9A42F7D056
:10CCB000D01A70470A44914200F1FF3300D1704707
:10CCC00010B511F8014B03F8014F9142F9D110BD95
:10CCD000034613F8012B002AFBD1181A01387047BC
:10CCE000431C08BF0020E6F7FFBF00000000000063
:10CCF0000000000000000000000000000000000034
:10CD0000F8B500BFF8BC08BC9E467047F8B500BF38
:10CD1000F8BC08BC9E4670475FF800F07125002003
:10CD20000000000000000000000000000000000003
:10CD300000000000000000000000000000000000F3
:10CD40004A6F696E002573206E6574776F726B2071
:10CD500025733A20307825303258006200312E3069
:10CD60002E300003094C434B2D42493430300D53D3
:10CD70006D617274486F6D65506C7573610E000063
:10CD8000610F0000450C00005D0D0000B90D0000B2
:10CD9000890C0000000000000500000000000000F9
:10CDA00000C20100000500000010000000000000AB
:10CDB0000000000015001701180019001A001B00E0
:10CDC0001C00270030003100360037003A003B00DD
:10CDD0003C004400450046005D00696E666F006CD3
:10CDE000696273006273656E6400726573657400D6
:10CDF0007261770073656E645F6D756C74696361F1
:10CE000073740073656E642D7573696E672D6D752F
:10CE10006C7469636173742D62696E64696E670016
:10CE200074696D6573796E63006765742D707469DC
:10CE30002D726164696F2D636F6E66696700636F41
:10CE40006E6669672D6363612D6D6F64650076653D
:10CE50007273696F6E006576656E747300736563D7
:10CE60007572697479007A69676265655F70726965
:10CE70006E7400706C7567696E006E6574006B652A
:10CE80007973006F7074696F6E00706C7567006302
:10CE900068616E67656B6579006368616E67656B75
:10CEA000007A646F007072696E742072656C6174D0
:10CEB000656420636F6D6D616E64732E00617474C0
:10CEC000720074696D65005A646F2072656C6174DC
:10CED000656420636F6D6D616E64732E00726F7593
:10CEE000746500706F776572006D676D742D6C717D
:10CEF00069006D676D742D62696E64006C656176A2
:10CF000065006E6F64650073696D706C65006965BE
:10CF10006565006E776B00756E62696E64006E7792
:10CF20006B2D757064006F75742D636C2D6C697357
:10CF30007400696E2D636C2D6C697374005A646F94
:10CF400020696E2D636C2D6C6973742072656C6141
:10CF500074656420636F6D6D616E64732E0061642F
:10CF60006400636C656172005A646F206F75742D84
:10CF7000636C2D6C6973742072656C6174656420D8
:10CF8000636F6D6D616E64732E005A646F206E77EF
:10CF90006B2D7570642072656C6174656420636FBD
:10CFA0006D6D616E64732E007363616E2D636861D5
:10CFB0006E2D6D61736B007363616E006368616EEB
:10CFC0005067006368616E005A646F20756E626915
:10CFD0006E642072656C6174656420636F6D6D6151
:10CFE0006E64732E0067726F757000756E69636191
:10CFF0007374006368616E67656B65792072656C38
:10D000006174656420636F6D6D616E64732E006C76
:10D01000696E6B004F7074696F6E2072656C61741D
:10D02000656420636F6D6D616E64732E0072656759
:10D030006973746572007461726765740064697302
:10D040006300696E7374616C6C2D636F646500625C
:10D05000696E64696E672D7461626C6500707269D7
:10D060006E742D72782D6D736773006170737265C5
:10D070007472790041505320726574727920666C25
:10D08000616720666F72636520636F6D6D616E64AA
:10D09000730064656661756C7400456E61626C65F1
:10D0A000732F44697361626C6573207072696E746A
:10D0B000696E67206F66205278206D6573736167B3
:10D0C00065732E00656E61626C65006469736162F0
:10D0D0006C650042696E64696E67207461626C659C
:10D0E0002072656C6174656420636F6D6D616E6440
:10D0F000732E005365637572697479206B6579735B
:10D100002072656C6174656420636F6D6D616E641F
:10D11000732E0064656C657465004E6574776F727C
:10D120006B2072656C6174656420636F6D6D616EF8
:10D1300064732E00666F726D0072656A6F696E00AF
:10D1400072656A6F696E2D646966662D64657669BD
:10D1500063652D747970650065787470616E6964BB
:10D160000069736F70656E0062726F61642D706A22
:10D170006F696E006368616E67652D6368616E6ECE
:10D18000656C00696E6974006368616E67652D6B1C
:10D190006565702D616C6976652D6D6F64650074D1
:10D1A000696D656F75742D6F7074696F6E2D6D612B
:10D1B000736B006D756C74692D7068792D73746173
:10D1C0007274006D756C74692D7068792D73746F4D
:10D1D000700066696E64006E6574776F726B2066AE
:10D1E000696E6420636F6D6D616E64732E006A6F8B
:10D1F000696E61626C6500756E7573656400696463
:10D200006C652D736C65657000636F756E74657207
:10D2100073006E6574776F726B2D737465657269D8
:10D220006E67007570646174652D74632D6C696E32
:10D230006B2D6B6579007570646174652D74632D59
:10D240006C696E6B2D6B65792072656C61746564B9
:10D2500020636F6D6D616E64730074696D6572003B
:10D260006E6574776F726B2D7374656572696E6726
:10D270002072656C6174656420636F6D6D616E64AE
:10D28000732E007072652D636F6E666967757265C7
:10D29000642D6B65792D736574006D61736B2072FD
:10D2A000656C6174656420636F6D6D616E642E00E2
:10D2B000737562747261637400656E61626C655F40
:10D2C0007479706500737461636B00617070007ACB
:10D2D000636C006C65676163795F61665F6465625A
:10D2E000756700636F756E746572732072656C612B
:10D2F00074656420636F6D6D616E64732E0070726F
:10D30000696E742D636F756E7465722D74797065B6
:10D310000073696D706C652D7072696E7400707247
:10D32000696E742D7468726573686F6C64730073D2
:10D3300065742D7468726573686F6C6400726573D0
:10D3400065742D7468726573686F6C6473007365BF
:10D350006E642D72657175657374007365637572A3
:10D360006974792072656C6174656420636F6D6D9A
:10D37000616E6473007365742D616C6C6F772D74CE
:10D38000727573742D63656E7465722D72656A6F44
:10D39000696E2D7573696E672D77656C6C2D6B6E7C
:10D3A0006F776E2D6B6579007365742D616C6C6F92
:10D3B000772D74727573742D63656E7465722D723A
:10D3C000656A6F696E2D7573696E672D77656C6C14
:10D3D0002D6B6E6F776E2D6B65792D74696D656F32
:10D3E0007574007365742D6B65792D726571756543
:10D3F00073742D706F6C696379006D66672D746F3F
:10D400006B656E0061707300536563757269747942
:10D41000206170732072656C6174656420636F6D48
:10D420006D616E64732E004765742F736574204DB3
:10D43000464720746F6B656E2E00656E64706F6971
:10D440006E742072656C6174656420636F6D6D61CC
:10D450006E64732E00436F6D6D616E647320746F24
:10D4600020636F6E74726F6C2069646C696E672FD5
:10D47000736C656570696E67206F662074686520DF
:10D4800064657669636500666F7263652D617761B7
:10D490006B65006177616B652D7768656E2D6E6FCA
:10D4A000742D6A6F696E6564005072696E747320C2
:10D4B00074696D652E005072696E747320617474A6
:10D4C0007269627574652E00436C656172732074B5
:10D4D0006865205A444F206C697374206F6620631E
:10D4E0006C69656E742028696E2920636C7573748D
:10D4F0006572732E004164647320636C7573746588
:10D50000727320746F20746865206B6E6F776E2065
:10D51000636C69656E742028696E2920636C75736D
:10D5200074657273206F6E20746869732064657609
:10D530006963652E00436C656172732074686520B1
:10D540005A444F206C697374206F6620636C696560
:10D550006E7420286F75742920636C7573746572FE
:10D56000732E004164647320636C75737465727309
:10D5700020746F20746865206B6E6F776E20636C0B
:10D5800069656E7420286F75742920636C757374D7
:10D59000657273206F6E20746869732064657669A4
:10D5A00063652E0053656E647320616E2075706430
:10D5B000617465206368616E6E656C20726571755B
:10D5C0006573742E006368616E6E656C1F00536531
:10D5D0006E647320616E2075706461746520636889
:10D5E000616E6E656C2070616765207265712E20BA
:10D5F00054686520737461636B2073656E64732077
:10D600006E776B20656E68616E636564207570640B
:10D610006174652072657120666F72206E6F6E2D69
:10D620007A65726F20706167652E006368616E6E47
:10D63000656C1F706167651F00506572666F726D63
:10D640007320616E20656E65726779207363616E09
:10D650002E007461726765744E6F646549641F7350
:10D6600063616E4475726174696F6E1F7363616E7E
:10D67000436F756E741F0042726F616463617374EF
:10D680007320746865204944206F662074686520A3
:10D690006E6577206E6574776F726B206D616E6159
:10D6A00067657220616E64206163746976652063CA
:10D6B00068616E6E656C732E006E776B4D676549A1
:10D6C000641F6368616E6E656C4D61736B1F005003
:10D6D0006572666F726D7320616E20656E6572672C
:10D6E00079207363616E206F6E20676976656E20A6
:10D6F0006368616E6E656C206D61736B2E00746182
:10D70000726765744E6F646549641F7363616E442C
:10D7100075726174696F6E1F7363616E436F756EAE
:10D72000741F6368616E6E656C4D61736B1F00538F
:10D73000656E64732061206E6574776F726B206113
:10D7400064647265737320726571756573742066A5
:10D750006F722074686520676976656E204945455B
:10D760004520616464726573732E00696565651F89
:10D7700000526571756573747320616E204945456B
:10D78000452061646472657373206261736564200F
:10D790006F6E206120676976656E206E6F6465200C
:10D7A00049442E006E6F646549641F0053656E64C2
:10D7B0007320612073696D706C652064657363729A
:10D7C0006970746F72207265717565737420666F0D
:10D7D00072207468652073686F727420616464726B
:10D7E00065737320616E6420656E64706F696E741A
:10D7F000207370656369666965642E00646573747F
:10D800001F746172676574456E64706F696E741F12
:10D810000053656E64732061206D617463684465B4
:10D820007363726970746F72735265717565737426
:10D8300020746F2074686520676976656E20646562
:10D840007374696E6174696F6E207769746820748F
:10D85000686520676976656E2070726F66696C65B1
:10D860002E006E6F646549641F70726F66696C6527
:10D870001F0053656E64732061206E6F64652064C1
:10D88000657363726970746F722072657175657308
:10D890007420746F206120676976656E20746172F0
:10D8A000676574206465766963652E0074617267CC
:10D8B00065741F0053656E64732061205A444F20C5
:10D8C00042696E6420636F6D6D616E6420746F20B9
:10D8D0006120646576696365207370656369666954
:10D8E000656420696E2074686520636F6D6D616E7C
:10D8F0006420617267756D656E74732E0044657384
:10D9000074696E6174696F6E1F536F757263652001
:10D91000656E64706F696E741F44657374696E61BF
:10D9200074696F6E20656E64706F696E741F636CCE
:10D93000757374657249441F72656D6F74654555E2
:10D940004936341F6465737445554936341F005396
:10D95000656E647320616E2061637469766520650D
:10D960006E64706F696E7420726571756573742072
:10D97000746F2074686520646576696365207769D3
:10D9800074682074686520676976656E2073686FB7
:10D9900072742049442E0053656E647320616E20BA
:10D9A000756E62696E642072657175657374206648
:10D9B0006F72206120756E69636173742062696E95
:10D9C00064696E6720746F20746865207461726783
:10D9D0006574206465766963652E0074617267659D
:10D9E000741F736F757263652065756936341F73B4
:10D9F0006F7572636520656E64706F696E741F6306
:10DA00006C757374657249441F64657374696E61E3
:10DA100074696F6E45554936341F64657374696E59
:10DA20006174696F6E20656E64706F696E741F003B
:10DA300053656E647320616E20756E62696E64203A
:10DA40007265717565737420666F722061206D75E3
:10DA50006C7469636173742062696E64696E6720B7
:10DA6000746F2074686520746172676574206465E2
:10DA7000766963652E007461726765741F736F75D4
:10DA80007263652065756936341F736F75726365DF
:10DA900020656E64706F696E741F636C7573746556
:10DAA0007249441F67726F75704164647265737365
:10DAB0001F0053656E64732061205A444F204D61EE
:10DAC0006E6167656D656E74204C65617665206377
:10DAD0006F6D6D616E6420746F2074686520746171
:10DAE00072676574206465766963652E007461727F
:10DAF0006765741F72656D6F76654368696C6472E3
:10DB0000656E1F72656A6F696E1F0053656E647380
:10DB10002061205A444F204D474D542D42696E6478
:10DB2000202842696E64696E67205461626C6529C1
:10DB3000205265717565737420746F207468652058
:10DB4000746172676574206465766963652E00741C
:10DB500061726765741F7374617274496E6465786D
:10DB60001F0053656E64732061205A444F204D4757
:10DB70004D542D4C514920284C5149205461626C20
:10DB80006529205265717565737420746F207468FF
:10DB90006520746172676574206465766963652EBB
:10DBA0000053656E64732061205A444F20506F7794
:10DBB00065722044657363726970746F7220526578
:10DBC000717565737420746F207468652074617258
:10DBD000676574206465766963652E0053656E64BD
:10DBE000732061205A444F20726F757465207265EE
:10DBF000717565737420636F6D6D616E6420746FF1
:10DC000020746865207461726765742E0074617297
:10DC10006765741F696E6465781F00696E64657856
:10DC20001F65756936341F696E7374616C6C436F60
:10DC300064651F00696E6465781F65756936341FF9
:10DC40006B65791F005443206C696E6B206B65799E
:10DC5000207265717565737420706F6C6963791FCC
:10DC6000417070206C696E6B206B657920726571F4
:10DC70007565737420706F6C6963791F00426F6FF4
:10DC80006C3A20616C6C6F772074727573742063CA
:10DC9000656E7465722072656A6F696E207573694E
:10DCA0006E672077656C6C2D6B6E6F776E206B6581
:10DCB000791F0070726F66696C6549641F636C75CB
:10DCC0007374657249641F00746172676574496496
:10DCD0001F00456E61626C6573207072696E7469B5
:10DCE0006E67206F66205278206D6573736167657B
:10DCF000732E0053657473207468652062696E64C6
:10DD0000696E67207461626C6500696E6465781F76
:10DD1000636C75737465721F6C6F63616C45701F03
:10DD200072656D6F746545701F65756936341F00C7
:10DD3000436C65617273207468652062696E646902
:10DD40006E67207461626C652E005072696E747328
:10DD5000207468652062696E64696E672074616210
:10DD60006C6520746F2074686520636F6D6D616EE3
:10DD700064206C696E652E00436C6561727320616E
:10DD80006C6C207365637572697479206B65797347
:10DD90002E0044656C657465207468652073706539
:10DDA000636966696564206C696E6B206B657920B8
:10DDB000696E6465782E005072696E747320616CB0
:10DDC0006C207365637572697479206B6579732E45
:10DDD000005465726D696E617465732074686520A6
:10DDE0006D756C74692D50485920696E7465726642
:10DDF000616365005573656420746F20737461728C
:10DE000074206D756C74692D50485920696E746565
:10DE10007266616365206F74686572207468616EF4
:10DE2000206E617469766520616E6420666F726D24
:10DE300020746865206E6574776F726B2E2054684D
:10DE40006520737461636B20757365732073616DF6
:10DE5000652050616E4964206173206E617469763B
:10DE60006520726164696F206E6574776F726B2EC6
:10DE700000706167651F6368616E6E656C1F706F0F
:10DE80007765721F6F7074696F6E734D61736B206D
:10DE9000284269742030203D20526F75746572737A
:10DEA00020616C6C6F7765642C204269742031208E
:10DEB0003D2042726F61646361737420616C6C6FAA
:10DEC000776564291F00417474656D7074732074E4
:10DED0006F206368616E6765207468652063686998
:10DEE0006C642074696D656F7574206F7074696FF0
:10DEF0006E206D61736B20746F2066696C7465723F
:10DF0000206F757420756E646573697261626C65EB
:10DF10002076616C7565732028652E672E206E6FE4
:10DF2000206D6F7265207468616E203320646179A2
:10DF300073292E0074696D656F7574206F70746934
:10DF40006F6E206D61736B1F005377697463686532
:10DF500073206265747765656E20646966666572B4
:10DF6000656E74206B65657020616C697665206DE7
:10DF70006F64657320737570706F7274656420626E
:10DF800079206120726F757465722E004B65657023
:10DF900020616C697665206D6F64651F0050726941
:10DFA0006E7473207468652063757272656E742078
:10DFB0004E6F64652049442C2045554936342C2049
:10DFC000616E642050616E2049442E00496E697470
:10DFD00069616C697A65732061206E6574776F7210
:10DFE0006B3B2074686973206973206120746573CA
:10DFF0007420636F6D6D616E642075736564206657
:10E000006F722074632D737761702D6F7574207437
:10E01000657374696E672E00536574732074686548
:10E02000206E6574776F726B20696E6465782075F9
:10E0300073656420627920616C6C206675747572FA
:10E040006520434C4920636F6D6D616E64732E20B3
:10E05000204265666F726520657865637574696EC8
:10E0600067206120434C4920636F6D6D616E642CA5
:10E0700020746865206672616D65776F726B2073BE
:10E080007769746368657320746F2074686973209E
:10E090006E6574776F726B2E2020416674657220F6
:10E0A00074686520636F6D6D616E642066696E696A
:10E0B0007368657320657865637574696E672C2075
:10E0C000746865206672616D65776F726B20737717
:10E0D000697463686573206261636B20746F207478
:10E0E00068652070726576696F7573206E657477E8
:10E0F0006F726B2E202054686520434C4920757345
:10E100006573207468652073616D65206E65747732
:10E110006F726B20696E64657820756E74696C200F
:10E1200074686520646576696365207265736574DB
:10E1300073206F72206974206973206368616E6751
:10E140006564207468726F756768207468697320ED
:10E15000636F6D6D616E642E00417474656D7074D3
:10E160007320746F206368616E67652064657669EB
:10E170006365206F76657220746F20612064696624
:10E18000666572656E74206368616E6E656C20678B
:10E190006976656E20696E20746865206368616EBB
:10E1A0006E656C20617267756D656E742E005468C3
:10E1B00065206368616E6E656C20746F20636861B2
:10E1C0006E676520746F1F0066696E64556E7573A7
:10E1D000656450616E49640066696E644A6F696E79
:10E1E00061626C654E6574776F726B005065726D1D
:10E1F000697473206A6F696E696E67206F6E207430
:10E200006865206E6574776F726B20666F7220612F
:10E2100020676976656E206E756D626572206F6627
:10E22000207365636F6E647320414E442062726F89
:10E23000616463617374732061205A444F204D6799
:10E240006D74205065726D6974204A6F696E696ED5
:10E2500067207265717565737420746F20616C6CD2
:10E2600020726F75746572732E00412073696E673A
:10E270006C65206279746520696E64696361746994
:10E280006E6720686F77206C6F6E672074686520FA
:10E290006465766963652073686F756C6420686176
:10E2A0007665207065726D6974206A6F696E696E3B
:10E2B00067207475726E6564206F6E20666F722EB3
:10E2C00020412076616C7565206F66203078666627
:10E2D000207475726E73206F6E207065726D697434
:10E2E000206A6F696E20696E646566696E6974651F
:10E2F0006C792E1F00436865636B73206E657477BD
:10E300006F726B20706A6F696E20737461747573BD
:10E310002E0057726974657320746865206578747F
:10E32000656E6465642070616E20494420666F727A
:10E3300020746865206465766963652E006578746D
:10E3400070616E69641F0052656A6F696E73206147
:10E350006E206578697374696E67206E6574776F77
:10E36000726B20696E206120736563757265206F22
:10E370007220696E736563757265206D616E6E657E
:10E3800072207769746820612064696666657265C9
:10E390006E742064657669636520747970652E00FB
:10E3A000426F6F6C65616E206E6574776F726B2063
:10E3B0006B657920617661696C6162696C697479F9
:10E3C0001F4368616E6E656C206D61736B1F416EDB
:10E3D00020656E756D65726174696F6E20696E641B
:10E3E00069636174696E6720746865206465766925
:10E3F0006365207479706520746F2072656A6F6937
:10E400006E2061732E54686520737461636B206F96
:10E410006E6C79206163636570747320454D42456D
:10E42000525F454E445F44455649434520616E6402
:10E4300020454D4245525F534C454550595F454E2E
:10E44000445F4445564943452E1F0052654A6F6953
:10E450006E732061206E6574776F726B2E00426F51
:10E460006F6C65616E206E6574776F726B206B6583
:10E470007920617661696C6162696C6974791F43A6
:10E4800068616E6E656C206D61736B1F004C656119
:10E490007665732061206E6574776F726B2E005401
:10E4A00075726E73207065726D6974206A6F696E23
:10E4B000696E67206F6E20666F72207468652061D8
:10E4C0006D6F756E74206F662074696D6520696E5E
:10E4D000646963617465642E00412073696E676CC2
:10E4E00065206279746520696E6469636174696E20
:10E4F0006720686F77206C6F6E6720746865206492
:10E5000065766963652073686F756C6420686176F1
:10E5100065207065726D6974206A6F696E696E67D7
:10E52000207475726E206F6E20666F722E204120EF
:10E5300076616C7565206F6620307866662074752C
:10E54000726E73207065726D6974206A6F696E20D7
:10E55000696E646566696E6974656C792E1F004A20
:10E560006F696E732061206E6574776F726B206FB8
:10E570006E206120676976656E206368616E6E65E6
:10E580006C2C2077697468206120676976656E203D
:10E59000545820506F77657220616E642050414E50
:10E5A0002049442E00546865206368616E6E656C76
:10E5B000206F6E20776869636820746F206A6F69C6
:10E5C0006E20746865206E6574776F726B1F4F6E76
:10E5D000652D62797465207369676E656420766164
:10E5E0006C756520696E6469636174696E67207417
:10E5F000686520545820506F776572207468617484
:10E600002074686520726164696F2073686F756C2F
:10E61000642062652073657420746F1F54686520E0
:10E6200050414E204944206F6E207768696368200E
:10E63000746F206A6F696E20746865206E657477E8
:10E640006F726B1F00466F726D732061206E657470
:10E65000776F726B206F6E206120676976656E2020
:10E660006368616E6E656C2C207769746820612028
:10E67000676976656E20545820506F776572206107
:10E680006E642050414E2049442E0054686520633A
:10E6900068616E6E656C206F6E20776869636820B4
:10E6A000746F20666F726D20746865206E65747774
:10E6B0006F726B1F4F6E652D627974652073696789
:10E6C0006E65642076616C756520696E646963614E
:10E6D00074696E672074686520545820506F7765A0
:10E6E0007220746861742074686520726164696F57
:10E6F0002073686F756C6420626520736574207484
:10E700006F1F5468652050414E204944206F6E2091
:10E71000776869636820746F20666F726D20746813
:10E7200065206E6574776F726B1F00546869732083
:10E7300073657473207468652074686520616D6FFB
:10E74000756E74206F662074696D652062657477DC
:10E7500065656E2073756273657175656E7420747E
:10E76000727573742063656E746572206C696E6B6C
:10E77000206B6579207570646174657320696E2003
:10E780006D696C6C697365636F6E64732E00546899
:10E790006520616D6F756E74206F662074696D659C
:10E7A000206265747765656E207375627365717537
:10E7B000656E742074727573742063656E7465720F
:10E7C000206C696E6B206B6579207570646174656F
:10E7D0007320696E206D696C6C697365636F6E641C
:10E7E000731F0053756274726163747320612063D8
:10E7F00068616E6E656C2066726F6D206569746805
:10E80000657220746865207072696D617279206F1D
:10E8100072207365636F6E64617279206368616EE4
:10E820006E656C206D61736B206F66207468652067
:10E830006E6574776F726B2D7374656572696E6740
:10E8400020636F6D706F6E656E742E005468652066
:10E850006368616E6E656C206D61736B20746F20F0
:10E860007375627472616374207468652063686193
:10E870006E6E656C2066726F6D1F546865206368EC
:10E88000616E6E656C20746F207375627472616363
:10E890007420746865206D61736B2066726F6D1FE4
:10E8A00000416464732061206368616E6E656C2052
:10E8B000746F206569746865722074686520707271
:10E8C000696D617279206F72207365636F6E646128
:10E8D0007279206368616E6E656C206D61736B2068
:10E8E0006F6620746865206E6574776F726B2D7328
:10E8F00074656572696E6720636F6D706F6E656EAB
:10E90000742E00546865206368616E6E656C206DBE
:10E9100061736B20746F206164642061206368619F
:10E920006E6E656C20746F1F546865206368616E3D
:10E930006E656C20746F2061646420746F2074684D
:10E9400065206D61736B1F00536574732065697476
:10E9500068657220746865207072696D61727920D3
:10E960006F72207365636F6E646172792063686192
:10E970006E6E656C206D61736B2E0054686520634C
:10E9800068616E6E656C206D61736B20746F2073AF
:10E990007562747261637420746865206368616E67
:10E9A0006E656C2066726F6D1F5468652076616CB1
:10E9B000756520746F2073657420746865206368C2
:10E9C000616E6E656C206D61736B20746F2E1F001D
:10E9D0005365747320746865207072652D636F6E63
:10E9E00066696775726564206B657920736F207442
:10E9F00068617420746865206A6F696E696E67204B
:10EA00006465766963652063616E20656E74657206
:10EA100020746865206E6574776F726B2E00536585
:10EA200074732074686520707265636F6E666967C1
:10EA300075726564206B65791F0053746F70732065
:10EA4000746865206E6574776F726B20737465658A
:10EA500072696E672070726F636573732E005374F2
:10EA60006172747320746865206E6574776F726B61
:10EA7000207374656572696E672070726F63657369
:10EA8000732E0041206D61736B206F66206F707470
:10EA9000696F6E7320666F7220696E64696361745A
:10EAA000696E672073706563696669632062656873
:10EAB0006176696F722077697468696E2074686521
:10EAC000206E6574776F726B2D7374656572696EF5
:10EAD000672070726F636573732E1F0044697370D3
:10EAE0006C617973207468652063757272656E74E9
:10EAF00020737461747573206F6620746865206E6E
:10EB00006574776F726B207374656572696E6720C8
:10EB100070726F636573732E00456E61626C652F52
:10EB200064697361626C6520646562756720606CFE
:10EB3000656761637920617070206672616D6577C9
:10EB40006F726B20646562756760207072696E74A5
:10EB500020747970652E00456E61626C652F646962
:10EB60007361626C651F00456E61626C652F64693C
:10EB70007361626C6520646562756720607A636C9E
:10EB800060207072696E7420747970652E00456E15
:10EB900061626C652F64697361626C652064656293
:10EBA0007567206061707060207072696E74207487
:10EBB0007970652E00456E61626C652F64697361C2
:10EBC000626C652064656275672060636F72656062
:10EBD000207072696E7420747970652E00456E61C4
:10EBE000626C652F64697361626C6520646562752F
:10EBF000672060737461636B60207072696E74204B
:10EC0000747970652E0053656E647320612072659F
:10EC1000717565737420666F72204F544120636F65
:10EC2000756E746572732E0052657365747320611E
:10EC30006C6C207468726573686F6C6473207661A5
:10EC40006C75657320746F203078464646462E00FA
:10EC5000536574732061207468726573686F6C64A7
:10EC60002076616C756520666F722061207061721C
:10EC7000746963756C61722074797065206F6620A9
:10EC8000636F756E7465722E0054797065206F66BF
:10EC900020636F756E7465721F5468726573686F58
:10ECA0006C642056616C75651F005072696E7473D8
:10ECB00020746865207468726573686F6C64732073
:10ECC0006F6620616C6C2074686520636F756E746C
:10ECD0006572732E00436C6561727320616C6C20E9
:10ECE000636F756E7465722076616C7565732E0046
:10ECF0005072696E747320616C6C20636F756E74F2
:10ED000065722076616C7565732E005072696E7441
:10ED100073207468652076616C7565206F66207459
:10ED200068697320706172746963756C61722063C5
:10ED30006F756E7465722E0054686520636F756E12
:10ED4000746572207479706520746F207072696EBA
:10ED5000741F005072696E747320616C6C20636F55
:10ED6000756E7465722076616C75657320616E6472
:10ED700020636C65617273207468656D2E00536545
:10ED800074204D464720746F6B656E2C2043414EB6
:10ED90004E4F5420424520554E5345542042592051
:10EDA000434C492E005072696E74204D46472074C2
:10EDB0006F6B656E2E005072696E742061637469AA
:10EDC0007665206576656E74732E004469736162A2
:10EDD0006C652074686520656E64706F696E742060
:10EDE000666F72205A434C206D657373616765735B
:10EDF0002E00456E64706F696E7420696E6465786C
:10EE00001F00456E61626C65732074686520656ED5
:10EE100064706F696E7420666F72205A434C206D67
:10EE2000657373616765732E005072696E74207329
:10EE30007461747573206F6620656E64706F696E9F
:10EE400074732E0053686F7773207468652076653D
:10EE50007273696F6E206F662074686520736F66C9
:10EE600074776172652E0053657420746865206341
:10EE70006F6E66696775726564203830322E313581
:10EE80002E3420434341206D6F646520696E2074E9
:10EE9000686520726164696F2E2053656520646F18
:10EEA00063756D656E746174696F6E2072656761FC
:10EEB0007264696E67205241494C5F494545453847
:10EEC00030323135345F4363614D6F64655F742E5A
:10EED0000041205241494C5F494545453830323167
:10EEE00035345F4363614D6F64655F742076616C98
:10EEF00075651F0052657475726E732050544920F9
:10EF0000726164696F20636F6E66696720696E66FF
:10EF10006F726D6174696F6E20746F2064657465C3
:10EF2000726D696E65207468652050485920747947
:10EF30007065206265696E6720757365642062790B
:10EF4000205241494C2E2072657475726E20766194
:10EF50006C756520697320656E756D205241494C52
:10EF60005F494545453830323135345F5074695218
:10EF70006164696F436F6E6669675F7420652E67B1
:10EF800020205241494C5F494545453830323135A2
:10EF9000345F5054495F524144494F5F434F4E469E
:10EFA00049475F32503447485A203D20307830304E
:10EFB00055205241494C5F4945454538303231353D
:10EFC000345F5054495F524144494F5F434F4E466E
:10EFD00049475F32503447485A5F414E544449567E
:10EFE000203D203078303155205241494C5F494511
:10EFF00045453830323135345F5054495F524144D1
:10F00000494F5F434F4E4649475F32503447485A55
:10F010005F434F4558203D203078303255205241D3
:10F02000494C5F494545453830323135345F50549D
:10F03000495F524144494F5F434F4E4649475F3213
:10F04000503447485A5F414E544449565F434F45F8
:10F0500058203D2030783033550053656E6473205E
:10F06000612072656164206174747220666F722021
:10F070007468652074696D65206F6620746865200A
:10F080006465766963652073706563696669656444
:10F090002E2049742073657473206120666C61674B
:10F0A00020736F207768656E2069742067657473BC
:10F0B0002074686520726573706F6E736520697463
:10F0C00020777269746573207468652074696D6552
:10F0D00020746F20697473206F776E2074696D657A
:10F0E00020617474722E0049641F737263456E64EC
:10F0F000706F696E741F64657374456E64706F69B8
:10F100006E741F005768656E2073656E64696E6764
:10F11000207573696E6720612062696E64696E672D
:10F120002C20737065636966696573207768657400
:10F130006865722061206D756C74696361737420F9
:10F1400062696E64696E672073686F756C642062B3
:10F150006520757365642E007573654D756C7469F3
:10F160006361737442696E64696E671F0053656EF4
:10F1700064732061207072652D62756666657265C4
:10F1800064206D756C746963617374206D6573734D
:10F1900061676520746F206120676976656E2067FE
:10F1A000726F75702049442066726F6D2061206710
:10F1B0006976656E20656E64706F696E742E006787
:10F1C000726F757049641F7372632D656E64706F22
:10F1D000696E741F00437265617465732061206DF0
:10F1E0006573736167652062792073706563696612
:10F1F00079696E672074686520726177206279741E
:10F2000065732E20557365207468652073656E6480
:10F2100020636F6D6D616E6420746F2073656E6422
:10F2200020746865206D657373616765206F6E6318
:10F230006520697420686173206265656E20637261
:10F2400065617465642E2045783A207261772030BC
:10F250007830303046207B30302030412030302034
:10F2600031312032322033332034342035357D2083
:10F2700073656E64732061206D65737361676520CB
:10F28000746F20636C75737465722031352028307B
:10F29000783030304629206F66206C656E67746860
:10F2A000203820776869636820696E636C756465CF
:10F2B0007320746865205A434C20686561646572E8
:10F2C0002E00436C757374657249641F44617461E8
:10F2D0001F0052657365747320746865206E6F64D7
:10F2E000652E005772697465732061206D657373B4
:10F2F0006167652E00456E64706F696E741F436CA4
:10F3000075737465722049441F4174747269627523
:10F3100074652049441F4D61736B1F446174612003
:10F32000747970651F4461746120627974651F008F
:10F3300052656164732061206D6573736167652E2A
:10F3400000456E64706F696E741F436C75737465ED
:10F35000722049441F417474726962757465204952
:10F36000441F312069662073657276657220646976
:10F3700072656374696F6E2C203020696620636C3F
:10F3800069656E7420646972656374696F6E1F00CD
:10F3900053656E64732061206D6573736167652EBC
:10F3A0000044657374696E6174696F6E1F536F7585
:10F3B00072636520656E64706F696E741F44657357
:10F3C00074696E6174696F6E20656E64706F696ECA
:10F3D000741F00536F7572636520656E64706F698A
:10F3E0006E741F004C6973747320776869636820BA
:10F3F0006F7074696F6E616C206C696272617269A2
:10F400006573206F662074686520737461636B2078
:10F4100061726520696D706C656D656E74656420E0
:10F420006F6E2074686973206465766963652E0069
:10F430005072696E747320696E666F726D61746963
:10F440006F6E2061626F757420746865206E6574DC
:10F45000776F726B2073746174652C20636C7573A5
:10F46000746572732C20616E6420656E64706F69C0
:10F470006E74732E00536574206F7220636C656127
:10F48000722073746179206177616B65207768659C
:10F490006E206E6F74206A6F696E656400536574C8
:10F4A000206F7220636C65617220666F72636520E5
:10F4B0006177616B6500446973706C617920746871
:10F4C0006520736C656570207374617475730000DA
:10F4D000DACD02003805030000000000DFCD020095
:10F4E0002805030000000000E4CD02001805030019
:10F4F00000000000E5CD0200080503000000000048
:10F5000046370300F404030000000000393703000D
:10F51000E004030000000000EACD0200D004030074
:10F5200000000000F0CD0200C00403000000000055
:10F53000F4CD0200B00403000000000003CE02007E
:10F54000A00403000000000020CE0200900403008D
:10F550000000000029CE020080040300000000002B
:10F560003ECE020070040300000000004ECE0200F8
:10F57000600403000000000056CE020020040300D7
:10F5800000000000BE480300E8FD0200000000008B
:10F590005DCE020028FD02000000000066CE0200E1
:10F5A0002CFC02000000000073CE020020FB0200D1
:10F5B0000000000048310300F8F9020000000000DC
:10F5C0007ACE0200F8F90200010000007ECE0200AF
:10F5D000B8F902000000000083CE02007CF80200AF
:10F5E00000000000750A03007CF802000100000022
:10F5F00073CE020020FB0200000000008ACE020051
:10F6000020FB0200010000008FCE020048F802003B
:10F610000000000099CE020048F80200010000003E
:10F62000A1CE020078F6020000000000C321030012
:10F6300044F602000000000000000000000000008E
:10F640000000000054F60200A5CE0200B70A030035
:10F65000FE000000BDCE020078FE020000000000A7
:10F66000C2CE020068FE02000000000000000000A0
:10F67000000000000000000088F60200C7CE020073
:10F68000B70A0300FE000000DDCE0200F8FF020012
:10F6900000000000E3CE0200E8FF020000000000CE
:10F6A000E9CE0200D8FF020000000000F2CE020006
:10F6B000C8FF020000000000FCCE0200B8FF0200FC
:10F6C00000000000151D030080FF02000000000084
:10F6D0002A2603006CFF02000000000002CF020097
:10F6E0005CFF020000000000022203004CFF020049
:10F6F0000000000007CF02003CFF020000000000F5
:10F700000ECF02002CFF02000000000013CF020009
:10F710001CFF02000000000017CF020014F80200D6
:10F72000000000001ECF0200BCF702000000000035
:10F7300026CF020088F702000000000032CF02004E
:10F7400054F702000000000000000000000000006C
:10F750000000000064F702003DCF0200B70A03007A
:10F76000FE0000005ECF020098FE020000000000D4
:10F7700062CF020088FE02000000000000000000CE
:10F78000000000000000000098F7020068CF0200AF
:10F79000B70A0300FE0000005ECF0200B8FE0200C0
:10F7A0000000000062CF0200A8FE0200000000007E
:10F7B000000000000000000000000000CCF7020084
:10F7C0008ACF0200B70A0300FE000000A8CF0200A3
:10F7D00008FF02000000000096D20200F8FE0200BE
:10F7E00000000000B7CF0200E8FE020000000000A9
:10F7F000BCCF0200D8FE020000000000C3CF020010
:10F80000C8FE020000000000000000000000000030
:10F810000000000024F80200C8CF0200B70A03006D
:10F82000FE000000E5CF0200A4FF0200000000007F
:10F83000EBCF020090FF020000000000000000007B
:10F84000000000000000000058F80200F3CF0200A2
:10F85000B70A0300FE0000000FD0020038000300CA
:10F8600000000000483103002800030000000000F1
:10F870000000000000000000000000008CF8020002
:10F8800014D00200B70A0300FE0000002DD00200D1
:10F89000E80003000000000036D00200D80003009A
:10F8A000000000003DD00200C8000300000000007E
:10F8B0000FD00200180003000000000042D0020038
:10F8C00008000300000000004FD0020078F9020099
:10F8D000000000005DD0020044F9020000000000BA
:10F8E0006BD0020004F90200000000005DCE0200AF
:10F8F00028FD0200000000000000000000000000E1
:10F900000000000014F9020074D00200B70A0300DE
:10F91000FE000000FE050300B80003000000000028
:10F920000F060300A80003000000000092D00200B0
:10F93000980003000000000000000000000000002C
:10F940000000000054F902009AD00200B70A030038
:10F95000FE000000C4D00200080103000000000007
:10F96000CBD00200F80003000000000000000000FF
:10F97000000000000000000088F90200D3D002005F
:10F98000B70A0300FE000000C32103003C0103008E
:10F990000000000062CF02002C0103000000000004
:10F9A00096D20200180103000000000000000000D1
:10F9B0000000000000000000C8F90200F3D00200BF
:10F9C000B70A0300FE000000C32103006C0103001E
:10F9D0000000000013D102005C01030000000000E1
:10F9E00062CF02004C010300000000000000000094
:10F9F000000000000000000008FA02001AD1020016
:10FA0000B70A0300FE00000034D10200A002030088
:10FA1000000000006B3103009002030000000000B2
:10FA20006ED102008002030000000000FCCE020044
:10FA3000700203000000000039D1020060020300E0
:10FA40000000000040D1020050020300000000004E
:10FA500058D10200400203000000000061D1020002
:10FA6000300203000000000068D102002002030001
:10FA70000000000074D10200F0010300000000004B
:10FA800096D20200E00103000000000083D10200D2
:10FA9000D0010300000000005ED10200C00103009D
:10FAA0000000000088D10200B00103000000000047
:10FAB0009FD10200A001030000000000B3D10200AA
:10FAC0008C01030000000000C3D102007C01030090
:10FAD00000000000D2D10200ECFA02000000000099
:10FAE000000000000000000000000000FCFA02001E
:10FAF000D7D10200B70A0300FE000000EED10200D9
:10FB00001002030000000000F7D102000002030011
:10FB100000000000000000000000000000000000E5
:10FB200030FB0200B70A0300B70A0300FE00000022
:10FB3000FED1020028FE02000000000009D20200EF
:10FB4000ACFC02000000000012D2020094FB020094
:10FB50000000000023D202006CFB02000000000045
:10FB60000000000000000000000000007CFB02001C
:10FB700036D20200B70A0300FE0000005AD202008B
:10FB8000B0020300000000000000000000000000C0
:10FB900000000000A4FB020060D20200B70A0300CC
:10FBA000FE0000009A310300200303000000000063
:10FBB000BDD102001003030000000000CDD10200FF
:10FBC000000303000000000083D20200F0020300E3
:10FBD00000000000B2CF0200ECFB020000000000B9
:10FBE000000000000000000000000000FCFB02001C
:10FBF0009AD20200B70A0300FE00000096D202006B
:10FC0000E0020300000000005ECF0200D00203000B
:10FC100000000000B0D20200C0020300000000009B
:10FC20000000000000000000000000003CFC02009A
:10FC3000B70A0300B70A0300FE000000B9D20200B1
:10FC400054FC020000000000000000000000000062
:10FC50000000000064FC0200B70A0300B70A0300BA
:10FC6000FE000000C5D20200700303000000000087
:10FC7000614B03006003030000000000CBD20200D0
:10FC80005003030000000000CFD202004003030035
:10FC900000000000D3D20200300303000000000087
:10FCA000000000000000000000000000BCFC02009A
:10FCB000E3D20200B70A0300FE000000C3210300E4
:10FCC000F003030000000000FED20200E003030086
:10FCD0000000000011D30200D00303000000000068
:10FCE00062CF0200C0030300000000001ED3020028
:10FCF000B0030300000000002FD30200A0030300A4
:10FD0000000000003DD3020090030300000000004B
:10FD10004ED302008003030000000000000000003A
:10FD2000000000000000000038FD02005BD302006C
:10FD3000B70A0300FE00000075D30200680003004C
:10FD400000000000A8D302005800030000000000DB
:10FD5000E3D302004800030000000000FAD30200D1
:10FD6000B4FD02000000000004D4020080FD020087
:10FD70000000000000000000000000000000000083
:10FD800090FD020008D40200B70A0300FE00000044
:10FD9000FE05030088000300000000000F060300BA
:10FDA00078000300000000000000000000000000D8
:10FDB00000000000C4FD020027D40200B70A0300BF
:10FDC000FE00000039D00200100403000000000013
:10FDD00096D20200000403000000000000000000B2
:10FDE0000000000000000000F8FD02003AD402000C
:10FDF000B70A0300FE000000C32103005004030003
:10FE000000000000C4D00200400403000000000015
:10FE1000CBD002003004030000000000000000000E
:10FE2000000000000000000038FE020055D402006F
:10FE3000B70A0300FE0000009A31030068050300C2
:10FE40000000000087D402005805030000000000F5
:10FE500093D40200480503000000000000000000E9
:10FE60000000000000000000AB6A0200A9D40200FC
:10FE7000B70A0300FF000000A76A0200B6D4020020
:10FE8000B70A0300FF0000004D900000C8D4020034
:10FE9000B70A0300FF000000E98F0000F5D402005C
:10FEA000BDDC020001FF00004D90000035D50200CE
:10FEB000B70A0300FF000000E98F000063D50200CD
:10FEC000BDDC020001FF000081900000A4D502000B
:10FED000C5D5020000FF000081900000CED50200D1
:10FEE0002BD602000000FF000D91000039D6020061
:10FEF00052D60200010001FF7991000077D602007E
:10FF0000B9D602000102FF000D910000CFD6020019
:10FF1000FED6020001000102FF000000CD8E0000AD
:10FF20002FD702006BD7020007FF0000ED8E000004
:10FF300071D70200A4D7020001FF0000018F00006A
:10FF4000ACD70200FCD702000100FF00299300009B
:10FF500011D8020062D802000101FF00318F0000B9
:10FF600072D80200ACD8020001FF00005D8F0000D3
:10FF7000B4D80200FDD80200010000010707FF000D
:10FF8000A99100004FD90200A4D7020001FF000090
:10FF9000B192000097D90200DBD9020001070001ED
:10FFA0000700FF00096B020030DA020076DA020077
:10FFB0000107000101FF000031920000B2DA0200E7
:10FFC000EDDA0200010000FF019200000BDB0200ED
:10FFD0004FDB02000100FF00D191000062DB020054
:10FFE0004FDB02000100FF0081920000A1DB020054
:10FFF000ACD8020001FF0000F1920000DCDB02003F
:020000023000CC
:100000000DDC02000100FF00BD7C0000B70A030008
:100010001BDC0200000707FF557C0000B70A030045
:1000200034DC0200000707FFAD810000B70A0300BF
:1000300040DC020007FF0000AD810000B70A0300AA
:1000400040DC020007FF000089810000B70A0300BE
:1000500045DC02000000FF0069810000B70A0300D0
:100060005A3A030001FF000031810000B70A030083
:100070007DDC020000FF0000357C0000B70A0300B1
:10008000B70A0300FF000000357C0000B70A030038
:10009000B70A0300FF000000596A0200B70A030014
:1000A000B70A0300FF000000596A0200B70A030004
:1000B000B70A0300FF000000596A0200B70A0300F4
:1000C000B70A0300FF000000057C0000B70A030028
:1000D000B3DC02000101FF00F17B0000B70A03005E
:1000E000C8DC020001FF0000556A0200B70A0300E5
:1000F000B70A0300FF000000B97B0000A2D0020095
:10010000B70A0300FF000000B97B0000D2DC020048
:10011000B70A0300FF0000004D7D0000F3DC020081
:100120000ADD02000001000007FF0000516A020022
:1001300030DD0200B70A0300FF000000B57A0000BE
:100140004ADD0200B70A0300FF000000A56A0200B2
:1001500078DD0200B70A0300FF000000976A020082
:1001600092DD020014DC020000FF00008584000024
:10017000B7DD0200B70A0300FF0000008979000024
:10018000D1DD0200B70A0300FF0000001D79000066
:10019000F4DD020071DE020000000310FF00000029
:1001A000F9790000C6DE020034DF020001FF000022
:1001B000CD79000049DF02008CDF020000FF000063
:1001C000E17800009DDF0200B70A0300FF00000095
:1001D0004F6A0200CCDF0200B70A0300FF000000F4
:1001E000BD78000018E0020014DC020000FF0000EF
:1001F0008978000059E10200AEE1020000FF000032
:100200006D780000C8E10200B70A0300FF0000009B
:1002100051780000D8E10200B70A0300FF00000097
:100220003F6A0200ECE102006AE2020000FF000007
:1002300021780000F5E20200B70A0300FF00000089
:10024000DD77000012E302003DE3020007FF00003B
:10025000A177000047E30200A0E30200000500FFD1
:10026000597700004BE402005EE402000002FF0048
:10027000357700008DE40200B70A0300FF0000009C
:100280003F6A02009FE40200D9E4020000FF000080
:10029000C97600005FE50200A5E50200000301FF4A
:1002A000B976000045E602008BE60200000301FF7C
:1002B000997102002BE702008EE7020002FF0000A6
:1002C000D19A0000E3E702004CE802000000FF00C2
:1002D000D19A0000A1E8020003E902000000FF003B
:1002E000719B000048E902007BE902000002FF0068
:1002F000CD9C0000D0E902001EEA020007FF0000CA
:10030000A59C00003AEA0200B70A0300FF000000C3
:10031000B99A00005EEA020083EA020000FF0000D2
:10032000C59B0000DCEA0200B70A0300FF000000E2
:100330005D71020019EB020057EB020000FF0000A4
:100340005771020067EB020057EB020000FF00004C
:10035000517102008EEB020057EB020000FF00001B
:100360004B710200B5EB020057EB020000FF0000EA
:1003700045710200DDEB020057EB020000FF0000B8
:100380002D71020006EC0200B70A0300FF00000016
:100390003371020028EC0200B70A0300FF000000DE
:1003A0000198000050EC020089EC02000001FF00FF
:1003B0002D980000AAEC0200B70A0300FF0000001D
:1003C0002F710200D5EC0200B70A0300FF00000005
:1003D00029710200F0EC0200B70A0300FF000000E0
:1003E000BD9700000BED020038ED020000FF000099
:1003F0001B71020053ED0200B70A0300FF0000006A
:10040000018200007EED0200B70A0300FF00000039
:1004100001820000A5ED0200B70A0300FF00000002
:10042000A9760000B6ED0200B70A0300FF00000045
:1004300075760000CBED0200F2ED020000FF000037
:100440007576000002EE0200F2ED020000FF0000EF
:100450000D76000029EE0200B70A0300FF0000003D
:10046000376A020044EE0200B70A0300FF000000F2
:100470006D72000067EE0200D1EE020000FF000086
:100480004D720000F4EE0200B70A0300FF00000006
:10049000D98D00005AF00200E7F00200010000FFD1
:1004A000C98C000004F1020058F1020000FF0000B6
:1004B000FD8C00006DF10200BFF102000100FF00A1
:1004C000698C0000D5F10200C2F202000107FF00B2
:1004D0003B6A0200D2F20200B70A0300FF000000EC
:1004E00069860000E3F20200F5F20200000101005B
:1004F0000007FF005985000030F3020041F30200BD
:1005000000010100FF000000FD8C000090F30200DC
:10051000A1F30200010000FFD184000090F302006B
:10052000D3F3020000FF000081D20000E4F30200D8
:10053000B70A0300FF000000A172000030F40200BF
:10054000B70A0300FF0000005997000075F402008D
:10055000C4DE020000FF0000219700009DF40200AD
:10056000C4DE020000FF0000D1960000B6F40200D5
:10057000B70A0300FF434C4920696E7374616E63D0
:1005800065206578616D706C6500000001000000F9
:1005900068330020FB24002039220000D7570200D6
:1005A000035802002F580200475802005A434C20BB
:1005B000636F6D6D616E6473006261736963006780
:1005C0006C6F62616C006D66672D636F64650075AA
:1005D00073652D6E6578742D73657175656E6365D1
:1005E00000782D64656661756C742D72657370009A
:1005F000746573742D726573706F6E73652D6F6E95
:1006000000746573742D726573706F6E73652D6FF2
:100610006666005A434C20626173696320636C759F
:100620007374657220636F6D6D616E6473007274B4
:10063000666400436F6D6D616E6420746861742040
:1006400072657365747320616C6C20617474726977
:10065000627574652076616C75657320746F2066B1
:100660006163746F72792064656661756C742E00C5
:10067000CFD20200C82000200000000000000000CF
:100680000000000000000000B9050300F4060300AC
:1006900000000000BF050300D43D0300000000007F
:1006A000C6050300A43F030000000000C2CE020004
:1006B000943F030000000000CF050300843F0300C7
:1006C00000000000E1050300743F0300000000008B
:1006D000F0050300643F0300000000000106030072
:1006E000543F030000000000000000000000000074
:1006F000000000000407030013060300B70A03000C
:10070000FE0000002E0603001C070300000000008E
:100710000000000000000000000000006D56020014
:1007200033060300B70A0300FF00000013B779FA8D
:10073000C925DDB7ADF3CFE0F1B614B80102000072
:1007400000000000FFFFFFFF0100000001000000AB
:100750000000000000000000000000000000000099
:100760000000000000000000000000000000000089
:100770000000000000000000000000009B58020084
:100780009758020075580200735802002D2300008C
:10079000A5580200F12200002C0000000200000019
:1007A00040787D0100000000005A62020001000054
:1007B000C0CF6A0002000000809FD5000201000047
:1007C000002D3101020200000100000000000000C5
:1007D000040000000100000008000000010000000B
:1007E00010000000010000000001000001000000F6
:1007F000000800001D000000000200001D000000B5
:10080000000400001D000000000001001D000000A9
:100810000003010303030200000800FC8C0803002E
:100820000100010738080300000800F84808030029
:10083000000000000000000083FFBFFFE2FFF1FFA7
:10084000F9FFFEFF00000000C800FCFEF800C50A2A
:10085000571EFBFF7B0095047C02FFFF4A00B60297
:1008600046DFFFFF2D00AD01412F00001C000701F6
:10087000854700001200A700974600000B006700A4
:100880001A3C00000600220068230000C800FCFE9D
:10089000FC00D80A066CFBFF8800370518E2FEFF53
:1008A00053000403F5E3FFFF3200B9019D4300004C
:1008B00029005701F85700001600D10058570000D2
:1008C0000E007C00D0490000070028001729000016
:1008D00000000F400000000000040F400100000075
:1008E0003E2000556E6B6E6F776E206572726F7270
:1008F000004D6178696D756D206E756D6265722051
:100900006F6620617267756D656E747320657863BC
:1009100065656465640054686520617267756D651E
:100920006E74206973206E6F7420666F726D6174CF
:1009300074656420636F72726563746C7900496ECC
:10094000636F727265637420617267756D656E7432
:10095000207479706500496E636F727265637420EC
:100960006E756D626572206F6620617267756D6568
:100970006E7473004E6F20636F6D6D616E642066E0
:100980006F756E6400000000B70A0300E3080300FF
:10099000E3080300E3080300E3080300E30803009F
:1009A000E3080300E3080300E3080300E30803008F
:1009B000E3080300E3080300E3080300E30803007F
:1009C000E3080300E3080300E3080300E30803006F
:1009D000E3080300E3080300E3080300E30803005F
:1009E000E3080300E3080300E3080300E30803004F
:1009F000E3080300E3080300E3080300E30803003F
:100A0000F1080300E3080300E308030016090300EC
:100A1000E3080300E3080300E3080300E30803001E
:100A20003E090300E3080300E3080300E3080300B2
:100A3000E308030056090300E308030074090300F8
:100A400075696E7431360075696E743800756E6B39
:100A50006E6F776E0077696C6463617264006865BD
:100A6000786F707400737472696E676F707400755C
:100A7000696E7433326F70740075696E7431366FDD
:100A800070740075696E74386F70740068657800F2
:100A9000737472696E670075696E743332002A0070
:100AA0002E2E2E200068656C70000A25730A2573AF
:100AB0002573002573200800000108070F000A00B5
:100AC000C8002000A000010000000000A000680194
:100AD0000A200706020A04070000433A2F557365EF
:100AE00072732F4D61696E2F53696D706C69636904
:100AF000747953747564696F2F53444B732F676512
:100B0000636B6F5F73646B2F706C6174666F726D73
:100B10002F736572766963652F6C65676163795FB2
:100B200068616C2F7372632F626173652D726570DB
:100B30006C6163656D656E742E63002573203D20C6
:100B400025346C7800526573657420636175736534
:100B50003A205761746368646F67206578706972C2
:100B600065642C206E6F2072656C6961626C652013
:100B7000657874726120696E666F726D6174696FF9
:100B80006E0A0052657365742063617573653A205F
:100B90005761746368646F67206361756768742068
:100BA0007769746820656E68616E63656420696E3C
:100BB000666F0A00496E737472756374696F6E2094
:100BC000616464726573733A2025346C780A00524C
:100BD000657365742063617573653A20417373654D
:100BE00072742025733A256C640A0052657365742B
:100BF0002063617573653A204861726420466175AF
:100C00006C740A00484653522E5645435454424C85
:100C10003A206572726F722072656164696E672036
:100C2000766563746F72207461626C6520666F72A2
:100C300020616E20657863657074696F6E0A004884
:100C40004653522E464F524345443A20636F6E66D8
:100C50006967757261626C65206661756C7420638A
:100C60006F756C64206E6F74206163746976617453
:100C7000650A00484653522E44454255474556544E
:100C80003A206661756C742072656C6174656420CD
:100C9000746F206465627567202D20652E672E2C89
:100CA00020657865637574656420424B50540A0072
:100CB00052657365742063617573653A204D656D87
:100CC0006F7279204D616E6167656D656E74204647
:100CD00061756C740A00496C6C6567616C206163B6
:100CE0006365737320616464726573733A2025349D
:100CF0006C780A00434653522E25730A00526573DE
:100D000065742063617573653A204275732046618E
:100D1000756C740A00416464726573732069732092
:100D20006F6620616E20696E737472756374696F8B
:100D30006E20616674657220627573206661756CE1
:100D400074206F636375727265642C206E6F7420FB
:100D50007468652063617573652E0A0043465352BB
:100D60002E286E6F6E6529206C6F6164206F722073
:100D700073746F726520617420616E20696C6C659C
:100D800067616C20616464726573730A00526573F5
:100D900065742063617573653A20557361676520DA
:100DA0004661756C740A00526573657420636175E1
:100DB00073653A204465627567204D6F6E69746F84
:100DC00072204661756C740A006D61696E0054682A
:100DD000726561640048616E646C65720025732001
:100DE0006D6F6465207573696E6720257320737459
:100DF00061636B202825346C7820746F2025346C57
:100E000078292C205350203D2025346C780A002569
:100E10007520627974657320757365642028257563
:100E200025252920696E20257320737461636B204A
:100E3000286F7574206F662025752062797465733C
:100E400020746F74616C290A005350206973206FFD
:100E500075747369646520257320737461636B20F6
:100E600072616E6765210A00496E746572727570F1
:100E700074732061637469766520286F72207072C4
:100E8000652D656D7074656420616E642073746196
:100E9000636B6564293A0A004E6F20696E7465724F
:100EA0007275707473206163746976650A000D0A47
:100EB0005B4153534552543A25733A25645D0D0AFC
:100EC00000554E4B00474F200042544C00474F32D4
:100ED00000474F3300474F3400474F3500474F36E8
:100EE00000474F3700474F3800474F3900474F41C1
:100EF00000474F4200474F4300474F4400474F458C
:100F000000474F46004A4D5000424452005550524F
:100F10000042544D004D534D0046544C00554E4B2D
:100F200000474F200042544C004241440046544C7C
:100F300000465243004F54410044534C00554E4B21
:100F40000050494E00454D3400554E4B0048562048
:100F500000554E4B00455850004C574D00554E4BD8
:100F6000005242540044534C00454D3400554E4B02
:100F70000041535400554E4B0056465900494E48C7
:100F800000554E4B004C434B0058544C004F4246CA
:100F900000554E4B00485244004D454D00425553BC
:100FA000005553470044424700444D4100564354C6
:100FB00000554E4B005550200052502000415030FB
:100FC000004150310041502000445020004445432E
:100FD00000000000C10E0300C50E03001D0F03003A
:100FE0003D0F0300490F0300510F03005D0F030085
:100FF0006D0F0300750F0300810F0300910F0300B5
:10100000B10F0300554E4B004649420042544C007C
:10101000455854005057520057444700205357003A
:10102000435253004653480042414400464C54004A
:1010300042524F0001040000050B060B070B000095
:101040000000000001030109060001050000000086
:1010500000000000030652300052310052320052AC
:1010600033005234005235005236005237005238A5
:1010700000523900523130005231310052313200C9
:10108000523133284C5229004D53500050535000D8
:1010900050430078505352004D535020757365648F
:1010A0000050535020757365640043535441434BC3
:1010B00020626F74746F6D0049435352005348436C
:1010C000535200494E545F414354495645300049FC
:1010D0004E545F41435449564531004346535200F4
:1010E000484653520044465352004D4D41522F4200
:1010F00046415200414653520052657430005265D9
:101100007431005265743200526574330052657454
:1011100034005265743500446174300044617431A8
:101120000000454D555F4952516E004652435F5095
:1011300052495F4952516E0057444F47305F495200
:10114000516E0057444F47315F4952516E0046522D
:10115000435F4952516E004D4F44454D5F495251D6
:101160006E005241435F5345515F4952516E0052E8
:1011700041435F52534D5F4952516E0042554643C1
:101180005F4952516E004C444D415F4952516E00CF
:101190004750494F5F4556454E5F4952516E005585
:1011A00053415254305F52585F4952516E0055536B
:1011B000415254305F54585F4952516E0041434D83
:1011C00050305F4952516E00414443305F495251A3
:1011D0006E0049444143305F4952516E00493243E9
:1011E000305F4952516E004750494F5F4F44445F52
:1011F0004952516E0054494D4552315F4952516E2A
:10120000005553415254315F52585F4952516E005C
:101210005553415254315F54585F4952516E004CFE
:101220004555415254305F4952516E0050434E541F
:10123000305F4952516E00434D555F4952516E0027
:101240004D53435F4952516E0043525950544F30F1
:101250005F4952516E004C4554494D4552305F49EB
:1012600052516E004147435F4952516E0050524FF8
:1012700054494D45525F4952516E0050524F52549D
:10128000435F4952516E00525443435F4952516E7D
:101290000053594E54485F4952516E004352594FC2
:1012A00054494D45525F4952516E00524653454E86
:1012B00053455F4952516E0046505545485F49526B
:1012C000516E00534D555F4952516E005754494D70
:1012D0004552305F4952516E005553415254325F6E
:1012E00052585F4952516E005553415254325F5427
:1012F000585F4952516E00493243315F4952516E35
:101300000056444143305F4952516E004353454EAD
:101310005F4952516E004C4553454E53455F49520B
:10132000516E0043525950544F315F4952516E0033
:1013300054524E47305F4952516E00494143435623
:10134000494F4C3A20617474656D7074656420690E
:101350006E737472756374696F6E2066657463680A
:101360002066726F6D2061206E6F2D6578656375E4
:10137000746520616464726573730044414343562D
:10138000494F4C3A20617474656D70746564206CCB
:101390006F6164206F722073746F726520617420B6
:1013A000616E20696C6C6567616C20616464726554
:1013B0007373004D554E53544B4552523A20756E3F
:1013C000737461636B2066726F6D206578636570FE
:1013D00074696F6E2072657475726E2063617573C7
:1013E0006564206163636573732076696F6C6174F3
:1013F000696F6E004D53544B4552523A20737461DD
:10140000636B696E672066726F6D206578636570C7
:1014100074696F6E206361757365642061636365D1
:1014200073732076696F6C6174696F6E004D4D4106
:101430005256414C49443A204D4D415220636F6E03
:101440007461696E732076616C6964206661756C85
:101450007420616464726573730049425553455248
:10146000523A20696E737472756374696F6E20707E
:101470007265666574636820636175736564206274
:101480007573206661756C7400505245434953452D
:1014900052523A20707265636973652064617461A9
:1014A00020627573206661756C7400494D50524519
:1014B0004349534552523A20696D707265636973AE
:1014C00065206461746120627573206661756C7457
:1014D00000554E53544B4552523A20756E73746109
:1014E000636B696E67206F6E2065786365707469E1
:1014F0006F6E2072657475726E20636175736564BA
:10150000206461746120627573206661756C74007B
:1015100053544B4552523A20737461636B696E6742
:10152000206F6E20657863657074696F6E20656EDC
:1015300074727920636175736564206461746120DD
:10154000627573206661756C740042464152564163
:101550004C49443A204246415220636F6E7461699F
:101560006E732076616C6964206661756C742061AD
:1015700064647265737300554E444546494E535436
:10158000523A20747269656420746F2065786563CF
:1015900075746520616E20756E646566696E65643C
:1015A00020696E737472756374696F6E00494E566C
:1015B00053544154453A20696E76616C6964204504
:1015C000505352202D20652E672E2C207472696591
:1015D0006420746F2073776974636820746F20418E
:1015E000524D206D6F646500494E5650433A206558
:1015F0007863657074696F6E2072657475726E20A1
:10160000696E7465677269747920636865636B736A
:10161000206661696C6564004E4F43503A206174E6
:1016200074656D7074656420746F2065786563758A
:101630007465206120636F70726F636573736F727E
:1016400020696E737472756374696F6E00554E41D4
:101650004C49474E45443A20617474656D70746519
:101660006420616E20756E616C69676E6564206DC3
:10167000656D6F72792061636365737300444956C9
:1016800042595A45524F3A20617474656D707465C1
:101690006420746F206578656375746520534449D0
:1016A00056206F722055444956207769746820642B
:1016B000697669736F72206F662030002211030013
:1016C0002B11030038110300431103004E110300D6
:1016D00057110300621103006F1103007C11030016
:1016E0008611030090110300581203009F1103009C
:1016F000AE110300BD110300C8110300D211030095
:10170000DD110300E7110300F511030001120300CE
:10171000101203001F1203002C12030037120300E3
:101720004012030049120300561203006412030022
:101730006D1203007B120300871203009112030055
:101740009C120300AB120300B8120300C312030083
:10175000CC120300D9120300E8120300F7120300B1
:10176000011303000C1303001613030023130300DB
:10177000301303003B1303007B130300B70A03007D
:10178000B3130300F4130300B70A0300B70A0300FE
:101790002D1403005A14030089140300AB14030032
:1017A000D114030010150300B70A0300B70A0300A1
:1017B0004A15030077150300AD150300E815030073
:1017C00018160300B70A0300B70A0300B70A03009C
:1017D000B70A03004D1603007D1603000000E40C59
:1017E0000A00000000CA9A3B00E1F50580969800C7
:1017F00040420F00A086010010270000E80300000F
:10180000640000000A000000010410400100000014
:101810000500000000020000030000006C1A030035
:10182000681A0300541A0300501A03004C1A0300EC
:10183000481A0300361A0300261A03000C1A030084
:10184000041A0300FA190300F8190300E019030051
:10185000DD190300D5190300C4190300B4190300EE
:10186000A2190300881903008019030074190300EA
:10187000701903006E190300611903005619030063
:101880003D190300E1180300E0180300D01803001D
:10189000A81803009D1803009C1803000F00000007
:1018A0000000000000000000000000000000000038
:1018B0000000000000000000000000000000000028
:1018C0000000000000000000000000000000000018
:1018D0000100000000000000000000000000000007
:1018E0000F000000000000000000000000000000E9
:1018F00000000000000000000000000000000000E8
:1019000000000000000000000000000000000000D7
:1019100000000000000000000000000000000000C7
:1019200000000000000000000000000000000000B7
:1019300000000000000000000000000000000000A7
:101940000000000000000000000000000000000097
:101950000000000000000000000000000000000087
:101960000000000000000000000000000000000077
:1019700000000000FFFFFFFFFFFFFFFFFFFF000071
:101980000000000000000000000000000000000057
:101990000000000000000000000000000000000047
:1019A0000000000000000000000000000000000037
:1019B0000000000000000000000000000000000027
:1019C0000000000000000000000000000000000017
:1019D0000000000000FFFFFFFFFFFFFFFF9C000073
:1019E000FF000000000000000000000000000000F8
:1019F00000000000800000000000FFFFFFFFFFFF6D
:101A0000FFFFFFFF00000000FFFF000000000000DC
:101A100000000000000000000000000000000000C6
:101A2000000000000000FFFFFF00000000000000B9
:101A300000000000000000000000000000000000A6
:101A40000000000000000000000000000000000096
:101A50000000000000000000000000000000000086
:101A6000000000000000000000000000FC03010175
:101A70000101010101010101010101010100000059
:101A800000000001000A0600000601010000020437
:101A90001104040211101A080A0218010811101189
:101AA0001A080A04020D0B195C0110280B01000032
:101AB0000000000000000000000000000001010123
:101AC000010101000101010101010000010100010A
:101AD0000001010000000000000000000000000004
:101AE00000000001000000000000000000000000F5
:101AF00001FF010023E1010075E4010063E2010040
:101B000063E5010062E1010079EB010064EE010090
:101B100024E1010025E1010026E1010027E10100A7
:101B200028E1010029E101002AE101000000010093
:101B3000800001000001010080010100000201009D
:101B40008002010020E20100000301000005010005
:101B50008005010000060100800601000007010069
:101B600001E5010002E50100000801008008010014
:101B7000433A2F55736572732F4D61696E2F536908
:101B80006D706C696369747953747564696F2F53F0
:101B9000444B732F6765636B6F5F73646B2F706C5F
:101BA0006174666F726D2F736572766963652F74E9
:101BB0006F6B656E5F6D616E616765722F737263C7
:101BC0002F736C5F746F6B656E5F6D616E616765BF
:101BD000722E6300433A2F55736572732F4D6169FE
:101BE0006E2F53696D706C69636974795374756491
:101BF000696F2F53444B732F6765636B6F5F73641B
:101C00006B2F706C6174666F726D2F73657276697D
:101C100063652F746F6B656E5F6D616E6167657272
:101C20002F7372632F736C5F746F6B656E5F6D6182
:101C30006E75666163747572696E672E6300FFFF6F
:101C4000FFFFFFFFFFFF34B684327032F6101A1028
:101C500043757272656E7420436F6E6669673A20D1
:101C60002530780053657420434341206D6F6465CF
:101C700020746F2025643A2025307800656E6162FB
:101C80006C65640064697361626C6564006F75748F
:101C900028636C69656E742900696E20287365720B
:101CA00076657229004D464720537472696E673A13
:101CB000202573004170704275696C646572204D17
:101CC000464720436F64653A203078253034580009
:101CD0006E6F6465205B004164646974696F6E6156
:101CE0006C20696E746572666163657300202025DF
:101CF000643A200070616765205B25645D2063683D
:101D0000616E205B25645D20707772205B25645DC9
:101D1000006E6F7420616374697665006572726F1E
:101D2000722030782532580070616E4944205B3053
:101D300078253034585D206E6F64654944205B30EF
:101D400078253034585D20007870616E205B3078E3
:101D500000706172656E744944205B3078253034C0
:101D6000585D20706172656E7452737369205B25D3
:101D7000645D006E6F646554797065205B00536527
:101D8000637572697479206C6576656C205B257863
:101D90005D006E6574776F726B207374617465207B
:101DA0005B253032585D200042756666733A202507
:101DB00064202F20256400457020636E743A20252E
:101DC00064006570202564205B656E64706F696EC9
:101DD000742025732C206465766963652025735D06
:101DE00020006E776B205B25645D2070726F6669E2
:101DF0006C65205B3078253034585D206465764909
:101E000064205B3078253034585D20766572205B25
:101E1000307825785D0020202020257320636C75A4
:101E2000737465723A2030782530345820004E772C
:101E30006B20636E743A202564006E776B202564F6
:101E4000205B25735D005072696D61727920287086
:101E5000726F290020206E6F646554797065205B75
:101E60003078253032585D002020736563757269C3
:101E7000747950726F66696C65205B3078253032FA
:101E8000585D0045502025643A2025732000457296
:101E9000726F723A2020556E6B6E6F776E20656E92
:101EA00064706F696E742E00456E61626C652065AA
:101EB00076656E7420646562756720696E666F2052
:101EC000696E20436F726520434C4920636F6D70CB
:101ED0006F6E656E74006F6E6C7920636F6F7264E5
:101EE000696E61746F72732063616E20666F726DCC
:101EF0000A006A6F696E203078253032580A002552
:101F000073203078253032580A0025732030782528
:101F10003032780072656A6F696E4469666644653E
:101F2000766963655479706500257320307825786B
:101F3000006578742E2050414E2049443A20004ECE
:101F4000574B206F70656E3A2025752073656300CE
:101F50004E574B20636C6F7365640066696E642036
:101F60006A6F696E61626C653A203078253032584C
:101F70000066696E6420756E757365643A2030780A
:101F800025303258004368616E67696E6720746F50
:101F9000206368616E6E656C2025643A2030782578
:101FA00030325800696E76616C6964206E657477B2
:101FB0006F726B20696E6465780053686F7274206D
:101FC00049443A203078253034582C20455549363C
:101FD000343A20002C2050616E2049443A20307859
:101FE000253034580053746172746564206D756CCB
:101FF00074692D70687920696E74657266616365B5
:10200000004661696C656420746F20257320257318
:1020100020307825303258005465726D696E6174D5
:10202000656420257320307825303258004B656573
:102030007020616C69766520737570706F727420A2
:10204000656E61626C65642E006661696C65642012
:10205000746F20736574206B65657020616C6976A0
:1020600065206D6F64652E007375636365737366B9
:10207000756C6C7920736574207468652063686979
:102080006C642074696D656F7574206F7074696F0E
:102090006E206D61736B2E006661696C65642074DF
:1020A0006F2073657420746865206368696C6420B0
:1020B00074696D656F7574206F7074696F6E206DD3
:1020C00061736B2E00646973636F766572004D6196
:1020D000746368202570792066726F6D20307825D2
:1020E0003034582C206570202564004E574B204119
:1020F00064647265737320726573706F6E73653A92
:1021000020307825303458004945454520416464E5
:102110007265737320726573706F6E73653A200019
:10212000536572766963652025737920646F6E65E7
:102130002E00232020747970652020206E776B207C
:10214000206C6F6320202072656D202020636C75E9
:10215000732020206E6F6465202020657569002043
:10216000202564202020203078253034582020304D
:102170007825303458202030782530345820307875
:10218000253034582000656D626572476574426978
:102190006E64696E67204572726F723A20307825DE
:1021A00032580A002564206F662025642062696E1B
:1021B00064696E6773207573656400656E61626C37
:1021C0006564207072696E740064697361626C6525
:1021D00064207072696E7400616464206C696E6B57
:1021E000206B6579004552523A2043616C63756CEF
:1021F000617465642043524320646F6573206E6F81
:1022000074206D61746368004552523A20496E73C0
:1022100074616C6C20436F6465206D75737420620B
:102220006520382C2031302C2031342C206F722046
:10223000313820627974657320696E206C656E6731
:102240007468004552523A204145532D4D4D4F2060
:1022500068617368206661696C65643A203078252E
:102260007800536574206A6F696E696E67206C69C7
:102270006E6B206B6579007365742062696E6420F3
:1022800025643A2030782530327800454D50545935
:1022900000554E494341004D324F4E45004D554C7F
:1022A0005449003F20202020000000008B22030022
:1022B00091220300972203009D220300A322030022
:1022C000496E6465782049454545204164647265DE
:1022D00073732020202020202020204E574B496E51
:1022E0006465782020496E20464320202020205419
:1022F000544C28732920466C6167202020204B65B0
:10230000792020202000256420202020200020206B
:10231000256420202020202020002020253038582F
:1023200020200020307825303458202000496E6469
:102330006578204945454520416464726573732082
:102340002020202020202020496E204643202020CD
:1023500020205479706520204175746820204B65D9
:1023600079002D20202020200025632020202020FF
:102370002563202020202000696573005741524EBC
:10238000494E473A202052454144494E47204F4646
:10239000204B45592056414C554553204449534103
:1023A000424C4544204259204D464720544F4B450E
:1023B0004E004E574B204B6579002573206F757486
:1023C0002046433A20253038580025732073657124
:1023D000206E756D3A20307825780025733A2000FC
:1023E0002573206F75742046433A202530387800D5
:1023F000544320257320002573205461626C6500CE
:1024000025642F256420656E747269657320757369
:1024100065642E005472616E7369656E74204B653D
:102420007900256420656E7472257320636F6E7366
:10243000756D696E67202564207061636B6574201B
:1024400062756666657225732E0057494C4C0057BD
:10245000494C4C204E4F54005472757374204365A0
:102460006E74657220257020616C6C6F77207472B9
:102470007573742063656E7465722072656A6F6926
:102480006E73207573696E672077656C6C2D6B6E4B
:102490006F776E206B65792E005365742074696DBB
:1024A000656F757420666F72205472757374204363
:1024B000656E7465722072656A6F696E73207573DC
:1024C000696E672077656C6C2D6B6E6F776E206C14
:1024D000696E6B206B657920746F202564207365AD
:1024E000636F6E64732E004552524F523A2000259E
:1024F00070737461636B206D757374206265206402
:102500006F776E2E004E4F4E450052656164696EC6
:102510006720416C6C6F7765640048617368696E11
:1025200067206F6E6C7900456D6265724B657953FB
:10253000657474696E67733A2030782530345800BA
:1025400020205065726D697373696F6E733A202530
:1025500073004572726F723A204661696C6564203F
:10256000746F2067657420636F6E6669672C2073D3
:1025700074617475733A20307825303258004661A2
:10258000696C65643A20307825303258004D7367A5
:102590003A20636C7573203078253034582C2063D2
:1025A0006D64203078253032582C206C656E2025E3
:1025B00064006275666665723A2000454D42455278
:1025C0005F00257353454355524954595F4C455656
:1025D000454C3A2025303258002573657261736589
:1025E000206B65792025643A2030782530325800F8
:1025F000636D64206E6F74206275696C7400737211
:102600006320657020253032782C20636C75732030
:10261000253034780073656E64696E6720746F20AE
:102620006D756C7469636173742062696E640025F2
:10263000733A2065703A2025642C20636C3A203070
:1026400078253034582C20617474723A2030782503
:10265000303458002C207376723A2025630025739D
:102660003A20726561643A20307825303278002C47
:10267000207376723A2025632C2064747970653A51
:102680002030782530325800417267756D656E7460
:1026900020617420696E6465783A2025642069732E
:1026A000206F7574206F662072616E676500436FDE
:1026B0006D6D616E6420616C726561647920627514
:1026C000696C742E202043616E6E6F742073657484
:1026D000204D464720737065636966696320636FA8
:1026E000646520666F7220636F6D6D616E642E008D
:1026F0004D464720436F64652053657420666F72B2
:10270000206E65787420636F6D6D616E643A203061
:10271000782530345800557365204E657874205301
:10272000657175656E63652053657420666F7220F0
:102730006E65787420636F6D6D616E643A203078D9
:10274000253032580044697361626C6520446566C7
:1027500061756C7420526573706F6E73652053657C
:102760007420666F72206E65787420636F6D6D6182
:102770006E643A20307825303258004552523A2063
:1027800072656164696E67206174747269627574E0
:10279000652025303278004552523A2061747472B7
:1027A00069627574652073697A6520256420746F89
:1027B0006F206C6172676520666F72206275666655
:1027C0006572004572726F723A2061747472696248
:1027D000757465204944203078253034582072655E
:1027E000706F727461626C65206368616E676520EA
:1027F00069732073697A65202564422C20627574A0
:102800002025644220656E74657265640A006E6FEF
:1028100020636D64004572726F723A20434C492008
:1028200053656E64206661696C65642C2073746105
:102830007475733A20307825303258004572726FC3
:10284000723A2020455549363420617267756D65AE
:102850006E7420697320656D70747920616E6420D8
:102860006C6F6F6B7570206279206E6F64652049A4
:1028700044206661696C65642E0047726F75700054
:10288000556E696361737400556E62696E642025CC
:102890007020257030782558005265717565737405
:1028A0003A20005A444F2073696D706C652064654E
:1028B0007363207265712025303278005A444F20AE
:1028C0006E6F6465206465736320726571202530C6
:1028D0003278005573696E67206D79206C6F636183
:1028E0006C20455549363420666F722064657374D8
:1028F00020455549363420696E2062696E64696EE0
:1029000067005A444F2062696E6420726571202509
:1029100030327800636C7573746572206C696D6910
:1029200074207265616368656400696E76616C69C4
:102930006420706167653A202564206F72206368A7
:10294000616E6E656C3A202564004368616E676550
:10295000206368616E6E656C207374617475733A80
:1029600020307825303278006475726174696F6E3A
:10297000206D75737420626520696E2072616E67C8
:10298000652030202D203500636F756E74206D75C5
:10299000737420626520696E2072616E67652031F4
:1029A000202D2038007363616E2073746174757319
:1029B0002030782578006E6574776F726B207570A3
:1029C0006461746520736574207374617475732019
:1029D000307825780041637469766520455020720F
:1029E000657175657374207374617475733A203002
:1029F000782558004C5149205461626C65207265FD
:102A000071756573743A20307825580042696E6498
:102A1000696E67205461626C6520726571756573BB
:102A2000743A2030782558004C6561766520257011
:102A30003078255800506F77657220446573637253
:102A40006970746F7220257030782558005573694D
:102A50006E67206D79206C6F63616C204555493637
:102A60003420666F7220646573742045554936348E
:102A700020696E20756E62696E64696E6700526FC0
:102A8000757465205461626C652025703078255816
:102A9000005A444F206D617463682064657363203D
:102AA00072657120257800000000000000000043DE
:102AB0003A2F55736572732F4D61696E2F53696D8F
:102AC000706C696369747953747564696F2F5344CA
:102AD0004B732F6765636B6F5F73646B2F70726FDF
:102AE000746F636F6C2F7A69676265652F617070B0
:102AF0002F6672616D65776F726B2F636F6D6D6F8F
:102B00006E2F7A69676265655F6170705F6672617A
:102B10006D65776F726B5F636F6D6D6F6E2E6300A7
:102B2000457874656E6465642052657365742069C8
:102B30006E666F3A20307825325820282573290098
:102B4000433A2F55736572732F4D61696E2F536928
:102B50006D706C696369747953747564696F2F5310
:102B6000444B732F6765636B6F5F73646B2F707279
:102B70006F746F636F6C2F7A69676265652F617020
:102B8000702F6672616D65776F726B2F636F6D6DFD
:102B90006F6E2F7A69676265655F6170705F6672DC
:102BA000616D65776F726B5F736C6565702E630026
:102BB000796573006E6F0053746179206177616B82
:102BC00065207768656E206E6F74206A6F696E6528
:102BD000643A20257300466F7263656420737461E4
:102BE00079206177616B653A202020202020202009
:102BF0002020257300466F7263696E6720646576D6
:102C000069636520746F2073746179206177616BEB
:102C10006500416C6C6F77696E67206465766963E7
:102C20006520746F20676F20746F20736C6565700A
:102C3000002575292025703A202575005365747488
:102C4000696E67205468726573686F6C6420636F87
:102C50006D6D616E64003F3F3F004D6163205278AF
:102C6000204263617374004D616320547820426395
:102C7000617374004D6163205278205563617374F1
:102C8000004D6163205478205563617374004D6179
:102C9000632054782055636173742052657472798F
:102CA000004D616320547820556361737420466140
:102CB000696C004150532052782042636173740064
:102CC0004150532054782042636173740041505343
:102CD000205278205563617374004150532054781A
:102CE000205563617374205375636365737300418A
:102CF0005053205478205563617374205265747268
:102D000079004150532054782055636173742046F4
:102D100061696C00526F7574652044697363204962
:102D20006E69746961746564004E65696768626F95
:102D300072204164646564004E65696768626F7201
:102D40002052656D6F766564004E65696768626FD5
:102D500072205374616C65004A6F696E20496E641D
:102D600069636174696F6E004368696C64204D6FBC
:102D700076656400415348204F766572666C6F77C4
:102D800000415348204672616D65204572726F7232
:102D900000415348204F76657272756E20457272FD
:102DA0006F72004E574B204643204661696C757226
:102DB0006500415053204643204661696C75726539
:102DC0000041534820584F66660041505320556ECD
:102DD000617574686F72697A6564204B6579004E1D
:102DE000574B2044656372797074204661696C7535
:102DF000726573004150532044656372797074208A
:102E00004661696C75726573005061636B6574200F
:102E100042756666657220416C6C6F6361746520F3
:102E20004661696C757265730052656C61796564A1
:102E30002055636173740050687920746F204D4190
:102E400043207175657565206C696D6974207265C4
:102E50006163686564005061636B65742056616CE2
:102E600069646174652064726F7020636F756E743D
:102E7000004E574B207265747279206F76657266CA
:102E80006C6F7700434341204661696C75726573CE
:102E90000042726F616463617374207461626C6577
:102EA0002066756C6C00505441204C6F2050726944
:102EB00020526571005054412048692050726920A9
:102EC00052657100505441204C6F2050726920446B
:102ED000656E6965640050544120486920507269EC
:102EE0002044656E69656400505441204C6F205049
:102EF0007269205478204162727400505441204815
:102F000069205072692054782041627274004164D3
:102F1000647265737320436F6E666C6963742053CB
:102F2000656E74000D004465627567207072696E8D
:102F3000742067726F75702025730A0057726F6E68
:102F40006720706172616D657465720A0043686123
:102F50006E6E656C206E6F742076616C69643A20C9
:102F60002564005072696D617279002570206D6171
:102F7000736B206E6F77203078253458005365636B
:102F80006F6E64617279004D61736B206E6F742097
:102F900076616C69643A202564007072696D6172B3
:102FA00079007365636F6E646172790025703A20F1
:102FB000536574202570206D61736B20746F203011
:102FC00078253458005374617475730025703A2065
:102FD00025703A004368616E6E656C206D61736B9D
:102FE0003A0020202020283129203078253458200C
:102FF0005B002020202028322920307825345820DA
:103000005B0053746174653A203078255820282578
:1030100073290043757272656E74206368616E6E09
:10302000656C3A20256400546F74616C20626561A0
:10303000636F6E733A202564004A6F696E20617475
:1030400074656D7074733A202564004E6574776FF3
:10305000726B2073746174653A2030782558005380
:10306000746F700025733A2025733A203078255804
:1030700000556E737570706F72746564206665615B
:1030800074757265207768656E207573696E672048
:103090006F7074696D697A6564207363616E732EF5
:1030A00020546F20757365206120636F6E666967B9
:1030B00075726564206B6579207768656E206A6F2C
:1030C000696E696E672C2061646420746865206B8A
:1030D000657920746F20746865207472616E7369FD
:1030E000656E74206B6579207461626C6520757300
:1030F000696E67207468652077696C6463617264C7
:10310000204555492028616C6C20464673292E00C5
:1031100025702053746F702E2020436C65616E699A
:103120006E672075702E004B657920766572696632
:1031300069636174696F6E206661696C65642E20D5
:103140004C656176696E67206E6574776F726B008F
:1031500025703A2025700042726F61646361737458
:10316000696E67207065726D6974206A6F696E00A0
:1031700025703A2025703A20307825580054727511
:1031800073742063656E746572206C696E6B206B5E
:1031900065792075706461746520737461747573EA
:1031A0000025733A205741524E494E473A20656DEB
:1031B000626572536574496E697469616C536563C5
:1031C00075726974795374617465206661696C65A0
:1031D000642E20436F6E74696E75696E672077691F
:1031E00074686F757420696E7374616C6C20636FA2
:1031F00064652E004572726F723A20696E73746155
:103200006C6C20636F6465207365747570206661F3
:10321000696C65642E20497320616E20696E737439
:10322000616C6C20636F646520666C6173686564B3
:10323000206F6E746F2074686520646576696365BD
:103240003F00D0D1D2D3D4D5D6D7D8D9DADBDCDD84
:10325000DEDF005A6967426565416C6C69616E63C7
:1032600065303900FFFFFFFFFFFFFFFF0025733AC6
:103270002069737375696E67207363616E206F6E6A
:10328000202573206368616E6E656C7320286D6104
:10329000736B2030782534582900257320697320FA
:1032A000616C726561647920696E2070726F6772FB
:1032B000657373005374617274004578616D696E53
:1032C000696E6720626561636F6E206F6E20636850
:1032D000616E6E656C20256420776974682070616A
:1032E0006E49642030782532580054686973206232
:1032F0006561636F6E206973206E6F7420706172F8
:1033000074206F66207468652063757272656E74D0
:10331000206368616E6E656C206D61736B20283070
:1033200078253458292E2047657474696E67206E9D
:1033300065787420626561636F6E2077686F73656E
:10334000206368616E6E656C206269746D61736B79
:10335000206973207365742E004572726F723A2073
:10336000257020636F756C64206E6F7420617474B7
:10337000656D7074206A6F696E3A20307825580048
:103380004E6F20626561636F6E73206C656674209A
:103390006F6E2063757272656E74206D61736B2E33
:1033A000204D6F76696E6720746F206E657874208B
:1033B0007374617465002570206A6F696E696E6749
:1033C000203078253278206F6E206368616E6E65DC
:1033D0006C2025640025702053746174653A2025A3
:1033E00070004572726F723A20257020636F756CA1
:1033F00064206E6F742073657475702073656375D7
:10340000726974793A2030782558004572726F726B
:103410003A205363616E20636F6D706C6574652034
:1034200068616E646C65722072657475726E656435
:103430002030782558002573207363616E20636FF8
:103440006D706C6574652E20426561636F6E7320CC
:1034500068656172643A2025640025732073746185
:10346000636B207374617475732030782558002560
:1034700070206E6574776F726B206A6F696E656419
:103480002E00257020747279696E67206E657874DD
:10349000206E6574776F726B2E005A69674265659E
:1034A000416C6C69616E636530394E574B205374C3
:1034B000656572696E67004E6F6E65005363616E7D
:1034C000205072696D617279204368616E6E656C1F
:1034D0007320616E642075736520496E7374616C2E
:1034E0006C20436F6465005363616E205072696D98
:1034F000617279204368616E6E656C7320616E64E1
:10350000205573652043656E7472616C697A6564D9
:10351000204B6579005363616E205072696D617252
:1035200079204368616E6E656C7320616E6420550E
:103530007365204469737472696275746564204BA5
:103540006579005363616E205365636F6E646172C9
:1035500079204368616E6E656C7320616E642075BE
:10356000736520496E7374616C6C20436F646500F1
:103570005363616E205365636F6E6461727920439B
:1035800068616E6E656C7320616E64205573652092
:1035900043656E7472616C697A6564204B6579006D
:1035A0005363616E205365636F6E6461727920436B
:1035B00068616E6E656C7320616E64205573652062
:1035C0004469737472696275746564204B6579002F
:1035D0005363616E205072696D6172792043686136
:1035E0006E6E656C7320616E642055736520416C4E
:1035F0006C204B6579732028696E7374616C6C2044
:10360000636F64652C2063656E7472616C697A65A2
:10361000642C20646973747269627574656429002E
:103620005363616E205365636F6E646172792043EA
:1036300068616E6E656C7320616E642055736520E1
:10364000416C6C204B6579732028696E7374616CD2
:103650006C20636F64652C2063656E7472616C69A5
:103660007A65642C20646973747269627574656428
:1036700029005374617274696E6720757064617497
:10368000652074727573742063656E746572206C46
:10369000696E6B206B65792070726F636573730060
:1036A000557064617465205443204C696E6B204BE7
:1036B000657900204E6577206B65792065737461AC
:1036C000626C69736865643A00204572726F723A81
:1036D00000506172746E65723A20005A434C206744
:1036E0006C6F62616C20636C757374657220636FBC
:1036F0006D6D616E647300646972656374696F6E89
:1037000000646973632D636F6D2D67656E00646976
:1037100073632D636F6D2D726563006578706563EB
:10372000742D7265706F72742D66726F6D2D6D657C
:1037300000757772697465006E77726974650072DE
:1037400065706F72742D726561640073656E642DAF
:103750006D652D612D7265706F72740043726561C5
:10376000746573206120676C6F62616C206469739B
:10377000636F76657220636F6D6D616E6420666F36
:103780007220746865206173736F63696174656426
:103790002076616C7565732E00636C757374657249
:1037A00049641F61747472696275746549641F6D40
:1037B00061784E756D626572546F5265706F727488
:1037C0001F0043726561746573206120676C6F62CE
:1037D000616C2073656E64206D6520612072657078
:1037E0006F727420636F6D6D616E6420666F7220FE
:1037F000746865206173736F6369617465642076B2
:10380000616C7565732E00636C75737465724964C1
:103810001F61747472696275746549641F646174B0
:1038200061547970651F6D696E5265706F72745462
:10383000696D651F6D61785265706F727454696D42
:10384000651F7265706F727461626C654368616E4A
:1038500067651F0043726561746573206120676C42
:103860006F62616C2072656164207265706F727442
:10387000696E6720636F6D6D616E6420666F722084
:10388000746865206173736F636961746564206334
:103890006C75737465722C206174747269627574CE
:1038A0006520616E64207365727665722F636C6942
:1038B000656E7420646972656374696F6E2E00634F
:1038C0006C757374657249641F6174747269627592
:1038D000746549641F646972656374696F6E1F0063
:1038E000476C6F62616C207265706F7274696E678D
:1038F00020636F6D6D616E6400656E64706F696EDC
:10390000741F636C757374657249641F617474729B
:10391000696275746549641F6D61736B1F00437242
:103920006561746573206120676C6F62616C2072E1
:1039300065616420636F6D6D616E64206D65737386
:1039400061676520746F20726561642066726F6DB7
:103950002074686520636C757374657220616E6491
:10396000206174747269627574652073706563692F
:10397000666965642E00636C757374657249641FB3
:1039800061747472696275746549641F004372657D
:1039900061746573206120676C6F62616C2077725F
:1039A00069746520636F6D6D616E64206D657373FE
:1039B00061676520746F20777269746520746F2069
:1039C00074686520636C757374657220616E642021
:1039D0006174747269627574652073706563696679
:1039E00069656400636C757374657249641F617402
:1039F0007472696275746549641F747970651F64B7
:103A00006174611F0043726561746520612065788F
:103A1000706563742D7265706F72742D66726F6D50
:103A20002D6D65206D6573736167652077697468B6
:103A3000206173736F6369617465642076616C756E
:103A400065732E00636C757374657249641F6174CD
:103A50007472696275746549641F74696D656F7508
:103A6000741F00437265617465206120446973634B
:103A70006F76657220436F6D6D616E64732047656C
:103A80006E65726174656420636F6D6D616E642034
:103A900077697468206173736F636961746564200A
:103AA00076616C7565732E00636C7573746572490D
:103AB000641F7374617274436F6D6D616E644964E9
:103AC0001F6D6178436F6D6D616E6449641F0053B3
:103AD0006574732074686520646972656374696FC6
:103AE0006E20666F7220676C6F62616C20636F6D11
:103AF0006D616E64732C2065697468657220636CF7
:103B000069656E7420746F20736572766572206FBC
:103B1000722073657276657220746F20636C6965BC
:103B20006E742E0053657473206120666C6167208B
:103B3000736F207468617420746865206170706CA4
:103B400069636174696F6E206672616D65776F720B
:103B50006B2057494C4C204E4F5420726573706F48
:103B60006E6420746F20746865206E657874205AC6
:103B7000434C206D657373616765207468617420C0
:103B8000636F6D657320696E206F7665722074684F
:103B900065206169722E0053657473206120666C24
:103BA000616720736F207468617420746865206198
:103BB00070706C69636174696F6E206672616D65A7
:103BC000776F726B2057494C4C20726573706F6E23
:103BD0006420746F20746865206E657874205A4381
:103BE0004C206D6573736167652074686174206330
:103BF0006F6D657320696E206F76657220746865DD
:103C0000206169722E0053657473207468652044C6
:103C1000697361626C652044656661756C742052DD
:103C20006573706F6E7365204672616D6520436FBA
:103C30006E74726F6C2062697420746F2075736586
:103C400020666F7220746865206E65787420636FDB
:103C50006D6D616E642069662074686520636F6DA8
:103C60006D616E64206973206E6F7420616C726583
:103C7000616479206275696C742E00646973616295
:103C80006C6544656661756C74526573706F6E73B4
:103C9000651F00536574732074686520666C6167E6
:103CA00020746F207573652074686520696E637277
:103CB000656D656E7465642073657175656E6365A9
:103CC000206E756D6265722066726F6D2074686516
:103CD000206672616D65776F726B20666F722074FB
:103CE0006865206E6578742072617720636F6D6DF2
:103CF000616E642E007573654E65787453657175D9
:103D0000656E63651F00436C6920636F6D6D616E46
:103D10006420746F2063616C6C20656D6265724114
:103D20006653657454696D652066756E6374696F5A
:103D30006E20646F63756D656E74656420696E20B6
:103D400061662E680075746354696D651F00536564
:103D50007473207468652074776F206279746520AD
:103D60006D616E75666163747572657220737065DE
:103D70006369666963206964656E74696669657202
:103D800020746F2075736520666F722074686520DB
:103D90006E65787420636F6D6D616E642069662056
:103DA00074686520636F6D6D616E64206973206E49
:103DB0006F7420616C7265616479206275696C74DE
:103DC0002E006D6667537065636966696349641F99
:103DD00000000000E43D0300DB360300B70A0300E7
:103DE000FE000000F7360300443F0300000000001F
:103DF00001370300343F0300000000000E370300CA
:103E0000243F0300000000001B370300143F0300A1
:103E10000000000039370300003F030000000000ED
:103E200031370300EC3E0300000000003837030088
:103E3000D83E03000000000046370300C83E0300E0
:103E40000000000055370300B43E030000000000EE
:103E50003F370300A43E0300000000004B3703007F
:103E6000903E030000000000C5200300803E0300D8
:103E70000000000000000000000000000000000042
:103E8000E56A02005C37030099370300010100FF77
:103E9000AD8B0000C23703000738030001010001A9
:103EA0000107FF00698B000054380300BF3803008E
:103EB000010100FFA98A0000E0380300F93803007F
:103EC00000010100FF000000F76A02001E39030034
:103ED000763903000101FF00DF6A02008D3903001B
:103EE000E439030001010207FF000000D96A020063
:103EF0008D390300E439030001010207FF000000CF
:103F0000D36A02008D390300E4390300010102077E
:103F1000FF0000005D8A0000053A0300443A0300F8
:103F2000010101FFFD890000633A0300A83A030084
:103F3000010000FFB9890000633A0300A83A0300BA
:103F4000010000FF418A0000CF3A0300D53803008A
:103F500000FF0000CD6A0200243B0300C4DE020023
:103F6000FF000000C76A0200973B0300C4DE0200A6
:103F7000FF00000099890000063C03007B3C030021
:103F800000FF000071890000933C0300F53C030032
:103F900000FF0000B96A0200063D0300453D030032
:103FA00002FF0000398900004E3D0300C23D0300BE
:103FB00001FF6E6F7420004E4554574F524B5F0007
:103FC0002570257055502030782532580054727570
:103FD00073742043656E746572204555492068618D
:103FE000732025736368616E6765642E00257025F4
:103FF00070444F574E005F4641494C454400257080
:104000004A4F494E257000454D4245525F4E45543A
:10401000574F524B5F4F50454E45443A2025642040
:1040200073656300454D4245525F4E4554574F52AC
:104030004B5F434C4F5345440025703A2025703A5E
:1040400020307825780064697374726962757465CC
:10405000640063656E7472616C697A656400466FB2
:10406000726D002570696E67206F6E206368202571
:10407000642C2070616E49642030782532580045E8
:1040800072726F723A2044657669636520646F6569
:1040900073206E6F7420737570706F727420257347
:1040A000206E6574776F726B20666F726D617469D4
:1040B0006F6E00496E76616C69642053656375723A
:1040C0006974792050726F66696C653A2030782582
:1040D0005800704A6F696E20666F722025642073E5
:1040E00065633A2030782578004C696D6974696E93
:1040F00067206475726174696F6E206F66207065E9
:10410000726D6974206A6F696E2066726F6D2066C9
:104110006F726576657220283235352920746F20DC
:104120003235340052583A205A444F2C20636F6D78
:104130006D616E642030782532782C207374617440
:1041400075733A20307825580053696D706C65009E
:1041500052583A202570204465736320526573706D
:10416000004D61746368002C204D61746368657351
:104170003A2025640044657669636520416E6E6F60
:10418000756E63653A2030782532780052583A20AF
:1041900049454545204164647265737320526573D7
:1041A000706F6E73650052583A204163746976658A
:1041B00020455020526573706F6E73652C20436FDD
:1041C000756E743A202564004E6F6465002C204D96
:1041D0006174636865733A203078253278007374AF
:1041E00061636B207665722E205B25642E25642E1C
:1041F000256400202570206275696C642025645D4B
:10420000005A444F00534500484100436C75737495
:10421000657200476C6F62616C00257074782025B0
:10422000782C200050726F66696C653A20257020EA
:10423000283078253258292C20436C7573746572A8
:104240003A2030782532582C202564206279746514
:10425000732C00205A434C20257020436D64204964
:10426000443A202564005072652D52656C65617377
:104270006500416C706861203100416C706861209C
:104280003200416C706861203300426574612031F6
:10429000004265746120320042657461203300473A
:1042A0004100000000000000664203001100000011
:1042B00072420300120000007A4203001300000063
:1042C00082420300210000008A4203002200000015
:1042D000914203002300000098420300AA0000005E
:1042E0009F420300FF000000000000000000015298
:1042F0006573657420696E666F3A20307825782082
:10430000282570290064656C6574652062696E6497
:10431000696E673A20257820257800080109020A8D
:10432000030B040C050D060E070F081001180119E8
:10433000021A031B041C051D061E071F082001216D
:10434000022203230424052506260727082801291D
:10435000022A032B042C052D062E072F08300131CD
:1043600002380239043A08E004E104E204E802E910
:1043700002EA04F008F1100000000000000004054B
:10438000884303000200000000000000B043030067
:1043900005000000400000000000000019000000BF
:1043A000000000000000000080000000000000008D
:1043B000000020012000000008000000040042214D
:1043C00020000000EC430300050042212000000013
:1043D0000D44030007003001200000000000000031
:1043E000FDFF210220000000030000000D536D615D
:1043F0007274486F6D65506C7573000000000000AA
:1044000000000000000000000000000000094C4314
:104410004B2D424934303000000000000000000005
:1044200000000000000000000000000000005752E3
:10443000495445204552523A200025706570202588
:104440007820636C75732025327820617474722033
:10445000253278206E6F7420737570706F7274657A
:1044600064002570696E76616C69642064617461B2
:10447000207479706500257061747472206E6F7499
:10448000207772697461626C650057524954453AED
:10449000206E6F2077726974652C206A75737420A2
:1044A00061207465737400524541443A206174740C
:1044B0007269627574652073697A6520746F6F2004
:1044C0006C6172676520666F722063616C6C6572E7
:1044D00000636C6E74007372767200525700524F14
:1044E00000202052414D20200020746F6B656E200B
:1044F0000065787465726E2000454E44504F494EF9
:104500005420257800636C7573202F2073696465CF
:10451000202F2061747472202F206D666720202F59
:1045200074797065286C656E292F207277202F2092
:1045300073746F72616765202F2064617461202835
:104540007261772900253278202F202570202F20B6
:10455000253278202F20002D2D2D2D00202F2025D5
:10456000782028257829202F202570202F202570BD
:10457000202F2000556E737570706F727465640023
:104580004F544120524541443A2065703A257820E5
:104590006369643A2532782061747469643A25321B
:1045A00078206D736B3A2578206D66636F64653A89
:1045B00025327800524541443A20636C75732025BA
:1045C00032782C20617474722025327820666169FB
:1045D0006C656420257800524541443A20636C752F
:1045E00073202532782C2061747472202532782C47
:1045F00020646174614C656E3A2025782C204F4B05
:104600000025782000282563292558255825582578
:10461000582558255825582558002570642C2064A5
:10462000726F7070696E6720657020307825782011
:10463000636C757320307825327820636D64203088
:104640007825780047656E6572617465640052650F
:1046500063656976656400446973636F766572208B
:10466000436F6D6D616E647320726573706F6E73EE
:10467000652028636F6D706C6574653A2025632929
:104680002C202573204944733A2000307825582087
:1046900000524541445F41545452005752495445D9
:1046A0003A20636C7573202532782061747472200F
:1046B00025327820004641494C2025780057524940
:1046C00054453A20746F6F2073686F7274004449C8
:1046D00053435F4154545200257025703A20636C57
:1046E000757320253278005F455854005376632057
:1046F000446973633A2000257057616974696E6775
:104700002025642073656320666F7220646973637B
:104710006F7665727920746F20636F6D706C65744D
:104720006500537461746520636F72726573706F96
:104730006E64696E6720746F2074686520746865A4
:104740002072657175657374206E6F7420666F7565
:104750006E640A002570636F6D706C6574652E0A57
:104760000025705365727669636520446973636FD1
:1047700076657279205374617465206C696D697413
:104780007320726561636865640A002570496C6C0A
:104790006567616C2062726F61646361737420612C
:1047A0006464726573732C2072656D617070696EDC
:1047B0006720746F2076616C6964206F6E652E00CF
:1047C00025704661696C656420746F2073656E6442
:1047D000206D6174636820646973636F76657279B4
:1047E0003A20307825780025705374617274696EB0
:1047F0006720646973636F7665727920666F7220D3
:10480000636C75737465722030782532780025707A
:104810004661696C656420746F2073656E6420491D
:1048200045454520616464726573732072657175D6
:104830006573743A20307825780025704661696C7C
:10484000656420746F2073656E64204E574B206141
:1048500064647265737320726571756573743A2050
:1048600030782578004572726F723A202570206288
:1048700061642073696D706C65206465736372692F
:1048800070746F72206C656E6774682E0025704DB1
:1048900065737361676520746F6F2073686F7274DE
:1048A0000025704D65737361676520746F6F2073A9
:1048B000686F727420666F72206E756D2E20656E43
:1048C00064706F696E74730025704D617463682540
:1048D0007020666F756E642066726F6D203078256B
:1048E00032782E004572726F723A20257020696E00
:1048F00076616C6964206C656E6774682028256435
:1049000020213D2025642920666F7220416374694F
:10491000766520456E64706F696E74207265737081
:104920006F6E7365002570676F74206163746976BC
:104930006520455020726573706F6E736500555425
:10494000432074696D653A2025642F25642F256402
:104950002025643A25643A256420282534782900E6
:104960001F1C1F1E1F1E1F1F1E1F1E1F28556E6B84
:104970006E6F776E20636C75732E205B30782532F6
:10498000785D29000D0A542534783A005258206C7D
:10499000656E2025642C2065702025782C20636CA2
:1049A00075732030782532782000206D6667496461
:1049B0002025327800204643202578207365712019
:1049C000257820636D64202578207061796C6F6193
:1049D000645B0007021F012F0037013F005701DF12
:1049E00002E700FF020000000000000000000000DD
:1049F00000000000000000000000000000000000B7
:104A000000000000000000004261736963000000C4
:104A100000000000084A0300FFFF00000000000043
:104A20002570525820706B7420746F6F2073686FFC
:104A300072743A202564203C202564002570525869
:104A400020706B74206D616C666F726D65643A20C6
:104A50002564203C202564002020456E61626C6541
:104A60006400202044697361626C65640045727261
:104A70006F722072657472696576696E6720696EFF
:104A8000666F20666F72206C69627261727920496C
:104A900044202564002573206C6962726172792557
:104AA000732070726573656E7400202048617665AE
:104AB00020526F7574657220537570706F72740038
:104AC0002020456E6420446576696365204F6E6CD6
:104AD00079005A69676265652050726F0042696E9D
:104AE00064696E6700536563757269747920436FFA
:104AF0007265005365637572697479204C696E6BD9
:104B0000204B6579730043424B45203136334B319E
:104B10000043424B4520445341205369676E004592
:104B200043430043424B452044534120566572693C
:104B30006679005061636B65742056616C696461CD
:104B40007465005A4C4C0043424B45203238334B7D
:104B50003100454343203238334B310043424B450B
:104B600020636F7265004E4350004D756C74692070
:104B70006E6574776F726B00456E68616E63656415
:104B800020426561636F6E205265710043424B4560
:104B9000203238334B3120445341205665726966C8
:104BA00079004D756C74692D50414E00D24A030056
:104BB000DD4A0300B70A0300E54A0300F34A030095
:104BC000B70A0300064B0300114B03001F4B030001
:104BD000234B0300334B030063350300434B0300B7
:104BE000474B0300524B03005C4B0300664B030032
:104BF0006A4B0300784B03008C4B0300A24B03006D
:104C00006009000000800000000000000000004378
:104C10003A2F55736572732F4D61696E2F53696D0D
:104C2000706C696369747953747564696F2F534448
:104C30004B732F6765636B6F5F73646B2F70726F5D
:104C4000746F636F6C2F7A69676265652F73746127
:104C5000636B2F73656375726974792F7A69676204
:104C600065652D73656375726974792D6D616E610B
:104C70006765722D6E6F2D7661756C742E63000002
:104C800000666E692B00666E69006E616E00666E6E
:104C9000692D000000000000000000000000F03F4F
:104CA0000000000000002440000000000000594007
:104CB0000000000000408F40000000000088C3405A
:104CC00000000000006AF8400000000080842E41CF
:104CD00000000000D01263410000000084D797411B
:104CE0000000000065CDCD4102020300000000007D
:104CF0000000000048010000F0250020000002082C
:104D000000000000FFFFFFFFFFFFFFFFFFFFFFFFAF
:104D10000000000000000000000000000000000093
:104D200000000000000000005241494C000000005B
:104D3000A00000007D000100500000005D010100A6
:104D4000FA04FA000033330A0A0A030404080808C4
:104D500008080840002100000000000000000000DA
:104D6000000000010000010100010101000000003D
:104D7000000000009E07000048700C0E4470980D63
:104D80003070DC123C70DC163870F40D34701A0E82
:104D900030706A0F2C706A0F2870541124706C11D7
:104DA0002070FE0D1C70F81118706A121470FA0D44
:104DB000B110076001D80A7108B87F78020C7E78BC
:104DC000641000C6A01F00218CB8707801B007687D
:104DD0000F305CB30F330111C048069846022FB064
:104DE00006D80C7109DD087100B853A809BB111071
:104DF000076801682148076004100112FF32215042
:104E000007605148076000880698861300C43C1F5D
:104E1000002103DD087214BA281400A000BA03DFD1
:104E2000107109DF06720298E8058CB8507800A06E
:104E30004413281441158110076002D8147110889A
:104E40000698F81B00C00C7008400698521E00918E
:104E500006985C020060B83020D8067190BC637C74
:104E6000084D5412F03240DE0472404804DB0872F0
:104E70000DDD0C72044BEF30144806989E0700C4F9
:104E8000E01008404412076201322140084C287C9F
:104E9000811140D91C72B1123032CF4A013AB1DAD5
:104EA000107208D8067104D80871B04C237C3E708B
:104EB000684C4412FF328722047580B8D84C81D8E0
:104EC000307140D90472237C084B06989E0704BABF
:104ED00088B9767900C1186008403579E0490079D1
:104EE00006B904A901D86C72BC4C307C02982E0221
:104EF00008D83C7100C14C000840141110D9307121
:104F0000104C00C11400084014111814076100C5AA
:104F1000206008405415FF35047110491814A84C3E
:104F2000441207620132067102981201B84C08D887
:104F30000C7107BA24D8047106BA187004D80C7121
:104F400001BA40D80E7102BA0A7005BA20D80472AC
:104F500003BA604C4411404C1814076118149111A5
:104F6000383111429111076910D90472EF3200C132
:104F70000060084014111031016911422814A11178
:104F8000076118140698381E181400C10060084004
:104F900014110769FF31181400C13C300840141186
:104FA00018140761181430880248069848060093C0
:104FB00008DB047101F800A05CB00F3000A010887D
:104FC000B111076980D90A7100C180000840081139
:104FD000009100A000C400010840441000A000C0DF
:104FE00020300E40041104101050F47200A054152B
:104FF000504512710698A8070698380718B87078B7
:1050000000B8417806983C0390BA5B7A5C7A5D7A86
:1050100000C218500840241200C14C1F0021281162
:105020000698021C2088008800C5401F00215415E6
:105030005112FF350762FF32069866020159512965
:10504000047511590090212920750698FA040698D4
:105050002A050698F602009203D80C7281110761A6
:1050600002D90472FF0FBA7018B8727800F804D829
:1050700042710088308800C0FC1F0021041000C16C
:105080004C1F00211412012A215A00C31850084055
:105090003413312A1A7500C000600840041007302C
:1050A000FE200C76381108B87F78020C7E780093C9
:1050B000009000A000C0F41F0021041000BB1DB42C
:1050C00000A000C1DC1F002114111088FF3100C5B1
:1050D000FFFF0000311207620762513A513B0E7226
:1050E0000698140D1159011201131E703114008815
:1050F00031100698140D1159415C41280698160D7F
:10510000513801130090012B009020880760011492
:105110000760FF30215D411207620762312D08767A
:10512000FF34415C4128015D31100698160DFF30B7
:105130003088011300C0E01F00210410512B0C76B1
:10514000076801150768FF356070315BFF32212B5E
:105150000C75076001150760FF354E7000C5E41F30
:1051600000215415076507655112FF35FF30012BEB
:10517000087521100760327021100768FF30012B7D
:105180000A75211007600760207000C2E81F002127
:105190002412211007600760FF30012B08752110D1
:1051A0000768067021100760FF300093009200C16D
:1051B0000060084014142C490734FE242A76141584
:1051C000F0BC076C513C076803680154107100C4BF
:1051D000FF0FFFFF513C01444811311200C5E81F89
:1051E00000215415FF350762076221435449141208
:1051F0002155FF355152281100A000DF067201131E
:1052000014703111312B112B016300C1FF07000015
:10521000113B012B00C278FEFFFF05B86EBD312A9D
:10522000207505B8C8BDE8221875DCBD06B8DC22BB
:10523000107507B8F0220A7508B8E822047509B895
:1052400000C10060084014122C490732FE22167675
:105250000768036800C2FF0FFFFF1414213C0144DC
:10526000481150BD544914122155FF35515228118F
:1052700000A001D82C71008800C004700840041000
:105280008020FF301A7100C1B01E00211411076187
:1052900020D9087106988204067006984A03009087
:1052A00000A002D8047200A00088069838071DB438
:1052B00028B9112C408800C3EC1F0021341440444D
:1052C0005A7144130698A805411500C000600840B3
:1052D00004100730FD20447500C2087008402410F7
:1052E0000760FF3080DC34710698500D01591C4A6C
:1052F000241007600260FF300698500D0158B2205C
:105300000129541331100698500D11280A750425EF
:1053100054155045EE720698A8050094009000A020
:105320007FB9066100C01C60084006988C13041504
:105330005153113B3155581002988613EBBD00C0F4
:105340003C1F00210411113D10D91271FF33076B6E
:1053500000C190400846381118B97479581000A05F
:1053600006985C028024E4240D300472044800C1D5
:105370001C510840141100C3D81E0021911504359A
:105380001A72181388BB08D804716C7B04D8047196
:105390006A7B8CBB2F7C5B7B1670044B181388BB1D
:1053A00008D804716F7B04D804716D7B217C0C30AC
:1053B00001600698240706980A0C0698D40700B8DE
:1053C000B111076940D906720298080701BC00C2F2
:1053D0000060084000DC0A7124150165604A0A700B
:1053E0001C4A241507657C4A043508D920712024FD
:1053F000512A241200C180000840320C2811076293
:1054000028110762281107622811500C00C1341FAF
:105410000021141200DC347120D8067101B80C7020
:10542000F0DA0C720CDB087102B806982C074824DD
:1054300000C3306108403413076380DB0E7102B98A
:10544000911308DB047203B906700C49141100C3F0
:1054500080000840FFB80120114108710141181374
:105460000824014200C12000084014110141036DCD
:10547000514191152035016D5141181328134813DE
:1054800000C37C000840341003D80C71073005DCE1
:105490000671084B227B8CB8507800B800C1341FCD
:1054A0000021141203682150F0300152281100A08D
:1054B0004024066400C0FFFF0100013C1DB0022033
:1054C0000158402806751EAC01EC00A0208800C0E1
:1054D0001850084004121DB4211304123052F87100
:1054E000066C402400C3741F002134101411069868
:1054F000800D0669009211592129067600BB1159C9
:105500000698380D80B80158013A0662313B0472A2
:10551000215A412A00A000C200010840317A00A0AF
:10552000308880B9076900C30000C0FF31103128FE
:1055300000BC002D0C7511541EAC01EC312DF47023
:10554000066C51134155312C009300A000C0284037
:105550000E400413315107610C31076911533810A3
:1055600000A00698EC0800C0F41F00210411069862
:10557000D407217A237A00C300001000069814088B
:1055800000C0541F00211DB1181000A000C0501F02
:1055900000211DB1181000C09C1F00210410002D17
:1055A000067500B826A80698A80700C09C1F002111
:1055B0000410012C06750698380728B010B9115947
:1055C00011380EB9114028A880B800C144300840F5
:1055D000081100C1F01F00211410303B0671076054
:1055E000076000C40830084044111150FF300151D9
:1055F00018146FB8076826A8217A050C21102048D6
:10560000267800C063EF0000314026A8050C20EC8E
:10561000B11140D90872247A20EC217A184826A8C2
:1056200028B00AB901510F31115028A8050C207A71
:1056300020EC0F0C98B8467841780698660200C2B4
:10564000401F002124100151FF311150081200A009
:105650000698EC0800B826A800C0581F00211DB10C
:10566000181000A030B840780DB101D9FC72427812
:1056700000C074300E4004114CBA407A181014481F
:1056800004115C7A1810A4BB707B4E7B4F7B00C268
:105690000430084000A00698EC08217A227A00BB6A
:1056A0000698140800C0641F00211DB11810A4BB87
:1056B00000C040300E400411033101492872B1127C
:1056C000076207623048041121510F3118726E7B56
:1056D0006F7B104804114CBA7C7A181014480411DE
:1056E000607A1810B11002D81071707B30B86278EF
:1056F00060780DB001D8FC7100C0F860084004115A
:1057000001D90C7100C01800084002B9181008B87F
:105710006E780EB84EB110D90C723EA8140C0FB8AA
:105720003EA8107044A8140C01B800C1AC300E4063
:10573000081100C077801F003DB201423DAA00C0A1
:10574000FFFFFFFC013A3DAA140C00C077E01F00E8
:1057500001423DAAFFB845207D7808B87E7800C197
:1057600024600840141107610631087100B90698D9
:10577000D21006988C13B11101D90E7106985E1ED5
:1057800002D906720698500C069886135114069892
:105790003807F4B845780A0C00C0601F00211DB11D
:1057A00018100298AC10FFB845205D7803B8076068
:1057B00044A83EA800C1AC300E40081110B80768DC
:1057C0003DB101393DA908B86F7800A046A800C0D6
:1057D000FFFF0000013B076356AB94BA437A01D93F
:1057E0001471013C47B300C0FE20FFFF013B314470
:1057F00047AC637AFFB82120407802D90471607801
:1058000000A0C8BC066C415C512C06750698380790
:1058100006982E0EB110076805D8347140BA069864
:105820005C1308B86578911004D8187188B86E7840
:10583000577800C06400084021780698FA100140AB
:105840000A728CB84278069898130298E20B08B84E
:105850006C7820B859785B7800C0F44008407878BC
:10586000797800C1C81F0021141040A818491413EA
:105870000449408814140C4914118112076A006A03
:1058800001DA187188B8577800C0CC1F00210410C5
:10589000016107630763076407640698540A00946C
:1058A0004EB010D842724DB161B80158113840B1B4
:1058B00002D90A72604804BB41540870204802BBF8
:1058C00002BC4DA8F8B87078190C3EB141413EA910
:1058D000F4B973797378717800C4F840084000C255
:1058E00000410840227000C20000010044AA230CBD
:1058F00000C200000B0044AA00C41041084000C2CE
:105900001841084004BB587C050C597C0C240F0C32
:105910002FAB050CB11008D81471647A657A1CB8E5
:1059200079787B7820B879787B78607CF42441138F
:1059300006989E0751144044067506983807727BF6
:10594000FFB84D20050C687840EC00C05C1F0021BA
:105950001DB11810911004D8147100C0B01E0021A0
:10596000041080D806711CB8737800F818B800C10C
:10597000D41E002100C21850084024122811777844
:1059800000F800C0B860084004110761076180D9C1
:10599000047240EC00C4F84008404EB010D80471C6
:1059A000182441130C23527C407B11512FA9050C64
:1059B000797C0A0C00C0000001020814787C050CF8
:1059C000507C08B86D7800A000C028700840041111
:1059D000108800C1001800401810444804111088B5
:1059E00078480411108800884CBA757A18103DB1B7
:1059F0001088F4B842784420727828487378F8B850
:105A000073784FB200C4FFFF8080413A4FAA01BCB7
:105A100001644113076300C06C70084003B918109B
:105A20000110011001B9181001100110011001102E
:105A300068480411076101B80160003A0471044923
:105A400004D9047241520760003A0471084908D928
:105A5000047231520460003B0E72006300643142F4
:105A600041424FAAB2704FAAF8B853781820537821
:105A70002848527800913DA900900091181000919B
:105A80007848181000914448181000A0115910D9F6
:105A900006710760076008D90471076004D90471B2
:105AA000036002D90471016001D90471006000A093
:105AB00000BA01D806710148112A0069006001D8B6
:105AC000F6720138F67200A08020FF30FF48812076
:105AD00000A002EC00CA02EC00C8076A014202EC16
:105AE00000C8076A014202EC00C8076A014200A030
:105AF00000C21850084024121159212912730021A4
:105B00000E7100C23050084024120121212900A04A
:105B10000698EC0888B8577800C57C1F002150888B
:105B2000044D88BC00C0BC1E0021811101D91E712A
:105B3000407C009501157C4D5088044DFFBB076BE0
:105B4000315B04110698780D3129F87506984C1DC3
:105B5000541506985E1E01D9087206981E09067033
:105B60000698800988BB547B009500F806982E0A99
:105B70000E7006980A0C06982E0A0698D8110698F8
:105B8000D8089112211900C0246008400A780978C9
:105B900000F810B901BA069852130698AC1000C567
:105BA0007C1F002100F89112033288B900C3B01E97
:105BB0000021341300C4A81008408CB842787079D2
:105BC00003DE067144786E707179A11020D80671D9
:105BD0000298760F80DB507102D84C7205B830887D
:105BE0000763076302DB2A7100C3AC00084034136B
:105BF000066380DB0472804800C310200840341321
:105C0000315B04724048312831280260081407686B
:105C100000930814A11010300248081400B80814AA
:105C20009110076008148CB86278A11000DC067629
:105C3000517900BA80DB3A7100C000000200003BDD
:105C4000307150884110344803DE047190480415C7
:105C500008200411F82058101C20217800C0A4004E
:105C600008400E7810D904722E780698A216009576
:105C7000911120310269911004D80E7200C1481FA1
:105C80000021141101D90A7120880698D2100092BF
:105C900000C1180008400533054B1872184C03DE8C
:105CA0000471904C441400C3FF1F0000413BFF23CC
:105CB0003811B84900C3306108403413076380DBF2
:105CC0000E7103BA076A06985E0F00BA0870076A79
:105CD00006985E0F044908790979141021400811CB
:105CE00000A000BD0698400210B903DC047100B9A1
:105CF00001BA0698521302D9067100404E7201B1E2
:105D000007690F310698FA10FFD82872811008D859
:105D1000187106DD0A710698400203DC0C720698C1
:105D20004011069898130C7006DD10710698461104
:105D3000487020B802A806DD107206982E0A069850
:105D4000D80801F840B802A800F800C0B01E002131
:105D50000413076301DB22719110011107691138E7
:105D60008CB910D8087144790298760F02DBFA7268
:105D7000A11328DBF47203BD0698A01006982E0A22
:105D80008CBA7F7A06989E0700C5801F002106986E
:105D9000400200BA03DC4A72044DA11002D804711B
:105DA0000C4D00C0140008400410026800C3701FAE
:105DB00000213411112800C130610840141107611D
:105DC00080D90C71911108D90671FC230C4DFC236C
:105DD00034110698380D00C10C510840069854073C
:105DE0005415212D00C0F8600840041101D922711A
:105DF00000C0381F00210410033001DC147200C001
:105E0000140008400411FB21087607BA076A212D07
:105E10000698EA0702988A0A9110015503355150F5
:105E2000011900A000C1441F0021141001D84271C3
:105E300001480760FE200E75811020D8087100C14E
:105E4000481F0021141101D9287100C024600840A6
:105E50000412215107610F3107691152281000C047
:105E60000060084004119112215120311152211972
:105E700000A0811380DB067201B800A000C30C50A3
:105E800008403410063030727C4B34122C4B3410E6
:105E90000760076040302072811080D8DC713410B8
:105EA000014A07620360803021508C480A717F23C9
:105EB00055233410013000A000BD0698A01088B80A
:105EC00047784578437800B8447800A006982E0AB1
:105ED0000698401100C58C1F002154150698EA074A
:105EE00002988A0A00C374000840027B06988C134B
:105EF00050BA06985C130698FA10FFD84A719110B0
:105F000004D84872811007601CD8407220D93872BA
:105F10001112FF322151347180218021111400C0EF
:105F2000E01E00210413FFBA3151113A21511153DF
:105F30008CB938107B7940440E7200B900C2B81E8B
:105F400000211812067008B860780698861300F8C9
:105F500000B900C29C1008401812244A0AB918124D
:105F600088BA507A517A577A8CB942795F7900A011
:105F70000698400207DC1072911000200A750698FE
:105F8000D8110298260E0698D80801B9911004D8A5
:105F9000047100B910BA0698521300BA00402A7171
:105FA00000C0B01E00210411076101D9127104D98B
:105FB000E2728110076001D8DA718CB8647800C190
:105FC0001C510840069854070698D81100C5901F28
:105FD00000215415212D06981E0900C5941F00218B
:105FE00000F800BC811108D9167280D9207201B95D
:105FF00010BA0698521300400E7101BC107006983A
:1060000040110698981320B802A800F80698D811F5
:1060100081110231127100B900C20C10084018122F
:10602000244A02B918120698401100C5981F002191
:1060300054150698D61D02988A0A0411012114717C
:1060400088BA737A04200412281104200411012153
:10605000F47200A006989E0701F8911010D83471D0
:1060600006983C030698FA0406982A0500C51C51B8
:10607000084054110698780D00C5D01E0021541513
:106080005129E27518B876788CB8447801B802A81E
:1060900000F8B110076810D82E7100C048100840F1
:1060A00000C3000008403114884C441134110761CA
:1060B00001D9FA71441228100762281007622810CB
:1060C00007622810E8700298760206985C02113880
:1060D0000472016A00BB00C1E01E002114112039C6
:1060E0000C72911210DA0672417B00A006988C1394
:1060F00000C2B01E0021241220DA0472617B88BA2B
:10610000527A00A088BA727A811204DAFC7200A076
:1061100088B86B78577800C0640008402F7800A0DA
:106120000698E6100763076390B9637900B902DB4C
:10613000227102EC00C909B801D9507200C2AC004A
:1061400008400E7A10D904722E7A0698A216E03111
:10615000076102EC00CD114502EC00CC01DB0871B7
:1061600000BB0298001803B841110731FA211C76D0
:106170000621911210DA087102DD10721E7020B82B
:106180000698140D3038147208B80698240700C019
:10619000240008402978207800F8046020D806718F
:1061A00002985A1502EC00CA05B823DA187104DB0C
:1061B000DA7120DAD67110DAD27290B8617800B84C
:1061C00001DA067202EC00C8911110D9267100C1E3
:1061D000C01E002114111150FF300C720661A11075
:1061E000115002300A7180DB0A720AB89E708CB9B5
:1061F0007C790768911111402111C03111400119BA
:1062000090B8411108D90471667820D90472657874
:10621000A11002D80672C0DA1E7190B8273123DDB2
:10622000087210DB1072607825DD0A7121DD0872BA
:1062300008DB0471627803B8411107310872A115B7
:106240002035AA7102DD3272A11120D9A07102D9C4
:106250002872CCDA9872411140D9927206B802DBEA
:106260001071046500C1102008401411112D112D6A
:10627000054D5C720298E81321114049C0D94E7156
:10628000A03141154035016551410361076308DACA
:106290001E7204DA38721049A1150235067110DB3E
:1062A0000E7201340A7108DB247190B86778CC3221
:1062B00011101A300ADC0872CCDE0471FD3100C006
:1062C0000D0F0C0D0698160D01D8607207B80298D4
:1062D000121400BA411108D90C7102EC00CA05B8B9
:1062E00030DAEC720734F031026101DA04710149ED
:1062F00000C0F300A3E30698160D01D8D07100C0CA
:10630000981440680698160D4030014440DA047134
:10631000204C04320162204A11100630006801420C
:1063200018310269114202983014204A00C0051742
:1063300008500698160D113001422088FFBB0DDA77
:10634000507100C1DE1B250180BC04DA107208DA2E
:106350000A7200C120841000E024A0240763414396
:10636000016401DA06711E49024B00C0281F00219A
:1063700007633810BC2002DA127101B91159A11358
:1063800080DB087100C100FCFF01181002988C1717
:1063900000C4B01E0021441080D87C710092D0DA75
:1063A00006710DDA0C7190BD437DEFBD0698C605F0
:1063B00003620DDA8672A11105D95C7100C2381032
:1063C000084024120C24281401D9067202D9327113
:1063D00040D91E7102EC00CA211018320471FA2251
:1063E00020D804720822FE22087502EC00C8F8705A
:1063F00001D90E7102EC00C802D9067204DC1872D1
:1064000000C0B01E00210410026801D8067190B8C7
:10641000647818B873780298001800C50020084006
:1064200000C00417000008D904720A480815104D6E
:1064300000B808D90472FF200815084D00C0088470
:10644000000008D9087200C02083B8ED0815104D6F
:10645000207D00A000B8011A00C074000840027836
:1064600091101030011905BA06985C1302D9067113
:1064700001B802A800C0B01E0021041380DB067121
:106480000298A81340DB0671029840198CBA7C7AF6
:1064900001DB6C7100C22C1F002124111114FF3488
:1064A00002EC00C8FF24FA7607610698240D036108
:1064B00011380F3003611114011141100698240D99
:1064C00001D8087203B8029812141C4A02DB247126
:1064D0002410112811280412023006710762076285
:1064E00000C0FFFF0000213800C218000840FF2054
:1064F0000812411007600698240D01D87C7120BC59
:106500001033767100BB00C1281F00211415C02173
:10651000112C5112076A0F320E71408851140698DF
:1065200056184143009451120765036A0F320E71E9
:106530004111511406985618036C41430765513BAD
:1065400000C1E41E00211411111231100F3012711C
:1065500000BA046101D80471114200600FD8F472CE
:10656000311002601E30047201B8003A087204B89B
:10657000029812140298181600C1306108401411D4
:10658000076180D91A7102EC1DB002EC1DB10158EF
:106590001128A0B91159112806758CBA637A00C068
:1065A000341F002104110F3103DD1A7200C0006096
:1065B0000840041007D80E7200C01040084004B90B
:1065C000181000F80698E6100698C40500F8308800
:1065D0005088FF34087102ECFF24F87002EC00CD03
:1065E000141001BB5150FFD8047131440760006B97
:1065F00010DBF2710421FF22E4720F4C009500932E
:1066000000A000C01860084004100560073000A01A
:106610000CB802983C1902EC00CAFFBC80BD069879
:106620008A180448187202EC00C92115F03500657B
:106630000F32076A114200C4FF0F000000C1C01EE4
:106640000021141031110113413B02EC10D90871E3
:10665000211400CA2C70305206714052B4722114B9
:1066600007600760FF3055DC187100CA00521271D4
:106670000ADE0E714ADE0A7155DE067130529272E0
:1066800000C1C41E002110880698381E073111452C
:1066900007650765414500C30C7008403413076364
:1066A000FF3307633145009158110849281118B884
:1066B00075780BB8029812140763076302EC00CADE
:1066C00002DB127155DE067202989E1854DE0672C5
:1066D00002989E1801DB127106985E0D06985A0DFD
:1066E00002EC00CA0298001800C1BC1E002114145C
:1066F0007C4906985E0D40522E7204DBE07190B822
:10670000637806988A1804486E7200BA06985E0D7F
:106710002113141000C1FF0F0000113A10525471E0
:106720000152113A067104B88C7000BA06985E0DD9
:106730002111FF3207611114911010D82271073115
:1067400003DD1C7200C1C81E00211411FF3111525B
:1067500006710AB8D4708CB97C790298001841107F
:10676000813081DC0E72076A034A076A0F4A069875
:106770001A1B029800181410FFBC013C0698C01B9D
:1067800002EC00CA02EC00C902EC00CB076A3142FD
:10679000076A21410F3302EC00CD02EC00CA004031
:1067A0000872211302EC00CA07621142911110D93C
:1067B0002A7121110F3103DD227200C1C81E002190
:1067C0001411FF31076A00230C71115308710AB8C4
:1067D0000298B0198CB97C79147021110F31076AB5
:1067E00002DD5A7101DD067103DD4A7200880AB9C3
:1067F0000698041B00902111FF32FFDE38712054EF
:106800003872FC25187202EC00CA01DE107202EC2C
:1068100000CA18DE087288B877781A7006610040DE
:106820000472006180D90E714CBA477A06985C1BDD
:1068300090B843780298001804B89670FF32FF248D
:10684000F8750BB90698041B2110E0300158412857
:10685000E875F83002601F32215A0125212DDA75C2
:10686000012AD67602EC00CAFF20FA7641110731E0
:1068700001B80698140D003AC071BA700040087152
:106880000698941B0470022106B81159112DAC759D
:1068900000A000C5A81008403110036008150111C0
:1068A0000760076007690F30F03111400815076372
:1068B00003633815281507622815076228157FBA63
:1068C000281500BA28157FBA281590B8437818B84B
:1068D000737800A00698D01B11140CB900400A71FF
:1068E00000640AB90698941B03BD514400C5A81062
:1068F0000840202A047528154815076448151815FE
:106900000040047238150764481500A000884088CC
:1069100000C0C81E002104100760073000C420001A
:1069200008404414412C0472012441384050047240
:1069300001210094009000A000C0C81E0021041096
:1069400007600730074800A000C2C01E00212412C3
:106950002114076AFF320CDE12710DDE0E710FDE9C
:106960000A7110DE0671215A00A0FF34411200A006
:1069700000C1B41E0021141100A0308806980E1E1C
:106980008111076102D906720298EA1C88BB557B07
:10699000076120D906710298DA1C0088A1100768E7
:1069A0000698F81B08211415FC2590BB5C7B5D7BC9
:1069B00000C10060084014110731FE21307608D86C
:1069C0002A725113FC23341304DB2071076BFF334D
:1069D000315B00C1087008401411076180490C71D7
:1069E000FF313029607590BB7B7B1C707B7B7C7B8F
:1069F00000DD04717D7B01BB38158113076B4033CB
:106A0000067118BB717BEC25541300DF547104250B
:106A100005DF54715415211120880698780D0092D5
:106A200051293E7500C100600840141102DB0C7151
:106A30000731315B31292A760C7004DF087200615E
:106A400080D91E720698F81B00C00870084006988E
:106A5000521E0698F81B1411FFD960720298301D5F
:106A60000090009300A05415A111076910D9A672D7
:106A7000082508D8A071082510D89A7120882111FE
:106A80000698780DFC255412112AF82554110C256E
:106A900020D80871F0255411102520290476215999
:106AA0001815009202989C1C18B97179811010D8A1
:106AB0000A7188B8447800B8417888B9747908B9FF
:106AC000677900F88110A0D8087188B9497900A0C9
:106AD000076002D8FA710698F81B108806988C1384
:106AE0000762076210DA087108211415F0255411A5
:106AF00000C20020FEFF2029127506985E1E01D9F3
:106B00000A7206982E0A0698D80800941CBB4110F9
:106B10000C200698C2124111082114100698C212C6
:106B20003128441111120761FF31FF320122105246
:106B300010720769181404244413042438140C70C8
:106B40000769214118140824081402988613404448
:106B5000147100C1B81E002114155113036B0FDB13
:106B60000C72066D0698A807411500A00698D80873
:106B700006988C1308BB51140698961D4415FC25E5
:106B800054150298EA0788B900C3B01E00213413D7
:106B9000076308DB1A718113A0DB06714979107055
:106BA0006979076302DB087208B9677900F800A009
:106BB0008111076102D9107188B975790698F81B9F
:106BC0001411FF3100A0FFB900A004100821141116
:106BD000F421081100A081110761076110310E71C5
:106BE0000698F81B08211411F821141100A00000C8
:106BF000AD3E0100653E0100713E0100453F0100D0
:106C00000BA00200C3A30200C7A30200D3A302008B
:106C1000CBA30200CFA302001C6C0300DC6C0300BA
:106C200000000000346C03000100000000000000C0
:106C300000F04902586C03004063598F404B4C00F0
:106C40000B000B001A00FF7F342200200000000020
:106C50000000000000000000F81F0101A86E030002
:106C6000DC1F04010200620609C8056E0704DC0689
:106C700050070607F41F010101000000FC1F01017D
:106C80000000000020600100237000002C60020062
:106C90000050010F40B80040786001005063820B43
:106CA000E8600100590B00001470011000F80700A3
:106CB00014700130F500000018700110FF00000092
:106CC000187001300018000070700300030101000B
:106CD0000F9C030006E04900FFFFFFFFF01F0101CA
:106CE0003F00370004000200018014007F00000014
:106CF000180002000000000000000000280007004B
:106D00000000000000000000000000000000000083
:106D10000000000000000000A00700004800010083
:106D2000000000005400020000000000000000000D
:106D3000A000040000400000FF4C000000410000E3
:106D4000FF4D00000020010004070000102001009A
:106D50000000000018200100088400000830010035
:106D600013AC000130300200244910000100000083
:106D70004030010000000000A04001007A27000F11
:106D8000B840010000C0A300F44001002010000042
:106D90003441020080080000E68700004041020004
:106DA0006D008800C0E6524D604104000000000004
:106DB0000000000006000000060000001460030050
:106DC0001000000020F913040B0072002460020080
:106DD000008000000000000350600600FC00690015
:106DE0004108000001000000B0070700700A000021
:106DF000000000007C600B009BC34A74F00300009D
:106E000003800000BE0A00000101103050707F7F37
:106E10000000000000000000000000000000000072
:106E200000000000E46001008000D78BEC600500EA
:106E3000640483078813C83A9C2006000061200080
:106E4000B756852004610300383E12002030000050
:106E500088BB000020610100001E000030610800B6
:106E6000E853FA00000000000000000000000000ED
:106E70000000000000000000000000000100000011
:106E80001C70050060000505030050AB8200000087
:106E900000008001D5000000487002003C3D000069
:106EA000BC190000FFFFFFFF10000000D7540300D3
:106EB00000000000006F0300F86E030000000000F7
:106EC000001A9A00005A620280841E00042000000A
:106ED0002449000200000000000000000000000043
:106EE0000000000000000000D1841E00000000002F
:106EF0000000000000000000ED170000000000008E
:106F0000193F0106041001000001010600102700CE
:106F1000000900000000000000006C6F7765722D12
:106F20006D61632D7261696C2D3830322E31352ED2
:106F3000342E63006C69627261696C2E610000011D
:106F40000304756E636C61696D65640062756666E5
:106F500065722D6D616E6167656D656E742E63007F
:106F60006C65676163792D7061636B65742D627503
:106F7000666665722E63006576656E742D71756543
:106F800075652E6300000700100008001A00060057
:106F900011000200110004000400010004000900B7
:106FA00008000A000A000B000200000000000000B8
:106FB0008971030039710300000000008A71030029
:106FC0007F4C030000000000094C03000B4C030041
:106FD000000000000D4C0300117103008F710300CD
:106FE000804C03000A4C0300000000000E4C03001C
:106FF00004700300064C0300084C03000C4C030013
:10700000074C0300000203040508090A0B000102F3
:107010000304051D2000000007050100AA00000070
:10702000A5C50200E1730100D59F0100853802006B
:10703000E5A201000FAF020011AF020015AF020080
:1070400017AF020013AF02006102020075DC0100FD
:10705000751D02009D7101003D92010009AF020003
:1070600011DF01000BAF0200798801000DAF0200B3
:10707000FD8D0200C5320200A16C0200000000007C
:107080007A69676265652D75707065722D6D6163D3
:107090002E63006E65696768626F722E63006173AC
:1070A000736F63696174696F6E2E63000013000073
:1070B0000000000000000000010000008DE201005F
:1070C00002000000CDBF020003000000E5E1010066
:1070D0000400000047BF02000500000085E1010038
:1070E00000000000000000000023001B2200FF0041
:1070F000000000000C090202000000001C1A0B0333
:1071000003FF06080402020204020A0B030302033F
:107110000480FF0204FF01010101080000000000DB
:107120000000003138323173005A696742656541A9
:107130006C6C69616E636530398031313131003199
:107140003432323100313231003273003132323177
:1071500031320031323231310032383100383131A0
:107160000031383231310031323131313231323265
:10717000323173003132320031323131323231004A
:1071800032323800008F8E8C80808006080C108090
:107190006D61632D6D756C74692D6E6574776F729A
:1071A0006B2E6300FFFFFFFFFFFFFFFFFFFF0020CD
:1071B00020202020202020202828282828202020A7
:1071C0002020202020202020202020202020208857
:1071D00010101010101010101010101010101004BB
:1071E000040404040404040404101010101010100B
:1071F00041414141414101010101010101010101FF
:107200000101010101010101010110101010101014
:1072100042424242424202020202020202020202CE
:1072200002020202020202020202101010102000EA
:10723000000000000000000000000000000000004E
:10724000000000000000000000000000000000003E
:10725000000000000000000000000000000000002E
:10726000000000000000000000000000000000001E
:10727000000000000000000000000000000000000E
:1072800000000000000000000000000000000000FE
:1072900000000000000000000000000000000000EE
:1072A00000000000000000000000000000000000DE
:0872B0001897FC7F01000000AB
:0C72B800C4720300982000203E0100007A
:1072C40019FCFFFF19FCFFFF3E000000EE00000068
:1072D400D00700000000000000000000D0F402000D
:1072E4006833002000000000000000007006030066
:1072F40088060300AC050300B70A0300FE00000083
:10730400C0EA2101C0EA21010080000000F0490226
:10731400EC2000200070070000900000A43700203B
:10732400C8000000FE000000000000007C0703000D
:1073340090250020C0EA2101DC170300330000007F
:1073440039950000562C03005A2C0300672C0300C7
:10735400742C0300812C03008E2C0300A12C030049
:10736400B32C0300C02C0300CD2C0300DA2C030043
:10737400EF2C0300022D0300142D0300292D03001C
:10738400382D0300492D0300582D0300682D0300F8
:10739400742D0300812D0300912D0300A32D030000
:1073A400B22D0300C12D0300CA2D0300DF2D0300FD
:1073B400F42D0300092E0300292E0300372E0300A9
:1073C400562E0300712E0300842E0300912E030019
:1073D400A62E0300B52E0300C42E0300D62E0300F0
:1073E400E82E0300FB2E03000E2F03000000000014
:1073F4000F0000000030E70400C81803B73403008E
:10740400BC340300E734030015350300433503009F
:1074140070350300A0350300D03503002036030087
:10742400005C2605BB9A0200F04C0300FFFFFFFF3F
:10743400839D02007F9D0200FFFFFFFFB514010042
:10744400FFFFFFFFFFFFFFFFFFFFFFFFFFFFFFFF48
:10745400FFFFFFFF3D9F0200B3A30200FFFFFFFFFA
:10746400000000006400000020A1070000000000EC
:107474009D5C010000000000865A0020000000000E
:1074840090510020195A010025860100B70A030013
:1074940000000000000000000000000000000000E8
:1074A400905100207567010000000000B70A030036
:1074B40000000000000000000000000000000000C8
:1074C4009DA902009051002005720100258601004B
:1074D400B70A0300000000000000000000000000E4
:1074E4000000000090510020ED7A01002586010083
:1074F400B70A0300000000000000000000000000C4
:1075040000000000426F0300905100202D970100FD
:1075140000000000B70A03000000000000000000A3
:10752400000000000000000090510020899E01002E
:1075340000000000B70A0300000000000000000083
:107544000000000000000000905100205DAE01002A
:1075540000000000B70A0300000000000000000063
:107564000000000000000000B80B00009051002053
:1075740065B2010000000000B70A0300000000002B
:1075840000000000000000000000000090510020F6
:1075940085BB010000000000B70A030000000000E2
:1075A40000000000000000000000000090510020D6
:1075B400EDBC010000000000B70A03000000000059
:1075C40000000000000000000000000090510020B6
:1075D40075B5020000000000B70A030000000000B7
:1075E4000000000000000000000000009051002096
:1075F40009C0010000000000B70A030000000000F9
:107604000000000000000000000000009051002075
:1076140069C4010000000000B70A03000000000074
:107624000000000000000000000000009051002055
:10763400F1C1020000000000B70A030000000000CE
:107644000000000000000000000000009051002035
:10765400251D020000000000B70A0300000000001E
:107664000000000000000000000000009051002015
:107674001139020000000000B70A030000000000F6
:10768400000000000000000000000000682400204A
:1076940000000000D45100203C520020A4520020DD
:1076A40000000000000000000000000000000000D6
:1076B40000000000000000000000000000000000C6
:1076C40000000000000000000000000000000000B6
:1076D400000000000000000000000000FFFFFFFFAA
:1076E400FFFFCEFAEFBEFDFF2C01001E2C01400669
:1076F400FFFF0E000000000004F8FFFFFDFF2C0157
:107704009C000000FFFFFDFFFFFFFFFF60EA800019
:10771400800010C1CDAB00004000EEEEFFFFEEEEA6
:10772400EEEE010504010101FFFFFFFFFFFFFFFF74
:10773400FFFFFFFFFFFFFFFFFFFFFFFFFFFFFFFF55
:10774400FFFFFFFFFFFFFFFF0101FFFF0201FF0F2C
:107754000208031E06050216010A0C050A07051095
:1077640010010F08010101040301FF0EFE01FF7F58
:107774000150403000FFFFFF0B03FF64FF01FF05D2
:107784000B01030105020201FFFFFFFFFFFFFFFFE3
:10779400010102FFFFFF000030BF4223013BFDD186
:1077A400024A5368DB00FCD4704700BF00300E402F
:0877B400A50900007D09000099
:0400000300001F4D8D
:00000001FF
